0 2
0 3
1 2
1 3
2 3
60 3
61 3
4 6
4 7
5 6
5 7
6 7
0 6
1 6
56 7
57 7
8 10
8 11
9 10
9 11
10 11
4 10
5 10
52 11
53 11
12 14
12 15
13 14
13 15
14 15
8 14
9 14
48 15
49 15
16 18
16 19
17 18
17 19
18 19
12 18
13 18
44 19
45 19
20 22
20 23
21 22
21 23
22 23
16 22
17 22
40 23
41 23
24 26
24 27
25 26
25 27
26 27
20 26
21 26
36 27
37 27
28 30
28 31
29 30
29 31
30 31
24 30
25 30
32 31
33 31
32 34
32 35
33 34
33 35
34 35
92 34
93 34
36 38
36 39
37 38
37 39
38 39
88 38
89 38
32 39
33 39
40 42
40 43
41 42
41 43
42 43
84 42
85 42
36 43
37 43
44 46
44 47
45 46
45 47
46 47
80 46
81 46
40 47
41 47
48 50
48 51
49 50
49 51
50 51
76 50
77 50
44 51
45 51
52 54
52 55
53 54
53 55
54 55
72 54
73 54
48 55
49 55
56 58
56 59
57 58
57 59
58 59
68 58
69 58
52 59
53 59
60 62
60 63
61 62
61 63
62 63
64 62
65 62
56 63
57 63
64 66
64 67
65 66
65 67
66 67
124 67
125 67
68 70
68 71
69 70
69 71
70 71
64 70
65 70
120 71
121 71
72 74
72 75
73 74
73 75
74 75
68 74
69 74
116 75
117 75
76 78
76 79
77 78
77 79
78 79
72 78
73 78
112 79
113 79
80 82
80 83
81 82
81 83
82 83
76 82
77 82
108 83
109 83
84 86
84 87
85 86
85 87
86 87
80 86
81 86
104 87
105 87
88 90
88 91
89 90
89 91
90 91
84 90
85 90
100 91
101 91
92 94
92 95
93 94
93 95
94 95
88 94
89 94
96 95
97 95
96 98
96 99
97 98
97 99
98 99
156 98
157 98
100 102
100 103
101 102
101 103
102 103
152 102
153 102
96 103
97 103
104 106
104 107
105 106
105 107
106 107
148 106
149 106
100 107
101 107
108 110
108 111
109 110
109 111
110 111
144 110
145 110
104 111
105 111
112 114
112 115
113 114
113 115
114 115
140 114
141 114
108 115
109 115
116 118
116 119
117 118
117 119
118 119
136 118
137 118
112 119
113 119
120 122
120 123
121 122
121 123
122 123
132 122
133 122
116 123
117 123
124 126
124 127
125 126
125 127
126 127
128 126
129 126
120 127
121 127
128 130
128 131
129 130
129 131
130 131
188 131
189 131
132 134
132 135
133 134
133 135
134 135
128 134
129 134
184 135
185 135
136 138
136 139
137 138
137 139
138 139
132 138
133 138
180 139
181 139
140 142
140 143
141 142
141 143
142 143
136 142
137 142
176 143
177 143
144 146
144 147
145 146
145 147
146 147
140 146
141 146
172 147
173 147
148 150
148 151
149 150
149 151
150 151
144 150
145 150
168 151
169 151
152 154
152 155
153 154
153 155
154 155
148 154
149 154
164 155
165 155
156 158
156 159
157 158
157 159
158 159
152 158
153 158
160 159
161 159
160 162
160 163
161 162
161 163
162 163
220 162
221 162
164 166
164 167
165 166
165 167
166 167
216 166
217 166
160 167
161 167
168 170
168 171
169 170
169 171
170 171
212 170
213 170
164 171
165 171
172 174
172 175
173 174
173 175
174 175
208 174
209 174
168 175
169 175
176 178
176 179
177 178
177 179
178 179
204 178
205 178
172 179
173 179
180 182
180 183
181 182
181 183
182 183
200 182
201 182
176 183
177 183
184 186
184 187
185 186
185 187
186 187
196 186
197 186
180 187
181 187
188 190
188 191
189 190
189 191
190 191
192 190
193 190
184 191
185 191
192 194
192 195
193 194
193 195
194 195
252 195
253 195
196 198
196 199
197 198
197 199
198 199
192 198
193 198
248 199
249 199
200 202
200 203
201 202
201 203
202 203
196 202
197 202
244 203
245 203
204 206
204 207
205 206
205 207
206 207
200 206
201 206
240 207
241 207
208 210
208 211
209 210
209 211
210 211
204 210
205 210
236 211
237 211
212 214
212 215
213 214
213 215
214 215
208 214
209 214
232 215
233 215
216 218
216 219
217 218
217 219
218 219
212 218
213 218
228 219
229 219
220 222
220 223
221 222
221 223
222 223
216 222
217 222
224 223
225 223
224 226
224 227
225 226
225 227
226 227
284 226
285 226
228 230
228 231
229 230
229 231
230 231
280 230
281 230
224 231
225 231
232 234
232 235
233 234
233 235
234 235
276 234
277 234
228 235
229 235
236 238
236 239
237 238
237 239
238 239
272 238
273 238
232 239
233 239
240 242
240 243
241 242
241 243
242 243
268 242
269 242
236 243
237 243
244 246
244 247
245 246
245 247
246 247
264 246
265 246
240 247
241 247
248 250
248 251
249 250
249 251
250 251
260 250
261 250
244 251
245 251
252 254
252 255
253 254
253 255
254 255
256 254
257 254
248 255
249 255
256 258
256 259
257 258
257 259
258 259
316 259
317 259
260 262
260 263
261 262
261 263
262 263
256 262
257 262
312 263
313 263
264 266
264 267
265 266
265 267
266 267
260 266
261 266
308 267
309 267
268 270
268 271
269 270
269 271
270 271
264 270
265 270
304 271
305 271
272 274
272 275
273 274
273 275
274 275
268 274
269 274
300 275
301 275
276 278
276 279
277 278
277 279
278 279
272 278
273 278
296 279
297 279
280 282
280 283
281 282
281 283
282 283
276 282
277 282
292 283
293 283
284 286
284 287
285 286
285 287
286 287
280 286
281 286
288 287
289 287
288 290
288 291
289 290
289 291
290 291
348 290
349 290
292 294
292 295
293 294
293 295
294 295
344 294
345 294
288 295
289 295
296 298
296 299
297 298
297 299
298 299
340 298
341 298
292 299
293 299
300 302
300 303
301 302
301 303
302 303
336 302
337 302
296 303
297 303
304 306
304 307
305 306
305 307
306 307
332 306
333 306
300 307
301 307
308 310
308 311
309 310
309 311
310 311
328 310
329 310
304 311
305 311
312 314
312 315
313 314
313 315
314 315
324 314
325 314
308 315
309 315
316 318
316 319
317 318
317 319
318 319
320 318
321 318
312 319
313 319
320 322
320 323
321 322
321 323
322 323
380 323
381 323
324 326
324 327
325 326
325 327
326 327
320 326
321 326
376 327
377 327
328 330
328 331
329 330
329 331
330 331
324 330
325 330
372 331
373 331
332 334
332 335
333 334
333 335
334 335
328 334
329 334
368 335
369 335
336 338
336 339
337 338
337 339
338 339
332 338
333 338
364 339
365 339
340 342
340 343
341 342
341 343
342 343
336 342
337 342
360 343
361 343
344 346
344 347
345 346
345 347
346 347
340 346
341 346
356 347
357 347
348 350
348 351
349 350
349 351
350 351
344 350
345 350
352 351
353 351
352 354
352 355
353 354
353 355
354 355
408 354
409 354
356 358
356 359
357 358
357 359
358 359
412 358
413 358
352 359
353 359
360 362
360 363
361 362
361 363
362 363
404 362
405 362
356 363
357 363
364 366
364 367
365 366
365 367
366 367
400 366
401 366
360 367
361 367
368 370
368 371
369 370
369 371
370 371
396 370
397 370
364 371
365 371
372 374
372 375
373 374
373 375
374 375
392 374
393 374
368 375
369 375
376 378
376 379
377 378
377 379
378 379
388 378
389 378
372 379
373 379
380 382
380 383
381 382
381 383
382 383
384 382
385 382
376 383
377 383
384 386
384 387
385 386
385 387
386 387
444 387
445 387
388 390
388 391
389 390
389 391
390 391
384 390
385 390
440 391
441 391
392 394
392 395
393 394
393 395
394 395
388 394
389 394
436 395
437 395
396 398
396 399
397 398
397 399
398 399
392 398
393 398
432 399
433 399
400 402
400 403
401 402
401 403
402 403
396 402
397 402
428 403
429 403
404 406
404 407
405 406
405 407
406 407
400 406
401 406
424 407
425 407
408 410
408 411
409 410
409 411
410 411
412 410
413 410
420 411
421 411
412 414
412 415
413 414
413 415
414 415
404 414
405 414
416 415
417 415
416 418
416 419
417 418
417 419
418 419
476 418
477 418
420 419
421 419
420 422
420 423
421 422
421 423
422 423
472 422
473 422
424 426
424 427
425 426
425 427
426 427
468 426
469 426
416 427
417 427
428 430
428 431
429 430
429 431
430 431
464 430
465 430
424 431
425 431
432 434
432 435
433 434
433 435
434 435
460 434
461 434
428 435
429 435
436 438
436 439
437 438
437 439
438 439
456 438
457 438
432 439
433 439
440 442
440 443
441 442
441 443
442 443
452 442
453 442
436 443
437 443
444 446
444 447
445 446
445 447
446 447
448 446
449 446
440 447
441 447
448 450
448 451
449 450
449 451
450 451
508 451
509 451
452 454
452 455
453 454
453 455
454 455
448 454
449 454
504 455
505 455
456 458
456 459
457 458
457 459
458 459
452 458
453 458
500 459
501 459
460 462
460 463
461 462
461 463
462 463
456 462
457 462
496 463
497 463
464 466
464 467
465 466
465 467
466 467
460 466
461 466
492 467
493 467
468 470
468 471
469 470
469 471
470 471
464 470
465 470
488 471
489 471
472 474
472 475
473 474
473 475
474 475
476 474
477 474
484 475
485 475
476 478
476 479
477 478
477 479
478 479
468 478
469 478
480 479
481 479
480 482
480 483
481 482
481 483
482 483
540 482
541 482
484 483
485 483
484 486
484 487
485 486
485 487
486 487
536 486
537 486
488 490
488 491
489 490
489 491
490 491
532 490
533 490
480 491
481 491
492 494
492 495
493 494
493 495
494 495
528 494
529 494
488 495
489 495
496 498
496 499
497 498
497 499
498 499
524 498
525 498
492 499
493 499
500 502
500 503
501 502
501 503
502 503
520 502
521 502
496 503
497 503
504 506
504 507
505 506
505 507
506 507
516 506
517 506
500 507
501 507
508 510
508 511
509 510
509 511
510 511
512 510
513 510
504 511
505 511
512 514
512 515
513 514
513 515
514 515
572 515
573 515
516 518
516 519
517 518
517 519
518 519
512 518
513 518
568 519
569 519
520 522
520 523
521 522
521 523
522 523
516 522
517 522
564 523
565 523
524 526
524 527
525 526
525 527
526 527
520 526
521 526
560 527
561 527
528 530
528 531
529 530
529 531
530 531
524 530
525 530
556 531
557 531
532 534
532 535
533 534
533 535
534 535
528 534
529 534
552 535
553 535
536 538
536 539
537 538
537 539
538 539
540 538
541 538
548 539
549 539
540 542
540 543
541 542
541 543
542 543
532 542
533 542
544 543
545 543
544 546
544 547
545 546
545 547
546 547
604 546
605 546
548 547
549 547
548 550
548 551
549 550
549 551
550 551
600 550
601 550
552 554
552 555
553 554
553 555
554 555
596 554
597 554
544 555
545 555
556 558
556 559
557 558
557 559
558 559
592 558
593 558
552 559
553 559
560 562
560 563
561 562
561 563
562 563
588 562
589 562
556 563
557 563
564 566
564 567
565 566
565 567
566 567
584 566
585 566
560 567
561 567
568 570
568 571
569 570
569 571
570 571
580 570
581 570
564 571
565 571
572 574
572 575
573 574
573 575
574 575
576 574
577 574
568 575
569 575
576 578
576 579
577 578
577 579
578 579
636 579
637 579
580 582
580 583
581 582
581 583
582 583
576 582
577 582
632 583
633 583
584 586
584 587
585 586
585 587
586 587
580 586
581 586
628 587
629 587
588 590
588 591
589 590
589 591
590 591
584 590
585 590
624 591
625 591
592 594
592 595
593 594
593 595
594 595
588 594
589 594
620 595
621 595
596 598
596 599
597 598
597 599
598 599
592 598
593 598
616 599
617 599
600 602
600 603
601 602
601 603
602 603
604 602
605 602
612 603
613 603
604 606
604 607
605 606
605 607
606 607
596 606
597 606
608 607
609 607
608 610
608 611
609 610
609 611
610 611
668 610
669 610
612 611
613 611
612 614
612 615
613 614
613 615
614 615
664 614
665 614
616 618
616 619
617 618
617 619
618 619
660 618
661 618
608 619
609 619
620 622
620 623
621 622
621 623
622 623
656 622
657 622
616 623
617 623
624 626
624 627
625 626
625 627
626 627
652 626
653 626
620 627
621 627
628 630
628 631
629 630
629 631
630 631
648 630
649 630
624 631
625 631
632 634
632 635
633 634
633 635
634 635
644 634
645 634
628 635
629 635
636 638
636 639
637 638
637 639
638 639
640 638
641 638
632 639
633 639
640 642
640 643
641 642
641 643
642 643
700 643
701 643
644 646
644 647
645 646
645 647
646 647
640 646
641 646
696 647
697 647
648 650
648 651
649 650
649 651
650 651
644 650
645 650
692 651
693 651
652 654
652 655
653 654
653 655
654 655
648 654
649 654
688 655
689 655
656 658
656 659
657 658
657 659
658 659
652 658
653 658
684 659
685 659
660 662
660 663
661 662
661 663
662 663
656 662
657 662
680 663
681 663
664 666
664 667
665 666
665 667
666 667
668 666
669 666
676 667
677 667
668 670
668 671
669 670
669 671
670 671
660 670
661 670
672 671
673 671
672 674
672 675
673 674
673 675
674 675
732 674
733 674
676 675
677 675
676 678
676 679
677 678
677 679
678 679
728 678
729 678
680 682
680 683
681 682
681 683
682 683
724 682
725 682
672 683
673 683
684 686
684 687
685 686
685 687
686 687
720 686
721 686
680 687
681 687
688 690
688 691
689 690
689 691
690 691
716 690
717 690
684 691
685 691
692 694
692 695
693 694
693 695
694 695
712 694
713 694
688 695
689 695
696 698
696 699
697 698
697 699
698 699
708 698
709 698
692 699
693 699
700 702
700 703
701 702
701 703
702 703
704 702
705 702
696 703
697 703
704 706
704 707
705 706
705 707
706 707
708 710
708 711
709 710
709 711
710 711
704 710
705 710
712 714
712 715
713 714
713 715
714 715
708 714
709 714
716 718
716 719
717 718
717 719
718 719
712 718
713 718
720 722
720 723
721 722
721 723
722 723
716 722
717 722
724 726
724 727
725 726
725 727
726 727
720 726
721 726
728 730
728 731
729 730
729 731
730 731
732 730
733 730
732 734
732 735
733 734
733 735
734 735
724 734
725 734
736 738
736 739
737 738
737 739
738 739
796 739
797 739
740 742
740 743
741 742
741 743
742 743
736 742
737 742
792 743
793 743
744 746
744 747
745 746
745 747
746 747
740 746
741 746
788 747
789 747
748 750
748 751
749 750
749 751
750 751
744 750
745 750
784 751
785 751
752 754
752 755
753 754
753 755
754 755
748 754
749 754
780 755
781 755
756 758
756 759
757 758
757 759
758 759
752 758
753 758
776 759
777 759
760 762
760 763
761 762
761 763
762 763
756 762
757 762
772 763
773 763
764 766
764 767
765 766
765 767
766 767
760 766
761 766
768 767
769 767
768 770
768 771
769 770
769 771
770 771
828 770
829 770
772 774
772 775
773 774
773 775
774 775
824 774
825 774
768 775
769 775
776 778
776 779
777 778
777 779
778 779
820 778
821 778
772 779
773 779
780 782
780 783
781 782
781 783
782 783
816 782
817 782
776 783
777 783
784 786
784 787
785 786
785 787
786 787
812 786
813 786
780 787
781 787
788 790
788 791
789 790
789 791
790 791
808 790
809 790
784 791
785 791
792 794
792 795
793 794
793 795
794 795
804 794
805 794
788 795
789 795
796 798
796 799
797 798
797 799
798 799
800 798
801 798
792 799
793 799
800 802
800 803
801 802
801 803
802 803
860 803
861 803
804 806
804 807
805 806
805 807
806 807
800 806
801 806
856 807
857 807
808 810
808 811
809 810
809 811
810 811
804 810
805 810
852 811
853 811
812 814
812 815
813 814
813 815
814 815
808 814
809 814
848 815
849 815
816 818
816 819
817 818
817 819
818 819
812 818
813 818
844 819
845 819
820 822
820 823
821 822
821 823
822 823
816 822
817 822
840 823
841 823
824 826
824 827
825 826
825 827
826 827
820 826
821 826
836 827
837 827
828 830
828 831
829 830
829 831
830 831
824 830
825 830
832 831
833 831
832 834
832 835
833 834
833 835
834 835
892 834
893 834
836 838
836 839
837 838
837 839
838 839
888 838
889 838
832 839
833 839
840 842
840 843
841 842
841 843
842 843
884 842
885 842
836 843
837 843
844 846
844 847
845 846
845 847
846 847
880 846
881 846
840 847
841 847
848 850
848 851
849 850
849 851
850 851
876 850
877 850
844 851
845 851
852 854
852 855
853 854
853 855
854 855
872 854
873 854
848 855
849 855
856 858
856 859
857 858
857 859
858 859
868 858
869 858
852 859
853 859
860 862
860 863
861 862
861 863
862 863
864 862
865 862
856 863
857 863
864 866
864 867
865 866
865 867
866 867
924 867
925 867
868 870
868 871
869 870
869 871
870 871
864 870
865 870
920 871
921 871
872 874
872 875
873 874
873 875
874 875
868 874
869 874
916 875
917 875
876 878
876 879
877 878
877 879
878 879
872 878
873 878
912 879
913 879
880 882
880 883
881 882
881 883
882 883
876 882
877 882
908 883
909 883
884 886
884 887
885 886
885 887
886 887
880 886
881 886
904 887
905 887
888 890
888 891
889 890
889 891
890 891
884 890
885 890
900 891
901 891
892 894
892 895
893 894
893 895
894 895
888 894
889 894
896 895
897 895
896 898
896 899
897 898
897 899
898 899
956 898
957 898
900 902
900 903
901 902
901 903
902 903
952 902
953 902
896 903
897 903
904 906
904 907
905 906
905 907
906 907
948 906
949 906
900 907
901 907
908 910
908 911
909 910
909 911
910 911
944 910
945 910
904 911
905 911
912 914
912 915
913 914
913 915
914 915
940 914
941 914
908 915
909 915
916 918
916 919
917 918
917 919
918 919
936 918
937 918
912 919
913 919
920 922
920 923
921 922
921 923
922 923
932 922
933 922
916 923
917 923
924 926
924 927
925 926
925 927
926 927
928 926
929 926
920 927
921 927
928 930
928 931
929 930
929 931
930 931
988 931
989 931
932 934
932 935
933 934
933 935
934 935
928 934
929 934
984 935
985 935
936 938
936 939
937 938
937 939
938 939
932 938
933 938
980 939
981 939
940 942
940 943
941 942
941 943
942 943
936 942
937 942
976 943
977 943
944 946
944 947
945 946
945 947
946 947
940 946
941 946
972 947
973 947
948 950
948 951
949 950
949 951
950 951
944 950
945 950
968 951
969 951
952 954
952 955
953 954
953 955
954 955
948 954
949 954
964 955
965 955
956 958
956 959
957 958
957 959
958 959
952 958
953 958
960 959
961 959
960 962
960 963
961 962
961 963
962 963
1020 962
1021 962
964 966
964 967
965 966
965 967
966 967
1016 966
1017 966
960 967
961 967
968 970
968 971
969 970
969 971
970 971
1012 970
1013 970
964 971
965 971
972 974
972 975
973 974
973 975
974 975
1008 974
1009 974
968 975
969 975
976 978
976 979
977 978
977 979
978 979
1004 978
1005 978
972 979
973 979
980 982
980 983
981 982
981 983
982 983
1000 982
1001 982
976 983
977 983
984 986
984 987
985 986
985 987
986 987
996 986
997 986
980 987
981 987
988 990
988 991
989 990
989 991
990 991
992 990
993 990
984 991
985 991
992 994
992 995
993 994
993 995
994 995
1052 995
1053 995
996 998
996 999
997 998
997 999
998 999
992 998
993 998
1048 999
1049 999
1000 1002
1000 1003
1001 1002
1001 1003
1002 1003
996 1002
997 1002
1044 1003
1045 1003
1004 1006
1004 1007
1005 1006
1005 1007
1006 1007
1000 1006
1001 1006
1040 1007
1041 1007
1008 1010
1008 1011
1009 1010
1009 1011
1010 1011
1004 1010
1005 1010
1036 1011
1037 1011
1012 1014
1012 1015
1013 1014
1013 1015
1014 1015
1008 1014
1009 1014
1032 1015
1033 1015
1016 1018
1016 1019
1017 1018
1017 1019
1018 1019
1012 1018
1013 1018
1028 1019
1029 1019
1020 1022
1020 1023
1021 1022
1021 1023
1022 1023
1016 1022
1017 1022
1024 1023
1025 1023
1024 1026
1024 1027
1025 1026
1025 1027
1026 1027
1084 1026
1085 1026
1028 1030
1028 1031
1029 1030
1029 1031
1030 1031
1080 1030
1081 1030
1024 1031
1025 1031
1032 1034
1032 1035
1033 1034
1033 1035
1034 1035
1076 1034
1077 1034
1028 1035
1029 1035
1036 1038
1036 1039
1037 1038
1037 1039
1038 1039
1072 1038
1073 1038
1032 1039
1033 1039
1040 1042
1040 1043
1041 1042
1041 1043
1042 1043
1068 1042
1069 1042
1036 1043
1037 1043
1044 1046
1044 1047
1045 1046
1045 1047
1046 1047
1064 1046
1065 1046
1040 1047
1041 1047
1048 1050
1048 1051
1049 1050
1049 1051
1050 1051
1060 1050
1061 1050
1044 1051
1045 1051
1052 1054
1052 1055
1053 1054
1053 1055
1054 1055
1056 1054
1057 1054
1048 1055
1049 1055
1056 1058
1056 1059
1057 1058
1057 1059
1058 1059
1116 1059
1117 1059
1060 1062
1060 1063
1061 1062
1061 1063
1062 1063
1056 1062
1057 1062
1112 1063
1113 1063
1064 1066
1064 1067
1065 1066
1065 1067
1066 1067
1060 1066
1061 1066
1108 1067
1109 1067
1068 1070
1068 1071
1069 1070
1069 1071
1070 1071
1064 1070
1065 1070
1104 1071
1105 1071
1072 1074
1072 1075
1073 1074
1073 1075
1074 1075
1068 1074
1069 1074
1100 1075
1101 1075
1076 1078
1076 1079
1077 1078
1077 1079
1078 1079
1072 1078
1073 1078
1096 1079
1097 1079
1080 1082
1080 1083
1081 1082
1081 1083
1082 1083
1076 1082
1077 1082
1092 1083
1093 1083
1084 1086
1084 1087
1085 1086
1085 1087
1086 1087
1080 1086
1081 1086
1088 1087
1089 1087
1088 1090
1088 1091
1089 1090
1089 1091
1090 1091
1148 1090
1149 1090
1092 1094
1092 1095
1093 1094
1093 1095
1094 1095
1144 1094
1145 1094
1088 1095
1089 1095
1096 1098
1096 1099
1097 1098
1097 1099
1098 1099
1140 1098
1141 1098
1092 1099
1093 1099
1100 1102
1100 1103
1101 1102
1101 1103
1102 1103
1136 1102
1137 1102
1096 1103
1097 1103
1104 1106
1104 1107
1105 1106
1105 1107
1106 1107
1132 1106
1133 1106
1100 1107
1101 1107
1108 1110
1108 1111
1109 1110
1109 1111
1110 1111
1128 1110
1129 1110
1104 1111
1105 1111
1112 1114
1112 1115
1113 1114
1113 1115
1114 1115
1124 1114
1125 1114
1108 1115
1109 1115
1116 1118
1116 1119
1117 1118
1117 1119
1118 1119
1120 1118
1121 1118
1112 1119
1113 1119
1120 1122
1120 1123
1121 1122
1121 1123
1122 1123
1180 1123
1181 1123
1124 1126
1124 1127
1125 1126
1125 1127
1126 1127
1120 1126
1121 1126
1176 1127
1177 1127
1128 1130
1128 1131
1129 1130
1129 1131
1130 1131
1124 1130
1125 1130
1172 1131
1173 1131
1132 1134
1132 1135
1133 1134
1133 1135
1134 1135
1128 1134
1129 1134
1168 1135
1169 1135
1136 1138
1136 1139
1137 1138
1137 1139
1138 1139
1132 1138
1133 1138
1164 1139
1165 1139
1140 1142
1140 1143
1141 1142
1141 1143
1142 1143
1136 1142
1137 1142
1160 1143
1161 1143
1144 1146
1144 1147
1145 1146
1145 1147
1146 1147
1140 1146
1141 1146
1152 1147
1153 1147
1148 1150
1148 1151
1149 1150
1149 1151
1150 1151
1144 1150
1145 1150
1156 1151
1157 1151
1152 1154
1152 1155
1153 1154
1153 1155
1154 1155
1212 1154
1213 1154
1156 1155
1157 1155
1156 1158
1156 1159
1157 1158
1157 1159
1158 1159
1208 1158
1209 1158
1160 1162
1160 1163
1161 1162
1161 1163
1162 1163
1204 1162
1205 1162
1152 1163
1153 1163
1164 1166
1164 1167
1165 1166
1165 1167
1166 1167
1200 1166
1201 1166
1160 1167
1161 1167
1168 1170
1168 1171
1169 1170
1169 1171
1170 1171
1196 1170
1197 1170
1164 1171
1165 1171
1172 1174
1172 1175
1173 1174
1173 1175
1174 1175
1192 1174
1193 1174
1168 1175
1169 1175
1176 1178
1176 1179
1177 1178
1177 1179
1178 1179
1188 1178
1189 1178
1172 1179
1173 1179
1180 1182
1180 1183
1181 1182
1181 1183
1182 1183
1184 1182
1185 1182
1176 1183
1177 1183
1184 1186
1184 1187
1185 1186
1185 1187
1186 1187
1244 1187
1245 1187
1188 1190
1188 1191
1189 1190
1189 1191
1190 1191
1184 1190
1185 1190
1240 1191
1241 1191
1192 1194
1192 1195
1193 1194
1193 1195
1194 1195
1188 1194
1189 1194
1236 1195
1237 1195
1196 1198
1196 1199
1197 1198
1197 1199
1198 1199
1192 1198
1193 1198
1232 1199
1233 1199
1200 1202
1200 1203
1201 1202
1201 1203
1202 1203
1196 1202
1197 1202
1228 1203
1229 1203
1204 1206
1204 1207
1205 1206
1205 1207
1206 1207
1200 1206
1201 1206
1224 1207
1225 1207
1208 1210
1208 1211
1209 1210
1209 1211
1210 1211
1212 1210
1213 1210
1220 1211
1221 1211
1212 1214
1212 1215
1213 1214
1213 1215
1214 1215
1204 1214
1205 1214
1216 1215
1217 1215
1216 1218
1216 1219
1217 1218
1217 1219
1218 1219
1276 1218
1277 1218
1220 1219
1221 1219
1220 1222
1220 1223
1221 1222
1221 1223
1222 1223
1272 1222
1273 1222
1224 1226
1224 1227
1225 1226
1225 1227
1226 1227
1268 1226
1269 1226
1216 1227
1217 1227
1228 1230
1228 1231
1229 1230
1229 1231
1230 1231
1264 1230
1265 1230
1224 1231
1225 1231
1232 1234
1232 1235
1233 1234
1233 1235
1234 1235
1260 1234
1261 1234
1228 1235
1229 1235
1236 1238
1236 1239
1237 1238
1237 1239
1238 1239
1256 1238
1257 1238
1232 1239
1233 1239
1240 1242
1240 1243
1241 1242
1241 1243
1242 1243
1252 1242
1253 1242
1236 1243
1237 1243
1244 1246
1244 1247
1245 1246
1245 1247
1246 1247
1248 1246
1249 1246
1240 1247
1241 1247
1248 1250
1248 1251
1249 1250
1249 1251
1250 1251
1308 1251
1309 1251
1252 1254
1252 1255
1253 1254
1253 1255
1254 1255
1248 1254
1249 1254
1304 1255
1305 1255
1256 1258
1256 1259
1257 1258
1257 1259
1258 1259
1252 1258
1253 1258
1300 1259
1301 1259
1260 1262
1260 1263
1261 1262
1261 1263
1262 1263
1256 1262
1257 1262
1296 1263
1297 1263
1264 1266
1264 1267
1265 1266
1265 1267
1266 1267
1260 1266
1261 1266
1292 1267
1293 1267
1268 1270
1268 1271
1269 1270
1269 1271
1270 1271
1264 1270
1265 1270
1288 1271
1289 1271
1272 1274
1272 1275
1273 1274
1273 1275
1274 1275
1276 1274
1277 1274
1284 1275
1285 1275
1276 1278
1276 1279
1277 1278
1277 1279
1278 1279
1268 1278
1269 1278
1280 1279
1281 1279
1280 1282
1280 1283
1281 1282
1281 1283
1282 1283
1340 1282
1341 1282
1284 1283
1285 1283
1284 1286
1284 1287
1285 1286
1285 1287
1286 1287
1336 1286
1337 1286
1288 1290
1288 1291
1289 1290
1289 1291
1290 1291
1332 1290
1333 1290
1280 1291
1281 1291
1292 1294
1292 1295
1293 1294
1293 1295
1294 1295
1328 1294
1329 1294
1288 1295
1289 1295
1296 1298
1296 1299
1297 1298
1297 1299
1298 1299
1324 1298
1325 1298
1292 1299
1293 1299
1300 1302
1300 1303
1301 1302
1301 1303
1302 1303
1320 1302
1321 1302
1296 1303
1297 1303
1304 1306
1304 1307
1305 1306
1305 1307
1306 1307
1316 1306
1317 1306
1300 1307
1301 1307
1308 1310
1308 1311
1309 1310
1309 1311
1310 1311
1312 1310
1313 1310
1304 1311
1305 1311
1312 1314
1312 1315
1313 1314
1313 1315
1314 1315
1372 1315
1373 1315
1316 1318
1316 1319
1317 1318
1317 1319
1318 1319
1312 1318
1313 1318
1368 1319
1369 1319
1320 1322
1320 1323
1321 1322
1321 1323
1322 1323
1316 1322
1317 1322
1364 1323
1365 1323
1324 1326
1324 1327
1325 1326
1325 1327
1326 1327
1320 1326
1321 1326
1360 1327
1361 1327
1328 1330
1328 1331
1329 1330
1329 1331
1330 1331
1324 1330
1325 1330
1356 1331
1357 1331
1332 1334
1332 1335
1333 1334
1333 1335
1334 1335
1328 1334
1329 1334
1352 1335
1353 1335
1336 1338
1336 1339
1337 1338
1337 1339
1338 1339
1340 1338
1341 1338
1348 1339
1349 1339
1340 1342
1340 1343
1341 1342
1341 1343
1342 1343
1332 1342
1333 1342
1344 1343
1345 1343
1344 1346
1344 1347
1345 1346
1345 1347
1346 1347
1404 1346
1405 1346
1348 1347
1349 1347
1348 1350
1348 1351
1349 1350
1349 1351
1350 1351
1400 1350
1401 1350
1352 1354
1352 1355
1353 1354
1353 1355
1354 1355
1396 1354
1397 1354
1344 1355
1345 1355
1356 1358
1356 1359
1357 1358
1357 1359
1358 1359
1392 1358
1393 1358
1352 1359
1353 1359
1360 1362
1360 1363
1361 1362
1361 1363
1362 1363
1388 1362
1389 1362
1356 1363
1357 1363
1364 1366
1364 1367
1365 1366
1365 1367
1366 1367
1384 1366
1385 1366
1360 1367
1361 1367
1368 1370
1368 1371
1369 1370
1369 1371
1370 1371
1380 1370
1381 1370
1364 1371
1365 1371
1372 1374
1372 1375
1373 1374
1373 1375
1374 1375
1376 1374
1377 1374
1368 1375
1369 1375
1376 1378
1376 1379
1377 1378
1377 1379
1378 1379
1436 1379
1437 1379
1380 1382
1380 1383
1381 1382
1381 1383
1382 1383
1376 1382
1377 1382
1432 1383
1433 1383
1384 1386
1384 1387
1385 1386
1385 1387
1386 1387
1380 1386
1381 1386
1428 1387
1429 1387
1388 1390
1388 1391
1389 1390
1389 1391
1390 1391
1384 1390
1385 1390
1424 1391
1425 1391
1392 1394
1392 1395
1393 1394
1393 1395
1394 1395
1388 1394
1389 1394
1420 1395
1421 1395
1396 1398
1396 1399
1397 1398
1397 1399
1398 1399
1392 1398
1393 1398
1416 1399
1417 1399
1400 1402
1400 1403
1401 1402
1401 1403
1402 1403
1404 1402
1405 1402
1412 1403
1413 1403
1404 1406
1404 1407
1405 1406
1405 1407
1406 1407
1396 1406
1397 1406
1408 1407
1409 1407
1408 1410
1408 1411
1409 1410
1409 1411
1410 1411
1468 1410
1469 1410
1412 1411
1413 1411
1412 1414
1412 1415
1413 1414
1413 1415
1414 1415
1464 1414
1465 1414
1416 1418
1416 1419
1417 1418
1417 1419
1418 1419
1460 1418
1461 1418
1408 1419
1409 1419
1420 1422
1420 1423
1421 1422
1421 1423
1422 1423
1456 1422
1457 1422
1416 1423
1417 1423
1424 1426
1424 1427
1425 1426
1425 1427
1426 1427
1452 1426
1453 1426
1420 1427
1421 1427
1428 1430
1428 1431
1429 1430
1429 1431
1430 1431
1448 1430
1449 1430
1424 1431
1425 1431
1432 1434
1432 1435
1433 1434
1433 1435
1434 1435
1444 1434
1445 1434
1428 1435
1429 1435
1436 1438
1436 1439
1437 1438
1437 1439
1438 1439
1440 1438
1441 1438
1432 1439
1433 1439
1440 1442
1440 1443
1441 1442
1441 1443
1442 1443
1500 1443
1501 1443
1444 1446
1444 1447
1445 1446
1445 1447
1446 1447
1440 1446
1441 1446
1496 1447
1497 1447
1448 1450
1448 1451
1449 1450
1449 1451
1450 1451
1444 1450
1445 1450
1492 1451
1493 1451
1452 1454
1452 1455
1453 1454
1453 1455
1454 1455
1448 1454
1449 1454
1488 1455
1489 1455
1456 1458
1456 1459
1457 1458
1457 1459
1458 1459
1452 1458
1453 1458
1484 1459
1485 1459
1460 1462
1460 1463
1461 1462
1461 1463
1462 1463
1456 1462
1457 1462
1480 1463
1481 1463
1464 1466
1464 1467
1465 1466
1465 1467
1466 1467
1468 1466
1469 1466
1476 1467
1477 1467
1468 1470
1468 1471
1469 1470
1469 1471
1470 1471
1460 1470
1461 1470
1472 1471
1473 1471
1472 1474
1472 1475
1473 1474
1473 1475
1474 1475
1532 1474
1533 1474
1476 1475
1477 1475
1476 1478
1476 1479
1477 1478
1477 1479
1478 1479
1528 1478
1529 1478
1480 1482
1480 1483
1481 1482
1481 1483
1482 1483
1524 1482
1525 1482
1472 1483
1473 1483
1484 1486
1484 1487
1485 1486
1485 1487
1486 1487
1520 1486
1521 1486
1480 1487
1481 1487
1488 1490
1488 1491
1489 1490
1489 1491
1490 1491
1516 1490
1517 1490
1484 1491
1485 1491
1492 1494
1492 1495
1493 1494
1493 1495
1494 1495
1512 1494
1513 1494
1488 1495
1489 1495
1496 1498
1496 1499
1497 1498
1497 1499
1498 1499
1508 1498
1509 1498
1492 1499
1493 1499
1500 1502
1500 1503
1501 1502
1501 1503
1502 1503
1504 1502
1505 1502
1496 1503
1497 1503
1504 1506
1504 1507
1505 1506
1505 1507
1506 1507
1508 1510
1508 1511
1509 1510
1509 1511
1510 1511
1504 1510
1505 1510
1512 1514
1512 1515
1513 1514
1513 1515
1514 1515
1508 1514
1509 1514
1516 1518
1516 1519
1517 1518
1517 1519
1518 1519
1512 1518
1513 1518
1520 1522
1520 1523
1521 1522
1521 1523
1522 1523
1516 1522
1517 1522
1524 1526
1524 1527
1525 1526
1525 1527
1526 1527
1520 1526
1521 1526
1528 1530
1528 1531
1529 1530
1529 1531
1530 1531
1532 1530
1533 1530
1532 1534
1532 1535
1533 1534
1533 1535
1534 1535
1524 1534
1525 1534
1536 1538
1536 1539
1537 1538
1537 1539
1538 1539
1596 1539
1597 1539
1540 1542
1540 1543
1541 1542
1541 1543
1542 1543
1536 1542
1537 1542
1592 1543
1593 1543
1544 1546
1544 1547
1545 1546
1545 1547
1546 1547
1540 1546
1541 1546
1588 1547
1589 1547
1548 1550
1548 1551
1549 1550
1549 1551
1550 1551
1544 1550
1545 1550
1584 1551
1585 1551
1552 1554
1552 1555
1553 1554
1553 1555
1554 1555
1548 1554
1549 1554
1580 1555
1581 1555
1556 1558
1556 1559
1557 1558
1557 1559
1558 1559
1552 1558
1553 1558
1576 1559
1577 1559
1560 1562
1560 1563
1561 1562
1561 1563
1562 1563
1556 1562
1557 1562
1572 1563
1573 1563
1564 1566
1564 1567
1565 1566
1565 1567
1566 1567
1560 1566
1561 1566
1568 1567
1569 1567
1568 1570
1568 1571
1569 1570
1569 1571
1570 1571
1628 1570
1629 1570
1572 1574
1572 1575
1573 1574
1573 1575
1574 1575
1624 1574
1625 1574
1568 1575
1569 1575
1576 1578
1576 1579
1577 1578
1577 1579
1578 1579
1620 1578
1621 1578
1572 1579
1573 1579
1580 1582
1580 1583
1581 1582
1581 1583
1582 1583
1616 1582
1617 1582
1576 1583
1577 1583
1584 1586
1584 1587
1585 1586
1585 1587
1586 1587
1612 1586
1613 1586
1580 1587
1581 1587
1588 1590
1588 1591
1589 1590
1589 1591
1590 1591
1608 1590
1609 1590
1584 1591
1585 1591
1592 1594
1592 1595
1593 1594
1593 1595
1594 1595
1604 1594
1605 1594
1588 1595
1589 1595
1596 1598
1596 1599
1597 1598
1597 1599
1598 1599
1600 1598
1601 1598
1592 1599
1593 1599
1600 1602
1600 1603
1601 1602
1601 1603
1602 1603
1660 1603
1661 1603
1604 1606
1604 1607
1605 1606
1605 1607
1606 1607
1600 1606
1601 1606
1656 1607
1657 1607
1608 1610
1608 1611
1609 1610
1609 1611
1610 1611
1604 1610
1605 1610
1652 1611
1653 1611
1612 1614
1612 1615
1613 1614
1613 1615
1614 1615
1608 1614
1609 1614
1648 1615
1649 1615
1616 1618
1616 1619
1617 1618
1617 1619
1618 1619
1612 1618
1613 1618
1644 1619
1645 1619
1620 1622
1620 1623
1621 1622
1621 1623
1622 1623
1616 1622
1617 1622
1640 1623
1641 1623
1624 1626
1624 1627
1625 1626
1625 1627
1626 1627
1620 1626
1621 1626
1636 1627
1637 1627
1628 1630
1628 1631
1629 1630
1629 1631
1630 1631
1624 1630
1625 1630
1632 1631
1633 1631
1632 1634
1632 1635
1633 1634
1633 1635
1634 1635
1692 1634
1693 1634
1636 1638
1636 1639
1637 1638
1637 1639
1638 1639
1688 1638
1689 1638
1632 1639
1633 1639
1640 1642
1640 1643
1641 1642
1641 1643
1642 1643
1684 1642
1685 1642
1636 1643
1637 1643
1644 1646
1644 1647
1645 1646
1645 1647
1646 1647
1680 1646
1681 1646
1640 1647
1641 1647
1648 1650
1648 1651
1649 1650
1649 1651
1650 1651
1676 1650
1677 1650
1644 1651
1645 1651
1652 1654
1652 1655
1653 1654
1653 1655
1654 1655
1672 1654
1673 1654
1648 1655
1649 1655
1656 1658
1656 1659
1657 1658
1657 1659
1658 1659
1668 1658
1669 1658
1652 1659
1653 1659
1660 1662
1660 1663
1661 1662
1661 1663
1662 1663
1664 1662
1665 1662
1656 1663
1657 1663
1664 1666
1664 1667
1665 1666
1665 1667
1666 1667
1724 1667
1725 1667
1668 1670
1668 1671
1669 1670
1669 1671
1670 1671
1664 1670
1665 1670
1720 1671
1721 1671
1672 1674
1672 1675
1673 1674
1673 1675
1674 1675
1668 1674
1669 1674
1716 1675
1717 1675
1676 1678
1676 1679
1677 1678
1677 1679
1678 1679
1672 1678
1673 1678
1712 1679
1713 1679
1680 1682
1680 1683
1681 1682
1681 1683
1682 1683
1676 1682
1677 1682
1708 1683
1709 1683
1684 1686
1684 1687
1685 1686
1685 1687
1686 1687
1680 1686
1681 1686
1704 1687
1705 1687
1688 1690
1688 1691
1689 1690
1689 1691
1690 1691
1684 1690
1685 1690
1700 1691
1701 1691
1692 1694
1692 1695
1693 1694
1693 1695
1694 1695
1688 1694
1689 1694
1696 1695
1697 1695
1696 1698
1696 1699
1697 1698
1697 1699
1698 1699
1756 1698
1757 1698
1700 1702
1700 1703
1701 1702
1701 1703
1702 1703
1752 1702
1753 1702
1696 1703
1697 1703
1704 1706
1704 1707
1705 1706
1705 1707
1706 1707
1748 1706
1749 1706
1700 1707
1701 1707
1708 1710
1708 1711
1709 1710
1709 1711
1710 1711
1744 1710
1745 1710
1704 1711
1705 1711
1712 1714
1712 1715
1713 1714
1713 1715
1714 1715
1740 1714
1741 1714
1708 1715
1709 1715
1716 1718
1716 1719
1717 1718
1717 1719
1718 1719
1736 1718
1737 1718
1712 1719
1713 1719
1720 1722
1720 1723
1721 1722
1721 1723
1722 1723
1732 1722
1733 1722
1716 1723
1717 1723
1724 1726
1724 1727
1725 1726
1725 1727
1726 1727
1728 1726
1729 1726
1720 1727
1721 1727
1728 1730
1728 1731
1729 1730
1729 1731
1730 1731
1788 1731
1789 1731
1732 1734
1732 1735
1733 1734
1733 1735
1734 1735
1728 1734
1729 1734
1784 1735
1785 1735
1736 1738
1736 1739
1737 1738
1737 1739
1738 1739
1732 1738
1733 1738
1780 1739
1781 1739
1740 1742
1740 1743
1741 1742
1741 1743
1742 1743
1736 1742
1737 1742
1776 1743
1777 1743
1744 1746
1744 1747
1745 1746
1745 1747
1746 1747
1740 1746
1741 1746
1772 1747
1773 1747
1748 1750
1748 1751
1749 1750
1749 1751
1750 1751
1744 1750
1745 1750
1768 1751
1769 1751
1752 1754
1752 1755
1753 1754
1753 1755
1754 1755
1748 1754
1749 1754
1764 1755
1765 1755
1756 1758
1756 1759
1757 1758
1757 1759
1758 1759
1752 1758
1753 1758
1760 1759
1761 1759
1760 1762
1760 1763
1761 1762
1761 1763
1762 1763
1820 1762
1821 1762
1764 1766
1764 1767
1765 1766
1765 1767
1766 1767
1816 1766
1817 1766
1760 1767
1761 1767
1768 1770
1768 1771
1769 1770
1769 1771
1770 1771
1812 1770
1813 1770
1764 1771
1765 1771
1772 1774
1772 1775
1773 1774
1773 1775
1774 1775
1808 1774
1809 1774
1768 1775
1769 1775
1776 1778
1776 1779
1777 1778
1777 1779
1778 1779
1804 1778
1805 1778
1772 1779
1773 1779
1780 1782
1780 1783
1781 1782
1781 1783
1782 1783
1800 1782
1801 1782
1776 1783
1777 1783
1784 1786
1784 1787
1785 1786
1785 1787
1786 1787
1796 1786
1797 1786
1780 1787
1781 1787
1788 1790
1788 1791
1789 1790
1789 1791
1790 1791
1792 1790
1793 1790
1784 1791
1785 1791
1792 1794
1792 1795
1793 1794
1793 1795
1794 1795
1852 1795
1853 1795
1796 1798
1796 1799
1797 1798
1797 1799
1798 1799
1792 1798
1793 1798
1848 1799
1849 1799
1800 1802
1800 1803
1801 1802
1801 1803
1802 1803
1796 1802
1797 1802
1844 1803
1845 1803
1804 1806
1804 1807
1805 1806
1805 1807
1806 1807
1800 1806
1801 1806
1840 1807
1841 1807
1808 1810
1808 1811
1809 1810
1809 1811
1810 1811
1804 1810
1805 1810
1836 1811
1837 1811
1812 1814
1812 1815
1813 1814
1813 1815
1814 1815
1808 1814
1809 1814
1832 1815
1833 1815
1816 1818
1816 1819
1817 1818
1817 1819
1818 1819
1812 1818
1813 1818
1828 1819
1829 1819
1820 1822
1820 1823
1821 1822
1821 1823
1822 1823
1816 1822
1817 1822
1824 1823
1825 1823
1824 1826
1824 1827
1825 1826
1825 1827
1826 1827
1884 1826
1885 1826
1828 1830
1828 1831
1829 1830
1829 1831
1830 1831
1880 1830
1881 1830
1824 1831
1825 1831
1832 1834
1832 1835
1833 1834
1833 1835
1834 1835
1876 1834
1877 1834
1828 1835
1829 1835
1836 1838
1836 1839
1837 1838
1837 1839
1838 1839
1872 1838
1873 1838
1832 1839
1833 1839
1840 1842
1840 1843
1841 1842
1841 1843
1842 1843
1868 1842
1869 1842
1836 1843
1837 1843
1844 1846
1844 1847
1845 1846
1845 1847
1846 1847
1864 1846
1865 1846
1840 1847
1841 1847
1848 1850
1848 1851
1849 1850
1849 1851
1850 1851
1860 1850
1861 1850
1844 1851
1845 1851
1852 1854
1852 1855
1853 1854
1853 1855
1854 1855
1856 1854
1857 1854
1848 1855
1849 1855
1856 1858
1856 1859
1857 1858
1857 1859
1858 1859
1916 1859
1917 1859
1860 1862
1860 1863
1861 1862
1861 1863
1862 1863
1856 1862
1857 1862
1912 1863
1913 1863
1864 1866
1864 1867
1865 1866
1865 1867
1866 1867
1860 1866
1861 1866
1908 1867
1909 1867
1868 1870
1868 1871
1869 1870
1869 1871
1870 1871
1864 1870
1865 1870
1904 1871
1905 1871
1872 1874
1872 1875
1873 1874
1873 1875
1874 1875
1868 1874
1869 1874
1900 1875
1901 1875
1876 1878
1876 1879
1877 1878
1877 1879
1878 1879
1872 1878
1873 1878
1896 1879
1897 1879
1880 1882
1880 1883
1881 1882
1881 1883
1882 1883
1876 1882
1877 1882
1892 1883
1893 1883
1884 1886
1884 1887
1885 1886
1885 1887
1886 1887
1880 1886
1881 1886
1888 1887
1889 1887
1888 1890
1888 1891
1889 1890
1889 1891
1890 1891
1948 1890
1949 1890
1892 1894
1892 1895
1893 1894
1893 1895
1894 1895
1944 1894
1945 1894
1888 1895
1889 1895
1896 1898
1896 1899
1897 1898
1897 1899
1898 1899
1940 1898
1941 1898
1892 1899
1893 1899
1900 1902
1900 1903
1901 1902
1901 1903
1902 1903
1936 1902
1937 1902
1896 1903
1897 1903
1904 1906
1904 1907
1905 1906
1905 1907
1906 1907
1932 1906
1933 1906
1900 1907
1901 1907
1908 1910
1908 1911
1909 1910
1909 1911
1910 1911
1928 1910
1929 1910
1904 1911
1905 1911
1912 1914
1912 1915
1913 1914
1913 1915
1914 1915
1924 1914
1925 1914
1908 1915
1909 1915
1916 1918
1916 1919
1917 1918
1917 1919
1918 1919
1920 1918
1921 1918
1912 1919
1913 1919
1920 1922
1920 1923
1921 1922
1921 1923
1922 1923
1980 1923
1981 1923
1924 1926
1924 1927
1925 1926
1925 1927
1926 1927
1920 1926
1921 1926
1976 1927
1977 1927
1928 1930
1928 1931
1929 1930
1929 1931
1930 1931
1924 1930
1925 1930
1972 1931
1973 1931
1932 1934
1932 1935
1933 1934
1933 1935
1934 1935
1928 1934
1929 1934
1968 1935
1969 1935
1936 1938
1936 1939
1937 1938
1937 1939
1938 1939
1932 1938
1933 1938
1964 1939
1965 1939
1940 1942
1940 1943
1941 1942
1941 1943
1942 1943
1936 1942
1937 1942
1960 1943
1961 1943
1944 1946
1944 1947
1945 1946
1945 1947
1946 1947
1940 1946
1941 1946
1952 1947
1953 1947
1948 1950
1948 1951
1949 1950
1949 1951
1950 1951
1944 1950
1945 1950
1956 1951
1957 1951
1952 1954
1952 1955
1953 1954
1953 1955
1954 1955
2012 1954
2013 1954
1956 1955
1957 1955
1956 1958
1956 1959
1957 1958
1957 1959
1958 1959
2008 1958
2009 1958
1960 1962
1960 1963
1961 1962
1961 1963
1962 1963
2004 1962
2005 1962
1952 1963
1953 1963
1964 1966
1964 1967
1965 1966
1965 1967
1966 1967
2000 1966
2001 1966
1960 1967
1961 1967
1968 1970
1968 1971
1969 1970
1969 1971
1970 1971
1996 1970
1997 1970
1964 1971
1965 1971
1972 1974
1972 1975
1973 1974
1973 1975
1974 1975
1992 1974
1993 1974
1968 1975
1969 1975
1976 1978
1976 1979
1977 1978
1977 1979
1978 1979
1988 1978
1989 1978
1972 1979
1973 1979
1980 1982
1980 1983
1981 1982
1981 1983
1982 1983
1984 1982
1985 1982
1976 1983
1977 1983
1984 1986
1984 1987
1985 1986
1985 1987
1986 1987
2044 1987
2045 1987
1988 1990
1988 1991
1989 1990
1989 1991
1990 1991
1984 1990
1985 1990
2040 1991
2041 1991
1992 1994
1992 1995
1993 1994
1993 1995
1994 1995
1988 1994
1989 1994
2036 1995
2037 1995
1996 1998
1996 1999
1997 1998
1997 1999
1998 1999
1992 1998
1993 1998
2032 1999
2033 1999
2000 2002
2000 2003
2001 2002
2001 2003
2002 2003
1996 2002
1997 2002
2028 2003
2029 2003
2004 2006
2004 2007
2005 2006
2005 2007
2006 2007
2000 2006
2001 2006
2024 2007
2025 2007
2008 2010
2008 2011
2009 2010
2009 2011
2010 2011
2012 2010
2013 2010
2020 2011
2021 2011
2012 2014
2012 2015
2013 2014
2013 2015
2014 2015
2004 2014
2005 2014
2016 2015
2017 2015
2016 2018
2016 2019
2017 2018
2017 2019
2018 2019
2076 2018
2077 2018
2020 2019
2021 2019
2020 2022
2020 2023
2021 2022
2021 2023
2022 2023
2072 2022
2073 2022
2024 2026
2024 2027
2025 2026
2025 2027
2026 2027
2068 2026
2069 2026
2016 2027
2017 2027
2028 2030
2028 2031
2029 2030
2029 2031
2030 2031
2064 2030
2065 2030
2024 2031
2025 2031
2032 2034
2032 2035
2033 2034
2033 2035
2034 2035
2060 2034
2061 2034
2028 2035
2029 2035
2036 2038
2036 2039
2037 2038
2037 2039
2038 2039
2056 2038
2057 2038
2032 2039
2033 2039
2040 2042
2040 2043
2041 2042
2041 2043
2042 2043
2052 2042
2053 2042
2036 2043
2037 2043
2044 2046
2044 2047
2045 2046
2045 2047
2046 2047
2048 2046
2049 2046
2040 2047
2041 2047
2048 2050
2048 2051
2049 2050
2049 2051
2050 2051
2108 2051
2109 2051
2052 2054
2052 2055
2053 2054
2053 2055
2054 2055
2048 2054
2049 2054
2104 2055
2105 2055
2056 2058
2056 2059
2057 2058
2057 2059
2058 2059
2052 2058
2053 2058
2100 2059
2101 2059
2060 2062
2060 2063
2061 2062
2061 2063
2062 2063
2056 2062
2057 2062
2096 2063
2097 2063
2064 2066
2064 2067
2065 2066
2065 2067
2066 2067
2060 2066
2061 2066
2092 2067
2093 2067
2068 2070
2068 2071
2069 2070
2069 2071
2070 2071
2064 2070
2065 2070
2088 2071
2089 2071
2072 2074
2072 2075
2073 2074
2073 2075
2074 2075
2076 2074
2077 2074
2084 2075
2085 2075
2076 2078
2076 2079
2077 2078
2077 2079
2078 2079
2068 2078
2069 2078
2080 2079
2081 2079
2080 2082
2080 2083
2081 2082
2081 2083
2082 2083
2140 2082
2141 2082
2084 2083
2085 2083
2084 2086
2084 2087
2085 2086
2085 2087
2086 2087
2136 2086
2137 2086
2088 2090
2088 2091
2089 2090
2089 2091
2090 2091
2132 2090
2133 2090
2080 2091
2081 2091
2092 2094
2092 2095
2093 2094
2093 2095
2094 2095
2128 2094
2129 2094
2088 2095
2089 2095
2096 2098
2096 2099
2097 2098
2097 2099
2098 2099
2124 2098
2125 2098
2092 2099
2093 2099
2100 2102
2100 2103
2101 2102
2101 2103
2102 2103
2120 2102
2121 2102
2096 2103
2097 2103
2104 2106
2104 2107
2105 2106
2105 2107
2106 2107
2116 2106
2117 2106
2100 2107
2101 2107
2108 2110
2108 2111
2109 2110
2109 2111
2110 2111
2112 2110
2113 2110
2104 2111
2105 2111
2112 2114
2112 2115
2113 2114
2113 2115
2114 2115
2172 2115
2173 2115
2116 2118
2116 2119
2117 2118
2117 2119
2118 2119
2112 2118
2113 2118
2168 2119
2169 2119
2120 2122
2120 2123
2121 2122
2121 2123
2122 2123
2116 2122
2117 2122
2164 2123
2165 2123
2124 2126
2124 2127
2125 2126
2125 2127
2126 2127
2120 2126
2121 2126
2160 2127
2161 2127
2128 2130
2128 2131
2129 2130
2129 2131
2130 2131
2124 2130
2125 2130
2156 2131
2157 2131
2132 2134
2132 2135
2133 2134
2133 2135
2134 2135
2128 2134
2129 2134
2152 2135
2153 2135
2136 2138
2136 2139
2137 2138
2137 2139
2138 2139
2140 2138
2141 2138
2148 2139
2149 2139
2140 2142
2140 2143
2141 2142
2141 2143
2142 2143
2132 2142
2133 2142
2144 2143
2145 2143
2144 2146
2144 2147
2145 2146
2145 2147
2146 2147
2204 2146
2205 2146
2148 2147
2149 2147
2148 2150
2148 2151
2149 2150
2149 2151
2150 2151
2200 2150
2201 2150
2152 2154
2152 2155
2153 2154
2153 2155
2154 2155
2196 2154
2197 2154
2144 2155
2145 2155
2156 2158
2156 2159
2157 2158
2157 2159
2158 2159
2192 2158
2193 2158
2152 2159
2153 2159
2160 2162
2160 2163
2161 2162
2161 2163
2162 2163
2188 2162
2189 2162
2156 2163
2157 2163
2164 2166
2164 2167
2165 2166
2165 2167
2166 2167
2184 2166
2185 2166
2160 2167
2161 2167
2168 2170
2168 2171
2169 2170
2169 2171
2170 2171
2180 2170
2181 2170
2164 2171
2165 2171
2172 2174
2172 2175
2173 2174
2173 2175
2174 2175
2176 2174
2177 2174
2168 2175
2169 2175
2176 2178
2176 2179
2177 2178
2177 2179
2178 2179
2236 2179
2237 2179
2180 2182
2180 2183
2181 2182
2181 2183
2182 2183
2176 2182
2177 2182
2232 2183
2233 2183
2184 2186
2184 2187
2185 2186
2185 2187
2186 2187
2180 2186
2181 2186
2228 2187
2229 2187
2188 2190
2188 2191
2189 2190
2189 2191
2190 2191
2184 2190
2185 2190
2224 2191
2225 2191
2192 2194
2192 2195
2193 2194
2193 2195
2194 2195
2188 2194
2189 2194
2220 2195
2221 2195
2196 2198
2196 2199
2197 2198
2197 2199
2198 2199
2192 2198
2193 2198
2216 2199
2217 2199
2200 2202
2200 2203
2201 2202
2201 2203
2202 2203
2204 2202
2205 2202
2212 2203
2213 2203
2204 2206
2204 2207
2205 2206
2205 2207
2206 2207
2196 2206
2197 2206
2208 2207
2209 2207
2208 2210
2208 2211
2209 2210
2209 2211
2210 2211
2268 2210
2269 2210
2212 2211
2213 2211
2212 2214
2212 2215
2213 2214
2213 2215
2214 2215
2264 2214
2265 2214
2216 2218
2216 2219
2217 2218
2217 2219
2218 2219
2260 2218
2261 2218
2208 2219
2209 2219
2220 2222
2220 2223
2221 2222
2221 2223
2222 2223
2256 2222
2257 2222
2216 2223
2217 2223
2224 2226
2224 2227
2225 2226
2225 2227
2226 2227
2252 2226
2253 2226
2220 2227
2221 2227
2228 2230
2228 2231
2229 2230
2229 2231
2230 2231
2248 2230
2249 2230
2224 2231
2225 2231
2232 2234
2232 2235
2233 2234
2233 2235
2234 2235
2244 2234
2245 2234
2228 2235
2229 2235
2236 2238
2236 2239
2237 2238
2237 2239
2238 2239
2240 2238
2241 2238
2232 2239
2233 2239
2240 2242
2240 2243
2241 2242
2241 2243
2242 2243
2300 2243
2301 2243
2244 2246
2244 2247
2245 2246
2245 2247
2246 2247
2240 2246
2241 2246
2296 2247
2297 2247
2248 2250
2248 2251
2249 2250
2249 2251
2250 2251
2244 2250
2245 2250
2292 2251
2293 2251
2252 2254
2252 2255
2253 2254
2253 2255
2254 2255
2248 2254
2249 2254
2288 2255
2289 2255
2256 2258
2256 2259
2257 2258
2257 2259
2258 2259
2252 2258
2253 2258
2284 2259
2285 2259
2260 2262
2260 2263
2261 2262
2261 2263
2262 2263
2256 2262
2257 2262
2280 2263
2281 2263
2264 2266
2264 2267
2265 2266
2265 2267
2266 2267
2268 2266
2269 2266
2276 2267
2277 2267
2268 2270
2268 2271
2269 2270
2269 2271
2270 2271
2260 2270
2261 2270
2272 2271
2273 2271
2272 2274
2272 2275
2273 2274
2273 2275
2274 2275
2332 2274
2333 2274
2276 2275
2277 2275
2276 2278
2276 2279
2277 2278
2277 2279
2278 2279
2328 2278
2329 2278
2280 2282
2280 2283
2281 2282
2281 2283
2282 2283
2324 2282
2325 2282
2272 2283
2273 2283
2284 2286
2284 2287
2285 2286
2285 2287
2286 2287
2320 2286
2321 2286
2280 2287
2281 2287
2288 2290
2288 2291
2289 2290
2289 2291
2290 2291
2316 2290
2317 2290
2284 2291
2285 2291
2292 2294
2292 2295
2293 2294
2293 2295
2294 2295
2312 2294
2313 2294
2288 2295
2289 2295
2296 2298
2296 2299
2297 2298
2297 2299
2298 2299
2308 2298
2309 2298
2292 2299
2293 2299
2300 2302
2300 2303
2301 2302
2301 2303
2302 2303
2304 2302
2305 2302
2296 2303
2297 2303
2304 2306
2304 2307
2305 2306
2305 2307
2306 2307
2308 2310
2308 2311
2309 2310
2309 2311
2310 2311
2304 2310
2305 2310
2312 2314
2312 2315
2313 2314
2313 2315
2314 2315
2308 2314
2309 2314
2316 2318
2316 2319
2317 2318
2317 2319
2318 2319
2312 2318
2313 2318
2320 2322
2320 2323
2321 2322
2321 2323
2322 2323
2316 2322
2317 2322
2324 2326
2324 2327
2325 2326
2325 2327
2326 2327
2320 2326
2321 2326
2328 2330
2328 2331
2329 2330
2329 2331
2330 2331
2332 2330
2333 2330
2332 2334
2332 2335
2333 2334
2333 2335
2334 2335
2324 2334
2325 2334
2336 2338
2336 2339
2337 2338
2337 2339
2338 2339
2396 2339
2397 2339
2340 2342
2340 2343
2341 2342
2341 2343
2342 2343
2336 2342
2337 2342
2392 2343
2393 2343
2344 2346
2344 2347
2345 2346
2345 2347
2346 2347
2340 2346
2341 2346
2388 2347
2389 2347
2348 2350
2348 2351
2349 2350
2349 2351
2350 2351
2344 2350
2345 2350
2384 2351
2385 2351
2352 2354
2352 2355
2353 2354
2353 2355
2354 2355
2348 2354
2349 2354
2380 2355
2381 2355
2356 2358
2356 2359
2357 2358
2357 2359
2358 2359
2352 2358
2353 2358
2376 2359
2377 2359
2360 2362
2360 2363
2361 2362
2361 2363
2362 2363
2356 2362
2357 2362
2372 2363
2373 2363
2364 2366
2364 2367
2365 2366
2365 2367
2366 2367
2360 2366
2361 2366
2368 2367
2369 2367
2368 2370
2368 2371
2369 2370
2369 2371
2370 2371
2428 2370
2429 2370
2372 2374
2372 2375
2373 2374
2373 2375
2374 2375
2424 2374
2425 2374
2368 2375
2369 2375
2376 2378
2376 2379
2377 2378
2377 2379
2378 2379
2420 2378
2421 2378
2372 2379
2373 2379
2380 2382
2380 2383
2381 2382
2381 2383
2382 2383
2416 2382
2417 2382
2376 2383
2377 2383
2384 2386
2384 2387
2385 2386
2385 2387
2386 2387
2412 2386
2413 2386
2380 2387
2381 2387
2388 2390
2388 2391
2389 2390
2389 2391
2390 2391
2408 2390
2409 2390
2384 2391
2385 2391
2392 2394
2392 2395
2393 2394
2393 2395
2394 2395
2404 2394
2405 2394
2388 2395
2389 2395
2396 2398
2396 2399
2397 2398
2397 2399
2398 2399
2400 2398
2401 2398
2392 2399
2393 2399
2400 2402
2400 2403
2401 2402
2401 2403
2402 2403
2460 2403
2461 2403
2404 2406
2404 2407
2405 2406
2405 2407
2406 2407
2400 2406
2401 2406
2456 2407
2457 2407
2408 2410
2408 2411
2409 2410
2409 2411
2410 2411
2404 2410
2405 2410
2452 2411
2453 2411
2412 2414
2412 2415
2413 2414
2413 2415
2414 2415
2408 2414
2409 2414
2448 2415
2449 2415
2416 2418
2416 2419
2417 2418
2417 2419
2418 2419
2412 2418
2413 2418
2444 2419
2445 2419
2420 2422
2420 2423
2421 2422
2421 2423
2422 2423
2416 2422
2417 2422
2440 2423
2441 2423
2424 2426
2424 2427
2425 2426
2425 2427
2426 2427
2420 2426
2421 2426
2436 2427
2437 2427
2428 2430
2428 2431
2429 2430
2429 2431
2430 2431
2424 2430
2425 2430
2432 2431
2433 2431
2432 2434
2432 2435
2433 2434
2433 2435
2434 2435
2492 2434
2493 2434
2436 2438
2436 2439
2437 2438
2437 2439
2438 2439
2488 2438
2489 2438
2432 2439
2433 2439
2440 2442
2440 2443
2441 2442
2441 2443
2442 2443
2484 2442
2485 2442
2436 2443
2437 2443
2444 2446
2444 2447
2445 2446
2445 2447
2446 2447
2480 2446
2481 2446
2440 2447
2441 2447
2448 2450
2448 2451
2449 2450
2449 2451
2450 2451
2476 2450
2477 2450
2444 2451
2445 2451
2452 2454
2452 2455
2453 2454
2453 2455
2454 2455
2472 2454
2473 2454
2448 2455
2449 2455
2456 2458
2456 2459
2457 2458
2457 2459
2458 2459
2468 2458
2469 2458
2452 2459
2453 2459
2460 2462
2460 2463
2461 2462
2461 2463
2462 2463
2464 2462
2465 2462
2456 2463
2457 2463
2464 2466
2464 2467
2465 2466
2465 2467
2466 2467
2524 2467
2525 2467
2468 2470
2468 2471
2469 2470
2469 2471
2470 2471
2464 2470
2465 2470
2520 2471
2521 2471
2472 2474
2472 2475
2473 2474
2473 2475
2474 2475
2468 2474
2469 2474
2516 2475
2517 2475
2476 2478
2476 2479
2477 2478
2477 2479
2478 2479
2472 2478
2473 2478
2512 2479
2513 2479
2480 2482
2480 2483
2481 2482
2481 2483
2482 2483
2476 2482
2477 2482
2508 2483
2509 2483
2484 2486
2484 2487
2485 2486
2485 2487
2486 2487
2480 2486
2481 2486
2504 2487
2505 2487
2488 2490
2488 2491
2489 2490
2489 2491
2490 2491
2484 2490
2485 2490
2500 2491
2501 2491
2492 2494
2492 2495
2493 2494
2493 2495
2494 2495
2488 2494
2489 2494
2496 2495
2497 2495
2496 2498
2496 2499
2497 2498
2497 2499
2498 2499
2556 2498
2557 2498
2500 2502
2500 2503
2501 2502
2501 2503
2502 2503
2552 2502
2553 2502
2496 2503
2497 2503
2504 2506
2504 2507
2505 2506
2505 2507
2506 2507
2548 2506
2549 2506
2500 2507
2501 2507
2508 2510
2508 2511
2509 2510
2509 2511
2510 2511
2544 2510
2545 2510
2504 2511
2505 2511
2512 2514
2512 2515
2513 2514
2513 2515
2514 2515
2540 2514
2541 2514
2508 2515
2509 2515
2516 2518
2516 2519
2517 2518
2517 2519
2518 2519
2536 2518
2537 2518
2512 2519
2513 2519
2520 2522
2520 2523
2521 2522
2521 2523
2522 2523
2532 2522
2533 2522
2516 2523
2517 2523
2524 2526
2524 2527
2525 2526
2525 2527
2526 2527
2528 2526
2529 2526
2520 2527
2521 2527
2528 2530
2528 2531
2529 2530
2529 2531
2530 2531
2588 2531
2589 2531
2532 2534
2532 2535
2533 2534
2533 2535
2534 2535
2528 2534
2529 2534
2584 2535
2585 2535
2536 2538
2536 2539
2537 2538
2537 2539
2538 2539
2532 2538
2533 2538
2580 2539
2581 2539
2540 2542
2540 2543
2541 2542
2541 2543
2542 2543
2536 2542
2537 2542
2576 2543
2577 2543
2544 2546
2544 2547
2545 2546
2545 2547
2546 2547
2540 2546
2541 2546
2572 2547
2573 2547
2548 2550
2548 2551
2549 2550
2549 2551
2550 2551
2544 2550
2545 2550
2568 2551
2569 2551
2552 2554
2552 2555
2553 2554
2553 2555
2554 2555
2548 2554
2549 2554
2564 2555
2565 2555
2556 2558
2556 2559
2557 2558
2557 2559
2558 2559
2552 2558
2553 2558
2560 2559
2561 2559
2560 2562
2560 2563
2561 2562
2561 2563
2562 2563
2620 2562
2621 2562
2564 2566
2564 2567
2565 2566
2565 2567
2566 2567
2616 2566
2617 2566
2560 2567
2561 2567
2568 2570
2568 2571
2569 2570
2569 2571
2570 2571
2612 2570
2613 2570
2564 2571
2565 2571
2572 2574
2572 2575
2573 2574
2573 2575
2574 2575
2608 2574
2609 2574
2568 2575
2569 2575
2576 2578
2576 2579
2577 2578
2577 2579
2578 2579
2604 2578
2605 2578
2572 2579
2573 2579
2580 2582
2580 2583
2581 2582
2581 2583
2582 2583
2600 2582
2601 2582
2576 2583
2577 2583
2584 2586
2584 2587
2585 2586
2585 2587
2586 2587
2596 2586
2597 2586
2580 2587
2581 2587
2588 2590
2588 2591
2589 2590
2589 2591
2590 2591
2592 2590
2593 2590
2584 2591
2585 2591
2592 2594
2592 2595
2593 2594
2593 2595
2594 2595
2652 2595
2653 2595
2596 2598
2596 2599
2597 2598
2597 2599
2598 2599
2592 2598
2593 2598
2648 2599
2649 2599
2600 2602
2600 2603
2601 2602
2601 2603
2602 2603
2596 2602
2597 2602
2644 2603
2645 2603
2604 2606
2604 2607
2605 2606
2605 2607
2606 2607
2600 2606
2601 2606
2640 2607
2641 2607
2608 2610
2608 2611
2609 2610
2609 2611
2610 2611
2604 2610
2605 2610
2636 2611
2637 2611
2612 2614
2612 2615
2613 2614
2613 2615
2614 2615
2608 2614
2609 2614
2632 2615
2633 2615
2616 2618
2616 2619
2617 2618
2617 2619
2618 2619
2612 2618
2613 2618
2628 2619
2629 2619
2620 2622
2620 2623
2621 2622
2621 2623
2622 2623
2616 2622
2617 2622
2624 2623
2625 2623
2624 2626
2624 2627
2625 2626
2625 2627
2626 2627
2684 2626
2685 2626
2628 2630
2628 2631
2629 2630
2629 2631
2630 2631
2680 2630
2681 2630
2624 2631
2625 2631
2632 2634
2632 2635
2633 2634
2633 2635
2634 2635
2676 2634
2677 2634
2628 2635
2629 2635
2636 2638
2636 2639
2637 2638
2637 2639
2638 2639
2672 2638
2673 2638
2632 2639
2633 2639
2640 2642
2640 2643
2641 2642
2641 2643
2642 2643
2668 2642
2669 2642
2636 2643
2637 2643
2644 2646
2644 2647
2645 2646
2645 2647
2646 2647
2664 2646
2665 2646
2640 2647
2641 2647
2648 2650
2648 2651
2649 2650
2649 2651
2650 2651
2660 2650
2661 2650
2644 2651
2645 2651
2652 2654
2652 2655
2653 2654
2653 2655
2654 2655
2656 2654
2657 2654
2648 2655
2649 2655
2656 2658
2656 2659
2657 2658
2657 2659
2658 2659
2716 2659
2717 2659
2660 2662
2660 2663
2661 2662
2661 2663
2662 2663
2656 2662
2657 2662
2712 2663
2713 2663
2664 2666
2664 2667
2665 2666
2665 2667
2666 2667
2660 2666
2661 2666
2708 2667
2709 2667
2668 2670
2668 2671
2669 2670
2669 2671
2670 2671
2664 2670
2665 2670
2704 2671
2705 2671
2672 2674
2672 2675
2673 2674
2673 2675
2674 2675
2668 2674
2669 2674
2700 2675
2701 2675
2676 2678
2676 2679
2677 2678
2677 2679
2678 2679
2672 2678
2673 2678
2696 2679
2697 2679
2680 2682
2680 2683
2681 2682
2681 2683
2682 2683
2676 2682
2677 2682
2692 2683
2693 2683
2684 2686
2684 2687
2685 2686
2685 2687
2686 2687
2680 2686
2681 2686
2688 2687
2689 2687
2688 2690
2688 2691
2689 2690
2689 2691
2690 2691
2748 2690
2749 2690
2692 2694
2692 2695
2693 2694
2693 2695
2694 2695
2744 2694
2745 2694
2688 2695
2689 2695
2696 2698
2696 2699
2697 2698
2697 2699
2698 2699
2740 2698
2741 2698
2692 2699
2693 2699
2700 2702
2700 2703
2701 2702
2701 2703
2702 2703
2736 2702
2737 2702
2696 2703
2697 2703
2704 2706
2704 2707
2705 2706
2705 2707
2706 2707
2732 2706
2733 2706
2700 2707
2701 2707
2708 2710
2708 2711
2709 2710
2709 2711
2710 2711
2728 2710
2729 2710
2704 2711
2705 2711
2712 2714
2712 2715
2713 2714
2713 2715
2714 2715
2724 2714
2725 2714
2708 2715
2709 2715
2716 2718
2716 2719
2717 2718
2717 2719
2718 2719
2720 2718
2721 2718
2712 2719
2713 2719
2720 2722
2720 2723
2721 2722
2721 2723
2722 2723
2780 2723
2781 2723
2724 2726
2724 2727
2725 2726
2725 2727
2726 2727
2720 2726
2721 2726
2776 2727
2777 2727
2728 2730
2728 2731
2729 2730
2729 2731
2730 2731
2724 2730
2725 2730
2772 2731
2773 2731
2732 2734
2732 2735
2733 2734
2733 2735
2734 2735
2728 2734
2729 2734
2768 2735
2769 2735
2736 2738
2736 2739
2737 2738
2737 2739
2738 2739
2732 2738
2733 2738
2764 2739
2765 2739
2740 2742
2740 2743
2741 2742
2741 2743
2742 2743
2736 2742
2737 2742
2760 2743
2761 2743
2744 2746
2744 2747
2745 2746
2745 2747
2746 2747
2740 2746
2741 2746
2752 2747
2753 2747
2748 2750
2748 2751
2749 2750
2749 2751
2750 2751
2744 2750
2745 2750
2756 2751
2757 2751
2752 2754
2752 2755
2753 2754
2753 2755
2754 2755
2812 2754
2813 2754
2756 2755
2757 2755
2756 2758
2756 2759
2757 2758
2757 2759
2758 2759
2808 2758
2809 2758
2760 2762
2760 2763
2761 2762
2761 2763
2762 2763
2804 2762
2805 2762
2752 2763
2753 2763
2764 2766
2764 2767
2765 2766
2765 2767
2766 2767
2800 2766
2801 2766
2760 2767
2761 2767
2768 2770
2768 2771
2769 2770
2769 2771
2770 2771
2796 2770
2797 2770
2764 2771
2765 2771
2772 2774
2772 2775
2773 2774
2773 2775
2774 2775
2792 2774
2793 2774
2768 2775
2769 2775
2776 2778
2776 2779
2777 2778
2777 2779
2778 2779
2788 2778
2789 2778
2772 2779
2773 2779
2780 2782
2780 2783
2781 2782
2781 2783
2782 2783
2784 2782
2785 2782
2776 2783
2777 2783
2784 2786
2784 2787
2785 2786
2785 2787
2786 2787
2844 2787
2845 2787
2788 2790
2788 2791
2789 2790
2789 2791
2790 2791
2784 2790
2785 2790
2840 2791
2841 2791
2792 2794
2792 2795
2793 2794
2793 2795
2794 2795
2788 2794
2789 2794
2836 2795
2837 2795
2796 2798
2796 2799
2797 2798
2797 2799
2798 2799
2792 2798
2793 2798
2832 2799
2833 2799
2800 2802
2800 2803
2801 2802
2801 2803
2802 2803
2796 2802
2797 2802
2828 2803
2829 2803
2804 2806
2804 2807
2805 2806
2805 2807
2806 2807
2800 2806
2801 2806
2824 2807
2825 2807
2808 2810
2808 2811
2809 2810
2809 2811
2810 2811
2812 2810
2813 2810
2820 2811
2821 2811
2812 2814
2812 2815
2813 2814
2813 2815
2814 2815
2804 2814
2805 2814
2816 2815
2817 2815
2816 2818
2816 2819
2817 2818
2817 2819
2818 2819
2876 2818
2877 2818
2820 2819
2821 2819
2820 2822
2820 2823
2821 2822
2821 2823
2822 2823
2872 2822
2873 2822
2824 2826
2824 2827
2825 2826
2825 2827
2826 2827
2868 2826
2869 2826
2816 2827
2817 2827
2828 2830
2828 2831
2829 2830
2829 2831
2830 2831
2864 2830
2865 2830
2824 2831
2825 2831
2832 2834
2832 2835
2833 2834
2833 2835
2834 2835
2860 2834
2861 2834
2828 2835
2829 2835
2836 2838
2836 2839
2837 2838
2837 2839
2838 2839
2856 2838
2857 2838
2832 2839
2833 2839
2840 2842
2840 2843
2841 2842
2841 2843
2842 2843
2852 2842
2853 2842
2836 2843
2837 2843
2844 2846
2844 2847
2845 2846
2845 2847
2846 2847
2848 2846
2849 2846
2840 2847
2841 2847
2848 2850
2848 2851
2849 2850
2849 2851
2850 2851
2908 2851
2909 2851
2852 2854
2852 2855
2853 2854
2853 2855
2854 2855
2848 2854
2849 2854
2904 2855
2905 2855
2856 2858
2856 2859
2857 2858
2857 2859
2858 2859
2852 2858
2853 2858
2900 2859
2901 2859
2860 2862
2860 2863
2861 2862
2861 2863
2862 2863
2856 2862
2857 2862
2896 2863
2897 2863
2864 2866
2864 2867
2865 2866
2865 2867
2866 2867
2860 2866
2861 2866
2892 2867
2893 2867
2868 2870
2868 2871
2869 2870
2869 2871
2870 2871
2864 2870
2865 2870
2888 2871
2889 2871
2872 2874
2872 2875
2873 2874
2873 2875
2874 2875
2876 2874
2877 2874
2884 2875
2885 2875
2876 2878
2876 2879
2877 2878
2877 2879
2878 2879
2868 2878
2869 2878
2880 2879
2881 2879
2880 2882
2880 2883
2881 2882
2881 2883
2882 2883
2940 2882
2941 2882
2884 2883
2885 2883
2884 2886
2884 2887
2885 2886
2885 2887
2886 2887
2936 2886
2937 2886
2888 2890
2888 2891
2889 2890
2889 2891
2890 2891
2932 2890
2933 2890
2880 2891
2881 2891
2892 2894
2892 2895
2893 2894
2893 2895
2894 2895
2928 2894
2929 2894
2888 2895
2889 2895
2896 2898
2896 2899
2897 2898
2897 2899
2898 2899
2924 2898
2925 2898
2892 2899
2893 2899
2900 2902
2900 2903
2901 2902
2901 2903
2902 2903
2920 2902
2921 2902
2896 2903
2897 2903
2904 2906
2904 2907
2905 2906
2905 2907
2906 2907
2916 2906
2917 2906
2900 2907
2901 2907
2908 2910
2908 2911
2909 2910
2909 2911
2910 2911
2912 2910
2913 2910
2904 2911
2905 2911
2912 2914
2912 2915
2913 2914
2913 2915
2914 2915
2972 2915
2973 2915
2916 2918
2916 2919
2917 2918
2917 2919
2918 2919
2912 2918
2913 2918
2968 2919
2969 2919
2920 2922
2920 2923
2921 2922
2921 2923
2922 2923
2916 2922
2917 2922
2964 2923
2965 2923
2924 2926
2924 2927
2925 2926
2925 2927
2926 2927
2920 2926
2921 2926
2960 2927
2961 2927
2928 2930
2928 2931
2929 2930
2929 2931
2930 2931
2924 2930
2925 2930
2956 2931
2957 2931
2932 2934
2932 2935
2933 2934
2933 2935
2934 2935
2928 2934
2929 2934
2952 2935
2953 2935
2936 2938
2936 2939
2937 2938
2937 2939
2938 2939
2940 2938
2941 2938
2948 2939
2949 2939
2940 2942
2940 2943
2941 2942
2941 2943
2942 2943
2932 2942
2933 2942
2944 2943
2945 2943
2944 2946
2944 2947
2945 2946
2945 2947
2946 2947
3004 2946
3005 2946
2948 2947
2949 2947
2948 2950
2948 2951
2949 2950
2949 2951
2950 2951
3000 2950
3001 2950
2952 2954
2952 2955
2953 2954
2953 2955
2954 2955
2996 2954
2997 2954
2944 2955
2945 2955
2956 2958
2956 2959
2957 2958
2957 2959
2958 2959
2992 2958
2993 2958
2952 2959
2953 2959
2960 2962
2960 2963
2961 2962
2961 2963
2962 2963
2988 2962
2989 2962
2956 2963
2957 2963
2964 2966
2964 2967
2965 2966
2965 2967
2966 2967
2984 2966
2985 2966
2960 2967
2961 2967
2968 2970
2968 2971
2969 2970
2969 2971
2970 2971
2980 2970
2981 2970
2964 2971
2965 2971
2972 2974
2972 2975
2973 2974
2973 2975
2974 2975
2976 2974
2977 2974
2968 2975
2969 2975
2976 2978
2976 2979
2977 2978
2977 2979
2978 2979
3036 2979
3037 2979
2980 2982
2980 2983
2981 2982
2981 2983
2982 2983
2976 2982
2977 2982
3032 2983
3033 2983
2984 2986
2984 2987
2985 2986
2985 2987
2986 2987
2980 2986
2981 2986
3028 2987
3029 2987
2988 2990
2988 2991
2989 2990
2989 2991
2990 2991
2984 2990
2985 2990
3024 2991
3025 2991
2992 2994
2992 2995
2993 2994
2993 2995
2994 2995
2988 2994
2989 2994
3020 2995
3021 2995
2996 2998
2996 2999
2997 2998
2997 2999
2998 2999
2992 2998
2993 2998
3016 2999
3017 2999
3000 3002
3000 3003
3001 3002
3001 3003
3002 3003
3004 3002
3005 3002
3012 3003
3013 3003
3004 3006
3004 3007
3005 3006
3005 3007
3006 3007
2996 3006
2997 3006
3008 3007
3009 3007
3008 3010
3008 3011
3009 3010
3009 3011
3010 3011
3068 3010
3069 3010
3012 3011
3013 3011
3012 3014
3012 3015
3013 3014
3013 3015
3014 3015
3064 3014
3065 3014
3016 3018
3016 3019
3017 3018
3017 3019
3018 3019
3060 3018
3061 3018
3008 3019
3009 3019
3020 3022
3020 3023
3021 3022
3021 3023
3022 3023
3056 3022
3057 3022
3016 3023
3017 3023
3024 3026
3024 3027
3025 3026
3025 3027
3026 3027
3052 3026
3053 3026
3020 3027
3021 3027
3028 3030
3028 3031
3029 3030
3029 3031
3030 3031
3048 3030
3049 3030
3024 3031
3025 3031
3032 3034
3032 3035
3033 3034
3033 3035
3034 3035
3044 3034
3045 3034
3028 3035
3029 3035
3036 3038
3036 3039
3037 3038
3037 3039
3038 3039
3040 3038
3041 3038
3032 3039
3033 3039
3040 3042
3040 3043
3041 3042
3041 3043
3042 3043
3100 3043
3101 3043
3044 3046
3044 3047
3045 3046
3045 3047
3046 3047
3040 3046
3041 3046
3096 3047
3097 3047
3048 3050
3048 3051
3049 3050
3049 3051
3050 3051
3044 3050
3045 3050
3092 3051
3093 3051
3052 3054
3052 3055
3053 3054
3053 3055
3054 3055
3048 3054
3049 3054
3088 3055
3089 3055
3056 3058
3056 3059
3057 3058
3057 3059
3058 3059
3052 3058
3053 3058
3084 3059
3085 3059
3060 3062
3060 3063
3061 3062
3061 3063
3062 3063
3056 3062
3057 3062
3080 3063
3081 3063
3064 3066
3064 3067
3065 3066
3065 3067
3066 3067
3068 3066
3069 3066
3076 3067
3077 3067
3068 3070
3068 3071
3069 3070
3069 3071
3070 3071
3060 3070
3061 3070
3072 3071
3073 3071
3072 3074
3072 3075
3073 3074
3073 3075
3074 3075
3132 3074
3133 3074
3076 3075
3077 3075
3076 3078
3076 3079
3077 3078
3077 3079
3078 3079
3128 3078
3129 3078
3080 3082
3080 3083
3081 3082
3081 3083
3082 3083
3124 3082
3125 3082
3072 3083
3073 3083
3084 3086
3084 3087
3085 3086
3085 3087
3086 3087
3120 3086
3121 3086
3080 3087
3081 3087
3088 3090
3088 3091
3089 3090
3089 3091
3090 3091
3116 3090
3117 3090
3084 3091
3085 3091
3092 3094
3092 3095
3093 3094
3093 3095
3094 3095
3112 3094
3113 3094
3088 3095
3089 3095
3096 3098
3096 3099
3097 3098
3097 3099
3098 3099
3108 3098
3109 3098
3092 3099
3093 3099
3100 3102
3100 3103
3101 3102
3101 3103
3102 3103
3104 3102
3105 3102
3096 3103
3097 3103
3104 3106
3104 3107
3105 3106
3105 3107
3106 3107
3108 3110
3108 3111
3109 3110
3109 3111
3110 3111
3104 3110
3105 3110
3112 3114
3112 3115
3113 3114
3113 3115
3114 3115
3108 3114
3109 3114
3116 3118
3116 3119
3117 3118
3117 3119
3118 3119
3112 3118
3113 3118
3120 3122
3120 3123
3121 3122
3121 3123
3122 3123
3116 3122
3117 3122
3124 3126
3124 3127
3125 3126
3125 3127
3126 3127
3120 3126
3121 3126
3128 3130
3128 3131
3129 3130
3129 3131
3130 3131
3132 3130
3133 3130
3132 3134
3132 3135
3133 3134
3133 3135
3134 3135
3124 3134
3125 3134
3136 3138
3136 3139
3137 3138
3137 3139
3138 3139
3196 3139
3197 3139
3140 3142
3140 3143
3141 3142
3141 3143
3142 3143
3136 3142
3137 3142
3192 3143
3193 3143
3144 3146
3144 3147
3145 3146
3145 3147
3146 3147
3140 3146
3141 3146
3188 3147
3189 3147
3148 3150
3148 3151
3149 3150
3149 3151
3150 3151
3144 3150
3145 3150
3184 3151
3185 3151
3152 3154
3152 3155
3153 3154
3153 3155
3154 3155
3148 3154
3149 3154
3180 3155
3181 3155
3156 3158
3156 3159
3157 3158
3157 3159
3158 3159
3152 3158
3153 3158
3176 3159
3177 3159
3160 3162
3160 3163
3161 3162
3161 3163
3162 3163
3156 3162
3157 3162
3172 3163
3173 3163
3164 3166
3164 3167
3165 3166
3165 3167
3166 3167
3160 3166
3161 3166
3168 3167
3169 3167
3168 3170
3168 3171
3169 3170
3169 3171
3170 3171
3228 3170
3229 3170
3172 3174
3172 3175
3173 3174
3173 3175
3174 3175
3224 3174
3225 3174
3168 3175
3169 3175
3176 3178
3176 3179
3177 3178
3177 3179
3178 3179
3220 3178
3221 3178
3172 3179
3173 3179
3180 3182
3180 3183
3181 3182
3181 3183
3182 3183
3216 3182
3217 3182
3176 3183
3177 3183
3184 3186
3184 3187
3185 3186
3185 3187
3186 3187
3212 3186
3213 3186
3180 3187
3181 3187
3188 3190
3188 3191
3189 3190
3189 3191
3190 3191
3208 3190
3209 3190
3184 3191
3185 3191
3192 3194
3192 3195
3193 3194
3193 3195
3194 3195
3204 3194
3205 3194
3188 3195
3189 3195
3196 3198
3196 3199
3197 3198
3197 3199
3198 3199
3200 3198
3201 3198
3192 3199
3193 3199
3200 3202
3200 3203
3201 3202
3201 3203
3202 3203
3260 3203
3261 3203
3204 3206
3204 3207
3205 3206
3205 3207
3206 3207
3200 3206
3201 3206
3256 3207
3257 3207
3208 3210
3208 3211
3209 3210
3209 3211
3210 3211
3204 3210
3205 3210
3252 3211
3253 3211
3212 3214
3212 3215
3213 3214
3213 3215
3214 3215
3208 3214
3209 3214
3248 3215
3249 3215
3216 3218
3216 3219
3217 3218
3217 3219
3218 3219
3212 3218
3213 3218
3244 3219
3245 3219
3220 3222
3220 3223
3221 3222
3221 3223
3222 3223
3216 3222
3217 3222
3240 3223
3241 3223
3224 3226
3224 3227
3225 3226
3225 3227
3226 3227
3220 3226
3221 3226
3236 3227
3237 3227
3228 3230
3228 3231
3229 3230
3229 3231
3230 3231
3224 3230
3225 3230
3232 3231
3233 3231
3232 3234
3232 3235
3233 3234
3233 3235
3234 3235
3292 3234
3293 3234
3236 3238
3236 3239
3237 3238
3237 3239
3238 3239
3288 3238
3289 3238
3232 3239
3233 3239
3240 3242
3240 3243
3241 3242
3241 3243
3242 3243
3284 3242
3285 3242
3236 3243
3237 3243
3244 3246
3244 3247
3245 3246
3245 3247
3246 3247
3280 3246
3281 3246
3240 3247
3241 3247
3248 3250
3248 3251
3249 3250
3249 3251
3250 3251
3276 3250
3277 3250
3244 3251
3245 3251
3252 3254
3252 3255
3253 3254
3253 3255
3254 3255
3272 3254
3273 3254
3248 3255
3249 3255
3256 3258
3256 3259
3257 3258
3257 3259
3258 3259
3268 3258
3269 3258
3252 3259
3253 3259
3260 3262
3260 3263
3261 3262
3261 3263
3262 3263
3264 3262
3265 3262
3256 3263
3257 3263
3264 3266
3264 3267
3265 3266
3265 3267
3266 3267
3324 3267
3325 3267
3268 3270
3268 3271
3269 3270
3269 3271
3270 3271
3264 3270
3265 3270
3320 3271
3321 3271
3272 3274
3272 3275
3273 3274
3273 3275
3274 3275
3268 3274
3269 3274
3316 3275
3317 3275
3276 3278
3276 3279
3277 3278
3277 3279
3278 3279
3272 3278
3273 3278
3312 3279
3313 3279
3280 3282
3280 3283
3281 3282
3281 3283
3282 3283
3276 3282
3277 3282
3308 3283
3309 3283
3284 3286
3284 3287
3285 3286
3285 3287
3286 3287
3280 3286
3281 3286
3304 3287
3305 3287
3288 3290
3288 3291
3289 3290
3289 3291
3290 3291
3284 3290
3285 3290
3300 3291
3301 3291
3292 3294
3292 3295
3293 3294
3293 3295
3294 3295
3288 3294
3289 3294
3296 3295
3297 3295
3296 3298
3296 3299
3297 3298
3297 3299
3298 3299
3356 3298
3357 3298
3300 3302
3300 3303
3301 3302
3301 3303
3302 3303
3352 3302
3353 3302
3296 3303
3297 3303
3304 3306
3304 3307
3305 3306
3305 3307
3306 3307
3348 3306
3349 3306
3300 3307
3301 3307
3308 3310
3308 3311
3309 3310
3309 3311
3310 3311
3344 3310
3345 3310
3304 3311
3305 3311
3312 3314
3312 3315
3313 3314
3313 3315
3314 3315
3340 3314
3341 3314
3308 3315
3309 3315
3316 3318
3316 3319
3317 3318
3317 3319
3318 3319
3336 3318
3337 3318
3312 3319
3313 3319
3320 3322
3320 3323
3321 3322
3321 3323
3322 3323
3332 3322
3333 3322
3316 3323
3317 3323
3324 3326
3324 3327
3325 3326
3325 3327
3326 3327
3328 3326
3329 3326
3320 3327
3321 3327
3328 3330
3328 3331
3329 3330
3329 3331
3330 3331
3388 3331
3389 3331
3332 3334
3332 3335
3333 3334
3333 3335
3334 3335
3328 3334
3329 3334
3384 3335
3385 3335
3336 3338
3336 3339
3337 3338
3337 3339
3338 3339
3332 3338
3333 3338
3380 3339
3381 3339
3340 3342
3340 3343
3341 3342
3341 3343
3342 3343
3336 3342
3337 3342
3376 3343
3377 3343
3344 3346
3344 3347
3345 3346
3345 3347
3346 3347
3340 3346
3341 3346
3372 3347
3373 3347
3348 3350
3348 3351
3349 3350
3349 3351
3350 3351
3344 3350
3345 3350
3368 3351
3369 3351
3352 3354
3352 3355
3353 3354
3353 3355
3354 3355
3348 3354
3349 3354
3364 3355
3365 3355
3356 3358
3356 3359
3357 3358
3357 3359
3358 3359
3352 3358
3353 3358
3360 3359
3361 3359
3360 3362
3360 3363
3361 3362
3361 3363
3362 3363
3420 3362
3421 3362
3364 3366
3364 3367
3365 3366
3365 3367
3366 3367
3416 3366
3417 3366
3360 3367
3361 3367
3368 3370
3368 3371
3369 3370
3369 3371
3370 3371
3412 3370
3413 3370
3364 3371
3365 3371
3372 3374
3372 3375
3373 3374
3373 3375
3374 3375
3408 3374
3409 3374
3368 3375
3369 3375
3376 3378
3376 3379
3377 3378
3377 3379
3378 3379
3404 3378
3405 3378
3372 3379
3373 3379
3380 3382
3380 3383
3381 3382
3381 3383
3382 3383
3400 3382
3401 3382
3376 3383
3377 3383
3384 3386
3384 3387
3385 3386
3385 3387
3386 3387
3396 3386
3397 3386
3380 3387
3381 3387
3388 3390
3388 3391
3389 3390
3389 3391
3390 3391
3392 3390
3393 3390
3384 3391
3385 3391
3392 3394
3392 3395
3393 3394
3393 3395
3394 3395
3452 3395
3453 3395
3396 3398
3396 3399
3397 3398
3397 3399
3398 3399
3392 3398
3393 3398
3448 3399
3449 3399
3400 3402
3400 3403
3401 3402
3401 3403
3402 3403
3396 3402
3397 3402
3444 3403
3445 3403
3404 3406
3404 3407
3405 3406
3405 3407
3406 3407
3400 3406
3401 3406
3440 3407
3441 3407
3408 3410
3408 3411
3409 3410
3409 3411
3410 3411
3404 3410
3405 3410
3436 3411
3437 3411
3412 3414
3412 3415
3413 3414
3413 3415
3414 3415
3408 3414
3409 3414
3432 3415
3433 3415
3416 3418
3416 3419
3417 3418
3417 3419
3418 3419
3412 3418
3413 3418
3428 3419
3429 3419
3420 3422
3420 3423
3421 3422
3421 3423
3422 3423
3416 3422
3417 3422
3424 3423
3425 3423
3424 3426
3424 3427
3425 3426
3425 3427
3426 3427
3484 3426
3485 3426
3428 3430
3428 3431
3429 3430
3429 3431
3430 3431
3480 3430
3481 3430
3424 3431
3425 3431
3432 3434
3432 3435
3433 3434
3433 3435
3434 3435
3476 3434
3477 3434
3428 3435
3429 3435
3436 3438
3436 3439
3437 3438
3437 3439
3438 3439
3472 3438
3473 3438
3432 3439
3433 3439
3440 3442
3440 3443
3441 3442
3441 3443
3442 3443
3468 3442
3469 3442
3436 3443
3437 3443
3444 3446
3444 3447
3445 3446
3445 3447
3446 3447
3464 3446
3465 3446
3440 3447
3441 3447
3448 3450
3448 3451
3449 3450
3449 3451
3450 3451
3460 3450
3461 3450
3444 3451
3445 3451
3452 3454
3452 3455
3453 3454
3453 3455
3454 3455
3456 3454
3457 3454
3448 3455
3449 3455
3456 3458
3456 3459
3457 3458
3457 3459
3458 3459
3516 3459
3517 3459
3460 3462
3460 3463
3461 3462
3461 3463
3462 3463
3456 3462
3457 3462
3512 3463
3513 3463
3464 3466
3464 3467
3465 3466
3465 3467
3466 3467
3460 3466
3461 3466
3508 3467
3509 3467
3468 3470
3468 3471
3469 3470
3469 3471
3470 3471
3464 3470
3465 3470
3504 3471
3505 3471
3472 3474
3472 3475
3473 3474
3473 3475
3474 3475
3468 3474
3469 3474
3500 3475
3501 3475
3476 3478
3476 3479
3477 3478
3477 3479
3478 3479
3472 3478
3473 3478
3496 3479
3497 3479
3480 3482
3480 3483
3481 3482
3481 3483
3482 3483
3476 3482
3477 3482
3492 3483
3493 3483
3484 3486
3484 3487
3485 3486
3485 3487
3486 3487
3480 3486
3481 3486
3488 3487
3489 3487
3488 3490
3488 3491
3489 3490
3489 3491
3490 3491
3548 3490
3549 3490
3492 3494
3492 3495
3493 3494
3493 3495
3494 3495
3544 3494
3545 3494
3488 3495
3489 3495
3496 3498
3496 3499
3497 3498
3497 3499
3498 3499
3540 3498
3541 3498
3492 3499
3493 3499
3500 3502
3500 3503
3501 3502
3501 3503
3502 3503
3536 3502
3537 3502
3496 3503
3497 3503
3504 3506
3504 3507
3505 3506
3505 3507
3506 3507
3532 3506
3533 3506
3500 3507
3501 3507
3508 3510
3508 3511
3509 3510
3509 3511
3510 3511
3528 3510
3529 3510
3504 3511
3505 3511
3512 3514
3512 3515
3513 3514
3513 3515
3514 3515
3524 3514
3525 3514
3508 3515
3509 3515
3516 3518
3516 3519
3517 3518
3517 3519
3518 3519
3520 3518
3521 3518
3512 3519
3513 3519
3520 3522
3520 3523
3521 3522
3521 3523
3522 3523
3580 3523
3581 3523
3524 3526
3524 3527
3525 3526
3525 3527
3526 3527
3520 3526
3521 3526
3576 3527
3577 3527
3528 3530
3528 3531
3529 3530
3529 3531
3530 3531
3524 3530
3525 3530
3572 3531
3573 3531
3532 3534
3532 3535
3533 3534
3533 3535
3534 3535
3528 3534
3529 3534
3568 3535
3569 3535
3536 3538
3536 3539
3537 3538
3537 3539
3538 3539
3532 3538
3533 3538
3564 3539
3565 3539
3540 3542
3540 3543
3541 3542
3541 3543
3542 3543
3536 3542
3537 3542
3560 3543
3561 3543
3544 3546
3544 3547
3545 3546
3545 3547
3546 3547
3540 3546
3541 3546
3556 3547
3557 3547
3548 3550
3548 3551
3549 3550
3549 3551
3550 3551
3544 3550
3545 3550
3552 3551
3553 3551
3552 3554
3552 3555
3553 3554
3553 3555
3554 3555
3608 3554
3609 3554
3556 3558
3556 3559
3557 3558
3557 3559
3558 3559
3612 3558
3613 3558
3552 3559
3553 3559
3560 3562
3560 3563
3561 3562
3561 3563
3562 3563
3604 3562
3605 3562
3556 3563
3557 3563
3564 3566
3564 3567
3565 3566
3565 3567
3566 3567
3600 3566
3601 3566
3560 3567
3561 3567
3568 3570
3568 3571
3569 3570
3569 3571
3570 3571
3596 3570
3597 3570
3564 3571
3565 3571
3572 3574
3572 3575
3573 3574
3573 3575
3574 3575
3592 3574
3593 3574
3568 3575
3569 3575
3576 3578
3576 3579
3577 3578
3577 3579
3578 3579
3588 3578
3589 3578
3572 3579
3573 3579
3580 3582
3580 3583
3581 3582
3581 3583
3582 3583
3584 3582
3585 3582
3576 3583
3577 3583
3584 3586
3584 3587
3585 3586
3585 3587
3586 3587
3644 3587
3645 3587
3588 3590
3588 3591
3589 3590
3589 3591
3590 3591
3584 3590
3585 3590
3640 3591
3641 3591
3592 3594
3592 3595
3593 3594
3593 3595
3594 3595
3588 3594
3589 3594
3636 3595
3637 3595
3596 3598
3596 3599
3597 3598
3597 3599
3598 3599
3592 3598
3593 3598
3632 3599
3633 3599
3600 3602
3600 3603
3601 3602
3601 3603
3602 3603
3596 3602
3597 3602
3628 3603
3629 3603
3604 3606
3604 3607
3605 3606
3605 3607
3606 3607
3600 3606
3601 3606
3624 3607
3625 3607
3608 3610
3608 3611
3609 3610
3609 3611
3610 3611
3612 3610
3613 3610
3620 3611
3621 3611
3612 3614
3612 3615
3613 3614
3613 3615
3614 3615
3604 3614
3605 3614
3616 3615
3617 3615
3616 3618
3616 3619
3617 3618
3617 3619
3618 3619
3676 3618
3677 3618
3620 3619
3621 3619
3620 3622
3620 3623
3621 3622
3621 3623
3622 3623
3672 3622
3673 3622
3624 3626
3624 3627
3625 3626
3625 3627
3626 3627
3668 3626
3669 3626
3616 3627
3617 3627
3628 3630
3628 3631
3629 3630
3629 3631
3630 3631
3664 3630
3665 3630
3624 3631
3625 3631
3632 3634
3632 3635
3633 3634
3633 3635
3634 3635
3660 3634
3661 3634
3628 3635
3629 3635
3636 3638
3636 3639
3637 3638
3637 3639
3638 3639
3656 3638
3657 3638
3632 3639
3633 3639
3640 3642
3640 3643
3641 3642
3641 3643
3642 3643
3652 3642
3653 3642
3636 3643
3637 3643
3644 3646
3644 3647
3645 3646
3645 3647
3646 3647
3648 3646
3649 3646
3640 3647
3641 3647
3648 3650
3648 3651
3649 3650
3649 3651
3650 3651
3708 3651
3709 3651
3652 3654
3652 3655
3653 3654
3653 3655
3654 3655
3648 3654
3649 3654
3704 3655
3705 3655
3656 3658
3656 3659
3657 3658
3657 3659
3658 3659
3652 3658
3653 3658
3700 3659
3701 3659
3660 3662
3660 3663
3661 3662
3661 3663
3662 3663
3656 3662
3657 3662
3696 3663
3697 3663
3664 3666
3664 3667
3665 3666
3665 3667
3666 3667
3660 3666
3661 3666
3692 3667
3693 3667
3668 3670
3668 3671
3669 3670
3669 3671
3670 3671
3664 3670
3665 3670
3688 3671
3689 3671
3672 3674
3672 3675
3673 3674
3673 3675
3674 3675
3676 3674
3677 3674
3684 3675
3685 3675
3676 3678
3676 3679
3677 3678
3677 3679
3678 3679
3668 3678
3669 3678
3680 3679
3681 3679
3680 3682
3680 3683
3681 3682
3681 3683
3682 3683
3740 3682
3741 3682
3684 3683
3685 3683
3684 3686
3684 3687
3685 3686
3685 3687
3686 3687
3736 3686
3737 3686
3688 3690
3688 3691
3689 3690
3689 3691
3690 3691
3732 3690
3733 3690
3680 3691
3681 3691
3692 3694
3692 3695
3693 3694
3693 3695
3694 3695
3728 3694
3729 3694
3688 3695
3689 3695
3696 3698
3696 3699
3697 3698
3697 3699
3698 3699
3724 3698
3725 3698
3692 3699
3693 3699
3700 3702
3700 3703
3701 3702
3701 3703
3702 3703
3720 3702
3721 3702
3696 3703
3697 3703
3704 3706
3704 3707
3705 3706
3705 3707
3706 3707
3716 3706
3717 3706
3700 3707
3701 3707
3708 3710
3708 3711
3709 3710
3709 3711
3710 3711
3712 3710
3713 3710
3704 3711
3705 3711
3712 3714
3712 3715
3713 3714
3713 3715
3714 3715
3772 3715
3773 3715
3716 3718
3716 3719
3717 3718
3717 3719
3718 3719
3712 3718
3713 3718
3768 3719
3769 3719
3720 3722
3720 3723
3721 3722
3721 3723
3722 3723
3716 3722
3717 3722
3764 3723
3765 3723
3724 3726
3724 3727
3725 3726
3725 3727
3726 3727
3720 3726
3721 3726
3760 3727
3761 3727
3728 3730
3728 3731
3729 3730
3729 3731
3730 3731
3724 3730
3725 3730
3756 3731
3757 3731
3732 3734
3732 3735
3733 3734
3733 3735
3734 3735
3728 3734
3729 3734
3752 3735
3753 3735
3736 3738
3736 3739
3737 3738
3737 3739
3738 3739
3740 3738
3741 3738
3748 3739
3749 3739
3740 3742
3740 3743
3741 3742
3741 3743
3742 3743
3732 3742
3733 3742
3744 3743
3745 3743
3744 3746
3744 3747
3745 3746
3745 3747
3746 3747
3804 3746
3805 3746
3748 3747
3749 3747
3748 3750
3748 3751
3749 3750
3749 3751
3750 3751
3800 3750
3801 3750
3752 3754
3752 3755
3753 3754
3753 3755
3754 3755
3796 3754
3797 3754
3744 3755
3745 3755
3756 3758
3756 3759
3757 3758
3757 3759
3758 3759
3792 3758
3793 3758
3752 3759
3753 3759
3760 3762
3760 3763
3761 3762
3761 3763
3762 3763
3788 3762
3789 3762
3756 3763
3757 3763
3764 3766
3764 3767
3765 3766
3765 3767
3766 3767
3784 3766
3785 3766
3760 3767
3761 3767
3768 3770
3768 3771
3769 3770
3769 3771
3770 3771
3780 3770
3781 3770
3764 3771
3765 3771
3772 3774
3772 3775
3773 3774
3773 3775
3774 3775
3776 3774
3777 3774
3768 3775
3769 3775
3776 3778
3776 3779
3777 3778
3777 3779
3778 3779
3836 3779
3837 3779
3780 3782
3780 3783
3781 3782
3781 3783
3782 3783
3776 3782
3777 3782
3832 3783
3833 3783
3784 3786
3784 3787
3785 3786
3785 3787
3786 3787
3780 3786
3781 3786
3828 3787
3829 3787
3788 3790
3788 3791
3789 3790
3789 3791
3790 3791
3784 3790
3785 3790
3824 3791
3825 3791
3792 3794
3792 3795
3793 3794
3793 3795
3794 3795
3788 3794
3789 3794
3820 3795
3821 3795
3796 3798
3796 3799
3797 3798
3797 3799
3798 3799
3792 3798
3793 3798
3816 3799
3817 3799
3800 3802
3800 3803
3801 3802
3801 3803
3802 3803
3804 3802
3805 3802
3812 3803
3813 3803
3804 3806
3804 3807
3805 3806
3805 3807
3806 3807
3796 3806
3797 3806
3808 3807
3809 3807
3808 3810
3808 3811
3809 3810
3809 3811
3810 3811
3868 3810
3869 3810
3812 3811
3813 3811
3812 3814
3812 3815
3813 3814
3813 3815
3814 3815
3864 3814
3865 3814
3816 3818
3816 3819
3817 3818
3817 3819
3818 3819
3860 3818
3861 3818
3808 3819
3809 3819
3820 3822
3820 3823
3821 3822
3821 3823
3822 3823
3856 3822
3857 3822
3816 3823
3817 3823
3824 3826
3824 3827
3825 3826
3825 3827
3826 3827
3852 3826
3853 3826
3820 3827
3821 3827
3828 3830
3828 3831
3829 3830
3829 3831
3830 3831
3848 3830
3849 3830
3824 3831
3825 3831
3832 3834
3832 3835
3833 3834
3833 3835
3834 3835
3844 3834
3845 3834
3828 3835
3829 3835
3836 3838
3836 3839
3837 3838
3837 3839
3838 3839
3840 3838
3841 3838
3832 3839
3833 3839
3840 3842
3840 3843
3841 3842
3841 3843
3842 3843
3900 3843
3901 3843
3844 3846
3844 3847
3845 3846
3845 3847
3846 3847
3840 3846
3841 3846
3896 3847
3897 3847
3848 3850
3848 3851
3849 3850
3849 3851
3850 3851
3844 3850
3845 3850
3892 3851
3893 3851
3852 3854
3852 3855
3853 3854
3853 3855
3854 3855
3848 3854
3849 3854
3888 3855
3889 3855
3856 3858
3856 3859
3857 3858
3857 3859
3858 3859
3852 3858
3853 3858
3884 3859
3885 3859
3860 3862
3860 3863
3861 3862
3861 3863
3862 3863
3856 3862
3857 3862
3880 3863
3881 3863
3864 3866
3864 3867
3865 3866
3865 3867
3866 3867
3868 3866
3869 3866
3876 3867
3877 3867
3868 3870
3868 3871
3869 3870
3869 3871
3870 3871
3860 3870
3861 3870
3872 3871
3873 3871
3872 3874
3872 3875
3873 3874
3873 3875
3874 3875
3932 3874
3933 3874
3876 3875
3877 3875
3876 3878
3876 3879
3877 3878
3877 3879
3878 3879
3928 3878
3929 3878
3880 3882
3880 3883
3881 3882
3881 3883
3882 3883
3924 3882
3925 3882
3872 3883
3873 3883
3884 3886
3884 3887
3885 3886
3885 3887
3886 3887
3920 3886
3921 3886
3880 3887
3881 3887
3888 3890
3888 3891
3889 3890
3889 3891
3890 3891
3916 3890
3917 3890
3884 3891
3885 3891
3892 3894
3892 3895
3893 3894
3893 3895
3894 3895
3912 3894
3913 3894
3888 3895
3889 3895
3896 3898
3896 3899
3897 3898
3897 3899
3898 3899
3908 3898
3909 3898
3892 3899
3893 3899
3900 3902
3900 3903
3901 3902
3901 3903
3902 3903
3904 3902
3905 3902
3896 3903
3897 3903
3904 3906
3904 3907
3905 3906
3905 3907
3906 3907
3964 3907
3965 3907
3908 3910
3908 3911
3909 3910
3909 3911
3910 3911
3904 3910
3905 3910
3960 3911
3961 3911
3912 3914
3912 3915
3913 3914
3913 3915
3914 3915
3908 3914
3909 3914
3956 3915
3957 3915
3916 3918
3916 3919
3917 3918
3917 3919
3918 3919
3912 3918
3913 3918
3952 3919
3953 3919
3920 3922
3920 3923
3921 3922
3921 3923
3922 3923
3916 3922
3917 3922
3948 3923
3949 3923
3924 3926
3924 3927
3925 3926
3925 3927
3926 3927
3920 3926
3921 3926
3944 3927
3945 3927
3928 3930
3928 3931
3929 3930
3929 3931
3930 3931
3932 3930
3933 3930
3940 3931
3941 3931
3932 3934
3932 3935
3933 3934
3933 3935
3934 3935
3924 3934
3925 3934
3936 3935
3937 3935
3936 3938
3936 3939
3937 3938
3937 3939
3938 3939
3996 3938
3997 3938
3940 3939
3941 3939
3940 3942
3940 3943
3941 3942
3941 3943
3942 3943
3992 3942
3993 3942
3944 3946
3944 3947
3945 3946
3945 3947
3946 3947
3988 3946
3989 3946
3936 3947
3937 3947
3948 3950
3948 3951
3949 3950
3949 3951
3950 3951
3984 3950
3985 3950
3944 3951
3945 3951
3952 3954
3952 3955
3953 3954
3953 3955
3954 3955
3980 3954
3981 3954
3948 3955
3949 3955
3956 3958
3956 3959
3957 3958
3957 3959
3958 3959
3976 3958
3977 3958
3952 3959
3953 3959
3960 3962
3960 3963
3961 3962
3961 3963
3962 3963
3972 3962
3973 3962
3956 3963
3957 3963
3964 3966
3964 3967
3965 3966
3965 3967
3966 3967
3968 3966
3969 3966
3960 3967
3961 3967
3968 3970
3968 3971
3969 3970
3969 3971
3970 3971
3972 3974
3972 3975
3973 3974
3973 3975
3974 3975
3968 3974
3969 3974
3976 3978
3976 3979
3977 3978
3977 3979
3978 3979
3972 3978
3973 3978
3980 3982
3980 3983
3981 3982
3981 3983
3982 3983
3976 3982
3977 3982
3984 3986
3984 3987
3985 3986
3985 3987
3986 3987
3980 3986
3981 3986
3988 3990
3988 3991
3989 3990
3989 3991
3990 3991
3984 3990
3985 3990
3992 3994
3992 3995
3993 3994
3993 3995
3994 3995
3996 3994
3997 3994
3996 3998
3996 3999
3997 3998
3997 3999
3998 3999
3988 3998
3989 3998
4000 4002
4000 4003
4001 4002
4001 4003
4002 4003
4060 4003
4061 4003
4004 4006
4004 4007
4005 4006
4005 4007
4006 4007
4000 4006
4001 4006
4056 4007
4057 4007
4008 4010
4008 4011
4009 4010
4009 4011
4010 4011
4004 4010
4005 4010
4052 4011
4053 4011
4012 4014
4012 4015
4013 4014
4013 4015
4014 4015
4008 4014
4009 4014
4048 4015
4049 4015
4016 4018
4016 4019
4017 4018
4017 4019
4018 4019
4012 4018
4013 4018
4044 4019
4045 4019
4020 4022
4020 4023
4021 4022
4021 4023
4022 4023
4016 4022
4017 4022
4040 4023
4041 4023
4024 4026
4024 4027
4025 4026
4025 4027
4026 4027
4020 4026
4021 4026
4036 4027
4037 4027
4028 4030
4028 4031
4029 4030
4029 4031
4030 4031
4024 4030
4025 4030
4032 4031
4033 4031
4032 4034
4032 4035
4033 4034
4033 4035
4034 4035
4092 4034
4093 4034
4036 4038
4036 4039
4037 4038
4037 4039
4038 4039
4088 4038
4089 4038
4032 4039
4033 4039
4040 4042
4040 4043
4041 4042
4041 4043
4042 4043
4084 4042
4085 4042
4036 4043
4037 4043
4044 4046
4044 4047
4045 4046
4045 4047
4046 4047
4080 4046
4081 4046
4040 4047
4041 4047
4048 4050
4048 4051
4049 4050
4049 4051
4050 4051
4076 4050
4077 4050
4044 4051
4045 4051
4052 4054
4052 4055
4053 4054
4053 4055
4054 4055
4072 4054
4073 4054
4048 4055
4049 4055
4056 4058
4056 4059
4057 4058
4057 4059
4058 4059
4068 4058
4069 4058
4052 4059
4053 4059
4060 4062
4060 4063
4061 4062
4061 4063
4062 4063
4064 4062
4065 4062
4056 4063
4057 4063
4064 4066
4064 4067
4065 4066
4065 4067
4066 4067
4124 4067
4125 4067
4068 4070
4068 4071
4069 4070
4069 4071
4070 4071
4064 4070
4065 4070
4120 4071
4121 4071
4072 4074
4072 4075
4073 4074
4073 4075
4074 4075
4068 4074
4069 4074
4116 4075
4117 4075
4076 4078
4076 4079
4077 4078
4077 4079
4078 4079
4072 4078
4073 4078
4112 4079
4113 4079
4080 4082
4080 4083
4081 4082
4081 4083
4082 4083
4076 4082
4077 4082
4108 4083
4109 4083
4084 4086
4084 4087
4085 4086
4085 4087
4086 4087
4080 4086
4081 4086
4104 4087
4105 4087
4088 4090
4088 4091
4089 4090
4089 4091
4090 4091
4084 4090
4085 4090
4100 4091
4101 4091
4092 4094
4092 4095
4093 4094
4093 4095
4094 4095
4088 4094
4089 4094
4096 4095
4097 4095
4096 4098
4096 4099
4097 4098
4097 4099
4098 4099
4156 4098
4157 4098
4100 4102
4100 4103
4101 4102
4101 4103
4102 4103
4152 4102
4153 4102
4096 4103
4097 4103
4104 4106
4104 4107
4105 4106
4105 4107
4106 4107
4148 4106
4149 4106
4100 4107
4101 4107
4108 4110
4108 4111
4109 4110
4109 4111
4110 4111
4144 4110
4145 4110
4104 4111
4105 4111
4112 4114
4112 4115
4113 4114
4113 4115
4114 4115
4140 4114
4141 4114
4108 4115
4109 4115
4116 4118
4116 4119
4117 4118
4117 4119
4118 4119
4136 4118
4137 4118
4112 4119
4113 4119
4120 4122
4120 4123
4121 4122
4121 4123
4122 4123
4132 4122
4133 4122
4116 4123
4117 4123
4124 4126
4124 4127
4125 4126
4125 4127
4126 4127
4128 4126
4129 4126
4120 4127
4121 4127
4128 4130
4128 4131
4129 4130
4129 4131
4130 4131
4188 4131
4189 4131
4132 4134
4132 4135
4133 4134
4133 4135
4134 4135
4128 4134
4129 4134
4184 4135
4185 4135
4136 4138
4136 4139
4137 4138
4137 4139
4138 4139
4132 4138
4133 4138
4180 4139
4181 4139
4140 4142
4140 4143
4141 4142
4141 4143
4142 4143
4136 4142
4137 4142
4176 4143
4177 4143
4144 4146
4144 4147
4145 4146
4145 4147
4146 4147
4140 4146
4141 4146
4172 4147
4173 4147
4148 4150
4148 4151
4149 4150
4149 4151
4150 4151
4144 4150
4145 4150
4168 4151
4169 4151
4152 4154
4152 4155
4153 4154
4153 4155
4154 4155
4148 4154
4149 4154
4164 4155
4165 4155
4156 4158
4156 4159
4157 4158
4157 4159
4158 4159
4152 4158
4153 4158
4160 4159
4161 4159
4160 4162
4160 4163
4161 4162
4161 4163
4162 4163
4220 4162
4221 4162
4164 4166
4164 4167
4165 4166
4165 4167
4166 4167
4216 4166
4217 4166
4160 4167
4161 4167
4168 4170
4168 4171
4169 4170
4169 4171
4170 4171
4212 4170
4213 4170
4164 4171
4165 4171
4172 4174
4172 4175
4173 4174
4173 4175
4174 4175
4208 4174
4209 4174
4168 4175
4169 4175
4176 4178
4176 4179
4177 4178
4177 4179
4178 4179
4204 4178
4205 4178
4172 4179
4173 4179
4180 4182
4180 4183
4181 4182
4181 4183
4182 4183
4200 4182
4201 4182
4176 4183
4177 4183
4184 4186
4184 4187
4185 4186
4185 4187
4186 4187
4196 4186
4197 4186
4180 4187
4181 4187
4188 4190
4188 4191
4189 4190
4189 4191
4190 4191
4192 4190
4193 4190
4184 4191
4185 4191
4192 4194
4192 4195
4193 4194
4193 4195
4194 4195
4252 4195
4253 4195
4196 4198
4196 4199
4197 4198
4197 4199
4198 4199
4192 4198
4193 4198
4248 4199
4249 4199
4200 4202
4200 4203
4201 4202
4201 4203
4202 4203
4196 4202
4197 4202
4244 4203
4245 4203
4204 4206
4204 4207
4205 4206
4205 4207
4206 4207
4200 4206
4201 4206
4240 4207
4241 4207
4208 4210
4208 4211
4209 4210
4209 4211
4210 4211
4204 4210
4205 4210
4236 4211
4237 4211
4212 4214
4212 4215
4213 4214
4213 4215
4214 4215
4208 4214
4209 4214
4232 4215
4233 4215
4216 4218
4216 4219
4217 4218
4217 4219
4218 4219
4212 4218
4213 4218
4228 4219
4229 4219
4220 4222
4220 4223
4221 4222
4221 4223
4222 4223
4216 4222
4217 4222
4224 4223
4225 4223
4224 4226
4224 4227
4225 4226
4225 4227
4226 4227
4284 4226
4285 4226
4228 4230
4228 4231
4229 4230
4229 4231
4230 4231
4280 4230
4281 4230
4224 4231
4225 4231
4232 4234
4232 4235
4233 4234
4233 4235
4234 4235
4276 4234
4277 4234
4228 4235
4229 4235
4236 4238
4236 4239
4237 4238
4237 4239
4238 4239
4272 4238
4273 4238
4232 4239
4233 4239
4240 4242
4240 4243
4241 4242
4241 4243
4242 4243
4268 4242
4269 4242
4236 4243
4237 4243
4244 4246
4244 4247
4245 4246
4245 4247
4246 4247
4264 4246
4265 4246
4240 4247
4241 4247
4248 4250
4248 4251
4249 4250
4249 4251
4250 4251
4260 4250
4261 4250
4244 4251
4245 4251
4252 4254
4252 4255
4253 4254
4253 4255
4254 4255
4256 4254
4257 4254
4248 4255
4249 4255
4256 4258
4256 4259
4257 4258
4257 4259
4258 4259
4316 4259
4317 4259
4260 4262
4260 4263
4261 4262
4261 4263
4262 4263
4256 4262
4257 4262
4312 4263
4313 4263
4264 4266
4264 4267
4265 4266
4265 4267
4266 4267
4260 4266
4261 4266
4308 4267
4309 4267
4268 4270
4268 4271
4269 4270
4269 4271
4270 4271
4264 4270
4265 4270
4304 4271
4305 4271
4272 4274
4272 4275
4273 4274
4273 4275
4274 4275
4268 4274
4269 4274
4300 4275
4301 4275
4276 4278
4276 4279
4277 4278
4277 4279
4278 4279
4272 4278
4273 4278
4296 4279
4297 4279
4280 4282
4280 4283
4281 4282
4281 4283
4282 4283
4276 4282
4277 4282
4292 4283
4293 4283
4284 4286
4284 4287
4285 4286
4285 4287
4286 4287
4280 4286
4281 4286
4288 4287
4289 4287
4288 4290
4288 4291
4289 4290
4289 4291
4290 4291
4348 4290
4349 4290
4292 4294
4292 4295
4293 4294
4293 4295
4294 4295
4344 4294
4345 4294
4288 4295
4289 4295
4296 4298
4296 4299
4297 4298
4297 4299
4298 4299
4340 4298
4341 4298
4292 4299
4293 4299
4300 4302
4300 4303
4301 4302
4301 4303
4302 4303
4336 4302
4337 4302
4296 4303
4297 4303
4304 4306
4304 4307
4305 4306
4305 4307
4306 4307
4332 4306
4333 4306
4300 4307
4301 4307
4308 4310
4308 4311
4309 4310
4309 4311
4310 4311
4328 4310
4329 4310
4304 4311
4305 4311
4312 4314
4312 4315
4313 4314
4313 4315
4314 4315
4324 4314
4325 4314
4308 4315
4309 4315
4316 4318
4316 4319
4317 4318
4317 4319
4318 4319
4320 4318
4321 4318
4312 4319
4313 4319
4320 4322
4320 4323
4321 4322
4321 4323
4322 4323
4380 4323
4381 4323
4324 4326
4324 4327
4325 4326
4325 4327
4326 4327
4320 4326
4321 4326
4376 4327
4377 4327
4328 4330
4328 4331
4329 4330
4329 4331
4330 4331
4324 4330
4325 4330
4372 4331
4373 4331
4332 4334
4332 4335
4333 4334
4333 4335
4334 4335
4328 4334
4329 4334
4368 4335
4369 4335
4336 4338
4336 4339
4337 4338
4337 4339
4338 4339
4332 4338
4333 4338
4364 4339
4365 4339
4340 4342
4340 4343
4341 4342
4341 4343
4342 4343
4336 4342
4337 4342
4360 4343
4361 4343
4344 4346
4344 4347
4345 4346
4345 4347
4346 4347
4340 4346
4341 4346
4356 4347
4357 4347
4348 4350
4348 4351
4349 4350
4349 4351
4350 4351
4344 4350
4345 4350
4352 4351
4353 4351
4352 4354
4352 4355
4353 4354
4353 4355
4354 4355
4412 4354
4413 4354
4356 4358
4356 4359
4357 4358
4357 4359
4358 4359
4408 4358
4409 4358
4352 4359
4353 4359
4360 4362
4360 4363
4361 4362
4361 4363
4362 4363
4404 4362
4405 4362
4356 4363
4357 4363
4364 4366
4364 4367
4365 4366
4365 4367
4366 4367
4400 4366
4401 4366
4360 4367
4361 4367
4368 4370
4368 4371
4369 4370
4369 4371
4370 4371
4396 4370
4397 4370
4364 4371
4365 4371
4372 4374
4372 4375
4373 4374
4373 4375
4374 4375
4392 4374
4393 4374
4368 4375
4369 4375
4376 4378
4376 4379
4377 4378
4377 4379
4378 4379
4388 4378
4389 4378
4372 4379
4373 4379
4380 4382
4380 4383
4381 4382
4381 4383
4382 4383
4384 4382
4385 4382
4376 4383
4377 4383
4384 4386
4384 4387
4385 4386
4385 4387
4386 4387
4444 4387
4445 4387
4388 4390
4388 4391
4389 4390
4389 4391
4390 4391
4384 4390
4385 4390
4440 4391
4441 4391
4392 4394
4392 4395
4393 4394
4393 4395
4394 4395
4388 4394
4389 4394
4436 4395
4437 4395
4396 4398
4396 4399
4397 4398
4397 4399
4398 4399
4392 4398
4393 4398
4432 4399
4433 4399
4400 4402
4400 4403
4401 4402
4401 4403
4402 4403
4396 4402
4397 4402
4428 4403
4429 4403
4404 4406
4404 4407
4405 4406
4405 4407
4406 4407
4400 4406
4401 4406
4424 4407
4425 4407
4408 4410
4408 4411
4409 4410
4409 4411
4410 4411
4404 4410
4405 4410
4420 4411
4421 4411
4412 4414
4412 4415
4413 4414
4413 4415
4414 4415
4408 4414
4409 4414
4416 4415
4417 4415
4416 4418
4416 4419
4417 4418
4417 4419
4418 4419
4472 4418
4473 4418
4420 4422
4420 4423
4421 4422
4421 4423
4422 4423
4476 4422
4477 4422
4416 4423
4417 4423
4424 4426
4424 4427
4425 4426
4425 4427
4426 4427
4468 4426
4469 4426
4420 4427
4421 4427
4428 4430
4428 4431
4429 4430
4429 4431
4430 4431
4464 4430
4465 4430
4424 4431
4425 4431
4432 4434
4432 4435
4433 4434
4433 4435
4434 4435
4460 4434
4461 4434
4428 4435
4429 4435
4436 4438
4436 4439
4437 4438
4437 4439
4438 4439
4456 4438
4457 4438
4432 4439
4433 4439
4440 4442
4440 4443
4441 4442
4441 4443
4442 4443
4452 4442
4453 4442
4436 4443
4437 4443
4444 4446
4444 4447
4445 4446
4445 4447
4446 4447
4448 4446
4449 4446
4440 4447
4441 4447
4448 4450
4448 4451
4449 4450
4449 4451
4450 4451
4508 4451
4509 4451
4452 4454
4452 4455
4453 4454
4453 4455
4454 4455
4448 4454
4449 4454
4504 4455
4505 4455
4456 4458
4456 4459
4457 4458
4457 4459
4458 4459
4452 4458
4453 4458
4500 4459
4501 4459
4460 4462
4460 4463
4461 4462
4461 4463
4462 4463
4456 4462
4457 4462
4496 4463
4497 4463
4464 4466
4464 4467
4465 4466
4465 4467
4466 4467
4460 4466
4461 4466
4492 4467
4493 4467
4468 4470
4468 4471
4469 4470
4469 4471
4470 4471
4464 4470
4465 4470
4488 4471
4489 4471
4472 4474
4472 4475
4473 4474
4473 4475
4474 4475
4476 4474
4477 4474
4484 4475
4485 4475
4476 4478
4476 4479
4477 4478
4477 4479
4478 4479
4468 4478
4469 4478
4480 4479
4481 4479
4480 4482
4480 4483
4481 4482
4481 4483
4482 4483
4540 4482
4541 4482
4484 4483
4485 4483
4484 4486
4484 4487
4485 4486
4485 4487
4486 4487
4536 4486
4537 4486
4488 4490
4488 4491
4489 4490
4489 4491
4490 4491
4532 4490
4533 4490
4480 4491
4481 4491
4492 4494
4492 4495
4493 4494
4493 4495
4494 4495
4528 4494
4529 4494
4488 4495
4489 4495
4496 4498
4496 4499
4497 4498
4497 4499
4498 4499
4524 4498
4525 4498
4492 4499
4493 4499
4500 4502
4500 4503
4501 4502
4501 4503
4502 4503
4520 4502
4521 4502
4496 4503
4497 4503
4504 4506
4504 4507
4505 4506
4505 4507
4506 4507
4516 4506
4517 4506
4500 4507
4501 4507
4508 4510
4508 4511
4509 4510
4509 4511
4510 4511
4512 4510
4513 4510
4504 4511
4505 4511
4512 4514
4512 4515
4513 4514
4513 4515
4514 4515
4572 4515
4573 4515
4516 4518
4516 4519
4517 4518
4517 4519
4518 4519
4512 4518
4513 4518
4568 4519
4569 4519
4520 4522
4520 4523
4521 4522
4521 4523
4522 4523
4516 4522
4517 4522
4564 4523
4565 4523
4524 4526
4524 4527
4525 4526
4525 4527
4526 4527
4520 4526
4521 4526
4560 4527
4561 4527
4528 4530
4528 4531
4529 4530
4529 4531
4530 4531
4524 4530
4525 4530
4556 4531
4557 4531
4532 4534
4532 4535
4533 4534
4533 4535
4534 4535
4528 4534
4529 4534
4552 4535
4553 4535
4536 4538
4536 4539
4537 4538
4537 4539
4538 4539
4540 4538
4541 4538
4548 4539
4549 4539
4540 4542
4540 4543
4541 4542
4541 4543
4542 4543
4532 4542
4533 4542
4544 4543
4545 4543
4544 4546
4544 4547
4545 4546
4545 4547
4546 4547
4604 4546
4605 4546
4548 4547
4549 4547
4548 4550
4548 4551
4549 4550
4549 4551
4550 4551
4600 4550
4601 4550
4552 4554
4552 4555
4553 4554
4553 4555
4554 4555
4596 4554
4597 4554
4544 4555
4545 4555
4556 4558
4556 4559
4557 4558
4557 4559
4558 4559
4592 4558
4593 4558
4552 4559
4553 4559
4560 4562
4560 4563
4561 4562
4561 4563
4562 4563
4588 4562
4589 4562
4556 4563
4557 4563
4564 4566
4564 4567
4565 4566
4565 4567
4566 4567
4584 4566
4585 4566
4560 4567
4561 4567
4568 4570
4568 4571
4569 4570
4569 4571
4570 4571
4580 4570
4581 4570
4564 4571
4565 4571
4572 4574
4572 4575
4573 4574
4573 4575
4574 4575
4576 4574
4577 4574
4568 4575
4569 4575
4576 4578
4576 4579
4577 4578
4577 4579
4578 4579
4636 4579
4637 4579
4580 4582
4580 4583
4581 4582
4581 4583
4582 4583
4576 4582
4577 4582
4632 4583
4633 4583
4584 4586
4584 4587
4585 4586
4585 4587
4586 4587
4580 4586
4581 4586
4628 4587
4629 4587
4588 4590
4588 4591
4589 4590
4589 4591
4590 4591
4584 4590
4585 4590
4624 4591
4625 4591
4592 4594
4592 4595
4593 4594
4593 4595
4594 4595
4588 4594
4589 4594
4620 4595
4621 4595
4596 4598
4596 4599
4597 4598
4597 4599
4598 4599
4592 4598
4593 4598
4616 4599
4617 4599
4600 4602
4600 4603
4601 4602
4601 4603
4602 4603
4604 4602
4605 4602
4612 4603
4613 4603
4604 4606
4604 4607
4605 4606
4605 4607
4606 4607
4596 4606
4597 4606
4608 4607
4609 4607
4608 4610
4608 4611
4609 4610
4609 4611
4610 4611
4668 4610
4669 4610
4612 4611
4613 4611
4612 4614
4612 4615
4613 4614
4613 4615
4614 4615
4664 4614
4665 4614
4616 4618
4616 4619
4617 4618
4617 4619
4618 4619
4660 4618
4661 4618
4608 4619
4609 4619
4620 4622
4620 4623
4621 4622
4621 4623
4622 4623
4656 4622
4657 4622
4616 4623
4617 4623
4624 4626
4624 4627
4625 4626
4625 4627
4626 4627
4652 4626
4653 4626
4620 4627
4621 4627
4628 4630
4628 4631
4629 4630
4629 4631
4630 4631
4648 4630
4649 4630
4624 4631
4625 4631
4632 4634
4632 4635
4633 4634
4633 4635
4634 4635
4644 4634
4645 4634
4628 4635
4629 4635
4636 4638
4636 4639
4637 4638
4637 4639
4638 4639
4640 4638
4641 4638
4632 4639
4633 4639
4640 4642
4640 4643
4641 4642
4641 4643
4642 4643
4700 4643
4701 4643
4644 4646
4644 4647
4645 4646
4645 4647
4646 4647
4640 4646
4641 4646
4696 4647
4697 4647
4648 4650
4648 4651
4649 4650
4649 4651
4650 4651
4644 4650
4645 4650
4692 4651
4693 4651
4652 4654
4652 4655
4653 4654
4653 4655
4654 4655
4648 4654
4649 4654
4688 4655
4689 4655
4656 4658
4656 4659
4657 4658
4657 4659
4658 4659
4652 4658
4653 4658
4684 4659
4685 4659
4660 4662
4660 4663
4661 4662
4661 4663
4662 4663
4656 4662
4657 4662
4680 4663
4681 4663
4664 4666
4664 4667
4665 4666
4665 4667
4666 4667
4668 4666
4669 4666
4676 4667
4677 4667
4668 4670
4668 4671
4669 4670
4669 4671
4670 4671
4660 4670
4661 4670
4672 4671
4673 4671
4672 4674
4672 4675
4673 4674
4673 4675
4674 4675
4732 4674
4733 4674
4676 4675
4677 4675
4676 4678
4676 4679
4677 4678
4677 4679
4678 4679
4728 4678
4729 4678
4680 4682
4680 4683
4681 4682
4681 4683
4682 4683
4724 4682
4725 4682
4672 4683
4673 4683
4684 4686
4684 4687
4685 4686
4685 4687
4686 4687
4720 4686
4721 4686
4680 4687
4681 4687
4688 4690
4688 4691
4689 4690
4689 4691
4690 4691
4716 4690
4717 4690
4684 4691
4685 4691
4692 4694
4692 4695
4693 4694
4693 4695
4694 4695
4712 4694
4713 4694
4688 4695
4689 4695
4696 4698
4696 4699
4697 4698
4697 4699
4698 4699
4708 4698
4709 4698
4692 4699
4693 4699
4700 4702
4700 4703
4701 4702
4701 4703
4702 4703
4704 4702
4705 4702
4696 4703
4697 4703
4704 4706
4704 4707
4705 4706
4705 4707
4706 4707
4764 4707
4765 4707
4708 4710
4708 4711
4709 4710
4709 4711
4710 4711
4704 4710
4705 4710
4760 4711
4761 4711
4712 4714
4712 4715
4713 4714
4713 4715
4714 4715
4708 4714
4709 4714
4756 4715
4757 4715
4716 4718
4716 4719
4717 4718
4717 4719
4718 4719
4712 4718
4713 4718
4752 4719
4753 4719
4720 4722
4720 4723
4721 4722
4721 4723
4722 4723
4716 4722
4717 4722
4748 4723
4749 4723
4724 4726
4724 4727
4725 4726
4725 4727
4726 4727
4720 4726
4721 4726
4744 4727
4745 4727
4728 4730
4728 4731
4729 4730
4729 4731
4730 4731
4732 4730
4733 4730
4740 4731
4741 4731
4732 4734
4732 4735
4733 4734
4733 4735
4734 4735
4724 4734
4725 4734
4736 4735
4737 4735
4736 4738
4736 4739
4737 4738
4737 4739
4738 4739
4796 4738
4797 4738
4740 4739
4741 4739
4740 4742
4740 4743
4741 4742
4741 4743
4742 4743
4792 4742
4793 4742
4744 4746
4744 4747
4745 4746
4745 4747
4746 4747
4788 4746
4789 4746
4736 4747
4737 4747
4748 4750
4748 4751
4749 4750
4749 4751
4750 4751
4784 4750
4785 4750
4744 4751
4745 4751
4752 4754
4752 4755
4753 4754
4753 4755
4754 4755
4780 4754
4781 4754
4748 4755
4749 4755
4756 4758
4756 4759
4757 4758
4757 4759
4758 4759
4776 4758
4777 4758
4752 4759
4753 4759
4760 4762
4760 4763
4761 4762
4761 4763
4762 4763
4772 4762
4773 4762
4756 4763
4757 4763
4764 4766
4764 4767
4765 4766
4765 4767
4766 4767
4768 4766
4769 4766
4760 4767
4761 4767
4768 4770
4768 4771
4769 4770
4769 4771
4770 4771
4828 4771
4829 4771
4772 4774
4772 4775
4773 4774
4773 4775
4774 4775
4768 4774
4769 4774
4824 4775
4825 4775
4776 4778
4776 4779
4777 4778
4777 4779
4778 4779
4772 4778
4773 4778
4820 4779
4821 4779
4780 4782
4780 4783
4781 4782
4781 4783
4782 4783
4776 4782
4777 4782
4816 4783
4817 4783
4784 4786
4784 4787
4785 4786
4785 4787
4786 4787
4780 4786
4781 4786
4812 4787
4813 4787
4788 4790
4788 4791
4789 4790
4789 4791
4790 4791
4784 4790
4785 4790
4808 4791
4809 4791
4792 4794
4792 4795
4793 4794
4793 4795
4794 4795
4796 4794
4797 4794
4804 4795
4805 4795
4796 4798
4796 4799
4797 4798
4797 4799
4798 4799
4788 4798
4789 4798
4800 4799
4801 4799
4800 4802
4800 4803
4801 4802
4801 4803
4802 4803
4860 4802
4861 4802
4804 4803
4805 4803
4804 4806
4804 4807
4805 4806
4805 4807
4806 4807
4856 4806
4857 4806
4808 4810
4808 4811
4809 4810
4809 4811
4810 4811
4852 4810
4853 4810
4800 4811
4801 4811
4812 4814
4812 4815
4813 4814
4813 4815
4814 4815
4848 4814
4849 4814
4808 4815
4809 4815
4816 4818
4816 4819
4817 4818
4817 4819
4818 4819
4844 4818
4845 4818
4812 4819
4813 4819
4820 4822
4820 4823
4821 4822
4821 4823
4822 4823
4840 4822
4841 4822
4816 4823
4817 4823
4824 4826
4824 4827
4825 4826
4825 4827
4826 4827
4836 4826
4837 4826
4820 4827
4821 4827
4828 4830
4828 4831
4829 4830
4829 4831
4830 4831
4832 4830
4833 4830
4824 4831
4825 4831
4832 4834
4832 4835
4833 4834
4833 4835
4834 4835
4836 4838
4836 4839
4837 4838
4837 4839
4838 4839
4832 4838
4833 4838
4840 4842
4840 4843
4841 4842
4841 4843
4842 4843
4836 4842
4837 4842
4844 4846
4844 4847
4845 4846
4845 4847
4846 4847
4840 4846
4841 4846
4848 4850
4848 4851
4849 4850
4849 4851
4850 4851
4844 4850
4845 4850
4852 4854
4852 4855
4853 4854
4853 4855
4854 4855
4848 4854
4849 4854
4856 4858
4856 4859
4857 4858
4857 4859
4858 4859
4860 4858
4861 4858
4860 4862
4860 4863
4861 4862
4861 4863
4862 4863
4852 4862
4853 4862
4864 4866
4864 4867
4865 4866
4865 4867
4866 4867
4924 4867
4925 4867
4868 4870
4868 4871
4869 4870
4869 4871
4870 4871
4864 4870
4865 4870
4920 4871
4921 4871
4872 4874
4872 4875
4873 4874
4873 4875
4874 4875
4868 4874
4869 4874
4916 4875
4917 4875
4876 4878
4876 4879
4877 4878
4877 4879
4878 4879
4872 4878
4873 4878
4912 4879
4913 4879
4880 4882
4880 4883
4881 4882
4881 4883
4882 4883
4876 4882
4877 4882
4908 4883
4909 4883
4884 4886
4884 4887
4885 4886
4885 4887
4886 4887
4880 4886
4881 4886
4904 4887
4905 4887
4888 4890
4888 4891
4889 4890
4889 4891
4890 4891
4884 4890
4885 4890
4900 4891
4901 4891
4892 4894
4892 4895
4893 4894
4893 4895
4894 4895
4888 4894
4889 4894
4896 4895
4897 4895
4896 4898
4896 4899
4897 4898
4897 4899
4898 4899
4956 4898
4957 4898
4900 4902
4900 4903
4901 4902
4901 4903
4902 4903
4952 4902
4953 4902
4896 4903
4897 4903
4904 4906
4904 4907
4905 4906
4905 4907
4906 4907
4948 4906
4949 4906
4900 4907
4901 4907
4908 4910
4908 4911
4909 4910
4909 4911
4910 4911
4944 4910
4945 4910
4904 4911
4905 4911
4912 4914
4912 4915
4913 4914
4913 4915
4914 4915
4940 4914
4941 4914
4908 4915
4909 4915
4916 4918
4916 4919
4917 4918
4917 4919
4918 4919
4936 4918
4937 4918
4912 4919
4913 4919
4920 4922
4920 4923
4921 4922
4921 4923
4922 4923
4932 4922
4933 4922
4916 4923
4917 4923
4924 4926
4924 4927
4925 4926
4925 4927
4926 4927
4928 4926
4929 4926
4920 4927
4921 4927
4928 4930
4928 4931
4929 4930
4929 4931
4930 4931
4988 4931
4989 4931
4932 4934
4932 4935
4933 4934
4933 4935
4934 4935
4928 4934
4929 4934
4984 4935
4985 4935
4936 4938
4936 4939
4937 4938
4937 4939
4938 4939
4932 4938
4933 4938
4980 4939
4981 4939
4940 4942
4940 4943
4941 4942
4941 4943
4942 4943
4936 4942
4937 4942
4976 4943
4977 4943
4944 4946
4944 4947
4945 4946
4945 4947
4946 4947
4940 4946
4941 4946
4972 4947
4973 4947
4948 4950
4948 4951
4949 4950
4949 4951
4950 4951
4944 4950
4945 4950
4968 4951
4969 4951
4952 4954
4952 4955
4953 4954
4953 4955
4954 4955
4948 4954
4949 4954
4964 4955
4965 4955
4956 4958
4956 4959
4957 4958
4957 4959
4958 4959
4952 4958
4953 4958
4960 4959
4961 4959
4960 4962
4960 4963
4961 4962
4961 4963
4962 4963
5020 4962
5021 4962
4964 4966
4964 4967
4965 4966
4965 4967
4966 4967
5016 4966
5017 4966
4960 4967
4961 4967
4968 4970
4968 4971
4969 4970
4969 4971
4970 4971
5012 4970
5013 4970
4964 4971
4965 4971
4972 4974
4972 4975
4973 4974
4973 4975
4974 4975
5008 4974
5009 4974
4968 4975
4969 4975
4976 4978
4976 4979
4977 4978
4977 4979
4978 4979
5004 4978
5005 4978
4972 4979
4973 4979
4980 4982
4980 4983
4981 4982
4981 4983
4982 4983
5000 4982
5001 4982
4976 4983
4977 4983
4984 4986
4984 4987
4985 4986
4985 4987
4986 4987
4996 4986
4997 4986
4980 4987
4981 4987
4988 4990
4988 4991
4989 4990
4989 4991
4990 4991
4992 4990
4993 4990
4984 4991
4985 4991
4992 4994
4992 4995
4993 4994
4993 4995
4994 4995
5052 4995
5053 4995
4996 4998
4996 4999
4997 4998
4997 4999
4998 4999
4992 4998
4993 4998
5048 4999
5049 4999
5000 5002
5000 5003
5001 5002
5001 5003
5002 5003
4996 5002
4997 5002
5044 5003
5045 5003
5004 5006
5004 5007
5005 5006
5005 5007
5006 5007
5000 5006
5001 5006
5040 5007
5041 5007
5008 5010
5008 5011
5009 5010
5009 5011
5010 5011
5004 5010
5005 5010
5036 5011
5037 5011
5012 5014
5012 5015
5013 5014
5013 5015
5014 5015
5008 5014
5009 5014
5032 5015
5033 5015
5016 5018
5016 5019
5017 5018
5017 5019
5018 5019
5012 5018
5013 5018
5028 5019
5029 5019
5020 5022
5020 5023
5021 5022
5021 5023
5022 5023
5016 5022
5017 5022
5024 5023
5025 5023
5024 5026
5024 5027
5025 5026
5025 5027
5026 5027
5084 5026
5085 5026
5028 5030
5028 5031
5029 5030
5029 5031
5030 5031
5080 5030
5081 5030
5024 5031
5025 5031
5032 5034
5032 5035
5033 5034
5033 5035
5034 5035
5076 5034
5077 5034
5028 5035
5029 5035
5036 5038
5036 5039
5037 5038
5037 5039
5038 5039
5072 5038
5073 5038
5032 5039
5033 5039
5040 5042
5040 5043
5041 5042
5041 5043
5042 5043
5068 5042
5069 5042
5036 5043
5037 5043
5044 5046
5044 5047
5045 5046
5045 5047
5046 5047
5064 5046
5065 5046
5040 5047
5041 5047
5048 5050
5048 5051
5049 5050
5049 5051
5050 5051
5060 5050
5061 5050
5044 5051
5045 5051
5052 5054
5052 5055
5053 5054
5053 5055
5054 5055
5056 5054
5057 5054
5048 5055
5049 5055
5056 5058
5056 5059
5057 5058
5057 5059
5058 5059
5116 5059
5117 5059
5060 5062
5060 5063
5061 5062
5061 5063
5062 5063
5056 5062
5057 5062
5112 5063
5113 5063
5064 5066
5064 5067
5065 5066
5065 5067
5066 5067
5060 5066
5061 5066
5108 5067
5109 5067
5068 5070
5068 5071
5069 5070
5069 5071
5070 5071
5064 5070
5065 5070
5104 5071
5105 5071
5072 5074
5072 5075
5073 5074
5073 5075
5074 5075
5068 5074
5069 5074
5100 5075
5101 5075
5076 5078
5076 5079
5077 5078
5077 5079
5078 5079
5072 5078
5073 5078
5096 5079
5097 5079
5080 5082
5080 5083
5081 5082
5081 5083
5082 5083
5076 5082
5077 5082
5092 5083
5093 5083
5084 5086
5084 5087
5085 5086
5085 5087
5086 5087
5080 5086
5081 5086
5088 5087
5089 5087
5088 5090
5088 5091
5089 5090
5089 5091
5090 5091
5148 5090
5149 5090
5092 5094
5092 5095
5093 5094
5093 5095
5094 5095
5144 5094
5145 5094
5088 5095
5089 5095
5096 5098
5096 5099
5097 5098
5097 5099
5098 5099
5140 5098
5141 5098
5092 5099
5093 5099
5100 5102
5100 5103
5101 5102
5101 5103
5102 5103
5136 5102
5137 5102
5096 5103
5097 5103
5104 5106
5104 5107
5105 5106
5105 5107
5106 5107
5132 5106
5133 5106
5100 5107
5101 5107
5108 5110
5108 5111
5109 5110
5109 5111
5110 5111
5128 5110
5129 5110
5104 5111
5105 5111
5112 5114
5112 5115
5113 5114
5113 5115
5114 5115
5124 5114
5125 5114
5108 5115
5109 5115
5116 5118
5116 5119
5117 5118
5117 5119
5118 5119
5120 5118
5121 5118
5112 5119
5113 5119
5120 5122
5120 5123
5121 5122
5121 5123
5122 5123
5180 5123
5181 5123
5124 5126
5124 5127
5125 5126
5125 5127
5126 5127
5120 5126
5121 5126
5176 5127
5177 5127
5128 5130
5128 5131
5129 5130
5129 5131
5130 5131
5124 5130
5125 5130
5172 5131
5173 5131
5132 5134
5132 5135
5133 5134
5133 5135
5134 5135
5128 5134
5129 5134
5168 5135
5169 5135
5136 5138
5136 5139
5137 5138
5137 5139
5138 5139
5132 5138
5133 5138
5164 5139
5165 5139
5140 5142
5140 5143
5141 5142
5141 5143
5142 5143
5136 5142
5137 5142
5160 5143
5161 5143
5144 5146
5144 5147
5145 5146
5145 5147
5146 5147
5140 5146
5141 5146
5156 5147
5157 5147
5148 5150
5148 5151
5149 5150
5149 5151
5150 5151
5144 5150
5145 5150
5152 5151
5153 5151
5152 5154
5152 5155
5153 5154
5153 5155
5154 5155
5212 5154
5213 5154
5156 5158
5156 5159
5157 5158
5157 5159
5158 5159
5208 5158
5209 5158
5152 5159
5153 5159
5160 5162
5160 5163
5161 5162
5161 5163
5162 5163
5204 5162
5205 5162
5156 5163
5157 5163
5164 5166
5164 5167
5165 5166
5165 5167
5166 5167
5200 5166
5201 5166
5160 5167
5161 5167
5168 5170
5168 5171
5169 5170
5169 5171
5170 5171
5196 5170
5197 5170
5164 5171
5165 5171
5172 5174
5172 5175
5173 5174
5173 5175
5174 5175
5192 5174
5193 5174
5168 5175
5169 5175
5176 5178
5176 5179
5177 5178
5177 5179
5178 5179
5188 5178
5189 5178
5172 5179
5173 5179
5180 5182
5180 5183
5181 5182
5181 5183
5182 5183
5184 5182
5185 5182
5176 5183
5177 5183
5184 5186
5184 5187
5185 5186
5185 5187
5186 5187
5244 5187
5245 5187
5188 5190
5188 5191
5189 5190
5189 5191
5190 5191
5184 5190
5185 5190
5240 5191
5241 5191
5192 5194
5192 5195
5193 5194
5193 5195
5194 5195
5188 5194
5189 5194
5236 5195
5237 5195
5196 5198
5196 5199
5197 5198
5197 5199
5198 5199
5192 5198
5193 5198
5232 5199
5233 5199
5200 5202
5200 5203
5201 5202
5201 5203
5202 5203
5196 5202
5197 5202
5228 5203
5229 5203
5204 5206
5204 5207
5205 5206
5205 5207
5206 5207
5200 5206
5201 5206
5224 5207
5225 5207
5208 5210
5208 5211
5209 5210
5209 5211
5210 5211
5204 5210
5205 5210
5220 5211
5221 5211
5212 5214
5212 5215
5213 5214
5213 5215
5214 5215
5208 5214
5209 5214
5216 5215
5217 5215
5216 5218
5216 5219
5217 5218
5217 5219
5218 5219
5276 5218
5277 5218
5220 5222
5220 5223
5221 5222
5221 5223
5222 5223
5272 5222
5273 5222
5216 5223
5217 5223
5224 5226
5224 5227
5225 5226
5225 5227
5226 5227
5268 5226
5269 5226
5220 5227
5221 5227
5228 5230
5228 5231
5229 5230
5229 5231
5230 5231
5264 5230
5265 5230
5224 5231
5225 5231
5232 5234
5232 5235
5233 5234
5233 5235
5234 5235
5260 5234
5261 5234
5228 5235
5229 5235
5236 5238
5236 5239
5237 5238
5237 5239
5238 5239
5256 5238
5257 5238
5232 5239
5233 5239
5240 5242
5240 5243
5241 5242
5241 5243
5242 5243
5252 5242
5253 5242
5236 5243
5237 5243
5244 5246
5244 5247
5245 5246
5245 5247
5246 5247
5248 5246
5249 5246
5240 5247
5241 5247
5248 5250
5248 5251
5249 5250
5249 5251
5250 5251
5308 5251
5309 5251
5252 5254
5252 5255
5253 5254
5253 5255
5254 5255
5248 5254
5249 5254
5304 5255
5305 5255
5256 5258
5256 5259
5257 5258
5257 5259
5258 5259
5252 5258
5253 5258
5300 5259
5301 5259
5260 5262
5260 5263
5261 5262
5261 5263
5262 5263
5256 5262
5257 5262
5296 5263
5297 5263
5264 5266
5264 5267
5265 5266
5265 5267
5266 5267
5260 5266
5261 5266
5292 5267
5293 5267
5268 5270
5268 5271
5269 5270
5269 5271
5270 5271
5264 5270
5265 5270
5288 5271
5289 5271
5272 5274
5272 5275
5273 5274
5273 5275
5274 5275
5268 5274
5269 5274
5284 5275
5285 5275
5276 5278
5276 5279
5277 5278
5277 5279
5278 5279
5272 5278
5273 5278
5280 5279
5281 5279
5280 5282
5280 5283
5281 5282
5281 5283
5282 5283
5340 5282
5341 5282
5284 5286
5284 5287
5285 5286
5285 5287
5286 5287
5336 5286
5337 5286
5280 5287
5281 5287
5288 5290
5288 5291
5289 5290
5289 5291
5290 5291
5332 5290
5333 5290
5284 5291
5285 5291
5292 5294
5292 5295
5293 5294
5293 5295
5294 5295
5328 5294
5329 5294
5288 5295
5289 5295
5296 5298
5296 5299
5297 5298
5297 5299
5298 5299
5324 5298
5325 5298
5292 5299
5293 5299
5300 5302
5300 5303
5301 5302
5301 5303
5302 5303
5320 5302
5321 5302
5296 5303
5297 5303
5304 5306
5304 5307
5305 5306
5305 5307
5306 5307
5316 5306
5317 5306
5300 5307
5301 5307
5308 5310
5308 5311
5309 5310
5309 5311
5310 5311
5312 5310
5313 5310
5304 5311
5305 5311
5312 5314
5312 5315
5313 5314
5313 5315
5314 5315
5372 5315
5373 5315
5316 5318
5316 5319
5317 5318
5317 5319
5318 5319
5312 5318
5313 5318
5368 5319
5369 5319
5320 5322
5320 5323
5321 5322
5321 5323
5322 5323
5316 5322
5317 5322
5364 5323
5365 5323
5324 5326
5324 5327
5325 5326
5325 5327
5326 5327
5320 5326
5321 5326
5360 5327
5361 5327
5328 5330
5328 5331
5329 5330
5329 5331
5330 5331
5324 5330
5325 5330
5356 5331
5357 5331
5332 5334
5332 5335
5333 5334
5333 5335
5334 5335
5328 5334
5329 5334
5352 5335
5353 5335
5336 5338
5336 5339
5337 5338
5337 5339
5338 5339
5332 5338
5333 5338
5344 5339
5345 5339
5340 5342
5340 5343
5341 5342
5341 5343
5342 5343
5336 5342
5337 5342
5348 5343
5349 5343
5344 5346
5344 5347
5345 5346
5345 5347
5346 5347
5404 5346
5405 5346
5348 5347
5349 5347
5348 5350
5348 5351
5349 5350
5349 5351
5350 5351
5400 5350
5401 5350
5352 5354
5352 5355
5353 5354
5353 5355
5354 5355
5396 5354
5397 5354
5344 5355
5345 5355
5356 5358
5356 5359
5357 5358
5357 5359
5358 5359
5392 5358
5393 5358
5352 5359
5353 5359
5360 5362
5360 5363
5361 5362
5361 5363
5362 5363
5388 5362
5389 5362
5356 5363
5357 5363
5364 5366
5364 5367
5365 5366
5365 5367
5366 5367
5384 5366
5385 5366
5360 5367
5361 5367
5368 5370
5368 5371
5369 5370
5369 5371
5370 5371
5380 5370
5381 5370
5364 5371
5365 5371
5372 5374
5372 5375
5373 5374
5373 5375
5374 5375
5376 5374
5377 5374
5368 5375
5369 5375
5376 5378
5376 5379
5377 5378
5377 5379
5378 5379
5436 5379
5437 5379
5380 5382
5380 5383
5381 5382
5381 5383
5382 5383
5376 5382
5377 5382
5432 5383
5433 5383
5384 5386
5384 5387
5385 5386
5385 5387
5386 5387
5380 5386
5381 5386
5428 5387
5429 5387
5388 5390
5388 5391
5389 5390
5389 5391
5390 5391
5384 5390
5385 5390
5424 5391
5425 5391
5392 5394
5392 5395
5393 5394
5393 5395
5394 5395
5388 5394
5389 5394
5420 5395
5421 5395
5396 5398
5396 5399
5397 5398
5397 5399
5398 5399
5392 5398
5393 5398
5416 5399
5417 5399
5400 5402
5400 5403
5401 5402
5401 5403
5402 5403
5404 5402
5405 5402
5412 5403
5413 5403
5404 5406
5404 5407
5405 5406
5405 5407
5406 5407
5396 5406
5397 5406
5408 5407
5409 5407
5408 5410
5408 5411
5409 5410
5409 5411
5410 5411
5468 5410
5469 5410
5412 5411
5413 5411
5412 5414
5412 5415
5413 5414
5413 5415
5414 5415
5464 5414
5465 5414
5416 5418
5416 5419
5417 5418
5417 5419
5418 5419
5460 5418
5461 5418
5408 5419
5409 5419
5420 5422
5420 5423
5421 5422
5421 5423
5422 5423
5456 5422
5457 5422
5416 5423
5417 5423
5424 5426
5424 5427
5425 5426
5425 5427
5426 5427
5452 5426
5453 5426
5420 5427
5421 5427
5428 5430
5428 5431
5429 5430
5429 5431
5430 5431
5448 5430
5449 5430
5424 5431
5425 5431
5432 5434
5432 5435
5433 5434
5433 5435
5434 5435
5444 5434
5445 5434
5428 5435
5429 5435
5436 5438
5436 5439
5437 5438
5437 5439
5438 5439
5440 5438
5441 5438
5432 5439
5433 5439
5440 5442
5440 5443
5441 5442
5441 5443
5442 5443
5500 5443
5501 5443
5444 5446
5444 5447
5445 5446
5445 5447
5446 5447
5440 5446
5441 5446
5496 5447
5497 5447
5448 5450
5448 5451
5449 5450
5449 5451
5450 5451
5444 5450
5445 5450
5492 5451
5493 5451
5452 5454
5452 5455
5453 5454
5453 5455
5454 5455
5448 5454
5449 5454
5488 5455
5489 5455
5456 5458
5456 5459
5457 5458
5457 5459
5458 5459
5452 5458
5453 5458
5484 5459
5485 5459
5460 5462
5460 5463
5461 5462
5461 5463
5462 5463
5456 5462
5457 5462
5480 5463
5481 5463
5464 5466
5464 5467
5465 5466
5465 5467
5466 5467
5468 5466
5469 5466
5476 5467
5477 5467
5468 5470
5468 5471
5469 5470
5469 5471
5470 5471
5460 5470
5461 5470
5472 5471
5473 5471
5472 5474
5472 5475
5473 5474
5473 5475
5474 5475
5532 5474
5533 5474
5476 5475
5477 5475
5476 5478
5476 5479
5477 5478
5477 5479
5478 5479
5528 5478
5529 5478
5480 5482
5480 5483
5481 5482
5481 5483
5482 5483
5524 5482
5525 5482
5472 5483
5473 5483
5484 5486
5484 5487
5485 5486
5485 5487
5486 5487
5520 5486
5521 5486
5480 5487
5481 5487
5488 5490
5488 5491
5489 5490
5489 5491
5490 5491
5516 5490
5517 5490
5484 5491
5485 5491
5492 5494
5492 5495
5493 5494
5493 5495
5494 5495
5512 5494
5513 5494
5488 5495
5489 5495
5496 5498
5496 5499
5497 5498
5497 5499
5498 5499
5508 5498
5509 5498
5492 5499
5493 5499
5500 5502
5500 5503
5501 5502
5501 5503
5502 5503
5504 5502
5505 5502
5496 5503
5497 5503
5504 5506
5504 5507
5505 5506
5505 5507
5506 5507
5564 5507
5565 5507
5508 5510
5508 5511
5509 5510
5509 5511
5510 5511
5504 5510
5505 5510
5560 5511
5561 5511
5512 5514
5512 5515
5513 5514
5513 5515
5514 5515
5508 5514
5509 5514
5556 5515
5557 5515
5516 5518
5516 5519
5517 5518
5517 5519
5518 5519
5512 5518
5513 5518
5552 5519
5553 5519
5520 5522
5520 5523
5521 5522
5521 5523
5522 5523
5516 5522
5517 5522
5548 5523
5549 5523
5524 5526
5524 5527
5525 5526
5525 5527
5526 5527
5520 5526
5521 5526
5544 5527
5545 5527
5528 5530
5528 5531
5529 5530
5529 5531
5530 5531
5532 5530
5533 5530
5540 5531
5541 5531
5532 5534
5532 5535
5533 5534
5533 5535
5534 5535
5524 5534
5525 5534
5536 5535
5537 5535
5536 5538
5536 5539
5537 5538
5537 5539
5538 5539
5596 5538
5597 5538
5540 5539
5541 5539
5540 5542
5540 5543
5541 5542
5541 5543
5542 5543
5592 5542
5593 5542
5544 5546
5544 5547
5545 5546
5545 5547
5546 5547
5588 5546
5589 5546
5536 5547
5537 5547
5548 5550
5548 5551
5549 5550
5549 5551
5550 5551
5584 5550
5585 5550
5544 5551
5545 5551
5552 5554
5552 5555
5553 5554
5553 5555
5554 5555
5580 5554
5581 5554
5548 5555
5549 5555
5556 5558
5556 5559
5557 5558
5557 5559
5558 5559
5576 5558
5577 5558
5552 5559
5553 5559
5560 5562
5560 5563
5561 5562
5561 5563
5562 5563
5572 5562
5573 5562
5556 5563
5557 5563
5564 5566
5564 5567
5565 5566
5565 5567
5566 5567
5568 5566
5569 5566
5560 5567
5561 5567
5568 5570
5568 5571
5569 5570
5569 5571
5570 5571
5628 5571
5629 5571
5572 5574
5572 5575
5573 5574
5573 5575
5574 5575
5568 5574
5569 5574
5624 5575
5625 5575
5576 5578
5576 5579
5577 5578
5577 5579
5578 5579
5572 5578
5573 5578
5620 5579
5621 5579
5580 5582
5580 5583
5581 5582
5581 5583
5582 5583
5576 5582
5577 5582
5616 5583
5617 5583
5584 5586
5584 5587
5585 5586
5585 5587
5586 5587
5580 5586
5581 5586
5612 5587
5613 5587
5588 5590
5588 5591
5589 5590
5589 5591
5590 5591
5584 5590
5585 5590
5608 5591
5609 5591
5592 5594
5592 5595
5593 5594
5593 5595
5594 5595
5596 5594
5597 5594
5604 5595
5605 5595
5596 5598
5596 5599
5597 5598
5597 5599
5598 5599
5588 5598
5589 5598
5600 5599
5601 5599
5600 5602
5600 5603
5601 5602
5601 5603
5602 5603
5660 5602
5661 5602
5604 5603
5605 5603
5604 5606
5604 5607
5605 5606
5605 5607
5606 5607
5656 5606
5657 5606
5608 5610
5608 5611
5609 5610
5609 5611
5610 5611
5652 5610
5653 5610
5600 5611
5601 5611
5612 5614
5612 5615
5613 5614
5613 5615
5614 5615
5648 5614
5649 5614
5608 5615
5609 5615
5616 5618
5616 5619
5617 5618
5617 5619
5618 5619
5644 5618
5645 5618
5612 5619
5613 5619
5620 5622
5620 5623
5621 5622
5621 5623
5622 5623
5640 5622
5641 5622
5616 5623
5617 5623
5624 5626
5624 5627
5625 5626
5625 5627
5626 5627
5636 5626
5637 5626
5620 5627
5621 5627
5628 5630
5628 5631
5629 5630
5629 5631
5630 5631
5632 5630
5633 5630
5624 5631
5625 5631
5632 5634
5632 5635
5633 5634
5633 5635
5634 5635
5692 5635
5693 5635
5636 5638
5636 5639
5637 5638
5637 5639
5638 5639
5632 5638
5633 5638
5688 5639
5689 5639
5640 5642
5640 5643
5641 5642
5641 5643
5642 5643
5636 5642
5637 5642
5684 5643
5685 5643
5644 5646
5644 5647
5645 5646
5645 5647
5646 5647
5640 5646
5641 5646
5680 5647
5681 5647
5648 5650
5648 5651
5649 5650
5649 5651
5650 5651
5644 5650
5645 5650
5676 5651
5677 5651
5652 5654
5652 5655
5653 5654
5653 5655
5654 5655
5648 5654
5649 5654
5672 5655
5673 5655
5656 5658
5656 5659
5657 5658
5657 5659
5658 5659
5660 5658
5661 5658
5668 5659
5669 5659
5660 5662
5660 5663
5661 5662
5661 5663
5662 5663
5652 5662
5653 5662
5664 5663
5665 5663
5664 5666
5664 5667
5665 5666
5665 5667
5666 5667
5724 5666
5725 5666
5668 5667
5669 5667
5668 5670
5668 5671
5669 5670
5669 5671
5670 5671
5720 5670
5721 5670
5672 5674
5672 5675
5673 5674
5673 5675
5674 5675
5716 5674
5717 5674
5664 5675
5665 5675
5676 5678
5676 5679
5677 5678
5677 5679
5678 5679
5712 5678
5713 5678
5672 5679
5673 5679
5680 5682
5680 5683
5681 5682
5681 5683
5682 5683
5708 5682
5709 5682
5676 5683
5677 5683
5684 5686
5684 5687
5685 5686
5685 5687
5686 5687
5704 5686
5705 5686
5680 5687
5681 5687
5688 5690
5688 5691
5689 5690
5689 5691
5690 5691
5700 5690
5701 5690
5684 5691
5685 5691
5692 5694
5692 5695
5693 5694
5693 5695
5694 5695
5696 5694
5697 5694
5688 5695
5689 5695
5696 5698
5696 5699
5697 5698
5697 5699
5698 5699
5756 5699
5757 5699
5700 5702
5700 5703
5701 5702
5701 5703
5702 5703
5696 5702
5697 5702
5752 5703
5753 5703
5704 5706
5704 5707
5705 5706
5705 5707
5706 5707
5700 5706
5701 5706
5748 5707
5749 5707
5708 5710
5708 5711
5709 5710
5709 5711
5710 5711
5704 5710
5705 5710
5744 5711
5745 5711
5712 5714
5712 5715
5713 5714
5713 5715
5714 5715
5708 5714
5709 5714
5740 5715
5741 5715
5716 5718
5716 5719
5717 5718
5717 5719
5718 5719
5712 5718
5713 5718
5736 5719
5737 5719
5720 5722
5720 5723
5721 5722
5721 5723
5722 5723
5724 5722
5725 5722
5732 5723
5733 5723
5724 5726
5724 5727
5725 5726
5725 5727
5726 5727
5716 5726
5717 5726
5728 5727
5729 5727
5728 5730
5728 5731
5729 5730
5729 5731
5730 5731
5788 5730
5789 5730
5732 5731
5733 5731
5732 5734
5732 5735
5733 5734
5733 5735
5734 5735
5784 5734
5785 5734
5736 5738
5736 5739
5737 5738
5737 5739
5738 5739
5780 5738
5781 5738
5728 5739
5729 5739
5740 5742
5740 5743
5741 5742
5741 5743
5742 5743
5776 5742
5777 5742
5736 5743
5737 5743
5744 5746
5744 5747
5745 5746
5745 5747
5746 5747
5772 5746
5773 5746
5740 5747
5741 5747
5748 5750
5748 5751
5749 5750
5749 5751
5750 5751
5768 5750
5769 5750
5744 5751
5745 5751
5752 5754
5752 5755
5753 5754
5753 5755
5754 5755
5764 5754
5765 5754
5748 5755
5749 5755
5756 5758
5756 5759
5757 5758
5757 5759
5758 5759
5760 5758
5761 5758
5752 5759
5753 5759
5760 5762
5760 5763
5761 5762
5761 5763
5762 5763
5764 5766
5764 5767
5765 5766
5765 5767
5766 5767
5760 5766
5761 5766
5768 5770
5768 5771
5769 5770
5769 5771
5770 5771
5764 5770
5765 5770
5772 5774
5772 5775
5773 5774
5773 5775
5774 5775
5768 5774
5769 5774
5776 5778
5776 5779
5777 5778
5777 5779
5778 5779
5772 5778
5773 5778
5780 5782
5780 5783
5781 5782
5781 5783
5782 5783
5776 5782
5777 5782
5784 5786
5784 5787
5785 5786
5785 5787
5786 5787
5788 5786
5789 5786
5788 5790
5788 5791
5789 5790
5789 5791
5790 5791
5780 5790
5781 5790
5792 5794
5792 5795
5793 5794
5793 5795
5794 5795
5852 5795
5853 5795
5796 5798
5796 5799
5797 5798
5797 5799
5798 5799
5792 5798
5793 5798
5848 5799
5849 5799
5800 5802
5800 5803
5801 5802
5801 5803
5802 5803
5796 5802
5797 5802
5844 5803
5845 5803
5804 5806
5804 5807
5805 5806
5805 5807
5806 5807
5800 5806
5801 5806
5840 5807
5841 5807
5808 5810
5808 5811
5809 5810
5809 5811
5810 5811
5804 5810
5805 5810
5836 5811
5837 5811
5812 5814
5812 5815
5813 5814
5813 5815
5814 5815
5808 5814
5809 5814
5832 5815
5833 5815
5816 5818
5816 5819
5817 5818
5817 5819
5818 5819
5812 5818
5813 5818
5828 5819
5829 5819
5820 5822
5820 5823
5821 5822
5821 5823
5822 5823
5816 5822
5817 5822
5824 5823
5825 5823
5824 5826
5824 5827
5825 5826
5825 5827
5826 5827
5884 5826
5885 5826
5828 5830
5828 5831
5829 5830
5829 5831
5830 5831
5880 5830
5881 5830
5824 5831
5825 5831
5832 5834
5832 5835
5833 5834
5833 5835
5834 5835
5876 5834
5877 5834
5828 5835
5829 5835
5836 5838
5836 5839
5837 5838
5837 5839
5838 5839
5872 5838
5873 5838
5832 5839
5833 5839
5840 5842
5840 5843
5841 5842
5841 5843
5842 5843
5868 5842
5869 5842
5836 5843
5837 5843
5844 5846
5844 5847
5845 5846
5845 5847
5846 5847
5864 5846
5865 5846
5840 5847
5841 5847
5848 5850
5848 5851
5849 5850
5849 5851
5850 5851
5860 5850
5861 5850
5844 5851
5845 5851
5852 5854
5852 5855
5853 5854
5853 5855
5854 5855
5856 5854
5857 5854
5848 5855
5849 5855
5856 5858
5856 5859
5857 5858
5857 5859
5858 5859
5916 5859
5917 5859
5860 5862
5860 5863
5861 5862
5861 5863
5862 5863
5856 5862
5857 5862
5912 5863
5913 5863
5864 5866
5864 5867
5865 5866
5865 5867
5866 5867
5860 5866
5861 5866
5908 5867
5909 5867
5868 5870
5868 5871
5869 5870
5869 5871
5870 5871
5864 5870
5865 5870
5904 5871
5905 5871
5872 5874
5872 5875
5873 5874
5873 5875
5874 5875
5868 5874
5869 5874
5900 5875
5901 5875
5876 5878
5876 5879
5877 5878
5877 5879
5878 5879
5872 5878
5873 5878
5896 5879
5897 5879
5880 5882
5880 5883
5881 5882
5881 5883
5882 5883
5876 5882
5877 5882
5892 5883
5893 5883
5884 5886
5884 5887
5885 5886
5885 5887
5886 5887
5880 5886
5881 5886
5888 5887
5889 5887
5888 5890
5888 5891
5889 5890
5889 5891
5890 5891
5948 5890
5949 5890
5892 5894
5892 5895
5893 5894
5893 5895
5894 5895
5944 5894
5945 5894
5888 5895
5889 5895
5896 5898
5896 5899
5897 5898
5897 5899
5898 5899
5940 5898
5941 5898
5892 5899
5893 5899
5900 5902
5900 5903
5901 5902
5901 5903
5902 5903
5936 5902
5937 5902
5896 5903
5897 5903
5904 5906
5904 5907
5905 5906
5905 5907
5906 5907
5932 5906
5933 5906
5900 5907
5901 5907
5908 5910
5908 5911
5909 5910
5909 5911
5910 5911
5928 5910
5929 5910
5904 5911
5905 5911
5912 5914
5912 5915
5913 5914
5913 5915
5914 5915
5924 5914
5925 5914
5908 5915
5909 5915
5916 5918
5916 5919
5917 5918
5917 5919
5918 5919
5920 5918
5921 5918
5912 5919
5913 5919
5920 5922
5920 5923
5921 5922
5921 5923
5922 5923
5980 5923
5981 5923
5924 5926
5924 5927
5925 5926
5925 5927
5926 5927
5920 5926
5921 5926
5976 5927
5977 5927
5928 5930
5928 5931
5929 5930
5929 5931
5930 5931
5924 5930
5925 5930
5972 5931
5973 5931
5932 5934
5932 5935
5933 5934
5933 5935
5934 5935
5928 5934
5929 5934
5968 5935
5969 5935
5936 5938
5936 5939
5937 5938
5937 5939
5938 5939
5932 5938
5933 5938
5964 5939
5965 5939
5940 5942
5940 5943
5941 5942
5941 5943
5942 5943
5936 5942
5937 5942
5960 5943
5961 5943
5944 5946
5944 5947
5945 5946
5945 5947
5946 5947
5940 5946
5941 5946
5956 5947
5957 5947
5948 5950
5948 5951
5949 5950
5949 5951
5950 5951
5944 5950
5945 5950
5952 5951
5953 5951
5952 5954
5952 5955
5953 5954
5953 5955
5954 5955
6012 5954
6013 5954
5956 5958
5956 5959
5957 5958
5957 5959
5958 5959
6008 5958
6009 5958
5952 5959
5953 5959
5960 5962
5960 5963
5961 5962
5961 5963
5962 5963
6004 5962
6005 5962
5956 5963
5957 5963
5964 5966
5964 5967
5965 5966
5965 5967
5966 5967
6000 5966
6001 5966
5960 5967
5961 5967
5968 5970
5968 5971
5969 5970
5969 5971
5970 5971
5996 5970
5997 5970
5964 5971
5965 5971
5972 5974
5972 5975
5973 5974
5973 5975
5974 5975
5992 5974
5993 5974
5968 5975
5969 5975
5976 5978
5976 5979
5977 5978
5977 5979
5978 5979
5988 5978
5989 5978
5972 5979
5973 5979
5980 5982
5980 5983
5981 5982
5981 5983
5982 5983
5984 5982
5985 5982
5976 5983
5977 5983
5984 5986
5984 5987
5985 5986
5985 5987
5986 5987
6044 5987
6045 5987
5988 5990
5988 5991
5989 5990
5989 5991
5990 5991
5984 5990
5985 5990
6040 5991
6041 5991
5992 5994
5992 5995
5993 5994
5993 5995
5994 5995
5988 5994
5989 5994
6036 5995
6037 5995
5996 5998
5996 5999
5997 5998
5997 5999
5998 5999
5992 5998
5993 5998
6032 5999
6033 5999
6000 6002
6000 6003
6001 6002
6001 6003
6002 6003
5996 6002
5997 6002
6028 6003
6029 6003
6004 6006
6004 6007
6005 6006
6005 6007
6006 6007
6000 6006
6001 6006
6024 6007
6025 6007
6008 6010
6008 6011
6009 6010
6009 6011
6010 6011
6004 6010
6005 6010
6020 6011
6021 6011
6012 6014
6012 6015
6013 6014
6013 6015
6014 6015
6008 6014
6009 6014
6016 6015
6017 6015
6016 6018
6016 6019
6017 6018
6017 6019
6018 6019
6076 6018
6077 6018
6020 6022
6020 6023
6021 6022
6021 6023
6022 6023
6072 6022
6073 6022
6016 6023
6017 6023
6024 6026
6024 6027
6025 6026
6025 6027
6026 6027
6068 6026
6069 6026
6020 6027
6021 6027
6028 6030
6028 6031
6029 6030
6029 6031
6030 6031
6064 6030
6065 6030
6024 6031
6025 6031
6032 6034
6032 6035
6033 6034
6033 6035
6034 6035
6060 6034
6061 6034
6028 6035
6029 6035
6036 6038
6036 6039
6037 6038
6037 6039
6038 6039
6056 6038
6057 6038
6032 6039
6033 6039
6040 6042
6040 6043
6041 6042
6041 6043
6042 6043
6052 6042
6053 6042
6036 6043
6037 6043
6044 6046
6044 6047
6045 6046
6045 6047
6046 6047
6048 6046
6049 6046
6040 6047
6041 6047
6048 6050
6048 6051
6049 6050
6049 6051
6050 6051
6108 6051
6109 6051
6052 6054
6052 6055
6053 6054
6053 6055
6054 6055
6048 6054
6049 6054
6104 6055
6105 6055
6056 6058
6056 6059
6057 6058
6057 6059
6058 6059
6052 6058
6053 6058
6100 6059
6101 6059
6060 6062
6060 6063
6061 6062
6061 6063
6062 6063
6056 6062
6057 6062
6096 6063
6097 6063
6064 6066
6064 6067
6065 6066
6065 6067
6066 6067
6060 6066
6061 6066
6092 6067
6093 6067
6068 6070
6068 6071
6069 6070
6069 6071
6070 6071
6064 6070
6065 6070
6088 6071
6089 6071
6072 6074
6072 6075
6073 6074
6073 6075
6074 6075
6068 6074
6069 6074
6084 6075
6085 6075
6076 6078
6076 6079
6077 6078
6077 6079
6078 6079
6072 6078
6073 6078
6080 6079
6081 6079
6080 6082
6080 6083
6081 6082
6081 6083
6082 6083
6140 6082
6141 6082
6084 6086
6084 6087
6085 6086
6085 6087
6086 6087
6136 6086
6137 6086
6080 6087
6081 6087
6088 6090
6088 6091
6089 6090
6089 6091
6090 6091
6132 6090
6133 6090
6084 6091
6085 6091
6092 6094
6092 6095
6093 6094
6093 6095
6094 6095
6128 6094
6129 6094
6088 6095
6089 6095
6096 6098
6096 6099
6097 6098
6097 6099
6098 6099
6124 6098
6125 6098
6092 6099
6093 6099
6100 6102
6100 6103
6101 6102
6101 6103
6102 6103
6120 6102
6121 6102
6096 6103
6097 6103
6104 6106
6104 6107
6105 6106
6105 6107
6106 6107
6116 6106
6117 6106
6100 6107
6101 6107
6108 6110
6108 6111
6109 6110
6109 6111
6110 6111
6112 6110
6113 6110
6104 6111
6105 6111
6112 6114
6112 6115
6113 6114
6113 6115
6114 6115
6172 6115
6173 6115
6116 6118
6116 6119
6117 6118
6117 6119
6118 6119
6112 6118
6113 6118
6168 6119
6169 6119
6120 6122
6120 6123
6121 6122
6121 6123
6122 6123
6116 6122
6117 6122
6164 6123
6165 6123
6124 6126
6124 6127
6125 6126
6125 6127
6126 6127
6120 6126
6121 6126
6160 6127
6161 6127
6128 6130
6128 6131
6129 6130
6129 6131
6130 6131
6124 6130
6125 6130
6156 6131
6157 6131
6132 6134
6132 6135
6133 6134
6133 6135
6134 6135
6128 6134
6129 6134
6152 6135
6153 6135
6136 6138
6136 6139
6137 6138
6137 6139
6138 6139
6132 6138
6133 6138
6148 6139
6149 6139
6140 6142
6140 6143
6141 6142
6141 6143
6142 6143
6136 6142
6137 6142
6144 6143
6145 6143
6144 6146
6144 6147
6145 6146
6145 6147
6146 6147
6204 6146
6205 6146
6148 6150
6148 6151
6149 6150
6149 6151
6150 6151
6200 6150
6201 6150
6144 6151
6145 6151
6152 6154
6152 6155
6153 6154
6153 6155
6154 6155
6196 6154
6197 6154
6148 6155
6149 6155
6156 6158
6156 6159
6157 6158
6157 6159
6158 6159
6192 6158
6193 6158
6152 6159
6153 6159
6160 6162
6160 6163
6161 6162
6161 6163
6162 6163
6188 6162
6189 6162
6156 6163
6157 6163
6164 6166
6164 6167
6165 6166
6165 6167
6166 6167
6184 6166
6185 6166
6160 6167
6161 6167
6168 6170
6168 6171
6169 6170
6169 6171
6170 6171
6180 6170
6181 6170
6164 6171
6165 6171
6172 6174
6172 6175
6173 6174
6173 6175
6174 6175
6176 6174
6177 6174
6168 6175
6169 6175
6176 6178
6176 6179
6177 6178
6177 6179
6178 6179
6236 6179
6237 6179
6180 6182
6180 6183
6181 6182
6181 6183
6182 6183
6176 6182
6177 6182
6232 6183
6233 6183
6184 6186
6184 6187
6185 6186
6185 6187
6186 6187
6180 6186
6181 6186
6228 6187
6229 6187
6188 6190
6188 6191
6189 6190
6189 6191
6190 6191
6184 6190
6185 6190
6224 6191
6225 6191
6192 6194
6192 6195
6193 6194
6193 6195
6194 6195
6188 6194
6189 6194
6220 6195
6221 6195
6196 6198
6196 6199
6197 6198
6197 6199
6198 6199
6192 6198
6193 6198
6216 6199
6217 6199
6200 6202
6200 6203
6201 6202
6201 6203
6202 6203
6196 6202
6197 6202
6212 6203
6213 6203
6204 6206
6204 6207
6205 6206
6205 6207
6206 6207
6200 6206
6201 6206
6208 6207
6209 6207
6208 6210
6208 6211
6209 6210
6209 6211
6210 6211
6268 6210
6269 6210
6212 6214
6212 6215
6213 6214
6213 6215
6214 6215
6264 6214
6265 6214
6208 6215
6209 6215
6216 6218
6216 6219
6217 6218
6217 6219
6218 6219
6260 6218
6261 6218
6212 6219
6213 6219
6220 6222
6220 6223
6221 6222
6221 6223
6222 6223
6256 6222
6257 6222
6216 6223
6217 6223
6224 6226
6224 6227
6225 6226
6225 6227
6226 6227
6252 6226
6253 6226
6220 6227
6221 6227
6228 6230
6228 6231
6229 6230
6229 6231
6230 6231
6248 6230
6249 6230
6224 6231
6225 6231
6232 6234
6232 6235
6233 6234
6233 6235
6234 6235
6244 6234
6245 6234
6228 6235
6229 6235
6236 6238
6236 6239
6237 6238
6237 6239
6238 6239
6240 6238
6241 6238
6232 6239
6233 6239
6240 6242
6240 6243
6241 6242
6241 6243
6242 6243
6300 6243
6301 6243
6244 6246
6244 6247
6245 6246
6245 6247
6246 6247
6240 6246
6241 6246
6296 6247
6297 6247
6248 6250
6248 6251
6249 6250
6249 6251
6250 6251
6244 6250
6245 6250
6292 6251
6293 6251
6252 6254
6252 6255
6253 6254
6253 6255
6254 6255
6248 6254
6249 6254
6288 6255
6289 6255
6256 6258
6256 6259
6257 6258
6257 6259
6258 6259
6252 6258
6253 6258
6284 6259
6285 6259
6260 6262
6260 6263
6261 6262
6261 6263
6262 6263
6256 6262
6257 6262
6280 6263
6281 6263
6264 6266
6264 6267
6265 6266
6265 6267
6266 6267
6260 6266
6261 6266
6272 6267
6273 6267
6268 6270
6268 6271
6269 6270
6269 6271
6270 6271
6264 6270
6265 6270
6276 6271
6277 6271
6272 6274
6272 6275
6273 6274
6273 6275
6274 6275
6332 6274
6333 6274
6276 6275
6277 6275
6276 6278
6276 6279
6277 6278
6277 6279
6278 6279
6328 6278
6329 6278
6280 6282
6280 6283
6281 6282
6281 6283
6282 6283
6324 6282
6325 6282
6272 6283
6273 6283
6284 6286
6284 6287
6285 6286
6285 6287
6286 6287
6320 6286
6321 6286
6280 6287
6281 6287
6288 6290
6288 6291
6289 6290
6289 6291
6290 6291
6316 6290
6317 6290
6284 6291
6285 6291
6292 6294
6292 6295
6293 6294
6293 6295
6294 6295
6312 6294
6313 6294
6288 6295
6289 6295
6296 6298
6296 6299
6297 6298
6297 6299
6298 6299
6308 6298
6309 6298
6292 6299
6293 6299
6300 6302
6300 6303
6301 6302
6301 6303
6302 6303
6304 6302
6305 6302
6296 6303
6297 6303
6304 6306
6304 6307
6305 6306
6305 6307
6306 6307
6364 6307
6365 6307
6308 6310
6308 6311
6309 6310
6309 6311
6310 6311
6304 6310
6305 6310
6360 6311
6361 6311
6312 6314
6312 6315
6313 6314
6313 6315
6314 6315
6308 6314
6309 6314
6356 6315
6357 6315
6316 6318
6316 6319
6317 6318
6317 6319
6318 6319
6312 6318
6313 6318
6352 6319
6353 6319
6320 6322
6320 6323
6321 6322
6321 6323
6322 6323
6316 6322
6317 6322
6348 6323
6349 6323
6324 6326
6324 6327
6325 6326
6325 6327
6326 6327
6320 6326
6321 6326
6344 6327
6345 6327
6328 6330
6328 6331
6329 6330
6329 6331
6330 6331
6332 6330
6333 6330
6340 6331
6341 6331
6332 6334
6332 6335
6333 6334
6333 6335
6334 6335
6324 6334
6325 6334
6336 6335
6337 6335
6336 6338
6336 6339
6337 6338
6337 6339
6338 6339
6396 6338
6397 6338
6340 6339
6341 6339
6340 6342
6340 6343
6341 6342
6341 6343
6342 6343
6392 6342
6393 6342
6344 6346
6344 6347
6345 6346
6345 6347
6346 6347
6388 6346
6389 6346
6336 6347
6337 6347
6348 6350
6348 6351
6349 6350
6349 6351
6350 6351
6384 6350
6385 6350
6344 6351
6345 6351
6352 6354
6352 6355
6353 6354
6353 6355
6354 6355
6380 6354
6381 6354
6348 6355
6349 6355
6356 6358
6356 6359
6357 6358
6357 6359
6358 6359
6376 6358
6377 6358
6352 6359
6353 6359
6360 6362
6360 6363
6361 6362
6361 6363
6362 6363
6372 6362
6373 6362
6356 6363
6357 6363
6364 6366
6364 6367
6365 6366
6365 6367
6366 6367
6368 6366
6369 6366
6360 6367
6361 6367
6368 6370
6368 6371
6369 6370
6369 6371
6370 6371
6428 6371
6429 6371
6372 6374
6372 6375
6373 6374
6373 6375
6374 6375
6368 6374
6369 6374
6424 6375
6425 6375
6376 6378
6376 6379
6377 6378
6377 6379
6378 6379
6372 6378
6373 6378
6420 6379
6421 6379
6380 6382
6380 6383
6381 6382
6381 6383
6382 6383
6376 6382
6377 6382
6416 6383
6417 6383
6384 6386
6384 6387
6385 6386
6385 6387
6386 6387
6380 6386
6381 6386
6412 6387
6413 6387
6388 6390
6388 6391
6389 6390
6389 6391
6390 6391
6384 6390
6385 6390
6408 6391
6409 6391
6392 6394
6392 6395
6393 6394
6393 6395
6394 6395
6396 6394
6397 6394
6404 6395
6405 6395
6396 6398
6396 6399
6397 6398
6397 6399
6398 6399
6388 6398
6389 6398
6400 6399
6401 6399
6400 6402
6400 6403
6401 6402
6401 6403
6402 6403
6460 6402
6461 6402
6404 6403
6405 6403
6404 6406
6404 6407
6405 6406
6405 6407
6406 6407
6456 6406
6457 6406
6408 6410
6408 6411
6409 6410
6409 6411
6410 6411
6452 6410
6453 6410
6400 6411
6401 6411
6412 6414
6412 6415
6413 6414
6413 6415
6414 6415
6448 6414
6449 6414
6408 6415
6409 6415
6416 6418
6416 6419
6417 6418
6417 6419
6418 6419
6444 6418
6445 6418
6412 6419
6413 6419
6420 6422
6420 6423
6421 6422
6421 6423
6422 6423
6440 6422
6441 6422
6416 6423
6417 6423
6424 6426
6424 6427
6425 6426
6425 6427
6426 6427
6436 6426
6437 6426
6420 6427
6421 6427
6428 6430
6428 6431
6429 6430
6429 6431
6430 6431
6432 6430
6433 6430
6424 6431
6425 6431
6432 6434
6432 6435
6433 6434
6433 6435
6434 6435
6492 6435
6493 6435
6436 6438
6436 6439
6437 6438
6437 6439
6438 6439
6432 6438
6433 6438
6488 6439
6489 6439
6440 6442
6440 6443
6441 6442
6441 6443
6442 6443
6436 6442
6437 6442
6484 6443
6485 6443
6444 6446
6444 6447
6445 6446
6445 6447
6446 6447
6440 6446
6441 6446
6480 6447
6481 6447
6448 6450
6448 6451
6449 6450
6449 6451
6450 6451
6444 6450
6445 6450
6476 6451
6477 6451
6452 6454
6452 6455
6453 6454
6453 6455
6454 6455
6448 6454
6449 6454
6472 6455
6473 6455
6456 6458
6456 6459
6457 6458
6457 6459
6458 6459
6460 6458
6461 6458
6468 6459
6469 6459
6460 6462
6460 6463
6461 6462
6461 6463
6462 6463
6452 6462
6453 6462
6464 6463
6465 6463
6464 6466
6464 6467
6465 6466
6465 6467
6466 6467
6524 6466
6525 6466
6468 6467
6469 6467
6468 6470
6468 6471
6469 6470
6469 6471
6470 6471
6520 6470
6521 6470
6472 6474
6472 6475
6473 6474
6473 6475
6474 6475
6516 6474
6517 6474
6464 6475
6465 6475
6476 6478
6476 6479
6477 6478
6477 6479
6478 6479
6512 6478
6513 6478
6472 6479
6473 6479
6480 6482
6480 6483
6481 6482
6481 6483
6482 6483
6508 6482
6509 6482
6476 6483
6477 6483
6484 6486
6484 6487
6485 6486
6485 6487
6486 6487
6504 6486
6505 6486
6480 6487
6481 6487
6488 6490
6488 6491
6489 6490
6489 6491
6490 6491
6500 6490
6501 6490
6484 6491
6485 6491
6492 6494
6492 6495
6493 6494
6493 6495
6494 6495
6496 6494
6497 6494
6488 6495
6489 6495
6496 6498
6496 6499
6497 6498
6497 6499
6498 6499
6556 6499
6557 6499
6500 6502
6500 6503
6501 6502
6501 6503
6502 6503
6496 6502
6497 6502
6552 6503
6553 6503
6504 6506
6504 6507
6505 6506
6505 6507
6506 6507
6500 6506
6501 6506
6548 6507
6549 6507
6508 6510
6508 6511
6509 6510
6509 6511
6510 6511
6504 6510
6505 6510
6544 6511
6545 6511
6512 6514
6512 6515
6513 6514
6513 6515
6514 6515
6508 6514
6509 6514
6540 6515
6541 6515
6516 6518
6516 6519
6517 6518
6517 6519
6518 6519
6512 6518
6513 6518
6536 6519
6537 6519
6520 6522
6520 6523
6521 6522
6521 6523
6522 6523
6524 6522
6525 6522
6532 6523
6533 6523
6524 6526
6524 6527
6525 6526
6525 6527
6526 6527
6516 6526
6517 6526
6528 6527
6529 6527
6528 6530
6528 6531
6529 6530
6529 6531
6530 6531
6588 6530
6589 6530
6532 6531
6533 6531
6532 6534
6532 6535
6533 6534
6533 6535
6534 6535
6584 6534
6585 6534
6536 6538
6536 6539
6537 6538
6537 6539
6538 6539
6580 6538
6581 6538
6528 6539
6529 6539
6540 6542
6540 6543
6541 6542
6541 6543
6542 6543
6576 6542
6577 6542
6536 6543
6537 6543
6544 6546
6544 6547
6545 6546
6545 6547
6546 6547
6572 6546
6573 6546
6540 6547
6541 6547
6548 6550
6548 6551
6549 6550
6549 6551
6550 6551
6568 6550
6569 6550
6544 6551
6545 6551
6552 6554
6552 6555
6553 6554
6553 6555
6554 6555
6564 6554
6565 6554
6548 6555
6549 6555
6556 6558
6556 6559
6557 6558
6557 6559
6558 6559
6560 6558
6561 6558
6552 6559
6553 6559
6560 6562
6560 6563
6561 6562
6561 6563
6562 6563
6620 6563
6621 6563
6564 6566
6564 6567
6565 6566
6565 6567
6566 6567
6560 6566
6561 6566
6616 6567
6617 6567
6568 6570
6568 6571
6569 6570
6569 6571
6570 6571
6564 6570
6565 6570
6612 6571
6613 6571
6572 6574
6572 6575
6573 6574
6573 6575
6574 6575
6568 6574
6569 6574
6608 6575
6609 6575
6576 6578
6576 6579
6577 6578
6577 6579
6578 6579
6572 6578
6573 6578
6604 6579
6605 6579
6580 6582
6580 6583
6581 6582
6581 6583
6582 6583
6576 6582
6577 6582
6600 6583
6601 6583
6584 6586
6584 6587
6585 6586
6585 6587
6586 6587
6588 6586
6589 6586
6596 6587
6597 6587
6588 6590
6588 6591
6589 6590
6589 6591
6590 6591
6580 6590
6581 6590
6592 6591
6593 6591
6592 6594
6592 6595
6593 6594
6593 6595
6594 6595
6652 6594
6653 6594
6596 6595
6597 6595
6596 6598
6596 6599
6597 6598
6597 6599
6598 6599
6648 6598
6649 6598
6600 6602
6600 6603
6601 6602
6601 6603
6602 6603
6644 6602
6645 6602
6592 6603
6593 6603
6604 6606
6604 6607
6605 6606
6605 6607
6606 6607
6640 6606
6641 6606
6600 6607
6601 6607
6608 6610
6608 6611
6609 6610
6609 6611
6610 6611
6636 6610
6637 6610
6604 6611
6605 6611
6612 6614
6612 6615
6613 6614
6613 6615
6614 6615
6632 6614
6633 6614
6608 6615
6609 6615
6616 6618
6616 6619
6617 6618
6617 6619
6618 6619
6628 6618
6629 6618
6612 6619
6613 6619
6620 6622
6620 6623
6621 6622
6621 6623
6622 6623
6624 6622
6625 6622
6616 6623
6617 6623
6624 6626
6624 6627
6625 6626
6625 6627
6626 6627
6684 6627
6685 6627
6628 6630
6628 6631
6629 6630
6629 6631
6630 6631
6624 6630
6625 6630
6680 6631
6681 6631
6632 6634
6632 6635
6633 6634
6633 6635
6634 6635
6628 6634
6629 6634
6676 6635
6677 6635
6636 6638
6636 6639
6637 6638
6637 6639
6638 6639
6632 6638
6633 6638
6672 6639
6673 6639
6640 6642
6640 6643
6641 6642
6641 6643
6642 6643
6636 6642
6637 6642
6668 6643
6669 6643
6644 6646
6644 6647
6645 6646
6645 6647
6646 6647
6640 6646
6641 6646
6664 6647
6665 6647
6648 6650
6648 6651
6649 6650
6649 6651
6650 6651
6652 6650
6653 6650
6660 6651
6661 6651
6652 6654
6652 6655
6653 6654
6653 6655
6654 6655
6644 6654
6645 6654
6656 6655
6657 6655
6656 6658
6656 6659
6657 6658
6657 6659
6658 6659
6716 6658
6717 6658
6660 6659
6661 6659
6660 6662
6660 6663
6661 6662
6661 6663
6662 6663
6712 6662
6713 6662
6664 6666
6664 6667
6665 6666
6665 6667
6666 6667
6708 6666
6709 6666
6656 6667
6657 6667
6668 6670
6668 6671
6669 6670
6669 6671
6670 6671
6704 6670
6705 6670
6664 6671
6665 6671
6672 6674
6672 6675
6673 6674
6673 6675
6674 6675
6700 6674
6701 6674
6668 6675
6669 6675
6676 6678
6676 6679
6677 6678
6677 6679
6678 6679
6696 6678
6697 6678
6672 6679
6673 6679
6680 6682
6680 6683
6681 6682
6681 6683
6682 6683
6692 6682
6693 6682
6676 6683
6677 6683
6684 6686
6684 6687
6685 6686
6685 6687
6686 6687
6688 6686
6689 6686
6680 6687
6681 6687
6688 6690
6688 6691
6689 6690
6689 6691
6690 6691
6692 6694
6692 6695
6693 6694
6693 6695
6694 6695
6688 6694
6689 6694
6696 6698
6696 6699
6697 6698
6697 6699
6698 6699
6692 6698
6693 6698
6700 6702
6700 6703
6701 6702
6701 6703
6702 6703
6696 6702
6697 6702
6704 6706
6704 6707
6705 6706
6705 6707
6706 6707
6700 6706
6701 6706
6708 6710
6708 6711
6709 6710
6709 6711
6710 6711
6704 6710
6705 6710
6712 6714
6712 6715
6713 6714
6713 6715
6714 6715
6716 6714
6717 6714
6716 6718
6716 6719
6717 6718
6717 6719
6718 6719
6708 6718
6709 6718
6720 6722
6720 6723
6721 6722
6721 6723
6722 6723
6780 6723
6781 6723
6724 6726
6724 6727
6725 6726
6725 6727
6726 6727
6720 6726
6721 6726
6776 6727
6777 6727
6728 6730
6728 6731
6729 6730
6729 6731
6730 6731
6724 6730
6725 6730
6772 6731
6773 6731
6732 6734
6732 6735
6733 6734
6733 6735
6734 6735
6728 6734
6729 6734
6768 6735
6769 6735
6736 6738
6736 6739
6737 6738
6737 6739
6738 6739
6732 6738
6733 6738
6764 6739
6765 6739
6740 6742
6740 6743
6741 6742
6741 6743
6742 6743
6736 6742
6737 6742
6760 6743
6761 6743
6744 6746
6744 6747
6745 6746
6745 6747
6746 6747
6740 6746
6741 6746
6756 6747
6757 6747
6748 6750
6748 6751
6749 6750
6749 6751
6750 6751
6744 6750
6745 6750
6752 6751
6753 6751
6752 6754
6752 6755
6753 6754
6753 6755
6754 6755
6812 6754
6813 6754
6756 6758
6756 6759
6757 6758
6757 6759
6758 6759
6808 6758
6809 6758
6752 6759
6753 6759
6760 6762
6760 6763
6761 6762
6761 6763
6762 6763
6804 6762
6805 6762
6756 6763
6757 6763
6764 6766
6764 6767
6765 6766
6765 6767
6766 6767
6800 6766
6801 6766
6760 6767
6761 6767
6768 6770
6768 6771
6769 6770
6769 6771
6770 6771
6796 6770
6797 6770
6764 6771
6765 6771
6772 6774
6772 6775
6773 6774
6773 6775
6774 6775
6792 6774
6793 6774
6768 6775
6769 6775
6776 6778
6776 6779
6777 6778
6777 6779
6778 6779
6788 6778
6789 6778
6772 6779
6773 6779
6780 6782
6780 6783
6781 6782
6781 6783
6782 6783
6784 6782
6785 6782
6776 6783
6777 6783
6784 6786
6784 6787
6785 6786
6785 6787
6786 6787
6844 6787
6845 6787
6788 6790
6788 6791
6789 6790
6789 6791
6790 6791
6784 6790
6785 6790
6840 6791
6841 6791
6792 6794
6792 6795
6793 6794
6793 6795
6794 6795
6788 6794
6789 6794
6836 6795
6837 6795
6796 6798
6796 6799
6797 6798
6797 6799
6798 6799
6792 6798
6793 6798
6832 6799
6833 6799
6800 6802
6800 6803
6801 6802
6801 6803
6802 6803
6796 6802
6797 6802
6828 6803
6829 6803
6804 6806
6804 6807
6805 6806
6805 6807
6806 6807
6800 6806
6801 6806
6824 6807
6825 6807
6808 6810
6808 6811
6809 6810
6809 6811
6810 6811
6804 6810
6805 6810
6820 6811
6821 6811
6812 6814
6812 6815
6813 6814
6813 6815
6814 6815
6808 6814
6809 6814
6816 6815
6817 6815
6816 6818
6816 6819
6817 6818
6817 6819
6818 6819
6876 6818
6877 6818
6820 6822
6820 6823
6821 6822
6821 6823
6822 6823
6872 6822
6873 6822
6816 6823
6817 6823
6824 6826
6824 6827
6825 6826
6825 6827
6826 6827
6868 6826
6869 6826
6820 6827
6821 6827
6828 6830
6828 6831
6829 6830
6829 6831
6830 6831
6864 6830
6865 6830
6824 6831
6825 6831
6832 6834
6832 6835
6833 6834
6833 6835
6834 6835
6860 6834
6861 6834
6828 6835
6829 6835
6836 6838
6836 6839
6837 6838
6837 6839
6838 6839
6856 6838
6857 6838
6832 6839
6833 6839
6840 6842
6840 6843
6841 6842
6841 6843
6842 6843
6852 6842
6853 6842
6836 6843
6837 6843
6844 6846
6844 6847
6845 6846
6845 6847
6846 6847
6848 6846
6849 6846
6840 6847
6841 6847
6848 6850
6848 6851
6849 6850
6849 6851
6850 6851
6908 6851
6909 6851
6852 6854
6852 6855
6853 6854
6853 6855
6854 6855
6848 6854
6849 6854
6904 6855
6905 6855
6856 6858
6856 6859
6857 6858
6857 6859
6858 6859
6852 6858
6853 6858
6900 6859
6901 6859
6860 6862
6860 6863
6861 6862
6861 6863
6862 6863
6856 6862
6857 6862
6896 6863
6897 6863
6864 6866
6864 6867
6865 6866
6865 6867
6866 6867
6860 6866
6861 6866
6892 6867
6893 6867
6868 6870
6868 6871
6869 6870
6869 6871
6870 6871
6864 6870
6865 6870
6888 6871
6889 6871
6872 6874
6872 6875
6873 6874
6873 6875
6874 6875
6868 6874
6869 6874
6884 6875
6885 6875
6876 6878
6876 6879
6877 6878
6877 6879
6878 6879
6872 6878
6873 6878
6880 6879
6881 6879
6880 6882
6880 6883
6881 6882
6881 6883
6882 6883
6940 6882
6941 6882
6884 6886
6884 6887
6885 6886
6885 6887
6886 6887
6936 6886
6937 6886
6880 6887
6881 6887
6888 6890
6888 6891
6889 6890
6889 6891
6890 6891
6932 6890
6933 6890
6884 6891
6885 6891
6892 6894
6892 6895
6893 6894
6893 6895
6894 6895
6928 6894
6929 6894
6888 6895
6889 6895
6896 6898
6896 6899
6897 6898
6897 6899
6898 6899
6924 6898
6925 6898
6892 6899
6893 6899
6900 6902
6900 6903
6901 6902
6901 6903
6902 6903
6920 6902
6921 6902
6896 6903
6897 6903
6904 6906
6904 6907
6905 6906
6905 6907
6906 6907
6916 6906
6917 6906
6900 6907
6901 6907
6908 6910
6908 6911
6909 6910
6909 6911
6910 6911
6912 6910
6913 6910
6904 6911
6905 6911
6912 6914
6912 6915
6913 6914
6913 6915
6914 6915
6972 6915
6973 6915
6916 6918
6916 6919
6917 6918
6917 6919
6918 6919
6912 6918
6913 6918
6968 6919
6969 6919
6920 6922
6920 6923
6921 6922
6921 6923
6922 6923
6916 6922
6917 6922
6964 6923
6965 6923
6924 6926
6924 6927
6925 6926
6925 6927
6926 6927
6920 6926
6921 6926
6960 6927
6961 6927
6928 6930
6928 6931
6929 6930
6929 6931
6930 6931
6924 6930
6925 6930
6956 6931
6957 6931
6932 6934
6932 6935
6933 6934
6933 6935
6934 6935
6928 6934
6929 6934
6952 6935
6953 6935
6936 6938
6936 6939
6937 6938
6937 6939
6938 6939
6932 6938
6933 6938
6948 6939
6949 6939
6940 6942
6940 6943
6941 6942
6941 6943
6942 6943
6936 6942
6937 6942
6944 6943
6945 6943
6944 6946
6944 6947
6945 6946
6945 6947
6946 6947
7004 6946
7005 6946
6948 6950
6948 6951
6949 6950
6949 6951
6950 6951
7000 6950
7001 6950
6944 6951
6945 6951
6952 6954
6952 6955
6953 6954
6953 6955
6954 6955
6996 6954
6997 6954
6948 6955
6949 6955
6956 6958
6956 6959
6957 6958
6957 6959
6958 6959
6992 6958
6993 6958
6952 6959
6953 6959
6960 6962
6960 6963
6961 6962
6961 6963
6962 6963
6988 6962
6989 6962
6956 6963
6957 6963
6964 6966
6964 6967
6965 6966
6965 6967
6966 6967
6984 6966
6985 6966
6960 6967
6961 6967
6968 6970
6968 6971
6969 6970
6969 6971
6970 6971
6980 6970
6981 6970
6964 6971
6965 6971
6972 6974
6972 6975
6973 6974
6973 6975
6974 6975
6976 6974
6977 6974
6968 6975
6969 6975
6976 6978
6976 6979
6977 6978
6977 6979
6978 6979
7036 6979
7037 6979
6980 6982
6980 6983
6981 6982
6981 6983
6982 6983
6976 6982
6977 6982
7032 6983
7033 6983
6984 6986
6984 6987
6985 6986
6985 6987
6986 6987
6980 6986
6981 6986
7028 6987
7029 6987
6988 6990
6988 6991
6989 6990
6989 6991
6990 6991
6984 6990
6985 6990
7024 6991
7025 6991
6992 6994
6992 6995
6993 6994
6993 6995
6994 6995
6988 6994
6989 6994
7020 6995
7021 6995
6996 6998
6996 6999
6997 6998
6997 6999
6998 6999
6992 6998
6993 6998
7016 6999
7017 6999
7000 7002
7000 7003
7001 7002
7001 7003
7002 7003
6996 7002
6997 7002
7012 7003
7013 7003
7004 7006
7004 7007
7005 7006
7005 7007
7006 7007
7000 7006
7001 7006
7008 7007
7009 7007
7008 7010
7008 7011
7009 7010
7009 7011
7010 7011
7068 7010
7069 7010
7012 7014
7012 7015
7013 7014
7013 7015
7014 7015
7064 7014
7065 7014
7008 7015
7009 7015
7016 7018
7016 7019
7017 7018
7017 7019
7018 7019
7060 7018
7061 7018
7012 7019
7013 7019
7020 7022
7020 7023
7021 7022
7021 7023
7022 7023
7056 7022
7057 7022
7016 7023
7017 7023
7024 7026
7024 7027
7025 7026
7025 7027
7026 7027
7052 7026
7053 7026
7020 7027
7021 7027
7028 7030
7028 7031
7029 7030
7029 7031
7030 7031
7048 7030
7049 7030
7024 7031
7025 7031
7032 7034
7032 7035
7033 7034
7033 7035
7034 7035
7044 7034
7045 7034
7028 7035
7029 7035
7036 7038
7036 7039
7037 7038
7037 7039
7038 7039
7040 7038
7041 7038
7032 7039
7033 7039
7040 7042
7040 7043
7041 7042
7041 7043
7042 7043
7100 7043
7101 7043
7044 7046
7044 7047
7045 7046
7045 7047
7046 7047
7040 7046
7041 7046
7096 7047
7097 7047
7048 7050
7048 7051
7049 7050
7049 7051
7050 7051
7044 7050
7045 7050
7092 7051
7093 7051
7052 7054
7052 7055
7053 7054
7053 7055
7054 7055
7048 7054
7049 7054
7088 7055
7089 7055
7056 7058
7056 7059
7057 7058
7057 7059
7058 7059
7052 7058
7053 7058
7084 7059
7085 7059
7060 7062
7060 7063
7061 7062
7061 7063
7062 7063
7056 7062
7057 7062
7080 7063
7081 7063
7064 7066
7064 7067
7065 7066
7065 7067
7066 7067
7060 7066
7061 7066
7076 7067
7077 7067
7068 7070
7068 7071
7069 7070
7069 7071
7070 7071
7064 7070
7065 7070
7072 7071
7073 7071
7072 7074
7072 7075
7073 7074
7073 7075
7074 7075
7132 7074
7133 7074
7076 7078
7076 7079
7077 7078
7077 7079
7078 7079
7128 7078
7129 7078
7072 7079
7073 7079
7080 7082
7080 7083
7081 7082
7081 7083
7082 7083
7124 7082
7125 7082
7076 7083
7077 7083
7084 7086
7084 7087
7085 7086
7085 7087
7086 7087
7120 7086
7121 7086
7080 7087
7081 7087
7088 7090
7088 7091
7089 7090
7089 7091
7090 7091
7116 7090
7117 7090
7084 7091
7085 7091
7092 7094
7092 7095
7093 7094
7093 7095
7094 7095
7112 7094
7113 7094
7088 7095
7089 7095
7096 7098
7096 7099
7097 7098
7097 7099
7098 7099
7108 7098
7109 7098
7092 7099
7093 7099
7100 7102
7100 7103
7101 7102
7101 7103
7102 7103
7104 7102
7105 7102
7096 7103
7097 7103
7104 7106
7104 7107
7105 7106
7105 7107
7106 7107
7164 7107
7165 7107
7108 7110
7108 7111
7109 7110
7109 7111
7110 7111
7104 7110
7105 7110
7160 7111
7161 7111
7112 7114
7112 7115
7113 7114
7113 7115
7114 7115
7108 7114
7109 7114
7156 7115
7157 7115
7116 7118
7116 7119
7117 7118
7117 7119
7118 7119
7112 7118
7113 7118
7152 7119
7153 7119
7120 7122
7120 7123
7121 7122
7121 7123
7122 7123
7116 7122
7117 7122
7148 7123
7149 7123
7124 7126
7124 7127
7125 7126
7125 7127
7126 7127
7120 7126
7121 7126
7144 7127
7145 7127
7128 7130
7128 7131
7129 7130
7129 7131
7130 7131
7124 7130
7125 7130
7140 7131
7141 7131
7132 7134
7132 7135
7133 7134
7133 7135
7134 7135
7128 7134
7129 7134
7136 7135
7137 7135
7136 7138
7136 7139
7137 7138
7137 7139
7138 7139
7196 7138
7197 7138
7140 7142
7140 7143
7141 7142
7141 7143
7142 7143
7192 7142
7193 7142
7136 7143
7137 7143
7144 7146
7144 7147
7145 7146
7145 7147
7146 7147
7188 7146
7189 7146
7140 7147
7141 7147
7148 7150
7148 7151
7149 7150
7149 7151
7150 7151
7184 7150
7185 7150
7144 7151
7145 7151
7152 7154
7152 7155
7153 7154
7153 7155
7154 7155
7180 7154
7181 7154
7148 7155
7149 7155
7156 7158
7156 7159
7157 7158
7157 7159
7158 7159
7176 7158
7177 7158
7152 7159
7153 7159
7160 7162
7160 7163
7161 7162
7161 7163
7162 7163
7172 7162
7173 7162
7156 7163
7157 7163
7164 7166
7164 7167
7165 7166
7165 7167
7166 7167
7168 7166
7169 7166
7160 7167
7161 7167
7168 7170
7168 7171
7169 7170
7169 7171
7170 7171
7228 7171
7229 7171
7172 7174
7172 7175
7173 7174
7173 7175
7174 7175
7168 7174
7169 7174
7224 7175
7225 7175
7176 7178
7176 7179
7177 7178
7177 7179
7178 7179
7172 7178
7173 7178
7220 7179
7221 7179
7180 7182
7180 7183
7181 7182
7181 7183
7182 7183
7176 7182
7177 7182
7216 7183
7217 7183
7184 7186
7184 7187
7185 7186
7185 7187
7186 7187
7180 7186
7181 7186
7212 7187
7213 7187
7188 7190
7188 7191
7189 7190
7189 7191
7190 7191
7184 7190
7185 7190
7208 7191
7209 7191
7192 7194
7192 7195
7193 7194
7193 7195
7194 7195
7188 7194
7189 7194
7204 7195
7205 7195
7196 7198
7196 7199
7197 7198
7197 7199
7198 7199
7192 7198
7193 7198
7200 7199
7201 7199
7200 7202
7200 7203
7201 7202
7201 7203
7202 7203
7256 7202
7257 7202
7204 7206
7204 7207
7205 7206
7205 7207
7206 7207
7260 7206
7261 7206
7200 7207
7201 7207
7208 7210
7208 7211
7209 7210
7209 7211
7210 7211
7252 7210
7253 7210
7204 7211
7205 7211
7212 7214
7212 7215
7213 7214
7213 7215
7214 7215
7248 7214
7249 7214
7208 7215
7209 7215
7216 7218
7216 7219
7217 7218
7217 7219
7218 7219
7244 7218
7245 7218
7212 7219
7213 7219
7220 7222
7220 7223
7221 7222
7221 7223
7222 7223
7240 7222
7241 7222
7216 7223
7217 7223
7224 7226
7224 7227
7225 7226
7225 7227
7226 7227
7236 7226
7237 7226
7220 7227
7221 7227
7228 7230
7228 7231
7229 7230
7229 7231
7230 7231
7232 7230
7233 7230
7224 7231
7225 7231
7232 7234
7232 7235
7233 7234
7233 7235
7234 7235
7292 7235
7293 7235
7236 7238
7236 7239
7237 7238
7237 7239
7238 7239
7232 7238
7233 7238
7288 7239
7289 7239
7240 7242
7240 7243
7241 7242
7241 7243
7242 7243
7236 7242
7237 7242
7284 7243
7285 7243
7244 7246
7244 7247
7245 7246
7245 7247
7246 7247
7240 7246
7241 7246
7280 7247
7281 7247
7248 7250
7248 7251
7249 7250
7249 7251
7250 7251
7244 7250
7245 7250
7276 7251
7277 7251
7252 7254
7252 7255
7253 7254
7253 7255
7254 7255
7248 7254
7249 7254
7272 7255
7273 7255
7256 7258
7256 7259
7257 7258
7257 7259
7258 7259
7260 7258
7261 7258
7268 7259
7269 7259
7260 7262
7260 7263
7261 7262
7261 7263
7262 7263
7252 7262
7253 7262
7264 7263
7265 7263
7264 7266
7264 7267
7265 7266
7265 7267
7266 7267
7324 7266
7325 7266
7268 7267
7269 7267
7268 7270
7268 7271
7269 7270
7269 7271
7270 7271
7320 7270
7321 7270
7272 7274
7272 7275
7273 7274
7273 7275
7274 7275
7316 7274
7317 7274
7264 7275
7265 7275
7276 7278
7276 7279
7277 7278
7277 7279
7278 7279
7312 7278
7313 7278
7272 7279
7273 7279
7280 7282
7280 7283
7281 7282
7281 7283
7282 7283
7308 7282
7309 7282
7276 7283
7277 7283
7284 7286
7284 7287
7285 7286
7285 7287
7286 7287
7304 7286
7305 7286
7280 7287
7281 7287
7288 7290
7288 7291
7289 7290
7289 7291
7290 7291
7300 7290
7301 7290
7284 7291
7285 7291
7292 7294
7292 7295
7293 7294
7293 7295
7294 7295
7296 7294
7297 7294
7288 7295
7289 7295
7296 7298
7296 7299
7297 7298
7297 7299
7298 7299
7356 7299
7357 7299
7300 7302
7300 7303
7301 7302
7301 7303
7302 7303
7296 7302
7297 7302
7352 7303
7353 7303
7304 7306
7304 7307
7305 7306
7305 7307
7306 7307
7300 7306
7301 7306
7348 7307
7349 7307
7308 7310
7308 7311
7309 7310
7309 7311
7310 7311
7304 7310
7305 7310
7344 7311
7345 7311
7312 7314
7312 7315
7313 7314
7313 7315
7314 7315
7308 7314
7309 7314
7340 7315
7341 7315
7316 7318
7316 7319
7317 7318
7317 7319
7318 7319
7312 7318
7313 7318
7336 7319
7337 7319
7320 7322
7320 7323
7321 7322
7321 7323
7322 7323
7324 7322
7325 7322
7332 7323
7333 7323
7324 7326
7324 7327
7325 7326
7325 7327
7326 7327
7316 7326
7317 7326
7328 7327
7329 7327
7328 7330
7328 7331
7329 7330
7329 7331
7330 7331
7388 7330
7389 7330
7332 7331
7333 7331
7332 7334
7332 7335
7333 7334
7333 7335
7334 7335
7384 7334
7385 7334
7336 7338
7336 7339
7337 7338
7337 7339
7338 7339
7380 7338
7381 7338
7328 7339
7329 7339
7340 7342
7340 7343
7341 7342
7341 7343
7342 7343
7376 7342
7377 7342
7336 7343
7337 7343
7344 7346
7344 7347
7345 7346
7345 7347
7346 7347
7372 7346
7373 7346
7340 7347
7341 7347
7348 7350
7348 7351
7349 7350
7349 7351
7350 7351
7368 7350
7369 7350
7344 7351
7345 7351
7352 7354
7352 7355
7353 7354
7353 7355
7354 7355
7364 7354
7365 7354
7348 7355
7349 7355
7356 7358
7356 7359
7357 7358
7357 7359
7358 7359
7360 7358
7361 7358
7352 7359
7353 7359
7360 7362
7360 7363
7361 7362
7361 7363
7362 7363
7420 7363
7421 7363
7364 7366
7364 7367
7365 7366
7365 7367
7366 7367
7360 7366
7361 7366
7416 7367
7417 7367
7368 7370
7368 7371
7369 7370
7369 7371
7370 7371
7364 7370
7365 7370
7412 7371
7413 7371
7372 7374
7372 7375
7373 7374
7373 7375
7374 7375
7368 7374
7369 7374
7408 7375
7409 7375
7376 7378
7376 7379
7377 7378
7377 7379
7378 7379
7372 7378
7373 7378
7404 7379
7405 7379
7380 7382
7380 7383
7381 7382
7381 7383
7382 7383
7376 7382
7377 7382
7400 7383
7401 7383
7384 7386
7384 7387
7385 7386
7385 7387
7386 7387
7388 7386
7389 7386
7396 7387
7397 7387
7388 7390
7388 7391
7389 7390
7389 7391
7390 7391
7380 7390
7381 7390
7392 7391
7393 7391
7392 7394
7392 7395
7393 7394
7393 7395
7394 7395
7452 7394
7453 7394
7396 7395
7397 7395
7396 7398
7396 7399
7397 7398
7397 7399
7398 7399
7448 7398
7449 7398
7400 7402
7400 7403
7401 7402
7401 7403
7402 7403
7444 7402
7445 7402
7392 7403
7393 7403
7404 7406
7404 7407
7405 7406
7405 7407
7406 7407
7440 7406
7441 7406
7400 7407
7401 7407
7408 7410
7408 7411
7409 7410
7409 7411
7410 7411
7436 7410
7437 7410
7404 7411
7405 7411
7412 7414
7412 7415
7413 7414
7413 7415
7414 7415
7432 7414
7433 7414
7408 7415
7409 7415
7416 7418
7416 7419
7417 7418
7417 7419
7418 7419
7428 7418
7429 7418
7412 7419
7413 7419
7420 7422
7420 7423
7421 7422
7421 7423
7422 7423
7424 7422
7425 7422
7416 7423
7417 7423
7424 7426
7424 7427
7425 7426
7425 7427
7426 7427
7484 7427
7485 7427
7428 7430
7428 7431
7429 7430
7429 7431
7430 7431
7424 7430
7425 7430
7480 7431
7481 7431
7432 7434
7432 7435
7433 7434
7433 7435
7434 7435
7428 7434
7429 7434
7476 7435
7477 7435
7436 7438
7436 7439
7437 7438
7437 7439
7438 7439
7432 7438
7433 7438
7472 7439
7473 7439
7440 7442
7440 7443
7441 7442
7441 7443
7442 7443
7436 7442
7437 7442
7468 7443
7469 7443
7444 7446
7444 7447
7445 7446
7445 7447
7446 7447
7440 7446
7441 7446
7464 7447
7465 7447
7448 7450
7448 7451
7449 7450
7449 7451
7450 7451
7452 7450
7453 7450
7460 7451
7461 7451
7452 7454
7452 7455
7453 7454
7453 7455
7454 7455
7444 7454
7445 7454
7456 7455
7457 7455
7456 7458
7456 7459
7457 7458
7457 7459
7458 7459
7516 7458
7517 7458
7460 7459
7461 7459
7460 7462
7460 7463
7461 7462
7461 7463
7462 7463
7512 7462
7513 7462
7464 7466
7464 7467
7465 7466
7465 7467
7466 7467
7508 7466
7509 7466
7456 7467
7457 7467
7468 7470
7468 7471
7469 7470
7469 7471
7470 7471
7504 7470
7505 7470
7464 7471
7465 7471
7472 7474
7472 7475
7473 7474
7473 7475
7474 7475
7500 7474
7501 7474
7468 7475
7469 7475
7476 7478
7476 7479
7477 7478
7477 7479
7478 7479
7496 7478
7497 7478
7472 7479
7473 7479
7480 7482
7480 7483
7481 7482
7481 7483
7482 7483
7492 7482
7493 7482
7476 7483
7477 7483
7484 7486
7484 7487
7485 7486
7485 7487
7486 7487
7488 7486
7489 7486
7480 7487
7481 7487
7488 7490
7488 7491
7489 7490
7489 7491
7490 7491
7548 7491
7549 7491
7492 7494
7492 7495
7493 7494
7493 7495
7494 7495
7488 7494
7489 7494
7544 7495
7545 7495
7496 7498
7496 7499
7497 7498
7497 7499
7498 7499
7492 7498
7493 7498
7540 7499
7541 7499
7500 7502
7500 7503
7501 7502
7501 7503
7502 7503
7496 7502
7497 7502
7536 7503
7537 7503
7504 7506
7504 7507
7505 7506
7505 7507
7506 7507
7500 7506
7501 7506
7532 7507
7533 7507
7508 7510
7508 7511
7509 7510
7509 7511
7510 7511
7504 7510
7505 7510
7528 7511
7529 7511
7512 7514
7512 7515
7513 7514
7513 7515
7514 7515
7516 7514
7517 7514
7524 7515
7525 7515
7516 7518
7516 7519
7517 7518
7517 7519
7518 7519
7508 7518
7509 7518
7520 7519
7521 7519
7520 7522
7520 7523
7521 7522
7521 7523
7522 7523
7580 7522
7581 7522
7524 7523
7525 7523
7524 7526
7524 7527
7525 7526
7525 7527
7526 7527
7576 7526
7577 7526
7528 7530
7528 7531
7529 7530
7529 7531
7530 7531
7572 7530
7573 7530
7520 7531
7521 7531
7532 7534
7532 7535
7533 7534
7533 7535
7534 7535
7568 7534
7569 7534
7528 7535
7529 7535
7536 7538
7536 7539
7537 7538
7537 7539
7538 7539
7564 7538
7565 7538
7532 7539
7533 7539
7540 7542
7540 7543
7541 7542
7541 7543
7542 7543
7560 7542
7561 7542
7536 7543
7537 7543
7544 7546
7544 7547
7545 7546
7545 7547
7546 7547
7556 7546
7557 7546
7540 7547
7541 7547
7548 7550
7548 7551
7549 7550
7549 7551
7550 7551
7552 7550
7553 7550
7544 7551
7545 7551
7552 7554
7552 7555
7553 7554
7553 7555
7554 7555
7612 7555
7613 7555
7556 7558
7556 7559
7557 7558
7557 7559
7558 7559
7552 7558
7553 7558
7608 7559
7609 7559
7560 7562
7560 7563
7561 7562
7561 7563
7562 7563
7556 7562
7557 7562
7604 7563
7605 7563
7564 7566
7564 7567
7565 7566
7565 7567
7566 7567
7560 7566
7561 7566
7600 7567
7601 7567
7568 7570
7568 7571
7569 7570
7569 7571
7570 7571
7564 7570
7565 7570
7596 7571
7597 7571
7572 7574
7572 7575
7573 7574
7573 7575
7574 7575
7568 7574
7569 7574
7592 7575
7593 7575
7576 7578
7576 7579
7577 7578
7577 7579
7578 7579
7580 7578
7581 7578
7588 7579
7589 7579
7580 7582
7580 7583
7581 7582
7581 7583
7582 7583
7572 7582
7573 7582
7584 7583
7585 7583
7584 7586
7584 7587
7585 7586
7585 7587
7586 7587
7644 7586
7645 7586
7588 7587
7589 7587
7588 7590
7588 7591
7589 7590
7589 7591
7590 7591
7640 7590
7641 7590
7592 7594
7592 7595
7593 7594
7593 7595
7594 7595
7636 7594
7637 7594
7584 7595
7585 7595
7596 7598
7596 7599
7597 7598
7597 7599
7598 7599
7632 7598
7633 7598
7592 7599
7593 7599
7600 7602
7600 7603
7601 7602
7601 7603
7602 7603
7628 7602
7629 7602
7596 7603
7597 7603
7604 7606
7604 7607
7605 7606
7605 7607
7606 7607
7624 7606
7625 7606
7600 7607
7601 7607
7608 7610
7608 7611
7609 7610
7609 7611
7610 7611
7620 7610
7621 7610
7604 7611
7605 7611
7612 7614
7612 7615
7613 7614
7613 7615
7614 7615
7616 7614
7617 7614
7608 7615
7609 7615
7616 7618
7616 7619
7617 7618
7617 7619
7618 7619
7676 7619
7677 7619
7620 7622
7620 7623
7621 7622
7621 7623
7622 7623
7616 7622
7617 7622
7672 7623
7673 7623
7624 7626
7624 7627
7625 7626
7625 7627
7626 7627
7620 7626
7621 7626
7668 7627
7669 7627
7628 7630
7628 7631
7629 7630
7629 7631
7630 7631
7624 7630
7625 7630
7664 7631
7665 7631
7632 7634
7632 7635
7633 7634
7633 7635
7634 7635
7628 7634
7629 7634
7660 7635
7661 7635
7636 7638
7636 7639
7637 7638
7637 7639
7638 7639
7632 7638
7633 7638
7656 7639
7657 7639
7640 7642
7640 7643
7641 7642
7641 7643
7642 7643
7644 7642
7645 7642
7652 7643
7653 7643
7644 7646
7644 7647
7645 7646
7645 7647
7646 7647
7636 7646
7637 7646
7648 7647
7649 7647
7648 7650
7648 7651
7649 7650
7649 7651
7650 7651
7708 7650
7709 7650
7652 7651
7653 7651
7652 7654
7652 7655
7653 7654
7653 7655
7654 7655
7704 7654
7705 7654
7656 7658
7656 7659
7657 7658
7657 7659
7658 7659
7700 7658
7701 7658
7648 7659
7649 7659
7660 7662
7660 7663
7661 7662
7661 7663
7662 7663
7696 7662
7697 7662
7656 7663
7657 7663
7664 7666
7664 7667
7665 7666
7665 7667
7666 7667
7692 7666
7693 7666
7660 7667
7661 7667
7668 7670
7668 7671
7669 7670
7669 7671
7670 7671
7688 7670
7689 7670
7664 7671
7665 7671
7672 7674
7672 7675
7673 7674
7673 7675
7674 7675
7684 7674
7685 7674
7668 7675
7669 7675
7676 7678
7676 7679
7677 7678
7677 7679
7678 7679
7680 7678
7681 7678
7672 7679
7673 7679
7680 7682
7680 7683
7681 7682
7681 7683
7682 7683
7684 7686
7684 7687
7685 7686
7685 7687
7686 7687
7680 7686
7681 7686
7688 7690
7688 7691
7689 7690
7689 7691
7690 7691
7684 7690
7685 7690
7692 7694
7692 7695
7693 7694
7693 7695
7694 7695
7688 7694
7689 7694
7696 7698
7696 7699
7697 7698
7697 7699
7698 7699
7692 7698
7693 7698
7700 7702
7700 7703
7701 7702
7701 7703
7702 7703
7696 7702
7697 7702
7704 7706
7704 7707
7705 7706
7705 7707
7706 7707
7708 7706
7709 7706
7708 7710
7708 7711
7709 7710
7709 7711
7710 7711
7700 7710
7701 7710
7712 7714
7712 7715
7713 7714
7713 7715
7714 7715
7772 7715
7773 7715
7716 7718
7716 7719
7717 7718
7717 7719
7718 7719
7712 7718
7713 7718
7768 7719
7769 7719
7720 7722
7720 7723
7721 7722
7721 7723
7722 7723
7716 7722
7717 7722
7764 7723
7765 7723
7724 7726
7724 7727
7725 7726
7725 7727
7726 7727
7720 7726
7721 7726
7760 7727
7761 7727
7728 7730
7728 7731
7729 7730
7729 7731
7730 7731
7724 7730
7725 7730
7756 7731
7757 7731
7732 7734
7732 7735
7733 7734
7733 7735
7734 7735
7728 7734
7729 7734
7752 7735
7753 7735
7736 7738
7736 7739
7737 7738
7737 7739
7738 7739
7732 7738
7733 7738
7748 7739
7749 7739
7740 7742
7740 7743
7741 7742
7741 7743
7742 7743
7736 7742
7737 7742
7744 7743
7745 7743
7744 7746
7744 7747
7745 7746
7745 7747
7746 7747
7804 7746
7805 7746
7748 7750
7748 7751
7749 7750
7749 7751
7750 7751
7800 7750
7801 7750
7744 7751
7745 7751
7752 7754
7752 7755
7753 7754
7753 7755
7754 7755
7796 7754
7797 7754
7748 7755
7749 7755
7756 7758
7756 7759
7757 7758
7757 7759
7758 7759
7792 7758
7793 7758
7752 7759
7753 7759
7760 7762
7760 7763
7761 7762
7761 7763
7762 7763
7788 7762
7789 7762
7756 7763
7757 7763
7764 7766
7764 7767
7765 7766
7765 7767
7766 7767
7784 7766
7785 7766
7760 7767
7761 7767
7768 7770
7768 7771
7769 7770
7769 7771
7770 7771
7780 7770
7781 7770
7764 7771
7765 7771
7772 7774
7772 7775
7773 7774
7773 7775
7774 7775
7776 7774
7777 7774
7768 7775
7769 7775
7776 7778
7776 7779
7777 7778
7777 7779
7778 7779
7836 7779
7837 7779
7780 7782
7780 7783
7781 7782
7781 7783
7782 7783
7776 7782
7777 7782
7832 7783
7833 7783
7784 7786
7784 7787
7785 7786
7785 7787
7786 7787
7780 7786
7781 7786
7828 7787
7829 7787
7788 7790
7788 7791
7789 7790
7789 7791
7790 7791
7784 7790
7785 7790
7824 7791
7825 7791
7792 7794
7792 7795
7793 7794
7793 7795
7794 7795
7788 7794
7789 7794
7820 7795
7821 7795
7796 7798
7796 7799
7797 7798
7797 7799
7798 7799
7792 7798
7793 7798
7816 7799
7817 7799
7800 7802
7800 7803
7801 7802
7801 7803
7802 7803
7796 7802
7797 7802
7812 7803
7813 7803
7804 7806
7804 7807
7805 7806
7805 7807
7806 7807
7800 7806
7801 7806
7808 7807
7809 7807
7808 7810
7808 7811
7809 7810
7809 7811
7810 7811
7868 7810
7869 7810
7812 7814
7812 7815
7813 7814
7813 7815
7814 7815
7864 7814
7865 7814
7808 7815
7809 7815
7816 7818
7816 7819
7817 7818
7817 7819
7818 7819
7860 7818
7861 7818
7812 7819
7813 7819
7820 7822
7820 7823
7821 7822
7821 7823
7822 7823
7856 7822
7857 7822
7816 7823
7817 7823
7824 7826
7824 7827
7825 7826
7825 7827
7826 7827
7852 7826
7853 7826
7820 7827
7821 7827
7828 7830
7828 7831
7829 7830
7829 7831
7830 7831
7848 7830
7849 7830
7824 7831
7825 7831
7832 7834
7832 7835
7833 7834
7833 7835
7834 7835
7844 7834
7845 7834
7828 7835
7829 7835
7836 7838
7836 7839
7837 7838
7837 7839
7838 7839
7840 7838
7841 7838
7832 7839
7833 7839
7840 7842
7840 7843
7841 7842
7841 7843
7842 7843
7900 7843
7901 7843
7844 7846
7844 7847
7845 7846
7845 7847
7846 7847
7840 7846
7841 7846
7896 7847
7897 7847
7848 7850
7848 7851
7849 7850
7849 7851
7850 7851
7844 7850
7845 7850
7892 7851
7893 7851
7852 7854
7852 7855
7853 7854
7853 7855
7854 7855
7848 7854
7849 7854
7888 7855
7889 7855
7856 7858
7856 7859
7857 7858
7857 7859
7858 7859
7852 7858
7853 7858
7884 7859
7885 7859
7860 7862
7860 7863
7861 7862
7861 7863
7862 7863
7856 7862
7857 7862
7880 7863
7881 7863
7864 7866
7864 7867
7865 7866
7865 7867
7866 7867
7860 7866
7861 7866
7876 7867
7877 7867
7868 7870
7868 7871
7869 7870
7869 7871
7870 7871
7864 7870
7865 7870
7872 7871
7873 7871
7872 7874
7872 7875
7873 7874
7873 7875
7874 7875
7932 7874
7933 7874
7876 7878
7876 7879
7877 7878
7877 7879
7878 7879
7928 7878
7929 7878
7872 7879
7873 7879
7880 7882
7880 7883
7881 7882
7881 7883
7882 7883
7924 7882
7925 7882
7876 7883
7877 7883
7884 7886
7884 7887
7885 7886
7885 7887
7886 7887
7920 7886
7921 7886
7880 7887
7881 7887
7888 7890
7888 7891
7889 7890
7889 7891
7890 7891
7916 7890
7917 7890
7884 7891
7885 7891
7892 7894
7892 7895
7893 7894
7893 7895
7894 7895
7912 7894
7913 7894
7888 7895
7889 7895
7896 7898
7896 7899
7897 7898
7897 7899
7898 7899
7908 7898
7909 7898
7892 7899
7893 7899
7900 7902
7900 7903
7901 7902
7901 7903
7902 7903
7904 7902
7905 7902
7896 7903
7897 7903
7904 7906
7904 7907
7905 7906
7905 7907
7906 7907
7964 7907
7965 7907
7908 7910
7908 7911
7909 7910
7909 7911
7910 7911
7904 7910
7905 7910
7960 7911
7961 7911
7912 7914
7912 7915
7913 7914
7913 7915
7914 7915
7908 7914
7909 7914
7956 7915
7957 7915
7916 7918
7916 7919
7917 7918
7917 7919
7918 7919
7912 7918
7913 7918
7952 7919
7953 7919
7920 7922
7920 7923
7921 7922
7921 7923
7922 7923
7916 7922
7917 7922
7948 7923
7949 7923
7924 7926
7924 7927
7925 7926
7925 7927
7926 7927
7920 7926
7921 7926
7944 7927
7945 7927
7928 7930
7928 7931
7929 7930
7929 7931
7930 7931
7924 7930
7925 7930
7940 7931
7941 7931
7932 7934
7932 7935
7933 7934
7933 7935
7934 7935
7928 7934
7929 7934
7936 7935
7937 7935
7936 7938
7936 7939
7937 7938
7937 7939
7938 7939
7996 7938
7997 7938
7940 7942
7940 7943
7941 7942
7941 7943
7942 7943
7992 7942
7993 7942
7936 7943
7937 7943
7944 7946
7944 7947
7945 7946
7945 7947
7946 7947
7988 7946
7989 7946
7940 7947
7941 7947
7948 7950
7948 7951
7949 7950
7949 7951
7950 7951
7984 7950
7985 7950
7944 7951
7945 7951
7952 7954
7952 7955
7953 7954
7953 7955
7954 7955
7980 7954
7981 7954
7948 7955
7949 7955
7956 7958
7956 7959
7957 7958
7957 7959
7958 7959
7976 7958
7977 7958
7952 7959
7953 7959
7960 7962
7960 7963
7961 7962
7961 7963
7962 7963
7972 7962
7973 7962
7956 7963
7957 7963
7964 7966
7964 7967
7965 7966
7965 7967
7966 7967
7968 7966
7969 7966
7960 7967
7961 7967
7968 7970
7968 7971
7969 7970
7969 7971
7970 7971
8028 7971
8029 7971
7972 7974
7972 7975
7973 7974
7973 7975
7974 7975
7968 7974
7969 7974
8024 7975
8025 7975
7976 7978
7976 7979
7977 7978
7977 7979
7978 7979
7972 7978
7973 7978
8020 7979
8021 7979
7980 7982
7980 7983
7981 7982
7981 7983
7982 7983
7976 7982
7977 7982
8016 7983
8017 7983
7984 7986
7984 7987
7985 7986
7985 7987
7986 7987
7980 7986
7981 7986
8012 7987
8013 7987
7988 7990
7988 7991
7989 7990
7989 7991
7990 7991
7984 7990
7985 7990
8008 7991
8009 7991
7992 7994
7992 7995
7993 7994
7993 7995
7994 7995
7988 7994
7989 7994
8004 7995
8005 7995
7996 7998
7996 7999
7997 7998
7997 7999
7998 7999
7992 7998
7993 7998
8000 7999
8001 7999
8000 8002
8000 8003
8001 8002
8001 8003
8002 8003
8060 8002
8061 8002
8004 8006
8004 8007
8005 8006
8005 8007
8006 8007
8056 8006
8057 8006
8000 8007
8001 8007
8008 8010
8008 8011
8009 8010
8009 8011
8010 8011
8052 8010
8053 8010
8004 8011
8005 8011
8012 8014
8012 8015
8013 8014
8013 8015
8014 8015
8048 8014
8049 8014
8008 8015
8009 8015
8016 8018
8016 8019
8017 8018
8017 8019
8018 8019
8044 8018
8045 8018
8012 8019
8013 8019
8020 8022
8020 8023
8021 8022
8021 8023
8022 8023
8040 8022
8041 8022
8016 8023
8017 8023
8024 8026
8024 8027
8025 8026
8025 8027
8026 8027
8036 8026
8037 8026
8020 8027
8021 8027
8028 8030
8028 8031
8029 8030
8029 8031
8030 8031
8032 8030
8033 8030
8024 8031
8025 8031
8032 8034
8032 8035
8033 8034
8033 8035
8034 8035
8092 8035
8093 8035
8036 8038
8036 8039
8037 8038
8037 8039
8038 8039
8032 8038
8033 8038
8088 8039
8089 8039
8040 8042
8040 8043
8041 8042
8041 8043
8042 8043
8036 8042
8037 8042
8084 8043
8085 8043
8044 8046
8044 8047
8045 8046
8045 8047
8046 8047
8040 8046
8041 8046
8080 8047
8081 8047
8048 8050
8048 8051
8049 8050
8049 8051
8050 8051
8044 8050
8045 8050
8076 8051
8077 8051
8052 8054
8052 8055
8053 8054
8053 8055
8054 8055
8048 8054
8049 8054
8072 8055
8073 8055
8056 8058
8056 8059
8057 8058
8057 8059
8058 8059
8052 8058
8053 8058
8068 8059
8069 8059
8060 8062
8060 8063
8061 8062
8061 8063
8062 8063
8056 8062
8057 8062
8064 8063
8065 8063
8064 8066
8064 8067
8065 8066
8065 8067
8066 8067
8124 8066
8125 8066
8068 8070
8068 8071
8069 8070
8069 8071
8070 8071
8120 8070
8121 8070
8064 8071
8065 8071
8072 8074
8072 8075
8073 8074
8073 8075
8074 8075
8116 8074
8117 8074
8068 8075
8069 8075
8076 8078
8076 8079
8077 8078
8077 8079
8078 8079
8112 8078
8113 8078
8072 8079
8073 8079
8080 8082
8080 8083
8081 8082
8081 8083
8082 8083
8108 8082
8109 8082
8076 8083
8077 8083
8084 8086
8084 8087
8085 8086
8085 8087
8086 8087
8104 8086
8105 8086
8080 8087
8081 8087
8088 8090
8088 8091
8089 8090
8089 8091
8090 8091
8100 8090
8101 8090
8084 8091
8085 8091
8092 8094
8092 8095
8093 8094
8093 8095
8094 8095
8096 8094
8097 8094
8088 8095
8089 8095
8096 8098
8096 8099
8097 8098
8097 8099
8098 8099
8156 8099
8157 8099
8100 8102
8100 8103
8101 8102
8101 8103
8102 8103
8096 8102
8097 8102
8152 8103
8153 8103
8104 8106
8104 8107
8105 8106
8105 8107
8106 8107
8100 8106
8101 8106
8148 8107
8149 8107
8108 8110
8108 8111
8109 8110
8109 8111
8110 8111
8104 8110
8105 8110
8144 8111
8145 8111
8112 8114
8112 8115
8113 8114
8113 8115
8114 8115
8108 8114
8109 8114
8140 8115
8141 8115
8116 8118
8116 8119
8117 8118
8117 8119
8118 8119
8112 8118
8113 8118
8136 8119
8137 8119
8120 8122
8120 8123
8121 8122
8121 8123
8122 8123
8116 8122
8117 8122
8132 8123
8133 8123
8124 8126
8124 8127
8125 8126
8125 8127
8126 8127
8120 8126
8121 8126
8128 8127
8129 8127
8128 8130
8128 8131
8129 8130
8129 8131
8130 8131
8188 8130
8189 8130
8132 8134
8132 8135
8133 8134
8133 8135
8134 8135
8184 8134
8185 8134
8128 8135
8129 8135
8136 8138
8136 8139
8137 8138
8137 8139
8138 8139
8180 8138
8181 8138
8132 8139
8133 8139
8140 8142
8140 8143
8141 8142
8141 8143
8142 8143
8176 8142
8177 8142
8136 8143
8137 8143
8144 8146
8144 8147
8145 8146
8145 8147
8146 8147
8172 8146
8173 8146
8140 8147
8141 8147
8148 8150
8148 8151
8149 8150
8149 8151
8150 8151
8168 8150
8169 8150
8144 8151
8145 8151
8152 8154
8152 8155
8153 8154
8153 8155
8154 8155
8164 8154
8165 8154
8148 8155
8149 8155
8156 8158
8156 8159
8157 8158
8157 8159
8158 8159
8160 8158
8161 8158
8152 8159
8153 8159
8160 8162
8160 8163
8161 8162
8161 8163
8162 8163
8220 8163
8221 8163
8164 8166
8164 8167
8165 8166
8165 8167
8166 8167
8160 8166
8161 8166
8216 8167
8217 8167
8168 8170
8168 8171
8169 8170
8169 8171
8170 8171
8164 8170
8165 8170
8212 8171
8213 8171
8172 8174
8172 8175
8173 8174
8173 8175
8174 8175
8168 8174
8169 8174
8208 8175
8209 8175
8176 8178
8176 8179
8177 8178
8177 8179
8178 8179
8172 8178
8173 8178
8204 8179
8205 8179
8180 8182
8180 8183
8181 8182
8181 8183
8182 8183
8176 8182
8177 8182
8200 8183
8201 8183
8184 8186
8184 8187
8185 8186
8185 8187
8186 8187
8180 8186
8181 8186
8196 8187
8197 8187
8188 8190
8188 8191
8189 8190
8189 8191
8190 8191
8184 8190
8185 8190
8192 8191
8193 8191
8192 8194
8192 8195
8193 8194
8193 8195
8194 8195
8248 8194
8249 8194
8196 8198
8196 8199
8197 8198
8197 8199
8198 8199
8252 8198
8253 8198
8192 8199
8193 8199
8200 8202
8200 8203
8201 8202
8201 8203
8202 8203
8244 8202
8245 8202
8196 8203
8197 8203
8204 8206
8204 8207
8205 8206
8205 8207
8206 8207
8240 8206
8241 8206
8200 8207
8201 8207
8208 8210
8208 8211
8209 8210
8209 8211
8210 8211
8236 8210
8237 8210
8204 8211
8205 8211
8212 8214
8212 8215
8213 8214
8213 8215
8214 8215
8232 8214
8233 8214
8208 8215
8209 8215
8216 8218
8216 8219
8217 8218
8217 8219
8218 8219
8228 8218
8229 8218
8212 8219
8213 8219
8220 8222
8220 8223
8221 8222
8221 8223
8222 8223
8224 8222
8225 8222
8216 8223
8217 8223
8224 8226
8224 8227
8225 8226
8225 8227
8226 8227
8284 8227
8285 8227
8228 8230
8228 8231
8229 8230
8229 8231
8230 8231
8224 8230
8225 8230
8280 8231
8281 8231
8232 8234
8232 8235
8233 8234
8233 8235
8234 8235
8228 8234
8229 8234
8276 8235
8277 8235
8236 8238
8236 8239
8237 8238
8237 8239
8238 8239
8232 8238
8233 8238
8272 8239
8273 8239
8240 8242
8240 8243
8241 8242
8241 8243
8242 8243
8236 8242
8237 8242
8268 8243
8269 8243
8244 8246
8244 8247
8245 8246
8245 8247
8246 8247
8240 8246
8241 8246
8264 8247
8265 8247
8248 8250
8248 8251
8249 8250
8249 8251
8250 8251
8252 8250
8253 8250
8260 8251
8261 8251
8252 8254
8252 8255
8253 8254
8253 8255
8254 8255
8244 8254
8245 8254
8256 8255
8257 8255
8256 8258
8256 8259
8257 8258
8257 8259
8258 8259
8316 8258
8317 8258
8260 8259
8261 8259
8260 8262
8260 8263
8261 8262
8261 8263
8262 8263
8312 8262
8313 8262
8264 8266
8264 8267
8265 8266
8265 8267
8266 8267
8308 8266
8309 8266
8256 8267
8257 8267
8268 8270
8268 8271
8269 8270
8269 8271
8270 8271
8304 8270
8305 8270
8264 8271
8265 8271
8272 8274
8272 8275
8273 8274
8273 8275
8274 8275
8300 8274
8301 8274
8268 8275
8269 8275
8276 8278
8276 8279
8277 8278
8277 8279
8278 8279
8296 8278
8297 8278
8272 8279
8273 8279
8280 8282
8280 8283
8281 8282
8281 8283
8282 8283
8292 8282
8293 8282
8276 8283
8277 8283
8284 8286
8284 8287
8285 8286
8285 8287
8286 8287
8288 8286
8289 8286
8280 8287
8281 8287
8288 8290
8288 8291
8289 8290
8289 8291
8290 8291
8348 8291
8349 8291
8292 8294
8292 8295
8293 8294
8293 8295
8294 8295
8288 8294
8289 8294
8344 8295
8345 8295
8296 8298
8296 8299
8297 8298
8297 8299
8298 8299
8292 8298
8293 8298
8340 8299
8341 8299
8300 8302
8300 8303
8301 8302
8301 8303
8302 8303
8296 8302
8297 8302
8336 8303
8337 8303
8304 8306
8304 8307
8305 8306
8305 8307
8306 8307
8300 8306
8301 8306
8332 8307
8333 8307
8308 8310
8308 8311
8309 8310
8309 8311
8310 8311
8304 8310
8305 8310
8328 8311
8329 8311
8312 8314
8312 8315
8313 8314
8313 8315
8314 8315
8316 8314
8317 8314
8324 8315
8325 8315
8316 8318
8316 8319
8317 8318
8317 8319
8318 8319
8308 8318
8309 8318
8320 8319
8321 8319
8320 8322
8320 8323
8321 8322
8321 8323
8322 8323
8380 8322
8381 8322
8324 8323
8325 8323
8324 8326
8324 8327
8325 8326
8325 8327
8326 8327
8376 8326
8377 8326
8328 8330
8328 8331
8329 8330
8329 8331
8330 8331
8372 8330
8373 8330
8320 8331
8321 8331
8332 8334
8332 8335
8333 8334
8333 8335
8334 8335
8368 8334
8369 8334
8328 8335
8329 8335
8336 8338
8336 8339
8337 8338
8337 8339
8338 8339
8364 8338
8365 8338
8332 8339
8333 8339
8340 8342
8340 8343
8341 8342
8341 8343
8342 8343
8360 8342
8361 8342
8336 8343
8337 8343
8344 8346
8344 8347
8345 8346
8345 8347
8346 8347
8356 8346
8357 8346
8340 8347
8341 8347
8348 8350
8348 8351
8349 8350
8349 8351
8350 8351
8352 8350
8353 8350
8344 8351
8345 8351
8352 8354
8352 8355
8353 8354
8353 8355
8354 8355
8412 8355
8413 8355
8356 8358
8356 8359
8357 8358
8357 8359
8358 8359
8352 8358
8353 8358
8408 8359
8409 8359
8360 8362
8360 8363
8361 8362
8361 8363
8362 8363
8356 8362
8357 8362
8404 8363
8405 8363
8364 8366
8364 8367
8365 8366
8365 8367
8366 8367
8360 8366
8361 8366
8400 8367
8401 8367
8368 8370
8368 8371
8369 8370
8369 8371
8370 8371
8364 8370
8365 8370
8396 8371
8397 8371
8372 8374
8372 8375
8373 8374
8373 8375
8374 8375
8368 8374
8369 8374
8392 8375
8393 8375
8376 8378
8376 8379
8377 8378
8377 8379
8378 8379
8380 8378
8381 8378
8388 8379
8389 8379
8380 8382
8380 8383
8381 8382
8381 8383
8382 8383
8372 8382
8373 8382
8384 8383
8385 8383
8384 8386
8384 8387
8385 8386
8385 8387
8386 8387
8444 8386
8445 8386
8388 8387
8389 8387
8388 8390
8388 8391
8389 8390
8389 8391
8390 8391
8440 8390
8441 8390
8392 8394
8392 8395
8393 8394
8393 8395
8394 8395
8436 8394
8437 8394
8384 8395
8385 8395
8396 8398
8396 8399
8397 8398
8397 8399
8398 8399
8432 8398
8433 8398
8392 8399
8393 8399
8400 8402
8400 8403
8401 8402
8401 8403
8402 8403
8428 8402
8429 8402
8396 8403
8397 8403
8404 8406
8404 8407
8405 8406
8405 8407
8406 8407
8424 8406
8425 8406
8400 8407
8401 8407
8408 8410
8408 8411
8409 8410
8409 8411
8410 8411
8420 8410
8421 8410
8404 8411
8405 8411
8412 8414
8412 8415
8413 8414
8413 8415
8414 8415
8416 8414
8417 8414
8408 8415
8409 8415
8416 8418
8416 8419
8417 8418
8417 8419
8418 8419
8476 8419
8477 8419
8420 8422
8420 8423
8421 8422
8421 8423
8422 8423
8416 8422
8417 8422
8472 8423
8473 8423
8424 8426
8424 8427
8425 8426
8425 8427
8426 8427
8420 8426
8421 8426
8468 8427
8469 8427
8428 8430
8428 8431
8429 8430
8429 8431
8430 8431
8424 8430
8425 8430
8464 8431
8465 8431
8432 8434
8432 8435
8433 8434
8433 8435
8434 8435
8428 8434
8429 8434
8460 8435
8461 8435
8436 8438
8436 8439
8437 8438
8437 8439
8438 8439
8432 8438
8433 8438
8456 8439
8457 8439
8440 8442
8440 8443
8441 8442
8441 8443
8442 8443
8444 8442
8445 8442
8452 8443
8453 8443
8444 8446
8444 8447
8445 8446
8445 8447
8446 8447
8436 8446
8437 8446
8448 8447
8449 8447
8448 8450
8448 8451
8449 8450
8449 8451
8450 8451
8508 8450
8509 8450
8452 8451
8453 8451
8452 8454
8452 8455
8453 8454
8453 8455
8454 8455
8504 8454
8505 8454
8456 8458
8456 8459
8457 8458
8457 8459
8458 8459
8500 8458
8501 8458
8448 8459
8449 8459
8460 8462
8460 8463
8461 8462
8461 8463
8462 8463
8496 8462
8497 8462
8456 8463
8457 8463
8464 8466
8464 8467
8465 8466
8465 8467
8466 8467
8492 8466
8493 8466
8460 8467
8461 8467
8468 8470
8468 8471
8469 8470
8469 8471
8470 8471
8488 8470
8489 8470
8464 8471
8465 8471
8472 8474
8472 8475
8473 8474
8473 8475
8474 8475
8484 8474
8485 8474
8468 8475
8469 8475
8476 8478
8476 8479
8477 8478
8477 8479
8478 8479
8480 8478
8481 8478
8472 8479
8473 8479
8480 8482
8480 8483
8481 8482
8481 8483
8482 8483
8540 8483
8541 8483
8484 8486
8484 8487
8485 8486
8485 8487
8486 8487
8480 8486
8481 8486
8536 8487
8537 8487
8488 8490
8488 8491
8489 8490
8489 8491
8490 8491
8484 8490
8485 8490
8532 8491
8533 8491
8492 8494
8492 8495
8493 8494
8493 8495
8494 8495
8488 8494
8489 8494
8528 8495
8529 8495
8496 8498
8496 8499
8497 8498
8497 8499
8498 8499
8492 8498
8493 8498
8524 8499
8525 8499
8500 8502
8500 8503
8501 8502
8501 8503
8502 8503
8496 8502
8497 8502
8520 8503
8521 8503
8504 8506
8504 8507
8505 8506
8505 8507
8506 8507
8508 8506
8509 8506
8516 8507
8517 8507
8508 8510
8508 8511
8509 8510
8509 8511
8510 8511
8500 8510
8501 8510
8512 8511
8513 8511
8512 8514
8512 8515
8513 8514
8513 8515
8514 8515
8572 8514
8573 8514
8516 8515
8517 8515
8516 8518
8516 8519
8517 8518
8517 8519
8518 8519
8568 8518
8569 8518
8520 8522
8520 8523
8521 8522
8521 8523
8522 8523
8564 8522
8565 8522
8512 8523
8513 8523
8524 8526
8524 8527
8525 8526
8525 8527
8526 8527
8560 8526
8561 8526
8520 8527
8521 8527
8528 8530
8528 8531
8529 8530
8529 8531
8530 8531
8556 8530
8557 8530
8524 8531
8525 8531
8532 8534
8532 8535
8533 8534
8533 8535
8534 8535
8552 8534
8553 8534
8528 8535
8529 8535
8536 8538
8536 8539
8537 8538
8537 8539
8538 8539
8548 8538
8549 8538
8532 8539
8533 8539
8540 8542
8540 8543
8541 8542
8541 8543
8542 8543
8544 8542
8545 8542
8536 8543
8537 8543
8544 8546
8544 8547
8545 8546
8545 8547
8546 8547
8604 8547
8605 8547
8548 8550
8548 8551
8549 8550
8549 8551
8550 8551
8544 8550
8545 8550
8600 8551
8601 8551
8552 8554
8552 8555
8553 8554
8553 8555
8554 8555
8548 8554
8549 8554
8596 8555
8597 8555
8556 8558
8556 8559
8557 8558
8557 8559
8558 8559
8552 8558
8553 8558
8592 8559
8593 8559
8560 8562
8560 8563
8561 8562
8561 8563
8562 8563
8556 8562
8557 8562
8588 8563
8589 8563
8564 8566
8564 8567
8565 8566
8565 8567
8566 8567
8560 8566
8561 8566
8584 8567
8585 8567
8568 8570
8568 8571
8569 8570
8569 8571
8570 8571
8572 8570
8573 8570
8580 8571
8581 8571
8572 8574
8572 8575
8573 8574
8573 8575
8574 8575
8564 8574
8565 8574
8576 8575
8577 8575
8576 8578
8576 8579
8577 8578
8577 8579
8578 8579
8636 8578
8637 8578
8580 8579
8581 8579
8580 8582
8580 8583
8581 8582
8581 8583
8582 8583
8632 8582
8633 8582
8584 8586
8584 8587
8585 8586
8585 8587
8586 8587
8628 8586
8629 8586
8576 8587
8577 8587
8588 8590
8588 8591
8589 8590
8589 8591
8590 8591
8624 8590
8625 8590
8584 8591
8585 8591
8592 8594
8592 8595
8593 8594
8593 8595
8594 8595
8620 8594
8621 8594
8588 8595
8589 8595
8596 8598
8596 8599
8597 8598
8597 8599
8598 8599
8616 8598
8617 8598
8592 8599
8593 8599
8600 8602
8600 8603
8601 8602
8601 8603
8602 8603
8612 8602
8613 8602
8596 8603
8597 8603
8604 8606
8604 8607
8605 8606
8605 8607
8606 8607
8608 8606
8609 8606
8600 8607
8601 8607
8608 8610
8608 8611
8609 8610
8609 8611
8610 8611
8668 8611
8669 8611
8612 8614
8612 8615
8613 8614
8613 8615
8614 8615
8608 8614
8609 8614
8664 8615
8665 8615
8616 8618
8616 8619
8617 8618
8617 8619
8618 8619
8612 8618
8613 8618
8660 8619
8661 8619
8620 8622
8620 8623
8621 8622
8621 8623
8622 8623
8616 8622
8617 8622
8656 8623
8657 8623
8624 8626
8624 8627
8625 8626
8625 8627
8626 8627
8620 8626
8621 8626
8652 8627
8653 8627
8628 8630
8628 8631
8629 8630
8629 8631
8630 8631
8624 8630
8625 8630
8648 8631
8649 8631
8632 8634
8632 8635
8633 8634
8633 8635
8634 8635
8636 8634
8637 8634
8644 8635
8645 8635
8636 8638
8636 8639
8637 8638
8637 8639
8638 8639
8628 8638
8629 8638
8640 8639
8641 8639
8640 8642
8640 8643
8641 8642
8641 8643
8642 8643
8700 8642
8701 8642
8644 8643
8645 8643
8644 8646
8644 8647
8645 8646
8645 8647
8646 8647
8696 8646
8697 8646
8648 8650
8648 8651
8649 8650
8649 8651
8650 8651
8692 8650
8693 8650
8640 8651
8641 8651
8652 8654
8652 8655
8653 8654
8653 8655
8654 8655
8688 8654
8689 8654
8648 8655
8649 8655
8656 8658
8656 8659
8657 8658
8657 8659
8658 8659
8684 8658
8685 8658
8652 8659
8653 8659
8660 8662
8660 8663
8661 8662
8661 8663
8662 8663
8680 8662
8681 8662
8656 8663
8657 8663
8664 8666
8664 8667
8665 8666
8665 8667
8666 8667
8676 8666
8677 8666
8660 8667
8661 8667
8668 8670
8668 8671
8669 8670
8669 8671
8670 8671
8672 8670
8673 8670
8664 8671
8665 8671
8672 8674
8672 8675
8673 8674
8673 8675
8674 8675
8676 8678
8676 8679
8677 8678
8677 8679
8678 8679
8672 8678
8673 8678
8680 8682
8680 8683
8681 8682
8681 8683
8682 8683
8676 8682
8677 8682
8684 8686
8684 8687
8685 8686
8685 8687
8686 8687
8680 8686
8681 8686
8688 8690
8688 8691
8689 8690
8689 8691
8690 8691
8684 8690
8685 8690
8692 8694
8692 8695
8693 8694
8693 8695
8694 8695
8688 8694
8689 8694
8696 8698
8696 8699
8697 8698
8697 8699
8698 8699
8700 8698
8701 8698
8700 8702
8700 8703
8701 8702
8701 8703
8702 8703
8692 8702
8693 8702
8704 8706
8704 8707
8705 8706
8705 8707
8706 8707
8764 8707
8765 8707
8708 8710
8708 8711
8709 8710
8709 8711
8710 8711
8704 8710
8705 8710
8760 8711
8761 8711
8712 8714
8712 8715
8713 8714
8713 8715
8714 8715
8708 8714
8709 8714
8756 8715
8757 8715
8716 8718
8716 8719
8717 8718
8717 8719
8718 8719
8712 8718
8713 8718
8752 8719
8753 8719
8720 8722
8720 8723
8721 8722
8721 8723
8722 8723
8716 8722
8717 8722
8748 8723
8749 8723
8724 8726
8724 8727
8725 8726
8725 8727
8726 8727
8720 8726
8721 8726
8744 8727
8745 8727
8728 8730
8728 8731
8729 8730
8729 8731
8730 8731
8724 8730
8725 8730
8740 8731
8741 8731
8732 8734
8732 8735
8733 8734
8733 8735
8734 8735
8728 8734
8729 8734
8736 8735
8737 8735
8736 8738
8736 8739
8737 8738
8737 8739
8738 8739
8796 8738
8797 8738
8740 8742
8740 8743
8741 8742
8741 8743
8742 8743
8792 8742
8793 8742
8736 8743
8737 8743
8744 8746
8744 8747
8745 8746
8745 8747
8746 8747
8788 8746
8789 8746
8740 8747
8741 8747
8748 8750
8748 8751
8749 8750
8749 8751
8750 8751
8784 8750
8785 8750
8744 8751
8745 8751
8752 8754
8752 8755
8753 8754
8753 8755
8754 8755
8780 8754
8781 8754
8748 8755
8749 8755
8756 8758
8756 8759
8757 8758
8757 8759
8758 8759
8776 8758
8777 8758
8752 8759
8753 8759
8760 8762
8760 8763
8761 8762
8761 8763
8762 8763
8772 8762
8773 8762
8756 8763
8757 8763
8764 8766
8764 8767
8765 8766
8765 8767
8766 8767
8768 8766
8769 8766
8760 8767
8761 8767
8768 8770
8768 8771
8769 8770
8769 8771
8770 8771
8828 8771
8829 8771
8772 8774
8772 8775
8773 8774
8773 8775
8774 8775
8768 8774
8769 8774
8824 8775
8825 8775
8776 8778
8776 8779
8777 8778
8777 8779
8778 8779
8772 8778
8773 8778
8820 8779
8821 8779
8780 8782
8780 8783
8781 8782
8781 8783
8782 8783
8776 8782
8777 8782
8816 8783
8817 8783
8784 8786
8784 8787
8785 8786
8785 8787
8786 8787
8780 8786
8781 8786
8812 8787
8813 8787
8788 8790
8788 8791
8789 8790
8789 8791
8790 8791
8784 8790
8785 8790
8808 8791
8809 8791
8792 8794
8792 8795
8793 8794
8793 8795
8794 8795
8788 8794
8789 8794
8804 8795
8805 8795
8796 8798
8796 8799
8797 8798
8797 8799
8798 8799
8792 8798
8793 8798
8800 8799
8801 8799
8800 8802
8800 8803
8801 8802
8801 8803
8802 8803
8860 8802
8861 8802
8804 8806
8804 8807
8805 8806
8805 8807
8806 8807
8856 8806
8857 8806
8800 8807
8801 8807
8808 8810
8808 8811
8809 8810
8809 8811
8810 8811
8852 8810
8853 8810
8804 8811
8805 8811
8812 8814
8812 8815
8813 8814
8813 8815
8814 8815
8848 8814
8849 8814
8808 8815
8809 8815
8816 8818
8816 8819
8817 8818
8817 8819
8818 8819
8844 8818
8845 8818
8812 8819
8813 8819
8820 8822
8820 8823
8821 8822
8821 8823
8822 8823
8840 8822
8841 8822
8816 8823
8817 8823
8824 8826
8824 8827
8825 8826
8825 8827
8826 8827
8836 8826
8837 8826
8820 8827
8821 8827
8828 8830
8828 8831
8829 8830
8829 8831
8830 8831
8832 8830
8833 8830
8824 8831
8825 8831
8832 8834
8832 8835
8833 8834
8833 8835
8834 8835
8892 8835
8893 8835
8836 8838
8836 8839
8837 8838
8837 8839
8838 8839
8832 8838
8833 8838
8888 8839
8889 8839
8840 8842
8840 8843
8841 8842
8841 8843
8842 8843
8836 8842
8837 8842
8884 8843
8885 8843
8844 8846
8844 8847
8845 8846
8845 8847
8846 8847
8840 8846
8841 8846
8880 8847
8881 8847
8848 8850
8848 8851
8849 8850
8849 8851
8850 8851
8844 8850
8845 8850
8876 8851
8877 8851
8852 8854
8852 8855
8853 8854
8853 8855
8854 8855
8848 8854
8849 8854
8872 8855
8873 8855
8856 8858
8856 8859
8857 8858
8857 8859
8858 8859
8852 8858
8853 8858
8868 8859
8869 8859
8860 8862
8860 8863
8861 8862
8861 8863
8862 8863
8856 8862
8857 8862
8864 8863
8865 8863
8864 8866
8864 8867
8865 8866
8865 8867
8866 8867
8924 8866
8925 8866
8868 8870
8868 8871
8869 8870
8869 8871
8870 8871
8920 8870
8921 8870
8864 8871
8865 8871
8872 8874
8872 8875
8873 8874
8873 8875
8874 8875
8916 8874
8917 8874
8868 8875
8869 8875
8876 8878
8876 8879
8877 8878
8877 8879
8878 8879
8912 8878
8913 8878
8872 8879
8873 8879
8880 8882
8880 8883
8881 8882
8881 8883
8882 8883
8908 8882
8909 8882
8876 8883
8877 8883
8884 8886
8884 8887
8885 8886
8885 8887
8886 8887
8904 8886
8905 8886
8880 8887
8881 8887
8888 8890
8888 8891
8889 8890
8889 8891
8890 8891
8900 8890
8901 8890
8884 8891
8885 8891
8892 8894
8892 8895
8893 8894
8893 8895
8894 8895
8896 8894
8897 8894
8888 8895
8889 8895
8896 8898
8896 8899
8897 8898
8897 8899
8898 8899
8956 8899
8957 8899
8900 8902
8900 8903
8901 8902
8901 8903
8902 8903
8896 8902
8897 8902
8952 8903
8953 8903
8904 8906
8904 8907
8905 8906
8905 8907
8906 8907
8900 8906
8901 8906
8948 8907
8949 8907
8908 8910
8908 8911
8909 8910
8909 8911
8910 8911
8904 8910
8905 8910
8944 8911
8945 8911
8912 8914
8912 8915
8913 8914
8913 8915
8914 8915
8908 8914
8909 8914
8940 8915
8941 8915
8916 8918
8916 8919
8917 8918
8917 8919
8918 8919
8912 8918
8913 8918
8936 8919
8937 8919
8920 8922
8920 8923
8921 8922
8921 8923
8922 8923
8916 8922
8917 8922
8932 8923
8933 8923
8924 8926
8924 8927
8925 8926
8925 8927
8926 8927
8920 8926
8921 8926
8928 8927
8929 8927
8928 8930
8928 8931
8929 8930
8929 8931
8930 8931
8988 8930
8989 8930
8932 8934
8932 8935
8933 8934
8933 8935
8934 8935
8984 8934
8985 8934
8928 8935
8929 8935
8936 8938
8936 8939
8937 8938
8937 8939
8938 8939
8980 8938
8981 8938
8932 8939
8933 8939
8940 8942
8940 8943
8941 8942
8941 8943
8942 8943
8976 8942
8977 8942
8936 8943
8937 8943
8944 8946
8944 8947
8945 8946
8945 8947
8946 8947
8972 8946
8973 8946
8940 8947
8941 8947
8948 8950
8948 8951
8949 8950
8949 8951
8950 8951
8968 8950
8969 8950
8944 8951
8945 8951
8952 8954
8952 8955
8953 8954
8953 8955
8954 8955
8964 8954
8965 8954
8948 8955
8949 8955
8956 8958
8956 8959
8957 8958
8957 8959
8958 8959
8960 8958
8961 8958
8952 8959
8953 8959
8960 8962
8960 8963
8961 8962
8961 8963
8962 8963
9020 8963
9021 8963
8964 8966
8964 8967
8965 8966
8965 8967
8966 8967
8960 8966
8961 8966
9016 8967
9017 8967
8968 8970
8968 8971
8969 8970
8969 8971
8970 8971
8964 8970
8965 8970
9012 8971
9013 8971
8972 8974
8972 8975
8973 8974
8973 8975
8974 8975
8968 8974
8969 8974
9008 8975
9009 8975
8976 8978
8976 8979
8977 8978
8977 8979
8978 8979
8972 8978
8973 8978
9004 8979
9005 8979
8980 8982
8980 8983
8981 8982
8981 8983
8982 8983
8976 8982
8977 8982
9000 8983
9001 8983
8984 8986
8984 8987
8985 8986
8985 8987
8986 8987
8980 8986
8981 8986
8996 8987
8997 8987
8988 8990
8988 8991
8989 8990
8989 8991
8990 8991
8984 8990
8985 8990
8992 8991
8993 8991
8992 8994
8992 8995
8993 8994
8993 8995
8994 8995
9052 8994
9053 8994
8996 8998
8996 8999
8997 8998
8997 8999
8998 8999
9048 8998
9049 8998
8992 8999
8993 8999
9000 9002
9000 9003
9001 9002
9001 9003
9002 9003
9044 9002
9045 9002
8996 9003
8997 9003
9004 9006
9004 9007
9005 9006
9005 9007
9006 9007
9040 9006
9041 9006
9000 9007
9001 9007
9008 9010
9008 9011
9009 9010
9009 9011
9010 9011
9036 9010
9037 9010
9004 9011
9005 9011
9012 9014
9012 9015
9013 9014
9013 9015
9014 9015
9032 9014
9033 9014
9008 9015
9009 9015
9016 9018
9016 9019
9017 9018
9017 9019
9018 9019
9028 9018
9029 9018
9012 9019
9013 9019
9020 9022
9020 9023
9021 9022
9021 9023
9022 9023
9024 9022
9025 9022
9016 9023
9017 9023
9024 9026
9024 9027
9025 9026
9025 9027
9026 9027
9084 9027
9085 9027
9028 9030
9028 9031
9029 9030
9029 9031
9030 9031
9024 9030
9025 9030
9080 9031
9081 9031
9032 9034
9032 9035
9033 9034
9033 9035
9034 9035
9028 9034
9029 9034
9076 9035
9077 9035
9036 9038
9036 9039
9037 9038
9037 9039
9038 9039
9032 9038
9033 9038
9072 9039
9073 9039
9040 9042
9040 9043
9041 9042
9041 9043
9042 9043
9036 9042
9037 9042
9068 9043
9069 9043
9044 9046
9044 9047
9045 9046
9045 9047
9046 9047
9040 9046
9041 9046
9064 9047
9065 9047
9048 9050
9048 9051
9049 9050
9049 9051
9050 9051
9044 9050
9045 9050
9060 9051
9061 9051
9052 9054
9052 9055
9053 9054
9053 9055
9054 9055
9048 9054
9049 9054
9056 9055
9057 9055
9056 9058
9056 9059
9057 9058
9057 9059
9058 9059
9116 9058
9117 9058
9060 9062
9060 9063
9061 9062
9061 9063
9062 9063
9112 9062
9113 9062
9056 9063
9057 9063
9064 9066
9064 9067
9065 9066
9065 9067
9066 9067
9108 9066
9109 9066
9060 9067
9061 9067
9068 9070
9068 9071
9069 9070
9069 9071
9070 9071
9104 9070
9105 9070
9064 9071
9065 9071
9072 9074
9072 9075
9073 9074
9073 9075
9074 9075
9100 9074
9101 9074
9068 9075
9069 9075
9076 9078
9076 9079
9077 9078
9077 9079
9078 9079
9096 9078
9097 9078
9072 9079
9073 9079
9080 9082
9080 9083
9081 9082
9081 9083
9082 9083
9092 9082
9093 9082
9076 9083
9077 9083
9084 9086
9084 9087
9085 9086
9085 9087
9086 9087
9088 9086
9089 9086
9080 9087
9081 9087
9088 9090
9088 9091
9089 9090
9089 9091
9090 9091
9148 9091
9149 9091
9092 9094
9092 9095
9093 9094
9093 9095
9094 9095
9088 9094
9089 9094
9144 9095
9145 9095
9096 9098
9096 9099
9097 9098
9097 9099
9098 9099
9092 9098
9093 9098
9140 9099
9141 9099
9100 9102
9100 9103
9101 9102
9101 9103
9102 9103
9096 9102
9097 9102
9136 9103
9137 9103
9104 9106
9104 9107
9105 9106
9105 9107
9106 9107
9100 9106
9101 9106
9132 9107
9133 9107
9108 9110
9108 9111
9109 9110
9109 9111
9110 9111
9104 9110
9105 9110
9128 9111
9129 9111
9112 9114
9112 9115
9113 9114
9113 9115
9114 9115
9108 9114
9109 9114
9124 9115
9125 9115
9116 9118
9116 9119
9117 9118
9117 9119
9118 9119
9112 9118
9113 9118
9120 9119
9121 9119
9120 9122
9120 9123
9121 9122
9121 9123
9122 9123
9180 9122
9181 9122
9124 9126
9124 9127
9125 9126
9125 9127
9126 9127
9176 9126
9177 9126
9120 9127
9121 9127
9128 9130
9128 9131
9129 9130
9129 9131
9130 9131
9172 9130
9173 9130
9124 9131
9125 9131
9132 9134
9132 9135
9133 9134
9133 9135
9134 9135
9168 9134
9169 9134
9128 9135
9129 9135
9136 9138
9136 9139
9137 9138
9137 9139
9138 9139
9164 9138
9165 9138
9132 9139
9133 9139
9140 9142
9140 9143
9141 9142
9141 9143
9142 9143
9160 9142
9161 9142
9136 9143
9137 9143
9144 9146
9144 9147
9145 9146
9145 9147
9146 9147
9156 9146
9157 9146
9140 9147
9141 9147
9148 9150
9148 9151
9149 9150
9149 9151
9150 9151
9152 9150
9153 9150
9144 9151
9145 9151
9152 9154
9152 9155
9153 9154
9153 9155
9154 9155
9212 9155
9213 9155
9156 9158
9156 9159
9157 9158
9157 9159
9158 9159
9152 9158
9153 9158
9208 9159
9209 9159
9160 9162
9160 9163
9161 9162
9161 9163
9162 9163
9156 9162
9157 9162
9204 9163
9205 9163
9164 9166
9164 9167
9165 9166
9165 9167
9166 9167
9160 9166
9161 9166
9200 9167
9201 9167
9168 9170
9168 9171
9169 9170
9169 9171
9170 9171
9164 9170
9165 9170
9196 9171
9197 9171
9172 9174
9172 9175
9173 9174
9173 9175
9174 9175
9168 9174
9169 9174
9192 9175
9193 9175
9176 9178
9176 9179
9177 9178
9177 9179
9178 9179
9172 9178
9173 9178
9188 9179
9189 9179
9180 9182
9180 9183
9181 9182
9181 9183
9182 9183
9176 9182
9177 9182
9184 9183
9185 9183
9184 9186
9184 9187
9185 9186
9185 9187
9186 9187
9240 9186
9241 9186
9188 9190
9188 9191
9189 9190
9189 9191
9190 9191
9244 9190
9245 9190
9184 9191
9185 9191
9192 9194
9192 9195
9193 9194
9193 9195
9194 9195
9236 9194
9237 9194
9188 9195
9189 9195
9196 9198
9196 9199
9197 9198
9197 9199
9198 9199
9232 9198
9233 9198
9192 9199
9193 9199
9200 9202
9200 9203
9201 9202
9201 9203
9202 9203
9228 9202
9229 9202
9196 9203
9197 9203
9204 9206
9204 9207
9205 9206
9205 9207
9206 9207
9224 9206
9225 9206
9200 9207
9201 9207
9208 9210
9208 9211
9209 9210
9209 9211
9210 9211
9220 9210
9221 9210
9204 9211
9205 9211
9212 9214
9212 9215
9213 9214
9213 9215
9214 9215
9216 9214
9217 9214
9208 9215
9209 9215
9216 9218
9216 9219
9217 9218
9217 9219
9218 9219
9276 9219
9277 9219
9220 9222
9220 9223
9221 9222
9221 9223
9222 9223
9216 9222
9217 9222
9272 9223
9273 9223
9224 9226
9224 9227
9225 9226
9225 9227
9226 9227
9220 9226
9221 9226
9268 9227
9269 9227
9228 9230
9228 9231
9229 9230
9229 9231
9230 9231
9224 9230
9225 9230
9264 9231
9265 9231
9232 9234
9232 9235
9233 9234
9233 9235
9234 9235
9228 9234
9229 9234
9260 9235
9261 9235
9236 9238
9236 9239
9237 9238
9237 9239
9238 9239
9232 9238
9233 9238
9256 9239
9257 9239
9240 9242
9240 9243
9241 9242
9241 9243
9242 9243
9244 9242
9245 9242
9252 9243
9253 9243
9244 9246
9244 9247
9245 9246
9245 9247
9246 9247
9236 9246
9237 9246
9248 9247
9249 9247
9248 9250
9248 9251
9249 9250
9249 9251
9250 9251
9308 9250
9309 9250
9252 9251
9253 9251
9252 9254
9252 9255
9253 9254
9253 9255
9254 9255
9304 9254
9305 9254
9256 9258
9256 9259
9257 9258
9257 9259
9258 9259
9300 9258
9301 9258
9248 9259
9249 9259
9260 9262
9260 9263
9261 9262
9261 9263
9262 9263
9296 9262
9297 9262
9256 9263
9257 9263
9264 9266
9264 9267
9265 9266
9265 9267
9266 9267
9292 9266
9293 9266
9260 9267
9261 9267
9268 9270
9268 9271
9269 9270
9269 9271
9270 9271
9288 9270
9289 9270
9264 9271
9265 9271
9272 9274
9272 9275
9273 9274
9273 9275
9274 9275
9284 9274
9285 9274
9268 9275
9269 9275
9276 9278
9276 9279
9277 9278
9277 9279
9278 9279
9280 9278
9281 9278
9272 9279
9273 9279
9280 9282
9280 9283
9281 9282
9281 9283
9282 9283
9340 9283
9341 9283
9284 9286
9284 9287
9285 9286
9285 9287
9286 9287
9280 9286
9281 9286
9336 9287
9337 9287
9288 9290
9288 9291
9289 9290
9289 9291
9290 9291
9284 9290
9285 9290
9332 9291
9333 9291
9292 9294
9292 9295
9293 9294
9293 9295
9294 9295
9288 9294
9289 9294
9328 9295
9329 9295
9296 9298
9296 9299
9297 9298
9297 9299
9298 9299
9292 9298
9293 9298
9324 9299
9325 9299
9300 9302
9300 9303
9301 9302
9301 9303
9302 9303
9296 9302
9297 9302
9320 9303
9321 9303
9304 9306
9304 9307
9305 9306
9305 9307
9306 9307
9308 9306
9309 9306
9316 9307
9317 9307
9308 9310
9308 9311
9309 9310
9309 9311
9310 9311
9300 9310
9301 9310
9312 9311
9313 9311
9312 9314
9312 9315
9313 9314
9313 9315
9314 9315
9372 9314
9373 9314
9316 9315
9317 9315
9316 9318
9316 9319
9317 9318
9317 9319
9318 9319
9368 9318
9369 9318
9320 9322
9320 9323
9321 9322
9321 9323
9322 9323
9364 9322
9365 9322
9312 9323
9313 9323
9324 9326
9324 9327
9325 9326
9325 9327
9326 9327
9360 9326
9361 9326
9320 9327
9321 9327
9328 9330
9328 9331
9329 9330
9329 9331
9330 9331
9356 9330
9357 9330
9324 9331
9325 9331
9332 9334
9332 9335
9333 9334
9333 9335
9334 9335
9352 9334
9353 9334
9328 9335
9329 9335
9336 9338
9336 9339
9337 9338
9337 9339
9338 9339
9348 9338
9349 9338
9332 9339
9333 9339
9340 9342
9340 9343
9341 9342
9341 9343
9342 9343
9344 9342
9345 9342
9336 9343
9337 9343
9344 9346
9344 9347
9345 9346
9345 9347
9346 9347
9404 9347
9405 9347
9348 9350
9348 9351
9349 9350
9349 9351
9350 9351
9344 9350
9345 9350
9400 9351
9401 9351
9352 9354
9352 9355
9353 9354
9353 9355
9354 9355
9348 9354
9349 9354
9396 9355
9397 9355
9356 9358
9356 9359
9357 9358
9357 9359
9358 9359
9352 9358
9353 9358
9392 9359
9393 9359
9360 9362
9360 9363
9361 9362
9361 9363
9362 9363
9356 9362
9357 9362
9388 9363
9389 9363
9364 9366
9364 9367
9365 9366
9365 9367
9366 9367
9360 9366
9361 9366
9384 9367
9385 9367
9368 9370
9368 9371
9369 9370
9369 9371
9370 9371
9372 9370
9373 9370
9380 9371
9381 9371
9372 9374
9372 9375
9373 9374
9373 9375
9374 9375
9364 9374
9365 9374
9376 9375
9377 9375
9376 9378
9376 9379
9377 9378
9377 9379
9378 9379
9436 9378
9437 9378
9380 9379
9381 9379
9380 9382
9380 9383
9381 9382
9381 9383
9382 9383
9432 9382
9433 9382
9384 9386
9384 9387
9385 9386
9385 9387
9386 9387
9428 9386
9429 9386
9376 9387
9377 9387
9388 9390
9388 9391
9389 9390
9389 9391
9390 9391
9424 9390
9425 9390
9384 9391
9385 9391
9392 9394
9392 9395
9393 9394
9393 9395
9394 9395
9420 9394
9421 9394
9388 9395
9389 9395
9396 9398
9396 9399
9397 9398
9397 9399
9398 9399
9416 9398
9417 9398
9392 9399
9393 9399
9400 9402
9400 9403
9401 9402
9401 9403
9402 9403
9412 9402
9413 9402
9396 9403
9397 9403
9404 9406
9404 9407
9405 9406
9405 9407
9406 9407
9408 9406
9409 9406
9400 9407
9401 9407
9408 9410
9408 9411
9409 9410
9409 9411
9410 9411
9468 9411
9469 9411
9412 9414
9412 9415
9413 9414
9413 9415
9414 9415
9408 9414
9409 9414
9464 9415
9465 9415
9416 9418
9416 9419
9417 9418
9417 9419
9418 9419
9412 9418
9413 9418
9460 9419
9461 9419
9420 9422
9420 9423
9421 9422
9421 9423
9422 9423
9416 9422
9417 9422
9456 9423
9457 9423
9424 9426
9424 9427
9425 9426
9425 9427
9426 9427
9420 9426
9421 9426
9452 9427
9453 9427
9428 9430
9428 9431
9429 9430
9429 9431
9430 9431
9424 9430
9425 9430
9448 9431
9449 9431
9432 9434
9432 9435
9433 9434
9433 9435
9434 9435
9436 9434
9437 9434
9444 9435
9445 9435
9436 9438
9436 9439
9437 9438
9437 9439
9438 9439
9428 9438
9429 9438
9440 9439
9441 9439
9440 9442
9440 9443
9441 9442
9441 9443
9442 9443
9500 9442
9501 9442
9444 9443
9445 9443
9444 9446
9444 9447
9445 9446
9445 9447
9446 9447
9496 9446
9497 9446
9448 9450
9448 9451
9449 9450
9449 9451
9450 9451
9492 9450
9493 9450
9440 9451
9441 9451
9452 9454
9452 9455
9453 9454
9453 9455
9454 9455
9488 9454
9489 9454
9448 9455
9449 9455
9456 9458
9456 9459
9457 9458
9457 9459
9458 9459
9484 9458
9485 9458
9452 9459
9453 9459
9460 9462
9460 9463
9461 9462
9461 9463
9462 9463
9480 9462
9481 9462
9456 9463
9457 9463
9464 9466
9464 9467
9465 9466
9465 9467
9466 9467
9476 9466
9477 9466
9460 9467
9461 9467
9468 9470
9468 9471
9469 9470
9469 9471
9470 9471
9472 9470
9473 9470
9464 9471
9465 9471
9472 9474
9472 9475
9473 9474
9473 9475
9474 9475
9532 9475
9533 9475
9476 9478
9476 9479
9477 9478
9477 9479
9478 9479
9472 9478
9473 9478
9528 9479
9529 9479
9480 9482
9480 9483
9481 9482
9481 9483
9482 9483
9476 9482
9477 9482
9524 9483
9525 9483
9484 9486
9484 9487
9485 9486
9485 9487
9486 9487
9480 9486
9481 9486
9520 9487
9521 9487
9488 9490
9488 9491
9489 9490
9489 9491
9490 9491
9484 9490
9485 9490
9516 9491
9517 9491
9492 9494
9492 9495
9493 9494
9493 9495
9494 9495
9488 9494
9489 9494
9512 9495
9513 9495
9496 9498
9496 9499
9497 9498
9497 9499
9498 9499
9500 9498
9501 9498
9508 9499
9509 9499
9500 9502
9500 9503
9501 9502
9501 9503
9502 9503
9492 9502
9493 9502
9504 9503
9505 9503
9504 9506
9504 9507
9505 9506
9505 9507
9506 9507
9564 9506
9565 9506
9508 9507
9509 9507
9508 9510
9508 9511
9509 9510
9509 9511
9510 9511
9560 9510
9561 9510
9512 9514
9512 9515
9513 9514
9513 9515
9514 9515
9556 9514
9557 9514
9504 9515
9505 9515
9516 9518
9516 9519
9517 9518
9517 9519
9518 9519
9552 9518
9553 9518
9512 9519
9513 9519
9520 9522
9520 9523
9521 9522
9521 9523
9522 9523
9548 9522
9549 9522
9516 9523
9517 9523
9524 9526
9524 9527
9525 9526
9525 9527
9526 9527
9544 9526
9545 9526
9520 9527
9521 9527
9528 9530
9528 9531
9529 9530
9529 9531
9530 9531
9540 9530
9541 9530
9524 9531
9525 9531
9532 9534
9532 9535
9533 9534
9533 9535
9534 9535
9536 9534
9537 9534
9528 9535
9529 9535
9536 9538
9536 9539
9537 9538
9537 9539
9538 9539
9596 9539
9597 9539
9540 9542
9540 9543
9541 9542
9541 9543
9542 9543
9536 9542
9537 9542
9592 9543
9593 9543
9544 9546
9544 9547
9545 9546
9545 9547
9546 9547
9540 9546
9541 9546
9588 9547
9589 9547
9548 9550
9548 9551
9549 9550
9549 9551
9550 9551
9544 9550
9545 9550
9584 9551
9585 9551
9552 9554
9552 9555
9553 9554
9553 9555
9554 9555
9548 9554
9549 9554
9580 9555
9581 9555
9556 9558
9556 9559
9557 9558
9557 9559
9558 9559
9552 9558
9553 9558
9576 9559
9577 9559
9560 9562
9560 9563
9561 9562
9561 9563
9562 9563
9564 9562
9565 9562
9572 9563
9573 9563
9564 9566
9564 9567
9565 9566
9565 9567
9566 9567
9556 9566
9557 9566
9568 9567
9569 9567
9568 9570
9568 9571
9569 9570
9569 9571
9570 9571
9628 9570
9629 9570
9572 9571
9573 9571
9572 9574
9572 9575
9573 9574
9573 9575
9574 9575
9624 9574
9625 9574
9576 9578
9576 9579
9577 9578
9577 9579
9578 9579
9620 9578
9621 9578
9568 9579
9569 9579
9580 9582
9580 9583
9581 9582
9581 9583
9582 9583
9616 9582
9617 9582
9576 9583
9577 9583
9584 9586
9584 9587
9585 9586
9585 9587
9586 9587
9612 9586
9613 9586
9580 9587
9581 9587
9588 9590
9588 9591
9589 9590
9589 9591
9590 9591
9608 9590
9609 9590
9584 9591
9585 9591
9592 9594
9592 9595
9593 9594
9593 9595
9594 9595
9604 9594
9605 9594
9588 9595
9589 9595
9596 9598
9596 9599
9597 9598
9597 9599
9598 9599
9600 9598
9601 9598
9592 9599
9593 9599
9600 9602
9600 9603
9601 9602
9601 9603
9602 9603
9660 9603
9661 9603
9604 9606
9604 9607
9605 9606
9605 9607
9606 9607
9600 9606
9601 9606
9656 9607
9657 9607
9608 9610
9608 9611
9609 9610
9609 9611
9610 9611
9604 9610
9605 9610
9652 9611
9653 9611
9612 9614
9612 9615
9613 9614
9613 9615
9614 9615
9608 9614
9609 9614
9648 9615
9649 9615
9616 9618
9616 9619
9617 9618
9617 9619
9618 9619
9612 9618
9613 9618
9644 9619
9645 9619
9620 9622
9620 9623
9621 9622
9621 9623
9622 9623
9616 9622
9617 9622
9640 9623
9641 9623
9624 9626
9624 9627
9625 9626
9625 9627
9626 9627
9628 9626
9629 9626
9636 9627
9637 9627
9628 9630
9628 9631
9629 9630
9629 9631
9630 9631
9620 9630
9621 9630
9632 9631
9633 9631
9632 9634
9632 9635
9633 9634
9633 9635
9634 9635
9692 9634
9693 9634
9636 9635
9637 9635
9636 9638
9636 9639
9637 9638
9637 9639
9638 9639
9688 9638
9689 9638
9640 9642
9640 9643
9641 9642
9641 9643
9642 9643
9684 9642
9685 9642
9632 9643
9633 9643
9644 9646
9644 9647
9645 9646
9645 9647
9646 9647
9680 9646
9681 9646
9640 9647
9641 9647
9648 9650
9648 9651
9649 9650
9649 9651
9650 9651
9676 9650
9677 9650
9644 9651
9645 9651
9652 9654
9652 9655
9653 9654
9653 9655
9654 9655
9672 9654
9673 9654
9648 9655
9649 9655
9656 9658
9656 9659
9657 9658
9657 9659
9658 9659
9668 9658
9669 9658
9652 9659
9653 9659
9660 9662
9660 9663
9661 9662
9661 9663
9662 9663
9664 9662
9665 9662
9656 9663
9657 9663
9664 9666
9664 9667
9665 9666
9665 9667
9666 9667
9668 9670
9668 9671
9669 9670
9669 9671
9670 9671
9664 9670
9665 9670
9672 9674
9672 9675
9673 9674
9673 9675
9674 9675
9668 9674
9669 9674
9676 9678
9676 9679
9677 9678
9677 9679
9678 9679
9672 9678
9673 9678
9680 9682
9680 9683
9681 9682
9681 9683
9682 9683
9676 9682
9677 9682
9684 9686
9684 9687
9685 9686
9685 9687
9686 9687
9680 9686
9681 9686
9688 9690
9688 9691
9689 9690
9689 9691
9690 9691
9692 9690
9693 9690
9692 9694
9692 9695
9693 9694
9693 9695
9694 9695
9684 9694
9685 9694
9696 9698
9696 9699
9697 9698
9697 9699
9698 9699
9756 9699
9757 9699
9700 9702
9700 9703
9701 9702
9701 9703
9702 9703
9696 9702
9697 9702
9752 9703
9753 9703
9704 9706
9704 9707
9705 9706
9705 9707
9706 9707
9700 9706
9701 9706
9748 9707
9749 9707
9708 9710
9708 9711
9709 9710
9709 9711
9710 9711
9704 9710
9705 9710
9744 9711
9745 9711
9712 9714
9712 9715
9713 9714
9713 9715
9714 9715
9708 9714
9709 9714
9740 9715
9741 9715
9716 9718
9716 9719
9717 9718
9717 9719
9718 9719
9712 9718
9713 9718
9736 9719
9737 9719
9720 9722
9720 9723
9721 9722
9721 9723
9722 9723
9716 9722
9717 9722
9732 9723
9733 9723
9724 9726
9724 9727
9725 9726
9725 9727
9726 9727
9720 9726
9721 9726
9728 9727
9729 9727
9728 9730
9728 9731
9729 9730
9729 9731
9730 9731
9788 9730
9789 9730
9732 9734
9732 9735
9733 9734
9733 9735
9734 9735
9784 9734
9785 9734
9728 9735
9729 9735
9736 9738
9736 9739
9737 9738
9737 9739
9738 9739
9780 9738
9781 9738
9732 9739
9733 9739
9740 9742
9740 9743
9741 9742
9741 9743
9742 9743
9776 9742
9777 9742
9736 9743
9737 9743
9744 9746
9744 9747
9745 9746
9745 9747
9746 9747
9772 9746
9773 9746
9740 9747
9741 9747
9748 9750
9748 9751
9749 9750
9749 9751
9750 9751
9768 9750
9769 9750
9744 9751
9745 9751
9752 9754
9752 9755
9753 9754
9753 9755
9754 9755
9764 9754
9765 9754
9748 9755
9749 9755
9756 9758
9756 9759
9757 9758
9757 9759
9758 9759
9760 9758
9761 9758
9752 9759
9753 9759
9760 9762
9760 9763
9761 9762
9761 9763
9762 9763
9820 9763
9821 9763
9764 9766
9764 9767
9765 9766
9765 9767
9766 9767
9760 9766
9761 9766
9816 9767
9817 9767
9768 9770
9768 9771
9769 9770
9769 9771
9770 9771
9764 9770
9765 9770
9812 9771
9813 9771
9772 9774
9772 9775
9773 9774
9773 9775
9774 9775
9768 9774
9769 9774
9808 9775
9809 9775
9776 9778
9776 9779
9777 9778
9777 9779
9778 9779
9772 9778
9773 9778
9804 9779
9805 9779
9780 9782
9780 9783
9781 9782
9781 9783
9782 9783
9776 9782
9777 9782
9800 9783
9801 9783
9784 9786
9784 9787
9785 9786
9785 9787
9786 9787
9780 9786
9781 9786
9796 9787
9797 9787
9788 9790
9788 9791
9789 9790
9789 9791
9790 9791
9784 9790
9785 9790
9792 9791
9793 9791
9792 9794
9792 9795
9793 9794
9793 9795
9794 9795
9852 9794
9853 9794
9796 9798
9796 9799
9797 9798
9797 9799
9798 9799
9848 9798
9849 9798
9792 9799
9793 9799
9800 9802
9800 9803
9801 9802
9801 9803
9802 9803
9844 9802
9845 9802
9796 9803
9797 9803
9804 9806
9804 9807
9805 9806
9805 9807
9806 9807
9840 9806
9841 9806
9800 9807
9801 9807
9808 9810
9808 9811
9809 9810
9809 9811
9810 9811
9836 9810
9837 9810
9804 9811
9805 9811
9812 9814
9812 9815
9813 9814
9813 9815
9814 9815
9832 9814
9833 9814
9808 9815
9809 9815
9816 9818
9816 9819
9817 9818
9817 9819
9818 9819
9828 9818
9829 9818
9812 9819
9813 9819
9820 9822
9820 9823
9821 9822
9821 9823
9822 9823
9824 9822
9825 9822
9816 9823
9817 9823
9824 9826
9824 9827
9825 9826
9825 9827
9826 9827
9884 9827
9885 9827
9828 9830
9828 9831
9829 9830
9829 9831
9830 9831
9824 9830
9825 9830
9880 9831
9881 9831
9832 9834
9832 9835
9833 9834
9833 9835
9834 9835
9828 9834
9829 9834
9876 9835
9877 9835
9836 9838
9836 9839
9837 9838
9837 9839
9838 9839
9832 9838
9833 9838
9872 9839
9873 9839
9840 9842
9840 9843
9841 9842
9841 9843
9842 9843
9836 9842
9837 9842
9868 9843
9869 9843
9844 9846
9844 9847
9845 9846
9845 9847
9846 9847
9840 9846
9841 9846
9864 9847
9865 9847
9848 9850
9848 9851
9849 9850
9849 9851
9850 9851
9844 9850
9845 9850
9860 9851
9861 9851
9852 9854
9852 9855
9853 9854
9853 9855
9854 9855
9848 9854
9849 9854
9856 9855
9857 9855
9856 9858
9856 9859
9857 9858
9857 9859
9858 9859
9916 9858
9917 9858
9860 9862
9860 9863
9861 9862
9861 9863
9862 9863
9912 9862
9913 9862
9856 9863
9857 9863
9864 9866
9864 9867
9865 9866
9865 9867
9866 9867
9908 9866
9909 9866
9860 9867
9861 9867
9868 9870
9868 9871
9869 9870
9869 9871
9870 9871
9904 9870
9905 9870
9864 9871
9865 9871
9872 9874
9872 9875
9873 9874
9873 9875
9874 9875
9900 9874
9901 9874
9868 9875
9869 9875
9876 9878
9876 9879
9877 9878
9877 9879
9878 9879
9896 9878
9897 9878
9872 9879
9873 9879
9880 9882
9880 9883
9881 9882
9881 9883
9882 9883
9892 9882
9893 9882
9876 9883
9877 9883
9884 9886
9884 9887
9885 9886
9885 9887
9886 9887
9888 9886
9889 9886
9880 9887
9881 9887
9888 9890
9888 9891
9889 9890
9889 9891
9890 9891
9948 9891
9949 9891
9892 9894
9892 9895
9893 9894
9893 9895
9894 9895
9888 9894
9889 9894
9944 9895
9945 9895
9896 9898
9896 9899
9897 9898
9897 9899
9898 9899
9892 9898
9893 9898
9940 9899
9941 9899
9900 9902
9900 9903
9901 9902
9901 9903
9902 9903
9896 9902
9897 9902
9936 9903
9937 9903
9904 9906
9904 9907
9905 9906
9905 9907
9906 9907
9900 9906
9901 9906
9932 9907
9933 9907
9908 9910
9908 9911
9909 9910
9909 9911
9910 9911
9904 9910
9905 9910
9928 9911
9929 9911
9912 9914
9912 9915
9913 9914
9913 9915
9914 9915
9908 9914
9909 9914
9924 9915
9925 9915
9916 9918
9916 9919
9917 9918
9917 9919
9918 9919
9912 9918
9913 9918
9920 9919
9921 9919
9920 9922
9920 9923
9921 9922
9921 9923
9922 9923
9980 9922
9981 9922
9924 9926
9924 9927
9925 9926
9925 9927
9926 9927
9976 9926
9977 9926
9920 9927
9921 9927
9928 9930
9928 9931
9929 9930
9929 9931
9930 9931
9972 9930
9973 9930
9924 9931
9925 9931
9932 9934
9932 9935
9933 9934
9933 9935
9934 9935
9968 9934
9969 9934
9928 9935
9929 9935
9936 9938
9936 9939
9937 9938
9937 9939
9938 9939
9964 9938
9965 9938
9932 9939
9933 9939
9940 9942
9940 9943
9941 9942
9941 9943
9942 9943
9960 9942
9961 9942
9936 9943
9937 9943
9944 9946
9944 9947
9945 9946
9945 9947
9946 9947
9956 9946
9957 9946
9940 9947
9941 9947
9948 9950
9948 9951
9949 9950
9949 9951
9950 9951
9952 9950
9953 9950
9944 9951
9945 9951
9952 9954
9952 9955
9953 9954
9953 9955
9954 9955
10012 9955
10013 9955
9956 9958
9956 9959
9957 9958
9957 9959
9958 9959
9952 9958
9953 9958
10008 9959
10009 9959
9960 9962
9960 9963
9961 9962
9961 9963
9962 9963
9956 9962
9957 9962
10004 9963
10005 9963
9964 9966
9964 9967
9965 9966
9965 9967
9966 9967
9960 9966
9961 9966
10000 9967
10001 9967
9968 9970
9968 9971
9969 9970
9969 9971
9970 9971
9964 9970
9965 9970
9996 9971
9997 9971
9972 9974
9972 9975
9973 9974
9973 9975
9974 9975
9968 9974
9969 9974
9992 9975
9993 9975
9976 9978
9976 9979
9977 9978
9977 9979
9978 9979
9972 9978
9973 9978
9988 9979
9989 9979
9980 9982
9980 9983
9981 9982
9981 9983
9982 9983
9976 9982
9977 9982
9984 9983
9985 9983
9984 9986
9984 9987
9985 9986
9985 9987
9986 9987
10044 9986
10045 9986
9988 9990
9988 9991
9989 9990
9989 9991
9990 9991
10040 9990
10041 9990
9984 9991
9985 9991
9992 9994
9992 9995
9993 9994
9993 9995
9994 9995
10036 9994
10037 9994
9988 9995
9989 9995
9996 9998
9996 9999
9997 9998
9997 9999
9998 9999
10032 9998
10033 9998
9992 9999
9993 9999
10000 10002
10000 10003
10001 10002
10001 10003
10002 10003
10028 10002
10029 10002
9996 10003
9997 10003
10004 10006
10004 10007
10005 10006
10005 10007
10006 10007
10024 10006
10025 10006
10000 10007
10001 10007
10008 10010
10008 10011
10009 10010
10009 10011
10010 10011
10020 10010
10021 10010
10004 10011
10005 10011
10012 10014
10012 10015
10013 10014
10013 10015
10014 10015
10016 10014
10017 10014
10008 10015
10009 10015
10016 10018
10016 10019
10017 10018
10017 10019
10018 10019
10076 10019
10077 10019
10020 10022
10020 10023
10021 10022
10021 10023
10022 10023
10016 10022
10017 10022
10072 10023
10073 10023
10024 10026
10024 10027
10025 10026
10025 10027
10026 10027
10020 10026
10021 10026
10068 10027
10069 10027
10028 10030
10028 10031
10029 10030
10029 10031
10030 10031
10024 10030
10025 10030
10064 10031
10065 10031
10032 10034
10032 10035
10033 10034
10033 10035
10034 10035
10028 10034
10029 10034
10060 10035
10061 10035
10036 10038
10036 10039
10037 10038
10037 10039
10038 10039
10032 10038
10033 10038
10056 10039
10057 10039
10040 10042
10040 10043
10041 10042
10041 10043
10042 10043
10036 10042
10037 10042
10052 10043
10053 10043
10044 10046
10044 10047
10045 10046
10045 10047
10046 10047
10040 10046
10041 10046
10048 10047
10049 10047
10048 10050
10048 10051
10049 10050
10049 10051
10050 10051
10108 10050
10109 10050
10052 10054
10052 10055
10053 10054
10053 10055
10054 10055
10104 10054
10105 10054
10048 10055
10049 10055
10056 10058
10056 10059
10057 10058
10057 10059
10058 10059
10100 10058
10101 10058
10052 10059
10053 10059
10060 10062
10060 10063
10061 10062
10061 10063
10062 10063
10096 10062
10097 10062
10056 10063
10057 10063
10064 10066
10064 10067
10065 10066
10065 10067
10066 10067
10092 10066
10093 10066
10060 10067
10061 10067
10068 10070
10068 10071
10069 10070
10069 10071
10070 10071
10088 10070
10089 10070
10064 10071
10065 10071
10072 10074
10072 10075
10073 10074
10073 10075
10074 10075
10084 10074
10085 10074
10068 10075
10069 10075
10076 10078
10076 10079
10077 10078
10077 10079
10078 10079
10080 10078
10081 10078
10072 10079
10073 10079
10080 10082
10080 10083
10081 10082
10081 10083
10082 10083
10140 10083
10141 10083
10084 10086
10084 10087
10085 10086
10085 10087
10086 10087
10080 10086
10081 10086
10136 10087
10137 10087
10088 10090
10088 10091
10089 10090
10089 10091
10090 10091
10084 10090
10085 10090
10132 10091
10133 10091
10092 10094
10092 10095
10093 10094
10093 10095
10094 10095
10088 10094
10089 10094
10128 10095
10129 10095
10096 10098
10096 10099
10097 10098
10097 10099
10098 10099
10092 10098
10093 10098
10124 10099
10125 10099
10100 10102
10100 10103
10101 10102
10101 10103
10102 10103
10096 10102
10097 10102
10120 10103
10121 10103
10104 10106
10104 10107
10105 10106
10105 10107
10106 10107
10100 10106
10101 10106
10116 10107
10117 10107
10108 10110
10108 10111
10109 10110
10109 10111
10110 10111
10104 10110
10105 10110
10112 10111
10113 10111
10112 10114
10112 10115
10113 10114
10113 10115
10114 10115
10172 10114
10173 10114
10116 10118
10116 10119
10117 10118
10117 10119
10118 10119
10168 10118
10169 10118
10112 10119
10113 10119
10120 10122
10120 10123
10121 10122
10121 10123
10122 10123
10164 10122
10165 10122
10116 10123
10117 10123
10124 10126
10124 10127
10125 10126
10125 10127
10126 10127
10160 10126
10161 10126
10120 10127
10121 10127
10128 10130
10128 10131
10129 10130
10129 10131
10130 10131
10156 10130
10157 10130
10124 10131
10125 10131
10132 10134
10132 10135
10133 10134
10133 10135
10134 10135
10152 10134
10153 10134
10128 10135
10129 10135
10136 10138
10136 10139
10137 10138
10137 10139
10138 10139
10148 10138
10149 10138
10132 10139
10133 10139
10140 10142
10140 10143
10141 10142
10141 10143
10142 10143
10144 10142
10145 10142
10136 10143
10137 10143
10144 10146
10144 10147
10145 10146
10145 10147
10146 10147
10204 10147
10205 10147
10148 10150
10148 10151
10149 10150
10149 10151
10150 10151
10144 10150
10145 10150
10200 10151
10201 10151
10152 10154
10152 10155
10153 10154
10153 10155
10154 10155
10148 10154
10149 10154
10196 10155
10197 10155
10156 10158
10156 10159
10157 10158
10157 10159
10158 10159
10152 10158
10153 10158
10192 10159
10193 10159
10160 10162
10160 10163
10161 10162
10161 10163
10162 10163
10156 10162
10157 10162
10188 10163
10189 10163
10164 10166
10164 10167
10165 10166
10165 10167
10166 10167
10160 10166
10161 10166
10184 10167
10185 10167
10168 10170
10168 10171
10169 10170
10169 10171
10170 10171
10164 10170
10165 10170
10180 10171
10181 10171
10172 10174
10172 10175
10173 10174
10173 10175
10174 10175
10168 10174
10169 10174
10176 10175
10177 10175
10176 10178
10176 10179
10177 10178
10177 10179
10178 10179
10236 10178
10237 10178
10180 10182
10180 10183
10181 10182
10181 10183
10182 10183
10232 10182
10233 10182
10176 10183
10177 10183
10184 10186
10184 10187
10185 10186
10185 10187
10186 10187
10228 10186
10229 10186
10180 10187
10181 10187
10188 10190
10188 10191
10189 10190
10189 10191
10190 10191
10224 10190
10225 10190
10184 10191
10185 10191
10192 10194
10192 10195
10193 10194
10193 10195
10194 10195
10220 10194
10221 10194
10188 10195
10189 10195
10196 10198
10196 10199
10197 10198
10197 10199
10198 10199
10216 10198
10217 10198
10192 10199
10193 10199
10200 10202
10200 10203
10201 10202
10201 10203
10202 10203
10212 10202
10213 10202
10196 10203
10197 10203
10204 10206
10204 10207
10205 10206
10205 10207
10206 10207
10208 10206
10209 10206
10200 10207
10201 10207
10208 10210
10208 10211
10209 10210
10209 10211
10210 10211
10268 10211
10269 10211
10212 10214
10212 10215
10213 10214
10213 10215
10214 10215
10208 10214
10209 10214
10264 10215
10265 10215
10216 10218
10216 10219
10217 10218
10217 10219
10218 10219
10212 10218
10213 10218
10260 10219
10261 10219
10220 10222
10220 10223
10221 10222
10221 10223
10222 10223
10216 10222
10217 10222
10256 10223
10257 10223
10224 10226
10224 10227
10225 10226
10225 10227
10226 10227
10220 10226
10221 10226
10252 10227
10253 10227
10228 10230
10228 10231
10229 10230
10229 10231
10230 10231
10224 10230
10225 10230
10248 10231
10249 10231
10232 10234
10232 10235
10233 10234
10233 10235
10234 10235
10228 10234
10229 10234
10240 10235
10241 10235
10236 10238
10236 10239
10237 10238
10237 10239
10238 10239
10232 10238
10233 10238
10244 10239
10245 10239
10240 10242
10240 10243
10241 10242
10241 10243
10242 10243
10300 10242
10301 10242
10244 10243
10245 10243
10244 10246
10244 10247
10245 10246
10245 10247
10246 10247
10296 10246
10297 10246
10248 10250
10248 10251
10249 10250
10249 10251
10250 10251
10292 10250
10293 10250
10240 10251
10241 10251
10252 10254
10252 10255
10253 10254
10253 10255
10254 10255
10288 10254
10289 10254
10248 10255
10249 10255
10256 10258
10256 10259
10257 10258
10257 10259
10258 10259
10284 10258
10285 10258
10252 10259
10253 10259
10260 10262
10260 10263
10261 10262
10261 10263
10262 10263
10280 10262
10281 10262
10256 10263
10257 10263
10264 10266
10264 10267
10265 10266
10265 10267
10266 10267
10276 10266
10277 10266
10260 10267
10261 10267
10268 10270
10268 10271
10269 10270
10269 10271
10270 10271
10272 10270
10273 10270
10264 10271
10265 10271
10272 10274
10272 10275
10273 10274
10273 10275
10274 10275
10332 10275
10333 10275
10276 10278
10276 10279
10277 10278
10277 10279
10278 10279
10272 10278
10273 10278
10328 10279
10329 10279
10280 10282
10280 10283
10281 10282
10281 10283
10282 10283
10276 10282
10277 10282
10324 10283
10325 10283
10284 10286
10284 10287
10285 10286
10285 10287
10286 10287
10280 10286
10281 10286
10320 10287
10321 10287
10288 10290
10288 10291
10289 10290
10289 10291
10290 10291
10284 10290
10285 10290
10316 10291
10317 10291
10292 10294
10292 10295
10293 10294
10293 10295
10294 10295
10288 10294
10289 10294
10312 10295
10313 10295
10296 10298
10296 10299
10297 10298
10297 10299
10298 10299
10300 10298
10301 10298
10308 10299
10309 10299
10300 10302
10300 10303
10301 10302
10301 10303
10302 10303
10292 10302
10293 10302
10304 10303
10305 10303
10304 10306
10304 10307
10305 10306
10305 10307
10306 10307
10364 10306
10365 10306
10308 10307
10309 10307
10308 10310
10308 10311
10309 10310
10309 10311
10310 10311
10360 10310
10361 10310
10312 10314
10312 10315
10313 10314
10313 10315
10314 10315
10356 10314
10357 10314
10304 10315
10305 10315
10316 10318
10316 10319
10317 10318
10317 10319
10318 10319
10352 10318
10353 10318
10312 10319
10313 10319
10320 10322
10320 10323
10321 10322
10321 10323
10322 10323
10348 10322
10349 10322
10316 10323
10317 10323
10324 10326
10324 10327
10325 10326
10325 10327
10326 10327
10344 10326
10345 10326
10320 10327
10321 10327
10328 10330
10328 10331
10329 10330
10329 10331
10330 10331
10340 10330
10341 10330
10324 10331
10325 10331
10332 10334
10332 10335
10333 10334
10333 10335
10334 10335
10336 10334
10337 10334
10328 10335
10329 10335
10336 10338
10336 10339
10337 10338
10337 10339
10338 10339
10396 10339
10397 10339
10340 10342
10340 10343
10341 10342
10341 10343
10342 10343
10336 10342
10337 10342
10392 10343
10393 10343
10344 10346
10344 10347
10345 10346
10345 10347
10346 10347
10340 10346
10341 10346
10388 10347
10389 10347
10348 10350
10348 10351
10349 10350
10349 10351
10350 10351
10344 10350
10345 10350
10384 10351
10385 10351
10352 10354
10352 10355
10353 10354
10353 10355
10354 10355
10348 10354
10349 10354
10380 10355
10381 10355
10356 10358
10356 10359
10357 10358
10357 10359
10358 10359
10352 10358
10353 10358
10376 10359
10377 10359
10360 10362
10360 10363
10361 10362
10361 10363
10362 10363
10364 10362
10365 10362
10372 10363
10373 10363
10364 10366
10364 10367
10365 10366
10365 10367
10366 10367
10356 10366
10357 10366
10368 10367
10369 10367
10368 10370
10368 10371
10369 10370
10369 10371
10370 10371
10428 10370
10429 10370
10372 10371
10373 10371
10372 10374
10372 10375
10373 10374
10373 10375
10374 10375
10424 10374
10425 10374
10376 10378
10376 10379
10377 10378
10377 10379
10378 10379
10420 10378
10421 10378
10368 10379
10369 10379
10380 10382
10380 10383
10381 10382
10381 10383
10382 10383
10416 10382
10417 10382
10376 10383
10377 10383
10384 10386
10384 10387
10385 10386
10385 10387
10386 10387
10412 10386
10413 10386
10380 10387
10381 10387
10388 10390
10388 10391
10389 10390
10389 10391
10390 10391
10408 10390
10409 10390
10384 10391
10385 10391
10392 10394
10392 10395
10393 10394
10393 10395
10394 10395
10404 10394
10405 10394
10388 10395
10389 10395
10396 10398
10396 10399
10397 10398
10397 10399
10398 10399
10400 10398
10401 10398
10392 10399
10393 10399
10400 10402
10400 10403
10401 10402
10401 10403
10402 10403
10460 10403
10461 10403
10404 10406
10404 10407
10405 10406
10405 10407
10406 10407
10400 10406
10401 10406
10456 10407
10457 10407
10408 10410
10408 10411
10409 10410
10409 10411
10410 10411
10404 10410
10405 10410
10452 10411
10453 10411
10412 10414
10412 10415
10413 10414
10413 10415
10414 10415
10408 10414
10409 10414
10448 10415
10449 10415
10416 10418
10416 10419
10417 10418
10417 10419
10418 10419
10412 10418
10413 10418
10444 10419
10445 10419
10420 10422
10420 10423
10421 10422
10421 10423
10422 10423
10416 10422
10417 10422
10440 10423
10441 10423
10424 10426
10424 10427
10425 10426
10425 10427
10426 10427
10428 10426
10429 10426
10436 10427
10437 10427
10428 10430
10428 10431
10429 10430
10429 10431
10430 10431
10420 10430
10421 10430
10432 10431
10433 10431
10432 10434
10432 10435
10433 10434
10433 10435
10434 10435
10492 10434
10493 10434
10436 10435
10437 10435
10436 10438
10436 10439
10437 10438
10437 10439
10438 10439
10488 10438
10489 10438
10440 10442
10440 10443
10441 10442
10441 10443
10442 10443
10484 10442
10485 10442
10432 10443
10433 10443
10444 10446
10444 10447
10445 10446
10445 10447
10446 10447
10480 10446
10481 10446
10440 10447
10441 10447
10448 10450
10448 10451
10449 10450
10449 10451
10450 10451
10476 10450
10477 10450
10444 10451
10445 10451
10452 10454
10452 10455
10453 10454
10453 10455
10454 10455
10472 10454
10473 10454
10448 10455
10449 10455
10456 10458
10456 10459
10457 10458
10457 10459
10458 10459
10468 10458
10469 10458
10452 10459
10453 10459
10460 10462
10460 10463
10461 10462
10461 10463
10462 10463
10464 10462
10465 10462
10456 10463
10457 10463
10464 10466
10464 10467
10465 10466
10465 10467
10466 10467
10524 10467
10525 10467
10468 10470
10468 10471
10469 10470
10469 10471
10470 10471
10464 10470
10465 10470
10520 10471
10521 10471
10472 10474
10472 10475
10473 10474
10473 10475
10474 10475
10468 10474
10469 10474
10516 10475
10517 10475
10476 10478
10476 10479
10477 10478
10477 10479
10478 10479
10472 10478
10473 10478
10512 10479
10513 10479
10480 10482
10480 10483
10481 10482
10481 10483
10482 10483
10476 10482
10477 10482
10508 10483
10509 10483
10484 10486
10484 10487
10485 10486
10485 10487
10486 10487
10480 10486
10481 10486
10504 10487
10505 10487
10488 10490
10488 10491
10489 10490
10489 10491
10490 10491
10492 10490
10493 10490
10500 10491
10501 10491
10492 10494
10492 10495
10493 10494
10493 10495
10494 10495
10484 10494
10485 10494
10496 10495
10497 10495
10496 10498
10496 10499
10497 10498
10497 10499
10498 10499
10556 10498
10557 10498
10500 10499
10501 10499
10500 10502
10500 10503
10501 10502
10501 10503
10502 10503
10552 10502
10553 10502
10504 10506
10504 10507
10505 10506
10505 10507
10506 10507
10548 10506
10549 10506
10496 10507
10497 10507
10508 10510
10508 10511
10509 10510
10509 10511
10510 10511
10544 10510
10545 10510
10504 10511
10505 10511
10512 10514
10512 10515
10513 10514
10513 10515
10514 10515
10540 10514
10541 10514
10508 10515
10509 10515
10516 10518
10516 10519
10517 10518
10517 10519
10518 10519
10536 10518
10537 10518
10512 10519
10513 10519
10520 10522
10520 10523
10521 10522
10521 10523
10522 10523
10532 10522
10533 10522
10516 10523
10517 10523
10524 10526
10524 10527
10525 10526
10525 10527
10526 10527
10528 10526
10529 10526
10520 10527
10521 10527
10528 10530
10528 10531
10529 10530
10529 10531
10530 10531
10588 10531
10589 10531
10532 10534
10532 10535
10533 10534
10533 10535
10534 10535
10528 10534
10529 10534
10584 10535
10585 10535
10536 10538
10536 10539
10537 10538
10537 10539
10538 10539
10532 10538
10533 10538
10580 10539
10581 10539
10540 10542
10540 10543
10541 10542
10541 10543
10542 10543
10536 10542
10537 10542
10576 10543
10577 10543
10544 10546
10544 10547
10545 10546
10545 10547
10546 10547
10540 10546
10541 10546
10572 10547
10573 10547
10548 10550
10548 10551
10549 10550
10549 10551
10550 10551
10544 10550
10545 10550
10568 10551
10569 10551
10552 10554
10552 10555
10553 10554
10553 10555
10554 10555
10556 10554
10557 10554
10564 10555
10565 10555
10556 10558
10556 10559
10557 10558
10557 10559
10558 10559
10548 10558
10549 10558
10560 10559
10561 10559
10560 10562
10560 10563
10561 10562
10561 10563
10562 10563
10620 10562
10621 10562
10564 10563
10565 10563
10564 10566
10564 10567
10565 10566
10565 10567
10566 10567
10616 10566
10617 10566
10568 10570
10568 10571
10569 10570
10569 10571
10570 10571
10612 10570
10613 10570
10560 10571
10561 10571
10572 10574
10572 10575
10573 10574
10573 10575
10574 10575
10608 10574
10609 10574
10568 10575
10569 10575
10576 10578
10576 10579
10577 10578
10577 10579
10578 10579
10604 10578
10605 10578
10572 10579
10573 10579
10580 10582
10580 10583
10581 10582
10581 10583
10582 10583
10600 10582
10601 10582
10576 10583
10577 10583
10584 10586
10584 10587
10585 10586
10585 10587
10586 10587
10596 10586
10597 10586
10580 10587
10581 10587
10588 10590
10588 10591
10589 10590
10589 10591
10590 10591
10592 10590
10593 10590
10584 10591
10585 10591
10592 10594
10592 10595
10593 10594
10593 10595
10594 10595
10652 10595
10653 10595
10596 10598
10596 10599
10597 10598
10597 10599
10598 10599
10592 10598
10593 10598
10648 10599
10649 10599
10600 10602
10600 10603
10601 10602
10601 10603
10602 10603
10596 10602
10597 10602
10644 10603
10645 10603
10604 10606
10604 10607
10605 10606
10605 10607
10606 10607
10600 10606
10601 10606
10640 10607
10641 10607
10608 10610
10608 10611
10609 10610
10609 10611
10610 10611
10604 10610
10605 10610
10636 10611
10637 10611
10612 10614
10612 10615
10613 10614
10613 10615
10614 10615
10608 10614
10609 10614
10632 10615
10633 10615
10616 10618
10616 10619
10617 10618
10617 10619
10618 10619
10620 10618
10621 10618
10628 10619
10629 10619
10620 10622
10620 10623
10621 10622
10621 10623
10622 10623
10612 10622
10613 10622
10624 10623
10625 10623
10624 10626
10624 10627
10625 10626
10625 10627
10626 10627
10684 10626
10685 10626
10628 10627
10629 10627
10628 10630
10628 10631
10629 10630
10629 10631
10630 10631
10680 10630
10681 10630
10632 10634
10632 10635
10633 10634
10633 10635
10634 10635
10676 10634
10677 10634
10624 10635
10625 10635
10636 10638
10636 10639
10637 10638
10637 10639
10638 10639
10672 10638
10673 10638
10632 10639
10633 10639
10640 10642
10640 10643
10641 10642
10641 10643
10642 10643
10668 10642
10669 10642
10636 10643
10637 10643
10644 10646
10644 10647
10645 10646
10645 10647
10646 10647
10664 10646
10665 10646
10640 10647
10641 10647
10648 10650
10648 10651
10649 10650
10649 10651
10650 10651
10660 10650
10661 10650
10644 10651
10645 10651
10652 10654
10652 10655
10653 10654
10653 10655
10654 10655
10656 10654
10657 10654
10648 10655
10649 10655
10656 10658
10656 10659
10657 10658
10657 10659
10658 10659
10716 10659
10717 10659
10660 10662
10660 10663
10661 10662
10661 10663
10662 10663
10656 10662
10657 10662
10712 10663
10713 10663
10664 10666
10664 10667
10665 10666
10665 10667
10666 10667
10660 10666
10661 10666
10708 10667
10709 10667
10668 10670
10668 10671
10669 10670
10669 10671
10670 10671
10664 10670
10665 10670
10704 10671
10705 10671
10672 10674
10672 10675
10673 10674
10673 10675
10674 10675
10668 10674
10669 10674
10700 10675
10701 10675
10676 10678
10676 10679
10677 10678
10677 10679
10678 10679
10672 10678
10673 10678
10696 10679
10697 10679
10680 10682
10680 10683
10681 10682
10681 10683
10682 10683
10684 10682
10685 10682
10692 10683
10693 10683
10684 10686
10684 10687
10685 10686
10685 10687
10686 10687
10676 10686
10677 10686
10688 10687
10689 10687
10688 10690
10688 10691
10689 10690
10689 10691
10690 10691
10748 10690
10749 10690
10692 10691
10693 10691
10692 10694
10692 10695
10693 10694
10693 10695
10694 10695
10744 10694
10745 10694
10696 10698
10696 10699
10697 10698
10697 10699
10698 10699
10740 10698
10741 10698
10688 10699
10689 10699
10700 10702
10700 10703
10701 10702
10701 10703
10702 10703
10736 10702
10737 10702
10696 10703
10697 10703
10704 10706
10704 10707
10705 10706
10705 10707
10706 10707
10732 10706
10733 10706
10700 10707
10701 10707
10708 10710
10708 10711
10709 10710
10709 10711
10710 10711
10728 10710
10729 10710
10704 10711
10705 10711
10712 10714
10712 10715
10713 10714
10713 10715
10714 10715
10724 10714
10725 10714
10708 10715
10709 10715
10716 10718
10716 10719
10717 10718
10717 10719
10718 10719
10720 10718
10721 10718
10712 10719
10713 10719
10720 10722
10720 10723
10721 10722
10721 10723
10722 10723
10724 10726
10724 10727
10725 10726
10725 10727
10726 10727
10720 10726
10721 10726
10728 10730
10728 10731
10729 10730
10729 10731
10730 10731
10724 10730
10725 10730
10732 10734
10732 10735
10733 10734
10733 10735
10734 10735
10728 10734
10729 10734
10736 10738
10736 10739
10737 10738
10737 10739
10738 10739
10732 10738
10733 10738
10740 10742
10740 10743
10741 10742
10741 10743
10742 10743
10736 10742
10737 10742
10744 10746
10744 10747
10745 10746
10745 10747
10746 10747
10748 10746
10749 10746
10748 10750
10748 10751
10749 10750
10749 10751
10750 10751
10740 10750
10741 10750
10752 10754
10752 10755
10753 10754
10753 10755
10754 10755
10812 10755
10813 10755
10756 10758
10756 10759
10757 10758
10757 10759
10758 10759
10752 10758
10753 10758
10808 10759
10809 10759
10760 10762
10760 10763
10761 10762
10761 10763
10762 10763
10756 10762
10757 10762
10804 10763
10805 10763
10764 10766
10764 10767
10765 10766
10765 10767
10766 10767
10760 10766
10761 10766
10800 10767
10801 10767
10768 10770
10768 10771
10769 10770
10769 10771
10770 10771
10764 10770
10765 10770
10796 10771
10797 10771
10772 10774
10772 10775
10773 10774
10773 10775
10774 10775
10768 10774
10769 10774
10792 10775
10793 10775
10776 10778
10776 10779
10777 10778
10777 10779
10778 10779
10772 10778
10773 10778
10788 10779
10789 10779
10780 10782
10780 10783
10781 10782
10781 10783
10782 10783
10776 10782
10777 10782
10784 10783
10785 10783
10784 10786
10784 10787
10785 10786
10785 10787
10786 10787
10844 10786
10845 10786
10788 10790
10788 10791
10789 10790
10789 10791
10790 10791
10840 10790
10841 10790
10784 10791
10785 10791
10792 10794
10792 10795
10793 10794
10793 10795
10794 10795
10836 10794
10837 10794
10788 10795
10789 10795
10796 10798
10796 10799
10797 10798
10797 10799
10798 10799
10832 10798
10833 10798
10792 10799
10793 10799
10800 10802
10800 10803
10801 10802
10801 10803
10802 10803
10828 10802
10829 10802
10796 10803
10797 10803
10804 10806
10804 10807
10805 10806
10805 10807
10806 10807
10824 10806
10825 10806
10800 10807
10801 10807
10808 10810
10808 10811
10809 10810
10809 10811
10810 10811
10820 10810
10821 10810
10804 10811
10805 10811
10812 10814
10812 10815
10813 10814
10813 10815
10814 10815
10816 10814
10817 10814
10808 10815
10809 10815
10816 10818
10816 10819
10817 10818
10817 10819
10818 10819
10876 10819
10877 10819
10820 10822
10820 10823
10821 10822
10821 10823
10822 10823
10816 10822
10817 10822
10872 10823
10873 10823
10824 10826
10824 10827
10825 10826
10825 10827
10826 10827
10820 10826
10821 10826
10868 10827
10869 10827
10828 10830
10828 10831
10829 10830
10829 10831
10830 10831
10824 10830
10825 10830
10864 10831
10865 10831
10832 10834
10832 10835
10833 10834
10833 10835
10834 10835
10828 10834
10829 10834
10860 10835
10861 10835
10836 10838
10836 10839
10837 10838
10837 10839
10838 10839
10832 10838
10833 10838
10856 10839
10857 10839
10840 10842
10840 10843
10841 10842
10841 10843
10842 10843
10836 10842
10837 10842
10852 10843
10853 10843
10844 10846
10844 10847
10845 10846
10845 10847
10846 10847
10840 10846
10841 10846
10848 10847
10849 10847
10848 10850
10848 10851
10849 10850
10849 10851
10850 10851
10908 10850
10909 10850
10852 10854
10852 10855
10853 10854
10853 10855
10854 10855
10904 10854
10905 10854
10848 10855
10849 10855
10856 10858
10856 10859
10857 10858
10857 10859
10858 10859
10900 10858
10901 10858
10852 10859
10853 10859
10860 10862
10860 10863
10861 10862
10861 10863
10862 10863
10896 10862
10897 10862
10856 10863
10857 10863
10864 10866
10864 10867
10865 10866
10865 10867
10866 10867
10892 10866
10893 10866
10860 10867
10861 10867
10868 10870
10868 10871
10869 10870
10869 10871
10870 10871
10888 10870
10889 10870
10864 10871
10865 10871
10872 10874
10872 10875
10873 10874
10873 10875
10874 10875
10884 10874
10885 10874
10868 10875
10869 10875
10876 10878
10876 10879
10877 10878
10877 10879
10878 10879
10880 10878
10881 10878
10872 10879
10873 10879
10880 10882
10880 10883
10881 10882
10881 10883
10882 10883
10940 10883
10941 10883
10884 10886
10884 10887
10885 10886
10885 10887
10886 10887
10880 10886
10881 10886
10936 10887
10937 10887
10888 10890
10888 10891
10889 10890
10889 10891
10890 10891
10884 10890
10885 10890
10932 10891
10933 10891
10892 10894
10892 10895
10893 10894
10893 10895
10894 10895
10888 10894
10889 10894
10928 10895
10929 10895
10896 10898
10896 10899
10897 10898
10897 10899
10898 10899
10892 10898
10893 10898
10924 10899
10925 10899
10900 10902
10900 10903
10901 10902
10901 10903
10902 10903
10896 10902
10897 10902
10920 10903
10921 10903
10904 10906
10904 10907
10905 10906
10905 10907
10906 10907
10900 10906
10901 10906
10916 10907
10917 10907
10908 10910
10908 10911
10909 10910
10909 10911
10910 10911
10904 10910
10905 10910
10912 10911
10913 10911
10912 10914
10912 10915
10913 10914
10913 10915
10914 10915
10972 10914
10973 10914
10916 10918
10916 10919
10917 10918
10917 10919
10918 10919
10968 10918
10969 10918
10912 10919
10913 10919
10920 10922
10920 10923
10921 10922
10921 10923
10922 10923
10964 10922
10965 10922
10916 10923
10917 10923
10924 10926
10924 10927
10925 10926
10925 10927
10926 10927
10960 10926
10961 10926
10920 10927
10921 10927
10928 10930
10928 10931
10929 10930
10929 10931
10930 10931
10956 10930
10957 10930
10924 10931
10925 10931
10932 10934
10932 10935
10933 10934
10933 10935
10934 10935
10952 10934
10953 10934
10928 10935
10929 10935
10936 10938
10936 10939
10937 10938
10937 10939
10938 10939
10948 10938
10949 10938
10932 10939
10933 10939
10940 10942
10940 10943
10941 10942
10941 10943
10942 10943
10944 10942
10945 10942
10936 10943
10937 10943
10944 10946
10944 10947
10945 10946
10945 10947
10946 10947
11004 10947
11005 10947
10948 10950
10948 10951
10949 10950
10949 10951
10950 10951
10944 10950
10945 10950
11000 10951
11001 10951
10952 10954
10952 10955
10953 10954
10953 10955
10954 10955
10948 10954
10949 10954
10996 10955
10997 10955
10956 10958
10956 10959
10957 10958
10957 10959
10958 10959
10952 10958
10953 10958
10992 10959
10993 10959
10960 10962
10960 10963
10961 10962
10961 10963
10962 10963
10956 10962
10957 10962
10988 10963
10989 10963
10964 10966
10964 10967
10965 10966
10965 10967
10966 10967
10960 10966
10961 10966
10984 10967
10985 10967
10968 10970
10968 10971
10969 10970
10969 10971
10970 10971
10964 10970
10965 10970
10980 10971
10981 10971
10972 10974
10972 10975
10973 10974
10973 10975
10974 10975
10968 10974
10969 10974
10976 10975
10977 10975
10976 10978
10976 10979
10977 10978
10977 10979
10978 10979
11036 10978
11037 10978
10980 10982
10980 10983
10981 10982
10981 10983
10982 10983
11032 10982
11033 10982
10976 10983
10977 10983
10984 10986
10984 10987
10985 10986
10985 10987
10986 10987
11028 10986
11029 10986
10980 10987
10981 10987
10988 10990
10988 10991
10989 10990
10989 10991
10990 10991
11024 10990
11025 10990
10984 10991
10985 10991
10992 10994
10992 10995
10993 10994
10993 10995
10994 10995
11020 10994
11021 10994
10988 10995
10989 10995
10996 10998
10996 10999
10997 10998
10997 10999
10998 10999
11016 10998
11017 10998
10992 10999
10993 10999
11000 11002
11000 11003
11001 11002
11001 11003
11002 11003
11012 11002
11013 11002
10996 11003
10997 11003
11004 11006
11004 11007
11005 11006
11005 11007
11006 11007
11008 11006
11009 11006
11000 11007
11001 11007
11008 11010
11008 11011
11009 11010
11009 11011
11010 11011
11068 11011
11069 11011
11012 11014
11012 11015
11013 11014
11013 11015
11014 11015
11008 11014
11009 11014
11064 11015
11065 11015
11016 11018
11016 11019
11017 11018
11017 11019
11018 11019
11012 11018
11013 11018
11060 11019
11061 11019
11020 11022
11020 11023
11021 11022
11021 11023
11022 11023
11016 11022
11017 11022
11056 11023
11057 11023
11024 11026
11024 11027
11025 11026
11025 11027
11026 11027
11020 11026
11021 11026
11052 11027
11053 11027
11028 11030
11028 11031
11029 11030
11029 11031
11030 11031
11024 11030
11025 11030
11048 11031
11049 11031
11032 11034
11032 11035
11033 11034
11033 11035
11034 11035
11028 11034
11029 11034
11044 11035
11045 11035
11036 11038
11036 11039
11037 11038
11037 11039
11038 11039
11032 11038
11033 11038
11040 11039
11041 11039
11040 11042
11040 11043
11041 11042
11041 11043
11042 11043
11100 11042
11101 11042
11044 11046
11044 11047
11045 11046
11045 11047
11046 11047
11096 11046
11097 11046
11040 11047
11041 11047
11048 11050
11048 11051
11049 11050
11049 11051
11050 11051
11092 11050
11093 11050
11044 11051
11045 11051
11052 11054
11052 11055
11053 11054
11053 11055
11054 11055
11088 11054
11089 11054
11048 11055
11049 11055
11056 11058
11056 11059
11057 11058
11057 11059
11058 11059
11084 11058
11085 11058
11052 11059
11053 11059
11060 11062
11060 11063
11061 11062
11061 11063
11062 11063
11080 11062
11081 11062
11056 11063
11057 11063
11064 11066
11064 11067
11065 11066
11065 11067
11066 11067
11076 11066
11077 11066
11060 11067
11061 11067
11068 11070
11068 11071
11069 11070
11069 11071
11070 11071
11072 11070
11073 11070
11064 11071
11065 11071
11072 11074
11072 11075
11073 11074
11073 11075
11074 11075
11132 11075
11133 11075
11076 11078
11076 11079
11077 11078
11077 11079
11078 11079
11072 11078
11073 11078
11128 11079
11129 11079
11080 11082
11080 11083
11081 11082
11081 11083
11082 11083
11076 11082
11077 11082
11124 11083
11125 11083
11084 11086
11084 11087
11085 11086
11085 11087
11086 11087
11080 11086
11081 11086
11120 11087
11121 11087
11088 11090
11088 11091
11089 11090
11089 11091
11090 11091
11084 11090
11085 11090
11116 11091
11117 11091
11092 11094
11092 11095
11093 11094
11093 11095
11094 11095
11088 11094
11089 11094
11112 11095
11113 11095
11096 11098
11096 11099
11097 11098
11097 11099
11098 11099
11092 11098
11093 11098
11108 11099
11109 11099
11100 11102
11100 11103
11101 11102
11101 11103
11102 11103
11096 11102
11097 11102
11104 11103
11105 11103
11104 11106
11104 11107
11105 11106
11105 11107
11106 11107
11164 11106
11165 11106
11108 11110
11108 11111
11109 11110
11109 11111
11110 11111
11160 11110
11161 11110
11104 11111
11105 11111
11112 11114
11112 11115
11113 11114
11113 11115
11114 11115
11156 11114
11157 11114
11108 11115
11109 11115
11116 11118
11116 11119
11117 11118
11117 11119
11118 11119
11152 11118
11153 11118
11112 11119
11113 11119
11120 11122
11120 11123
11121 11122
11121 11123
11122 11123
11148 11122
11149 11122
11116 11123
11117 11123
11124 11126
11124 11127
11125 11126
11125 11127
11126 11127
11144 11126
11145 11126
11120 11127
11121 11127
11128 11130
11128 11131
11129 11130
11129 11131
11130 11131
11140 11130
11141 11130
11124 11131
11125 11131
11132 11134
11132 11135
11133 11134
11133 11135
11134 11135
11136 11134
11137 11134
11128 11135
11129 11135
11136 11138
11136 11139
11137 11138
11137 11139
11138 11139
11196 11139
11197 11139
11140 11142
11140 11143
11141 11142
11141 11143
11142 11143
11136 11142
11137 11142
11192 11143
11193 11143
11144 11146
11144 11147
11145 11146
11145 11147
11146 11147
11140 11146
11141 11146
11188 11147
11189 11147
11148 11150
11148 11151
11149 11150
11149 11151
11150 11151
11144 11150
11145 11150
11184 11151
11185 11151
11152 11154
11152 11155
11153 11154
11153 11155
11154 11155
11148 11154
11149 11154
11180 11155
11181 11155
11156 11158
11156 11159
11157 11158
11157 11159
11158 11159
11152 11158
11153 11158
11176 11159
11177 11159
11160 11162
11160 11163
11161 11162
11161 11163
11162 11163
11156 11162
11157 11162
11172 11163
11173 11163
11164 11166
11164 11167
11165 11166
11165 11167
11166 11167
11160 11166
11161 11166
11168 11167
11169 11167
11168 11170
11168 11171
11169 11170
11169 11171
11170 11171
11228 11170
11229 11170
11172 11174
11172 11175
11173 11174
11173 11175
11174 11175
11224 11174
11225 11174
11168 11175
11169 11175
11176 11178
11176 11179
11177 11178
11177 11179
11178 11179
11220 11178
11221 11178
11172 11179
11173 11179
11180 11182
11180 11183
11181 11182
11181 11183
11182 11183
11216 11182
11217 11182
11176 11183
11177 11183
11184 11186
11184 11187
11185 11186
11185 11187
11186 11187
11212 11186
11213 11186
11180 11187
11181 11187
11188 11190
11188 11191
11189 11190
11189 11191
11190 11191
11208 11190
11209 11190
11184 11191
11185 11191
11192 11194
11192 11195
11193 11194
11193 11195
11194 11195
11204 11194
11205 11194
11188 11195
11189 11195
11196 11198
11196 11199
11197 11198
11197 11199
11198 11199
11200 11198
11201 11198
11192 11199
11193 11199
11200 11202
11200 11203
11201 11202
11201 11203
11202 11203
11260 11203
11261 11203
11204 11206
11204 11207
11205 11206
11205 11207
11206 11207
11200 11206
11201 11206
11256 11207
11257 11207
11208 11210
11208 11211
11209 11210
11209 11211
11210 11211
11204 11210
11205 11210
11252 11211
11253 11211
11212 11214
11212 11215
11213 11214
11213 11215
11214 11215
11208 11214
11209 11214
11248 11215
11249 11215
11216 11218
11216 11219
11217 11218
11217 11219
11218 11219
11212 11218
11213 11218
11244 11219
11245 11219
11220 11222
11220 11223
11221 11222
11221 11223
11222 11223
11216 11222
11217 11222
11240 11223
11241 11223
11224 11226
11224 11227
11225 11226
11225 11227
11226 11227
11220 11226
11221 11226
11236 11227
11237 11227
11228 11230
11228 11231
11229 11230
11229 11231
11230 11231
11224 11230
11225 11230
11232 11231
11233 11231
11232 11234
11232 11235
11233 11234
11233 11235
11234 11235
11292 11234
11293 11234
11236 11238
11236 11239
11237 11238
11237 11239
11238 11239
11288 11238
11289 11238
11232 11239
11233 11239
11240 11242
11240 11243
11241 11242
11241 11243
11242 11243
11284 11242
11285 11242
11236 11243
11237 11243
11244 11246
11244 11247
11245 11246
11245 11247
11246 11247
11280 11246
11281 11246
11240 11247
11241 11247
11248 11250
11248 11251
11249 11250
11249 11251
11250 11251
11276 11250
11277 11250
11244 11251
11245 11251
11252 11254
11252 11255
11253 11254
11253 11255
11254 11255
11272 11254
11273 11254
11248 11255
11249 11255
11256 11258
11256 11259
11257 11258
11257 11259
11258 11259
11268 11258
11269 11258
11252 11259
11253 11259
11260 11262
11260 11263
11261 11262
11261 11263
11262 11263
11264 11262
11265 11262
11256 11263
11257 11263
11264 11266
11264 11267
11265 11266
11265 11267
11266 11267
11324 11267
11325 11267
11268 11270
11268 11271
11269 11270
11269 11271
11270 11271
11264 11270
11265 11270
11320 11271
11321 11271
11272 11274
11272 11275
11273 11274
11273 11275
11274 11275
11268 11274
11269 11274
11316 11275
11317 11275
11276 11278
11276 11279
11277 11278
11277 11279
11278 11279
11272 11278
11273 11278
11312 11279
11313 11279
11280 11282
11280 11283
11281 11282
11281 11283
11282 11283
11276 11282
11277 11282
11308 11283
11309 11283
11284 11286
11284 11287
11285 11286
11285 11287
11286 11287
11280 11286
11281 11286
11304 11287
11305 11287
11288 11290
11288 11291
11289 11290
11289 11291
11290 11291
11284 11290
11285 11290
11296 11291
11297 11291
11292 11294
11292 11295
11293 11294
11293 11295
11294 11295
11288 11294
11289 11294
11300 11295
11301 11295
11296 11298
11296 11299
11297 11298
11297 11299
11298 11299
11356 11298
11357 11298
11300 11299
11301 11299
11300 11302
11300 11303
11301 11302
11301 11303
11302 11303
11352 11302
11353 11302
11304 11306
11304 11307
11305 11306
11305 11307
11306 11307
11348 11306
11349 11306
11296 11307
11297 11307
11308 11310
11308 11311
11309 11310
11309 11311
11310 11311
11344 11310
11345 11310
11304 11311
11305 11311
11312 11314
11312 11315
11313 11314
11313 11315
11314 11315
11340 11314
11341 11314
11308 11315
11309 11315
11316 11318
11316 11319
11317 11318
11317 11319
11318 11319
11336 11318
11337 11318
11312 11319
11313 11319
11320 11322
11320 11323
11321 11322
11321 11323
11322 11323
11332 11322
11333 11322
11316 11323
11317 11323
11324 11326
11324 11327
11325 11326
11325 11327
11326 11327
11328 11326
11329 11326
11320 11327
11321 11327
11328 11330
11328 11331
11329 11330
11329 11331
11330 11331
11388 11331
11389 11331
11332 11334
11332 11335
11333 11334
11333 11335
11334 11335
11328 11334
11329 11334
11384 11335
11385 11335
11336 11338
11336 11339
11337 11338
11337 11339
11338 11339
11332 11338
11333 11338
11380 11339
11381 11339
11340 11342
11340 11343
11341 11342
11341 11343
11342 11343
11336 11342
11337 11342
11376 11343
11377 11343
11344 11346
11344 11347
11345 11346
11345 11347
11346 11347
11340 11346
11341 11346
11372 11347
11373 11347
11348 11350
11348 11351
11349 11350
11349 11351
11350 11351
11344 11350
11345 11350
11368 11351
11369 11351
11352 11354
11352 11355
11353 11354
11353 11355
11354 11355
11356 11354
11357 11354
11364 11355
11365 11355
11356 11358
11356 11359
11357 11358
11357 11359
11358 11359
11348 11358
11349 11358
11360 11359
11361 11359
11360 11362
11360 11363
11361 11362
11361 11363
11362 11363
11420 11362
11421 11362
11364 11363
11365 11363
11364 11366
11364 11367
11365 11366
11365 11367
11366 11367
11416 11366
11417 11366
11368 11370
11368 11371
11369 11370
11369 11371
11370 11371
11412 11370
11413 11370
11360 11371
11361 11371
11372 11374
11372 11375
11373 11374
11373 11375
11374 11375
11408 11374
11409 11374
11368 11375
11369 11375
11376 11378
11376 11379
11377 11378
11377 11379
11378 11379
11404 11378
11405 11378
11372 11379
11373 11379
11380 11382
11380 11383
11381 11382
11381 11383
11382 11383
11400 11382
11401 11382
11376 11383
11377 11383
11384 11386
11384 11387
11385 11386
11385 11387
11386 11387
11396 11386
11397 11386
11380 11387
11381 11387
11388 11390
11388 11391
11389 11390
11389 11391
11390 11391
11392 11390
11393 11390
11384 11391
11385 11391
11392 11394
11392 11395
11393 11394
11393 11395
11394 11395
11452 11395
11453 11395
11396 11398
11396 11399
11397 11398
11397 11399
11398 11399
11392 11398
11393 11398
11448 11399
11449 11399
11400 11402
11400 11403
11401 11402
11401 11403
11402 11403
11396 11402
11397 11402
11444 11403
11445 11403
11404 11406
11404 11407
11405 11406
11405 11407
11406 11407
11400 11406
11401 11406
11440 11407
11441 11407
11408 11410
11408 11411
11409 11410
11409 11411
11410 11411
11404 11410
11405 11410
11436 11411
11437 11411
11412 11414
11412 11415
11413 11414
11413 11415
11414 11415
11408 11414
11409 11414
11432 11415
11433 11415
11416 11418
11416 11419
11417 11418
11417 11419
11418 11419
11420 11418
11421 11418
11428 11419
11429 11419
11420 11422
11420 11423
11421 11422
11421 11423
11422 11423
11412 11422
11413 11422
11424 11423
11425 11423
11424 11426
11424 11427
11425 11426
11425 11427
11426 11427
11484 11426
11485 11426
11428 11427
11429 11427
11428 11430
11428 11431
11429 11430
11429 11431
11430 11431
11480 11430
11481 11430
11432 11434
11432 11435
11433 11434
11433 11435
11434 11435
11476 11434
11477 11434
11424 11435
11425 11435
11436 11438
11436 11439
11437 11438
11437 11439
11438 11439
11472 11438
11473 11438
11432 11439
11433 11439
11440 11442
11440 11443
11441 11442
11441 11443
11442 11443
11468 11442
11469 11442
11436 11443
11437 11443
11444 11446
11444 11447
11445 11446
11445 11447
11446 11447
11464 11446
11465 11446
11440 11447
11441 11447
11448 11450
11448 11451
11449 11450
11449 11451
11450 11451
11460 11450
11461 11450
11444 11451
11445 11451
11452 11454
11452 11455
11453 11454
11453 11455
11454 11455
11456 11454
11457 11454
11448 11455
11449 11455
11456 11458
11456 11459
11457 11458
11457 11459
11458 11459
11516 11459
11517 11459
11460 11462
11460 11463
11461 11462
11461 11463
11462 11463
11456 11462
11457 11462
11512 11463
11513 11463
11464 11466
11464 11467
11465 11466
11465 11467
11466 11467
11460 11466
11461 11466
11508 11467
11509 11467
11468 11470
11468 11471
11469 11470
11469 11471
11470 11471
11464 11470
11465 11470
11504 11471
11505 11471
11472 11474
11472 11475
11473 11474
11473 11475
11474 11475
11468 11474
11469 11474
11500 11475
11501 11475
11476 11478
11476 11479
11477 11478
11477 11479
11478 11479
11472 11478
11473 11478
11496 11479
11497 11479
11480 11482
11480 11483
11481 11482
11481 11483
11482 11483
11484 11482
11485 11482
11492 11483
11493 11483
11484 11486
11484 11487
11485 11486
11485 11487
11486 11487
11476 11486
11477 11486
11488 11487
11489 11487
11488 11490
11488 11491
11489 11490
11489 11491
11490 11491
11548 11490
11549 11490
11492 11491
11493 11491
11492 11494
11492 11495
11493 11494
11493 11495
11494 11495
11544 11494
11545 11494
11496 11498
11496 11499
11497 11498
11497 11499
11498 11499
11540 11498
11541 11498
11488 11499
11489 11499
11500 11502
11500 11503
11501 11502
11501 11503
11502 11503
11536 11502
11537 11502
11496 11503
11497 11503
11504 11506
11504 11507
11505 11506
11505 11507
11506 11507
11532 11506
11533 11506
11500 11507
11501 11507
11508 11510
11508 11511
11509 11510
11509 11511
11510 11511
11528 11510
11529 11510
11504 11511
11505 11511
11512 11514
11512 11515
11513 11514
11513 11515
11514 11515
11524 11514
11525 11514
11508 11515
11509 11515
11516 11518
11516 11519
11517 11518
11517 11519
11518 11519
11520 11518
11521 11518
11512 11519
11513 11519
11520 11522
11520 11523
11521 11522
11521 11523
11522 11523
11580 11523
11581 11523
11524 11526
11524 11527
11525 11526
11525 11527
11526 11527
11520 11526
11521 11526
11576 11527
11577 11527
11528 11530
11528 11531
11529 11530
11529 11531
11530 11531
11524 11530
11525 11530
11572 11531
11573 11531
11532 11534
11532 11535
11533 11534
11533 11535
11534 11535
11528 11534
11529 11534
11568 11535
11569 11535
11536 11538
11536 11539
11537 11538
11537 11539
11538 11539
11532 11538
11533 11538
11564 11539
11565 11539
11540 11542
11540 11543
11541 11542
11541 11543
11542 11543
11536 11542
11537 11542
11560 11543
11561 11543
11544 11546
11544 11547
11545 11546
11545 11547
11546 11547
11548 11546
11549 11546
11556 11547
11557 11547
11548 11550
11548 11551
11549 11550
11549 11551
11550 11551
11540 11550
11541 11550
11552 11551
11553 11551
11552 11554
11552 11555
11553 11554
11553 11555
11554 11555
11612 11554
11613 11554
11556 11555
11557 11555
11556 11558
11556 11559
11557 11558
11557 11559
11558 11559
11608 11558
11609 11558
11560 11562
11560 11563
11561 11562
11561 11563
11562 11563
11604 11562
11605 11562
11552 11563
11553 11563
11564 11566
11564 11567
11565 11566
11565 11567
11566 11567
11600 11566
11601 11566
11560 11567
11561 11567
11568 11570
11568 11571
11569 11570
11569 11571
11570 11571
11596 11570
11597 11570
11564 11571
11565 11571
11572 11574
11572 11575
11573 11574
11573 11575
11574 11575
11592 11574
11593 11574
11568 11575
11569 11575
11576 11578
11576 11579
11577 11578
11577 11579
11578 11579
11588 11578
11589 11578
11572 11579
11573 11579
11580 11582
11580 11583
11581 11582
11581 11583
11582 11583
11584 11582
11585 11582
11576 11583
11577 11583
11584 11586
11584 11587
11585 11586
11585 11587
11586 11587
11644 11587
11645 11587
11588 11590
11588 11591
11589 11590
11589 11591
11590 11591
11584 11590
11585 11590
11640 11591
11641 11591
11592 11594
11592 11595
11593 11594
11593 11595
11594 11595
11588 11594
11589 11594
11636 11595
11637 11595
11596 11598
11596 11599
11597 11598
11597 11599
11598 11599
11592 11598
11593 11598
11632 11599
11633 11599
11600 11602
11600 11603
11601 11602
11601 11603
11602 11603
11596 11602
11597 11602
11628 11603
11629 11603
11604 11606
11604 11607
11605 11606
11605 11607
11606 11607
11600 11606
11601 11606
11624 11607
11625 11607
11608 11610
11608 11611
11609 11610
11609 11611
11610 11611
11612 11610
11613 11610
11620 11611
11621 11611
11612 11614
11612 11615
11613 11614
11613 11615
11614 11615
11604 11614
11605 11614
11616 11615
11617 11615
11616 11618
11616 11619
11617 11618
11617 11619
11618 11619
11676 11618
11677 11618
11620 11619
11621 11619
11620 11622
11620 11623
11621 11622
11621 11623
11622 11623
11672 11622
11673 11622
11624 11626
11624 11627
11625 11626
11625 11627
11626 11627
11668 11626
11669 11626
11616 11627
11617 11627
11628 11630
11628 11631
11629 11630
11629 11631
11630 11631
11664 11630
11665 11630
11624 11631
11625 11631
11632 11634
11632 11635
11633 11634
11633 11635
11634 11635
11660 11634
11661 11634
11628 11635
11629 11635
11636 11638
11636 11639
11637 11638
11637 11639
11638 11639
11656 11638
11657 11638
11632 11639
11633 11639
11640 11642
11640 11643
11641 11642
11641 11643
11642 11643
11652 11642
11653 11642
11636 11643
11637 11643
11644 11646
11644 11647
11645 11646
11645 11647
11646 11647
11648 11646
11649 11646
11640 11647
11641 11647
11648 11650
11648 11651
11649 11650
11649 11651
11650 11651
11708 11651
11709 11651
11652 11654
11652 11655
11653 11654
11653 11655
11654 11655
11648 11654
11649 11654
11704 11655
11705 11655
11656 11658
11656 11659
11657 11658
11657 11659
11658 11659
11652 11658
11653 11658
11700 11659
11701 11659
11660 11662
11660 11663
11661 11662
11661 11663
11662 11663
11656 11662
11657 11662
11696 11663
11697 11663
11664 11666
11664 11667
11665 11666
11665 11667
11666 11667
11660 11666
11661 11666
11692 11667
11693 11667
11668 11670
11668 11671
11669 11670
11669 11671
11670 11671
11664 11670
11665 11670
11688 11671
11689 11671
11672 11674
11672 11675
11673 11674
11673 11675
11674 11675
11676 11674
11677 11674
11684 11675
11685 11675
11676 11678
11676 11679
11677 11678
11677 11679
11678 11679
11668 11678
11669 11678
11680 11679
11681 11679
11680 11682
11680 11683
11681 11682
11681 11683
11682 11683
11740 11682
11741 11682
11684 11683
11685 11683
11684 11686
11684 11687
11685 11686
11685 11687
11686 11687
11736 11686
11737 11686
11688 11690
11688 11691
11689 11690
11689 11691
11690 11691
11732 11690
11733 11690
11680 11691
11681 11691
11692 11694
11692 11695
11693 11694
11693 11695
11694 11695
11728 11694
11729 11694
11688 11695
11689 11695
11696 11698
11696 11699
11697 11698
11697 11699
11698 11699
11724 11698
11725 11698
11692 11699
11693 11699
11700 11702
11700 11703
11701 11702
11701 11703
11702 11703
11720 11702
11721 11702
11696 11703
11697 11703
11704 11706
11704 11707
11705 11706
11705 11707
11706 11707
11716 11706
11717 11706
11700 11707
11701 11707
11708 11710
11708 11711
11709 11710
11709 11711
11710 11711
11712 11710
11713 11710
11704 11711
11705 11711
11712 11714
11712 11715
11713 11714
11713 11715
11714 11715
11772 11715
11773 11715
11716 11718
11716 11719
11717 11718
11717 11719
11718 11719
11712 11718
11713 11718
11768 11719
11769 11719
11720 11722
11720 11723
11721 11722
11721 11723
11722 11723
11716 11722
11717 11722
11764 11723
11765 11723
11724 11726
11724 11727
11725 11726
11725 11727
11726 11727
11720 11726
11721 11726
11760 11727
11761 11727
11728 11730
11728 11731
11729 11730
11729 11731
11730 11731
11724 11730
11725 11730
11756 11731
11757 11731
11732 11734
11732 11735
11733 11734
11733 11735
11734 11735
11728 11734
11729 11734
11752 11735
11753 11735
11736 11738
11736 11739
11737 11738
11737 11739
11738 11739
11740 11738
11741 11738
11748 11739
11749 11739
11740 11742
11740 11743
11741 11742
11741 11743
11742 11743
11732 11742
11733 11742
11744 11743
11745 11743
11744 11746
11744 11747
11745 11746
11745 11747
11746 11747
11804 11746
11805 11746
11748 11747
11749 11747
11748 11750
11748 11751
11749 11750
11749 11751
11750 11751
11800 11750
11801 11750
11752 11754
11752 11755
11753 11754
11753 11755
11754 11755
11796 11754
11797 11754
11744 11755
11745 11755
11756 11758
11756 11759
11757 11758
11757 11759
11758 11759
11792 11758
11793 11758
11752 11759
11753 11759
11760 11762
11760 11763
11761 11762
11761 11763
11762 11763
11788 11762
11789 11762
11756 11763
11757 11763
11764 11766
11764 11767
11765 11766
11765 11767
11766 11767
11784 11766
11785 11766
11760 11767
11761 11767
11768 11770
11768 11771
11769 11770
11769 11771
11770 11771
11780 11770
11781 11770
11764 11771
11765 11771
11772 11774
11772 11775
11773 11774
11773 11775
11774 11775
11776 11774
11777 11774
11768 11775
11769 11775
11776 11778
11776 11779
11777 11778
11777 11779
11778 11779
11780 11782
11780 11783
11781 11782
11781 11783
11782 11783
11776 11782
11777 11782
11784 11786
11784 11787
11785 11786
11785 11787
11786 11787
11780 11786
11781 11786
11788 11790
11788 11791
11789 11790
11789 11791
11790 11791
11784 11790
11785 11790
11792 11794
11792 11795
11793 11794
11793 11795
11794 11795
11788 11794
11789 11794
11796 11798
11796 11799
11797 11798
11797 11799
11798 11799
11792 11798
11793 11798
11800 11802
11800 11803
11801 11802
11801 11803
11802 11803
11804 11802
11805 11802
11804 11806
11804 11807
11805 11806
11805 11807
11806 11807
11796 11806
11797 11806
11808 11810
11808 11811
11809 11810
11809 11811
11810 11811
11868 11811
11869 11811
11812 11814
11812 11815
11813 11814
11813 11815
11814 11815
11808 11814
11809 11814
11864 11815
11865 11815
11816 11818
11816 11819
11817 11818
11817 11819
11818 11819
11812 11818
11813 11818
11860 11819
11861 11819
11820 11822
11820 11823
11821 11822
11821 11823
11822 11823
11816 11822
11817 11822
11856 11823
11857 11823
11824 11826
11824 11827
11825 11826
11825 11827
11826 11827
11820 11826
11821 11826
11852 11827
11853 11827
11828 11830
11828 11831
11829 11830
11829 11831
11830 11831
11824 11830
11825 11830
11848 11831
11849 11831
11832 11834
11832 11835
11833 11834
11833 11835
11834 11835
11828 11834
11829 11834
11844 11835
11845 11835
11836 11838
11836 11839
11837 11838
11837 11839
11838 11839
11832 11838
11833 11838
11840 11839
11841 11839
11840 11842
11840 11843
11841 11842
11841 11843
11842 11843
11900 11842
11901 11842
11844 11846
11844 11847
11845 11846
11845 11847
11846 11847
11896 11846
11897 11846
11840 11847
11841 11847
11848 11850
11848 11851
11849 11850
11849 11851
11850 11851
11892 11850
11893 11850
11844 11851
11845 11851
11852 11854
11852 11855
11853 11854
11853 11855
11854 11855
11888 11854
11889 11854
11848 11855
11849 11855
11856 11858
11856 11859
11857 11858
11857 11859
11858 11859
11884 11858
11885 11858
11852 11859
11853 11859
11860 11862
11860 11863
11861 11862
11861 11863
11862 11863
11880 11862
11881 11862
11856 11863
11857 11863
11864 11866
11864 11867
11865 11866
11865 11867
11866 11867
11876 11866
11877 11866
11860 11867
11861 11867
11868 11870
11868 11871
11869 11870
11869 11871
11870 11871
11872 11870
11873 11870
11864 11871
11865 11871
11872 11874
11872 11875
11873 11874
11873 11875
11874 11875
11932 11875
11933 11875
11876 11878
11876 11879
11877 11878
11877 11879
11878 11879
11872 11878
11873 11878
11928 11879
11929 11879
11880 11882
11880 11883
11881 11882
11881 11883
11882 11883
11876 11882
11877 11882
11924 11883
11925 11883
11884 11886
11884 11887
11885 11886
11885 11887
11886 11887
11880 11886
11881 11886
11920 11887
11921 11887
11888 11890
11888 11891
11889 11890
11889 11891
11890 11891
11884 11890
11885 11890
11916 11891
11917 11891
11892 11894
11892 11895
11893 11894
11893 11895
11894 11895
11888 11894
11889 11894
11912 11895
11913 11895
11896 11898
11896 11899
11897 11898
11897 11899
11898 11899
11892 11898
11893 11898
11908 11899
11909 11899
11900 11902
11900 11903
11901 11902
11901 11903
11902 11903
11896 11902
11897 11902
11904 11903
11905 11903
11904 11906
11904 11907
11905 11906
11905 11907
11906 11907
11964 11906
11965 11906
11908 11910
11908 11911
11909 11910
11909 11911
11910 11911
11960 11910
11961 11910
11904 11911
11905 11911
11912 11914
11912 11915
11913 11914
11913 11915
11914 11915
11956 11914
11957 11914
11908 11915
11909 11915
11916 11918
11916 11919
11917 11918
11917 11919
11918 11919
11952 11918
11953 11918
11912 11919
11913 11919
11920 11922
11920 11923
11921 11922
11921 11923
11922 11923
11948 11922
11949 11922
11916 11923
11917 11923
11924 11926
11924 11927
11925 11926
11925 11927
11926 11927
11944 11926
11945 11926
11920 11927
11921 11927
11928 11930
11928 11931
11929 11930
11929 11931
11930 11931
11940 11930
11941 11930
11924 11931
11925 11931
11932 11934
11932 11935
11933 11934
11933 11935
11934 11935
11936 11934
11937 11934
11928 11935
11929 11935
11936 11938
11936 11939
11937 11938
11937 11939
11938 11939
11996 11939
11997 11939
11940 11942
11940 11943
11941 11942
11941 11943
11942 11943
11936 11942
11937 11942
11992 11943
11993 11943
11944 11946
11944 11947
11945 11946
11945 11947
11946 11947
11940 11946
11941 11946
11988 11947
11989 11947
11948 11950
11948 11951
11949 11950
11949 11951
11950 11951
11944 11950
11945 11950
11984 11951
11985 11951
11952 11954
11952 11955
11953 11954
11953 11955
11954 11955
11948 11954
11949 11954
11980 11955
11981 11955
11956 11958
11956 11959
11957 11958
11957 11959
11958 11959
11952 11958
11953 11958
11976 11959
11977 11959
11960 11962
11960 11963
11961 11962
11961 11963
11962 11963
11956 11962
11957 11962
11972 11963
11973 11963
11964 11966
11964 11967
11965 11966
11965 11967
11966 11967
11960 11966
11961 11966
11968 11967
11969 11967
11968 11970
11968 11971
11969 11970
11969 11971
11970 11971
12028 11970
12029 11970
11972 11974
11972 11975
11973 11974
11973 11975
11974 11975
12024 11974
12025 11974
11968 11975
11969 11975
11976 11978
11976 11979
11977 11978
11977 11979
11978 11979
12020 11978
12021 11978
11972 11979
11973 11979
11980 11982
11980 11983
11981 11982
11981 11983
11982 11983
12016 11982
12017 11982
11976 11983
11977 11983
11984 11986
11984 11987
11985 11986
11985 11987
11986 11987
12012 11986
12013 11986
11980 11987
11981 11987
11988 11990
11988 11991
11989 11990
11989 11991
11990 11991
12008 11990
12009 11990
11984 11991
11985 11991
11992 11994
11992 11995
11993 11994
11993 11995
11994 11995
12004 11994
12005 11994
11988 11995
11989 11995
11996 11998
11996 11999
11997 11998
11997 11999
11998 11999
12000 11998
12001 11998
11992 11999
11993 11999
12000 12002
12000 12003
12001 12002
12001 12003
12002 12003
12060 12003
12061 12003
12004 12006
12004 12007
12005 12006
12005 12007
12006 12007
12000 12006
12001 12006
12056 12007
12057 12007
12008 12010
12008 12011
12009 12010
12009 12011
12010 12011
12004 12010
12005 12010
12052 12011
12053 12011
12012 12014
12012 12015
12013 12014
12013 12015
12014 12015
12008 12014
12009 12014
12048 12015
12049 12015
12016 12018
12016 12019
12017 12018
12017 12019
12018 12019
12012 12018
12013 12018
12044 12019
12045 12019
12020 12022
12020 12023
12021 12022
12021 12023
12022 12023
12016 12022
12017 12022
12040 12023
12041 12023
12024 12026
12024 12027
12025 12026
12025 12027
12026 12027
12020 12026
12021 12026
12036 12027
12037 12027
12028 12030
12028 12031
12029 12030
12029 12031
12030 12031
12024 12030
12025 12030
12032 12031
12033 12031
12032 12034
12032 12035
12033 12034
12033 12035
12034 12035
12092 12034
12093 12034
12036 12038
12036 12039
12037 12038
12037 12039
12038 12039
12088 12038
12089 12038
12032 12039
12033 12039
12040 12042
12040 12043
12041 12042
12041 12043
12042 12043
12084 12042
12085 12042
12036 12043
12037 12043
12044 12046
12044 12047
12045 12046
12045 12047
12046 12047
12080 12046
12081 12046
12040 12047
12041 12047
12048 12050
12048 12051
12049 12050
12049 12051
12050 12051
12076 12050
12077 12050
12044 12051
12045 12051
12052 12054
12052 12055
12053 12054
12053 12055
12054 12055
12072 12054
12073 12054
12048 12055
12049 12055
12056 12058
12056 12059
12057 12058
12057 12059
12058 12059
12068 12058
12069 12058
12052 12059
12053 12059
12060 12062
12060 12063
12061 12062
12061 12063
12062 12063
12064 12062
12065 12062
12056 12063
12057 12063
12064 12066
12064 12067
12065 12066
12065 12067
12066 12067
12124 12067
12125 12067
12068 12070
12068 12071
12069 12070
12069 12071
12070 12071
12064 12070
12065 12070
12120 12071
12121 12071
12072 12074
12072 12075
12073 12074
12073 12075
12074 12075
12068 12074
12069 12074
12116 12075
12117 12075
12076 12078
12076 12079
12077 12078
12077 12079
12078 12079
12072 12078
12073 12078
12112 12079
12113 12079
12080 12082
12080 12083
12081 12082
12081 12083
12082 12083
12076 12082
12077 12082
12108 12083
12109 12083
12084 12086
12084 12087
12085 12086
12085 12087
12086 12087
12080 12086
12081 12086
12104 12087
12105 12087
12088 12090
12088 12091
12089 12090
12089 12091
12090 12091
12084 12090
12085 12090
12100 12091
12101 12091
12092 12094
12092 12095
12093 12094
12093 12095
12094 12095
12088 12094
12089 12094
12096 12095
12097 12095
12096 12098
12096 12099
12097 12098
12097 12099
12098 12099
12156 12098
12157 12098
12100 12102
12100 12103
12101 12102
12101 12103
12102 12103
12152 12102
12153 12102
12096 12103
12097 12103
12104 12106
12104 12107
12105 12106
12105 12107
12106 12107
12148 12106
12149 12106
12100 12107
12101 12107
12108 12110
12108 12111
12109 12110
12109 12111
12110 12111
12144 12110
12145 12110
12104 12111
12105 12111
12112 12114
12112 12115
12113 12114
12113 12115
12114 12115
12140 12114
12141 12114
12108 12115
12109 12115
12116 12118
12116 12119
12117 12118
12117 12119
12118 12119
12136 12118
12137 12118
12112 12119
12113 12119
12120 12122
12120 12123
12121 12122
12121 12123
12122 12123
12132 12122
12133 12122
12116 12123
12117 12123
12124 12126
12124 12127
12125 12126
12125 12127
12126 12127
12128 12126
12129 12126
12120 12127
12121 12127
12128 12130
12128 12131
12129 12130
12129 12131
12130 12131
12188 12131
12189 12131
12132 12134
12132 12135
12133 12134
12133 12135
12134 12135
12128 12134
12129 12134
12184 12135
12185 12135
12136 12138
12136 12139
12137 12138
12137 12139
12138 12139
12132 12138
12133 12138
12180 12139
12181 12139
12140 12142
12140 12143
12141 12142
12141 12143
12142 12143
12136 12142
12137 12142
12176 12143
12177 12143
12144 12146
12144 12147
12145 12146
12145 12147
12146 12147
12140 12146
12141 12146
12172 12147
12173 12147
12148 12150
12148 12151
12149 12150
12149 12151
12150 12151
12144 12150
12145 12150
12168 12151
12169 12151
12152 12154
12152 12155
12153 12154
12153 12155
12154 12155
12148 12154
12149 12154
12164 12155
12165 12155
12156 12158
12156 12159
12157 12158
12157 12159
12158 12159
12152 12158
12153 12158
12160 12159
12161 12159
12160 12162
12160 12163
12161 12162
12161 12163
12162 12163
12220 12162
12221 12162
12164 12166
12164 12167
12165 12166
12165 12167
12166 12167
12216 12166
12217 12166
12160 12167
12161 12167
12168 12170
12168 12171
12169 12170
12169 12171
12170 12171
12212 12170
12213 12170
12164 12171
12165 12171
12172 12174
12172 12175
12173 12174
12173 12175
12174 12175
12208 12174
12209 12174
12168 12175
12169 12175
12176 12178
12176 12179
12177 12178
12177 12179
12178 12179
12204 12178
12205 12178
12172 12179
12173 12179
12180 12182
12180 12183
12181 12182
12181 12183
12182 12183
12200 12182
12201 12182
12176 12183
12177 12183
12184 12186
12184 12187
12185 12186
12185 12187
12186 12187
12196 12186
12197 12186
12180 12187
12181 12187
12188 12190
12188 12191
12189 12190
12189 12191
12190 12191
12192 12190
12193 12190
12184 12191
12185 12191
12192 12194
12192 12195
12193 12194
12193 12195
12194 12195
12252 12195
12253 12195
12196 12198
12196 12199
12197 12198
12197 12199
12198 12199
12192 12198
12193 12198
12248 12199
12249 12199
12200 12202
12200 12203
12201 12202
12201 12203
12202 12203
12196 12202
12197 12202
12244 12203
12245 12203
12204 12206
12204 12207
12205 12206
12205 12207
12206 12207
12200 12206
12201 12206
12240 12207
12241 12207
12208 12210
12208 12211
12209 12210
12209 12211
12210 12211
12204 12210
12205 12210
12236 12211
12237 12211
12212 12214
12212 12215
12213 12214
12213 12215
12214 12215
12208 12214
12209 12214
12232 12215
12233 12215
12216 12218
12216 12219
12217 12218
12217 12219
12218 12219
12212 12218
12213 12218
12228 12219
12229 12219
12220 12222
12220 12223
12221 12222
12221 12223
12222 12223
12216 12222
12217 12222
12224 12223
12225 12223
12224 12226
12224 12227
12225 12226
12225 12227
12226 12227
12284 12226
12285 12226
12228 12230
12228 12231
12229 12230
12229 12231
12230 12231
12280 12230
12281 12230
12224 12231
12225 12231
12232 12234
12232 12235
12233 12234
12233 12235
12234 12235
12276 12234
12277 12234
12228 12235
12229 12235
12236 12238
12236 12239
12237 12238
12237 12239
12238 12239
12272 12238
12273 12238
12232 12239
12233 12239
12240 12242
12240 12243
12241 12242
12241 12243
12242 12243
12268 12242
12269 12242
12236 12243
12237 12243
12244 12246
12244 12247
12245 12246
12245 12247
12246 12247
12264 12246
12265 12246
12240 12247
12241 12247
12248 12250
12248 12251
12249 12250
12249 12251
12250 12251
12260 12250
12261 12250
12244 12251
12245 12251
12252 12254
12252 12255
12253 12254
12253 12255
12254 12255
12256 12254
12257 12254
12248 12255
12249 12255
12256 12258
12256 12259
12257 12258
12257 12259
12258 12259
12316 12259
12317 12259
12260 12262
12260 12263
12261 12262
12261 12263
12262 12263
12256 12262
12257 12262
12312 12263
12313 12263
12264 12266
12264 12267
12265 12266
12265 12267
12266 12267
12260 12266
12261 12266
12308 12267
12309 12267
12268 12270
12268 12271
12269 12270
12269 12271
12270 12271
12264 12270
12265 12270
12304 12271
12305 12271
12272 12274
12272 12275
12273 12274
12273 12275
12274 12275
12268 12274
12269 12274
12300 12275
12301 12275
12276 12278
12276 12279
12277 12278
12277 12279
12278 12279
12272 12278
12273 12278
12296 12279
12297 12279
12280 12282
12280 12283
12281 12282
12281 12283
12282 12283
12276 12282
12277 12282
12292 12283
12293 12283
12284 12286
12284 12287
12285 12286
12285 12287
12286 12287
12280 12286
12281 12286
12288 12287
12289 12287
12288 12290
12288 12291
12289 12290
12289 12291
12290 12291
12348 12290
12349 12290
12292 12294
12292 12295
12293 12294
12293 12295
12294 12295
12344 12294
12345 12294
12288 12295
12289 12295
12296 12298
12296 12299
12297 12298
12297 12299
12298 12299
12340 12298
12341 12298
12292 12299
12293 12299
12300 12302
12300 12303
12301 12302
12301 12303
12302 12303
12336 12302
12337 12302
12296 12303
12297 12303
12304 12306
12304 12307
12305 12306
12305 12307
12306 12307
12332 12306
12333 12306
12300 12307
12301 12307
12308 12310
12308 12311
12309 12310
12309 12311
12310 12311
12328 12310
12329 12310
12304 12311
12305 12311
12312 12314
12312 12315
12313 12314
12313 12315
12314 12315
12324 12314
12325 12314
12308 12315
12309 12315
12316 12318
12316 12319
12317 12318
12317 12319
12318 12319
12320 12318
12321 12318
12312 12319
12313 12319
12320 12322
12320 12323
12321 12322
12321 12323
12322 12323
12380 12323
12381 12323
12324 12326
12324 12327
12325 12326
12325 12327
12326 12327
12320 12326
12321 12326
12376 12327
12377 12327
12328 12330
12328 12331
12329 12330
12329 12331
12330 12331
12324 12330
12325 12330
12372 12331
12373 12331
12332 12334
12332 12335
12333 12334
12333 12335
12334 12335
12328 12334
12329 12334
12368 12335
12369 12335
12336 12338
12336 12339
12337 12338
12337 12339
12338 12339
12332 12338
12333 12338
12364 12339
12365 12339
12340 12342
12340 12343
12341 12342
12341 12343
12342 12343
12336 12342
12337 12342
12360 12343
12361 12343
12344 12346
12344 12347
12345 12346
12345 12347
12346 12347
12340 12346
12341 12346
12352 12347
12353 12347
12348 12350
12348 12351
12349 12350
12349 12351
12350 12351
12344 12350
12345 12350
12356 12351
12357 12351
12352 12354
12352 12355
12353 12354
12353 12355
12354 12355
12412 12354
12413 12354
12356 12355
12357 12355
12356 12358
12356 12359
12357 12358
12357 12359
12358 12359
12408 12358
12409 12358
12360 12362
12360 12363
12361 12362
12361 12363
12362 12363
12404 12362
12405 12362
12352 12363
12353 12363
12364 12366
12364 12367
12365 12366
12365 12367
12366 12367
12400 12366
12401 12366
12360 12367
12361 12367
12368 12370
12368 12371
12369 12370
12369 12371
12370 12371
12396 12370
12397 12370
12364 12371
12365 12371
12372 12374
12372 12375
12373 12374
12373 12375
12374 12375
12392 12374
12393 12374
12368 12375
12369 12375
12376 12378
12376 12379
12377 12378
12377 12379
12378 12379
12388 12378
12389 12378
12372 12379
12373 12379
12380 12382
12380 12383
12381 12382
12381 12383
12382 12383
12384 12382
12385 12382
12376 12383
12377 12383
12384 12386
12384 12387
12385 12386
12385 12387
12386 12387
12444 12387
12445 12387
12388 12390
12388 12391
12389 12390
12389 12391
12390 12391
12384 12390
12385 12390
12440 12391
12441 12391
12392 12394
12392 12395
12393 12394
12393 12395
12394 12395
12388 12394
12389 12394
12436 12395
12437 12395
12396 12398
12396 12399
12397 12398
12397 12399
12398 12399
12392 12398
12393 12398
12432 12399
12433 12399
12400 12402
12400 12403
12401 12402
12401 12403
12402 12403
12396 12402
12397 12402
12428 12403
12429 12403
12404 12406
12404 12407
12405 12406
12405 12407
12406 12407
12400 12406
12401 12406
12424 12407
12425 12407
12408 12410
12408 12411
12409 12410
12409 12411
12410 12411
12412 12410
12413 12410
12420 12411
12421 12411
12412 12414
12412 12415
12413 12414
12413 12415
12414 12415
12404 12414
12405 12414
12416 12415
12417 12415
12416 12418
12416 12419
12417 12418
12417 12419
12418 12419
12476 12418
12477 12418
12420 12419
12421 12419
12420 12422
12420 12423
12421 12422
12421 12423
12422 12423
12472 12422
12473 12422
12424 12426
12424 12427
12425 12426
12425 12427
12426 12427
12468 12426
12469 12426
12416 12427
12417 12427
12428 12430
12428 12431
12429 12430
12429 12431
12430 12431
12464 12430
12465 12430
12424 12431
12425 12431
12432 12434
12432 12435
12433 12434
12433 12435
12434 12435
12460 12434
12461 12434
12428 12435
12429 12435
12436 12438
12436 12439
12437 12438
12437 12439
12438 12439
12456 12438
12457 12438
12432 12439
12433 12439
12440 12442
12440 12443
12441 12442
12441 12443
12442 12443
12452 12442
12453 12442
12436 12443
12437 12443
12444 12446
12444 12447
12445 12446
12445 12447
12446 12447
12448 12446
12449 12446
12440 12447
12441 12447
12448 12450
12448 12451
12449 12450
12449 12451
12450 12451
12508 12451
12509 12451
12452 12454
12452 12455
12453 12454
12453 12455
12454 12455
12448 12454
12449 12454
12504 12455
12505 12455
12456 12458
12456 12459
12457 12458
12457 12459
12458 12459
12452 12458
12453 12458
12500 12459
12501 12459
12460 12462
12460 12463
12461 12462
12461 12463
12462 12463
12456 12462
12457 12462
12496 12463
12497 12463
12464 12466
12464 12467
12465 12466
12465 12467
12466 12467
12460 12466
12461 12466
12492 12467
12493 12467
12468 12470
12468 12471
12469 12470
12469 12471
12470 12471
12464 12470
12465 12470
12488 12471
12489 12471
12472 12474
12472 12475
12473 12474
12473 12475
12474 12475
12476 12474
12477 12474
12484 12475
12485 12475
12476 12478
12476 12479
12477 12478
12477 12479
12478 12479
12468 12478
12469 12478
12480 12479
12481 12479
12480 12482
12480 12483
12481 12482
12481 12483
12482 12483
12540 12482
12541 12482
12484 12483
12485 12483
12484 12486
12484 12487
12485 12486
12485 12487
12486 12487
12536 12486
12537 12486
12488 12490
12488 12491
12489 12490
12489 12491
12490 12491
12532 12490
12533 12490
12480 12491
12481 12491
12492 12494
12492 12495
12493 12494
12493 12495
12494 12495
12528 12494
12529 12494
12488 12495
12489 12495
12496 12498
12496 12499
12497 12498
12497 12499
12498 12499
12524 12498
12525 12498
12492 12499
12493 12499
12500 12502
12500 12503
12501 12502
12501 12503
12502 12503
12520 12502
12521 12502
12496 12503
12497 12503
12504 12506
12504 12507
12505 12506
12505 12507
12506 12507
12516 12506
12517 12506
12500 12507
12501 12507
12508 12510
12508 12511
12509 12510
12509 12511
12510 12511
12512 12510
12513 12510
12504 12511
12505 12511
12512 12514
12512 12515
12513 12514
12513 12515
12514 12515
12572 12515
12573 12515
12516 12518
12516 12519
12517 12518
12517 12519
12518 12519
12512 12518
12513 12518
12568 12519
12569 12519
12520 12522
12520 12523
12521 12522
12521 12523
12522 12523
12516 12522
12517 12522
12564 12523
12565 12523
12524 12526
12524 12527
12525 12526
12525 12527
12526 12527
12520 12526
12521 12526
12560 12527
12561 12527
12528 12530
12528 12531
12529 12530
12529 12531
12530 12531
12524 12530
12525 12530
12556 12531
12557 12531
12532 12534
12532 12535
12533 12534
12533 12535
12534 12535
12528 12534
12529 12534
12552 12535
12553 12535
12536 12538
12536 12539
12537 12538
12537 12539
12538 12539
12540 12538
12541 12538
12548 12539
12549 12539
12540 12542
12540 12543
12541 12542
12541 12543
12542 12543
12532 12542
12533 12542
12544 12543
12545 12543
12544 12546
12544 12547
12545 12546
12545 12547
12546 12547
12604 12546
12605 12546
12548 12547
12549 12547
12548 12550
12548 12551
12549 12550
12549 12551
12550 12551
12600 12550
12601 12550
12552 12554
12552 12555
12553 12554
12553 12555
12554 12555
12596 12554
12597 12554
12544 12555
12545 12555
12556 12558
12556 12559
12557 12558
12557 12559
12558 12559
12592 12558
12593 12558
12552 12559
12553 12559
12560 12562
12560 12563
12561 12562
12561 12563
12562 12563
12588 12562
12589 12562
12556 12563
12557 12563
12564 12566
12564 12567
12565 12566
12565 12567
12566 12567
12584 12566
12585 12566
12560 12567
12561 12567
12568 12570
12568 12571
12569 12570
12569 12571
12570 12571
12580 12570
12581 12570
12564 12571
12565 12571
12572 12574
12572 12575
12573 12574
12573 12575
12574 12575
12576 12574
12577 12574
12568 12575
12569 12575
12576 12578
12576 12579
12577 12578
12577 12579
12578 12579
12636 12579
12637 12579
12580 12582
12580 12583
12581 12582
12581 12583
12582 12583
12576 12582
12577 12582
12632 12583
12633 12583
12584 12586
12584 12587
12585 12586
12585 12587
12586 12587
12580 12586
12581 12586
12628 12587
12629 12587
12588 12590
12588 12591
12589 12590
12589 12591
12590 12591
12584 12590
12585 12590
12624 12591
12625 12591
12592 12594
12592 12595
12593 12594
12593 12595
12594 12595
12588 12594
12589 12594
12620 12595
12621 12595
12596 12598
12596 12599
12597 12598
12597 12599
12598 12599
12592 12598
12593 12598
12616 12599
12617 12599
12600 12602
12600 12603
12601 12602
12601 12603
12602 12603
12604 12602
12605 12602
12612 12603
12613 12603
12604 12606
12604 12607
12605 12606
12605 12607
12606 12607
12596 12606
12597 12606
12608 12607
12609 12607
12608 12610
12608 12611
12609 12610
12609 12611
12610 12611
12668 12610
12669 12610
12612 12611
12613 12611
12612 12614
12612 12615
12613 12614
12613 12615
12614 12615
12664 12614
12665 12614
12616 12618
12616 12619
12617 12618
12617 12619
12618 12619
12660 12618
12661 12618
12608 12619
12609 12619
12620 12622
12620 12623
12621 12622
12621 12623
12622 12623
12656 12622
12657 12622
12616 12623
12617 12623
12624 12626
12624 12627
12625 12626
12625 12627
12626 12627
12652 12626
12653 12626
12620 12627
12621 12627
12628 12630
12628 12631
12629 12630
12629 12631
12630 12631
12648 12630
12649 12630
12624 12631
12625 12631
12632 12634
12632 12635
12633 12634
12633 12635
12634 12635
12644 12634
12645 12634
12628 12635
12629 12635
12636 12638
12636 12639
12637 12638
12637 12639
12638 12639
12640 12638
12641 12638
12632 12639
12633 12639
12640 12642
12640 12643
12641 12642
12641 12643
12642 12643
12700 12643
12701 12643
12644 12646
12644 12647
12645 12646
12645 12647
12646 12647
12640 12646
12641 12646
12696 12647
12697 12647
12648 12650
12648 12651
12649 12650
12649 12651
12650 12651
12644 12650
12645 12650
12692 12651
12693 12651
12652 12654
12652 12655
12653 12654
12653 12655
12654 12655
12648 12654
12649 12654
12688 12655
12689 12655
12656 12658
12656 12659
12657 12658
12657 12659
12658 12659
12652 12658
12653 12658
12684 12659
12685 12659
12660 12662
12660 12663
12661 12662
12661 12663
12662 12663
12656 12662
12657 12662
12680 12663
12681 12663
12664 12666
12664 12667
12665 12666
12665 12667
12666 12667
12668 12666
12669 12666
12676 12667
12677 12667
12668 12670
12668 12671
12669 12670
12669 12671
12670 12671
12660 12670
12661 12670
12672 12671
12673 12671
12672 12674
12672 12675
12673 12674
12673 12675
12674 12675
12732 12674
12733 12674
12676 12675
12677 12675
12676 12678
12676 12679
12677 12678
12677 12679
12678 12679
12728 12678
12729 12678
12680 12682
12680 12683
12681 12682
12681 12683
12682 12683
12724 12682
12725 12682
12672 12683
12673 12683
12684 12686
12684 12687
12685 12686
12685 12687
12686 12687
12720 12686
12721 12686
12680 12687
12681 12687
12688 12690
12688 12691
12689 12690
12689 12691
12690 12691
12716 12690
12717 12690
12684 12691
12685 12691
12692 12694
12692 12695
12693 12694
12693 12695
12694 12695
12712 12694
12713 12694
12688 12695
12689 12695
12696 12698
12696 12699
12697 12698
12697 12699
12698 12699
12708 12698
12709 12698
12692 12699
12693 12699
12700 12702
12700 12703
12701 12702
12701 12703
12702 12703
12704 12702
12705 12702
12696 12703
12697 12703
12704 12706
12704 12707
12705 12706
12705 12707
12706 12707
12764 12707
12765 12707
12708 12710
12708 12711
12709 12710
12709 12711
12710 12711
12704 12710
12705 12710
12760 12711
12761 12711
12712 12714
12712 12715
12713 12714
12713 12715
12714 12715
12708 12714
12709 12714
12756 12715
12757 12715
12716 12718
12716 12719
12717 12718
12717 12719
12718 12719
12712 12718
12713 12718
12752 12719
12753 12719
12720 12722
12720 12723
12721 12722
12721 12723
12722 12723
12716 12722
12717 12722
12748 12723
12749 12723
12724 12726
12724 12727
12725 12726
12725 12727
12726 12727
12720 12726
12721 12726
12744 12727
12745 12727
12728 12730
12728 12731
12729 12730
12729 12731
12730 12731
12732 12730
12733 12730
12740 12731
12741 12731
12732 12734
12732 12735
12733 12734
12733 12735
12734 12735
12724 12734
12725 12734
12736 12735
12737 12735
12736 12738
12736 12739
12737 12738
12737 12739
12738 12739
12796 12738
12797 12738
12740 12739
12741 12739
12740 12742
12740 12743
12741 12742
12741 12743
12742 12743
12792 12742
12793 12742
12744 12746
12744 12747
12745 12746
12745 12747
12746 12747
12788 12746
12789 12746
12736 12747
12737 12747
12748 12750
12748 12751
12749 12750
12749 12751
12750 12751
12784 12750
12785 12750
12744 12751
12745 12751
12752 12754
12752 12755
12753 12754
12753 12755
12754 12755
12780 12754
12781 12754
12748 12755
12749 12755
12756 12758
12756 12759
12757 12758
12757 12759
12758 12759
12776 12758
12777 12758
12752 12759
12753 12759
12760 12762
12760 12763
12761 12762
12761 12763
12762 12763
12772 12762
12773 12762
12756 12763
12757 12763
12764 12766
12764 12767
12765 12766
12765 12767
12766 12767
12768 12766
12769 12766
12760 12767
12761 12767
12768 12770
12768 12771
12769 12770
12769 12771
12770 12771
12828 12771
12829 12771
12772 12774
12772 12775
12773 12774
12773 12775
12774 12775
12768 12774
12769 12774
12824 12775
12825 12775
12776 12778
12776 12779
12777 12778
12777 12779
12778 12779
12772 12778
12773 12778
12820 12779
12821 12779
12780 12782
12780 12783
12781 12782
12781 12783
12782 12783
12776 12782
12777 12782
12816 12783
12817 12783
12784 12786
12784 12787
12785 12786
12785 12787
12786 12787
12780 12786
12781 12786
12812 12787
12813 12787
12788 12790
12788 12791
12789 12790
12789 12791
12790 12791
12784 12790
12785 12790
12808 12791
12809 12791
12792 12794
12792 12795
12793 12794
12793 12795
12794 12795
12796 12794
12797 12794
12804 12795
12805 12795
12796 12798
12796 12799
12797 12798
12797 12799
12798 12799
12788 12798
12789 12798
12800 12799
12801 12799
12800 12802
12800 12803
12801 12802
12801 12803
12802 12803
12860 12802
12861 12802
12804 12803
12805 12803
12804 12806
12804 12807
12805 12806
12805 12807
12806 12807
12856 12806
12857 12806
12808 12810
12808 12811
12809 12810
12809 12811
12810 12811
12852 12810
12853 12810
12800 12811
12801 12811
12812 12814
12812 12815
12813 12814
12813 12815
12814 12815
12848 12814
12849 12814
12808 12815
12809 12815
12816 12818
12816 12819
12817 12818
12817 12819
12818 12819
12844 12818
12845 12818
12812 12819
12813 12819
12820 12822
12820 12823
12821 12822
12821 12823
12822 12823
12840 12822
12841 12822
12816 12823
12817 12823
12824 12826
12824 12827
12825 12826
12825 12827
12826 12827
12836 12826
12837 12826
12820 12827
12821 12827
12828 12830
12828 12831
12829 12830
12829 12831
12830 12831
12832 12830
12833 12830
12824 12831
12825 12831
12832 12834
12832 12835
12833 12834
12833 12835
12834 12835
12836 12838
12836 12839
12837 12838
12837 12839
12838 12839
12832 12838
12833 12838
12840 12842
12840 12843
12841 12842
12841 12843
12842 12843
12836 12842
12837 12842
12844 12846
12844 12847
12845 12846
12845 12847
12846 12847
12840 12846
12841 12846
12848 12850
12848 12851
12849 12850
12849 12851
12850 12851
12844 12850
12845 12850
12852 12854
12852 12855
12853 12854
12853 12855
12854 12855
12848 12854
12849 12854
12856 12858
12856 12859
12857 12858
12857 12859
12858 12859
12860 12858
12861 12858
12860 12862
12860 12863
12861 12862
12861 12863
12862 12863
12852 12862
12853 12862
12864 12866
12864 12867
12865 12866
12865 12867
12866 12867
12924 12867
12925 12867
12868 12870
12868 12871
12869 12870
12869 12871
12870 12871
12864 12870
12865 12870
12920 12871
12921 12871
12872 12874
12872 12875
12873 12874
12873 12875
12874 12875
12868 12874
12869 12874
12916 12875
12917 12875
12876 12878
12876 12879
12877 12878
12877 12879
12878 12879
12872 12878
12873 12878
12912 12879
12913 12879
12880 12882
12880 12883
12881 12882
12881 12883
12882 12883
12876 12882
12877 12882
12908 12883
12909 12883
12884 12886
12884 12887
12885 12886
12885 12887
12886 12887
12880 12886
12881 12886
12904 12887
12905 12887
12888 12890
12888 12891
12889 12890
12889 12891
12890 12891
12884 12890
12885 12890
12900 12891
12901 12891
12892 12894
12892 12895
12893 12894
12893 12895
12894 12895
12888 12894
12889 12894
12896 12895
12897 12895
12896 12898
12896 12899
12897 12898
12897 12899
12898 12899
12956 12898
12957 12898
12900 12902
12900 12903
12901 12902
12901 12903
12902 12903
12952 12902
12953 12902
12896 12903
12897 12903
12904 12906
12904 12907
12905 12906
12905 12907
12906 12907
12948 12906
12949 12906
12900 12907
12901 12907
12908 12910
12908 12911
12909 12910
12909 12911
12910 12911
12944 12910
12945 12910
12904 12911
12905 12911
12912 12914
12912 12915
12913 12914
12913 12915
12914 12915
12940 12914
12941 12914
12908 12915
12909 12915
12916 12918
12916 12919
12917 12918
12917 12919
12918 12919
12936 12918
12937 12918
12912 12919
12913 12919
12920 12922
12920 12923
12921 12922
12921 12923
12922 12923
12932 12922
12933 12922
12916 12923
12917 12923
12924 12926
12924 12927
12925 12926
12925 12927
12926 12927
12928 12926
12929 12926
12920 12927
12921 12927
12928 12930
12928 12931
12929 12930
12929 12931
12930 12931
12988 12931
12989 12931
12932 12934
12932 12935
12933 12934
12933 12935
12934 12935
12928 12934
12929 12934
12984 12935
12985 12935
12936 12938
12936 12939
12937 12938
12937 12939
12938 12939
12932 12938
12933 12938
12980 12939
12981 12939
12940 12942
12940 12943
12941 12942
12941 12943
12942 12943
12936 12942
12937 12942
12976 12943
12977 12943
12944 12946
12944 12947
12945 12946
12945 12947
12946 12947
12940 12946
12941 12946
12972 12947
12973 12947
12948 12950
12948 12951
12949 12950
12949 12951
12950 12951
12944 12950
12945 12950
12968 12951
12969 12951
12952 12954
12952 12955
12953 12954
12953 12955
12954 12955
12948 12954
12949 12954
12964 12955
12965 12955
12956 12958
12956 12959
12957 12958
12957 12959
12958 12959
12952 12958
12953 12958
12960 12959
12961 12959
12960 12962
12960 12963
12961 12962
12961 12963
12962 12963
13020 12962
13021 12962
12964 12966
12964 12967
12965 12966
12965 12967
12966 12967
13016 12966
13017 12966
12960 12967
12961 12967
12968 12970
12968 12971
12969 12970
12969 12971
12970 12971
13012 12970
13013 12970
12964 12971
12965 12971
12972 12974
12972 12975
12973 12974
12973 12975
12974 12975
13008 12974
13009 12974
12968 12975
12969 12975
12976 12978
12976 12979
12977 12978
12977 12979
12978 12979
13004 12978
13005 12978
12972 12979
12973 12979
12980 12982
12980 12983
12981 12982
12981 12983
12982 12983
13000 12982
13001 12982
12976 12983
12977 12983
12984 12986
12984 12987
12985 12986
12985 12987
12986 12987
12996 12986
12997 12986
12980 12987
12981 12987
12988 12990
12988 12991
12989 12990
12989 12991
12990 12991
12992 12990
12993 12990
12984 12991
12985 12991
12992 12994
12992 12995
12993 12994
12993 12995
12994 12995
13052 12995
13053 12995
12996 12998
12996 12999
12997 12998
12997 12999
12998 12999
12992 12998
12993 12998
13048 12999
13049 12999
13000 13002
13000 13003
13001 13002
13001 13003
13002 13003
12996 13002
12997 13002
13044 13003
13045 13003
13004 13006
13004 13007
13005 13006
13005 13007
13006 13007
13000 13006
13001 13006
13040 13007
13041 13007
13008 13010
13008 13011
13009 13010
13009 13011
13010 13011
13004 13010
13005 13010
13036 13011
13037 13011
13012 13014
13012 13015
13013 13014
13013 13015
13014 13015
13008 13014
13009 13014
13032 13015
13033 13015
13016 13018
13016 13019
13017 13018
13017 13019
13018 13019
13012 13018
13013 13018
13028 13019
13029 13019
13020 13022
13020 13023
13021 13022
13021 13023
13022 13023
13016 13022
13017 13022
13024 13023
13025 13023
13024 13026
13024 13027
13025 13026
13025 13027
13026 13027
13084 13026
13085 13026
13028 13030
13028 13031
13029 13030
13029 13031
13030 13031
13080 13030
13081 13030
13024 13031
13025 13031
13032 13034
13032 13035
13033 13034
13033 13035
13034 13035
13076 13034
13077 13034
13028 13035
13029 13035
13036 13038
13036 13039
13037 13038
13037 13039
13038 13039
13072 13038
13073 13038
13032 13039
13033 13039
13040 13042
13040 13043
13041 13042
13041 13043
13042 13043
13068 13042
13069 13042
13036 13043
13037 13043
13044 13046
13044 13047
13045 13046
13045 13047
13046 13047
13064 13046
13065 13046
13040 13047
13041 13047
13048 13050
13048 13051
13049 13050
13049 13051
13050 13051
13060 13050
13061 13050
13044 13051
13045 13051
13052 13054
13052 13055
13053 13054
13053 13055
13054 13055
13056 13054
13057 13054
13048 13055
13049 13055
13056 13058
13056 13059
13057 13058
13057 13059
13058 13059
13116 13059
13117 13059
13060 13062
13060 13063
13061 13062
13061 13063
13062 13063
13056 13062
13057 13062
13112 13063
13113 13063
13064 13066
13064 13067
13065 13066
13065 13067
13066 13067
13060 13066
13061 13066
13108 13067
13109 13067
13068 13070
13068 13071
13069 13070
13069 13071
13070 13071
13064 13070
13065 13070
13104 13071
13105 13071
13072 13074
13072 13075
13073 13074
13073 13075
13074 13075
13068 13074
13069 13074
13100 13075
13101 13075
13076 13078
13076 13079
13077 13078
13077 13079
13078 13079
13072 13078
13073 13078
13096 13079
13097 13079
13080 13082
13080 13083
13081 13082
13081 13083
13082 13083
13076 13082
13077 13082
13092 13083
13093 13083
13084 13086
13084 13087
13085 13086
13085 13087
13086 13087
13080 13086
13081 13086
13088 13087
13089 13087
13088 13090
13088 13091
13089 13090
13089 13091
13090 13091
13148 13090
13149 13090
13092 13094
13092 13095
13093 13094
13093 13095
13094 13095
13144 13094
13145 13094
13088 13095
13089 13095
13096 13098
13096 13099
13097 13098
13097 13099
13098 13099
13140 13098
13141 13098
13092 13099
13093 13099
13100 13102
13100 13103
13101 13102
13101 13103
13102 13103
13136 13102
13137 13102
13096 13103
13097 13103
13104 13106
13104 13107
13105 13106
13105 13107
13106 13107
13132 13106
13133 13106
13100 13107
13101 13107
13108 13110
13108 13111
13109 13110
13109 13111
13110 13111
13128 13110
13129 13110
13104 13111
13105 13111
13112 13114
13112 13115
13113 13114
13113 13115
13114 13115
13124 13114
13125 13114
13108 13115
13109 13115
13116 13118
13116 13119
13117 13118
13117 13119
13118 13119
13120 13118
13121 13118
13112 13119
13113 13119
13120 13122
13120 13123
13121 13122
13121 13123
13122 13123
13180 13123
13181 13123
13124 13126
13124 13127
13125 13126
13125 13127
13126 13127
13120 13126
13121 13126
13176 13127
13177 13127
13128 13130
13128 13131
13129 13130
13129 13131
13130 13131
13124 13130
13125 13130
13172 13131
13173 13131
13132 13134
13132 13135
13133 13134
13133 13135
13134 13135
13128 13134
13129 13134
13168 13135
13169 13135
13136 13138
13136 13139
13137 13138
13137 13139
13138 13139
13132 13138
13133 13138
13164 13139
13165 13139
13140 13142
13140 13143
13141 13142
13141 13143
13142 13143
13136 13142
13137 13142
13160 13143
13161 13143
13144 13146
13144 13147
13145 13146
13145 13147
13146 13147
13140 13146
13141 13146
13156 13147
13157 13147
13148 13150
13148 13151
13149 13150
13149 13151
13150 13151
13144 13150
13145 13150
13152 13151
13153 13151
13152 13154
13152 13155
13153 13154
13153 13155
13154 13155
13212 13154
13213 13154
13156 13158
13156 13159
13157 13158
13157 13159
13158 13159
13208 13158
13209 13158
13152 13159
13153 13159
13160 13162
13160 13163
13161 13162
13161 13163
13162 13163
13204 13162
13205 13162
13156 13163
13157 13163
13164 13166
13164 13167
13165 13166
13165 13167
13166 13167
13200 13166
13201 13166
13160 13167
13161 13167
13168 13170
13168 13171
13169 13170
13169 13171
13170 13171
13196 13170
13197 13170
13164 13171
13165 13171
13172 13174
13172 13175
13173 13174
13173 13175
13174 13175
13192 13174
13193 13174
13168 13175
13169 13175
13176 13178
13176 13179
13177 13178
13177 13179
13178 13179
13188 13178
13189 13178
13172 13179
13173 13179
13180 13182
13180 13183
13181 13182
13181 13183
13182 13183
13184 13182
13185 13182
13176 13183
13177 13183
13184 13186
13184 13187
13185 13186
13185 13187
13186 13187
13244 13187
13245 13187
13188 13190
13188 13191
13189 13190
13189 13191
13190 13191
13184 13190
13185 13190
13240 13191
13241 13191
13192 13194
13192 13195
13193 13194
13193 13195
13194 13195
13188 13194
13189 13194
13236 13195
13237 13195
13196 13198
13196 13199
13197 13198
13197 13199
13198 13199
13192 13198
13193 13198
13232 13199
13233 13199
13200 13202
13200 13203
13201 13202
13201 13203
13202 13203
13196 13202
13197 13202
13228 13203
13229 13203
13204 13206
13204 13207
13205 13206
13205 13207
13206 13207
13200 13206
13201 13206
13224 13207
13225 13207
13208 13210
13208 13211
13209 13210
13209 13211
13210 13211
13204 13210
13205 13210
13220 13211
13221 13211
13212 13214
13212 13215
13213 13214
13213 13215
13214 13215
13208 13214
13209 13214
13216 13215
13217 13215
13216 13218
13216 13219
13217 13218
13217 13219
13218 13219
13276 13218
13277 13218
13220 13222
13220 13223
13221 13222
13221 13223
13222 13223
13272 13222
13273 13222
13216 13223
13217 13223
13224 13226
13224 13227
13225 13226
13225 13227
13226 13227
13268 13226
13269 13226
13220 13227
13221 13227
13228 13230
13228 13231
13229 13230
13229 13231
13230 13231
13264 13230
13265 13230
13224 13231
13225 13231
13232 13234
13232 13235
13233 13234
13233 13235
13234 13235
13260 13234
13261 13234
13228 13235
13229 13235
13236 13238
13236 13239
13237 13238
13237 13239
13238 13239
13256 13238
13257 13238
13232 13239
13233 13239
13240 13242
13240 13243
13241 13242
13241 13243
13242 13243
13252 13242
13253 13242
13236 13243
13237 13243
13244 13246
13244 13247
13245 13246
13245 13247
13246 13247
13248 13246
13249 13246
13240 13247
13241 13247
13248 13250
13248 13251
13249 13250
13249 13251
13250 13251
13308 13251
13309 13251
13252 13254
13252 13255
13253 13254
13253 13255
13254 13255
13248 13254
13249 13254
13304 13255
13305 13255
13256 13258
13256 13259
13257 13258
13257 13259
13258 13259
13252 13258
13253 13258
13300 13259
13301 13259
13260 13262
13260 13263
13261 13262
13261 13263
13262 13263
13256 13262
13257 13262
13296 13263
13297 13263
13264 13266
13264 13267
13265 13266
13265 13267
13266 13267
13260 13266
13261 13266
13292 13267
13293 13267
13268 13270
13268 13271
13269 13270
13269 13271
13270 13271
13264 13270
13265 13270
13288 13271
13289 13271
13272 13274
13272 13275
13273 13274
13273 13275
13274 13275
13268 13274
13269 13274
13284 13275
13285 13275
13276 13278
13276 13279
13277 13278
13277 13279
13278 13279
13272 13278
13273 13278
13280 13279
13281 13279
13280 13282
13280 13283
13281 13282
13281 13283
13282 13283
13340 13282
13341 13282
13284 13286
13284 13287
13285 13286
13285 13287
13286 13287
13336 13286
13337 13286
13280 13287
13281 13287
13288 13290
13288 13291
13289 13290
13289 13291
13290 13291
13332 13290
13333 13290
13284 13291
13285 13291
13292 13294
13292 13295
13293 13294
13293 13295
13294 13295
13328 13294
13329 13294
13288 13295
13289 13295
13296 13298
13296 13299
13297 13298
13297 13299
13298 13299
13324 13298
13325 13298
13292 13299
13293 13299
13300 13302
13300 13303
13301 13302
13301 13303
13302 13303
13320 13302
13321 13302
13296 13303
13297 13303
13304 13306
13304 13307
13305 13306
13305 13307
13306 13307
13316 13306
13317 13306
13300 13307
13301 13307
13308 13310
13308 13311
13309 13310
13309 13311
13310 13311
13312 13310
13313 13310
13304 13311
13305 13311
13312 13314
13312 13315
13313 13314
13313 13315
13314 13315
13372 13315
13373 13315
13316 13318
13316 13319
13317 13318
13317 13319
13318 13319
13312 13318
13313 13318
13368 13319
13369 13319
13320 13322
13320 13323
13321 13322
13321 13323
13322 13323
13316 13322
13317 13322
13364 13323
13365 13323
13324 13326
13324 13327
13325 13326
13325 13327
13326 13327
13320 13326
13321 13326
13360 13327
13361 13327
13328 13330
13328 13331
13329 13330
13329 13331
13330 13331
13324 13330
13325 13330
13356 13331
13357 13331
13332 13334
13332 13335
13333 13334
13333 13335
13334 13335
13328 13334
13329 13334
13352 13335
13353 13335
13336 13338
13336 13339
13337 13338
13337 13339
13338 13339
13332 13338
13333 13338
13348 13339
13349 13339
13340 13342
13340 13343
13341 13342
13341 13343
13342 13343
13336 13342
13337 13342
13344 13343
13345 13343
13344 13346
13344 13347
13345 13346
13345 13347
13346 13347
13404 13346
13405 13346
13348 13350
13348 13351
13349 13350
13349 13351
13350 13351
13400 13350
13401 13350
13344 13351
13345 13351
13352 13354
13352 13355
13353 13354
13353 13355
13354 13355
13396 13354
13397 13354
13348 13355
13349 13355
13356 13358
13356 13359
13357 13358
13357 13359
13358 13359
13392 13358
13393 13358
13352 13359
13353 13359
13360 13362
13360 13363
13361 13362
13361 13363
13362 13363
13388 13362
13389 13362
13356 13363
13357 13363
13364 13366
13364 13367
13365 13366
13365 13367
13366 13367
13384 13366
13385 13366
13360 13367
13361 13367
13368 13370
13368 13371
13369 13370
13369 13371
13370 13371
13380 13370
13381 13370
13364 13371
13365 13371
13372 13374
13372 13375
13373 13374
13373 13375
13374 13375
13376 13374
13377 13374
13368 13375
13369 13375
13376 13378
13376 13379
13377 13378
13377 13379
13378 13379
13436 13379
13437 13379
13380 13382
13380 13383
13381 13382
13381 13383
13382 13383
13376 13382
13377 13382
13432 13383
13433 13383
13384 13386
13384 13387
13385 13386
13385 13387
13386 13387
13380 13386
13381 13386
13428 13387
13429 13387
13388 13390
13388 13391
13389 13390
13389 13391
13390 13391
13384 13390
13385 13390
13424 13391
13425 13391
13392 13394
13392 13395
13393 13394
13393 13395
13394 13395
13388 13394
13389 13394
13420 13395
13421 13395
13396 13398
13396 13399
13397 13398
13397 13399
13398 13399
13392 13398
13393 13398
13416 13399
13417 13399
13400 13402
13400 13403
13401 13402
13401 13403
13402 13403
13396 13402
13397 13402
13412 13403
13413 13403
13404 13406
13404 13407
13405 13406
13405 13407
13406 13407
13400 13406
13401 13406
13408 13407
13409 13407
13408 13410
13408 13411
13409 13410
13409 13411
13410 13411
13464 13410
13465 13410
13412 13414
13412 13415
13413 13414
13413 13415
13414 13415
13468 13414
13469 13414
13408 13415
13409 13415
13416 13418
13416 13419
13417 13418
13417 13419
13418 13419
13460 13418
13461 13418
13412 13419
13413 13419
13420 13422
13420 13423
13421 13422
13421 13423
13422 13423
13456 13422
13457 13422
13416 13423
13417 13423
13424 13426
13424 13427
13425 13426
13425 13427
13426 13427
13452 13426
13453 13426
13420 13427
13421 13427
13428 13430
13428 13431
13429 13430
13429 13431
13430 13431
13448 13430
13449 13430
13424 13431
13425 13431
13432 13434
13432 13435
13433 13434
13433 13435
13434 13435
13444 13434
13445 13434
13428 13435
13429 13435
13436 13438
13436 13439
13437 13438
13437 13439
13438 13439
13440 13438
13441 13438
13432 13439
13433 13439
13440 13442
13440 13443
13441 13442
13441 13443
13442 13443
13500 13443
13501 13443
13444 13446
13444 13447
13445 13446
13445 13447
13446 13447
13440 13446
13441 13446
13496 13447
13497 13447
13448 13450
13448 13451
13449 13450
13449 13451
13450 13451
13444 13450
13445 13450
13492 13451
13493 13451
13452 13454
13452 13455
13453 13454
13453 13455
13454 13455
13448 13454
13449 13454
13488 13455
13489 13455
13456 13458
13456 13459
13457 13458
13457 13459
13458 13459
13452 13458
13453 13458
13484 13459
13485 13459
13460 13462
13460 13463
13461 13462
13461 13463
13462 13463
13456 13462
13457 13462
13480 13463
13481 13463
13464 13466
13464 13467
13465 13466
13465 13467
13466 13467
13468 13466
13469 13466
13476 13467
13477 13467
13468 13470
13468 13471
13469 13470
13469 13471
13470 13471
13460 13470
13461 13470
13472 13471
13473 13471
13472 13474
13472 13475
13473 13474
13473 13475
13474 13475
13532 13474
13533 13474
13476 13475
13477 13475
13476 13478
13476 13479
13477 13478
13477 13479
13478 13479
13528 13478
13529 13478
13480 13482
13480 13483
13481 13482
13481 13483
13482 13483
13524 13482
13525 13482
13472 13483
13473 13483
13484 13486
13484 13487
13485 13486
13485 13487
13486 13487
13520 13486
13521 13486
13480 13487
13481 13487
13488 13490
13488 13491
13489 13490
13489 13491
13490 13491
13516 13490
13517 13490
13484 13491
13485 13491
13492 13494
13492 13495
13493 13494
13493 13495
13494 13495
13512 13494
13513 13494
13488 13495
13489 13495
13496 13498
13496 13499
13497 13498
13497 13499
13498 13499
13508 13498
13509 13498
13492 13499
13493 13499
13500 13502
13500 13503
13501 13502
13501 13503
13502 13503
13504 13502
13505 13502
13496 13503
13497 13503
13504 13506
13504 13507
13505 13506
13505 13507
13506 13507
13564 13507
13565 13507
13508 13510
13508 13511
13509 13510
13509 13511
13510 13511
13504 13510
13505 13510
13560 13511
13561 13511
13512 13514
13512 13515
13513 13514
13513 13515
13514 13515
13508 13514
13509 13514
13556 13515
13557 13515
13516 13518
13516 13519
13517 13518
13517 13519
13518 13519
13512 13518
13513 13518
13552 13519
13553 13519
13520 13522
13520 13523
13521 13522
13521 13523
13522 13523
13516 13522
13517 13522
13548 13523
13549 13523
13524 13526
13524 13527
13525 13526
13525 13527
13526 13527
13520 13526
13521 13526
13544 13527
13545 13527
13528 13530
13528 13531
13529 13530
13529 13531
13530 13531
13532 13530
13533 13530
13540 13531
13541 13531
13532 13534
13532 13535
13533 13534
13533 13535
13534 13535
13524 13534
13525 13534
13536 13535
13537 13535
13536 13538
13536 13539
13537 13538
13537 13539
13538 13539
13596 13538
13597 13538
13540 13539
13541 13539
13540 13542
13540 13543
13541 13542
13541 13543
13542 13543
13592 13542
13593 13542
13544 13546
13544 13547
13545 13546
13545 13547
13546 13547
13588 13546
13589 13546
13536 13547
13537 13547
13548 13550
13548 13551
13549 13550
13549 13551
13550 13551
13584 13550
13585 13550
13544 13551
13545 13551
13552 13554
13552 13555
13553 13554
13553 13555
13554 13555
13580 13554
13581 13554
13548 13555
13549 13555
13556 13558
13556 13559
13557 13558
13557 13559
13558 13559
13576 13558
13577 13558
13552 13559
13553 13559
13560 13562
13560 13563
13561 13562
13561 13563
13562 13563
13572 13562
13573 13562
13556 13563
13557 13563
13564 13566
13564 13567
13565 13566
13565 13567
13566 13567
13568 13566
13569 13566
13560 13567
13561 13567
13568 13570
13568 13571
13569 13570
13569 13571
13570 13571
13628 13571
13629 13571
13572 13574
13572 13575
13573 13574
13573 13575
13574 13575
13568 13574
13569 13574
13624 13575
13625 13575
13576 13578
13576 13579
13577 13578
13577 13579
13578 13579
13572 13578
13573 13578
13620 13579
13621 13579
13580 13582
13580 13583
13581 13582
13581 13583
13582 13583
13576 13582
13577 13582
13616 13583
13617 13583
13584 13586
13584 13587
13585 13586
13585 13587
13586 13587
13580 13586
13581 13586
13612 13587
13613 13587
13588 13590
13588 13591
13589 13590
13589 13591
13590 13591
13584 13590
13585 13590
13608 13591
13609 13591
13592 13594
13592 13595
13593 13594
13593 13595
13594 13595
13596 13594
13597 13594
13604 13595
13605 13595
13596 13598
13596 13599
13597 13598
13597 13599
13598 13599
13588 13598
13589 13598
13600 13599
13601 13599
13600 13602
13600 13603
13601 13602
13601 13603
13602 13603
13660 13602
13661 13602
13604 13603
13605 13603
13604 13606
13604 13607
13605 13606
13605 13607
13606 13607
13656 13606
13657 13606
13608 13610
13608 13611
13609 13610
13609 13611
13610 13611
13652 13610
13653 13610
13600 13611
13601 13611
13612 13614
13612 13615
13613 13614
13613 13615
13614 13615
13648 13614
13649 13614
13608 13615
13609 13615
13616 13618
13616 13619
13617 13618
13617 13619
13618 13619
13644 13618
13645 13618
13612 13619
13613 13619
13620 13622
13620 13623
13621 13622
13621 13623
13622 13623
13640 13622
13641 13622
13616 13623
13617 13623
13624 13626
13624 13627
13625 13626
13625 13627
13626 13627
13636 13626
13637 13626
13620 13627
13621 13627
13628 13630
13628 13631
13629 13630
13629 13631
13630 13631
13632 13630
13633 13630
13624 13631
13625 13631
13632 13634
13632 13635
13633 13634
13633 13635
13634 13635
13692 13635
13693 13635
13636 13638
13636 13639
13637 13638
13637 13639
13638 13639
13632 13638
13633 13638
13688 13639
13689 13639
13640 13642
13640 13643
13641 13642
13641 13643
13642 13643
13636 13642
13637 13642
13684 13643
13685 13643
13644 13646
13644 13647
13645 13646
13645 13647
13646 13647
13640 13646
13641 13646
13680 13647
13681 13647
13648 13650
13648 13651
13649 13650
13649 13651
13650 13651
13644 13650
13645 13650
13676 13651
13677 13651
13652 13654
13652 13655
13653 13654
13653 13655
13654 13655
13648 13654
13649 13654
13672 13655
13673 13655
13656 13658
13656 13659
13657 13658
13657 13659
13658 13659
13660 13658
13661 13658
13668 13659
13669 13659
13660 13662
13660 13663
13661 13662
13661 13663
13662 13663
13652 13662
13653 13662
13664 13663
13665 13663
13664 13666
13664 13667
13665 13666
13665 13667
13666 13667
13724 13666
13725 13666
13668 13667
13669 13667
13668 13670
13668 13671
13669 13670
13669 13671
13670 13671
13720 13670
13721 13670
13672 13674
13672 13675
13673 13674
13673 13675
13674 13675
13716 13674
13717 13674
13664 13675
13665 13675
13676 13678
13676 13679
13677 13678
13677 13679
13678 13679
13712 13678
13713 13678
13672 13679
13673 13679
13680 13682
13680 13683
13681 13682
13681 13683
13682 13683
13708 13682
13709 13682
13676 13683
13677 13683
13684 13686
13684 13687
13685 13686
13685 13687
13686 13687
13704 13686
13705 13686
13680 13687
13681 13687
13688 13690
13688 13691
13689 13690
13689 13691
13690 13691
13700 13690
13701 13690
13684 13691
13685 13691
13692 13694
13692 13695
13693 13694
13693 13695
13694 13695
13696 13694
13697 13694
13688 13695
13689 13695
13696 13698
13696 13699
13697 13698
13697 13699
13698 13699
13756 13699
13757 13699
13700 13702
13700 13703
13701 13702
13701 13703
13702 13703
13696 13702
13697 13702
13752 13703
13753 13703
13704 13706
13704 13707
13705 13706
13705 13707
13706 13707
13700 13706
13701 13706
13748 13707
13749 13707
13708 13710
13708 13711
13709 13710
13709 13711
13710 13711
13704 13710
13705 13710
13744 13711
13745 13711
13712 13714
13712 13715
13713 13714
13713 13715
13714 13715
13708 13714
13709 13714
13740 13715
13741 13715
13716 13718
13716 13719
13717 13718
13717 13719
13718 13719
13712 13718
13713 13718
13736 13719
13737 13719
13720 13722
13720 13723
13721 13722
13721 13723
13722 13723
13724 13722
13725 13722
13732 13723
13733 13723
13724 13726
13724 13727
13725 13726
13725 13727
13726 13727
13716 13726
13717 13726
13728 13727
13729 13727
13728 13730
13728 13731
13729 13730
13729 13731
13730 13731
13788 13730
13789 13730
13732 13731
13733 13731
13732 13734
13732 13735
13733 13734
13733 13735
13734 13735
13784 13734
13785 13734
13736 13738
13736 13739
13737 13738
13737 13739
13738 13739
13780 13738
13781 13738
13728 13739
13729 13739
13740 13742
13740 13743
13741 13742
13741 13743
13742 13743
13776 13742
13777 13742
13736 13743
13737 13743
13744 13746
13744 13747
13745 13746
13745 13747
13746 13747
13772 13746
13773 13746
13740 13747
13741 13747
13748 13750
13748 13751
13749 13750
13749 13751
13750 13751
13768 13750
13769 13750
13744 13751
13745 13751
13752 13754
13752 13755
13753 13754
13753 13755
13754 13755
13764 13754
13765 13754
13748 13755
13749 13755
13756 13758
13756 13759
13757 13758
13757 13759
13758 13759
13760 13758
13761 13758
13752 13759
13753 13759
13760 13762
13760 13763
13761 13762
13761 13763
13762 13763
13820 13763
13821 13763
13764 13766
13764 13767
13765 13766
13765 13767
13766 13767
13760 13766
13761 13766
13816 13767
13817 13767
13768 13770
13768 13771
13769 13770
13769 13771
13770 13771
13764 13770
13765 13770
13812 13771
13813 13771
13772 13774
13772 13775
13773 13774
13773 13775
13774 13775
13768 13774
13769 13774
13808 13775
13809 13775
13776 13778
13776 13779
13777 13778
13777 13779
13778 13779
13772 13778
13773 13778
13804 13779
13805 13779
13780 13782
13780 13783
13781 13782
13781 13783
13782 13783
13776 13782
13777 13782
13800 13783
13801 13783
13784 13786
13784 13787
13785 13786
13785 13787
13786 13787
13788 13786
13789 13786
13796 13787
13797 13787
13788 13790
13788 13791
13789 13790
13789 13791
13790 13791
13780 13790
13781 13790
13792 13791
13793 13791
13792 13794
13792 13795
13793 13794
13793 13795
13794 13795
13852 13794
13853 13794
13796 13795
13797 13795
13796 13798
13796 13799
13797 13798
13797 13799
13798 13799
13848 13798
13849 13798
13800 13802
13800 13803
13801 13802
13801 13803
13802 13803
13844 13802
13845 13802
13792 13803
13793 13803
13804 13806
13804 13807
13805 13806
13805 13807
13806 13807
13840 13806
13841 13806
13800 13807
13801 13807
13808 13810
13808 13811
13809 13810
13809 13811
13810 13811
13836 13810
13837 13810
13804 13811
13805 13811
13812 13814
13812 13815
13813 13814
13813 13815
13814 13815
13832 13814
13833 13814
13808 13815
13809 13815
13816 13818
13816 13819
13817 13818
13817 13819
13818 13819
13828 13818
13829 13818
13812 13819
13813 13819
13820 13822
13820 13823
13821 13822
13821 13823
13822 13823
13824 13822
13825 13822
13816 13823
13817 13823
13824 13826
13824 13827
13825 13826
13825 13827
13826 13827
13884 13827
13885 13827
13828 13830
13828 13831
13829 13830
13829 13831
13830 13831
13824 13830
13825 13830
13880 13831
13881 13831
13832 13834
13832 13835
13833 13834
13833 13835
13834 13835
13828 13834
13829 13834
13876 13835
13877 13835
13836 13838
13836 13839
13837 13838
13837 13839
13838 13839
13832 13838
13833 13838
13872 13839
13873 13839
13840 13842
13840 13843
13841 13842
13841 13843
13842 13843
13836 13842
13837 13842
13868 13843
13869 13843
13844 13846
13844 13847
13845 13846
13845 13847
13846 13847
13840 13846
13841 13846
13864 13847
13865 13847
13848 13850
13848 13851
13849 13850
13849 13851
13850 13851
13852 13850
13853 13850
13860 13851
13861 13851
13852 13854
13852 13855
13853 13854
13853 13855
13854 13855
13844 13854
13845 13854
13856 13855
13857 13855
13856 13858
13856 13859
13857 13858
13857 13859
13858 13859
13916 13858
13917 13858
13860 13859
13861 13859
13860 13862
13860 13863
13861 13862
13861 13863
13862 13863
13912 13862
13913 13862
13864 13866
13864 13867
13865 13866
13865 13867
13866 13867
13908 13866
13909 13866
13856 13867
13857 13867
13868 13870
13868 13871
13869 13870
13869 13871
13870 13871
13904 13870
13905 13870
13864 13871
13865 13871
13872 13874
13872 13875
13873 13874
13873 13875
13874 13875
13900 13874
13901 13874
13868 13875
13869 13875
13876 13878
13876 13879
13877 13878
13877 13879
13878 13879
13896 13878
13897 13878
13872 13879
13873 13879
13880 13882
13880 13883
13881 13882
13881 13883
13882 13883
13892 13882
13893 13882
13876 13883
13877 13883
13884 13886
13884 13887
13885 13886
13885 13887
13886 13887
13888 13886
13889 13886
13880 13887
13881 13887
13888 13890
13888 13891
13889 13890
13889 13891
13890 13891
13948 13891
13949 13891
13892 13894
13892 13895
13893 13894
13893 13895
13894 13895
13888 13894
13889 13894
13944 13895
13945 13895
13896 13898
13896 13899
13897 13898
13897 13899
13898 13899
13892 13898
13893 13898
13940 13899
13941 13899
13900 13902
13900 13903
13901 13902
13901 13903
13902 13903
13896 13902
13897 13902
13936 13903
13937 13903
13904 13906
13904 13907
13905 13906
13905 13907
13906 13907
13900 13906
13901 13906
13932 13907
13933 13907
13908 13910
13908 13911
13909 13910
13909 13911
13910 13911
13904 13910
13905 13910
13928 13911
13929 13911
13912 13914
13912 13915
13913 13914
13913 13915
13914 13915
13916 13914
13917 13914
13924 13915
13925 13915
13916 13918
13916 13919
13917 13918
13917 13919
13918 13919
13908 13918
13909 13918
13920 13919
13921 13919
13920 13922
13920 13923
13921 13922
13921 13923
13922 13923
13980 13922
13981 13922
13924 13923
13925 13923
13924 13926
13924 13927
13925 13926
13925 13927
13926 13927
13976 13926
13977 13926
13928 13930
13928 13931
13929 13930
13929 13931
13930 13931
13972 13930
13973 13930
13920 13931
13921 13931
13932 13934
13932 13935
13933 13934
13933 13935
13934 13935
13968 13934
13969 13934
13928 13935
13929 13935
13936 13938
13936 13939
13937 13938
13937 13939
13938 13939
13964 13938
13965 13938
13932 13939
13933 13939
13940 13942
13940 13943
13941 13942
13941 13943
13942 13943
13960 13942
13961 13942
13936 13943
13937 13943
13944 13946
13944 13947
13945 13946
13945 13947
13946 13947
13956 13946
13957 13946
13940 13947
13941 13947
13948 13950
13948 13951
13949 13950
13949 13951
13950 13951
13952 13950
13953 13950
13944 13951
13945 13951
13952 13954
13952 13955
13953 13954
13953 13955
13954 13955
13956 13958
13956 13959
13957 13958
13957 13959
13958 13959
13952 13958
13953 13958
13960 13962
13960 13963
13961 13962
13961 13963
13962 13963
13956 13962
13957 13962
13964 13966
13964 13967
13965 13966
13965 13967
13966 13967
13960 13966
13961 13966
13968 13970
13968 13971
13969 13970
13969 13971
13970 13971
13964 13970
13965 13970
13972 13974
13972 13975
13973 13974
13973 13975
13974 13975
13968 13974
13969 13974
13976 13978
13976 13979
13977 13978
13977 13979
13978 13979
13980 13978
13981 13978
13980 13982
13980 13983
13981 13982
13981 13983
13982 13983
13972 13982
13973 13982
13984 13986
13984 13987
13985 13986
13985 13987
13986 13987
14044 13987
14045 13987
13988 13990
13988 13991
13989 13990
13989 13991
13990 13991
13984 13990
13985 13990
14040 13991
14041 13991
13992 13994
13992 13995
13993 13994
13993 13995
13994 13995
13988 13994
13989 13994
14036 13995
14037 13995
13996 13998
13996 13999
13997 13998
13997 13999
13998 13999
13992 13998
13993 13998
14032 13999
14033 13999
14000 14002
14000 14003
14001 14002
14001 14003
14002 14003
13996 14002
13997 14002
14028 14003
14029 14003
14004 14006
14004 14007
14005 14006
14005 14007
14006 14007
14000 14006
14001 14006
14024 14007
14025 14007
14008 14010
14008 14011
14009 14010
14009 14011
14010 14011
14004 14010
14005 14010
14020 14011
14021 14011
14012 14014
14012 14015
14013 14014
14013 14015
14014 14015
14008 14014
14009 14014
14016 14015
14017 14015
14016 14018
14016 14019
14017 14018
14017 14019
14018 14019
14076 14018
14077 14018
14020 14022
14020 14023
14021 14022
14021 14023
14022 14023
14072 14022
14073 14022
14016 14023
14017 14023
14024 14026
14024 14027
14025 14026
14025 14027
14026 14027
14068 14026
14069 14026
14020 14027
14021 14027
14028 14030
14028 14031
14029 14030
14029 14031
14030 14031
14064 14030
14065 14030
14024 14031
14025 14031
14032 14034
14032 14035
14033 14034
14033 14035
14034 14035
14060 14034
14061 14034
14028 14035
14029 14035
14036 14038
14036 14039
14037 14038
14037 14039
14038 14039
14056 14038
14057 14038
14032 14039
14033 14039
14040 14042
14040 14043
14041 14042
14041 14043
14042 14043
14052 14042
14053 14042
14036 14043
14037 14043
14044 14046
14044 14047
14045 14046
14045 14047
14046 14047
14048 14046
14049 14046
14040 14047
14041 14047
14048 14050
14048 14051
14049 14050
14049 14051
14050 14051
14108 14051
14109 14051
14052 14054
14052 14055
14053 14054
14053 14055
14054 14055
14048 14054
14049 14054
14104 14055
14105 14055
14056 14058
14056 14059
14057 14058
14057 14059
14058 14059
14052 14058
14053 14058
14100 14059
14101 14059
14060 14062
14060 14063
14061 14062
14061 14063
14062 14063
14056 14062
14057 14062
14096 14063
14097 14063
14064 14066
14064 14067
14065 14066
14065 14067
14066 14067
14060 14066
14061 14066
14092 14067
14093 14067
14068 14070
14068 14071
14069 14070
14069 14071
14070 14071
14064 14070
14065 14070
14088 14071
14089 14071
14072 14074
14072 14075
14073 14074
14073 14075
14074 14075
14068 14074
14069 14074
14084 14075
14085 14075
14076 14078
14076 14079
14077 14078
14077 14079
14078 14079
14072 14078
14073 14078
14080 14079
14081 14079
14080 14082
14080 14083
14081 14082
14081 14083
14082 14083
14140 14082
14141 14082
14084 14086
14084 14087
14085 14086
14085 14087
14086 14087
14136 14086
14137 14086
14080 14087
14081 14087
14088 14090
14088 14091
14089 14090
14089 14091
14090 14091
14132 14090
14133 14090
14084 14091
14085 14091
14092 14094
14092 14095
14093 14094
14093 14095
14094 14095
14128 14094
14129 14094
14088 14095
14089 14095
14096 14098
14096 14099
14097 14098
14097 14099
14098 14099
14124 14098
14125 14098
14092 14099
14093 14099
14100 14102
14100 14103
14101 14102
14101 14103
14102 14103
14120 14102
14121 14102
14096 14103
14097 14103
14104 14106
14104 14107
14105 14106
14105 14107
14106 14107
14116 14106
14117 14106
14100 14107
14101 14107
14108 14110
14108 14111
14109 14110
14109 14111
14110 14111
14112 14110
14113 14110
14104 14111
14105 14111
14112 14114
14112 14115
14113 14114
14113 14115
14114 14115
14172 14115
14173 14115
14116 14118
14116 14119
14117 14118
14117 14119
14118 14119
14112 14118
14113 14118
14168 14119
14169 14119
14120 14122
14120 14123
14121 14122
14121 14123
14122 14123
14116 14122
14117 14122
14164 14123
14165 14123
14124 14126
14124 14127
14125 14126
14125 14127
14126 14127
14120 14126
14121 14126
14160 14127
14161 14127
14128 14130
14128 14131
14129 14130
14129 14131
14130 14131
14124 14130
14125 14130
14156 14131
14157 14131
14132 14134
14132 14135
14133 14134
14133 14135
14134 14135
14128 14134
14129 14134
14152 14135
14153 14135
14136 14138
14136 14139
14137 14138
14137 14139
14138 14139
14132 14138
14133 14138
14148 14139
14149 14139
14140 14142
14140 14143
14141 14142
14141 14143
14142 14143
14136 14142
14137 14142
14144 14143
14145 14143
14144 14146
14144 14147
14145 14146
14145 14147
14146 14147
14204 14146
14205 14146
14148 14150
14148 14151
14149 14150
14149 14151
14150 14151
14200 14150
14201 14150
14144 14151
14145 14151
14152 14154
14152 14155
14153 14154
14153 14155
14154 14155
14196 14154
14197 14154
14148 14155
14149 14155
14156 14158
14156 14159
14157 14158
14157 14159
14158 14159
14192 14158
14193 14158
14152 14159
14153 14159
14160 14162
14160 14163
14161 14162
14161 14163
14162 14163
14188 14162
14189 14162
14156 14163
14157 14163
14164 14166
14164 14167
14165 14166
14165 14167
14166 14167
14184 14166
14185 14166
14160 14167
14161 14167
14168 14170
14168 14171
14169 14170
14169 14171
14170 14171
14180 14170
14181 14170
14164 14171
14165 14171
14172 14174
14172 14175
14173 14174
14173 14175
14174 14175
14176 14174
14177 14174
14168 14175
14169 14175
14176 14178
14176 14179
14177 14178
14177 14179
14178 14179
14236 14179
14237 14179
14180 14182
14180 14183
14181 14182
14181 14183
14182 14183
14176 14182
14177 14182
14232 14183
14233 14183
14184 14186
14184 14187
14185 14186
14185 14187
14186 14187
14180 14186
14181 14186
14228 14187
14229 14187
14188 14190
14188 14191
14189 14190
14189 14191
14190 14191
14184 14190
14185 14190
14224 14191
14225 14191
14192 14194
14192 14195
14193 14194
14193 14195
14194 14195
14188 14194
14189 14194
14220 14195
14221 14195
14196 14198
14196 14199
14197 14198
14197 14199
14198 14199
14192 14198
14193 14198
14216 14199
14217 14199
14200 14202
14200 14203
14201 14202
14201 14203
14202 14203
14196 14202
14197 14202
14212 14203
14213 14203
14204 14206
14204 14207
14205 14206
14205 14207
14206 14207
14200 14206
14201 14206
14208 14207
14209 14207
14208 14210
14208 14211
14209 14210
14209 14211
14210 14211
14268 14210
14269 14210
14212 14214
14212 14215
14213 14214
14213 14215
14214 14215
14264 14214
14265 14214
14208 14215
14209 14215
14216 14218
14216 14219
14217 14218
14217 14219
14218 14219
14260 14218
14261 14218
14212 14219
14213 14219
14220 14222
14220 14223
14221 14222
14221 14223
14222 14223
14256 14222
14257 14222
14216 14223
14217 14223
14224 14226
14224 14227
14225 14226
14225 14227
14226 14227
14252 14226
14253 14226
14220 14227
14221 14227
14228 14230
14228 14231
14229 14230
14229 14231
14230 14231
14248 14230
14249 14230
14224 14231
14225 14231
14232 14234
14232 14235
14233 14234
14233 14235
14234 14235
14244 14234
14245 14234
14228 14235
14229 14235
14236 14238
14236 14239
14237 14238
14237 14239
14238 14239
14240 14238
14241 14238
14232 14239
14233 14239
14240 14242
14240 14243
14241 14242
14241 14243
14242 14243
14300 14243
14301 14243
14244 14246
14244 14247
14245 14246
14245 14247
14246 14247
14240 14246
14241 14246
14296 14247
14297 14247
14248 14250
14248 14251
14249 14250
14249 14251
14250 14251
14244 14250
14245 14250
14292 14251
14293 14251
14252 14254
14252 14255
14253 14254
14253 14255
14254 14255
14248 14254
14249 14254
14288 14255
14289 14255
14256 14258
14256 14259
14257 14258
14257 14259
14258 14259
14252 14258
14253 14258
14284 14259
14285 14259
14260 14262
14260 14263
14261 14262
14261 14263
14262 14263
14256 14262
14257 14262
14280 14263
14281 14263
14264 14266
14264 14267
14265 14266
14265 14267
14266 14267
14260 14266
14261 14266
14276 14267
14277 14267
14268 14270
14268 14271
14269 14270
14269 14271
14270 14271
14264 14270
14265 14270
14272 14271
14273 14271
14272 14274
14272 14275
14273 14274
14273 14275
14274 14275
14332 14274
14333 14274
14276 14278
14276 14279
14277 14278
14277 14279
14278 14279
14328 14278
14329 14278
14272 14279
14273 14279
14280 14282
14280 14283
14281 14282
14281 14283
14282 14283
14324 14282
14325 14282
14276 14283
14277 14283
14284 14286
14284 14287
14285 14286
14285 14287
14286 14287
14320 14286
14321 14286
14280 14287
14281 14287
14288 14290
14288 14291
14289 14290
14289 14291
14290 14291
14316 14290
14317 14290
14284 14291
14285 14291
14292 14294
14292 14295
14293 14294
14293 14295
14294 14295
14312 14294
14313 14294
14288 14295
14289 14295
14296 14298
14296 14299
14297 14298
14297 14299
14298 14299
14308 14298
14309 14298
14292 14299
14293 14299
14300 14302
14300 14303
14301 14302
14301 14303
14302 14303
14304 14302
14305 14302
14296 14303
14297 14303
14304 14306
14304 14307
14305 14306
14305 14307
14306 14307
14364 14307
14365 14307
14308 14310
14308 14311
14309 14310
14309 14311
14310 14311
14304 14310
14305 14310
14360 14311
14361 14311
14312 14314
14312 14315
14313 14314
14313 14315
14314 14315
14308 14314
14309 14314
14356 14315
14357 14315
14316 14318
14316 14319
14317 14318
14317 14319
14318 14319
14312 14318
14313 14318
14352 14319
14353 14319
14320 14322
14320 14323
14321 14322
14321 14323
14322 14323
14316 14322
14317 14322
14348 14323
14349 14323
14324 14326
14324 14327
14325 14326
14325 14327
14326 14327
14320 14326
14321 14326
14344 14327
14345 14327
14328 14330
14328 14331
14329 14330
14329 14331
14330 14331
14324 14330
14325 14330
14340 14331
14341 14331
14332 14334
14332 14335
14333 14334
14333 14335
14334 14335
14328 14334
14329 14334
14336 14335
14337 14335
14336 14338
14336 14339
14337 14338
14337 14339
14338 14339
14396 14338
14397 14338
14340 14342
14340 14343
14341 14342
14341 14343
14342 14343
14392 14342
14393 14342
14336 14343
14337 14343
14344 14346
14344 14347
14345 14346
14345 14347
14346 14347
14388 14346
14389 14346
14340 14347
14341 14347
14348 14350
14348 14351
14349 14350
14349 14351
14350 14351
14384 14350
14385 14350
14344 14351
14345 14351
14352 14354
14352 14355
14353 14354
14353 14355
14354 14355
14380 14354
14381 14354
14348 14355
14349 14355
14356 14358
14356 14359
14357 14358
14357 14359
14358 14359
14376 14358
14377 14358
14352 14359
14353 14359
14360 14362
14360 14363
14361 14362
14361 14363
14362 14363
14372 14362
14373 14362
14356 14363
14357 14363
14364 14366
14364 14367
14365 14366
14365 14367
14366 14367
14368 14366
14369 14366
14360 14367
14361 14367
14368 14370
14368 14371
14369 14370
14369 14371
14370 14371
14428 14371
14429 14371
14372 14374
14372 14375
14373 14374
14373 14375
14374 14375
14368 14374
14369 14374
14424 14375
14425 14375
14376 14378
14376 14379
14377 14378
14377 14379
14378 14379
14372 14378
14373 14378
14420 14379
14421 14379
14380 14382
14380 14383
14381 14382
14381 14383
14382 14383
14376 14382
14377 14382
14416 14383
14417 14383
14384 14386
14384 14387
14385 14386
14385 14387
14386 14387
14380 14386
14381 14386
14412 14387
14413 14387
14388 14390
14388 14391
14389 14390
14389 14391
14390 14391
14384 14390
14385 14390
14408 14391
14409 14391
14392 14394
14392 14395
14393 14394
14393 14395
14394 14395
14388 14394
14389 14394
14404 14395
14405 14395
14396 14398
14396 14399
14397 14398
14397 14399
14398 14399
14392 14398
14393 14398
14400 14399
14401 14399
14400 14402
14400 14403
14401 14402
14401 14403
14402 14403
14460 14402
14461 14402
14404 14406
14404 14407
14405 14406
14405 14407
14406 14407
14456 14406
14457 14406
14400 14407
14401 14407
14408 14410
14408 14411
14409 14410
14409 14411
14410 14411
14452 14410
14453 14410
14404 14411
14405 14411
14412 14414
14412 14415
14413 14414
14413 14415
14414 14415
14448 14414
14449 14414
14408 14415
14409 14415
14416 14418
14416 14419
14417 14418
14417 14419
14418 14419
14444 14418
14445 14418
14412 14419
14413 14419
14420 14422
14420 14423
14421 14422
14421 14423
14422 14423
14440 14422
14441 14422
14416 14423
14417 14423
14424 14426
14424 14427
14425 14426
14425 14427
14426 14427
14436 14426
14437 14426
14420 14427
14421 14427
14428 14430
14428 14431
14429 14430
14429 14431
14430 14431
14432 14430
14433 14430
14424 14431
14425 14431
14432 14434
14432 14435
14433 14434
14433 14435
14434 14435
14492 14435
14493 14435
14436 14438
14436 14439
14437 14438
14437 14439
14438 14439
14432 14438
14433 14438
14488 14439
14489 14439
14440 14442
14440 14443
14441 14442
14441 14443
14442 14443
14436 14442
14437 14442
14484 14443
14485 14443
14444 14446
14444 14447
14445 14446
14445 14447
14446 14447
14440 14446
14441 14446
14480 14447
14481 14447
14448 14450
14448 14451
14449 14450
14449 14451
14450 14451
14444 14450
14445 14450
14476 14451
14477 14451
14452 14454
14452 14455
14453 14454
14453 14455
14454 14455
14448 14454
14449 14454
14472 14455
14473 14455
14456 14458
14456 14459
14457 14458
14457 14459
14458 14459
14452 14458
14453 14458
14468 14459
14469 14459
14460 14462
14460 14463
14461 14462
14461 14463
14462 14463
14456 14462
14457 14462
14464 14463
14465 14463
14464 14466
14464 14467
14465 14466
14465 14467
14466 14467
14524 14466
14525 14466
14468 14470
14468 14471
14469 14470
14469 14471
14470 14471
14520 14470
14521 14470
14464 14471
14465 14471
14472 14474
14472 14475
14473 14474
14473 14475
14474 14475
14516 14474
14517 14474
14468 14475
14469 14475
14476 14478
14476 14479
14477 14478
14477 14479
14478 14479
14512 14478
14513 14478
14472 14479
14473 14479
14480 14482
14480 14483
14481 14482
14481 14483
14482 14483
14508 14482
14509 14482
14476 14483
14477 14483
14484 14486
14484 14487
14485 14486
14485 14487
14486 14487
14504 14486
14505 14486
14480 14487
14481 14487
14488 14490
14488 14491
14489 14490
14489 14491
14490 14491
14500 14490
14501 14490
14484 14491
14485 14491
14492 14494
14492 14495
14493 14494
14493 14495
14494 14495
14496 14494
14497 14494
14488 14495
14489 14495
14496 14498
14496 14499
14497 14498
14497 14499
14498 14499
14556 14499
14557 14499
14500 14502
14500 14503
14501 14502
14501 14503
14502 14503
14496 14502
14497 14502
14552 14503
14553 14503
14504 14506
14504 14507
14505 14506
14505 14507
14506 14507
14500 14506
14501 14506
14548 14507
14549 14507
14508 14510
14508 14511
14509 14510
14509 14511
14510 14511
14504 14510
14505 14510
14544 14511
14545 14511
14512 14514
14512 14515
14513 14514
14513 14515
14514 14515
14508 14514
14509 14514
14540 14515
14541 14515
14516 14518
14516 14519
14517 14518
14517 14519
14518 14519
14512 14518
14513 14518
14536 14519
14537 14519
14520 14522
14520 14523
14521 14522
14521 14523
14522 14523
14516 14522
14517 14522
14532 14523
14533 14523
14524 14526
14524 14527
14525 14526
14525 14527
14526 14527
14520 14526
14521 14526
14528 14527
14529 14527
14528 14530
14528 14531
14529 14530
14529 14531
14530 14531
14584 14530
14585 14530
14532 14534
14532 14535
14533 14534
14533 14535
14534 14535
14588 14534
14589 14534
14528 14535
14529 14535
14536 14538
14536 14539
14537 14538
14537 14539
14538 14539
14580 14538
14581 14538
14532 14539
14533 14539
14540 14542
14540 14543
14541 14542
14541 14543
14542 14543
14576 14542
14577 14542
14536 14543
14537 14543
14544 14546
14544 14547
14545 14546
14545 14547
14546 14547
14572 14546
14573 14546
14540 14547
14541 14547
14548 14550
14548 14551
14549 14550
14549 14551
14550 14551
14568 14550
14569 14550
14544 14551
14545 14551
14552 14554
14552 14555
14553 14554
14553 14555
14554 14555
14564 14554
14565 14554
14548 14555
14549 14555
14556 14558
14556 14559
14557 14558
14557 14559
14558 14559
14560 14558
14561 14558
14552 14559
14553 14559
14560 14562
14560 14563
14561 14562
14561 14563
14562 14563
14620 14563
14621 14563
14564 14566
14564 14567
14565 14566
14565 14567
14566 14567
14560 14566
14561 14566
14616 14567
14617 14567
14568 14570
14568 14571
14569 14570
14569 14571
14570 14571
14564 14570
14565 14570
14612 14571
14613 14571
14572 14574
14572 14575
14573 14574
14573 14575
14574 14575
14568 14574
14569 14574
14608 14575
14609 14575
14576 14578
14576 14579
14577 14578
14577 14579
14578 14579
14572 14578
14573 14578
14604 14579
14605 14579
14580 14582
14580 14583
14581 14582
14581 14583
14582 14583
14576 14582
14577 14582
14600 14583
14601 14583
14584 14586
14584 14587
14585 14586
14585 14587
14586 14587
14588 14586
14589 14586
14596 14587
14597 14587
14588 14590
14588 14591
14589 14590
14589 14591
14590 14591
14580 14590
14581 14590
14592 14591
14593 14591
14592 14594
14592 14595
14593 14594
14593 14595
14594 14595
14652 14594
14653 14594
14596 14595
14597 14595
14596 14598
14596 14599
14597 14598
14597 14599
14598 14599
14648 14598
14649 14598
14600 14602
14600 14603
14601 14602
14601 14603
14602 14603
14644 14602
14645 14602
14592 14603
14593 14603
14604 14606
14604 14607
14605 14606
14605 14607
14606 14607
14640 14606
14641 14606
14600 14607
14601 14607
14608 14610
14608 14611
14609 14610
14609 14611
14610 14611
14636 14610
14637 14610
14604 14611
14605 14611
14612 14614
14612 14615
14613 14614
14613 14615
14614 14615
14632 14614
14633 14614
14608 14615
14609 14615
14616 14618
14616 14619
14617 14618
14617 14619
14618 14619
14628 14618
14629 14618
14612 14619
14613 14619
14620 14622
14620 14623
14621 14622
14621 14623
14622 14623
14624 14622
14625 14622
14616 14623
14617 14623
14624 14626
14624 14627
14625 14626
14625 14627
14626 14627
14684 14627
14685 14627
14628 14630
14628 14631
14629 14630
14629 14631
14630 14631
14624 14630
14625 14630
14680 14631
14681 14631
14632 14634
14632 14635
14633 14634
14633 14635
14634 14635
14628 14634
14629 14634
14676 14635
14677 14635
14636 14638
14636 14639
14637 14638
14637 14639
14638 14639
14632 14638
14633 14638
14672 14639
14673 14639
14640 14642
14640 14643
14641 14642
14641 14643
14642 14643
14636 14642
14637 14642
14668 14643
14669 14643
14644 14646
14644 14647
14645 14646
14645 14647
14646 14647
14640 14646
14641 14646
14664 14647
14665 14647
14648 14650
14648 14651
14649 14650
14649 14651
14650 14651
14652 14650
14653 14650
14660 14651
14661 14651
14652 14654
14652 14655
14653 14654
14653 14655
14654 14655
14644 14654
14645 14654
14656 14655
14657 14655
14656 14658
14656 14659
14657 14658
14657 14659
14658 14659
14716 14658
14717 14658
14660 14659
14661 14659
14660 14662
14660 14663
14661 14662
14661 14663
14662 14663
14712 14662
14713 14662
14664 14666
14664 14667
14665 14666
14665 14667
14666 14667
14708 14666
14709 14666
14656 14667
14657 14667
14668 14670
14668 14671
14669 14670
14669 14671
14670 14671
14704 14670
14705 14670
14664 14671
14665 14671
14672 14674
14672 14675
14673 14674
14673 14675
14674 14675
14700 14674
14701 14674
14668 14675
14669 14675
14676 14678
14676 14679
14677 14678
14677 14679
14678 14679
14696 14678
14697 14678
14672 14679
14673 14679
14680 14682
14680 14683
14681 14682
14681 14683
14682 14683
14692 14682
14693 14682
14676 14683
14677 14683
14684 14686
14684 14687
14685 14686
14685 14687
14686 14687
14688 14686
14689 14686
14680 14687
14681 14687
14688 14690
14688 14691
14689 14690
14689 14691
14690 14691
14748 14691
14749 14691
14692 14694
14692 14695
14693 14694
14693 14695
14694 14695
14688 14694
14689 14694
14744 14695
14745 14695
14696 14698
14696 14699
14697 14698
14697 14699
14698 14699
14692 14698
14693 14698
14740 14699
14741 14699
14700 14702
14700 14703
14701 14702
14701 14703
14702 14703
14696 14702
14697 14702
14736 14703
14737 14703
14704 14706
14704 14707
14705 14706
14705 14707
14706 14707
14700 14706
14701 14706
14732 14707
14733 14707
14708 14710
14708 14711
14709 14710
14709 14711
14710 14711
14704 14710
14705 14710
14728 14711
14729 14711
14712 14714
14712 14715
14713 14714
14713 14715
14714 14715
14716 14714
14717 14714
14724 14715
14725 14715
14716 14718
14716 14719
14717 14718
14717 14719
14718 14719
14708 14718
14709 14718
14720 14719
14721 14719
14720 14722
14720 14723
14721 14722
14721 14723
14722 14723
14780 14722
14781 14722
14724 14723
14725 14723
14724 14726
14724 14727
14725 14726
14725 14727
14726 14727
14776 14726
14777 14726
14728 14730
14728 14731
14729 14730
14729 14731
14730 14731
14772 14730
14773 14730
14720 14731
14721 14731
14732 14734
14732 14735
14733 14734
14733 14735
14734 14735
14768 14734
14769 14734
14728 14735
14729 14735
14736 14738
14736 14739
14737 14738
14737 14739
14738 14739
14764 14738
14765 14738
14732 14739
14733 14739
14740 14742
14740 14743
14741 14742
14741 14743
14742 14743
14760 14742
14761 14742
14736 14743
14737 14743
14744 14746
14744 14747
14745 14746
14745 14747
14746 14747
14756 14746
14757 14746
14740 14747
14741 14747
14748 14750
14748 14751
14749 14750
14749 14751
14750 14751
14752 14750
14753 14750
14744 14751
14745 14751
14752 14754
14752 14755
14753 14754
14753 14755
14754 14755
14812 14755
14813 14755
14756 14758
14756 14759
14757 14758
14757 14759
14758 14759
14752 14758
14753 14758
14808 14759
14809 14759
14760 14762
14760 14763
14761 14762
14761 14763
14762 14763
14756 14762
14757 14762
14804 14763
14805 14763
14764 14766
14764 14767
14765 14766
14765 14767
14766 14767
14760 14766
14761 14766
14800 14767
14801 14767
14768 14770
14768 14771
14769 14770
14769 14771
14770 14771
14764 14770
14765 14770
14796 14771
14797 14771
14772 14774
14772 14775
14773 14774
14773 14775
14774 14775
14768 14774
14769 14774
14792 14775
14793 14775
14776 14778
14776 14779
14777 14778
14777 14779
14778 14779
14780 14778
14781 14778
14788 14779
14789 14779
14780 14782
14780 14783
14781 14782
14781 14783
14782 14783
14772 14782
14773 14782
14784 14783
14785 14783
14784 14786
14784 14787
14785 14786
14785 14787
14786 14787
14844 14786
14845 14786
14788 14787
14789 14787
14788 14790
14788 14791
14789 14790
14789 14791
14790 14791
14840 14790
14841 14790
14792 14794
14792 14795
14793 14794
14793 14795
14794 14795
14836 14794
14837 14794
14784 14795
14785 14795
14796 14798
14796 14799
14797 14798
14797 14799
14798 14799
14832 14798
14833 14798
14792 14799
14793 14799
14800 14802
14800 14803
14801 14802
14801 14803
14802 14803
14828 14802
14829 14802
14796 14803
14797 14803
14804 14806
14804 14807
14805 14806
14805 14807
14806 14807
14824 14806
14825 14806
14800 14807
14801 14807
14808 14810
14808 14811
14809 14810
14809 14811
14810 14811
14820 14810
14821 14810
14804 14811
14805 14811
14812 14814
14812 14815
14813 14814
14813 14815
14814 14815
14816 14814
14817 14814
14808 14815
14809 14815
14816 14818
14816 14819
14817 14818
14817 14819
14818 14819
14876 14819
14877 14819
14820 14822
14820 14823
14821 14822
14821 14823
14822 14823
14816 14822
14817 14822
14872 14823
14873 14823
14824 14826
14824 14827
14825 14826
14825 14827
14826 14827
14820 14826
14821 14826
14868 14827
14869 14827
14828 14830
14828 14831
14829 14830
14829 14831
14830 14831
14824 14830
14825 14830
14864 14831
14865 14831
14832 14834
14832 14835
14833 14834
14833 14835
14834 14835
14828 14834
14829 14834
14860 14835
14861 14835
14836 14838
14836 14839
14837 14838
14837 14839
14838 14839
14832 14838
14833 14838
14856 14839
14857 14839
14840 14842
14840 14843
14841 14842
14841 14843
14842 14843
14844 14842
14845 14842
14852 14843
14853 14843
14844 14846
14844 14847
14845 14846
14845 14847
14846 14847
14836 14846
14837 14846
14848 14847
14849 14847
14848 14850
14848 14851
14849 14850
14849 14851
14850 14851
14908 14850
14909 14850
14852 14851
14853 14851
14852 14854
14852 14855
14853 14854
14853 14855
14854 14855
14904 14854
14905 14854
14856 14858
14856 14859
14857 14858
14857 14859
14858 14859
14900 14858
14901 14858
14848 14859
14849 14859
14860 14862
14860 14863
14861 14862
14861 14863
14862 14863
14896 14862
14897 14862
14856 14863
14857 14863
14864 14866
14864 14867
14865 14866
14865 14867
14866 14867
14892 14866
14893 14866
14860 14867
14861 14867
14868 14870
14868 14871
14869 14870
14869 14871
14870 14871
14888 14870
14889 14870
14864 14871
14865 14871
14872 14874
14872 14875
14873 14874
14873 14875
14874 14875
14884 14874
14885 14874
14868 14875
14869 14875
14876 14878
14876 14879
14877 14878
14877 14879
14878 14879
14880 14878
14881 14878
14872 14879
14873 14879
14880 14882
14880 14883
14881 14882
14881 14883
14882 14883
14940 14883
14941 14883
14884 14886
14884 14887
14885 14886
14885 14887
14886 14887
14880 14886
14881 14886
14936 14887
14937 14887
14888 14890
14888 14891
14889 14890
14889 14891
14890 14891
14884 14890
14885 14890
14932 14891
14933 14891
14892 14894
14892 14895
14893 14894
14893 14895
14894 14895
14888 14894
14889 14894
14928 14895
14929 14895
14896 14898
14896 14899
14897 14898
14897 14899
14898 14899
14892 14898
14893 14898
14924 14899
14925 14899
14900 14902
14900 14903
14901 14902
14901 14903
14902 14903
14896 14902
14897 14902
14920 14903
14921 14903
14904 14906
14904 14907
14905 14906
14905 14907
14906 14907
14908 14906
14909 14906
14916 14907
14917 14907
14908 14910
14908 14911
14909 14910
14909 14911
14910 14911
14900 14910
14901 14910
14912 14911
14913 14911
14912 14914
14912 14915
14913 14914
14913 14915
14914 14915
14972 14914
14973 14914
14916 14915
14917 14915
14916 14918
14916 14919
14917 14918
14917 14919
14918 14919
14968 14918
14969 14918
14920 14922
14920 14923
14921 14922
14921 14923
14922 14923
14964 14922
14965 14922
14912 14923
14913 14923
14924 14926
14924 14927
14925 14926
14925 14927
14926 14927
14960 14926
14961 14926
14920 14927
14921 14927
14928 14930
14928 14931
14929 14930
14929 14931
14930 14931
14956 14930
14957 14930
14924 14931
14925 14931
14932 14934
14932 14935
14933 14934
14933 14935
14934 14935
14952 14934
14953 14934
14928 14935
14929 14935
14936 14938
14936 14939
14937 14938
14937 14939
14938 14939
14948 14938
14949 14938
14932 14939
14933 14939
14940 14942
14940 14943
14941 14942
14941 14943
14942 14943
14944 14942
14945 14942
14936 14943
14937 14943
14944 14946
14944 14947
14945 14946
14945 14947
14946 14947
15004 14947
15005 14947
14948 14950
14948 14951
14949 14950
14949 14951
14950 14951
14944 14950
14945 14950
15000 14951
15001 14951
14952 14954
14952 14955
14953 14954
14953 14955
14954 14955
14948 14954
14949 14954
14996 14955
14997 14955
14956 14958
14956 14959
14957 14958
14957 14959
14958 14959
14952 14958
14953 14958
14992 14959
14993 14959
14960 14962
14960 14963
14961 14962
14961 14963
14962 14963
14956 14962
14957 14962
14988 14963
14989 14963
14964 14966
14964 14967
14965 14966
14965 14967
14966 14967
14960 14966
14961 14966
14984 14967
14985 14967
14968 14970
14968 14971
14969 14970
14969 14971
14970 14971
14972 14970
14973 14970
14980 14971
14981 14971
14972 14974
14972 14975
14973 14974
14973 14975
14974 14975
14964 14974
14965 14974
14976 14975
14977 14975
14976 14978
14976 14979
14977 14978
14977 14979
14978 14979
15036 14978
15037 14978
14980 14979
14981 14979
14980 14982
14980 14983
14981 14982
14981 14983
14982 14983
15032 14982
15033 14982
14984 14986
14984 14987
14985 14986
14985 14987
14986 14987
15028 14986
15029 14986
14976 14987
14977 14987
14988 14990
14988 14991
14989 14990
14989 14991
14990 14991
15024 14990
15025 14990
14984 14991
14985 14991
14992 14994
14992 14995
14993 14994
14993 14995
14994 14995
15020 14994
15021 14994
14988 14995
14989 14995
14996 14998
14996 14999
14997 14998
14997 14999
14998 14999
15016 14998
15017 14998
14992 14999
14993 14999
15000 15002
15000 15003
15001 15002
15001 15003
15002 15003
15012 15002
15013 15002
14996 15003
14997 15003
15004 15006
15004 15007
15005 15006
15005 15007
15006 15007
15008 15006
15009 15006
15000 15007
15001 15007
15008 15010
15008 15011
15009 15010
15009 15011
15010 15011
15068 15011
15069 15011
15012 15014
15012 15015
15013 15014
15013 15015
15014 15015
15008 15014
15009 15014
15064 15015
15065 15015
15016 15018
15016 15019
15017 15018
15017 15019
15018 15019
15012 15018
15013 15018
15060 15019
15061 15019
15020 15022
15020 15023
15021 15022
15021 15023
15022 15023
15016 15022
15017 15022
15056 15023
15057 15023
15024 15026
15024 15027
15025 15026
15025 15027
15026 15027
15020 15026
15021 15026
15052 15027
15053 15027
15028 15030
15028 15031
15029 15030
15029 15031
15030 15031
15024 15030
15025 15030
15048 15031
15049 15031
15032 15034
15032 15035
15033 15034
15033 15035
15034 15035
15036 15034
15037 15034
15044 15035
15045 15035
15036 15038
15036 15039
15037 15038
15037 15039
15038 15039
15028 15038
15029 15038
15040 15039
15041 15039
15040 15042
15040 15043
15041 15042
15041 15043
15042 15043
15100 15042
15101 15042
15044 15043
15045 15043
15044 15046
15044 15047
15045 15046
15045 15047
15046 15047
15096 15046
15097 15046
15048 15050
15048 15051
15049 15050
15049 15051
15050 15051
15092 15050
15093 15050
15040 15051
15041 15051
15052 15054
15052 15055
15053 15054
15053 15055
15054 15055
15088 15054
15089 15054
15048 15055
15049 15055
15056 15058
15056 15059
15057 15058
15057 15059
15058 15059
15084 15058
15085 15058
15052 15059
15053 15059
15060 15062
15060 15063
15061 15062
15061 15063
15062 15063
15080 15062
15081 15062
15056 15063
15057 15063
15064 15066
15064 15067
15065 15066
15065 15067
15066 15067
15076 15066
15077 15066
15060 15067
15061 15067
15068 15070
15068 15071
15069 15070
15069 15071
15070 15071
15072 15070
15073 15070
15064 15071
15065 15071
15072 15074
15072 15075
15073 15074
15073 15075
15074 15075
15076 15078
15076 15079
15077 15078
15077 15079
15078 15079
15072 15078
15073 15078
15080 15082
15080 15083
15081 15082
15081 15083
15082 15083
15076 15082
15077 15082
15084 15086
15084 15087
15085 15086
15085 15087
15086 15087
15080 15086
15081 15086
15088 15090
15088 15091
15089 15090
15089 15091
15090 15091
15084 15090
15085 15090
15092 15094
15092 15095
15093 15094
15093 15095
15094 15095
15088 15094
15089 15094
15096 15098
15096 15099
15097 15098
15097 15099
15098 15099
15100 15098
15101 15098
15100 15102
15100 15103
15101 15102
15101 15103
15102 15103
15092 15102
15093 15102
15104 15106
15104 15107
15105 15106
15105 15107
15106 15107
15164 15107
15165 15107
15108 15110
15108 15111
15109 15110
15109 15111
15110 15111
15104 15110
15105 15110
15160 15111
15161 15111
15112 15114
15112 15115
15113 15114
15113 15115
15114 15115
15108 15114
15109 15114
15156 15115
15157 15115
15116 15118
15116 15119
15117 15118
15117 15119
15118 15119
15112 15118
15113 15118
15152 15119
15153 15119
15120 15122
15120 15123
15121 15122
15121 15123
15122 15123
15116 15122
15117 15122
15148 15123
15149 15123
15124 15126
15124 15127
15125 15126
15125 15127
15126 15127
15120 15126
15121 15126
15144 15127
15145 15127
15128 15130
15128 15131
15129 15130
15129 15131
15130 15131
15124 15130
15125 15130
15140 15131
15141 15131
15132 15134
15132 15135
15133 15134
15133 15135
15134 15135
15128 15134
15129 15134
15136 15135
15137 15135
15136 15138
15136 15139
15137 15138
15137 15139
15138 15139
15196 15138
15197 15138
15140 15142
15140 15143
15141 15142
15141 15143
15142 15143
15192 15142
15193 15142
15136 15143
15137 15143
15144 15146
15144 15147
15145 15146
15145 15147
15146 15147
15188 15146
15189 15146
15140 15147
15141 15147
15148 15150
15148 15151
15149 15150
15149 15151
15150 15151
15184 15150
15185 15150
15144 15151
15145 15151
15152 15154
15152 15155
15153 15154
15153 15155
15154 15155
15180 15154
15181 15154
15148 15155
15149 15155
15156 15158
15156 15159
15157 15158
15157 15159
15158 15159
15176 15158
15177 15158
15152 15159
15153 15159
15160 15162
15160 15163
15161 15162
15161 15163
15162 15163
15172 15162
15173 15162
15156 15163
15157 15163
15164 15166
15164 15167
15165 15166
15165 15167
15166 15167
15168 15166
15169 15166
15160 15167
15161 15167
15168 15170
15168 15171
15169 15170
15169 15171
15170 15171
15228 15171
15229 15171
15172 15174
15172 15175
15173 15174
15173 15175
15174 15175
15168 15174
15169 15174
15224 15175
15225 15175
15176 15178
15176 15179
15177 15178
15177 15179
15178 15179
15172 15178
15173 15178
15220 15179
15221 15179
15180 15182
15180 15183
15181 15182
15181 15183
15182 15183
15176 15182
15177 15182
15216 15183
15217 15183
15184 15186
15184 15187
15185 15186
15185 15187
15186 15187
15180 15186
15181 15186
15212 15187
15213 15187
15188 15190
15188 15191
15189 15190
15189 15191
15190 15191
15184 15190
15185 15190
15208 15191
15209 15191
15192 15194
15192 15195
15193 15194
15193 15195
15194 15195
15188 15194
15189 15194
15204 15195
15205 15195
15196 15198
15196 15199
15197 15198
15197 15199
15198 15199
15192 15198
15193 15198
15200 15199
15201 15199
15200 15202
15200 15203
15201 15202
15201 15203
15202 15203
15260 15202
15261 15202
15204 15206
15204 15207
15205 15206
15205 15207
15206 15207
15256 15206
15257 15206
15200 15207
15201 15207
15208 15210
15208 15211
15209 15210
15209 15211
15210 15211
15252 15210
15253 15210
15204 15211
15205 15211
15212 15214
15212 15215
15213 15214
15213 15215
15214 15215
15248 15214
15249 15214
15208 15215
15209 15215
15216 15218
15216 15219
15217 15218
15217 15219
15218 15219
15244 15218
15245 15218
15212 15219
15213 15219
15220 15222
15220 15223
15221 15222
15221 15223
15222 15223
15240 15222
15241 15222
15216 15223
15217 15223
15224 15226
15224 15227
15225 15226
15225 15227
15226 15227
15236 15226
15237 15226
15220 15227
15221 15227
15228 15230
15228 15231
15229 15230
15229 15231
15230 15231
15232 15230
15233 15230
15224 15231
15225 15231
15232 15234
15232 15235
15233 15234
15233 15235
15234 15235
15292 15235
15293 15235
15236 15238
15236 15239
15237 15238
15237 15239
15238 15239
15232 15238
15233 15238
15288 15239
15289 15239
15240 15242
15240 15243
15241 15242
15241 15243
15242 15243
15236 15242
15237 15242
15284 15243
15285 15243
15244 15246
15244 15247
15245 15246
15245 15247
15246 15247
15240 15246
15241 15246
15280 15247
15281 15247
15248 15250
15248 15251
15249 15250
15249 15251
15250 15251
15244 15250
15245 15250
15276 15251
15277 15251
15252 15254
15252 15255
15253 15254
15253 15255
15254 15255
15248 15254
15249 15254
15272 15255
15273 15255
15256 15258
15256 15259
15257 15258
15257 15259
15258 15259
15252 15258
15253 15258
15268 15259
15269 15259
15260 15262
15260 15263
15261 15262
15261 15263
15262 15263
15256 15262
15257 15262
15264 15263
15265 15263
15264 15266
15264 15267
15265 15266
15265 15267
15266 15267
15324 15266
15325 15266
15268 15270
15268 15271
15269 15270
15269 15271
15270 15271
15320 15270
15321 15270
15264 15271
15265 15271
15272 15274
15272 15275
15273 15274
15273 15275
15274 15275
15316 15274
15317 15274
15268 15275
15269 15275
15276 15278
15276 15279
15277 15278
15277 15279
15278 15279
15312 15278
15313 15278
15272 15279
15273 15279
15280 15282
15280 15283
15281 15282
15281 15283
15282 15283
15308 15282
15309 15282
15276 15283
15277 15283
15284 15286
15284 15287
15285 15286
15285 15287
15286 15287
15304 15286
15305 15286
15280 15287
15281 15287
15288 15290
15288 15291
15289 15290
15289 15291
15290 15291
15300 15290
15301 15290
15284 15291
15285 15291
15292 15294
15292 15295
15293 15294
15293 15295
15294 15295
15296 15294
15297 15294
15288 15295
15289 15295
15296 15298
15296 15299
15297 15298
15297 15299
15298 15299
15356 15299
15357 15299
15300 15302
15300 15303
15301 15302
15301 15303
15302 15303
15296 15302
15297 15302
15352 15303
15353 15303
15304 15306
15304 15307
15305 15306
15305 15307
15306 15307
15300 15306
15301 15306
15348 15307
15349 15307
15308 15310
15308 15311
15309 15310
15309 15311
15310 15311
15304 15310
15305 15310
15344 15311
15345 15311
15312 15314
15312 15315
15313 15314
15313 15315
15314 15315
15308 15314
15309 15314
15340 15315
15341 15315
15316 15318
15316 15319
15317 15318
15317 15319
15318 15319
15312 15318
15313 15318
15336 15319
15337 15319
15320 15322
15320 15323
15321 15322
15321 15323
15322 15323
15316 15322
15317 15322
15332 15323
15333 15323
15324 15326
15324 15327
15325 15326
15325 15327
15326 15327
15320 15326
15321 15326
15328 15327
15329 15327
15328 15330
15328 15331
15329 15330
15329 15331
15330 15331
15388 15330
15389 15330
15332 15334
15332 15335
15333 15334
15333 15335
15334 15335
15384 15334
15385 15334
15328 15335
15329 15335
15336 15338
15336 15339
15337 15338
15337 15339
15338 15339
15380 15338
15381 15338
15332 15339
15333 15339
15340 15342
15340 15343
15341 15342
15341 15343
15342 15343
15376 15342
15377 15342
15336 15343
15337 15343
15344 15346
15344 15347
15345 15346
15345 15347
15346 15347
15372 15346
15373 15346
15340 15347
15341 15347
15348 15350
15348 15351
15349 15350
15349 15351
15350 15351
15368 15350
15369 15350
15344 15351
15345 15351
15352 15354
15352 15355
15353 15354
15353 15355
15354 15355
15364 15354
15365 15354
15348 15355
15349 15355
15356 15358
15356 15359
15357 15358
15357 15359
15358 15359
15360 15358
15361 15358
15352 15359
15353 15359
15360 15362
15360 15363
15361 15362
15361 15363
15362 15363
15420 15363
15421 15363
15364 15366
15364 15367
15365 15366
15365 15367
15366 15367
15360 15366
15361 15366
15416 15367
15417 15367
15368 15370
15368 15371
15369 15370
15369 15371
15370 15371
15364 15370
15365 15370
15412 15371
15413 15371
15372 15374
15372 15375
15373 15374
15373 15375
15374 15375
15368 15374
15369 15374
15408 15375
15409 15375
15376 15378
15376 15379
15377 15378
15377 15379
15378 15379
15372 15378
15373 15378
15404 15379
15405 15379
15380 15382
15380 15383
15381 15382
15381 15383
15382 15383
15376 15382
15377 15382
15400 15383
15401 15383
15384 15386
15384 15387
15385 15386
15385 15387
15386 15387
15380 15386
15381 15386
15396 15387
15397 15387
15388 15390
15388 15391
15389 15390
15389 15391
15390 15391
15384 15390
15385 15390
15392 15391
15393 15391
15392 15394
15392 15395
15393 15394
15393 15395
15394 15395
15452 15394
15453 15394
15396 15398
15396 15399
15397 15398
15397 15399
15398 15399
15448 15398
15449 15398
15392 15399
15393 15399
15400 15402
15400 15403
15401 15402
15401 15403
15402 15403
15444 15402
15445 15402
15396 15403
15397 15403
15404 15406
15404 15407
15405 15406
15405 15407
15406 15407
15440 15406
15441 15406
15400 15407
15401 15407
15408 15410
15408 15411
15409 15410
15409 15411
15410 15411
15436 15410
15437 15410
15404 15411
15405 15411
15412 15414
15412 15415
15413 15414
15413 15415
15414 15415
15432 15414
15433 15414
15408 15415
15409 15415
15416 15418
15416 15419
15417 15418
15417 15419
15418 15419
15428 15418
15429 15418
15412 15419
15413 15419
15420 15422
15420 15423
15421 15422
15421 15423
15422 15423
15424 15422
15425 15422
15416 15423
15417 15423
15424 15426
15424 15427
15425 15426
15425 15427
15426 15427
15484 15427
15485 15427
15428 15430
15428 15431
15429 15430
15429 15431
15430 15431
15424 15430
15425 15430
15480 15431
15481 15431
15432 15434
15432 15435
15433 15434
15433 15435
15434 15435
15428 15434
15429 15434
15476 15435
15477 15435
15436 15438
15436 15439
15437 15438
15437 15439
15438 15439
15432 15438
15433 15438
15472 15439
15473 15439
15440 15442
15440 15443
15441 15442
15441 15443
15442 15443
15436 15442
15437 15442
15468 15443
15469 15443
15444 15446
15444 15447
15445 15446
15445 15447
15446 15447
15440 15446
15441 15446
15464 15447
15465 15447
15448 15450
15448 15451
15449 15450
15449 15451
15450 15451
15444 15450
15445 15450
15460 15451
15461 15451
15452 15454
15452 15455
15453 15454
15453 15455
15454 15455
15448 15454
15449 15454
15456 15455
15457 15455
15456 15458
15456 15459
15457 15458
15457 15459
15458 15459
15516 15458
15517 15458
15460 15462
15460 15463
15461 15462
15461 15463
15462 15463
15512 15462
15513 15462
15456 15463
15457 15463
15464 15466
15464 15467
15465 15466
15465 15467
15466 15467
15508 15466
15509 15466
15460 15467
15461 15467
15468 15470
15468 15471
15469 15470
15469 15471
15470 15471
15504 15470
15505 15470
15464 15471
15465 15471
15472 15474
15472 15475
15473 15474
15473 15475
15474 15475
15500 15474
15501 15474
15468 15475
15469 15475
15476 15478
15476 15479
15477 15478
15477 15479
15478 15479
15496 15478
15497 15478
15472 15479
15473 15479
15480 15482
15480 15483
15481 15482
15481 15483
15482 15483
15492 15482
15493 15482
15476 15483
15477 15483
15484 15486
15484 15487
15485 15486
15485 15487
15486 15487
15488 15486
15489 15486
15480 15487
15481 15487
15488 15490
15488 15491
15489 15490
15489 15491
15490 15491
15548 15491
15549 15491
15492 15494
15492 15495
15493 15494
15493 15495
15494 15495
15488 15494
15489 15494
15544 15495
15545 15495
15496 15498
15496 15499
15497 15498
15497 15499
15498 15499
15492 15498
15493 15498
15540 15499
15541 15499
15500 15502
15500 15503
15501 15502
15501 15503
15502 15503
15496 15502
15497 15502
15536 15503
15537 15503
15504 15506
15504 15507
15505 15506
15505 15507
15506 15507
15500 15506
15501 15506
15532 15507
15533 15507
15508 15510
15508 15511
15509 15510
15509 15511
15510 15511
15504 15510
15505 15510
15528 15511
15529 15511
15512 15514
15512 15515
15513 15514
15513 15515
15514 15515
15508 15514
15509 15514
15524 15515
15525 15515
15516 15518
15516 15519
15517 15518
15517 15519
15518 15519
15512 15518
15513 15518
15520 15519
15521 15519
15520 15522
15520 15523
15521 15522
15521 15523
15522 15523
15580 15522
15581 15522
15524 15526
15524 15527
15525 15526
15525 15527
15526 15527
15576 15526
15577 15526
15520 15527
15521 15527
15528 15530
15528 15531
15529 15530
15529 15531
15530 15531
15572 15530
15573 15530
15524 15531
15525 15531
15532 15534
15532 15535
15533 15534
15533 15535
15534 15535
15568 15534
15569 15534
15528 15535
15529 15535
15536 15538
15536 15539
15537 15538
15537 15539
15538 15539
15564 15538
15565 15538
15532 15539
15533 15539
15540 15542
15540 15543
15541 15542
15541 15543
15542 15543
15560 15542
15561 15542
15536 15543
15537 15543
15544 15546
15544 15547
15545 15546
15545 15547
15546 15547
15556 15546
15557 15546
15540 15547
15541 15547
15548 15550
15548 15551
15549 15550
15549 15551
15550 15551
15552 15550
15553 15550
15544 15551
15545 15551
15552 15554
15552 15555
15553 15554
15553 15555
15554 15555
15612 15555
15613 15555
15556 15558
15556 15559
15557 15558
15557 15559
15558 15559
15552 15558
15553 15558
15608 15559
15609 15559
15560 15562
15560 15563
15561 15562
15561 15563
15562 15563
15556 15562
15557 15562
15604 15563
15605 15563
15564 15566
15564 15567
15565 15566
15565 15567
15566 15567
15560 15566
15561 15566
15600 15567
15601 15567
15568 15570
15568 15571
15569 15570
15569 15571
15570 15571
15564 15570
15565 15570
15596 15571
15597 15571
15572 15574
15572 15575
15573 15574
15573 15575
15574 15575
15568 15574
15569 15574
15592 15575
15593 15575
15576 15578
15576 15579
15577 15578
15577 15579
15578 15579
15572 15578
15573 15578
15588 15579
15589 15579
15580 15582
15580 15583
15581 15582
15581 15583
15582 15583
15576 15582
15577 15582
15584 15583
15585 15583
15584 15586
15584 15587
15585 15586
15585 15587
15586 15587
15644 15586
15645 15586
15588 15590
15588 15591
15589 15590
15589 15591
15590 15591
15640 15590
15641 15590
15584 15591
15585 15591
15592 15594
15592 15595
15593 15594
15593 15595
15594 15595
15636 15594
15637 15594
15588 15595
15589 15595
15596 15598
15596 15599
15597 15598
15597 15599
15598 15599
15632 15598
15633 15598
15592 15599
15593 15599
15600 15602
15600 15603
15601 15602
15601 15603
15602 15603
15628 15602
15629 15602
15596 15603
15597 15603
15604 15606
15604 15607
15605 15606
15605 15607
15606 15607
15624 15606
15625 15606
15600 15607
15601 15607
15608 15610
15608 15611
15609 15610
15609 15611
15610 15611
15620 15610
15621 15610
15604 15611
15605 15611
15612 15614
15612 15615
15613 15614
15613 15615
15614 15615
15616 15614
15617 15614
15608 15615
15609 15615
15616 15618
15616 15619
15617 15618
15617 15619
15618 15619
15676 15619
15677 15619
15620 15622
15620 15623
15621 15622
15621 15623
15622 15623
15616 15622
15617 15622
15672 15623
15673 15623
15624 15626
15624 15627
15625 15626
15625 15627
15626 15627
15620 15626
15621 15626
15668 15627
15669 15627
15628 15630
15628 15631
15629 15630
15629 15631
15630 15631
15624 15630
15625 15630
15664 15631
15665 15631
15632 15634
15632 15635
15633 15634
15633 15635
15634 15635
15628 15634
15629 15634
15660 15635
15661 15635
15636 15638
15636 15639
15637 15638
15637 15639
15638 15639
15632 15638
15633 15638
15656 15639
15657 15639
15640 15642
15640 15643
15641 15642
15641 15643
15642 15643
15636 15642
15637 15642
15652 15643
15653 15643
15644 15646
15644 15647
15645 15646
15645 15647
15646 15647
15640 15646
15641 15646
15648 15647
15649 15647
15648 15650
15648 15651
15649 15650
15649 15651
15650 15651
15704 15650
15705 15650
15652 15654
15652 15655
15653 15654
15653 15655
15654 15655
15708 15654
15709 15654
15648 15655
15649 15655
15656 15658
15656 15659
15657 15658
15657 15659
15658 15659
15700 15658
15701 15658
15652 15659
15653 15659
15660 15662
15660 15663
15661 15662
15661 15663
15662 15663
15696 15662
15697 15662
15656 15663
15657 15663
15664 15666
15664 15667
15665 15666
15665 15667
15666 15667
15692 15666
15693 15666
15660 15667
15661 15667
15668 15670
15668 15671
15669 15670
15669 15671
15670 15671
15688 15670
15689 15670
15664 15671
15665 15671
15672 15674
15672 15675
15673 15674
15673 15675
15674 15675
15684 15674
15685 15674
15668 15675
15669 15675
15676 15678
15676 15679
15677 15678
15677 15679
15678 15679
15680 15678
15681 15678
15672 15679
15673 15679
15680 15682
15680 15683
15681 15682
15681 15683
15682 15683
15740 15683
15741 15683
15684 15686
15684 15687
15685 15686
15685 15687
15686 15687
15680 15686
15681 15686
15736 15687
15737 15687
15688 15690
15688 15691
15689 15690
15689 15691
15690 15691
15684 15690
15685 15690
15732 15691
15733 15691
15692 15694
15692 15695
15693 15694
15693 15695
15694 15695
15688 15694
15689 15694
15728 15695
15729 15695
15696 15698
15696 15699
15697 15698
15697 15699
15698 15699
15692 15698
15693 15698
15724 15699
15725 15699
15700 15702
15700 15703
15701 15702
15701 15703
15702 15703
15696 15702
15697 15702
15720 15703
15721 15703
15704 15706
15704 15707
15705 15706
15705 15707
15706 15707
15708 15706
15709 15706
15716 15707
15717 15707
15708 15710
15708 15711
15709 15710
15709 15711
15710 15711
15700 15710
15701 15710
15712 15711
15713 15711
15712 15714
15712 15715
15713 15714
15713 15715
15714 15715
15772 15714
15773 15714
15716 15715
15717 15715
15716 15718
15716 15719
15717 15718
15717 15719
15718 15719
15768 15718
15769 15718
15720 15722
15720 15723
15721 15722
15721 15723
15722 15723
15764 15722
15765 15722
15712 15723
15713 15723
15724 15726
15724 15727
15725 15726
15725 15727
15726 15727
15760 15726
15761 15726
15720 15727
15721 15727
15728 15730
15728 15731
15729 15730
15729 15731
15730 15731
15756 15730
15757 15730
15724 15731
15725 15731
15732 15734
15732 15735
15733 15734
15733 15735
15734 15735
15752 15734
15753 15734
15728 15735
15729 15735
15736 15738
15736 15739
15737 15738
15737 15739
15738 15739
15748 15738
15749 15738
15732 15739
15733 15739
15740 15742
15740 15743
15741 15742
15741 15743
15742 15743
15744 15742
15745 15742
15736 15743
15737 15743
15744 15746
15744 15747
15745 15746
15745 15747
15746 15747
15804 15747
15805 15747
15748 15750
15748 15751
15749 15750
15749 15751
15750 15751
15744 15750
15745 15750
15800 15751
15801 15751
15752 15754
15752 15755
15753 15754
15753 15755
15754 15755
15748 15754
15749 15754
15796 15755
15797 15755
15756 15758
15756 15759
15757 15758
15757 15759
15758 15759
15752 15758
15753 15758
15792 15759
15793 15759
15760 15762
15760 15763
15761 15762
15761 15763
15762 15763
15756 15762
15757 15762
15788 15763
15789 15763
15764 15766
15764 15767
15765 15766
15765 15767
15766 15767
15760 15766
15761 15766
15784 15767
15785 15767
15768 15770
15768 15771
15769 15770
15769 15771
15770 15771
15772 15770
15773 15770
15780 15771
15781 15771
15772 15774
15772 15775
15773 15774
15773 15775
15774 15775
15764 15774
15765 15774
15776 15775
15777 15775
15776 15778
15776 15779
15777 15778
15777 15779
15778 15779
15836 15778
15837 15778
15780 15779
15781 15779
15780 15782
15780 15783
15781 15782
15781 15783
15782 15783
15832 15782
15833 15782
15784 15786
15784 15787
15785 15786
15785 15787
15786 15787
15828 15786
15829 15786
15776 15787
15777 15787
15788 15790
15788 15791
15789 15790
15789 15791
15790 15791
15824 15790
15825 15790
15784 15791
15785 15791
15792 15794
15792 15795
15793 15794
15793 15795
15794 15795
15820 15794
15821 15794
15788 15795
15789 15795
15796 15798
15796 15799
15797 15798
15797 15799
15798 15799
15816 15798
15817 15798
15792 15799
15793 15799
15800 15802
15800 15803
15801 15802
15801 15803
15802 15803
15812 15802
15813 15802
15796 15803
15797 15803
15804 15806
15804 15807
15805 15806
15805 15807
15806 15807
15808 15806
15809 15806
15800 15807
15801 15807
15808 15810
15808 15811
15809 15810
15809 15811
15810 15811
15868 15811
15869 15811
15812 15814
15812 15815
15813 15814
15813 15815
15814 15815
15808 15814
15809 15814
15864 15815
15865 15815
15816 15818
15816 15819
15817 15818
15817 15819
15818 15819
15812 15818
15813 15818
15860 15819
15861 15819
15820 15822
15820 15823
15821 15822
15821 15823
15822 15823
15816 15822
15817 15822
15856 15823
15857 15823
15824 15826
15824 15827
15825 15826
15825 15827
15826 15827
15820 15826
15821 15826
15852 15827
15853 15827
15828 15830
15828 15831
15829 15830
15829 15831
15830 15831
15824 15830
15825 15830
15848 15831
15849 15831
15832 15834
15832 15835
15833 15834
15833 15835
15834 15835
15836 15834
15837 15834
15844 15835
15845 15835
15836 15838
15836 15839
15837 15838
15837 15839
15838 15839
15828 15838
15829 15838
15840 15839
15841 15839
15840 15842
15840 15843
15841 15842
15841 15843
15842 15843
15900 15842
15901 15842
15844 15843
15845 15843
15844 15846
15844 15847
15845 15846
15845 15847
15846 15847
15896 15846
15897 15846
15848 15850
15848 15851
15849 15850
15849 15851
15850 15851
15892 15850
15893 15850
15840 15851
15841 15851
15852 15854
15852 15855
15853 15854
15853 15855
15854 15855
15888 15854
15889 15854
15848 15855
15849 15855
15856 15858
15856 15859
15857 15858
15857 15859
15858 15859
15884 15858
15885 15858
15852 15859
15853 15859
15860 15862
15860 15863
15861 15862
15861 15863
15862 15863
15880 15862
15881 15862
15856 15863
15857 15863
15864 15866
15864 15867
15865 15866
15865 15867
15866 15867
15876 15866
15877 15866
15860 15867
15861 15867
15868 15870
15868 15871
15869 15870
15869 15871
15870 15871
15872 15870
15873 15870
15864 15871
15865 15871
15872 15874
15872 15875
15873 15874
15873 15875
15874 15875
15932 15875
15933 15875
15876 15878
15876 15879
15877 15878
15877 15879
15878 15879
15872 15878
15873 15878
15928 15879
15929 15879
15880 15882
15880 15883
15881 15882
15881 15883
15882 15883
15876 15882
15877 15882
15924 15883
15925 15883
15884 15886
15884 15887
15885 15886
15885 15887
15886 15887
15880 15886
15881 15886
15920 15887
15921 15887
15888 15890
15888 15891
15889 15890
15889 15891
15890 15891
15884 15890
15885 15890
15916 15891
15917 15891
15892 15894
15892 15895
15893 15894
15893 15895
15894 15895
15888 15894
15889 15894
15912 15895
15913 15895
15896 15898
15896 15899
15897 15898
15897 15899
15898 15899
15900 15898
15901 15898
15908 15899
15909 15899
15900 15902
15900 15903
15901 15902
15901 15903
15902 15903
15892 15902
15893 15902
15904 15903
15905 15903
15904 15906
15904 15907
15905 15906
15905 15907
15906 15907
15964 15906
15965 15906
15908 15907
15909 15907
15908 15910
15908 15911
15909 15910
15909 15911
15910 15911
15960 15910
15961 15910
15912 15914
15912 15915
15913 15914
15913 15915
15914 15915
15956 15914
15957 15914
15904 15915
15905 15915
15916 15918
15916 15919
15917 15918
15917 15919
15918 15919
15952 15918
15953 15918
15912 15919
15913 15919
15920 15922
15920 15923
15921 15922
15921 15923
15922 15923
15948 15922
15949 15922
15916 15923
15917 15923
15924 15926
15924 15927
15925 15926
15925 15927
15926 15927
15944 15926
15945 15926
15920 15927
15921 15927
15928 15930
15928 15931
15929 15930
15929 15931
15930 15931
15940 15930
15941 15930
15924 15931
15925 15931
15932 15934
15932 15935
15933 15934
15933 15935
15934 15935
15936 15934
15937 15934
15928 15935
15929 15935
15936 15938
15936 15939
15937 15938
15937 15939
15938 15939
15996 15939
15997 15939
15940 15942
15940 15943
15941 15942
15941 15943
15942 15943
15936 15942
15937 15942
15992 15943
15993 15943
15944 15946
15944 15947
15945 15946
15945 15947
15946 15947
15940 15946
15941 15946
15988 15947
15989 15947
15948 15950
15948 15951
15949 15950
15949 15951
15950 15951
15944 15950
15945 15950
15984 15951
15985 15951
15952 15954
15952 15955
15953 15954
15953 15955
15954 15955
15948 15954
15949 15954
15980 15955
15981 15955
15956 15958
15956 15959
15957 15958
15957 15959
15958 15959
15952 15958
15953 15958
15976 15959
15977 15959
15960 15962
15960 15963
15961 15962
15961 15963
15962 15963
15964 15962
15965 15962
15972 15963
15973 15963
15964 15966
15964 15967
15965 15966
15965 15967
15966 15967
15956 15966
15957 15966
15968 15967
15969 15967
15968 15970
15968 15971
15969 15970
15969 15971
15970 15971
16028 15970
16029 15970
15972 15971
15973 15971
15972 15974
15972 15975
15973 15974
15973 15975
15974 15975
16024 15974
16025 15974
15976 15978
15976 15979
15977 15978
15977 15979
15978 15979
16020 15978
16021 15978
15968 15979
15969 15979
15980 15982
15980 15983
15981 15982
15981 15983
15982 15983
16016 15982
16017 15982
15976 15983
15977 15983
15984 15986
15984 15987
15985 15986
15985 15987
15986 15987
16012 15986
16013 15986
15980 15987
15981 15987
15988 15990
15988 15991
15989 15990
15989 15991
15990 15991
16008 15990
16009 15990
15984 15991
15985 15991
15992 15994
15992 15995
15993 15994
15993 15995
15994 15995
16004 15994
16005 15994
15988 15995
15989 15995
15996 15998
15996 15999
15997 15998
15997 15999
15998 15999
16000 15998
16001 15998
15992 15999
15993 15999
16000 16002
16000 16003
16001 16002
16001 16003
16002 16003
16060 16003
16061 16003
16004 16006
16004 16007
16005 16006
16005 16007
16006 16007
16000 16006
16001 16006
16056 16007
16057 16007
16008 16010
16008 16011
16009 16010
16009 16011
16010 16011
16004 16010
16005 16010
16052 16011
16053 16011
16012 16014
16012 16015
16013 16014
16013 16015
16014 16015
16008 16014
16009 16014
16048 16015
16049 16015
16016 16018
16016 16019
16017 16018
16017 16019
16018 16019
16012 16018
16013 16018
16044 16019
16045 16019
16020 16022
16020 16023
16021 16022
16021 16023
16022 16023
16016 16022
16017 16022
16040 16023
16041 16023
16024 16026
16024 16027
16025 16026
16025 16027
16026 16027
16028 16026
16029 16026
16036 16027
16037 16027
16028 16030
16028 16031
16029 16030
16029 16031
16030 16031
16020 16030
16021 16030
16032 16031
16033 16031
16032 16034
16032 16035
16033 16034
16033 16035
16034 16035
16092 16034
16093 16034
16036 16035
16037 16035
16036 16038
16036 16039
16037 16038
16037 16039
16038 16039
16088 16038
16089 16038
16040 16042
16040 16043
16041 16042
16041 16043
16042 16043
16084 16042
16085 16042
16032 16043
16033 16043
16044 16046
16044 16047
16045 16046
16045 16047
16046 16047
16080 16046
16081 16046
16040 16047
16041 16047
16048 16050
16048 16051
16049 16050
16049 16051
16050 16051
16076 16050
16077 16050
16044 16051
16045 16051
16052 16054
16052 16055
16053 16054
16053 16055
16054 16055
16072 16054
16073 16054
16048 16055
16049 16055
16056 16058
16056 16059
16057 16058
16057 16059
16058 16059
16068 16058
16069 16058
16052 16059
16053 16059
16060 16062
16060 16063
16061 16062
16061 16063
16062 16063
16064 16062
16065 16062
16056 16063
16057 16063
16064 16066
16064 16067
16065 16066
16065 16067
16066 16067
16124 16067
16125 16067
16068 16070
16068 16071
16069 16070
16069 16071
16070 16071
16064 16070
16065 16070
16120 16071
16121 16071
16072 16074
16072 16075
16073 16074
16073 16075
16074 16075
16068 16074
16069 16074
16116 16075
16117 16075
16076 16078
16076 16079
16077 16078
16077 16079
16078 16079
16072 16078
16073 16078
16112 16079
16113 16079
16080 16082
16080 16083
16081 16082
16081 16083
16082 16083
16076 16082
16077 16082
16108 16083
16109 16083
16084 16086
16084 16087
16085 16086
16085 16087
16086 16087
16080 16086
16081 16086
16104 16087
16105 16087
16088 16090
16088 16091
16089 16090
16089 16091
16090 16091
16092 16090
16093 16090
16100 16091
16101 16091
16092 16094
16092 16095
16093 16094
16093 16095
16094 16095
16084 16094
16085 16094
16096 16095
16097 16095
16096 16098
16096 16099
16097 16098
16097 16099
16098 16099
16156 16098
16157 16098
16100 16099
16101 16099
16100 16102
16100 16103
16101 16102
16101 16103
16102 16103
16152 16102
16153 16102
16104 16106
16104 16107
16105 16106
16105 16107
16106 16107
16148 16106
16149 16106
16096 16107
16097 16107
16108 16110
16108 16111
16109 16110
16109 16111
16110 16111
16144 16110
16145 16110
16104 16111
16105 16111
16112 16114
16112 16115
16113 16114
16113 16115
16114 16115
16140 16114
16141 16114
16108 16115
16109 16115
16116 16118
16116 16119
16117 16118
16117 16119
16118 16119
16136 16118
16137 16118
16112 16119
16113 16119
16120 16122
16120 16123
16121 16122
16121 16123
16122 16123
16132 16122
16133 16122
16116 16123
16117 16123
16124 16126
16124 16127
16125 16126
16125 16127
16126 16127
16128 16126
16129 16126
16120 16127
16121 16127
16128 16130
16128 16131
16129 16130
16129 16131
16130 16131
16188 16131
16189 16131
16132 16134
16132 16135
16133 16134
16133 16135
16134 16135
16128 16134
16129 16134
16184 16135
16185 16135
16136 16138
16136 16139
16137 16138
16137 16139
16138 16139
16132 16138
16133 16138
16180 16139
16181 16139
16140 16142
16140 16143
16141 16142
16141 16143
16142 16143
16136 16142
16137 16142
16176 16143
16177 16143
16144 16146
16144 16147
16145 16146
16145 16147
16146 16147
16140 16146
16141 16146
16172 16147
16173 16147
16148 16150
16148 16151
16149 16150
16149 16151
16150 16151
16144 16150
16145 16150
16168 16151
16169 16151
16152 16154
16152 16155
16153 16154
16153 16155
16154 16155
16156 16154
16157 16154
16164 16155
16165 16155
16156 16158
16156 16159
16157 16158
16157 16159
16158 16159
16148 16158
16149 16158
16160 16159
16161 16159
16160 16162
16160 16163
16161 16162
16161 16163
16162 16163
16220 16162
16221 16162
16164 16163
16165 16163
16164 16166
16164 16167
16165 16166
16165 16167
16166 16167
16216 16166
16217 16166
16168 16170
16168 16171
16169 16170
16169 16171
16170 16171
16212 16170
16213 16170
16160 16171
16161 16171
16172 16174
16172 16175
16173 16174
16173 16175
16174 16175
16208 16174
16209 16174
16168 16175
16169 16175
16176 16178
16176 16179
16177 16178
16177 16179
16178 16179
16204 16178
16205 16178
16172 16179
16173 16179
16180 16182
16180 16183
16181 16182
16181 16183
16182 16183
16200 16182
16201 16182
16176 16183
16177 16183
16184 16186
16184 16187
16185 16186
16185 16187
16186 16187
16196 16186
16197 16186
16180 16187
16181 16187
16188 16190
16188 16191
16189 16190
16189 16191
16190 16191
16192 16190
16193 16190
16184 16191
16185 16191
16192 16194
16192 16195
16193 16194
16193 16195
16194 16195
16196 16198
16196 16199
16197 16198
16197 16199
16198 16199
16192 16198
16193 16198
16200 16202
16200 16203
16201 16202
16201 16203
16202 16203
16196 16202
16197 16202
16204 16206
16204 16207
16205 16206
16205 16207
16206 16207
16200 16206
16201 16206
16208 16210
16208 16211
16209 16210
16209 16211
16210 16211
16204 16210
16205 16210
16212 16214
16212 16215
16213 16214
16213 16215
16214 16215
16208 16214
16209 16214
16216 16218
16216 16219
16217 16218
16217 16219
16218 16219
16220 16218
16221 16218
16220 16222
16220 16223
16221 16222
16221 16223
16222 16223
16212 16222
16213 16222
16224 16226
16224 16227
16225 16226
16225 16227
16226 16227
16284 16227
16285 16227
16228 16230
16228 16231
16229 16230
16229 16231
16230 16231
16224 16230
16225 16230
16280 16231
16281 16231
16232 16234
16232 16235
16233 16234
16233 16235
16234 16235
16228 16234
16229 16234
16276 16235
16277 16235
16236 16238
16236 16239
16237 16238
16237 16239
16238 16239
16232 16238
16233 16238
16272 16239
16273 16239
16240 16242
16240 16243
16241 16242
16241 16243
16242 16243
16236 16242
16237 16242
16268 16243
16269 16243
16244 16246
16244 16247
16245 16246
16245 16247
16246 16247
16240 16246
16241 16246
16264 16247
16265 16247
16248 16250
16248 16251
16249 16250
16249 16251
16250 16251
16244 16250
16245 16250
16260 16251
16261 16251
16252 16254
16252 16255
16253 16254
16253 16255
16254 16255
16248 16254
16249 16254
16256 16255
16257 16255
16256 16258
16256 16259
16257 16258
16257 16259
16258 16259
16316 16258
16317 16258
16260 16262
16260 16263
16261 16262
16261 16263
16262 16263
16312 16262
16313 16262
16256 16263
16257 16263
16264 16266
16264 16267
16265 16266
16265 16267
16266 16267
16308 16266
16309 16266
16260 16267
16261 16267
16268 16270
16268 16271
16269 16270
16269 16271
16270 16271
16304 16270
16305 16270
16264 16271
16265 16271
16272 16274
16272 16275
16273 16274
16273 16275
16274 16275
16300 16274
16301 16274
16268 16275
16269 16275
16276 16278
16276 16279
16277 16278
16277 16279
16278 16279
16296 16278
16297 16278
16272 16279
16273 16279
16280 16282
16280 16283
16281 16282
16281 16283
16282 16283
16292 16282
16293 16282
16276 16283
16277 16283
16284 16286
16284 16287
16285 16286
16285 16287
16286 16287
16288 16286
16289 16286
16280 16287
16281 16287
16288 16290
16288 16291
16289 16290
16289 16291
16290 16291
16348 16291
16349 16291
16292 16294
16292 16295
16293 16294
16293 16295
16294 16295
16288 16294
16289 16294
16344 16295
16345 16295
16296 16298
16296 16299
16297 16298
16297 16299
16298 16299
16292 16298
16293 16298
16340 16299
16341 16299
16300 16302
16300 16303
16301 16302
16301 16303
16302 16303
16296 16302
16297 16302
16336 16303
16337 16303
16304 16306
16304 16307
16305 16306
16305 16307
16306 16307
16300 16306
16301 16306
16332 16307
16333 16307
16308 16310
16308 16311
16309 16310
16309 16311
16310 16311
16304 16310
16305 16310
16328 16311
16329 16311
16312 16314
16312 16315
16313 16314
16313 16315
16314 16315
16308 16314
16309 16314
16324 16315
16325 16315
16316 16318
16316 16319
16317 16318
16317 16319
16318 16319
16312 16318
16313 16318
16320 16319
16321 16319
16320 16322
16320 16323
16321 16322
16321 16323
16322 16323
16380 16322
16381 16322
16324 16326
16324 16327
16325 16326
16325 16327
16326 16327
16376 16326
16377 16326
16320 16327
16321 16327
16328 16330
16328 16331
16329 16330
16329 16331
16330 16331
16372 16330
16373 16330
16324 16331
16325 16331
16332 16334
16332 16335
16333 16334
16333 16335
16334 16335
16368 16334
16369 16334
16328 16335
16329 16335
16336 16338
16336 16339
16337 16338
16337 16339
16338 16339
16364 16338
16365 16338
16332 16339
16333 16339
16340 16342
16340 16343
16341 16342
16341 16343
16342 16343
16360 16342
16361 16342
16336 16343
16337 16343
16344 16346
16344 16347
16345 16346
16345 16347
16346 16347
16356 16346
16357 16346
16340 16347
16341 16347
16348 16350
16348 16351
16349 16350
16349 16351
16350 16351
16352 16350
16353 16350
16344 16351
16345 16351
16352 16354
16352 16355
16353 16354
16353 16355
16354 16355
16412 16355
16413 16355
16356 16358
16356 16359
16357 16358
16357 16359
16358 16359
16352 16358
16353 16358
16408 16359
16409 16359
16360 16362
16360 16363
16361 16362
16361 16363
16362 16363
16356 16362
16357 16362
16404 16363
16405 16363
16364 16366
16364 16367
16365 16366
16365 16367
16366 16367
16360 16366
16361 16366
16400 16367
16401 16367
16368 16370
16368 16371
16369 16370
16369 16371
16370 16371
16364 16370
16365 16370
16396 16371
16397 16371
16372 16374
16372 16375
16373 16374
16373 16375
16374 16375
16368 16374
16369 16374
16392 16375
16393 16375
16376 16378
16376 16379
16377 16378
16377 16379
16378 16379
16372 16378
16373 16378
16388 16379
16389 16379
16380 16382
16380 16383
16381 16382
16381 16383
16382 16383
16376 16382
16377 16382
16384 16383
16385 16383
16384 16386
16384 16387
16385 16386
16385 16387
16386 16387
16444 16386
16445 16386
16388 16390
16388 16391
16389 16390
16389 16391
16390 16391
16440 16390
16441 16390
16384 16391
16385 16391
16392 16394
16392 16395
16393 16394
16393 16395
16394 16395
16436 16394
16437 16394
16388 16395
16389 16395
16396 16398
16396 16399
16397 16398
16397 16399
16398 16399
16432 16398
16433 16398
16392 16399
16393 16399
16400 16402
16400 16403
16401 16402
16401 16403
16402 16403
16428 16402
16429 16402
16396 16403
16397 16403
16404 16406
16404 16407
16405 16406
16405 16407
16406 16407
16424 16406
16425 16406
16400 16407
16401 16407
16408 16410
16408 16411
16409 16410
16409 16411
16410 16411
16420 16410
16421 16410
16404 16411
16405 16411
16412 16414
16412 16415
16413 16414
16413 16415
16414 16415
16416 16414
16417 16414
16408 16415
16409 16415
16416 16418
16416 16419
16417 16418
16417 16419
16418 16419
16476 16419
16477 16419
16420 16422
16420 16423
16421 16422
16421 16423
16422 16423
16416 16422
16417 16422
16472 16423
16473 16423
16424 16426
16424 16427
16425 16426
16425 16427
16426 16427
16420 16426
16421 16426
16468 16427
16469 16427
16428 16430
16428 16431
16429 16430
16429 16431
16430 16431
16424 16430
16425 16430
16464 16431
16465 16431
16432 16434
16432 16435
16433 16434
16433 16435
16434 16435
16428 16434
16429 16434
16460 16435
16461 16435
16436 16438
16436 16439
16437 16438
16437 16439
16438 16439
16432 16438
16433 16438
16456 16439
16457 16439
16440 16442
16440 16443
16441 16442
16441 16443
16442 16443
16436 16442
16437 16442
16452 16443
16453 16443
16444 16446
16444 16447
16445 16446
16445 16447
16446 16447
16440 16446
16441 16446
16448 16447
16449 16447
16448 16450
16448 16451
16449 16450
16449 16451
16450 16451
16508 16450
16509 16450
16452 16454
16452 16455
16453 16454
16453 16455
16454 16455
16504 16454
16505 16454
16448 16455
16449 16455
16456 16458
16456 16459
16457 16458
16457 16459
16458 16459
16500 16458
16501 16458
16452 16459
16453 16459
16460 16462
16460 16463
16461 16462
16461 16463
16462 16463
16496 16462
16497 16462
16456 16463
16457 16463
16464 16466
16464 16467
16465 16466
16465 16467
16466 16467
16492 16466
16493 16466
16460 16467
16461 16467
16468 16470
16468 16471
16469 16470
16469 16471
16470 16471
16488 16470
16489 16470
16464 16471
16465 16471
16472 16474
16472 16475
16473 16474
16473 16475
16474 16475
16484 16474
16485 16474
16468 16475
16469 16475
16476 16478
16476 16479
16477 16478
16477 16479
16478 16479
16480 16478
16481 16478
16472 16479
16473 16479
16480 16482
16480 16483
16481 16482
16481 16483
16482 16483
16540 16483
16541 16483
16484 16486
16484 16487
16485 16486
16485 16487
16486 16487
16480 16486
16481 16486
16536 16487
16537 16487
16488 16490
16488 16491
16489 16490
16489 16491
16490 16491
16484 16490
16485 16490
16532 16491
16533 16491
16492 16494
16492 16495
16493 16494
16493 16495
16494 16495
16488 16494
16489 16494
16528 16495
16529 16495
16496 16498
16496 16499
16497 16498
16497 16499
16498 16499
16492 16498
16493 16498
16524 16499
16525 16499
16500 16502
16500 16503
16501 16502
16501 16503
16502 16503
16496 16502
16497 16502
16520 16503
16521 16503
16504 16506
16504 16507
16505 16506
16505 16507
16506 16507
16500 16506
16501 16506
16516 16507
16517 16507
16508 16510
16508 16511
16509 16510
16509 16511
16510 16511
16504 16510
16505 16510
16512 16511
16513 16511
16512 16514
16512 16515
16513 16514
16513 16515
16514 16515
16572 16514
16573 16514
16516 16518
16516 16519
16517 16518
16517 16519
16518 16519
16568 16518
16569 16518
16512 16519
16513 16519
16520 16522
16520 16523
16521 16522
16521 16523
16522 16523
16564 16522
16565 16522
16516 16523
16517 16523
16524 16526
16524 16527
16525 16526
16525 16527
16526 16527
16560 16526
16561 16526
16520 16527
16521 16527
16528 16530
16528 16531
16529 16530
16529 16531
16530 16531
16556 16530
16557 16530
16524 16531
16525 16531
16532 16534
16532 16535
16533 16534
16533 16535
16534 16535
16552 16534
16553 16534
16528 16535
16529 16535
16536 16538
16536 16539
16537 16538
16537 16539
16538 16539
16548 16538
16549 16538
16532 16539
16533 16539
16540 16542
16540 16543
16541 16542
16541 16543
16542 16543
16544 16542
16545 16542
16536 16543
16537 16543
16544 16546
16544 16547
16545 16546
16545 16547
16546 16547
16604 16547
16605 16547
16548 16550
16548 16551
16549 16550
16549 16551
16550 16551
16544 16550
16545 16550
16600 16551
16601 16551
16552 16554
16552 16555
16553 16554
16553 16555
16554 16555
16548 16554
16549 16554
16596 16555
16597 16555
16556 16558
16556 16559
16557 16558
16557 16559
16558 16559
16552 16558
16553 16558
16592 16559
16593 16559
16560 16562
16560 16563
16561 16562
16561 16563
16562 16563
16556 16562
16557 16562
16588 16563
16589 16563
16564 16566
16564 16567
16565 16566
16565 16567
16566 16567
16560 16566
16561 16566
16584 16567
16585 16567
16568 16570
16568 16571
16569 16570
16569 16571
16570 16571
16564 16570
16565 16570
16580 16571
16581 16571
16572 16574
16572 16575
16573 16574
16573 16575
16574 16575
16568 16574
16569 16574
16576 16575
16577 16575
16576 16578
16576 16579
16577 16578
16577 16579
16578 16579
16636 16578
16637 16578
16580 16582
16580 16583
16581 16582
16581 16583
16582 16583
16632 16582
16633 16582
16576 16583
16577 16583
16584 16586
16584 16587
16585 16586
16585 16587
16586 16587
16628 16586
16629 16586
16580 16587
16581 16587
16588 16590
16588 16591
16589 16590
16589 16591
16590 16591
16624 16590
16625 16590
16584 16591
16585 16591
16592 16594
16592 16595
16593 16594
16593 16595
16594 16595
16620 16594
16621 16594
16588 16595
16589 16595
16596 16598
16596 16599
16597 16598
16597 16599
16598 16599
16616 16598
16617 16598
16592 16599
16593 16599
16600 16602
16600 16603
16601 16602
16601 16603
16602 16603
16612 16602
16613 16602
16596 16603
16597 16603
16604 16606
16604 16607
16605 16606
16605 16607
16606 16607
16608 16606
16609 16606
16600 16607
16601 16607
16608 16610
16608 16611
16609 16610
16609 16611
16610 16611
16668 16611
16669 16611
16612 16614
16612 16615
16613 16614
16613 16615
16614 16615
16608 16614
16609 16614
16664 16615
16665 16615
16616 16618
16616 16619
16617 16618
16617 16619
16618 16619
16612 16618
16613 16618
16660 16619
16661 16619
16620 16622
16620 16623
16621 16622
16621 16623
16622 16623
16616 16622
16617 16622
16656 16623
16657 16623
16624 16626
16624 16627
16625 16626
16625 16627
16626 16627
16620 16626
16621 16626
16652 16627
16653 16627
16628 16630
16628 16631
16629 16630
16629 16631
16630 16631
16624 16630
16625 16630
16648 16631
16649 16631
16632 16634
16632 16635
16633 16634
16633 16635
16634 16635
16628 16634
16629 16634
16644 16635
16645 16635
16636 16638
16636 16639
16637 16638
16637 16639
16638 16639
16632 16638
16633 16638
16640 16639
16641 16639
16640 16642
16640 16643
16641 16642
16641 16643
16642 16643
16700 16642
16701 16642
16644 16646
16644 16647
16645 16646
16645 16647
16646 16647
16696 16646
16697 16646
16640 16647
16641 16647
16648 16650
16648 16651
16649 16650
16649 16651
16650 16651
16692 16650
16693 16650
16644 16651
16645 16651
16652 16654
16652 16655
16653 16654
16653 16655
16654 16655
16688 16654
16689 16654
16648 16655
16649 16655
16656 16658
16656 16659
16657 16658
16657 16659
16658 16659
16684 16658
16685 16658
16652 16659
16653 16659
16660 16662
16660 16663
16661 16662
16661 16663
16662 16663
16680 16662
16681 16662
16656 16663
16657 16663
16664 16666
16664 16667
16665 16666
16665 16667
16666 16667
16676 16666
16677 16666
16660 16667
16661 16667
16668 16670
16668 16671
16669 16670
16669 16671
16670 16671
16672 16670
16673 16670
16664 16671
16665 16671
16672 16674
16672 16675
16673 16674
16673 16675
16674 16675
16732 16675
16733 16675
16676 16678
16676 16679
16677 16678
16677 16679
16678 16679
16672 16678
16673 16678
16728 16679
16729 16679
16680 16682
16680 16683
16681 16682
16681 16683
16682 16683
16676 16682
16677 16682
16724 16683
16725 16683
16684 16686
16684 16687
16685 16686
16685 16687
16686 16687
16680 16686
16681 16686
16720 16687
16721 16687
16688 16690
16688 16691
16689 16690
16689 16691
16690 16691
16684 16690
16685 16690
16716 16691
16717 16691
16692 16694
16692 16695
16693 16694
16693 16695
16694 16695
16688 16694
16689 16694
16712 16695
16713 16695
16696 16698
16696 16699
16697 16698
16697 16699
16698 16699
16692 16698
16693 16698
16708 16699
16709 16699
16700 16702
16700 16703
16701 16702
16701 16703
16702 16703
16696 16702
16697 16702
16704 16703
16705 16703
16704 16706
16704 16707
16705 16706
16705 16707
16706 16707
16764 16706
16765 16706
16708 16710
16708 16711
16709 16710
16709 16711
16710 16711
16760 16710
16761 16710
16704 16711
16705 16711
16712 16714
16712 16715
16713 16714
16713 16715
16714 16715
16756 16714
16757 16714
16708 16715
16709 16715
16716 16718
16716 16719
16717 16718
16717 16719
16718 16719
16752 16718
16753 16718
16712 16719
16713 16719
16720 16722
16720 16723
16721 16722
16721 16723
16722 16723
16748 16722
16749 16722
16716 16723
16717 16723
16724 16726
16724 16727
16725 16726
16725 16727
16726 16727
16744 16726
16745 16726
16720 16727
16721 16727
16728 16730
16728 16731
16729 16730
16729 16731
16730 16731
16740 16730
16741 16730
16724 16731
16725 16731
16732 16734
16732 16735
16733 16734
16733 16735
16734 16735
16736 16734
16737 16734
16728 16735
16729 16735
16736 16738
16736 16739
16737 16738
16737 16739
16738 16739
16796 16739
16797 16739
16740 16742
16740 16743
16741 16742
16741 16743
16742 16743
16736 16742
16737 16742
16792 16743
16793 16743
16744 16746
16744 16747
16745 16746
16745 16747
16746 16747
16740 16746
16741 16746
16788 16747
16789 16747
16748 16750
16748 16751
16749 16750
16749 16751
16750 16751
16744 16750
16745 16750
16784 16751
16785 16751
16752 16754
16752 16755
16753 16754
16753 16755
16754 16755
16748 16754
16749 16754
16780 16755
16781 16755
16756 16758
16756 16759
16757 16758
16757 16759
16758 16759
16752 16758
16753 16758
16776 16759
16777 16759
16760 16762
16760 16763
16761 16762
16761 16763
16762 16763
16756 16762
16757 16762
16772 16763
16773 16763
16764 16766
16764 16767
16765 16766
16765 16767
16766 16767
16760 16766
16761 16766
16768 16767
16769 16767
16768 16770
16768 16771
16769 16770
16769 16771
16770 16771
16824 16770
16825 16770
16772 16774
16772 16775
16773 16774
16773 16775
16774 16775
16828 16774
16829 16774
16768 16775
16769 16775
16776 16778
16776 16779
16777 16778
16777 16779
16778 16779
16820 16778
16821 16778
16772 16779
16773 16779
16780 16782
16780 16783
16781 16782
16781 16783
16782 16783
16816 16782
16817 16782
16776 16783
16777 16783
16784 16786
16784 16787
16785 16786
16785 16787
16786 16787
16812 16786
16813 16786
16780 16787
16781 16787
16788 16790
16788 16791
16789 16790
16789 16791
16790 16791
16808 16790
16809 16790
16784 16791
16785 16791
16792 16794
16792 16795
16793 16794
16793 16795
16794 16795
16804 16794
16805 16794
16788 16795
16789 16795
16796 16798
16796 16799
16797 16798
16797 16799
16798 16799
16800 16798
16801 16798
16792 16799
16793 16799
16800 16802
16800 16803
16801 16802
16801 16803
16802 16803
16860 16803
16861 16803
16804 16806
16804 16807
16805 16806
16805 16807
16806 16807
16800 16806
16801 16806
16856 16807
16857 16807
16808 16810
16808 16811
16809 16810
16809 16811
16810 16811
16804 16810
16805 16810
16852 16811
16853 16811
16812 16814
16812 16815
16813 16814
16813 16815
16814 16815
16808 16814
16809 16814
16848 16815
16849 16815
16816 16818
16816 16819
16817 16818
16817 16819
16818 16819
16812 16818
16813 16818
16844 16819
16845 16819
16820 16822
16820 16823
16821 16822
16821 16823
16822 16823
16816 16822
16817 16822
16840 16823
16841 16823
16824 16826
16824 16827
16825 16826
16825 16827
16826 16827
16828 16826
16829 16826
16836 16827
16837 16827
16828 16830
16828 16831
16829 16830
16829 16831
16830 16831
16820 16830
16821 16830
16832 16831
16833 16831
16832 16834
16832 16835
16833 16834
16833 16835
16834 16835
16892 16834
16893 16834
16836 16835
16837 16835
16836 16838
16836 16839
16837 16838
16837 16839
16838 16839
16888 16838
16889 16838
16840 16842
16840 16843
16841 16842
16841 16843
16842 16843
16884 16842
16885 16842
16832 16843
16833 16843
16844 16846
16844 16847
16845 16846
16845 16847
16846 16847
16880 16846
16881 16846
16840 16847
16841 16847
16848 16850
16848 16851
16849 16850
16849 16851
16850 16851
16876 16850
16877 16850
16844 16851
16845 16851
16852 16854
16852 16855
16853 16854
16853 16855
16854 16855
16872 16854
16873 16854
16848 16855
16849 16855
16856 16858
16856 16859
16857 16858
16857 16859
16858 16859
16868 16858
16869 16858
16852 16859
16853 16859
16860 16862
16860 16863
16861 16862
16861 16863
16862 16863
16864 16862
16865 16862
16856 16863
16857 16863
16864 16866
16864 16867
16865 16866
16865 16867
16866 16867
16924 16867
16925 16867
16868 16870
16868 16871
16869 16870
16869 16871
16870 16871
16864 16870
16865 16870
16920 16871
16921 16871
16872 16874
16872 16875
16873 16874
16873 16875
16874 16875
16868 16874
16869 16874
16916 16875
16917 16875
16876 16878
16876 16879
16877 16878
16877 16879
16878 16879
16872 16878
16873 16878
16912 16879
16913 16879
16880 16882
16880 16883
16881 16882
16881 16883
16882 16883
16876 16882
16877 16882
16908 16883
16909 16883
16884 16886
16884 16887
16885 16886
16885 16887
16886 16887
16880 16886
16881 16886
16904 16887
16905 16887
16888 16890
16888 16891
16889 16890
16889 16891
16890 16891
16892 16890
16893 16890
16900 16891
16901 16891
16892 16894
16892 16895
16893 16894
16893 16895
16894 16895
16884 16894
16885 16894
16896 16895
16897 16895
16896 16898
16896 16899
16897 16898
16897 16899
16898 16899
16956 16898
16957 16898
16900 16899
16901 16899
16900 16902
16900 16903
16901 16902
16901 16903
16902 16903
16952 16902
16953 16902
16904 16906
16904 16907
16905 16906
16905 16907
16906 16907
16948 16906
16949 16906
16896 16907
16897 16907
16908 16910
16908 16911
16909 16910
16909 16911
16910 16911
16944 16910
16945 16910
16904 16911
16905 16911
16912 16914
16912 16915
16913 16914
16913 16915
16914 16915
16940 16914
16941 16914
16908 16915
16909 16915
16916 16918
16916 16919
16917 16918
16917 16919
16918 16919
16936 16918
16937 16918
16912 16919
16913 16919
16920 16922
16920 16923
16921 16922
16921 16923
16922 16923
16932 16922
16933 16922
16916 16923
16917 16923
16924 16926
16924 16927
16925 16926
16925 16927
16926 16927
16928 16926
16929 16926
16920 16927
16921 16927
16928 16930
16928 16931
16929 16930
16929 16931
16930 16931
16988 16931
16989 16931
16932 16934
16932 16935
16933 16934
16933 16935
16934 16935
16928 16934
16929 16934
16984 16935
16985 16935
16936 16938
16936 16939
16937 16938
16937 16939
16938 16939
16932 16938
16933 16938
16980 16939
16981 16939
16940 16942
16940 16943
16941 16942
16941 16943
16942 16943
16936 16942
16937 16942
16976 16943
16977 16943
16944 16946
16944 16947
16945 16946
16945 16947
16946 16947
16940 16946
16941 16946
16972 16947
16973 16947
16948 16950
16948 16951
16949 16950
16949 16951
16950 16951
16944 16950
16945 16950
16968 16951
16969 16951
16952 16954
16952 16955
16953 16954
16953 16955
16954 16955
16956 16954
16957 16954
16964 16955
16965 16955
16956 16958
16956 16959
16957 16958
16957 16959
16958 16959
16948 16958
16949 16958
16960 16959
16961 16959
16960 16962
16960 16963
16961 16962
16961 16963
16962 16963
17020 16962
17021 16962
16964 16963
16965 16963
16964 16966
16964 16967
16965 16966
16965 16967
16966 16967
17016 16966
17017 16966
16968 16970
16968 16971
16969 16970
16969 16971
16970 16971
17012 16970
17013 16970
16960 16971
16961 16971
16972 16974
16972 16975
16973 16974
16973 16975
16974 16975
17008 16974
17009 16974
16968 16975
16969 16975
16976 16978
16976 16979
16977 16978
16977 16979
16978 16979
17004 16978
17005 16978
16972 16979
16973 16979
16980 16982
16980 16983
16981 16982
16981 16983
16982 16983
17000 16982
17001 16982
16976 16983
16977 16983
16984 16986
16984 16987
16985 16986
16985 16987
16986 16987
16996 16986
16997 16986
16980 16987
16981 16987
16988 16990
16988 16991
16989 16990
16989 16991
16990 16991
16992 16990
16993 16990
16984 16991
16985 16991
16992 16994
16992 16995
16993 16994
16993 16995
16994 16995
17052 16995
17053 16995
16996 16998
16996 16999
16997 16998
16997 16999
16998 16999
16992 16998
16993 16998
17048 16999
17049 16999
17000 17002
17000 17003
17001 17002
17001 17003
17002 17003
16996 17002
16997 17002
17044 17003
17045 17003
17004 17006
17004 17007
17005 17006
17005 17007
17006 17007
17000 17006
17001 17006
17040 17007
17041 17007
17008 17010
17008 17011
17009 17010
17009 17011
17010 17011
17004 17010
17005 17010
17036 17011
17037 17011
17012 17014
17012 17015
17013 17014
17013 17015
17014 17015
17008 17014
17009 17014
17032 17015
17033 17015
17016 17018
17016 17019
17017 17018
17017 17019
17018 17019
17020 17018
17021 17018
17028 17019
17029 17019
17020 17022
17020 17023
17021 17022
17021 17023
17022 17023
17012 17022
17013 17022
17024 17023
17025 17023
17024 17026
17024 17027
17025 17026
17025 17027
17026 17027
17084 17026
17085 17026
17028 17027
17029 17027
17028 17030
17028 17031
17029 17030
17029 17031
17030 17031
17080 17030
17081 17030
17032 17034
17032 17035
17033 17034
17033 17035
17034 17035
17076 17034
17077 17034
17024 17035
17025 17035
17036 17038
17036 17039
17037 17038
17037 17039
17038 17039
17072 17038
17073 17038
17032 17039
17033 17039
17040 17042
17040 17043
17041 17042
17041 17043
17042 17043
17068 17042
17069 17042
17036 17043
17037 17043
17044 17046
17044 17047
17045 17046
17045 17047
17046 17047
17064 17046
17065 17046
17040 17047
17041 17047
17048 17050
17048 17051
17049 17050
17049 17051
17050 17051
17060 17050
17061 17050
17044 17051
17045 17051
17052 17054
17052 17055
17053 17054
17053 17055
17054 17055
17056 17054
17057 17054
17048 17055
17049 17055
17056 17058
17056 17059
17057 17058
17057 17059
17058 17059
17116 17059
17117 17059
17060 17062
17060 17063
17061 17062
17061 17063
17062 17063
17056 17062
17057 17062
17112 17063
17113 17063
17064 17066
17064 17067
17065 17066
17065 17067
17066 17067
17060 17066
17061 17066
17108 17067
17109 17067
17068 17070
17068 17071
17069 17070
17069 17071
17070 17071
17064 17070
17065 17070
17104 17071
17105 17071
17072 17074
17072 17075
17073 17074
17073 17075
17074 17075
17068 17074
17069 17074
17100 17075
17101 17075
17076 17078
17076 17079
17077 17078
17077 17079
17078 17079
17072 17078
17073 17078
17096 17079
17097 17079
17080 17082
17080 17083
17081 17082
17081 17083
17082 17083
17084 17082
17085 17082
17092 17083
17093 17083
17084 17086
17084 17087
17085 17086
17085 17087
17086 17087
17076 17086
17077 17086
17088 17087
17089 17087
17088 17090
17088 17091
17089 17090
17089 17091
17090 17091
17148 17090
17149 17090
17092 17091
17093 17091
17092 17094
17092 17095
17093 17094
17093 17095
17094 17095
17144 17094
17145 17094
17096 17098
17096 17099
17097 17098
17097 17099
17098 17099
17140 17098
17141 17098
17088 17099
17089 17099
17100 17102
17100 17103
17101 17102
17101 17103
17102 17103
17136 17102
17137 17102
17096 17103
17097 17103
17104 17106
17104 17107
17105 17106
17105 17107
17106 17107
17132 17106
17133 17106
17100 17107
17101 17107
17108 17110
17108 17111
17109 17110
17109 17111
17110 17111
17128 17110
17129 17110
17104 17111
17105 17111
17112 17114
17112 17115
17113 17114
17113 17115
17114 17115
17124 17114
17125 17114
17108 17115
17109 17115
17116 17118
17116 17119
17117 17118
17117 17119
17118 17119
17120 17118
17121 17118
17112 17119
17113 17119
17120 17122
17120 17123
17121 17122
17121 17123
17122 17123
17180 17123
17181 17123
17124 17126
17124 17127
17125 17126
17125 17127
17126 17127
17120 17126
17121 17126
17176 17127
17177 17127
17128 17130
17128 17131
17129 17130
17129 17131
17130 17131
17124 17130
17125 17130
17172 17131
17173 17131
17132 17134
17132 17135
17133 17134
17133 17135
17134 17135
17128 17134
17129 17134
17168 17135
17169 17135
17136 17138
17136 17139
17137 17138
17137 17139
17138 17139
17132 17138
17133 17138
17164 17139
17165 17139
17140 17142
17140 17143
17141 17142
17141 17143
17142 17143
17136 17142
17137 17142
17160 17143
17161 17143
17144 17146
17144 17147
17145 17146
17145 17147
17146 17147
17148 17146
17149 17146
17156 17147
17157 17147
17148 17150
17148 17151
17149 17150
17149 17151
17150 17151
17140 17150
17141 17150
17152 17151
17153 17151
17152 17154
17152 17155
17153 17154
17153 17155
17154 17155
17212 17154
17213 17154
17156 17155
17157 17155
17156 17158
17156 17159
17157 17158
17157 17159
17158 17159
17208 17158
17209 17158
17160 17162
17160 17163
17161 17162
17161 17163
17162 17163
17204 17162
17205 17162
17152 17163
17153 17163
17164 17166
17164 17167
17165 17166
17165 17167
17166 17167
17200 17166
17201 17166
17160 17167
17161 17167
17168 17170
17168 17171
17169 17170
17169 17171
17170 17171
17196 17170
17197 17170
17164 17171
17165 17171
17172 17174
17172 17175
17173 17174
17173 17175
17174 17175
17192 17174
17193 17174
17168 17175
17169 17175
17176 17178
17176 17179
17177 17178
17177 17179
17178 17179
17188 17178
17189 17178
17172 17179
17173 17179
17180 17182
17180 17183
17181 17182
17181 17183
17182 17183
17184 17182
17185 17182
17176 17183
17177 17183
17184 17186
17184 17187
17185 17186
17185 17187
17186 17187
17244 17187
17245 17187
17188 17190
17188 17191
17189 17190
17189 17191
17190 17191
17184 17190
17185 17190
17240 17191
17241 17191
17192 17194
17192 17195
17193 17194
17193 17195
17194 17195
17188 17194
17189 17194
17236 17195
17237 17195
17196 17198
17196 17199
17197 17198
17197 17199
17198 17199
17192 17198
17193 17198
17232 17199
17233 17199
17200 17202
17200 17203
17201 17202
17201 17203
17202 17203
17196 17202
17197 17202
17228 17203
17229 17203
17204 17206
17204 17207
17205 17206
17205 17207
17206 17207
17200 17206
17201 17206
17224 17207
17225 17207
17208 17210
17208 17211
17209 17210
17209 17211
17210 17211
17212 17210
17213 17210
17220 17211
17221 17211
17212 17214
17212 17215
17213 17214
17213 17215
17214 17215
17204 17214
17205 17214
17216 17215
17217 17215
17216 17218
17216 17219
17217 17218
17217 17219
17218 17219
17276 17218
17277 17218
17220 17219
17221 17219
17220 17222
17220 17223
17221 17222
17221 17223
17222 17223
17272 17222
17273 17222
17224 17226
17224 17227
17225 17226
17225 17227
17226 17227
17268 17226
17269 17226
17216 17227
17217 17227
17228 17230
17228 17231
17229 17230
17229 17231
17230 17231
17264 17230
17265 17230
17224 17231
17225 17231
17232 17234
17232 17235
17233 17234
17233 17235
17234 17235
17260 17234
17261 17234
17228 17235
17229 17235
17236 17238
17236 17239
17237 17238
17237 17239
17238 17239
17256 17238
17257 17238
17232 17239
17233 17239
17240 17242
17240 17243
17241 17242
17241 17243
17242 17243
17252 17242
17253 17242
17236 17243
17237 17243
17244 17246
17244 17247
17245 17246
17245 17247
17246 17247
17248 17246
17249 17246
17240 17247
17241 17247
17248 17250
17248 17251
17249 17250
17249 17251
17250 17251
17308 17251
17309 17251
17252 17254
17252 17255
17253 17254
17253 17255
17254 17255
17248 17254
17249 17254
17304 17255
17305 17255
17256 17258
17256 17259
17257 17258
17257 17259
17258 17259
17252 17258
17253 17258
17300 17259
17301 17259
17260 17262
17260 17263
17261 17262
17261 17263
17262 17263
17256 17262
17257 17262
17296 17263
17297 17263
17264 17266
17264 17267
17265 17266
17265 17267
17266 17267
17260 17266
17261 17266
17292 17267
17293 17267
17268 17270
17268 17271
17269 17270
17269 17271
17270 17271
17264 17270
17265 17270
17288 17271
17289 17271
17272 17274
17272 17275
17273 17274
17273 17275
17274 17275
17276 17274
17277 17274
17284 17275
17285 17275
17276 17278
17276 17279
17277 17278
17277 17279
17278 17279
17268 17278
17269 17278
17280 17279
17281 17279
17280 17282
17280 17283
17281 17282
17281 17283
17282 17283
17340 17282
17341 17282
17284 17283
17285 17283
17284 17286
17284 17287
17285 17286
17285 17287
17286 17287
17336 17286
17337 17286
17288 17290
17288 17291
17289 17290
17289 17291
17290 17291
17332 17290
17333 17290
17280 17291
17281 17291
17292 17294
17292 17295
17293 17294
17293 17295
17294 17295
17328 17294
17329 17294
17288 17295
17289 17295
17296 17298
17296 17299
17297 17298
17297 17299
17298 17299
17324 17298
17325 17298
17292 17299
17293 17299
17300 17302
17300 17303
17301 17302
17301 17303
17302 17303
17320 17302
17321 17302
17296 17303
17297 17303
17304 17306
17304 17307
17305 17306
17305 17307
17306 17307
17316 17306
17317 17306
17300 17307
17301 17307
17308 17310
17308 17311
17309 17310
17309 17311
17310 17311
17312 17310
17313 17310
17304 17311
17305 17311
17312 17314
17312 17315
17313 17314
17313 17315
17314 17315
17316 17318
17316 17319
17317 17318
17317 17319
17318 17319
17312 17318
17313 17318
17320 17322
17320 17323
17321 17322
17321 17323
17322 17323
17316 17322
17317 17322
17324 17326
17324 17327
17325 17326
17325 17327
17326 17327
17320 17326
17321 17326
17328 17330
17328 17331
17329 17330
17329 17331
17330 17331
17324 17330
17325 17330
17332 17334
17332 17335
17333 17334
17333 17335
17334 17335
17328 17334
17329 17334
17336 17338
17336 17339
17337 17338
17337 17339
17338 17339
17340 17338
17341 17338
17340 17342
17340 17343
17341 17342
17341 17343
17342 17343
17332 17342
17333 17342
17344 17346
17344 17347
17345 17346
17345 17347
17346 17347
17404 17347
17405 17347
17348 17350
17348 17351
17349 17350
17349 17351
17350 17351
17344 17350
17345 17350
17400 17351
17401 17351
17352 17354
17352 17355
17353 17354
17353 17355
17354 17355
17348 17354
17349 17354
17396 17355
17397 17355
17356 17358
17356 17359
17357 17358
17357 17359
17358 17359
17352 17358
17353 17358
17392 17359
17393 17359
17360 17362
17360 17363
17361 17362
17361 17363
17362 17363
17356 17362
17357 17362
17388 17363
17389 17363
17364 17366
17364 17367
17365 17366
17365 17367
17366 17367
17360 17366
17361 17366
17384 17367
17385 17367
17368 17370
17368 17371
17369 17370
17369 17371
17370 17371
17364 17370
17365 17370
17380 17371
17381 17371
17372 17374
17372 17375
17373 17374
17373 17375
17374 17375
17368 17374
17369 17374
17376 17375
17377 17375
17376 17378
17376 17379
17377 17378
17377 17379
17378 17379
17436 17378
17437 17378
17380 17382
17380 17383
17381 17382
17381 17383
17382 17383
17432 17382
17433 17382
17376 17383
17377 17383
17384 17386
17384 17387
17385 17386
17385 17387
17386 17387
17428 17386
17429 17386
17380 17387
17381 17387
17388 17390
17388 17391
17389 17390
17389 17391
17390 17391
17424 17390
17425 17390
17384 17391
17385 17391
17392 17394
17392 17395
17393 17394
17393 17395
17394 17395
17420 17394
17421 17394
17388 17395
17389 17395
17396 17398
17396 17399
17397 17398
17397 17399
17398 17399
17416 17398
17417 17398
17392 17399
17393 17399
17400 17402
17400 17403
17401 17402
17401 17403
17402 17403
17412 17402
17413 17402
17396 17403
17397 17403
17404 17406
17404 17407
17405 17406
17405 17407
17406 17407
17408 17406
17409 17406
17400 17407
17401 17407
17408 17410
17408 17411
17409 17410
17409 17411
17410 17411
17468 17411
17469 17411
17412 17414
17412 17415
17413 17414
17413 17415
17414 17415
17408 17414
17409 17414
17464 17415
17465 17415
17416 17418
17416 17419
17417 17418
17417 17419
17418 17419
17412 17418
17413 17418
17460 17419
17461 17419
17420 17422
17420 17423
17421 17422
17421 17423
17422 17423
17416 17422
17417 17422
17456 17423
17457 17423
17424 17426
17424 17427
17425 17426
17425 17427
17426 17427
17420 17426
17421 17426
17452 17427
17453 17427
17428 17430
17428 17431
17429 17430
17429 17431
17430 17431
17424 17430
17425 17430
17448 17431
17449 17431
17432 17434
17432 17435
17433 17434
17433 17435
17434 17435
17428 17434
17429 17434
17444 17435
17445 17435
17436 17438
17436 17439
17437 17438
17437 17439
17438 17439
17432 17438
17433 17438
17440 17439
17441 17439
17440 17442
17440 17443
17441 17442
17441 17443
17442 17443
17500 17442
17501 17442
17444 17446
17444 17447
17445 17446
17445 17447
17446 17447
17496 17446
17497 17446
17440 17447
17441 17447
17448 17450
17448 17451
17449 17450
17449 17451
17450 17451
17492 17450
17493 17450
17444 17451
17445 17451
17452 17454
17452 17455
17453 17454
17453 17455
17454 17455
17488 17454
17489 17454
17448 17455
17449 17455
17456 17458
17456 17459
17457 17458
17457 17459
17458 17459
17484 17458
17485 17458
17452 17459
17453 17459
17460 17462
17460 17463
17461 17462
17461 17463
17462 17463
17480 17462
17481 17462
17456 17463
17457 17463
17464 17466
17464 17467
17465 17466
17465 17467
17466 17467
17476 17466
17477 17466
17460 17467
17461 17467
17468 17470
17468 17471
17469 17470
17469 17471
17470 17471
17472 17470
17473 17470
17464 17471
17465 17471
17472 17474
17472 17475
17473 17474
17473 17475
17474 17475
17532 17475
17533 17475
17476 17478
17476 17479
17477 17478
17477 17479
17478 17479
17472 17478
17473 17478
17528 17479
17529 17479
17480 17482
17480 17483
17481 17482
17481 17483
17482 17483
17476 17482
17477 17482
17524 17483
17525 17483
17484 17486
17484 17487
17485 17486
17485 17487
17486 17487
17480 17486
17481 17486
17520 17487
17521 17487
17488 17490
17488 17491
17489 17490
17489 17491
17490 17491
17484 17490
17485 17490
17516 17491
17517 17491
17492 17494
17492 17495
17493 17494
17493 17495
17494 17495
17488 17494
17489 17494
17512 17495
17513 17495
17496 17498
17496 17499
17497 17498
17497 17499
17498 17499
17492 17498
17493 17498
17508 17499
17509 17499
17500 17502
17500 17503
17501 17502
17501 17503
17502 17503
17496 17502
17497 17502
17504 17503
17505 17503
17504 17506
17504 17507
17505 17506
17505 17507
17506 17507
17564 17506
17565 17506
17508 17510
17508 17511
17509 17510
17509 17511
17510 17511
17560 17510
17561 17510
17504 17511
17505 17511
17512 17514
17512 17515
17513 17514
17513 17515
17514 17515
17556 17514
17557 17514
17508 17515
17509 17515
17516 17518
17516 17519
17517 17518
17517 17519
17518 17519
17552 17518
17553 17518
17512 17519
17513 17519
17520 17522
17520 17523
17521 17522
17521 17523
17522 17523
17548 17522
17549 17522
17516 17523
17517 17523
17524 17526
17524 17527
17525 17526
17525 17527
17526 17527
17544 17526
17545 17526
17520 17527
17521 17527
17528 17530
17528 17531
17529 17530
17529 17531
17530 17531
17540 17530
17541 17530
17524 17531
17525 17531
17532 17534
17532 17535
17533 17534
17533 17535
17534 17535
17536 17534
17537 17534
17528 17535
17529 17535
17536 17538
17536 17539
17537 17538
17537 17539
17538 17539
17596 17539
17597 17539
17540 17542
17540 17543
17541 17542
17541 17543
17542 17543
17536 17542
17537 17542
17592 17543
17593 17543
17544 17546
17544 17547
17545 17546
17545 17547
17546 17547
17540 17546
17541 17546
17588 17547
17589 17547
17548 17550
17548 17551
17549 17550
17549 17551
17550 17551
17544 17550
17545 17550
17584 17551
17585 17551
17552 17554
17552 17555
17553 17554
17553 17555
17554 17555
17548 17554
17549 17554
17580 17555
17581 17555
17556 17558
17556 17559
17557 17558
17557 17559
17558 17559
17552 17558
17553 17558
17576 17559
17577 17559
17560 17562
17560 17563
17561 17562
17561 17563
17562 17563
17556 17562
17557 17562
17572 17563
17573 17563
17564 17566
17564 17567
17565 17566
17565 17567
17566 17567
17560 17566
17561 17566
17568 17567
17569 17567
17568 17570
17568 17571
17569 17570
17569 17571
17570 17571
17628 17570
17629 17570
17572 17574
17572 17575
17573 17574
17573 17575
17574 17575
17624 17574
17625 17574
17568 17575
17569 17575
17576 17578
17576 17579
17577 17578
17577 17579
17578 17579
17620 17578
17621 17578
17572 17579
17573 17579
17580 17582
17580 17583
17581 17582
17581 17583
17582 17583
17616 17582
17617 17582
17576 17583
17577 17583
17584 17586
17584 17587
17585 17586
17585 17587
17586 17587
17612 17586
17613 17586
17580 17587
17581 17587
17588 17590
17588 17591
17589 17590
17589 17591
17590 17591
17608 17590
17609 17590
17584 17591
17585 17591
17592 17594
17592 17595
17593 17594
17593 17595
17594 17595
17604 17594
17605 17594
17588 17595
17589 17595
17596 17598
17596 17599
17597 17598
17597 17599
17598 17599
17600 17598
17601 17598
17592 17599
17593 17599
17600 17602
17600 17603
17601 17602
17601 17603
17602 17603
17660 17603
17661 17603
17604 17606
17604 17607
17605 17606
17605 17607
17606 17607
17600 17606
17601 17606
17656 17607
17657 17607
17608 17610
17608 17611
17609 17610
17609 17611
17610 17611
17604 17610
17605 17610
17652 17611
17653 17611
17612 17614
17612 17615
17613 17614
17613 17615
17614 17615
17608 17614
17609 17614
17648 17615
17649 17615
17616 17618
17616 17619
17617 17618
17617 17619
17618 17619
17612 17618
17613 17618
17644 17619
17645 17619
17620 17622
17620 17623
17621 17622
17621 17623
17622 17623
17616 17622
17617 17622
17640 17623
17641 17623
17624 17626
17624 17627
17625 17626
17625 17627
17626 17627
17620 17626
17621 17626
17636 17627
17637 17627
17628 17630
17628 17631
17629 17630
17629 17631
17630 17631
17624 17630
17625 17630
17632 17631
17633 17631
17632 17634
17632 17635
17633 17634
17633 17635
17634 17635
17692 17634
17693 17634
17636 17638
17636 17639
17637 17638
17637 17639
17638 17639
17688 17638
17689 17638
17632 17639
17633 17639
17640 17642
17640 17643
17641 17642
17641 17643
17642 17643
17684 17642
17685 17642
17636 17643
17637 17643
17644 17646
17644 17647
17645 17646
17645 17647
17646 17647
17680 17646
17681 17646
17640 17647
17641 17647
17648 17650
17648 17651
17649 17650
17649 17651
17650 17651
17676 17650
17677 17650
17644 17651
17645 17651
17652 17654
17652 17655
17653 17654
17653 17655
17654 17655
17672 17654
17673 17654
17648 17655
17649 17655
17656 17658
17656 17659
17657 17658
17657 17659
17658 17659
17668 17658
17669 17658
17652 17659
17653 17659
17660 17662
17660 17663
17661 17662
17661 17663
17662 17663
17664 17662
17665 17662
17656 17663
17657 17663
17664 17666
17664 17667
17665 17666
17665 17667
17666 17667
17724 17667
17725 17667
17668 17670
17668 17671
17669 17670
17669 17671
17670 17671
17664 17670
17665 17670
17720 17671
17721 17671
17672 17674
17672 17675
17673 17674
17673 17675
17674 17675
17668 17674
17669 17674
17716 17675
17717 17675
17676 17678
17676 17679
17677 17678
17677 17679
17678 17679
17672 17678
17673 17678
17712 17679
17713 17679
17680 17682
17680 17683
17681 17682
17681 17683
17682 17683
17676 17682
17677 17682
17708 17683
17709 17683
17684 17686
17684 17687
17685 17686
17685 17687
17686 17687
17680 17686
17681 17686
17704 17687
17705 17687
17688 17690
17688 17691
17689 17690
17689 17691
17690 17691
17684 17690
17685 17690
17700 17691
17701 17691
17692 17694
17692 17695
17693 17694
17693 17695
17694 17695
17688 17694
17689 17694
17696 17695
17697 17695
17696 17698
17696 17699
17697 17698
17697 17699
17698 17699
17756 17698
17757 17698
17700 17702
17700 17703
17701 17702
17701 17703
17702 17703
17752 17702
17753 17702
17696 17703
17697 17703
17704 17706
17704 17707
17705 17706
17705 17707
17706 17707
17748 17706
17749 17706
17700 17707
17701 17707
17708 17710
17708 17711
17709 17710
17709 17711
17710 17711
17744 17710
17745 17710
17704 17711
17705 17711
17712 17714
17712 17715
17713 17714
17713 17715
17714 17715
17740 17714
17741 17714
17708 17715
17709 17715
17716 17718
17716 17719
17717 17718
17717 17719
17718 17719
17736 17718
17737 17718
17712 17719
17713 17719
17720 17722
17720 17723
17721 17722
17721 17723
17722 17723
17732 17722
17733 17722
17716 17723
17717 17723
17724 17726
17724 17727
17725 17726
17725 17727
17726 17727
17728 17726
17729 17726
17720 17727
17721 17727
17728 17730
17728 17731
17729 17730
17729 17731
17730 17731
17788 17731
17789 17731
17732 17734
17732 17735
17733 17734
17733 17735
17734 17735
17728 17734
17729 17734
17784 17735
17785 17735
17736 17738
17736 17739
17737 17738
17737 17739
17738 17739
17732 17738
17733 17738
17780 17739
17781 17739
17740 17742
17740 17743
17741 17742
17741 17743
17742 17743
17736 17742
17737 17742
17776 17743
17777 17743
17744 17746
17744 17747
17745 17746
17745 17747
17746 17747
17740 17746
17741 17746
17772 17747
17773 17747
17748 17750
17748 17751
17749 17750
17749 17751
17750 17751
17744 17750
17745 17750
17768 17751
17769 17751
17752 17754
17752 17755
17753 17754
17753 17755
17754 17755
17748 17754
17749 17754
17764 17755
17765 17755
17756 17758
17756 17759
17757 17758
17757 17759
17758 17759
17752 17758
17753 17758
17760 17759
17761 17759
17760 17762
17760 17763
17761 17762
17761 17763
17762 17763
17820 17762
17821 17762
17764 17766
17764 17767
17765 17766
17765 17767
17766 17767
17816 17766
17817 17766
17760 17767
17761 17767
17768 17770
17768 17771
17769 17770
17769 17771
17770 17771
17812 17770
17813 17770
17764 17771
17765 17771
17772 17774
17772 17775
17773 17774
17773 17775
17774 17775
17808 17774
17809 17774
17768 17775
17769 17775
17776 17778
17776 17779
17777 17778
17777 17779
17778 17779
17804 17778
17805 17778
17772 17779
17773 17779
17780 17782
17780 17783
17781 17782
17781 17783
17782 17783
17800 17782
17801 17782
17776 17783
17777 17783
17784 17786
17784 17787
17785 17786
17785 17787
17786 17787
17796 17786
17797 17786
17780 17787
17781 17787
17788 17790
17788 17791
17789 17790
17789 17791
17790 17791
17792 17790
17793 17790
17784 17791
17785 17791
17792 17794
17792 17795
17793 17794
17793 17795
17794 17795
17852 17795
17853 17795
17796 17798
17796 17799
17797 17798
17797 17799
17798 17799
17792 17798
17793 17798
17848 17799
17849 17799
17800 17802
17800 17803
17801 17802
17801 17803
17802 17803
17796 17802
17797 17802
17844 17803
17845 17803
17804 17806
17804 17807
17805 17806
17805 17807
17806 17807
17800 17806
17801 17806
17840 17807
17841 17807
17808 17810
17808 17811
17809 17810
17809 17811
17810 17811
17804 17810
17805 17810
17836 17811
17837 17811
17812 17814
17812 17815
17813 17814
17813 17815
17814 17815
17808 17814
17809 17814
17832 17815
17833 17815
17816 17818
17816 17819
17817 17818
17817 17819
17818 17819
17812 17818
17813 17818
17828 17819
17829 17819
17820 17822
17820 17823
17821 17822
17821 17823
17822 17823
17816 17822
17817 17822
17824 17823
17825 17823
17824 17826
17824 17827
17825 17826
17825 17827
17826 17827
17884 17826
17885 17826
17828 17830
17828 17831
17829 17830
17829 17831
17830 17831
17880 17830
17881 17830
17824 17831
17825 17831
17832 17834
17832 17835
17833 17834
17833 17835
17834 17835
17876 17834
17877 17834
17828 17835
17829 17835
17836 17838
17836 17839
17837 17838
17837 17839
17838 17839
17872 17838
17873 17838
17832 17839
17833 17839
17840 17842
17840 17843
17841 17842
17841 17843
17842 17843
17868 17842
17869 17842
17836 17843
17837 17843
17844 17846
17844 17847
17845 17846
17845 17847
17846 17847
17864 17846
17865 17846
17840 17847
17841 17847
17848 17850
17848 17851
17849 17850
17849 17851
17850 17851
17860 17850
17861 17850
17844 17851
17845 17851
17852 17854
17852 17855
17853 17854
17853 17855
17854 17855
17856 17854
17857 17854
17848 17855
17849 17855
17856 17858
17856 17859
17857 17858
17857 17859
17858 17859
17916 17859
17917 17859
17860 17862
17860 17863
17861 17862
17861 17863
17862 17863
17856 17862
17857 17862
17912 17863
17913 17863
17864 17866
17864 17867
17865 17866
17865 17867
17866 17867
17860 17866
17861 17866
17908 17867
17909 17867
17868 17870
17868 17871
17869 17870
17869 17871
17870 17871
17864 17870
17865 17870
17904 17871
17905 17871
17872 17874
17872 17875
17873 17874
17873 17875
17874 17875
17868 17874
17869 17874
17900 17875
17901 17875
17876 17878
17876 17879
17877 17878
17877 17879
17878 17879
17872 17878
17873 17878
17896 17879
17897 17879
17880 17882
17880 17883
17881 17882
17881 17883
17882 17883
17876 17882
17877 17882
17892 17883
17893 17883
17884 17886
17884 17887
17885 17886
17885 17887
17886 17887
17880 17886
17881 17886
17888 17887
17889 17887
17888 17890
17888 17891
17889 17890
17889 17891
17890 17891
17944 17890
17945 17890
17892 17894
17892 17895
17893 17894
17893 17895
17894 17895
17948 17894
17949 17894
17888 17895
17889 17895
17896 17898
17896 17899
17897 17898
17897 17899
17898 17899
17940 17898
17941 17898
17892 17899
17893 17899
17900 17902
17900 17903
17901 17902
17901 17903
17902 17903
17936 17902
17937 17902
17896 17903
17897 17903
17904 17906
17904 17907
17905 17906
17905 17907
17906 17907
17932 17906
17933 17906
17900 17907
17901 17907
17908 17910
17908 17911
17909 17910
17909 17911
17910 17911
17928 17910
17929 17910
17904 17911
17905 17911
17912 17914
17912 17915
17913 17914
17913 17915
17914 17915
17924 17914
17925 17914
17908 17915
17909 17915
17916 17918
17916 17919
17917 17918
17917 17919
17918 17919
17920 17918
17921 17918
17912 17919
17913 17919
17920 17922
17920 17923
17921 17922
17921 17923
17922 17923
17980 17923
17981 17923
17924 17926
17924 17927
17925 17926
17925 17927
17926 17927
17920 17926
17921 17926
17976 17927
17977 17927
17928 17930
17928 17931
17929 17930
17929 17931
17930 17931
17924 17930
17925 17930
17972 17931
17973 17931
17932 17934
17932 17935
17933 17934
17933 17935
17934 17935
17928 17934
17929 17934
17968 17935
17969 17935
17936 17938
17936 17939
17937 17938
17937 17939
17938 17939
17932 17938
17933 17938
17964 17939
17965 17939
17940 17942
17940 17943
17941 17942
17941 17943
17942 17943
17936 17942
17937 17942
17960 17943
17961 17943
17944 17946
17944 17947
17945 17946
17945 17947
17946 17947
17948 17946
17949 17946
17956 17947
17957 17947
17948 17950
17948 17951
17949 17950
17949 17951
17950 17951
17940 17950
17941 17950
17952 17951
17953 17951
17952 17954
17952 17955
17953 17954
17953 17955
17954 17955
18012 17954
18013 17954
17956 17955
17957 17955
17956 17958
17956 17959
17957 17958
17957 17959
17958 17959
18008 17958
18009 17958
17960 17962
17960 17963
17961 17962
17961 17963
17962 17963
18004 17962
18005 17962
17952 17963
17953 17963
17964 17966
17964 17967
17965 17966
17965 17967
17966 17967
18000 17966
18001 17966
17960 17967
17961 17967
17968 17970
17968 17971
17969 17970
17969 17971
17970 17971
17996 17970
17997 17970
17964 17971
17965 17971
17972 17974
17972 17975
17973 17974
17973 17975
17974 17975
17992 17974
17993 17974
17968 17975
17969 17975
17976 17978
17976 17979
17977 17978
17977 17979
17978 17979
17988 17978
17989 17978
17972 17979
17973 17979
17980 17982
17980 17983
17981 17982
17981 17983
17982 17983
17984 17982
17985 17982
17976 17983
17977 17983
17984 17986
17984 17987
17985 17986
17985 17987
17986 17987
18044 17987
18045 17987
17988 17990
17988 17991
17989 17990
17989 17991
17990 17991
17984 17990
17985 17990
18040 17991
18041 17991
17992 17994
17992 17995
17993 17994
17993 17995
17994 17995
17988 17994
17989 17994
18036 17995
18037 17995
17996 17998
17996 17999
17997 17998
17997 17999
17998 17999
17992 17998
17993 17998
18032 17999
18033 17999
18000 18002
18000 18003
18001 18002
18001 18003
18002 18003
17996 18002
17997 18002
18028 18003
18029 18003
18004 18006
18004 18007
18005 18006
18005 18007
18006 18007
18000 18006
18001 18006
18024 18007
18025 18007
18008 18010
18008 18011
18009 18010
18009 18011
18010 18011
18012 18010
18013 18010
18020 18011
18021 18011
18012 18014
18012 18015
18013 18014
18013 18015
18014 18015
18004 18014
18005 18014
18016 18015
18017 18015
18016 18018
18016 18019
18017 18018
18017 18019
18018 18019
18076 18018
18077 18018
18020 18019
18021 18019
18020 18022
18020 18023
18021 18022
18021 18023
18022 18023
18072 18022
18073 18022
18024 18026
18024 18027
18025 18026
18025 18027
18026 18027
18068 18026
18069 18026
18016 18027
18017 18027
18028 18030
18028 18031
18029 18030
18029 18031
18030 18031
18064 18030
18065 18030
18024 18031
18025 18031
18032 18034
18032 18035
18033 18034
18033 18035
18034 18035
18060 18034
18061 18034
18028 18035
18029 18035
18036 18038
18036 18039
18037 18038
18037 18039
18038 18039
18056 18038
18057 18038
18032 18039
18033 18039
18040 18042
18040 18043
18041 18042
18041 18043
18042 18043
18052 18042
18053 18042
18036 18043
18037 18043
18044 18046
18044 18047
18045 18046
18045 18047
18046 18047
18048 18046
18049 18046
18040 18047
18041 18047
18048 18050
18048 18051
18049 18050
18049 18051
18050 18051
18108 18051
18109 18051
18052 18054
18052 18055
18053 18054
18053 18055
18054 18055
18048 18054
18049 18054
18104 18055
18105 18055
18056 18058
18056 18059
18057 18058
18057 18059
18058 18059
18052 18058
18053 18058
18100 18059
18101 18059
18060 18062
18060 18063
18061 18062
18061 18063
18062 18063
18056 18062
18057 18062
18096 18063
18097 18063
18064 18066
18064 18067
18065 18066
18065 18067
18066 18067
18060 18066
18061 18066
18092 18067
18093 18067
18068 18070
18068 18071
18069 18070
18069 18071
18070 18071
18064 18070
18065 18070
18088 18071
18089 18071
18072 18074
18072 18075
18073 18074
18073 18075
18074 18075
18076 18074
18077 18074
18084 18075
18085 18075
18076 18078
18076 18079
18077 18078
18077 18079
18078 18079
18068 18078
18069 18078
18080 18079
18081 18079
18080 18082
18080 18083
18081 18082
18081 18083
18082 18083
18140 18082
18141 18082
18084 18083
18085 18083
18084 18086
18084 18087
18085 18086
18085 18087
18086 18087
18136 18086
18137 18086
18088 18090
18088 18091
18089 18090
18089 18091
18090 18091
18132 18090
18133 18090
18080 18091
18081 18091
18092 18094
18092 18095
18093 18094
18093 18095
18094 18095
18128 18094
18129 18094
18088 18095
18089 18095
18096 18098
18096 18099
18097 18098
18097 18099
18098 18099
18124 18098
18125 18098
18092 18099
18093 18099
18100 18102
18100 18103
18101 18102
18101 18103
18102 18103
18120 18102
18121 18102
18096 18103
18097 18103
18104 18106
18104 18107
18105 18106
18105 18107
18106 18107
18116 18106
18117 18106
18100 18107
18101 18107
18108 18110
18108 18111
18109 18110
18109 18111
18110 18111
18112 18110
18113 18110
18104 18111
18105 18111
18112 18114
18112 18115
18113 18114
18113 18115
18114 18115
18172 18115
18173 18115
18116 18118
18116 18119
18117 18118
18117 18119
18118 18119
18112 18118
18113 18118
18168 18119
18169 18119
18120 18122
18120 18123
18121 18122
18121 18123
18122 18123
18116 18122
18117 18122
18164 18123
18165 18123
18124 18126
18124 18127
18125 18126
18125 18127
18126 18127
18120 18126
18121 18126
18160 18127
18161 18127
18128 18130
18128 18131
18129 18130
18129 18131
18130 18131
18124 18130
18125 18130
18156 18131
18157 18131
18132 18134
18132 18135
18133 18134
18133 18135
18134 18135
18128 18134
18129 18134
18152 18135
18153 18135
18136 18138
18136 18139
18137 18138
18137 18139
18138 18139
18140 18138
18141 18138
18148 18139
18149 18139
18140 18142
18140 18143
18141 18142
18141 18143
18142 18143
18132 18142
18133 18142
18144 18143
18145 18143
18144 18146
18144 18147
18145 18146
18145 18147
18146 18147
18204 18146
18205 18146
18148 18147
18149 18147
18148 18150
18148 18151
18149 18150
18149 18151
18150 18151
18200 18150
18201 18150
18152 18154
18152 18155
18153 18154
18153 18155
18154 18155
18196 18154
18197 18154
18144 18155
18145 18155
18156 18158
18156 18159
18157 18158
18157 18159
18158 18159
18192 18158
18193 18158
18152 18159
18153 18159
18160 18162
18160 18163
18161 18162
18161 18163
18162 18163
18188 18162
18189 18162
18156 18163
18157 18163
18164 18166
18164 18167
18165 18166
18165 18167
18166 18167
18184 18166
18185 18166
18160 18167
18161 18167
18168 18170
18168 18171
18169 18170
18169 18171
18170 18171
18180 18170
18181 18170
18164 18171
18165 18171
18172 18174
18172 18175
18173 18174
18173 18175
18174 18175
18176 18174
18177 18174
18168 18175
18169 18175
18176 18178
18176 18179
18177 18178
18177 18179
18178 18179
18236 18179
18237 18179
18180 18182
18180 18183
18181 18182
18181 18183
18182 18183
18176 18182
18177 18182
18232 18183
18233 18183
18184 18186
18184 18187
18185 18186
18185 18187
18186 18187
18180 18186
18181 18186
18228 18187
18229 18187
18188 18190
18188 18191
18189 18190
18189 18191
18190 18191
18184 18190
18185 18190
18224 18191
18225 18191
18192 18194
18192 18195
18193 18194
18193 18195
18194 18195
18188 18194
18189 18194
18220 18195
18221 18195
18196 18198
18196 18199
18197 18198
18197 18199
18198 18199
18192 18198
18193 18198
18216 18199
18217 18199
18200 18202
18200 18203
18201 18202
18201 18203
18202 18203
18204 18202
18205 18202
18212 18203
18213 18203
18204 18206
18204 18207
18205 18206
18205 18207
18206 18207
18196 18206
18197 18206
18208 18207
18209 18207
18208 18210
18208 18211
18209 18210
18209 18211
18210 18211
18268 18210
18269 18210
18212 18211
18213 18211
18212 18214
18212 18215
18213 18214
18213 18215
18214 18215
18264 18214
18265 18214
18216 18218
18216 18219
18217 18218
18217 18219
18218 18219
18260 18218
18261 18218
18208 18219
18209 18219
18220 18222
18220 18223
18221 18222
18221 18223
18222 18223
18256 18222
18257 18222
18216 18223
18217 18223
18224 18226
18224 18227
18225 18226
18225 18227
18226 18227
18252 18226
18253 18226
18220 18227
18221 18227
18228 18230
18228 18231
18229 18230
18229 18231
18230 18231
18248 18230
18249 18230
18224 18231
18225 18231
18232 18234
18232 18235
18233 18234
18233 18235
18234 18235
18244 18234
18245 18234
18228 18235
18229 18235
18236 18238
18236 18239
18237 18238
18237 18239
18238 18239
18240 18238
18241 18238
18232 18239
18233 18239
18240 18242
18240 18243
18241 18242
18241 18243
18242 18243
18300 18243
18301 18243
18244 18246
18244 18247
18245 18246
18245 18247
18246 18247
18240 18246
18241 18246
18296 18247
18297 18247
18248 18250
18248 18251
18249 18250
18249 18251
18250 18251
18244 18250
18245 18250
18292 18251
18293 18251
18252 18254
18252 18255
18253 18254
18253 18255
18254 18255
18248 18254
18249 18254
18288 18255
18289 18255
18256 18258
18256 18259
18257 18258
18257 18259
18258 18259
18252 18258
18253 18258
18284 18259
18285 18259
18260 18262
18260 18263
18261 18262
18261 18263
18262 18263
18256 18262
18257 18262
18280 18263
18281 18263
18264 18266
18264 18267
18265 18266
18265 18267
18266 18267
18268 18266
18269 18266
18276 18267
18277 18267
18268 18270
18268 18271
18269 18270
18269 18271
18270 18271
18260 18270
18261 18270
18272 18271
18273 18271
18272 18274
18272 18275
18273 18274
18273 18275
18274 18275
18332 18274
18333 18274
18276 18275
18277 18275
18276 18278
18276 18279
18277 18278
18277 18279
18278 18279
18328 18278
18329 18278
18280 18282
18280 18283
18281 18282
18281 18283
18282 18283
18324 18282
18325 18282
18272 18283
18273 18283
18284 18286
18284 18287
18285 18286
18285 18287
18286 18287
18320 18286
18321 18286
18280 18287
18281 18287
18288 18290
18288 18291
18289 18290
18289 18291
18290 18291
18316 18290
18317 18290
18284 18291
18285 18291
18292 18294
18292 18295
18293 18294
18293 18295
18294 18295
18312 18294
18313 18294
18288 18295
18289 18295
18296 18298
18296 18299
18297 18298
18297 18299
18298 18299
18308 18298
18309 18298
18292 18299
18293 18299
18300 18302
18300 18303
18301 18302
18301 18303
18302 18303
18304 18302
18305 18302
18296 18303
18297 18303
18304 18306
18304 18307
18305 18306
18305 18307
18306 18307
18364 18307
18365 18307
18308 18310
18308 18311
18309 18310
18309 18311
18310 18311
18304 18310
18305 18310
18360 18311
18361 18311
18312 18314
18312 18315
18313 18314
18313 18315
18314 18315
18308 18314
18309 18314
18356 18315
18357 18315
18316 18318
18316 18319
18317 18318
18317 18319
18318 18319
18312 18318
18313 18318
18352 18319
18353 18319
18320 18322
18320 18323
18321 18322
18321 18323
18322 18323
18316 18322
18317 18322
18348 18323
18349 18323
18324 18326
18324 18327
18325 18326
18325 18327
18326 18327
18320 18326
18321 18326
18344 18327
18345 18327
18328 18330
18328 18331
18329 18330
18329 18331
18330 18331
18332 18330
18333 18330
18340 18331
18341 18331
18332 18334
18332 18335
18333 18334
18333 18335
18334 18335
18324 18334
18325 18334
18336 18335
18337 18335
18336 18338
18336 18339
18337 18338
18337 18339
18338 18339
18396 18338
18397 18338
18340 18339
18341 18339
18340 18342
18340 18343
18341 18342
18341 18343
18342 18343
18392 18342
18393 18342
18344 18346
18344 18347
18345 18346
18345 18347
18346 18347
18388 18346
18389 18346
18336 18347
18337 18347
18348 18350
18348 18351
18349 18350
18349 18351
18350 18351
18384 18350
18385 18350
18344 18351
18345 18351
18352 18354
18352 18355
18353 18354
18353 18355
18354 18355
18380 18354
18381 18354
18348 18355
18349 18355
18356 18358
18356 18359
18357 18358
18357 18359
18358 18359
18376 18358
18377 18358
18352 18359
18353 18359
18360 18362
18360 18363
18361 18362
18361 18363
18362 18363
18372 18362
18373 18362
18356 18363
18357 18363
18364 18366
18364 18367
18365 18366
18365 18367
18366 18367
18368 18366
18369 18366
18360 18367
18361 18367
18368 18370
18368 18371
18369 18370
18369 18371
18370 18371
18428 18371
18429 18371
18372 18374
18372 18375
18373 18374
18373 18375
18374 18375
18368 18374
18369 18374
18424 18375
18425 18375
18376 18378
18376 18379
18377 18378
18377 18379
18378 18379
18372 18378
18373 18378
18420 18379
18421 18379
18380 18382
18380 18383
18381 18382
18381 18383
18382 18383
18376 18382
18377 18382
18416 18383
18417 18383
18384 18386
18384 18387
18385 18386
18385 18387
18386 18387
18380 18386
18381 18386
18412 18387
18413 18387
18388 18390
18388 18391
18389 18390
18389 18391
18390 18391
18384 18390
18385 18390
18408 18391
18409 18391
18392 18394
18392 18395
18393 18394
18393 18395
18394 18395
18396 18394
18397 18394
18404 18395
18405 18395
18396 18398
18396 18399
18397 18398
18397 18399
18398 18399
18388 18398
18389 18398
18400 18399
18401 18399
18400 18402
18400 18403
18401 18402
18401 18403
18402 18403
18460 18402
18461 18402
18404 18403
18405 18403
18404 18406
18404 18407
18405 18406
18405 18407
18406 18407
18456 18406
18457 18406
18408 18410
18408 18411
18409 18410
18409 18411
18410 18411
18452 18410
18453 18410
18400 18411
18401 18411
18412 18414
18412 18415
18413 18414
18413 18415
18414 18415
18448 18414
18449 18414
18408 18415
18409 18415
18416 18418
18416 18419
18417 18418
18417 18419
18418 18419
18444 18418
18445 18418
18412 18419
18413 18419
18420 18422
18420 18423
18421 18422
18421 18423
18422 18423
18440 18422
18441 18422
18416 18423
18417 18423
18424 18426
18424 18427
18425 18426
18425 18427
18426 18427
18436 18426
18437 18426
18420 18427
18421 18427
18428 18430
18428 18431
18429 18430
18429 18431
18430 18431
18432 18430
18433 18430
18424 18431
18425 18431
18432 18434
18432 18435
18433 18434
18433 18435
18434 18435
18436 18438
18436 18439
18437 18438
18437 18439
18438 18439
18432 18438
18433 18438
18440 18442
18440 18443
18441 18442
18441 18443
18442 18443
18436 18442
18437 18442
18444 18446
18444 18447
18445 18446
18445 18447
18446 18447
18440 18446
18441 18446
18448 18450
18448 18451
18449 18450
18449 18451
18450 18451
18444 18450
18445 18450
18452 18454
18452 18455
18453 18454
18453 18455
18454 18455
18448 18454
18449 18454
18456 18458
18456 18459
18457 18458
18457 18459
18458 18459
18460 18458
18461 18458
18460 18462
18460 18463
18461 18462
18461 18463
18462 18463
18452 18462
18453 18462
18464 18466
18464 18467
18465 18466
18465 18467
18466 18467
18524 18467
18525 18467
18468 18470
18468 18471
18469 18470
18469 18471
18470 18471
18464 18470
18465 18470
18520 18471
18521 18471
18472 18474
18472 18475
18473 18474
18473 18475
18474 18475
18468 18474
18469 18474
18516 18475
18517 18475
18476 18478
18476 18479
18477 18478
18477 18479
18478 18479
18472 18478
18473 18478
18512 18479
18513 18479
18480 18482
18480 18483
18481 18482
18481 18483
18482 18483
18476 18482
18477 18482
18508 18483
18509 18483
18484 18486
18484 18487
18485 18486
18485 18487
18486 18487
18480 18486
18481 18486
18504 18487
18505 18487
18488 18490
18488 18491
18489 18490
18489 18491
18490 18491
18484 18490
18485 18490
18500 18491
18501 18491
18492 18494
18492 18495
18493 18494
18493 18495
18494 18495
18488 18494
18489 18494
18496 18495
18497 18495
18496 18498
18496 18499
18497 18498
18497 18499
18498 18499
18556 18498
18557 18498
18500 18502
18500 18503
18501 18502
18501 18503
18502 18503
18552 18502
18553 18502
18496 18503
18497 18503
18504 18506
18504 18507
18505 18506
18505 18507
18506 18507
18548 18506
18549 18506
18500 18507
18501 18507
18508 18510
18508 18511
18509 18510
18509 18511
18510 18511
18544 18510
18545 18510
18504 18511
18505 18511
18512 18514
18512 18515
18513 18514
18513 18515
18514 18515
18540 18514
18541 18514
18508 18515
18509 18515
18516 18518
18516 18519
18517 18518
18517 18519
18518 18519
18536 18518
18537 18518
18512 18519
18513 18519
18520 18522
18520 18523
18521 18522
18521 18523
18522 18523
18532 18522
18533 18522
18516 18523
18517 18523
18524 18526
18524 18527
18525 18526
18525 18527
18526 18527
18528 18526
18529 18526
18520 18527
18521 18527
18528 18530
18528 18531
18529 18530
18529 18531
18530 18531
18588 18531
18589 18531
18532 18534
18532 18535
18533 18534
18533 18535
18534 18535
18528 18534
18529 18534
18584 18535
18585 18535
18536 18538
18536 18539
18537 18538
18537 18539
18538 18539
18532 18538
18533 18538
18580 18539
18581 18539
18540 18542
18540 18543
18541 18542
18541 18543
18542 18543
18536 18542
18537 18542
18576 18543
18577 18543
18544 18546
18544 18547
18545 18546
18545 18547
18546 18547
18540 18546
18541 18546
18572 18547
18573 18547
18548 18550
18548 18551
18549 18550
18549 18551
18550 18551
18544 18550
18545 18550
18568 18551
18569 18551
18552 18554
18552 18555
18553 18554
18553 18555
18554 18555
18548 18554
18549 18554
18564 18555
18565 18555
18556 18558
18556 18559
18557 18558
18557 18559
18558 18559
18552 18558
18553 18558
18560 18559
18561 18559
18560 18562
18560 18563
18561 18562
18561 18563
18562 18563
18620 18562
18621 18562
18564 18566
18564 18567
18565 18566
18565 18567
18566 18567
18616 18566
18617 18566
18560 18567
18561 18567
18568 18570
18568 18571
18569 18570
18569 18571
18570 18571
18612 18570
18613 18570
18564 18571
18565 18571
18572 18574
18572 18575
18573 18574
18573 18575
18574 18575
18608 18574
18609 18574
18568 18575
18569 18575
18576 18578
18576 18579
18577 18578
18577 18579
18578 18579
18604 18578
18605 18578
18572 18579
18573 18579
18580 18582
18580 18583
18581 18582
18581 18583
18582 18583
18600 18582
18601 18582
18576 18583
18577 18583
18584 18586
18584 18587
18585 18586
18585 18587
18586 18587
18596 18586
18597 18586
18580 18587
18581 18587
18588 18590
18588 18591
18589 18590
18589 18591
18590 18591
18592 18590
18593 18590
18584 18591
18585 18591
18592 18594
18592 18595
18593 18594
18593 18595
18594 18595
18652 18595
18653 18595
18596 18598
18596 18599
18597 18598
18597 18599
18598 18599
18592 18598
18593 18598
18648 18599
18649 18599
18600 18602
18600 18603
18601 18602
18601 18603
18602 18603
18596 18602
18597 18602
18644 18603
18645 18603
18604 18606
18604 18607
18605 18606
18605 18607
18606 18607
18600 18606
18601 18606
18640 18607
18641 18607
18608 18610
18608 18611
18609 18610
18609 18611
18610 18611
18604 18610
18605 18610
18636 18611
18637 18611
18612 18614
18612 18615
18613 18614
18613 18615
18614 18615
18608 18614
18609 18614
18632 18615
18633 18615
18616 18618
18616 18619
18617 18618
18617 18619
18618 18619
18612 18618
18613 18618
18628 18619
18629 18619
18620 18622
18620 18623
18621 18622
18621 18623
18622 18623
18616 18622
18617 18622
18624 18623
18625 18623
18624 18626
18624 18627
18625 18626
18625 18627
18626 18627
18684 18626
18685 18626
18628 18630
18628 18631
18629 18630
18629 18631
18630 18631
18680 18630
18681 18630
18624 18631
18625 18631
18632 18634
18632 18635
18633 18634
18633 18635
18634 18635
18676 18634
18677 18634
18628 18635
18629 18635
18636 18638
18636 18639
18637 18638
18637 18639
18638 18639
18672 18638
18673 18638
18632 18639
18633 18639
18640 18642
18640 18643
18641 18642
18641 18643
18642 18643
18668 18642
18669 18642
18636 18643
18637 18643
18644 18646
18644 18647
18645 18646
18645 18647
18646 18647
18664 18646
18665 18646
18640 18647
18641 18647
18648 18650
18648 18651
18649 18650
18649 18651
18650 18651
18660 18650
18661 18650
18644 18651
18645 18651
18652 18654
18652 18655
18653 18654
18653 18655
18654 18655
18656 18654
18657 18654
18648 18655
18649 18655
18656 18658
18656 18659
18657 18658
18657 18659
18658 18659
18716 18659
18717 18659
18660 18662
18660 18663
18661 18662
18661 18663
18662 18663
18656 18662
18657 18662
18712 18663
18713 18663
18664 18666
18664 18667
18665 18666
18665 18667
18666 18667
18660 18666
18661 18666
18708 18667
18709 18667
18668 18670
18668 18671
18669 18670
18669 18671
18670 18671
18664 18670
18665 18670
18704 18671
18705 18671
18672 18674
18672 18675
18673 18674
18673 18675
18674 18675
18668 18674
18669 18674
18700 18675
18701 18675
18676 18678
18676 18679
18677 18678
18677 18679
18678 18679
18672 18678
18673 18678
18696 18679
18697 18679
18680 18682
18680 18683
18681 18682
18681 18683
18682 18683
18676 18682
18677 18682
18692 18683
18693 18683
18684 18686
18684 18687
18685 18686
18685 18687
18686 18687
18680 18686
18681 18686
18688 18687
18689 18687
18688 18690
18688 18691
18689 18690
18689 18691
18690 18691
18748 18690
18749 18690
18692 18694
18692 18695
18693 18694
18693 18695
18694 18695
18744 18694
18745 18694
18688 18695
18689 18695
18696 18698
18696 18699
18697 18698
18697 18699
18698 18699
18740 18698
18741 18698
18692 18699
18693 18699
18700 18702
18700 18703
18701 18702
18701 18703
18702 18703
18736 18702
18737 18702
18696 18703
18697 18703
18704 18706
18704 18707
18705 18706
18705 18707
18706 18707
18732 18706
18733 18706
18700 18707
18701 18707
18708 18710
18708 18711
18709 18710
18709 18711
18710 18711
18728 18710
18729 18710
18704 18711
18705 18711
18712 18714
18712 18715
18713 18714
18713 18715
18714 18715
18724 18714
18725 18714
18708 18715
18709 18715
18716 18718
18716 18719
18717 18718
18717 18719
18718 18719
18720 18718
18721 18718
18712 18719
18713 18719
18720 18722
18720 18723
18721 18722
18721 18723
18722 18723
18780 18723
18781 18723
18724 18726
18724 18727
18725 18726
18725 18727
18726 18727
18720 18726
18721 18726
18776 18727
18777 18727
18728 18730
18728 18731
18729 18730
18729 18731
18730 18731
18724 18730
18725 18730
18772 18731
18773 18731
18732 18734
18732 18735
18733 18734
18733 18735
18734 18735
18728 18734
18729 18734
18768 18735
18769 18735
18736 18738
18736 18739
18737 18738
18737 18739
18738 18739
18732 18738
18733 18738
18764 18739
18765 18739
18740 18742
18740 18743
18741 18742
18741 18743
18742 18743
18736 18742
18737 18742
18760 18743
18761 18743
18744 18746
18744 18747
18745 18746
18745 18747
18746 18747
18740 18746
18741 18746
18756 18747
18757 18747
18748 18750
18748 18751
18749 18750
18749 18751
18750 18751
18744 18750
18745 18750
18752 18751
18753 18751
18752 18754
18752 18755
18753 18754
18753 18755
18754 18755
18812 18754
18813 18754
18756 18758
18756 18759
18757 18758
18757 18759
18758 18759
18808 18758
18809 18758
18752 18759
18753 18759
18760 18762
18760 18763
18761 18762
18761 18763
18762 18763
18804 18762
18805 18762
18756 18763
18757 18763
18764 18766
18764 18767
18765 18766
18765 18767
18766 18767
18800 18766
18801 18766
18760 18767
18761 18767
18768 18770
18768 18771
18769 18770
18769 18771
18770 18771
18796 18770
18797 18770
18764 18771
18765 18771
18772 18774
18772 18775
18773 18774
18773 18775
18774 18775
18792 18774
18793 18774
18768 18775
18769 18775
18776 18778
18776 18779
18777 18778
18777 18779
18778 18779
18788 18778
18789 18778
18772 18779
18773 18779
18780 18782
18780 18783
18781 18782
18781 18783
18782 18783
18784 18782
18785 18782
18776 18783
18777 18783
18784 18786
18784 18787
18785 18786
18785 18787
18786 18787
18844 18787
18845 18787
18788 18790
18788 18791
18789 18790
18789 18791
18790 18791
18784 18790
18785 18790
18840 18791
18841 18791
18792 18794
18792 18795
18793 18794
18793 18795
18794 18795
18788 18794
18789 18794
18836 18795
18837 18795
18796 18798
18796 18799
18797 18798
18797 18799
18798 18799
18792 18798
18793 18798
18832 18799
18833 18799
18800 18802
18800 18803
18801 18802
18801 18803
18802 18803
18796 18802
18797 18802
18828 18803
18829 18803
18804 18806
18804 18807
18805 18806
18805 18807
18806 18807
18800 18806
18801 18806
18824 18807
18825 18807
18808 18810
18808 18811
18809 18810
18809 18811
18810 18811
18804 18810
18805 18810
18820 18811
18821 18811
18812 18814
18812 18815
18813 18814
18813 18815
18814 18815
18808 18814
18809 18814
18816 18815
18817 18815
18816 18818
18816 18819
18817 18818
18817 18819
18818 18819
18876 18818
18877 18818
18820 18822
18820 18823
18821 18822
18821 18823
18822 18823
18872 18822
18873 18822
18816 18823
18817 18823
18824 18826
18824 18827
18825 18826
18825 18827
18826 18827
18868 18826
18869 18826
18820 18827
18821 18827
18828 18830
18828 18831
18829 18830
18829 18831
18830 18831
18864 18830
18865 18830
18824 18831
18825 18831
18832 18834
18832 18835
18833 18834
18833 18835
18834 18835
18860 18834
18861 18834
18828 18835
18829 18835
18836 18838
18836 18839
18837 18838
18837 18839
18838 18839
18856 18838
18857 18838
18832 18839
18833 18839
18840 18842
18840 18843
18841 18842
18841 18843
18842 18843
18852 18842
18853 18842
18836 18843
18837 18843
18844 18846
18844 18847
18845 18846
18845 18847
18846 18847
18848 18846
18849 18846
18840 18847
18841 18847
18848 18850
18848 18851
18849 18850
18849 18851
18850 18851
18908 18851
18909 18851
18852 18854
18852 18855
18853 18854
18853 18855
18854 18855
18848 18854
18849 18854
18904 18855
18905 18855
18856 18858
18856 18859
18857 18858
18857 18859
18858 18859
18852 18858
18853 18858
18900 18859
18901 18859
18860 18862
18860 18863
18861 18862
18861 18863
18862 18863
18856 18862
18857 18862
18896 18863
18897 18863
18864 18866
18864 18867
18865 18866
18865 18867
18866 18867
18860 18866
18861 18866
18892 18867
18893 18867
18868 18870
18868 18871
18869 18870
18869 18871
18870 18871
18864 18870
18865 18870
18888 18871
18889 18871
18872 18874
18872 18875
18873 18874
18873 18875
18874 18875
18868 18874
18869 18874
18884 18875
18885 18875
18876 18878
18876 18879
18877 18878
18877 18879
18878 18879
18872 18878
18873 18878
18880 18879
18881 18879
18880 18882
18880 18883
18881 18882
18881 18883
18882 18883
18940 18882
18941 18882
18884 18886
18884 18887
18885 18886
18885 18887
18886 18887
18936 18886
18937 18886
18880 18887
18881 18887
18888 18890
18888 18891
18889 18890
18889 18891
18890 18891
18932 18890
18933 18890
18884 18891
18885 18891
18892 18894
18892 18895
18893 18894
18893 18895
18894 18895
18928 18894
18929 18894
18888 18895
18889 18895
18896 18898
18896 18899
18897 18898
18897 18899
18898 18899
18924 18898
18925 18898
18892 18899
18893 18899
18900 18902
18900 18903
18901 18902
18901 18903
18902 18903
18920 18902
18921 18902
18896 18903
18897 18903
18904 18906
18904 18907
18905 18906
18905 18907
18906 18907
18916 18906
18917 18906
18900 18907
18901 18907
18908 18910
18908 18911
18909 18910
18909 18911
18910 18911
18912 18910
18913 18910
18904 18911
18905 18911
18912 18914
18912 18915
18913 18914
18913 18915
18914 18915
18972 18915
18973 18915
18916 18918
18916 18919
18917 18918
18917 18919
18918 18919
18912 18918
18913 18918
18968 18919
18969 18919
18920 18922
18920 18923
18921 18922
18921 18923
18922 18923
18916 18922
18917 18922
18964 18923
18965 18923
18924 18926
18924 18927
18925 18926
18925 18927
18926 18927
18920 18926
18921 18926
18960 18927
18961 18927
18928 18930
18928 18931
18929 18930
18929 18931
18930 18931
18924 18930
18925 18930
18956 18931
18957 18931
18932 18934
18932 18935
18933 18934
18933 18935
18934 18935
18928 18934
18929 18934
18952 18935
18953 18935
18936 18938
18936 18939
18937 18938
18937 18939
18938 18939
18932 18938
18933 18938
18948 18939
18949 18939
18940 18942
18940 18943
18941 18942
18941 18943
18942 18943
18936 18942
18937 18942
18944 18943
18945 18943
18944 18946
18944 18947
18945 18946
18945 18947
18946 18947
19004 18946
19005 18946
18948 18950
18948 18951
18949 18950
18949 18951
18950 18951
19000 18950
19001 18950
18944 18951
18945 18951
18952 18954
18952 18955
18953 18954
18953 18955
18954 18955
18996 18954
18997 18954
18948 18955
18949 18955
18956 18958
18956 18959
18957 18958
18957 18959
18958 18959
18992 18958
18993 18958
18952 18959
18953 18959
18960 18962
18960 18963
18961 18962
18961 18963
18962 18963
18988 18962
18989 18962
18956 18963
18957 18963
18964 18966
18964 18967
18965 18966
18965 18967
18966 18967
18984 18966
18985 18966
18960 18967
18961 18967
18968 18970
18968 18971
18969 18970
18969 18971
18970 18971
18980 18970
18981 18970
18964 18971
18965 18971
18972 18974
18972 18975
18973 18974
18973 18975
18974 18975
18976 18974
18977 18974
18968 18975
18969 18975
18976 18978
18976 18979
18977 18978
18977 18979
18978 18979
19036 18979
19037 18979
18980 18982
18980 18983
18981 18982
18981 18983
18982 18983
18976 18982
18977 18982
19032 18983
19033 18983
18984 18986
18984 18987
18985 18986
18985 18987
18986 18987
18980 18986
18981 18986
19028 18987
19029 18987
18988 18990
18988 18991
18989 18990
18989 18991
18990 18991
18984 18990
18985 18990
19024 18991
19025 18991
18992 18994
18992 18995
18993 18994
18993 18995
18994 18995
18988 18994
18989 18994
19020 18995
19021 18995
18996 18998
18996 18999
18997 18998
18997 18999
18998 18999
18992 18998
18993 18998
19016 18999
19017 18999
19000 19002
19000 19003
19001 19002
19001 19003
19002 19003
18996 19002
18997 19002
19012 19003
19013 19003
19004 19006
19004 19007
19005 19006
19005 19007
19006 19007
19000 19006
19001 19006
19008 19007
19009 19007
19008 19010
19008 19011
19009 19010
19009 19011
19010 19011
19064 19010
19065 19010
19012 19014
19012 19015
19013 19014
19013 19015
19014 19015
19068 19014
19069 19014
19008 19015
19009 19015
19016 19018
19016 19019
19017 19018
19017 19019
19018 19019
19060 19018
19061 19018
19012 19019
19013 19019
19020 19022
19020 19023
19021 19022
19021 19023
19022 19023
19056 19022
19057 19022
19016 19023
19017 19023
19024 19026
19024 19027
19025 19026
19025 19027
19026 19027
19052 19026
19053 19026
19020 19027
19021 19027
19028 19030
19028 19031
19029 19030
19029 19031
19030 19031
19048 19030
19049 19030
19024 19031
19025 19031
19032 19034
19032 19035
19033 19034
19033 19035
19034 19035
19044 19034
19045 19034
19028 19035
19029 19035
19036 19038
19036 19039
19037 19038
19037 19039
19038 19039
19040 19038
19041 19038
19032 19039
19033 19039
19040 19042
19040 19043
19041 19042
19041 19043
19042 19043
19100 19043
19101 19043
19044 19046
19044 19047
19045 19046
19045 19047
19046 19047
19040 19046
19041 19046
19096 19047
19097 19047
19048 19050
19048 19051
19049 19050
19049 19051
19050 19051
19044 19050
19045 19050
19092 19051
19093 19051
19052 19054
19052 19055
19053 19054
19053 19055
19054 19055
19048 19054
19049 19054
19088 19055
19089 19055
19056 19058
19056 19059
19057 19058
19057 19059
19058 19059
19052 19058
19053 19058
19084 19059
19085 19059
19060 19062
19060 19063
19061 19062
19061 19063
19062 19063
19056 19062
19057 19062
19080 19063
19081 19063
19064 19066
19064 19067
19065 19066
19065 19067
19066 19067
19068 19066
19069 19066
19076 19067
19077 19067
19068 19070
19068 19071
19069 19070
19069 19071
19070 19071
19060 19070
19061 19070
19072 19071
19073 19071
19072 19074
19072 19075
19073 19074
19073 19075
19074 19075
19132 19074
19133 19074
19076 19075
19077 19075
19076 19078
19076 19079
19077 19078
19077 19079
19078 19079
19128 19078
19129 19078
19080 19082
19080 19083
19081 19082
19081 19083
19082 19083
19124 19082
19125 19082
19072 19083
19073 19083
19084 19086
19084 19087
19085 19086
19085 19087
19086 19087
19120 19086
19121 19086
19080 19087
19081 19087
19088 19090
19088 19091
19089 19090
19089 19091
19090 19091
19116 19090
19117 19090
19084 19091
19085 19091
19092 19094
19092 19095
19093 19094
19093 19095
19094 19095
19112 19094
19113 19094
19088 19095
19089 19095
19096 19098
19096 19099
19097 19098
19097 19099
19098 19099
19108 19098
19109 19098
19092 19099
19093 19099
19100 19102
19100 19103
19101 19102
19101 19103
19102 19103
19104 19102
19105 19102
19096 19103
19097 19103
19104 19106
19104 19107
19105 19106
19105 19107
19106 19107
19164 19107
19165 19107
19108 19110
19108 19111
19109 19110
19109 19111
19110 19111
19104 19110
19105 19110
19160 19111
19161 19111
19112 19114
19112 19115
19113 19114
19113 19115
19114 19115
19108 19114
19109 19114
19156 19115
19157 19115
19116 19118
19116 19119
19117 19118
19117 19119
19118 19119
19112 19118
19113 19118
19152 19119
19153 19119
19120 19122
19120 19123
19121 19122
19121 19123
19122 19123
19116 19122
19117 19122
19148 19123
19149 19123
19124 19126
19124 19127
19125 19126
19125 19127
19126 19127
19120 19126
19121 19126
19144 19127
19145 19127
19128 19130
19128 19131
19129 19130
19129 19131
19130 19131
19132 19130
19133 19130
19140 19131
19141 19131
19132 19134
19132 19135
19133 19134
19133 19135
19134 19135
19124 19134
19125 19134
19136 19135
19137 19135
19136 19138
19136 19139
19137 19138
19137 19139
19138 19139
19196 19138
19197 19138
19140 19139
19141 19139
19140 19142
19140 19143
19141 19142
19141 19143
19142 19143
19192 19142
19193 19142
19144 19146
19144 19147
19145 19146
19145 19147
19146 19147
19188 19146
19189 19146
19136 19147
19137 19147
19148 19150
19148 19151
19149 19150
19149 19151
19150 19151
19184 19150
19185 19150
19144 19151
19145 19151
19152 19154
19152 19155
19153 19154
19153 19155
19154 19155
19180 19154
19181 19154
19148 19155
19149 19155
19156 19158
19156 19159
19157 19158
19157 19159
19158 19159
19176 19158
19177 19158
19152 19159
19153 19159
19160 19162
19160 19163
19161 19162
19161 19163
19162 19163
19172 19162
19173 19162
19156 19163
19157 19163
19164 19166
19164 19167
19165 19166
19165 19167
19166 19167
19168 19166
19169 19166
19160 19167
19161 19167
19168 19170
19168 19171
19169 19170
19169 19171
19170 19171
19228 19171
19229 19171
19172 19174
19172 19175
19173 19174
19173 19175
19174 19175
19168 19174
19169 19174
19224 19175
19225 19175
19176 19178
19176 19179
19177 19178
19177 19179
19178 19179
19172 19178
19173 19178
19220 19179
19221 19179
19180 19182
19180 19183
19181 19182
19181 19183
19182 19183
19176 19182
19177 19182
19216 19183
19217 19183
19184 19186
19184 19187
19185 19186
19185 19187
19186 19187
19180 19186
19181 19186
19212 19187
19213 19187
19188 19190
19188 19191
19189 19190
19189 19191
19190 19191
19184 19190
19185 19190
19208 19191
19209 19191
19192 19194
19192 19195
19193 19194
19193 19195
19194 19195
19196 19194
19197 19194
19204 19195
19205 19195
19196 19198
19196 19199
19197 19198
19197 19199
19198 19199
19188 19198
19189 19198
19200 19199
19201 19199
19200 19202
19200 19203
19201 19202
19201 19203
19202 19203
19260 19202
19261 19202
19204 19203
19205 19203
19204 19206
19204 19207
19205 19206
19205 19207
19206 19207
19256 19206
19257 19206
19208 19210
19208 19211
19209 19210
19209 19211
19210 19211
19252 19210
19253 19210
19200 19211
19201 19211
19212 19214
19212 19215
19213 19214
19213 19215
19214 19215
19248 19214
19249 19214
19208 19215
19209 19215
19216 19218
19216 19219
19217 19218
19217 19219
19218 19219
19244 19218
19245 19218
19212 19219
19213 19219
19220 19222
19220 19223
19221 19222
19221 19223
19222 19223
19240 19222
19241 19222
19216 19223
19217 19223
19224 19226
19224 19227
19225 19226
19225 19227
19226 19227
19236 19226
19237 19226
19220 19227
19221 19227
19228 19230
19228 19231
19229 19230
19229 19231
19230 19231
19232 19230
19233 19230
19224 19231
19225 19231
19232 19234
19232 19235
19233 19234
19233 19235
19234 19235
19292 19235
19293 19235
19236 19238
19236 19239
19237 19238
19237 19239
19238 19239
19232 19238
19233 19238
19288 19239
19289 19239
19240 19242
19240 19243
19241 19242
19241 19243
19242 19243
19236 19242
19237 19242
19284 19243
19285 19243
19244 19246
19244 19247
19245 19246
19245 19247
19246 19247
19240 19246
19241 19246
19280 19247
19281 19247
19248 19250
19248 19251
19249 19250
19249 19251
19250 19251
19244 19250
19245 19250
19276 19251
19277 19251
19252 19254
19252 19255
19253 19254
19253 19255
19254 19255
19248 19254
19249 19254
19272 19255
19273 19255
19256 19258
19256 19259
19257 19258
19257 19259
19258 19259
19260 19258
19261 19258
19268 19259
19269 19259
19260 19262
19260 19263
19261 19262
19261 19263
19262 19263
19252 19262
19253 19262
19264 19263
19265 19263
19264 19266
19264 19267
19265 19266
19265 19267
19266 19267
19324 19266
19325 19266
19268 19267
19269 19267
19268 19270
19268 19271
19269 19270
19269 19271
19270 19271
19320 19270
19321 19270
19272 19274
19272 19275
19273 19274
19273 19275
19274 19275
19316 19274
19317 19274
19264 19275
19265 19275
19276 19278
19276 19279
19277 19278
19277 19279
19278 19279
19312 19278
19313 19278
19272 19279
19273 19279
19280 19282
19280 19283
19281 19282
19281 19283
19282 19283
19308 19282
19309 19282
19276 19283
19277 19283
19284 19286
19284 19287
19285 19286
19285 19287
19286 19287
19304 19286
19305 19286
19280 19287
19281 19287
19288 19290
19288 19291
19289 19290
19289 19291
19290 19291
19300 19290
19301 19290
19284 19291
19285 19291
19292 19294
19292 19295
19293 19294
19293 19295
19294 19295
19296 19294
19297 19294
19288 19295
19289 19295
19296 19298
19296 19299
19297 19298
19297 19299
19298 19299
19356 19299
19357 19299
19300 19302
19300 19303
19301 19302
19301 19303
19302 19303
19296 19302
19297 19302
19352 19303
19353 19303
19304 19306
19304 19307
19305 19306
19305 19307
19306 19307
19300 19306
19301 19306
19348 19307
19349 19307
19308 19310
19308 19311
19309 19310
19309 19311
19310 19311
19304 19310
19305 19310
19344 19311
19345 19311
19312 19314
19312 19315
19313 19314
19313 19315
19314 19315
19308 19314
19309 19314
19340 19315
19341 19315
19316 19318
19316 19319
19317 19318
19317 19319
19318 19319
19312 19318
19313 19318
19336 19319
19337 19319
19320 19322
19320 19323
19321 19322
19321 19323
19322 19323
19324 19322
19325 19322
19332 19323
19333 19323
19324 19326
19324 19327
19325 19326
19325 19327
19326 19327
19316 19326
19317 19326
19328 19327
19329 19327
19328 19330
19328 19331
19329 19330
19329 19331
19330 19331
19388 19330
19389 19330
19332 19331
19333 19331
19332 19334
19332 19335
19333 19334
19333 19335
19334 19335
19384 19334
19385 19334
19336 19338
19336 19339
19337 19338
19337 19339
19338 19339
19380 19338
19381 19338
19328 19339
19329 19339
19340 19342
19340 19343
19341 19342
19341 19343
19342 19343
19376 19342
19377 19342
19336 19343
19337 19343
19344 19346
19344 19347
19345 19346
19345 19347
19346 19347
19372 19346
19373 19346
19340 19347
19341 19347
19348 19350
19348 19351
19349 19350
19349 19351
19350 19351
19368 19350
19369 19350
19344 19351
19345 19351
19352 19354
19352 19355
19353 19354
19353 19355
19354 19355
19364 19354
19365 19354
19348 19355
19349 19355
19356 19358
19356 19359
19357 19358
19357 19359
19358 19359
19360 19358
19361 19358
19352 19359
19353 19359
19360 19362
19360 19363
19361 19362
19361 19363
19362 19363
19420 19363
19421 19363
19364 19366
19364 19367
19365 19366
19365 19367
19366 19367
19360 19366
19361 19366
19416 19367
19417 19367
19368 19370
19368 19371
19369 19370
19369 19371
19370 19371
19364 19370
19365 19370
19412 19371
19413 19371
19372 19374
19372 19375
19373 19374
19373 19375
19374 19375
19368 19374
19369 19374
19408 19375
19409 19375
19376 19378
19376 19379
19377 19378
19377 19379
19378 19379
19372 19378
19373 19378
19404 19379
19405 19379
19380 19382
19380 19383
19381 19382
19381 19383
19382 19383
19376 19382
19377 19382
19400 19383
19401 19383
19384 19386
19384 19387
19385 19386
19385 19387
19386 19387
19388 19386
19389 19386
19396 19387
19397 19387
19388 19390
19388 19391
19389 19390
19389 19391
19390 19391
19380 19390
19381 19390
19392 19391
19393 19391
19392 19394
19392 19395
19393 19394
19393 19395
19394 19395
19452 19394
19453 19394
19396 19395
19397 19395
19396 19398
19396 19399
19397 19398
19397 19399
19398 19399
19448 19398
19449 19398
19400 19402
19400 19403
19401 19402
19401 19403
19402 19403
19444 19402
19445 19402
19392 19403
19393 19403
19404 19406
19404 19407
19405 19406
19405 19407
19406 19407
19440 19406
19441 19406
19400 19407
19401 19407
19408 19410
19408 19411
19409 19410
19409 19411
19410 19411
19436 19410
19437 19410
19404 19411
19405 19411
19412 19414
19412 19415
19413 19414
19413 19415
19414 19415
19432 19414
19433 19414
19408 19415
19409 19415
19416 19418
19416 19419
19417 19418
19417 19419
19418 19419
19428 19418
19429 19418
19412 19419
19413 19419
19420 19422
19420 19423
19421 19422
19421 19423
19422 19423
19424 19422
19425 19422
19416 19423
19417 19423
19424 19426
19424 19427
19425 19426
19425 19427
19426 19427
19484 19427
19485 19427
19428 19430
19428 19431
19429 19430
19429 19431
19430 19431
19424 19430
19425 19430
19480 19431
19481 19431
19432 19434
19432 19435
19433 19434
19433 19435
19434 19435
19428 19434
19429 19434
19476 19435
19477 19435
19436 19438
19436 19439
19437 19438
19437 19439
19438 19439
19432 19438
19433 19438
19472 19439
19473 19439
19440 19442
19440 19443
19441 19442
19441 19443
19442 19443
19436 19442
19437 19442
19468 19443
19469 19443
19444 19446
19444 19447
19445 19446
19445 19447
19446 19447
19440 19446
19441 19446
19464 19447
19465 19447
19448 19450
19448 19451
19449 19450
19449 19451
19450 19451
19452 19450
19453 19450
19460 19451
19461 19451
19452 19454
19452 19455
19453 19454
19453 19455
19454 19455
19444 19454
19445 19454
19456 19455
19457 19455
19456 19458
19456 19459
19457 19458
19457 19459
19458 19459
19516 19458
19517 19458
19460 19459
19461 19459
19460 19462
19460 19463
19461 19462
19461 19463
19462 19463
19512 19462
19513 19462
19464 19466
19464 19467
19465 19466
19465 19467
19466 19467
19508 19466
19509 19466
19456 19467
19457 19467
19468 19470
19468 19471
19469 19470
19469 19471
19470 19471
19504 19470
19505 19470
19464 19471
19465 19471
19472 19474
19472 19475
19473 19474
19473 19475
19474 19475
19500 19474
19501 19474
19468 19475
19469 19475
19476 19478
19476 19479
19477 19478
19477 19479
19478 19479
19496 19478
19497 19478
19472 19479
19473 19479
19480 19482
19480 19483
19481 19482
19481 19483
19482 19483
19492 19482
19493 19482
19476 19483
19477 19483
19484 19486
19484 19487
19485 19486
19485 19487
19486 19487
19488 19486
19489 19486
19480 19487
19481 19487
19488 19490
19488 19491
19489 19490
19489 19491
19490 19491
19548 19491
19549 19491
19492 19494
19492 19495
19493 19494
19493 19495
19494 19495
19488 19494
19489 19494
19544 19495
19545 19495
19496 19498
19496 19499
19497 19498
19497 19499
19498 19499
19492 19498
19493 19498
19540 19499
19541 19499
19500 19502
19500 19503
19501 19502
19501 19503
19502 19503
19496 19502
19497 19502
19536 19503
19537 19503
19504 19506
19504 19507
19505 19506
19505 19507
19506 19507
19500 19506
19501 19506
19532 19507
19533 19507
19508 19510
19508 19511
19509 19510
19509 19511
19510 19511
19504 19510
19505 19510
19528 19511
19529 19511
19512 19514
19512 19515
19513 19514
19513 19515
19514 19515
19516 19514
19517 19514
19524 19515
19525 19515
19516 19518
19516 19519
19517 19518
19517 19519
19518 19519
19508 19518
19509 19518
19520 19519
19521 19519
19520 19522
19520 19523
19521 19522
19521 19523
19522 19523
19580 19522
19581 19522
19524 19523
19525 19523
19524 19526
19524 19527
19525 19526
19525 19527
19526 19527
19576 19526
19577 19526
19528 19530
19528 19531
19529 19530
19529 19531
19530 19531
19572 19530
19573 19530
19520 19531
19521 19531
19532 19534
19532 19535
19533 19534
19533 19535
19534 19535
19568 19534
19569 19534
19528 19535
19529 19535
19536 19538
19536 19539
19537 19538
19537 19539
19538 19539
19564 19538
19565 19538
19532 19539
19533 19539
19540 19542
19540 19543
19541 19542
19541 19543
19542 19543
19560 19542
19561 19542
19536 19543
19537 19543
19544 19546
19544 19547
19545 19546
19545 19547
19546 19547
19556 19546
19557 19546
19540 19547
19541 19547
19548 19550
19548 19551
19549 19550
19549 19551
19550 19551
19552 19550
19553 19550
19544 19551
19545 19551
19552 19554
19552 19555
19553 19554
19553 19555
19554 19555
19556 19558
19556 19559
19557 19558
19557 19559
19558 19559
19552 19558
19553 19558
19560 19562
19560 19563
19561 19562
19561 19563
19562 19563
19556 19562
19557 19562
19564 19566
19564 19567
19565 19566
19565 19567
19566 19567
19560 19566
19561 19566
19568 19570
19568 19571
19569 19570
19569 19571
19570 19571
19564 19570
19565 19570
19572 19574
19572 19575
19573 19574
19573 19575
19574 19575
19568 19574
19569 19574
19576 19578
19576 19579
19577 19578
19577 19579
19578 19579
19580 19578
19581 19578
19580 19582
19580 19583
19581 19582
19581 19583
19582 19583
19572 19582
19573 19582
19584 19586
19584 19587
19585 19586
19585 19587
19586 19587
19644 19587
19645 19587
19588 19590
19588 19591
19589 19590
19589 19591
19590 19591
19584 19590
19585 19590
19640 19591
19641 19591
19592 19594
19592 19595
19593 19594
19593 19595
19594 19595
19588 19594
19589 19594
19636 19595
19637 19595
19596 19598
19596 19599
19597 19598
19597 19599
19598 19599
19592 19598
19593 19598
19632 19599
19633 19599
19600 19602
19600 19603
19601 19602
19601 19603
19602 19603
19596 19602
19597 19602
19628 19603
19629 19603
19604 19606
19604 19607
19605 19606
19605 19607
19606 19607
19600 19606
19601 19606
19624 19607
19625 19607
19608 19610
19608 19611
19609 19610
19609 19611
19610 19611
19604 19610
19605 19610
19620 19611
19621 19611
19612 19614
19612 19615
19613 19614
19613 19615
19614 19615
19608 19614
19609 19614
19616 19615
19617 19615
19616 19618
19616 19619
19617 19618
19617 19619
19618 19619
19676 19618
19677 19618
19620 19622
19620 19623
19621 19622
19621 19623
19622 19623
19672 19622
19673 19622
19616 19623
19617 19623
19624 19626
19624 19627
19625 19626
19625 19627
19626 19627
19668 19626
19669 19626
19620 19627
19621 19627
19628 19630
19628 19631
19629 19630
19629 19631
19630 19631
19664 19630
19665 19630
19624 19631
19625 19631
19632 19634
19632 19635
19633 19634
19633 19635
19634 19635
19660 19634
19661 19634
19628 19635
19629 19635
19636 19638
19636 19639
19637 19638
19637 19639
19638 19639
19656 19638
19657 19638
19632 19639
19633 19639
19640 19642
19640 19643
19641 19642
19641 19643
19642 19643
19652 19642
19653 19642
19636 19643
19637 19643
19644 19646
19644 19647
19645 19646
19645 19647
19646 19647
19648 19646
19649 19646
19640 19647
19641 19647
19648 19650
19648 19651
19649 19650
19649 19651
19650 19651
19708 19651
19709 19651
19652 19654
19652 19655
19653 19654
19653 19655
19654 19655
19648 19654
19649 19654
19704 19655
19705 19655
19656 19658
19656 19659
19657 19658
19657 19659
19658 19659
19652 19658
19653 19658
19700 19659
19701 19659
19660 19662
19660 19663
19661 19662
19661 19663
19662 19663
19656 19662
19657 19662
19696 19663
19697 19663
19664 19666
19664 19667
19665 19666
19665 19667
19666 19667
19660 19666
19661 19666
19692 19667
19693 19667
19668 19670
19668 19671
19669 19670
19669 19671
19670 19671
19664 19670
19665 19670
19688 19671
19689 19671
19672 19674
19672 19675
19673 19674
19673 19675
19674 19675
19668 19674
19669 19674
19684 19675
19685 19675
19676 19678
19676 19679
19677 19678
19677 19679
19678 19679
19672 19678
19673 19678
19680 19679
19681 19679
19680 19682
19680 19683
19681 19682
19681 19683
19682 19683
19740 19682
19741 19682
19684 19686
19684 19687
19685 19686
19685 19687
19686 19687
19736 19686
19737 19686
19680 19687
19681 19687
19688 19690
19688 19691
19689 19690
19689 19691
19690 19691
19732 19690
19733 19690
19684 19691
19685 19691
19692 19694
19692 19695
19693 19694
19693 19695
19694 19695
19728 19694
19729 19694
19688 19695
19689 19695
19696 19698
19696 19699
19697 19698
19697 19699
19698 19699
19724 19698
19725 19698
19692 19699
19693 19699
19700 19702
19700 19703
19701 19702
19701 19703
19702 19703
19720 19702
19721 19702
19696 19703
19697 19703
19704 19706
19704 19707
19705 19706
19705 19707
19706 19707
19716 19706
19717 19706
19700 19707
19701 19707
19708 19710
19708 19711
19709 19710
19709 19711
19710 19711
19712 19710
19713 19710
19704 19711
19705 19711
19712 19714
19712 19715
19713 19714
19713 19715
19714 19715
19772 19715
19773 19715
19716 19718
19716 19719
19717 19718
19717 19719
19718 19719
19712 19718
19713 19718
19768 19719
19769 19719
19720 19722
19720 19723
19721 19722
19721 19723
19722 19723
19716 19722
19717 19722
19764 19723
19765 19723
19724 19726
19724 19727
19725 19726
19725 19727
19726 19727
19720 19726
19721 19726
19760 19727
19761 19727
19728 19730
19728 19731
19729 19730
19729 19731
19730 19731
19724 19730
19725 19730
19756 19731
19757 19731
19732 19734
19732 19735
19733 19734
19733 19735
19734 19735
19728 19734
19729 19734
19752 19735
19753 19735
19736 19738
19736 19739
19737 19738
19737 19739
19738 19739
19732 19738
19733 19738
19748 19739
19749 19739
19740 19742
19740 19743
19741 19742
19741 19743
19742 19743
19736 19742
19737 19742
19744 19743
19745 19743
19744 19746
19744 19747
19745 19746
19745 19747
19746 19747
19804 19746
19805 19746
19748 19750
19748 19751
19749 19750
19749 19751
19750 19751
19800 19750
19801 19750
19744 19751
19745 19751
19752 19754
19752 19755
19753 19754
19753 19755
19754 19755
19796 19754
19797 19754
19748 19755
19749 19755
19756 19758
19756 19759
19757 19758
19757 19759
19758 19759
19792 19758
19793 19758
19752 19759
19753 19759
19760 19762
19760 19763
19761 19762
19761 19763
19762 19763
19788 19762
19789 19762
19756 19763
19757 19763
19764 19766
19764 19767
19765 19766
19765 19767
19766 19767
19784 19766
19785 19766
19760 19767
19761 19767
19768 19770
19768 19771
19769 19770
19769 19771
19770 19771
19780 19770
19781 19770
19764 19771
19765 19771
19772 19774
19772 19775
19773 19774
19773 19775
19774 19775
19776 19774
19777 19774
19768 19775
19769 19775
19776 19778
19776 19779
19777 19778
19777 19779
19778 19779
19836 19779
19837 19779
19780 19782
19780 19783
19781 19782
19781 19783
19782 19783
19776 19782
19777 19782
19832 19783
19833 19783
19784 19786
19784 19787
19785 19786
19785 19787
19786 19787
19780 19786
19781 19786
19828 19787
19829 19787
19788 19790
19788 19791
19789 19790
19789 19791
19790 19791
19784 19790
19785 19790
19824 19791
19825 19791
19792 19794
19792 19795
19793 19794
19793 19795
19794 19795
19788 19794
19789 19794
19820 19795
19821 19795
19796 19798
19796 19799
19797 19798
19797 19799
19798 19799
19792 19798
19793 19798
19816 19799
19817 19799
19800 19802
19800 19803
19801 19802
19801 19803
19802 19803
19796 19802
19797 19802
19812 19803
19813 19803
19804 19806
19804 19807
19805 19806
19805 19807
19806 19807
19800 19806
19801 19806
19808 19807
19809 19807
19808 19810
19808 19811
19809 19810
19809 19811
19810 19811
19868 19810
19869 19810
19812 19814
19812 19815
19813 19814
19813 19815
19814 19815
19864 19814
19865 19814
19808 19815
19809 19815
19816 19818
19816 19819
19817 19818
19817 19819
19818 19819
19860 19818
19861 19818
19812 19819
19813 19819
19820 19822
19820 19823
19821 19822
19821 19823
19822 19823
19856 19822
19857 19822
19816 19823
19817 19823
19824 19826
19824 19827
19825 19826
19825 19827
19826 19827
19852 19826
19853 19826
19820 19827
19821 19827
19828 19830
19828 19831
19829 19830
19829 19831
19830 19831
19848 19830
19849 19830
19824 19831
19825 19831
19832 19834
19832 19835
19833 19834
19833 19835
19834 19835
19844 19834
19845 19834
19828 19835
19829 19835
19836 19838
19836 19839
19837 19838
19837 19839
19838 19839
19840 19838
19841 19838
19832 19839
19833 19839
19840 19842
19840 19843
19841 19842
19841 19843
19842 19843
19900 19843
19901 19843
19844 19846
19844 19847
19845 19846
19845 19847
19846 19847
19840 19846
19841 19846
19896 19847
19897 19847
19848 19850
19848 19851
19849 19850
19849 19851
19850 19851
19844 19850
19845 19850
19892 19851
19893 19851
19852 19854
19852 19855
19853 19854
19853 19855
19854 19855
19848 19854
19849 19854
19888 19855
19889 19855
19856 19858
19856 19859
19857 19858
19857 19859
19858 19859
19852 19858
19853 19858
19884 19859
19885 19859
19860 19862
19860 19863
19861 19862
19861 19863
19862 19863
19856 19862
19857 19862
19880 19863
19881 19863
19864 19866
19864 19867
19865 19866
19865 19867
19866 19867
19860 19866
19861 19866
19876 19867
19877 19867
19868 19870
19868 19871
19869 19870
19869 19871
19870 19871
19864 19870
19865 19870
19872 19871
19873 19871
19872 19874
19872 19875
19873 19874
19873 19875
19874 19875
19932 19874
19933 19874
19876 19878
19876 19879
19877 19878
19877 19879
19878 19879
19928 19878
19929 19878
19872 19879
19873 19879
19880 19882
19880 19883
19881 19882
19881 19883
19882 19883
19924 19882
19925 19882
19876 19883
19877 19883
19884 19886
19884 19887
19885 19886
19885 19887
19886 19887
19920 19886
19921 19886
19880 19887
19881 19887
19888 19890
19888 19891
19889 19890
19889 19891
19890 19891
19916 19890
19917 19890
19884 19891
19885 19891
19892 19894
19892 19895
19893 19894
19893 19895
19894 19895
19912 19894
19913 19894
19888 19895
19889 19895
19896 19898
19896 19899
19897 19898
19897 19899
19898 19899
19908 19898
19909 19898
19892 19899
19893 19899
19900 19902
19900 19903
19901 19902
19901 19903
19902 19903
19904 19902
19905 19902
19896 19903
19897 19903
19904 19906
19904 19907
19905 19906
19905 19907
19906 19907
19964 19907
19965 19907
19908 19910
19908 19911
19909 19910
19909 19911
19910 19911
19904 19910
19905 19910
19960 19911
19961 19911
19912 19914
19912 19915
19913 19914
19913 19915
19914 19915
19908 19914
19909 19914
19956 19915
19957 19915
19916 19918
19916 19919
19917 19918
19917 19919
19918 19919
19912 19918
19913 19918
19952 19919
19953 19919
19920 19922
19920 19923
19921 19922
19921 19923
19922 19923
19916 19922
19917 19922
19948 19923
19949 19923
19924 19926
19924 19927
19925 19926
19925 19927
19926 19927
19920 19926
19921 19926
19944 19927
19945 19927
19928 19930
19928 19931
19929 19930
19929 19931
19930 19931
19924 19930
19925 19930
19940 19931
19941 19931
19932 19934
19932 19935
19933 19934
19933 19935
19934 19935
19928 19934
19929 19934
19936 19935
19937 19935
19936 19938
19936 19939
19937 19938
19937 19939
19938 19939
19996 19938
19997 19938
19940 19942
19940 19943
19941 19942
19941 19943
19942 19943
19992 19942
19993 19942
19936 19943
19937 19943
19944 19946
19944 19947
19945 19946
19945 19947
19946 19947
19988 19946
19989 19946
19940 19947
19941 19947
19948 19950
19948 19951
19949 19950
19949 19951
19950 19951
19984 19950
19985 19950
19944 19951
19945 19951
19952 19954
19952 19955
19953 19954
19953 19955
19954 19955
19980 19954
19981 19954
19948 19955
19949 19955
19956 19958
19956 19959
19957 19958
19957 19959
19958 19959
19976 19958
19977 19958
19952 19959
19953 19959
19960 19962
19960 19963
19961 19962
19961 19963
19962 19963
19972 19962
19973 19962
19956 19963
19957 19963
19964 19966
19964 19967
19965 19966
19965 19967
19966 19967
19968 19966
19969 19966
19960 19967
19961 19967
19968 19970
19968 19971
19969 19970
19969 19971
19970 19971
20028 19971
20029 19971
19972 19974
19972 19975
19973 19974
19973 19975
19974 19975
19968 19974
19969 19974
20024 19975
20025 19975
19976 19978
19976 19979
19977 19978
19977 19979
19978 19979
19972 19978
19973 19978
20020 19979
20021 19979
19980 19982
19980 19983
19981 19982
19981 19983
19982 19983
19976 19982
19977 19982
20016 19983
20017 19983
19984 19986
19984 19987
19985 19986
19985 19987
19986 19987
19980 19986
19981 19986
20012 19987
20013 19987
19988 19990
19988 19991
19989 19990
19989 19991
19990 19991
19984 19990
19985 19990
20008 19991
20009 19991
19992 19994
19992 19995
19993 19994
19993 19995
19994 19995
19988 19994
19989 19994
20004 19995
20005 19995
19996 19998
19996 19999
19997 19998
19997 19999
19998 19999
19992 19998
19993 19998
20000 19999
20001 19999
20000 20002
20000 20003
20001 20002
20001 20003
20002 20003
20060 20002
20061 20002
20004 20006
20004 20007
20005 20006
20005 20007
20006 20007
20056 20006
20057 20006
20000 20007
20001 20007
20008 20010
20008 20011
20009 20010
20009 20011
20010 20011
20052 20010
20053 20010
20004 20011
20005 20011
20012 20014
20012 20015
20013 20014
20013 20015
20014 20015
20048 20014
20049 20014
20008 20015
20009 20015
20016 20018
20016 20019
20017 20018
20017 20019
20018 20019
20044 20018
20045 20018
20012 20019
20013 20019
20020 20022
20020 20023
20021 20022
20021 20023
20022 20023
20040 20022
20041 20022
20016 20023
20017 20023
20024 20026
20024 20027
20025 20026
20025 20027
20026 20027
20036 20026
20037 20026
20020 20027
20021 20027
20028 20030
20028 20031
20029 20030
20029 20031
20030 20031
20032 20030
20033 20030
20024 20031
20025 20031
20032 20034
20032 20035
20033 20034
20033 20035
20034 20035
20092 20035
20093 20035
20036 20038
20036 20039
20037 20038
20037 20039
20038 20039
20032 20038
20033 20038
20088 20039
20089 20039
20040 20042
20040 20043
20041 20042
20041 20043
20042 20043
20036 20042
20037 20042
20084 20043
20085 20043
20044 20046
20044 20047
20045 20046
20045 20047
20046 20047
20040 20046
20041 20046
20080 20047
20081 20047
20048 20050
20048 20051
20049 20050
20049 20051
20050 20051
20044 20050
20045 20050
20076 20051
20077 20051
20052 20054
20052 20055
20053 20054
20053 20055
20054 20055
20048 20054
20049 20054
20072 20055
20073 20055
20056 20058
20056 20059
20057 20058
20057 20059
20058 20059
20052 20058
20053 20058
20068 20059
20069 20059
20060 20062
20060 20063
20061 20062
20061 20063
20062 20063
20056 20062
20057 20062
20064 20063
20065 20063
20064 20066
20064 20067
20065 20066
20065 20067
20066 20067
20124 20066
20125 20066
20068 20070
20068 20071
20069 20070
20069 20071
20070 20071
20120 20070
20121 20070
20064 20071
20065 20071
20072 20074
20072 20075
20073 20074
20073 20075
20074 20075
20116 20074
20117 20074
20068 20075
20069 20075
20076 20078
20076 20079
20077 20078
20077 20079
20078 20079
20112 20078
20113 20078
20072 20079
20073 20079
20080 20082
20080 20083
20081 20082
20081 20083
20082 20083
20108 20082
20109 20082
20076 20083
20077 20083
20084 20086
20084 20087
20085 20086
20085 20087
20086 20087
20104 20086
20105 20086
20080 20087
20081 20087
20088 20090
20088 20091
20089 20090
20089 20091
20090 20091
20100 20090
20101 20090
20084 20091
20085 20091
20092 20094
20092 20095
20093 20094
20093 20095
20094 20095
20096 20094
20097 20094
20088 20095
20089 20095
20096 20098
20096 20099
20097 20098
20097 20099
20098 20099
20156 20099
20157 20099
20100 20102
20100 20103
20101 20102
20101 20103
20102 20103
20096 20102
20097 20102
20152 20103
20153 20103
20104 20106
20104 20107
20105 20106
20105 20107
20106 20107
20100 20106
20101 20106
20148 20107
20149 20107
20108 20110
20108 20111
20109 20110
20109 20111
20110 20111
20104 20110
20105 20110
20144 20111
20145 20111
20112 20114
20112 20115
20113 20114
20113 20115
20114 20115
20108 20114
20109 20114
20140 20115
20141 20115
20116 20118
20116 20119
20117 20118
20117 20119
20118 20119
20112 20118
20113 20118
20136 20119
20137 20119
20120 20122
20120 20123
20121 20122
20121 20123
20122 20123
20116 20122
20117 20122
20132 20123
20133 20123
20124 20126
20124 20127
20125 20126
20125 20127
20126 20127
20120 20126
20121 20126
20128 20127
20129 20127
20128 20130
20128 20131
20129 20130
20129 20131
20130 20131
20188 20130
20189 20130
20132 20134
20132 20135
20133 20134
20133 20135
20134 20135
20184 20134
20185 20134
20128 20135
20129 20135
20136 20138
20136 20139
20137 20138
20137 20139
20138 20139
20180 20138
20181 20138
20132 20139
20133 20139
20140 20142
20140 20143
20141 20142
20141 20143
20142 20143
20176 20142
20177 20142
20136 20143
20137 20143
20144 20146
20144 20147
20145 20146
20145 20147
20146 20147
20172 20146
20173 20146
20140 20147
20141 20147
20148 20150
20148 20151
20149 20150
20149 20151
20150 20151
20168 20150
20169 20150
20144 20151
20145 20151
20152 20154
20152 20155
20153 20154
20153 20155
20154 20155
20164 20154
20165 20154
20148 20155
20149 20155
20156 20158
20156 20159
20157 20158
20157 20159
20158 20159
20160 20158
20161 20158
20152 20159
20153 20159
20160 20162
20160 20163
20161 20162
20161 20163
20162 20163
20220 20163
20221 20163
20164 20166
20164 20167
20165 20166
20165 20167
20166 20167
20160 20166
20161 20166
20216 20167
20217 20167
20168 20170
20168 20171
20169 20170
20169 20171
20170 20171
20164 20170
20165 20170
20212 20171
20213 20171
20172 20174
20172 20175
20173 20174
20173 20175
20174 20175
20168 20174
20169 20174
20208 20175
20209 20175
20176 20178
20176 20179
20177 20178
20177 20179
20178 20179
20172 20178
20173 20178
20204 20179
20205 20179
20180 20182
20180 20183
20181 20182
20181 20183
20182 20183
20176 20182
20177 20182
20200 20183
20201 20183
20184 20186
20184 20187
20185 20186
20185 20187
20186 20187
20180 20186
20181 20186
20192 20187
20193 20187
20188 20190
20188 20191
20189 20190
20189 20191
20190 20191
20184 20190
20185 20190
20196 20191
20197 20191
20192 20194
20192 20195
20193 20194
20193 20195
20194 20195
20252 20194
20253 20194
20196 20195
20197 20195
20196 20198
20196 20199
20197 20198
20197 20199
20198 20199
20248 20198
20249 20198
20200 20202
20200 20203
20201 20202
20201 20203
20202 20203
20244 20202
20245 20202
20192 20203
20193 20203
20204 20206
20204 20207
20205 20206
20205 20207
20206 20207
20240 20206
20241 20206
20200 20207
20201 20207
20208 20210
20208 20211
20209 20210
20209 20211
20210 20211
20236 20210
20237 20210
20204 20211
20205 20211
20212 20214
20212 20215
20213 20214
20213 20215
20214 20215
20232 20214
20233 20214
20208 20215
20209 20215
20216 20218
20216 20219
20217 20218
20217 20219
20218 20219
20228 20218
20229 20218
20212 20219
20213 20219
20220 20222
20220 20223
20221 20222
20221 20223
20222 20223
20224 20222
20225 20222
20216 20223
20217 20223
20224 20226
20224 20227
20225 20226
20225 20227
20226 20227
20284 20227
20285 20227
20228 20230
20228 20231
20229 20230
20229 20231
20230 20231
20224 20230
20225 20230
20280 20231
20281 20231
20232 20234
20232 20235
20233 20234
20233 20235
20234 20235
20228 20234
20229 20234
20276 20235
20277 20235
20236 20238
20236 20239
20237 20238
20237 20239
20238 20239
20232 20238
20233 20238
20272 20239
20273 20239
20240 20242
20240 20243
20241 20242
20241 20243
20242 20243
20236 20242
20237 20242
20268 20243
20269 20243
20244 20246
20244 20247
20245 20246
20245 20247
20246 20247
20240 20246
20241 20246
20264 20247
20265 20247
20248 20250
20248 20251
20249 20250
20249 20251
20250 20251
20252 20250
20253 20250
20260 20251
20261 20251
20252 20254
20252 20255
20253 20254
20253 20255
20254 20255
20244 20254
20245 20254
20256 20255
20257 20255
20256 20258
20256 20259
20257 20258
20257 20259
20258 20259
20316 20258
20317 20258
20260 20259
20261 20259
20260 20262
20260 20263
20261 20262
20261 20263
20262 20263
20312 20262
20313 20262
20264 20266
20264 20267
20265 20266
20265 20267
20266 20267
20308 20266
20309 20266
20256 20267
20257 20267
20268 20270
20268 20271
20269 20270
20269 20271
20270 20271
20304 20270
20305 20270
20264 20271
20265 20271
20272 20274
20272 20275
20273 20274
20273 20275
20274 20275
20300 20274
20301 20274
20268 20275
20269 20275
20276 20278
20276 20279
20277 20278
20277 20279
20278 20279
20296 20278
20297 20278
20272 20279
20273 20279
20280 20282
20280 20283
20281 20282
20281 20283
20282 20283
20292 20282
20293 20282
20276 20283
20277 20283
20284 20286
20284 20287
20285 20286
20285 20287
20286 20287
20288 20286
20289 20286
20280 20287
20281 20287
20288 20290
20288 20291
20289 20290
20289 20291
20290 20291
20348 20291
20349 20291
20292 20294
20292 20295
20293 20294
20293 20295
20294 20295
20288 20294
20289 20294
20344 20295
20345 20295
20296 20298
20296 20299
20297 20298
20297 20299
20298 20299
20292 20298
20293 20298
20340 20299
20341 20299
20300 20302
20300 20303
20301 20302
20301 20303
20302 20303
20296 20302
20297 20302
20336 20303
20337 20303
20304 20306
20304 20307
20305 20306
20305 20307
20306 20307
20300 20306
20301 20306
20332 20307
20333 20307
20308 20310
20308 20311
20309 20310
20309 20311
20310 20311
20304 20310
20305 20310
20328 20311
20329 20311
20312 20314
20312 20315
20313 20314
20313 20315
20314 20315
20316 20314
20317 20314
20324 20315
20325 20315
20316 20318
20316 20319
20317 20318
20317 20319
20318 20319
20308 20318
20309 20318
20320 20319
20321 20319
20320 20322
20320 20323
20321 20322
20321 20323
20322 20323
20380 20322
20381 20322
20324 20323
20325 20323
20324 20326
20324 20327
20325 20326
20325 20327
20326 20327
20376 20326
20377 20326
20328 20330
20328 20331
20329 20330
20329 20331
20330 20331
20372 20330
20373 20330
20320 20331
20321 20331
20332 20334
20332 20335
20333 20334
20333 20335
20334 20335
20368 20334
20369 20334
20328 20335
20329 20335
20336 20338
20336 20339
20337 20338
20337 20339
20338 20339
20364 20338
20365 20338
20332 20339
20333 20339
20340 20342
20340 20343
20341 20342
20341 20343
20342 20343
20360 20342
20361 20342
20336 20343
20337 20343
20344 20346
20344 20347
20345 20346
20345 20347
20346 20347
20356 20346
20357 20346
20340 20347
20341 20347
20348 20350
20348 20351
20349 20350
20349 20351
20350 20351
20352 20350
20353 20350
20344 20351
20345 20351
20352 20354
20352 20355
20353 20354
20353 20355
20354 20355
20412 20355
20413 20355
20356 20358
20356 20359
20357 20358
20357 20359
20358 20359
20352 20358
20353 20358
20408 20359
20409 20359
20360 20362
20360 20363
20361 20362
20361 20363
20362 20363
20356 20362
20357 20362
20404 20363
20405 20363
20364 20366
20364 20367
20365 20366
20365 20367
20366 20367
20360 20366
20361 20366
20400 20367
20401 20367
20368 20370
20368 20371
20369 20370
20369 20371
20370 20371
20364 20370
20365 20370
20396 20371
20397 20371
20372 20374
20372 20375
20373 20374
20373 20375
20374 20375
20368 20374
20369 20374
20392 20375
20393 20375
20376 20378
20376 20379
20377 20378
20377 20379
20378 20379
20380 20378
20381 20378
20388 20379
20389 20379
20380 20382
20380 20383
20381 20382
20381 20383
20382 20383
20372 20382
20373 20382
20384 20383
20385 20383
20384 20386
20384 20387
20385 20386
20385 20387
20386 20387
20444 20386
20445 20386
20388 20387
20389 20387
20388 20390
20388 20391
20389 20390
20389 20391
20390 20391
20440 20390
20441 20390
20392 20394
20392 20395
20393 20394
20393 20395
20394 20395
20436 20394
20437 20394
20384 20395
20385 20395
20396 20398
20396 20399
20397 20398
20397 20399
20398 20399
20432 20398
20433 20398
20392 20399
20393 20399
20400 20402
20400 20403
20401 20402
20401 20403
20402 20403
20428 20402
20429 20402
20396 20403
20397 20403
20404 20406
20404 20407
20405 20406
20405 20407
20406 20407
20424 20406
20425 20406
20400 20407
20401 20407
20408 20410
20408 20411
20409 20410
20409 20411
20410 20411
20420 20410
20421 20410
20404 20411
20405 20411
20412 20414
20412 20415
20413 20414
20413 20415
20414 20415
20416 20414
20417 20414
20408 20415
20409 20415
20416 20418
20416 20419
20417 20418
20417 20419
20418 20419
20476 20419
20477 20419
20420 20422
20420 20423
20421 20422
20421 20423
20422 20423
20416 20422
20417 20422
20472 20423
20473 20423
20424 20426
20424 20427
20425 20426
20425 20427
20426 20427
20420 20426
20421 20426
20468 20427
20469 20427
20428 20430
20428 20431
20429 20430
20429 20431
20430 20431
20424 20430
20425 20430
20464 20431
20465 20431
20432 20434
20432 20435
20433 20434
20433 20435
20434 20435
20428 20434
20429 20434
20460 20435
20461 20435
20436 20438
20436 20439
20437 20438
20437 20439
20438 20439
20432 20438
20433 20438
20456 20439
20457 20439
20440 20442
20440 20443
20441 20442
20441 20443
20442 20443
20444 20442
20445 20442
20452 20443
20453 20443
20444 20446
20444 20447
20445 20446
20445 20447
20446 20447
20436 20446
20437 20446
20448 20447
20449 20447
20448 20450
20448 20451
20449 20450
20449 20451
20450 20451
20508 20450
20509 20450
20452 20451
20453 20451
20452 20454
20452 20455
20453 20454
20453 20455
20454 20455
20504 20454
20505 20454
20456 20458
20456 20459
20457 20458
20457 20459
20458 20459
20500 20458
20501 20458
20448 20459
20449 20459
20460 20462
20460 20463
20461 20462
20461 20463
20462 20463
20496 20462
20497 20462
20456 20463
20457 20463
20464 20466
20464 20467
20465 20466
20465 20467
20466 20467
20492 20466
20493 20466
20460 20467
20461 20467
20468 20470
20468 20471
20469 20470
20469 20471
20470 20471
20488 20470
20489 20470
20464 20471
20465 20471
20472 20474
20472 20475
20473 20474
20473 20475
20474 20475
20484 20474
20485 20474
20468 20475
20469 20475
20476 20478
20476 20479
20477 20478
20477 20479
20478 20479
20480 20478
20481 20478
20472 20479
20473 20479
20480 20482
20480 20483
20481 20482
20481 20483
20482 20483
20540 20483
20541 20483
20484 20486
20484 20487
20485 20486
20485 20487
20486 20487
20480 20486
20481 20486
20536 20487
20537 20487
20488 20490
20488 20491
20489 20490
20489 20491
20490 20491
20484 20490
20485 20490
20532 20491
20533 20491
20492 20494
20492 20495
20493 20494
20493 20495
20494 20495
20488 20494
20489 20494
20528 20495
20529 20495
20496 20498
20496 20499
20497 20498
20497 20499
20498 20499
20492 20498
20493 20498
20524 20499
20525 20499
20500 20502
20500 20503
20501 20502
20501 20503
20502 20503
20496 20502
20497 20502
20520 20503
20521 20503
20504 20506
20504 20507
20505 20506
20505 20507
20506 20507
20508 20506
20509 20506
20516 20507
20517 20507
20508 20510
20508 20511
20509 20510
20509 20511
20510 20511
20500 20510
20501 20510
20512 20511
20513 20511
20512 20514
20512 20515
20513 20514
20513 20515
20514 20515
20572 20514
20573 20514
20516 20515
20517 20515
20516 20518
20516 20519
20517 20518
20517 20519
20518 20519
20568 20518
20569 20518
20520 20522
20520 20523
20521 20522
20521 20523
20522 20523
20564 20522
20565 20522
20512 20523
20513 20523
20524 20526
20524 20527
20525 20526
20525 20527
20526 20527
20560 20526
20561 20526
20520 20527
20521 20527
20528 20530
20528 20531
20529 20530
20529 20531
20530 20531
20556 20530
20557 20530
20524 20531
20525 20531
20532 20534
20532 20535
20533 20534
20533 20535
20534 20535
20552 20534
20553 20534
20528 20535
20529 20535
20536 20538
20536 20539
20537 20538
20537 20539
20538 20539
20548 20538
20549 20538
20532 20539
20533 20539
20540 20542
20540 20543
20541 20542
20541 20543
20542 20543
20544 20542
20545 20542
20536 20543
20537 20543
20544 20546
20544 20547
20545 20546
20545 20547
20546 20547
20604 20547
20605 20547
20548 20550
20548 20551
20549 20550
20549 20551
20550 20551
20544 20550
20545 20550
20600 20551
20601 20551
20552 20554
20552 20555
20553 20554
20553 20555
20554 20555
20548 20554
20549 20554
20596 20555
20597 20555
20556 20558
20556 20559
20557 20558
20557 20559
20558 20559
20552 20558
20553 20558
20592 20559
20593 20559
20560 20562
20560 20563
20561 20562
20561 20563
20562 20563
20556 20562
20557 20562
20588 20563
20589 20563
20564 20566
20564 20567
20565 20566
20565 20567
20566 20567
20560 20566
20561 20566
20584 20567
20585 20567
20568 20570
20568 20571
20569 20570
20569 20571
20570 20571
20572 20570
20573 20570
20580 20571
20581 20571
20572 20574
20572 20575
20573 20574
20573 20575
20574 20575
20564 20574
20565 20574
20576 20575
20577 20575
20576 20578
20576 20579
20577 20578
20577 20579
20578 20579
20636 20578
20637 20578
20580 20579
20581 20579
20580 20582
20580 20583
20581 20582
20581 20583
20582 20583
20632 20582
20633 20582
20584 20586
20584 20587
20585 20586
20585 20587
20586 20587
20628 20586
20629 20586
20576 20587
20577 20587
20588 20590
20588 20591
20589 20590
20589 20591
20590 20591
20624 20590
20625 20590
20584 20591
20585 20591
20592 20594
20592 20595
20593 20594
20593 20595
20594 20595
20620 20594
20621 20594
20588 20595
20589 20595
20596 20598
20596 20599
20597 20598
20597 20599
20598 20599
20616 20598
20617 20598
20592 20599
20593 20599
20600 20602
20600 20603
20601 20602
20601 20603
20602 20603
20612 20602
20613 20602
20596 20603
20597 20603
20604 20606
20604 20607
20605 20606
20605 20607
20606 20607
20608 20606
20609 20606
20600 20607
20601 20607
20608 20610
20608 20611
20609 20610
20609 20611
20610 20611
20668 20611
20669 20611
20612 20614
20612 20615
20613 20614
20613 20615
20614 20615
20608 20614
20609 20614
20664 20615
20665 20615
20616 20618
20616 20619
20617 20618
20617 20619
20618 20619
20612 20618
20613 20618
20660 20619
20661 20619
20620 20622
20620 20623
20621 20622
20621 20623
20622 20623
20616 20622
20617 20622
20656 20623
20657 20623
20624 20626
20624 20627
20625 20626
20625 20627
20626 20627
20620 20626
20621 20626
20652 20627
20653 20627
20628 20630
20628 20631
20629 20630
20629 20631
20630 20631
20624 20630
20625 20630
20648 20631
20649 20631
20632 20634
20632 20635
20633 20634
20633 20635
20634 20635
20636 20634
20637 20634
20644 20635
20645 20635
20636 20638
20636 20639
20637 20638
20637 20639
20638 20639
20628 20638
20629 20638
20640 20639
20641 20639
20640 20642
20640 20643
20641 20642
20641 20643
20642 20643
20700 20642
20701 20642
20644 20643
20645 20643
20644 20646
20644 20647
20645 20646
20645 20647
20646 20647
20696 20646
20697 20646
20648 20650
20648 20651
20649 20650
20649 20651
20650 20651
20692 20650
20693 20650
20640 20651
20641 20651
20652 20654
20652 20655
20653 20654
20653 20655
20654 20655
20688 20654
20689 20654
20648 20655
20649 20655
20656 20658
20656 20659
20657 20658
20657 20659
20658 20659
20684 20658
20685 20658
20652 20659
20653 20659
20660 20662
20660 20663
20661 20662
20661 20663
20662 20663
20680 20662
20681 20662
20656 20663
20657 20663
20664 20666
20664 20667
20665 20666
20665 20667
20666 20667
20676 20666
20677 20666
20660 20667
20661 20667
20668 20670
20668 20671
20669 20670
20669 20671
20670 20671
20672 20670
20673 20670
20664 20671
20665 20671
20672 20674
20672 20675
20673 20674
20673 20675
20674 20675
20732 20675
20733 20675
20676 20678
20676 20679
20677 20678
20677 20679
20678 20679
20672 20678
20673 20678
20728 20679
20729 20679
20680 20682
20680 20683
20681 20682
20681 20683
20682 20683
20676 20682
20677 20682
20724 20683
20725 20683
20684 20686
20684 20687
20685 20686
20685 20687
20686 20687
20680 20686
20681 20686
20720 20687
20721 20687
20688 20690
20688 20691
20689 20690
20689 20691
20690 20691
20684 20690
20685 20690
20716 20691
20717 20691
20692 20694
20692 20695
20693 20694
20693 20695
20694 20695
20688 20694
20689 20694
20712 20695
20713 20695
20696 20698
20696 20699
20697 20698
20697 20699
20698 20699
20700 20698
20701 20698
20708 20699
20709 20699
20700 20702
20700 20703
20701 20702
20701 20703
20702 20703
20692 20702
20693 20702
20704 20703
20705 20703
20704 20706
20704 20707
20705 20706
20705 20707
20706 20707
20764 20706
20765 20706
20708 20707
20709 20707
20708 20710
20708 20711
20709 20710
20709 20711
20710 20711
20760 20710
20761 20710
20712 20714
20712 20715
20713 20714
20713 20715
20714 20715
20756 20714
20757 20714
20704 20715
20705 20715
20716 20718
20716 20719
20717 20718
20717 20719
20718 20719
20752 20718
20753 20718
20712 20719
20713 20719
20720 20722
20720 20723
20721 20722
20721 20723
20722 20723
20748 20722
20749 20722
20716 20723
20717 20723
20724 20726
20724 20727
20725 20726
20725 20727
20726 20727
20744 20726
20745 20726
20720 20727
20721 20727
20728 20730
20728 20731
20729 20730
20729 20731
20730 20731
20740 20730
20741 20730
20724 20731
20725 20731
20732 20734
20732 20735
20733 20734
20733 20735
20734 20735
20736 20734
20737 20734
20728 20735
20729 20735
20736 20738
20736 20739
20737 20738
20737 20739
20738 20739
20740 20742
20740 20743
20741 20742
20741 20743
20742 20743
20736 20742
20737 20742
20744 20746
20744 20747
20745 20746
20745 20747
20746 20747
20740 20746
20741 20746
20748 20750
20748 20751
20749 20750
20749 20751
20750 20751
20744 20750
20745 20750
20752 20754
20752 20755
20753 20754
20753 20755
20754 20755
20748 20754
20749 20754
20756 20758
20756 20759
20757 20758
20757 20759
20758 20759
20752 20758
20753 20758
20760 20762
20760 20763
20761 20762
20761 20763
20762 20763
20764 20762
20765 20762
20764 20766
20764 20767
20765 20766
20765 20767
20766 20767
20756 20766
20757 20766
20768 20770
20768 20771
20769 20770
20769 20771
20770 20771
20828 20771
20829 20771
20772 20774
20772 20775
20773 20774
20773 20775
20774 20775
20768 20774
20769 20774
20824 20775
20825 20775
20776 20778
20776 20779
20777 20778
20777 20779
20778 20779
20772 20778
20773 20778
20820 20779
20821 20779
20780 20782
20780 20783
20781 20782
20781 20783
20782 20783
20776 20782
20777 20782
20816 20783
20817 20783
20784 20786
20784 20787
20785 20786
20785 20787
20786 20787
20780 20786
20781 20786
20812 20787
20813 20787
20788 20790
20788 20791
20789 20790
20789 20791
20790 20791
20784 20790
20785 20790
20808 20791
20809 20791
20792 20794
20792 20795
20793 20794
20793 20795
20794 20795
20788 20794
20789 20794
20804 20795
20805 20795
20796 20798
20796 20799
20797 20798
20797 20799
20798 20799
20792 20798
20793 20798
20800 20799
20801 20799
20800 20802
20800 20803
20801 20802
20801 20803
20802 20803
20860 20802
20861 20802
20804 20806
20804 20807
20805 20806
20805 20807
20806 20807
20856 20806
20857 20806
20800 20807
20801 20807
20808 20810
20808 20811
20809 20810
20809 20811
20810 20811
20852 20810
20853 20810
20804 20811
20805 20811
20812 20814
20812 20815
20813 20814
20813 20815
20814 20815
20848 20814
20849 20814
20808 20815
20809 20815
20816 20818
20816 20819
20817 20818
20817 20819
20818 20819
20844 20818
20845 20818
20812 20819
20813 20819
20820 20822
20820 20823
20821 20822
20821 20823
20822 20823
20840 20822
20841 20822
20816 20823
20817 20823
20824 20826
20824 20827
20825 20826
20825 20827
20826 20827
20836 20826
20837 20826
20820 20827
20821 20827
20828 20830
20828 20831
20829 20830
20829 20831
20830 20831
20832 20830
20833 20830
20824 20831
20825 20831
20832 20834
20832 20835
20833 20834
20833 20835
20834 20835
20892 20835
20893 20835
20836 20838
20836 20839
20837 20838
20837 20839
20838 20839
20832 20838
20833 20838
20888 20839
20889 20839
20840 20842
20840 20843
20841 20842
20841 20843
20842 20843
20836 20842
20837 20842
20884 20843
20885 20843
20844 20846
20844 20847
20845 20846
20845 20847
20846 20847
20840 20846
20841 20846
20880 20847
20881 20847
20848 20850
20848 20851
20849 20850
20849 20851
20850 20851
20844 20850
20845 20850
20876 20851
20877 20851
20852 20854
20852 20855
20853 20854
20853 20855
20854 20855
20848 20854
20849 20854
20872 20855
20873 20855
20856 20858
20856 20859
20857 20858
20857 20859
20858 20859
20852 20858
20853 20858
20868 20859
20869 20859
20860 20862
20860 20863
20861 20862
20861 20863
20862 20863
20856 20862
20857 20862
20864 20863
20865 20863
20864 20866
20864 20867
20865 20866
20865 20867
20866 20867
20924 20866
20925 20866
20868 20870
20868 20871
20869 20870
20869 20871
20870 20871
20920 20870
20921 20870
20864 20871
20865 20871
20872 20874
20872 20875
20873 20874
20873 20875
20874 20875
20916 20874
20917 20874
20868 20875
20869 20875
20876 20878
20876 20879
20877 20878
20877 20879
20878 20879
20912 20878
20913 20878
20872 20879
20873 20879
20880 20882
20880 20883
20881 20882
20881 20883
20882 20883
20908 20882
20909 20882
20876 20883
20877 20883
20884 20886
20884 20887
20885 20886
20885 20887
20886 20887
20904 20886
20905 20886
20880 20887
20881 20887
20888 20890
20888 20891
20889 20890
20889 20891
20890 20891
20900 20890
20901 20890
20884 20891
20885 20891
20892 20894
20892 20895
20893 20894
20893 20895
20894 20895
20896 20894
20897 20894
20888 20895
20889 20895
20896 20898
20896 20899
20897 20898
20897 20899
20898 20899
20956 20899
20957 20899
20900 20902
20900 20903
20901 20902
20901 20903
20902 20903
20896 20902
20897 20902
20952 20903
20953 20903
20904 20906
20904 20907
20905 20906
20905 20907
20906 20907
20900 20906
20901 20906
20948 20907
20949 20907
20908 20910
20908 20911
20909 20910
20909 20911
20910 20911
20904 20910
20905 20910
20944 20911
20945 20911
20912 20914
20912 20915
20913 20914
20913 20915
20914 20915
20908 20914
20909 20914
20940 20915
20941 20915
20916 20918
20916 20919
20917 20918
20917 20919
20918 20919
20912 20918
20913 20918
20936 20919
20937 20919
20920 20922
20920 20923
20921 20922
20921 20923
20922 20923
20916 20922
20917 20922
20932 20923
20933 20923
20924 20926
20924 20927
20925 20926
20925 20927
20926 20927
20920 20926
20921 20926
20928 20927
20929 20927
20928 20930
20928 20931
20929 20930
20929 20931
20930 20931
20988 20930
20989 20930
20932 20934
20932 20935
20933 20934
20933 20935
20934 20935
20984 20934
20985 20934
20928 20935
20929 20935
20936 20938
20936 20939
20937 20938
20937 20939
20938 20939
20980 20938
20981 20938
20932 20939
20933 20939
20940 20942
20940 20943
20941 20942
20941 20943
20942 20943
20976 20942
20977 20942
20936 20943
20937 20943
20944 20946
20944 20947
20945 20946
20945 20947
20946 20947
20972 20946
20973 20946
20940 20947
20941 20947
20948 20950
20948 20951
20949 20950
20949 20951
20950 20951
20968 20950
20969 20950
20944 20951
20945 20951
20952 20954
20952 20955
20953 20954
20953 20955
20954 20955
20964 20954
20965 20954
20948 20955
20949 20955
20956 20958
20956 20959
20957 20958
20957 20959
20958 20959
20960 20958
20961 20958
20952 20959
20953 20959
20960 20962
20960 20963
20961 20962
20961 20963
20962 20963
21020 20963
21021 20963
20964 20966
20964 20967
20965 20966
20965 20967
20966 20967
20960 20966
20961 20966
21016 20967
21017 20967
20968 20970
20968 20971
20969 20970
20969 20971
20970 20971
20964 20970
20965 20970
21012 20971
21013 20971
20972 20974
20972 20975
20973 20974
20973 20975
20974 20975
20968 20974
20969 20974
21008 20975
21009 20975
20976 20978
20976 20979
20977 20978
20977 20979
20978 20979
20972 20978
20973 20978
21004 20979
21005 20979
20980 20982
20980 20983
20981 20982
20981 20983
20982 20983
20976 20982
20977 20982
21000 20983
21001 20983
20984 20986
20984 20987
20985 20986
20985 20987
20986 20987
20980 20986
20981 20986
20996 20987
20997 20987
20988 20990
20988 20991
20989 20990
20989 20991
20990 20991
20984 20990
20985 20990
20992 20991
20993 20991
20992 20994
20992 20995
20993 20994
20993 20995
20994 20995
21052 20994
21053 20994
20996 20998
20996 20999
20997 20998
20997 20999
20998 20999
21048 20998
21049 20998
20992 20999
20993 20999
21000 21002
21000 21003
21001 21002
21001 21003
21002 21003
21044 21002
21045 21002
20996 21003
20997 21003
21004 21006
21004 21007
21005 21006
21005 21007
21006 21007
21040 21006
21041 21006
21000 21007
21001 21007
21008 21010
21008 21011
21009 21010
21009 21011
21010 21011
21036 21010
21037 21010
21004 21011
21005 21011
21012 21014
21012 21015
21013 21014
21013 21015
21014 21015
21032 21014
21033 21014
21008 21015
21009 21015
21016 21018
21016 21019
21017 21018
21017 21019
21018 21019
21028 21018
21029 21018
21012 21019
21013 21019
21020 21022
21020 21023
21021 21022
21021 21023
21022 21023
21024 21022
21025 21022
21016 21023
21017 21023
21024 21026
21024 21027
21025 21026
21025 21027
21026 21027
21084 21027
21085 21027
21028 21030
21028 21031
21029 21030
21029 21031
21030 21031
21024 21030
21025 21030
21080 21031
21081 21031
21032 21034
21032 21035
21033 21034
21033 21035
21034 21035
21028 21034
21029 21034
21076 21035
21077 21035
21036 21038
21036 21039
21037 21038
21037 21039
21038 21039
21032 21038
21033 21038
21072 21039
21073 21039
21040 21042
21040 21043
21041 21042
21041 21043
21042 21043
21036 21042
21037 21042
21068 21043
21069 21043
21044 21046
21044 21047
21045 21046
21045 21047
21046 21047
21040 21046
21041 21046
21064 21047
21065 21047
21048 21050
21048 21051
21049 21050
21049 21051
21050 21051
21044 21050
21045 21050
21060 21051
21061 21051
21052 21054
21052 21055
21053 21054
21053 21055
21054 21055
21048 21054
21049 21054
21056 21055
21057 21055
21056 21058
21056 21059
21057 21058
21057 21059
21058 21059
21116 21058
21117 21058
21060 21062
21060 21063
21061 21062
21061 21063
21062 21063
21112 21062
21113 21062
21056 21063
21057 21063
21064 21066
21064 21067
21065 21066
21065 21067
21066 21067
21108 21066
21109 21066
21060 21067
21061 21067
21068 21070
21068 21071
21069 21070
21069 21071
21070 21071
21104 21070
21105 21070
21064 21071
21065 21071
21072 21074
21072 21075
21073 21074
21073 21075
21074 21075
21100 21074
21101 21074
21068 21075
21069 21075
21076 21078
21076 21079
21077 21078
21077 21079
21078 21079
21096 21078
21097 21078
21072 21079
21073 21079
21080 21082
21080 21083
21081 21082
21081 21083
21082 21083
21092 21082
21093 21082
21076 21083
21077 21083
21084 21086
21084 21087
21085 21086
21085 21087
21086 21087
21088 21086
21089 21086
21080 21087
21081 21087
21088 21090
21088 21091
21089 21090
21089 21091
21090 21091
21148 21091
21149 21091
21092 21094
21092 21095
21093 21094
21093 21095
21094 21095
21088 21094
21089 21094
21144 21095
21145 21095
21096 21098
21096 21099
21097 21098
21097 21099
21098 21099
21092 21098
21093 21098
21140 21099
21141 21099
21100 21102
21100 21103
21101 21102
21101 21103
21102 21103
21096 21102
21097 21102
21136 21103
21137 21103
21104 21106
21104 21107
21105 21106
21105 21107
21106 21107
21100 21106
21101 21106
21132 21107
21133 21107
21108 21110
21108 21111
21109 21110
21109 21111
21110 21111
21104 21110
21105 21110
21128 21111
21129 21111
21112 21114
21112 21115
21113 21114
21113 21115
21114 21115
21108 21114
21109 21114
21124 21115
21125 21115
21116 21118
21116 21119
21117 21118
21117 21119
21118 21119
21112 21118
21113 21118
21120 21119
21121 21119
21120 21122
21120 21123
21121 21122
21121 21123
21122 21123
21180 21122
21181 21122
21124 21126
21124 21127
21125 21126
21125 21127
21126 21127
21176 21126
21177 21126
21120 21127
21121 21127
21128 21130
21128 21131
21129 21130
21129 21131
21130 21131
21172 21130
21173 21130
21124 21131
21125 21131
21132 21134
21132 21135
21133 21134
21133 21135
21134 21135
21168 21134
21169 21134
21128 21135
21129 21135
21136 21138
21136 21139
21137 21138
21137 21139
21138 21139
21164 21138
21165 21138
21132 21139
21133 21139
21140 21142
21140 21143
21141 21142
21141 21143
21142 21143
21160 21142
21161 21142
21136 21143
21137 21143
21144 21146
21144 21147
21145 21146
21145 21147
21146 21147
21156 21146
21157 21146
21140 21147
21141 21147
21148 21150
21148 21151
21149 21150
21149 21151
21150 21151
21152 21150
21153 21150
21144 21151
21145 21151
21152 21154
21152 21155
21153 21154
21153 21155
21154 21155
21212 21155
21213 21155
21156 21158
21156 21159
21157 21158
21157 21159
21158 21159
21152 21158
21153 21158
21208 21159
21209 21159
21160 21162
21160 21163
21161 21162
21161 21163
21162 21163
21156 21162
21157 21162
21204 21163
21205 21163
21164 21166
21164 21167
21165 21166
21165 21167
21166 21167
21160 21166
21161 21166
21200 21167
21201 21167
21168 21170
21168 21171
21169 21170
21169 21171
21170 21171
21164 21170
21165 21170
21196 21171
21197 21171
21172 21174
21172 21175
21173 21174
21173 21175
21174 21175
21168 21174
21169 21174
21192 21175
21193 21175
21176 21178
21176 21179
21177 21178
21177 21179
21178 21179
21172 21178
21173 21178
21188 21179
21189 21179
21180 21182
21180 21183
21181 21182
21181 21183
21182 21183
21176 21182
21177 21182
21184 21183
21185 21183
21184 21186
21184 21187
21185 21186
21185 21187
21186 21187
21244 21186
21245 21186
21188 21190
21188 21191
21189 21190
21189 21191
21190 21191
21240 21190
21241 21190
21184 21191
21185 21191
21192 21194
21192 21195
21193 21194
21193 21195
21194 21195
21236 21194
21237 21194
21188 21195
21189 21195
21196 21198
21196 21199
21197 21198
21197 21199
21198 21199
21232 21198
21233 21198
21192 21199
21193 21199
21200 21202
21200 21203
21201 21202
21201 21203
21202 21203
21228 21202
21229 21202
21196 21203
21197 21203
21204 21206
21204 21207
21205 21206
21205 21207
21206 21207
21224 21206
21225 21206
21200 21207
21201 21207
21208 21210
21208 21211
21209 21210
21209 21211
21210 21211
21220 21210
21221 21210
21204 21211
21205 21211
21212 21214
21212 21215
21213 21214
21213 21215
21214 21215
21216 21214
21217 21214
21208 21215
21209 21215
21216 21218
21216 21219
21217 21218
21217 21219
21218 21219
21276 21219
21277 21219
21220 21222
21220 21223
21221 21222
21221 21223
21222 21223
21216 21222
21217 21222
21272 21223
21273 21223
21224 21226
21224 21227
21225 21226
21225 21227
21226 21227
21220 21226
21221 21226
21268 21227
21269 21227
21228 21230
21228 21231
21229 21230
21229 21231
21230 21231
21224 21230
21225 21230
21264 21231
21265 21231
21232 21234
21232 21235
21233 21234
21233 21235
21234 21235
21228 21234
21229 21234
21260 21235
21261 21235
21236 21238
21236 21239
21237 21238
21237 21239
21238 21239
21232 21238
21233 21238
21256 21239
21257 21239
21240 21242
21240 21243
21241 21242
21241 21243
21242 21243
21236 21242
21237 21242
21252 21243
21253 21243
21244 21246
21244 21247
21245 21246
21245 21247
21246 21247
21240 21246
21241 21246
21248 21247
21249 21247
21248 21250
21248 21251
21249 21250
21249 21251
21250 21251
21308 21250
21309 21250
21252 21254
21252 21255
21253 21254
21253 21255
21254 21255
21304 21254
21305 21254
21248 21255
21249 21255
21256 21258
21256 21259
21257 21258
21257 21259
21258 21259
21300 21258
21301 21258
21252 21259
21253 21259
21260 21262
21260 21263
21261 21262
21261 21263
21262 21263
21296 21262
21297 21262
21256 21263
21257 21263
21264 21266
21264 21267
21265 21266
21265 21267
21266 21267
21292 21266
21293 21266
21260 21267
21261 21267
21268 21270
21268 21271
21269 21270
21269 21271
21270 21271
21288 21270
21289 21270
21264 21271
21265 21271
21272 21274
21272 21275
21273 21274
21273 21275
21274 21275
21284 21274
21285 21274
21268 21275
21269 21275
21276 21278
21276 21279
21277 21278
21277 21279
21278 21279
21280 21278
21281 21278
21272 21279
21273 21279
21280 21282
21280 21283
21281 21282
21281 21283
21282 21283
21340 21283
21341 21283
21284 21286
21284 21287
21285 21286
21285 21287
21286 21287
21280 21286
21281 21286
21336 21287
21337 21287
21288 21290
21288 21291
21289 21290
21289 21291
21290 21291
21284 21290
21285 21290
21332 21291
21333 21291
21292 21294
21292 21295
21293 21294
21293 21295
21294 21295
21288 21294
21289 21294
21328 21295
21329 21295
21296 21298
21296 21299
21297 21298
21297 21299
21298 21299
21292 21298
21293 21298
21324 21299
21325 21299
21300 21302
21300 21303
21301 21302
21301 21303
21302 21303
21296 21302
21297 21302
21320 21303
21321 21303
21304 21306
21304 21307
21305 21306
21305 21307
21306 21307
21300 21306
21301 21306
21316 21307
21317 21307
21308 21310
21308 21311
21309 21310
21309 21311
21310 21311
21304 21310
21305 21310
21312 21311
21313 21311
21312 21314
21312 21315
21313 21314
21313 21315
21314 21315
21372 21314
21373 21314
21316 21318
21316 21319
21317 21318
21317 21319
21318 21319
21368 21318
21369 21318
21312 21319
21313 21319
21320 21322
21320 21323
21321 21322
21321 21323
21322 21323
21364 21322
21365 21322
21316 21323
21317 21323
21324 21326
21324 21327
21325 21326
21325 21327
21326 21327
21360 21326
21361 21326
21320 21327
21321 21327
21328 21330
21328 21331
21329 21330
21329 21331
21330 21331
21356 21330
21357 21330
21324 21331
21325 21331
21332 21334
21332 21335
21333 21334
21333 21335
21334 21335
21352 21334
21353 21334
21328 21335
21329 21335
21336 21338
21336 21339
21337 21338
21337 21339
21338 21339
21348 21338
21349 21338
21332 21339
21333 21339
21340 21342
21340 21343
21341 21342
21341 21343
21342 21343
21344 21342
21345 21342
21336 21343
21337 21343
21344 21346
21344 21347
21345 21346
21345 21347
21346 21347
21404 21347
21405 21347
21348 21350
21348 21351
21349 21350
21349 21351
21350 21351
21344 21350
21345 21350
21400 21351
21401 21351
21352 21354
21352 21355
21353 21354
21353 21355
21354 21355
21348 21354
21349 21354
21396 21355
21397 21355
21356 21358
21356 21359
21357 21358
21357 21359
21358 21359
21352 21358
21353 21358
21392 21359
21393 21359
21360 21362
21360 21363
21361 21362
21361 21363
21362 21363
21356 21362
21357 21362
21388 21363
21389 21363
21364 21366
21364 21367
21365 21366
21365 21367
21366 21367
21360 21366
21361 21366
21384 21367
21385 21367
21368 21370
21368 21371
21369 21370
21369 21371
21370 21371
21364 21370
21365 21370
21376 21371
21377 21371
21372 21374
21372 21375
21373 21374
21373 21375
21374 21375
21368 21374
21369 21374
21380 21375
21381 21375
21376 21378
21376 21379
21377 21378
21377 21379
21378 21379
21436 21378
21437 21378
21380 21379
21381 21379
21380 21382
21380 21383
21381 21382
21381 21383
21382 21383
21432 21382
21433 21382
21384 21386
21384 21387
21385 21386
21385 21387
21386 21387
21428 21386
21429 21386
21376 21387
21377 21387
21388 21390
21388 21391
21389 21390
21389 21391
21390 21391
21424 21390
21425 21390
21384 21391
21385 21391
21392 21394
21392 21395
21393 21394
21393 21395
21394 21395
21420 21394
21421 21394
21388 21395
21389 21395
21396 21398
21396 21399
21397 21398
21397 21399
21398 21399
21416 21398
21417 21398
21392 21399
21393 21399
21400 21402
21400 21403
21401 21402
21401 21403
21402 21403
21412 21402
21413 21402
21396 21403
21397 21403
21404 21406
21404 21407
21405 21406
21405 21407
21406 21407
21408 21406
21409 21406
21400 21407
21401 21407
21408 21410
21408 21411
21409 21410
21409 21411
21410 21411
21468 21411
21469 21411
21412 21414
21412 21415
21413 21414
21413 21415
21414 21415
21408 21414
21409 21414
21464 21415
21465 21415
21416 21418
21416 21419
21417 21418
21417 21419
21418 21419
21412 21418
21413 21418
21460 21419
21461 21419
21420 21422
21420 21423
21421 21422
21421 21423
21422 21423
21416 21422
21417 21422
21456 21423
21457 21423
21424 21426
21424 21427
21425 21426
21425 21427
21426 21427
21420 21426
21421 21426
21452 21427
21453 21427
21428 21430
21428 21431
21429 21430
21429 21431
21430 21431
21424 21430
21425 21430
21448 21431
21449 21431
21432 21434
21432 21435
21433 21434
21433 21435
21434 21435
21436 21434
21437 21434
21444 21435
21445 21435
21436 21438
21436 21439
21437 21438
21437 21439
21438 21439
21428 21438
21429 21438
21440 21439
21441 21439
21440 21442
21440 21443
21441 21442
21441 21443
21442 21443
21500 21442
21501 21442
21444 21443
21445 21443
21444 21446
21444 21447
21445 21446
21445 21447
21446 21447
21496 21446
21497 21446
21448 21450
21448 21451
21449 21450
21449 21451
21450 21451
21492 21450
21493 21450
21440 21451
21441 21451
21452 21454
21452 21455
21453 21454
21453 21455
21454 21455
21488 21454
21489 21454
21448 21455
21449 21455
21456 21458
21456 21459
21457 21458
21457 21459
21458 21459
21484 21458
21485 21458
21452 21459
21453 21459
21460 21462
21460 21463
21461 21462
21461 21463
21462 21463
21480 21462
21481 21462
21456 21463
21457 21463
21464 21466
21464 21467
21465 21466
21465 21467
21466 21467
21476 21466
21477 21466
21460 21467
21461 21467
21468 21470
21468 21471
21469 21470
21469 21471
21470 21471
21472 21470
21473 21470
21464 21471
21465 21471
21472 21474
21472 21475
21473 21474
21473 21475
21474 21475
21532 21475
21533 21475
21476 21478
21476 21479
21477 21478
21477 21479
21478 21479
21472 21478
21473 21478
21528 21479
21529 21479
21480 21482
21480 21483
21481 21482
21481 21483
21482 21483
21476 21482
21477 21482
21524 21483
21525 21483
21484 21486
21484 21487
21485 21486
21485 21487
21486 21487
21480 21486
21481 21486
21520 21487
21521 21487
21488 21490
21488 21491
21489 21490
21489 21491
21490 21491
21484 21490
21485 21490
21516 21491
21517 21491
21492 21494
21492 21495
21493 21494
21493 21495
21494 21495
21488 21494
21489 21494
21512 21495
21513 21495
21496 21498
21496 21499
21497 21498
21497 21499
21498 21499
21500 21498
21501 21498
21508 21499
21509 21499
21500 21502
21500 21503
21501 21502
21501 21503
21502 21503
21492 21502
21493 21502
21504 21503
21505 21503
21504 21506
21504 21507
21505 21506
21505 21507
21506 21507
21564 21506
21565 21506
21508 21507
21509 21507
21508 21510
21508 21511
21509 21510
21509 21511
21510 21511
21560 21510
21561 21510
21512 21514
21512 21515
21513 21514
21513 21515
21514 21515
21556 21514
21557 21514
21504 21515
21505 21515
21516 21518
21516 21519
21517 21518
21517 21519
21518 21519
21552 21518
21553 21518
21512 21519
21513 21519
21520 21522
21520 21523
21521 21522
21521 21523
21522 21523
21548 21522
21549 21522
21516 21523
21517 21523
21524 21526
21524 21527
21525 21526
21525 21527
21526 21527
21544 21526
21545 21526
21520 21527
21521 21527
21528 21530
21528 21531
21529 21530
21529 21531
21530 21531
21540 21530
21541 21530
21524 21531
21525 21531
21532 21534
21532 21535
21533 21534
21533 21535
21534 21535
21536 21534
21537 21534
21528 21535
21529 21535
21536 21538
21536 21539
21537 21538
21537 21539
21538 21539
21596 21539
21597 21539
21540 21542
21540 21543
21541 21542
21541 21543
21542 21543
21536 21542
21537 21542
21592 21543
21593 21543
21544 21546
21544 21547
21545 21546
21545 21547
21546 21547
21540 21546
21541 21546
21588 21547
21589 21547
21548 21550
21548 21551
21549 21550
21549 21551
21550 21551
21544 21550
21545 21550
21584 21551
21585 21551
21552 21554
21552 21555
21553 21554
21553 21555
21554 21555
21548 21554
21549 21554
21580 21555
21581 21555
21556 21558
21556 21559
21557 21558
21557 21559
21558 21559
21552 21558
21553 21558
21576 21559
21577 21559
21560 21562
21560 21563
21561 21562
21561 21563
21562 21563
21564 21562
21565 21562
21572 21563
21573 21563
21564 21566
21564 21567
21565 21566
21565 21567
21566 21567
21556 21566
21557 21566
21568 21567
21569 21567
21568 21570
21568 21571
21569 21570
21569 21571
21570 21571
21628 21570
21629 21570
21572 21571
21573 21571
21572 21574
21572 21575
21573 21574
21573 21575
21574 21575
21624 21574
21625 21574
21576 21578
21576 21579
21577 21578
21577 21579
21578 21579
21620 21578
21621 21578
21568 21579
21569 21579
21580 21582
21580 21583
21581 21582
21581 21583
21582 21583
21616 21582
21617 21582
21576 21583
21577 21583
21584 21586
21584 21587
21585 21586
21585 21587
21586 21587
21612 21586
21613 21586
21580 21587
21581 21587
21588 21590
21588 21591
21589 21590
21589 21591
21590 21591
21608 21590
21609 21590
21584 21591
21585 21591
21592 21594
21592 21595
21593 21594
21593 21595
21594 21595
21604 21594
21605 21594
21588 21595
21589 21595
21596 21598
21596 21599
21597 21598
21597 21599
21598 21599
21600 21598
21601 21598
21592 21599
21593 21599
21600 21602
21600 21603
21601 21602
21601 21603
21602 21603
21660 21603
21661 21603
21604 21606
21604 21607
21605 21606
21605 21607
21606 21607
21600 21606
21601 21606
21656 21607
21657 21607
21608 21610
21608 21611
21609 21610
21609 21611
21610 21611
21604 21610
21605 21610
21652 21611
21653 21611
21612 21614
21612 21615
21613 21614
21613 21615
21614 21615
21608 21614
21609 21614
21648 21615
21649 21615
21616 21618
21616 21619
21617 21618
21617 21619
21618 21619
21612 21618
21613 21618
21644 21619
21645 21619
21620 21622
21620 21623
21621 21622
21621 21623
21622 21623
21616 21622
21617 21622
21640 21623
21641 21623
21624 21626
21624 21627
21625 21626
21625 21627
21626 21627
21628 21626
21629 21626
21636 21627
21637 21627
21628 21630
21628 21631
21629 21630
21629 21631
21630 21631
21620 21630
21621 21630
21632 21631
21633 21631
21632 21634
21632 21635
21633 21634
21633 21635
21634 21635
21692 21634
21693 21634
21636 21635
21637 21635
21636 21638
21636 21639
21637 21638
21637 21639
21638 21639
21688 21638
21689 21638
21640 21642
21640 21643
21641 21642
21641 21643
21642 21643
21684 21642
21685 21642
21632 21643
21633 21643
21644 21646
21644 21647
21645 21646
21645 21647
21646 21647
21680 21646
21681 21646
21640 21647
21641 21647
21648 21650
21648 21651
21649 21650
21649 21651
21650 21651
21676 21650
21677 21650
21644 21651
21645 21651
21652 21654
21652 21655
21653 21654
21653 21655
21654 21655
21672 21654
21673 21654
21648 21655
21649 21655
21656 21658
21656 21659
21657 21658
21657 21659
21658 21659
21668 21658
21669 21658
21652 21659
21653 21659
21660 21662
21660 21663
21661 21662
21661 21663
21662 21663
21664 21662
21665 21662
21656 21663
21657 21663
21664 21666
21664 21667
21665 21666
21665 21667
21666 21667
21724 21667
21725 21667
21668 21670
21668 21671
21669 21670
21669 21671
21670 21671
21664 21670
21665 21670
21720 21671
21721 21671
21672 21674
21672 21675
21673 21674
21673 21675
21674 21675
21668 21674
21669 21674
21716 21675
21717 21675
21676 21678
21676 21679
21677 21678
21677 21679
21678 21679
21672 21678
21673 21678
21712 21679
21713 21679
21680 21682
21680 21683
21681 21682
21681 21683
21682 21683
21676 21682
21677 21682
21708 21683
21709 21683
21684 21686
21684 21687
21685 21686
21685 21687
21686 21687
21680 21686
21681 21686
21704 21687
21705 21687
21688 21690
21688 21691
21689 21690
21689 21691
21690 21691
21692 21690
21693 21690
21700 21691
21701 21691
21692 21694
21692 21695
21693 21694
21693 21695
21694 21695
21684 21694
21685 21694
21696 21695
21697 21695
21696 21698
21696 21699
21697 21698
21697 21699
21698 21699
21756 21698
21757 21698
21700 21699
21701 21699
21700 21702
21700 21703
21701 21702
21701 21703
21702 21703
21752 21702
21753 21702
21704 21706
21704 21707
21705 21706
21705 21707
21706 21707
21748 21706
21749 21706
21696 21707
21697 21707
21708 21710
21708 21711
21709 21710
21709 21711
21710 21711
21744 21710
21745 21710
21704 21711
21705 21711
21712 21714
21712 21715
21713 21714
21713 21715
21714 21715
21740 21714
21741 21714
21708 21715
21709 21715
21716 21718
21716 21719
21717 21718
21717 21719
21718 21719
21736 21718
21737 21718
21712 21719
21713 21719
21720 21722
21720 21723
21721 21722
21721 21723
21722 21723
21732 21722
21733 21722
21716 21723
21717 21723
21724 21726
21724 21727
21725 21726
21725 21727
21726 21727
21728 21726
21729 21726
21720 21727
21721 21727
21728 21730
21728 21731
21729 21730
21729 21731
21730 21731
21788 21731
21789 21731
21732 21734
21732 21735
21733 21734
21733 21735
21734 21735
21728 21734
21729 21734
21784 21735
21785 21735
21736 21738
21736 21739
21737 21738
21737 21739
21738 21739
21732 21738
21733 21738
21780 21739
21781 21739
21740 21742
21740 21743
21741 21742
21741 21743
21742 21743
21736 21742
21737 21742
21776 21743
21777 21743
21744 21746
21744 21747
21745 21746
21745 21747
21746 21747
21740 21746
21741 21746
21772 21747
21773 21747
21748 21750
21748 21751
21749 21750
21749 21751
21750 21751
21744 21750
21745 21750
21768 21751
21769 21751
21752 21754
21752 21755
21753 21754
21753 21755
21754 21755
21756 21754
21757 21754
21764 21755
21765 21755
21756 21758
21756 21759
21757 21758
21757 21759
21758 21759
21748 21758
21749 21758
21760 21759
21761 21759
21760 21762
21760 21763
21761 21762
21761 21763
21762 21763
21820 21762
21821 21762
21764 21763
21765 21763
21764 21766
21764 21767
21765 21766
21765 21767
21766 21767
21816 21766
21817 21766
21768 21770
21768 21771
21769 21770
21769 21771
21770 21771
21812 21770
21813 21770
21760 21771
21761 21771
21772 21774
21772 21775
21773 21774
21773 21775
21774 21775
21808 21774
21809 21774
21768 21775
21769 21775
21776 21778
21776 21779
21777 21778
21777 21779
21778 21779
21804 21778
21805 21778
21772 21779
21773 21779
21780 21782
21780 21783
21781 21782
21781 21783
21782 21783
21800 21782
21801 21782
21776 21783
21777 21783
21784 21786
21784 21787
21785 21786
21785 21787
21786 21787
21796 21786
21797 21786
21780 21787
21781 21787
21788 21790
21788 21791
21789 21790
21789 21791
21790 21791
21792 21790
21793 21790
21784 21791
21785 21791
21792 21794
21792 21795
21793 21794
21793 21795
21794 21795
21852 21795
21853 21795
21796 21798
21796 21799
21797 21798
21797 21799
21798 21799
21792 21798
21793 21798
21848 21799
21849 21799
21800 21802
21800 21803
21801 21802
21801 21803
21802 21803
21796 21802
21797 21802
21844 21803
21845 21803
21804 21806
21804 21807
21805 21806
21805 21807
21806 21807
21800 21806
21801 21806
21840 21807
21841 21807
21808 21810
21808 21811
21809 21810
21809 21811
21810 21811
21804 21810
21805 21810
21836 21811
21837 21811
21812 21814
21812 21815
21813 21814
21813 21815
21814 21815
21808 21814
21809 21814
21832 21815
21833 21815
21816 21818
21816 21819
21817 21818
21817 21819
21818 21819
21820 21818
21821 21818
21828 21819
21829 21819
21820 21822
21820 21823
21821 21822
21821 21823
21822 21823
21812 21822
21813 21822
21824 21823
21825 21823
21824 21826
21824 21827
21825 21826
21825 21827
21826 21827
21884 21826
21885 21826
21828 21827
21829 21827
21828 21830
21828 21831
21829 21830
21829 21831
21830 21831
21880 21830
21881 21830
21832 21834
21832 21835
21833 21834
21833 21835
21834 21835
21876 21834
21877 21834
21824 21835
21825 21835
21836 21838
21836 21839
21837 21838
21837 21839
21838 21839
21872 21838
21873 21838
21832 21839
21833 21839
21840 21842
21840 21843
21841 21842
21841 21843
21842 21843
21868 21842
21869 21842
21836 21843
21837 21843
21844 21846
21844 21847
21845 21846
21845 21847
21846 21847
21864 21846
21865 21846
21840 21847
21841 21847
21848 21850
21848 21851
21849 21850
21849 21851
21850 21851
21860 21850
21861 21850
21844 21851
21845 21851
21852 21854
21852 21855
21853 21854
21853 21855
21854 21855
21856 21854
21857 21854
21848 21855
21849 21855
21856 21858
21856 21859
21857 21858
21857 21859
21858 21859
21916 21859
21917 21859
21860 21862
21860 21863
21861 21862
21861 21863
21862 21863
21856 21862
21857 21862
21912 21863
21913 21863
21864 21866
21864 21867
21865 21866
21865 21867
21866 21867
21860 21866
21861 21866
21908 21867
21909 21867
21868 21870
21868 21871
21869 21870
21869 21871
21870 21871
21864 21870
21865 21870
21904 21871
21905 21871
21872 21874
21872 21875
21873 21874
21873 21875
21874 21875
21868 21874
21869 21874
21900 21875
21901 21875
21876 21878
21876 21879
21877 21878
21877 21879
21878 21879
21872 21878
21873 21878
21896 21879
21897 21879
21880 21882
21880 21883
21881 21882
21881 21883
21882 21883
21884 21882
21885 21882
21892 21883
21893 21883
21884 21886
21884 21887
21885 21886
21885 21887
21886 21887
21876 21886
21877 21886
21888 21887
21889 21887
21888 21890
21888 21891
21889 21890
21889 21891
21890 21891
21948 21890
21949 21890
21892 21891
21893 21891
21892 21894
21892 21895
21893 21894
21893 21895
21894 21895
21944 21894
21945 21894
21896 21898
21896 21899
21897 21898
21897 21899
21898 21899
21940 21898
21941 21898
21888 21899
21889 21899
21900 21902
21900 21903
21901 21902
21901 21903
21902 21903
21936 21902
21937 21902
21896 21903
21897 21903
21904 21906
21904 21907
21905 21906
21905 21907
21906 21907
21932 21906
21933 21906
21900 21907
21901 21907
21908 21910
21908 21911
21909 21910
21909 21911
21910 21911
21928 21910
21929 21910
21904 21911
21905 21911
21912 21914
21912 21915
21913 21914
21913 21915
21914 21915
21924 21914
21925 21914
21908 21915
21909 21915
21916 21918
21916 21919
21917 21918
21917 21919
21918 21919
21920 21918
21921 21918
21912 21919
21913 21919
21920 21922
21920 21923
21921 21922
21921 21923
21922 21923
21924 21926
21924 21927
21925 21926
21925 21927
21926 21927
21920 21926
21921 21926
21928 21930
21928 21931
21929 21930
21929 21931
21930 21931
21924 21930
21925 21930
21932 21934
21932 21935
21933 21934
21933 21935
21934 21935
21928 21934
21929 21934
21936 21938
21936 21939
21937 21938
21937 21939
21938 21939
21932 21938
21933 21938
21940 21942
21940 21943
21941 21942
21941 21943
21942 21943
21936 21942
21937 21942
21944 21946
21944 21947
21945 21946
21945 21947
21946 21947
21948 21946
21949 21946
21948 21950
21948 21951
21949 21950
21949 21951
21950 21951
21940 21950
21941 21950
21952 21954
21952 21955
21953 21954
21953 21955
21954 21955
22012 21955
22013 21955
21956 21958
21956 21959
21957 21958
21957 21959
21958 21959
21952 21958
21953 21958
22008 21959
22009 21959
21960 21962
21960 21963
21961 21962
21961 21963
21962 21963
21956 21962
21957 21962
22004 21963
22005 21963
21964 21966
21964 21967
21965 21966
21965 21967
21966 21967
21960 21966
21961 21966
22000 21967
22001 21967
21968 21970
21968 21971
21969 21970
21969 21971
21970 21971
21964 21970
21965 21970
21996 21971
21997 21971
21972 21974
21972 21975
21973 21974
21973 21975
21974 21975
21968 21974
21969 21974
21992 21975
21993 21975
21976 21978
21976 21979
21977 21978
21977 21979
21978 21979
21972 21978
21973 21978
21988 21979
21989 21979
21980 21982
21980 21983
21981 21982
21981 21983
21982 21983
21976 21982
21977 21982
21984 21983
21985 21983
21984 21986
21984 21987
21985 21986
21985 21987
21986 21987
22044 21986
22045 21986
21988 21990
21988 21991
21989 21990
21989 21991
21990 21991
22040 21990
22041 21990
21984 21991
21985 21991
21992 21994
21992 21995
21993 21994
21993 21995
21994 21995
22036 21994
22037 21994
21988 21995
21989 21995
21996 21998
21996 21999
21997 21998
21997 21999
21998 21999
22032 21998
22033 21998
21992 21999
21993 21999
22000 22002
22000 22003
22001 22002
22001 22003
22002 22003
22028 22002
22029 22002
21996 22003
21997 22003
22004 22006
22004 22007
22005 22006
22005 22007
22006 22007
22024 22006
22025 22006
22000 22007
22001 22007
22008 22010
22008 22011
22009 22010
22009 22011
22010 22011
22020 22010
22021 22010
22004 22011
22005 22011
22012 22014
22012 22015
22013 22014
22013 22015
22014 22015
22016 22014
22017 22014
22008 22015
22009 22015
22016 22018
22016 22019
22017 22018
22017 22019
22018 22019
22076 22019
22077 22019
22020 22022
22020 22023
22021 22022
22021 22023
22022 22023
22016 22022
22017 22022
22072 22023
22073 22023
22024 22026
22024 22027
22025 22026
22025 22027
22026 22027
22020 22026
22021 22026
22068 22027
22069 22027
22028 22030
22028 22031
22029 22030
22029 22031
22030 22031
22024 22030
22025 22030
22064 22031
22065 22031
22032 22034
22032 22035
22033 22034
22033 22035
22034 22035
22028 22034
22029 22034
22060 22035
22061 22035
22036 22038
22036 22039
22037 22038
22037 22039
22038 22039
22032 22038
22033 22038
22056 22039
22057 22039
22040 22042
22040 22043
22041 22042
22041 22043
22042 22043
22036 22042
22037 22042
22052 22043
22053 22043
22044 22046
22044 22047
22045 22046
22045 22047
22046 22047
22040 22046
22041 22046
22048 22047
22049 22047
22048 22050
22048 22051
22049 22050
22049 22051
22050 22051
22108 22050
22109 22050
22052 22054
22052 22055
22053 22054
22053 22055
22054 22055
22104 22054
22105 22054
22048 22055
22049 22055
22056 22058
22056 22059
22057 22058
22057 22059
22058 22059
22100 22058
22101 22058
22052 22059
22053 22059
22060 22062
22060 22063
22061 22062
22061 22063
22062 22063
22096 22062
22097 22062
22056 22063
22057 22063
22064 22066
22064 22067
22065 22066
22065 22067
22066 22067
22092 22066
22093 22066
22060 22067
22061 22067
22068 22070
22068 22071
22069 22070
22069 22071
22070 22071
22088 22070
22089 22070
22064 22071
22065 22071
22072 22074
22072 22075
22073 22074
22073 22075
22074 22075
22084 22074
22085 22074
22068 22075
22069 22075
22076 22078
22076 22079
22077 22078
22077 22079
22078 22079
22080 22078
22081 22078
22072 22079
22073 22079
22080 22082
22080 22083
22081 22082
22081 22083
22082 22083
22140 22083
22141 22083
22084 22086
22084 22087
22085 22086
22085 22087
22086 22087
22080 22086
22081 22086
22136 22087
22137 22087
22088 22090
22088 22091
22089 22090
22089 22091
22090 22091
22084 22090
22085 22090
22132 22091
22133 22091
22092 22094
22092 22095
22093 22094
22093 22095
22094 22095
22088 22094
22089 22094
22128 22095
22129 22095
22096 22098
22096 22099
22097 22098
22097 22099
22098 22099
22092 22098
22093 22098
22124 22099
22125 22099
22100 22102
22100 22103
22101 22102
22101 22103
22102 22103
22096 22102
22097 22102
22120 22103
22121 22103
22104 22106
22104 22107
22105 22106
22105 22107
22106 22107
22100 22106
22101 22106
22116 22107
22117 22107
22108 22110
22108 22111
22109 22110
22109 22111
22110 22111
22104 22110
22105 22110
22112 22111
22113 22111
22112 22114
22112 22115
22113 22114
22113 22115
22114 22115
22172 22114
22173 22114
22116 22118
22116 22119
22117 22118
22117 22119
22118 22119
22168 22118
22169 22118
22112 22119
22113 22119
22120 22122
22120 22123
22121 22122
22121 22123
22122 22123
22164 22122
22165 22122
22116 22123
22117 22123
22124 22126
22124 22127
22125 22126
22125 22127
22126 22127
22160 22126
22161 22126
22120 22127
22121 22127
22128 22130
22128 22131
22129 22130
22129 22131
22130 22131
22156 22130
22157 22130
22124 22131
22125 22131
22132 22134
22132 22135
22133 22134
22133 22135
22134 22135
22152 22134
22153 22134
22128 22135
22129 22135
22136 22138
22136 22139
22137 22138
22137 22139
22138 22139
22148 22138
22149 22138
22132 22139
22133 22139
22140 22142
22140 22143
22141 22142
22141 22143
22142 22143
22144 22142
22145 22142
22136 22143
22137 22143
22144 22146
22144 22147
22145 22146
22145 22147
22146 22147
22204 22147
22205 22147
22148 22150
22148 22151
22149 22150
22149 22151
22150 22151
22144 22150
22145 22150
22200 22151
22201 22151
22152 22154
22152 22155
22153 22154
22153 22155
22154 22155
22148 22154
22149 22154
22196 22155
22197 22155
22156 22158
22156 22159
22157 22158
22157 22159
22158 22159
22152 22158
22153 22158
22192 22159
22193 22159
22160 22162
22160 22163
22161 22162
22161 22163
22162 22163
22156 22162
22157 22162
22188 22163
22189 22163
22164 22166
22164 22167
22165 22166
22165 22167
22166 22167
22160 22166
22161 22166
22184 22167
22185 22167
22168 22170
22168 22171
22169 22170
22169 22171
22170 22171
22164 22170
22165 22170
22180 22171
22181 22171
22172 22174
22172 22175
22173 22174
22173 22175
22174 22175
22168 22174
22169 22174
22176 22175
22177 22175
22176 22178
22176 22179
22177 22178
22177 22179
22178 22179
22236 22178
22237 22178
22180 22182
22180 22183
22181 22182
22181 22183
22182 22183
22232 22182
22233 22182
22176 22183
22177 22183
22184 22186
22184 22187
22185 22186
22185 22187
22186 22187
22228 22186
22229 22186
22180 22187
22181 22187
22188 22190
22188 22191
22189 22190
22189 22191
22190 22191
22224 22190
22225 22190
22184 22191
22185 22191
22192 22194
22192 22195
22193 22194
22193 22195
22194 22195
22220 22194
22221 22194
22188 22195
22189 22195
22196 22198
22196 22199
22197 22198
22197 22199
22198 22199
22216 22198
22217 22198
22192 22199
22193 22199
22200 22202
22200 22203
22201 22202
22201 22203
22202 22203
22212 22202
22213 22202
22196 22203
22197 22203
22204 22206
22204 22207
22205 22206
22205 22207
22206 22207
22208 22206
22209 22206
22200 22207
22201 22207
22208 22210
22208 22211
22209 22210
22209 22211
22210 22211
22268 22211
22269 22211
22212 22214
22212 22215
22213 22214
22213 22215
22214 22215
22208 22214
22209 22214
22264 22215
22265 22215
22216 22218
22216 22219
22217 22218
22217 22219
22218 22219
22212 22218
22213 22218
22260 22219
22261 22219
22220 22222
22220 22223
22221 22222
22221 22223
22222 22223
22216 22222
22217 22222
22256 22223
22257 22223
22224 22226
22224 22227
22225 22226
22225 22227
22226 22227
22220 22226
22221 22226
22252 22227
22253 22227
22228 22230
22228 22231
22229 22230
22229 22231
22230 22231
22224 22230
22225 22230
22248 22231
22249 22231
22232 22234
22232 22235
22233 22234
22233 22235
22234 22235
22228 22234
22229 22234
22244 22235
22245 22235
22236 22238
22236 22239
22237 22238
22237 22239
22238 22239
22232 22238
22233 22238
22240 22239
22241 22239
22240 22242
22240 22243
22241 22242
22241 22243
22242 22243
22300 22242
22301 22242
22244 22246
22244 22247
22245 22246
22245 22247
22246 22247
22296 22246
22297 22246
22240 22247
22241 22247
22248 22250
22248 22251
22249 22250
22249 22251
22250 22251
22292 22250
22293 22250
22244 22251
22245 22251
22252 22254
22252 22255
22253 22254
22253 22255
22254 22255
22288 22254
22289 22254
22248 22255
22249 22255
22256 22258
22256 22259
22257 22258
22257 22259
22258 22259
22284 22258
22285 22258
22252 22259
22253 22259
22260 22262
22260 22263
22261 22262
22261 22263
22262 22263
22280 22262
22281 22262
22256 22263
22257 22263
22264 22266
22264 22267
22265 22266
22265 22267
22266 22267
22276 22266
22277 22266
22260 22267
22261 22267
22268 22270
22268 22271
22269 22270
22269 22271
22270 22271
22272 22270
22273 22270
22264 22271
22265 22271
22272 22274
22272 22275
22273 22274
22273 22275
22274 22275
22332 22275
22333 22275
22276 22278
22276 22279
22277 22278
22277 22279
22278 22279
22272 22278
22273 22278
22328 22279
22329 22279
22280 22282
22280 22283
22281 22282
22281 22283
22282 22283
22276 22282
22277 22282
22324 22283
22325 22283
22284 22286
22284 22287
22285 22286
22285 22287
22286 22287
22280 22286
22281 22286
22320 22287
22321 22287
22288 22290
22288 22291
22289 22290
22289 22291
22290 22291
22284 22290
22285 22290
22316 22291
22317 22291
22292 22294
22292 22295
22293 22294
22293 22295
22294 22295
22288 22294
22289 22294
22312 22295
22313 22295
22296 22298
22296 22299
22297 22298
22297 22299
22298 22299
22292 22298
22293 22298
22308 22299
22309 22299
22300 22302
22300 22303
22301 22302
22301 22303
22302 22303
22296 22302
22297 22302
22304 22303
22305 22303
22304 22306
22304 22307
22305 22306
22305 22307
22306 22307
22364 22306
22365 22306
22308 22310
22308 22311
22309 22310
22309 22311
22310 22311
22360 22310
22361 22310
22304 22311
22305 22311
22312 22314
22312 22315
22313 22314
22313 22315
22314 22315
22356 22314
22357 22314
22308 22315
22309 22315
22316 22318
22316 22319
22317 22318
22317 22319
22318 22319
22352 22318
22353 22318
22312 22319
22313 22319
22320 22322
22320 22323
22321 22322
22321 22323
22322 22323
22348 22322
22349 22322
22316 22323
22317 22323
22324 22326
22324 22327
22325 22326
22325 22327
22326 22327
22344 22326
22345 22326
22320 22327
22321 22327
22328 22330
22328 22331
22329 22330
22329 22331
22330 22331
22340 22330
22341 22330
22324 22331
22325 22331
22332 22334
22332 22335
22333 22334
22333 22335
22334 22335
22336 22334
22337 22334
22328 22335
22329 22335
22336 22338
22336 22339
22337 22338
22337 22339
22338 22339
22396 22339
22397 22339
22340 22342
22340 22343
22341 22342
22341 22343
22342 22343
22336 22342
22337 22342
22392 22343
22393 22343
22344 22346
22344 22347
22345 22346
22345 22347
22346 22347
22340 22346
22341 22346
22388 22347
22389 22347
22348 22350
22348 22351
22349 22350
22349 22351
22350 22351
22344 22350
22345 22350
22384 22351
22385 22351
22352 22354
22352 22355
22353 22354
22353 22355
22354 22355
22348 22354
22349 22354
22380 22355
22381 22355
22356 22358
22356 22359
22357 22358
22357 22359
22358 22359
22352 22358
22353 22358
22376 22359
22377 22359
22360 22362
22360 22363
22361 22362
22361 22363
22362 22363
22356 22362
22357 22362
22372 22363
22373 22363
22364 22366
22364 22367
22365 22366
22365 22367
22366 22367
22360 22366
22361 22366
22368 22367
22369 22367
22368 22370
22368 22371
22369 22370
22369 22371
22370 22371
22428 22370
22429 22370
22372 22374
22372 22375
22373 22374
22373 22375
22374 22375
22424 22374
22425 22374
22368 22375
22369 22375
22376 22378
22376 22379
22377 22378
22377 22379
22378 22379
22420 22378
22421 22378
22372 22379
22373 22379
22380 22382
22380 22383
22381 22382
22381 22383
22382 22383
22416 22382
22417 22382
22376 22383
22377 22383
22384 22386
22384 22387
22385 22386
22385 22387
22386 22387
22412 22386
22413 22386
22380 22387
22381 22387
22388 22390
22388 22391
22389 22390
22389 22391
22390 22391
22408 22390
22409 22390
22384 22391
22385 22391
22392 22394
22392 22395
22393 22394
22393 22395
22394 22395
22404 22394
22405 22394
22388 22395
22389 22395
22396 22398
22396 22399
22397 22398
22397 22399
22398 22399
22400 22398
22401 22398
22392 22399
22393 22399
22400 22402
22400 22403
22401 22402
22401 22403
22402 22403
22460 22403
22461 22403
22404 22406
22404 22407
22405 22406
22405 22407
22406 22407
22400 22406
22401 22406
22456 22407
22457 22407
22408 22410
22408 22411
22409 22410
22409 22411
22410 22411
22404 22410
22405 22410
22452 22411
22453 22411
22412 22414
22412 22415
22413 22414
22413 22415
22414 22415
22408 22414
22409 22414
22448 22415
22449 22415
22416 22418
22416 22419
22417 22418
22417 22419
22418 22419
22412 22418
22413 22418
22444 22419
22445 22419
22420 22422
22420 22423
22421 22422
22421 22423
22422 22423
22416 22422
22417 22422
22440 22423
22441 22423
22424 22426
22424 22427
22425 22426
22425 22427
22426 22427
22420 22426
22421 22426
22436 22427
22437 22427
22428 22430
22428 22431
22429 22430
22429 22431
22430 22431
22424 22430
22425 22430
22432 22431
22433 22431
22432 22434
22432 22435
22433 22434
22433 22435
22434 22435
22492 22434
22493 22434
22436 22438
22436 22439
22437 22438
22437 22439
22438 22439
22488 22438
22489 22438
22432 22439
22433 22439
22440 22442
22440 22443
22441 22442
22441 22443
22442 22443
22484 22442
22485 22442
22436 22443
22437 22443
22444 22446
22444 22447
22445 22446
22445 22447
22446 22447
22480 22446
22481 22446
22440 22447
22441 22447
22448 22450
22448 22451
22449 22450
22449 22451
22450 22451
22476 22450
22477 22450
22444 22451
22445 22451
22452 22454
22452 22455
22453 22454
22453 22455
22454 22455
22472 22454
22473 22454
22448 22455
22449 22455
22456 22458
22456 22459
22457 22458
22457 22459
22458 22459
22468 22458
22469 22458
22452 22459
22453 22459
22460 22462
22460 22463
22461 22462
22461 22463
22462 22463
22464 22462
22465 22462
22456 22463
22457 22463
22464 22466
22464 22467
22465 22466
22465 22467
22466 22467
22524 22467
22525 22467
22468 22470
22468 22471
22469 22470
22469 22471
22470 22471
22464 22470
22465 22470
22520 22471
22521 22471
22472 22474
22472 22475
22473 22474
22473 22475
22474 22475
22468 22474
22469 22474
22516 22475
22517 22475
22476 22478
22476 22479
22477 22478
22477 22479
22478 22479
22472 22478
22473 22478
22512 22479
22513 22479
22480 22482
22480 22483
22481 22482
22481 22483
22482 22483
22476 22482
22477 22482
22508 22483
22509 22483
22484 22486
22484 22487
22485 22486
22485 22487
22486 22487
22480 22486
22481 22486
22504 22487
22505 22487
22488 22490
22488 22491
22489 22490
22489 22491
22490 22491
22484 22490
22485 22490
22500 22491
22501 22491
22492 22494
22492 22495
22493 22494
22493 22495
22494 22495
22488 22494
22489 22494
22496 22495
22497 22495
22496 22498
22496 22499
22497 22498
22497 22499
22498 22499
22556 22498
22557 22498
22500 22502
22500 22503
22501 22502
22501 22503
22502 22503
22552 22502
22553 22502
22496 22503
22497 22503
22504 22506
22504 22507
22505 22506
22505 22507
22506 22507
22548 22506
22549 22506
22500 22507
22501 22507
22508 22510
22508 22511
22509 22510
22509 22511
22510 22511
22544 22510
22545 22510
22504 22511
22505 22511
22512 22514
22512 22515
22513 22514
22513 22515
22514 22515
22540 22514
22541 22514
22508 22515
22509 22515
22516 22518
22516 22519
22517 22518
22517 22519
22518 22519
22536 22518
22537 22518
22512 22519
22513 22519
22520 22522
22520 22523
22521 22522
22521 22523
22522 22523
22532 22522
22533 22522
22516 22523
22517 22523
22524 22526
22524 22527
22525 22526
22525 22527
22526 22527
22528 22526
22529 22526
22520 22527
22521 22527
22528 22530
22528 22531
22529 22530
22529 22531
22530 22531
22588 22531
22589 22531
22532 22534
22532 22535
22533 22534
22533 22535
22534 22535
22528 22534
22529 22534
22584 22535
22585 22535
22536 22538
22536 22539
22537 22538
22537 22539
22538 22539
22532 22538
22533 22538
22580 22539
22581 22539
22540 22542
22540 22543
22541 22542
22541 22543
22542 22543
22536 22542
22537 22542
22576 22543
22577 22543
22544 22546
22544 22547
22545 22546
22545 22547
22546 22547
22540 22546
22541 22546
22572 22547
22573 22547
22548 22550
22548 22551
22549 22550
22549 22551
22550 22551
22544 22550
22545 22550
22568 22551
22569 22551
22552 22554
22552 22555
22553 22554
22553 22555
22554 22555
22548 22554
22549 22554
22560 22555
22561 22555
22556 22558
22556 22559
22557 22558
22557 22559
22558 22559
22552 22558
22553 22558
22564 22559
22565 22559
22560 22562
22560 22563
22561 22562
22561 22563
22562 22563
22620 22562
22621 22562
22564 22563
22565 22563
22564 22566
22564 22567
22565 22566
22565 22567
22566 22567
22616 22566
22617 22566
22568 22570
22568 22571
22569 22570
22569 22571
22570 22571
22612 22570
22613 22570
22560 22571
22561 22571
22572 22574
22572 22575
22573 22574
22573 22575
22574 22575
22608 22574
22609 22574
22568 22575
22569 22575
22576 22578
22576 22579
22577 22578
22577 22579
22578 22579
22604 22578
22605 22578
22572 22579
22573 22579
22580 22582
22580 22583
22581 22582
22581 22583
22582 22583
22600 22582
22601 22582
22576 22583
22577 22583
22584 22586
22584 22587
22585 22586
22585 22587
22586 22587
22596 22586
22597 22586
22580 22587
22581 22587
22588 22590
22588 22591
22589 22590
22589 22591
22590 22591
22592 22590
22593 22590
22584 22591
22585 22591
22592 22594
22592 22595
22593 22594
22593 22595
22594 22595
22652 22595
22653 22595
22596 22598
22596 22599
22597 22598
22597 22599
22598 22599
22592 22598
22593 22598
22648 22599
22649 22599
22600 22602
22600 22603
22601 22602
22601 22603
22602 22603
22596 22602
22597 22602
22644 22603
22645 22603
22604 22606
22604 22607
22605 22606
22605 22607
22606 22607
22600 22606
22601 22606
22640 22607
22641 22607
22608 22610
22608 22611
22609 22610
22609 22611
22610 22611
22604 22610
22605 22610
22636 22611
22637 22611
22612 22614
22612 22615
22613 22614
22613 22615
22614 22615
22608 22614
22609 22614
22632 22615
22633 22615
22616 22618
22616 22619
22617 22618
22617 22619
22618 22619
22620 22618
22621 22618
22628 22619
22629 22619
22620 22622
22620 22623
22621 22622
22621 22623
22622 22623
22612 22622
22613 22622
22624 22623
22625 22623
22624 22626
22624 22627
22625 22626
22625 22627
22626 22627
22684 22626
22685 22626
22628 22627
22629 22627
22628 22630
22628 22631
22629 22630
22629 22631
22630 22631
22680 22630
22681 22630
22632 22634
22632 22635
22633 22634
22633 22635
22634 22635
22676 22634
22677 22634
22624 22635
22625 22635
22636 22638
22636 22639
22637 22638
22637 22639
22638 22639
22672 22638
22673 22638
22632 22639
22633 22639
22640 22642
22640 22643
22641 22642
22641 22643
22642 22643
22668 22642
22669 22642
22636 22643
22637 22643
22644 22646
22644 22647
22645 22646
22645 22647
22646 22647
22664 22646
22665 22646
22640 22647
22641 22647
22648 22650
22648 22651
22649 22650
22649 22651
22650 22651
22660 22650
22661 22650
22644 22651
22645 22651
22652 22654
22652 22655
22653 22654
22653 22655
22654 22655
22656 22654
22657 22654
22648 22655
22649 22655
22656 22658
22656 22659
22657 22658
22657 22659
22658 22659
22716 22659
22717 22659
22660 22662
22660 22663
22661 22662
22661 22663
22662 22663
22656 22662
22657 22662
22712 22663
22713 22663
22664 22666
22664 22667
22665 22666
22665 22667
22666 22667
22660 22666
22661 22666
22708 22667
22709 22667
22668 22670
22668 22671
22669 22670
22669 22671
22670 22671
22664 22670
22665 22670
22704 22671
22705 22671
22672 22674
22672 22675
22673 22674
22673 22675
22674 22675
22668 22674
22669 22674
22700 22675
22701 22675
22676 22678
22676 22679
22677 22678
22677 22679
22678 22679
22672 22678
22673 22678
22696 22679
22697 22679
22680 22682
22680 22683
22681 22682
22681 22683
22682 22683
22684 22682
22685 22682
22692 22683
22693 22683
22684 22686
22684 22687
22685 22686
22685 22687
22686 22687
22676 22686
22677 22686
22688 22687
22689 22687
22688 22690
22688 22691
22689 22690
22689 22691
22690 22691
22748 22690
22749 22690
22692 22691
22693 22691
22692 22694
22692 22695
22693 22694
22693 22695
22694 22695
22744 22694
22745 22694
22696 22698
22696 22699
22697 22698
22697 22699
22698 22699
22740 22698
22741 22698
22688 22699
22689 22699
22700 22702
22700 22703
22701 22702
22701 22703
22702 22703
22736 22702
22737 22702
22696 22703
22697 22703
22704 22706
22704 22707
22705 22706
22705 22707
22706 22707
22732 22706
22733 22706
22700 22707
22701 22707
22708 22710
22708 22711
22709 22710
22709 22711
22710 22711
22728 22710
22729 22710
22704 22711
22705 22711
22712 22714
22712 22715
22713 22714
22713 22715
22714 22715
22724 22714
22725 22714
22708 22715
22709 22715
22716 22718
22716 22719
22717 22718
22717 22719
22718 22719
22720 22718
22721 22718
22712 22719
22713 22719
22720 22722
22720 22723
22721 22722
22721 22723
22722 22723
22780 22723
22781 22723
22724 22726
22724 22727
22725 22726
22725 22727
22726 22727
22720 22726
22721 22726
22776 22727
22777 22727
22728 22730
22728 22731
22729 22730
22729 22731
22730 22731
22724 22730
22725 22730
22772 22731
22773 22731
22732 22734
22732 22735
22733 22734
22733 22735
22734 22735
22728 22734
22729 22734
22768 22735
22769 22735
22736 22738
22736 22739
22737 22738
22737 22739
22738 22739
22732 22738
22733 22738
22764 22739
22765 22739
22740 22742
22740 22743
22741 22742
22741 22743
22742 22743
22736 22742
22737 22742
22760 22743
22761 22743
22744 22746
22744 22747
22745 22746
22745 22747
22746 22747
22748 22746
22749 22746
22756 22747
22757 22747
22748 22750
22748 22751
22749 22750
22749 22751
22750 22751
22740 22750
22741 22750
22752 22751
22753 22751
22752 22754
22752 22755
22753 22754
22753 22755
22754 22755
22812 22754
22813 22754
22756 22755
22757 22755
22756 22758
22756 22759
22757 22758
22757 22759
22758 22759
22808 22758
22809 22758
22760 22762
22760 22763
22761 22762
22761 22763
22762 22763
22804 22762
22805 22762
22752 22763
22753 22763
22764 22766
22764 22767
22765 22766
22765 22767
22766 22767
22800 22766
22801 22766
22760 22767
22761 22767
22768 22770
22768 22771
22769 22770
22769 22771
22770 22771
22796 22770
22797 22770
22764 22771
22765 22771
22772 22774
22772 22775
22773 22774
22773 22775
22774 22775
22792 22774
22793 22774
22768 22775
22769 22775
22776 22778
22776 22779
22777 22778
22777 22779
22778 22779
22788 22778
22789 22778
22772 22779
22773 22779
22780 22782
22780 22783
22781 22782
22781 22783
22782 22783
22784 22782
22785 22782
22776 22783
22777 22783
22784 22786
22784 22787
22785 22786
22785 22787
22786 22787
22844 22787
22845 22787
22788 22790
22788 22791
22789 22790
22789 22791
22790 22791
22784 22790
22785 22790
22840 22791
22841 22791
22792 22794
22792 22795
22793 22794
22793 22795
22794 22795
22788 22794
22789 22794
22836 22795
22837 22795
22796 22798
22796 22799
22797 22798
22797 22799
22798 22799
22792 22798
22793 22798
22832 22799
22833 22799
22800 22802
22800 22803
22801 22802
22801 22803
22802 22803
22796 22802
22797 22802
22828 22803
22829 22803
22804 22806
22804 22807
22805 22806
22805 22807
22806 22807
22800 22806
22801 22806
22824 22807
22825 22807
22808 22810
22808 22811
22809 22810
22809 22811
22810 22811
22812 22810
22813 22810
22820 22811
22821 22811
22812 22814
22812 22815
22813 22814
22813 22815
22814 22815
22804 22814
22805 22814
22816 22815
22817 22815
22816 22818
22816 22819
22817 22818
22817 22819
22818 22819
22876 22818
22877 22818
22820 22819
22821 22819
22820 22822
22820 22823
22821 22822
22821 22823
22822 22823
22872 22822
22873 22822
22824 22826
22824 22827
22825 22826
22825 22827
22826 22827
22868 22826
22869 22826
22816 22827
22817 22827
22828 22830
22828 22831
22829 22830
22829 22831
22830 22831
22864 22830
22865 22830
22824 22831
22825 22831
22832 22834
22832 22835
22833 22834
22833 22835
22834 22835
22860 22834
22861 22834
22828 22835
22829 22835
22836 22838
22836 22839
22837 22838
22837 22839
22838 22839
22856 22838
22857 22838
22832 22839
22833 22839
22840 22842
22840 22843
22841 22842
22841 22843
22842 22843
22852 22842
22853 22842
22836 22843
22837 22843
22844 22846
22844 22847
22845 22846
22845 22847
22846 22847
22848 22846
22849 22846
22840 22847
22841 22847
22848 22850
22848 22851
22849 22850
22849 22851
22850 22851
22908 22851
22909 22851
22852 22854
22852 22855
22853 22854
22853 22855
22854 22855
22848 22854
22849 22854
22904 22855
22905 22855
22856 22858
22856 22859
22857 22858
22857 22859
22858 22859
22852 22858
22853 22858
22900 22859
22901 22859
22860 22862
22860 22863
22861 22862
22861 22863
22862 22863
22856 22862
22857 22862
22896 22863
22897 22863
22864 22866
22864 22867
22865 22866
22865 22867
22866 22867
22860 22866
22861 22866
22892 22867
22893 22867
22868 22870
22868 22871
22869 22870
22869 22871
22870 22871
22864 22870
22865 22870
22888 22871
22889 22871
22872 22874
22872 22875
22873 22874
22873 22875
22874 22875
22876 22874
22877 22874
22884 22875
22885 22875
22876 22878
22876 22879
22877 22878
22877 22879
22878 22879
22868 22878
22869 22878
22880 22879
22881 22879
22880 22882
22880 22883
22881 22882
22881 22883
22882 22883
22940 22882
22941 22882
22884 22883
22885 22883
22884 22886
22884 22887
22885 22886
22885 22887
22886 22887
22936 22886
22937 22886
22888 22890
22888 22891
22889 22890
22889 22891
22890 22891
22932 22890
22933 22890
22880 22891
22881 22891
22892 22894
22892 22895
22893 22894
22893 22895
22894 22895
22928 22894
22929 22894
22888 22895
22889 22895
22896 22898
22896 22899
22897 22898
22897 22899
22898 22899
22924 22898
22925 22898
22892 22899
22893 22899
22900 22902
22900 22903
22901 22902
22901 22903
22902 22903
22920 22902
22921 22902
22896 22903
22897 22903
22904 22906
22904 22907
22905 22906
22905 22907
22906 22907
22916 22906
22917 22906
22900 22907
22901 22907
22908 22910
22908 22911
22909 22910
22909 22911
22910 22911
22912 22910
22913 22910
22904 22911
22905 22911
22912 22914
22912 22915
22913 22914
22913 22915
22914 22915
22972 22915
22973 22915
22916 22918
22916 22919
22917 22918
22917 22919
22918 22919
22912 22918
22913 22918
22968 22919
22969 22919
22920 22922
22920 22923
22921 22922
22921 22923
22922 22923
22916 22922
22917 22922
22964 22923
22965 22923
22924 22926
22924 22927
22925 22926
22925 22927
22926 22927
22920 22926
22921 22926
22960 22927
22961 22927
22928 22930
22928 22931
22929 22930
22929 22931
22930 22931
22924 22930
22925 22930
22956 22931
22957 22931
22932 22934
22932 22935
22933 22934
22933 22935
22934 22935
22928 22934
22929 22934
22952 22935
22953 22935
22936 22938
22936 22939
22937 22938
22937 22939
22938 22939
22940 22938
22941 22938
22948 22939
22949 22939
22940 22942
22940 22943
22941 22942
22941 22943
22942 22943
22932 22942
22933 22942
22944 22943
22945 22943
22944 22946
22944 22947
22945 22946
22945 22947
22946 22947
23004 22946
23005 22946
22948 22947
22949 22947
22948 22950
22948 22951
22949 22950
22949 22951
22950 22951
23000 22950
23001 22950
22952 22954
22952 22955
22953 22954
22953 22955
22954 22955
22996 22954
22997 22954
22944 22955
22945 22955
22956 22958
22956 22959
22957 22958
22957 22959
22958 22959
22992 22958
22993 22958
22952 22959
22953 22959
22960 22962
22960 22963
22961 22962
22961 22963
22962 22963
22988 22962
22989 22962
22956 22963
22957 22963
22964 22966
22964 22967
22965 22966
22965 22967
22966 22967
22984 22966
22985 22966
22960 22967
22961 22967
22968 22970
22968 22971
22969 22970
22969 22971
22970 22971
22980 22970
22981 22970
22964 22971
22965 22971
22972 22974
22972 22975
22973 22974
22973 22975
22974 22975
22976 22974
22977 22974
22968 22975
22969 22975
22976 22978
22976 22979
22977 22978
22977 22979
22978 22979
23036 22979
23037 22979
22980 22982
22980 22983
22981 22982
22981 22983
22982 22983
22976 22982
22977 22982
23032 22983
23033 22983
22984 22986
22984 22987
22985 22986
22985 22987
22986 22987
22980 22986
22981 22986
23028 22987
23029 22987
22988 22990
22988 22991
22989 22990
22989 22991
22990 22991
22984 22990
22985 22990
23024 22991
23025 22991
22992 22994
22992 22995
22993 22994
22993 22995
22994 22995
22988 22994
22989 22994
23020 22995
23021 22995
22996 22998
22996 22999
22997 22998
22997 22999
22998 22999
22992 22998
22993 22998
23016 22999
23017 22999
23000 23002
23000 23003
23001 23002
23001 23003
23002 23003
23004 23002
23005 23002
23012 23003
23013 23003
23004 23006
23004 23007
23005 23006
23005 23007
23006 23007
22996 23006
22997 23006
23008 23007
23009 23007
23008 23010
23008 23011
23009 23010
23009 23011
23010 23011
23068 23010
23069 23010
23012 23011
23013 23011
23012 23014
23012 23015
23013 23014
23013 23015
23014 23015
23064 23014
23065 23014
23016 23018
23016 23019
23017 23018
23017 23019
23018 23019
23060 23018
23061 23018
23008 23019
23009 23019
23020 23022
23020 23023
23021 23022
23021 23023
23022 23023
23056 23022
23057 23022
23016 23023
23017 23023
23024 23026
23024 23027
23025 23026
23025 23027
23026 23027
23052 23026
23053 23026
23020 23027
23021 23027
23028 23030
23028 23031
23029 23030
23029 23031
23030 23031
23048 23030
23049 23030
23024 23031
23025 23031
23032 23034
23032 23035
23033 23034
23033 23035
23034 23035
23044 23034
23045 23034
23028 23035
23029 23035
23036 23038
23036 23039
23037 23038
23037 23039
23038 23039
23040 23038
23041 23038
23032 23039
23033 23039
23040 23042
23040 23043
23041 23042
23041 23043
23042 23043
23100 23043
23101 23043
23044 23046
23044 23047
23045 23046
23045 23047
23046 23047
23040 23046
23041 23046
23096 23047
23097 23047
23048 23050
23048 23051
23049 23050
23049 23051
23050 23051
23044 23050
23045 23050
23092 23051
23093 23051
23052 23054
23052 23055
23053 23054
23053 23055
23054 23055
23048 23054
23049 23054
23088 23055
23089 23055
23056 23058
23056 23059
23057 23058
23057 23059
23058 23059
23052 23058
23053 23058
23084 23059
23085 23059
23060 23062
23060 23063
23061 23062
23061 23063
23062 23063
23056 23062
23057 23062
23080 23063
23081 23063
23064 23066
23064 23067
23065 23066
23065 23067
23066 23067
23068 23066
23069 23066
23076 23067
23077 23067
23068 23070
23068 23071
23069 23070
23069 23071
23070 23071
23060 23070
23061 23070
23072 23071
23073 23071
23072 23074
23072 23075
23073 23074
23073 23075
23074 23075
23132 23074
23133 23074
23076 23075
23077 23075
23076 23078
23076 23079
23077 23078
23077 23079
23078 23079
23128 23078
23129 23078
23080 23082
23080 23083
23081 23082
23081 23083
23082 23083
23124 23082
23125 23082
23072 23083
23073 23083
23084 23086
23084 23087
23085 23086
23085 23087
23086 23087
23120 23086
23121 23086
23080 23087
23081 23087
23088 23090
23088 23091
23089 23090
23089 23091
23090 23091
23116 23090
23117 23090
23084 23091
23085 23091
23092 23094
23092 23095
23093 23094
23093 23095
23094 23095
23112 23094
23113 23094
23088 23095
23089 23095
23096 23098
23096 23099
23097 23098
23097 23099
23098 23099
23108 23098
23109 23098
23092 23099
23093 23099
23100 23102
23100 23103
23101 23102
23101 23103
23102 23103
23104 23102
23105 23102
23096 23103
23097 23103
23104 23106
23104 23107
23105 23106
23105 23107
23106 23107
23108 23110
23108 23111
23109 23110
23109 23111
23110 23111
23104 23110
23105 23110
23112 23114
23112 23115
23113 23114
23113 23115
23114 23115
23108 23114
23109 23114
23116 23118
23116 23119
23117 23118
23117 23119
23118 23119
23112 23118
23113 23118
23120 23122
23120 23123
23121 23122
23121 23123
23122 23123
23116 23122
23117 23122
23124 23126
23124 23127
23125 23126
23125 23127
23126 23127
23120 23126
23121 23126
23128 23130
23128 23131
23129 23130
23129 23131
23130 23131
23132 23130
23133 23130
23132 23134
23132 23135
23133 23134
23133 23135
23134 23135
23124 23134
23125 23134
