element 0
  poly 0: -1248.63 1951.61 108.664 -1566.38 1825.15 131.454 -1521.35 1800.74 136.798 -1635.3 1755.39 144.971 -1680.33 1779.79 139.627 -2022.19 1643.74 164.145 -1977.15 1619.33 169.489 -2091.1 1573.98 177.662 -2136.14 1598.38 172.318 -2364.04 1507.68 188.664 -2500 1453.57 198.415 -2500 2500 -13.546 -1347.31 2500 -3.29241 -1325.58 2379.21 21.3675 -1280.56 2354.81 26.7099 -1272.14 2308.04 36.2593 -1317.16 2332.44 30.917 -1291.91 2192.11 59.5653 -1246.89 2167.71 64.9076 -1238.47 2120.94 74.457 -1283.49 2145.33 69.1147 -1266.66 2051.78 88.2135 -1248.63 1951.61 108.664
  poly 1: -1248.24 1957.96 148.196 -1566.06 1831.46 170.991 -1521.02 1807.06 176.335 -1634.98 1761.7 184.508 -1680.01 1786.11 179.164 -2021.87 1650.05 203.683 -1976.83 1625.65 209.027 -2090.78 1580.29 217.199 -2135.82 1604.7 211.856 -2363.72 1513.99 228.201 -2500 1459.75 237.975 -2500 2500 27.2679 -1345.77 2500 37.5351 -1325.48 2387.23 60.5582 -1280.46 2362.83 65.9005 -1272.04 2316.06 75.4499 -1317.06 2340.45 70.1076 -1291.81 2200.13 98.7559 -1246.79 2175.73 104.098 -1238.38 2128.96 113.648 -1283.4 2153.35 108.305 -1266.56 2059.8 127.404 -1248.24 1957.96 148.196
element 1
  poly 0: -1251.99 1897.68 -227.36 -1565.22 1773.01 -204.894 -1520.19 1748.61 -199.55 -1634.28 1703.2 -191.367 -1679.32 1727.6 -196.711 -2021.61 1591.37 -172.161 -1976.57 1566.97 -166.817 -2090.67 1521.56 -158.634 -2135.7 1545.96 -163.978 -2363.9 1455.14 -147.612 -2500 1400.97 -137.85 -2500 2500 -360.464 -1360.38 2500 -350.327 -1337.56 2373.18 -324.435 -1292.54 2348.78 -319.093 -1283.04 2296.02 -308.321 -1328.06 2320.41 -313.663 -1299.58 2162.13 -281.348 -1254.56 2137.73 -276.006 -1245.06 2084.97 -265.234 -1290.08 2109.36 -270.576 -1271.1 2003.84 -249.033 -1251.99 1897.68 -227.36
  poly 1: -1251.6 1904.03 -187.827 -1564.9 1779.33 -165.357 -1519.87 1754.93 -160.013 -1633.96 1709.51 -151.829 -1679 1733.92 -157.173 -2021.29 1597.69 -132.624 -1976.25 1573.28 -127.28 -2090.35 1527.87 -119.097 -2135.38 1552.28 -124.441 -2363.58 1461.46 -108.074 -2500 1407.16 -98.2895 -2500 2500 -319.65 -1358.84 2500 -309.499 -1337.46 2381.2 -285.244 -1292.44 2356.8 -279.902 -1282.95 2304.04 -269.13 -1327.97 2328.43 -274.473 -1299.48 2170.15 -242.157 -1254.46 2145.75 -236.815 -1244.97 2092.99 -226.043 -1289.99 2117.38 -231.385 -1271 2011.86 -209.842 -1251.6 1904.03 -187.827
element 2
  poly 0: -2321.7 1487.58 228.575 -2207.76 1533.43 223.653 -2207.09 1527.52 184.059 -2321.03 1481.66 188.98 -2321.7 1487.58 228.575
  poly 1: -2361.71 1514.42 225.694 -2247.78 1560.28 220.772 -2247.1 1554.36 181.177 -2361.04 1508.5 186.099 -2361.71 1514.42 225.694
  poly 2: -1865.95 1671 208.888 -1752.01 1716.86 203.967 -1751.34 1710.94 164.372 -1865.28 1665.08 169.294 -1865.95 1671 208.888
  poly 3: -1905.96 1697.84 206.007 -1792.03 1743.7 201.086 -1791.36 1737.78 161.491 -1905.29 1691.93 166.413 -1905.96 1697.84 206.007
  poly 4: -2321.55 1435.04 -107.739 -2207.47 1480.95 -112.667 -2206.8 1475.03 -152.261 -2320.88 1429.12 -147.333 -2321.55 1435.04 -107.739
  poly 5: -2361.57 1461.88 -110.62 -2247.49 1507.79 -115.548 -2246.81 1501.88 -155.142 -2360.9 1455.96 -150.214 -2361.57 1461.88 -110.62
  poly 6: -1865.22 1618.69 -127.45 -1751.14 1664.6 -132.378 -1750.47 1658.69 -171.972 -1864.55 1612.77 -167.045 -1865.22 1618.69 -127.45
  poly 7: -1905.24 1645.54 -130.331 -1791.16 1691.45 -135.259 -1790.49 1685.53 -174.854 -1904.57 1639.62 -169.926 -1905.24 1645.54 -130.331
  poly 8: -1521.02 1807.06 176.335 -1521.35 1800.74 136.798 -1635.3 1755.39 144.971 -1634.98 1761.7 184.508 -1521.02 1807.06 176.335
  poly 9: -1566.06 1831.46 170.991 -1566.38 1825.15 131.454 -1680.33 1779.79 139.627 -1680.01 1786.11 179.164 -1566.06 1831.46 170.991
  poly 10: -1976.83 1625.65 209.027 -1977.15 1619.33 169.489 -2091.1 1573.98 177.662 -2090.78 1580.29 217.199 -1976.83 1625.65 209.027
  poly 11: -2021.87 1650.05 203.683 -2022.19 1643.74 164.145 -2136.14 1598.38 172.318 -2135.82 1604.7 211.856 -2021.87 1650.05 203.683
  poly 12: -1519.87 1754.93 -160.013 -1520.19 1748.61 -199.55 -1634.28 1703.2 -191.367 -1633.96 1709.51 -151.829 -1519.87 1754.93 -160.013
  poly 13: -1564.9 1779.33 -165.357 -1565.22 1773.01 -204.894 -1679.32 1727.6 -196.711 -1679 1733.92 -157.173 -1564.9 1779.33 -165.357
  poly 14: -1976.25 1573.28 -127.28 -1976.57 1566.97 -166.817 -2090.67 1521.56 -158.634 -2090.35 1527.87 -119.097 -1976.25 1573.28 -127.28
  poly 15: -2021.29 1597.69 -132.624 -2021.61 1591.37 -172.161 -2135.7 1545.96 -163.978 -2135.38 1552.28 -124.441 -2021.29 1597.69 -132.624
  poly 16: -2500 1426.71 305.89 -2500 1349.36 -188.617 -1245.48 1848.66 -278.594 -1244.36 1866.61 -166.762 -1206.58 1879.47 -183.397 -1205.46 1897.55 -70.7306 -1243.51 1880.25 -81.7677 -1242.38 1898.34 30.8991 -1204.61 1911.19 14.2636 -1203.48 1929.28 126.93 -1241.53 1911.98 115.893 -1240.53 1927.97 215.559 -2500 1426.71 305.89
  poly 17: -2500 1469.03 297.316 -2500 1391.69 -197.191 -1252.59 1888.16 -286.658 -1251.45 1906.39 -173.076 -1213.67 1919.25 -189.711 -1212.55 1937.33 -77.0445 -1250.6 1920.03 -88.0815 -1249.47 1938.12 24.5852 -1211.7 1950.97 7.94967 -1210.57 1969.06 120.616 -1248.62 1951.76 109.579 -1247.64 1967.47 207.495 -2500 1469.03 297.316
element 3
  poly 0: -1226.27 2061.62 126.972 -1234.69 2108.43 117.566 -1234.81 2100.52 78.354 -1226.39 2053.72 87.7596 -1226.27 2061.62 126.972
  poly 1: -1261.81 2033.43 132.999 -1270.22 2080.23 123.593 -1270.34 2072.33 84.3809 -1261.92 2025.53 93.7865 -1261.81 2033.43 132.999
  poly 2: -1259.94 2248.84 89.3497 -1268.36 2295.64 79.9441 -1268.47 2287.74 40.7316 -1260.06 2240.94 50.1372 -1259.94 2248.84 89.3497
  poly 3: -1295.47 2220.64 95.3766 -1303.89 2267.45 85.971 -1304.01 2259.55 46.7585 -1295.59 2212.74 56.1641 -1295.47 2220.64 95.3766
  poly 4: -1230.71 2013.69 -210.198 -1240.21 2066.49 -220.808 -1240.32 2058.59 -260.02 -1230.83 2005.79 -249.411 -1230.71 2013.69 -210.198
  poly 5: -1266.25 1985.5 -204.171 -1275.74 2038.29 -214.781 -1275.86 2030.39 -253.993 -1266.36 1977.6 -243.384 -1266.25 1985.5 -204.171
  poly 6: -1268.69 2224.87 -252.636 -1278.18 2277.67 -263.246 -1278.3 2269.77 -302.458 -1268.81 2216.97 -291.849 -1268.69 2224.87 -252.636
  poly 7: -1304.22 2196.68 -246.609 -1313.72 2249.48 -257.219 -1313.83 2241.57 -296.431 -1304.34 2188.78 -285.822 -1304.22 2196.68 -246.609
  poly 8: -1280.46 2362.83 65.9005 -1280.56 2354.81 26.7099 -1272.14 2308.04 36.2593 -1272.04 2316.06 75.4499 -1280.46 2362.83 65.9005
  poly 9: -1325.48 2387.23 60.5582 -1325.58 2379.21 21.3675 -1317.16 2332.44 30.917 -1317.06 2340.45 70.1076 -1325.48 2387.23 60.5582
  poly 10: -1246.79 2175.73 104.098 -1246.89 2167.71 64.9076 -1238.47 2120.94 74.457 -1238.38 2128.96 113.648 -1246.79 2175.73 104.098
  poly 11: -1291.81 2200.13 98.7559 -1291.91 2192.11 59.5653 -1283.49 2145.33 69.1147 -1283.4 2153.35 108.305 -1291.81 2200.13 98.7559
  poly 12: -1292.44 2356.8 -279.902 -1292.54 2348.78 -319.093 -1283.04 2296.02 -308.321 -1282.95 2304.04 -269.13 -1292.44 2356.8 -279.902
  poly 13: -1337.46 2381.2 -285.244 -1337.56 2373.18 -324.435 -1328.06 2320.41 -313.663 -1327.97 2328.43 -274.473 -1337.46 2381.2 -285.244
  poly 14: -1254.46 2145.75 -236.815 -1254.56 2137.73 -276.006 -1245.06 2084.97 -265.234 -1244.97 2092.99 -226.043 -1254.46 2145.75 -236.815
  poly 15: -1299.48 2170.15 -242.157 -1299.58 2162.13 -281.348 -1290.08 2109.36 -270.576 -1289.99 2117.38 -231.385 -1299.48 2170.15 -242.157
  poly 16: -1202.62 1943.06 212.84 -1203.48 1929.28 126.93 -1210.57 1969.06 120.616 -1211.7 1950.97 7.94967 -1204.61 1911.19 14.2636 -1205.46 1897.55 -70.7306 -1212.55 1937.33 -77.0445 -1213.67 1919.25 -189.711 -1206.58 1879.47 -183.397 -1207.56 1863.75 -281.313 -1322.05 2500 -411.206 -1302.84 2500 99.1379 -1202.62 1943.06 212.84
  poly 17: -1240.53 1927.97 215.559 -1241.53 1911.98 115.893 -1248.62 1951.76 109.579 -1249.47 1938.12 24.5852 -1242.38 1898.34 30.8991 -1243.51 1880.25 -81.7677 -1250.6 1920.03 -88.0815 -1251.45 1906.39 -173.076 -1244.36 1866.61 -166.762 -1245.48 1848.66 -278.594 -1362.68 2500 -411.568 -1343.47 2500 98.7765 -1240.53 1927.97 215.559
element 4
  poly 0: -1223.83 949.766 246.067 -1575.1 809.864 261.082 -1530.03 784.919 263.759 -1642.9 739.967 268.584 -1687.97 764.912 265.907 -2026.58 630.057 280.38 -1981.51 605.112 283.058 -2094.37 560.16 287.882 -2139.45 585.105 285.205 -2365.18 495.202 294.854 -2500 441.509 300.617 -2500 1409.63 196.711 -2321.03 1481.66 188.98 -2361.04 1508.5 186.099 -2247.1 1554.36 181.177 -2207.09 1527.52 184.059 -1865.28 1665.08 169.294 -1905.29 1691.93 166.413 -1791.36 1737.78 161.491 -1751.34 1710.94 164.372 -1523.47 1802.65 154.529 -1384.92 1858.41 148.545 -1344.16 1628.5 173.22 -1299.12 1603.57 175.896 -1285.28 1525.49 184.275 -1330.31 1550.42 181.6 -1288.79 1316.19 206.74 -1243.75 1291.26 209.415 -1229.91 1213.18 217.795 -1274.95 1238.11 215.12 -1247.26 1081.95 231.88 -1223.83 949.766 246.067
  poly 1: -1223.31 952.112 286.045 -1574.37 812.299 301.051 -1529.29 787.353 303.728 -1642.16 742.402 308.552 -1687.23 767.347 305.875 -2025.84 632.492 320.349 -1980.77 607.546 323.026 -2093.64 562.595 327.851 -2138.71 587.54 325.173 -2364.44 497.637 334.822 -2500 443.649 340.617 -2500 1415.82 236.277 -2321.7 1487.58 228.575 -2361.71 1514.42 225.694 -2247.78 1560.28 220.772 -2207.76 1533.43 223.653 -1865.95 1671 208.888 -1905.96 1697.84 206.007 -1792.03 1743.7 201.086 -1752.01 1716.86 203.967 -1524.14 1808.57 194.124 -1385.07 1864.54 188.117 -1343.99 1632.8 212.989 -1298.95 1607.87 215.664 -1285.11 1529.79 224.044 -1330.14 1554.72 221.369 -1288.62 1320.48 246.508 -1243.58 1295.56 249.184 -1229.74 1217.48 257.564 -1274.78 1242.41 254.888 -1247.09 1086.25 271.648 -1223.31 952.112 286.045
element 5
  poly 0: -1228.22 929.823 -93.7453 -1573.7 792.229 -78.9777 -1528.63 767.283 -76.3004 -1641.68 722.262 -71.4684 -1686.75 747.207 -74.1457 -2025.88 612.143 -59.6496 -1980.81 587.197 -56.9723 -2093.85 542.176 -52.1402 -2138.92 567.121 -54.8175 -2365.01 477.078 -45.1535 -2500 423.316 -39.3833 -2500 1357.03 -139.596 -2320.88 1429.12 -147.333 -2360.9 1455.96 -150.214 -2246.81 1501.88 -155.142 -2206.8 1475.03 -152.261 -1864.55 1612.77 -167.045 -1904.57 1639.62 -169.926 -1790.49 1685.53 -174.854 -1750.47 1658.69 -171.972 -1522.31 1750.51 -181.828 -1383.61 1806.33 -187.819 -1343.31 1578.99 -163.419 -1298.27 1554.06 -160.743 -1285.09 1479.68 -152.76 -1330.12 1504.61 -155.435 -1290.56 1281.46 -131.485 -1245.53 1256.53 -128.81 -1232.34 1182.15 -120.827 -1277.38 1207.08 -123.502 -1251 1058.31 -107.536 -1228.22 929.823 -93.7453
  poly 1: -1227.71 932.169 -53.7674 -1572.97 794.663 -39.0093 -1527.89 769.718 -36.332 -1640.94 724.696 -31.4999 -1686.01 749.642 -34.1773 -2025.14 614.577 -19.6812 -1980.07 589.632 -17.0038 -2093.11 544.61 -12.1718 -2138.18 569.556 -14.8491 -2364.27 479.513 -5.18506 -2500 425.456 0.616735 -2500 1363.22 -100.031 -2321.55 1435.04 -107.739 -2361.57 1461.88 -110.62 -2247.49 1507.79 -115.548 -2207.47 1480.95 -112.667 -1865.22 1618.69 -127.45 -1905.24 1645.54 -130.331 -1791.16 1691.45 -135.259 -1751.14 1664.6 -132.378 -1522.98 1756.43 -142.233 -1383.77 1812.46 -148.247 -1343.14 1583.29 -123.65 -1298.1 1558.36 -120.975 -1284.92 1483.98 -112.992 -1329.95 1508.9 -115.667 -1290.39 1285.76 -91.7171 -1245.36 1260.83 -89.042 -1232.17 1186.45 -81.0587 -1277.2 1211.37 -83.7338 -1250.83 1062.61 -67.7673 -1227.71 932.169 -53.7674
element 6
  poly 0: -2322.67 470.82 327.253 -2209.81 516.03 327.253 -2209.07 514.186 287.253 -2321.94 468.976 287.253 -2322.67 470.82 327.253
  poly 1: -2362.69 497.933 327.253 -2249.82 543.143 327.253 -2249.09 541.299 287.253 -2361.95 496.089 287.253 -2362.69 497.933 327.253
  poly 2: -1871.2 651.66 327.253 -1758.33 696.87 327.253 -1757.59 695.025 287.253 -1870.46 649.815 287.253 -1871.2 651.66 327.253
  poly 3: -1911.22 678.773 327.253 -1798.35 723.983 327.253 -1797.61 722.138 287.253 -1910.48 676.928 287.253 -1911.22 678.773 327.253
  poly 4: -2322.5 452.697 -12.7469 -2209.46 497.977 -12.7469 -2208.72 496.133 -52.7469 -2321.76 450.852 -52.7469 -2322.5 452.697 -12.7469
  poly 5: -2362.52 479.81 -12.7469 -2249.47 525.09 -12.7469 -2248.74 523.245 -52.7469 -2361.78 477.965 -52.7469 -2362.52 479.81 -12.7469
  poly 6: -1870.33 633.817 -12.7469 -1757.28 679.097 -12.7469 -1756.54 677.253 -52.7469 -1869.59 631.973 -52.7469 -1870.33 633.817 -12.7469
  poly 7: -1910.34 660.93 -12.7469 -1797.3 706.21 -12.7469 -1796.56 704.366 -52.7469 -1909.61 659.086 -52.7469 -1910.34 660.93 -12.7469
  poly 8: -1529.29 787.353 303.728 -1530.03 784.919 263.759 -1642.9 739.967 268.584 -1642.16 742.402 308.552 -1529.29 787.353 303.728
  poly 9: -1574.37 812.299 301.051 -1575.1 809.864 261.082 -1687.97 764.912 265.907 -1687.23 767.347 305.875 -1574.37 812.299 301.051
  poly 10: -1980.77 607.546 323.026 -1981.51 605.112 283.058 -2094.37 560.16 287.882 -2093.64 562.595 327.851 -1980.77 607.546 323.026
  poly 11: -2025.84 632.492 320.349 -2026.58 630.057 280.38 -2139.45 585.105 285.205 -2138.71 587.54 325.173 -2025.84 632.492 320.349
  poly 12: -1527.89 769.718 -36.332 -1528.63 767.283 -76.3004 -1641.68 722.262 -71.4684 -1640.94 724.696 -31.4999 -1527.89 769.718 -36.332
  poly 13: -1572.97 794.663 -39.0093 -1573.7 792.229 -78.9777 -1686.75 747.207 -74.1457 -1686.01 749.642 -34.1773 -1572.97 794.663 -39.0093
  poly 14: -1980.07 589.632 -17.0038 -1980.81 587.197 -56.9723 -2093.85 542.176 -52.1402 -2093.11 544.61 -12.1718 -1980.07 589.632 -17.0038
  poly 15: -2025.14 614.577 -19.6812 -2025.88 612.143 -59.6496 -2138.92 567.121 -54.8175 -2138.18 569.556 -14.8491 -2025.14 614.577 -19.6812
  poly 16: -2500 403.964 405.221 -2500 377.209 -94.7793 -1221.89 886.236 -149.412 -1220.44 892.856 -36.6125 -1182.68 907.159 -51.983 -1181.2 913.846 61.9538 -1219.32 897.901 49.3398 -1217.85 904.587 163.277 -1180.09 918.89 147.906 -1178.62 925.577 261.843 -1216.74 909.632 249.229 -1215.43 915.564 350.312 -2500 403.964 405.221
  poly 17: -2500 446.86 400.617 -2500 420.105 -99.3833 -1229 926.303 -153.712 -1227.51 933.043 -38.8796 -1189.75 947.345 -54.25 -1188.28 954.032 59.6868 -1226.4 938.087 47.0728 -1224.93 944.774 161.01 -1187.17 959.077 145.639 -1185.69 965.764 259.576 -1223.82 949.819 246.962 -1222.54 955.632 346.012 -2500 446.86 400.617
element 7
  poly 0: -1206.82 1088.17 271.442 -1220.66 1166.25 263.062 -1220.83 1161.95 223.294 -1206.99 1083.87 231.674 -1206.82 1088.17 271.442
  poly 1: -1242.33 1059.4 274.53 -1256.17 1137.48 266.15 -1256.34 1133.18 226.381 -1242.5 1055.1 234.761 -1242.33 1059.4 274.53
  poly 2: -1262.18 1400.48 237.922 -1276.03 1478.56 229.542 -1276.2 1474.26 189.774 -1262.35 1396.19 198.154 -1262.18 1400.48 237.922
  poly 3: -1297.7 1371.71 241.01 -1311.54 1449.79 232.63 -1311.71 1445.49 192.862 -1297.87 1367.42 201.242 -1297.7 1371.71 241.01
  poly 4: -1210.55 1064.53 -67.9736 -1223.74 1138.91 -75.9569 -1223.91 1134.62 -115.725 -1210.73 1060.23 -107.742 -1210.55 1064.53 -67.9736
  poly 5: -1246.07 1035.76 -64.8858 -1259.26 1110.14 -72.8691 -1259.43 1105.85 -112.637 -1246.24 1031.46 -104.654 -1246.07 1035.76 -64.8858
  poly 6: -1263.3 1362.06 -99.9067 -1276.49 1436.44 -107.89 -1276.66 1432.15 -147.658 -1263.47 1357.76 -139.675 -1263.3 1362.06 -99.9067
  poly 7: -1298.82 1333.29 -96.8189 -1312.01 1407.67 -104.802 -1312.18 1403.38 -144.571 -1298.99 1328.99 -136.587 -1298.82 1333.29 -96.8189
  poly 8: -1298.95 1607.87 215.664 -1299.12 1603.57 175.896 -1285.28 1525.49 184.275 -1285.11 1529.79 224.044 -1298.95 1607.87 215.664
  poly 9: -1343.99 1632.8 212.989 -1344.16 1628.5 173.22 -1330.31 1550.42 181.6 -1330.14 1554.72 221.369 -1343.99 1632.8 212.989
  poly 10: -1243.58 1295.56 249.184 -1243.75 1291.26 209.415 -1229.91 1213.18 217.795 -1229.74 1217.48 257.564 -1243.58 1295.56 249.184
  poly 11: -1288.62 1320.48 246.508 -1288.79 1316.19 206.74 -1274.95 1238.11 215.12 -1274.78 1242.41 254.888 -1288.62 1320.48 246.508
  poly 12: -1298.1 1558.36 -120.975 -1298.27 1554.06 -160.743 -1285.09 1479.68 -152.76 -1284.92 1483.98 -112.992 -1298.1 1558.36 -120.975
  poly 13: -1343.14 1583.29 -123.65 -1343.31 1578.99 -163.419 -1330.12 1504.61 -155.435 -1329.95 1508.9 -115.667 -1343.14 1583.29 -123.65
  poly 14: -1245.36 1260.83 -89.042 -1245.53 1256.53 -128.81 -1232.34 1182.15 -120.827 -1232.17 1186.45 -81.0587 -1245.36 1260.83 -89.042
  poly 15: -1290.39 1285.76 -91.7171 -1290.56 1281.46 -131.485 -1277.38 1207.08 -123.502 -1277.2 1211.37 -83.7338 -1290.39 1285.76 -91.7171
  poly 16: -1177.49 930.674 348.69 -1178.62 925.577 261.843 -1185.69 965.764 259.576 -1187.17 959.077 145.639 -1180.09 918.89 147.906 -1181.2 913.846 61.9538 -1188.28 954.032 59.6868 -1189.75 947.345 -54.25 -1182.68 907.159 -51.983 -1183.96 901.346 -151.034 -1345.47 1812.4 -248.815 -1347.39 1888.98 245.837 -1177.49 930.674 348.69
  poly 17: -1215.43 915.564 350.312 -1216.74 909.632 249.229 -1223.82 949.819 246.962 -1224.93 944.774 161.01 -1217.85 904.587 163.277 -1219.32 897.901 49.3398 -1226.4 938.087 47.0728 -1227.51 933.043 -38.8796 -1220.44 892.856 -36.6125 -1221.89 886.236 -149.412 -1383.38 1797.14 -247.177 -1385.3 1873.73 247.475 -1215.43 915.564 350.312
element 8
  poly 0: -1214.85 -176.459 287.253 -1567.74 -317.813 287.253 -1522.67 -342.901 287.253 -1636.46 -388.48 287.253 -1681.53 -363.391 287.253 -2022.9 -500.127 287.253 -1977.83 -525.216 287.253 -2091.62 -570.795 287.253 -2136.69 -545.706 287.253 -2364.27 -636.864 287.253 -2500 -691.23 287.253 -2500 397.651 287.253 -2321.94 468.976 287.253 -2361.95 496.089 287.253 -2249.09 541.299 287.253 -2209.07 514.186 287.253 -1870.46 649.815 287.253 -1910.48 676.928 287.253 -1797.61 722.138 287.253 -1757.59 695.025 287.253 -1531.86 785.445 287.253 -1394.13 840.614 287.253 -1352.5 604.477 287.253 -1307.47 579.408 287.253 -1291.46 488.593 287.253 -1336.49 513.662 287.253 -1288.47 241.218 287.253 -1243.43 216.149 287.253 -1227.43 125.335 287.253 -1272.46 150.404 287.253 -1240.45 -31.2255 287.253 -1214.85 -176.459 287.253
  poly 1: -1214.33 -178.388 327.253 -1567.01 -319.654 327.253 -1521.93 -344.743 327.253 -1635.72 -390.322 327.253 -1680.79 -365.233 327.253 -2022.16 -501.969 327.253 -1977.09 -527.058 327.253 -2090.88 -572.637 327.253 -2135.95 -547.548 327.253 -2363.53 -638.705 327.253 -2500 -693.368 327.253 -2500 399.792 327.253 -2322.67 470.82 327.253 -2362.69 497.933 327.253 -2249.82 543.143 327.253 -2209.81 516.03 327.253 -1871.2 651.66 327.253 -1911.22 678.773 327.253 -1798.35 723.983 327.253 -1758.33 696.87 327.253 -1532.6 787.29 327.253 -1394.31 842.68 327.253 -1352.33 604.507 327.253 -1307.29 579.438 327.253 -1291.29 488.624 327.253 -1336.32 513.692 327.253 -1288.3 241.249 327.253 -1243.26 216.18 327.253 -1227.25 125.365 327.253 -1272.29 150.434 327.253 -1240.27 -31.195 327.253 -1214.33 -178.388 327.253
element 9
  poly 0: -1219.26 -160.06 -52.7469 -1566.29 -299.066 -52.7469 -1521.22 -324.155 -52.7469 -1635.19 -369.807 -52.7469 -1680.26 -344.718 -52.7469 -2022.18 -481.672 -52.7469 -1977.1 -506.761 -52.7469 -2091.08 -552.412 -52.7469 -2136.15 -527.323 -52.7469 -2364.09 -618.626 -52.7469 -2500 -673.065 -52.7469 -2500 379.458 -52.7469 -2321.76 450.852 -52.7469 -2361.78 477.965 -52.7469 -2248.74 523.245 -52.7469 -2208.72 496.133 -52.7469 -1869.59 631.973 -52.7469 -1909.61 659.086 -52.7469 -1796.56 704.366 -52.7469 -1756.54 677.253 -52.7469 -1530.46 767.813 -52.7469 -1392.55 823.052 -52.7469 -1351.38 589.48 -52.7469 -1306.34 564.411 -52.7469 -1291.03 477.521 -52.7469 -1336.06 502.59 -52.7469 -1290.11 241.919 -52.7469 -1245.08 216.851 -52.7469 -1229.76 129.961 -52.7469 -1274.8 155.029 -52.7469 -1244.16 -18.7509 -52.7469 -1219.26 -160.06 -52.7469
  poly 1: -1218.74 -161.989 -12.7469 -1565.55 -300.908 -12.7469 -1520.48 -325.997 -12.7469 -1634.45 -371.648 -12.7469 -1679.53 -346.559 -12.7469 -2021.44 -483.513 -12.7469 -1976.37 -508.602 -12.7469 -2090.34 -554.254 -12.7469 -2135.41 -529.165 -12.7469 -2363.35 -620.467 -12.7469 -2500 -675.202 -12.7469 -2500 381.598 -12.7469 -2322.5 452.697 -12.7469 -2362.52 479.81 -12.7469 -2249.47 525.09 -12.7469 -2209.46 497.977 -12.7469 -1870.33 633.817 -12.7469 -1910.34 660.93 -12.7469 -1797.3 706.21 -12.7469 -1757.28 679.097 -12.7469 -1531.19 769.657 -12.7469 -1392.73 825.118 -12.7469 -1351.2 589.51 -12.7469 -1306.17 564.442 -12.7469 -1290.85 477.552 -12.7469 -1335.89 502.62 -12.7469 -1289.94 241.95 -12.7469 -1244.9 216.881 -12.7469 -1229.59 129.991 -12.7469 -1274.62 155.06 -12.7469 -1243.99 -18.7204 -12.7469 -1218.74 -161.989 -12.7469
element 10
  poly 0: -2321.75 -664.572 317.123 -2207.96 -619.25 321.924 -2207.24 -616.825 281.955 -2321.03 -662.148 277.154 -2321.75 -664.572 317.123
  poly 1: -2361.77 -637.614 320.025 -2247.98 -592.292 324.825 -2247.26 -589.867 284.856 -2361.05 -635.19 280.055 -2361.77 -637.614 320.025
  poly 2: -1866.59 -483.282 336.327 -1752.8 -437.959 341.128 -1752.08 -435.535 301.159 -1865.87 -480.857 296.358 -1866.59 -483.282 336.327
  poly 3: -1906.61 -456.324 339.228 -1792.82 -411.001 344.029 -1792.1 -408.577 304.06 -1905.89 -453.899 299.259 -1906.61 -456.324 339.228
  poly 4: -2321.57 -646.335 -22.8659 -2207.6 -600.94 -18.0574 -2206.88 -598.516 -58.0266 -2320.85 -643.911 -62.8351 -2321.57 -646.335 -22.8659
  poly 5: -2361.59 -619.377 -19.9647 -2247.62 -573.982 -15.1562 -2246.9 -571.558 -55.1255 -2360.87 -616.953 -59.934 -2361.59 -619.377 -19.9647
  poly 6: -1865.69 -464.756 -3.63186 -1751.71 -419.361 1.17665 -1750.99 -416.937 -38.7926 -1864.96 -462.331 -43.6011 -1865.69 -464.756 -3.63186
  poly 7: -1905.7 -437.798 -0.73069 -1791.73 -392.403 4.07782 -1791.01 -389.979 -35.8914 -1904.98 -435.373 -40.6999 -1905.7 -437.798 -0.73069
  poly 8: -1521.93 -344.743 327.253 -1522.67 -342.901 287.253 -1636.46 -388.48 287.253 -1635.72 -390.322 327.253 -1521.93 -344.743 327.253
  poly 9: -1567.01 -319.654 327.253 -1567.74 -317.813 287.253 -1681.53 -363.391 287.253 -1680.79 -365.233 327.253 -1567.01 -319.654 327.253
  poly 10: -1977.09 -527.058 327.253 -1977.83 -525.216 287.253 -2091.62 -570.795 287.253 -2090.88 -572.637 327.253 -1977.09 -527.058 327.253
  poly 11: -2022.16 -501.969 327.253 -2022.9 -500.127 287.253 -2136.69 -545.706 287.253 -2135.95 -547.548 327.253 -2022.16 -501.969 327.253
  poly 12: -1520.48 -325.997 -12.7469 -1521.22 -324.155 -52.7469 -1635.19 -369.807 -52.7469 -1634.45 -371.648 -12.7469 -1520.48 -325.997 -12.7469
  poly 13: -1565.55 -300.908 -12.7469 -1566.29 -299.066 -52.7469 -1680.26 -344.718 -52.7469 -1679.53 -346.559 -12.7469 -1565.55 -300.908 -12.7469
  poly 14: -1976.37 -508.602 -12.7469 -1977.1 -506.761 -52.7469 -2091.08 -552.412 -52.7469 -2090.34 -554.254 -12.7469 -1976.37 -508.602 -12.7469
  poly 15: -2021.44 -483.513 -12.7469 -2022.18 -481.672 -52.7469 -2136.15 -527.323 -52.7469 -2135.41 -529.165 -12.7469 -2021.44 -483.513 -12.7469
  poly 16: -2500 -739.716 387.253 -2500 -713.002 -112.747 -1212.93 -197.463 -112.747 -1211.47 -202.907 0.118227 -1173.71 -187.047 -13.6414 -1172.23 -192.546 100.358 -1210.35 -207.055 86.1181 -1208.87 -212.554 200.118 -1171.11 -196.694 186.358 -1169.63 -202.192 300.358 -1207.76 -216.702 286.118 -1206.45 -221.58 387.253 -2500 -739.716 387.253
  poly 17: -2500 -696.573 387.253 -2500 -669.86 -112.747 -1220.03 -157.166 -112.747 -1218.54 -162.708 2.14892 -1180.78 -146.848 -11.6107 -1179.31 -152.346 102.389 -1217.43 -166.856 88.1488 -1215.95 -172.354 202.149 -1178.19 -156.494 188.389 -1176.71 -161.993 302.389 -1214.83 -176.502 288.149 -1213.55 -181.282 387.253 -2500 -696.573 387.253
element 11
  poly 0: -1200 -29.261 327.253 -1216.01 61.5536 327.253 -1216.18 61.5231 287.253 -1200.17 -29.2915 287.253 -1200 -29.261 327.253
  poly 1: -1235.51 -58.1978 327.253 -1251.52 32.6168 327.253 -1251.7 32.5863 287.253 -1235.69 -58.2283 287.253 -1235.51 -58.1978 327.253
  poly 2: -1264.03 333.997 327.253 -1280.04 424.812 327.253 -1280.21 424.781 287.253 -1264.2 333.967 287.253 -1264.03 333.997 327.253
  poly 3: -1299.55 305.061 327.253 -1315.55 395.875 327.253 -1315.73 395.845 287.253 -1299.72 305.03 287.253 -1299.55 305.061 327.253
  poly 4: -1203.72 -16.7863 -12.7469 -1219.03 70.1038 -12.7469 -1219.2 70.0732 -52.7469 -1203.89 -16.8169 -52.7469 -1203.72 -16.7863 -12.7469
  poly 5: -1239.23 -45.7231 -12.7469 -1254.55 41.167 -12.7469 -1254.72 41.1364 -52.7469 -1239.4 -45.7537 -52.7469 -1239.23 -45.7231 -12.7469
  poly 6: -1264.98 330.774 -12.7469 -1280.3 417.664 -12.7469 -1280.47 417.634 -52.7469 -1265.15 330.744 -52.7469 -1264.98 330.774 -12.7469
  poly 7: -1300.5 301.837 -12.7469 -1315.81 388.727 -12.7469 -1315.99 388.697 -52.7469 -1300.67 301.807 -52.7469 -1300.5 301.837 -12.7469
  poly 8: -1307.29 579.438 327.253 -1307.47 579.408 287.253 -1291.46 488.593 287.253 -1291.29 488.624 327.253 -1307.29 579.438 327.253
  poly 9: -1352.33 604.507 327.253 -1352.5 604.477 287.253 -1336.49 513.662 287.253 -1336.32 513.692 327.253 -1352.33 604.507 327.253
  poly 10: -1243.26 216.18 327.253 -1243.43 216.149 287.253 -1227.43 125.335 287.253 -1227.25 125.365 327.253 -1243.26 216.18 327.253
  poly 11: -1288.3 241.249 327.253 -1288.47 241.218 287.253 -1272.46 150.404 287.253 -1272.29 150.434 327.253 -1288.3 241.249 327.253
  poly 12: -1306.17 564.442 -12.7469 -1306.34 564.411 -52.7469 -1291.03 477.521 -52.7469 -1290.85 477.552 -12.7469 -1306.17 564.442 -12.7469
  poly 13: -1351.2 589.51 -12.7469 -1351.38 589.48 -52.7469 -1336.06 502.59 -52.7469 -1335.89 502.62 -12.7469 -1351.2 589.51 -12.7469
  poly 14: -1244.9 216.881 -12.7469 -1245.08 216.851 -52.7469 -1229.76 129.961 -52.7469 -1229.59 129.991 -12.7469 -1244.9 216.881 -12.7469
  poly 15: -1289.94 241.95 -12.7469 -1290.11 241.919 -52.7469 -1274.8 155.029 -52.7469 -1274.62 155.06 -12.7469 -1289.94 241.95 -12.7469
  poly 16: -1168.51 -206.383 387.253 -1169.63 -202.192 300.358 -1176.71 -161.993 302.389 -1178.19 -156.494 188.389 -1171.11 -196.694 186.358 -1172.23 -192.546 100.358 -1179.31 -152.346 102.389 -1180.78 -146.848 -11.6107 -1173.71 -187.047 -13.6414 -1174.99 -182.267 -112.747 -1354.33 835.149 -112.747 -1356.65 860.975 387.253 -1168.51 -206.383 387.253
  poly 17: -1206.45 -221.58 387.253 -1207.76 -216.702 286.118 -1214.83 -176.502 288.149 -1215.95 -172.354 202.149 -1208.87 -212.554 200.118 -1210.35 -207.055 86.1181 -1217.43 -166.856 88.1488 -1218.54 -162.708 2.14892 -1211.47 -202.907 0.118227 -1212.93 -197.463 -112.747 -1392.27 819.953 -112.747 -1394.59 845.779 387.253 -1206.45 -221.58 387.253
element 12
  poly 0: -1223.06 -1207.88 218.302 -1581.65 -1344.32 203.856 -1536.49 -1369.76 201.114 -1648.58 -1412.41 196.599 -1693.73 -1386.96 199.341 -2029.98 -1514.9 185.796 -1984.82 -1540.34 183.054 -2096.9 -1582.99 178.539 -2142.06 -1557.54 181.281 -2366.22 -1642.83 172.25 -2500 -1693.73 166.861 -2500 -733.43 269.604 -2321.03 -662.148 277.154 -2361.05 -635.19 280.055 -2247.26 -589.867 284.856 -2207.24 -616.825 281.955 -1865.87 -480.857 296.358 -1905.89 -453.899 299.259 -1792.1 -408.577 304.06 -1752.08 -435.535 301.159 -1524.5 -344.89 310.76 -1385.84 -289.662 316.61 -1344.97 -520.17 291.931 -1299.85 -545.599 289.191 -1285.82 -624.756 280.716 -1330.94 -599.327 283.456 -1288.84 -836.799 258.031 -1243.72 -862.228 255.291 -1229.68 -941.385 246.817 -1274.81 -915.956 249.556 -1246.74 -1074.27 232.606 -1223.06 -1207.88 218.302
  poly 1: -1222.58 -1213.88 257.888 -1580.99 -1350.25 243.449 -1535.83 -1375.7 240.708 -1647.91 -1418.34 236.193 -1693.07 -1392.89 238.934 -2029.32 -1520.83 225.389 -1984.16 -1546.28 222.647 -2096.24 -1588.92 218.132 -2141.4 -1563.47 220.874 -2365.56 -1648.77 211.844 -2500 -1699.92 206.428 -2500 -735.567 309.603 -2321.75 -664.572 317.123 -2361.77 -637.614 320.025 -2247.98 -592.292 324.825 -2207.96 -619.25 321.924 -1866.59 -483.282 336.327 -1906.61 -456.324 339.228 -1792.82 -411.001 344.029 -1752.8 -437.959 341.128 -1525.22 -347.314 350.729 -1386.03 -291.876 356.602 -1344.81 -524.4 331.707 -1299.68 -549.828 328.967 -1285.65 -628.986 320.492 -1330.78 -603.557 323.232 -1288.68 -841.028 297.807 -1243.55 -866.457 295.067 -1229.52 -945.614 286.592 -1274.64 -920.185 289.332 -1246.58 -1078.5 272.382 -1222.58 -1213.88 257.888
element 13
  poly 0: -1227.13 -1156.86 -118.178 -1579.83 -1291.05 -132.386 -1534.67 -1316.5 -135.128 -1646.98 -1359.23 -139.652 -1692.14 -1333.78 -136.911 -2029.07 -1461.98 -150.484 -1983.91 -1487.43 -153.225 -2096.22 -1530.16 -157.75 -2141.38 -1504.71 -155.008 -2366 -1590.18 -164.057 -2500 -1641.16 -169.455 -2500 -715.265 -70.3934 -2320.85 -643.911 -62.8351 -2360.87 -616.953 -59.934 -2246.9 -571.558 -55.1255 -2206.88 -598.516 -58.0266 -1864.96 -462.331 -43.6011 -1904.98 -435.373 -40.6999 -1791.01 -389.979 -35.8914 -1750.99 -416.937 -38.7926 -1523.05 -326.147 -29.1756 -1384.21 -270.847 -23.3178 -1343.76 -499.02 -47.7472 -1298.63 -524.449 -50.4869 -1285.26 -599.873 -58.5621 -1330.38 -574.444 -55.8224 -1290.27 -800.714 -80.0479 -1245.15 -826.143 -82.7877 -1231.77 -901.567 -90.8629 -1276.9 -876.138 -88.1231 -1250.16 -1026.98 -104.274 -1227.13 -1156.86 -118.178
  poly 1: -1226.65 -1162.86 -78.5925 -1579.17 -1296.99 -92.7931 -1534.01 -1322.43 -95.5348 -1646.32 -1365.16 -100.059 -1691.48 -1339.72 -97.3174 -2028.41 -1467.91 -110.89 -1983.25 -1493.36 -113.632 -2095.56 -1536.09 -118.156 -2140.72 -1510.64 -115.415 -2365.34 -1596.11 -124.463 -2500 -1647.35 -129.888 -2500 -717.402 -30.3938 -2321.57 -646.335 -22.8659 -2361.59 -619.377 -19.9647 -2247.62 -573.982 -15.1562 -2207.6 -600.94 -18.0574 -1865.69 -464.756 -3.63186 -1905.7 -437.798 -0.73069 -1791.73 -392.403 4.07782 -1751.71 -419.361 1.17665 -1523.77 -328.571 10.7937 -1384.4 -273.06 16.6737 -1343.59 -503.25 -7.97143 -1298.47 -528.679 -10.7112 -1285.09 -604.102 -18.7864 -1330.22 -578.673 -16.0466 -1290.11 -804.944 -40.2722 -1244.98 -830.372 -43.0119 -1231.61 -905.796 -51.0871 -1276.73 -880.367 -48.3474 -1249.99 -1031.21 -64.4978 -1226.65 -1162.86 -78.5925
element 14
  poly 0: -2323.5 -1674.63 204.119 -2211.41 -1632.46 211.725 -2211.1 -1626.16 172.184 -2323.19 -1668.33 164.578 -2323.5 -1674.63 204.119
  poly 1: -2363.51 -1647.67 209.928 -2251.42 -1605.51 217.534 -2251.1 -1599.2 177.994 -2363.2 -1641.37 170.387 -2363.51 -1647.67 209.928
  poly 2: -1875.12 -1505.96 234.544 -1763.03 -1463.8 242.15 -1762.71 -1457.49 202.609 -1874.81 -1499.66 195.003 -1875.12 -1505.96 234.544
  poly 3: -1915.13 -1479 240.353 -1803.03 -1436.84 247.959 -1802.72 -1430.54 208.419 -1914.82 -1472.7 200.812 -1915.13 -1479 240.353
  poly 4: -2323.28 -1621.98 -132.141 -2210.95 -1579.73 -124.519 -2210.64 -1573.43 -164.06 -2322.96 -1615.68 -171.681 -2323.28 -1621.98 -132.141
  poly 5: -2363.29 -1595.02 -126.331 -2250.96 -1552.77 -118.71 -2250.65 -1546.47 -158.25 -2362.97 -1588.72 -165.872 -2363.29 -1595.02 -126.331
  poly 6: -1873.98 -1452.97 -101.654 -1761.66 -1410.72 -94.0323 -1761.35 -1404.42 -133.573 -1873.67 -1446.67 -141.195 -1873.98 -1452.97 -101.654
  poly 7: -1913.99 -1426.01 -95.8447 -1801.67 -1383.76 -88.223 -1801.35 -1377.46 -127.764 -1913.68 -1419.71 -135.385 -1913.99 -1426.01 -95.8447
  poly 8: -1535.83 -1375.7 240.708 -1536.49 -1369.76 201.114 -1648.58 -1412.41 196.599 -1647.91 -1418.34 236.193 -1535.83 -1375.7 240.708
  poly 9: -1580.99 -1350.25 243.449 -1581.65 -1344.32 203.856 -1693.73 -1386.96 199.341 -1693.07 -1392.89 238.934 -1580.99 -1350.25 243.449
  poly 10: -1984.16 -1546.28 222.647 -1984.82 -1540.34 183.054 -2096.9 -1582.99 178.539 -2096.24 -1588.92 218.132 -1984.16 -1546.28 222.647
  poly 11: -2029.32 -1520.83 225.389 -2029.98 -1514.9 185.796 -2142.06 -1557.54 181.281 -2141.4 -1563.47 220.874 -2029.32 -1520.83 225.389
  poly 12: -1534.01 -1322.43 -95.5348 -1534.67 -1316.5 -135.128 -1646.98 -1359.23 -139.652 -1646.32 -1365.16 -100.059 -1534.01 -1322.43 -95.5348
  poly 13: -1579.17 -1296.99 -92.7931 -1579.83 -1291.05 -132.386 -1692.14 -1333.78 -136.911 -1691.48 -1339.72 -97.3174 -1579.17 -1296.99 -92.7931
  poly 14: -1983.25 -1493.36 -113.632 -1983.91 -1487.43 -153.225 -2096.22 -1530.16 -157.75 -2095.56 -1536.09 -118.156 -1983.25 -1493.36 -113.632
  poly 15: -2028.41 -1467.91 -110.89 -2029.07 -1461.98 -150.484 -2141.38 -1504.71 -155.008 -2140.72 -1510.64 -115.415 -2028.41 -1467.91 -110.89
  poly 16: -2500 -1751.82 261.217 -2500 -1674.51 -233.365 -1220.77 -1187.79 -181.833 -1219.42 -1204.74 -70.0224 -1181.53 -1188.19 -82.1479 -1180.17 -1205.3 30.6718 -1218.39 -1217.65 15.0872 -1217.02 -1234.75 127.907 -1179.13 -1218.21 115.781 -1177.77 -1235.31 228.601 -1215.99 -1247.66 213.016 -1214.78 -1262.82 312.991 -2500 -1751.82 261.217
  poly 17: -2500 -1709.19 265.778 -2500 -1631.88 -228.805 -1227.85 -1147.85 -177.557 -1226.48 -1165.08 -63.9237 -1188.59 -1148.54 -76.0491 -1187.22 -1165.64 36.7706 -1225.44 -1177.99 21.1859 -1224.08 -1195.1 134.006 -1186.19 -1178.55 121.88 -1184.83 -1195.65 234.7 -1223.05 -1208 219.115 -1221.86 -1222.88 317.267 -2500 -1709.19 265.778
element 15
  poly 0: -1206.29 -1076.63 272.602 -1220.32 -997.476 281.065 -1220.49 -993.253 241.288 -1206.46 -1072.41 232.825 -1206.29 -1076.63 272.602
  poly 1: -1241.74 -1105.79 269.467 -1255.77 -1026.63 277.93 -1255.94 -1022.41 238.154 -1241.9 -1101.57 229.691 -1241.74 -1105.79 269.467
  poly 2: -1262.42 -760.001 306.454 -1276.46 -680.843 314.918 -1276.62 -676.619 275.141 -1262.59 -755.778 266.678 -1262.42 -760.001 306.454
  poly 3: -1297.87 -789.159 303.32 -1311.91 -710 311.783 -1312.07 -705.777 272.007 -1298.04 -784.935 263.543 -1297.87 -789.159 303.32
  poly 4: -1209.71 -1029.35 -64.2812 -1223.08 -953.924 -56.2172 -1223.24 -949.701 -95.9936 -1209.87 -1025.13 -104.058 -1209.71 -1029.35 -64.2812
  poly 5: -1245.15 -1058.51 -67.4157 -1258.52 -983.082 -59.3517 -1258.69 -978.858 -99.1282 -1245.32 -1054.28 -107.192 -1245.15 -1058.51 -67.4157
  poly 6: -1263.19 -727.65 -32.0252 -1276.56 -652.225 -23.9612 -1276.73 -648.002 -63.7377 -1263.36 -723.427 -71.8016 -1263.19 -727.65 -32.0252
  poly 7: -1298.64 -756.808 -35.1598 -1312.01 -681.383 -27.0958 -1312.17 -677.16 -66.8722 -1298.8 -752.584 -74.9362 -1298.64 -756.808 -35.1598
  poly 8: -1299.68 -549.828 328.967 -1299.85 -545.599 289.191 -1285.82 -624.756 280.716 -1285.65 -628.986 320.492 -1299.68 -549.828 328.967
  poly 9: -1344.81 -524.4 331.707 -1344.97 -520.17 291.931 -1330.94 -599.327 283.456 -1330.78 -603.557 323.232 -1344.81 -524.4 331.707
  poly 10: -1243.55 -866.457 295.067 -1243.72 -862.228 255.291 -1229.68 -941.385 246.817 -1229.52 -945.614 286.592 -1243.55 -866.457 295.067
  poly 11: -1288.68 -841.028 297.807 -1288.84 -836.799 258.031 -1274.81 -915.956 249.556 -1274.64 -920.185 289.332 -1288.68 -841.028 297.807
  poly 12: -1298.47 -528.679 -10.7112 -1298.63 -524.449 -50.4869 -1285.26 -599.873 -58.5621 -1285.09 -604.102 -18.7864 -1298.47 -528.679 -10.7112
  poly 13: -1343.59 -503.25 -7.97143 -1343.76 -499.02 -47.7472 -1330.38 -574.444 -55.8224 -1330.22 -578.673 -16.0466 -1343.59 -503.25 -7.97143
  poly 14: -1244.98 -830.372 -43.0119 -1245.15 -826.143 -82.7877 -1231.77 -901.567 -90.8629 -1231.61 -905.796 -51.0871 -1244.98 -830.372 -43.0119
  poly 15: -1290.11 -804.944 -40.2722 -1290.27 -800.714 -80.0479 -1276.9 -876.138 -88.1231 -1276.73 -880.367 -48.3474 -1290.11 -804.944 -40.2722
  poly 16: -1176.73 -1248.34 314.524 -1177.77 -1235.31 228.601 -1184.83 -1195.65 234.7 -1186.19 -1178.55 121.88 -1179.13 -1218.21 115.781 -1180.17 -1205.3 30.6718 -1187.22 -1165.64 36.7706 -1188.59 -1148.54 -76.0491 -1181.53 -1188.19 -82.1479 -1182.72 -1173.31 -180.3 -1345.98 -252.416 -81.7045 -1348.38 -280.085 418.19 -1176.73 -1248.34 314.524
  poly 17: -1214.78 -1262.82 312.991 -1215.99 -1247.66 213.016 -1223.05 -1208 219.115 -1224.08 -1195.1 134.006 -1217.02 -1234.75 127.907 -1218.39 -1217.65 15.0872 -1225.44 -1177.99 21.1859 -1226.48 -1165.08 -63.9237 -1219.42 -1204.74 -70.0224 -1220.77 -1187.79 -181.833 -1383.92 -267.526 -83.3051 -1386.32 -295.196 416.589 -1214.78 -1262.82 312.991
element 16
  poly 0: -1196.83 -2460 -5.60778 -1343.36 -2460 -4.36588 -1294.46 -2500 -12.8968 -1439.06 -2500 -11.6713 -1487.96 -2460 -3.14035 -1921.77 -2460 0.536237 -1872.87 -2500 -7.99471 -2017.47 -2500 -6.76918 -2066.37 -2460 1.76177 -2355.57 -2460 4.21282 -2500 -2460 5.43688 -2500 -1734.84 152.581 -2323.19 -1668.33 164.578 -2363.2 -1641.37 170.387 -2251.1 -1599.2 177.994 -2211.1 -1626.16 172.184 -1874.81 -1499.66 195.003 -1914.82 -1472.7 200.812 -1802.72 -1430.54 208.419 -1762.71 -1457.49 202.609 -1538.52 -1373.16 217.822 -1401.68 -1321.68 227.107 -1359.09 -1558.38 178.718 -1311.45 -1597.35 170.406 -1292.64 -1701.86 149.04 -1340.28 -1662.89 157.351 -1283.85 -1976.43 93.2521 -1236.21 -2015.4 84.9407 -1217.4 -2119.91 63.5743 -1265.04 -2080.94 71.8857 -1227.43 -2289.97 29.1528 -1196.83 -2460 -5.60778
  poly 1: -1198.2 -2460 35.2204 -1343.01 -2460 36.4478 -1294.11 -2500 27.9168 -1438.72 -2500 29.1423 -1487.62 -2460 37.6733 -1921.42 -2460 41.3499 -1872.52 -2500 32.8189 -2017.12 -2500 34.0445 -2066.02 -2460 42.5754 -2355.23 -2460 45.0265 -2500 -2460 46.2535 -2500 -1741.02 192.143 -2323.5 -1674.63 204.119 -2363.51 -1647.67 209.928 -2251.42 -1605.51 217.534 -2211.41 -1632.46 211.725 -1875.12 -1505.96 234.544 -1915.13 -1479 240.353 -1803.03 -1436.84 247.959 -1763.03 -1463.8 242.15 -1538.83 -1379.46 257.362 -1401.93 -1327.96 266.652 -1359.02 -1566.38 217.91 -1311.38 -1605.35 209.599 -1292.57 -1709.86 188.233 -1340.21 -1670.89 196.544 -1283.78 -1984.43 132.445 -1236.14 -2023.4 124.133 -1217.33 -2127.91 102.767 -1264.97 -2088.94 111.078 -1227.36 -2297.97 68.3455 -1198.2 -2460 35.2204
element 17
  poly 0: -1185.18 -2460 -352.647 -1333 -2460 -351.395 -1284.1 -2500 -359.925 -1430 -2500 -358.689 -1478.9 -2460 -350.158 -1916.59 -2460 -346.449 -1867.69 -2500 -354.979 -2013.58 -2500 -353.743 -2062.48 -2460 -345.212 -2354.28 -2460 -342.739 -2500 -2460 -341.504 -2500 -1682.28 -183.694 -2322.96 -1615.68 -171.681 -2362.97 -1588.72 -165.872 -2250.65 -1546.47 -158.25 -2210.64 -1573.43 -164.06 -1873.67 -1446.67 -141.195 -1913.68 -1419.71 -135.385 -1801.35 -1377.46 -127.764 -1761.35 -1404.42 -133.573 -1536.7 -1319.91 -118.329 -1399.63 -1268.35 -109.029 -1355.71 -1512.43 -158.929 -1308.06 -1551.4 -167.24 -1288.22 -1661.66 -189.781 -1335.86 -1622.69 -181.469 -1276.34 -1953.46 -249.091 -1228.69 -1992.43 -257.402 -1208.85 -2102.68 -279.943 -1256.49 -2063.71 -271.632 -1216.81 -2284.23 -316.713 -1185.18 -2460 -352.647
  poly 1: -1186.55 -2460 -311.819 -1332.66 -2460 -310.581 -1283.76 -2500 -319.112 -1429.65 -2500 -317.875 -1478.55 -2460 -309.344 -1916.24 -2460 -305.635 -1867.34 -2500 -314.166 -2013.24 -2500 -312.929 -2062.14 -2460 -304.398 -2353.93 -2460 -301.925 -2500 -2460 -300.687 -2500 -1688.46 -144.132 -2323.28 -1621.98 -132.141 -2363.29 -1595.02 -126.331 -2250.96 -1552.77 -118.71 -2210.95 -1579.73 -124.519 -1873.98 -1452.97 -101.654 -1913.99 -1426.01 -95.8447 -1801.67 -1383.76 -88.223 -1761.66 -1410.72 -94.0323 -1537.01 -1326.21 -78.7889 -1399.87 -1274.62 -69.4834 -1355.64 -1520.43 -119.736 -1307.99 -1559.4 -128.048 -1288.15 -1669.66 -150.588 -1335.79 -1630.69 -142.277 -1276.27 -1961.46 -209.898 -1228.63 -2000.43 -218.21 -1208.78 -2110.68 -240.75 -1256.43 -2071.71 -232.439 -1216.74 -2292.23 -277.52 -1186.55 -2460 -311.819
element 18
  poly 0: -1294.11 -2500 27.9168 -1294.46 -2500 -12.8968 -1439.06 -2500 -11.6713 -1438.72 -2500 29.1423 -1294.11 -2500 27.9168
  poly 1: -1343.01 -2460 36.4478 -1343.36 -2460 -4.36588 -1487.96 -2460 -3.14035 -1487.62 -2460 37.6733 -1343.01 -2460 36.4478
  poly 2: -1872.52 -2500 32.8189 -1872.87 -2500 -7.99471 -2017.47 -2500 -6.76918 -2017.12 -2500 34.0445 -1872.52 -2500 32.8189
  poly 3: -1921.42 -2460 41.3499 -1921.77 -2460 0.536237 -2066.37 -2460 1.76177 -2066.02 -2460 42.5754 -1921.42 -2460 41.3499
  poly 4: -1283.76 -2500 -319.112 -1284.1 -2500 -359.925 -1430 -2500 -358.689 -1429.65 -2500 -317.875 -1283.76 -2500 -319.112
  poly 5: -1332.66 -2460 -310.581 -1333 -2460 -351.395 -1478.9 -2460 -350.158 -1478.55 -2460 -309.344 -1332.66 -2460 -310.581
  poly 6: -1867.34 -2500 -314.166 -1867.69 -2500 -354.979 -2013.58 -2500 -353.743 -2013.24 -2500 -312.929 -1867.34 -2500 -314.166
  poly 7: -1916.24 -2460 -305.635 -1916.59 -2460 -346.449 -2062.48 -2460 -345.212 -2062.14 -2460 -304.398 -1916.24 -2460 -305.635
  poly 8: -2500 -2500 99.3618 -2500 -2500 -410.845 -1175.92 -2500 -422.067 -1179.94 -2500 -302.362 -1138.89 -2500 -315.287 -1142.8 -2500 -198.956 -1182.89 -2500 -214.604 -1186.79 -2500 -98.2738 -1145.74 -2500 -111.198 -1149.65 -2500 5.13251 -1189.74 -2500 -10.5157 -1193.05 -2500 88.2852 -2500 -2500 99.3618
  poly 9: -2500 -2460 107.478 -2500 -2460 -402.729 -1183.12 -2460 -413.89 -1186.86 -2460 -302.595 -1145.81 -2460 -315.519 -1149.71 -2460 -199.188 -1189.8 -2460 -214.836 -1193.71 -2460 -98.506 -1152.66 -2460 -111.43 -1156.56 -2460 4.90033 -1196.65 -2460 -10.7479 -1200.25 -2460 96.4627 -2500 -2460 107.478
element 19
  poly 0: -1186.9 -2297.23 69.2221 -1205.71 -2192.66 90.2823 -1205.76 -2184.77 51.0661 -1186.95 -2289.34 30.0059 -1186.9 -2297.23 69.2221
  poly 1: -1220.19 -2337.88 60.6928 -1239 -2233.3 81.753 -1239.05 -2225.41 42.5367 -1220.24 -2329.99 21.4765 -1220.19 -2337.88 60.6928
  poly 2: -1262.13 -1878.93 153.463 -1280.94 -1774.36 174.523 -1280.99 -1766.47 135.307 -1262.18 -1871.04 114.247 -1262.13 -1878.93 153.463
  poly 3: -1295.43 -1919.57 144.934 -1314.24 -1815 165.994 -1314.29 -1807.11 126.777 -1295.48 -1911.69 105.717 -1295.43 -1919.57 144.934
  poly 4: -1176.28 -2291.52 -276.47 -1196.12 -2181.2 -254.253 -1196.17 -2173.31 -293.469 -1176.33 -2283.63 -315.687 -1176.28 -2291.52 -276.47
  poly 5: -1209.58 -2332.17 -285 -1229.42 -2221.84 -262.782 -1229.47 -2213.96 -301.999 -1209.63 -2324.28 -324.216 -1209.58 -2332.17 -285
  poly 6: -1255.65 -1850.24 -187.601 -1275.49 -1739.91 -165.383 -1275.54 -1732.03 -204.599 -1255.7 -1842.35 -226.817 -1255.65 -1850.24 -187.601
  poly 7: -1288.95 -1890.88 -196.13 -1308.79 -1780.56 -173.912 -1308.84 -1772.67 -213.129 -1289 -1882.99 -235.346 -1288.95 -1890.88 -196.13
  poly 8: -1311.38 -1605.35 209.599 -1311.45 -1597.35 170.406 -1292.64 -1701.86 149.04 -1292.57 -1709.86 188.233 -1311.38 -1605.35 209.599
  poly 9: -1359.02 -1566.38 217.91 -1359.09 -1558.38 178.718 -1340.28 -1662.89 157.351 -1340.21 -1670.89 196.544 -1359.02 -1566.38 217.91
  poly 10: -1236.14 -2023.4 124.133 -1236.21 -2015.4 84.9407 -1217.4 -2119.91 63.5743 -1217.33 -2127.91 102.767 -1236.14 -2023.4 124.133
  poly 11: -1283.78 -1984.43 132.445 -1283.85 -1976.43 93.2521 -1265.04 -2080.94 71.8857 -1264.97 -2088.94 111.078 -1283.78 -1984.43 132.445
  poly 12: -1307.99 -1559.4 -128.048 -1308.06 -1551.4 -167.24 -1288.22 -1661.66 -189.781 -1288.15 -1669.66 -150.588 -1307.99 -1559.4 -128.048
  poly 13: -1355.64 -1520.43 -119.736 -1355.71 -1512.43 -158.929 -1335.86 -1622.69 -181.469 -1335.79 -1630.69 -142.277 -1355.64 -1520.43 -119.736
  poly 14: -1228.63 -2000.43 -218.21 -1228.69 -1992.43 -257.402 -1208.85 -2102.68 -279.943 -1208.78 -2110.68 -240.75 -1228.63 -2000.43 -218.21
  poly 15: -1276.27 -1961.46 -209.898 -1276.34 -1953.46 -249.091 -1256.49 -2063.71 -271.632 -1256.43 -2071.71 -232.439 -1276.27 -1961.46 -209.898
  poly 16: -1152.43 -2500 87.9408 -1149.65 -2500 5.13251 -1156.56 -2460 4.90033 -1152.66 -2460 -111.43 -1145.74 -2500 -111.198 -1142.8 -2500 -198.956 -1149.71 -2460 -199.188 -1145.81 -2460 -315.519 -1138.89 -2500 -315.287 -1135.29 -2500 -422.412 -1361.22 -1244.62 -165.765 -1364.23 -1323.06 328.552 -1152.43 -2500 87.9408
  poly 17: -1193.05 -2500 88.2852 -1189.74 -2500 -10.5157 -1196.65 -2460 -10.7479 -1193.71 -2460 -98.506 -1186.79 -2500 -98.2738 -1182.89 -2500 -214.604 -1189.8 -2460 -214.836 -1186.86 -2460 -302.595 -1179.94 -2500 -302.362 -1175.92 -2500 -422.067 -1399.27 -1258.94 -168.347 -1402.29 -1337.37 325.97 -1193.05 -2500 88.2852
element 20
  poly 0: -98.5642 -2500 -3.51497 -1149.06 -2500 -12.4181 -1186.95 -2289.34 30.0059 -1220.24 -2329.99 21.4765 -1239.05 -2225.41 42.5367 -1205.76 -2184.77 51.0661 -1262.18 -1871.04 114.247 -1295.48 -1911.69 105.717 -1314.29 -1807.11 126.777 -1280.99 -1766.47 135.307 -1318.61 -1557.32 177.427 -1341.15 -1431.98 202.669 -1025.86 -1550.58 181.275 -980.73 -1525.55 186.737 -877.704 -1564.31 179.746 -922.835 -1589.34 174.284 -613.755 -1705.6 153.312 -568.625 -1680.57 158.773 -465.598 -1719.33 151.782 -510.729 -1744.36 146.321 -304.676 -1821.87 132.339 2.66555 -1937.48 111.484 -15.6993 -2039.53 90.6215 29.4358 -2014.5 96.0838 20.7354 -2062.85 86.1999 -24.3997 -2087.88 80.7377 -50.5008 -2232.92 51.0861 -5.36575 -2207.89 56.5484 -14.0661 -2256.23 46.6645 -59.2012 -2281.27 41.2023 -76.602 -2377.96 21.4346 -98.5642 -2500 -3.51497
  poly 1: -97.0316 -2500 37.3146 -1150.43 -2500 28.3868 -1186.9 -2297.23 69.2221 -1220.19 -2337.88 60.6928 -1239 -2233.3 81.753 -1205.71 -2192.66 90.2823 -1262.13 -1878.93 153.463 -1295.43 -1919.57 144.934 -1314.24 -1815 165.994 -1280.94 -1774.36 174.523 -1318.56 -1565.21 216.643 -1341.43 -1438.06 242.25 -1025.55 -1556.88 220.815 -980.418 -1531.85 226.277 -877.391 -1570.61 219.286 -922.522 -1595.64 213.825 -613.443 -1711.91 192.852 -568.312 -1686.87 198.314 -465.286 -1725.63 191.323 -510.417 -1750.66 185.861 -304.364 -1828.17 171.88 3.05871 -1943.82 151.019 -15.6113 -2047.56 129.81 29.5238 -2022.53 135.272 20.8234 -2070.87 125.388 -24.3117 -2095.91 119.926 -50.4128 -2240.95 90.2746 -5.27772 -2215.91 95.7368 -13.9781 -2264.26 85.853 -59.1132 -2289.29 80.3907 -76.514 -2385.99 60.623 -97.0316 -2500 37.3146
element 21
  poly 0: -111.592 -2500 -350.566 -1137.41 -2500 -359.26 -1176.33 -2283.63 -315.687 -1209.63 -2324.28 -324.216 -1229.47 -2213.96 -301.999 -1196.17 -2173.31 -293.469 -1255.7 -1842.35 -226.817 -1289 -1882.99 -235.346 -1308.84 -1772.67 -213.129 -1275.54 -1732.03 -204.599 -1315.23 -1511.38 -160.164 -1338.81 -1380.3 -133.765 -1029.86 -1496.51 -154.729 -984.728 -1471.48 -149.267 -881.034 -1510.49 -156.303 -926.165 -1535.52 -161.765 -615.084 -1652.54 -182.873 -569.953 -1627.51 -177.412 -466.259 -1666.52 -184.448 -511.39 -1691.55 -189.909 -304.003 -1769.56 -203.982 -0.676324 -1883.66 -224.564 -20.1165 -1991.69 -246.648 25.0186 -1966.65 -241.186 15.2429 -2020.98 -252.291 -29.8922 -2046.01 -257.754 -59.2193 -2208.98 -291.07 -14.0842 -2183.94 -285.608 -23.8599 -2238.26 -296.713 -68.995 -2263.3 -302.175 -88.5464 -2371.94 -324.386 -111.592 -2500 -350.566
  poly 1: -110.059 -2500 -309.737 -1138.78 -2500 -318.455 -1176.28 -2291.52 -276.47 -1209.58 -2332.17 -285 -1229.42 -2221.84 -262.782 -1196.12 -2181.2 -254.253 -1255.65 -1850.24 -187.601 -1288.95 -1890.88 -196.13 -1308.79 -1780.56 -173.912 -1275.49 -1739.91 -165.383 -1315.18 -1519.27 -120.948 -1339.08 -1386.38 -94.1847 -1029.55 -1502.82 -115.188 -984.415 -1477.78 -109.726 -880.722 -1516.79 -116.763 -925.853 -1541.82 -122.224 -614.771 -1658.84 -143.333 -569.641 -1633.81 -137.871 -465.947 -1672.82 -144.907 -511.078 -1697.85 -150.369 -303.69 -1775.86 -164.441 -0.283163 -1890 -185.029 -20.0284 -1999.72 -207.46 25.1067 -1974.68 -201.998 15.331 -2029 -213.103 -29.8041 -2054.04 -218.565 -59.1312 -2217 -251.882 -13.9961 -2191.97 -246.419 -23.7718 -2246.29 -257.525 -68.9069 -2271.33 -262.987 -88.4583 -2379.97 -285.198 -110.059 -2500 -309.737
element 22
  poly 0: -36.2097 -2387.93 61.1851 -27.5097 -2339.55 70.9274 -27.6177 -2331.63 31.7179 -36.3178 -2380.01 21.9757 -36.2097 -2387.93 61.1851
  poly 1: -71.6585 -2359.26 67.3021 -62.9585 -2310.88 77.0444 -63.0666 -2302.97 37.8349 -71.7666 -2351.34 28.0927 -71.6585 -2359.26 67.3021
  poly 2: -1.40958 -2194.42 100.154 7.29045 -2146.05 109.896 7.18239 -2138.13 70.6868 -1.51764 -2186.51 60.9446 -1.40958 -2194.42 100.154
  poly 3: -36.8584 -2165.76 106.271 -28.1584 -2117.38 116.013 -28.2664 -2109.47 76.8038 -36.9665 -2157.84 67.0615 -36.8584 -2165.76 106.271
  poly 4: -48.1536 -2381.95 -284.441 -38.3783 -2327.59 -273.495 -38.4863 -2319.68 -312.704 -48.2616 -2374.03 -323.651 -48.1536 -2381.95 -284.441
  poly 5: -83.6024 -2353.28 -278.324 -73.8271 -2298.93 -267.378 -73.9352 -2291.01 -306.587 -83.7105 -2345.37 -317.534 -83.6024 -2353.28 -278.324
  poly 6: -9.05238 -2164.53 -240.656 0.722923 -2110.18 -229.71 0.614861 -2102.26 -268.919 -9.16044 -2156.61 -279.866 -9.05238 -2164.53 -240.656
  poly 7: -44.5012 -2135.86 -234.539 -34.7259 -2081.51 -223.593 -34.834 -2073.59 -262.802 -44.6093 -2127.95 -273.749 -44.5012 -2135.86 -234.539
  poly 8: 29.5238 -2022.53 135.272 29.4358 -2014.5 96.0838 20.7354 -2062.85 86.1999 20.8234 -2070.87 125.388 29.5238 -2022.53 135.272
  poly 9: -15.6113 -2047.56 129.81 -15.6993 -2039.53 90.6215 -24.3997 -2087.88 80.7377 -24.3117 -2095.91 119.926 -15.6113 -2047.56 129.81
  poly 10: -5.27772 -2215.91 95.7368 -5.36575 -2207.89 56.5484 -14.0661 -2256.23 46.6645 -13.9781 -2264.26 85.853 -5.27772 -2215.91 95.7368
  poly 11: -50.4128 -2240.95 90.2746 -50.5008 -2232.92 51.0861 -59.2012 -2281.27 41.2023 -59.1132 -2289.29 80.3907 -50.4128 -2240.95 90.2746
  poly 12: 25.1067 -1974.68 -201.998 25.0186 -1966.65 -241.186 15.2429 -2020.98 -252.291 15.331 -2029 -213.103 25.1067 -1974.68 -201.998
  poly 13: -20.0284 -1999.72 -207.46 -20.1165 -1991.69 -246.648 -29.8922 -2046.01 -257.754 -29.8041 -2054.04 -218.565 -20.0284 -1999.72 -207.46
  poly 14: -13.9961 -2191.97 -246.419 -14.0842 -2183.94 -285.608 -23.8599 -2238.26 -296.713 -23.7718 -2246.29 -257.525 -13.9961 -2191.97 -246.419
  poly 15: -59.1312 -2217 -251.882 -59.2193 -2208.98 -291.07 -68.995 -2263.3 -302.175 -68.9069 -2271.33 -262.987 -59.1312 -2217 -251.882
  poly 16: -54.1026 -2500 98.9033 -73.2607 -2500 -411.466 36.7878 -1888.48 -286.449 37.9167 -1906.66 -172.933 44.8421 -1864.82 -180.494 45.9626 -1882.86 -67.8192 38.762 -1920.27 -87.933 39.8825 -1938.32 24.742 46.8079 -1896.48 17.1812 47.9284 -1914.52 129.856 40.7278 -1951.93 109.742 41.7024 -1967.63 207.74 -54.1026 -2500 98.9033
  poly 17: -94.7326 -2500 98.5589 -113.891 -2500 -411.811 -1.26607 -1874.17 -283.866 -0.136339 -1892.36 -170.265 6.78901 -1850.52 -177.825 7.90952 -1868.56 -65.1503 0.708959 -1905.97 -85.2642 1.82947 -1924.02 27.4108 8.75481 -1882.18 19.8501 9.87532 -1900.22 132.525 2.67477 -1937.63 112.411 3.64845 -1953.31 210.322 -94.7326 -2500 98.5589
element 23
  poly 0: -264.675 -1803.83 195.198 -367.689 -1764.63 199.348 -367.026 -1758.7 159.755 -264.012 -1797.89 155.605 -264.675 -1803.83 195.198
  poly 1: -300.109 -1832.97 192.065 -403.122 -1793.78 196.215 -402.46 -1787.85 156.621 -299.446 -1827.04 152.472 -300.109 -1832.97 192.065
  poly 2: -676.73 -1647.05 211.798 -779.744 -1607.85 215.947 -779.082 -1601.92 176.354 -676.068 -1641.12 172.204 -676.73 -1647.05 211.798
  poly 3: -712.164 -1676.19 208.664 -815.178 -1637 212.814 -814.516 -1631.07 173.221 -711.502 -1670.26 169.071 -712.164 -1676.19 208.664
  poly 4: -264.001 -1751.51 -141.145 -367.682 -1712.06 -136.968 -367.02 -1706.13 -176.561 -263.339 -1745.58 -180.738 -264.001 -1751.51 -141.145
  poly 5: -299.435 -1780.66 -144.278 -403.116 -1741.21 -140.101 -402.454 -1735.28 -179.695 -298.773 -1774.73 -183.871 -299.435 -1780.66 -144.278
  poly 6: -678.726 -1593.72 -124.438 -782.407 -1554.27 -120.261 -781.744 -1548.34 -159.855 -678.063 -1587.79 -164.031 -678.726 -1593.72 -124.438
  poly 7: -714.159 -1622.86 -127.571 -817.84 -1583.42 -123.395 -817.178 -1577.48 -162.988 -713.497 -1616.93 -167.165 -714.159 -1622.86 -127.571
  poly 8: -980.418 -1531.85 226.277 -980.73 -1525.55 186.737 -877.704 -1564.31 179.746 -877.391 -1570.61 219.286 -980.418 -1531.85 226.277
  poly 9: -1025.55 -1556.88 220.815 -1025.86 -1550.58 181.275 -922.835 -1589.34 174.284 -922.522 -1595.64 213.825 -1025.55 -1556.88 220.815
  poly 10: -568.312 -1686.87 198.314 -568.625 -1680.57 158.773 -465.598 -1719.33 151.782 -465.286 -1725.63 191.323 -568.312 -1686.87 198.314
  poly 11: -613.443 -1711.91 192.852 -613.755 -1705.6 153.312 -510.729 -1744.36 146.321 -510.417 -1750.66 185.861 -613.443 -1711.91 192.852
  poly 12: -984.415 -1477.78 -109.726 -984.728 -1471.48 -149.267 -881.034 -1510.49 -156.303 -880.722 -1516.79 -116.763 -984.415 -1477.78 -109.726
  poly 13: -1029.55 -1502.82 -115.188 -1029.86 -1496.51 -154.729 -926.165 -1535.52 -161.765 -925.853 -1541.82 -122.224 -1029.55 -1502.82 -115.188
  poly 14: -569.641 -1633.81 -137.871 -569.953 -1627.51 -177.412 -466.259 -1666.52 -184.448 -465.947 -1672.82 -144.907 -569.641 -1633.81 -137.871
  poly 15: -614.771 -1658.84 -143.333 -615.084 -1652.54 -182.873 -511.39 -1691.55 -189.909 -511.078 -1697.85 -150.369 -614.771 -1658.84 -143.333
  poly 16: 48.7829 -1928.28 215.784 47.9284 -1914.52 129.856 9.87532 -1900.22 132.525 8.75481 -1882.18 19.8501 46.8079 -1896.48 17.1812 45.9626 -1882.86 -67.8192 7.90952 -1868.56 -65.1503 6.78901 -1850.52 -177.825 44.8421 -1864.82 -180.494 43.8684 -1849.14 -278.405 -1346.5 -1326.12 -184.062 -1349.95 -1402.12 310.694 48.7829 -1928.28 215.784
  poly 17: 41.7024 -1967.63 207.74 40.7278 -1951.93 109.742 2.67477 -1937.63 112.411 1.82947 -1924.02 27.4108 39.8825 -1938.32 24.742 38.762 -1920.27 -87.933 0.708959 -1905.97 -85.2642 -0.136339 -1892.36 -170.265 37.9167 -1906.66 -172.933 36.7878 -1888.48 -286.449 -1338.39 -1371.18 -193.136 -1341.85 -1447.18 301.62 41.7024 -1967.63 207.74
element 24
  poly 0: -134.176 -1847.3 150.375 -264.012 -1797.89 155.605 -299.446 -1827.04 152.472 -402.46 -1787.85 156.621 -367.026 -1758.7 159.755 -676.068 -1641.12 172.204 -711.502 -1670.26 169.071 -814.516 -1631.07 173.221 -779.082 -1601.92 176.354 -985.109 -1523.53 184.654 -1136.71 -1465.85 190.761 -1206.46 -1072.41 232.825 -1241.9 -1101.57 229.691 -1255.94 -1022.41 238.154 -1220.49 -993.253 241.288 -1262.59 -755.778 266.678 -1298.04 -784.935 263.543 -1312.07 -705.777 272.007 -1276.62 -676.619 275.141 -1304.69 -518.302 292.067 -1323.5 -412.189 303.413 -1018.42 -533.702 290.541 -973.39 -508.74 293.231 -872.611 -548.88 288.979 -917.64 -573.842 286.289 -615.302 -694.263 273.533 -570.272 -669.301 276.223 -469.493 -709.442 271.971 -514.522 -734.404 269.281 -312.963 -814.684 260.778 25.021 -949.303 246.518 1.86595 -1079.91 232.534 46.9102 -1054.94 235.225 33.3544 -1131.41 227.038 -11.6899 -1156.38 224.347 -52.3573 -1385.78 199.787 -7.3131 -1360.8 202.478 -20.8689 -1437.27 194.291 -65.9131 -1462.24 191.6 -93.0248 -1615.17 175.227 -134.176 -1847.3 150.375
  poly 1: -134.334 -1853.42 189.948 -264.675 -1803.83 195.198 -300.109 -1832.97 192.065 -403.122 -1793.78 196.215 -367.689 -1764.63 199.348 -676.73 -1647.05 211.798 -712.164 -1676.19 208.664 -815.178 -1637 212.814 -779.744 -1607.85 215.947 -985.772 -1529.46 224.247 -1136.16 -1472.24 230.305 -1206.29 -1076.63 272.602 -1241.74 -1105.79 269.467 -1255.77 -1026.63 277.93 -1220.32 -997.476 281.065 -1262.42 -760.001 306.454 -1297.87 -789.159 303.32 -1311.91 -710 311.783 -1276.46 -680.843 314.918 -1304.52 -522.526 331.844 -1323.72 -414.238 343.421 -1017.7 -536.126 330.51 -972.67 -511.164 333.2 -871.89 -551.304 328.948 -916.92 -576.267 326.258 -614.581 -696.687 313.503 -569.552 -671.725 316.192 -468.772 -711.866 311.94 -513.802 -736.828 309.251 -312.242 -817.108 300.747 25.534 -951.644 286.496 2.0339 -1084.2 272.304 47.0781 -1059.23 274.994 33.5223 -1135.7 266.808 -11.5219 -1160.67 264.117 -52.1894 -1390.06 239.557 -7.14515 -1365.09 242.247 -20.701 -1441.56 234.061 -65.7452 -1466.53 231.37 -92.8568 -1619.46 214.997 -134.334 -1853.42 189.948
element 25
  poly 0: -132.836 -1795.23 -185.995 -263.339 -1745.58 -180.738 -298.773 -1774.73 -183.871 -402.454 -1735.28 -179.695 -367.02 -1706.13 -176.561 -678.063 -1587.79 -164.031 -713.497 -1616.93 -167.165 -817.178 -1577.48 -162.988 -781.744 -1548.34 -159.855 -989.106 -1469.44 -151.501 -1141.37 -1411.5 -145.367 -1209.87 -1025.13 -104.058 -1245.32 -1054.28 -107.192 -1258.69 -978.858 -99.1282 -1223.24 -949.701 -95.9936 -1263.36 -723.427 -71.8016 -1298.8 -752.584 -74.9362 -1312.17 -677.16 -66.8722 -1276.73 -648.002 -63.7377 -1303.47 -497.153 -47.6097 -1321.62 -394.773 -36.6638 -1022.76 -513.81 -49.2729 -977.727 -488.848 -46.5832 -876.209 -529.282 -50.8662 -921.239 -554.244 -53.556 -616.685 -675.547 -66.4052 -571.655 -650.585 -63.7155 -470.137 -691.02 -67.9986 -515.167 -715.982 -70.6883 -312.131 -796.851 -79.2545 20.6606 -929.401 -93.295 -1.83951 -1056.32 -106.883 43.2047 -1031.35 -104.193 30.3039 -1104.12 -111.984 -14.7403 -1129.09 -114.675 -53.4428 -1347.4 -138.048 -8.39857 -1322.43 -135.357 -21.2994 -1395.2 -143.148 -66.3436 -1420.17 -145.839 -92.1452 -1565.71 -161.421 -132.836 -1795.23 -185.995
  poly 1: -132.993 -1801.36 -146.422 -264.001 -1751.51 -141.145 -299.435 -1780.66 -144.278 -403.116 -1741.21 -140.101 -367.682 -1712.06 -136.968 -678.726 -1593.72 -124.438 -714.159 -1622.86 -127.571 -817.84 -1583.42 -123.395 -782.407 -1554.27 -120.261 -989.769 -1475.37 -111.908 -1140.82 -1417.9 -105.823 -1209.71 -1029.35 -64.2812 -1245.15 -1058.51 -67.4157 -1258.52 -983.082 -59.3517 -1223.08 -953.924 -56.2172 -1263.19 -727.65 -32.0252 -1298.64 -756.808 -35.1598 -1312.01 -681.383 -27.0958 -1276.56 -652.225 -23.9612 -1303.31 -501.376 -7.83318 -1321.84 -396.822 3.34516 -1022.04 -516.234 -9.30369 -977.006 -491.272 -6.61393 -875.488 -531.706 -10.897 -920.518 -556.668 -13.5868 -615.964 -677.972 -26.436 -570.934 -653.01 -23.7462 -469.416 -693.444 -28.0293 -514.446 -718.406 -30.7191 -311.41 -799.275 -39.2852 21.1736 -931.742 -53.317 -1.67156 -1060.61 -67.1138 43.3727 -1035.64 -64.4231 30.4718 -1108.41 -72.2143 -14.5724 -1133.38 -74.9049 -53.2748 -1351.69 -98.2783 -8.23061 -1326.72 -95.5877 -21.1314 -1399.49 -103.379 -66.1757 -1424.46 -106.069 -91.9773 -1570 -121.652 -132.993 -1801.36 -146.422
element 26
  poly 0: -52.5724 -1621.34 214.857 -39.0166 -1544.88 223.032 -39.1856 -1540.59 183.262 -52.7414 -1617.06 175.087 -52.5724 -1621.34 214.857
  poly 1: -88.0955 -1592.61 217.946 -74.5398 -1516.14 226.121 -74.7087 -1511.86 186.351 -88.2645 -1588.33 178.176 -88.0955 -1592.61 217.946
  poly 2: 1.65068 -1315.48 247.558 15.2065 -1239.01 255.733 15.0375 -1234.73 215.963 1.48171 -1311.2 207.788 1.65068 -1315.48 247.558
  poly 3: -33.8724 -1286.75 250.647 -20.3167 -1210.28 258.823 -20.4856 -1206 219.052 -34.0414 -1282.46 210.877 -33.8724 -1286.75 250.647
  poly 4: -51.6929 -1571.88 -121.792 -38.7921 -1499.11 -114.012 -38.9611 -1494.83 -153.782 -51.8618 -1567.6 -161.563 -51.6929 -1571.88 -121.792
  poly 5: -87.216 -1543.15 -118.703 -74.3152 -1470.38 -110.923 -74.4842 -1466.1 -150.693 -87.385 -1538.87 -158.474 -87.216 -1543.15 -118.703
  poly 6: -0.0897775 -1280.8 -90.6712 12.811 -1208.03 -82.8908 12.642 -1203.74 -122.661 -0.258745 -1276.51 -130.441 -0.0897775 -1280.8 -90.6712
  poly 7: -35.6129 -1252.06 -87.5821 -22.7121 -1179.29 -79.8017 -22.8811 -1175.01 -119.572 -35.7819 -1247.78 -127.352 -35.6129 -1252.06 -87.5821
  poly 8: 47.0781 -1059.23 274.994 46.9102 -1054.94 235.225 33.3544 -1131.41 227.038 33.5223 -1135.7 266.808 47.0781 -1059.23 274.994
  poly 9: 2.0339 -1084.2 272.304 1.86595 -1079.91 232.534 -11.6899 -1156.38 224.347 -11.5219 -1160.67 264.117 2.0339 -1084.2 272.304
  poly 10: -7.14515 -1365.09 242.247 -7.3131 -1360.8 202.478 -20.8689 -1437.27 194.291 -20.701 -1441.56 234.061 -7.14515 -1365.09 242.247
  poly 11: -52.1894 -1390.06 239.557 -52.3573 -1385.78 199.787 -65.9131 -1462.24 191.6 -65.7452 -1466.53 231.37 -52.1894 -1390.06 239.557
  poly 12: 43.3727 -1035.64 -64.4231 43.2047 -1031.35 -104.193 30.3039 -1104.12 -111.984 30.4718 -1108.41 -72.2143 43.3727 -1035.64 -64.4231
  poly 13: -1.67156 -1060.61 -67.1138 -1.83951 -1056.32 -106.883 -14.7403 -1129.09 -114.675 -14.5724 -1133.38 -74.9049 -1.67156 -1060.61 -67.1138
  poly 14: -8.23061 -1326.72 -95.5877 -8.39857 -1322.43 -135.357 -21.2994 -1395.2 -143.148 -21.1314 -1399.49 -103.379 -8.23061 -1326.72 -95.5877
  poly 15: -53.2748 -1351.69 -98.2783 -53.4428 -1347.4 -138.048 -66.3436 -1420.17 -145.839 -66.1757 -1424.46 -106.069 -53.2748 -1351.69 -98.2783
  poly 16: -96.5196 -1877.08 247.774 -94.5481 -1800.53 -246.888 57.8297 -941 -154.863 59.3062 -947.739 -39.7979 66.2039 -906.732 -51.5274 67.666 -913.405 62.4098 60.4091 -952.773 46.1547 61.8711 -959.446 160.092 68.7689 -918.439 148.362 70.2309 -925.112 262.3 62.9741 -964.48 246.045 64.2421 -970.267 344.862 -96.5196 -1877.08 247.774
  poly 17: -134.57 -1862.61 249.307 -132.599 -1786.05 -245.355 19.8911 -925.889 -153.262 21.3647 -932.615 -38.4253 28.2624 -891.608 -50.1548 29.7244 -898.281 63.7825 22.4676 -937.649 47.5274 23.9296 -944.321 161.465 30.8274 -903.315 149.735 32.2894 -909.988 263.672 25.0326 -949.355 247.417 26.3035 -955.156 346.463 -134.57 -1862.61 249.307
element 27
  poly 0: -272.748 -791.201 327.253 -373.527 -750.834 327.253 -372.789 -748.993 287.253 -272.011 -789.36 287.253 -272.748 -791.201 327.253
  poly 1: -308.248 -820.125 327.253 -409.027 -779.757 327.253 -408.289 -777.916 287.253 -307.51 -818.283 287.253 -308.248 -820.125 327.253
  poly 2: -675.863 -629.733 327.253 -776.642 -589.366 327.253 -775.904 -587.524 287.253 -675.125 -627.891 287.253 -675.863 -629.733 327.253
  poly 3: -711.363 -658.656 327.253 -812.141 -618.289 327.253 -811.404 -616.447 287.253 -710.625 -656.814 287.253 -711.363 -658.656 327.253
  poly 4: -271.916 -773.37 -12.7469 -373.433 -732.707 -12.7469 -372.695 -730.865 -52.7469 -271.178 -771.528 -52.7469 -271.916 -773.37 -12.7469
  poly 5: -307.415 -802.293 -12.7469 -408.932 -761.63 -12.7469 -408.195 -759.788 -52.7469 -306.678 -800.451 -52.7469 -307.415 -802.293 -12.7469
  poly 6: -677.984 -610.718 -12.7469 -779.502 -570.055 -12.7469 -778.764 -568.213 -52.7469 -677.247 -608.876 -52.7469 -677.984 -610.718 -12.7469
  poly 7: -713.484 -639.641 -12.7469 -815.001 -598.978 -12.7469 -814.263 -597.137 -52.7469 -712.746 -637.799 -52.7469 -713.484 -639.641 -12.7469
  poly 8: -972.67 -511.164 333.2 -973.39 -508.74 293.231 -872.611 -548.88 288.979 -871.89 -551.304 328.948 -972.67 -511.164 333.2
  poly 9: -1017.7 -536.126 330.51 -1018.42 -533.702 290.541 -917.64 -573.842 286.289 -916.92 -576.267 326.258 -1017.7 -536.126 330.51
  poly 10: -569.552 -671.725 316.192 -570.272 -669.301 276.223 -469.493 -709.442 271.971 -468.772 -711.866 311.94 -569.552 -671.725 316.192
  poly 11: -614.581 -696.687 313.503 -615.302 -694.263 273.533 -514.522 -734.404 269.281 -513.802 -736.828 309.251 -614.581 -696.687 313.503
  poly 12: -977.006 -491.272 -6.61393 -977.727 -488.848 -46.5832 -876.209 -529.282 -50.8662 -875.488 -531.706 -10.897 -977.006 -491.272 -6.61393
  poly 13: -1022.04 -516.234 -9.30369 -1022.76 -513.81 -49.2729 -921.239 -554.244 -53.556 -920.518 -556.668 -13.5868 -1022.04 -516.234 -9.30369
  poly 14: -570.934 -653.01 -23.7462 -571.655 -650.585 -63.7155 -470.137 -691.02 -67.9986 -469.416 -693.444 -28.0293 -570.934 -653.01 -23.7462
  poly 15: -615.964 -677.972 -26.436 -616.685 -675.547 -66.4052 -515.167 -715.982 -70.6883 -514.446 -718.406 -30.7191 -615.964 -677.972 -26.436
  poly 16: 71.3454 -930.199 349.152 70.2309 -925.112 262.3 32.2894 -909.988 263.672 30.8274 -903.315 149.735 68.7689 -918.439 148.362 67.666 -913.405 62.4098 29.7244 -898.281 63.7825 28.2624 -891.608 -50.1548 66.2039 -906.732 -51.5274 64.933 -900.932 -150.573 -1329.47 -345.543 -91.7425 -1332.24 -371.155 408.37 71.3454 -930.199 349.152
  poly 17: 64.2421 -970.267 344.862 62.9741 -964.48 246.045 25.0326 -949.355 247.417 23.9296 -944.321 161.465 61.8711 -959.446 160.092 60.4091 -952.773 46.1547 22.4676 -937.649 47.5274 21.3647 -932.615 -38.4253 59.3062 -947.739 -39.7979 57.8297 -941 -154.863 -1321.29 -391.7 -96.6773 -1324.05 -417.312 403.435 64.2421 -970.267 344.862
element 28
  poly 0: -144.123 -840.586 287.253 -272.011 -789.36 287.253 -307.51 -818.283 287.253 -408.289 -777.916 287.253 -372.789 -748.993 287.253 -675.125 -627.891 287.253 -710.625 -656.814 287.253 -811.404 -616.447 287.253 -775.904 -587.524 287.253 -977.461 -506.79 287.253 -1126.53 -447.081 287.253 -1200.17 -29.2915 287.253 -1235.69 -58.2283 287.253 -1251.7 32.5863 287.253 -1216.18 61.5231 287.253 -1264.2 333.967 287.253 -1299.72 305.03 287.253 -1315.73 395.845 287.253 -1280.21 424.781 287.253 -1312.23 606.411 287.253 -1333.05 724.524 287.253 -1026.56 601.761 287.253 -981.537 626.868 287.253 -878.564 585.621 287.253 -923.59 560.514 287.253 -614.671 436.776 287.253 -569.644 461.883 287.253 -466.671 420.636 287.253 -511.698 395.529 287.253 -305.752 313.037 287.253 35.1565 176.484 287.253 9.54979 31.2149 287.253 54.5942 56.3316 287.253 38.5867 -34.4807 287.253 -6.45772 -59.5974 287.253 -54.4802 -332.034 287.253 -9.43584 -306.917 287.253 -25.4433 -397.73 287.253 -70.4877 -422.846 287.253 -102.503 -604.471 287.253 -144.123 -840.586 287.253
  poly 1: -144.308 -842.649 327.253 -272.748 -791.201 327.253 -308.248 -820.125 327.253 -409.027 -779.757 327.253 -373.527 -750.834 327.253 -675.863 -629.733 327.253 -711.363 -658.656 327.253 -812.141 -618.289 327.253 -776.642 -589.366 327.253 -978.199 -508.632 327.253 -1125.93 -449.458 327.253 -1200 -29.261 327.253 -1235.51 -58.1978 327.253 -1251.52 32.6168 327.253 -1216.01 61.5536 327.253 -1264.03 333.997 327.253 -1299.55 305.061 327.253 -1315.55 395.875 327.253 -1280.04 424.812 327.253 -1312.05 606.441 327.253 -1333.26 726.75 327.253 -1025.82 603.605 327.253 -980.798 628.712 327.253 -877.825 587.466 327.253 -922.852 562.359 327.253 -613.933 438.62 327.253 -568.906 463.727 327.253 -465.933 422.481 327.253 -510.96 397.374 327.253 -305.014 314.881 327.253 35.6758 178.417 327.253 9.72306 31.1843 327.253 54.7675 56.301 327.253 38.76 -34.5112 327.253 -6.28444 -59.6279 327.253 -54.307 -332.065 327.253 -9.26256 -306.948 327.253 -25.2701 -397.76 327.253 -70.3145 -422.877 327.253 -102.329 -604.501 327.253 -144.308 -842.649 327.253
element 29
  poly 0: -142.55 -823.05 -52.7469 -271.178 -771.528 -52.7469 -306.678 -800.451 -52.7469 -408.195 -759.788 -52.7469 -372.695 -730.865 -52.7469 -677.247 -608.876 -52.7469 -712.746 -637.799 -52.7469 -814.263 -597.137 -52.7469 -778.764 -568.213 -52.7469 -981.798 -486.888 -52.7469 -1131.61 -426.882 -52.7469 -1203.89 -16.8169 -52.7469 -1239.4 -45.7537 -52.7469 -1254.72 41.1364 -52.7469 -1219.2 70.0732 -52.7469 -1265.15 330.744 -52.7469 -1300.67 301.807 -52.7469 -1315.99 388.697 -52.7469 -1280.47 417.634 -52.7469 -1311.1 591.414 -52.7469 -1331.23 705.603 -52.7469 -1030.88 585.297 -52.7469 -985.856 610.404 -52.7469 -882.144 568.862 -52.7469 -927.171 543.755 -52.7469 -616.037 419.129 -52.7469 -571.01 444.236 -52.7469 -467.299 402.694 -52.7469 -512.325 377.587 -52.7469 -304.903 294.503 -52.7469 30.7425 160.059 -52.7469 5.82754 18.7135 -52.7469 50.8719 43.8302 -52.7469 35.5561 -43.058 -52.7469 -9.48828 -68.1747 -52.7469 -55.4357 -328.839 -52.7469 -10.3913 -303.723 -52.7469 -25.7072 -390.611 -52.7469 -70.7516 -415.728 -52.7469 -101.383 -589.504 -52.7469 -142.55 -823.05 -52.7469
  poly 1: -142.735 -825.113 -12.7469 -271.916 -773.37 -12.7469 -307.415 -802.293 -12.7469 -408.932 -761.63 -12.7469 -373.433 -732.707 -12.7469 -677.984 -610.718 -12.7469 -713.484 -639.641 -12.7469 -815.001 -598.978 -12.7469 -779.502 -570.055 -12.7469 -982.536 -488.729 -12.7469 -1131.01 -429.258 -12.7469 -1203.72 -16.7863 -12.7469 -1239.23 -45.7231 -12.7469 -1254.55 41.167 -12.7469 -1219.03 70.1038 -12.7469 -1264.98 330.774 -12.7469 -1300.5 301.837 -12.7469 -1315.81 388.727 -12.7469 -1280.3 417.664 -12.7469 -1310.93 591.445 -12.7469 -1331.44 707.829 -12.7469 -1030.14 587.142 -12.7469 -985.117 612.249 -12.7469 -881.406 570.707 -12.7469 -926.432 545.6 -12.7469 -615.298 420.974 -12.7469 -570.271 446.081 -12.7469 -466.56 404.538 -12.7469 -511.587 379.432 -12.7469 -304.164 296.347 -12.7469 31.2618 161.991 -12.7469 6.00082 18.6829 -12.7469 51.0452 43.7997 -12.7469 35.7294 -43.0886 -12.7469 -9.315 -68.2053 -12.7469 -55.2625 -328.87 -12.7469 -10.2181 -303.753 -12.7469 -25.5339 -390.641 -12.7469 -70.5783 -415.758 -12.7469 -101.21 -589.534 -12.7469 -142.735 -825.113 -12.7469
element 30
  poly 0: -62.0456 -606.391 327.253 -46.0381 -515.579 327.253 -46.2113 -515.548 287.253 -62.2188 -606.361 287.253 -62.0456 -606.391 327.253
  poly 1: -97.569 -577.495 327.253 -81.5615 -486.682 327.253 -81.7348 -486.652 287.253 -97.7423 -577.464 287.253 -97.569 -577.495 327.253
  poly 2: 1.98446 -243.142 327.253 17.992 -152.33 327.253 17.8187 -152.3 287.253 1.81119 -243.112 287.253 1.98446 -243.142 327.253
  poly 3: -33.539 -214.246 327.253 -17.5315 -123.433 327.253 -17.7047 -123.403 287.253 -33.7123 -214.215 287.253 -33.539 -214.246 327.253
  poly 4: -60.926 -591.424 -12.7469 -45.6102 -504.536 -12.7469 -45.7835 -504.506 -52.7469 -61.0993 -591.394 -52.7469 -60.926 -591.424 -12.7469
  poly 5: -96.4494 -562.528 -12.7469 -81.1336 -475.64 -12.7469 -81.3069 -475.609 -52.7469 -96.6227 -562.497 -52.7469 -96.4494 -562.528 -12.7469
  poly 6: 0.337279 -243.872 -12.7469 15.6531 -156.983 -12.7469 15.4798 -156.953 -52.7469 0.164001 -243.841 -52.7469 0.337279 -243.872 -12.7469
  poly 7: -35.1862 -214.975 -12.7469 -19.8703 -128.087 -12.7469 -20.0436 -128.056 -52.7469 -35.3594 -214.944 -52.7469 -35.1862 -214.975 -12.7469
  poly 8: 54.7675 56.301 327.253 54.5942 56.3316 287.253 38.5867 -34.4807 287.253 38.76 -34.5112 327.253 54.7675 56.301 327.253
  poly 9: 9.72306 31.1843 327.253 9.54979 31.2149 287.253 -6.45772 -59.5974 287.253 -6.28444 -59.6279 327.253 9.72306 31.1843 327.253
  poly 10: -9.26256 -306.948 327.253 -9.43584 -306.917 287.253 -25.4433 -397.73 287.253 -25.2701 -397.76 327.253 -9.26256 -306.948 327.253
  poly 11: -54.307 -332.065 327.253 -54.4802 -332.034 287.253 -70.4877 -422.846 287.253 -70.3145 -422.877 327.253 -54.307 -332.065 327.253
  poly 12: 51.0452 43.7997 -12.7469 50.8719 43.8302 -52.7469 35.5561 -43.058 -52.7469 35.7294 -43.0886 -12.7469 51.0452 43.7997 -12.7469
  poly 13: 6.00082 18.6829 -12.7469 5.82754 18.7135 -52.7469 -9.48828 -68.1747 -52.7469 -9.315 -68.2053 -12.7469 6.00082 18.6829 -12.7469
  poly 14: -10.2181 -303.753 -12.7469 -10.3913 -303.723 -52.7469 -25.7072 -390.611 -52.7469 -25.5339 -390.641 -12.7469 -10.2181 -303.753 -12.7469
  poly 15: -55.2625 -328.87 -12.7469 -55.4357 -328.839 -52.7469 -70.7516 -415.728 -52.7469 -70.5783 -415.758 -12.7469 -55.2625 -328.87 -12.7469
  poly 16: -106.647 -860.939 387.253 -104.335 -835.152 -112.747 67.902 141.964 -112.747 69.3967 147.526 2.39043 76.2918 187.049 -13.6435 77.7718 192.556 100.356 70.5132 151.681 88.3904 71.9932 157.188 202.39 78.8883 196.711 186.356 80.3682 202.218 300.356 73.1096 161.343 288.39 74.3931 166.119 387.253 -106.647 -860.939 387.253
  poly 17: -144.585 -845.743 387.253 -142.273 -819.956 -112.747 29.9636 157.16 -112.747 31.4552 162.711 2.14942 38.3503 202.234 -13.8845 39.8303 207.741 100.115 32.5717 166.866 88.1494 34.0516 172.373 202.149 40.9467 211.896 186.115 42.4267 217.403 300.115 35.1681 176.528 288.149 36.4547 181.315 387.253 -144.585 -845.743 387.253
element 31
  poly 0: -265.525 343.497 351.366 -368.498 384.508 346.964 -367.759 382.073 306.996 -264.786 341.062 311.397 -265.525 343.497 351.366
  poly 1: -301.026 314.739 354.452 -403.999 355.75 350.051 -403.26 353.315 310.082 -300.287 312.305 314.484 -301.026 314.739 354.452
  poly 2: -677.417 507.54 333.76 -780.39 548.551 329.358 -779.651 546.116 289.39 -676.678 505.105 293.791 -677.417 507.54 333.76
  poly 3: -712.918 478.782 336.846 -815.891 519.793 332.444 -815.152 517.358 292.476 -712.179 476.348 296.878 -712.918 478.782 336.846
  poly 4: -264.675 324.965 11.4022 -368.387 366.27 6.96902 -367.648 363.835 -32.9994 -263.936 322.53 -28.5663 -264.675 324.965 11.4022
  poly 5: -300.176 296.207 14.4886 -403.888 337.512 10.0555 -403.149 335.078 -29.9129 -299.437 293.773 -25.4798 -300.176 296.207 14.4886
  poly 6: -679.521 490.184 -6.3304 -783.233 531.489 -10.7635 -782.494 529.055 -50.732 -678.782 487.75 -46.2988 -679.521 490.184 -6.3304
  poly 7: -715.022 461.427 -3.24393 -818.733 502.732 -7.67707 -817.995 500.297 -47.6455 -714.283 458.992 -43.2123 -715.022 461.427 -3.24393
  poly 8: -980.798 628.712 327.253 -981.537 626.868 287.253 -878.564 585.621 287.253 -877.825 587.466 327.253 -980.798 628.712 327.253
  poly 9: -1025.82 603.605 327.253 -1026.56 601.761 287.253 -923.59 560.514 287.253 -922.852 562.359 327.253 -1025.82 603.605 327.253
  poly 10: -568.906 463.727 327.253 -569.644 461.883 287.253 -466.671 420.636 287.253 -465.933 422.481 327.253 -568.906 463.727 327.253
  poly 11: -613.933 438.62 327.253 -614.671 436.776 287.253 -511.698 395.529 287.253 -510.96 397.374 327.253 -613.933 438.62 327.253
  poly 12: -985.117 612.249 -12.7469 -985.856 610.404 -52.7469 -882.144 568.862 -52.7469 -881.406 570.707 -12.7469 -985.117 612.249 -12.7469
  poly 13: -1030.14 587.142 -12.7469 -1030.88 585.297 -52.7469 -927.171 543.755 -52.7469 -926.432 545.6 -12.7469 -1030.14 587.142 -12.7469
  poly 14: -570.271 446.081 -12.7469 -571.01 444.236 -52.7469 -467.299 402.694 -52.7469 -466.56 404.538 -12.7469 -570.271 446.081 -12.7469
  poly 15: -615.298 420.974 -12.7469 -616.037 419.129 -52.7469 -512.325 377.587 -52.7469 -511.587 379.432 -12.7469 -615.298 420.974 -12.7469
  poly 16: 81.4963 206.416 387.253 80.3682 202.218 300.356 42.4267 217.403 300.115 40.9467 211.896 186.115 78.8883 196.711 186.356 77.7718 192.556 100.356 39.8303 207.741 100.115 38.3503 202.234 -13.8845 76.2918 187.049 -13.6435 75.0052 182.261 -112.747 -1339.09 748.684 -112.747 -1341.76 776.509 387.253 81.4963 206.416 387.253
  poly 17: 74.3931 166.119 387.253 73.1096 161.343 288.39 35.1681 176.528 288.149 34.0516 172.373 202.149 71.9932 157.188 202.39 70.5132 151.681 88.3904 32.5717 166.866 88.1494 31.4552 162.711 2.14942 69.3967 147.526 2.39043 67.902 141.964 -112.747 -1330.91 702.264 -112.747 -1333.58 730.089 387.253 74.3931 166.119 387.253
element 32
  poly 0: -134.684 289.247 316.959 -264.786 341.062 311.397 -300.287 312.305 314.484 -403.26 353.315 310.082 -367.759 382.073 306.996 -676.678 505.105 293.791 -712.179 476.348 296.878 -815.152 517.358 292.476 -779.651 546.116 289.39 -985.597 628.138 280.586 -1136.87 688.385 274.12 -1206.99 1083.87 231.674 -1242.5 1055.1 234.761 -1256.34 1133.18 226.381 -1220.83 1161.95 223.294 -1262.35 1396.19 198.154 -1297.87 1367.42 201.242 -1311.71 1445.49 192.862 -1276.2 1474.26 189.774 -1303.88 1630.42 173.014 -1322.55 1735.75 161.709 -1054.03 1627.68 173.308 -1009.02 1652.52 170.643 -904.796 1610.57 175.145 -949.805 1585.73 177.81 -637.138 1459.9 191.316 -592.129 1484.73 188.65 -487.907 1442.79 193.152 -532.916 1417.95 195.818 -324.471 1334.06 204.821 25.5693 1193.18 219.942 2.23293 1061.55 234.069 47.2539 1086.39 231.403 33.5216 1008.93 239.717 -11.4994 984.09 242.383 -52.6963 751.712 267.323 -7.6753 776.553 264.657 -21.4076 699.094 272.971 -66.4286 674.252 275.637 -93.8932 519.333 292.264 -134.684 289.247 316.959
  poly 1: -134.871 291.462 356.951 -265.525 343.497 351.366 -301.026 314.739 354.452 -403.999 355.75 350.051 -368.498 384.508 346.964 -677.417 507.54 333.76 -712.918 478.782 336.846 -815.891 519.793 332.444 -780.39 548.551 329.358 -986.336 630.572 320.555 -1136.28 690.289 314.146 -1206.82 1088.17 271.442 -1242.33 1059.4 274.53 -1256.17 1137.48 266.15 -1220.66 1166.25 263.062 -1262.18 1400.48 237.922 -1297.7 1371.71 241.01 -1311.54 1449.79 232.63 -1276.03 1478.56 229.542 -1303.71 1634.72 212.782 -1322.73 1742.01 201.267 -1053.36 1633.6 212.903 -1008.35 1658.43 210.237 -904.124 1616.49 214.739 -949.133 1591.65 217.405 -636.467 1465.82 230.91 -591.457 1490.65 228.245 -487.235 1448.71 232.747 -532.244 1423.87 235.412 -323.8 1339.98 244.416 26.0523 1199.18 259.528 2.40469 1065.79 273.844 47.4257 1090.63 271.178 33.6934 1013.17 279.492 -11.3276 988.329 282.158 -52.5245 755.95 307.098 -7.50354 780.792 304.432 -21.2358 703.332 312.746 -66.2569 678.491 315.412 -93.7215 523.572 332.039 -134.871 291.462 356.951
element 33
  poly 0: -133.094 270.42 -22.9734 -263.936 322.53 -28.5663 -299.437 293.773 -25.4798 -403.149 335.078 -29.9129 -367.648 363.835 -32.9994 -678.782 487.75 -46.2988 -714.283 458.992 -43.2123 -817.995 500.297 -47.6455 -782.494 529.055 -50.732 -989.917 611.664 -59.5982 -1141.93 672.208 -66.0962 -1210.73 1060.23 -107.742 -1246.24 1031.46 -104.654 -1259.43 1105.85 -112.637 -1223.91 1134.62 -115.725 -1263.47 1357.76 -139.675 -1298.99 1328.99 -136.587 -1312.18 1403.38 -144.571 -1276.66 1432.15 -147.658 -1303.03 1580.91 -163.625 -1321.05 1682.55 -174.533 -1057.25 1576.38 -163.138 -1012.24 1601.21 -165.804 -907.366 1559 -161.274 -952.375 1534.17 -158.608 -637.75 1407.54 -145.018 -592.741 1432.38 -147.683 -487.866 1390.17 -143.153 -532.875 1365.34 -140.488 -323.124 1280.92 -131.428 21.4641 1142.23 -116.543 -1.21274 1014.32 -102.814 43.8083 1039.16 -105.481 30.7355 965.424 -97.5664 -14.2855 940.583 -94.9002 -53.5037 719.366 -71.1576 -8.48269 744.207 -73.8237 -21.5554 670.468 -65.9095 -66.5764 645.627 -63.2433 -92.7219 498.149 -47.4149 -133.094 270.42 -22.9734
  poly 1: -133.281 272.635 17.0186 -264.675 324.965 11.4022 -300.176 296.207 14.4886 -403.888 337.512 10.0555 -368.387 366.27 6.96902 -679.521 490.184 -6.3304 -715.022 461.427 -3.24393 -818.733 502.732 -7.67707 -783.233 531.489 -10.7635 -990.656 614.099 -19.6298 -1141.34 674.111 -26.0708 -1210.55 1064.53 -67.9736 -1246.07 1035.76 -64.8858 -1259.26 1110.14 -72.8691 -1223.74 1138.91 -75.9569 -1263.3 1362.06 -99.9067 -1298.82 1333.29 -96.8189 -1312.01 1407.67 -104.802 -1276.49 1436.44 -107.89 -1302.86 1585.21 -123.857 -1321.23 1688.81 -134.975 -1056.58 1582.3 -123.544 -1011.57 1607.13 -126.209 -906.695 1564.92 -121.679 -951.704 1540.09 -119.014 -637.078 1413.46 -105.423 -592.069 1438.3 -108.089 -487.194 1396.09 -103.559 -532.203 1371.25 -100.893 -322.453 1286.84 -91.833 21.947 1148.23 -76.9565 -1.04097 1018.56 -63.0396 43.98 1043.4 -65.7058 30.9073 969.663 -57.7916 -14.1137 944.822 -55.1254 -53.3319 723.604 -31.3827 -8.31093 748.446 -34.0489 -21.3837 674.707 -26.1347 -66.4047 649.865 -23.4685 -92.5502 502.387 -7.64009 -133.281 272.635 17.0186
element 34
  poly 0: -53.4404 521.677 332.242 -39.7081 599.136 323.929 -39.8798 594.898 284.154 -53.6121 517.438 292.467 -53.4404 521.677 332.242
  poly 1: -88.9816 550.308 329.169 -75.2493 627.768 320.856 -75.421 623.529 281.081 -89.1533 546.07 289.395 -88.9816 550.308 329.169
  poly 2: 1.48887 831.515 298.988 15.2212 908.974 290.675 15.0494 904.736 250.9 1.3171 827.276 259.213 1.48887 831.515 298.988
  poly 3: -34.0523 860.146 295.915 -20.32 937.606 287.602 -20.4918 933.367 247.827 -34.2241 855.908 256.14 -34.0523 860.146 295.915
  poly 4: -52.2691 500.492 -7.4367 -39.1963 574.231 -15.3509 -39.3681 569.993 -55.1257 -52.4408 496.254 -47.2115 -52.2691 500.492 -7.4367
  poly 5: -87.8103 529.123 -10.5096 -74.7375 602.863 -18.4238 -74.9093 598.624 -58.1987 -87.982 524.885 -50.2844 -87.8103 529.123 -10.5096
  poly 6: 0.0219095 795.449 -39.0936 13.0947 869.188 -47.0078 12.9229 864.949 -86.7826 -0.149855 791.21 -78.8684 0.0219095 795.449 -39.0936
  poly 7: -35.5193 824.08 -42.1665 -22.4465 897.819 -50.0807 -22.6183 893.58 -89.8555 -35.6911 819.841 -81.9413 -35.5193 824.08 -42.1665
  poly 8: 47.4257 1090.63 271.178 47.2539 1086.39 231.403 33.5216 1008.93 239.717 33.6934 1013.17 279.492 47.4257 1090.63 271.178
  poly 9: 2.40469 1065.79 273.844 2.23293 1061.55 234.069 -11.4994 984.09 242.383 -11.3276 988.329 282.158 2.40469 1065.79 273.844
  poly 10: -7.50354 780.792 304.432 -7.6753 776.553 264.657 -21.4076 699.094 272.971 -21.2358 703.332 312.746 -7.50354 780.792 304.432
  poly 11: -52.5245 755.95 307.098 -52.6963 751.712 267.323 -66.4286 674.252 275.637 -66.2569 678.491 315.412 -52.5245 755.95 307.098
  poly 12: 43.98 1043.4 -65.7058 43.8083 1039.16 -105.481 30.7355 965.424 -97.5664 30.9073 969.663 -57.7916 43.98 1043.4 -65.7058
  poly 13: -1.04097 1018.56 -63.0396 -1.21274 1014.32 -102.814 -14.2855 940.583 -94.9002 -14.1137 944.822 -55.1254 -1.04097 1018.56 -63.0396
  poly 14: -8.31093 748.446 -34.0489 -8.48269 744.207 -73.8237 -21.5554 670.468 -65.9095 -21.3837 674.707 -26.1347 -8.31093 748.446 -34.0489
  poly 15: -53.3319 723.604 -31.3827 -53.5037 719.366 -71.1576 -66.5764 645.627 -63.2433 -66.4047 649.865 -23.4685 -53.3319 723.604 -31.3827
  poly 16: -97.2129 279.674 418.56 -94.8756 251.988 -81.3398 58.6517 1117.99 -174.285 60.0404 1135.22 -60.455 66.9564 1172.94 -80.425 68.3328 1190.02 32.3962 61.0788 1148.11 24.6558 62.4553 1165.19 137.477 69.3712 1202.91 117.507 70.7477 1219.99 230.328 63.4936 1178.08 222.588 64.6888 1192.91 320.545 -97.2129 279.674 418.56
  poly 17: -135.151 294.784 416.939 -132.814 267.098 -82.9614 20.7396 1133.24 -175.923 22.1259 1150.45 -62.298 29.0418 1188.16 -82.268 30.4183 1205.25 30.5532 23.1643 1163.34 22.8128 24.5407 1180.42 135.634 31.4567 1218.13 115.664 32.8331 1235.22 228.485 25.5791 1193.3 220.745 26.7767 1208.17 318.908 -135.151 294.784 416.939
element 35
  poly 0: -283.968 1369.59 258.764 -388.203 1411.08 251.288 -387.881 1404.76 211.75 -283.646 1363.28 219.226 -283.968 1369.59 258.764
  poly 1: -319.495 1341.4 264.79 -423.731 1382.89 257.314 -423.409 1376.57 217.776 -319.173 1335.09 225.252 -319.495 1341.4 264.79
  poly 2: -700.909 1535.54 228.86 -805.145 1577.02 221.384 -804.823 1570.71 181.846 -700.587 1529.22 189.322 -700.909 1535.54 228.86
  poly 3: -736.437 1507.35 234.886 -840.672 1548.83 227.41 -840.35 1542.52 187.872 -736.115 1501.03 195.348 -736.437 1507.35 234.886
  poly 4: -282.621 1316.46 -77.4045 -387.509 1358.21 -84.9272 -387.187 1351.89 -124.465 -282.299 1310.15 -116.942 -282.621 1316.46 -77.4045
  poly 5: -318.148 1288.27 -71.3786 -423.036 1330.02 -78.9014 -422.714 1323.7 -118.439 -317.826 1281.96 -110.916 -318.148 1288.27 -71.3786
  poly 6: -702.174 1483.45 -107.496 -807.063 1525.19 -115.018 -806.74 1518.88 -154.556 -701.852 1477.13 -147.033 -702.174 1483.45 -107.496
  poly 7: -737.702 1455.26 -101.47 -842.59 1497 -108.993 -842.268 1490.69 -148.53 -737.379 1448.94 -141.007 -737.702 1455.26 -101.47
  poly 8: -1008.35 1658.43 210.237 -1009.02 1652.52 170.643 -904.796 1610.57 175.145 -904.124 1616.49 214.739 -1008.35 1658.43 210.237
  poly 9: -1053.36 1633.6 212.903 -1054.03 1627.68 173.308 -949.805 1585.73 177.81 -949.133 1591.65 217.405 -1053.36 1633.6 212.903
  poly 10: -591.457 1490.65 228.245 -592.129 1484.73 188.65 -487.907 1442.79 193.152 -487.235 1448.71 232.747 -591.457 1490.65 228.245
  poly 11: -636.467 1465.82 230.91 -637.138 1459.9 191.316 -532.916 1417.95 195.818 -532.244 1423.87 235.412 -636.467 1465.82 230.91
  poly 12: -1011.57 1607.13 -126.209 -1012.24 1601.21 -165.804 -907.366 1559 -161.274 -906.695 1564.92 -121.679 -1011.57 1607.13 -126.209
  poly 13: -1056.58 1582.3 -123.544 -1057.25 1576.38 -163.138 -952.375 1534.17 -158.608 -951.704 1540.09 -119.014 -1056.58 1582.3 -123.544
  poly 14: -592.069 1438.3 -108.089 -592.741 1432.38 -147.683 -487.866 1390.17 -143.153 -487.194 1396.09 -103.559 -592.069 1438.3 -108.089
  poly 15: -637.078 1413.46 -105.423 -637.75 1407.54 -145.018 -532.875 1365.34 -140.488 -532.203 1371.25 -100.893 -637.078 1413.46 -105.423
  poly 16: 71.7958 1233 316.243 70.7477 1219.99 230.328 32.8331 1235.22 228.485 31.4567 1218.13 115.664 69.3712 1202.91 117.507 68.3328 1190.02 32.3962 30.4183 1205.25 30.5532 29.0418 1188.16 -82.268 66.9564 1172.94 -80.425 65.7587 1158.07 -178.588 -1328.99 1719.41 -238.834 -1331.2 1797.65 255.64 71.7958 1233 316.243
  poly 17: 64.6888 1192.91 320.545 63.4936 1178.08 222.588 25.5791 1193.3 220.745 24.5407 1180.42 135.634 62.4553 1165.19 137.477 61.0788 1148.11 24.6558 23.1643 1163.34 22.8128 22.1259 1150.45 -62.298 60.0404 1135.22 -60.455 58.6517 1117.99 -174.285 -1320.79 1673.16 -233.87 -1323 1751.4 260.604 64.6888 1192.91 320.545
element 36
  poly 0: -152.349 1311.02 228.643 -283.646 1363.28 219.226 -319.173 1335.09 225.252 -423.409 1376.57 217.776 -387.881 1404.76 211.75 -700.587 1529.22 189.322 -736.115 1501.03 195.348 -840.35 1542.52 187.872 -804.823 1570.71 181.846 -1013.29 1653.68 166.895 -1165.33 1714.19 155.99 -1226.39 2053.72 87.7596 -1261.92 2025.53 93.7865 -1270.34 2072.33 84.3809 -1234.81 2100.52 78.354 -1260.06 2240.94 50.1372 -1295.59 2212.74 56.1641 -1304.01 2259.55 46.7585 -1268.47 2287.74 40.7316 -1285.31 2381.35 21.9204 -1299.45 2460 6.1153 -1148.6 2460 4.7734 -1101.38 2500 -3.74878 -951.115 2500 -5.08547 -998.327 2460 3.43671 -547.523 2460 -0.57335 -500.311 2500 -9.09553 -350.042 2500 -10.4322 -397.254 2460 -1.91004 -96.7179 2460 -4.58341 54.4147 2460 -5.92779 23.2658 2286.91 29.4103 71.2038 2327.52 20.757 52.1035 2221.38 42.4262 4.16547 2180.77 51.0794 -53.1355 1862.35 116.087 -5.19751 1902.96 107.434 -24.2979 1796.82 129.103 -72.2359 1756.21 137.756 -110.437 1543.93 181.094 -152.349 1311.02 228.643
  poly 1: -152.584 1317.3 268.187 -283.968 1369.59 258.764 -319.495 1341.4 264.79 -423.731 1382.89 257.314 -388.203 1411.08 251.288 -700.909 1535.54 228.86 -736.437 1507.35 234.886 -840.672 1548.83 227.41 -805.145 1577.02 221.384 -1013.62 1659.99 206.432 -1164.88 1720.2 195.583 -1226.27 2061.62 126.972 -1261.81 2033.43 132.999 -1270.22 2080.23 123.593 -1234.69 2108.43 117.566 -1259.94 2248.84 89.3497 -1295.47 2220.64 95.3766 -1303.89 2267.45 85.971 -1268.36 2295.64 79.9441 -1285.19 2389.25 61.1329 -1297.91 2460 46.9155 -1148.23 2460 45.584 -1101.02 2500 37.0619 -950.752 2500 35.7252 -997.964 2460 44.2474 -547.159 2460 40.2373 -499.948 2500 31.7151 -349.679 2500 30.3784 -396.891 2460 38.9006 -96.3549 2460 36.2272 53.0489 2460 34.8982 23.3377 2294.9 68.6053 71.2757 2335.51 59.9521 52.1754 2229.37 81.6212 4.23732 2188.76 90.2744 -53.0637 1870.34 155.282 -5.12566 1910.95 146.629 -24.226 1804.81 168.298 -72.164 1764.2 176.951 -110.365 1551.92 220.289 -152.584 1317.3 268.187
element 37
  poly 0: -150.347 1257.63 -107.478 -282.299 1310.15 -116.942 -317.826 1281.96 -110.916 -422.714 1323.7 -118.439 -387.187 1351.89 -124.465 -701.852 1477.13 -147.033 -737.379 1448.94 -141.007 -842.268 1490.69 -148.53 -806.74 1518.88 -154.556 -1016.52 1602.37 -169.602 -1169.21 1663.14 -180.553 -1230.83 2005.79 -249.411 -1266.36 1977.6 -243.384 -1275.86 2030.39 -253.993 -1240.32 2058.59 -260.02 -1268.81 2216.97 -291.849 -1304.34 2188.78 -285.822 -1313.83 2241.57 -296.431 -1278.3 2269.77 -302.458 -1297.29 2375.36 -323.677 -1312.51 2460 -340.686 -1158.91 2460 -342.053 -1111.7 2500 -350.575 -958.692 2500 -351.936 -1005.9 2460 -343.414 -546.876 2460 -347.497 -499.665 2500 -356.019 -346.656 2500 -357.38 -393.867 2460 -348.858 -87.8495 2460 -351.58 66.0239 2460 -352.949 33.8416 2281.16 -316.438 81.7796 2321.78 -325.092 61.6459 2209.9 -302.25 13.7079 2169.28 -293.597 -46.6933 1833.63 -225.073 1.24475 1874.25 -233.726 -18.889 1762.37 -210.884 -66.827 1721.75 -202.231 -107.094 1497.99 -156.548 -150.347 1257.63 -107.478
  poly 1: -150.583 1263.91 -67.9344 -282.621 1316.46 -77.4045 -318.148 1288.27 -71.3786 -423.036 1330.02 -78.9014 -387.509 1358.21 -84.9272 -702.174 1483.45 -107.496 -737.702 1455.26 -101.47 -842.59 1497 -108.993 -807.063 1525.19 -115.018 -1016.84 1608.68 -130.064 -1168.76 1669.15 -140.96 -1230.71 2013.69 -210.198 -1266.25 1985.5 -204.171 -1275.74 2038.29 -214.781 -1240.21 2066.49 -220.808 -1268.69 2224.87 -252.636 -1304.22 2196.68 -246.609 -1313.72 2249.48 -257.219 -1278.18 2277.67 -263.246 -1297.17 2383.26 -284.465 -1310.97 2460 -299.886 -1158.55 2460 -301.242 -1111.34 2500 -309.764 -958.328 2500 -311.125 -1005.54 2460 -302.603 -546.513 2460 -306.686 -499.302 2500 -315.209 -346.293 2500 -316.57 -393.504 2460 -308.047 -87.4864 2460 -310.77 64.6581 2460 -312.123 33.9135 2289.15 -277.243 81.8515 2329.77 -285.897 61.7178 2217.89 -263.055 13.7797 2177.27 -254.402 -46.6214 1841.62 -185.878 1.31661 1882.24 -194.531 -18.8171 1770.36 -171.689 -66.7551 1729.74 -163.036 -107.023 1505.98 -117.353 -150.583 1263.91 -67.9344
element 38
  poly 0: -69.6564 1552.12 218.645 -50.5556 1658.33 197.303 -50.6064 1650.46 158.083 -69.7072 1544.25 179.426 -69.6564 1552.12 218.645
  poly 1: -103.16 1591.61 210.35 -84.0596 1697.81 189.007 -84.1104 1689.94 149.787 -103.211 1583.74 171.13 -103.16 1591.61 210.35
  poly 2: 6.74699 1976.95 133.275 25.8478 2083.16 111.932 25.797 2075.28 72.7122 6.69616 1969.08 94.0549 6.74699 1976.95 133.275
  poly 3: -26.7571 2016.43 124.979 -7.6562 2122.64 103.636 -7.70703 2114.77 64.4167 -26.8079 2008.56 85.7594 -26.7571 2016.43 124.979
  poly 4: -66.3142 1506.2 -118.94 -46.1799 1618.15 -141.437 -46.2308 1610.28 -180.657 -66.365 1498.32 -158.159 -66.3142 1506.2 -118.94
  poly 5: -99.8182 1545.68 -127.235 -79.684 1657.63 -149.733 -79.7348 1649.76 -188.952 -99.8691 1537.81 -166.455 -99.8182 1545.68 -127.235
  poly 6: 14.2228 1954 -208.929 34.3571 2065.96 -231.427 34.3063 2058.08 -270.646 14.172 1946.13 -248.149 14.2228 1954 -208.929
  poly 7: -19.2812 1993.49 -217.225 0.853062 2105.44 -239.722 0.802234 2097.57 -278.942 -19.332 1985.62 -256.445 -19.2812 1993.49 -217.225
  poly 8: 71.2757 2335.51 59.9521 71.2038 2327.52 20.757 52.1035 2221.38 42.4262 52.1754 2229.37 81.6212 71.2757 2335.51 59.9521
  poly 9: 23.3377 2294.9 68.6053 23.2658 2286.91 29.4103 4.16547 2180.77 51.0794 4.23732 2188.76 90.2744 23.3377 2294.9 68.6053
  poly 10: -5.12566 1910.95 146.629 -5.19751 1902.96 107.434 -24.2979 1796.82 129.103 -24.226 1804.81 168.298 -5.12566 1910.95 146.629
  poly 11: -53.0637 1870.34 155.282 -53.1355 1862.35 116.087 -72.2359 1756.21 137.756 -72.164 1764.2 176.951 -53.0637 1870.34 155.282
  poly 12: 81.8515 2329.77 -285.897 81.7796 2321.78 -325.092 61.6459 2209.9 -302.25 61.7178 2217.89 -263.055 81.8515 2329.77 -285.897
  poly 13: 33.9135 2289.15 -277.243 33.8416 2281.16 -316.438 13.7079 2169.28 -293.597 13.7797 2177.27 -254.402 33.9135 2289.15 -277.243
  poly 14: 1.31661 1882.24 -194.531 1.24475 1874.25 -233.726 -18.889 1762.37 -210.884 -18.8171 1770.36 -171.689 1.31661 1882.24 -194.531
  poly 15: -46.6214 1841.62 -185.878 -46.6933 1833.63 -225.073 -66.827 1721.75 -202.231 -66.7551 1729.74 -163.036 -46.6214 1841.62 -185.878
  poly 16: -115.024 1311.63 330.222 -112.08 1233.12 -164.074 108.702 2460 -414.549 104.919 2460 -301.488 112.315 2500 -315.543 108.423 2500 -199.207 101.983 2460 -213.725 98.0915 2460 -97.3888 105.487 2500 -111.444 101.595 2500 4.89217 95.1555 2460 -9.62617 91.6294 2460 95.7759 -115.024 1311.63 330.222
  poly 17: -152.937 1326.72 327.502 -149.994 1248.21 -166.794 68.0726 2460 -414.188 64.3478 2460 -302.845 71.743 2500 -316.901 67.851 2500 -200.564 61.4118 2460 -215.083 57.5198 2460 -98.7461 64.915 2500 -112.802 61.0231 2500 3.53489 54.5838 2460 -10.9835 51.0002 2460 96.1373 -152.937 1326.72 327.502
element 39
  poly 0: -1101.02 2500 37.0619 -1101.38 2500 -3.74878 -951.115 2500 -5.08547 -950.752 2500 35.7252 -1101.02 2500 37.0619
  poly 1: -1148.23 2460 45.584 -1148.6 2460 4.7734 -998.327 2460 3.43671 -997.964 2460 44.2474 -1148.23 2460 45.584
  poly 2: -499.948 2500 31.7151 -500.311 2500 -9.09553 -350.042 2500 -10.4322 -349.679 2500 30.3784 -499.948 2500 31.7151
  poly 3: -547.159 2460 40.2373 -547.523 2460 -0.57335 -397.254 2460 -1.91004 -396.891 2460 38.9006 -547.159 2460 40.2373
  poly 4: -1111.34 2500 -309.764 -1111.7 2500 -350.575 -958.692 2500 -351.936 -958.328 2500 -311.125 -1111.34 2500 -309.764
  poly 5: -1158.55 2460 -301.242 -1158.91 2460 -342.053 -1005.9 2460 -343.414 -1005.54 2460 -302.603 -1158.55 2460 -301.242
  poly 6: -499.302 2500 -315.209 -499.665 2500 -356.019 -346.656 2500 -357.38 -346.293 2500 -316.57 -499.302 2500 -315.209
  poly 7: -546.513 2460 -306.686 -546.876 2460 -347.497 -393.867 2460 -348.858 -393.504 2460 -308.047 -546.513 2460 -306.686
  poly 8: 98.8275 2500 87.6096 101.595 2500 4.89217 61.0231 2500 3.53489 64.915 2500 -112.802 105.487 2500 -111.444 108.423 2500 -199.207 67.851 2500 -200.564 71.743 2500 -316.901 112.315 2500 -315.543 115.9 2500 -422.716 -1322.01 2500 -409.925 -1302.8 2500 100.078 98.8275 2500 87.6096
  poly 9: 91.6294 2460 95.7759 95.1555 2460 -9.62617 54.5838 2460 -10.9835 57.5198 2460 -98.7461 98.0915 2460 -97.3888 101.983 2460 -213.725 61.4118 2460 -215.083 64.3478 2460 -302.845 104.919 2460 -301.488 108.702 2460 -414.549 -1314.81 2460 -401.887 -1295.61 2460 108.116 91.6294 2460 95.7759
element 40
  poly 0: 1251.37 1951.61 108.664 944.488 1829.47 130.674 989.523 1805.07 136.018 886.44 1764.04 143.412 841.405 1788.45 138.068 532.156 1665.36 160.248 577.191 1640.96 165.592 474.108 1599.93 172.985 429.074 1624.34 167.641 222.908 1542.28 182.427 -92.6487 1416.69 205.06 -69.7072 1544.25 179.426 -103.211 1583.74 171.13 -84.1104 1689.94 149.787 -50.6064 1650.46 158.083 6.69616 1969.08 94.0549 -26.8079 2008.56 85.7594 -7.70703 2114.77 64.4167 25.797 2075.28 72.7122 63.9987 2287.69 30.0269 102.181 2500 -12.637 1152.69 2500 -3.29241 1174.42 2379.21 21.3675 1219.44 2354.81 26.7099 1227.86 2308.04 36.2593 1182.84 2332.44 30.917 1208.09 2192.11 59.5653 1253.11 2167.71 64.9076 1261.53 2120.94 74.457 1216.51 2145.33 69.1147 1233.34 2051.78 88.2135 1251.37 1951.61 108.664
  poly 1: 1251.76 1957.96 148.196 944.81 1835.79 170.212 989.845 1811.38 175.556 886.762 1770.36 182.949 841.727 1794.76 177.605 532.478 1671.68 199.785 577.513 1647.28 205.129 474.431 1606.25 212.522 429.396 1630.65 207.178 223.23 1548.6 221.965 -92.9203 1422.77 244.64 -69.6564 1552.12 218.645 -103.16 1591.61 210.35 -84.0596 1697.81 189.007 -50.5556 1658.33 197.303 6.74699 1976.95 133.275 -26.7571 2016.43 124.979 -7.6562 2122.64 103.636 25.8478 2083.16 111.932 64.0495 2295.57 69.2466 100.816 2500 28.1647 1154.23 2500 37.5351 1174.52 2387.23 60.5582 1219.54 2362.83 65.9005 1227.96 2316.06 75.4499 1182.94 2340.45 70.1076 1208.19 2200.13 98.7559 1253.21 2175.73 104.098 1261.62 2128.96 113.648 1216.6 2153.35 108.305 1233.44 2059.8 127.404 1251.76 1957.96 148.196
element 41
  poly 0: 1248.01 1897.68 -227.36 945.119 1777.13 -205.636 990.154 1752.73 -200.292 886.401 1711.43 -192.85 841.366 1735.84 -198.194 530.105 1611.95 -175.87 575.14 1587.55 -170.526 471.386 1546.26 -163.085 426.351 1570.66 -168.429 218.844 1488.07 -153.546 -90.3399 1365.02 -131.371 -66.365 1498.32 -158.159 -99.8691 1537.81 -166.455 -79.7348 1649.76 -188.952 -46.2308 1610.28 -180.657 14.172 1946.13 -248.149 -19.332 1985.62 -256.445 0.802234 2097.57 -278.942 34.3063 2058.08 -270.646 74.5748 2281.99 -315.641 113.784 2500 -359.452 1139.62 2500 -350.327 1162.44 2373.18 -324.435 1207.46 2348.78 -319.093 1216.96 2296.02 -308.321 1171.94 2320.41 -313.663 1200.42 2162.13 -281.348 1245.44 2137.73 -276.006 1254.94 2084.97 -265.234 1209.92 2109.36 -270.576 1228.9 2003.84 -249.033 1248.01 1897.68 -227.36
  poly 1: 1248.4 1904.03 -187.827 945.441 1783.45 -166.098 990.476 1759.04 -160.754 886.723 1717.75 -153.313 841.688 1742.15 -158.657 530.427 1618.27 -136.333 575.462 1593.87 -130.989 471.708 1552.57 -123.547 426.673 1576.98 -128.891 219.166 1494.39 -114.008 -90.6115 1371.1 -91.7906 -66.3142 1506.2 -118.94 -99.8182 1545.68 -127.235 -79.684 1657.63 -149.733 -46.1799 1618.15 -141.437 14.2228 1954 -208.929 -19.2812 1993.49 -217.225 0.853062 2105.44 -239.722 34.3571 2065.96 -231.427 74.6256 2289.86 -276.421 112.419 2500 -318.65 1141.16 2500 -309.499 1162.54 2381.2 -285.244 1207.56 2356.8 -279.902 1217.05 2304.04 -269.13 1172.03 2328.43 -274.473 1200.52 2170.15 -242.157 1245.54 2145.75 -236.815 1255.03 2092.99 -226.043 1210.01 2117.38 -231.385 1229 2011.86 -209.842 1248.4 1904.03 -187.827
element 42
  poly 0: 263.01 1521.67 224.916 366.08 1563.15 220.464 366.752 1557.23 180.869 263.682 1515.75 185.321 263.01 1521.67 224.916
  poly 1: 227.458 1550.31 221.842 330.528 1591.79 217.39 331.199 1585.87 177.795 228.129 1544.39 182.247 227.458 1550.31 221.842
  poly 2: 675.29 1687.6 207.107 778.36 1729.08 202.655 779.031 1723.16 163.06 675.961 1681.68 167.513 675.29 1687.6 207.107
  poly 3: 639.737 1716.24 204.033 742.807 1757.72 199.581 743.478 1751.8 159.987 640.409 1710.32 164.439 639.737 1716.24 204.033
  poly 4: 258.947 1467.43 -111.216 362.688 1509.19 -115.697 363.359 1503.27 -155.292 259.619 1461.52 -150.811 258.947 1467.43 -111.216
  poly 5: 223.395 1496.07 -114.29 327.135 1537.83 -118.771 327.807 1531.91 -158.366 224.066 1490.16 -153.884 223.395 1496.07 -114.29
  poly 6: 673.91 1634.44 -129.14 777.65 1676.19 -133.622 778.322 1670.27 -173.216 674.581 1628.52 -168.735 673.91 1634.44 -129.14
  poly 7: 638.357 1663.08 -132.214 742.097 1704.83 -136.695 742.769 1698.92 -176.29 639.028 1657.16 -171.809 638.357 1663.08 -132.214
  poly 8: 989.845 1811.38 175.556 989.523 1805.07 136.018 886.44 1764.04 143.412 886.762 1770.36 182.949 989.845 1811.38 175.556
  poly 9: 944.81 1835.79 170.212 944.488 1829.47 130.674 841.405 1788.45 138.068 841.727 1794.76 177.605 944.81 1835.79 170.212
  poly 10: 577.513 1647.28 205.129 577.191 1640.96 165.592 474.108 1599.93 172.985 474.431 1606.25 212.522 577.513 1647.28 205.129
  poly 11: 532.478 1671.68 199.785 532.156 1665.36 160.248 429.074 1624.34 167.641 429.396 1630.65 207.178 532.478 1671.68 199.785
  poly 12: 990.476 1759.04 -160.754 990.154 1752.73 -200.292 886.401 1711.43 -192.85 886.723 1717.75 -153.313 990.476 1759.04 -160.754
  poly 13: 945.441 1783.45 -166.098 945.119 1777.13 -205.636 841.366 1735.84 -198.194 841.688 1742.15 -158.657 945.441 1783.45 -166.098
  poly 14: 575.462 1593.87 -130.989 575.14 1587.55 -170.526 471.386 1546.26 -163.085 471.708 1552.57 -123.547 575.462 1593.87 -130.989
  poly 15: 530.427 1618.27 -136.333 530.105 1611.95 -175.87 426.351 1570.66 -168.429 426.673 1576.98 -128.891 530.427 1618.27 -136.333
  poly 16: -101.527 1386.3 313.172 -98.1321 1310.31 -181.579 1254.52 1848.66 -278.594 1255.64 1866.61 -166.762 1293.42 1879.47 -183.397 1294.54 1897.55 -70.7306 1256.49 1880.25 -81.7677 1257.62 1898.34 30.8991 1295.39 1911.19 14.2636 1296.52 1929.28 126.93 1258.47 1911.98 115.893 1259.47 1927.97 215.559 -101.527 1386.3 313.172
  poly 17: -93.3278 1431.89 304.01 -89.9325 1355.9 -190.741 1247.41 1888.16 -286.658 1248.55 1906.39 -173.076 1286.33 1919.25 -189.711 1287.45 1937.33 -77.0445 1249.4 1920.03 -88.0815 1250.53 1938.12 24.5852 1288.3 1950.97 7.94967 1289.43 1969.06 120.616 1251.38 1951.76 109.579 1252.36 1967.47 207.495 -93.3278 1431.89 304.01
element 43
  poly 0: 1273.73 2061.62 126.972 1265.31 2108.43 117.566 1265.19 2100.52 78.354 1273.61 2053.72 87.7596 1273.73 2061.62 126.972
  poly 1: 1238.19 2033.43 132.999 1229.78 2080.23 123.593 1229.66 2072.33 84.3809 1238.08 2025.53 93.7865 1238.19 2033.43 132.999
  poly 2: 1240.06 2248.84 89.3497 1231.64 2295.64 79.9441 1231.53 2287.74 40.7316 1239.94 2240.94 50.1372 1240.06 2248.84 89.3497
  poly 3: 1204.53 2220.64 95.3766 1196.11 2267.45 85.971 1195.99 2259.55 46.7585 1204.41 2212.74 56.1641 1204.53 2220.64 95.3766
  poly 4: 1269.29 2013.69 -210.198 1259.79 2066.49 -220.808 1259.68 2058.59 -260.02 1269.17 2005.79 -249.411 1269.29 2013.69 -210.198
  poly 5: 1233.75 1985.5 -204.171 1224.26 2038.29 -214.781 1224.14 2030.39 -253.993 1233.64 1977.6 -243.384 1233.75 1985.5 -204.171
  poly 6: 1231.31 2224.87 -252.636 1221.82 2277.67 -263.246 1221.7 2269.77 -302.458 1231.19 2216.97 -291.849 1231.31 2224.87 -252.636
  poly 7: 1195.78 2196.68 -246.609 1186.28 2249.48 -257.219 1186.17 2241.57 -296.431 1195.66 2188.78 -285.822 1195.78 2196.68 -246.609
  poly 8: 1219.54 2362.83 65.9005 1219.44 2354.81 26.7099 1227.86 2308.04 36.2593 1227.96 2316.06 75.4499 1219.54 2362.83 65.9005
  poly 9: 1174.52 2387.23 60.5582 1174.42 2379.21 21.3675 1182.84 2332.44 30.917 1182.94 2340.45 70.1076 1174.52 2387.23 60.5582
  poly 10: 1253.21 2175.73 104.098 1253.11 2167.71 64.9076 1261.53 2120.94 74.457 1261.62 2128.96 113.648 1253.21 2175.73 104.098
  poly 11: 1208.19 2200.13 98.7559 1208.09 2192.11 59.5653 1216.51 2145.33 69.1147 1216.6 2153.35 108.305 1208.19 2200.13 98.7559
  poly 12: 1207.56 2356.8 -279.902 1207.46 2348.78 -319.093 1216.96 2296.02 -308.321 1217.05 2304.04 -269.13 1207.56 2356.8 -279.902
  poly 13: 1162.54 2381.2 -285.244 1162.44 2373.18 -324.435 1171.94 2320.41 -313.663 1172.03 2328.43 -274.473 1162.54 2381.2 -285.244
  poly 14: 1245.54 2145.75 -236.815 1245.44 2137.73 -276.006 1254.94 2084.97 -265.234 1255.03 2092.99 -226.043 1245.54 2145.75 -236.815
  poly 15: 1200.52 2170.15 -242.157 1200.42 2162.13 -281.348 1209.92 2109.36 -270.576 1210.01 2117.38 -231.385 1200.52 2170.15 -242.157
  poly 16: 1297.38 1943.06 212.84 1296.52 1929.28 126.93 1289.43 1969.06 120.616 1288.3 1950.97 7.94967 1295.39 1911.19 14.2636 1294.54 1897.55 -70.7306 1287.45 1937.33 -77.0445 1286.33 1919.25 -189.711 1293.42 1879.47 -183.397 1292.44 1863.75 -281.313 1177.95 2500 -411.206 1197.16 2500 99.1379 1297.38 1943.06 212.84
  poly 17: 1259.47 1927.97 215.559 1258.47 1911.98 115.893 1251.38 1951.76 109.579 1250.53 1938.12 24.5852 1257.62 1898.34 30.8991 1256.49 1880.25 -81.7677 1249.4 1920.03 -88.0815 1248.55 1906.39 -173.076 1255.64 1866.61 -166.762 1254.52 1848.66 -278.594 1137.32 2500 -411.568 1156.53 2500 98.7765 1259.47 1927.97 215.559
element 44
  poly 0: 1276.17 949.766 246.067 936.988 814.68 260.565 982.06 789.735 263.243 881.285 749.599 267.55 836.212 774.545 264.873 533.886 654.138 277.796 578.958 629.193 280.473 478.183 589.057 284.781 433.11 614.002 282.103 231.559 533.731 290.719 -72.1687 412.767 303.702 -53.6121 517.438 292.467 -89.1533 546.07 289.395 -75.421 623.529 281.081 -39.8798 594.898 284.154 1.3171 827.276 259.213 -34.2241 855.908 256.14 -20.4918 933.367 247.827 15.0494 904.736 250.9 42.514 1059.65 234.273 112.592 1454.94 191.848 263.682 1515.75 185.321 228.129 1544.39 182.247 331.199 1585.87 177.795 366.752 1557.23 180.869 675.961 1681.68 167.513 640.409 1710.32 164.439 743.478 1751.8 159.987 779.031 1723.16 163.06 985.171 1806.12 154.156 1115.08 1858.41 148.545 1155.84 1628.5 173.22 1200.88 1603.57 175.896 1214.72 1525.49 184.275 1169.69 1550.42 181.6 1211.21 1316.19 206.74 1256.25 1291.26 209.415 1270.09 1213.18 217.795 1225.05 1238.11 215.12 1252.74 1081.95 231.88 1276.17 949.766 246.067
  poly 1: 1276.69 952.112 286.045 937.727 817.115 300.534 982.799 792.17 303.211 882.024 752.034 307.519 836.951 776.979 304.841 534.624 656.573 317.764 579.697 631.627 320.442 478.921 591.492 324.749 433.849 616.437 322.072 232.298 536.166 330.687 -72.3841 414.821 343.711 -53.4404 521.677 332.242 -88.9816 550.308 329.169 -75.2493 627.768 320.856 -39.7081 599.136 323.929 1.48887 831.515 298.988 -34.0523 860.146 295.915 -20.32 937.606 287.602 15.2212 908.974 290.675 42.6858 1063.89 274.048 113.149 1461.36 231.389 263.01 1521.67 224.916 227.458 1550.31 221.842 330.528 1591.79 217.39 366.08 1563.15 220.464 675.29 1687.6 207.107 639.737 1716.24 204.033 742.807 1757.72 199.581 778.36 1729.08 202.655 984.499 1812.04 193.751 1114.93 1864.54 188.117 1156.01 1632.8 212.989 1201.05 1607.87 215.664 1214.89 1529.79 224.044 1169.86 1554.72 221.369 1211.38 1320.48 246.508 1256.42 1295.56 249.184 1270.26 1217.48 257.564 1225.22 1242.41 254.888 1252.91 1086.25 271.648 1276.69 952.112 286.045
element 45
  poly 0: 1271.78 929.823 -93.7453 937.824 796.82 -79.4705 982.897 771.874 -76.7932 881.381 731.444 -72.4539 836.309 756.39 -75.1312 531.763 635.099 -62.1135 576.836 610.154 -59.4361 475.321 569.724 -55.0969 430.248 594.669 -57.7742 227.218 513.809 -49.0957 -70.3379 395.302 -36.3767 -52.4408 496.254 -47.2115 -87.982 524.885 -50.2844 -74.9093 598.624 -58.1987 -39.3681 569.993 -55.1257 -0.149855 791.21 -78.8684 -35.6911 819.841 -81.9413 -22.6183 893.58 -89.8555 12.9229 864.949 -86.7826 39.0684 1012.43 -102.611 107.856 1400.44 -144.255 259.619 1461.52 -150.811 224.066 1490.16 -153.884 327.807 1531.91 -158.366 363.359 1503.27 -155.292 674.581 1628.52 -168.735 639.028 1657.16 -171.809 742.769 1698.92 -176.29 778.322 1670.27 -173.216 985.803 1753.78 -182.178 1116.39 1806.33 -187.819 1156.69 1578.99 -163.419 1201.73 1554.06 -160.743 1214.91 1479.68 -152.76 1169.88 1504.61 -155.435 1209.44 1281.46 -131.485 1254.47 1256.53 -128.81 1267.66 1182.15 -120.827 1222.62 1207.08 -123.502 1249 1058.31 -107.536 1271.78 929.823 -93.7453
  poly 1: 1272.29 932.169 -53.7674 938.563 799.255 -39.5021 983.635 774.309 -36.8247 882.12 733.879 -32.4855 837.048 758.824 -35.1628 532.502 637.534 -22.145 577.575 612.589 -19.4677 476.06 572.158 -15.1285 430.987 597.104 -17.8058 227.957 516.244 -9.12726 -70.5533 397.357 3.63253 -52.2691 500.492 -7.4367 -87.8103 529.123 -10.5096 -74.7375 602.863 -18.4238 -39.1963 574.231 -15.3509 0.0219095 795.449 -39.0936 -35.5193 824.08 -42.1665 -22.4465 897.819 -50.0807 13.0947 869.188 -47.0078 39.2401 1016.67 -62.8362 108.413 1406.85 -104.714 258.947 1467.43 -111.216 223.395 1496.07 -114.29 327.135 1537.83 -118.771 362.688 1509.19 -115.697 673.91 1634.44 -129.14 638.357 1663.08 -132.214 742.097 1704.83 -136.695 777.65 1676.19 -133.622 985.131 1759.7 -142.584 1116.23 1812.46 -148.247 1156.86 1583.29 -123.65 1201.9 1558.36 -120.975 1215.08 1483.98 -112.992 1170.05 1508.9 -115.667 1209.61 1285.76 -91.7171 1254.64 1260.83 -89.042 1267.83 1186.45 -81.0587 1222.8 1211.37 -83.7338 1249.17 1062.61 -67.7673 1272.29 932.169 -53.7674
element 46
  poly 0: 271.827 508.673 327.253 372.603 549.039 327.253 373.342 547.195 287.253 272.566 506.829 287.253 271.827 508.673 327.253
  poly 1: 236.29 537.581 327.253 337.065 577.947 327.253 337.804 576.103 287.253 237.029 535.737 287.253 236.29 537.581 327.253
  poly 2: 674.93 670.138 327.253 775.705 710.504 327.253 776.444 708.659 287.253 675.668 668.293 287.253 674.93 670.138 327.253
  poly 3: 639.392 699.046 327.253 740.168 739.412 327.253 740.907 737.567 287.253 640.131 697.201 287.253 639.392 699.046 327.253
  poly 4: 267.486 488.741 -12.7469 369.001 529.403 -12.7469 369.74 527.559 -52.7469 268.225 486.896 -52.7469 267.486 488.741 -12.7469
  poly 5: 231.949 517.649 -12.7469 333.464 558.311 -12.7469 334.203 556.467 -52.7469 232.688 515.804 -52.7469 231.949 517.649 -12.7469
  poly 6: 673.547 651.39 -12.7469 775.062 692.053 -12.7469 775.801 690.208 -52.7469 674.286 649.546 -52.7469 673.547 651.39 -12.7469
  poly 7: 638.01 680.298 -12.7469 739.525 720.961 -12.7469 740.264 719.116 -52.7469 638.748 678.454 -52.7469 638.01 680.298 -12.7469
  poly 8: 982.799 792.17 303.211 982.06 789.735 263.243 881.285 749.599 267.55 882.024 752.034 307.519 982.799 792.17 303.211
  poly 9: 937.727 817.115 300.534 936.988 814.68 260.565 836.212 774.545 264.873 836.951 776.979 304.841 937.727 817.115 300.534
  poly 10: 579.697 631.627 320.442 578.958 629.193 280.473 478.183 589.057 284.781 478.921 591.492 324.749 579.697 631.627 320.442
  poly 11: 534.624 656.573 317.764 533.886 654.138 277.796 433.11 614.002 282.103 433.849 616.437 322.072 534.624 656.573 317.764
  poly 12: 983.635 774.309 -36.8247 982.897 771.874 -76.7932 881.381 731.444 -72.4539 882.12 733.879 -32.4855 983.635 774.309 -36.8247
  poly 13: 938.563 799.255 -39.5021 937.824 796.82 -79.4705 836.309 756.39 -75.1312 837.048 758.824 -35.1628 938.563 799.255 -39.5021
  poly 14: 577.575 612.589 -19.4677 576.836 610.154 -59.4361 475.321 569.724 -55.0969 476.06 572.158 -15.1285 577.575 612.589 -19.4677
  poly 15: 532.502 637.534 -22.145 531.763 635.099 -62.1135 430.248 594.669 -57.7742 430.987 597.104 -17.8058 532.502 637.534 -22.145
  poly 16: -80.8898 371.748 408.678 -78.1973 346.065 -91.4368 1278.11 886.236 -149.412 1279.56 892.856 -36.6125 1317.32 907.159 -51.983 1318.8 913.846 61.9538 1280.68 897.901 49.3398 1282.15 904.587 163.277 1319.91 918.89 147.906 1321.38 925.577 261.843 1283.26 909.632 249.229 1284.57 915.564 350.312 -80.8898 371.748 408.678
  poly 17: -72.7072 417.903 403.725 -70.0148 392.22 -96.3905 1271 926.303 -153.712 1272.49 933.043 -38.8796 1310.25 947.345 -54.25 1311.72 954.032 59.6868 1273.6 938.087 47.0728 1275.07 944.774 161.01 1312.83 959.077 145.639 1314.31 965.764 259.576 1276.18 949.819 246.962 1277.46 955.632 346.012 -72.7072 417.903 403.725
element 47
  poly 0: 1293.18 1088.17 271.442 1279.34 1166.25 263.062 1279.17 1161.95 223.294 1293.01 1083.87 231.674 1293.18 1088.17 271.442
  poly 1: 1257.67 1059.4 274.53 1243.83 1137.48 266.15 1243.66 1133.18 226.381 1257.5 1055.1 234.761 1257.67 1059.4 274.53
  poly 2: 1237.82 1400.48 237.922 1223.97 1478.56 229.542 1223.8 1474.26 189.774 1237.65 1396.19 198.154 1237.82 1400.48 237.922
  poly 3: 1202.3 1371.71 241.01 1188.46 1449.79 232.63 1188.29 1445.49 192.862 1202.13 1367.42 201.242 1202.3 1371.71 241.01
  poly 4: 1289.45 1064.53 -67.9736 1276.26 1138.91 -75.9569 1276.09 1134.62 -115.725 1289.27 1060.23 -107.742 1289.45 1064.53 -67.9736
  poly 5: 1253.93 1035.76 -64.8858 1240.74 1110.14 -72.8691 1240.57 1105.85 -112.637 1253.76 1031.46 -104.654 1253.93 1035.76 -64.8858
  poly 6: 1236.7 1362.06 -99.9067 1223.51 1436.44 -107.89 1223.34 1432.15 -147.658 1236.53 1357.76 -139.675 1236.7 1362.06 -99.9067
  poly 7: 1201.18 1333.29 -96.8189 1187.99 1407.67 -104.802 1187.82 1403.38 -144.571 1201.01 1328.99 -136.587 1201.18 1333.29 -96.8189
  poly 8: 1201.05 1607.87 215.664 1200.88 1603.57 175.896 1214.72 1525.49 184.275 1214.89 1529.79 224.044 1201.05 1607.87 215.664
  poly 9: 1156.01 1632.8 212.989 1155.84 1628.5 173.22 1169.69 1550.42 181.6 1169.86 1554.72 221.369 1156.01 1632.8 212.989
  poly 10: 1256.42 1295.56 249.184 1256.25 1291.26 209.415 1270.09 1213.18 217.795 1270.26 1217.48 257.564 1256.42 1295.56 249.184
  poly 11: 1211.38 1320.48 246.508 1211.21 1316.19 206.74 1225.05 1238.11 215.12 1225.22 1242.41 254.888 1211.38 1320.48 246.508
  poly 12: 1201.9 1558.36 -120.975 1201.73 1554.06 -160.743 1214.91 1479.68 -152.76 1215.08 1483.98 -112.992 1201.9 1558.36 -120.975
  poly 13: 1156.86 1583.29 -123.65 1156.69 1578.99 -163.419 1169.88 1504.61 -155.435 1170.05 1508.9 -115.667 1156.86 1583.29 -123.65
  poly 14: 1254.64 1260.83 -89.042 1254.47 1256.53 -128.81 1267.66 1182.15 -120.827 1267.83 1186.45 -81.0587 1254.64 1260.83 -89.042
  poly 15: 1209.61 1285.76 -91.7171 1209.44 1281.46 -131.485 1222.62 1207.08 -123.502 1222.8 1211.37 -83.7338 1209.61 1285.76 -91.7171
  poly 16: 1322.51 930.674 348.69 1321.38 925.577 261.843 1314.31 965.764 259.576 1312.83 959.077 145.639 1319.91 918.89 147.906 1318.8 913.846 61.9538 1311.72 954.032 59.6868 1310.25 947.345 -54.25 1317.32 907.159 -51.983 1316.04 901.346 -151.034 1154.53 1812.4 -248.815 1152.61 1888.98 245.837 1322.51 930.674 348.69
  poly 17: 1284.57 915.564 350.312 1283.26 909.632 249.229 1276.18 949.819 246.962 1275.07 944.774 161.01 1282.15 904.587 163.277 1280.68 897.901 49.3398 1273.6 938.087 47.0728 1272.49 933.043 -38.8796 1279.56 892.856 -36.6125 1278.11 886.236 -149.412 1116.62 1797.14 -247.177 1114.7 1873.73 247.475 1284.57 915.564 350.312
element 48
  poly 0: 1285.15 -176.459 287.253 943.054 -313.488 287.253 988.126 -338.577 287.253 885.133 -379.831 287.253 840.061 -354.742 287.253 531.081 -478.505 287.253 576.153 -503.593 287.253 473.16 -544.848 287.253 428.088 -519.759 287.253 222.102 -602.267 287.253 -83.0421 -724.493 287.253 -62.2188 -606.361 287.253 -97.7423 -577.464 287.253 -81.7348 -486.652 287.253 -46.2113 -515.548 287.253 1.81119 -243.112 287.253 -33.7123 -214.215 287.253 -17.7047 -123.403 287.253 17.8187 -152.3 287.253 49.8337 29.3249 287.253 123.477 447.11 287.253 272.566 506.829 287.253 237.029 535.737 287.253 337.804 576.103 287.253 373.342 547.195 287.253 675.668 668.293 287.253 640.131 697.201 287.253 740.907 737.567 287.253 776.444 708.659 287.253 977.995 789.391 287.253 1105.87 840.614 287.253 1147.5 604.477 287.253 1192.53 579.408 287.253 1208.54 488.593 287.253 1163.51 513.662 287.253 1211.53 241.218 287.253 1256.57 216.149 287.253 1272.57 125.335 287.253 1227.54 150.404 287.253 1259.55 -31.2255 287.253 1285.15 -176.459 287.253
  poly 1: 1285.67 -178.388 327.253 943.792 -315.33 327.253 988.864 -340.418 327.253 885.87 -381.673 327.253 840.798 -356.584 327.253 531.819 -480.346 327.253 576.891 -505.435 327.253 473.898 -546.689 327.253 428.826 -521.6 327.253 222.84 -604.109 327.253 -83.2552 -726.716 327.253 -62.0456 -606.391 327.253 -97.569 -577.495 327.253 -81.5615 -486.682 327.253 -46.0381 -515.579 327.253 1.98446 -243.142 327.253 -33.539 -214.246 327.253 -17.5315 -123.433 327.253 17.992 -152.33 327.253 50.007 29.2943 327.253 124.075 449.49 327.253 271.827 508.673 327.253 236.29 537.581 327.253 337.065 577.947 327.253 372.603 549.039 327.253 674.93 670.138 327.253 639.392 699.046 327.253 740.168 739.412 327.253 775.705 710.504 327.253 977.256 791.236 327.253 1105.69 842.68 327.253 1147.67 604.507 327.253 1192.71 579.438 327.253 1208.71 488.624 327.253 1163.68 513.692 327.253 1211.7 241.249 327.253 1256.74 216.18 327.253 1272.75 125.365 327.253 1227.71 150.434 327.253 1259.73 -31.195 327.253 1285.67 -178.388 327.253
element 49
  poly 0: 1280.74 -160.06 -52.7469 943.946 -294.965 -52.7469 989.018 -320.054 -52.7469 885.286 -361.604 -52.7469 840.214 -336.515 -52.7469 529.018 -461.166 -52.7469 574.09 -486.255 -52.7469 470.358 -527.805 -52.7469 425.286 -502.716 -52.7469 217.822 -585.816 -52.7469 -81.2309 -705.602 -52.7469 -61.0993 -591.394 -52.7469 -96.6227 -562.497 -52.7469 -81.3069 -475.609 -52.7469 -45.7835 -504.506 -52.7469 0.164001 -243.841 -52.7469 -35.3594 -214.944 -52.7469 -20.0436 -128.056 -52.7469 15.4798 -156.953 -52.7469 46.1115 16.8235 -52.7469 118.392 426.88 -52.7469 268.225 486.896 -52.7469 232.688 515.804 -52.7469 334.203 556.467 -52.7469 369.74 527.559 -52.7469 674.286 649.546 -52.7469 638.748 678.454 -52.7469 740.264 719.116 -52.7469 775.801 690.208 -52.7469 978.831 771.533 -52.7469 1107.45 823.052 -52.7469 1148.62 589.48 -52.7469 1193.66 564.411 -52.7469 1208.97 477.521 -52.7469 1163.94 502.59 -52.7469 1209.89 241.919 -52.7469 1254.92 216.851 -52.7469 1270.24 129.961 -52.7469 1225.2 155.029 -52.7469 1255.84 -18.7509 -52.7469 1280.74 -160.06 -52.7469
  poly 1: 1281.26 -161.989 -12.7469 944.684 -296.807 -12.7469 989.756 -321.896 -12.7469 886.024 -363.446 -12.7469 840.952 -338.357 -12.7469 529.756 -463.007 -12.7469 574.828 -488.096 -12.7469 471.096 -529.646 -12.7469 426.024 -504.558 -12.7469 218.559 -587.658 -12.7469 -81.4439 -707.825 -12.7469 -60.926 -591.424 -12.7469 -96.4494 -562.528 -12.7469 -81.1336 -475.64 -12.7469 -45.6102 -504.536 -12.7469 0.337279 -243.872 -12.7469 -35.1862 -214.975 -12.7469 -19.8703 -128.087 -12.7469 15.6531 -156.983 -12.7469 46.2847 16.793 -12.7469 118.991 429.26 -12.7469 267.486 488.741 -12.7469 231.949 517.649 -12.7469 333.464 558.311 -12.7469 369.001 529.403 -12.7469 673.547 651.39 -12.7469 638.01 680.298 -12.7469 739.525 720.961 -12.7469 775.062 692.053 -12.7469 978.093 773.377 -12.7469 1107.27 825.118 -12.7469 1148.8 589.51 -12.7469 1193.83 564.442 -12.7469 1209.15 477.552 -12.7469 1164.11 502.62 -12.7469 1210.06 241.95 -12.7469 1255.1 216.881 -12.7469 1270.41 129.991 -12.7469 1225.38 155.06 -12.7469 1256.01 -18.7204 -12.7469 1281.26 -161.989 -12.7469
element 50
  poly 0: 262.378 -631.063 320.673 365.372 -590.04 325.018 366.092 -587.616 285.049 263.098 -628.638 280.704 262.378 -631.063 320.673
  poly 1: 226.841 -602.319 323.763 329.835 -561.297 328.109 330.556 -558.873 288.139 227.562 -599.895 283.794 226.841 -602.319 323.763
  poly 2: 674.354 -466.973 338.054 777.348 -425.951 342.4 778.069 -423.527 302.43 675.075 -464.549 298.085 674.354 -466.973 338.054
  poly 3: 638.817 -438.23 341.145 741.811 -397.208 345.49 742.532 -394.783 305.521 639.538 -435.806 301.175 638.817 -438.23 341.145
  poly 4: 258.097 -614.602 -19.5046 361.83 -573.286 -15.1281 362.551 -570.861 -55.0973 258.818 -612.178 -59.4738 258.097 -614.602 -19.5046
  poly 5: 222.561 -585.859 -16.4143 326.294 -544.543 -12.0378 327.014 -542.118 -52.007 223.281 -583.435 -56.3836 222.561 -585.859 -16.4143
  poly 6: 673.029 -449.336 -1.99847 776.762 -408.019 2.37806 777.483 -405.595 -37.5912 673.75 -446.911 -41.9677 673.029 -449.336 -1.99847
  poly 7: 637.493 -420.592 1.09179 741.226 -379.276 5.46832 741.946 -376.852 -34.5009 638.213 -418.168 -38.8774 637.493 -420.592 1.09179
  poly 8: 988.864 -340.418 327.253 988.126 -338.577 287.253 885.133 -379.831 287.253 885.87 -381.673 327.253 988.864 -340.418 327.253
  poly 9: 943.792 -315.33 327.253 943.054 -313.488 287.253 840.061 -354.742 287.253 840.798 -356.584 327.253 943.792 -315.33 327.253
  poly 10: 576.891 -505.435 327.253 576.153 -503.593 287.253 473.16 -544.848 287.253 473.898 -546.689 327.253 576.891 -505.435 327.253
  poly 11: 531.819 -480.346 327.253 531.081 -478.505 287.253 428.088 -519.759 287.253 428.826 -521.6 327.253 531.819 -480.346 327.253
  poly 12: 989.756 -321.896 -12.7469 989.018 -320.054 -52.7469 885.286 -361.604 -52.7469 886.024 -363.446 -12.7469 989.756 -321.896 -12.7469
  poly 13: 944.684 -296.807 -12.7469 943.946 -294.965 -52.7469 840.214 -336.515 -52.7469 840.952 -338.357 -12.7469 944.684 -296.807 -12.7469
  poly 14: 574.828 -488.096 -12.7469 574.09 -486.255 -52.7469 470.358 -527.805 -52.7469 471.096 -529.646 -12.7469 574.828 -488.096 -12.7469
  poly 15: 529.756 -463.007 -12.7469 529.018 -461.166 -52.7469 425.286 -502.716 -52.7469 426.024 -504.558 -12.7469 529.756 -463.007 -12.7469
  poly 16: -91.7573 -776.469 387.253 -89.0937 -748.689 -112.747 1287.07 -197.463 -112.747 1288.53 -202.907 0.118227 1326.29 -187.047 -13.6414 1327.77 -192.546 100.358 1289.65 -207.055 86.1181 1291.13 -212.554 200.118 1328.89 -196.694 186.358 1330.37 -202.192 300.358 1292.24 -216.702 286.118 1293.55 -221.58 387.253 -91.7573 -776.469 387.253
  poly 17: -83.5748 -730.049 387.253 -80.9112 -702.269 -112.747 1279.97 -157.166 -112.747 1281.46 -162.708 2.14892 1319.22 -146.848 -11.6107 1320.69 -152.346 102.389 1282.57 -166.856 88.1488 1284.05 -172.354 202.149 1321.81 -156.494 188.389 1323.29 -161.993 302.389 1285.17 -176.502 288.149 1286.45 -181.282 387.253 -83.5748 -730.049 387.253
element 51
  poly 0: 1300 -29.261 327.253 1283.99 61.5536 327.253 1283.82 61.5231 287.253 1299.83 -29.2915 287.253 1300 -29.261 327.253
  poly 1: 1264.49 -58.1978 327.253 1248.48 32.6168 327.253 1248.3 32.5863 287.253 1264.31 -58.2283 287.253 1264.49 -58.1978 327.253
  poly 2: 1235.97 333.997 327.253 1219.96 424.812 327.253 1219.79 424.781 287.253 1235.8 333.967 287.253 1235.97 333.997 327.253
  poly 3: 1200.45 305.061 327.253 1184.45 395.875 327.253 1184.27 395.845 287.253 1200.28 305.03 287.253 1200.45 305.061 327.253
  poly 4: 1296.28 -16.7863 -12.7469 1280.97 70.1038 -12.7469 1280.8 70.0732 -52.7469 1296.11 -16.8169 -52.7469 1296.28 -16.7863 -12.7469
  poly 5: 1260.77 -45.7231 -12.7469 1245.45 41.167 -12.7469 1245.28 41.1364 -52.7469 1260.6 -45.7537 -52.7469 1260.77 -45.7231 -12.7469
  poly 6: 1235.02 330.774 -12.7469 1219.7 417.664 -12.7469 1219.53 417.634 -52.7469 1234.85 330.744 -52.7469 1235.02 330.774 -12.7469
  poly 7: 1199.5 301.837 -12.7469 1184.19 388.727 -12.7469 1184.01 388.697 -52.7469 1199.33 301.807 -52.7469 1199.5 301.837 -12.7469
  poly 8: 1192.71 579.438 327.253 1192.53 579.408 287.253 1208.54 488.593 287.253 1208.71 488.624 327.253 1192.71 579.438 327.253
  poly 9: 1147.67 604.507 327.253 1147.5 604.477 287.253 1163.51 513.662 287.253 1163.68 513.692 327.253 1147.67 604.507 327.253
  poly 10: 1256.74 216.18 327.253 1256.57 216.149 287.253 1272.57 125.335 287.253 1272.75 125.365 327.253 1256.74 216.18 327.253
  poly 11: 1211.7 241.249 327.253 1211.53 241.218 287.253 1227.54 150.404 287.253 1227.71 150.434 327.253 1211.7 241.249 327.253
  poly 12: 1193.83 564.442 -12.7469 1193.66 564.411 -52.7469 1208.97 477.521 -52.7469 1209.15 477.552 -12.7469 1193.83 564.442 -12.7469
  poly 13: 1148.8 589.51 -12.7469 1148.62 589.48 -52.7469 1163.94 502.59 -52.7469 1164.11 502.62 -12.7469 1148.8 589.51 -12.7469
  poly 14: 1255.1 216.881 -12.7469 1254.92 216.851 -52.7469 1270.24 129.961 -52.7469 1270.41 129.991 -12.7469 1255.1 216.881 -12.7469
  poly 15: 1210.06 241.95 -12.7469 1209.89 241.919 -52.7469 1225.2 155.029 -52.7469 1225.38 155.06 -12.7469 1210.06 241.95 -12.7469
  poly 16: 1331.49 -206.383 387.253 1330.37 -202.192 300.358 1323.29 -161.993 302.389 1321.81 -156.494 188.389 1328.89 -196.694 186.358 1327.77 -192.546 100.358 1320.69 -152.346 102.389 1319.22 -146.848 -11.6107 1326.29 -187.047 -13.6414 1325.01 -182.267 -112.747 1145.67 835.149 -112.747 1143.35 860.975 387.253 1331.49 -206.383 387.253
  poly 17: 1293.55 -221.58 387.253 1292.24 -216.702 286.118 1285.17 -176.502 288.149 1284.05 -172.354 202.149 1291.13 -212.554 200.118 1289.65 -207.055 86.1181 1282.57 -166.856 88.1488 1281.46 -162.708 2.14892 1288.53 -202.907 0.118227 1287.07 -197.463 -112.747 1107.73 819.953 -112.747 1105.41 845.779 387.253 1293.55 -221.58 387.253
element 52
  poly 0: 1276.94 -1207.88 218.302 926.288 -1341.3 204.176 971.445 -1366.74 201.434 867.301 -1406.37 197.239 822.144 -1380.92 199.981 509.712 -1499.8 187.395 554.869 -1525.24 184.653 450.725 -1564.87 180.458 405.568 -1539.42 183.199 197.28 -1618.67 174.809 -71.1313 -1720.8 163.996 -52.7414 -1617.06 175.087 -88.2645 -1588.33 178.176 -74.7087 -1511.86 186.351 -39.1856 -1540.59 183.262 1.48171 -1311.2 207.788 -34.0414 -1282.46 210.877 -20.4856 -1206 219.052 15.0375 -1234.73 215.963 42.149 -1081.8 232.314 111.801 -688.9 274.32 263.098 -628.638 280.704 227.562 -599.895 283.794 330.556 -558.873 288.139 366.092 -587.616 285.049 675.075 -464.549 298.085 639.538 -435.806 301.175 742.532 -394.783 305.521 778.069 -423.527 302.43 984.057 -341.482 311.121 1114.16 -289.662 316.61 1155.03 -520.17 291.931 1200.15 -545.599 289.191 1214.18 -624.756 280.716 1169.06 -599.327 283.456 1211.16 -836.799 258.031 1256.28 -862.228 255.291 1270.32 -941.385 246.817 1225.19 -915.956 249.556 1253.26 -1074.27 232.606 1276.94 -1207.88 218.302
  poly 1: 1277.42 -1213.88 257.888 926.95 -1347.23 243.769 972.107 -1372.68 241.028 867.963 -1412.3 236.832 822.806 -1386.85 239.574 510.374 -1505.73 226.988 555.532 -1531.17 224.246 451.388 -1570.8 220.051 406.231 -1545.35 222.792 197.943 -1624.6 214.402 -71.3119 -1727.05 203.555 -52.5724 -1621.34 214.857 -88.0955 -1592.61 217.946 -74.5398 -1516.14 226.121 -39.0166 -1544.88 223.032 1.65068 -1315.48 247.558 -33.8724 -1286.75 250.647 -20.3167 -1210.28 258.823 15.2065 -1239.01 255.733 42.318 -1086.08 272.084 112.392 -690.802 314.345 262.378 -631.063 320.673 226.841 -602.319 323.763 329.835 -561.297 328.109 365.372 -590.04 325.018 674.354 -466.973 338.054 638.817 -438.23 341.145 741.811 -397.208 345.49 777.348 -425.951 342.4 983.336 -343.906 351.09 1113.97 -291.876 356.602 1155.19 -524.4 331.707 1200.32 -549.828 328.967 1214.35 -628.986 320.492 1169.22 -603.557 323.232 1211.32 -841.028 297.807 1256.45 -866.457 295.067 1270.48 -945.614 286.592 1225.36 -920.185 289.332 1253.42 -1078.5 272.382 1277.42 -1213.88 257.888
element 53
  poly 0: 1272.87 -1156.86 -118.178 927.685 -1288.19 -132.084 972.842 -1313.64 -134.825 868.046 -1353.51 -139.047 822.889 -1328.07 -136.305 508.499 -1447.69 -148.97 553.656 -1473.13 -151.712 448.86 -1513.01 -155.934 403.703 -1487.56 -153.192 194.11 -1567.31 -161.635 -69.5968 -1667.64 -172.258 -51.8618 -1567.6 -161.563 -87.385 -1538.87 -158.474 -74.4842 -1466.1 -150.693 -38.9611 -1494.83 -153.782 -0.258745 -1276.51 -130.441 -35.7819 -1247.78 -127.352 -22.8811 -1175.01 -119.572 12.642 -1203.74 -122.661 38.4436 -1058.2 -107.1 106.778 -672.735 -65.8884 258.818 -612.178 -59.4738 223.281 -583.435 -56.3836 327.014 -542.118 -52.007 362.551 -570.861 -55.0973 673.75 -446.911 -41.9677 638.213 -418.168 -38.8774 741.946 -376.852 -34.5009 777.483 -405.595 -37.5912 984.949 -322.961 -28.8381 1115.79 -270.847 -23.3178 1156.24 -499.02 -47.7472 1201.37 -524.449 -50.4869 1214.74 -599.873 -58.5621 1169.62 -574.444 -55.8224 1209.73 -800.714 -80.0479 1254.85 -826.143 -82.7877 1268.23 -901.567 -90.8629 1223.1 -876.138 -88.1231 1249.84 -1026.98 -104.274 1272.87 -1156.86 -118.178
  poly 1: 1273.35 -1162.86 -78.5925 928.347 -1294.13 -92.4905 973.505 -1319.57 -95.2321 868.708 -1359.45 -99.4538 823.551 -1334 -96.7121 509.161 -1453.62 -109.377 554.319 -1479.07 -112.119 449.522 -1518.94 -116.34 404.365 -1493.49 -113.599 194.772 -1573.24 -122.042 -69.7773 -1673.89 -132.699 -51.6929 -1571.88 -121.792 -87.216 -1543.15 -118.703 -74.3152 -1470.38 -110.923 -38.7921 -1499.11 -114.012 -0.0897775 -1280.8 -90.6712 -35.6129 -1252.06 -87.5821 -22.7121 -1179.29 -79.8017 12.811 -1208.03 -82.8908 38.6125 -1062.48 -67.3301 107.369 -674.637 -25.8639 258.097 -614.602 -19.5046 222.561 -585.859 -16.4143 326.294 -544.543 -12.0378 361.83 -573.286 -15.1281 673.029 -449.336 -1.99847 637.493 -420.592 1.09179 741.226 -379.276 5.46832 776.762 -408.019 2.37806 984.228 -325.385 11.1311 1115.6 -273.06 16.6737 1156.41 -503.25 -7.97143 1201.53 -528.679 -10.7112 1214.91 -604.102 -18.7864 1169.78 -578.673 -16.0466 1209.89 -804.944 -40.2722 1255.02 -830.372 -43.0119 1268.39 -905.796 -51.0871 1223.27 -880.367 -48.3474 1250.01 -1031.21 -64.4978 1273.35 -1162.86 -78.5925
element 54
  poly 0: 237.732 -1651.6 208.274 341.889 -1612.42 215.341 342.202 -1606.11 175.801 238.045 -1645.29 168.733 237.732 -1651.6 208.274
  poly 1: 202.277 -1622.92 214.392 306.433 -1583.74 221.46 306.746 -1577.44 181.919 202.589 -1616.62 174.852 202.277 -1622.92 214.392
  poly 2: 654.359 -1494.87 236.544 758.516 -1455.69 243.612 758.828 -1449.39 204.071 654.671 -1488.57 197.004 654.359 -1494.87 236.544
  poly 3: 618.903 -1466.2 242.662 723.06 -1427.02 249.73 723.372 -1420.72 210.189 619.216 -1459.9 203.122 618.903 -1466.2 242.662
  poly 4: 234.561 -1600.22 -128.216 339.371 -1560.8 -121.104 339.683 -1554.5 -160.645 234.874 -1593.92 -167.757 234.561 -1600.22 -128.216
  poly 5: 199.105 -1571.55 -122.098 303.915 -1532.13 -114.986 304.227 -1525.83 -154.527 199.418 -1565.25 -161.639 199.105 -1571.55 -122.098
  poly 6: 653.799 -1442.52 -99.7689 758.608 -1403.09 -92.6571 758.92 -1396.79 -132.198 654.111 -1436.22 -139.309 653.799 -1442.52 -99.7689
  poly 7: 618.343 -1413.85 -93.6507 723.152 -1374.42 -86.5389 723.464 -1368.12 -126.079 618.655 -1407.55 -133.191 618.343 -1413.85 -93.6507
  poly 8: 972.107 -1372.68 241.028 971.445 -1366.74 201.434 867.301 -1406.37 197.239 867.963 -1412.3 236.832 972.107 -1372.68 241.028
  poly 9: 926.95 -1347.23 243.769 926.288 -1341.3 204.176 822.144 -1380.92 199.981 822.806 -1386.85 239.574 926.95 -1347.23 243.769
  poly 10: 555.532 -1531.17 224.246 554.869 -1525.24 184.653 450.725 -1564.87 180.458 451.388 -1570.8 220.051 555.532 -1531.17 224.246
  poly 11: 510.374 -1505.73 226.988 509.712 -1499.8 187.395 405.568 -1539.42 183.199 406.231 -1545.35 222.792 510.374 -1505.73 226.988
  poly 12: 973.505 -1319.57 -95.2321 972.842 -1313.64 -134.825 868.046 -1353.51 -139.047 868.708 -1359.45 -99.4538 973.505 -1319.57 -95.2321
  poly 13: 928.347 -1294.13 -92.4905 927.685 -1288.19 -132.084 822.889 -1328.07 -136.305 823.551 -1334 -96.7121 928.347 -1294.13 -92.4905
  poly 14: 554.319 -1479.07 -112.119 553.656 -1473.13 -151.712 448.86 -1513.01 -155.934 449.522 -1518.94 -116.34 554.319 -1479.07 -112.119
  poly 15: 509.161 -1453.62 -109.377 508.499 -1447.69 -148.97 403.703 -1487.56 -153.192 404.365 -1493.49 -113.599 509.161 -1453.62 -109.377
  poly 16: -79.6863 -1782.14 258.007 -77.4296 -1703.97 -236.485 1279.23 -1187.79 -181.833 1280.58 -1204.74 -70.0224 1318.47 -1188.19 -82.1479 1319.83 -1205.3 30.6718 1281.61 -1217.65 15.0872 1282.98 -1234.75 127.907 1320.87 -1218.21 115.781 1322.23 -1235.31 228.601 1284.01 -1247.66 213.016 1285.22 -1262.82 312.991 -79.6863 -1782.14 258.007
  poly 17: -71.5827 -1736.43 262.894 -69.326 -1658.26 -231.597 1272.15 -1147.85 -177.557 1273.52 -1165.08 -63.9237 1311.41 -1148.54 -76.0491 1312.78 -1165.64 36.7706 1274.56 -1177.99 21.1859 1275.92 -1195.1 134.006 1313.81 -1178.55 121.88 1315.17 -1195.65 234.7 1276.95 -1208 219.115 1278.14 -1222.88 317.267 -71.5827 -1736.43 262.894
element 55
  poly 0: 1293.71 -1076.63 272.602 1279.68 -997.476 281.065 1279.51 -993.253 241.288 1293.54 -1072.41 232.825 1293.71 -1076.63 272.602
  poly 1: 1258.26 -1105.79 269.467 1244.23 -1026.63 277.93 1244.06 -1022.41 238.154 1258.1 -1101.57 229.691 1258.26 -1105.79 269.467
  poly 2: 1237.58 -760.001 306.454 1223.54 -680.843 314.918 1223.38 -676.619 275.141 1237.41 -755.778 266.678 1237.58 -760.001 306.454
  poly 3: 1202.13 -789.159 303.32 1188.09 -710 311.783 1187.93 -705.777 272.007 1201.96 -784.935 263.543 1202.13 -789.159 303.32
  poly 4: 1290.29 -1029.35 -64.2812 1276.92 -953.924 -56.2172 1276.76 -949.701 -95.9936 1290.13 -1025.13 -104.058 1290.29 -1029.35 -64.2812
  poly 5: 1254.85 -1058.51 -67.4157 1241.48 -983.082 -59.3517 1241.31 -978.858 -99.1282 1254.68 -1054.28 -107.192 1254.85 -1058.51 -67.4157
  poly 6: 1236.81 -727.65 -32.0252 1223.44 -652.225 -23.9612 1223.27 -648.002 -63.7377 1236.64 -723.427 -71.8016 1236.81 -727.65 -32.0252
  poly 7: 1201.36 -756.808 -35.1598 1187.99 -681.383 -27.0958 1187.83 -677.16 -66.8722 1201.2 -752.584 -74.9362 1201.36 -756.808 -35.1598
  poly 8: 1200.32 -549.828 328.967 1200.15 -545.599 289.191 1214.18 -624.756 280.716 1214.35 -628.986 320.492 1200.32 -549.828 328.967
  poly 9: 1155.19 -524.4 331.707 1155.03 -520.17 291.931 1169.06 -599.327 283.456 1169.22 -603.557 323.232 1155.19 -524.4 331.707
  poly 10: 1256.45 -866.457 295.067 1256.28 -862.228 255.291 1270.32 -941.385 246.817 1270.48 -945.614 286.592 1256.45 -866.457 295.067
  poly 11: 1211.32 -841.028 297.807 1211.16 -836.799 258.031 1225.19 -915.956 249.556 1225.36 -920.185 289.332 1211.32 -841.028 297.807
  poly 12: 1201.53 -528.679 -10.7112 1201.37 -524.449 -50.4869 1214.74 -599.873 -58.5621 1214.91 -604.102 -18.7864 1201.53 -528.679 -10.7112
  poly 13: 1156.41 -503.25 -7.97143 1156.24 -499.02 -47.7472 1169.62 -574.444 -55.8224 1169.78 -578.673 -16.0466 1156.41 -503.25 -7.97143
  poly 14: 1255.02 -830.372 -43.0119 1254.85 -826.143 -82.7877 1268.23 -901.567 -90.8629 1268.39 -905.796 -51.0871 1255.02 -830.372 -43.0119
  poly 15: 1209.89 -804.944 -40.2722 1209.73 -800.714 -80.0479 1223.1 -876.138 -88.1231 1223.27 -880.367 -48.3474 1209.89 -804.944 -40.2722
  poly 16: 1323.27 -1248.34 314.524 1322.23 -1235.31 228.601 1315.17 -1195.65 234.7 1313.81 -1178.55 121.88 1320.87 -1218.21 115.781 1319.83 -1205.3 30.6718 1312.78 -1165.64 36.7706 1311.41 -1148.54 -76.0491 1318.47 -1188.19 -82.1479 1317.28 -1173.31 -180.3 1154.02 -252.416 -81.7045 1151.62 -280.085 418.19 1323.27 -1248.34 314.524
  poly 17: 1285.22 -1262.82 312.991 1284.01 -1247.66 213.016 1276.95 -1208 219.115 1275.92 -1195.1 134.006 1282.98 -1234.75 127.907 1281.61 -1217.65 15.0872 1274.56 -1177.99 21.1859 1273.52 -1165.08 -63.9237 1280.58 -1204.74 -70.0224 1279.23 -1187.79 -181.833 1116.08 -267.526 -83.3051 1113.68 -295.196 416.589 1285.22 -1262.82 312.991
element 56
  poly 0: 1303.17 -2460 -5.60778 1151.09 -2460 -4.31885 1199.99 -2500 -12.8498 1049.84 -2500 -11.5772 1000.94 -2460 -3.0463 550.49 -2460 0.771366 599.391 -2500 -7.75958 449.241 -2500 -6.48703 400.34 -2460 2.04392 100.04 -2460 4.58903 -50.7036 -2460 5.86661 -36.3178 -2380.01 21.9757 -71.7666 -2351.34 28.0927 -63.0666 -2302.97 37.8349 -27.6177 -2331.63 31.7179 -1.51764 -2186.51 60.9446 -36.9665 -2157.84 67.0615 -28.2664 -2109.47 76.8038 7.18239 -2138.13 70.6868 24.5825 -2041.38 90.1712 85.4966 -1702.68 158.382 238.045 -1645.29 168.733 202.589 -1616.62 174.852 306.746 -1577.44 181.919 342.202 -1606.11 175.801 654.671 -1488.57 197.004 619.216 -1459.9 203.122 723.372 -1420.72 210.189 758.828 -1449.39 204.071 967.141 -1371.03 218.206 1098.32 -1321.68 227.107 1140.91 -1558.38 178.718 1188.55 -1597.35 170.406 1207.36 -1701.86 149.04 1159.72 -1662.89 157.351 1216.15 -1976.43 93.2521 1263.79 -2015.4 84.9407 1282.6 -2119.91 63.5743 1234.96 -2080.94 71.8857 1272.57 -2289.97 29.1528 1303.17 -2460 -5.60778
  poly 1: 1301.8 -2460 35.2204 1151.44 -2460 36.4948 1200.34 -2500 27.9638 1050.19 -2500 29.2364 1001.29 -2460 37.7673 550.836 -2460 41.585 599.737 -2500 33.0541 449.586 -2500 34.3266 400.686 -2460 42.8576 100.385 -2460 45.4027 -49.1719 -2460 46.6702 -36.2097 -2387.93 61.1851 -71.6585 -2359.26 67.3021 -62.9585 -2310.88 77.0444 -27.5097 -2339.55 70.9274 -1.40958 -2194.42 100.154 -36.8584 -2165.76 106.271 -28.1584 -2117.38 116.013 7.29045 -2146.05 109.896 24.6905 -2049.3 129.381 85.9465 -1708.69 197.975 237.732 -1651.6 208.274 202.277 -1622.92 214.392 306.433 -1583.74 221.46 341.889 -1612.42 215.341 654.359 -1494.87 236.544 618.903 -1466.2 242.662 723.06 -1427.02 249.73 758.516 -1455.69 243.612 966.829 -1377.33 257.747 1098.07 -1327.96 266.652 1140.98 -1566.38 217.91 1188.62 -1605.35 209.599 1207.43 -1709.86 188.233 1159.79 -1670.89 196.544 1216.22 -1984.43 132.445 1263.86 -2023.4 124.133 1282.67 -2127.91 102.767 1235.03 -2088.94 111.078 1272.64 -2297.97 68.3455 1301.8 -2460 35.2204
element 57
  poly 0: 1314.82 -2460 -352.647 1160 -2460 -351.335 1208.9 -2500 -359.866 1056.01 -2500 -358.57 1007.11 -2460 -350.039 548.435 -2460 -346.152 597.336 -2500 -354.683 444.444 -2500 -353.387 395.544 -2460 -344.856 89.7614 -2460 -342.265 -63.7228 -2460 -340.964 -48.2616 -2374.03 -323.651 -83.7105 -2345.37 -317.534 -73.9352 -2291.01 -306.587 -38.4863 -2319.68 -312.704 -9.16044 -2156.61 -279.866 -44.6093 -2127.95 -273.749 -34.834 -2073.59 -262.802 0.614861 -2102.26 -268.919 20.1655 -1993.55 -247.027 81.672 -1651.55 -178.152 234.874 -1593.92 -167.757 199.418 -1565.25 -161.639 304.227 -1525.83 -154.527 339.683 -1554.5 -160.645 654.111 -1436.22 -139.309 618.655 -1407.55 -133.191 723.464 -1368.12 -126.079 758.92 -1396.79 -132.198 968.539 -1317.94 -117.974 1100.37 -1268.35 -109.029 1144.29 -1512.43 -158.929 1191.94 -1551.4 -167.24 1211.78 -1661.66 -189.781 1164.14 -1622.69 -181.469 1223.66 -1953.46 -249.091 1271.31 -1992.43 -257.402 1291.15 -2102.68 -279.943 1243.51 -2063.71 -271.632 1283.19 -2284.23 -316.713 1314.82 -2460 -352.647
  poly 1: 1313.45 -2460 -311.819 1160.35 -2460 -310.522 1209.25 -2500 -319.053 1056.36 -2500 -317.757 1007.45 -2460 -309.226 548.781 -2460 -305.338 597.682 -2500 -313.869 444.79 -2500 -312.574 395.89 -2460 -304.043 90.1073 -2460 -301.451 -62.1911 -2460 -300.16 -48.1536 -2381.95 -284.441 -83.6024 -2353.28 -278.324 -73.8271 -2298.93 -267.378 -38.3783 -2327.59 -273.495 -9.05238 -2164.53 -240.656 -44.5012 -2135.86 -234.539 -34.7259 -2081.51 -223.593 0.722923 -2110.18 -229.71 20.2735 -2001.47 -207.817 82.1219 -1657.57 -138.56 234.561 -1600.22 -128.216 199.105 -1571.55 -122.098 303.915 -1532.13 -114.986 339.371 -1560.8 -121.104 653.799 -1442.52 -99.7689 618.343 -1413.85 -93.6507 723.152 -1374.42 -86.5389 758.608 -1403.09 -92.6571 968.226 -1324.24 -78.4334 1100.13 -1274.62 -69.4834 1144.36 -1520.43 -119.736 1192.01 -1559.4 -128.048 1211.85 -1669.66 -150.588 1164.21 -1630.69 -142.277 1223.73 -1961.46 -209.898 1271.37 -2000.43 -218.21 1291.22 -2110.68 -240.75 1243.57 -2071.71 -232.439 1283.26 -2292.23 -277.52 1313.45 -2460 -311.819
element 58
  poly 0: 1200.34 -2500 27.9638 1199.99 -2500 -12.8498 1049.84 -2500 -11.5772 1050.19 -2500 29.2364 1200.34 -2500 27.9638
  poly 1: 1151.44 -2460 36.4948 1151.09 -2460 -4.31885 1000.94 -2460 -3.0463 1001.29 -2460 37.7673 1151.44 -2460 36.4948
  poly 2: 599.737 -2500 33.0541 599.391 -2500 -7.75958 449.241 -2500 -6.48703 449.586 -2500 34.3266 599.737 -2500 33.0541
  poly 3: 550.836 -2460 41.585 550.49 -2460 0.771366 400.34 -2460 2.04392 400.686 -2460 42.8576 550.836 -2460 41.585
  poly 4: 1209.25 -2500 -319.053 1208.9 -2500 -359.866 1056.01 -2500 -358.57 1056.36 -2500 -317.757 1209.25 -2500 -319.053
  poly 5: 1160.35 -2460 -310.522 1160 -2460 -351.335 1007.11 -2460 -350.039 1007.45 -2460 -309.226 1160.35 -2460 -310.522
  poly 6: 597.682 -2500 -313.869 597.336 -2500 -354.683 444.444 -2500 -353.387 444.79 -2500 -312.574 597.682 -2500 -313.869
  poly 7: 548.781 -2460 -305.338 548.435 -2460 -346.152 395.544 -2460 -344.856 395.89 -2460 -304.043 548.781 -2460 -305.338
  poly 8: -54.0682 -2500 99.8201 -73.2141 -2500 -410.225 1324.08 -2500 -422.067 1320.06 -2500 -302.362 1361.11 -2500 -315.287 1357.2 -2500 -198.956 1317.11 -2500 -214.604 1313.21 -2500 -98.2738 1354.26 -2500 -111.198 1350.35 -2500 5.13251 1310.26 -2500 -10.5157 1306.95 -2500 88.2852 -54.0682 -2500 99.8201
  poly 9: -46.8744 -2460 107.876 -66.0203 -2460 -402.169 1316.88 -2460 -413.89 1313.14 -2460 -302.595 1354.19 -2460 -315.519 1350.29 -2460 -199.188 1310.2 -2460 -214.836 1306.29 -2460 -98.506 1347.34 -2460 -111.43 1343.44 -2460 4.90033 1303.35 -2460 -10.7479 1299.75 -2460 96.4627 -46.8744 -2460 107.876
element 59
  poly 0: 1313.1 -2297.23 69.2221 1294.29 -2192.66 90.2823 1294.24 -2184.77 51.0661 1313.05 -2289.34 30.0059 1313.1 -2297.23 69.2221
  poly 1: 1279.81 -2337.88 60.6928 1261 -2233.3 81.753 1260.95 -2225.41 42.5367 1279.76 -2329.99 21.4765 1279.81 -2337.88 60.6928
  poly 2: 1237.87 -1878.93 153.463 1219.06 -1774.36 174.523 1219.01 -1766.47 135.307 1237.82 -1871.04 114.247 1237.87 -1878.93 153.463
  poly 3: 1204.57 -1919.57 144.934 1185.76 -1815 165.994 1185.71 -1807.11 126.777 1204.52 -1911.69 105.717 1204.57 -1919.57 144.934
  poly 4: 1323.72 -2291.52 -276.47 1303.88 -2181.2 -254.253 1303.83 -2173.31 -293.469 1323.67 -2283.63 -315.687 1323.72 -2291.52 -276.47
  poly 5: 1290.42 -2332.17 -285 1270.58 -2221.84 -262.782 1270.53 -2213.96 -301.999 1290.37 -2324.28 -324.216 1290.42 -2332.17 -285
  poly 6: 1244.35 -1850.24 -187.601 1224.51 -1739.91 -165.383 1224.46 -1732.03 -204.599 1244.3 -1842.35 -226.817 1244.35 -1850.24 -187.601
  poly 7: 1211.05 -1890.88 -196.13 1191.21 -1780.56 -173.912 1191.16 -1772.67 -213.129 1211 -1882.99 -235.346 1211.05 -1890.88 -196.13
  poly 8: 1188.62 -1605.35 209.599 1188.55 -1597.35 170.406 1207.36 -1701.86 149.04 1207.43 -1709.86 188.233 1188.62 -1605.35 209.599
  poly 9: 1140.98 -1566.38 217.91 1140.91 -1558.38 178.718 1159.72 -1662.89 157.351 1159.79 -1670.89 196.544 1140.98 -1566.38 217.91
  poly 10: 1263.86 -2023.4 124.133 1263.79 -2015.4 84.9407 1282.6 -2119.91 63.5743 1282.67 -2127.91 102.767 1263.86 -2023.4 124.133
  poly 11: 1216.22 -1984.43 132.445 1216.15 -1976.43 93.2521 1234.96 -2080.94 71.8857 1235.03 -2088.94 111.078 1216.22 -1984.43 132.445
  poly 12: 1192.01 -1559.4 -128.048 1191.94 -1551.4 -167.24 1211.78 -1661.66 -189.781 1211.85 -1669.66 -150.588 1192.01 -1559.4 -128.048
  poly 13: 1144.36 -1520.43 -119.736 1144.29 -1512.43 -158.929 1164.14 -1622.69 -181.469 1164.21 -1630.69 -142.277 1144.36 -1520.43 -119.736
  poly 14: 1271.37 -2000.43 -218.21 1271.31 -1992.43 -257.402 1291.15 -2102.68 -279.943 1291.22 -2110.68 -240.75 1271.37 -2000.43 -218.21
  poly 15: 1223.73 -1961.46 -209.898 1223.66 -1953.46 -249.091 1243.51 -2063.71 -271.632 1243.57 -2071.71 -232.439 1223.73 -1961.46 -209.898
  poly 16: 1347.57 -2500 87.9408 1350.35 -2500 5.13251 1343.44 -2460 4.90033 1347.34 -2460 -111.43 1354.26 -2500 -111.198 1357.2 -2500 -198.956 1350.29 -2460 -199.188 1354.19 -2460 -315.519 1361.11 -2500 -315.287 1364.71 -2500 -422.412 1138.78 -1244.62 -165.765 1135.77 -1323.06 328.552 1347.57 -2500 87.9408
  poly 17: 1306.95 -2500 88.2852 1310.26 -2500 -10.5157 1303.35 -2460 -10.7479 1306.29 -2460 -98.506 1313.21 -2500 -98.2738 1317.11 -2500 -214.604 1310.2 -2460 -214.836 1313.14 -2460 -302.595 1320.06 -2500 -302.362 1324.08 -2500 -422.067 1100.73 -1258.94 -168.347 1097.71 -1337.37 325.97 1306.95 -2500 88.2852
element 60
  poly 0: 2460 -2500 -3.01863 1350.94 -2500 -12.4181 1313.05 -2289.34 30.0059 1279.76 -2329.99 21.4765 1260.95 -2225.41 42.5367 1294.24 -2184.77 51.0661 1237.82 -1871.04 114.247 1204.52 -1911.69 105.717 1185.71 -1807.11 126.777 1219.01 -1766.47 135.307 1181.39 -1557.32 177.427 1158.85 -1431.98 202.669 1487.18 -1555.49 180.39 1527.17 -1528.52 186.2 1640.67 -1571.22 178.499 1600.67 -1598.18 172.689 1941.17 -1726.26 149.585 1981.16 -1699.3 155.395 2094.66 -1741.99 147.694 2054.66 -1768.96 141.884 2281.66 -1854.35 126.481 2460 -1921.44 114.379 2460 -1984.5 101.583 2500 -1957.53 107.395 2500 -2021.47 94.4202 2460 -2048.44 88.609 2460 -2240.26 49.6859 2500 -2213.29 55.4971 2500 -2277.23 42.5228 2460 -2304.2 36.7115 2460 -2432.08 10.7628 2460 -2500 -3.01863
  poly 1: 2460 -2500 37.7979 1349.57 -2500 28.3868 1313.1 -2297.23 69.2221 1279.81 -2337.88 60.6928 1261 -2233.3 81.753 1294.29 -2192.66 90.2823 1237.87 -1878.93 153.463 1204.57 -1919.57 144.934 1185.76 -1815 165.994 1219.06 -1774.36 174.523 1181.44 -1565.21 216.643 1158.57 -1438.06 242.25 1487.49 -1561.79 219.931 1527.48 -1534.82 225.741 1640.98 -1577.52 218.04 1600.99 -1604.48 212.229 1941.48 -1732.57 189.125 1981.47 -1705.6 194.936 2094.97 -1748.3 187.234 2054.98 -1775.26 181.424 2281.97 -1860.65 166.021 2460 -1927.62 153.941 2460 -1992.45 140.786 2500 -1965.48 146.597 2500 -2029.42 133.623 2460 -2056.39 127.811 2460 -2248.21 88.8884 2500 -2221.25 94.6996 2500 -2285.19 81.7252 2460 -2312.16 75.914 2460 -2440.04 49.9653 2460 -2500 37.7979
element 61
  poly 0: 2460 -2500 -349.959 1362.59 -2500 -359.26 1323.67 -2283.63 -315.687 1290.37 -2324.28 -324.216 1270.53 -2213.96 -301.999 1303.83 -2173.31 -293.469 1244.3 -1842.35 -226.817 1211 -1882.99 -235.346 1191.16 -1772.67 -213.129 1224.46 -1732.03 -204.599 1184.77 -1511.38 -160.164 1161.19 -1380.3 -133.765 1483.03 -1501.36 -155.603 1523.03 -1474.4 -149.793 1637.04 -1517.29 -157.53 1597.05 -1544.25 -163.34 1939.09 -1672.92 -186.549 1979.09 -1645.96 -180.739 2093.1 -1688.85 -188.476 2053.11 -1715.81 -194.286 2281.14 -1801.59 -209.759 2460 -1868.87 -221.896 2460 -1937.77 -235.877 2500 -1910.81 -230.065 2500 -1980.59 -244.225 2460 -2007.55 -250.036 2460 -2216.9 -292.515 2500 -2189.93 -286.703 2500 -2259.71 -300.863 2460 -2286.68 -306.674 2460 -2426.24 -334.993 2460 -2500 -349.959
  poly 1: 2460 -2500 -309.143 1361.22 -2500 -318.455 1323.72 -2291.52 -276.47 1290.42 -2332.17 -285 1270.58 -2221.84 -262.782 1303.88 -2181.2 -254.253 1244.35 -1850.24 -187.601 1211.05 -1890.88 -196.13 1191.21 -1780.56 -173.912 1224.51 -1739.91 -165.383 1184.82 -1519.27 -120.948 1160.92 -1386.38 -94.1847 1483.34 -1507.66 -116.063 1523.34 -1480.7 -110.253 1637.35 -1523.59 -117.989 1597.36 -1550.55 -123.799 1939.4 -1679.22 -147.009 1979.4 -1652.26 -141.199 2093.41 -1695.15 -148.935 2053.42 -1722.11 -154.745 2281.45 -1807.89 -170.218 2460 -1875.06 -182.334 2460 -1945.73 -196.674 2500 -1918.76 -190.863 2500 -1988.54 -205.022 2460 -2015.51 -210.834 2460 -2224.85 -253.312 2500 -2197.88 -247.501 2500 -2267.67 -261.66 2460 -2294.63 -267.472 2460 -2434.2 -295.79 2460 -2500 -309.143
element 62
  poly 0: 2500 -1965.48 146.597 2500 -1957.53 107.395 2500 -2021.47 94.4202 2500 -2029.42 133.623 2500 -1965.48 146.597
  poly 1: 2460 -1992.45 140.786 2460 -1984.5 101.583 2460 -2048.44 88.609 2460 -2056.39 127.811 2460 -1992.45 140.786
  poly 2: 2500 -2221.25 94.6996 2500 -2213.29 55.4971 2500 -2277.23 42.5228 2500 -2285.19 81.7252 2500 -2221.25 94.6996
  poly 3: 2460 -2248.21 88.8884 2460 -2240.26 49.6859 2460 -2304.2 36.7115 2460 -2312.16 75.914 2460 -2248.21 88.8884
  poly 4: 2500 -1918.76 -190.863 2500 -1910.81 -230.065 2500 -1980.59 -244.225 2500 -1988.54 -205.022 2500 -1918.76 -190.863
  poly 5: 2460 -1945.73 -196.674 2460 -1937.77 -235.877 2460 -2007.55 -250.036 2460 -2015.51 -210.834 2460 -1945.73 -196.674
  poly 6: 2500 -2197.88 -247.501 2500 -2189.93 -286.703 2500 -2259.71 -300.863 2500 -2267.67 -261.66 2500 -2197.88 -247.501
  poly 7: 2460 -2224.85 -253.312 2460 -2216.9 -292.515 2460 -2286.68 -306.674 2460 -2294.63 -267.472 2460 -2224.85 -253.312
  poly 8: 2500 -2500 99.3618 2500 -2500 -410.845 2500 -1874.64 -283.952 2500 -1892.44 -170.069 2500 -1847.97 -177.303 2500 -1865.6 -64.5516 2500 -1905.74 -85.0114 2500 -1923.36 27.7396 2500 -1878.89 20.5062 2500 -1896.52 133.257 2500 -1936.66 112.797 2500 -1951.94 210.57 2500 -2500 99.3618
  poly 9: 2460 -2500 99.0228 2460 -2500 -411.184 2460 -1859.6 -281.238 2460 -1877.34 -167.709 2460 -1832.87 -174.942 2460 -1850.49 -62.191 2460 -1890.64 -82.6507 2460 -1908.26 30.1003 2460 -1863.79 22.8668 2460 -1881.41 135.618 2460 -1921.56 115.158 2460 -1936.9 213.284 2460 -2500 99.0228
element 63
  poly 0: 2319.08 -1835.69 191.824 2205.6 -1792.52 196.396 2206.26 -1786.58 156.803 2319.74 -1829.76 152.231 2319.08 -1835.69 191.824
  poly 1: 2283.65 -1864.84 188.691 2170.16 -1821.66 193.263 2170.82 -1815.73 153.669 2284.31 -1858.91 149.098 2283.65 -1864.84 188.691
  poly 2: 1865.15 -1662.98 210.111 1751.66 -1619.8 214.682 1752.33 -1613.87 175.089 1865.81 -1657.05 170.517 1865.15 -1662.98 210.111
  poly 3: 1829.71 -1692.13 206.977 1716.23 -1648.95 211.549 1716.89 -1643.02 171.956 1830.38 -1686.19 167.384 1829.71 -1692.13 206.977
  poly 4: 2318.56 -1782.93 -144.471 2204.56 -1739.55 -139.878 2205.22 -1733.62 -179.472 2319.22 -1776.99 -184.064 2318.56 -1782.93 -144.471
  poly 5: 2283.13 -1812.07 -147.604 2169.13 -1768.7 -143.012 2169.79 -1762.77 -182.605 2283.79 -1806.14 -187.197 2283.13 -1812.07 -147.604
  poly 6: 1862.56 -1609.43 -126.101 1748.55 -1566.05 -121.509 1749.22 -1560.12 -161.102 1863.22 -1603.49 -165.694 1862.56 -1609.43 -126.101
  poly 7: 1827.12 -1638.57 -129.234 1713.12 -1595.2 -124.642 1713.78 -1589.26 -164.235 1827.78 -1632.64 -168.828 1827.12 -1638.57 -129.234
  poly 8: 1527.48 -1534.82 225.741 1527.17 -1528.52 186.2 1640.67 -1571.22 178.499 1640.98 -1577.52 218.04 1527.48 -1534.82 225.741
  poly 9: 1487.49 -1561.79 219.931 1487.18 -1555.49 180.39 1600.67 -1598.18 172.689 1600.99 -1604.48 212.229 1487.49 -1561.79 219.931
  poly 10: 1981.47 -1705.6 194.936 1981.16 -1699.3 155.395 2094.66 -1741.99 147.694 2094.97 -1748.3 187.234 1981.47 -1705.6 194.936
  poly 11: 1941.48 -1732.57 189.125 1941.17 -1726.26 149.585 2054.66 -1768.96 141.884 2054.98 -1775.26 181.424 1941.48 -1732.57 189.125
  poly 12: 1523.34 -1480.7 -110.253 1523.03 -1474.4 -149.793 1637.04 -1517.29 -157.53 1637.35 -1523.59 -117.989 1523.34 -1480.7 -110.253
  poly 13: 1483.34 -1507.66 -116.063 1483.03 -1501.36 -155.603 1597.05 -1544.25 -163.34 1597.36 -1550.55 -123.799 1483.34 -1507.66 -116.063
  poly 14: 1979.4 -1652.26 -141.199 1979.09 -1645.96 -180.739 2093.1 -1688.85 -188.476 2093.41 -1695.15 -148.935 1979.4 -1652.26 -141.199
  poly 15: 1939.4 -1679.22 -147.009 1939.09 -1672.92 -186.549 2053.11 -1715.81 -194.286 2053.42 -1722.11 -154.745 1939.4 -1679.22 -147.009
  poly 16: 2500 -1909.93 219.094 2500 -1896.52 133.257 2460 -1881.41 135.618 2460 -1863.79 22.8668 2500 -1878.89 20.5062 2500 -1865.6 -64.5516 2460 -1850.49 -62.191 2460 -1832.87 -174.942 2500 -1847.97 -177.303 2500 -1832.63 -275.428 1153.5 -1326.12 -184.062 1150.05 -1402.12 310.694 2500 -1909.93 219.094
  poly 17: 2500 -1951.94 210.57 2500 -1936.66 112.797 2460 -1921.56 115.158 2460 -1908.26 30.1003 2500 -1923.36 27.7396 2500 -1905.74 -85.0114 2460 -1890.64 -82.6507 2460 -1877.34 -167.709 2500 -1892.44 -170.069 2500 -1874.64 -283.952 1161.61 -1371.18 -193.136 1158.15 -1447.18 301.62 2500 -1951.94 210.57
element 64
  poly 0: 2460 -1883.13 146.581 2319.74 -1829.76 152.231 2284.31 -1858.91 149.098 2170.82 -1815.73 153.669 2206.26 -1786.58 156.803 1865.81 -1657.05 170.517 1830.38 -1686.19 167.384 1716.89 -1643.02 171.956 1752.33 -1613.87 175.089 1525.36 -1527.51 184.232 1363.29 -1465.85 190.761 1293.54 -1072.41 232.825 1258.1 -1101.57 229.691 1244.06 -1022.41 238.154 1279.51 -993.253 241.288 1237.41 -755.778 266.678 1201.96 -784.935 263.543 1187.93 -705.777 272.007 1223.38 -676.619 275.141 1195.31 -518.302 292.067 1176.5 -412.189 303.413 1495.67 -539.316 289.946 1535.66 -512.344 292.849 1648.01 -557.092 288.109 1608.02 -584.064 285.206 1945.07 -718.311 270.986 1985.06 -691.339 273.889 2097.41 -736.088 269.149 2057.42 -763.06 266.246 2282.13 -852.558 256.766 2460 -923.405 249.261 2460 -1029.22 237.94 2500 -1002.24 240.844 2500 -1109.1 229.411 2460 -1136.08 226.507 2460 -1456.66 192.209 2500 -1429.67 195.113 2500 -1536.53 183.68 2460 -1563.52 180.776 2460 -1777.23 157.91 2460 -1883.13 146.581
  poly 1: 2460 -1889.31 186.147 2319.08 -1835.69 191.824 2283.65 -1864.84 188.691 2170.16 -1821.66 193.263 2205.6 -1792.52 196.396 1865.15 -1662.98 210.111 1829.71 -1692.13 206.977 1716.23 -1648.95 211.549 1751.66 -1619.8 214.682 1524.7 -1533.45 223.825 1363.84 -1472.24 230.305 1293.71 -1076.63 272.602 1258.26 -1105.79 269.467 1244.23 -1026.63 277.93 1279.68 -997.476 281.065 1237.58 -760.001 306.454 1202.13 -789.159 303.32 1188.09 -710 311.783 1223.54 -680.843 314.918 1195.48 -522.526 331.844 1176.28 -414.238 343.421 1496.39 -541.74 329.916 1536.38 -514.768 332.818 1648.73 -559.517 328.078 1608.74 -586.489 325.176 1945.8 -720.735 310.955 1985.78 -693.763 313.858 2098.13 -738.512 309.118 2058.15 -765.484 306.215 2282.85 -854.982 296.735 2460 -925.542 289.261 2460 -1033.48 277.713 2500 -1006.49 280.617 2500 -1113.35 269.184 2460 -1140.34 266.28 2460 -1460.91 231.982 2500 -1433.93 234.886 2500 -1540.79 223.453 2460 -1567.77 220.549 2460 -1781.49 197.683 2460 -1889.31 186.147
element 65
  poly 0: 2460 -1830.56 -189.735 2319.22 -1776.99 -184.064 2283.79 -1806.14 -187.197 2169.79 -1762.77 -182.605 2205.22 -1733.62 -179.472 1863.22 -1603.49 -165.694 1827.78 -1632.64 -168.828 1713.78 -1589.26 -164.235 1749.22 -1560.12 -161.102 1521.21 -1473.37 -151.917 1358.63 -1411.5 -145.367 1290.13 -1025.13 -104.058 1254.68 -1054.28 -107.192 1241.31 -978.858 -99.1282 1276.76 -949.701 -95.9936 1236.64 -723.427 -71.8016 1201.2 -752.584 -74.9362 1187.83 -677.16 -66.8722 1223.27 -648.002 -63.7377 1196.53 -497.153 -47.6097 1178.38 -394.773 -36.6638 1491.16 -519.354 -49.8602 1531.15 -492.382 -46.9575 1644.06 -537.355 -51.7214 1604.08 -564.327 -54.6241 1942.82 -699.248 -68.9157 1982.8 -672.276 -66.013 2095.72 -717.249 -70.7769 2055.73 -744.221 -73.6796 2281.56 -834.168 -83.2074 2460 -905.24 -90.7357 2460 -1007.23 -101.648 2500 -980.251 -98.7442 2500 -1083.29 -109.768 2460 -1110.27 -112.672 2460 -1419.38 -145.743 2500 -1392.4 -142.839 2500 -1495.43 -153.863 2460 -1522.41 -156.767 2460 -1728.49 -178.815 2460 -1830.56 -189.735
  poly 1: 2460 -1836.74 -150.168 2318.56 -1782.93 -144.471 2283.13 -1812.07 -147.604 2169.13 -1768.7 -143.012 2204.56 -1739.55 -139.878 1862.56 -1609.43 -126.101 1827.12 -1638.57 -129.234 1713.12 -1595.2 -124.642 1748.55 -1566.05 -121.509 1520.55 -1479.3 -112.324 1359.18 -1417.9 -105.823 1290.29 -1029.35 -64.2812 1254.85 -1058.51 -67.4157 1241.48 -983.082 -59.3517 1276.92 -953.924 -56.2172 1236.81 -727.65 -32.0252 1201.36 -756.808 -35.1598 1187.99 -681.383 -27.0958 1223.44 -652.225 -23.9612 1196.69 -501.376 -7.83318 1178.16 -396.822 3.34516 1491.88 -521.778 -9.89094 1531.87 -494.806 -6.98828 1644.78 -539.779 -11.7522 1604.8 -566.751 -14.6548 1943.54 -701.672 -28.9465 1983.52 -674.7 -26.0438 2096.44 -719.673 -30.8077 2056.45 -746.645 -33.7104 2282.28 -836.592 -43.2381 2460 -907.377 -50.7361 2460 -1011.49 -61.8751 2500 -984.507 -58.9712 2500 -1087.54 -69.995 2460 -1114.53 -72.8989 2460 -1423.63 -105.97 2500 -1396.65 -103.066 2500 -1499.69 -114.09 2460 -1526.67 -116.994 2460 -1732.74 -139.042 2460 -1836.74 -150.168
element 66
  poly 0: 2500 -1006.49 280.617 2500 -1002.24 240.844 2500 -1109.1 229.411 2500 -1113.35 269.184 2500 -1006.49 280.617
  poly 1: 2460 -1033.48 277.713 2460 -1029.22 237.94 2460 -1136.08 226.507 2460 -1140.34 266.28 2460 -1033.48 277.713
  poly 2: 2500 -1433.93 234.886 2500 -1429.67 195.113 2500 -1536.53 183.68 2500 -1540.79 223.453 2500 -1433.93 234.886
  poly 3: 2460 -1460.91 231.982 2460 -1456.66 192.209 2460 -1563.52 180.776 2460 -1567.77 220.549 2460 -1460.91 231.982
  poly 4: 2500 -984.507 -58.9712 2500 -980.251 -98.7442 2500 -1083.29 -109.768 2500 -1087.54 -69.995 2500 -984.507 -58.9712
  poly 5: 2460 -1011.49 -61.8751 2460 -1007.23 -101.648 2460 -1110.27 -112.672 2460 -1114.53 -72.8989 2460 -1011.49 -61.8751
  poly 6: 2500 -1396.65 -103.066 2500 -1392.4 -142.839 2500 -1495.43 -153.863 2500 -1499.69 -114.09 2500 -1396.65 -103.066
  poly 7: 2460 -1423.63 -105.97 2460 -1419.38 -145.743 2460 -1522.41 -156.767 2460 -1526.67 -116.994 2460 -1423.63 -105.97
  poly 8: 2500 -1913.81 243.886 2500 -1836.5 -250.696 2500 -917.966 -152.423 2500 -924.14 -36.8615 2500 -880.373 -48.5629 2500 -886.463 65.436 2500 -928.735 49.1377 2500 -934.826 163.137 2500 -891.058 151.435 2500 -897.149 265.434 2500 -939.42 249.136 2500 -944.68 347.573 2500 -1913.81 243.886
  poly 9: 2460 -1898.59 245.497 2460 -1821.28 -249.085 2460 -902.034 -150.735 2460 -908.164 -36.0079 2460 -864.396 -47.7093 2460 -870.487 66.2896 2460 -912.759 49.9913 2460 -918.849 163.99 2460 -875.082 152.289 2460 -881.172 266.288 2460 -923.444 249.989 2460 -928.748 349.26 2460 -1898.59 245.497
element 67
  poly 0: 2319.82 -828.278 327.253 2207.47 -783.277 327.253 2208.2 -781.435 287.253 2320.55 -826.437 287.253 2319.82 -828.278 327.253
  poly 1: 2284.32 -857.202 327.253 2171.97 -812.2 327.253 2172.71 -810.358 287.253 2285.05 -855.36 287.253 2284.32 -857.202 327.253
  poly 2: 1870.42 -648.271 327.253 1758.07 -603.27 327.253 1758.81 -601.428 287.253 1871.16 -646.43 287.253 1870.42 -648.271 327.253
  poly 3: 1834.92 -677.195 327.253 1722.57 -632.193 327.253 1723.31 -630.351 287.253 1835.66 -675.353 287.253 1834.92 -677.195 327.253
  poly 4: 2319.25 -809.887 -12.7469 2206.34 -764.66 -12.7469 2207.08 -762.818 -52.7469 2319.99 -808.046 -52.7469 2319.25 -809.887 -12.7469
  poly 5: 2283.75 -838.81 -12.7469 2170.84 -793.583 -12.7469 2171.58 -791.741 -52.7469 2284.49 -836.969 -52.7469 2283.75 -838.81 -12.7469
  poly 6: 1867.6 -628.977 -12.7469 1754.69 -583.749 -12.7469 1755.42 -581.908 -52.7469 1868.34 -627.135 -52.7469 1867.6 -628.977 -12.7469
  poly 7: 1832.1 -657.9 -12.7469 1719.19 -612.672 -12.7469 1719.92 -610.831 -52.7469 1832.84 -656.058 -52.7469 1832.1 -657.9 -12.7469
  poly 8: 1536.38 -514.768 332.818 1535.66 -512.344 292.849 1648.01 -557.092 288.109 1648.73 -559.517 328.078 1536.38 -514.768 332.818
  poly 9: 1496.39 -541.74 329.916 1495.67 -539.316 289.946 1608.02 -584.064 285.206 1608.74 -586.489 325.176 1496.39 -541.74 329.916
  poly 10: 1985.78 -693.763 313.858 1985.06 -691.339 273.889 2097.41 -736.088 269.149 2098.13 -738.512 309.118 1985.78 -693.763 313.858
  poly 11: 1945.8 -720.735 310.955 1945.07 -718.311 270.986 2057.42 -763.06 266.246 2058.15 -765.484 306.215 1945.8 -720.735 310.955
  poly 12: 1531.87 -494.806 -6.98828 1531.15 -492.382 -46.9575 1644.06 -537.355 -51.7214 1644.78 -539.779 -11.7522 1531.87 -494.806 -6.98828
  poly 13: 1491.88 -521.778 -9.89094 1491.16 -519.354 -49.8602 1604.08 -564.327 -54.6241 1604.8 -566.751 -14.6548 1491.88 -521.778 -9.89094
  poly 14: 1983.52 -674.7 -26.0438 1982.8 -672.276 -66.013 2095.72 -717.249 -70.7769 2096.44 -719.673 -30.8077 1983.52 -674.7 -26.0438
  poly 15: 1943.54 -701.672 -28.9465 1942.82 -699.248 -68.9157 2055.73 -744.221 -73.6796 2056.45 -746.645 -33.7104 1943.54 -701.672 -28.9465
  poly 16: 2500 -901.782 352.162 2500 -897.149 265.434 2460 -881.172 266.288 2460 -875.082 152.289 2500 -891.058 151.435 2500 -886.463 65.436 2460 -870.487 66.2896 2460 -864.396 -47.7093 2500 -880.373 -48.5629 2500 -875.069 -147.833 1170.53 -345.543 -91.7425 1167.76 -371.155 408.37 2500 -901.782 352.162
  poly 17: 2500 -944.68 347.573 2500 -939.42 249.136 2460 -923.444 249.989 2460 -918.849 163.99 2500 -934.826 163.137 2500 -928.735 49.1377 2460 -912.759 49.9913 2460 -908.164 -36.0079 2500 -924.14 -36.8615 2500 -917.966 -152.423 1178.71 -391.7 -96.6773 1175.95 -417.312 403.435 2500 -944.68 347.573
element 68
  poly 0: 2460 -882.292 287.253 2320.55 -826.437 287.253 2285.05 -855.36 287.253 2172.71 -810.358 287.253 2208.2 -781.435 287.253 1871.16 -646.43 287.253 1835.66 -675.353 287.253 1723.31 -630.351 287.253 1758.81 -601.428 287.253 1534.11 -511.425 287.253 1373.47 -447.081 287.253 1299.83 -29.2915 287.253 1264.31 -58.2283 287.253 1248.3 32.5863 287.253 1283.82 61.5231 287.253 1235.8 333.967 287.253 1200.28 305.03 287.253 1184.27 395.845 287.253 1219.79 424.781 287.253 1187.77 606.411 287.253 1166.95 724.524 287.253 1486.48 596.535 287.253 1526.46 623.663 287.253 1639.96 578.202 287.253 1599.98 551.074 287.253 1940.46 414.691 287.253 1980.45 441.819 287.253 2093.94 396.358 287.253 2053.96 369.23 287.253 2280.95 278.307 287.253 2460 206.588 287.253 2460 86.4161 287.253 2500 113.557 287.253 2500 -7.66506 287.253 2460 -34.8061 287.253 2460 -398.472 287.253 2500 -371.331 287.253 2500 -492.554 287.253 2460 -519.695 287.253 2460 -762.139 287.253 2460 -882.292 287.253
  poly 1: 2460 -884.429 327.253 2319.82 -828.278 327.253 2284.32 -857.202 327.253 2171.97 -812.2 327.253 2207.47 -783.277 327.253 1870.42 -648.271 327.253 1834.92 -677.195 327.253 1722.57 -632.193 327.253 1758.07 -603.27 327.253 1533.37 -513.266 327.253 1374.07 -449.458 327.253 1300 -29.261 327.253 1264.49 -58.1978 327.253 1248.48 32.6168 327.253 1283.99 61.5536 327.253 1235.97 333.997 327.253 1200.45 305.061 327.253 1184.45 395.875 327.253 1219.96 424.812 327.253 1187.95 606.441 327.253 1166.74 726.75 327.253 1487.22 598.38 327.253 1527.2 625.508 327.253 1640.7 580.047 327.253 1600.72 552.919 327.253 1941.2 416.535 327.253 1981.18 443.663 327.253 2094.68 398.202 327.253 2054.7 371.074 327.253 2281.69 280.152 327.253 2460 208.729 327.253 2460 86.4161 327.253 2500 113.557 327.253 2500 -7.66506 327.253 2460 -34.8061 327.253 2460 -398.472 327.253 2500 -371.331 327.253 2500 -492.554 327.253 2460 -519.695 327.253 2460 -762.139 327.253 2460 -884.429 327.253
element 69
  poly 0: 2460 -864.127 -52.7469 2319.99 -808.046 -52.7469 2284.49 -836.969 -52.7469 2171.58 -791.741 -52.7469 2207.08 -762.818 -52.7469 1868.34 -627.135 -52.7469 1832.84 -656.058 -52.7469 1719.92 -610.831 -52.7469 1755.42 -581.908 -52.7469 1529.6 -491.452 -52.7469 1368.39 -426.882 -52.7469 1296.11 -16.8169 -52.7469 1260.6 -45.7537 -52.7469 1245.28 41.1364 -52.7469 1280.8 70.0732 -52.7469 1234.85 330.744 -52.7469 1199.33 301.807 -52.7469 1184.01 388.697 -52.7469 1219.53 417.634 -52.7469 1188.9 591.414 -52.7469 1168.77 705.603 -52.7469 1481.99 580.143 -52.7469 1521.97 607.271 -52.7469 1636.02 561.585 -52.7469 1596.04 534.456 -52.7469 1938.22 397.398 -52.7469 1978.2 424.526 -52.7469 2092.25 378.84 -52.7469 2052.27 351.712 -52.7469 2280.39 260.339 -52.7469 2460 188.395 -52.7469 2460 72.2625 -52.7469 2500 99.4035 -52.7469 2500 -17.7788 -52.7469 2460 -44.9198 -52.7469 2460 -396.467 -52.7469 2500 -369.326 -52.7469 2500 -486.508 -52.7469 2460 -513.649 -52.7469 2460 -748.013 -52.7469 2460 -864.127 -52.7469
  poly 1: 2460 -866.264 -12.7469 2319.25 -809.887 -12.7469 2283.75 -838.81 -12.7469 2170.84 -793.583 -12.7469 2206.34 -764.66 -12.7469 1867.6 -628.977 -12.7469 1832.1 -657.9 -12.7469 1719.19 -612.672 -12.7469 1754.69 -583.749 -12.7469 1528.86 -493.294 -12.7469 1368.99 -429.258 -12.7469 1296.28 -16.7863 -12.7469 1260.77 -45.7231 -12.7469 1245.45 41.167 -12.7469 1280.97 70.1038 -12.7469 1235.02 330.774 -12.7469 1199.5 301.837 -12.7469 1184.19 388.727 -12.7469 1219.7 417.664 -12.7469 1189.07 591.445 -12.7469 1168.56 707.829 -12.7469 1482.73 581.987 -12.7469 1522.71 609.115 -12.7469 1636.76 563.429 -12.7469 1596.78 536.301 -12.7469 1938.96 399.242 -12.7469 1978.94 426.37 -12.7469 2092.99 380.684 -12.7469 2053.01 353.556 -12.7469 2281.13 262.184 -12.7469 2460 190.535 -12.7469 2460 72.2625 -12.7469 2500 99.4035 -12.7469 2500 -17.7788 -12.7469 2460 -44.9198 -12.7469 2460 -396.467 -12.7469 2500 -369.326 -12.7469 2500 -486.508 -12.7469 2460 -513.649 -12.7469 2460 -748.013 -12.7469 2460 -866.264 -12.7469
element 70
  poly 0: 2500 113.557 327.253 2500 113.557 287.253 2500 -7.66506 287.253 2500 -7.66506 327.253 2500 113.557 327.253
  poly 1: 2460 86.4161 327.253 2460 86.4161 287.253 2460 -34.8061 287.253 2460 -34.8061 327.253 2460 86.4161 327.253
  poly 2: 2500 -371.331 327.253 2500 -371.331 287.253 2500 -492.554 287.253 2500 -492.554 327.253 2500 -371.331 327.253
  poly 3: 2460 -398.472 327.253 2460 -398.472 287.253 2460 -519.695 287.253 2460 -519.695 327.253 2460 -398.472 327.253
  poly 4: 2500 99.4035 -12.7469 2500 99.4035 -52.7469 2500 -17.7788 -52.7469 2500 -17.7788 -12.7469 2500 99.4035 -12.7469
  poly 5: 2460 72.2625 -12.7469 2460 72.2625 -52.7469 2460 -44.9198 -52.7469 2460 -44.9198 -12.7469 2460 72.2625 -12.7469
  poly 6: 2500 -369.326 -12.7469 2500 -369.326 -52.7469 2500 -486.508 -52.7469 2500 -486.508 -12.7469 2500 -369.326 -12.7469
  poly 7: 2460 -396.467 -12.7469 2460 -396.467 -52.7469 2460 -513.649 -52.7469 2460 -513.649 -12.7469 2460 -396.467 -12.7469
  poly 8: 2500 -903.657 387.253 2500 -876.944 -112.747 2500 169.162 -112.747 2500 175.347 2.83126 2500 217.617 -13.4707 2500 223.717 100.529 2500 179.949 88.8312 2500 186.049 202.831 2500 228.319 186.529 2500 234.419 300.529 2500 190.651 288.831 2500 195.917 387.253 2500 -903.657 387.253
  poly 9: 2460 -887.635 387.253 2460 -860.921 -112.747 2460 185.184 -112.747 2460 191.323 1.97636 2460 233.594 -14.3256 2460 239.694 99.6743 2460 195.925 87.9763 2460 202.025 201.976 2460 244.296 185.674 2460 250.396 299.674 2460 206.627 287.976 2460 211.939 387.253 2460 -887.635 387.253
element 71
  poly 0: 2318.66 309.971 354.964 2205.16 355.172 350.113 2205.9 352.738 310.144 2319.39 307.536 314.996 2318.66 309.971 354.964
  poly 1: 2283.15 281.213 358.051 2169.66 326.415 353.199 2170.4 323.98 313.231 2283.89 278.778 318.082 2283.15 281.213 358.051
  poly 2: 1864.67 490.777 335.559 1751.18 535.978 330.707 1751.92 533.544 290.739 1865.41 488.342 295.59 1864.67 490.777 335.559
  poly 3: 1829.17 462.019 338.645 1715.68 507.221 333.794 1716.42 504.786 293.825 1829.91 459.585 298.677 1829.17 462.019 338.645
  poly 4: 2318.09 292.001 14.9401 2204.04 337.426 10.0647 2204.77 334.992 -29.9037 2318.83 289.566 -25.0283 2318.09 292.001 14.9401
  poly 5: 2282.59 263.244 18.0266 2168.53 308.669 13.1512 2169.27 306.234 -26.8172 2283.33 260.809 -21.9419 2282.59 263.244 18.0266
  poly 6: 1861.86 473.702 -4.56143 1747.81 519.128 -9.43681 1748.54 516.693 -49.4052 1862.6 471.268 -44.5299 1861.86 473.702 -4.56143
  poly 7: 1826.36 444.945 -1.47497 1712.3 490.37 -6.35035 1713.04 487.936 -46.3188 1827.1 442.51 -41.4434 1826.36 444.945 -1.47497
  poly 8: 1527.2 625.508 327.253 1526.46 623.663 287.253 1639.96 578.202 287.253 1640.7 580.047 327.253 1527.2 625.508 327.253
  poly 9: 1487.22 598.38 327.253 1486.48 596.535 287.253 1599.98 551.074 287.253 1600.72 552.919 327.253 1487.22 598.38 327.253
  poly 10: 1981.18 443.663 327.253 1980.45 441.819 287.253 2093.94 396.358 287.253 2094.68 398.202 327.253 1981.18 443.663 327.253
  poly 11: 1941.2 416.535 327.253 1940.46 414.691 287.253 2053.96 369.23 287.253 2054.7 371.074 327.253 1941.2 416.535 327.253
  poly 12: 1522.71 609.115 -12.7469 1521.97 607.271 -52.7469 1636.02 561.585 -52.7469 1636.76 563.429 -12.7469 1522.71 609.115 -12.7469
  poly 13: 1482.73 581.987 -12.7469 1481.99 580.143 -52.7469 1596.04 534.456 -52.7469 1596.78 536.301 -12.7469 1482.73 581.987 -12.7469
  poly 14: 1978.94 426.37 -12.7469 1978.2 424.526 -52.7469 2092.25 378.84 -52.7469 2092.99 380.684 -12.7469 1978.94 426.37 -12.7469
  poly 15: 1938.96 399.242 -12.7469 1938.22 397.398 -52.7469 2052.27 351.712 -52.7469 2053.01 353.556 -12.7469 1938.96 399.242 -12.7469
  poly 16: 2500 239.06 387.253 2500 234.419 300.529 2460 250.396 299.674 2460 244.296 185.674 2500 228.319 186.529 2500 223.717 100.529 2460 239.694 99.6743 2460 233.594 -14.3256 2500 217.617 -13.4707 2500 212.305 -112.747 1160.91 748.684 -112.747 1158.24 776.509 387.253 2500 239.06 387.253
  poly 17: 2500 195.917 387.253 2500 190.651 288.831 2460 206.627 287.976 2460 202.025 201.976 2500 186.049 202.831 2500 179.949 88.8312 2460 195.925 87.9763 2460 191.323 1.97636 2500 175.347 2.83126 2500 169.162 -112.747 1169.09 702.264 -112.747 1166.42 730.089 387.253 2500 195.917 387.253
element 72
  poly 0: 2460 251.537 321.006 2319.39 307.536 314.996 2283.89 278.778 318.082 2170.4 323.98 313.231 2205.9 352.738 310.144 1865.41 488.342 295.59 1829.91 459.585 298.677 1716.42 504.786 293.825 1751.92 533.544 290.739 1524.93 623.947 281.036 1363.13 688.385 274.12 1293.01 1083.87 231.674 1257.5 1055.1 234.761 1243.66 1133.18 226.381 1279.17 1161.95 223.294 1237.65 1396.19 198.154 1202.13 1367.42 201.242 1188.29 1445.49 192.862 1223.8 1474.26 189.774 1196.12 1630.42 173.014 1177.45 1735.75 161.709 1460.97 1621.64 173.956 1500.96 1648.5 171.074 1617.67 1601.53 176.115 1577.69 1574.67 178.998 1927.82 1433.75 194.122 1967.81 1460.61 191.239 2084.52 1413.64 196.281 2044.54 1386.78 199.163 2277.96 1292.84 209.246 2460 1219.57 217.109 2460 1112.73 228.576 2500 1139.6 225.693 2500 1031.82 237.261 2460 1004.95 240.144 2460 681.604 274.848 2500 708.469 271.965 2500 600.687 283.533 2460 573.821 286.416 2460 358.256 309.552 2460 251.537 321.006
  poly 1: 2460 253.678 361.006 2318.66 309.971 354.964 2283.15 281.213 358.051 2169.66 326.415 353.199 2205.16 355.172 350.113 1864.67 490.777 335.559 1829.17 462.019 338.645 1715.68 507.221 333.794 1751.18 535.978 330.707 1524.19 626.381 321.005 1363.72 690.289 314.146 1293.18 1088.17 271.442 1257.67 1059.4 274.53 1243.83 1137.48 266.15 1279.34 1166.25 263.062 1237.82 1400.48 237.922 1202.3 1371.71 241.01 1188.46 1449.79 232.63 1223.97 1478.56 229.542 1196.29 1634.72 212.782 1177.27 1742.01 201.267 1461.65 1627.56 213.551 1501.63 1654.42 210.668 1618.34 1607.44 215.71 1578.36 1580.59 218.592 1928.5 1439.67 233.716 1968.48 1466.53 230.834 2085.19 1419.55 235.875 2045.21 1392.7 238.758 2278.63 1298.75 248.841 2460 1225.76 256.675 2460 1117 268.347 2500 1143.87 265.464 2500 1036.09 277.032 2460 1009.22 279.916 2460 685.872 314.62 2500 712.738 311.736 2500 604.955 323.304 2460 578.09 326.188 2460 362.524 349.324 2460 253.678 361.006
element 73
  poly 0: 2460 233.344 -18.9941 2318.83 289.566 -25.0283 2283.33 260.809 -21.9419 2169.27 306.234 -26.8172 2204.77 334.992 -29.9037 1862.6 471.268 -44.5299 1827.1 442.51 -41.4434 1713.04 487.936 -46.3188 1748.54 516.693 -49.4052 1520.43 607.544 -59.156 1358.07 672.208 -66.0962 1289.27 1060.23 -107.742 1253.76 1031.46 -104.654 1240.57 1105.85 -112.637 1276.09 1134.62 -115.725 1236.53 1357.76 -139.675 1201.01 1328.99 -136.587 1187.82 1403.38 -144.571 1223.34 1432.15 -147.658 1196.97 1580.91 -163.625 1178.95 1682.55 -174.533 1457.53 1570.43 -162.5 1497.51 1597.29 -165.382 1614.66 1550.14 -160.322 1574.67 1523.28 -157.44 1926.1 1381.85 -142.26 1966.09 1408.7 -145.142 2083.23 1361.56 -140.082 2043.24 1334.7 -137.2 2277.53 1240.41 -127.08 2460 1166.97 -119.198 2460 1063.96 -108.142 2500 1090.82 -111.025 2500 986.863 -99.8673 2460 959.997 -96.9839 2460 648.118 -63.5108 2500 674.984 -66.3942 2500 571.024 -55.2364 2460 544.159 -52.353 2460 336.239 -30.0376 2460 233.344 -18.9941
  poly 1: 2460 235.484 21.0059 2318.09 292.001 14.9401 2282.59 263.244 18.0266 2168.53 308.669 13.1512 2204.04 337.426 10.0647 1861.86 473.702 -4.56143 1826.36 444.945 -1.47497 1712.3 490.37 -6.35035 1747.81 519.128 -9.43681 1519.69 609.978 -19.1876 1358.66 674.111 -26.0708 1289.45 1064.53 -67.9736 1253.93 1035.76 -64.8858 1240.74 1110.14 -72.8691 1276.26 1138.91 -75.9569 1236.7 1362.06 -99.9067 1201.18 1333.29 -96.8189 1187.99 1407.67 -104.802 1223.51 1436.44 -107.89 1197.14 1585.21 -123.857 1178.77 1688.81 -134.975 1458.2 1576.35 -122.905 1498.19 1603.2 -125.788 1615.33 1556.06 -120.728 1575.34 1529.2 -117.845 1926.77 1387.76 -102.665 1966.76 1414.62 -105.548 2083.9 1367.47 -100.488 2043.92 1340.62 -97.6052 2278.2 1246.33 -87.4852 2460 1173.16 -79.6324 2460 1068.23 -68.37 2500 1095.09 -71.2534 2500 991.132 -60.0957 2460 964.266 -57.2123 2460 652.387 -23.7392 2500 679.253 -26.6226 2500 575.293 -15.4649 2460 548.427 -12.5815 2460 340.508 9.73397 2460 235.484 21.0059
element 74
  poly 0: 2500 1143.87 265.464 2500 1139.6 225.693 2500 1031.82 237.261 2500 1036.09 277.032 2500 1143.87 265.464
  poly 1: 2460 1117 268.347 2460 1112.73 228.576 2460 1004.95 240.144 2460 1009.22 279.916 2460 1117 268.347
  poly 2: 2500 712.738 311.736 2500 708.469 271.965 2500 600.687 283.533 2500 604.955 323.304 2500 712.738 311.736
  poly 3: 2460 685.872 314.62 2460 681.604 274.848 2460 573.821 286.416 2460 578.09 326.188 2460 685.872 314.62
  poly 4: 2500 1095.09 -71.2534 2500 1090.82 -111.025 2500 986.863 -99.8673 2500 991.132 -60.0957 2500 1095.09 -71.2534
  poly 5: 2460 1068.23 -68.37 2460 1063.96 -108.142 2460 959.997 -96.9839 2460 964.266 -57.2123 2460 1068.23 -68.37
  poly 6: 2500 679.253 -26.6226 2500 674.984 -66.3942 2500 571.024 -55.2364 2500 575.293 -15.4649 2500 679.253 -26.6226
  poly 7: 2460 652.387 -23.7392 2460 648.118 -63.5108 2460 544.159 -52.353 2460 548.427 -12.5815 2460 652.387 -23.7392
  poly 8: 2500 240.958 422.716 2500 214.203 -77.2843 2500 1141.59 -176.818 2500 1159.45 -62.6424 2500 1199.91 -83.1575 2500 1217.55 29.6043 2500 1172.75 22.4235 2500 1190.39 135.185 2500 1230.85 114.67 2500 1248.49 227.432 2500 1203.69 220.251 2500 1218.94 317.751 2500 240.958 422.716
  poly 9: 2460 256.888 421.006 2460 230.133 -78.9941 2460 1157.69 -178.546 2460 1175.43 -65.1415 2460 1215.89 -85.6565 2460 1233.52 27.1053 2460 1188.73 19.9245 2460 1206.37 132.686 2460 1246.83 112.171 2460 1264.47 224.933 2460 1219.67 217.752 2460 1235.04 316.023 2460 256.888 421.006
element 75
  poly 0: 2315.97 1329.82 265.931 2199.24 1376.28 257.559 2199.56 1369.96 218.022 2316.29 1323.5 226.394 2315.97 1329.82 265.931
  poly 1: 2280.44 1301.63 271.957 2163.71 1348.09 263.585 2164.03 1341.77 224.048 2280.76 1295.31 232.42 2280.44 1301.63 271.957
  poly 2: 1849.06 1515.65 232.444 1732.33 1562.11 224.072 1732.65 1555.79 184.534 1849.38 1509.33 192.906 1849.06 1515.65 232.444
  poly 3: 1813.53 1487.46 238.47 1696.8 1533.92 230.098 1697.13 1527.6 190.56 1813.85 1481.14 198.932 1813.53 1487.46 238.47
  poly 4: 2315.54 1277.4 -70.3645 2198.38 1324.03 -78.7673 2198.7 1317.71 -118.305 2315.86 1271.08 -109.902 2315.54 1277.4 -70.3645
  poly 5: 2280.01 1249.21 -64.3386 2162.85 1295.84 -72.7414 2163.17 1289.52 -112.279 2280.33 1242.89 -103.876 2280.01 1249.21 -64.3386
  poly 6: 1846.9 1463.91 -103.976 1729.75 1510.54 -112.378 1730.07 1504.23 -151.916 1847.23 1457.6 -143.513 1846.9 1463.91 -103.976
  poly 7: 1811.38 1435.72 -97.9498 1694.22 1482.35 -106.353 1694.54 1476.04 -145.89 1811.7 1429.41 -137.487 1811.38 1435.72 -97.9498
  poly 8: 1501.63 1654.42 210.668 1500.96 1648.5 171.074 1617.67 1601.53 176.115 1618.34 1607.44 215.71 1501.63 1654.42 210.668
  poly 9: 1461.65 1627.56 213.551 1460.97 1621.64 173.956 1577.69 1574.67 178.998 1578.36 1580.59 218.592 1461.65 1627.56 213.551
  poly 10: 1968.48 1466.53 230.834 1967.81 1460.61 191.239 2084.52 1413.64 196.281 2085.19 1419.55 235.875 1968.48 1466.53 230.834
  poly 11: 1928.5 1439.67 233.716 1927.82 1433.75 194.122 2044.54 1386.78 199.163 2045.21 1392.7 238.758 1928.5 1439.67 233.716
  poly 12: 1498.19 1603.2 -125.788 1497.51 1597.29 -165.382 1614.66 1550.14 -160.322 1615.33 1556.06 -120.728 1498.19 1603.2 -125.788
  poly 13: 1458.2 1576.35 -122.905 1457.53 1570.43 -162.5 1574.67 1523.28 -157.44 1575.34 1529.2 -117.845 1458.2 1576.35 -122.905
  poly 14: 1966.76 1414.62 -105.548 1966.09 1408.7 -145.142 2083.23 1361.56 -140.082 2083.9 1367.47 -100.488 1966.76 1414.62 -105.548
  poly 15: 1926.77 1387.76 -102.665 1926.1 1381.85 -142.26 2043.24 1334.7 -137.2 2043.92 1340.62 -97.6052 1926.77 1387.76 -102.665
  poly 16: 2500 1261.89 313.141 2500 1248.49 227.432 2460 1264.47 224.933 2460 1246.83 112.171 2500 1230.85 114.67 2500 1217.55 29.6043 2460 1233.52 27.1053 2460 1215.89 -85.6565 2500 1199.91 -83.1575 2500 1184.54 -181.428 1171.01 1719.41 -238.834 1168.8 1797.65 255.64 2500 1261.89 313.141
  poly 17: 2500 1218.94 317.751 2500 1203.69 220.251 2460 1219.67 217.752 2460 1206.37 132.686 2500 1190.39 135.185 2500 1172.75 22.4235 2460 1188.73 19.9245 2460 1175.43 -65.1415 2500 1159.45 -62.6424 2500 1141.59 -176.818 1179.21 1673.16 -233.87 1177 1751.4 260.604 2500 1218.94 317.751
element 76
  poly 0: 2460 1266.31 236.701 2316.29 1323.5 226.394 2280.76 1295.31 232.42 2164.03 1341.77 224.048 2199.56 1369.96 218.022 1849.38 1509.33 192.906 1813.85 1481.14 198.932 1697.13 1527.6 190.56 1732.65 1555.79 184.534 1499.2 1648.71 167.79 1334.67 1714.19 155.99 1273.61 2053.72 87.7596 1238.08 2025.53 93.7865 1229.66 2072.33 84.3809 1265.19 2100.52 78.354 1239.94 2240.94 50.1372 1204.41 2212.74 56.1641 1195.99 2259.55 46.7585 1231.53 2287.74 40.7316 1214.69 2381.35 21.9204 1200.55 2460 6.1153 1340.99 2460 4.86604 1380.33 2500 -3.58608 1520.18 2500 -4.83013 1480.84 2460 3.622 1900.4 2460 -0.11014 1939.74 2500 -8.56226 2079.59 2500 -9.80631 2040.26 2460 -1.35419 2319.96 2460 -3.84228 2460 2460 -5.08794 2460 2323.14 22.6337 2500 2363.82 14.0389 2500 2231.6 40.8196 2460 2190.93 49.4143 2460 1794.29 129.756 2500 1834.96 121.161 2500 1702.75 147.942 2460 1662.07 156.537 2460 1397.64 210.098 2460 1266.31 236.701
  poly 1: 2460 1272.49 276.262 2315.97 1329.82 265.931 2280.44 1301.63 271.957 2163.71 1348.09 263.585 2199.24 1376.28 257.559 1849.06 1515.65 232.444 1813.53 1487.46 238.47 1696.8 1533.92 230.098 1732.33 1562.11 224.072 1498.88 1655.02 207.328 1335.12 1720.2 195.583 1273.73 2061.62 126.972 1238.19 2033.43 132.999 1229.78 2080.23 123.593 1265.31 2108.43 117.566 1240.06 2248.84 89.3497 1204.53 2220.64 95.3766 1196.11 2267.45 85.971 1231.64 2295.64 79.9441 1214.81 2389.25 61.1329 1202.09 2460 46.9155 1341.35 2460 45.6767 1380.69 2500 37.2246 1520.54 2500 35.9805 1481.21 2460 44.4326 1900.77 2460 40.7005 1940.1 2500 32.2484 2079.96 2500 31.0043 2040.62 2460 39.4565 2320.33 2460 36.9684 2460 2460 35.7259 2460 2331.08 61.839 2500 2371.76 53.2443 2500 2239.54 80.0249 2460 2198.87 88.6196 2460 1802.23 168.961 2500 1842.9 160.367 2500 1710.69 187.147 2460 1670.01 195.742 2460 1405.58 249.303 2460 1272.49 276.262
element 77
  poly 0: 2460 1213.71 -99.5638 2315.86 1271.08 -109.902 2280.33 1242.89 -103.876 2163.17 1289.52 -112.279 2198.7 1317.71 -118.305 1847.23 1457.6 -143.513 1811.7 1429.41 -137.487 1694.54 1476.04 -145.89 1730.07 1504.23 -151.916 1495.75 1597.48 -168.722 1330.79 1663.14 -180.553 1269.17 2005.79 -249.411 1233.64 1977.6 -243.384 1224.14 2030.39 -253.993 1259.68 2058.59 -260.02 1231.19 2216.97 -291.849 1195.66 2188.78 -285.822 1186.17 2241.57 -296.431 1221.7 2269.77 -302.458 1202.71 2375.36 -323.677 1187.49 2460 -340.686 1329.38 2460 -341.949 1368.72 2500 -350.401 1510.02 2500 -351.658 1470.69 2460 -343.206 1894.6 2460 -346.976 1933.94 2500 -355.429 2075.24 2500 -356.686 2035.91 2460 -348.233 2318.51 2460 -350.747 2460 2460 -352.006 2460 2317.3 -323.101 2500 2357.97 -331.695 2500 2219.91 -303.731 2460 2179.24 -295.136 2460 1765.07 -211.243 2500 1805.74 -219.838 2500 1667.68 -191.874 2460 1627.01 -183.279 2460 1350.89 -127.35 2460 1213.71 -99.5638
  poly 1: 2460 1219.9 -60.0032 2315.54 1277.4 -70.3645 2280.01 1249.21 -64.3386 2162.85 1295.84 -72.7414 2198.38 1324.03 -78.7673 1846.9 1463.91 -103.976 1811.38 1435.72 -97.9498 1694.22 1482.35 -106.353 1729.75 1510.54 -112.378 1495.43 1603.8 -129.184 1331.24 1669.15 -140.96 1269.29 2013.69 -210.198 1233.75 1985.5 -204.171 1224.26 2038.29 -214.781 1259.79 2066.49 -220.808 1231.31 2224.87 -252.636 1195.78 2196.68 -246.609 1186.28 2249.48 -257.219 1221.82 2277.67 -263.246 1202.83 2383.26 -284.465 1189.03 2460 -299.886 1329.75 2460 -301.138 1369.08 2500 -309.59 1510.39 2500 -310.847 1471.05 2460 -302.395 1894.96 2460 -306.166 1934.3 2500 -314.618 2075.6 2500 -315.875 2036.27 2460 -307.423 2318.88 2460 -309.937 2460 2460 -311.192 2460 2325.24 -283.895 2500 2365.91 -292.49 2500 2227.86 -264.526 2460 2187.18 -255.931 2460 1773.01 -172.038 2500 1813.68 -180.633 2500 1675.62 -152.668 2460 1634.95 -144.074 2460 1358.83 -88.1452 2460 1219.9 -60.0032
element 78
  poly 0: 2500 2371.76 53.2443 2500 2363.82 14.0389 2500 2231.6 40.8196 2500 2239.54 80.0249 2500 2371.76 53.2443
  poly 1: 2460 2331.08 61.839 2460 2323.14 22.6337 2460 2190.93 49.4143 2460 2198.87 88.6196 2460 2331.08 61.839
  poly 2: 2500 1842.9 160.367 2500 1834.96 121.161 2500 1702.75 147.942 2500 1710.69 187.147 2500 1842.9 160.367
  poly 3: 2460 1802.23 168.961 2460 1794.29 129.756 2460 1662.07 156.537 2460 1670.01 195.742 2460 1802.23 168.961
  poly 4: 2500 2365.91 -292.49 2500 2357.97 -331.695 2500 2219.91 -303.731 2500 2227.86 -264.526 2500 2365.91 -292.49
  poly 5: 2460 2325.24 -283.895 2460 2317.3 -323.101 2460 2179.24 -295.136 2460 2187.18 -255.931 2460 2325.24 -283.895
  poly 6: 2500 1813.68 -180.633 2500 1805.74 -219.838 2500 1667.68 -191.874 2500 1675.62 -152.668 2500 1813.68 -180.633
  poly 7: 2460 1773.01 -172.038 2460 1765.07 -211.243 2460 1627.01 -183.279 2460 1634.95 -144.074 2460 1773.01 -172.038
  poly 8: 2500 1265.85 338.471 2500 1188.51 -156.036 2500 2460 -413.583 2500 2460 -301.084 2500 2500 -315.367 2500 2500 -199.064 2500 2460 -213.347 2500 2460 -97.0432 2500 2500 -111.326 2500 2500 4.97722 2500 2460 -9.30564 2500 2460 96.5909 2500 1265.85 338.471
  poly 9: 2460 1281.78 335.602 2460 1204.43 -158.905 2460 2460 -413.227 2460 2460 -301.084 2460 2500 -315.367 2460 2500 -199.064 2460 2460 -213.347 2460 2460 -97.0432 2460 2500 -111.326 2460 2500 4.97722 2460 2460 -9.30564 2460 2460 96.9468 2460 1281.78 335.602
element 79
  poly 0: 1380.69 2500 37.2246 1380.33 2500 -3.58608 1520.18 2500 -4.83013 1520.54 2500 35.9805 1380.69 2500 37.2246
  poly 1: 1341.35 2460 45.6767 1340.99 2460 4.86604 1480.84 2460 3.622 1481.21 2460 44.4326 1341.35 2460 45.6767
  poly 2: 1940.1 2500 32.2484 1939.74 2500 -8.56226 2079.59 2500 -9.80631 2079.96 2500 31.0043 1940.1 2500 32.2484
  poly 3: 1900.77 2460 40.7005 1900.4 2460 -0.11014 2040.26 2460 -1.35419 2040.62 2460 39.4565 1900.77 2460 40.7005
  poly 4: 1369.08 2500 -309.59 1368.72 2500 -350.401 1510.02 2500 -351.658 1510.39 2500 -310.847 1369.08 2500 -309.59
  poly 5: 1329.75 2460 -301.138 1329.38 2460 -341.949 1470.69 2460 -343.206 1471.05 2460 -302.395 1329.75 2460 -301.138
  poly 6: 1934.3 2500 -314.618 1933.94 2500 -355.429 2075.24 2500 -356.686 2075.6 2500 -315.875 1934.3 2500 -314.618
  poly 7: 1894.96 2460 -306.166 1894.6 2460 -346.976 2035.91 2460 -348.233 2036.27 2460 -307.423 1894.96 2460 -306.166
  poly 8: 2500 2500 88.4887 2500 2500 4.97722 2460 2500 4.97722 2460 2500 -111.326 2500 2500 -111.326 2500 2500 -199.064 2460 2500 -199.064 2460 2500 -315.367 2500 2500 -315.367 2500 2500 -421.685 1177.99 2500 -409.925 1197.2 2500 100.078 2500 2500 88.4887
  poly 9: 2500 2460 96.5909 2500 2460 -9.30564 2460 2460 -9.30564 2460 2460 -97.0432 2500 2460 -97.0432 2500 2460 -213.347 2460 2460 -213.347 2460 2460 -301.084 2500 2460 -301.084 2500 2460 -413.583 1185.19 2460 -401.887 1204.39 2460 108.116 2500 2460 96.5909
