element 0
  poly 0: -679.256 -453.678 -185.216 -667.713 -445.43 -196.366 -536.683 -530.299 -142.244 -539.921 -533.83 -137.883 -518.791 -545.256 -131.443 -516.853 -543.142 -134.053 -503.413 -551.847 -128.502 -511.898 -562.076 -116.088 -578.317 -519.056 -143.522 -573.697 -514.808 -148.944 -589.059 -505.443 -154.698 -593.306 -509.348 -149.714 -679.256 -453.678 -185.216
  poly 1: -676.23 -441.054 -172.746 -664.687 -432.806 -183.897 -547.34 -508.813 -135.426 -551.475 -513.322 -129.857 -530.346 -524.748 -123.417 -527.51 -521.656 -127.235 -500.388 -539.224 -116.032 -508.872 -549.452 -103.618 -570.747 -509.376 -129.176 -566.013 -505.024 -134.731 -581.375 -495.658 -140.484 -585.735 -499.667 -135.367 -676.23 -441.054 -172.746
element 1
  poly 0: -590.163 -457.518 -100.058 -580.187 -449.413 -112.86 -564.838 -476.207 -123.624 -568.679 -479.681 -118.614 -559.944 -497.375 -124.184 -555.179 -493.067 -130.397 -461.745 -656.166 -195.92 -469.432 -668.266 -184.723 -543.937 -538.209 -132.475 -539.921 -533.83 -137.883 -551.475 -513.322 -129.857 -555.611 -517.831 -124.288 -590.163 -457.518 -100.058
  poly 1: -577.006 -454.792 -88.0802 -567.03 -446.688 -100.882 -556.306 -465.409 -108.403 -559.705 -468.482 -103.97 -550.97 -486.176 -109.539 -546.647 -482.268 -115.176 -448.589 -653.441 -183.942 -456.275 -665.541 -172.745 -522.725 -549.545 -126.146 -518.791 -545.256 -131.443 -530.346 -524.748 -123.417 -534.399 -529.168 -117.959 -577.006 -454.792 -88.0802
element 2
  poly 0: -383.29 -694.909 -153.211 -377.615 -683.995 -166.356 -266.878 -579.332 -26.9405 -269.012 -583.723 -20.9526 -258.065 -572.855 -9.0804 -256.401 -569.43 -13.7505 -243.088 -556.848 3.00965 -247.957 -567.001 17.1681 -296.04 -612.446 -43.367 -294.102 -608.607 -48.2608 -305.334 -619.531 -61.2788 -306.976 -622.782 -57.1346 -383.29 -694.909 -153.211
  poly 1: -397.318 -684.03 -150.235 -391.644 -673.116 -163.38 -284.894 -572.223 -28.985 -287.208 -576.982 -22.4954 -276.261 -566.114 -10.6232 -274.417 -562.321 -15.7949 -257.117 -545.97 5.98596 -261.986 -556.122 20.1444 -304.949 -596.728 -33.9448 -302.871 -592.614 -39.1895 -314.104 -603.538 -52.2075 -315.884 -607.064 -47.7124 -397.318 -684.03 -150.235
element 3
  poly 0: -374.953 -552.866 -19.9433 -368.612 -543.086 -33.8457 -336.563 -553.918 -32.3686 -338.524 -557.337 -27.5997 -316.971 -566.009 -24.954 -314.343 -561.428 -31.3445 -131.56 -623.206 -22.9202 -132.289 -626.844 -18.3298 -111.808 -632.163 -19.2946 -111.38 -630.027 -21.9902 -90.7218 -637.009 -21.038 -92.346 -648.383 -6.91831 -184.903 -617.1 -11.1841 -183.53 -612.715 -16.8935 -203.025 -606.774 -17.0204 -204.215 -610.573 -12.0742 -271.079 -587.974 -15.1559 -269.012 -583.723 -20.9526 -287.208 -576.982 -22.4954 -289.521 -581.741 -16.0059 -374.953 -552.866 -19.9433
  poly 1: -370.932 -539.432 -8.65837 -364.592 -529.651 -22.5607 -346.726 -535.69 -21.7373 -348.261 -538.367 -18.0035 -326.708 -547.039 -15.3578 -324.506 -543.2 -20.7132 -138.178 -606.176 -12.1256 -139.065 -610.606 -6.53625 -118.584 -615.924 -7.5011 -117.998 -612.997 -11.1955 -86.7012 -623.574 -9.75312 -88.3254 -634.949 4.36662 -171.824 -606.727 0.51828 -170.364 -602.068 -5.54904 -189.86 -596.127 -5.67592 -191.136 -600.2 -0.37179 -260.038 -576.912 -3.54739 -258.065 -572.855 -9.0804 -276.261 -566.114 -10.6232 -278.48 -570.679 -4.39737 -370.932 -539.432 -8.65837
element 4
  poly 0: -168.619 -549.632 50.984 -165.76 -539.979 35.8207 -155.094 -564.312 16.5001 -155.982 -567.763 21.4878 -149.516 -584.546 11.0277 -148.299 -579.816 4.19016 -73.1454 -751.274 -131.949 -74.2287 -764.979 -120.003 -133.069 -630.739 -13.4155 -132.289 -626.844 -18.3298 -139.065 -610.606 -6.53625 -139.952 -615.035 -0.946905 -168.619 -549.632 50.984
  poly 1: -151.711 -546.39 56.2362 -148.851 -536.738 41.0728 -141.594 -553.295 27.9264 -142.316 -556.104 31.9863 -135.85 -572.887 21.5263 -134.798 -568.799 15.6165 -56.2365 -748.033 -126.697 -57.3199 -761.738 -114.751 -112.531 -635.775 -14.7362 -111.808 -632.163 -19.2946 -118.584 -615.924 -7.5011 -119.414 -620.072 -2.26759 -151.711 -546.39 56.2362
element 5
  poly 0: 14.4582 -745.568 -93.0847 12.1382 -734.201 -106.851 191.289 -591.302 -12.7398 192.689 -595.643 -6.8226 207.684 -582.106 -0.442017 206.688 -579.019 -4.65017 222.639 -566.296 3.72913 226.194 -576.679 18.1445 154.639 -633.753 -19.4445 153.652 -629.504 -24.7449 138.712 -642.035 -32.0099 139.579 -645.766 -27.3561 14.4582 -745.568 -93.0847
  poly 1: 2.19884 -736.494 -83.5259 -0.121128 -725.127 -97.2925 170.909 -588.706 -7.44695 172.523 -593.708 -0.628544 187.518 -580.171 5.75204 186.308 -576.422 0.642661 210.379 -557.222 13.2879 213.934 -567.605 27.7033 149.937 -618.652 -5.91585 148.89 -614.142 -11.5407 133.949 -626.673 -18.8058 134.877 -630.665 -13.8275 2.19884 -736.494 -83.5259
element 6
  poly 0: 92.2506 -593.218 34.9157 90.559 -582.861 20.0508 121.294 -584.922 9.26906 122.005 -588.063 13.6866 141.599 -590.632 8.70674 140.6 -586.217 2.49646 308.17 -597.453 -56.2871 310.671 -602.021 -50.5242 328.484 -602.16 -58.3653 326.582 -598.688 -62.7463 349.735 -600.24 -70.8682 356.22 -610.919 -57.6851 262.359 -604.625 -24.7585 260.461 -600.309 -30.4146 238.589 -599.187 -22.2201 240.33 -603.148 -17.0306 194.111 -600.049 -0.817071 192.689 -595.643 -6.8226 172.523 -593.708 -0.628544 174.137 -598.709 6.18986 92.2506 -593.218 34.9157
  poly 1: 96.6109 -578.661 44.5626 94.9193 -568.304 29.6977 116.6 -569.757 22.0921 117.176 -572.3 25.6689 136.77 -574.869 20.689 135.906 -571.052 15.3195 305.526 -582.426 -44.1832 308.255 -587.411 -37.8946 326.068 -587.55 -45.7358 323.939 -583.661 -50.6424 354.095 -585.683 -61.2213 360.581 -596.361 -48.0382 280.782 -591.01 -20.0447 278.784 -586.467 -25.9986 256.911 -585.345 -17.8041 258.753 -589.533 -12.3168 209.004 -586.197 5.13486 207.684 -582.106 -0.442017 187.518 -580.171 5.75204 189.03 -584.858 12.1418 96.6109 -578.661 44.5626
element 7
  poly 0: 302.043 -533.065 24.5056 296.436 -523.761 9.91317 299.987 -547.327 -12.3745 301.717 -550.311 -8.0781 304.635 -566.291 -20.3532 302.216 -562.117 -26.3622 324.918 -712.764 -168.837 331.046 -725.52 -157.509 313.105 -606.467 -44.9149 310.671 -602.021 -50.5242 308.255 -587.411 -37.8946 310.984 -592.395 -31.6061 302.043 -533.065 24.5056
  poly 1: 318.938 -527.647 21.4685 313.33 -518.342 6.87606 315.84 -534.996 -8.87443 317.247 -537.425 -5.37845 320.166 -553.404 -17.6535 318.069 -549.786 -22.8621 341.813 -707.345 -171.875 347.94 -720.101 -160.546 330.806 -606.402 -53.0145 328.484 -602.16 -58.3653 326.068 -587.55 -45.7358 328.685 -592.33 -39.7056 318.938 -527.647 21.4685
element 8
  poly 0: 403.761 -679.212 -143.947 394.727 -669.307 -155.959 588.019 -501.074 -160.854 592.012 -504.501 -156.2 609.509 -486.919 -158.264 606.878 -484.66 -161.332 619.828 -473.388 -161.66 630.29 -482.051 -149.684 563.19 -540.451 -147.985 558.877 -536.209 -153.385 543.881 -550.172 -152.377 547.703 -553.931 -147.593 403.761 -679.212 -143.947
  poly 1: 396.065 -669.98 -130.548 387.031 -660.075 -142.56 567.299 -503.178 -147.125 572.231 -507.412 -141.375 589.729 -489.83 -143.439 586.157 -486.765 -147.602 612.133 -464.157 -148.26 622.594 -472.819 -136.284 562.925 -524.752 -134.773 558.377 -520.278 -140.468 543.38 -534.241 -139.461 547.438 -538.232 -134.381 396.065 -669.98 -130.548
element 9
  poly 0: 523.367 -520.562 -93.4051 514.306 -511.584 -106.255 538.876 -507.511 -125.538 542.694 -511.057 -120.575 558.187 -509.282 -131.224 553.645 -505.064 -137.128 646.837 -489.619 -210.265 658.186 -498.218 -199.211 596.587 -508.427 -150.868 592.012 -504.501 -156.2 572.231 -507.412 -141.375 577.164 -511.646 -135.625 523.367 -520.562 -93.4051
  poly 1: 527.202 -504.991 -85.2297 518.141 -496.013 -98.0796 538.247 -492.681 -113.859 541.845 -496.023 -109.18 557.338 -494.248 -119.829 553.016 -490.233 -125.449 650.672 -474.048 -202.09 662.022 -482.647 -191.036 613.837 -490.633 -153.22 609.509 -486.919 -158.264 589.729 -489.83 -143.439 594.414 -493.852 -137.977 527.202 -504.991 -85.2297
element 10
  poly 0: -594.045 -538.143 -164.579 -583.665 -528.492 -175.85 -569.689 -511.123 -153.647 -573.697 -514.808 -148.944 -566.013 -505.024 -134.731 -561.279 -500.671 -140.285 -501.269 -426.089 -44.945 -505.252 -429.554 -38.5931 -495.686 -418.005 -26.2932 -492.613 -415.331 -31.1937 -481.647 -401.703 -13.7719 -490.039 -408.881 0.65958 -528.294 -456.426 -60.1173 -523.775 -452.407 -66.5826 -532.933 -463.653 -79.9715 -537.067 -467.329 -74.0556 -555.6 -490.363 -103.5 -550.97 -486.176 -109.539 -559.944 -497.375 -124.184 -564.708 -501.683 -117.97 -594.045 -538.143 -164.579
  poly 1: -607.078 -525.812 -166.022 -596.697 -516.161 -177.293 -585.272 -501.961 -159.141 -589.059 -505.443 -154.698 -581.375 -495.658 -140.484 -576.862 -491.509 -145.78 -517.525 -417.763 -51.5101 -521.847 -421.524 -44.6176 -512.281 -409.975 -32.3177 -508.869 -407.006 -37.7587 -494.68 -389.371 -15.2156 -503.071 -396.55 -0.784094 -537.727 -439.621 -55.8427 -533.051 -435.462 -62.5333 -542.208 -446.708 -75.9223 -546.5 -450.524 -69.781 -564.271 -472.611 -98.0144 -559.705 -468.482 -103.97 -568.679 -479.681 -118.614 -573.379 -483.93 -112.484 -607.078 -525.812 -166.022
element 11
  poly 0: -606.84 -388.042 -64.4159 -596.412 -381.292 -77.6871 -566.637 -395.037 -67.8361 -568.541 -396.392 -65.2362 -548.157 -407.467 -56.0849 -544.835 -405.102 -60.6226 -368.839 -486.351 -2.39333 -370.929 -489.151 2.35782 -350.569 -496.919 6.73577 -349.384 -495.333 4.04335 -331.688 -503.502 9.89842 -337.535 -512.368 24.6855 -424.327 -472.3 -4.03028 -421.518 -469.267 -9.3612 -439.271 -461.658 -14.3867 -441.699 -464.28 -9.77806 -509.296 -433.074 -32.1429 -505.252 -429.554 -38.5931 -521.847 -421.524 -44.6176 -526.169 -425.285 -37.7252 -606.84 -388.042 -64.4159
  poly 1: -603.455 -373.502 -54.3596 -593.027 -366.752 -67.6309 -578.342 -373.531 -62.7723 -579.263 -374.187 -61.5137 -558.88 -385.262 -52.3624 -556.539 -383.596 -55.5589 -376.867 -466.542 3.88663 -379.488 -470.053 9.8456 -359.128 -477.822 14.2235 -357.413 -475.524 10.3233 -328.302 -488.962 19.9547 -334.149 -497.828 34.7417 -413.437 -461.225 8.50881 -410.464 -458.014 2.86586 -428.217 -450.405 -2.15959 -430.81 -453.205 2.76102 -499.627 -421.435 -20.0077 -495.686 -418.005 -26.2932 -512.281 -409.975 -32.3177 -516.5 -413.646 -25.59 -603.455 -373.502 -54.3596
element 12
  poly 0: -417.522 -398.147 48.1895 -410.37 -391.238 32.9757 -397.415 -418.827 21.129 -400.06 -421.698 26.8789 -392.712 -439.915 21.164 -389.269 -436.177 13.6787 -312.332 -600.029 -56.6803 -314.104 -603.538 -52.2075 -305.334 -619.531 -61.2788 -304.215 -617.315 -64.103 -295.082 -636.767 -72.4556 -300.203 -648.001 -59.0994 -340.861 -561.411 -21.9171 -338.524 -557.337 -27.5997 -348.261 -538.367 -18.0035 -350.142 -541.646 -13.4298 -373.299 -492.327 7.74792 -370.929 -489.151 2.35782 -379.488 -470.053 9.8456 -382.109 -473.565 15.8046 -417.522 -398.147 48.1895
  poly 1: -402.183 -394.711 56.9603 -395.031 -387.803 41.7466 -385.948 -407.146 33.4404 -388.214 -409.605 38.3656 -380.865 -427.822 32.6507 -377.802 -424.496 25.9901 -300.794 -588.5 -44.4342 -302.871 -592.614 -39.1895 -294.102 -608.607 -48.2608 -292.677 -605.786 -51.8569 -279.744 -633.331 -63.6847 -284.865 -644.565 -50.3285 -319.599 -570.591 -18.5636 -316.971 -566.009 -24.954 -326.708 -547.039 -15.3578 -328.88 -550.826 -10.0763 -352.793 -499.898 11.7921 -350.569 -496.919 6.73577 -359.128 -477.822 14.2235 -361.602 -481.136 19.8488 -402.183 -394.711 56.9603
element 13
  poly 0: -207.93 -639.568 -22.9344 -204.084 -628.339 -36.7096 -182.471 -609.336 -21.2934 -183.53 -612.715 -16.8935 -170.364 -602.068 -5.54904 -168.905 -597.408 -11.6164 -42.314 -486.102 78.6825 -42.6452 -489.407 84.7923 -28.925 -476.393 92.5771 -28.6983 -474.13 88.3948 -13.5239 -460.788 99.2189 -13.9308 -468.992 115.448 -79.4464 -526.597 68.7147 -78.8802 -523.214 63.0444 -92.4714 -535.611 54.2906 -92.9499 -538.47 59.0825 -136.949 -577.157 27.6978 -135.85 -572.887 21.5263 -149.516 -584.546 11.0277 -150.733 -589.277 17.8653 -207.93 -639.568 -22.9344
  poly 1: -221.251 -628.633 -17.7401 -217.404 -617.404 -31.5153 -202.155 -603.996 -20.6382 -203.025 -606.774 -17.0204 -189.86 -596.127 -5.67592 -188.589 -592.068 -10.9611 -62.0971 -480.849 79.2669 -62.4779 -484.649 86.2916 -48.7577 -471.635 94.0764 -48.4814 -468.877 88.9792 -26.8443 -449.852 104.413 -27.2511 -458.056 120.642 -86.4424 -510.101 78.4204 -85.8351 -506.472 72.3386 -99.4263 -518.87 63.5848 -99.9459 -521.974 68.7882 -143.355 -560.142 37.8237 -142.316 -556.104 31.9863 -155.982 -567.763 21.4878 -157.139 -572.262 27.9913 -221.251 -628.633 -17.7401
element 14
  poly 0: -153.521 -468.927 104.177 -150.95 -460.73 88.1387 -118.672 -467.681 84.2722 -119.232 -470.121 88.9434 -98.3617 -475.76 88.5001 -97.5514 -472.229 81.7422 99.9655 -514.76 58.082 100.684 -518.084 63.6936 120.411 -521.211 59.3164 119.947 -519.062 55.6884 142.203 -523.855 53.0225 144.843 -533.174 68.4361 44.1286 -511.487 80.5004 43.8548 -508.016 74.3991 22.8766 -503.92 77.6705 23.1166 -506.962 83.0174 -42.9781 -492.73 90.9348 -42.6452 -489.407 84.7923 -62.4779 -484.649 86.2916 -62.8586 -488.45 93.3162 -153.521 -468.927 104.177
  poly 1: -149.215 -453.654 112.673 -146.644 -445.457 96.6352 -126.069 -449.888 94.1706 -126.491 -451.724 97.6855 -105.62 -457.362 97.2422 -104.948 -454.436 91.6406 94.7912 -497.445 67.7141 95.6297 -501.327 74.2669 115.358 -504.455 69.8897 114.773 -501.748 65.3205 146.509 -508.582 61.5189 149.149 -517.901 76.9325 60.0779 -498.721 87.6022 59.7854 -495.012 81.0828 38.8072 -490.916 84.3542 39.0659 -494.196 90.1192 -29.2352 -479.489 98.3008 -28.925 -476.393 92.5771 -48.7577 -471.635 94.0764 -49.1158 -475.208 100.682 -149.215 -453.654 112.673
element 15
  poly 0: 74.8632 -434.198 130.737 73.3563 -426.597 114.25 81.2386 -452.505 96.0385 81.7234 -454.866 100.709 86.8981 -472.224 91.3957 86.192 -468.786 84.5938 133.046 -622.782 -23.6587 133.949 -626.673 -18.8058 138.712 -642.035 -32.0099 138.095 -639.377 -35.3246 143.503 -657.155 -47.8211 146.269 -668.891 -34.2414 122.959 -592.277 19.6148 122.005 -588.063 13.6866 117.176 -572.3 25.6689 118.033 -576.087 30.9956 101.413 -521.461 69.3949 100.684 -518.084 63.6936 95.6297 -501.327 74.2669 96.4683 -505.209 80.8196 74.8632 -434.198 130.737
  poly 1: 92.1932 -429.375 131.377 90.6863 -421.774 114.89 96.2507 -440.063 102.033 96.632 -441.92 105.707 101.807 -459.279 96.3932 101.204 -456.344 90.5886 147.842 -609.632 -17.1656 148.89 -614.142 -11.5407 153.652 -629.504 -24.7449 152.891 -626.227 -28.8314 160.833 -652.331 -47.1816 163.599 -664.068 -33.6019 142.599 -595.046 14.917 141.599 -590.632 8.70674 136.77 -574.869 20.689 137.673 -578.856 26.2978 121.089 -524.349 64.6136 120.411 -521.211 59.3164 115.358 -504.455 69.8897 116.144 -508.097 76.0384 92.1932 -429.375 131.377
element 16
  poly 0: 237.764 -630.178 -24.3822 233.594 -619.146 -38.2098 259.085 -597.178 -34.5169 260.461 -600.309 -30.4146 278.784 -586.467 -25.9986 276.787 -581.923 -31.9524 433.621 -446.766 -9.23169 435.893 -449.143 -4.98244 451.611 -433.477 -4.62327 450.451 -432.262 -6.79357 465.805 -419.03 -4.56916 473.964 -426.625 9.83622 397.339 -492.659 -1.26443 394.399 -488.93 -7.35263 379.419 -502.826 -8.63083 381.896 -505.968 -3.50175 322.392 -557.247 -12.1221 320.166 -553.404 -17.6535 304.635 -566.291 -20.3532 307.054 -570.465 -14.3441 237.764 -630.178 -24.3822
  poly 1: 227.588 -620.221 -13.3688 223.417 -609.189 -27.1965 237.609 -596.959 -25.1405 238.589 -599.187 -22.2201 256.911 -585.345 -17.8041 255.31 -581.704 -22.576 413.598 -445.294 0.355238 416.521 -448.352 5.82081 432.239 -432.685 6.17997 430.428 -430.791 2.79336 455.628 -409.073 6.44421 463.787 -416.668 20.8496 394.521 -476.36 10.8149 391.36 -472.351 4.26977 376.38 -486.248 2.99156 379.078 -489.669 8.57763 319.384 -541.112 -0.070215 317.247 -537.425 -5.37845 301.717 -550.311 -8.0781 304.046 -554.33 -2.29227 227.588 -620.221 -13.3688
element 17
  poly 0: 344.539 -449.866 56.7192 338.336 -441.925 41.6142 366.062 -442.496 24.7975 368.373 -445.226 29.8707 386.257 -446.441 21.068 383.215 -442.85 14.3932 535.771 -445.993 -78.1381 539.819 -449.401 -72.5664 555.612 -449.034 -83.8162 552.407 -446.336 -88.2284 573.581 -446.772 -101.071 583.628 -454.793 -88.2976 496.428 -452.996 -35.4073 492.236 -449.075 -42.126 471.12 -448.846 -28.8193 475.086 -452.556 -22.4626 438.434 -451.801 -0.231777 435.893 -449.143 -4.98244 416.521 -448.352 5.82081 419.444 -451.41 11.2864 344.539 -449.866 56.7192
  poly 1: 348.923 -433.737 63.3989 342.72 -425.795 48.2939 363.017 -426.214 35.9827 365.013 -428.57 40.3623 382.896 -429.785 31.5596 380.171 -426.567 25.5784 533.962 -429.736 -67.7022 538.324 -433.408 -61.6988 554.117 -433.041 -72.9486 550.598 -430.079 -77.7925 577.965 -430.643 -94.3915 588.012 -438.663 -81.6179 515.597 -437.171 -37.6954 511.249 -433.103 -44.6648 490.133 -432.875 -31.3582 494.255 -436.731 -24.7507 453.928 -435.9 -0.290874 451.611 -433.477 -4.62327 432.239 -432.685 6.17997 434.938 -435.509 11.2273 348.923 -433.737 63.3989
element 18
  poly 0: 539.045 -374.409 -8.41757 529.616 -367.616 -22.3991 531.111 -393.354 -41.8157 533.265 -395.011 -38.7128 535.304 -411.703 -49.0436 532.031 -409.185 -53.7585 539.048 -529.979 -144.885 543.38 -534.241 -139.461 543.881 -550.172 -152.377 539.999 -546.353 -157.238 541.062 -564.645 -171.037 550.671 -574.551 -159.403 547.227 -515.269 -114.681 542.694 -511.057 -120.575 541.845 -496.023 -109.18 546.352 -500.21 -103.321 543.585 -452.571 -67.3825 539.819 -449.401 -72.5664 538.324 -433.408 -61.6988 542.685 -437.079 -55.6954 539.045 -374.409 -8.41757
  poly 1: 554.281 -368.089 -15.6218 544.852 -361.296 -29.6034 545.97 -380.541 -44.1222 547.666 -381.845 -41.6805 549.705 -398.538 -52.0113 546.89 -396.372 -56.0651 553.828 -515.803 -146.163 558.377 -520.278 -140.468 558.877 -536.209 -153.385 554.779 -532.177 -158.516 556.298 -558.325 -178.242 565.908 -568.231 -166.608 562.728 -513.501 -125.32 558.187 -509.282 -131.224 557.338 -494.248 -119.829 561.854 -498.442 -113.96 559.157 -452.018 -78.9374 555.612 -449.034 -83.8162 554.117 -433.041 -72.9486 558.257 -436.526 -67.2503 554.281 -368.089 -15.6218
element 19
  poly 0: -648.4 -237.876 -34.9974 -637.326 -233.567 -48.814 -623.557 -262.472 -53.4515 -626.502 -263.818 -49.7037 -619.38 -282.389 -50.7774 -615.019 -280.396 -56.3272 -537.704 -442.701 -82.3678 -542.208 -446.708 -75.9223 -532.933 -463.653 -79.9715 -529.273 -460.398 -85.2071 -519.008 -481.949 -88.6646 -527.934 -490.766 -75.5712 -571.788 -398.704 -60.8007 -568.541 -396.392 -65.2362 -579.263 -374.187 -61.5137 -582.402 -376.422 -57.2257 -606.759 -325.291 -49.0222 -602.057 -322.464 -55.2547 -611.289 -301.514 -52.719 -616.572 -304.69 -45.717 -648.4 -237.876 -34.9974
  poly 1: -635.437 -233.583 -23.2697 -624.364 -229.274 -37.0863 -614.251 -250.503 -40.4924 -616.59 -251.572 -37.5163 -609.468 -270.143 -38.5899 -605.713 -268.427 -43.3681 -528.199 -431.148 -69.4752 -533.051 -435.462 -62.5333 -523.775 -452.407 -66.5826 -519.769 -448.845 -72.3145 -506.045 -477.655 -76.9369 -514.971 -486.473 -63.8435 -551.479 -409.832 -51.5472 -548.157 -407.467 -56.0849 -558.88 -385.262 -52.3624 -562.094 -387.55 -47.9723 -587.673 -333.852 -39.3569 -583.333 -331.243 -45.1092 -592.566 -310.293 -42.5735 -597.487 -313.251 -36.0516 -635.437 -233.583 -23.2697
element 20
  poly 0: -735.707 -255.483 -135.208 -723.229 -250.549 -147.266 -597.172 -319.527 -61.729 -602.057 -322.464 -55.2547 -583.333 -331.243 -45.1092 -579.725 -329.074 -49.8906 -565.17 -337.039 -40.0138 -574.916 -343.468 -26.1018 -641.127 -307.237 -71.03 -636.306 -304.84 -76.5455 -651.679 -296.725 -86.4588 -656.216 -298.98 -81.269 -735.707 -255.483 -135.208
  poly 1: -733.256 -240.011 -126.342 -720.778 -235.077 -138.4 -605.607 -298.099 -60.2495 -611.289 -301.514 -52.719 -592.566 -310.293 -42.5735 -588.161 -307.645 -48.4112 -562.72 -321.567 -31.1476 -572.466 -327.995 -17.2356 -632.083 -295.373 -57.6893 -627.137 -292.914 -63.3471 -642.511 -284.799 -73.2603 -647.172 -287.116 -67.9282 -733.256 -240.011 -126.342
element 21
  poly 0: -446.408 -495.017 -16.894 -438.487 -486.487 -30.828 -419.338 -466.913 -13.4986 -421.518 -469.267 -9.3612 -410.464 -458.014 2.86586 -407.491 -454.804 -2.77708 -298.195 -343.088 96.1316 -300.42 -345.54 102.777 -287.716 -332.504 111.839 -286.116 -330.742 107.063 -272.451 -316.774 119.429 -277.481 -322.348 135.98 -334.551 -380.682 84.3339 -332.329 -378.251 78.571 -344.392 -390.604 68.7101 -346.312 -392.704 73.6901 -384.039 -431.266 39.5489 -380.865 -427.822 32.6507 -392.712 -439.915 21.164 -396.134 -443.629 28.6032 -446.408 -495.017 -16.894
  poly 1: -459.387 -482.547 -16.6377 -451.465 -474.017 -30.5718 -437.434 -459.674 -17.8737 -439.271 -461.658 -14.3867 -428.217 -450.405 -2.15959 -425.586 -447.565 -7.15218 -316.792 -336.361 91.3031 -319.308 -339.134 98.8179 -306.603 -326.098 107.88 -304.713 -324.015 102.234 -285.429 -304.304 119.686 -290.459 -309.878 136.237 -342.532 -363.105 89.1116 -340.182 -360.534 83.0161 -352.246 -372.886 73.1552 -354.294 -375.127 78.4678 -391.269 -412.921 45.0067 -388.214 -409.605 38.3656 -400.06 -421.698 26.8789 -403.364 -425.284 34.0611 -459.387 -482.547 -16.6377
element 22
  poly 0: -412.46 -313.304 92.0791 -405.312 -307.903 76.221 -373.644 -317.897 81.2011 -375.309 -319.331 85.2851 -354.841 -326.902 90.9714 -352.23 -324.654 84.5687 -148.405 -388.975 116.622 -149.223 -391.247 122.104 -128.753 -396.627 122.928 -128.285 -395.325 119.787 -107.724 -401.813 123.02 -109.557 -408.891 139.714 -209.753 -377.272 123.957 -208.381 -374.889 117.926 -228.29 -369.022 115.717 -229.459 -371.053 120.858 -302.621 -347.966 109.352 -300.42 -345.54 102.777 -319.308 -339.134 98.8179 -321.823 -341.906 106.333 -412.46 -313.304 92.0791
  poly 1: -408.541 -297.288 99.2998 -401.393 -291.887 83.4417 -382.627 -297.81 86.3929 -383.722 -298.753 89.0799 -363.254 -306.325 94.7662 -361.213 -304.567 89.7604 -155.092 -369.613 122.175 -156.093 -372.395 128.891 -135.624 -377.775 129.715 -134.971 -375.962 125.339 -103.805 -385.797 130.241 -105.638 -392.875 146.935 -195.857 -364.405 132.747 -194.383 -361.843 126.265 -214.292 -355.976 124.056 -215.564 -358.186 129.648 -289.77 -334.769 117.978 -287.716 -332.504 111.839 -306.603 -326.098 107.88 -308.973 -328.709 114.958 -408.541 -297.288 99.2998
element 23
  poly 0: -187.858 -293.79 169.121 -184.747 -288.68 151.923 -173.988 -317.146 140.201 -174.89 -318.927 145.498 -168.513 -337.516 140.33 -167.24 -335 132.849 -98.9091 -515.779 58.4054 -99.4263 -518.87 63.5848 -92.4714 -535.611 54.2906 -92.1466 -533.671 51.0379 -84.5437 -553.785 42.7548 -85.8669 -563.623 58.0057 -119.979 -473.374 95.1695 -119.232 -470.121 88.9434 -126.491 -451.724 97.6855 -127.122 -454.476 102.952 -150.1 -393.684 127.986 -149.223 -391.247 122.104 -156.093 -372.395 128.891 -157.095 -375.178 135.606 -187.858 -293.79 169.121
  poly 1: -171.009 -289.234 173.522 -167.899 -284.124 156.324 -160.271 -304.304 148.014 -161 -305.745 152.297 -154.624 -324.334 147.129 -153.523 -322.158 140.662 -85.2278 -502.844 66.2568 -85.8351 -506.472 72.3386 -78.8802 -523.214 63.0444 -78.4653 -520.735 58.8893 -67.6951 -549.229 47.1556 -69.0183 -559.067 62.4065 -99.172 -479.291 95.2579 -98.3617 -475.76 88.5001 -105.62 -457.362 97.2422 -106.315 -460.392 103.04 -129.565 -398.881 128.37 -128.753 -396.627 122.928 -135.624 -377.775 129.715 -136.56 -380.376 135.99 -171.009 -289.234 173.522
element 24
  poly 0: 19.6793 -536.61 78.6127 19.4663 -527.217 63.0226 43.6573 -505.511 69.9976 43.8548 -508.016 74.3991 59.7854 -495.012 81.0828 59.4928 -491.303 74.5635 214.919 -351.844 119.377 216.121 -353.835 124.698 231.114 -339.039 126.846 230.437 -337.919 123.852 246.313 -323.674 128.43 250.56 -329.448 145.183 174.873 -397.36 123.36 173.743 -394.659 117.015 159.111 -408.392 113.775 160.057 -410.654 119.088 102.438 -462.353 102.475 101.807 -459.279 96.3932 86.8981 -472.224 91.3957 87.6042 -475.663 98.1975 19.6793 -536.61 78.6127
  poly 1: 7.52842 -525.31 85.5876 7.31543 -515.916 69.9975 22.7318 -502.084 74.4425 22.8766 -503.92 77.6705 38.8072 -490.916 84.3542 38.5674 -487.875 79.0084 194.596 -347.875 123.996 196.075 -350.325 130.542 211.068 -335.53 132.69 210.115 -333.951 128.471 234.163 -312.373 135.404 238.41 -318.147 152.158 169.606 -379.882 132.32 168.391 -376.977 125.495 153.758 -390.71 122.255 154.79 -393.176 128.048 97.2283 -444.825 111.451 96.632 -441.92 105.707 81.7234 -454.866 100.709 82.3945 -458.135 107.174 7.52842 -525.31 85.5876
element 25
  poly 0: 108.545 -338.572 167.436 106.557 -332.671 150.331 137.354 -337.585 139.83 138.126 -339.349 144.792 158.131 -343.269 140.288 157.018 -340.723 133.125 351.141 -371.698 66.9354 353.5 -374.116 72.6316 371.818 -376.323 64.1073 370.285 -374.753 60.4076 391.916 -378.205 53.0323 399.008 -384.92 68.3979 299.293 -369.008 102.397 297.249 -366.474 96.0612 276.365 -363.406 104.025 278.164 -365.637 109.602 217.392 -355.94 130.323 216.121 -353.835 124.698 196.075 -350.325 130.542 197.554 -352.774 137.087 108.545 -338.572 167.436
  poly 1: 112.983 -321.928 172.662 110.994 -316.027 155.556 131.83 -319.352 148.451 132.429 -320.72 152.299 152.434 -324.639 147.795 151.494 -322.49 141.747 346.687 -353.636 75.1921 349.431 -356.447 81.8154 367.749 -358.654 73.2911 365.832 -356.691 68.6643 396.354 -361.561 58.2575 403.446 -368.276 73.6231 316.469 -354.397 103.28 314.277 -351.68 96.4855 293.393 -348.612 104.449 295.34 -351.026 110.484 232.276 -340.963 131.987 231.114 -339.039 126.846 211.068 -335.53 132.69 212.438 -337.798 138.751 112.983 -321.928 172.662
element 26
  poly 0: 336.259 -284.841 131.838 330.184 -279.879 115.392 336.056 -307.339 99.3779 337.755 -308.858 103.788 342.199 -326.588 95.9669 339.694 -324.346 89.4595 373.551 -482.659 -2.86765 376.38 -486.248 2.99156 379.419 -502.826 -8.63083 377.285 -500.119 -13.0503 381.447 -519.581 -24.4007 388.454 -528.897 -10.4941 371.298 -448.678 36.2891 368.373 -445.226 29.8707 365.013 -428.57 40.3623 367.668 -431.704 46.1884 355.871 -376.545 78.3567 353.5 -374.116 72.6316 349.431 -356.447 81.8154 352.174 -359.258 88.4387 336.259 -284.841 131.838
  poly 1: 352.688 -278.843 127.579 346.612 -273.882 111.132 350.94 -294.12 99.3298 352.296 -295.333 102.849 356.74 -313.062 95.0283 354.577 -311.127 89.4115 388.2 -468.342 -2.27541 391.36 -472.351 4.26977 394.399 -488.93 -7.35263 391.934 -485.802 -12.4581 397.875 -513.584 -28.6601 404.882 -522.9 -14.7535 389.298 -450.032 27.7428 386.257 -446.441 21.068 382.896 -429.785 31.5596 385.668 -433.057 37.6422 374.017 -378.576 69.4154 371.818 -376.323 64.1073 367.749 -358.654 73.2911 370.319 -361.288 79.4973 352.688 -278.843 127.579
element 27
  poly 0: 471.946 -477.129 -28.6498 463.851 -468.659 -42.5015 488.399 -445.484 -48.2777 492.236 -449.075 -42.126 511.249 -433.103 -44.6648 506.359 -428.528 -52.5037 646.071 -296.624 -85.3787 649.075 -298.06 -81.9081 663.914 -281.497 -87.8972 662.706 -280.919 -89.2929 676.506 -267.89 -92.5402 688.312 -272.857 -79.5616 625.505 -332.153 -64.7829 620.436 -329.267 -71.0919 606.965 -343.266 -66.6702 611.188 -345.67 -61.414 552.728 -400.862 -47.658 549.705 -398.538 -52.0113 535.304 -411.703 -49.0436 538.578 -414.221 -44.3286 471.946 -477.129 -28.6498
  poly 1: 464.002 -465.836 -17.102 455.907 -457.366 -30.9537 468.012 -445.938 -33.8022 471.12 -448.846 -28.8193 490.133 -432.875 -31.3582 485.972 -428.982 -38.0282 627.75 -295.128 -71.3891 631.873 -297.1 -66.6242 646.712 -280.536 -72.6133 644.384 -279.423 -75.3033 668.562 -256.597 -80.9924 680.367 -261.564 -68.0138 623.7 -315.064 -54.6797 618.268 -311.972 -61.4401 604.797 -325.97 -57.0184 609.382 -328.581 -51.3107 550.586 -384.091 -37.4756 547.666 -381.845 -41.6805 533.265 -395.011 -38.7128 536.436 -397.45 -34.1462 464.002 -465.836 -17.102
element 28
  poly 0: 581.526 -296.519 -11.0912 571.463 -291.198 -25.1867 595.188 -292.31 -47.2996 599.583 -294.535 -41.6181 615.171 -295.684 -54.1251 609.868 -292.998 -60.9814 715.032 -297.925 -158.996 727.609 -303.364 -147.244 652.84 -299.86 -77.5572 649.075 -298.06 -81.9081 631.873 -297.1 -66.6242 635.997 -299.071 -61.8592 581.526 -296.519 -11.0912
  poly 1: 585.634 -279.356 -7.54586 575.571 -274.036 -21.6414 592.873 -274.846 -37.7669 596.869 -276.871 -32.5996 612.458 -278.019 -45.1066 607.552 -275.534 -51.4488 719.141 -280.763 -155.451 731.718 -286.201 -143.698 667.455 -283.19 -83.8046 663.914 -281.497 -87.8972 646.712 -280.536 -72.6133 650.612 -282.401 -68.1066 585.634 -279.356 -7.54586
element 29
  poly 0: -661.367 -329.433 -86.8879 -649.639 -323.32 -99.3966 -632.713 -303.054 -80.6552 -636.306 -304.84 -76.5455 -627.137 -292.914 -63.3471 -622.191 -290.455 -69.0048 -537.168 -188.655 25.1346 -541.398 -190.15 31.9321 -529.491 -176.774 42.2841 -526.304 -175.648 37.1633 -514.524 -161.543 50.2064 -523.515 -164.379 65.7454 -571.581 -221.929 12.5257 -566.913 -220.06 5.73516 -577.46 -232.364 -4.90222 -581.722 -234.071 1.29761 -613.319 -271.904 -33.688 -609.468 -270.143 -38.5899 -619.38 -282.389 -50.7774 -623.741 -284.382 -45.2275 -661.367 -329.433 -86.8879
  poly 1: -672.734 -316.106 -91.0332 -661.006 -309.993 -103.542 -648.678 -295.233 -89.892 -651.679 -296.725 -86.4588 -642.511 -284.799 -73.2603 -638.156 -282.634 -78.2416 -553.887 -181.737 15.0626 -558.632 -183.413 22.6862 -546.725 -170.037 33.0382 -543.023 -168.73 27.0913 -525.891 -148.216 46.0611 -534.882 -151.052 61.6001 -579.183 -204.095 12.5486 -574.365 -202.165 5.53873 -584.911 -214.47 -5.09865 -589.324 -216.237 1.32048 -620.223 -253.233 -32.8919 -616.59 -251.572 -37.5163 -626.502 -263.818 -49.7037 -630.645 -265.712 -44.4313 -672.734 -316.106 -91.0332
element 30
  poly 0: -642.975 -155.054 -9.28957 -632.003 -152.359 -23.5161 -603.356 -163.159 -9.29422 -605.561 -163.772 -6.22992 -587.259 -171.548 5.38228 -583.715 -170.563 0.456623 -403.098 -238.652 90.1241 -405.497 -240.068 95.6168 -386.018 -246.439 102.486 -384.624 -245.617 99.2955 -366.632 -252.399 108.227 -373.153 -256.771 124.663 -462.738 -223 80.189 -459.798 -221.645 74.5562 -477.859 -215.214 66.6752 -480.349 -216.36 71.4458 -545.776 -191.696 38.9648 -541.398 -190.15 31.9321 -558.632 -183.413 22.6862 -563.338 -185.075 30.2461 -642.975 -155.054 -9.28957
  poly 1: -639.558 -138.359 -3.49309 -628.587 -135.664 -17.7196 -612.19 -141.845 -9.57934 -613.559 -142.226 -7.67597 -595.257 -150.003 3.93623 -592.549 -149.25 0.171502 -409.91 -218.101 90.8427 -412.867 -219.846 97.6102 -393.387 -226.217 104.479 -391.436 -225.066 100.014 -363.216 -235.704 114.024 -369.737 -240.076 130.46 -450.587 -209.597 90.3218 -447.424 -208.14 84.2613 -465.485 -201.708 76.3804 -468.199 -202.958 81.5786 -533.707 -178.263 49.0571 -529.491 -176.774 42.2841 -546.725 -170.037 33.0382 -551.269 -171.642 40.3384 -639.558 -138.359 -3.49309
element 31
  poly 0: -448.36 -136.499 115.717 -440.662 -134.137 99.4171 -429.144 -164.26 95.4031 -431.683 -165.276 100.922 -425.379 -184.372 100.306 -421.975 -183.009 92.9047 -350.219 -370.669 67.8979 -352.246 -372.886 73.1552 -344.392 -390.604 68.7101 -343.126 -389.218 65.4261 -334.677 -411.314 62.4818 -340.503 -418.572 78.1287 -377.672 -321.366 91.082 -375.309 -319.331 85.2851 -383.722 -298.753 89.0799 -385.676 -300.435 93.8712 -408.158 -241.638 101.706 -405.497 -240.068 95.6168 -412.867 -219.846 97.6102 -415.824 -221.59 104.378 -448.36 -136.499 115.717
  poly 1: -432.961 -131.673 123.689 -425.263 -129.311 107.39 -416.947 -151.059 104.492 -419.099 -151.921 109.17 -412.795 -171.016 108.554 -409.778 -169.808 101.993 -337.832 -357.963 76.9206 -340.182 -360.534 83.0161 -332.329 -378.251 78.571 -330.74 -376.513 74.4487 -319.278 -406.488 70.4544 -325.104 -413.746 86.1013 -357.451 -329.15 97.3742 -354.841 -326.902 90.9714 -363.254 -306.325 94.7662 -365.454 -308.219 100.163 -388.514 -247.912 108.2 -386.018 -246.439 102.486 -393.387 -226.217 104.479 -396.18 -227.864 110.871 -432.961 -131.673 123.689
element 32
  poly 0: -234.29 -401.875 120.089 -230.078 -394.916 103.81 -207.389 -373.164 113.561 -208.381 -374.889 117.926 -194.383 -361.843 126.265 -192.909 -359.282 119.784 -45.2941 -217.759 183.225 -45.5914 -219.032 189.222 -30.9423 -204.584 193.016 -30.7664 -203.83 189.468 -15.4696 -189.165 196.042 -15.8829 -192.481 213.955 -87.7465 -261.379 183.07 -87.1082 -259.676 176.588 -101.057 -273.221 171.657 -101.595 -274.656 177.118 -155.765 -326.591 153.837 -154.624 -324.334 147.129 -168.513 -337.516 140.33 -169.787 -340.033 147.811 -234.29 -401.875 120.089
  poly 1: -247.112 -389.403 122.102 -242.9 -382.445 105.823 -227.541 -367.72 112.423 -228.29 -369.022 115.717 -214.292 -355.976 124.056 -213.062 -353.838 118.646 -65.5217 -212.387 182.055 -65.8809 -213.926 189.3 -51.2318 -199.477 193.095 -50.994 -198.459 188.298 -28.2917 -176.693 198.055 -28.705 -180.009 215.967 -94.4573 -243.048 187.709 -93.7747 -241.227 180.777 -107.724 -254.772 175.846 -108.306 -256.325 181.757 -162.081 -307.881 158.646 -161 -305.745 152.297 -174.89 -318.927 145.498 -176.102 -321.323 152.62 -247.112 -389.403 122.102
element 33
  poly 0: -162.443 -192.337 201.747 -159.656 -189.057 184.035 -127.446 -196.801 182.293 -127.988 -197.677 186.8 -107.289 -203.222 188.21 -106.441 -201.85 181.158 111.717 -254.296 169.363 112.423 -255.76 175.079 132.584 -260.045 171.492 132.184 -259.216 168.256 153.72 -264.393 167.092 156.536 -269.02 184.501 49.6938 -243.335 190.277 49.3981 -241.809 183.823 28.5685 -237.017 185.91 28.8203 -238.317 191.406 -45.9001 -220.354 195.446 -45.5914 -219.032 189.222 -65.8809 -213.926 189.3 -66.2402 -215.464 196.545 -162.443 -192.337 201.747
  poly 1: -158.137 -175.286 205.581 -155.35 -172.006 187.869 -134.595 -176.996 186.747 -134.97 -177.602 189.865 -114.271 -183.147 191.276 -113.59 -182.045 185.612 105.593 -234.737 173.761 106.455 -236.525 180.742 126.616 -240.81 177.155 126.06 -239.657 172.655 158.027 -247.342 170.927 160.842 -251.968 188.336 65.3848 -229.02 193.497 65.0652 -227.37 186.519 44.2355 -222.579 188.607 44.5113 -224.002 194.625 -31.2251 -205.795 198.72 -30.9423 -204.584 193.016 -51.2318 -199.477 193.095 -51.5653 -200.905 199.82 -158.137 -175.286 205.581
element 34
  poly 0: 81.0588 -153.055 217.572 79.4719 -150.414 199.608 88.5281 -179.818 189.313 89.0194 -180.719 194.218 94.8968 -199.466 190.185 94.1674 -198.128 182.902 152.708 -388.199 116.356 153.758 -390.71 122.255 159.111 -408.392 113.775 158.415 -406.729 109.868 164.867 -427.68 102.533 167.987 -435.297 118.755 139.171 -341.737 151.512 138.126 -339.349 144.792 132.429 -320.72 152.299 133.337 -322.797 158.143 113.164 -257.295 181.076 112.423 -255.76 175.079 106.455 -236.525 180.742 107.317 -238.312 187.722 81.0588 -153.055 217.572
  poly 1: 98.1778 -147.538 216.871 96.591 -144.896 198.907 103.16 -166.224 191.44 103.546 -166.933 195.296 109.424 -185.679 191.263 108.799 -184.534 185.029 167.175 -374.072 118.67 168.391 -376.977 125.495 173.743 -394.659 117.015 172.882 -392.602 112.182 181.986 -422.163 101.832 185.106 -429.78 118.054 159.245 -345.814 147.451 158.131 -343.269 140.288 152.434 -324.639 147.795 153.412 -326.874 154.083 133.262 -261.452 176.988 132.584 -260.045 171.492 126.616 -240.81 177.155 127.416 -242.469 183.634 98.1778 -147.538 216.871
element 35
  poly 0: 276.529 -394.926 110.784 271.818 -388.002 94.5994 295.834 -364.719 91.6723 297.249 -366.474 96.0612 314.277 -351.68 96.4855 312.086 -348.963 89.6914 466.952 -198.821 70.8155 469.393 -199.841 75.4562 483.775 -184.259 71.3135 482.516 -183.732 68.9185 497.672 -169.038 67.0711 506.447 -172.023 82.7603 432.646 -243.573 91.7557 429.582 -241.814 85.2331 415.618 -256.049 87.9517 418.23 -257.549 93.5127 358.94 -315.03 100.739 356.74 -313.062 95.0283 342.199 -326.588 95.9669 344.705 -328.83 102.474 276.529 -394.926 110.784
  poly 1: 265.91 -382.94 119.003 261.199 -376.015 102.819 275.417 -362.231 101.086 276.365 -363.406 104.025 293.393 -348.612 104.449 291.669 -346.475 99.1051 447.725 -195.18 80.0842 450.82 -196.472 85.967 465.202 -180.89 81.8243 463.288 -180.091 78.1873 487.053 -157.051 75.2906 495.828 -160.036 90.9798 428.475 -225.335 99.1893 425.209 -223.46 92.2366 411.245 -237.695 94.9552 414.059 -239.311 100.946 354.365 -297.184 108.222 352.296 -295.333 102.849 337.755 -308.858 103.788 340.13 -310.984 109.957 265.91 -382.94 119.003
element 36
  poly 0: 375.204 -183.946 141.133 368.505 -180.776 124.518 396.057 -185.614 107.267 398.313 -186.633 112.357 416.728 -190.121 103.495 413.546 -188.684 96.3166 583.559 -218.533 -10.1339 587.177 -219.87 -5.07596 603.524 -222.533 -17.4713 600.973 -221.591 -21.0376 619.932 -224.919 -32.9084 630.733 -228.809 -18.862 542.861 -213.381 36.1576 538.31 -211.605 28.8085 519.295 -208.33 41.3748 523.551 -209.991 48.248 472.045 -200.948 80.4974 469.393 -199.841 75.4562 450.82 -196.472 85.967 453.914 -197.765 91.8498 375.204 -183.946 141.133
  poly 1: 379.313 -166.501 142.803 372.614 -163.332 126.189 391.488 -166.645 114.371 393.285 -167.457 118.425 411.7 -170.945 109.563 408.978 -169.716 103.421 579.085 -199.581 -3.08864 583.228 -201.112 2.70459 599.575 -203.776 -9.69079 596.499 -202.639 -13.9923 624.041 -207.475 -31.2375 634.842 -211.364 -17.1912 559.012 -198.05 30.2885 554.277 -196.203 22.6426 535.262 -192.928 35.2089 539.702 -194.66 42.3789 486.183 -185.264 75.8892 483.775 -184.259 71.3135 465.202 -180.89 81.8243 468.052 -182.081 87.2416 379.313 -166.501 142.803
element 37
  poly 0: 573.861 -128.665 42.6534 563.893 -126.421 27.611 569.119 -155.033 14.401 572.037 -155.869 18.6665 576.34 -173.644 12.2376 572.307 -172.488 6.3417 599.82 -323.137 -63.213 604.797 -325.97 -57.0184 606.965 -343.266 -66.6702 603.093 -341.062 -71.4888 606.982 -362.356 -81.32 617.766 -369.074 -68.3431 604.619 -297.086 -35.1066 599.583 -294.535 -41.6181 596.869 -276.871 -32.5996 601.341 -279.135 -26.8186 590.759 -221.193 -0.0668964 587.177 -219.87 -5.07596 583.228 -201.112 2.70459 587.371 -202.643 8.49783 573.861 -128.665 42.6534
  poly 1: 588.262 -122.083 34.093 578.295 -119.839 19.0507 582.336 -141.969 8.83316 584.84 -142.686 12.4932 589.143 -160.462 6.06438 585.524 -159.425 0.773853 612.817 -308.869 -68.2247 618.268 -311.972 -61.4401 620.436 -329.267 -71.0919 616.091 -326.794 -76.5005 621.383 -355.773 -89.8804 632.167 -362.491 -76.9035 620.455 -298.36 -47.2939 615.171 -295.684 -54.1251 612.458 -278.019 -45.1066 617.177 -280.408 -39.0059 606.83 -223.755 -12.8488 603.524 -222.533 -17.4713 599.575 -203.776 -9.69079 603.442 -205.204 -4.28407 588.262 -122.083 34.093
element 38
  poly 0: -669.743 6.34979 -16.375 -658.3 6.24521 -30.5427 -647.547 -23.9938 -27.9255 -650.902 -24.1579 -23.6687 -645.682 -42.8521 -20.2756 -640.923 -42.6193 -26.3134 -580.446 -212.682 -11.5942 -584.911 -214.47 -5.09865 -577.46 -232.364 -4.90222 -573.947 -230.958 -10.0124 -565.685 -254.191 -8.00146 -575.436 -258.842 6.57784 -608.913 -164.703 -1.57003 -605.561 -163.772 -6.22992 -613.559 -142.226 -7.67597 -616.605 -143.073 -3.44221 -637.592 -84.0594 -8.54993 -632.638 -83.3386 -15.0879 -639.204 -62.7767 -17.7954 -644.867 -63.6008 -10.3207 -669.743 6.34979 -16.375
  poly 1: -656.43 12.0111 -5.66473 -644.987 11.9066 -19.8324 -636.928 -10.7563 -17.8709 -639.712 -10.8925 -14.3386 -634.492 -29.5867 -10.9455 -630.304 -29.3818 -16.2588 -569.546 -200.236 -1.47111 -574.365 -202.165 5.53873 -566.913 -220.06 5.73516 -563.046 -218.512 0.110726 -552.372 -248.53 2.70884 -562.123 -253.181 17.2881 -590.802 -172.533 10.3079 -587.259 -171.548 5.38228 -595.257 -150.003 3.93623 -598.495 -150.902 8.43576 -620.193 -89.8866 3.15472 -615.638 -89.2239 -2.85724 -622.204 -68.662 -5.56474 -627.468 -69.428 1.38399 -656.43 12.0111 -5.66473
element 39
  poly 0: -760.154 -37.4578 -114.03 -747.182 -36.6798 -126.55 -627.374 -82.5726 -22.0367 -632.638 -83.3386 -15.0879 -615.638 -89.2239 -2.85724 -611.559 -88.6303 -8.24107 -596.317 -94.4689 5.05535 -606.72 -96.2309 19.816 -671.952 -71.2436 -37.0887 -667.357 -70.751 -42.4236 -683.037 -64.9166 -55.3893 -687.281 -65.3717 -50.461 -760.154 -37.4578 -114.03
  poly 1: -757.173 -20.2008 -109.87 -744.202 -19.4228 -122.389 -633.274 -61.9138 -25.6229 -639.204 -62.7767 -17.7954 -622.204 -68.662 -5.56474 -617.459 -67.9716 -11.8273 -593.336 -77.2119 9.21606 -603.739 -78.974 23.9767 -660.907 -57.0758 -25.8929 -656.128 -56.5634 -31.4416 -671.807 -50.7291 -44.4074 -676.236 -51.2039 -39.2652 -757.173 -20.2008 -109.87
element 40
  poly 0: -487.313 -246.869 73.5516 -478.69 -242.645 58.1093 -457.628 -220.646 70.3998 -459.798 -221.645 74.5562 -447.424 -208.14 84.2613 -444.261 -206.683 78.2008 -311.353 -67.8595 155.76 -313.332 -68.2395 161.827 -298.85 -53.7717 167.458 -297.644 -53.5401 163.76 -283.703 -38.9787 171.896 -288.882 -39.6055 189.347 -354.04 -107.664 151.324 -351.519 -106.918 144.714 -364.52 -120.235 138.252 -366.69 -120.877 143.942 -415.872 -172.248 115.242 -412.795 -171.016 108.554 -425.379 -184.372 100.306 -428.784 -185.734 107.707 -487.313 -246.869 73.5516
  poly 1: -499.237 -233.739 70.4842 -490.614 -229.515 55.0419 -476.183 -214.441 63.4633 -477.859 -215.214 66.6752 -465.485 -201.708 76.3804 -462.815 -200.478 71.2643 -330.547 -62.3226 148.45 -332.936 -62.7814 155.774 -318.454 -48.3137 161.405 -316.838 -48.0033 156.45 -295.627 -25.8486 168.828 -300.807 -26.4754 186.28 -360.823 -89.1633 151.257 -358.159 -88.3754 144.272 -371.16 -101.692 137.811 -373.473 -102.376 143.875 -422.029 -153.093 115.54 -419.099 -151.921 109.17 -431.683 -165.276 100.922 -434.941 -166.58 108.005 -499.237 -233.739 70.4842
element 41
  poly 0: -427.339 -38.3137 139.649 -419.868 -37.7549 123.029 -388.699 -46.1987 130.972 -390.321 -46.3726 134.958 -370.849 -52.0258 142.634 -368.227 -51.7445 136.189 -156.953 -108.978 190.03 -157.829 -109.59 195.901 -137.458 -114.734 198.402 -136.969 -114.392 195.123 -116.513 -119.933 200.336 -118.533 -121.969 218.345 -221.929 -93.9589 191.996 -220.522 -93.4169 185.734 -240.561 -88.1366 181.69 -241.742 -88.5916 186.946 -315.403 -68.6371 168.175 -313.332 -68.2395 161.827 -332.936 -62.7814 155.774 -335.325 -63.2402 163.098 -427.339 -38.3137 139.649
  poly 1: -423.253 -20.9516 142.069 -415.782 -20.3929 125.449 -396.023 -25.7454 130.485 -397.088 -25.8595 133.1 -377.616 -31.5128 140.776 -375.551 -31.2913 135.702 -163.371 -88.7703 189.774 -164.45 -89.5249 197.007 -144.079 -94.6683 199.508 -143.387 -94.1841 194.866 -112.427 -102.571 202.756 -114.446 -104.607 220.766 -207.487 -79.4021 197.055 -205.962 -78.8147 190.268 -226.001 -73.5344 186.224 -227.3 -74.0349 192.006 -300.752 -54.1369 173.288 -298.85 -53.7717 167.458 -318.454 -48.3137 161.405 -320.674 -48.74 168.211 -423.253 -20.9516 142.069
element 42
  poly 0: -196.033 -0.10882 213.322 -192.76 -0.11956 195.409 -182.392 -30.769 192.322 -183.27 -30.9494 197.451 -177.195 -50.1469 197.816 -175.924 -49.886 190.396 -107.14 -253.215 169.915 -107.724 -254.772 175.846 -101.057 -273.221 171.657 -100.697 -272.26 167.997 -93.188 -294.456 165.761 -94.6904 -299.678 183.148 -128.769 -198.941 193.294 -127.988 -197.677 186.8 -134.97 -177.602 189.865 -135.628 -178.666 195.337 -158.772 -110.251 202.228 -157.829 -109.59 195.901 -164.45 -89.5249 197.007 -165.528 -90.2795 204.239 -196.033 -0.10882 213.322
  poly 1: -179.142 5.29475 216.404 -175.869 5.28401 198.491 -168.401 -16.7914 196.268 -169.104 -16.9357 200.369 -163.029 -36.1333 200.734 -161.934 -35.9084 194.342 -93.092 -239.407 173.845 -93.7747 -241.227 180.777 -87.1082 -259.676 176.588 -86.6491 -258.452 171.926 -76.2972 -289.052 168.844 -77.7996 -294.274 186.23 -108.138 -204.594 195.263 -107.289 -203.222 188.21 -114.271 -183.147 191.276 -114.996 -184.32 197.305 -138.33 -115.344 204.253 -137.458 -114.734 198.402 -144.079 -94.6683 199.508 -145.086 -95.3732 206.265 -179.142 5.29475 216.404
element 43
  poly 0: 25.6675 -268.465 196.779 25.3504 -263.821 179.155 49.195 -240.76 179.389 49.3981 -241.809 183.823 65.0652 -227.37 186.519 64.7455 -225.721 179.542 225.991 -69.7728 181.127 227.206 -70.1099 186.524 241.959 -55.1308 184.137 241.315 -54.9523 181.278 257.004 -39.778 181.432 261.473 -40.4066 199.097 185.056 -114.313 198.346 183.88 -113.548 191.565 169.562 -127.685 192.452 170.558 -128.334 198.203 110.059 -186.845 197.609 109.424 -185.679 191.263 94.8968 -199.466 190.185 95.6263 -200.804 197.467 25.6675 -268.465 196.779
  poly 1: 13.3827 -255.799 200.337 13.0656 -251.155 182.713 28.4289 -236.297 182.864 28.5685 -237.017 185.91 44.2355 -222.579 188.607 43.9794 -221.257 183.017 205.651 -64.8972 184.606 207.167 -65.3176 191.337 221.919 -50.3386 188.95 220.975 -50.0767 184.757 244.72 -27.1121 184.99 249.188 -27.7407 202.655 179.276 -95.3558 201.968 178.02 -94.5388 194.725 163.702 -108.676 195.612 164.779 -109.377 201.825 104.14 -168.023 201.229 103.546 -166.933 195.296 89.0194 -180.719 194.218 89.7075 -181.981 201.087 13.3827 -255.799 200.337
element 44
  poly 0: 115.917 -43.594 225.275 113.856 -42.9493 207.173 144.734 -50.3202 198.116 145.458 -50.5341 202.925 165.739 -55.3972 199.652 164.628 -55.0692 192.281 374.235 -105.104 130.805 376.403 -105.67 136.123 395.437 -110.192 127.879 394.237 -109.879 124.938 414.561 -114.73 118.977 422.015 -116.662 135.498 319.477 -92.1855 165.572 317.36 -91.6218 159.021 297.359 -86.8554 165.893 299.178 -87.3401 171.526 228.497 -70.4679 192.256 227.206 -70.1099 186.524 207.167 -65.3176 191.337 208.683 -65.738 198.068 115.917 -43.594 225.275
  poly 1: 120.136 -26.096 225.418 118.074 -25.4513 207.315 138.557 -30.3406 201.308 139.08 -30.495 204.778 159.361 -35.3581 201.505 158.452 -35.0897 195.473 367.849 -85.0746 134.058 370.532 -85.7751 140.636 389.565 -90.2968 132.392 387.851 -89.8494 128.191 418.78 -97.2323 119.12 426.233 -99.1641 135.641 335.01 -77.3882 162.397 332.728 -76.7804 155.333 312.726 -72.014 162.205 314.711 -72.5428 168.35 243.131 -55.4561 189.344 241.959 -55.1308 184.137 221.919 -50.3386 188.95 223.317 -50.7262 195.156 120.136 -26.096 225.418
element 45
  poly 0: 349.686 -1.53047 170.678 343.415 -1.57373 153.571 351.721 -31.5605 145.288 353.572 -31.7322 150.148 359.521 -50.2847 147.227 356.839 -50.0359 140.185 408.358 -236.037 88.8075 411.245 -237.695 94.9552 415.618 -256.049 87.9517 413.576 -254.876 83.6038 419.625 -276.714 77.5719 427.274 -281.646 93.3044 401.335 -187.997 119.172 398.313 -186.633 112.357 393.285 -167.457 118.425 395.983 -168.675 124.509 378.697 -106.269 141.747 376.403 -105.67 136.123 370.532 -85.7751 140.636 373.215 -86.4756 147.215 349.686 -1.53047 170.678
  poly 1: 365.606 4.49542 164.827 359.335 4.45216 147.72 365.561 -18.0255 141.511 367.075 -18.1659 145.485 373.023 -36.7183 142.563 370.679 -36.5009 136.408 421.944 -221.585 85.2839 425.209 -223.46 92.2366 429.582 -241.814 85.2331 427.163 -240.424 80.0801 435.545 -270.688 71.7207 443.194 -275.62 87.4532 419.91 -191.558 110.673 416.728 -190.121 103.495 411.7 -170.945 109.563 414.558 -172.236 116.01 397.524 -110.737 132.997 395.437 -110.192 127.879 389.565 -90.2968 132.392 392.042 -90.9434 138.465 365.606 4.49542 164.827
element 46
  poly 0: 521.814 -237.363 49.7202 512.933 -233.25 34.422 534.562 -210.143 22.7554 538.31 -211.605 28.8085 554.277 -196.203 22.6426 549.393 -194.297 14.7553 670.286 -65.1381 -50.4543 673.946 -65.4474 -46.1965 686.31 -50.3022 -55.7242 684.329 -50.1347 -58.0292 697.786 -35.7576 -65.2879 710.028 -36.2806 -51.8021 655.143 -94.9175 -22.1976 650.451 -94.2029 -28.1264 638.545 -107.842 -20.3472 642.485 -108.442 -15.3696 592.81 -161.513 11.425 589.143 -160.462 6.06438 576.34 -173.644 12.2376 580.373 -174.8 18.1336 521.814 -237.363 49.7202
  poly 1: 512.757 -224.483 58.4412 503.876 -220.37 43.143 516.255 -207.144 36.4656 519.295 -208.33 41.3748 535.262 -192.928 35.2089 531.086 -191.298 28.4655 653.346 -60.679 -37.4814 657.948 -61.068 -32.1275 670.313 -45.9227 -41.6552 667.389 -45.6756 -45.0563 688.729 -22.877 -56.5668 700.97 -23.4 -43.0811 651.237 -76.5341 -16.2548 646.238 -75.7729 -22.5705 634.332 -89.4117 -14.7914 638.578 -90.0583 -9.42676 588.371 -143.699 17.6551 584.84 -142.686 12.4932 572.037 -155.869 18.6665 575.934 -156.986 24.3636 512.757 -224.483 58.4412
element 47
  poly 0: 606.452 -45.8512 25.2438 595.985 -45.2089 10.4487 619.748 -51.8195 -11.5861 624.498 -52.155 -5.34819 640.874 -56.4806 -18.0492 635.016 -56.0668 -25.7432 743.779 -86.3233 -126.595 756.769 -87.6675 -114.139 678.182 -65.8055 -41.2683 673.946 -65.4474 -46.1965 657.948 -61.068 -32.1275 662.55 -61.457 -26.7736 606.452 -45.8512 25.2438
  poly 1: 609.838 -28.2477 23.6132 599.37 -27.6054 8.81803 615.096 -31.9802 -5.76417 619.262 -32.2744 -0.292745 635.638 -36.6 -12.9938 630.364 -36.2275 -19.9212 747.164 -68.7199 -128.226 760.154 -70.064 -115.77 690.341 -50.6429 -51.0349 686.31 -50.3022 -55.7242 670.313 -45.9227 -41.6552 674.709 -46.2944 -36.5402 609.838 -28.2477 23.6132
element 48
  poly 0: -696.256 -94.405 -46.9001 -684.04 -92.6701 -60.2963 -664.166 -70.4089 -46.1283 -667.357 -70.751 -42.4236 -656.128 -56.5634 -31.4416 -651.349 -56.0511 -36.9904 -540.893 67.6752 41.7542 -545.158 68.2387 48.5941 -530.665 83.1101 56.4052 -527.488 82.6904 51.3105 -515.198 96.4572 60.0723 -524.319 98.1883 75.6743 -582.476 33.0447 34.2142 -578.078 32.7994 27.7826 -590.1 19.7915 20.0592 -594.108 20.015 25.9216 -638.567 -29.7861 -5.77394 -634.492 -29.5867 -10.9455 -645.682 -42.8521 -20.2756 -650.44 -43.085 -14.2379 -696.256 -94.405 -46.9001
  poly 1: -706.027 -81.1066 -54.0883 -693.812 -79.3717 -67.4845 -680.681 -64.6641 -58.1239 -683.037 -64.9166 -55.3893 -671.807 -50.7291 -44.4074 -667.864 -50.3063 -48.986 -558.501 72.1958 28.9795 -563.401 72.8434 36.8395 -548.909 87.7148 44.6507 -545.096 87.211 38.5358 -524.969 109.756 52.8841 -534.091 111.487 68.4861 -588.018 51.081 30.0415 -583.479 50.8279 23.4029 -595.5 37.8199 15.6795 -599.65 38.0514 21.7488 -643.51 -11.0783 -9.51932 -639.712 -10.8925 -14.3386 -650.902 -24.1579 -23.6687 -655.382 -24.3771 -17.9833 -706.027 -81.1066 -54.0883
element 49
  poly 0: -645.669 92.8376 -1.77882 -634.681 91.2109 -16.1343 -606.847 84.2524 0.555015 -609.464 84.6264 4.22405 -592.599 80.2841 16.6938 -588.805 79.7418 11.3734 -412.902 35.7655 116.847 -415.607 36.0249 123.016 -396.858 31.489 131.428 -395.136 31.3238 127.5 -376.656 26.7038 138.581 -383.402 27.2699 155.48 -473.092 49.6928 101.701 -470.055 49.3422 95.8817 -488.431 53.8746 86.0167 -491.01 54.1723 90.957 -549.648 68.8321 55.7965 -545.158 68.2387 48.5941 -563.401 72.8434 36.8395 -568.262 73.4856 44.6353 -645.669 92.8376 -1.77882
  poly 1: -641.841 110.401 -0.839306 -630.853 108.774 -15.1947 -612.798 104.26 -4.36884 -614.777 104.543 -1.59483 -597.912 100.201 10.8749 -594.756 99.7497 6.44951 -418.279 55.6298 112.268 -421.493 55.9381 119.598 -402.744 51.4021 128.009 -400.513 51.1881 122.921 -372.829 44.267 139.521 -379.575 44.8332 156.42 -459.637 64.849 108.413 -456.353 64.4699 102.122 -474.729 69.0023 92.2573 -477.554 69.3284 97.6697 -534.939 83.6749 63.2607 -530.665 83.1101 56.4052 -548.909 87.7148 44.6507 -553.553 88.3284 52.0996 -641.841 110.401 -0.839306
element 50
  poly 0: -451.643 142.915 115.169 -443.871 140.47 98.9227 -434.316 109.727 103.094 -436.616 110.277 108.053 -431.543 91.3872 112.5 -428.381 90.6316 105.684 -368.822 -101.001 131.683 -371.16 -101.692 137.811 -364.52 -120.235 138.252 -362.985 -119.781 134.231 -355.877 -142.653 137.334 -362.102 -145.187 154.255 -392.733 -46.6313 140.885 -390.321 -46.3726 134.958 -397.088 -25.8595 133.1 -399.121 -26.0776 138.096 -418.508 36.3032 129.633 -415.607 36.0249 123.016 -421.493 55.9381 119.598 -424.707 56.2464 126.927 -451.643 142.915 115.169
  poly 1: -435.943 148.696 121.81 -428.171 146.251 105.563 -421.235 123.932 108.591 -423.155 124.391 112.731 -418.081 105.502 117.179 -415.3 104.837 111.182 -355.495 -87.5876 137.288 -358.159 -88.3754 144.272 -351.519 -106.918 144.714 -349.658 -106.368 139.836 -340.177 -136.873 143.974 -346.402 -139.406 160.896 -373.472 -52.3072 149.08 -370.849 -52.0258 142.634 -377.616 -31.5128 140.776 -379.86 -31.7535 146.291 -399.597 31.7518 137.675 -396.858 31.489 131.428 -402.744 51.4021 128.009 -405.796 51.6949 134.97 -435.943 148.696 121.81
element 51
  poly 0: -247.453 -118.044 195.715 -243.01 -116.044 178.158 -219.548 -93.0414 181.396 -220.522 -93.4169 185.734 -205.962 -78.8147 190.268 -204.438 -78.2272 183.481 -44.6018 78.4777 205.538 -44.8593 78.9571 211.148 -29.4658 93.7019 210.594 -29.3305 93.4499 207.645 -13.9915 108.488 209.762 -14.3358 110.507 227.885 -90.0174 36.3075 217.441 -89.3231 36.0675 210.435 -103.655 22.1508 209.491 -104.248 22.3558 215.477 -164.138 -36.3611 207.213 -163.029 -36.1333 200.734 -177.195 -50.1469 197.816 -178.466 -50.4079 205.236 -247.453 -118.044 195.715
  poly 1: -259.882 -105.132 194.041 -255.438 -103.131 176.484 -239.874 -87.872 178.632 -240.561 -88.1366 181.69 -226.001 -73.5344 186.224 -224.764 -73.0578 180.717 -65.2172 83.3635 202.734 -65.5402 83.9649 209.771 -50.1467 98.7097 209.217 -49.9459 98.3357 204.842 -26.4199 121.401 208.088 -26.7643 123.419 226.211 -96.2444 55.2999 216.623 -95.506 55.0447 209.172 -109.837 41.128 208.228 -110.475 41.3483 214.659 -170.141 -17.1487 206.425 -169.104 -16.9357 200.369 -183.27 -30.9494 197.451 -184.468 -31.1955 204.448 -259.882 -105.132 194.041
element 52
  poly 0: -162.857 108.401 215.041 -160.002 106.369 197.142 -127.94 98.4898 197.726 -128.477 98.9483 202.119 -108.115 94.1391 205.113 -107.258 93.4076 198.103 115.87 38.5782 202.167 116.552 38.8262 207.785 137.096 33.5823 205.522 136.735 33.451 202.547 157.693 28.3011 202.929 160.541 28.9318 220.931 52.5239 55.4749 218.964 52.2128 55.0633 212.375 31.7154 60.176 213.023 31.9782 60.5236 218.59 -45.1364 79.4731 217.185 -44.8593 78.9571 211.148 -65.5402 83.9649 209.771 -65.8632 84.5663 216.807 -162.857 108.401 215.041
  poly 1: -158.551 125.83 213.749 -155.695 123.798 195.85 -134.473 118.583 196.237 -134.843 118.898 199.259 -114.481 114.089 202.252 -113.791 113.501 196.613 108.99 58.7565 200.671 109.844 59.067 207.706 130.388 53.8231 205.443 129.855 53.6293 201.051 161.999 45.7305 201.637 164.847 46.3613 219.639 67.5986 70.2582 217.868 67.2621 69.8132 210.743 46.7647 74.9258 211.391 47.0528 75.307 217.494 -29.7183 94.1721 216.095 -29.4658 93.7019 210.594 -50.1467 98.7097 209.217 -50.4451 99.2653 215.718 -158.551 125.83 213.749
element 53
  poly 0: 81.1746 150.28 218.818 79.6171 147.607 200.862 89.619 116.811 199.481 90.1097 117.372 204.455 96.5576 98.4998 205.951 95.8348 97.6722 198.622 162.625 -107.975 189.399 163.702 -108.676 195.612 169.562 -127.685 192.452 168.883 -127.243 188.535 176.105 -149.481 187.538 179.392 -152.131 205.255 146.494 -50.8399 209.797 145.458 -50.5341 202.925 139.08 -30.495 204.778 139.972 -30.7584 210.698 117.286 39.093 213.831 116.552 38.8262 207.785 109.844 59.067 207.706 110.698 59.3774 214.741 81.1746 150.28 218.818
  poly 1: 98.1227 155.888 216.513 96.5652 153.215 198.557 103.858 130.76 197.55 104.247 131.206 201.499 110.695 112.333 202.994 110.074 111.622 196.692 176.765 -93.7217 187.482 178.02 -94.5388 194.725 183.88 -113.548 191.565 183.023 -112.99 186.618 193.053 -143.873 185.233 196.34 -146.523 202.95 166.85 -55.7252 207.022 165.739 -55.3972 199.652 159.361 -35.3581 201.505 160.328 -35.6437 207.923 137.766 33.8257 211.038 137.096 33.5823 205.522 130.388 53.8231 205.443 131.178 54.1101 211.948 98.1227 155.888 216.513
element 54
  poly 0: 298.846 -116.112 181.353 293.748 -114.156 163.957 315.896 -91.2318 154.489 317.36 -91.6218 159.021 332.728 -76.7804 155.333 330.445 -76.1725 148.269 472.27 70.6233 87.6422 474.949 71.0879 92.7456 487.955 85.5029 84.6053 486.382 85.2301 81.6095 501.035 100.396 75.3458 509.887 102.328 91.1369 441.929 31.987 120.188 438.917 31.7463 113.688 425.921 17.9339 120.222 428.555 18.1443 125.905 375.343 -36.9335 148.652 373.023 -36.7183 142.563 359.521 -50.2847 147.227 362.203 -50.5335 154.269 298.846 -116.112 181.353
  poly 1: 287.409 -103.073 186.17 282.312 -101.118 168.774 296.35 -86.5868 162.772 297.359 -86.8554 165.893 312.726 -72.014 162.205 310.9 -71.5276 156.553 453.514 76.0864 95.5878 456.768 76.6506 101.784 469.773 91.0656 93.6439 467.627 90.6933 89.5551 489.598 113.435 80.1628 498.451 115.366 95.9539 436.394 51.1343 122.482 433.215 50.8802 115.622 420.22 37.0678 122.155 423.02 37.2916 128.199 369.247 -18.3673 151.186 367.075 -18.1659 145.485 353.572 -31.7322 150.148 356.107 -31.9673 156.803 287.409 -103.073 186.17
element 55
  poly 0: 379.316 102.893 153.045 372.597 100.927 136.232 400.477 92.0559 120.664 402.628 92.5902 125.569 421.717 87.0925 117.797 418.55 86.3057 110.573 599.108 28.8555 9.75119 602.12 29.0751 13.971 619.65 23.0171 1.77566 617.866 22.8871 -0.723143 635.067 17.4143 -10.3275 646.086 18.0123 4.08378 557.752 46.1184 53.4083 553.264 45.6056 46.1899 535.578 51.375 56.7767 539.738 51.8503 63.4674 477.75 71.5736 98.0808 474.949 71.0879 92.7456 456.768 76.6506 101.784 460.021 77.2148 107.981 379.316 102.893 153.045
  poly 1: 382.892 120.193 149.593 376.174 118.227 132.78 394.356 112.441 122.627 395.961 112.84 126.287 415.05 107.343 118.515 412.428 106.691 112.535 591.708 49.6481 12.4278 595.438 49.9201 17.6547 612.968 43.862 5.45937 610.466 43.6796 1.95346 638.643 34.7142 -13.7802 649.663 35.3123 0.631053 571.078 60.3165 44.5121 566.412 59.7834 37.008 548.726 65.5528 47.5949 553.063 66.0484 54.5712 490.521 85.948 89.4939 487.955 85.5029 84.6053 469.773 91.0656 93.6439 472.792 91.5891 99.3937 382.892 120.193 149.593
element 56
  poly 0: 575.294 130.326 39.5001 565.341 127.883 24.504 574.275 97.8969 18.2853 577.993 98.5467 23.7261 584.466 80.4811 21.4602 579.711 79.65 14.5012 629.878 -88.7334 -20.4189 634.332 -89.4117 -14.7914 638.545 -107.842 -20.3472 635.43 -107.367 -24.2832 642.188 -130.05 -28.9874 653.575 -132.422 -14.9896 629.772 -52.5275 1.57927 624.498 -52.155 -5.34819 619.262 -32.2744 -0.292745 623.834 -32.5974 5.71246 605.389 29.3135 18.5518 602.12 29.0751 13.971 595.438 49.9201 17.6547 599.169 50.1921 22.8817 575.294 130.326 39.5001
  poly 1: 588.914 136.466 29.4604 578.961 134.023 14.4642 585.918 110.674 9.62206 589.258 111.258 14.5106 595.732 93.1926 12.2447 591.354 92.4274 5.83794 641.239 -75.0116 -28.8863 646.238 -75.7729 -22.5705 650.451 -94.2029 -28.1264 646.791 -93.6455 -32.7506 655.808 -123.91 -39.0271 667.195 -126.282 -25.0294 646.518 -56.8792 -10.6363 640.874 -56.4806 -18.0492 635.638 -36.6 -12.9938 640.58 -36.9491 -6.50307 622.649 23.2358 5.97832 619.65 23.0171 1.77566 612.968 43.862 5.45937 616.429 44.1144 10.3082 588.914 136.466 29.4604
element 57
  poly 0: -653.555 250.984 -44.8059 -642.39 246.46 -58.4329 -635.087 216.586 -48.7059 -638.807 217.895 -44.0287 -635.577 199.926 -36.4306 -630.584 198.168 -42.709 -591.327 37.5872 9.57624 -595.5 37.8199 15.6795 -590.1 19.7915 20.0592 -586.933 19.6149 15.428 -581.307 -3.40043 22.9218 -591.345 -3.48174 38.0482 -613.009 85.1331 9.1951 -609.464 84.6264 4.22405 -614.777 104.543 -1.59483 -617.862 104.984 2.73161 -632.392 164.418 -16.6202 -627.489 163.015 -23.0092 -631.429 181.914 -30.1835 -637.063 183.526 -22.8417 -653.555 250.984 -44.8059
  poly 1: -639.57 257.436 -35.4899 -628.405 252.912 -49.1169 -622.967 230.666 -41.8735 -626.159 231.79 -37.8593 -622.93 213.82 -30.2612 -618.464 212.248 -35.8766 -578.94 50.5748 16.7643 -583.479 50.8279 23.4029 -578.078 32.7994 27.7826 -574.546 32.6024 22.6161 -567.322 3.05181 32.2378 -577.36 2.97049 47.3641 -596.394 80.8264 22.0142 -592.599 80.2841 16.6938 -597.912 100.201 10.8749 -601.247 100.677 15.5507 -616.137 161.586 -4.28104 -611.589 160.284 -10.2071 -615.529 179.183 -17.3814 -620.808 180.693 -10.5025 -639.57 257.436 -35.4899
element 58
  poly 0: -749.105 183.64 -125.8 -736.251 180.209 -137.998 -622.209 161.504 -29.8881 -627.489 163.015 -23.0092 -611.589 160.284 -10.2071 -607.318 159.062 -15.7717 -590.922 156.373 -0.227983 -601.283 159.395 14.3328 -666.018 170.013 -47.0349 -661.786 168.832 -51.9846 -678.324 171.592 -66.7835 -682.141 172.657 -62.3193 -749.105 183.64 -125.8
  poly 1: -745.319 201.211 -126.754 -732.465 197.78 -138.952 -625.659 180.263 -37.7011 -631.429 181.914 -30.1835 -615.529 179.183 -17.3814 -610.768 177.82 -23.5846 -587.136 173.944 -1.18147 -597.497 176.967 13.3793 -652.664 186.015 -38.918 -648.186 184.766 -44.1558 -664.724 187.526 -58.9547 -668.787 188.659 -54.2024 -745.319 201.211 -126.754
element 59
  poly 0: -499.549 26.4455 101.243 -490.709 25.9566 85.341 -467.875 49.0905 91.7049 -470.055 49.3422 95.8817 -456.353 64.4699 102.122 -453.069 64.0908 95.8313 -302.929 216.204 137.676 -304.599 217.426 142.876 -288.397 232.387 144.564 -287.56 231.775 141.959 -273.452 246.069 145.892 -278.394 250.507 162.88 -350.013 177.947 142.92 -347.284 176.647 135.776 -361.281 162.999 132.913 -363.652 164.128 139.119 -420.862 106.167 123.174 -418.081 105.502 117.179 -431.543 91.3872 112.5 -434.704 92.1429 119.316 -499.549 26.4455 101.243
  poly 1: -510.562 39.1069 94.7318 -501.722 38.618 78.8295 -486.844 53.6913 82.976 -488.431 53.8746 86.0167 -474.729 69.0023 92.2573 -472.038 68.6916 87.1024 -322.873 219.818 128.675 -325.027 221.394 135.383 -308.825 236.355 137.071 -307.504 235.388 132.959 -284.465 258.731 139.38 -289.407 263.169 156.369 -355.4 196.309 137.976 -352.523 194.938 130.446 -366.521 181.29 127.582 -369.039 182.49 134.175 -425.768 125.016 118.364 -423.155 124.391 112.731 -436.616 110.277 108.053 -439.609 110.992 114.507 -510.562 39.1069 94.7318
element 60
  poly 0: -416.747 240.998 113.342 -409.408 236.67 97.233 -378.687 230.486 107.094 -380.354 231.531 111.155 -361.702 228.168 119.677 -359.116 226.547 113.376 -155.136 185.488 178.852 -156.069 186.672 185.005 -135.905 182.218 188.918 -135.343 181.504 185.205 -114.731 177.355 191.821 -116.757 180.614 209.635 -218.634 201.12 176.934 -217.197 199.776 170.559 -237.243 203.97 165.157 -238.462 205.111 170.569 -306.481 218.803 148.736 -304.599 217.426 142.876 -325.027 221.394 135.383 -327.181 222.97 142.091 -416.747 240.998 113.342
  poly 1: -412.416 258.265 110.676 -405.077 253.937 94.5672 -384.134 249.721 101.289 -385.342 250.478 104.231 -366.691 247.115 112.753 -364.564 245.782 107.572 -161.023 204.811 172.906 -162.146 206.238 180.319 -141.983 201.784 184.232 -141.229 200.827 179.259 -110.4 194.621 189.155 -112.426 197.88 206.969 -203.853 216.283 177.622 -202.302 214.832 170.74 -222.347 219.026 165.338 -223.681 220.275 171.257 -290.12 233.648 149.931 -288.397 232.387 144.564 -308.825 236.355 137.071 -310.821 237.815 143.287 -412.416 258.265 110.676
element 61
  poly 0: -191.171 296.33 170.592 -187.955 291.169 153.439 -178.348 260.641 159.341 -179.177 261.884 164.086 -173.551 243.379 169.916 -172.348 241.574 163.027 -109.202 40.9085 201.819 -109.837 41.128 208.228 -103.655 22.1508 209.491 -103.256 22.0131 205.472 -96.28 -0.15586 209.758 -97.8672 -0.173345 227.911 -129.272 99.6265 208.618 -128.477 98.9483 202.119 -134.843 118.898 199.259 -135.518 119.475 204.781 -157.06 187.931 191.547 -156.069 186.672 185.005 -162.146 206.238 180.319 -163.27 207.664 187.732 -191.171 296.33 170.592
  poly 1: -174.146 301.976 172.086 -170.929 296.816 154.933 -164.046 274.943 159.161 -164.705 275.932 162.934 -159.079 257.426 168.764 -158.046 255.876 162.848 -94.7675 54.7895 201.721 -95.506 55.0447 209.172 -89.3231 36.0675 210.435 -88.8215 35.8941 205.374 -79.2541 5.49074 211.252 -80.8412 5.47325 229.405 -108.973 94.8707 212.123 -108.115 94.1391 205.113 -114.481 114.089 202.252 -115.219 114.719 208.286 -136.829 183.39 195.01 -135.905 182.218 188.918 -141.983 201.784 184.232 -143.038 203.124 191.196 -174.146 301.976 172.086
element 62
  poly 0: 29.234 32.8289 232.707 28.8631 32.1715 214.485 52.0005 54.7825 207.879 52.2128 55.0633 212.375 67.2621 69.8132 210.743 66.9256 69.3682 203.617 221.797 220.717 159.4 223.049 222.034 164.883 237.343 235.963 158.274 236.633 235.216 155.165 252.071 250.302 150.757 256.482 254.908 167.826 182.861 182.962 188.845 181.693 181.705 182.018 167.674 168.02 186.938 168.693 169.116 192.89 111.315 113.042 209.272 110.695 112.333 202.994 96.5576 98.4998 205.951 97.2804 99.3274 213.279 29.234 32.8289 232.707
  poly 1: 16.624 45.672 232.5 16.2531 45.0146 214.278 31.5681 59.9812 209.905 31.7154 60.176 213.023 46.7647 74.9258 211.391 46.4933 74.5669 205.644 201.521 226.069 161.382 203.053 227.68 168.092 217.347 241.609 161.482 216.358 240.567 157.147 239.461 263.145 150.55 243.872 267.751 167.619 176.68 202.087 186.803 175.443 200.757 179.579 161.425 187.072 184.499 162.512 188.241 190.848 104.822 131.863 207.319 104.247 131.206 201.499 90.1097 117.372 204.455 90.7873 118.148 211.326 16.624 45.672 232.5
element 63
  poly 0: 112.396 256.634 194.05 110.453 251.943 176.536 141.511 242.732 170.051 142.203 243.936 174.701 162.633 238.64 173.032 161.567 236.784 165.864 372.588 174.198 121.801 374.558 175.155 126.634 394.52 168.458 119.822 393.543 167.983 117.426 412.777 162.279 113.409 420.153 165.358 129.789 318.548 195.492 151.005 316.41 194.08 144.487 297.164 200.08 149.499 298.997 201.291 155.087 224.37 223.424 170.67 223.049 222.034 164.883 203.053 227.68 168.092 204.585 229.292 174.801 112.396 256.634 194.05
  poly 1: 116.358 273.48 189.099 114.416 268.789 171.585 134.916 262.709 167.304 135.41 263.569 170.628 155.84 258.273 168.959 154.971 256.761 163.117 364.36 194.659 119.395 366.908 195.897 125.645 386.87 189.2 118.833 385.315 188.444 115.02 416.74 179.125 108.458 424.116 182.204 124.838 332.27 209.444 144.015 329.98 207.93 137.033 310.734 213.93 142.046 312.719 215.242 148.098 238.555 237.238 163.584 237.343 235.963 158.274 217.347 241.609 161.482 218.77 243.106 167.715 116.358 273.48 189.099
element 64
  poly 0: 339.198 284.023 131.508 333.143 278.949 115.105 343.748 248.496 115.241 345.72 249.886 120.392 353.039 231.653 122.508 350.288 229.716 115.325 417.453 36.8467 116.186 420.22 37.0678 122.155 425.921 17.9339 120.222 424.091 17.7875 116.271 431.833 -4.44635 116.37 439.67 -4.4874 132.796 405.606 93.3297 132.359 402.628 92.5902 125.569 395.961 112.84 126.287 398.585 113.492 132.269 376.742 176.216 131.989 374.558 175.155 126.634 366.908 195.897 125.645 369.457 197.135 131.896 339.198 284.023 131.508
  poly 1: 354.71 289.392 124.121 348.655 284.318 107.718 356.561 261.613 107.819 358.212 262.777 112.131 365.531 244.544 114.248 363.102 242.833 107.903 430.036 50.6261 108.761 433.215 50.8802 115.622 438.917 31.7463 113.688 436.673 31.567 108.846 447.345 0.922434 108.983 455.181 0.881385 125.409 424.885 87.8793 125.02 421.717 87.0925 117.797 415.05 107.343 118.515 417.864 108.041 124.93 396.491 169.415 124.656 394.52 168.458 119.822 386.87 189.2 118.833 389.206 190.334 124.563 354.71 289.392 124.121
element 65
  poly 0: 540.348 24.1798 73.1484 531.217 23.5626 57.444 549.728 45.2016 40.5028 553.264 45.6056 46.1899 566.412 59.7834 37.008 561.746 59.2503 29.504 658.168 171.967 -58.742 662.52 173.281 -53.6963 672.701 186.383 -65.8893 669.735 185.488 -69.3279 682.411 200.306 -80.9291 694.413 204.28 -67.8524 648.379 150.467 -25.7225 644.307 149.426 -30.8947 633.812 136.643 -20.0574 637.321 137.54 -15.6018 600.026 93.9433 18.5304 595.732 93.1926 12.2447 584.466 80.4811 21.4602 589.221 81.3123 28.4192 540.348 24.1798 73.1484
  poly 1: 529.777 37.6216 78.7665 520.646 37.0043 63.0621 532.653 51.0408 52.0729 535.578 51.375 56.7767 548.726 65.5528 47.5949 544.671 65.0896 41.0741 641.979 178.842 -47.9829 647.005 180.359 -42.1567 657.185 193.462 -54.3498 653.546 192.363 -58.5689 671.839 213.748 -75.311 683.841 217.722 -62.2343 642.385 169.26 -24.2933 638.079 168.158 -29.7621 627.584 155.376 -18.9248 631.326 156.332 -14.1726 593.385 111.98 20.5513 589.258 111.258 14.5106 577.993 98.5467 23.7261 582.58 99.3486 30.4402 529.777 37.6216 78.7665
element 66
  poly 0: 593.707 209.504 9.60819 583.513 205.383 -4.82878 608.211 193.684 -24.2821 612.951 195.416 -18.0314 630.705 188.029 -29.4477 624.746 185.851 -37.3061 737.892 132.254 -126.426 750.683 135.144 -114.035 667.196 174.692 -48.2758 662.52 173.281 -53.6963 647.005 180.359 -42.1567 652.03 181.876 -36.3305 593.707 209.504 9.60819
  poly 1: 596.352 226.045 3.01922 586.159 221.924 -11.4177 601.044 214.873 -23.1423 605.06 216.34 -17.8457 622.815 208.953 -29.262 617.579 207.04 -36.1663 740.537 148.794 -133.015 753.329 151.684 -120.624 677.206 187.744 -60.6659 672.701 186.383 -65.8893 657.185 193.462 -54.3498 662.04 194.928 -48.7206 596.352 226.045 3.01922
element 67
  poly 0: -693.7 147.791 -50.6857 -681.685 144.994 -64.0711 -658.961 168.044 -55.2887 -661.786 168.832 -51.9846 -648.186 184.766 -44.1558 -643.707 183.517 -49.3935 -511.258 317.867 1.79523 -515.38 320.442 8.33128 -498.078 336.306 12.9891 -494.985 334.373 8.08442 -482.659 346.877 12.8484 -491.371 353.025 27.5106 -559.012 284.412 1.36849 -555.082 282.381 -4.35285 -568.653 269.135 -8.97301 -572.244 270.991 -3.74525 -627.144 215.303 -24.9629 -622.93 213.82 -30.2612 -635.577 199.926 -36.4306 -640.571 201.683 -30.1522 -693.7 147.791 -50.6857
  poly 1: -702.167 160.006 -60.8387 -690.152 157.209 -74.2242 -676.48 171.078 -68.9401 -678.324 171.592 -66.7835 -664.724 187.526 -58.9547 -661.226 186.55 -63.045 -530.449 319.205 -12.5023 -535.248 322.204 -4.8912 -517.947 338.068 -0.233346 -514.176 335.711 -6.21308 -491.126 359.093 2.69542 -499.838 365.24 17.3575 -562.363 301.818 -6.80699 -558.301 299.719 -12.7192 -571.872 286.473 -17.3394 -575.594 288.397 -11.9207 -630.05 233.159 -32.9668 -626.159 231.79 -37.8593 -638.807 217.895 -44.0287 -643.477 219.539 -38.1561 -702.167 160.006 -60.8387
element 68
  poly 0: -614.251 332.5 -43.6562 -603.785 326.67 -57.2669 -576.304 323.946 -40.184 -579.331 325.705 -35.9405 -563.281 324.576 -24.0251 -559.297 322.26 -29.6117 -396.185 306.092 71.7829 -399.123 308.392 78.3878 -380.966 306.024 87.2885 -378.86 304.375 82.5529 -359.309 302.437 94.7062 -365.793 307.872 110.792 -453.555 316.571 56.2372 -450.449 314.399 50.3405 -469.408 316.52 39.572 -472.111 318.41 44.7024 -519.671 323.125 15.1375 -515.38 320.442 8.33128 -535.248 322.204 -4.8912 -539.935 325.133 2.54117 -614.251 332.5 -43.6562
  poly 1: -610.043 349.524 -47.7117 -599.577 343.695 -61.3225 -579.542 341.709 -48.8685 -582.15 343.224 -45.213 -566.1 342.095 -33.2976 -562.535 340.023 -38.2962 -400.072 323.92 62.6948 -403.399 326.523 70.1732 -385.242 324.155 79.0739 -382.747 322.202 73.4648 -355.1 319.462 90.6507 -361.585 324.897 106.737 -438.77 332.547 58.7564 -435.434 330.214 52.423 -454.393 332.336 41.6544 -457.325 334.387 47.2216 -502.109 338.826 19.3827 -498.078 336.306 12.9891 -517.947 338.068 -0.233346 -522.373 340.834 6.7864 -610.043 349.524 -47.7117
element 69
  poly 0: -426.565 408.737 44.9867 -419.2 401.715 29.9431 -411.879 372.337 41.9973 -413.885 374.122 46.2494 -410.098 356.474 55.4431 -407.306 353.991 49.5252 -363.963 180.071 120.887 -366.521 181.29 127.582 -361.281 162.999 132.913 -359.497 162.149 128.24 -354.092 140.462 137.139 -360.313 142.894 154.065 -382.782 233.054 117.072 -380.354 231.531 111.155 -385.342 250.478 104.231 -387.455 251.803 109.379 -402.148 310.76 85.188 -399.123 308.392 78.3878 -403.399 326.523 70.1732 -406.725 329.127 77.6516 -426.565 408.737 44.9867
  poly 1: -410.406 414.841 50.0489 -403.041 407.82 35.0053 -397.816 386.856 43.607 -399.462 388.32 47.0951 -395.676 370.672 56.2888 -393.244 368.509 51.1349 -349.646 193.568 122.916 -352.523 194.938 130.446 -347.284 176.647 135.776 -345.18 175.645 130.269 -337.933 146.566 142.201 -344.154 148.998 159.128 -364.289 229.79 125.978 -361.702 228.168 119.677 -366.691 247.115 112.753 -368.961 248.539 118.285 -383.85 308.281 93.7718 -380.966 306.024 87.2885 -385.242 324.155 79.0739 -388.427 326.648 86.2354 -410.406 414.841 50.0489
element 70
  poly 0: -244.523 179.501 187.017 -240.118 176.319 169.62 -216.196 198.839 166.119 -217.197 199.776 170.559 -202.302 214.832 170.74 -200.751 213.38 163.858 -40.5338 364.213 140.408 -40.7549 366.266 145.607 -24.9096 380.103 140.819 -24.7942 379.031 138.104 -9.42811 393.497 135.855 -9.64448 400.623 152.639 -85.6926 329.029 163.77 -84.9716 326.647 156.669 -99.685 313.177 159.694 -100.316 315.262 165.91 -160.109 258.971 174.662 -159.079 257.426 168.764 -173.551 243.379 169.916 -174.754 245.184 176.806 -244.523 179.501 187.017
  poly 1: -256.718 191.63 181.711 -252.313 188.448 164.313 -236.532 203.305 162.003 -237.243 203.97 165.157 -222.347 219.026 165.338 -221.086 217.846 159.743 -61.4062 368.173 136.371 -61.6856 370.766 142.94 -45.8403 384.603 138.152 -45.6666 382.991 134.067 -21.6234 405.626 130.548 -21.8398 412.752 147.332 -91.2814 347.378 157.496 -90.5199 344.862 149.996 -105.233 331.391 153.021 -105.905 333.61 159.637 -165.656 277.359 168.382 -164.705 275.932 162.934 -179.177 261.884 164.086 -180.302 263.571 170.526 -256.718 191.63 181.711
element 71
  poly 0: -154.754 394.707 141.321 -151.989 387.625 124.759 -120.135 380.297 127.57 -120.69 382.129 131.965 -100.744 378.424 136.029 -99.9011 375.642 129.355 111.304 327.051 147.991 111.97 328.982 153.484 132.778 323.291 152.965 132.401 322.197 149.853 153.018 317.454 151.672 155.741 323.273 168.718 51.8345 347.178 159.55 51.513 344.763 153.031 31.4478 349.732 152.18 31.7239 351.805 157.775 -40.9996 368.536 151.359 -40.7549 366.266 145.607 -61.6856 370.766 142.94 -61.965 373.36 149.509 -154.754 394.707 141.321
  poly 1: -150.447 411.025 135.063 -147.682 403.943 118.5 -125.805 398.91 120.431 -126.218 400.274 123.702 -106.272 396.569 127.766 -105.571 394.255 122.216 103.976 346.046 140.706 104.8 348.438 147.512 125.608 342.748 146.992 125.072 341.192 142.567 157.324 333.772 145.413 160.047 339.591 162.46 66.0552 361.216 154.166 65.7112 358.632 147.192 45.6461 363.6 146.341 45.9446 365.842 152.392 -25.1351 382.195 146.12 -24.9096 380.103 140.819 -45.8403 384.603 138.152 -46.1005 387.019 144.27 -150.447 411.025 135.063
element 72
  poly 0: 75.0059 436.529 132.261 73.5862 428.841 115.824 84.222 399.072 123.486 84.7017 401.134 128.33 91.5466 383.431 135.185 90.8619 380.488 128.269 160.371 185.938 178.343 161.425 187.072 184.499 167.674 168.02 186.938 167.024 167.319 183.135 174.643 145.993 188.624 177.876 148.605 206.367 143.198 245.666 181.385 142.203 243.936 174.701 135.41 263.569 170.628 136.268 265.062 176.393 112.687 331.064 159.406 111.97 328.982 153.484 104.8 348.438 147.512 105.624 350.831 154.318 75.0059 436.529 132.261
  poly 1: 91.8599 441.569 128.448 90.4401 433.881 112.011 98.0741 412.515 117.51 98.461 414.177 121.418 105.306 396.474 128.273 104.714 393.93 122.293 174.207 199.426 172.355 175.443 200.757 179.579 181.693 181.705 182.018 180.859 180.808 177.147 191.497 151.033 184.811 194.73 153.646 202.554 163.7 240.496 180.2 162.633 238.64 173.032 155.84 258.273 168.959 156.77 259.891 175.208 133.436 325.201 158.398 132.778 323.291 152.965 125.608 342.748 146.992 126.373 344.969 153.311 91.8599 441.569 128.448
element 73
  poly 0: 299.889 175.333 172.383 294.781 172.121 155.184 314.883 193.07 139.832 316.41 194.08 144.487 329.98 207.93 137.033 327.689 206.417 130.051 447.949 331.749 38.2052 450.869 334.019 43.6999 462.496 346.377 32.4175 460.485 344.813 28.6314 474.588 359.511 17.8605 482.989 366.156 32.5439 423.09 303.73 78.2905 420.242 301.595 72.1424 408.104 288.868 82.1848 410.687 290.805 87.7627 367.901 246.214 120.44 365.531 244.544 114.248 353.039 231.653 122.508 355.789 233.591 129.691 299.889 175.333 172.383
  poly 1: 287.417 188.247 173.675 282.309 185.035 156.476 296.018 199.322 146.006 297.164 200.08 149.499 310.734 213.93 142.046 308.825 212.669 136.225 429.601 338.539 43.9846 432.946 341.14 50.2803 444.574 353.498 38.9978 442.137 351.603 34.4108 462.116 372.425 19.1523 470.517 379.07 33.8357 416.303 322.569 75.2406 413.334 320.343 68.8311 401.196 307.616 78.8734 403.9 309.644 84.7127 360.427 264.337 117.915 358.212 262.777 112.131 345.72 249.886 120.392 348.314 251.713 127.166 287.417 188.247 173.675
element 74
  poly 0: 355.903 377.857 90.2586 349.651 370.966 74.6023 378.303 358.805 62.5968 380.33 360.792 67.1996 400.23 353.72 61.4901 397.226 350.774 54.6681 579.718 273.323 -21.7966 582.185 274.604 -18.3746 601.569 265.164 -28.8192 600.388 264.551 -30.4576 615.969 257.938 -36.9859 626.63 262.959 -23.177 538.831 300.221 13.6113 534.704 297.657 7.07755 517.836 305.153 14.7899 521.64 307.517 20.8141 453.809 336.305 49.2355 450.869 334.019 43.6999 432.946 341.14 50.2803 436.291 343.74 56.576 355.903 377.857 90.2586
  poly 1: 359.13 393.554 82.0606 352.878 386.662 66.4043 370.775 379.066 58.9054 372.246 380.509 62.2468 392.146 373.436 56.5373 389.697 371.035 50.9767 569.304 294.809 -24.279 572.62 296.53 -19.6799 592.004 287.09 -30.1245 589.974 286.037 -32.94 619.195 273.635 -45.1838 629.857 278.655 -31.375 549.559 312.734 2.27011 545.292 310.083 -4.48598 528.424 317.579 3.22636 532.369 320.03 9.47293 465.248 348.516 37.5968 462.496 346.377 32.4175 444.574 353.498 38.9978 447.729 355.952 44.9372 359.13 393.554 82.0606
element 75
  poly 0: 542.743 377.535 -18.1868 533.371 370.623 -32.0965 623.882 154.429 -23.627 627.584 155.376 -18.9248 633.812 136.643 -20.0574 631.568 136.069 -22.9078 640.831 113.945 -22.041 652.18 116.131 -7.94618 618.186 197.329 -11.1271 612.951 195.416 -18.0314 605.06 216.34 -17.8457 609.542 217.978 -11.9361 585.184 276.159 -14.2154 582.185 274.604 -18.3746 572.62 296.53 -19.6799 575.935 298.25 -15.0808 562.951 329.264 -16.2958 558.551 326.404 -22.6554 550.093 343.88 -24.6606 555.391 347.323 -17.0032 542.743 377.535 -18.1868
  poly 1: 555.815 382.565 -29.4928 546.443 375.653 -43.4026 633.772 167.057 -35.2308 638.079 168.158 -29.7621 644.307 149.426 -30.8947 641.459 148.698 -34.5115 653.902 118.974 -33.3471 665.252 121.161 -19.2522 636.388 190.105 -21.9532 630.705 188.029 -29.4477 622.815 208.953 -29.262 627.744 210.754 -22.7621 604.359 266.611 -24.9503 601.569 265.164 -28.8192 592.004 287.09 -30.1245 595.111 288.702 -25.8157 573.1 341.276 -27.8754 568.353 338.191 -34.7368 559.894 355.667 -36.742 565.54 359.335 -28.5828 555.815 382.565 -29.4928
element 76
  poly 0: -602.509 474.723 -116.315 -592.224 466.165 -128.586 -588.531 438.258 -112.313 -592.435 441.299 -107.482 -591.187 424.738 -96.0465 -586.231 420.878 -102.178 -568.194 284.573 -22.6927 -571.872 286.473 -17.3394 -568.653 269.135 -8.97301 -565.968 267.747 -12.8813 -563.187 246.734 -0.627284 -572.931 251.201 14.0297 -583.078 327.883 -30.6866 -579.331 325.705 -35.9405 -582.15 343.224 -45.213 -585.355 345.087 -40.7189 -592.329 397.787 -71.4504 -587.772 394.438 -77.2545 -589.327 410.674 -87.8434 -594.541 414.507 -81.2006 -602.509 474.723 -116.315
  poly 1: -587.694 481.264 -108.459 -577.409 472.706 -120.731 -574.752 452.633 -109.026 -578.183 455.305 -104.781 -576.934 438.744 -93.3454 -572.452 435.253 -98.8905 -554.24 297.62 -18.6314 -558.301 299.719 -12.7192 -555.082 282.381 -4.35285 -552.013 280.795 -8.81995 -548.371 253.275 7.22825 -558.115 257.743 21.8852 -567.266 326.892 -18.4385 -563.281 324.576 -24.0251 -566.1 342.095 -33.2976 -569.543 344.096 -28.4709 -576.676 398.001 -59.9051 -572.369 394.835 -65.3918 -573.923 411.071 -75.9807 -578.888 414.721 -69.6553 -587.694 481.264 -108.459
element 77
  poly 0: -704.437 390.841 -168.684 -692.277 383.516 -179.839 -582.807 390.788 -83.5799 -587.772 394.438 -77.2545 -572.369 394.835 -65.3918 -568.184 391.759 -70.7221 -549.69 392.988 -54.4594 -559.332 400.48 -41.0901 -624.922 396.123 -98.7647 -621.111 393.468 -103.226 -639.468 392.611 -118.395 -642.804 394.935 -114.489 -704.437 390.841 -168.684
  poly 1: -700.162 407.227 -174.784 -688.002 399.903 -185.939 -584.066 406.807 -94.5454 -589.327 410.674 -87.8434 -573.923 411.071 -75.9807 -569.443 407.778 -81.6875 -545.415 409.374 -60.5591 -555.057 416.866 -47.1898 -608.929 413.288 -94.5606 -604.808 410.417 -99.3852 -623.164 409.559 -114.555 -626.811 412.1 -110.285 -700.162 407.227 -174.784
element 78
  poly 0: -481.088 295.188 61.2723 -472.553 290.051 46.037 -448.199 312.825 46.0686 -450.449 314.399 50.3405 -435.434 330.214 52.423 -432.097 327.881 46.0896 -274.7 475.06 46.2943 -276.081 477.502 50.6314 -258.378 491.908 48.1594 -257.791 490.871 46.3163 -243.677 504.069 46.3346 -248.021 513.125 61.5754 -323.373 442.664 61.4774 -320.595 439.088 54.3044 -335.605 425.777 55.1277 -338.058 428.933 61.4583 -398.078 372.809 61.3802 -395.676 370.672 56.2888 -410.098 356.474 55.4431 -412.891 358.958 61.361 -481.088 295.188 61.2723
  poly 1: -491.489 306.325 51.6907 -482.954 301.187 36.4554 -467.777 315.379 36.4751 -469.408 316.52 39.572 -454.393 332.336 41.6544 -451.676 330.435 36.4961 -295.595 476.383 36.6991 -297.47 479.696 42.5841 -279.767 494.102 40.1121 -278.687 492.193 36.721 -254.077 515.205 36.753 -258.422 524.261 51.9938 -327.267 459.885 51.9043 -324.344 456.122 44.358 -339.354 442.812 45.1812 -341.951 446.154 51.8852 -401.686 390.298 51.8075 -399.462 388.32 47.0951 -413.885 374.122 46.2494 -416.498 376.447 51.7882 -491.489 306.325 51.6907
element 79
  poly 0: -383.188 492.817 19.4742 -376.394 484.073 5.03704 -346.014 480.519 15.543 -347.747 482.963 19.6753 -329.688 481.803 27.9337 -327.218 478.32 22.0432 -143.453 456.823 85.5927 -144.424 460.023 91.775 -124.605 456.738 96.5865 -123.939 454.54 92.3411 -102.705 452.056 99.6843 -104.559 460.222 115.83 -200.912 471.494 82.5087 -199.477 468.133 76.2619 -219.573 470.886 70.1623 -220.828 473.823 75.6216 -277.769 480.485 55.9303 -276.081 477.502 50.6314 -297.47 479.696 42.5841 -299.344 483.009 48.4691 -383.188 492.817 19.4742
  poly 1: -378.761 508.585 12.0074 -371.968 499.842 -2.4298 -349.588 497.224 5.30964 -351.007 499.225 8.69362 -332.948 498.065 16.952 -330.791 495.025 11.8098 -148.6 473.712 74.8151 -149.72 477.403 81.9476 -129.902 474.118 86.7591 -129.086 471.429 81.5635 -98.278 467.825 92.2175 -100.132 475.99 108.363 -185.988 486.034 78.672 -184.457 482.45 72.0102 -204.554 485.203 65.9106 -205.904 488.364 71.7849 -259.95 494.687 53.0946 -258.378 491.908 48.1594 -279.767 494.102 40.1121 -281.526 497.211 45.6334 -378.761 508.585 12.0074
element 80
  poly 0: -174.433 558.53 49.5767 -171.478 548.792 34.514 -162.904 520.654 48.8689 -163.67 523.179 53.1064 -158.591 506.514 63.9562 -157.5 502.916 57.9178 -104.574 329.214 146.531 -105.233 331.391 153.021 -99.685 313.177 159.694 -99.2531 311.75 155.44 -93.138 291.68 165.679 -94.6967 296.833 183.08 -121.482 384.742 138.234 -120.69 382.129 131.965 -126.218 400.274 123.702 -126.906 402.546 129.152 -145.424 463.321 98.1473 -144.424 460.023 91.775 -149.72 477.403 81.9476 -150.84 481.095 89.08 -174.433 558.53 49.5767
  poly 1: -157.213 563.772 49.5668 -154.258 554.034 34.5041 -148.281 534.417 44.5116 -148.891 536.427 47.884 -143.812 519.762 58.7337 -142.876 516.679 53.5605 -89.7584 342.346 142.496 -90.5199 344.862 149.996 -84.9716 326.647 156.669 -84.4372 324.881 151.405 -75.9181 296.922 165.669 -77.4768 302.075 183.07 -101.587 381.206 142.702 -100.744 378.424 136.029 -106.272 396.569 127.766 -107.012 399.009 133.62 -125.547 459.843 102.586 -124.605 456.738 96.5865 -129.902 474.118 86.7591 -130.963 477.617 93.5186 -157.213 563.772 49.5668
element 81
  poly 0: 29.4819 328.429 178.505 29.1165 322.573 161.249 51.2839 343.043 148.389 51.513 344.763 153.031 65.7112 358.632 147.192 65.3672 356.048 140.218 203.11 483.243 60.3068 204.397 486.39 65.7626 217.997 498.264 55.7048 217.16 496.217 52.1559 232.421 510.309 43.302 236.517 519.61 58.3939 168.756 457.038 97.7053 167.646 453.765 91.2349 153.879 441.273 99.9179 154.881 444.226 105.755 105.89 398.986 134.177 105.306 396.474 128.273 91.5466 383.431 135.185 92.2313 386.373 142.101 29.4819 328.429 178.505
  poly 1: 16.4163 340.235 174.776 16.0509 334.379 157.519 31.2755 348.438 148.687 31.4478 349.732 152.18 45.6461 363.6 146.341 45.3588 361.442 140.516 183.141 488.674 60.5819 184.649 492.362 66.9746 198.249 504.236 56.9168 197.191 501.648 52.431 219.355 522.115 39.5723 223.451 531.416 54.6642 162.35 474.993 90.1124 161.187 471.566 83.338 147.42 459.074 92.021 148.475 462.181 98.162 99.0002 416.495 126.865 98.461 414.177 121.418 84.7017 401.134 128.33 85.3411 403.882 134.789 16.4163 340.235 174.776
element 82
  poly 0: 98.7841 524.564 82.0027 97.124 515.109 66.5216 128.396 504.903 63.4308 129.062 507.57 67.878 149.552 502.253 67.9977 148.569 498.32 61.437 346.526 433.716 41.8718 348.367 436.075 46.3209 369.376 427.795 42.0166 368.42 426.571 39.7079 386.715 420.601 37.8997 393.583 428.357 52.8661 296.887 459.913 62.4231 294.789 456.505 56.2256 276.22 463.095 58.89 278.047 466.062 64.2852 205.734 489.661 71.4323 204.397 486.39 65.7626 184.649 492.362 66.9746 186.156 496.05 73.3672 98.7841 524.564 82.0027
  poly 1: 102.681 539.372 72.5405 101.021 529.917 57.0594 121.678 523.176 55.0178 122.177 525.175 58.3528 142.666 519.859 58.4725 141.851 516.592 53.024 336.805 452.969 33.7555 339.197 456.033 39.5358 360.206 447.753 35.2315 358.7 445.823 31.5916 390.612 435.409 28.4375 397.48 443.165 43.4038 308.787 472.11 52.1699 306.573 468.514 45.6316 288.004 475.104 48.296 289.947 478.258 54.032 219.25 501.33 61.0193 217.997 498.264 55.7048 198.249 504.236 56.9168 199.673 507.719 62.9543 102.681 539.372 72.5405
element 83
  poly 0: 307.041 538.545 21.8167 301.568 528.981 7.35299 314.064 500.245 15.8526 316.044 503.336 20.9064 324.481 486.507 27.8929 321.835 482.376 21.1381 398.657 305.712 73.3926 401.196 307.616 78.8734 408.104 288.868 82.1848 406.504 287.668 78.7299 415.441 267.115 84.809 422.969 271.953 100.671 383.139 363.547 73.5785 380.33 360.792 67.1996 372.246 380.509 62.2468 374.712 382.927 67.8462 350.444 438.735 51.339 348.367 436.075 46.3209 339.197 456.033 39.5358 341.589 459.097 45.3162 307.041 538.545 21.8167
  poly 1: 322.346 542.679 13.2921 316.873 533.115 -1.17155 325.925 512.3 4.98525 327.61 514.929 9.28514 336.047 498.1 16.2716 333.695 494.43 10.2708 410.365 318.117 62.4216 413.334 320.343 68.8311 420.242 301.595 72.1424 418.212 300.073 67.7589 430.746 271.249 76.2844 438.274 276.087 92.146 403.234 356.665 68.3122 400.23 353.72 61.4901 392.146 373.436 56.5373 394.807 376.045 62.5799 371.256 430.204 46.5606 369.376 427.795 42.0166 360.206 447.753 35.2315 362.402 450.566 40.5378 322.346 542.679 13.2921
element 84
  poly 0: 524.886 281.919 38.225 516.078 276.668 23.2064 531.468 295.647 1.95422 534.704 297.657 7.07755 545.292 310.083 -4.48598 541.025 307.431 -11.2421 554.026 323.464 -29.1949 558.551 326.404 -22.6554 568.353 338.191 -34.7368 563.314 334.917 -42.0193 611.421 394.24 -108.448 616.243 397.675 -102.941 624.524 408.404 -116.883 620.696 405.677 -121.255 632.389 420.096 -137.401 643.524 428.218 -125.596 606.375 382.408 -74.2996 602.916 380.031 -78.6743 593.647 368.428 -65.0416 596.791 370.589 -61.0649 524.886 281.919 38.225
  poly 1: 512.638 294.837 40.8911 503.829 289.586 25.8725 515.05 303.422 10.3791 517.836 305.153 14.7899 528.424 317.579 3.22636 524.606 315.207 -2.81722 545.369 340.81 -31.4874 550.093 343.88 -24.6606 559.894 355.667 -36.742 554.657 352.263 -44.3118 595.666 402.833 -100.939 600.864 406.537 -95.0022 609.144 417.265 -108.945 604.941 414.27 -113.746 620.141 433.014 -134.735 631.276 441.136 -122.93 598.443 400.648 -77.5928 594.842 398.174 -82.1468 585.573 386.571 -68.5141 588.859 388.829 -64.3582 512.638 294.837 40.8911
element 85
  poly 0: 545.262 446.876 -55.6171 535.984 438.346 -68.6839 562.314 422.48 -83.169 566.715 426.186 -77.4095 586.486 416.052 -85.9964 580.853 411.309 -93.3681 697.733 340.883 -157.667 709.732 347.773 -146.097 621.133 401.159 -97.3562 616.243 397.675 -102.941 600.864 406.537 -95.0022 606.063 410.24 -89.0654 545.262 446.876 -55.6171
  poly 1: 547.727 460.955 -66.5579 538.448 452.425 -79.6247 552.637 443.876 -87.4302 556.231 446.902 -82.7266 576.002 436.768 -91.3135 571.176 432.705 -97.6293 700.198 354.962 -168.608 712.196 361.853 -157.038 629.297 411.804 -111.432 624.524 408.404 -116.883 609.144 417.265 -108.945 614.226 420.885 -103.141 547.727 460.955 -66.5579
element 86
  poly 0: -654.973 376.21 -96.6689 -643.83 369.128 -109.162 -618.522 391.664 -106.257 -621.111 393.468 -103.226 -604.808 410.417 -99.3852 -600.687 407.546 -104.21 -453.109 538.959 -87.2683 -456.496 542.951 -81.9809 -436.095 559.206 -81.1868 -433.632 556.302 -85.0324 -422.04 566.625 -83.7016 -429.828 576.694 -70.823 -505.675 509.155 -79.53 -502.414 505.935 -84.1157 -517.498 492.79 -85.6152 -520.607 495.859 -81.2441 -581.101 441.99 -88.1887 -576.934 438.744 -93.3454 -591.187 424.738 -96.0465 -596.142 428.598 -89.9152 -654.973 376.21 -96.6689
  poly 1: -662.646 386.458 -109.322 -651.503 379.377 -121.815 -637.882 391.506 -120.252 -639.468 392.611 -118.395 -623.164 409.559 -114.555 -620.047 407.387 -118.204 -474.885 536.649 -101.54 -478.94 541.43 -95.2088 -458.54 557.685 -94.4147 -455.408 553.993 -99.3042 -429.713 576.873 -96.3546 -437.501 586.942 -83.476 -506.752 525.277 -91.4258 -503.423 521.991 -96.1062 -518.507 508.845 -97.6057 -521.684 511.981 -93.1398 -581.995 458.275 -100.063 -578.183 455.305 -104.781 -592.435 441.299 -107.482 -597.036 444.883 -101.79 -662.646 386.458 -109.322
element 87
  poly 0: -552.891 541.827 -129.46 -543.211 532.263 -141.389 -516.04 533.966 -125.613 -520.075 538.219 -120.181 -504.39 539.91 -109.855 -499.723 534.99 -116.138 -357.383 543.916 -33.4914 -359.993 547.93 -27.8003 -342.287 547.83 -19.6069 -340.432 544.979 -23.6494 -319.277 546.305 -11.3662 -325.062 556.114 2.82336 -409.046 550.848 -45.9401 -405.617 546.334 -52.1076 -425.568 545.657 -62.7019 -428.581 549.623 -57.2826 -460.46 547.624 -75.7926 -456.496 542.951 -81.9809 -478.94 541.43 -95.2088 -482.996 546.21 -88.8775 -552.891 541.827 -129.46
  poly 1: -548.741 556.981 -138.244 -539.061 547.416 -150.172 -516.749 548.815 -137.217 -520.595 552.869 -132.04 -504.91 554.56 -121.713 -500.431 549.839 -127.742 -359.773 558.659 -46.0725 -362.676 563.122 -39.7453 -344.969 563.022 -31.5519 -342.823 559.722 -36.2305 -315.127 561.459 -20.1498 -320.912 571.268 -5.96027 -393.084 566.742 -47.8655 -389.404 561.897 -54.4852 -409.355 561.22 -65.0796 -412.619 565.517 -59.2079 -439.993 563.8 -75.1021 -436.095 559.206 -81.1868 -458.54 557.685 -94.4147 -462.529 562.387 -88.187 -548.741 556.981 -138.244
element 88
  poly 0: -378.252 634.219 -81.5878 -371.653 623.056 -94.3328 -366.649 596.744 -75.3124 -368.204 599.282 -72.1592 -365.788 583.798 -58.5067 -363.466 580.009 -63.2148 -336.73 439.433 38.4063 -339.354 442.812 45.1812 -335.605 425.777 55.1277 -333.655 423.266 50.0932 -330.074 404.436 63.7054 -335.891 411.492 79.4193 -350.121 486.309 25.335 -347.747 482.963 19.6753 -351.007 499.225 8.69362 -353.153 502.25 13.8111 -362.603 551.942 -22.1108 -359.993 547.93 -27.8003 -362.676 563.122 -39.7453 -365.578 567.584 -33.4181 -378.252 634.219 -81.5878
  poly 1: -361.58 639.981 -78.0033 -354.982 628.818 -90.7484 -351.569 610.873 -77.7761 -352.74 612.785 -75.4003 -350.324 597.301 -61.7478 -348.386 594.138 -65.6785 -321.421 452.36 36.8117 -324.344 456.122 44.358 -320.595 439.088 54.3044 -318.346 436.193 48.4987 -313.402 410.198 67.2898 -319.219 417.254 83.0037 -332.158 485.286 33.8242 -329.688 481.803 27.9337 -332.948 498.065 16.952 -335.19 501.227 22.3003 -344.784 551.669 -14.1635 -342.287 547.83 -19.6069 -344.969 563.022 -31.5519 -347.759 567.311 -25.4708 -361.58 639.981 -78.0033
element 89
  poly 0: -226.551 453.221 97.3827 -222.453 445.236 81.5377 -198.428 465.677 71.6975 -199.477 468.133 76.2619 -184.457 482.45 72.0102 -182.927 478.866 65.3483 -34.1358 605.459 4.40555 -34.3349 609.091 9.18115 -18.4501 621.047 0.750587 -18.3326 618.904 -2.06721 -2.90962 632.027 -8.38427 -3.00565 643.416 5.82138 -75.8728 581.42 35.6668 -75.1458 576.769 28.8616 -90.2367 564.441 35.6747 -90.8932 568.64 41.8189 -144.741 522.826 63.8744 -143.812 519.762 58.7337 -158.591 506.514 63.9562 -159.683 510.113 69.9945 -226.551 453.221 97.3827
  poly 1: -238.731 463.521 89.042 -234.632 455.536 73.197 -218.778 469.025 66.7034 -219.573 470.886 70.1623 -204.554 485.203 65.9106 -203.277 482.214 60.3542 -55.0467 608.33 -0.358918 -55.2909 612.784 5.49837 -39.4061 624.741 -2.93219 -39.2435 621.776 -6.83167 -15.0892 642.327 -16.725 -15.1853 653.716 -2.51931 -80.699 597.976 24.3143 -79.9374 593.104 17.1856 -95.0284 580.776 23.9986 -95.7194 585.197 30.4664 -149.742 539.233 52.5934 -148.891 536.427 47.884 -163.67 523.179 53.1064 -164.684 526.52 58.7135 -238.731 463.521 89.042
element 90
  poly 0: -140.201 633.947 -1.13646 -137.652 622.666 -15.1766 -106.055 616.43 -10.5146 -106.608 619.711 -6.35393 -87.1019 617.156 -1.74539 -86.3231 612.536 -7.60324 99.0924 575.945 19.7542 99.7424 579.665 24.9962 120.603 574.207 26.2814 120.179 571.784 22.8655 140.788 567.717 25.9062 143.278 578.004 40.6899 47.7585 596.854 26.5963 47.4303 592.303 20.3743 27.8325 596.701 18.1914 28.123 600.729 23.6991 -34.5546 613.098 14.4513 -34.3349 609.091 9.18115 -55.2909 612.784 5.49837 -55.5351 617.239 11.3557 -140.201 633.947 -1.13646
  poly 1: -135.894 647.945 -11.6018 -133.345 636.663 -25.6419 -110.712 632.197 -22.3025 -111.163 634.87 -18.9129 -91.6569 632.314 -14.3043 -90.9806 628.303 -19.3911 91.7415 592.243 7.56888 92.5167 596.679 13.8204 113.377 591.222 15.1056 112.829 588.082 10.6802 145.094 581.714 15.4409 147.585 592.001 30.2246 60.9819 609.092 17.4466 60.6366 604.304 10.9002 41.0388 608.701 8.7174 41.3464 612.967 14.5495 -18.6563 624.808 5.69629 -18.4501 621.047 0.750587 -39.4061 624.741 -2.93219 -39.6368 628.949 2.60069 -135.894 647.945 -11.6018
element 91
  poly 0: 64.0504 672.723 -22.9322 62.8291 660.905 -36.6795 73.6667 634.365 -20.741 74.114 637.851 -16.3865 81.1357 622.345 -4.69632 80.5235 617.574 -10.6571 146.434 456.167 86.2749 147.42 459.074 92.021 153.879 441.273 99.9179 153.261 439.45 96.3144 160.795 420.998 107.395 163.764 428.537 123.713 129.984 511.26 74.0334 129.062 507.57 67.878 122.177 525.175 58.3528 122.983 528.404 63.7378 100.434 583.623 30.5761 99.7424 579.665 24.9962 92.5167 596.679 13.8204 93.2918 601.114 20.072 64.0504 672.723 -22.9322
  poly 1: 80.9165 676.672 -27.8252 79.6952 664.854 -41.5725 87.1728 646.542 -30.5755 87.5392 649.398 -27.0081 94.5609 633.892 -15.3179 94.0295 629.751 -20.4916 160.024 468.139 76.5636 161.187 471.566 83.338 167.646 453.765 91.2349 166.85 451.422 86.6031 177.661 424.947 102.502 180.63 432.485 118.82 150.534 506.187 74.5585 149.552 502.253 67.9977 142.666 519.859 58.4725 143.533 523.331 64.2629 121.249 577.903 31.4899 120.603 574.207 26.2814 113.377 591.222 15.1056 114.106 595.394 20.9858 80.9165 676.672 -27.8252
element 92
  poly 0: 279.931 444.149 87.3179 275.181 436.179 71.655 293.203 453.931 51.5431 294.789 456.505 56.2256 306.573 468.514 45.6316 304.359 464.919 39.0933 398.923 558.064 -66.438 402.125 562.69 -60.6328 412.372 572.468 -74.0761 409.855 568.833 -78.6383 423.5 582.273 -93.8657 431.059 593.01 -81.3379 380.088 542.803 -24.4548 377.343 538.722 -30.1654 365.968 527.628 -16.7698 368.493 531.382 -11.5156 338.343 501.684 22.132 336.047 498.1 16.2716 324.481 486.507 27.8929 327.128 490.637 34.6476 279.931 444.149 87.3179
  poly 1: 266.368 455.84 85.4826 261.618 447.87 69.8197 274.901 460.954 54.9958 276.22 463.095 58.89 288.004 475.104 48.296 286.057 471.942 42.546 381.121 565.579 -63.5428 384.588 570.59 -57.2557 394.835 580.367 -70.699 392.053 576.348 -75.7432 409.937 593.963 -95.701 417.496 604.7 -83.1733 372.32 560.202 -32.7579 369.466 555.958 -38.6966 358.091 544.864 -25.301 360.726 548.782 -19.8187 329.75 518.271 14.7491 327.61 514.929 9.28514 316.044 503.336 20.9064 318.535 507.224 27.2647 266.368 455.84 85.4826
element 93
  poly 0: 310.952 614.088 -32.1453 305.363 602.996 -45.4709 334.75 588.327 -52.6449 336.247 590.978 -49.4141 357.047 582.701 -52.2633 354.621 578.408 -57.4962 528.256 491.734 -99.8855 530.939 494.457 -96.2422 552.898 482.045 -103.138 551.173 480.295 -105.48 564.733 473.527 -108.79 574.43 482.567 -96.4678 489.772 524.826 -75.8004 486.419 520.966 -80.8376 470.154 529.434 -76.4981 473.296 533.05 -71.7781 405.153 567.065 -55.1424 402.125 562.69 -60.6328 384.588 570.59 -57.2557 388.056 575.6 -50.9685 310.952 614.088 -32.1453
  poly 1: 314.399 626.928 -44.2792 308.811 615.837 -57.6048 326.212 607.15 -61.8529 327.15 608.811 -59.8295 347.949 600.534 -62.6788 346.084 597.231 -66.7041 515.08 512.873 -107.961 518.458 516.301 -103.374 540.417 503.889 -110.27 537.997 501.434 -113.556 568.18 486.367 -120.924 577.877 495.408 -108.602 498.095 535.233 -89.1246 494.68 531.301 -94.2556 478.414 539.769 -89.9161 481.619 543.457 -85.1023 415.229 576.597 -68.8946 412.372 572.468 -74.0761 394.835 580.367 -70.699 398.132 585.131 -64.7208 314.399 626.928 -44.2792
element 94
  poly 0: 482.016 591.415 -120.973 473.613 580.794 -132.98 582.625 384.545 -72.2422 585.573 386.571 -68.5141 593.647 368.428 -65.0416 592.149 367.399 -66.9356 603.101 347.683 -60.8336 613.764 354.234 -47.5677 571.54 430.249 -71.0936 566.715 426.186 -77.4095 556.231 446.902 -82.7266 560.359 450.378 -77.3233 534.095 497.659 -91.9566 530.939 494.457 -96.2422 518.458 516.301 -103.374 521.836 519.729 -98.7868 506.984 546.466 -107.062 503.477 542.417 -111.964 493.39 558.63 -118.137 497.556 563.439 -112.315 482.016 591.415 -120.973
  poly 1: 494.921 594.849 -133.042 486.519 584.228 -145.049 591.242 395.7 -86.7009 594.842 398.174 -82.1468 602.916 380.031 -78.6743 600.766 378.553 -81.3943 616.006 351.116 -72.9028 626.67 357.668 -59.6369 591.768 420.5 -79.0828 586.486 416.052 -85.9964 576.002 436.768 -91.3135 580.587 440.628 -85.3125 555.893 485.084 -99.0712 552.898 482.045 -103.138 540.417 503.889 -110.27 543.634 507.153 -105.901 515.721 557.403 -121.453 511.923 553.018 -126.762 501.836 569.231 -132.936 506.293 574.376 -126.706 494.921 594.849 -133.042
element 95
  poly 0: -523.53 661.827 -222.359 -514.44 650.124 -232.707 -515.681 506.056 -101.579 -518.507 508.845 -97.6057 -517.498 492.79 -85.6152 -515.81 491.124 -87.9886 -515.959 473.724 -72.1518 -525.077 482.205 -58.8713 -524.554 542.941 -114.152 -520.075 538.219 -120.181 -520.595 552.869 -132.04 -524.433 556.916 -126.872 -523.53 661.827 -222.359
  poly 1: -508 667.879 -215.562 -498.91 656.176 -225.91 -500.094 518.704 -100.787 -503.423 521.991 -96.1062 -502.414 505.935 -84.1157 -500.223 503.773 -87.196 -500.43 479.776 -65.3552 -509.547 488.257 -52.0747 -509.06 544.833 -103.568 -504.39 539.91 -109.855 -504.91 554.56 -121.713 -508.939 558.808 -116.288 -508 667.879 -215.562
element 96
  poly 0: -436.012 531.05 -37.5671 -428.451 521.427 -50.9284 -402.874 542.723 -57.0422 -405.617 546.334 -52.1076 -389.404 561.897 -54.4852 -385.701 557.021 -61.1474 -200.226 711.452 -105.484 -206.569 722.089 -92.4138 -352.391 600.674 -57.5561 -350.324 597.301 -61.7478 -365.788 583.798 -58.5067 -368.11 587.587 -53.7987 -436.012 531.05 -37.5671
  poly 1: -446.159 539.783 -49.5992 -438.598 530.16 -62.9604 -423.406 542.809 -66.592 -425.568 545.657 -62.7019 -409.355 561.22 -65.0796 -406.232 557.108 -70.6972 -210.373 720.185 -117.516 -216.717 730.821 -104.446 -354.68 615.95 -71.4666 -352.74 612.785 -75.4003 -368.204 599.282 -72.1592 -370.399 602.863 -67.7092 -446.159 539.783 -49.5992
element 97
  poly 0: -148.915 760.648 -122.435 -146.316 747.162 -134.368 -94.3605 576.504 17.7474 -95.0284 580.776 23.9986 -90.2367 564.441 35.6747 -89.7603 561.394 31.2158 -84.7496 544.935 45.8863 -86.1798 554.582 61.2409 -107.353 624.13 -0.750217 -106.608 619.711 -6.35393 -111.163 634.87 -18.9129 -111.834 638.848 -13.8685 -148.915 760.648 -122.435
  poly 1: -131.478 764.979 -123.532 -128.879 751.493 -135.465 -79.1758 588.232 10.0568 -79.9374 593.104 17.1856 -75.1458 576.769 28.8616 -74.5756 573.122 23.5253 -67.3128 549.266 44.7894 -68.7431 558.913 60.144 -87.8807 621.775 4.11245 -87.1019 617.156 -1.74539 -91.6569 632.314 -14.3043 -92.3613 636.492 -9.00588 -131.478 764.979 -123.532
element 98
  poly 0: 26.6328 582.028 48.3881 26.0376 571.494 33.641 47.1768 588.787 15.5668 47.4303 592.303 20.3743 60.6366 604.304 10.9002 60.2913 599.516 4.35382 202.959 716.228 -117.628 204.804 727.785 -103.949 95.0922 638.033 -10.145 94.5609 633.892 -15.3179 81.1357 622.345 -4.69632 81.7479 627.116 1.2644 26.6328 582.028 48.3881
  poly 1: 13.0323 591.875 41.9029 12.437 581.341 27.1558 27.6206 593.762 14.1737 27.8325 596.701 18.1914 41.0388 608.701 8.7174 40.7352 604.491 2.9607 189.359 726.075 -124.113 191.204 737.632 -110.435 88.0308 653.229 -22.2213 87.5392 649.398 -27.0081 74.114 637.851 -16.3865 74.6865 642.313 -10.8118 13.0323 591.875 41.9029
element 99
  poly 0: 260.539 739.714 -135.999 255.924 726.25 -147.394 355.628 541.201 -30.4258 358.091 544.864 -25.301 365.968 527.628 -16.7698 364.287 525.129 -20.2664 373.569 507.902 -9.3774 380.465 517.133 4.69323 338.515 594.993 -44.5214 336.247 590.978 -49.4141 327.15 608.811 -59.8295 329.156 612.363 -55.5008 260.539 739.714 -135.999
  poly 1: 275.852 742.193 -145.13 271.236 728.729 -156.525 366.612 551.714 -44.6353 369.466 555.958 -38.6966 377.343 538.722 -30.1654 375.271 535.642 -34.4758 388.882 510.381 -18.5085 395.778 519.612 -4.4379 359.472 586.995 -47.0305 357.047 582.701 -52.2633 347.949 600.534 -62.6788 350.113 604.365 -58.0099 275.852 742.193 -145.13
element 100
  poly 0: 479.989 512.171 -46.9536 471.673 502.615 -59.9347 483.918 518.088 -84.5941 486.419 520.966 -80.8376 494.68 531.301 -94.2556 491.264 527.37 -99.3866 499.955 538.351 -116.887 503.477 542.417 -111.964 511.923 553.018 -126.762 507.753 548.204 -132.591 555.033 607.947 -227.803 564.131 618.491 -216.397 479.989 512.171 -46.9536
  poly 1: 466.168 523.697 -46.5847 457.852 514.141 -59.5658 467.924 526.867 -79.8478 470.154 529.434 -76.4981 478.414 539.769 -89.9161 475.27 536.149 -94.6403 489.581 554.233 -123.461 493.39 558.63 -118.137 501.836 569.231 -132.936 497.38 564.087 -139.165 541.212 619.473 -227.434 550.31 630.017 -216.028 466.168 523.697 -46.5847
