element 0
  poly 0: -531.499 698.768 9.27972 -567.442 652.461 9.27972 -535.056 652.461 340.903 -535.056 652.461 340.903 -523.384 666.217 351.091 -523.876 666.217 346.052 -515.573 676.002 353.299 -514.958 676.002 359.598 -513.551 677.225 364.283 -507.324 684.563 369.718 -506.656 685.786 366.845 -507.271 685.786 360.545 -498.968 695.571 367.792 -498.476 695.571 372.831 -493.018 702.004 377.596 -531.499 698.768 9.27972
  poly 1: -526.065 699.225 9.27972 -562.366 652.457 9.27972 -530.492 652.457 335.667 -530.492 652.457 335.667 -518.816 666.217 345.858 -518.821 666.217 345.808 -510.514 676.002 353.105 -509.899 676.002 359.404 -508.492 677.225 364.09 -502.265 684.563 369.525 -501.596 685.786 366.651 -502.211 685.786 360.352 -493.914 695.571 367.548 -493.909 695.571 367.598 -488.1 702.417 372.669 -526.065 699.225 9.27972
element 1
  poly 0: -512.482 700.367 9.27972 -549.677 652.448 9.27972 -519.081 652.448 322.578 -519.081 652.448 322.578 -507.386 666.23 332.785 -507.878 666.23 327.746 -499.17 676.493 335.347 -498.678 676.493 340.386 -497.23 676.75 353.175 -495.271 679.059 354.885 -494.778 679.059 359.924 -493.865 679.7 364.179 -490.599 683.549 367.029 -490.424 684.19 363.725 -490.916 684.19 358.685 -488.957 686.499 360.396 -489.97 686.756 347.987 -490.462 686.756 342.948 -481.754 697.019 350.548 -481.262 697.019 355.588 -475.803 703.451 360.352 -512.482 700.367 9.27972
  poly 1: -507.049 700.824 9.27972 -544.601 652.444 9.27972 -514.517 652.444 317.342 -514.517 652.444 317.342 -502.819 666.23 327.552 -502.823 666.23 327.502 -494.11 676.493 335.153 -493.618 676.493 340.193 -492.17 676.75 352.981 -490.211 679.059 354.691 -489.719 679.059 359.731 -488.805 679.7 363.985 -485.54 683.549 366.836 -485.365 684.19 363.531 -485.857 684.19 358.492 -483.897 686.499 360.202 -484.91 686.756 347.793 -485.402 686.756 342.754 -476.699 697.019 350.304 -476.694 697.019 350.355 -470.885 703.865 355.425 -507.049 700.824 9.27972
element 2
  poly 0: -515.081 676.002 358.338 -506.779 685.786 365.585 -501.719 685.786 365.391 -510.022 676.002 358.144 -515.081 676.002 358.338
  poly 1: -515.573 676.002 353.299 -507.271 685.786 360.545 -502.211 685.786 360.352 -510.514 676.002 353.105 -515.573 676.002 353.299
  poly 2: 430.063 756.508 384.41 445.827 741.434 372.153 440.496 741.434 372.357 424.732 756.508 384.614 430.063 756.508 384.41
  poly 3: 431.575 756.508 379.293 447.339 741.434 367.037 442.008 741.434 367.241 426.244 756.508 379.497 431.575 756.508 379.293
  poly 4: 461.591 726.36 359.896 477.355 711.286 347.64 472.024 711.286 347.844 456.26 726.36 360.1 461.591 726.36 359.896
  poly 5: 463.103 726.36 354.78 478.867 711.286 342.523 473.536 711.286 342.727 457.772 726.36 354.984 463.103 726.36 354.78
  poly 6: 493.119 696.213 335.383 508.883 681.139 323.126 503.552 681.139 323.33 487.788 696.213 335.587 493.119 696.213 335.383
  poly 7: 494.631 696.213 330.267 510.395 681.139 318.01 505.064 681.139 318.214 489.3 696.213 330.471 494.631 696.213 330.267
  poly 8: -494.778 679.059 359.924 -490.424 684.19 363.725 -485.365 684.19 363.531 -489.719 679.059 359.731 -494.778 679.059 359.924
  poly 9: -495.271 679.059 354.885 -490.916 684.19 358.685 -485.857 684.19 358.492 -490.211 679.059 354.691 -495.271 679.059 354.885
  poly 10: 416.231 751.893 381.371 424.035 744.431 375.304 418.704 744.431 375.508 410.9 751.893 381.575 416.231 751.893 381.371
  poly 11: 417.743 751.893 376.255 425.547 744.431 370.188 420.216 744.431 370.392 412.412 751.893 376.459 417.743 751.893 376.255
  poly 12: 447.446 722.044 357.101 455.25 714.582 351.033 449.919 714.582 351.237 442.116 722.044 357.305 447.446 722.044 357.101
  poly 13: 448.958 722.044 351.985 456.762 714.582 345.917 451.431 714.582 346.121 443.627 722.044 352.189 448.958 722.044 351.985
  poly 14: 478.662 692.196 332.831 486.466 684.734 326.763 481.135 684.734 326.967 473.331 692.196 333.035 478.662 692.196 332.831
  poly 15: 480.173 692.196 327.715 487.977 684.734 321.647 482.646 684.734 321.851 474.842 692.196 327.919 480.173 692.196 327.715
  poly 16: 407.844 777.754 401.685 -493.018 702.004 377.596 -498.476 695.571 372.831 -503.536 695.571 373.025 -528.444 666.217 351.285 -523.384 666.217 351.091 -529.019 659.576 346.173 -524.337 652.444 340.48 526.296 652.444 300.276 530.95 660.038 305.969 524.647 666.065 310.87 529.978 666.065 310.666 419.63 771.582 396.462 414.299 771.582 396.666 407.844 777.754 401.685
  poly 17: 404.333 777.459 396.533 -488.099 702.417 372.669 -493.909 695.571 367.598 -504.028 695.571 367.986 -528.936 666.217 346.246 -518.816 666.217 345.858 -524.448 659.58 340.942 -519.766 652.448 335.25 522.473 652.448 295.367 527.126 660.042 301.06 520.828 666.065 305.958 531.489 666.065 305.55 421.142 771.582 391.346 410.48 771.582 391.754 404.333 777.459 396.533
element 3
  poly 0: -498.678 676.493 340.386 -489.97 686.756 347.987 -484.91 686.756 347.793 -493.618 676.493 340.193 -498.678 676.493 340.386
  poly 1: -499.17 676.493 335.347 -490.462 686.756 342.948 -485.402 686.756 342.754 -494.11 676.493 335.153 -499.17 676.493 335.347
  poly 2: 417.62 755.624 366.499 433.228 740.7 354.363 427.897 740.7 354.567 412.289 755.624 366.703 417.62 755.624 366.499
  poly 3: 419.132 755.624 361.382 434.739 740.7 349.247 429.408 740.7 349.451 413.801 755.624 361.586 419.132 755.624 361.382
  poly 4: 448.835 725.775 342.228 464.443 710.851 330.093 459.112 710.851 330.297 443.504 725.775 342.432 448.835 725.775 342.228
  poly 5: 450.347 725.775 337.112 465.954 710.851 324.977 460.624 710.851 325.181 445.016 725.775 337.316 450.347 725.775 337.112
  poly 6: 480.051 695.927 317.958 495.658 681.003 305.823 490.327 681.003 306.027 474.72 695.927 318.162 480.051 695.927 317.958
  poly 7: 481.562 695.927 312.842 497.17 681.003 300.707 491.839 681.003 300.911 476.231 695.927 313.046 481.562 695.927 312.842
  poly 8: 395.557 776.721 383.653 -475.803 703.451 360.352 -481.262 697.019 355.588 -486.321 697.019 355.781 -493.86 697.019 356.07 -519.985 666.23 333.268 -512.446 666.23 332.979 -507.386 666.23 332.785 -513.021 659.589 327.867 -508.339 652.457 322.174 512.915 652.457 283.095 517.569 660.051 288.787 511.266 666.078 293.688 516.597 666.078 293.484 524.54 666.078 293.18 415.286 770.548 378.126 407.343 770.548 378.43 402.012 770.548 378.634 395.557 776.721 383.653
  poly 9: 392.047 776.426 378.5 -470.885 703.865 355.425 -476.694 697.019 350.355 -486.813 697.019 350.742 -494.403 697.019 351.032 -520.528 666.23 328.23 -512.938 666.23 327.94 -502.819 666.23 327.552 -508.451 659.593 322.636 -503.768 652.461 316.944 509.092 652.461 278.185 513.745 660.055 283.878 507.447 666.078 288.776 518.108 666.078 288.368 526.105 666.078 288.062 416.851 770.548 373.008 408.855 770.548 373.314 398.193 770.548 373.722 392.047 776.426 378.5
element 4
  poly 0: 624.715 652.461 9.27972 516.431 786.885 9.27972 407.844 777.754 401.685 414.299 771.582 396.666 415.811 771.582 391.55 431.575 756.508 379.293 429.685 756.508 385.689 430.522 754.624 387.994 442.345 743.318 378.801 445.449 741.434 373.432 447.339 741.434 367.037 463.103 726.36 354.78 461.213 726.36 361.175 462.05 724.476 363.48 473.873 713.171 354.288 476.977 711.286 348.919 478.867 711.286 342.523 494.631 696.213 330.267 492.741 696.213 336.662 493.578 694.328 338.967 505.401 683.023 329.775 508.505 681.139 324.405 510.395 681.139 318.01 526.159 666.065 305.754 524.647 666.065 310.87 538.874 652.461 299.808 538.874 652.461 299.808 624.715 652.461 9.27972
  poly 1: 619.447 652.457 9.27972 511.495 786.47 9.27972 404.333 777.459 396.533 410.48 771.582 391.754 410.495 771.582 391.703 426.244 756.508 379.497 424.354 756.508 385.893 425.191 754.624 388.198 437.014 743.318 379.005 440.118 741.434 373.636 442.008 741.434 367.241 457.772 726.36 354.984 455.882 726.36 361.379 456.719 724.476 363.684 468.542 713.171 354.492 471.646 711.286 349.123 473.536 711.286 342.727 489.3 696.213 330.471 487.41 696.213 336.866 488.247 694.328 339.171 500.07 683.023 329.979 503.174 681.139 324.609 505.064 681.139 318.214 520.843 666.065 305.906 520.828 666.065 305.958 535.058 652.457 294.893 535.058 652.457 294.893 619.447 652.457 9.27972
element 5
  poly 0: 606.278 652.448 9.27972 499.154 785.432 9.27972 395.557 776.721 383.653 402.012 770.548 378.634 403.524 770.548 373.518 419.132 755.624 361.382 417.62 755.624 366.499 414.231 755.251 378.985 417.743 751.893 376.255 416.231 751.893 381.371 416.073 750.96 384.45 421.926 745.364 379.899 424.035 744.431 375.304 425.547 744.431 370.188 429.058 741.073 367.457 433.228 740.7 354.363 434.739 740.7 349.247 450.347 725.775 337.112 448.835 725.775 342.228 445.446 725.402 354.715 448.958 722.044 351.985 447.446 722.044 357.101 447.288 721.112 360.18 453.141 715.515 355.629 455.25 714.582 351.033 456.762 714.582 345.917 460.274 711.224 343.187 464.443 710.851 330.093 465.954 710.851 324.977 481.562 695.927 312.842 480.051 695.927 317.958 476.662 695.554 330.445 480.173 692.196 327.715 478.662 692.196 332.831 478.503 691.263 335.909 484.356 685.666 331.359 486.466 684.734 326.763 487.977 684.734 321.647 491.489 681.376 318.917 495.658 681.003 305.823 497.17 681.003 300.707 512.777 666.078 288.572 511.266 666.078 293.688 525.52 652.448 282.605 525.52 652.448 282.605 606.278 652.448 9.27972
  poly 1: 601.011 652.444 9.27972 494.218 785.017 9.27972 392.047 776.426 378.5 398.193 770.548 373.722 398.208 770.548 373.67 413.801 755.624 361.586 412.289 755.624 366.703 408.9 755.251 379.189 412.412 751.893 376.459 410.9 751.893 381.575 410.742 750.96 384.654 416.595 745.364 380.103 418.704 744.431 375.508 420.216 744.431 370.392 423.727 741.073 367.661 427.897 740.7 354.567 429.408 740.7 349.451 445.016 725.775 337.316 443.504 725.775 342.432 440.115 725.402 354.919 443.627 722.044 352.189 442.116 722.044 357.305 441.957 721.112 360.384 447.81 715.515 355.833 449.919 714.582 351.237 451.431 714.582 346.121 454.943 711.224 343.391 459.112 710.851 330.297 460.624 710.851 325.181 476.231 695.927 313.046 474.72 695.927 318.162 471.331 695.554 330.649 474.842 692.196 327.919 473.331 692.196 333.035 473.173 691.263 336.113 479.025 685.666 331.563 481.135 684.734 326.967 482.646 684.734 321.851 486.158 681.376 319.121 490.327 681.003 306.027 491.839 681.003 300.911 507.462 666.078 288.725 507.447 666.078 288.776 521.705 652.444 277.69 521.705 652.444 277.69 601.011 652.444 9.27972
element 6
  poly 0: -459.787 557.73 361.023 -463.109 558.941 336.594 -465.599 562.221 337.095 -462.276 561.01 361.524 -459.787 557.73 361.023
  poly 1: -457.292 561.039 360.848 -460.615 562.25 336.418 -463.104 565.53 336.919 -459.781 564.319 361.349 -457.292 561.039 360.848
  poly 2: -466.432 560.151 312.164 -469.754 561.362 287.735 -472.244 564.642 288.236 -468.921 563.431 312.666 -466.432 560.151 312.164
  poly 3: -463.937 563.46 311.989 -467.259 564.671 287.56 -469.749 567.951 288.061 -466.426 566.74 312.49 -463.937 563.46 311.989
  poly 4: -473.077 562.572 263.306 -476.399 563.783 238.877 -478.888 567.063 239.378 -475.566 565.852 263.807 -473.077 562.572 263.306
  poly 5: -470.582 565.881 263.131 -473.904 567.092 238.701 -476.394 570.372 239.202 -473.071 569.161 263.632 -470.582 565.881 263.131
  poly 6: -479.722 564.993 214.448 -483.044 566.204 190.018 -485.533 569.484 190.519 -482.211 568.273 214.949 -479.722 564.993 214.448
  poly 7: -477.227 568.302 214.272 -480.549 569.513 189.843 -483.038 572.793 190.344 -479.716 571.582 214.773 -477.227 568.302 214.272
  poly 8: -486.366 567.414 165.589 -489.689 568.624 141.16 -492.178 571.905 141.661 -488.856 570.694 166.09 -486.366 567.414 165.589
  poly 9: -483.871 570.723 165.414 -487.194 571.934 140.985 -489.683 575.214 141.486 -486.361 574.003 165.915 -483.871 570.723 165.414
  poly 10: -493.011 569.835 116.731 -496.334 571.045 92.3014 -498.823 574.326 92.8025 -495.5 573.115 117.232 -493.011 569.835 116.731
  poly 11: -490.516 573.144 116.555 -493.839 574.355 92.1261 -496.328 577.635 92.6271 -493.006 576.424 117.056 -490.516 573.144 116.555
  poly 12: -499.656 572.256 67.8722 -502.978 573.466 43.4429 -505.468 576.747 43.944 -502.145 575.536 68.3732 -499.656 572.256 67.8722
  poly 13: -497.161 575.565 67.6968 -500.484 576.776 43.2676 -502.973 580.056 43.7687 -499.65 578.845 68.1979 -497.161 575.565 67.6968
  poly 14: -567.442 652.461 9.27972 -510.182 578.464 9.27972 -508.79 577.957 19.5148 -503.812 571.397 18.5126 -500.078 566.477 17.761 -496.755 565.266 42.1902 -496.755 565.266 42.1902 -494.266 561.986 41.6892 -491.984 559.375 44.367 -489.492 558.467 62.6889 -490.944 560.776 66.1184 -493.433 564.056 66.6195 -493.433 564.056 66.6195 -490.11 562.845 91.0487 -490.11 562.845 91.0487 -487.621 559.565 90.5476 -485.339 556.954 93.2255 -482.847 556.046 111.547 -484.299 558.355 114.977 -486.788 561.635 115.478 -486.788 561.635 115.478 -483.466 560.424 139.907 -483.466 560.424 139.907 -480.976 557.144 139.406 -478.694 554.533 142.084 -476.202 553.625 160.406 -477.654 555.934 163.835 -480.143 559.214 164.336 -480.143 559.214 164.336 -476.821 558.003 188.766 -476.821 558.003 188.766 -474.332 554.723 188.265 -472.049 552.112 190.942 -469.557 551.204 209.264 -471.009 553.513 212.694 -473.498 556.793 213.195 -473.498 556.793 213.195 -470.176 555.582 237.624 -470.176 555.582 237.624 -467.687 552.302 237.123 -465.404 549.691 239.801 -462.913 548.783 258.123 -464.364 551.092 261.552 -466.854 554.372 262.053 -466.854 554.372 262.053 -463.531 553.161 286.483 -463.531 553.161 286.483 -461.042 549.881 285.981 -458.76 547.27 288.659 -456.268 546.362 306.981 -457.719 548.671 310.411 -460.209 551.951 310.912 -460.209 551.951 310.912 -456.886 550.74 335.341 -456.886 550.74 335.341 -454.397 547.46 334.84 -452.115 544.849 337.518 -449.623 543.941 355.84 -451.075 546.25 359.269 -453.564 549.53 359.77 -453.564 549.53 359.77 -450.241 548.319 384.199 -453.975 553.239 384.951 -458.954 559.8 385.953 -457.223 559.169 398.683 -462.194 566.325 404.475 -467.932 573.108 399.467 -468.424 573.108 394.434 -486.908 594.959 378.3 -486.293 594.959 384.592 -488.235 597.69 386.351 -502.098 614.078 374.251 -504.777 616.809 368.459 -505.392 616.809 362.167 -523.875 638.659 346.034 -523.384 638.659 351.068 -535.059 652.461 340.877 -535.059 652.461 340.877 -567.442 652.461 9.27972
  poly 15: -562.366 652.457 9.27972 -505.106 578.46 9.27972 -503.806 577.986 18.8384 -501.317 574.706 18.3373 -497.608 569.819 17.5907 -494.26 568.575 42.0149 -494.26 568.575 42.0149 -491.771 565.295 41.5138 -489.489 562.684 44.1917 -486.997 561.776 62.5136 -488.449 564.085 65.9431 -490.938 567.365 66.4441 -490.938 567.365 66.4441 -487.616 566.155 90.8734 -487.616 566.155 90.8734 -485.126 562.874 90.3723 -482.844 560.263 93.0501 -480.352 559.355 111.372 -481.804 561.664 114.802 -484.293 564.944 115.303 -484.293 564.944 115.303 -480.971 563.734 139.732 -480.971 563.734 139.732 -478.481 560.453 139.231 -476.199 557.842 141.909 -473.707 556.934 160.231 -475.159 559.243 163.66 -477.648 562.523 164.161 -477.648 562.523 164.161 -474.326 561.313 188.59 -474.326 561.313 188.59 -471.837 558.032 188.089 -469.554 555.421 190.767 -467.063 554.513 209.089 -468.514 556.822 212.518 -471.003 560.102 213.019 -471.003 560.102 213.019 -467.681 558.892 237.449 -467.681 558.892 237.449 -465.192 555.611 236.948 -462.91 553 239.625 -460.418 552.092 257.947 -461.869 554.401 261.377 -464.359 557.681 261.878 -464.359 557.681 261.878 -461.036 556.471 286.307 -461.036 556.471 286.307 -458.547 553.19 285.806 -456.265 550.579 288.484 -453.773 549.671 306.806 -455.225 551.98 310.235 -457.714 555.26 310.736 -457.714 555.26 310.736 -454.391 554.05 335.166 -454.391 554.05 335.166 -451.902 550.769 334.665 -449.62 548.158 337.342 -447.128 547.25 355.664 -448.58 549.559 359.094 -451.069 552.839 359.595 -451.069 552.839 359.595 -447.771 551.661 384.029 -451.48 556.549 384.776 -453.97 559.829 385.277 -452.884 559.433 393.261 -457.856 566.589 399.053 -463.37 573.108 394.24 -463.375 573.108 394.19 -481.854 594.959 378.107 -481.239 594.959 384.399 -483.181 597.69 386.158 -497.044 614.078 374.058 -499.723 616.809 368.266 -500.338 616.809 361.974 -518.826 638.659 345.79 -518.821 638.659 345.841 -530.493 652.457 335.653 -530.493 652.457 335.653 -562.366 652.457 9.27972
element 7
  poly 0: -444.371 558.571 343.74 -447.526 559.721 320.545 -450.015 563.001 321.046 -446.86 561.851 344.241 -444.371 558.571 343.74
  poly 1: -441.876 561.881 343.564 -445.031 563.03 320.37 -447.52 566.31 320.871 -444.365 565.161 344.066 -441.876 561.881 343.564
  poly 2: -450.68 560.87 297.35 -453.835 562.019 274.156 -456.324 565.299 274.657 -453.169 564.15 297.851 -450.68 560.87 297.35
  poly 3: -448.185 564.179 297.175 -451.34 565.329 273.98 -453.829 568.609 274.481 -450.675 567.459 297.676 -448.185 564.179 297.175
  poly 4: -456.989 563.169 250.961 -460.144 564.318 227.766 -462.633 567.598 228.267 -459.478 566.449 251.462 -456.989 563.169 250.961
  poly 5: -454.494 566.478 250.786 -457.649 567.627 227.591 -460.138 570.907 228.092 -456.984 569.758 251.287 -454.494 566.478 250.786
  poly 6: -463.298 565.467 204.571 -466.453 566.617 181.377 -468.942 569.897 181.878 -465.787 568.747 205.073 -463.298 565.467 204.571
  poly 7: -460.803 568.777 204.396 -463.958 569.926 181.201 -466.447 573.206 181.703 -463.293 572.057 204.897 -460.803 568.777 204.396
  poly 8: -469.607 567.766 158.182 -472.762 568.915 134.987 -475.251 572.195 135.488 -472.097 571.046 158.683 -469.607 567.766 158.182
  poly 9: -467.112 571.075 158.007 -470.267 572.225 134.812 -472.756 575.505 135.313 -469.602 574.355 158.508 -467.112 571.075 158.007
  poly 10: -475.916 570.065 111.793 -479.071 571.214 88.5979 -481.56 574.494 89.0989 -478.406 573.345 112.294 -475.916 570.065 111.793
  poly 11: -473.421 573.374 111.617 -476.576 574.523 88.4225 -479.065 577.803 88.9236 -475.911 576.654 112.118 -473.421 573.374 111.617
  poly 12: -482.225 572.363 65.4031 -485.38 573.513 42.2084 -487.869 576.793 42.7095 -484.715 575.643 65.9042 -482.225 572.363 65.4031
  poly 13: -479.73 575.672 65.2278 -482.885 576.822 42.0331 -485.374 580.102 42.5342 -482.22 578.953 65.7289 -479.73 575.672 65.2278
  poly 14: -451.886 569.615 354.302 -453.547 570.22 342.087 -456.036 573.501 342.588 -454.375 572.895 354.803 -451.886 569.615 354.302
  poly 15: -449.391 572.925 354.127 -451.052 573.53 341.912 -453.541 576.81 342.413 -451.88 576.205 354.628 -449.391 572.925 354.127
  poly 16: -458.53 572.036 305.443 -460.192 572.641 293.229 -462.681 575.922 293.73 -461.02 575.316 305.945 -458.53 572.036 305.443
  poly 17: -456.036 575.346 305.268 -457.697 575.951 293.054 -460.186 579.231 293.555 -458.525 578.626 305.769 -456.036 575.346 305.268
  poly 18: -465.175 574.457 256.585 -466.836 575.062 244.37 -469.326 578.343 244.871 -467.664 577.737 257.086 -465.175 574.457 256.585
  poly 19: -462.68 577.767 256.41 -464.342 578.372 244.195 -466.831 581.652 244.696 -465.17 581.047 256.911 -462.68 577.767 256.41
  poly 20: -471.82 576.878 207.727 -473.481 577.483 195.512 -475.971 580.764 196.013 -474.309 580.158 208.228 -471.82 576.878 207.727
  poly 21: -469.325 580.188 207.551 -470.986 580.793 195.337 -473.476 584.073 195.838 -471.814 583.468 208.052 -469.325 580.188 207.551
  poly 22: -478.465 579.299 158.868 -480.126 579.904 146.653 -482.615 583.185 147.155 -480.954 582.579 159.369 -478.465 579.299 158.868
  poly 23: -475.97 582.608 158.693 -477.631 583.214 146.478 -480.12 586.494 146.979 -478.459 585.889 159.194 -475.97 582.608 158.693
  poly 24: -485.11 581.72 110.01 -486.771 582.325 97.795 -489.26 585.606 98.2961 -487.599 585 110.511 -485.11 581.72 110.01
  poly 25: -482.615 585.029 109.834 -484.276 585.635 97.6197 -486.765 588.915 98.1208 -485.104 588.31 110.335 -482.615 585.029 109.834
  poly 26: -491.755 584.141 61.1512 -493.416 584.746 48.9366 -495.905 588.027 49.4377 -494.244 587.421 61.6523 -491.755 584.141 61.1512
  poly 27: -489.26 587.45 60.9759 -490.921 588.056 48.7613 -493.41 591.336 49.2623 -491.749 590.731 61.4769 -489.26 587.45 60.9759
  poly 28: -549.677 652.448 9.27972 -492.416 578.449 9.27972 -491.024 577.942 19.5148 -486.045 571.382 18.5126 -438.727 554.142 366.433 -443.706 560.702 367.436 -442.037 560.094 379.705 -447.009 567.25 385.498 -452.747 574.033 380.489 -453.238 574.033 375.456 -471.465 595.58 359.547 -470.974 595.58 364.581 -470.2 596.118 376.767 -474.301 600.966 373.188 -473.81 600.966 378.221 -474.58 602.313 381.002 -481.415 610.393 375.036 -482.923 611.74 370.267 -483.415 611.74 365.233 -487.516 616.588 361.654 -489.2 617.126 348.672 -489.692 617.126 343.638 -507.918 638.673 327.73 -507.427 638.673 332.763 -519.08 652.448 322.592 -519.08 652.448 322.592 -549.677 652.448 9.27972
  poly 29: -544.601 652.444 9.27972 -487.339 578.445 9.27972 -486.039 577.971 18.8384 -483.55 574.691 18.3373 -436.232 557.451 366.258 -438.722 560.731 366.759 -437.698 560.359 374.283 -442.67 567.515 380.075 -448.185 574.033 375.262 -448.189 574.033 375.212 -466.411 595.58 359.354 -465.92 595.58 364.387 -465.146 596.118 376.574 -469.247 600.966 372.994 -468.756 600.966 378.028 -469.526 602.313 380.809 -476.361 610.393 374.843 -477.869 611.74 370.074 -478.361 611.74 365.04 -482.462 616.588 361.46 -484.146 617.126 348.479 -484.638 617.126 343.445 -502.869 638.673 327.486 -502.864 638.673 327.536 -514.514 652.444 317.368 -514.514 652.444 317.368 -544.601 652.444 9.27972
element 8
  poly 0: 508.666 623.479 323.275 492.684 608.15 335.701 487.359 608.15 335.904 503.341 623.479 323.478 508.666 623.479 323.275
  poly 1: 510.176 623.479 318.164 494.194 608.15 330.59 488.869 608.15 330.794 504.851 623.479 318.368 510.176 623.479 318.164
  poly 2: 476.702 592.821 348.127 460.721 577.492 360.553 455.396 577.492 360.756 471.378 592.821 348.33 476.702 592.821 348.127
  poly 3: 478.212 592.821 343.016 462.231 577.492 355.442 456.906 577.492 355.646 472.888 592.821 343.22 478.212 592.821 343.016
  poly 4: 444.739 562.163 372.979 428.757 546.834 385.405 423.432 546.834 385.608 439.414 562.163 373.182 444.739 562.163 372.979
  poly 5: 446.249 562.163 367.868 430.267 546.834 380.294 424.942 546.834 380.498 440.924 562.163 368.072 446.249 562.163 367.868
  poly 6: -486.416 594.959 383.334 -504.9 616.809 367.201 -499.846 616.809 367.007 -481.362 594.959 383.141 -486.416 594.959 383.334
  poly 7: -486.908 594.959 378.3 -505.392 616.809 362.167 -500.338 616.809 361.974 -481.854 594.959 378.107 -486.908 594.959 378.3
  poly 8: 361.533 519.616 408.954 336.393 520.85 408.965 336.553 524.131 406.43 361.693 522.896 406.42 361.533 519.616 408.954
  poly 9: 361.37 516.307 406.458 336.229 517.541 406.469 336.389 520.821 403.935 361.53 519.587 403.924 361.37 516.307 406.458
  poly 10: 311.252 522.085 408.975 286.112 523.319 408.986 286.272 526.599 406.452 311.412 525.365 406.441 311.252 522.085 408.975
  poly 11: 311.089 518.776 406.48 285.948 520.01 406.49 286.108 523.29 403.956 311.249 522.056 403.945 311.089 518.776 406.48
  poly 12: 260.971 524.554 408.997 235.831 525.788 409.007 235.991 529.068 406.473 261.131 527.834 406.463 260.971 524.554 408.997
  poly 13: 260.808 521.244 406.501 235.667 522.479 406.512 235.827 525.759 403.978 260.968 524.524 403.967 260.808 521.244 406.501
  poly 14: 210.69 527.022 409.018 185.55 528.257 409.029 185.71 531.537 406.495 210.85 530.302 406.484 210.69 527.022 409.018
  poly 15: 210.527 523.713 406.522 185.386 524.947 406.533 185.546 528.228 403.999 210.687 526.993 403.988 210.527 523.713 406.522
  poly 16: 160.409 529.491 409.039 135.269 530.725 409.05 135.429 534.006 406.516 160.569 532.771 406.505 160.409 529.491 409.039
  poly 17: 160.246 526.182 406.544 135.105 527.416 406.554 135.265 530.696 404.02 160.406 529.462 404.01 160.246 526.182 406.544
  poly 18: 110.129 531.96 409.061 84.988 533.194 409.071 85.148 536.474 406.537 110.288 535.24 406.527 110.129 531.96 409.061
  poly 19: 109.965 528.651 406.565 84.8245 529.885 406.576 84.9845 533.165 404.042 110.125 531.931 404.031 109.965 528.651 406.565
  poly 20: 59.8476 534.429 409.082 34.7071 535.663 409.093 34.867 538.943 406.559 60.0075 537.709 406.548 59.8476 534.429 409.082
  poly 21: 59.684 531.119 406.586 34.5435 532.354 406.597 34.7035 535.634 404.063 59.844 534.399 404.052 59.684 531.119 406.586
  poly 22: 9.56659 536.897 409.103 -15.5739 538.132 409.114 -15.4139 541.412 406.58 9.72656 540.177 406.569 9.56659 536.897 409.103
  poly 23: 9.40304 533.588 406.608 -15.7374 534.822 406.618 -15.5775 538.102 404.084 9.56302 536.868 404.074 9.40304 533.588 406.608
  poly 24: -40.7144 539.366 409.125 -65.8549 540.6 409.135 -65.6949 543.881 406.601 -40.5544 542.646 406.591 -40.7144 539.366 409.125
  poly 25: -40.8779 536.057 406.629 -66.0184 537.291 406.64 -65.8584 540.571 404.106 -40.718 539.337 404.095 -40.8779 536.057 406.629
  poly 26: -90.9953 541.835 409.146 -116.136 543.069 409.157 -115.976 546.349 406.623 -90.8354 545.115 406.612 -90.9953 541.835 409.146
  poly 27: -91.1589 538.525 406.65 -116.299 539.76 406.661 -116.139 543.04 404.127 -90.9989 541.806 404.116 -91.1589 538.525 406.65
  poly 28: -141.276 544.304 409.168 -166.417 545.538 409.178 -166.257 548.818 406.644 -141.116 547.584 406.633 -141.276 544.304 409.168
  poly 29: -141.44 540.994 406.672 -166.58 542.229 406.683 -166.42 545.509 404.148 -141.28 544.274 404.138 -141.44 540.994 406.672
  poly 30: -191.557 546.772 409.189 -216.698 548.007 409.2 -216.538 551.287 406.665 -191.397 550.052 406.655 -191.557 546.772 409.189
  poly 31: -191.721 543.463 406.693 -216.861 544.697 406.704 -216.701 547.977 404.17 -191.561 546.743 404.159 -191.721 543.463 406.693
  poly 32: -241.838 549.241 409.21 -266.979 550.475 409.221 -266.819 553.756 406.687 -241.678 552.521 406.676 -241.838 549.241 409.21
  poly 33: -242.002 545.932 406.715 -267.142 547.166 406.725 -266.982 550.446 404.191 -241.842 549.212 404.18 -242.002 545.932 406.715
  poly 34: -292.119 551.71 409.232 -317.26 552.944 409.242 -317.1 556.224 406.708 -291.959 554.99 406.697 -292.119 551.71 409.232
  poly 35: -292.283 548.4 406.736 -317.423 549.635 406.747 -317.263 552.915 404.212 -292.123 551.681 404.202 -292.283 548.4 406.736
  poly 36: -342.4 554.179 409.253 -367.541 555.413 409.264 -367.381 558.693 406.729 -342.24 557.459 406.719 -342.4 554.179 409.253
  poly 37: -342.564 550.869 406.757 -367.704 552.104 406.768 -367.544 555.384 404.234 -342.404 554.149 404.223 -342.564 550.869 406.757
  poly 38: -392.681 556.647 409.274 -417.822 557.882 409.285 -417.662 561.162 406.751 -392.521 559.927 406.74 -392.681 556.647 409.274
  poly 39: -392.845 553.338 406.779 -417.985 554.572 406.789 -417.825 557.852 404.255 -392.685 556.618 404.244 -392.845 553.338 406.779
  poly 40: -473.81 600.966 378.221 -482.923 611.74 370.267 -477.869 611.74 370.074 -468.756 600.966 378.028 -473.81 600.966 378.221
  poly 41: -474.301 600.966 373.188 -483.415 611.74 365.233 -478.361 611.74 365.04 -469.247 600.966 372.994 -474.301 600.966 373.188
  poly 42: 485.947 619.564 327.162 477.916 611.861 333.406 472.592 611.861 333.61 480.623 619.564 327.365 485.947 619.564 327.162
  poly 43: 487.457 619.564 322.051 479.426 611.861 328.296 474.101 611.861 328.499 482.132 619.564 322.255 487.457 619.564 322.051
  poly 44: 453.823 588.752 352.138 445.792 581.049 358.383 440.467 581.049 358.586 448.498 588.752 352.342 453.823 588.752 352.138
  poly 45: 455.333 588.752 347.028 447.302 581.049 353.272 441.977 581.049 353.476 450.008 588.752 347.232 455.333 588.752 347.028
  poly 46: 421.699 557.939 377.115 413.668 550.236 383.359 408.343 550.236 383.563 416.374 557.939 377.319 421.699 557.939 377.115
  poly 47: 423.209 557.939 372.005 415.178 550.236 378.249 409.853 550.236 378.453 417.884 557.939 372.209 423.209 557.939 372.005
  poly 48: 343.226 532.023 400.092 331.097 532.618 400.098 331.257 535.898 397.563 343.386 535.303 397.558 343.226 532.023 400.092
  poly 49: 343.062 528.714 397.597 330.933 529.309 397.602 331.093 532.589 395.068 343.222 531.994 395.063 343.062 528.714 397.597
  poly 50: 294.71 534.405 400.113 282.581 535 400.118 282.741 538.281 397.584 294.87 537.685 397.579 294.71 534.405 400.113
  poly 51: 294.546 531.096 397.617 282.418 531.691 397.623 282.578 534.971 395.088 294.706 534.376 395.083 294.546 531.096 397.617
  poly 52: 246.194 536.787 400.134 234.066 537.383 400.139 234.225 540.663 397.605 246.354 540.067 397.599 246.194 536.787 400.134
  poly 53: 246.031 533.478 397.638 233.902 534.073 397.643 234.062 537.353 395.109 246.191 536.758 395.104 246.031 533.478 397.638
  poly 54: 197.679 539.169 400.154 185.55 539.765 400.159 185.71 543.045 397.625 197.839 542.449 397.62 197.679 539.169 400.154
  poly 55: 197.515 535.86 397.659 185.386 536.455 397.664 185.546 539.735 395.13 197.675 539.14 395.124 197.515 535.86 397.659
  poly 56: 149.163 541.551 400.175 137.034 542.147 400.18 137.194 545.427 397.646 149.323 544.831 397.641 149.163 541.551 400.175
  poly 57: 149 538.242 397.679 136.871 538.837 397.684 137.031 542.117 395.15 149.16 541.522 395.145 149 538.242 397.679
  poly 58: 100.648 543.933 400.195 88.5188 544.529 400.201 88.6787 547.809 397.666 100.808 547.213 397.661 100.648 543.933 400.195
  poly 59: 100.484 540.624 397.7 88.3552 541.219 397.705 88.5152 544.5 395.171 100.644 543.904 395.166 100.484 540.624 397.7
  poly 60: 52.1321 546.315 400.216 40.0032 546.911 400.221 40.1631 550.191 397.687 52.292 549.595 397.682 52.1321 546.315 400.216
  poly 61: 51.9685 543.006 397.72 39.8396 543.601 397.726 39.9996 546.882 395.191 52.1285 546.286 395.186 51.9685 543.006 397.72
  poly 62: 3.61648 548.697 400.237 -8.51241 549.293 400.242 -8.35244 552.573 397.708 3.77646 551.977 397.703 3.61648 548.697 400.237
  poly 63: 3.45294 545.388 397.741 -8.67596 545.984 397.746 -8.51598 549.264 395.212 3.61291 548.668 395.207 3.45294 545.388 397.741
  poly 64: -44.8991 551.079 400.257 -57.028 551.675 400.262 -56.868 554.955 397.728 -44.7391 554.359 397.723 -44.8991 551.079 400.257
  poly 65: -45.0626 547.77 397.762 -57.1915 548.366 397.767 -57.0316 551.646 395.233 -44.9027 551.05 395.227 -45.0626 547.77 397.762
  poly 66: -93.4147 553.461 400.278 -105.544 554.057 400.283 -105.384 557.337 397.749 -93.2547 556.742 397.744 -93.4147 553.461 400.278
  poly 67: -93.5782 550.152 397.782 -105.707 550.748 397.787 -105.547 554.028 395.253 -93.4183 553.432 395.248 -93.5782 550.152 397.782
  poly 68: -141.93 555.844 400.298 -154.059 556.439 400.304 -153.899 559.719 397.769 -141.77 559.124 397.764 -141.93 555.844 400.298
  poly 69: -142.094 552.534 397.803 -154.223 553.13 397.808 -154.063 556.41 395.274 -141.934 555.814 395.269 -142.094 552.534 397.803
  poly 70: -190.446 558.226 400.319 -202.575 558.821 400.324 -202.415 562.101 397.79 -190.286 561.506 397.785 -190.446 558.226 400.319
  poly 71: -190.609 554.916 397.823 -202.738 555.512 397.829 -202.578 558.792 395.294 -190.449 558.196 395.289 -190.609 554.916 397.823
  poly 72: -238.961 560.608 400.34 -251.09 561.203 400.345 -250.93 564.483 397.811 -238.801 563.888 397.806 -238.961 560.608 400.34
  poly 73: -239.125 557.298 397.844 -251.254 557.894 397.849 -251.094 561.174 395.315 -238.965 560.578 395.31 -239.125 557.298 397.844
  poly 74: -287.477 562.99 400.36 -299.606 563.585 400.365 -299.446 566.865 397.831 -287.317 566.27 397.826 -287.477 562.99 400.36
  poly 75: -287.641 559.68 397.865 -299.769 560.276 397.87 -299.609 563.556 395.336 -287.481 562.961 395.33 -287.641 559.68 397.865
  poly 76: -335.993 565.372 400.381 -348.122 565.967 400.386 -347.962 569.247 397.852 -335.833 568.652 397.847 -335.993 565.372 400.381
  poly 77: -336.156 562.062 397.885 -348.285 562.658 397.89 -348.125 565.938 395.356 -335.996 565.343 395.351 -336.156 562.062 397.885
  poly 78: -384.508 567.754 400.402 -396.637 568.349 400.407 -396.477 571.629 397.873 -384.348 571.034 397.867 -384.508 567.754 400.402
  poly 79: -384.672 564.445 397.906 -396.801 565.04 397.911 -396.641 568.32 395.377 -384.512 567.725 395.372 -384.672 564.445 397.906
  poly 80: 398.489 517.802 408.938 412.775 531.504 397.831 418.1 531.504 397.627 529.973 638.809 310.645 524.648 638.809 310.849 530.94 644.843 305.957 526.282 652.444 300.277 -524.323 652.444 340.479 -529.008 645.308 346.158 -523.384 638.659 351.068 -528.438 638.659 351.261 -472.986 573.108 399.661 -467.932 573.108 399.467 -456.665 559.789 409.301 -456.665 559.789 409.301 -442.962 559.116 409.296 -443.122 555.836 411.83 386.514 515.102 411.477 386.674 518.382 408.943 398.489 517.802 408.938 398.489 517.802 408.938
  poly 81: 394.831 517.952 403.91 408.961 531.504 392.924 419.61 531.504 392.517 531.482 638.809 305.535 520.833 638.809 305.942 527.129 644.847 301.047 522.471 652.448 295.367 -519.764 652.448 335.25 -524.449 645.312 340.929 -518.821 638.659 345.841 -528.929 638.659 346.227 -473.478 573.108 394.627 -463.37 573.108 394.24 -451.879 559.525 404.27 -451.879 559.525 404.27 -442.966 559.087 404.266 -443.286 552.527 409.334 386.35 511.792 408.982 386.67 518.353 403.913 394.831 517.952 403.91 394.831 517.952 403.91
element 9
  poly 0: 495.247 623.416 306.154 479.185 608.009 318.642 473.861 608.009 318.846 489.923 623.416 306.357 495.247 623.416 306.154
  poly 1: 496.757 623.416 301.043 480.695 608.009 313.532 475.371 608.009 313.736 491.433 623.416 301.247 496.757 623.416 301.043
  poly 2: 463.123 592.603 331.13 447.061 577.197 343.619 441.737 577.197 343.823 457.799 592.603 331.334 463.123 592.603 331.13
  poly 3: 464.633 592.603 326.02 448.571 577.197 338.509 443.246 577.197 338.712 459.309 592.603 326.224 464.633 592.603 326.02
  poly 4: 430.999 561.791 356.107 414.937 546.385 368.596 409.612 546.385 368.799 425.674 561.791 356.311 430.999 561.791 356.107
  poly 5: 432.509 561.791 350.997 416.447 546.385 363.485 411.122 546.385 363.689 427.184 561.791 351.201 432.509 561.791 350.997
  poly 6: -470.974 595.58 364.581 -489.2 617.126 348.672 -484.146 617.126 348.479 -465.92 595.58 364.387 -470.974 595.58 364.581
  poly 7: -471.465 595.58 359.547 -489.692 617.126 343.638 -484.638 617.126 343.445 -466.411 595.58 359.354 -471.465 595.58 359.547
  poly 8: 348.718 520.143 391.355 324.46 521.334 391.365 324.62 524.614 388.831 348.878 523.423 388.821 348.718 520.143 391.355
  poly 9: 348.554 516.833 388.859 324.296 518.024 388.87 324.456 521.304 386.335 348.714 520.113 386.325 348.554 516.833 388.859
  poly 10: 300.202 522.525 391.376 275.944 523.716 391.386 276.104 526.996 388.852 300.362 525.805 388.841 300.202 522.525 391.376
  poly 11: 300.038 519.215 388.88 275.781 520.406 388.89 275.941 523.686 386.356 300.198 522.495 386.346 300.038 519.215 388.88
  poly 12: 251.686 524.907 391.396 227.429 526.098 391.406 227.589 529.378 388.872 251.846 528.187 388.862 251.686 524.907 391.396
  poly 13: 251.523 521.597 388.901 227.265 522.788 388.911 227.425 526.069 386.377 251.683 524.877 386.366 251.523 521.597 388.901
  poly 14: 203.171 527.289 391.417 178.913 528.48 391.427 179.073 531.76 388.893 203.331 530.569 388.883 203.171 527.289 391.417
  poly 15: 203.007 523.979 388.921 178.75 525.17 388.931 178.91 528.451 386.397 203.167 527.26 386.387 203.007 523.979 388.921
  poly 16: 154.655 529.671 391.437 130.397 530.862 391.448 130.557 534.142 388.914 154.815 532.951 388.903 154.655 529.671 391.437
  poly 17: 154.492 526.362 388.942 130.234 527.553 388.952 130.394 530.833 386.418 154.652 529.642 386.408 154.492 526.362 388.942
  poly 18: 106.14 532.053 391.458 81.8819 533.244 391.468 82.0419 536.524 388.934 106.3 535.333 388.924 106.14 532.053 391.458
  poly 19: 105.976 528.744 388.962 81.7184 529.935 388.973 81.8783 533.215 386.438 106.136 532.024 386.428 105.976 528.744 388.962
  poly 20: 57.6241 534.435 391.479 33.3663 535.626 391.489 33.5263 538.906 388.955 57.7841 537.715 388.944 57.6241 534.435 391.479
  poly 21: 57.4606 531.126 388.983 33.2028 532.317 388.993 33.3628 535.597 386.459 57.6205 534.406 386.449 57.4606 531.126 388.983
  poly 22: 9.10853 536.817 391.499 -15.1493 538.008 391.51 -14.9893 541.288 388.975 9.2685 540.097 388.965 9.10853 536.817 391.499
  poly 23: 8.94498 533.508 389.004 -15.3128 534.699 389.014 -15.1528 537.979 386.48 9.10496 536.788 386.469 8.94498 533.508 389.004
  poly 24: -39.4071 539.199 391.52 -63.6649 540.39 391.53 -63.5049 543.67 388.996 -39.2471 542.479 388.986 -39.4071 539.199 391.52
  poly 25: -39.5706 535.89 389.024 -63.8284 537.081 389.034 -63.6684 540.361 386.5 -39.4106 539.17 386.49 -39.5706 535.89 389.024
  poly 26: -87.9226 541.581 391.54 -112.18 542.772 391.551 -112.02 546.052 389.017 -87.7627 544.861 389.006 -87.9226 541.581 391.54
  poly 27: -88.0862 538.272 389.045 -112.344 539.463 389.055 -112.184 542.743 386.521 -87.9262 541.552 386.511 -88.0862 538.272 389.045
  poly 28: -136.438 543.963 391.561 -160.696 545.154 391.571 -160.536 548.434 389.037 -136.278 547.243 389.027 -136.438 543.963 391.561
  poly 29: -136.602 540.654 389.065 -160.86 541.845 389.076 -160.7 545.125 386.541 -136.442 543.934 386.531 -136.602 540.654 389.065
  poly 30: -184.954 546.345 391.582 -209.212 547.536 391.592 -209.052 550.816 389.058 -184.794 549.625 389.047 -184.954 546.345 391.582
  poly 31: -185.117 543.036 389.086 -209.375 544.227 389.096 -209.215 547.507 386.562 -184.957 546.316 386.552 -185.117 543.036 389.086
  poly 32: -233.469 548.727 391.602 -257.727 549.918 391.613 -257.567 553.198 389.078 -233.309 552.007 389.068 -233.469 548.727 391.602
  poly 33: -233.633 545.418 389.107 -257.891 546.609 389.117 -257.731 549.889 386.583 -233.473 548.698 386.572 -233.633 545.418 389.107
  poly 34: -281.985 551.109 391.623 -306.243 552.3 391.633 -306.083 555.581 389.099 -281.825 554.39 389.089 -281.985 551.109 391.623
  poly 35: -282.149 547.8 389.127 -306.406 548.991 389.137 -306.246 552.271 386.603 -281.989 551.08 386.593 -282.149 547.8 389.127
  poly 36: -330.501 553.491 391.643 -354.758 554.682 391.654 -354.598 557.963 389.12 -330.341 556.772 389.109 -330.501 553.491 391.643
  poly 37: -330.664 550.182 389.148 -354.922 551.373 389.158 -354.762 554.653 386.624 -330.504 553.462 386.614 -330.664 550.182 389.148
  poly 38: -379.016 555.874 391.664 -403.274 557.065 391.674 -403.114 560.345 389.14 -378.856 559.154 389.13 -379.016 555.874 391.664
  poly 39: -379.18 552.564 389.168 -403.437 553.755 389.179 -403.278 557.035 386.645 -379.02 555.844 386.634 -379.18 552.564 389.168
  poly 40: 385.685 518.327 391.339 398.875 530.979 381.084 404.2 530.979 380.88 412.134 530.979 380.577 524.568 638.822 293.158 516.634 638.822 293.461 511.31 638.822 293.665 517.601 644.857 288.773 512.944 652.457 283.093 -508.366 652.457 322.175 -513.051 645.322 327.854 -507.427 638.673 332.763 -512.481 638.673 332.957 -520.011 638.673 333.245 -465.331 574.033 380.971 -457.801 574.033 380.683 -452.747 574.033 380.489 -439.914 558.864 391.69 -439.914 558.864 391.69 -427.532 558.256 391.685 -427.692 554.975 394.219 -427.93 550.088 397.995 -403.674 548.864 398.01 -403.674 548.864 398.01 -403.834 545.584 400.544 -400.922 542.975 402.443 -382.728 542.082 402.436 -379.576 544.393 400.534 -379.416 547.673 397.999 -379.416 547.673 397.999 -355.158 546.482 397.989 -355.158 546.482 397.989 -355.318 543.202 400.523 -352.406 540.593 402.423 -334.213 539.7 402.415 -331.06 542.011 400.513 -330.901 545.291 397.979 -330.901 545.291 397.979 -306.643 544.1 397.969 -306.643 544.1 397.969 -306.803 540.82 400.503 -303.89 538.211 402.402 -285.697 537.318 402.394 -282.545 539.629 400.492 -282.385 542.909 397.958 -282.385 542.909 397.958 -258.127 541.718 397.948 -258.127 541.718 397.948 -258.287 538.438 400.482 -255.375 535.829 402.381 -237.182 534.936 402.374 -234.029 537.247 400.472 -233.869 540.527 397.938 -233.869 540.527 397.938 -209.612 539.336 397.927 -209.612 539.336 397.927 -209.772 536.056 400.461 -206.859 533.447 402.361 -188.666 532.554 402.353 -185.514 534.865 400.451 -185.354 538.145 397.917 -185.354 538.145 397.917 -161.096 536.954 397.907 -161.096 536.954 397.907 -161.256 533.674 400.441 -158.344 531.065 402.34 -140.15 530.172 402.332 -136.998 532.483 400.431 -136.838 535.763 397.896 -136.838 535.763 397.896 -112.58 534.572 397.886 -112.58 534.572 397.886 -112.74 531.292 400.42 -109.828 528.683 402.32 -91.6348 527.79 402.312 -88.4826 530.101 400.41 -88.3226 533.381 397.876 -88.3226 533.381 397.876 -64.0648 532.19 397.866 -64.0648 532.19 397.866 -64.2248 528.91 400.4 -61.3125 526.301 402.299 -43.1192 525.407 402.291 -39.967 527.719 400.389 -39.807 530.999 397.855 -39.807 530.999 397.855 -15.5492 529.808 397.845 -15.5492 529.808 397.845 -15.7092 526.528 400.379 -12.7969 523.919 402.278 5.39641 523.025 402.271 8.54862 525.337 400.369 8.70859 528.617 397.835 8.70859 528.617 397.835 32.9664 527.426 397.824 32.9664 527.426 397.824 32.8064 524.146 400.358 35.7187 521.537 402.258 53.912 520.643 402.25 57.0642 522.955 400.348 57.2242 526.235 397.814 57.2242 526.235 397.814 81.482 525.044 397.804 81.482 525.044 397.804 81.322 521.764 400.338 84.2342 519.155 402.237 102.428 518.261 402.229 105.58 520.572 400.328 105.74 523.853 397.793 105.74 523.853 397.793 129.998 522.662 397.783 129.998 522.662 397.783 129.838 519.381 400.317 132.75 516.772 402.217 150.943 515.879 402.209 154.095 518.19 400.307 154.255 521.471 397.773 154.255 521.471 397.773 178.513 520.279 397.762 178.513 520.279 397.762 178.353 516.999 400.297 181.265 514.39 402.196 199.459 513.497 402.188 202.611 515.808 400.286 202.771 519.088 397.752 202.771 519.088 397.752 227.029 517.897 397.742 227.029 517.897 397.742 226.869 514.617 400.276 229.781 512.008 402.175 247.974 511.115 402.168 251.127 513.426 400.266 251.287 516.706 397.732 251.287 516.706 397.732 275.544 515.515 397.721 275.544 515.515 397.721 275.384 512.235 400.255 278.297 509.626 402.155 296.49 508.733 402.147 299.642 511.044 400.245 299.802 514.324 397.711 299.802 514.324 397.711 324.06 513.133 397.701 324.06 513.133 397.701 323.9 509.853 400.235 326.812 507.244 402.134 345.006 506.351 402.126 348.158 508.662 400.225 348.318 511.942 397.69 348.318 511.942 397.69 372.577 510.784 397.655 372.815 515.671 393.879 372.975 518.952 391.345 385.685 518.327 391.339 385.685 518.327 391.339
  poly 41: 382.027 518.478 386.311 395.06 530.979 376.178 405.71 530.979 375.77 413.697 530.979 375.464 526.131 638.822 288.046 518.144 638.822 288.351 507.495 638.822 288.759 513.79 644.86 283.864 509.133 652.461 278.184 -503.807 652.461 316.945 -508.492 645.325 322.624 -502.864 638.673 327.536 -512.972 638.673 327.923 -520.553 638.673 328.213 -465.873 574.033 375.939 -458.292 574.033 375.649 -448.185 574.033 375.262 -435.129 558.599 386.658 -435.129 558.599 386.658 -427.535 558.226 386.655 -427.855 551.666 391.723 -428.095 546.746 395.524 -403.837 545.555 395.514 -403.837 545.555 395.514 -403.997 542.275 398.048 -401.085 539.666 399.948 -382.892 538.773 399.94 -379.74 541.084 398.038 -379.58 544.364 395.504 -379.58 544.364 395.504 -355.322 543.173 395.493 -355.322 543.173 395.493 -355.482 539.893 398.028 -352.57 537.284 399.927 -334.376 536.391 399.919 -331.224 538.702 398.017 -331.064 541.982 395.483 -331.064 541.982 395.483 -306.806 540.791 395.473 -306.806 540.791 395.473 -306.966 537.511 398.007 -304.054 534.902 399.906 -285.861 534.009 399.899 -282.708 536.32 397.997 -282.548 539.6 395.463 -282.548 539.6 395.463 -258.291 538.409 395.452 -258.291 538.409 395.452 -258.451 535.129 397.986 -255.538 532.52 399.886 -237.345 531.626 399.878 -234.193 533.938 397.976 -234.033 537.218 395.442 -234.033 537.218 395.442 -209.775 536.027 395.432 -209.775 536.027 395.432 -209.935 532.747 397.966 -207.023 530.138 399.865 -188.829 529.244 399.857 -185.677 531.556 397.956 -185.517 534.836 395.421 -185.517 534.836 395.421 -161.26 533.645 395.411 -161.26 533.645 395.411 -161.419 530.365 397.945 -158.507 527.756 399.845 -140.314 526.862 399.837 -137.162 529.174 397.935 -137.002 532.454 395.401 -137.002 532.454 395.401 -112.744 531.263 395.39 -112.744 531.263 395.39 -112.904 527.982 397.925 -109.992 525.374 399.824 -91.7983 524.48 399.816 -88.6461 526.791 397.914 -88.4861 530.072 395.38 -88.4861 530.072 395.38 -64.2283 528.881 395.37 -64.2283 528.881 395.37 -64.3883 525.6 397.904 -61.4761 522.991 399.803 -43.2827 522.098 399.796 -40.1305 524.409 397.894 -39.9705 527.689 395.36 -39.9705 527.689 395.36 -15.7127 526.498 395.349 -15.7127 526.498 395.349 -15.8727 523.218 397.883 -12.9605 520.609 399.783 5.23287 519.716 399.775 8.38508 522.027 397.873 8.54505 525.307 395.339 8.54505 525.307 395.339 32.8028 524.116 395.329 32.8028 524.116 395.329 32.6429 520.836 397.863 35.5551 518.227 399.762 53.7485 517.334 399.754 56.9007 519.645 397.852 57.0606 522.925 395.318 57.0606 522.925 395.318 81.3184 521.734 395.308 81.3184 521.734 395.308 81.1585 518.454 397.842 84.0707 515.845 399.742 102.264 514.952 399.734 105.416 517.263 397.832 105.576 520.543 395.298 105.576 520.543 395.298 129.834 519.352 395.287 129.834 519.352 395.287 129.674 516.072 397.822 132.586 513.463 399.721 150.78 512.57 399.713 153.932 514.881 397.811 154.092 518.161 395.277 154.092 518.161 395.277 178.35 516.97 395.267 178.35 516.97 395.267 178.19 513.69 397.801 181.102 511.081 399.7 199.295 510.188 399.693 202.447 512.499 397.791 202.607 515.779 395.257 202.607 515.779 395.257 226.865 514.588 395.246 226.865 514.588 395.246 226.705 511.308 397.78 229.617 508.699 399.68 247.811 507.806 399.672 250.963 510.117 397.77 251.123 513.397 395.236 251.123 513.397 395.236 275.381 512.206 395.226 275.381 512.206 395.226 275.221 508.926 397.76 278.133 506.317 399.659 296.326 505.424 399.651 299.479 507.735 397.749 299.639 511.015 395.215 299.639 511.015 395.215 323.896 509.824 395.205 323.896 509.824 395.205 323.736 506.544 397.739 326.649 503.935 399.638 344.842 503.042 399.631 347.994 505.353 397.729 348.154 508.633 395.195 348.154 508.633 395.195 372.412 507.442 395.184 372.652 512.362 391.383 372.972 518.922 386.315 382.027 518.478 386.311 382.027 518.478 386.311
element 10
  poly 0: 489.541 496.734 43.5127 483.324 497.97 67.9149 485.819 501.25 68.3845 492.036 500.014 43.9823 489.541 496.734 43.5127
  poly 1: 487.162 500.043 42.7391 480.945 501.28 67.1413 483.441 504.56 67.6109 489.658 503.323 43.2087 487.162 500.043 42.7391
  poly 2: 477.107 499.207 92.3171 470.89 500.443 116.719 473.385 503.723 117.189 479.602 502.487 92.7867 477.107 499.207 92.3171
  poly 3: 474.728 502.516 91.5435 468.511 503.752 115.946 471.007 507.033 116.415 477.224 505.796 92.0131 474.728 502.516 91.5435
  poly 4: 464.672 501.68 141.122 458.455 502.916 165.524 460.951 506.196 165.993 467.168 504.96 141.591 464.672 501.68 141.122
  poly 5: 462.294 504.989 140.348 456.077 506.225 164.75 458.572 509.505 165.22 464.789 508.269 140.817 462.294 504.989 140.348
  poly 6: 452.238 504.152 189.926 446.021 505.389 214.328 448.517 508.669 214.798 454.734 507.432 190.395 452.238 504.152 189.926
  poly 7: 449.86 507.462 189.152 443.643 508.698 213.554 446.138 511.978 214.024 452.355 510.742 189.622 449.86 507.462 189.152
  poly 8: 439.804 506.625 238.73 433.587 507.862 263.132 436.082 511.142 263.602 442.3 509.905 239.2 439.804 506.625 238.73
  poly 9: 437.426 509.934 237.957 431.209 511.171 262.359 433.704 514.451 262.828 439.921 513.215 238.426 437.426 509.934 237.957
  poly 10: 427.37 509.098 287.535 421.153 510.334 311.937 423.648 513.614 312.406 429.865 512.378 288.004 427.37 509.098 287.535
  poly 11: 424.992 512.407 286.761 418.774 513.644 311.163 421.27 516.924 311.633 427.487 515.687 287.231 424.992 512.407 286.761
  poly 12: 414.936 511.571 336.339 408.719 512.807 360.741 411.214 516.087 361.211 417.431 514.851 336.809 414.936 511.571 336.339
  poly 13: 412.557 514.88 335.565 406.34 516.116 359.968 408.836 519.397 360.437 415.053 518.16 336.035 412.557 514.88 335.565
  poly 14: 500.878 498.256 9.27972 624.715 652.461 9.27972 538.882 652.461 299.782 538.882 652.461 299.782 524.648 638.809 310.849 526.158 638.809 305.738 510.176 623.479 318.164 508.289 623.479 324.552 505.158 621.563 329.938 493.172 610.066 339.258 492.307 608.15 336.978 494.194 608.15 330.59 478.212 592.821 343.016 476.325 592.821 349.404 473.195 590.905 354.79 461.209 579.408 364.11 460.343 577.492 361.83 462.231 577.492 355.442 446.249 562.163 367.868 444.361 562.163 374.256 441.231 560.247 379.642 429.245 548.75 388.962 428.38 546.834 386.682 430.267 546.834 380.294 414.285 531.504 392.72 412.775 531.504 397.831 406.56 525.543 402.663 402.08 517.904 397.063 404.997 517.324 385.613 400.006 510.763 384.674 396.263 505.843 383.97 402.48 504.607 359.567 402.48 504.607 359.567 399.985 501.327 359.098 398.89 498.712 355.695 403.553 497.785 337.394 406.202 500.09 334.696 408.697 503.37 335.165 408.697 503.37 335.165 414.914 502.134 310.763 414.914 502.134 310.763 412.419 498.854 310.293 411.325 496.239 306.891 415.987 495.312 288.589 418.636 497.618 285.891 421.131 500.898 286.361 421.131 500.898 286.361 427.349 499.661 261.959 427.349 499.661 261.959 424.853 496.381 261.489 423.759 493.767 258.087 428.422 492.839 239.785 431.07 495.145 237.087 433.566 498.425 237.556 433.566 498.425 237.556 439.783 497.188 213.154 439.783 497.188 213.154 437.287 493.908 212.685 436.193 491.294 209.282 440.856 490.366 190.98 443.504 492.672 188.282 446 495.952 188.752 446 495.952 188.752 452.217 494.716 164.35 452.217 494.716 164.35 449.721 491.436 163.88 448.627 488.821 160.478 453.29 487.894 142.176 455.939 490.199 139.478 458.434 493.479 139.948 458.434 493.479 139.948 464.651 492.243 115.545 464.651 492.243 115.545 462.156 488.963 115.076 461.061 486.348 111.673 465.724 485.421 93.3717 468.373 487.726 90.6736 470.868 491.007 91.1432 470.868 491.007 91.1432 477.085 489.77 66.741 477.085 489.77 66.741 474.59 486.49 66.2714 473.495 483.875 62.869 478.158 482.948 44.5673 480.807 485.254 41.8692 483.302 488.534 42.3388 483.302 488.534 42.3388 489.519 487.297 17.9366 493.262 492.217 18.641 498.253 498.778 19.5801 500.878 498.256 9.27972
  poly 15: 495.687 498.348 9.27972 619.447 652.457 9.27972 535.063 652.457 294.878 535.063 652.457 294.878 520.833 638.809 305.942 520.848 638.809 305.891 504.851 623.479 318.368 502.964 623.479 324.756 499.834 621.563 330.142 487.847 610.066 339.461 486.982 608.15 337.182 488.869 608.15 330.794 472.888 592.821 343.22 471 592.821 349.608 467.87 590.905 354.994 455.884 579.408 364.313 455.018 577.492 362.034 456.906 577.492 355.646 440.924 562.163 368.072 439.037 562.163 374.46 435.907 560.247 379.846 423.92 548.75 389.165 423.055 546.834 386.886 424.942 546.834 380.498 408.976 531.504 392.873 408.961 531.504 392.924 402.588 525.393 397.878 398.108 517.754 392.278 400.123 517.353 384.37 397.628 514.073 383.9 393.91 509.185 383.201 400.102 507.916 358.794 400.102 507.916 358.794 397.606 504.636 358.324 396.512 502.021 354.922 401.175 501.094 336.62 403.824 503.4 333.922 406.319 506.68 334.392 406.319 506.68 334.392 412.536 505.443 309.989 412.536 505.443 309.989 410.041 502.163 309.52 408.946 499.549 306.117 413.609 498.621 287.816 416.258 500.927 285.118 418.753 504.207 285.587 418.753 504.207 285.587 424.97 502.971 261.185 424.97 502.971 261.185 422.475 499.69 260.715 421.38 497.076 257.313 426.043 496.149 239.011 428.692 498.454 236.313 431.187 501.734 236.783 431.187 501.734 236.783 437.404 500.498 212.381 437.404 500.498 212.381 434.909 497.218 211.911 433.814 494.603 208.509 438.477 493.676 190.207 441.126 495.981 187.509 443.621 499.261 187.978 443.621 499.261 187.978 449.838 498.025 163.576 449.838 498.025 163.576 447.343 494.745 163.107 446.249 492.13 159.704 450.911 491.203 141.402 453.56 493.508 138.704 456.056 496.789 139.174 456.056 496.789 139.174 462.273 495.552 114.772 462.273 495.552 114.772 459.777 492.272 114.302 458.683 489.657 110.9 463.346 488.73 92.5981 465.994 491.036 89.9 468.49 494.316 90.3696 468.49 494.316 90.3696 474.707 493.079 65.9674 474.707 493.079 65.9674 472.211 489.799 65.4978 471.117 487.185 62.0953 475.78 486.257 43.7937 478.428 488.563 41.0956 480.924 491.843 41.5652 480.924 491.843 41.5652 487.166 490.639 17.1677 490.884 495.527 17.8673 493.379 498.807 18.3369 495.687 498.348 9.27972
element 11
  poly 0: 471.683 496.995 42.3005 465.775 498.17 65.4905 468.27 501.45 65.9601 474.178 500.275 42.7701 471.683 496.995 42.3005
  poly 1: 469.304 500.305 41.5269 463.396 501.479 64.7169 465.892 504.76 65.1865 471.8 503.585 41.9965 469.304 500.305 41.5269
  poly 2: 459.866 499.345 88.6805 453.958 500.52 111.871 456.453 503.8 112.34 462.362 502.625 89.1501 459.866 499.345 88.6805
  poly 3: 457.488 502.654 87.9069 451.58 503.829 111.097 454.075 507.11 111.566 459.983 505.935 88.3765 457.488 502.654 87.9069
  poly 4: 448.05 501.695 135.061 442.142 502.87 158.251 444.637 506.15 158.72 450.545 504.975 135.53 448.05 501.695 135.061
  poly 5: 445.671 505.004 134.287 439.763 506.179 157.477 442.259 509.46 157.946 448.167 508.285 134.756 445.671 505.004 134.287
  poly 6: 436.233 504.045 181.441 430.325 505.22 204.631 432.82 508.5 205.1 438.729 507.325 181.91 436.233 504.045 181.441
  poly 7: 433.855 507.354 180.667 427.947 508.529 203.857 430.442 511.809 204.326 436.35 510.634 181.136 433.855 507.354 180.667
  poly 8: 424.417 506.395 227.821 418.509 507.57 251.011 421.004 510.85 251.48 426.912 509.675 228.29 424.417 506.395 227.821
  poly 9: 422.038 509.704 227.047 416.13 510.879 250.237 418.626 514.159 250.706 424.534 512.984 227.516 422.038 509.704 227.047
  poly 10: 412.6 508.745 274.201 406.692 509.92 297.391 409.188 513.2 297.86 415.096 512.025 274.67 412.6 508.745 274.201
  poly 11: 410.222 512.054 273.427 404.314 513.229 296.617 406.809 516.509 297.086 412.717 515.334 273.896 410.222 512.054 273.427
  poly 12: 400.784 511.095 320.581 394.876 512.27 343.771 397.371 515.55 344.24 403.279 514.375 321.05 400.784 511.095 320.581
  poly 13: 398.406 514.404 319.807 392.497 515.579 342.997 394.993 518.859 343.466 400.901 517.684 320.276 398.406 514.404 319.807
  poly 14: 479.662 508.626 46.9056 476.554 509.244 59.1067 479.049 512.524 59.5763 482.158 511.906 47.3752 479.662 508.626 46.9056
  poly 15: 477.284 511.935 46.132 474.175 512.553 58.3331 476.671 515.833 58.8026 479.779 515.215 46.6015 477.284 511.935 46.132
  poly 16: 467.228 511.098 95.71 464.119 511.717 107.911 466.615 514.997 108.381 469.723 514.379 96.1795 467.228 511.098 95.71
  poly 17: 464.85 514.408 94.9363 461.741 515.026 107.137 464.237 518.306 107.607 467.345 517.688 95.4059 464.85 514.408 94.9363
  poly 18: 454.794 513.571 144.514 451.685 514.189 156.715 454.181 517.47 157.185 457.289 516.851 144.984 454.794 513.571 144.514
  poly 19: 452.415 516.881 143.741 449.307 517.499 155.942 451.802 520.779 156.411 454.911 520.161 144.21 452.415 516.881 143.741
  poly 20: 442.36 516.044 193.319 439.251 516.662 205.52 441.747 519.942 205.989 444.855 519.324 193.788 442.36 516.044 193.319
  poly 21: 439.981 519.353 192.545 436.873 519.972 204.746 439.368 523.252 205.216 442.477 522.633 193.015 439.981 519.353 192.545
  poly 22: 429.926 518.517 242.123 426.817 519.135 254.324 429.312 522.415 254.794 432.421 521.797 242.593 429.926 518.517 242.123
  poly 23: 427.547 521.826 241.35 424.439 522.444 253.551 426.934 525.724 254.02 430.043 525.106 241.819 427.547 521.826 241.35
  poly 24: 417.491 520.99 290.928 414.383 521.608 303.129 416.878 524.888 303.598 419.987 524.27 291.397 417.491 520.99 290.928
  poly 25: 415.113 524.299 290.154 412.004 524.917 302.355 414.5 528.197 302.825 417.608 527.579 290.623 415.113 524.299 290.154
  poly 26: 405.057 523.462 339.732 401.949 524.081 351.933 404.444 527.361 352.403 407.553 526.743 340.202 405.057 523.462 339.732
  poly 27: 402.679 526.772 338.958 399.57 527.39 351.159 402.066 530.67 351.629 405.174 530.052 339.428 402.679 526.772 338.958
  poly 28: 482.711 498.578 9.27972 606.278 652.448 9.27972 525.516 652.448 282.62 525.516 652.448 282.62 511.31 638.822 293.665 512.819 638.822 288.555 496.757 623.416 301.043 495.247 623.416 306.154 491.071 623.03 319.241 487.457 619.564 322.051 485.947 619.564 327.162 483.811 618.601 331.775 477.788 612.824 336.458 477.916 611.861 333.406 479.426 611.861 328.296 475.812 608.395 331.105 479.185 608.009 318.642 480.695 608.009 313.532 464.633 592.603 326.02 463.123 592.603 331.13 458.947 592.218 344.218 455.333 588.752 347.028 453.823 588.752 352.138 451.687 587.789 356.752 445.664 582.012 361.435 445.792 581.049 358.383 447.302 581.049 353.272 443.688 577.582 356.082 447.061 577.197 343.619 448.571 577.197 338.509 432.509 561.791 350.997 430.999 561.791 356.107 426.823 561.406 369.195 423.209 557.939 372.005 421.699 557.939 377.115 419.563 556.977 381.728 413.54 551.199 386.412 413.668 550.236 383.359 415.178 550.236 378.249 411.564 546.77 381.059 414.937 546.385 368.596 416.447 546.385 363.485 400.385 530.979 375.974 398.875 530.979 381.084 392.66 525.017 385.917 388.18 517.378 380.316 391.463 516.725 367.43 386.472 510.165 366.491 475.096 492.54 18.641 480.086 499.1 19.5801 482.711 498.578 9.27972
  poly 29: 477.52 498.671 9.27972 601.011 652.444 9.27972 521.697 652.444 277.716 521.697 652.444 277.716 507.495 638.822 288.759 507.51 638.822 288.708 491.433 623.416 301.247 489.923 623.416 306.357 485.746 623.03 319.445 482.132 619.564 322.255 480.623 619.564 327.365 478.486 618.601 331.979 472.463 612.824 336.662 472.592 611.861 333.61 474.101 611.861 328.499 470.487 608.395 331.309 473.861 608.009 318.846 475.371 608.009 313.736 459.309 592.603 326.224 457.799 592.603 331.334 453.622 592.218 344.422 450.008 588.752 347.232 448.498 588.752 352.342 446.362 587.789 356.955 440.339 582.012 361.639 440.467 581.049 358.586 441.977 581.049 353.476 438.363 577.582 356.286 441.737 577.197 343.823 443.246 577.197 338.712 427.184 561.791 351.201 425.674 561.791 356.311 421.498 561.406 369.399 417.884 557.939 372.209 416.374 557.939 377.319 414.238 556.977 381.932 408.215 551.199 386.615 408.343 550.236 383.563 409.853 550.236 378.453 406.239 546.77 381.263 409.612 546.385 368.799 411.122 546.385 363.689 395.075 530.979 376.126 395.06 530.979 376.178 388.688 524.867 381.132 384.208 517.228 375.531 386.589 516.754 366.187 384.094 513.474 365.717 472.717 495.849 17.8673 475.213 499.13 18.3369 477.52 498.671 9.27972
element 12
  poly 0: -510.182 578.464 9.27972 -625.555 427.276 9.27972 -574.099 427.276 305.319 -574.099 427.276 305.319 -561.318 441.484 316.475 -562.194 441.484 311.435 -548.831 456.339 323.099 -547.736 456.339 329.399 -545.409 458.195 334.636 -535.386 469.337 343.384 -534.373 471.193 341.062 -535.468 471.193 334.763 -522.105 486.048 346.426 -521.01 486.048 352.726 -518.682 487.905 357.964 -508.66 499.046 366.712 -507.646 500.903 364.39 -508.741 500.903 358.09 -495.378 515.758 369.754 -494.283 515.758 376.054 -491.956 517.615 381.291 -481.934 528.756 390.039 -480.92 530.613 387.717 -482.015 530.613 381.418 -468.652 545.467 393.082 -467.776 545.467 398.121 -462.102 551.774 403.073 -457.336 559.21 397.849 -458.954 559.8 385.953 -458.979 559.767 385.955 -462.276 561.01 361.524 -459.781 564.319 361.349 -453.627 572.623 360.3 -454.375 572.895 354.803 -451.88 576.205 354.628 -450.216 578.762 352.969 -451.462 579.216 343.808 -453.541 576.81 342.413 -456.036 573.501 342.588 -456.784 573.773 337.092 -463.104 565.53 336.919 -465.599 562.221 337.095 -468.921 563.431 312.666 -466.426 566.74 312.49 -460.272 575.044 311.441 -461.02 575.316 305.945 -458.525 578.626 305.769 -456.861 581.183 304.111 -458.107 581.637 294.95 -460.186 579.231 293.555 -462.681 575.922 293.73 -463.428 576.194 288.233 -469.749 567.951 288.061 -472.244 564.642 288.236 -475.566 565.852 263.807 -473.071 569.161 263.632 -466.917 577.465 262.583 -467.664 577.737 257.086 -465.17 581.047 256.911 -463.506 583.604 255.252 -464.752 584.058 246.091 -466.831 581.652 244.696 -469.326 578.343 244.871 -470.073 578.615 239.375 -476.394 570.372 239.202 -478.888 567.063 239.378 -482.211 568.273 214.949 -479.716 571.582 214.773 -473.562 579.886 213.724 -474.309 580.158 208.228 -471.814 583.468 208.052 -470.151 586.025 206.394 -471.397 586.479 197.233 -473.476 584.073 195.838 -475.971 580.764 196.013 -476.718 581.036 190.516 -483.038 572.793 190.344 -485.533 569.484 190.519 -488.856 570.694 166.09 -486.361 574.003 165.915 -480.207 582.307 164.866 -480.954 582.579 159.369 -478.459 585.889 159.194 -476.796 588.446 157.536 -478.042 588.9 148.375 -480.12 586.494 146.979 -482.615 583.185 147.155 -483.363 583.457 141.658 -489.683 575.214 141.486 -492.178 571.905 141.661 -495.5 573.115 117.232 -493.006 576.424 117.056 -486.851 584.728 116.007 -487.599 585 110.511 -485.104 588.31 110.335 -483.441 590.867 108.677 -484.687 591.321 99.5161 -486.765 588.915 98.1208 -489.26 585.606 98.2961 -490.008 585.878 92.7995 -496.328 577.635 92.6271 -498.823 574.326 92.8025 -502.145 575.536 68.3732 -499.65 578.845 68.1979 -493.496 587.149 67.1489 -494.244 587.421 61.6523 -491.749 590.731 61.4769 -490.085 593.288 59.8186 -491.331 593.742 50.6577 -493.41 591.336 49.2623 -495.905 588.027 49.4377 -496.653 588.299 43.9411 -502.973 580.056 43.7687 -505.468 576.747 43.944 -508.815 577.924 19.5165 -508.79 577.957 19.5148 -510.182 578.464 9.27972
  poly 1: -505.106 578.46 9.27972 -620.416 427.354 9.27972 -569.793 427.354 300.528 -569.793 427.354 300.528 -557.082 441.484 311.622 -557.091 441.484 311.571 -543.719 456.339 323.286 -542.624 456.339 329.585 -540.297 458.195 334.823 -530.274 469.337 343.571 -529.261 471.193 341.249 -530.356 471.193 334.949 -516.993 486.048 346.613 -515.898 486.048 352.913 -513.57 487.905 358.151 -503.548 499.046 366.898 -502.535 500.903 364.577 -503.63 500.903 358.277 -490.266 515.758 369.941 -489.171 515.758 376.24 -486.844 517.615 381.478 -476.822 528.756 390.226 -475.808 530.613 387.904 -476.903 530.613 381.604 -463.549 545.467 393.218 -463.54 545.467 393.268 -457.662 552.002 398.399 -452.896 559.438 393.175 -453.97 559.829 385.277 -456.465 556.52 385.452 -459.787 557.73 361.023 -457.292 561.039 360.848 -451.138 569.343 359.798 -451.886 569.615 354.302 -449.391 572.925 354.127 -447.727 575.482 352.468 -448.973 575.936 343.307 -451.052 573.53 341.912 -453.547 570.22 342.087 -454.294 570.493 336.591 -460.615 562.25 336.418 -463.109 558.941 336.594 -466.432 560.151 312.164 -463.937 563.46 311.989 -457.783 571.764 310.94 -458.53 572.036 305.443 -456.036 575.346 305.268 -454.372 577.903 303.61 -455.618 578.357 294.449 -457.697 575.951 293.054 -460.192 572.641 293.229 -460.939 572.914 287.732 -467.259 564.671 287.56 -469.754 561.362 287.735 -473.077 562.572 263.306 -470.582 565.881 263.131 -464.428 574.185 262.082 -465.175 574.457 256.585 -462.68 577.767 256.41 -461.017 580.324 254.751 -462.263 580.778 245.59 -464.342 578.372 244.195 -466.836 575.062 244.37 -467.584 575.335 238.874 -473.904 567.092 238.701 -476.399 563.783 238.877 -479.722 564.993 214.448 -477.227 568.302 214.272 -471.073 576.606 213.223 -471.82 576.878 207.727 -469.325 580.188 207.551 -467.662 582.745 205.893 -468.908 583.199 196.732 -470.986 580.793 195.337 -473.481 577.483 195.512 -474.229 577.756 190.015 -480.549 569.513 189.843 -483.044 566.204 190.018 -486.366 567.414 165.589 -483.871 570.723 165.414 -477.717 579.027 164.365 -478.465 579.299 158.868 -475.97 582.608 158.693 -474.306 585.166 157.034 -475.552 585.62 147.873 -477.631 583.214 146.478 -480.126 579.904 146.653 -480.874 580.177 141.157 -487.194 571.934 140.985 -489.689 568.624 141.16 -493.011 569.835 116.731 -490.516 573.144 116.555 -484.362 581.448 115.506 -485.11 581.72 110.01 -482.615 585.029 109.834 -480.951 587.587 108.176 -482.197 588.041 99.015 -484.276 585.635 97.6197 -486.771 582.325 97.795 -487.518 582.598 92.2985 -493.839 574.355 92.1261 -496.334 571.045 92.3014 -499.656 572.256 67.8722 -497.161 575.565 67.6968 -491.007 583.869 66.6478 -491.755 584.141 61.1512 -489.26 587.45 60.9759 -487.596 590.008 59.3175 -488.842 590.462 50.1566 -490.921 588.056 48.7613 -493.416 584.746 48.9366 -494.163 585.019 43.44 -500.484 576.776 43.2676 -502.978 573.466 43.4429 -506.301 574.677 19.0137 -503.806 577.986 18.8384 -505.106 578.46 9.27972
element 13
  poly 0: -453.564 549.53 359.77 -456.886 550.74 335.341 -454.391 554.05 335.166 -451.069 552.839 359.595 -453.564 549.53 359.77
  poly 1: -451.075 546.25 359.269 -454.397 547.46 334.84 -451.902 550.769 334.665 -448.58 549.559 359.094 -451.075 546.25 359.269
  poly 2: -460.209 551.951 310.912 -463.531 553.161 286.483 -461.036 556.471 286.307 -457.714 555.26 310.736 -460.209 551.951 310.912
  poly 3: -457.719 548.671 310.411 -461.042 549.881 285.981 -458.547 553.19 285.806 -455.225 551.98 310.235 -457.719 548.671 310.411
  poly 4: -466.854 554.372 262.053 -470.176 555.582 237.624 -467.681 558.892 237.449 -464.359 557.681 261.878 -466.854 554.372 262.053
  poly 5: -464.364 551.092 261.552 -467.687 552.302 237.123 -465.192 555.611 236.948 -461.869 554.401 261.377 -464.364 551.092 261.552
  poly 6: -473.498 556.793 213.195 -476.821 558.003 188.766 -474.326 561.313 188.59 -471.003 560.102 213.019 -473.498 556.793 213.195
  poly 7: -471.009 553.513 212.694 -474.332 554.723 188.265 -471.837 558.032 188.089 -468.514 556.822 212.518 -471.009 553.513 212.694
  poly 8: -480.143 559.214 164.336 -483.466 560.424 139.907 -480.971 563.734 139.732 -477.648 562.523 164.161 -480.143 559.214 164.336
  poly 9: -477.654 555.934 163.835 -480.976 557.144 139.406 -478.481 560.453 139.231 -475.159 559.243 163.66 -477.654 555.934 163.835
  poly 10: -486.788 561.635 115.478 -490.11 562.845 91.0487 -487.616 566.155 90.8734 -484.293 564.944 115.303 -486.788 561.635 115.478
  poly 11: -484.299 558.355 114.977 -487.621 559.565 90.5476 -485.126 562.874 90.3723 -481.804 561.664 114.802 -484.299 558.355 114.977
  poly 12: -493.433 564.056 66.6195 -496.755 565.266 42.1902 -494.26 568.575 42.0149 -490.938 567.365 66.4441 -493.433 564.056 66.6195
  poly 13: -490.944 560.776 66.1184 -494.266 561.986 41.6892 -491.771 565.295 41.5138 -488.449 564.085 65.9431 -490.944 560.776 66.1184
  poly 14: -492.416 578.449 9.27972 -607.567 427.551 9.27972 -559.026 427.551 288.549 -559.026 427.551 288.549 -546.74 441.208 299.273 -547.616 441.208 294.233 -534.115 456.216 306.017 -533.239 456.216 311.057 -530.712 456.591 323.951 -527.674 459.968 326.602 -526.798 459.968 331.642 -525.297 460.906 336.158 -520.235 466.534 340.577 -520.048 467.472 337.534 -520.924 467.472 332.494 -517.886 470.849 335.145 -519.739 471.224 322.841 -520.614 471.224 317.801 -507.114 486.232 329.585 -506.238 486.232 334.625 -503.71 486.607 347.519 -500.673 489.984 350.17 -499.797 489.984 355.21 -498.296 490.922 359.726 -493.233 496.55 364.145 -493.046 497.488 361.102 -493.922 497.488 356.062 -490.885 500.864 358.713 -492.737 501.24 346.409 -493.613 501.24 341.369 -480.112 516.247 353.153 -479.236 516.247 358.192 -476.709 516.623 371.086 -473.671 519.999 373.738 -472.795 519.999 378.777 -471.294 520.937 383.294 -466.231 526.565 387.713 -466.045 527.503 384.669 -466.921 527.503 379.63 -463.883 530.88 382.281 -465.735 531.255 369.976 -466.611 531.255 364.937 -453.111 546.263 376.72 -452.235 546.263 381.76 -446.561 552.57 386.712 -441.795 560.006 381.488 -443.706 560.702 367.436 -443.731 560.669 367.437 -446.86 561.851 344.241 -443.742 565.988 344.022 -442.265 568.614 340.991 -444.631 569.476 323.595 -446.896 567.137 320.827 -450.015 563.001 321.046 -453.169 564.15 297.851 -450.051 568.287 297.632 -448.574 570.912 294.601 -450.94 571.774 277.205 -453.205 569.436 274.438 -456.324 565.299 274.657 -459.478 566.449 251.462 -456.36 570.585 251.243 -454.883 573.211 248.212 -457.249 574.073 230.816 -459.514 571.735 228.048 -462.633 567.598 228.267 -465.787 568.747 205.073 -462.669 572.884 204.853 -461.192 575.51 201.823 -463.558 576.372 184.427 -465.823 574.033 181.659 -468.942 569.897 181.878 -472.097 571.046 158.683 -468.978 575.183 158.464 -467.501 577.808 155.433 -469.867 578.67 138.037 -472.132 576.332 135.269 -475.251 572.195 135.488 -478.406 573.345 112.294 -475.287 577.481 112.075 -473.81 580.107 109.044 -476.176 580.969 91.6476 -478.441 578.631 88.8798 -481.56 574.494 89.0989 -484.715 575.643 65.9042 -481.596 579.78 65.6851 -480.119 582.406 62.6542 -482.485 583.268 45.2582 -484.751 580.929 42.4903 -487.869 576.793 42.7095 -491.049 577.909 19.5165 -491.024 577.942 19.5148 -492.416 578.449 9.27972
  poly 15: -487.339 578.445 9.27972 -602.428 427.63 9.27972 -554.719 427.63 283.758 -554.719 427.63 283.758 -542.504 441.208 294.42 -542.513 441.208 294.37 -529.003 456.216 306.204 -528.127 456.216 311.244 -525.6 456.591 324.137 -522.562 459.968 326.789 -521.686 459.968 331.829 -520.186 460.906 336.345 -515.123 466.534 340.764 -514.936 467.472 337.72 -515.812 467.472 332.681 -512.774 470.849 335.332 -514.627 471.224 323.027 -515.503 471.224 317.988 -502.002 486.232 329.772 -501.126 486.232 334.811 -498.598 486.607 347.705 -495.561 489.984 350.357 -494.685 489.984 355.396 -493.184 490.922 359.913 -488.121 496.55 364.332 -487.934 497.488 361.288 -488.81 497.488 356.249 -485.773 500.864 358.9 -487.625 501.24 346.595 -488.501 501.24 341.555 -475 516.247 353.339 -474.124 516.247 358.379 -471.597 516.623 371.273 -468.559 519.999 373.924 -467.683 519.999 378.964 -466.182 520.937 383.48 -461.12 526.565 387.899 -460.933 527.503 384.856 -461.809 527.503 379.816 -458.771 530.88 382.468 -460.623 531.255 370.163 -461.499 531.255 365.123 -448.007 546.263 376.857 -447.999 546.263 376.907 -442.121 552.797 382.038 -437.354 560.233 376.813 -438.722 560.731 366.759 -441.217 557.422 366.935 -444.371 558.571 343.74 -441.252 562.708 343.521 -439.776 565.334 340.49 -442.142 566.196 323.094 -444.407 563.857 320.326 -447.526 559.721 320.545 -450.68 560.87 297.35 -447.562 565.007 297.131 -446.085 567.632 294.1 -448.451 568.494 276.704 -450.716 566.156 273.936 -453.835 562.019 274.156 -456.989 563.169 250.961 -453.871 567.305 250.742 -452.394 569.931 247.711 -454.76 570.793 230.315 -457.025 568.455 227.547 -460.144 564.318 227.766 -463.298 565.467 204.571 -460.18 569.604 204.352 -458.703 572.23 201.321 -461.069 573.092 183.925 -463.334 570.753 181.158 -466.453 566.617 181.377 -469.607 567.766 158.182 -466.489 571.903 157.963 -465.012 574.528 154.932 -467.378 575.39 137.536 -469.643 573.052 134.768 -472.762 568.915 134.987 -475.916 570.065 111.793 -472.798 574.201 111.573 -471.321 576.827 108.543 -473.687 577.689 91.1466 -475.952 575.35 88.3787 -479.071 571.214 88.5979 -482.225 572.363 65.4031 -479.107 576.5 65.184 -477.63 579.125 62.1531 -479.996 579.987 44.7571 -482.261 577.649 41.9893 -485.38 573.513 42.2084 -488.534 574.662 19.0137 -486.039 577.971 18.8384 -487.339 578.445 9.27972
element 14
  poly 0: 431.618 483.145 384.074 450.863 462.321 369.111 445.784 462.321 368.925 426.538 483.145 383.889 431.618 483.145 384.074
  poly 1: 432.69 483.145 379.106 451.935 462.321 364.142 446.856 462.321 363.957 427.61 483.145 378.92 432.69 483.145 379.106
  poly 2: -547.955 456.339 328.139 -534.592 471.193 339.802 -529.48 471.193 339.989 -542.843 456.339 328.325 -547.955 456.339 328.139
  poly 3: -548.831 456.339 323.099 -535.468 471.193 334.763 -530.356 471.193 334.949 -543.719 456.339 323.286 -548.831 456.339 323.099
  poly 4: -521.229 486.048 351.466 -507.865 500.903 363.13 -502.754 500.903 363.317 -516.117 486.048 351.653 -521.229 486.048 351.466
  poly 5: -522.105 486.048 346.426 -508.741 500.903 358.09 -503.63 500.903 358.277 -516.993 486.048 346.613 -522.105 486.048 346.426
  poly 6: -494.502 515.758 374.794 -481.139 530.613 386.458 -476.027 530.613 386.644 -489.39 515.758 374.98 -494.502 515.758 374.794
  poly 7: -495.378 515.758 369.754 -482.015 530.613 381.418 -476.903 530.613 381.604 -490.266 515.758 369.941 -495.378 515.758 369.754
  poly 8: -526.798 459.968 331.642 -520.048 467.472 337.534 -514.936 467.472 337.72 -521.686 459.968 331.829 -526.798 459.968 331.642
  poly 9: -527.674 459.968 326.602 -520.924 467.472 332.494 -515.812 467.472 332.681 -522.562 459.968 326.789 -527.674 459.968 326.602
  poly 10: -499.797 489.984 355.21 -493.046 497.488 361.102 -487.934 497.488 361.288 -494.685 489.984 355.396 -499.797 489.984 355.21
  poly 11: -500.673 489.984 350.17 -493.922 497.488 356.062 -488.81 497.488 356.249 -495.561 489.984 350.357 -500.673 489.984 350.17
  poly 12: -472.795 519.999 378.777 -466.045 527.503 384.669 -460.933 527.503 384.856 -467.683 519.999 378.964 -472.795 519.999 378.777
  poly 13: -473.671 519.999 373.738 -466.921 527.503 379.63 -461.809 527.503 379.816 -468.559 519.999 373.924 -473.671 519.999 373.738
  poly 14: 419.087 477.466 379.344 428.658 467.111 371.903 423.578 467.111 371.718 414.008 477.466 379.159 419.087 477.466 379.344
  poly 15: 420.16 477.466 374.376 429.73 467.111 366.935 424.651 467.111 366.749 415.08 477.466 374.19 420.16 477.466 374.376
  poly 16: 347.994 505.353 397.729 323.736 506.544 397.739 323.9 509.853 400.235 348.158 508.662 400.225 347.994 505.353 397.729
  poly 17: 348.154 508.633 395.195 323.896 509.824 395.205 324.06 513.133 397.701 348.318 511.942 397.69 348.154 508.633 395.195
  poly 18: 299.479 507.735 397.749 275.221 508.926 397.76 275.384 512.235 400.255 299.642 511.044 400.245 299.479 507.735 397.749
  poly 19: 299.639 511.015 395.215 275.381 512.206 395.226 275.544 515.515 397.721 299.802 514.324 397.711 299.639 511.015 395.215
  poly 20: 250.963 510.117 397.77 226.705 511.308 397.78 226.869 514.617 400.276 251.127 513.426 400.266 250.963 510.117 397.77
  poly 21: 251.123 513.397 395.236 226.865 514.588 395.246 227.029 517.897 397.742 251.287 516.706 397.732 251.123 513.397 395.236
  poly 22: 202.447 512.499 397.791 178.19 513.69 397.801 178.353 516.999 400.297 202.611 515.808 400.286 202.447 512.499 397.791
  poly 23: 202.607 515.779 395.257 178.35 516.97 395.267 178.513 520.279 397.762 202.771 519.088 397.752 202.607 515.779 395.257
  poly 24: 153.932 514.881 397.811 129.674 516.072 397.822 129.838 519.381 400.317 154.095 518.19 400.307 153.932 514.881 397.811
  poly 25: 154.092 518.161 395.277 129.834 519.352 395.287 129.998 522.662 397.783 154.255 521.471 397.773 154.092 518.161 395.277
  poly 26: 105.416 517.263 397.832 81.1585 518.454 397.842 81.322 521.764 400.338 105.58 520.572 400.328 105.416 517.263 397.832
  poly 27: 105.576 520.543 395.298 81.3184 521.734 395.308 81.482 525.044 397.804 105.74 523.853 397.793 105.576 520.543 395.298
  poly 28: 56.9007 519.645 397.852 32.6429 520.836 397.863 32.8064 524.146 400.358 57.0642 522.955 400.348 56.9007 519.645 397.852
  poly 29: 57.0606 522.925 395.318 32.8028 524.116 395.329 32.9664 527.426 397.824 57.2242 526.235 397.814 57.0606 522.925 395.318
  poly 30: 8.38508 522.027 397.873 -15.8727 523.218 397.883 -15.7092 526.528 400.379 8.54862 525.337 400.369 8.38508 522.027 397.873
  poly 31: 8.54505 525.307 395.339 -15.7127 526.498 395.349 -15.5492 529.808 397.845 8.70859 528.617 397.835 8.54505 525.307 395.339
  poly 32: -40.1305 524.409 397.894 -64.3883 525.6 397.904 -64.2248 528.91 400.4 -39.967 527.719 400.389 -40.1305 524.409 397.894
  poly 33: -39.9705 527.689 395.36 -64.2283 528.881 395.37 -64.0648 532.19 397.866 -39.807 530.999 397.855 -39.9705 527.689 395.36
  poly 34: -88.6461 526.791 397.914 -112.904 527.982 397.925 -112.74 531.292 400.42 -88.4826 530.101 400.41 -88.6461 526.791 397.914
  poly 35: -88.4861 530.072 395.38 -112.744 531.263 395.39 -112.58 534.572 397.886 -88.3226 533.381 397.876 -88.4861 530.072 395.38
  poly 36: -137.162 529.174 397.935 -161.419 530.365 397.945 -161.256 533.674 400.441 -136.998 532.483 400.431 -137.162 529.174 397.935
  poly 37: -137.002 532.454 395.401 -161.26 533.645 395.411 -161.096 536.954 397.907 -136.838 535.763 397.896 -137.002 532.454 395.401
  poly 38: -185.677 531.556 397.956 -209.935 532.747 397.966 -209.772 536.056 400.461 -185.514 534.865 400.451 -185.677 531.556 397.956
  poly 39: -185.517 534.836 395.421 -209.775 536.027 395.432 -209.612 539.336 397.927 -185.354 538.145 397.917 -185.517 534.836 395.421
  poly 40: -234.193 533.938 397.976 -258.451 535.129 397.986 -258.287 538.438 400.482 -234.029 537.247 400.472 -234.193 533.938 397.976
  poly 41: -234.033 537.218 395.442 -258.291 538.409 395.452 -258.127 541.718 397.948 -233.869 540.527 397.938 -234.033 537.218 395.442
  poly 42: -282.708 536.32 397.997 -306.966 537.511 398.007 -306.803 540.82 400.503 -282.545 539.629 400.492 -282.708 536.32 397.997
  poly 43: -282.548 539.6 395.463 -306.806 540.791 395.473 -306.643 544.1 397.969 -282.385 542.909 397.958 -282.548 539.6 395.463
  poly 44: -331.224 538.702 398.017 -355.482 539.893 398.028 -355.318 543.202 400.523 -331.06 542.011 400.513 -331.224 538.702 398.017
  poly 45: -331.064 541.982 395.483 -355.322 543.173 395.493 -355.158 546.482 397.989 -330.901 545.291 397.979 -331.064 541.982 395.483
  poly 46: -379.74 541.084 398.038 -403.997 542.275 398.048 -403.834 545.584 400.544 -379.576 544.393 400.534 -379.74 541.084 398.038
  poly 47: -379.58 544.364 395.504 -403.837 545.555 395.514 -403.674 548.864 398.01 -379.416 547.673 397.999 -379.58 544.364 395.504
  poly 48: 476.075 435.042 349.508 470.109 441.498 354.147 475.188 441.498 354.333 417.452 503.968 399.223 412.372 503.968 399.038 399.639 517.745 408.938 399.639 517.745 408.938 386.674 518.382 408.943 386.51 515.072 406.448 361.37 516.307 406.458 361.574 520.443 409.578 358.554 523.08 411.451 339.699 524.005 411.459 336.434 521.678 409.589 336.229 517.541 406.469 311.089 518.776 406.48 311.293 522.912 409.599 308.273 525.548 411.472 289.418 526.474 411.48 286.153 524.147 409.61 285.948 520.01 406.49 260.808 521.244 406.501 261.012 525.381 409.621 257.992 528.017 411.494 239.137 528.943 411.502 235.872 526.615 409.631 235.667 522.479 406.512 210.527 523.713 406.522 210.731 527.85 409.642 207.711 530.486 411.515 188.856 531.412 411.523 185.591 529.084 409.653 185.386 524.947 406.533 160.246 526.182 406.544 160.45 530.318 409.663 157.43 532.955 411.536 138.575 533.88 411.544 135.31 531.553 409.674 135.105 527.416 406.554 109.965 528.651 406.565 110.169 532.787 409.685 107.15 535.423 411.558 88.2941 536.349 411.566 85.0289 534.022 409.695 84.8245 529.885 406.576 59.684 531.119 406.586 59.8884 535.256 409.706 56.8685 537.892 411.579 38.0132 538.818 411.587 34.748 536.49 409.717 34.5435 532.354 406.597 9.40304 533.588 406.608 9.60747 537.725 409.727 6.58757 540.361 411.6 -12.2678 541.287 411.608 -15.533 538.959 409.738 -15.7374 534.822 406.618 -40.8779 536.057 406.629 -40.6735 540.193 409.749 -43.6934 542.83 411.622 -62.5488 543.755 411.63 -65.814 541.428 409.759 -66.0184 537.291 406.64 -91.1589 538.525 406.65 -90.9545 542.662 409.77 -93.9744 545.298 411.643 -112.83 546.224 411.651 -116.095 543.896 409.781 -116.299 539.76 406.661 -141.44 540.994 406.672 -141.235 545.131 409.791 -144.255 547.767 411.665 -163.111 548.693 411.673 -166.376 546.365 409.802 -166.58 542.229 406.683 -191.721 543.463 406.693 -191.516 547.6 409.813 -194.536 550.236 411.686 -213.392 551.162 411.694 -216.657 548.834 409.823 -216.861 544.697 406.704 -242.002 545.932 406.715 -241.797 550.068 409.834 -244.817 552.705 411.707 -263.673 553.63 411.715 -266.938 551.303 409.845 -267.142 547.166 406.725 -292.283 548.4 406.736 -292.078 552.537 409.856 -295.098 555.173 411.729 -313.954 556.099 411.737 -317.219 553.771 409.866 -317.423 549.635 406.747 -342.564 550.869 406.757 -342.359 555.006 409.877 -345.379 557.642 411.75 -364.235 558.568 411.758 -367.5 556.24 409.888 -367.704 552.104 406.768 -392.845 553.338 406.779 -392.64 557.475 409.898 -395.66 560.111 411.771 -414.516 561.037 411.779 -417.781 558.709 409.909 -417.985 554.572 406.789 -443.126 555.807 406.8 -442.962 559.116 409.296 -454.968 559.706 409.301 -454.968 559.706 409.301 -467.776 545.467 398.121 -472.888 545.467 397.935 -566.43 441.484 316.288 -561.318 441.484 316.475 -567.059 435.102 311.464 -562.15 427.63 306.022 471.521 427.63 343.765 476.075 435.042 349.508
  poly 49: 472.14 434.963 344.298 466.101 441.498 348.993 476.26 441.498 349.364 418.524 503.968 394.255 408.365 503.968 393.884 395.47 517.92 403.91 395.47 517.92 403.91 386.67 518.353 403.913 386.669 518.319 403.889 361.53 519.587 403.924 361.734 523.724 407.044 358.714 526.36 408.917 339.859 527.286 408.925 336.594 524.958 407.054 336.389 520.821 403.935 311.249 522.056 403.945 311.453 526.192 407.065 308.433 528.829 408.938 289.578 529.754 408.946 286.313 527.427 407.076 286.108 523.29 403.956 260.968 524.524 403.967 261.172 528.661 407.086 258.152 531.297 408.96 239.297 532.223 408.968 236.032 529.895 407.097 235.827 525.759 403.978 210.687 526.993 403.988 210.891 531.13 407.108 207.871 533.766 408.981 189.016 534.692 408.989 185.751 532.364 407.118 185.546 528.228 403.999 160.406 529.462 404.01 160.61 533.599 407.129 157.59 536.235 409.002 138.735 537.161 409.01 135.47 534.833 407.14 135.265 530.696 404.02 110.125 531.931 404.031 110.329 536.067 407.151 107.309 538.704 409.024 88.4541 539.629 409.032 85.1889 537.302 407.161 84.9845 533.165 404.042 59.844 534.399 404.052 60.0484 538.536 407.172 57.0285 541.172 409.045 38.1731 542.098 409.053 34.9079 539.77 407.183 34.7035 535.634 404.063 9.56302 536.868 404.074 9.76745 541.005 407.193 6.74754 543.641 409.066 -12.1078 544.567 409.074 -15.373 542.239 407.204 -15.5775 538.102 404.084 -40.718 539.337 404.095 -40.5135 543.473 407.215 -43.5334 546.11 409.088 -62.3888 547.036 409.096 -65.654 544.708 407.225 -65.8584 540.571 404.106 -90.9989 541.806 404.116 -90.7945 545.942 407.236 -93.8144 548.578 409.109 -112.67 549.504 409.117 -115.935 547.177 407.247 -116.139 543.04 404.127 -141.28 544.274 404.138 -141.075 548.411 407.257 -144.095 551.047 409.13 -162.951 551.973 409.138 -166.216 549.645 407.268 -166.42 545.509 404.148 -191.561 546.743 404.159 -191.356 550.88 407.279 -194.376 553.516 409.152 -213.232 554.442 409.16 -216.497 552.114 407.289 -216.701 547.977 404.17 -241.842 549.212 404.18 -241.637 553.348 407.3 -244.657 555.985 409.173 -263.513 556.911 409.181 -266.778 554.583 407.311 -266.982 550.446 404.191 -292.123 551.681 404.202 -291.918 555.817 407.321 -294.938 558.453 409.194 -313.794 559.379 409.202 -317.059 557.052 407.332 -317.263 552.915 404.212 -342.404 554.149 404.223 -342.199 558.286 407.343 -345.219 560.922 409.216 -364.075 561.848 409.224 -367.34 559.52 407.353 -367.544 555.384 404.234 -392.685 556.618 404.244 -392.48 560.755 407.364 -395.5 563.391 409.237 -414.356 564.317 409.245 -417.621 561.989 407.375 -417.825 557.852 404.255 -442.967 559.054 404.241 -442.966 559.087 404.266 -450.936 559.478 404.269 -450.936 559.478 404.269 -463.54 545.467 393.268 -473.764 545.467 392.895 -567.306 441.484 311.249 -557.082 441.484 311.622 -562.893 435.024 306.55 -557.985 427.551 301.107 467.586 427.551 338.555 472.14 434.963 344.298
element 15
  poly 0: 418.055 482.644 365.675 437.196 461.933 350.793 432.117 461.933 350.607 412.975 482.644 365.489 418.055 482.644 365.675
  poly 1: 419.127 482.644 360.706 438.268 461.933 345.824 433.189 461.933 345.638 414.048 482.644 360.521 419.127 482.644 360.706
  poly 2: -533.239 456.216 311.057 -519.739 471.224 322.841 -514.627 471.224 323.027 -528.127 456.216 311.244 -533.239 456.216 311.057
  poly 3: -534.115 456.216 306.017 -520.614 471.224 317.801 -515.503 471.224 317.988 -529.003 456.216 306.204 -534.115 456.216 306.017
  poly 4: -506.238 486.232 334.625 -492.737 501.24 346.409 -487.625 501.24 346.595 -501.126 486.232 334.811 -506.238 486.232 334.625
  poly 5: -507.114 486.232 329.585 -493.613 501.24 341.369 -488.501 501.24 341.555 -502.002 486.232 329.772 -507.114 486.232 329.585
  poly 6: -479.236 516.247 358.192 -465.735 531.255 369.976 -460.623 531.255 370.163 -474.124 516.247 358.379 -479.236 516.247 358.192
  poly 7: -480.112 516.247 353.153 -466.611 531.255 364.937 -461.499 531.255 365.123 -475 516.247 353.339 -480.112 516.247 353.153
  poly 8: 462.304 434.767 331.271 456.337 441.222 335.91 461.417 441.222 336.096 468.985 441.222 336.372 411.562 503.354 381.019 403.994 503.354 380.743 398.914 503.354 380.557 385.046 518.359 391.34 385.046 518.359 391.34 372.975 518.952 391.345 372.812 515.642 388.849 348.554 516.833 388.859 348.718 520.143 391.355 348.52 528.446 397.594 343.062 528.714 397.597 343.226 532.023 400.092 341.832 534.579 401.965 332.735 535.026 401.969 331.097 532.618 400.098 330.933 529.309 397.602 325.475 529.577 397.604 324.46 521.334 391.365 324.296 518.024 388.87 300.038 519.215 388.88 300.202 522.525 391.376 300.004 530.828 397.615 294.546 531.096 397.617 294.71 534.405 400.113 293.317 536.961 401.985 284.22 537.408 401.989 282.581 535 400.118 282.418 531.691 397.623 276.96 531.959 397.625 275.944 523.716 391.386 275.781 520.406 388.89 251.523 521.597 388.901 251.686 524.907 391.396 251.489 533.21 397.636 246.031 533.478 397.638 246.194 536.787 400.134 244.801 539.343 402.006 235.704 539.79 402.01 234.066 537.383 400.139 233.902 534.073 397.643 228.444 534.341 397.645 227.429 526.098 391.406 227.265 522.788 388.911 203.007 523.979 388.921 203.171 527.289 391.417 202.973 535.592 397.656 197.515 535.86 397.659 197.679 539.169 400.154 196.285 541.725 402.027 187.189 542.172 402.031 185.55 539.765 400.159 185.386 536.455 397.664 179.928 536.723 397.666 178.913 528.48 391.427 178.75 525.17 388.931 154.492 526.362 388.942 154.655 529.671 391.437 154.458 537.974 397.677 149 538.242 397.679 149.163 541.551 400.175 147.77 544.108 402.047 138.673 544.554 402.051 137.034 542.147 400.18 136.871 538.837 397.684 131.413 539.105 397.687 130.397 530.862 391.448 130.234 527.553 388.952 105.976 528.744 388.962 106.14 532.053 391.458 105.942 540.356 397.697 100.484 540.624 397.7 100.648 543.933 400.195 99.2542 546.49 402.068 90.1575 546.936 402.072 88.5188 544.529 400.201 88.3552 541.219 397.705 82.8972 541.487 397.707 81.8819 533.244 391.468 81.7184 529.935 388.973 57.4606 531.126 388.983 57.6241 534.435 391.479 57.4265 542.738 397.718 51.9685 543.006 397.72 52.1321 546.315 400.216 50.7386 548.872 402.088 41.6419 549.318 402.092 40.0032 546.911 400.221 39.8396 543.601 397.726 34.3816 543.869 397.728 33.3663 535.626 391.489 33.2028 532.317 388.993 8.94498 533.508 389.004 9.10853 536.817 391.499 8.91094 545.12 397.739 3.45294 545.388 397.741 3.61648 548.697 400.237 2.22303 551.254 402.109 -6.87365 551.7 402.113 -8.51241 549.293 400.242 -8.67596 545.984 397.746 -14.134 546.252 397.748 -15.1493 538.008 391.51 -15.3128 534.699 389.014 -39.5706 535.89 389.024 -39.4071 539.199 391.52 -39.6046 547.502 397.759 -45.0626 547.77 397.762 -44.8991 551.079 400.257 -46.2926 553.636 402.13 -55.3892 554.082 402.134 -57.028 551.675 400.262 -57.1915 548.366 397.767 -62.6495 548.634 397.769 -63.6649 540.39 391.53 -63.8284 537.081 389.034 -88.0862 538.272 389.045 -87.9226 541.581 391.54 -88.1202 549.884 397.78 -93.5782 550.152 397.782 -93.4147 553.461 400.278 -94.8081 556.018 402.15 -103.905 556.465 402.154 -105.544 554.057 400.283 -105.707 550.748 397.787 -111.165 551.016 397.79 -112.18 542.772 391.551 -112.344 539.463 389.055 -136.602 540.654 389.065 -136.438 543.963 391.561 -136.636 552.266 397.8 -142.094 552.534 397.803 -141.93 555.844 400.298 -143.324 558.4 402.171 -152.42 558.847 402.175 -154.059 556.439 400.304 -154.223 553.13 397.808 -159.681 553.398 397.81 -160.696 545.154 391.571 -160.86 541.845 389.076 -185.117 543.036 389.086 -184.954 546.345 391.582 -185.151 554.648 397.821 -190.609 554.916 397.823 -190.446 558.226 400.319 -191.839 560.782 402.192 -200.936 561.229 402.195 -202.575 558.821 400.324 -202.738 555.512 397.829 -208.196 555.78 397.831 -209.212 547.536 391.592 -209.375 544.227 389.096 -233.633 545.418 389.107 -233.469 548.727 391.602 -233.667 557.03 397.842 -239.125 557.298 397.844 -238.961 560.608 400.34 -240.355 563.164 402.212 -249.452 563.611 402.216 -251.09 561.203 400.345 -251.254 557.894 397.849 -256.712 558.162 397.851 -257.727 549.918 391.613 -257.891 546.609 389.117 -282.149 547.8 389.127 -281.985 551.109 391.623 -282.183 559.412 397.862 -287.641 559.68 397.865 -287.477 562.99 400.36 -288.87 565.546 402.233 -297.967 565.993 402.237 -299.606 563.585 400.365 -299.769 560.276 397.87 -305.227 560.544 397.872 -306.243 552.3 391.633 -306.406 548.991 389.137 -330.664 550.182 389.148 -330.501 553.491 391.643 -330.698 561.794 397.883 -336.156 562.062 397.885 -335.993 565.372 400.381 -337.386 567.928 402.253 -346.483 568.375 402.257 -348.122 565.967 400.386 -348.285 562.658 397.89 -353.743 562.926 397.893 -354.758 554.682 391.654 -354.922 551.373 389.158 -379.18 552.564 389.168 -379.016 555.874 391.664 -379.214 564.177 397.904 -384.672 564.445 397.906 -384.508 567.754 400.402 -385.902 570.31 402.274 -394.998 570.757 402.278 -396.637 568.349 400.407 -396.801 565.04 397.911 -402.259 565.308 397.913 -403.274 557.065 391.674 -403.437 553.755 389.179 -427.695 554.946 389.189 -427.532 558.256 391.685 -440.858 558.91 391.69 -440.858 558.91 391.69 -452.235 546.263 381.76 -457.346 546.263 381.574 -464.963 546.263 381.295 -559.469 441.208 298.808 -551.852 441.208 299.086 -546.74 441.208 299.273 -552.481 434.827 294.263 -547.572 427.354 288.82 457.749 427.354 325.528 462.304 434.767 331.271
  poly 9: 458.369 434.688 326.061 452.33 441.222 330.756 462.489 441.222 331.127 470.108 441.222 331.405 412.685 503.354 376.052 405.066 503.354 375.774 394.907 503.354 375.403 380.877 518.534 386.312 380.877 518.534 386.312 372.972 518.922 386.315 372.97 518.889 386.29 348.714 520.113 386.325 348.878 523.423 388.821 348.68 531.726 395.06 343.222 531.994 395.063 343.386 535.303 397.558 341.992 537.859 399.431 332.895 538.306 399.435 331.257 535.898 397.563 331.093 532.589 395.068 325.635 532.857 395.07 324.62 524.614 388.831 324.456 521.304 386.335 300.198 522.495 386.346 300.362 525.805 388.841 300.164 534.108 395.081 294.706 534.376 395.083 294.87 537.685 397.579 293.477 540.241 399.451 284.38 540.688 399.455 282.741 538.281 397.584 282.578 534.971 395.088 277.12 535.239 395.091 276.104 526.996 388.852 275.941 523.686 386.356 251.683 524.877 386.366 251.846 528.187 388.862 251.649 536.49 395.101 246.191 536.758 395.104 246.354 540.067 397.599 244.961 542.624 399.472 235.864 543.07 399.476 234.225 540.663 397.605 234.062 537.353 395.109 228.604 537.621 395.111 227.589 529.378 388.872 227.425 526.069 386.377 203.167 527.26 386.387 203.331 530.569 388.883 203.133 538.872 395.122 197.675 539.14 395.124 197.839 542.449 397.62 196.445 545.006 399.493 187.349 545.452 399.496 185.71 543.045 397.625 185.546 539.735 395.13 180.088 540.003 395.132 179.073 531.76 388.893 178.91 528.451 386.397 154.652 529.642 386.408 154.815 532.951 388.903 154.618 541.254 395.143 149.16 541.522 395.145 149.323 544.831 397.641 147.93 547.388 399.513 138.833 547.834 399.517 137.194 545.427 397.646 137.031 542.117 395.15 131.573 542.385 395.152 130.557 534.142 388.914 130.394 530.833 386.418 106.136 532.024 386.428 106.3 535.333 388.924 106.102 543.636 395.163 100.644 543.904 395.166 100.808 547.213 397.661 99.4142 549.77 399.534 90.3175 550.216 399.538 88.6787 547.809 397.666 88.5152 544.5 395.171 83.0572 544.767 395.173 82.0419 536.524 388.934 81.8783 533.215 386.438 57.6205 534.406 386.449 57.7841 537.715 388.944 57.5865 546.018 395.184 52.1285 546.286 395.186 52.292 549.595 397.682 50.8986 552.152 399.554 41.8019 552.598 399.558 40.1631 550.191 397.687 39.9996 546.882 395.191 34.5416 547.15 395.194 33.5263 538.906 388.955 33.3628 535.597 386.459 9.10496 536.788 386.469 9.2685 540.097 388.965 9.07092 548.4 395.205 3.61291 548.668 395.207 3.77646 551.977 397.703 2.383 554.534 399.575 -6.71367 554.98 399.579 -8.35244 552.573 397.708 -8.51598 549.264 395.212 -13.974 549.532 395.214 -14.9893 541.288 388.975 -15.1528 537.979 386.48 -39.4106 539.17 386.49 -39.2471 542.479 388.986 -39.4447 550.782 395.225 -44.9027 551.05 395.227 -44.7391 554.359 397.723 -46.1326 556.916 399.596 -55.2293 557.363 399.599 -56.868 554.955 397.728 -57.0316 551.646 395.233 -62.4896 551.914 395.235 -63.5049 543.67 388.996 -63.6684 540.361 386.5 -87.9262 541.552 386.511 -87.7627 544.861 389.006 -87.9603 553.164 395.246 -93.4183 553.432 395.248 -93.2547 556.742 397.744 -94.6482 559.298 399.616 -103.745 559.745 399.62 -105.384 557.337 397.749 -105.547 554.028 395.253 -111.005 554.296 395.256 -112.02 546.052 389.017 -112.184 542.743 386.521 -136.442 543.934 386.531 -136.278 547.243 389.027 -136.476 555.546 395.266 -141.934 555.814 395.269 -141.77 559.124 397.764 -143.164 561.68 399.637 -152.26 562.127 399.641 -153.899 559.719 397.769 -154.063 556.41 395.274 -159.521 556.678 395.276 -160.536 548.434 389.037 -160.7 545.125 386.541 -184.957 546.316 386.552 -184.794 549.625 389.047 -184.991 557.928 395.287 -190.449 558.196 395.289 -190.286 561.506 397.785 -191.679 564.062 399.657 -200.776 564.509 399.661 -202.415 562.101 397.79 -202.578 558.792 395.294 -208.036 559.06 395.297 -209.052 550.816 389.058 -209.215 547.507 386.562 -233.473 548.698 386.572 -233.309 552.007 389.068 -233.507 560.31 395.308 -238.965 560.578 395.31 -238.801 563.888 397.806 -240.195 566.444 399.678 -249.292 566.891 399.682 -250.93 564.483 397.811 -251.094 561.174 395.315 -256.552 561.442 395.317 -257.567 553.198 389.078 -257.731 549.889 386.583 -281.989 551.08 386.593 -281.825 554.39 389.089 -282.023 562.693 395.328 -287.481 562.961 395.33 -287.317 566.27 397.826 -288.711 568.826 399.699 -297.807 569.273 399.702 -299.446 566.865 397.831 -299.609 563.556 395.336 -305.068 563.824 395.338 -306.083 555.581 389.099 -306.246 552.271 386.603 -330.504 553.462 386.614 -330.341 556.772 389.109 -330.538 565.075 395.349 -335.996 565.343 395.351 -335.833 568.652 397.847 -337.226 571.208 399.719 -346.323 571.655 399.723 -347.962 569.247 397.852 -348.125 565.938 395.356 -353.583 566.206 395.359 -354.598 557.963 389.12 -354.762 554.653 386.624 -379.02 555.844 386.634 -378.856 559.154 389.13 -379.054 567.457 395.369 -384.512 567.725 395.372 -384.348 571.034 397.867 -385.742 573.59 399.74 -394.838 574.037 399.744 -396.477 571.629 397.873 -396.641 568.32 395.377 -402.099 568.588 395.379 -403.114 560.345 389.14 -403.278 557.035 386.645 -427.537 558.193 386.63 -427.535 558.226 386.655 -436.826 558.683 386.659 -436.826 558.683 386.659 -447.999 546.263 376.907 -458.222 546.263 376.534 -465.89 546.263 376.254 -560.396 441.208 293.767 -552.728 441.208 294.047 -542.504 441.208 294.42 -548.315 434.748 289.348 -543.407 427.276 283.905 453.815 427.276 320.318 458.369 434.688 326.061
element 16
  poly 0: 555.471 427.276 9.27972 500.878 498.256 9.27972 498.253 498.778 19.5801 498.277 498.745 19.5878 492.036 500.014 43.9823 489.658 503.323 43.2087 483.556 511.628 41.8847 482.158 511.906 47.3752 479.779 515.215 46.6015 477.607 517.774 47.5464 475.275 518.238 56.6973 476.671 515.833 58.8026 479.049 512.524 59.5763 477.65 512.802 65.0667 483.441 504.56 67.6109 485.819 501.25 68.3845 479.602 502.487 92.7867 477.224 505.796 92.0131 471.122 514.1 90.6891 469.723 514.379 96.1795 467.345 517.688 95.4059 465.173 520.247 96.3508 462.841 520.711 105.502 464.237 518.306 107.607 466.615 514.997 108.381 465.216 515.275 113.871 471.007 507.033 116.415 473.385 503.723 117.189 467.168 504.96 141.591 464.789 508.269 140.817 458.688 516.573 139.493 457.289 516.851 144.984 454.911 520.161 144.21 452.739 522.72 145.155 450.407 523.184 154.306 451.802 520.779 156.411 454.181 517.47 157.185 452.782 517.748 162.676 458.572 509.505 165.22 460.951 506.196 165.993 454.734 507.432 190.395 452.355 510.742 189.622 446.254 519.046 188.298 444.855 519.324 193.788 442.477 522.633 193.015 440.304 525.193 193.96 437.973 525.656 203.11 439.368 523.252 205.216 441.747 519.942 205.989 440.348 520.221 211.48 446.138 511.978 214.024 448.517 508.669 214.798 442.3 509.905 239.2 439.921 513.215 238.426 433.82 521.519 237.102 432.421 521.797 242.593 430.043 525.106 241.819 427.87 527.665 242.764 425.539 528.129 251.915 426.934 525.724 254.02 429.312 522.415 254.794 427.914 522.693 260.284 433.704 514.451 262.828 436.082 511.142 263.602 429.865 512.378 288.004 427.487 515.687 287.231 421.386 523.992 285.907 419.987 524.27 291.397 417.608 527.579 290.623 415.436 530.138 291.568 413.105 530.602 300.719 414.5 528.197 302.825 416.878 524.888 303.598 415.479 525.166 309.089 421.27 516.924 311.633 423.648 513.614 312.406 417.431 514.851 336.809 415.053 518.16 336.035 408.951 526.464 334.711 407.553 526.743 340.202 405.174 530.052 339.428 403.002 532.611 340.373 400.67 533.075 349.524 402.066 530.67 351.629 404.444 527.361 352.403 403.045 527.639 357.893 408.836 519.397 360.437 411.214 516.087 361.211 405.021 517.291 385.621 404.997 517.324 385.613 401.941 517.931 397.608 406.289 510.551 403.768 412.372 503.968 399.038 413.445 503.968 394.069 432.69 483.145 379.106 431.35 483.145 385.316 432.951 480.542 387.172 447.385 464.924 375.95 450.595 462.321 370.353 451.935 462.321 364.142 471.181 441.498 349.179 470.109 441.498 354.147 483.253 427.276 343.927 483.253 427.276 343.927 555.471 427.276 9.27972
  poly 1: 550.291 427.354 9.27972 495.687 498.348 9.27972 493.379 498.807 18.3369 495.758 495.498 19.1105 489.541 496.734 43.5127 487.162 500.043 42.7391 481.061 508.347 41.4151 479.662 508.626 46.9056 477.284 511.935 46.132 475.111 514.494 47.0769 472.78 514.958 56.2277 474.175 512.553 58.3331 476.554 509.244 59.1067 475.155 509.522 64.5972 480.945 501.28 67.1413 483.324 497.97 67.9149 477.107 499.207 92.3171 474.728 502.516 91.5435 468.627 510.82 90.2195 467.228 511.098 95.71 464.85 514.408 94.9363 462.677 516.967 95.8813 460.346 517.431 105.032 461.741 515.026 107.137 464.119 511.717 107.911 462.721 511.995 113.402 468.511 503.752 115.946 470.89 500.443 116.719 464.672 501.68 141.122 462.294 504.989 140.348 456.193 513.293 139.024 454.794 513.571 144.514 452.415 516.881 143.741 450.243 519.44 144.686 447.912 519.903 153.836 449.307 517.499 155.942 451.685 514.189 156.715 450.286 514.468 162.206 456.077 506.225 164.75 458.455 502.916 165.524 452.238 504.152 189.926 449.86 507.462 189.152 443.759 515.766 187.828 442.36 516.044 193.319 439.981 519.353 192.545 437.809 521.913 193.49 435.478 522.376 202.641 436.873 519.972 204.746 439.251 516.662 205.52 437.852 516.94 211.01 443.643 508.698 213.554 446.021 505.389 214.328 439.804 506.625 238.73 437.426 509.934 237.957 431.324 518.239 236.633 429.926 518.517 242.123 427.547 521.826 241.35 425.375 524.385 242.294 423.043 524.849 251.445 424.439 522.444 253.551 426.817 519.135 254.324 425.418 519.413 259.815 431.209 511.171 262.359 433.587 507.862 263.132 427.37 509.098 287.535 424.992 512.407 286.761 418.89 520.711 285.437 417.491 520.99 290.928 415.113 524.299 290.154 412.941 526.858 291.099 410.609 527.322 300.25 412.004 524.917 302.355 414.383 521.608 303.129 412.984 521.886 308.619 418.774 513.644 311.163 421.153 510.334 311.937 414.936 511.571 336.339 412.557 514.88 335.565 406.456 523.184 334.241 405.057 523.462 339.732 402.679 526.772 338.958 400.506 529.331 339.903 398.175 529.795 349.054 399.57 527.39 351.159 401.949 524.081 351.933 400.55 524.359 357.424 406.34 516.116 359.968 408.719 512.807 360.741 402.502 514.044 385.143 400.123 517.353 384.37 398.096 517.756 392.327 402.443 510.375 398.488 408.365 503.968 393.884 408.376 503.968 393.834 427.61 483.145 378.92 426.27 483.145 385.131 427.872 480.542 386.987 442.306 464.924 375.764 445.516 462.321 370.167 446.856 462.321 363.957 466.112 441.498 348.943 466.101 441.498 348.993 479.173 427.354 338.83 479.173 427.354 338.83 550.291 427.354 9.27972
element 17
  poly 0: 483.302 488.534 42.3388 477.085 489.77 66.741 474.707 493.079 65.9674 480.924 491.843 41.5652 483.302 488.534 42.3388
  poly 1: 480.807 485.254 41.8692 474.59 486.49 66.2714 472.211 489.799 65.4978 478.428 488.563 41.0956 480.807 485.254 41.8692
  poly 2: 470.868 491.007 91.1432 464.651 492.243 115.545 462.273 495.552 114.772 468.49 494.316 90.3696 470.868 491.007 91.1432
  poly 3: 468.373 487.726 90.6736 462.156 488.963 115.076 459.777 492.272 114.302 465.994 491.036 89.9 468.373 487.726 90.6736
  poly 4: 458.434 493.479 139.948 452.217 494.716 164.35 449.838 498.025 163.576 456.056 496.789 139.174 458.434 493.479 139.948
  poly 5: 455.939 490.199 139.478 449.721 491.436 163.88 447.343 494.745 163.107 453.56 493.508 138.704 455.939 490.199 139.478
  poly 6: 446 495.952 188.752 439.783 497.188 213.154 437.404 500.498 212.381 443.621 499.261 187.978 446 495.952 188.752
  poly 7: 443.504 492.672 188.282 437.287 493.908 212.685 434.909 497.218 211.911 441.126 495.981 187.509 443.504 492.672 188.282
  poly 8: 433.566 498.425 237.556 427.349 499.661 261.959 424.97 502.971 261.185 431.187 501.734 236.783 433.566 498.425 237.556
  poly 9: 431.07 495.145 237.087 424.853 496.381 261.489 422.475 499.69 260.715 428.692 498.454 236.313 431.07 495.145 237.087
  poly 10: 421.131 500.898 286.361 414.914 502.134 310.763 412.536 505.443 309.989 418.753 504.207 285.587 421.131 500.898 286.361
  poly 11: 418.636 497.618 285.891 412.419 498.854 310.293 410.041 502.163 309.52 416.258 500.927 285.118 418.636 497.618 285.891
  poly 12: 408.697 503.37 335.165 402.48 504.607 359.567 400.102 507.916 358.794 406.319 506.68 334.392 408.697 503.37 335.165
  poly 13: 406.202 500.09 334.696 399.985 501.327 359.098 397.606 504.636 358.324 403.824 503.4 333.922 406.202 500.09 334.696
  poly 14: 537.341 427.551 9.27972 482.711 498.578 9.27972 480.086 499.1 19.5801 480.11 499.067 19.5878 474.178 500.275 42.7701 471.205 504.412 41.8031 468.683 507.041 44.1216 464.252 507.922 61.5141 465.297 505.587 64.9931 468.27 501.45 65.9601 462.362 502.625 89.1501 459.389 506.762 88.1831 456.866 509.391 90.5016 452.435 510.272 107.894 453.481 507.937 111.373 456.453 503.8 112.34 450.545 504.975 135.53 447.572 509.112 134.563 445.05 511.741 136.882 440.619 512.622 154.274 441.664 510.287 157.753 444.637 506.15 158.72 438.729 507.325 181.91 435.756 511.462 180.943 433.233 514.091 183.262 428.802 514.972 200.654 429.848 512.637 204.133 432.82 508.5 205.1 426.912 509.675 228.29 423.939 513.812 227.323 421.417 516.441 229.642 416.986 517.322 247.034 418.031 514.987 250.513 421.004 510.85 251.48 415.096 512.025 274.67 412.123 516.162 273.703 409.6 518.791 276.022 405.169 519.672 293.414 406.215 517.337 296.893 409.188 513.2 297.86 403.279 514.375 321.05 400.306 518.512 320.083 397.784 521.141 322.402 393.353 522.022 339.794 394.398 519.687 343.273 397.371 515.55 344.24 391.487 516.692 367.438 391.463 516.725 367.43 388.483 517.318 379.127 392.83 509.937 385.288 398.914 503.354 380.557 399.986 503.354 375.589 419.127 482.644 360.706 418.055 482.644 365.675 415.853 482.126 377.724 420.16 477.466 374.376 419.087 477.466 379.344 419.48 476.172 382.141 426.658 468.405 376.56 428.658 467.111 371.903 429.73 467.111 366.935 434.037 462.451 363.586 437.196 461.933 350.793 438.268 461.933 345.824 457.41 441.222 330.942 456.337 441.222 335.91 468.973 427.551 326.086 468.973 427.551 326.086 537.341 427.551 9.27972
  poly 15: 532.161 427.63 9.27972 477.52 498.671 9.27972 475.213 499.13 18.3369 477.591 495.82 19.1105 471.683 496.995 42.3005 468.71 501.132 41.3335 466.188 503.761 43.652 461.756 504.642 61.0445 462.802 502.307 64.5235 465.775 498.17 65.4905 459.866 499.345 88.6805 456.893 503.482 87.7135 454.371 506.111 90.032 449.94 506.992 107.425 450.985 504.657 110.903 453.958 500.52 111.871 448.05 501.695 135.061 445.077 505.832 134.093 442.555 508.461 136.412 438.123 509.342 153.805 439.169 507.007 157.283 442.142 502.87 158.251 436.233 504.045 181.441 433.26 508.182 180.473 430.738 510.811 182.792 426.307 511.692 200.185 427.352 509.357 203.663 430.325 505.22 204.631 424.417 506.395 227.821 421.444 510.532 226.853 418.922 513.161 229.172 414.49 514.042 246.565 415.536 511.707 250.043 418.509 507.57 251.011 412.6 508.745 274.201 409.627 512.882 273.233 407.105 515.51 275.552 402.674 516.392 292.945 403.719 514.057 296.423 406.692 509.92 297.391 400.784 511.095 320.581 397.811 515.232 319.613 395.289 517.86 321.932 390.857 518.742 339.325 391.903 516.407 342.803 394.876 512.27 343.771 388.967 513.445 366.961 386.589 516.754 366.187 384.637 517.142 373.847 388.985 509.761 380.008 394.907 503.354 375.403 394.917 503.354 375.354 414.048 482.644 360.521 412.975 482.644 365.489 410.773 482.126 377.539 415.08 477.466 374.19 414.008 477.466 379.159 414.4 476.172 381.955 421.578 468.405 376.374 423.578 467.111 371.718 424.651 467.111 366.749 428.957 462.451 363.401 432.117 461.933 350.607 433.189 461.933 345.638 452.341 441.222 330.706 452.33 441.222 330.756 464.893 427.63 320.988 464.893 427.63 320.988 532.161 427.63 9.27972
element 18
  poly 0: -451.977 290.502 367.656 -455.299 289.27 342.775 -457.914 292.524 342.963 -454.593 293.757 367.844 -451.977 290.502 367.656
  poly 1: -449.661 293.948 367.176 -452.983 292.716 342.295 -455.598 295.971 342.483 -452.277 297.203 367.364 -449.661 293.948 367.176
  poly 2: -458.621 288.037 317.894 -461.942 286.805 293.014 -464.558 290.06 293.202 -461.236 291.292 318.082 -458.621 288.037 317.894
  poly 3: -456.305 291.483 317.414 -459.626 290.251 292.534 -462.242 293.506 292.722 -458.92 294.738 317.602 -456.305 291.483 317.414
  poly 4: -465.264 285.572 268.133 -468.586 284.34 243.252 -471.202 287.595 243.44 -467.88 288.827 268.321 -465.264 285.572 268.133
  poly 5: -462.948 289.019 267.653 -466.27 287.786 242.772 -468.886 291.041 242.96 -465.564 292.273 267.841 -462.948 289.019 267.653
  poly 6: -471.908 283.107 218.371 -475.23 281.875 193.491 -477.845 285.13 193.679 -474.524 286.362 218.559 -471.908 283.107 218.371
  poly 7: -469.592 286.554 217.892 -472.914 285.321 193.011 -475.529 288.576 193.199 -472.208 289.809 218.08 -469.592 286.554 217.892
  poly 8: -478.552 280.642 168.61 -481.873 279.41 143.729 -484.489 282.665 143.917 -481.167 283.897 168.798 -478.552 280.642 168.61
  poly 9: -476.236 284.089 168.13 -479.557 282.856 143.249 -482.173 286.111 143.437 -478.851 287.344 168.318 -476.236 284.089 168.13
  poly 10: -485.195 278.178 118.849 -488.517 276.945 93.9679 -491.133 280.2 94.1559 -487.811 281.432 119.037 -485.195 278.178 118.849
  poly 11: -482.879 281.624 118.369 -486.201 280.391 93.488 -488.817 283.646 93.676 -485.495 284.879 118.557 -482.879 281.624 118.369
  poly 12: -491.839 275.713 69.0872 -495.161 274.48 44.2065 -497.776 277.735 44.3945 -494.454 278.967 69.2752 -491.839 275.713 69.0872
  poly 13: -489.523 279.159 68.6073 -492.845 277.926 43.7266 -495.46 281.181 43.9146 -492.139 282.414 68.7953 -489.523 279.159 68.6073
  poly 14: -625.555 427.276 9.27972 -502.464 275.996 9.27972 -501.098 276.503 19.5138 -495.867 269.993 19.1378 -491.943 265.111 18.8558 -488.622 266.343 43.7365 -488.622 266.343 43.7365 -486.006 263.088 43.5485 -483.629 260.801 46.5176 -481.138 261.726 65.1782 -482.684 264.321 68.4292 -485.3 267.576 68.6172 -485.3 267.576 68.6172 -481.978 268.808 93.4979 -481.978 268.808 93.4979 -479.362 265.553 93.3099 -476.985 263.266 96.279 -474.494 264.19 114.94 -476.04 266.786 118.191 -478.656 270.04 118.379 -478.656 270.04 118.379 -475.334 271.273 143.259 -475.334 271.273 143.259 -472.719 268.018 143.071 -470.342 265.731 146.04 -467.85 266.655 164.701 -469.397 269.251 167.952 -472.012 272.505 168.14 -472.012 272.505 168.14 -468.691 273.738 193.021 -468.691 273.738 193.021 -466.075 270.483 192.833 -463.698 268.196 195.802 -461.207 269.12 214.462 -462.753 271.715 217.713 -465.369 274.97 217.901 -465.369 274.97 217.901 -462.047 276.203 242.782 -462.047 276.203 242.782 -459.431 272.948 242.594 -457.054 270.661 245.563 -454.563 271.585 264.224 -456.109 274.18 267.475 -458.725 277.435 267.663 -458.725 277.435 267.663 -455.403 278.668 292.544 -455.403 278.668 292.544 -452.788 275.413 292.356 -450.411 273.126 295.325 -447.919 274.05 313.985 -449.466 276.645 317.236 -452.081 279.9 317.424 -452.081 279.9 317.424 -448.76 281.133 342.305 -448.76 281.133 342.305 -446.144 277.878 342.117 -443.767 275.591 345.086 -441.276 276.515 363.747 -442.822 279.11 366.998 -445.438 282.365 367.186 -445.438 282.365 367.186 -442.116 283.597 392.066 -446.039 288.48 392.348 -451.271 294.989 392.724 -449.663 295.586 404.768 -454.733 302.929 409.976 -460.647 309.096 404.813 -461.545 309.096 399.65 -475.927 324.09 387.097 -474.805 324.09 393.551 -475.93 325.964 395.854 -486.716 337.209 386.439 -489.187 339.084 380.998 -490.309 339.084 374.544 -504.691 354.078 361.991 -503.569 354.078 368.445 -504.694 355.952 370.748 -515.48 367.197 361.333 -517.951 369.072 355.892 -519.073 369.072 349.438 -533.455 384.066 336.885 -532.333 384.066 343.339 -533.458 385.94 345.642 -544.244 397.186 336.227 -546.715 399.06 330.786 -547.836 399.06 324.332 -562.218 414.054 311.779 -561.321 414.054 316.942 -574.003 427.276 305.873 -574.003 427.276 305.873 -625.555 427.276 9.27972
  poly 15: -620.416 427.354 9.27972 -497.444 276.22 9.27972 -496.167 276.694 18.8459 -493.551 273.439 18.6579 -489.654 268.59 18.3778 -486.306 269.789 43.2566 -486.306 269.789 43.2566 -483.69 266.535 43.0686 -481.313 264.248 46.0377 -478.822 265.172 64.6983 -480.368 267.767 67.9493 -482.984 271.022 68.1373 -482.984 271.022 68.1373 -479.662 272.254 93.018 -479.662 272.254 93.018 -477.046 269 92.83 -474.669 266.712 95.7991 -472.178 267.637 114.46 -473.724 270.232 117.711 -476.34 273.487 117.899 -476.34 273.487 117.899 -473.018 274.719 142.779 -473.018 274.719 142.779 -470.403 271.464 142.591 -468.026 269.177 145.561 -465.534 270.102 164.221 -467.081 272.697 167.472 -469.696 275.952 167.66 -469.696 275.952 167.66 -466.375 277.184 192.541 -466.375 277.184 192.541 -463.759 273.929 192.353 -461.382 271.642 195.322 -458.891 272.567 213.982 -460.437 275.162 217.234 -463.053 278.417 217.422 -463.053 278.417 217.422 -459.731 279.649 242.302 -459.731 279.649 242.302 -457.115 276.394 242.114 -454.738 274.107 245.083 -452.247 275.032 263.744 -453.794 277.627 266.995 -456.409 280.882 267.183 -456.409 280.882 267.183 -453.087 282.114 292.064 -453.087 282.114 292.064 -450.472 278.859 291.876 -448.095 276.572 294.845 -445.603 277.496 313.505 -447.15 280.092 316.756 -449.766 283.346 316.944 -449.766 283.346 316.944 -446.444 284.579 341.825 -446.444 284.579 341.825 -443.828 281.324 341.637 -441.451 279.037 344.606 -438.96 279.961 363.267 -440.506 282.557 366.518 -443.122 285.811 366.706 -443.122 285.811 366.706 -439.826 287.076 391.588 -443.724 291.926 391.868 -446.339 295.181 392.056 -445.304 295.565 399.813 -450.373 302.908 405.022 -456.308 309.096 399.842 -456.317 309.096 399.79 -470.69 324.09 387.289 -469.568 324.09 393.742 -470.693 325.964 396.045 -481.479 337.209 386.63 -483.95 339.084 381.189 -485.072 339.084 374.736 -499.454 354.078 362.183 -498.332 354.078 368.636 -499.457 355.952 370.939 -510.243 367.197 361.524 -512.714 369.072 356.083 -513.836 369.072 349.63 -528.218 384.066 337.077 -527.096 384.066 343.53 -528.221 385.94 345.833 -539.007 397.186 336.418 -541.478 399.06 330.977 -542.6 399.06 324.524 -556.991 414.054 311.919 -556.982 414.054 311.97 -569.739 427.354 300.835 -569.739 427.354 300.835 -620.416 427.354 9.27972
element 19
  poly 0: -436.59 290.477 351.288 -439.755 289.303 327.577 -442.371 292.558 327.765 -439.205 293.732 351.476 -436.59 290.477 351.288
  poly 1: -434.274 293.924 350.808 -437.439 292.749 327.097 -440.055 296.004 327.285 -436.889 297.178 350.996 -434.274 293.924 350.808
  poly 2: -442.921 288.128 303.865 -446.087 286.954 280.153 -448.702 290.209 280.341 -445.537 291.383 304.053 -442.921 288.128 303.865
  poly 3: -440.605 291.575 303.385 -443.771 290.4 279.673 -446.386 293.655 279.861 -443.221 294.829 303.573 -440.605 291.575 303.385
  poly 4: -449.252 285.779 256.442 -452.418 284.605 232.73 -455.034 287.859 232.918 -451.868 289.034 256.63 -449.252 285.779 256.442
  poly 5: -446.937 289.225 255.962 -450.102 288.051 232.25 -452.718 291.306 232.438 -449.552 292.48 256.15 -446.937 289.225 255.962
  poly 6: -455.584 283.43 209.019 -458.75 282.256 185.307 -461.365 285.51 185.495 -458.2 286.685 209.207 -455.584 283.43 209.019
  poly 7: -453.268 286.876 208.539 -456.434 285.702 184.827 -459.049 288.957 185.015 -455.884 290.131 208.727 -453.268 286.876 208.539
  poly 8: -461.915 281.081 161.595 -465.081 279.906 137.884 -467.697 283.161 138.072 -464.531 284.336 161.783 -461.915 281.081 161.595
  poly 9: -459.6 284.527 161.115 -462.765 283.353 137.404 -465.381 286.608 137.592 -462.215 287.782 161.303 -459.6 284.527 161.115
  poly 10: -468.247 278.732 114.172 -471.413 277.557 90.4606 -474.028 280.812 90.6486 -470.863 281.987 114.36 -468.247 278.732 114.172
  poly 11: -465.931 282.178 113.692 -469.097 281.004 89.9807 -471.712 284.259 90.1687 -468.547 285.433 113.88 -465.931 282.178 113.692
  poly 12: -474.578 276.383 66.749 -477.744 275.208 43.0374 -480.36 278.463 43.2254 -477.194 279.638 66.937 -474.578 276.383 66.749
  poly 13: -472.262 279.829 66.2691 -475.428 278.655 42.5575 -478.044 281.909 42.7455 -474.878 283.084 66.4571 -472.262 279.829 66.2691
  poly 14: -444.702 302.256 359.756 -446.363 301.64 347.315 -448.978 304.895 347.503 -447.317 305.511 359.944 -444.702 302.256 359.756
  poly 15: -442.386 305.702 359.276 -444.047 305.086 346.836 -446.662 308.341 347.024 -445.001 308.957 359.464 -442.386 305.702 359.276
  poly 16: -451.345 299.791 309.994 -453.006 299.175 297.554 -455.622 302.43 297.742 -453.961 303.046 310.182 -451.345 299.791 309.994
  poly 17: -449.029 303.237 309.514 -450.69 302.621 297.074 -453.306 305.876 297.262 -451.645 306.492 309.702 -449.029 303.237 309.514
  poly 18: -457.989 297.326 260.233 -459.65 296.71 247.793 -462.266 299.965 247.981 -460.605 300.581 260.421 -457.989 297.326 260.233
  poly 19: -455.673 300.773 259.753 -457.334 300.156 247.313 -459.95 303.411 247.501 -458.289 304.027 259.941 -455.673 300.773 259.753
  poly 20: -464.633 294.861 210.472 -466.294 294.245 198.031 -468.909 297.5 198.219 -467.248 298.116 210.66 -464.633 294.861 210.472
  poly 21: -462.317 298.308 209.992 -463.978 297.691 197.551 -466.593 300.946 197.739 -464.932 301.562 210.18 -462.317 298.308 209.992
  poly 22: -471.276 292.396 160.71 -472.937 291.78 148.27 -475.553 295.035 148.458 -473.892 295.651 160.898 -471.276 292.396 160.71
  poly 23: -468.96 295.843 160.23 -470.621 295.227 147.79 -473.237 298.481 147.978 -471.576 299.098 160.418 -468.96 295.843 160.23
  poly 24: -477.92 289.932 110.949 -479.581 289.315 98.5084 -482.196 292.57 98.6964 -480.536 293.186 111.137 -477.92 289.932 110.949
  poly 25: -475.604 293.378 110.469 -477.265 292.762 98.0285 -479.881 296.016 98.2165 -478.22 296.633 110.657 -475.604 293.378 110.469
  poly 26: -484.564 287.467 61.1873 -486.224 286.85 48.747 -488.84 290.105 48.935 -487.179 290.721 61.3753 -484.564 287.467 61.1873
  poly 27: -482.248 290.913 60.7074 -483.909 290.297 48.2671 -486.524 293.552 48.4551 -484.863 294.168 60.8954 -482.248 290.913 60.7074
  poly 28: -607.567 427.551 9.27972 -484.892 276.782 9.27972 -483.526 277.289 19.5138 -478.294 270.779 19.1378 -430.808 288.397 374.812 -436.039 294.907 375.188 -434.405 295.513 387.428 -439.475 302.856 392.636 -445.39 309.023 387.474 -446.287 309.023 382.311 -460.641 323.988 369.782 -459.744 323.988 374.945 -457.859 324.362 387.539 -461.089 327.729 384.72 -460.192 327.729 389.882 -460.416 328.664 392.971 -465.799 334.276 388.273 -467.369 335.212 383.618 -468.266 335.212 378.455 -471.496 338.579 375.636 -474.098 338.953 362.416 -474.996 338.953 357.253 -489.35 353.918 344.724 -488.452 353.918 349.887 -486.568 354.292 362.481 -489.798 357.659 359.662 -488.9 357.659 364.825 -489.124 358.595 367.914 -494.507 364.207 363.216 -496.077 365.142 358.56 -496.975 365.142 353.398 -500.204 368.509 350.579 -502.807 368.883 337.358 -503.704 368.883 332.196 -518.058 383.848 319.667 -517.161 383.848 324.83 -515.276 384.222 337.423 -518.506 387.59 334.604 -517.609 387.59 339.767 -517.833 388.525 342.856 -523.216 394.137 338.158 -524.786 395.072 333.503 -525.683 395.072 328.34 -528.913 398.439 325.521 -531.515 398.813 312.301 -532.412 398.813 307.138 -546.767 413.779 294.609 -545.869 413.779 299.772 -559.08 427.551 288.242 -559.08 427.551 288.242 -607.567 427.551 9.27972
  poly 29: -602.428 427.63 9.27972 -479.871 277.006 9.27972 -478.594 277.48 18.8459 -475.978 274.225 18.6579 -428.492 291.843 374.332 -431.108 295.098 374.52 -430.046 295.492 382.474 -435.116 302.835 387.682 -441.05 309.023 382.502 -441.059 309.023 382.45 -455.405 323.988 369.973 -454.507 323.988 375.136 -452.623 324.362 387.73 -455.852 327.729 384.911 -454.955 327.729 390.074 -455.179 328.664 393.163 -460.562 334.276 388.464 -462.132 335.212 383.809 -463.029 335.212 378.646 -466.259 338.579 375.827 -468.861 338.953 362.607 -469.759 338.953 357.444 -484.113 353.918 344.916 -483.216 353.918 350.078 -481.331 354.292 362.672 -484.561 357.659 359.853 -483.663 357.659 365.016 -483.888 358.595 368.105 -489.27 364.207 363.407 -490.841 365.142 358.752 -491.738 365.142 353.589 -494.968 368.509 350.77 -497.57 368.883 337.55 -498.467 368.883 332.387 -512.821 383.848 319.858 -511.924 383.848 325.021 -510.04 384.222 337.615 -513.269 387.59 334.796 -512.372 387.59 339.958 -512.596 388.525 343.047 -517.979 394.137 338.349 -519.549 395.072 333.694 -520.446 395.072 328.531 -523.676 398.439 325.712 -526.278 398.813 312.492 -527.176 398.813 307.329 -541.539 413.779 294.749 -541.53 413.779 294.8 -554.816 427.63 283.204 -554.816 427.63 283.204 -602.428 427.63 9.27972
element 20
  poly 0: 457.44 401.201 364.452 444.796 388.37 374.282 439.592 388.37 374.092 452.236 401.201 364.262 457.44 401.201 364.452
  poly 1: 458.538 401.201 359.362 445.894 388.37 369.192 440.691 388.37 369.002 453.335 401.201 359.172 458.538 401.201 359.362
  poly 2: 432.152 375.54 384.113 419.508 362.709 393.944 414.305 362.709 393.754 426.948 375.54 383.923 432.152 375.54 384.113
  poly 3: 433.25 375.54 379.023 420.607 362.709 388.854 415.403 362.709 388.664 428.047 375.54 378.833 433.25 375.54 379.023
  poly 4: -475.029 324.09 392.26 -489.411 339.084 379.707 -484.175 339.084 379.898 -469.793 324.09 392.451 -475.029 324.09 392.26
  poly 5: -475.927 324.09 387.097 -490.309 339.084 374.544 -485.072 339.084 374.736 -470.69 324.09 387.289 -475.927 324.09 387.097
  poly 6: -503.793 354.078 367.154 -518.175 369.072 354.601 -512.938 369.072 354.792 -498.556 354.078 367.345 -503.793 354.078 367.154
  poly 7: -504.691 354.078 361.991 -519.073 369.072 349.438 -513.836 369.072 349.63 -499.454 354.078 362.183 -504.691 354.078 361.991
  poly 8: -532.557 384.066 342.048 -546.939 399.06 329.495 -541.702 399.06 329.686 -527.32 384.066 342.239 -532.557 384.066 342.048
  poly 9: -533.455 384.066 336.885 -547.836 399.06 324.332 -542.6 399.06 324.524 -528.218 384.066 337.077 -533.455 384.066 336.885
  poly 10: 355.542 335.491 413.442 330.808 334.277 413.513 330.64 337.532 410.896 355.375 338.746 410.825 355.542 335.491 413.442
  poly 11: 355.705 332.045 411.082 330.97 330.83 411.153 330.803 334.085 408.536 355.538 335.3 408.465 355.705 332.045 411.082
  poly 12: 306.073 333.062 413.584 281.338 331.848 413.655 281.171 335.103 411.038 305.906 336.317 410.967 306.073 333.062 413.584
  poly 13: 306.236 329.616 411.224 281.501 328.402 411.295 281.334 331.656 408.678 306.068 332.871 408.607 306.236 329.616 411.224
  poly 14: 256.604 330.633 413.726 231.869 329.419 413.797 231.702 332.674 411.18 256.436 333.888 411.109 256.604 330.633 413.726
  poly 15: 256.766 327.187 411.366 232.032 325.973 411.437 231.864 329.228 408.82 256.599 330.442 408.749 256.766 327.187 411.366
  poly 16: 207.134 328.205 413.868 182.4 326.99 413.939 182.232 330.245 411.322 206.967 331.459 411.251 207.134 328.205 413.868
  poly 17: 207.297 324.758 411.508 182.562 323.544 411.579 182.395 326.799 408.962 207.13 328.013 408.891 207.297 324.758 411.508
  poly 18: 157.665 325.776 414.01 132.93 324.561 414.081 132.763 327.816 411.464 157.498 329.03 411.393 157.665 325.776 414.01
  poly 19: 157.827 322.329 411.651 133.093 321.115 411.722 132.925 324.37 409.104 157.66 325.584 409.033 157.827 322.329 411.651
  poly 20: 108.196 323.347 414.152 83.461 322.132 414.223 83.2937 325.387 411.606 108.028 326.602 411.535 108.196 323.347 414.152
  poly 21: 108.358 319.9 411.793 83.6235 318.686 411.864 83.4561 321.941 409.247 108.191 323.155 409.176 108.358 319.9 411.793
  poly 22: 58.7264 320.918 414.294 33.9917 319.703 414.365 33.8244 322.958 411.748 58.559 324.173 411.677 58.7264 320.918 414.294
  poly 23: 58.8888 317.472 411.935 34.1541 316.257 412.006 33.9868 319.512 409.389 58.7215 320.726 409.318 58.8888 317.472 411.935
  poly 24: 9.25701 318.489 414.436 -15.4777 317.275 414.507 -15.645 320.529 411.89 9.08968 321.744 411.819 9.25701 318.489 414.436
  poly 25: 9.41944 315.043 412.077 -15.3152 313.828 412.148 -15.4826 317.083 409.531 9.25212 318.297 409.46 9.41944 315.043 412.077
  poly 26: -40.2123 316.06 414.578 -64.947 314.846 414.649 -65.1143 318.1 412.032 -40.3797 319.315 411.961 -40.2123 316.06 414.578
  poly 27: -40.0499 312.614 412.219 -64.7846 311.399 412.29 -64.9519 314.654 409.673 -40.2172 315.869 409.602 -40.0499 312.614 412.219
  poly 28: -89.6817 313.631 414.72 -114.416 312.417 414.791 -114.584 315.672 412.174 -89.849 316.886 412.103 -89.6817 313.631 414.72
  poly 29: -89.5193 310.185 412.361 -114.254 308.97 412.432 -114.421 312.225 409.815 -89.6866 313.44 409.744 -89.5193 310.185 412.361
  poly 30: -139.151 311.202 414.862 -163.886 309.988 414.933 -164.053 313.243 412.316 -139.318 314.457 412.245 -139.151 311.202 414.862
  poly 31: -138.989 307.756 412.503 -163.723 306.542 412.574 -163.891 309.796 409.957 -139.156 311.011 409.886 -138.989 307.756 412.503
  poly 32: -188.62 308.773 415.005 -213.355 307.559 415.076 -213.522 310.814 412.459 -188.788 312.028 412.387 -188.62 308.773 415.005
  poly 33: -188.458 305.327 412.645 -213.193 304.113 412.716 -213.36 307.367 410.099 -188.625 308.582 410.028 -188.458 305.327 412.645
  poly 34: -238.09 306.344 415.147 -262.824 305.13 415.218 -262.992 308.385 412.601 -238.257 309.599 412.53 -238.09 306.344 415.147
  poly 35: -237.927 302.898 412.787 -262.662 301.684 412.858 -262.829 304.939 410.241 -238.095 306.153 410.17 -237.927 302.898 412.787
  poly 36: -287.559 303.916 415.289 -312.294 302.701 415.36 -312.461 305.956 412.743 -287.726 307.17 412.672 -287.559 303.916 415.289
  poly 37: -287.397 300.469 412.929 -312.131 299.255 413 -312.299 302.51 410.383 -287.564 303.724 410.312 -287.397 300.469 412.929
  poly 38: -337.028 301.487 415.431 -361.763 300.272 415.502 -361.93 303.527 412.885 -337.196 304.741 412.814 -337.028 301.487 415.431
  poly 39: -336.866 298.04 413.071 -361.601 296.826 413.142 -361.768 300.081 410.525 -337.033 301.295 410.454 -336.866 298.04 413.071
  poly 40: -386.498 299.058 415.573 -411.232 297.843 415.644 -411.4 301.098 413.027 -386.665 302.313 412.956 -386.498 299.058 415.573
  poly 41: -386.335 295.611 413.213 -411.07 294.397 413.284 -411.237 297.652 410.667 -386.503 298.866 410.596 -386.335 295.611 413.213
  poly 42: -460.192 327.729 389.882 -467.369 335.212 383.618 -462.132 335.212 383.809 -454.955 327.729 390.074 -460.192 327.729 389.882
  poly 43: -461.089 327.729 384.72 -468.266 335.212 378.455 -463.029 335.212 378.646 -455.852 327.729 384.911 -461.089 327.729 384.72
  poly 44: -488.9 357.659 364.825 -496.077 365.142 358.56 -490.841 365.142 358.752 -483.663 357.659 365.016 -488.9 357.659 364.825
  poly 45: -489.798 357.659 359.662 -496.975 365.142 353.398 -491.738 365.142 353.589 -484.561 357.659 359.853 -489.798 357.659 359.662
  poly 46: -517.609 387.59 339.767 -524.786 395.072 333.503 -519.549 395.072 333.694 -512.372 387.59 339.958 -517.609 387.59 339.767
  poly 47: -518.506 387.59 334.604 -525.683 395.072 328.34 -520.446 395.072 328.531 -513.269 387.59 334.796 -518.506 387.59 334.604
  poly 48: 425.965 387.743 374.098 415.71 377.337 382.071 410.507 377.337 381.881 420.761 387.743 373.908 425.965 387.743 374.098
  poly 49: 427.063 387.743 369.008 416.809 377.337 376.981 411.605 377.337 376.791 421.859 387.743 368.818 427.063 387.743 369.008
  poly 50: 334.228 345.865 404.342 321.53 345.242 404.378 321.363 348.497 401.761 334.061 349.12 401.725 334.228 345.865 404.342
  poly 51: 334.391 342.419 401.982 321.693 341.796 402.019 321.525 345.05 399.401 334.223 345.674 399.365 334.391 342.419 401.982
  poly 52: 283.436 343.372 404.487 270.738 342.748 404.524 270.571 346.003 401.907 283.269 346.626 401.87 283.436 343.372 404.487
  poly 53: 283.599 339.925 402.128 270.901 339.302 402.164 270.734 342.557 399.547 283.432 343.18 399.511 283.599 339.925 402.128
  poly 54: 232.645 340.878 404.633 219.947 340.254 404.67 219.779 343.509 402.053 232.477 344.133 402.016 232.645 340.878 404.633
  poly 55: 232.807 337.431 402.274 220.109 336.808 402.31 219.942 340.063 399.693 232.64 340.686 399.657 232.807 337.431 402.274
  poly 56: 181.853 338.384 404.779 169.155 337.76 404.816 168.987 341.015 402.199 181.685 341.639 402.162 181.853 338.384 404.779
  poly 57: 182.015 334.938 402.42 169.317 334.314 402.456 169.15 337.569 399.839 181.848 338.192 399.803 182.015 334.938 402.42
  poly 58: 131.061 335.89 404.925 118.363 335.267 404.962 118.196 338.521 402.344 130.894 339.145 402.308 131.061 335.89 404.925
  poly 59: 131.223 332.444 402.566 118.525 331.82 402.602 118.358 335.075 399.985 131.056 335.699 399.948 131.223 332.444 402.566
  poly 60: 80.2691 333.396 405.071 67.5712 332.773 405.107 67.4038 336.028 402.49 80.1018 336.651 402.454 80.2691 333.396 405.071
  poly 61: 80.4315 329.95 402.711 67.7336 329.326 402.748 67.5663 332.581 400.131 80.2642 333.205 400.094 80.4315 329.95 402.711
  poly 62: 29.4773 330.902 405.217 16.7793 330.279 405.253 16.612 333.534 402.636 29.31 334.157 402.6 29.4773 330.902 405.217
  poly 63: 29.6397 327.456 402.857 16.9418 326.833 402.894 16.7744 330.087 400.277 29.4724 330.711 400.24 29.6397 327.456 402.857
  poly 64: -21.3145 328.409 405.363 -34.0125 327.785 405.399 -34.1798 331.04 402.782 -21.4819 331.663 402.746 -21.3145 328.409 405.363
  poly 65: -21.1521 324.962 403.003 -33.85 324.339 403.04 -34.0174 327.594 400.423 -21.3194 328.217 400.386 -21.1521 324.962 403.003
  poly 66: -72.1063 325.915 405.509 -84.8043 325.291 405.545 -84.9716 328.546 402.928 -72.2737 329.17 402.891 -72.1063 325.915 405.509
  poly 67: -71.9439 322.468 403.149 -84.6419 321.845 403.185 -84.8092 325.1 400.568 -72.1112 325.723 400.532 -71.9439 322.468 403.149
  poly 68: -122.898 323.421 405.654 -135.596 322.797 405.691 -135.763 326.052 403.074 -123.065 326.676 403.037 -122.898 323.421 405.654
  poly 69: -122.736 319.975 403.295 -135.434 319.351 403.331 -135.601 322.606 400.714 -122.903 323.229 400.678 -122.736 319.975 403.295
  poly 70: -173.69 320.927 405.8 -186.388 320.304 405.837 -186.555 323.558 403.22 -173.857 324.182 403.183 -173.69 320.927 405.8
  poly 71: -173.528 317.481 403.441 -186.226 316.857 403.477 -186.393 320.112 400.86 -173.695 320.736 400.824 -173.528 317.481 403.441
  poly 72: -224.482 318.433 405.946 -237.18 317.81 405.983 -237.347 321.065 403.366 -224.649 321.688 403.329 -224.482 318.433 405.946
  poly 73: -224.319 314.987 403.587 -237.017 314.363 403.623 -237.185 317.618 401.006 -224.487 318.242 400.97 -224.319 314.987 403.587
  poly 74: -275.274 315.939 406.092 -287.972 315.316 406.128 -288.139 318.571 403.511 -275.441 319.194 403.475 -275.274 315.939 406.092
  poly 75: -275.111 312.493 403.732 -287.809 311.87 403.769 -287.976 315.124 401.152 -275.279 315.748 401.115 -275.111 312.493 403.732
  poly 76: -326.065 313.446 406.238 -338.763 312.822 406.274 -338.931 316.077 403.657 -326.233 316.7 403.621 -326.065 313.446 406.238
  poly 77: -325.903 309.999 403.878 -338.601 309.376 403.915 -338.768 312.631 401.298 -326.07 313.254 401.261 -325.903 309.999 403.878
  poly 78: -376.857 310.952 406.384 -389.555 310.328 406.42 -389.723 313.583 403.803 -377.025 314.207 403.767 -376.857 310.952 406.384
  poly 79: -376.695 307.505 404.024 -389.393 306.882 404.061 -389.56 310.137 401.444 -376.862 310.76 401.407 -376.695 307.505 404.024
  poly 80: 394.575 337.408 413.33 406.864 349.878 403.775 412.068 349.878 403.965 475.287 414.032 354.811 470.084 414.032 354.621 476.284 420.323 349.8 471.806 427.63 343.776 -562.436 427.63 306.011 -567.284 420.27 311.738 -561.321 414.054 316.942 -566.558 414.054 316.751 -465.884 309.096 404.622 -460.647 309.096 404.813 -448.117 296.032 415.75 -448.117 296.032 415.75 -435.967 296.629 415.715 -435.8 293.374 418.332 380.444 333.451 415.988 380.277 336.706 413.371 394.575 337.408 413.33 394.575 337.408 413.33
  poly 81: 390.063 336.995 408.366 402.759 349.878 398.495 413.166 349.878 398.875 476.386 414.032 349.721 465.979 414.032 349.341 472.101 420.245 344.581 467.623 427.551 338.556 -558.021 427.551 301.105 -562.869 420.191 306.832 -556.982 414.054 311.97 -567.455 414.054 311.588 -466.781 309.096 399.459 -456.308 309.096 399.842 -443.798 296.053 410.761 -443.798 296.053 410.761 -435.972 296.437 410.738 -435.637 289.928 415.972 380.607 330.005 413.628 380.272 336.514 408.394 390.063 336.995 408.366 390.063 336.995 408.366
element 21
  poly 0: 434.936 392.945 352.297 414.428 372.134 368.243 409.224 372.134 368.053 429.733 392.945 352.107 434.936 392.945 352.297
  poly 1: 436.035 392.945 347.207 415.526 372.134 363.153 410.323 372.134 362.963 430.831 392.945 347.017 436.035 392.945 347.207
  poly 2: -459.744 323.988 374.945 -474.098 338.953 362.416 -468.861 338.953 362.607 -454.507 323.988 375.136 -459.744 323.988 374.945
  poly 3: -460.641 323.988 369.782 -474.996 338.953 357.253 -469.759 338.953 357.444 -455.405 323.988 369.973 -460.641 323.988 369.782
  poly 4: -488.452 353.918 349.887 -502.807 368.883 337.358 -497.57 368.883 337.55 -483.216 353.918 350.078 -488.452 353.918 349.887
  poly 5: -489.35 353.918 344.724 -503.704 368.883 332.196 -498.467 368.883 332.387 -484.113 353.918 344.916 -489.35 353.918 344.724
  poly 6: -517.161 383.848 324.83 -531.515 398.813 312.301 -526.278 398.813 312.492 -511.924 383.848 325.021 -517.161 383.848 324.83
  poly 7: -518.058 383.848 319.667 -532.412 398.813 307.138 -527.176 398.813 307.329 -512.821 383.848 319.858 -518.058 383.848 319.667
  poly 8: 341.146 334.115 396.065 315.75 332.868 396.138 315.582 336.123 393.521 340.978 337.37 393.448 341.146 334.115 396.065
  poly 9: 341.308 330.669 393.705 315.912 329.422 393.778 315.745 332.677 391.161 341.141 333.924 391.088 341.308 330.669 393.705
  poly 10: 290.354 331.621 396.211 264.958 330.374 396.284 264.791 333.629 393.667 290.187 334.876 393.594 290.354 331.621 396.211
  poly 11: 290.516 328.175 393.851 265.12 326.928 393.924 264.953 330.183 391.307 290.349 331.43 391.234 290.516 328.175 393.851
  poly 12: 239.562 329.127 396.357 214.166 327.88 396.43 213.999 331.135 393.813 239.395 332.382 393.74 239.562 329.127 396.357
  poly 13: 239.725 325.681 393.997 214.329 324.434 394.07 214.161 327.689 391.453 239.557 328.936 391.38 239.725 325.681 393.997
  poly 14: 188.77 326.634 396.503 163.374 325.387 396.576 163.207 328.641 393.958 188.603 329.888 393.886 188.77 326.634 396.503
  poly 15: 188.933 323.187 394.143 163.537 321.94 394.216 163.369 325.195 391.599 188.765 326.442 391.526 188.933 323.187 394.143
  poly 16: 137.978 324.14 396.648 112.583 322.893 396.721 112.415 326.148 394.104 137.811 327.395 394.031 137.978 324.14 396.648
  poly 17: 138.141 320.693 394.289 112.745 319.446 394.362 112.578 322.701 391.745 137.974 323.948 391.672 138.141 320.693 394.289
  poly 18: 87.1866 321.646 396.794 61.7907 320.399 396.867 61.6234 323.654 394.25 87.0193 324.901 394.177 87.1866 321.646 396.794
  poly 19: 87.349 318.2 394.435 61.9531 316.953 394.508 61.7858 320.207 391.891 87.1817 321.454 391.818 87.349 318.2 394.435
  poly 20: 36.3948 319.152 396.94 10.9989 317.905 397.013 10.8316 321.16 394.396 36.2275 322.407 394.323 36.3948 319.152 396.94
  poly 21: 36.5572 315.706 394.581 11.1613 314.459 394.654 10.994 317.714 392.037 36.3899 318.961 391.964 36.5572 315.706 394.581
  poly 22: -14.397 316.658 397.086 -39.7929 315.411 397.159 -39.9603 318.666 394.542 -14.5644 319.913 394.469 -14.397 316.658 397.086
  poly 23: -14.2346 313.212 394.727 -39.6305 311.965 394.799 -39.7978 315.22 392.182 -14.4019 316.467 392.109 -14.2346 313.212 394.727
  poly 24: -65.1888 314.164 397.232 -90.5848 312.917 397.305 -90.7521 316.172 394.688 -65.3562 317.419 394.615 -65.1888 314.164 397.232
  poly 25: -65.0264 310.718 394.872 -90.4223 309.471 394.945 -90.5896 312.726 392.328 -65.1937 313.973 392.255 -65.0264 310.718 394.872
  poly 26: -115.981 311.671 397.378 -141.377 310.424 397.451 -141.544 313.678 394.834 -116.148 314.925 394.761 -115.981 311.671 397.378
  poly 27: -115.818 308.224 395.018 -141.214 306.977 395.091 -141.381 310.232 392.474 -115.986 311.479 392.401 -115.818 308.224 395.018
  poly 28: -166.772 309.177 397.524 -192.168 307.93 397.597 -192.336 311.185 394.98 -166.94 312.432 394.907 -166.772 309.177 397.524
  poly 29: -166.61 305.73 395.164 -192.006 304.483 395.237 -192.173 307.738 392.62 -166.777 308.985 392.547 -166.61 305.73 395.164
  poly 30: -217.564 306.683 397.67 -242.96 305.436 397.742 -243.128 308.691 395.125 -217.732 309.938 395.052 -217.564 306.683 397.67
  poly 31: -217.402 303.237 395.31 -242.798 301.99 395.383 -242.965 305.244 392.766 -217.569 306.491 392.693 -217.402 303.237 395.31
  poly 32: -268.356 304.189 397.815 -293.752 302.942 397.888 -293.919 306.197 395.271 -268.523 307.444 395.198 -268.356 304.189 397.815
  poly 33: -268.194 300.743 395.456 -293.59 299.496 395.529 -293.757 302.751 392.912 -268.361 303.998 392.839 -268.194 300.743 395.456
  poly 34: -319.148 301.695 397.961 -344.544 300.448 398.034 -344.711 303.703 395.417 -319.315 304.95 395.344 -319.148 301.695 397.961
  poly 35: -318.986 298.249 395.602 -344.381 297.002 395.675 -344.549 300.257 393.058 -319.153 301.504 392.985 -318.986 298.249 395.602
  poly 36: -369.94 299.201 398.107 -395.336 297.954 398.18 -395.503 301.209 395.563 -370.107 302.456 395.49 -369.94 299.201 398.107
  poly 37: -369.777 295.755 395.748 -395.173 294.508 395.821 -395.341 297.763 393.203 -369.945 299.01 393.131 -369.777 295.755 395.748
  poly 38: 378.783 335.963 395.957 393.92 351.323 384.188 399.123 351.323 384.378 406.877 351.323 384.661 468.401 413.756 336.825 460.648 413.756 336.542 455.444 413.756 336.352 461.644 420.048 331.531 457.166 427.354 325.507 -546.984 427.354 288.841 -551.832 419.995 294.568 -545.869 413.779 299.772 -551.106 413.779 299.581 -558.909 413.779 299.296 -458.429 309.023 386.998 -450.626 309.023 387.282 -445.39 309.023 387.474 -432.999 296.105 398.288 -432.999 296.105 398.288 -420.732 296.708 398.253 -420.564 293.453 400.87 -420.315 288.603 404.769 -394.917 289.817 404.723 -394.917 289.817 404.723 -394.75 286.563 407.34 -391.45 284.277 409.293 -372.403 285.213 409.239 -369.354 287.809 407.267 -369.521 291.064 404.65 -369.521 291.064 404.65 -344.126 292.311 404.577 -344.126 292.311 404.577 -343.958 289.056 407.194 -340.658 286.771 409.148 -321.611 287.706 409.093 -318.562 290.303 407.121 -318.73 293.558 404.504 -318.73 293.558 404.504 -293.334 294.805 404.431 -293.334 294.805 404.431 -293.166 291.55 407.048 -289.866 289.265 409.002 -270.819 290.2 408.947 -267.77 292.797 406.975 -267.938 296.052 404.358 -267.938 296.052 404.358 -242.542 297.299 404.285 -242.542 297.299 404.285 -242.375 294.044 406.902 -239.075 291.759 408.856 -220.028 292.694 408.801 -216.979 295.291 406.829 -217.146 298.546 404.212 -217.146 298.546 404.212 -191.75 299.793 404.139 -191.75 299.793 404.139 -191.583 296.538 406.756 -188.283 294.253 408.71 -169.236 295.188 408.655 -166.187 297.785 406.683 -166.354 301.04 404.066 -166.354 301.04 404.066 -140.958 302.287 403.993 -140.958 302.287 403.993 -140.791 299.032 406.61 -137.491 296.746 408.564 -118.444 297.682 408.509 -115.395 300.279 406.537 -115.562 303.533 403.92 -115.562 303.533 403.92 -90.1664 304.78 403.848 -90.1664 304.78 403.848 -89.9991 301.526 406.465 -86.6991 299.24 408.418 -67.6522 300.175 408.364 -64.6032 302.772 406.392 -64.7705 306.027 403.775 -64.7705 306.027 403.775 -39.3746 307.274 403.702 -39.3746 307.274 403.702 -39.2073 304.019 406.319 -35.9073 301.734 408.272 -16.8604 302.669 408.218 -13.8114 305.266 406.246 -13.9787 308.521 403.629 -13.9787 308.521 403.629 11.4172 309.768 403.556 11.4172 309.768 403.556 11.5845 306.513 406.173 14.8845 304.228 408.126 33.9314 305.163 408.072 36.9804 307.76 406.1 36.8131 311.015 403.483 36.8131 311.015 403.483 62.209 312.262 403.41 62.209 312.262 403.41 62.3763 309.007 406.027 65.6763 306.722 407.981 84.7233 307.657 407.926 87.7722 310.254 405.954 87.6049 313.509 403.337 87.6049 313.509 403.337 113.001 314.756 403.264 113.001 314.756 403.264 113.168 311.501 405.881 116.468 309.216 407.835 135.515 310.151 407.78 138.564 312.748 405.808 138.397 316.003 403.191 138.397 316.003 403.191 163.793 317.25 403.118 163.793 317.25 403.118 163.96 313.995 405.735 167.26 311.709 407.689 186.307 312.645 407.634 189.356 315.242 405.662 189.189 318.496 403.045 189.189 318.496 403.045 214.584 319.743 402.972 214.584 319.743 402.972 214.752 316.489 405.589 218.052 314.203 407.543 237.099 315.138 407.488 240.148 317.735 405.516 239.98 320.99 402.899 239.98 320.99 402.899 265.376 322.237 402.826 265.376 322.237 402.826 265.544 318.982 405.443 268.844 316.697 407.397 287.891 317.632 407.342 290.94 320.229 405.371 290.772 323.484 402.753 290.772 323.484 402.753 316.168 324.731 402.681 316.168 324.731 402.681 316.335 321.476 405.298 319.635 319.191 407.251 338.682 320.126 407.197 341.731 322.723 405.225 341.564 325.978 402.608 341.564 325.978 402.608 366.958 327.257 402.509 366.709 332.107 398.609 366.542 335.362 395.992 378.783 335.963 395.957 378.783 335.963 395.957
  poly 39: 374.271 335.55 390.993 389.815 351.323 378.908 400.222 351.323 379.288 408.027 351.323 379.573 469.552 413.756 331.737 461.746 413.756 331.452 451.339 413.756 331.072 457.462 419.969 326.312 452.984 427.276 320.287 -542.569 427.276 283.935 -547.417 419.916 289.662 -541.53 413.779 294.8 -552.003 413.779 294.418 -559.858 413.779 294.131 -459.379 309.023 381.833 -451.524 309.023 382.12 -441.05 309.023 382.502 -428.68 296.126 393.299 -428.68 296.126 393.299 -420.736 296.516 393.276 -420.402 290.006 398.511 -420.151 285.124 402.436 -394.755 286.371 402.363 -394.755 286.371 402.363 -394.588 283.116 404.98 -391.288 280.831 406.934 -372.241 281.766 406.879 -369.192 284.363 404.907 -369.359 287.618 402.29 -369.359 287.618 402.29 -343.963 288.865 402.217 -343.963 288.865 402.217 -343.796 285.61 404.834 -340.496 283.325 406.788 -321.449 284.26 406.733 -318.4 286.857 404.761 -318.567 290.112 402.144 -318.567 290.112 402.144 -293.171 291.359 402.071 -293.171 291.359 402.071 -293.004 288.104 404.688 -289.704 285.819 406.642 -270.657 286.754 406.587 -267.608 289.351 404.616 -267.775 292.606 401.999 -267.775 292.606 401.999 -242.379 293.853 401.926 -242.379 293.853 401.926 -242.212 290.598 404.543 -238.912 288.312 406.496 -219.865 289.248 406.442 -216.816 291.845 404.47 -216.984 295.099 401.853 -216.984 295.099 401.853 -191.588 296.346 401.78 -191.588 296.346 401.78 -191.42 293.092 404.397 -188.12 290.806 406.35 -169.073 291.742 406.296 -166.024 294.338 404.324 -166.192 297.593 401.707 -166.192 297.593 401.707 -140.796 298.84 401.634 -140.796 298.84 401.634 -140.629 295.585 404.251 -137.329 293.3 406.205 -118.282 294.235 406.15 -115.233 296.832 404.178 -115.4 300.087 401.561 -115.4 300.087 401.561 -90.004 301.334 401.488 -90.004 301.334 401.488 -89.8367 298.079 404.105 -86.5367 295.794 406.059 -67.4898 296.729 406.004 -64.4408 299.326 404.032 -64.6081 302.581 401.415 -64.6081 302.581 401.415 -39.2122 303.828 401.342 -39.2122 303.828 401.342 -39.0449 300.573 403.959 -35.7449 298.288 405.913 -16.698 299.223 405.858 -13.649 301.82 403.886 -13.8163 305.075 401.269 -13.8163 305.075 401.269 11.5796 306.322 401.196 11.5796 306.322 401.196 11.747 303.067 403.813 15.0469 300.782 405.767 34.0939 301.717 405.712 37.1429 304.314 403.74 36.9755 307.569 401.123 36.9755 307.569 401.123 62.3714 308.816 401.05 62.3714 308.816 401.05 62.5388 305.561 403.667 65.8388 303.275 405.621 84.8857 304.211 405.566 87.9347 306.808 403.594 87.7674 310.062 400.977 87.7674 310.062 400.977 113.163 311.309 400.904 113.163 311.309 400.904 113.331 308.055 403.522 116.631 305.769 405.475 135.678 306.705 405.421 138.727 309.301 403.449 138.559 312.556 400.832 138.559 312.556 400.832 163.955 313.803 400.759 163.955 313.803 400.759 164.122 310.548 403.376 167.422 308.263 405.329 186.469 309.198 405.275 189.518 311.795 403.303 189.351 315.05 400.686 189.351 315.05 400.686 214.747 316.297 400.613 214.747 316.297 400.613 214.914 313.042 403.23 218.214 310.757 405.183 237.261 311.692 405.129 240.31 314.289 403.157 240.143 317.544 400.54 240.143 317.544 400.54 265.539 318.791 400.467 265.539 318.791 400.467 265.706 315.536 403.084 269.006 313.251 405.038 288.053 314.186 404.983 291.102 316.783 403.011 290.935 320.038 400.394 290.935 320.038 400.394 316.331 321.285 400.321 316.331 321.285 400.321 316.498 318.03 402.938 319.798 315.745 404.892 338.845 316.68 404.837 341.894 319.277 402.865 341.726 322.532 400.248 341.726 322.532 400.248 367.122 323.779 400.175 366.871 328.661 396.25 366.537 335.17 391.015 374.271 335.55 390.993 374.271 335.55 390.993
element 22
  poly 0: 485.605 351.078 43.464 479.247 349.826 68.1671 481.742 353.081 68.9743 488.1 354.333 44.2712 485.605 351.078 43.464
  poly 1: 483.278 354.525 43.0399 476.92 353.272 67.7429 479.415 356.527 68.5502 485.773 357.78 43.8471 483.278 354.525 43.0399
  poly 2: 472.889 348.574 92.8702 466.531 347.321 117.573 469.026 350.576 118.38 475.384 351.828 93.6774 472.889 348.574 92.8702
  poly 3: 470.562 352.02 92.446 464.204 350.768 117.149 466.699 354.022 117.956 473.057 355.275 93.2532 470.562 352.02 92.446
  poly 4: 460.173 346.069 142.276 453.814 344.816 166.979 456.309 348.071 167.787 462.668 349.324 143.084 460.173 346.069 142.276
  poly 5: 457.846 349.515 141.852 451.488 348.263 166.555 453.983 351.517 167.363 460.341 352.77 142.659 457.846 349.515 141.852
  poly 6: 447.456 343.564 191.683 441.098 342.311 216.386 443.593 345.566 217.193 449.951 346.819 192.49 447.456 343.564 191.683
  poly 7: 445.129 347.01 191.258 438.771 345.758 215.962 441.266 349.013 216.769 447.625 350.265 192.066 445.129 347.01 191.258
  poly 8: 434.74 341.059 241.089 428.382 339.807 265.792 430.877 343.061 266.599 437.235 344.314 241.896 434.74 341.059 241.089
  poly 9: 432.413 344.505 240.665 426.055 343.253 265.368 428.55 346.508 266.175 434.908 347.76 241.472 432.413 344.505 240.665
  poly 10: 422.024 338.554 290.495 415.665 337.302 315.198 418.161 340.557 316.005 424.519 341.809 291.302 422.024 338.554 290.495
  poly 11: 419.697 342.001 290.071 413.339 340.748 314.774 415.834 344.003 315.581 422.192 345.255 290.878 419.697 342.001 290.071
  poly 12: 409.307 336.049 339.901 402.949 334.797 364.604 405.444 338.052 365.411 411.802 339.304 340.708 409.307 336.049 339.901
  poly 13: 406.98 339.496 339.477 400.622 338.243 364.18 403.117 341.498 364.987 409.476 342.751 340.284 406.98 339.496 339.477
  poly 14: 497.106 356.107 9.27972 555.471 427.276 9.27972 483.135 427.276 344.473 483.135 427.276 344.473 470.084 414.032 354.621 471.182 414.032 349.531 458.538 401.201 359.362 457.165 401.201 365.724 454.761 399.597 370.77 445.278 389.974 378.143 444.521 388.37 375.555 445.894 388.37 369.192 433.25 375.54 379.023 431.877 375.54 385.386 429.473 373.936 390.432 419.99 364.313 397.805 419.234 362.709 395.216 420.607 362.709 388.854 407.963 349.878 398.685 406.864 349.878 403.775 400.5 343.42 408.723 395.878 336.167 402.578 399.086 336.799 390.115 394.096 330.29 388.5 390.353 325.407 387.289 396.711 326.66 362.586 396.711 326.66 362.586 394.216 323.405 361.779 393.14 321.12 358.086 397.908 322.06 339.558 400.574 324.657 337.076 403.07 327.912 337.883 403.07 327.912 337.883 409.428 329.165 313.18 409.428 329.165 313.18 406.933 325.91 312.373 405.856 323.625 308.68 410.625 324.565 290.152 413.291 327.162 287.67 415.786 330.417 288.477 415.786 330.417 288.477 422.144 331.67 263.774 422.144 331.67 263.774 419.649 328.415 262.967 418.572 326.13 259.273 423.341 327.069 240.746 426.007 329.667 238.264 428.502 332.922 239.071 428.502 332.922 239.071 434.86 334.174 214.368 434.86 334.174 214.368 432.365 330.92 213.56 431.289 328.635 209.867 436.057 329.574 191.34 438.723 332.172 188.857 441.219 335.427 189.665 441.219 335.427 189.665 447.577 336.679 164.961 447.577 336.679 164.961 445.082 333.424 164.154 444.005 331.14 160.461 448.774 332.079 141.934 451.44 334.677 139.451 453.935 337.932 140.258 453.935 337.932 140.258 460.293 339.184 115.555 460.293 339.184 115.555 457.798 335.929 114.748 456.721 333.645 111.055 461.49 334.584 92.5274 464.156 337.182 90.045 466.651 340.437 90.8522 466.651 340.437 90.8522 473.009 341.689 66.1491 473.009 341.689 66.1491 470.514 338.434 65.3419 469.438 336.15 61.6486 474.206 337.089 43.1213 476.872 339.687 40.6388 479.367 342.941 41.446 479.367 342.941 41.446 485.726 344.194 16.7429 489.468 349.076 17.9537 494.458 355.586 19.5681 497.106 356.107 9.27972
  poly 15: 491.968 356.236 9.27972 550.291 427.354 9.27972 479.107 427.354 339.133 479.107 427.354 339.133 465.979 414.032 349.341 465.99 414.032 349.29 453.335 401.201 359.172 451.962 401.201 365.534 449.557 399.597 370.58 440.074 389.974 377.953 439.318 388.37 375.365 440.691 388.37 369.002 428.047 375.54 378.833 426.674 375.54 385.196 424.27 373.936 390.242 414.787 364.313 397.615 414.03 362.709 395.026 415.403 362.709 388.664 402.77 349.878 398.444 402.759 349.878 398.495 396.801 343.833 403.127 392.18 336.58 396.982 394.264 336.991 388.883 391.769 333.736 388.076 388.051 328.886 386.873 394.385 330.106 362.162 394.385 330.106 362.162 391.89 326.851 361.355 390.813 324.567 357.662 395.582 325.506 339.134 398.248 328.104 336.652 400.743 331.359 337.459 400.743 331.359 337.459 407.101 332.611 312.756 407.101 332.611 312.756 404.606 329.356 311.949 403.529 327.072 308.255 408.298 328.011 289.728 410.964 330.609 287.246 413.459 333.863 288.053 413.459 333.863 288.053 419.817 335.116 263.35 419.817 335.116 263.35 417.322 331.861 262.542 416.246 329.576 258.849 421.014 330.516 240.322 423.68 333.113 237.839 426.175 336.368 238.647 426.175 336.368 238.647 432.534 337.621 213.943 432.534 337.621 213.943 430.039 334.366 213.136 428.962 332.081 209.443 433.731 333.021 190.916 436.397 335.618 188.433 438.892 338.873 189.24 438.892 338.873 189.24 445.25 340.126 164.537 445.25 340.126 164.537 442.755 336.871 163.73 441.678 334.586 160.037 446.447 335.526 141.509 449.113 338.123 139.027 451.608 341.378 139.834 451.608 341.378 139.834 457.966 342.63 115.131 457.966 342.63 115.131 455.471 339.376 114.324 454.395 337.091 110.631 459.163 338.03 92.1033 461.829 340.628 89.6208 464.324 343.883 90.428 464.324 343.883 90.428 470.683 345.135 65.7249 470.683 345.135 65.7249 468.187 341.88 64.9177 467.111 339.596 61.2244 471.88 340.535 42.6971 474.546 343.133 40.2146 477.041 346.388 41.0218 477.041 346.388 41.0218 483.424 347.673 16.3268 487.141 352.522 17.5296 489.637 355.777 18.3368 491.968 356.236 9.27972
element 23
  poly 0: 467.945 351.594 42.1988 461.913 350.406 65.6367 464.408 353.661 66.4439 470.44 354.849 43.006 467.945 351.594 42.1988
  poly 1: 465.618 355.041 41.7746 459.586 353.852 65.2125 462.081 357.107 66.0197 468.113 358.295 42.5818 465.618 355.041 41.7746
  poly 2: 455.88 349.218 89.0745 449.848 348.029 112.512 452.343 351.284 113.32 458.375 352.473 89.8817 455.88 349.218 89.0745
  poly 3: 453.553 352.664 88.6504 447.521 351.476 112.088 450.016 354.731 112.895 456.048 355.919 89.4576 453.553 352.664 88.6504
  poly 4: 443.815 346.841 135.95 437.783 345.653 159.388 440.278 348.908 160.195 446.31 350.096 136.757 443.815 346.841 135.95
  poly 5: 441.488 350.288 135.526 435.456 349.099 158.964 437.951 352.354 159.771 443.983 353.542 136.333 441.488 350.288 135.526
  poly 6: 431.75 344.465 182.826 425.717 343.276 206.264 428.213 346.531 207.071 434.245 347.719 183.633 431.75 344.465 182.826
  poly 7: 429.423 347.911 182.402 423.391 346.723 205.84 425.886 349.978 206.647 431.918 351.166 183.209 429.423 347.911 182.402
  poly 8: 419.685 342.088 229.702 413.652 340.9 253.14 416.148 344.155 253.947 422.18 345.343 230.509 419.685 342.088 229.702
  poly 9: 417.358 345.534 229.278 411.326 344.346 252.716 413.821 347.601 253.523 419.853 348.789 230.085 417.358 345.534 229.278
  poly 10: 407.62 339.712 276.578 401.587 338.523 300.015 404.083 341.778 300.823 410.115 342.966 277.385 407.62 339.712 276.578
  poly 11: 405.293 343.158 276.153 399.261 341.97 299.591 401.756 345.224 300.398 407.788 346.413 276.961 405.293 343.158 276.153
  poly 12: 395.555 337.335 323.453 389.522 336.147 346.891 392.017 339.402 347.698 398.05 340.59 324.26 395.555 337.335 323.453
  poly 13: 393.228 340.781 323.029 387.196 339.593 346.467 389.691 342.848 347.274 395.723 344.036 323.836 393.228 340.781 323.029
  poly 14: 475.872 362.827 48.1553 472.693 362.201 60.5068 475.188 365.456 61.314 478.367 366.082 48.9625 475.872 362.827 48.1553
  poly 15: 473.545 366.274 47.7311 470.366 365.648 60.0827 472.861 368.902 60.8899 476.04 369.529 48.5383 473.545 366.274 47.7311
  poly 16: 463.156 360.323 97.5614 459.977 359.696 109.913 462.472 362.951 110.72 465.651 363.577 98.3687 463.156 360.323 97.5614
  poly 17: 460.829 363.769 97.1373 457.65 363.143 109.489 460.145 366.398 110.296 463.324 367.024 97.9445 460.829 363.769 97.1373
  poly 18: 450.439 357.818 146.968 447.26 357.192 159.319 449.755 360.446 160.126 452.934 361.073 147.775 450.439 357.818 146.968
  poly 19: 448.113 361.264 146.543 444.933 360.638 158.895 447.428 363.893 159.702 450.608 364.519 147.351 448.113 361.264 146.543
  poly 20: 437.723 355.313 196.374 434.544 354.687 208.725 437.039 357.942 209.533 440.218 358.568 197.181 437.723 355.313 196.374
  poly 21: 435.396 358.759 195.95 432.217 358.133 208.301 434.712 361.388 209.108 437.891 362.014 196.757 435.396 358.759 195.95
  poly 22: 425.007 352.808 245.78 421.828 352.182 258.132 424.323 355.437 258.939 427.502 356.063 246.587 425.007 352.808 245.78
  poly 23: 422.68 356.254 245.356 419.501 355.628 257.707 421.996 358.883 258.515 425.175 359.509 246.163 422.68 356.254 245.356
  poly 24: 412.29 350.303 295.186 409.111 349.677 307.538 411.606 352.932 308.345 414.785 353.558 295.993 412.29 350.303 295.186
  poly 25: 409.964 353.75 294.762 406.784 353.123 307.114 409.28 356.378 307.921 412.459 357.004 295.569 409.964 353.75 294.762
  poly 26: 399.574 347.798 344.592 396.395 347.172 356.944 398.89 350.427 357.751 402.069 351.053 345.4 399.574 347.798 344.592
  poly 27: 397.247 351.245 344.168 394.068 350.618 356.52 396.563 353.873 357.327 399.742 354.5 344.975 397.247 351.245 344.168
  poly 28: 479.121 356.559 9.27972 537.341 427.551 9.27972 469.038 427.551 325.783 469.038 427.551 325.783 455.444 413.756 336.352 456.543 413.756 331.262 436.035 392.945 347.207 434.936 392.945 352.297 431.677 392.425 365.421 427.063 387.743 369.008 425.965 387.743 374.098 423.859 386.442 378.912 416.168 378.638 384.892 415.71 377.337 382.071 416.809 377.337 376.981 412.195 372.655 380.569 414.428 372.134 368.243 415.526 372.134 363.153 395.018 351.323 379.098 393.92 351.323 384.188 387.555 344.865 389.137 382.934 337.612 382.991 385.985 338.213 371.136 380.995 331.704 369.522 471.483 349.528 17.9537 476.473 356.037 19.5681 479.121 356.559 9.27972
  poly 29: 473.982 356.688 9.27972 532.161 427.63 9.27972 465.01 427.63 320.443 465.01 427.63 320.443 451.339 413.756 331.072 451.35 413.756 331.021 430.831 392.945 347.017 429.733 392.945 352.107 426.474 392.425 365.231 421.859 387.743 368.818 420.761 387.743 373.908 418.655 386.442 378.722 410.965 378.638 384.702 410.507 377.337 381.881 411.605 377.337 376.791 406.991 372.655 380.379 409.224 372.134 368.053 410.323 372.134 362.963 389.826 351.323 378.857 389.815 351.323 378.908 383.857 345.277 383.54 379.235 338.025 377.395 381.163 338.405 369.905 378.668 335.15 369.098 469.156 352.974 17.5296 471.651 356.229 18.3368 473.982 356.688 9.27972
element 24
  poly 0: -502.464 275.996 9.27972 -553.192 202.034 9.27972 -518.866 202.034 354.13 -518.866 202.034 354.13 -507.54 217.114 364.017 -508.02 217.114 359.188 -491.979 238.47 373.189 -491.379 238.47 379.225 -489.013 241.14 384.596 -476.982 257.157 395.097 -475.338 259.826 393.226 -475.938 259.826 387.19 -459.898 281.183 401.191 -459.417 281.183 406.02 -454.089 288.276 410.67 -449.654 295.589 404.837 -451.271 294.989 392.724 -451.294 294.955 392.729 -454.593 293.757 367.844 -452.277 297.203 367.364 -446.57 305.788 365.542 -447.317 305.511 359.944 -445.001 308.957 359.464 -443.472 311.465 357.549 -444.718 311.003 348.219 -446.662 308.341 347.024 -448.978 304.895 347.503 -449.726 304.617 341.905 -455.598 295.971 342.483 -457.914 292.524 342.963 -461.236 291.292 318.082 -458.92 294.738 317.602 -453.214 303.323 315.781 -453.961 303.046 310.182 -451.645 306.492 309.702 -450.116 309 307.787 -451.361 308.538 298.457 -453.306 305.876 297.262 -455.622 302.43 297.742 -456.369 302.152 292.144 -462.242 293.506 292.722 -464.558 290.06 293.202 -467.88 288.827 268.321 -465.564 292.273 267.841 -459.857 300.858 266.019 -460.605 300.581 260.421 -458.289 304.027 259.941 -456.759 306.535 258.026 -458.005 306.073 248.696 -459.95 303.411 247.501 -462.266 299.965 247.981 -463.013 299.688 242.382 -468.886 291.041 242.96 -471.202 287.595 243.44 -474.524 286.362 218.559 -472.208 289.809 218.08 -466.501 298.393 216.258 -467.248 298.116 210.66 -464.932 301.562 210.18 -463.403 304.07 208.265 -464.649 303.608 198.934 -466.593 300.946 197.739 -468.909 297.5 198.219 -469.657 297.223 192.621 -475.529 288.576 193.199 -477.845 285.13 193.679 -481.167 283.897 168.798 -478.851 287.344 168.318 -473.145 295.929 166.496 -473.892 295.651 160.898 -471.576 299.098 160.418 -470.047 301.605 158.503 -471.292 301.143 149.173 -473.237 298.481 147.978 -475.553 295.035 148.458 -476.3 294.758 142.86 -482.173 286.111 143.437 -484.489 282.665 143.917 -487.811 281.432 119.037 -485.495 284.879 118.557 -479.788 293.464 116.735 -480.536 293.186 111.137 -478.22 296.633 110.657 -476.69 299.14 108.742 -477.936 298.678 99.4116 -479.881 296.016 98.2165 -482.196 292.57 98.6964 -482.944 292.293 93.0982 -488.817 283.646 93.676 -491.133 280.2 94.1559 -494.454 278.967 69.2752 -492.139 282.414 68.7953 -486.432 290.999 66.9735 -487.179 290.721 61.3753 -484.863 294.168 60.8954 -483.334 296.675 58.9805 -484.58 296.213 49.6502 -486.524 293.552 48.4551 -488.84 290.105 48.935 -489.588 289.828 43.3368 -495.46 281.181 43.9146 -497.776 277.735 44.3945 -501.121 276.468 19.5186 -501.098 276.503 19.5138 -502.464 275.996 9.27972
  poly 1: -497.444 276.22 9.27972 -548.197 202.22 9.27972 -514.358 202.22 349.247 -514.358 202.22 349.247 -503.171 217.114 359.012 -503.176 217.114 358.963 -487.13 238.47 373.013 -486.529 238.47 379.048 -484.164 241.14 384.42 -472.133 257.157 394.921 -470.489 259.826 393.049 -471.089 259.826 387.014 -455.053 281.183 400.966 -455.048 281.183 401.015 -449.738 288.252 405.649 -445.303 295.565 399.816 -446.339 295.181 392.056 -448.655 291.735 392.536 -451.977 290.502 367.656 -449.661 293.948 367.176 -443.954 302.533 365.354 -444.702 302.256 359.756 -442.386 305.702 359.276 -440.856 308.21 357.361 -442.102 307.748 348.031 -444.047 305.086 346.836 -446.363 301.64 347.315 -447.11 301.363 341.717 -452.983 292.716 342.295 -455.299 289.27 342.775 -458.621 288.037 317.894 -456.305 291.483 317.414 -450.598 300.068 315.593 -451.345 299.791 309.994 -449.029 303.237 309.514 -447.5 305.745 307.599 -448.746 305.283 298.269 -450.69 302.621 297.074 -453.006 299.175 297.554 -453.754 298.898 291.956 -459.626 290.251 292.534 -461.942 286.805 293.014 -465.264 285.572 268.133 -462.948 289.019 267.653 -457.242 297.604 265.831 -457.989 297.326 260.233 -455.673 300.773 259.753 -454.144 303.28 257.838 -455.389 302.818 248.508 -457.334 300.156 247.313 -459.65 296.71 247.793 -460.397 296.433 242.194 -466.27 287.786 242.772 -468.586 284.34 243.252 -471.908 283.107 218.371 -469.592 286.554 217.892 -463.885 295.139 216.07 -464.633 294.861 210.472 -462.317 298.308 209.992 -460.787 300.815 208.077 -462.033 300.353 198.746 -463.978 297.691 197.551 -466.294 294.245 198.031 -467.041 293.968 192.433 -472.914 285.321 193.011 -475.23 281.875 193.491 -478.552 280.642 168.61 -476.236 284.089 168.13 -470.529 292.674 166.308 -471.276 292.396 160.71 -468.96 295.843 160.23 -467.431 298.35 158.315 -468.677 297.888 148.985 -470.621 295.227 147.79 -472.937 291.78 148.27 -473.685 291.503 142.672 -479.557 282.856 143.249 -481.873 279.41 143.729 -485.195 278.178 118.849 -482.879 281.624 118.369 -477.173 290.209 116.547 -477.92 289.932 110.949 -475.604 293.378 110.469 -474.075 295.886 108.554 -475.32 295.423 99.2236 -477.265 292.762 98.0285 -479.581 289.315 98.5084 -480.328 289.038 92.9102 -486.201 280.391 93.488 -488.517 276.945 93.9679 -491.839 275.713 69.0872 -489.523 279.159 68.6073 -483.816 287.744 66.7855 -484.564 287.467 61.1873 -482.248 290.913 60.7074 -480.718 293.421 58.7925 -481.964 292.958 49.4622 -483.909 290.297 48.2671 -486.224 286.85 48.747 -486.972 286.573 43.1488 -492.845 277.926 43.7266 -495.161 274.48 44.2065 -498.482 273.248 19.3258 -496.167 276.694 18.8459 -497.444 276.22 9.27972
element 25
  poly 0: -445.438 282.365 367.186 -448.76 281.133 342.305 -446.444 284.579 341.825 -443.122 285.811 366.706 -445.438 282.365 367.186
  poly 1: -442.822 279.11 366.998 -446.144 277.878 342.117 -443.828 281.324 341.637 -440.506 282.557 366.518 -442.822 279.11 366.998
  poly 2: -452.081 279.9 317.424 -455.403 278.668 292.544 -453.087 282.114 292.064 -449.766 283.346 316.944 -452.081 279.9 317.424
  poly 3: -449.466 276.645 317.236 -452.788 275.413 292.356 -450.472 278.859 291.876 -447.15 280.092 316.756 -449.466 276.645 317.236
  poly 4: -458.725 277.435 267.663 -462.047 276.203 242.782 -459.731 279.649 242.302 -456.409 280.882 267.183 -458.725 277.435 267.663
  poly 5: -456.109 274.18 267.475 -459.431 272.948 242.594 -457.115 276.394 242.114 -453.794 277.627 266.995 -456.109 274.18 267.475
  poly 6: -465.369 274.97 217.901 -468.691 273.738 193.021 -466.375 277.184 192.541 -463.053 278.417 217.422 -465.369 274.97 217.901
  poly 7: -462.753 271.715 217.713 -466.075 270.483 192.833 -463.759 273.929 192.353 -460.437 275.162 217.234 -462.753 271.715 217.713
  poly 8: -472.012 272.505 168.14 -475.334 271.273 143.259 -473.018 274.719 142.779 -469.696 275.952 167.66 -472.012 272.505 168.14
  poly 9: -469.397 269.251 167.952 -472.719 268.018 143.071 -470.403 271.464 142.591 -467.081 272.697 167.472 -469.397 269.251 167.952
  poly 10: -478.656 270.04 118.379 -481.978 268.808 93.4979 -479.662 272.254 93.018 -476.34 273.487 117.899 -478.656 270.04 118.379
  poly 11: -476.04 266.786 118.191 -479.362 265.553 93.3099 -477.046 269 92.83 -473.724 270.232 117.711 -476.04 266.786 118.191
  poly 12: -485.3 267.576 68.6172 -488.622 266.343 43.7365 -486.306 269.789 43.2566 -482.984 271.022 68.1373 -485.3 267.576 68.6172
  poly 13: -482.684 264.321 68.4292 -486.006 263.088 43.5485 -483.69 266.535 43.0686 -480.368 267.767 67.9493 -482.684 264.321 68.4292
  poly 14: -484.892 276.782 9.27972 -535.712 202.685 9.27972 -503.088 202.685 337.039 -503.088 202.685 337.039 -492.738 216.464 346.073 -493.219 216.464 341.244 -477.036 238.008 355.369 -476.556 238.008 360.197 -474.95 238.547 372.622 -471.309 243.395 375.8 -470.828 243.395 380.628 -469.456 244.741 385.132 -463.388 252.82 390.429 -462.737 254.167 387.691 -463.217 254.167 382.862 -459.576 259.015 386.04 -460.373 259.553 374.322 -460.854 259.553 369.493 -444.671 281.098 383.618 -444.191 281.098 388.447 -438.862 288.192 393.097 -434.427 295.505 387.264 -436.039 294.907 375.188 -436.063 294.872 375.193 -439.205 293.732 351.476 -436.31 298.04 350.876 -434.969 300.478 347.552 -437.343 299.597 329.769 -439.476 296.866 327.165 -442.371 292.558 327.765 -445.537 291.383 304.053 -442.642 295.691 303.453 -441.301 298.129 300.129 -443.675 297.248 282.345 -445.808 294.516 279.741 -448.702 290.209 280.341 -451.868 289.034 256.63 -448.973 293.342 256.03 -447.632 295.78 252.706 -450.006 294.899 234.922 -452.139 292.167 232.318 -455.034 287.859 232.918 -458.2 286.685 209.207 -455.305 290.993 208.607 -453.964 293.431 205.283 -456.338 292.55 187.499 -458.47 289.818 184.895 -461.365 285.51 185.495 -464.531 284.336 161.783 -461.636 288.644 161.183 -460.295 291.082 157.86 -462.669 290.201 140.076 -464.802 287.469 137.472 -467.697 283.161 138.072 -470.863 281.987 114.36 -467.968 286.295 113.76 -466.626 288.733 110.436 -469.001 287.852 92.6527 -471.133 285.12 90.0487 -474.028 280.812 90.6486 -477.194 279.638 66.937 -474.299 283.946 66.3371 -472.958 286.383 63.0132 -475.332 285.503 45.2295 -477.465 282.771 42.6255 -480.36 278.463 43.2254 -483.549 277.254 19.5186 -483.526 277.289 19.5138 -484.892 276.782 9.27972
  poly 15: -479.871 277.006 9.27972 -530.717 202.871 9.27972 -498.58 202.871 332.156 -498.58 202.871 332.156 -488.37 216.464 341.068 -488.375 216.464 341.019 -472.187 238.008 355.192 -471.707 238.008 360.021 -470.101 238.547 372.445 -466.459 243.395 375.623 -465.979 243.395 380.452 -464.607 244.741 384.956 -458.538 252.82 390.253 -457.888 254.167 387.514 -458.368 254.167 382.686 -454.727 259.015 385.864 -455.524 259.553 374.145 -456.005 259.553 369.317 -439.827 281.098 383.393 -439.822 281.098 383.442 -434.512 288.168 388.076 -430.077 295.481 382.243 -431.108 295.098 374.52 -433.424 291.652 375 -436.59 290.477 351.288 -433.695 294.785 350.688 -432.353 297.223 347.364 -434.728 296.342 329.581 -436.86 293.611 326.977 -439.755 289.303 327.577 -442.921 288.128 303.865 -440.026 292.436 303.265 -438.685 294.874 299.941 -441.059 293.993 282.157 -443.192 291.262 279.553 -446.087 286.954 280.153 -449.252 285.779 256.442 -446.358 290.087 255.842 -445.016 292.525 252.518 -447.391 291.644 234.734 -449.523 288.913 232.13 -452.418 284.605 232.73 -455.584 283.43 209.019 -452.689 287.738 208.419 -451.348 290.176 205.095 -453.722 289.295 187.311 -455.855 286.563 184.707 -458.75 282.256 185.307 -461.915 281.081 161.595 -459.021 285.389 160.995 -457.679 287.827 157.672 -460.054 286.946 139.888 -462.186 284.214 137.284 -465.081 279.906 137.884 -468.247 278.732 114.172 -465.352 283.04 113.572 -464.011 285.478 110.248 -466.385 284.597 92.4647 -468.518 281.865 89.8607 -471.413 277.557 90.4606 -474.578 276.383 66.749 -471.683 280.691 66.1491 -470.342 283.129 62.8252 -472.717 282.248 45.0415 -474.849 279.516 42.4375 -477.744 275.208 43.0374 -480.91 274.034 19.3258 -478.594 277.48 18.8459 -479.871 277.006 9.27972
element 26
  poly 0: 419.746 307.093 391.711 433.569 292.094 380.964 428.467 292.094 381.149 414.645 307.093 391.896 419.746 307.093 391.711
  poly 1: 421.184 307.093 386.812 435.006 292.094 376.065 429.905 292.094 376.251 416.082 307.093 386.998 421.184 307.093 386.812
  poly 2: 447.391 277.094 370.217 461.213 262.095 359.47 456.112 262.095 359.655 442.289 277.094 370.402 447.391 277.094 370.217
  poly 3: 448.828 277.094 365.318 462.651 262.095 354.571 457.549 262.095 354.757 443.727 277.094 365.504 448.828 277.094 365.318
  poly 4: 475.035 247.095 348.723 488.858 232.096 337.976 483.756 232.096 338.161 469.934 247.095 348.908 475.035 247.095 348.723
  poly 5: 476.473 247.095 343.824 490.295 232.096 333.077 485.194 232.096 333.263 471.371 247.095 344.01 476.473 247.095 343.824
  poly 6: -491.499 238.47 378.018 -475.458 259.826 392.019 -470.609 259.826 391.842 -486.65 238.47 377.841 -491.499 238.47 378.018
  poly 7: -491.979 238.47 373.189 -475.938 259.826 387.19 -471.089 259.826 387.014 -487.13 238.47 373.013 -491.979 238.47 373.189
  poly 8: -470.828 243.395 380.628 -462.737 254.167 387.691 -457.888 254.167 387.514 -465.979 243.395 380.452 -470.828 243.395 380.628
  poly 9: -471.309 243.395 375.8 -463.217 254.167 382.862 -458.368 254.167 382.686 -466.459 243.395 375.623 -471.309 243.395 375.8
  poly 10: 404.513 304.248 390.322 411.549 296.613 384.852 406.447 296.613 385.037 399.412 304.248 390.508 404.513 304.248 390.322
  poly 11: 405.951 304.248 385.424 412.986 296.613 379.953 407.885 296.613 380.139 400.849 304.248 385.609 405.951 304.248 385.424
  poly 12: 432.656 273.708 368.44 439.692 266.073 362.97 434.59 266.073 363.156 427.555 273.708 368.626 432.656 273.708 368.44
  poly 13: 434.094 273.708 363.542 441.129 266.073 358.072 436.028 266.073 358.257 428.992 273.708 363.728 434.094 273.708 363.542
  poly 14: 460.799 243.168 346.559 467.835 235.533 341.089 462.734 235.533 341.274 455.698 243.168 346.745 460.799 243.168 346.559
  poly 15: 462.237 243.168 341.661 469.272 235.533 336.19 464.171 235.533 336.376 457.135 243.168 341.846 462.237 243.168 341.661
  poly 16: 341.894 319.277 402.865 316.498 318.03 402.938 316.335 321.476 405.298 341.731 322.723 405.225 341.894 319.277 402.865
  poly 17: 341.726 322.532 400.248 316.331 321.285 400.321 316.168 324.731 402.681 341.564 325.978 402.608 341.726 322.532 400.248
  poly 18: 291.102 316.783 403.011 265.706 315.536 403.084 265.544 318.982 405.443 290.94 320.229 405.371 291.102 316.783 403.011
  poly 19: 290.935 320.038 400.394 265.539 318.791 400.467 265.376 322.237 402.826 290.772 323.484 402.753 290.935 320.038 400.394
  poly 20: 240.31 314.289 403.157 214.914 313.042 403.23 214.752 316.489 405.589 240.148 317.735 405.516 240.31 314.289 403.157
  poly 21: 240.143 317.544 400.54 214.747 316.297 400.613 214.584 319.743 402.972 239.98 320.99 402.899 240.143 317.544 400.54
  poly 22: 189.518 311.795 403.303 164.122 310.548 403.376 163.96 313.995 405.735 189.356 315.242 405.662 189.518 311.795 403.303
  poly 23: 189.351 315.05 400.686 163.955 313.803 400.759 163.793 317.25 403.118 189.189 318.496 403.045 189.351 315.05 400.686
  poly 24: 138.727 309.301 403.449 113.331 308.055 403.522 113.168 311.501 405.881 138.564 312.748 405.808 138.727 309.301 403.449
  poly 25: 138.559 312.556 400.832 113.163 311.309 400.904 113.001 314.756 403.264 138.397 316.003 403.191 138.559 312.556 400.832
  poly 26: 87.9347 306.808 403.594 62.5388 305.561 403.667 62.3763 309.007 406.027 87.7722 310.254 405.954 87.9347 306.808 403.594
  poly 27: 87.7674 310.062 400.977 62.3714 308.816 401.05 62.209 312.262 403.41 87.6049 313.509 403.337 87.7674 310.062 400.977
  poly 28: 37.1429 304.314 403.74 11.747 303.067 403.813 11.5845 306.513 406.173 36.9804 307.76 406.1 37.1429 304.314 403.74
  poly 29: 36.9755 307.569 401.123 11.5796 306.322 401.196 11.4172 309.768 403.556 36.8131 311.015 403.483 36.9755 307.569 401.123
  poly 30: -13.649 301.82 403.886 -39.0449 300.573 403.959 -39.2073 304.019 406.319 -13.8114 305.266 406.246 -13.649 301.82 403.886
  poly 31: -13.8163 305.075 401.269 -39.2122 303.828 401.342 -39.3746 307.274 403.702 -13.9787 308.521 403.629 -13.8163 305.075 401.269
  poly 32: -64.4408 299.326 404.032 -89.8367 298.079 404.105 -89.9991 301.526 406.465 -64.6032 302.772 406.392 -64.4408 299.326 404.032
  poly 33: -64.6081 302.581 401.415 -90.004 301.334 401.488 -90.1664 304.78 403.848 -64.7705 306.027 403.775 -64.6081 302.581 401.415
  poly 34: -115.233 296.832 404.178 -140.629 295.585 404.251 -140.791 299.032 406.61 -115.395 300.279 406.537 -115.233 296.832 404.178
  poly 35: -115.4 300.087 401.561 -140.796 298.84 401.634 -140.958 302.287 403.993 -115.562 303.533 403.92 -115.4 300.087 401.561
  poly 36: -166.024 294.338 404.324 -191.42 293.092 404.397 -191.583 296.538 406.756 -166.187 297.785 406.683 -166.024 294.338 404.324
  poly 37: -166.192 297.593 401.707 -191.588 296.346 401.78 -191.75 299.793 404.139 -166.354 301.04 404.066 -166.192 297.593 401.707
  poly 38: -216.816 291.845 404.47 -242.212 290.598 404.543 -242.375 294.044 406.902 -216.979 295.291 406.829 -216.816 291.845 404.47
  poly 39: -216.984 295.099 401.853 -242.379 293.853 401.926 -242.542 297.299 404.285 -217.146 298.546 404.212 -216.984 295.099 401.853
  poly 40: -267.608 289.351 404.616 -293.004 288.104 404.688 -293.166 291.55 407.048 -267.77 292.797 406.975 -267.608 289.351 404.616
  poly 41: -267.775 292.606 401.999 -293.171 291.359 402.071 -293.334 294.805 404.431 -267.938 296.052 404.358 -267.775 292.606 401.999
  poly 42: -318.4 286.857 404.761 -343.796 285.61 404.834 -343.958 289.056 407.194 -318.562 290.303 407.121 -318.4 286.857 404.761
  poly 43: -318.567 290.112 402.144 -343.963 288.865 402.217 -344.126 292.311 404.577 -318.73 293.558 404.504 -318.567 290.112 402.144
  poly 44: -369.192 284.363 404.907 -394.588 283.116 404.98 -394.75 286.563 407.34 -369.354 287.809 407.267 -369.192 284.363 404.907
  poly 45: -369.359 287.618 402.29 -394.755 286.371 402.363 -394.917 289.817 404.723 -369.521 291.064 404.65 -369.359 287.618 402.29
  poly 46: 508.59 210.683 322.634 502.68 217.096 327.229 507.782 217.096 327.043 411.026 322.093 402.272 405.924 322.093 402.457 391.931 337.278 413.337 391.931 337.278 413.337 380.277 336.706 413.371 380.44 333.259 411.011 355.705 332.045 411.082 355.502 336.353 414.032 352.288 338.786 415.81 333.737 337.875 415.863 330.767 335.138 414.103 330.97 330.83 411.153 306.236 329.616 411.224 306.033 333.924 414.174 302.819 336.357 415.952 284.268 335.446 416.006 281.298 332.709 414.245 281.501 328.402 411.295 256.766 327.187 411.366 256.563 331.495 414.316 253.349 333.928 416.094 234.798 333.017 416.148 231.828 330.281 414.387 232.032 325.973 411.437 207.297 324.758 411.508 207.094 329.066 414.458 203.88 331.499 416.236 185.329 330.588 416.29 182.359 327.852 414.529 182.562 323.544 411.579 157.827 322.329 411.651 157.624 326.637 414.6 154.411 329.07 416.378 135.86 328.159 416.432 132.89 325.423 414.671 133.093 321.115 411.722 108.358 319.9 411.793 108.155 324.208 414.742 104.941 326.641 416.521 86.3904 325.73 416.574 83.4204 322.994 414.813 83.6235 318.686 411.864 58.8888 317.472 411.935 58.6858 321.779 414.884 55.4721 324.212 416.663 36.9211 323.302 416.716 33.9511 320.565 414.955 34.1541 316.257 412.006 9.41944 315.043 412.077 9.2164 319.351 415.026 6.00274 321.783 416.805 -12.5483 320.873 416.858 -15.5183 318.136 415.097 -15.3152 313.828 412.148 -40.0499 312.614 412.219 -40.253 316.922 415.168 -43.4666 319.355 416.947 -62.0176 318.444 417 -64.9876 315.707 415.239 -64.7846 311.399 412.29 -89.5193 310.185 412.361 -89.7223 314.493 415.31 -92.936 316.926 417.089 -111.487 316.015 417.142 -114.457 313.278 415.381 -114.254 308.97 412.432 -138.989 307.756 412.503 -139.192 312.064 415.452 -142.405 314.497 417.231 -160.956 313.586 417.284 -163.926 310.849 415.523 -163.723 306.542 412.574 -188.458 305.327 412.645 -188.661 309.635 415.594 -191.875 312.068 417.373 -210.426 311.157 417.426 -213.396 308.42 415.665 -213.193 304.113 412.716 -237.927 302.898 412.787 -238.13 307.206 415.736 -241.344 309.639 417.515 -259.895 308.728 417.568 -262.865 305.992 415.808 -262.662 301.684 412.858 -287.397 300.469 412.929 -287.6 304.777 415.879 -290.813 307.21 417.657 -309.364 306.299 417.71 -312.334 303.563 415.95 -312.131 299.255 413 -336.866 298.04 413.071 -337.069 302.348 416.021 -340.283 304.781 417.799 -358.834 303.87 417.852 -361.804 301.134 416.092 -361.601 296.826 413.142 -386.335 295.611 413.213 -386.538 299.919 416.163 -389.752 302.352 417.941 -408.303 301.441 417.995 -411.273 298.705 416.234 -411.07 294.397 413.284 -435.805 293.183 413.355 -435.967 296.629 415.715 -448.269 296.025 415.75 -448.269 296.025 415.75 -459.417 281.183 406.02 -464.266 281.183 406.196 -512.389 217.114 364.193 -507.54 217.114 364.017 -512.789 210.125 359.435 -508.001 202.871 354.306 503.789 202.871 317.473 508.59 210.683 322.634
  poly 47: 505.097 210.497 317.788 499.016 217.096 322.516 509.219 217.096 322.145 412.463 322.093 397.373 402.26 322.093 397.745 388.594 336.923 408.37 388.594 336.923 408.37 380.272 336.514 408.394 380.274 336.48 408.371 355.538 335.3 408.465 355.335 339.608 411.415 352.121 342.041 413.193 333.57 341.13 413.246 330.6 338.393 411.486 330.803 334.085 408.536 306.068 332.871 408.607 305.865 337.179 411.557 302.652 339.612 413.335 284.101 338.701 413.388 281.131 335.964 411.628 281.334 331.656 408.678 256.599 330.442 408.749 256.396 334.75 411.699 253.182 337.183 413.477 234.631 336.272 413.531 231.661 333.535 411.77 231.864 329.228 408.82 207.13 328.013 408.891 206.926 332.321 411.841 203.713 334.754 413.619 185.162 333.843 413.673 182.192 331.107 411.912 182.395 326.799 408.962 157.66 325.584 409.033 157.457 329.892 411.983 154.243 332.325 413.761 135.692 331.414 413.815 132.722 328.678 412.054 132.925 324.37 409.104 108.191 323.155 409.176 107.988 327.463 412.125 104.774 329.896 413.903 86.2231 328.985 413.957 83.2531 326.249 412.196 83.4561 321.941 409.247 58.7215 320.726 409.318 58.5184 325.034 412.267 55.3048 327.467 414.046 36.7538 326.556 414.099 33.7838 323.82 412.338 33.9868 319.512 409.389 9.25212 318.297 409.46 9.04908 322.605 412.409 5.83542 325.038 414.188 -12.7156 324.127 414.241 -15.6856 321.391 412.48 -15.4826 317.083 409.531 -40.2172 315.869 409.602 -40.4203 320.176 412.551 -43.6339 322.609 414.33 -62.1849 321.699 414.383 -65.155 318.962 412.622 -64.9519 314.654 409.673 -89.6866 313.44 409.744 -89.8896 317.748 412.693 -93.1033 320.181 414.472 -111.654 319.27 414.525 -114.624 316.533 412.764 -114.421 312.225 409.815 -139.156 311.011 409.886 -139.359 315.319 412.835 -142.573 317.752 414.614 -161.124 316.841 414.667 -164.094 314.104 412.906 -163.891 309.796 409.957 -188.625 308.582 410.028 -188.828 312.89 412.977 -192.042 315.323 414.756 -210.593 314.412 414.809 -213.563 311.675 413.048 -213.36 307.367 410.099 -238.095 306.153 410.17 -238.298 310.461 413.119 -241.511 312.894 414.898 -260.062 311.983 414.951 -263.032 309.246 413.19 -262.829 304.939 410.241 -287.564 303.724 410.312 -287.767 308.032 413.262 -290.981 310.465 415.04 -309.532 309.554 415.093 -312.502 306.818 413.333 -312.299 302.51 410.383 -337.033 301.295 410.454 -337.236 305.603 413.404 -340.45 308.036 415.182 -359.001 307.125 415.235 -361.971 304.389 413.475 -361.768 300.081 410.525 -386.503 298.866 410.596 -386.706 303.174 413.546 -389.919 305.607 415.324 -408.47 304.696 415.377 -411.44 301.96 413.617 -411.237 297.652 410.667 -435.97 296.403 410.715 -435.972 296.437 410.738 -443.882 296.049 410.761 -443.882 296.049 410.761 -455.048 281.183 401.015 -464.747 281.183 401.368 -512.869 217.114 359.365 -503.171 217.114 359.012 -508.56 209.94 354.308 -503.772 202.685 349.179 500.296 202.685 312.628 505.097 210.497 317.788
element 27
  poly 0: 406.026 308.066 375.913 420.098 292.796 364.972 414.996 292.796 365.158 400.925 308.066 376.099 406.026 308.066 375.913
  poly 1: 407.463 308.066 371.015 421.535 292.796 360.074 416.434 292.796 360.26 402.362 308.066 371.2 407.463 308.066 371.015
  poly 2: 434.169 277.526 354.032 448.241 262.256 343.091 443.139 262.256 343.276 429.068 277.526 354.217 434.169 277.526 354.032
  poly 3: 435.607 277.526 349.133 449.678 262.256 338.192 444.577 262.256 338.378 430.505 277.526 349.319 435.607 277.526 349.133
  poly 4: 462.312 246.986 332.15 476.384 231.716 321.209 471.282 231.716 321.395 457.211 246.986 332.336 462.312 246.986 332.15
  poly 5: 463.75 246.986 327.252 477.821 231.716 316.311 472.72 231.716 316.497 458.648 246.986 327.437 463.75 246.986 327.252
  poly 6: -476.556 238.008 360.197 -460.373 259.553 374.322 -455.524 259.553 374.145 -471.707 238.008 360.021 -476.556 238.008 360.197
  poly 7: -477.036 238.008 355.369 -460.854 259.553 369.493 -456.005 259.553 369.317 -472.187 238.008 355.192 -477.036 238.008 355.369
  poly 8: 496.365 210.032 305.674 490.455 216.445 310.268 495.557 216.445 310.083 503.158 216.445 309.806 404.657 323.336 386.391 397.056 323.336 386.668 391.955 323.336 386.854 380.252 336.035 395.953 380.252 336.035 395.953 366.542 335.362 395.992 366.704 331.916 393.632 341.308 330.669 393.705 341.146 334.115 396.065 340.105 342.7 401.966 334.391 342.419 401.982 334.228 345.865 404.342 332.519 348.372 406.116 322.996 347.905 406.143 321.53 345.242 404.378 321.693 341.796 402.019 315.979 341.515 402.035 315.75 332.868 396.138 315.912 329.422 393.778 290.516 328.175 393.851 290.354 331.621 396.211 289.313 340.206 402.112 283.599 339.925 402.128 283.436 343.372 404.487 281.727 345.878 406.262 272.204 345.411 406.289 270.738 342.748 404.524 270.901 339.302 402.164 265.187 339.021 402.181 264.958 330.374 396.284 265.12 326.928 393.924 239.725 325.681 393.997 239.562 329.127 396.357 238.521 337.712 402.257 232.807 337.431 402.274 232.645 340.878 404.633 230.936 343.385 406.408 221.412 342.917 406.435 219.947 340.254 404.67 220.109 336.808 402.31 214.395 336.527 402.327 214.166 327.88 396.43 214.329 324.434 394.07 188.933 323.187 394.143 188.77 326.634 396.503 187.729 335.218 402.403 182.015 334.938 402.42 181.853 338.384 404.779 180.144 340.891 406.553 170.62 340.423 406.581 169.155 337.76 404.816 169.317 334.314 402.456 163.603 334.034 402.473 163.374 325.387 396.576 163.537 321.94 394.216 138.141 320.693 394.289 137.978 324.14 396.648 136.937 332.724 402.549 131.223 332.444 402.566 131.061 335.89 404.925 129.352 338.397 406.699 119.828 337.929 406.727 118.363 335.267 404.962 118.525 331.82 402.602 112.811 331.54 402.618 112.583 322.893 396.721 112.745 319.446 394.362 87.349 318.2 394.435 87.1866 321.646 396.794 86.1456 330.23 402.695 80.4315 329.95 402.711 80.2691 333.396 405.071 78.56 335.903 406.845 69.0366 335.435 406.872 67.5712 332.773 405.107 67.7336 329.326 402.748 62.0195 329.046 402.764 61.7907 320.399 396.867 61.9531 316.953 394.508 36.5572 315.706 394.581 36.3948 319.152 396.94 35.3538 327.737 402.841 29.6397 327.456 402.857 29.4773 330.902 405.217 27.7682 333.409 406.991 18.2448 332.942 407.018 16.7793 330.279 405.253 16.9418 326.833 402.894 11.2277 326.552 402.91 10.9989 317.905 397.013 11.1613 314.459 394.654 -14.2346 313.212 394.727 -14.397 316.658 397.086 -15.438 325.243 402.987 -21.1521 324.962 403.003 -21.3145 328.409 405.363 -23.0236 330.915 407.137 -32.5471 330.448 407.164 -34.0125 327.785 405.399 -33.85 324.339 403.04 -39.5641 324.058 403.056 -39.7929 315.411 397.159 -39.6305 311.965 394.799 -65.0264 310.718 394.872 -65.1888 314.164 397.232 -66.2298 322.749 403.133 -71.9439 322.468 403.149 -72.1063 325.915 405.509 -73.8154 328.422 407.283 -83.3389 327.954 407.31 -84.8043 325.291 405.545 -84.6419 321.845 403.185 -90.3559 321.564 403.202 -90.5848 312.917 397.305 -90.4223 309.471 394.945 -115.818 308.224 395.018 -115.981 311.671 397.378 -117.022 320.255 403.278 -122.736 319.975 403.295 -122.898 323.421 405.654 -124.607 325.928 407.429 -134.131 325.46 407.456 -135.596 322.797 405.691 -135.434 319.351 403.331 -141.148 319.071 403.348 -141.377 310.424 397.451 -141.214 306.977 395.091 -166.61 305.73 395.164 -166.772 309.177 397.524 -167.813 317.761 403.424 -173.528 317.481 403.441 -173.69 320.927 405.8 -175.399 323.434 407.574 -184.923 322.966 407.602 -186.388 320.304 405.837 -186.226 316.857 403.477 -191.94 316.577 403.494 -192.168 307.93 397.597 -192.006 304.483 395.237 -217.402 303.237 395.31 -217.564 306.683 397.67 -218.605 315.267 403.57 -224.319 314.987 403.587 -224.482 318.433 405.946 -226.191 320.94 407.72 -235.714 320.472 407.748 -237.18 317.81 405.983 -237.017 314.363 403.623 -242.731 314.083 403.639 -242.96 305.436 397.742 -242.798 301.99 395.383 -268.194 300.743 395.456 -268.356 304.189 397.815 -269.397 312.774 403.716 -275.111 312.493 403.732 -275.274 315.939 406.092 -276.983 318.446 407.866 -286.506 317.979 407.894 -287.972 315.316 406.128 -287.809 311.87 403.769 -293.523 311.589 403.785 -293.752 302.942 397.888 -293.59 299.496 395.529 -318.986 298.249 395.602 -319.148 301.695 397.961 -320.189 310.28 403.862 -325.903 309.999 403.878 -326.065 313.446 406.238 -327.775 315.952 408.012 -337.298 315.485 408.039 -338.763 312.822 406.274 -338.601 309.376 403.915 -344.315 309.095 403.931 -344.544 300.448 398.034 -344.381 297.002 395.675 -369.777 295.755 395.748 -369.94 299.201 398.107 -370.981 307.786 404.008 -376.695 307.505 404.024 -376.857 310.952 406.384 -378.566 313.459 408.158 -388.09 312.991 408.185 -389.555 310.328 406.42 -389.393 306.882 404.061 -395.107 306.601 404.077 -395.336 297.954 398.18 -395.173 294.508 395.821 -420.569 293.261 395.893 -420.732 296.708 398.253 -432.915 296.109 398.288 -432.915 296.109 398.288 -444.191 281.098 388.447 -449.04 281.098 388.623 -456.265 281.098 388.886 -504.813 216.464 346.512 -497.588 216.464 346.249 -492.738 216.464 346.073 -497.988 209.475 341.491 -493.2 202.22 336.362 491.564 202.22 300.513 496.365 210.032 305.674
  poly 9: 492.872 209.847 300.828 486.791 216.445 305.556 496.994 216.445 305.184 504.646 216.445 304.906 406.146 323.336 381.491 398.493 323.336 381.77 388.29 323.336 382.141 376.915 335.68 390.986 376.915 335.68 390.986 366.537 335.17 391.015 366.538 335.136 390.992 341.141 333.924 391.088 340.978 337.37 393.448 339.937 345.954 399.349 334.223 345.674 399.365 334.061 349.12 401.725 332.352 351.627 403.499 322.828 351.159 403.526 321.363 348.497 401.761 321.525 345.05 399.401 315.811 344.77 399.418 315.582 336.123 393.521 315.745 332.677 391.161 290.349 331.43 391.234 290.187 334.876 393.594 289.146 343.461 399.494 283.432 343.18 399.511 283.269 346.626 401.87 281.56 349.133 403.645 272.037 348.666 403.672 270.571 346.003 401.907 270.734 342.557 399.547 265.019 342.276 399.564 264.791 333.629 393.667 264.953 330.183 391.307 239.557 328.936 391.38 239.395 332.382 393.74 238.354 340.967 399.64 232.64 340.686 399.657 232.477 344.133 402.016 230.768 346.639 403.79 221.245 346.172 403.818 219.779 343.509 402.053 219.942 340.063 399.693 214.228 339.782 399.71 213.999 331.135 393.813 214.161 327.689 391.453 188.765 326.442 391.526 188.603 329.888 393.886 187.562 338.473 399.786 181.848 338.192 399.803 181.685 341.639 402.162 179.976 344.146 403.936 170.453 343.678 403.964 168.987 341.015 402.199 169.15 337.569 399.839 163.436 337.288 399.855 163.207 328.641 393.958 163.369 325.195 391.599 137.974 323.948 391.672 137.811 327.395 394.031 136.77 335.979 399.932 131.056 335.699 399.948 130.894 339.145 402.308 129.185 341.652 404.082 119.661 341.184 404.11 118.196 338.521 402.344 118.358 335.075 399.985 112.644 334.795 400.001 112.415 326.148 394.104 112.578 322.701 391.745 87.1817 321.454 391.818 87.0193 324.901 394.177 85.9783 333.485 400.078 80.2642 333.205 400.094 80.1018 336.651 402.454 78.3927 339.158 404.228 68.8693 338.69 404.255 67.4038 336.028 402.49 67.5663 332.581 400.131 61.8522 332.301 400.147 61.6234 323.654 394.25 61.7858 320.207 391.891 36.3899 318.961 391.964 36.2275 322.407 394.323 35.1865 330.991 400.224 29.4724 330.711 400.24 29.31 334.157 402.6 27.6009 336.664 404.374 18.0774 336.196 404.401 16.612 333.534 402.636 16.7744 330.087 400.277 11.0604 329.807 400.293 10.8316 321.16 394.396 10.994 317.714 392.037 -14.4019 316.467 392.109 -14.5644 319.913 394.469 -15.6053 328.498 400.37 -21.3194 328.217 400.386 -21.4819 331.663 402.746 -23.1909 334.17 404.52 -32.7144 333.703 404.547 -34.1798 331.04 402.782 -34.0174 327.594 400.423 -39.7315 327.313 400.439 -39.9603 318.666 394.542 -39.7978 315.22 392.182 -65.1937 313.973 392.255 -65.3562 317.419 394.615 -66.3972 326.004 400.516 -72.1112 325.723 400.532 -72.2737 329.17 402.891 -73.9827 331.676 404.666 -83.5062 331.209 404.693 -84.9716 328.546 402.928 -84.8092 325.1 400.568 -90.5233 324.819 400.585 -90.7521 316.172 394.688 -90.5896 312.726 392.328 -115.986 311.479 392.401 -116.148 314.925 394.761 -117.189 323.51 400.661 -122.903 323.229 400.678 -123.065 326.676 403.037 -124.775 329.183 404.812 -134.298 328.715 404.839 -135.763 326.052 403.074 -135.601 322.606 400.714 -141.315 322.325 400.731 -141.544 313.678 394.834 -141.381 310.232 392.474 -166.777 308.985 392.547 -166.94 312.432 394.907 -167.981 321.016 400.807 -173.695 320.736 400.824 -173.857 324.182 403.183 -175.566 326.689 404.957 -185.09 326.221 404.985 -186.555 323.558 403.22 -186.393 320.112 400.86 -192.107 319.832 400.877 -192.336 311.185 394.98 -192.173 307.738 392.62 -217.569 306.491 392.693 -217.732 309.938 395.052 -218.773 318.522 400.953 -224.487 318.242 400.97 -224.649 321.688 403.329 -226.358 324.195 405.103 -235.882 323.727 405.131 -237.347 321.065 403.366 -237.185 317.618 401.006 -242.899 317.338 401.022 -243.128 308.691 395.125 -242.965 305.244 392.766 -268.361 303.998 392.839 -268.523 307.444 395.198 -269.564 316.028 401.099 -275.279 315.748 401.115 -275.441 319.194 403.475 -277.15 321.701 405.249 -286.673 321.233 405.277 -288.139 318.571 403.511 -287.976 315.124 401.152 -293.691 314.844 401.168 -293.919 306.197 395.271 -293.757 302.751 392.912 -319.153 301.504 392.985 -319.315 304.95 395.344 -320.356 313.535 401.245 -326.07 313.254 401.261 -326.233 316.7 403.621 -327.942 319.207 405.395 -337.465 318.74 405.422 -338.931 316.077 403.657 -338.768 312.631 401.298 -344.482 312.35 401.314 -344.711 303.703 395.417 -344.549 300.257 393.058 -369.945 299.01 393.131 -370.107 302.456 395.49 -371.148 311.041 401.391 -376.862 310.76 401.407 -377.025 314.207 403.767 -378.734 316.713 405.541 -388.257 316.246 405.568 -389.723 313.583 403.803 -389.56 310.137 401.444 -395.274 309.856 401.46 -395.503 301.209 395.563 -395.341 297.763 393.203 -420.735 296.482 393.253 -420.736 296.516 393.276 -428.529 296.133 393.299 -428.529 296.133 393.299 -439.822 281.098 383.442 -449.52 281.098 383.795 -456.794 281.098 384.059 -505.342 216.464 341.685 -498.068 216.464 341.421 -488.37 216.464 341.068 -493.759 209.289 336.364 -488.971 202.034 331.235 488.071 202.034 295.667 492.872 209.847 300.828
element 28
  poly 0: 606.693 202.034 9.27972 497.106 356.107 9.27972 494.458 355.586 19.5681 494.482 355.551 19.5724 488.1 354.333 44.2712 485.773 357.78 43.8471 479.798 366.364 43.4043 478.367 366.082 48.9625 476.04 369.529 48.5383 473.898 372.035 49.7641 471.513 371.565 59.0278 472.861 368.902 60.8899 475.188 365.456 61.314 473.757 365.174 66.8722 479.415 356.527 68.5502 481.742 353.081 68.9743 475.384 351.828 93.6774 473.057 355.275 93.2532 467.081 363.859 92.8105 465.651 363.577 98.3687 463.324 367.024 97.9445 461.181 369.53 99.1703 458.797 369.061 108.434 460.145 366.398 110.296 462.472 362.951 110.72 461.041 362.669 116.278 466.699 354.022 117.956 469.026 350.576 118.38 462.668 349.324 143.084 460.341 352.77 142.659 454.365 361.354 142.217 452.934 361.073 147.775 450.608 364.519 147.351 448.465 367.025 148.577 446.081 366.556 157.84 447.428 363.893 159.702 449.755 360.446 160.126 448.325 360.165 165.685 453.983 351.517 167.363 456.309 348.071 167.787 449.951 346.819 192.49 447.625 350.265 192.066 441.649 358.85 191.623 440.218 358.568 197.181 437.891 362.014 196.757 435.749 364.521 197.983 433.364 364.051 207.246 434.712 361.388 209.108 437.039 357.942 209.533 435.608 357.66 215.091 441.266 349.013 216.769 443.593 345.566 217.193 437.235 344.314 241.896 434.908 347.76 241.472 428.932 356.345 241.029 427.502 356.063 246.587 425.175 359.509 246.163 423.032 362.016 247.389 420.648 361.546 256.653 421.996 358.883 258.515 424.323 355.437 258.939 422.892 355.155 264.497 428.55 346.508 266.175 430.877 343.061 266.599 424.519 341.809 291.302 422.192 345.255 290.878 416.216 353.84 290.435 414.785 353.558 295.993 412.459 357.004 295.569 410.316 359.511 296.795 407.932 359.041 306.059 409.28 356.378 307.921 411.606 352.932 308.345 410.176 352.65 313.903 415.834 344.003 315.581 418.161 340.557 316.005 411.802 339.304 340.708 409.476 342.751 340.284 403.5 351.335 339.841 402.069 351.053 345.4 399.742 354.5 344.975 397.6 357.006 346.201 395.216 356.536 355.465 396.563 353.873 357.327 398.89 350.427 357.751 397.459 350.145 363.309 403.117 341.498 364.987 405.444 338.052 365.411 399.109 336.765 390.119 399.086 336.799 390.115 396.181 336.227 401.401 400.092 328.421 406.992 405.924 322.093 402.457 407.362 322.093 397.559 421.184 307.093 386.812 419.387 307.093 392.935 420.037 305.219 395.265 430.404 293.969 387.205 433.209 292.094 382.188 435.006 292.094 376.065 448.828 277.094 365.318 447.032 277.094 371.441 447.681 275.219 373.772 458.048 263.97 365.711 460.854 262.095 360.694 462.651 262.095 354.571 476.473 247.095 343.824 474.676 247.095 349.947 475.326 245.22 352.278 485.693 233.971 344.217 488.498 232.096 339.2 490.295 232.096 333.077 504.117 217.096 322.33 502.68 217.096 327.229 516.56 202.034 316.437 516.56 202.034 316.437 606.693 202.034 9.27972
  poly 1: 601.514 202.22 9.27972 491.968 356.236 9.27972 489.637 355.777 18.3368 491.963 352.331 18.7609 485.605 351.078 43.464 483.278 354.525 43.0399 477.303 363.109 42.5971 475.872 362.827 48.1553 473.545 366.274 47.7311 471.403 368.78 48.9569 469.018 368.311 58.2206 470.366 365.648 60.0827 472.693 362.201 60.5068 471.262 361.919 66.065 476.92 353.272 67.7429 479.247 349.826 68.1671 472.889 348.574 92.8702 470.562 352.02 92.446 464.586 360.604 92.0032 463.156 360.323 97.5614 460.829 363.769 97.1373 458.686 366.275 98.3631 456.302 365.806 107.627 457.65 363.143 109.489 459.977 359.696 109.913 458.546 359.415 115.471 464.204 350.768 117.149 466.531 347.321 117.573 460.173 346.069 142.276 457.846 349.515 141.852 451.87 358.1 141.409 450.439 357.818 146.968 448.113 361.264 146.543 445.97 363.771 147.769 443.586 363.301 157.033 444.933 360.638 158.895 447.26 357.192 159.319 445.83 356.91 164.877 451.488 348.263 166.555 453.814 344.816 166.979 447.456 343.564 191.683 445.129 347.01 191.258 439.154 355.595 190.816 437.723 355.313 196.374 435.396 358.759 195.95 433.254 361.266 197.176 430.869 360.796 206.439 432.217 358.133 208.301 434.544 354.687 208.725 433.113 354.405 214.284 438.771 345.758 215.962 441.098 342.311 216.386 434.74 341.059 241.089 432.413 344.505 240.665 426.437 353.09 240.222 425.007 352.808 245.78 422.68 356.254 245.356 420.537 358.761 246.582 418.153 358.291 255.845 419.501 355.628 257.707 421.828 352.182 258.132 420.397 351.9 263.69 426.055 343.253 265.368 428.382 339.807 265.792 422.024 338.554 290.495 419.697 342.001 290.071 413.721 350.585 289.628 412.29 350.303 295.186 409.964 353.75 294.762 407.821 356.256 295.988 405.437 355.786 305.252 406.784 353.123 307.114 409.111 349.677 307.538 407.681 349.395 313.096 413.339 340.748 314.774 415.665 337.302 315.198 409.307 336.049 339.901 406.98 339.496 339.477 401.005 348.08 339.034 399.574 347.798 344.592 397.247 351.245 344.168 395.105 353.751 345.394 392.72 353.281 354.658 394.068 350.618 356.52 396.395 347.172 356.944 394.964 346.89 362.502 400.622 338.243 364.18 402.949 334.797 364.604 396.591 333.545 389.307 394.264 336.991 388.883 392.19 336.582 396.942 396.101 328.776 402.534 402.26 322.093 397.745 402.274 322.093 397.696 416.082 307.093 386.998 414.286 307.093 393.121 414.935 305.219 395.451 425.302 293.969 387.391 428.108 292.094 382.374 429.905 292.094 376.251 443.727 277.094 365.504 441.93 277.094 371.627 442.58 275.219 373.957 452.947 263.97 365.897 455.752 262.095 360.88 457.549 262.095 354.757 471.371 247.095 344.01 469.575 247.095 350.133 470.224 245.22 352.463 480.591 233.971 344.403 483.397 232.096 339.386 485.194 232.096 333.263 499.03 217.096 322.467 499.016 217.096 322.516 512.724 202.22 311.858 512.724 202.22 311.858 601.514 202.22 9.27972
element 29
  poly 0: 479.367 342.941 41.446 473.009 341.689 66.1491 470.683 345.135 65.7249 477.041 346.388 41.0218 479.367 342.941 41.446
  poly 1: 476.872 339.687 40.6388 470.514 338.434 65.3419 468.187 341.88 64.9177 474.546 343.133 40.2146 476.872 339.687 40.6388
  poly 2: 466.651 340.437 90.8522 460.293 339.184 115.555 457.966 342.63 115.131 464.324 343.883 90.428 466.651 340.437 90.8522
  poly 3: 464.156 337.182 90.045 457.798 335.929 114.748 455.471 339.376 114.324 461.829 340.628 89.6208 464.156 337.182 90.045
  poly 4: 453.935 337.932 140.258 447.577 336.679 164.961 445.25 340.126 164.537 451.608 341.378 139.834 453.935 337.932 140.258
  poly 5: 451.44 334.677 139.451 445.082 333.424 164.154 442.755 336.871 163.73 449.113 338.123 139.027 451.44 334.677 139.451
  poly 6: 441.219 335.427 189.665 434.86 334.174 214.368 432.534 337.621 213.943 438.892 338.873 189.24 441.219 335.427 189.665
  poly 7: 438.723 332.172 188.857 432.365 330.92 213.56 430.039 334.366 213.136 436.397 335.618 188.433 438.723 332.172 188.857
  poly 8: 428.502 332.922 239.071 422.144 331.67 263.774 419.817 335.116 263.35 426.175 336.368 238.647 428.502 332.922 239.071
  poly 9: 426.007 329.667 238.264 419.649 328.415 262.967 417.322 331.861 262.542 423.68 333.113 237.839 426.007 329.667 238.264
  poly 10: 415.786 330.417 288.477 409.428 329.165 313.18 407.101 332.611 312.756 413.459 333.863 288.053 415.786 330.417 288.477
  poly 11: 413.291 327.162 287.67 406.933 325.91 312.373 404.606 329.356 311.949 410.964 330.609 287.246 413.291 327.162 287.67
  poly 12: 403.07 327.912 337.883 396.711 326.66 362.586 394.385 330.106 362.162 400.743 331.359 337.459 403.07 327.912 337.883
  poly 13: 400.574 324.657 337.076 394.216 323.405 361.779 391.89 326.851 361.355 398.248 328.104 336.652 400.574 324.657 337.076
  poly 14: 588.566 202.685 9.27972 479.121 356.559 9.27972 476.473 356.037 19.5681 476.496 356.003 19.5724 470.44 354.849 43.006 467.532 359.157 42.4758 465.033 361.593 45.0874 460.508 360.702 62.6658 461.499 357.969 65.9137 464.408 353.661 66.4439 458.375 352.473 89.8817 455.467 356.78 89.3516 452.968 359.217 91.9632 448.443 358.325 109.542 449.434 355.592 112.789 452.343 351.284 113.32 446.31 350.096 136.757 443.402 354.404 136.227 440.902 356.84 138.839 436.378 355.949 156.417 437.369 353.216 159.665 440.278 348.908 160.195 434.245 347.719 183.633 431.337 352.027 183.103 428.837 354.464 185.715 424.313 353.572 203.293 425.304 350.839 206.541 428.213 346.531 207.071 422.18 345.343 230.509 419.272 349.651 229.979 416.772 352.087 232.59 412.248 351.196 250.169 413.239 348.463 253.417 416.148 344.155 253.947 410.115 342.966 277.385 407.207 347.274 276.855 404.707 349.71 279.466 400.183 348.819 297.045 401.174 346.086 300.292 404.083 341.778 300.823 398.05 340.59 324.26 395.142 344.898 323.73 392.642 347.334 326.342 388.118 346.443 343.92 389.109 343.709 347.168 392.017 339.402 347.698 386.008 338.179 371.14 385.985 338.213 371.136 382.212 337.47 385.797 386.123 329.664 391.388 391.955 323.336 386.854 393.392 323.336 381.955 407.463 308.066 371.015 406.026 308.066 375.913 402.784 307.684 387.885 405.951 304.248 385.424 404.513 304.248 390.322 404.315 303.294 393.312 409.591 297.568 389.209 411.549 296.613 384.852 412.986 296.613 379.953 416.152 293.177 377.492 420.098 292.796 364.972 421.535 292.796 360.074 435.607 277.526 349.133 434.169 277.526 354.032 430.927 277.144 366.004 434.094 273.708 363.542 432.656 273.708 368.44 432.458 272.754 371.43 437.734 267.028 367.328 439.692 266.073 362.97 441.129 266.073 358.072 444.295 262.637 355.61 448.241 262.256 343.091 449.678 262.256 338.192 463.75 246.986 327.252 462.312 246.986 332.15 459.071 246.604 344.122 462.237 243.168 341.661 460.799 243.168 346.559 460.601 242.214 349.549 465.878 236.487 345.446 467.835 235.533 341.089 469.272 235.533 336.19 472.439 232.097 333.729 476.384 231.716 321.209 477.821 231.716 316.311 491.893 216.445 305.37 490.455 216.445 310.268 503.136 202.685 300.409 503.136 202.685 300.409 588.566 202.685 9.27972
  poly 15: 583.387 202.871 9.27972 473.982 356.688 9.27972 471.651 356.229 18.3368 473.978 352.783 18.7609 467.945 351.594 42.1988 465.037 355.902 41.6686 462.537 358.338 44.2802 458.013 357.447 61.8586 459.004 354.714 65.1065 461.913 350.406 65.6367 455.88 349.218 89.0745 452.972 353.526 88.5443 450.472 355.962 91.156 445.948 355.071 108.734 446.939 352.337 111.982 449.848 348.029 112.512 443.815 346.841 135.95 440.907 351.149 135.42 438.407 353.585 138.032 433.883 352.694 155.61 434.874 349.961 158.858 437.783 345.653 159.388 431.75 344.465 182.826 428.842 348.773 182.296 426.342 351.209 184.907 421.818 350.318 202.486 422.809 347.584 205.734 425.717 343.276 206.264 419.685 342.088 229.702 416.777 346.396 229.172 414.277 348.832 231.783 409.753 347.941 249.362 410.744 345.208 252.609 413.652 340.9 253.14 407.62 339.712 276.578 404.711 344.019 276.047 402.212 346.456 278.659 397.688 345.564 296.237 398.679 342.831 299.485 401.587 338.523 300.015 395.555 337.335 323.453 392.646 341.643 322.923 390.147 344.079 325.535 385.623 343.188 343.113 386.614 340.455 346.361 389.522 336.147 346.891 383.49 334.958 370.329 381.163 338.405 369.905 378.22 337.825 381.339 382.132 330.019 386.93 388.29 323.336 382.141 388.305 323.336 382.092 402.362 308.066 371.2 400.925 308.066 376.099 397.683 307.684 388.071 400.849 304.248 385.609 399.412 304.248 390.508 399.213 303.294 393.498 404.49 297.568 389.395 406.447 296.613 385.037 407.885 296.613 380.139 411.051 293.177 377.677 414.996 292.796 365.158 416.434 292.796 360.26 430.505 277.526 349.319 429.068 277.526 354.217 425.826 277.144 366.19 428.992 273.708 363.728 427.555 273.708 368.626 427.356 272.754 371.616 432.633 267.028 367.513 434.59 266.073 363.156 436.028 266.073 358.257 439.194 262.637 355.796 443.139 262.256 343.276 444.577 262.256 338.378 458.648 246.986 327.437 457.211 246.986 332.336 453.969 246.604 344.308 457.135 243.168 341.846 455.698 243.168 346.745 455.499 242.214 349.735 460.776 236.487 345.632 462.734 235.533 341.274 464.171 235.533 336.376 467.337 232.097 333.914 471.282 231.716 321.395 472.72 231.716 316.497 486.806 216.445 305.507 486.791 216.445 305.556 499.3 202.871 295.83 499.3 202.871 295.83 583.387 202.871 9.27972
element 30
  poly 0: -439.594 106.107 377.459 -443.161 107.377 351.853 -445.774 110.7 352.381 -442.207 109.431 377.988 -439.594 106.107 377.459
  poly 1: -437.383 109.747 377.331 -440.95 111.016 351.725 -443.563 114.34 352.254 -439.996 113.07 377.86 -437.383 109.747 377.331
  poly 2: -446.728 108.646 326.246 -450.295 109.915 300.64 -452.908 113.239 301.169 -449.341 111.969 326.775 -446.728 108.646 326.246
  poly 3: -444.517 112.286 326.119 -448.084 113.555 300.513 -450.697 116.878 301.041 -447.13 115.609 326.648 -444.517 112.286 326.119
  poly 4: -453.862 111.185 275.034 -457.429 112.454 249.428 -460.042 115.777 249.956 -456.475 114.508 275.563 -453.862 111.185 275.034
  poly 5: -451.651 114.825 274.906 -455.218 116.094 249.3 -457.831 119.417 249.829 -454.264 118.148 275.435 -451.651 114.825 274.906
  poly 6: -460.996 113.724 223.821 -464.563 114.993 198.215 -467.176 118.316 198.744 -463.609 117.047 224.35 -460.996 113.724 223.821
  poly 7: -458.785 117.363 223.694 -462.352 118.633 198.088 -464.965 121.956 198.616 -461.398 120.687 224.223 -458.785 117.363 223.694
  poly 8: -468.13 116.262 172.609 -471.697 117.532 147.003 -474.311 120.855 147.532 -470.743 119.586 173.138 -468.13 116.262 172.609
  poly 9: -465.919 119.902 172.481 -469.486 121.171 146.875 -472.099 124.495 147.404 -468.532 123.225 173.01 -465.919 119.902 172.481
  poly 10: -475.264 118.801 121.397 -478.831 120.07 95.7903 -481.445 123.394 96.319 -477.878 122.124 121.925 -475.264 118.801 121.397
  poly 11: -473.053 122.441 121.269 -476.62 123.71 95.6627 -479.234 127.033 96.1915 -475.666 125.764 121.798 -473.053 122.441 121.269
  poly 12: -482.398 121.34 70.184 -485.965 122.609 44.5778 -488.579 125.932 45.1066 -485.012 124.663 70.7128 -482.398 121.34 70.184
  poly 13: -480.187 124.98 70.0565 -483.754 126.249 44.4502 -486.368 129.572 44.979 -482.801 128.303 70.5852 -480.187 124.98 70.0565
  poly 14: -553.192 202.034 9.27972 -493.569 127.708 9.27972 -492.146 127.202 19.5003 -486.919 120.555 18.4428 -482.999 115.57 17.6497 -479.432 114.301 43.2559 -479.432 114.301 43.2559 -476.819 110.978 42.7271 -474.413 108.327 45.5313 -471.738 107.375 64.736 -473.252 109.709 68.3334 -475.865 113.032 68.8621 -475.865 113.032 68.8621 -472.298 111.762 94.4684 -472.298 111.762 94.4684 -469.685 108.439 93.9396 -467.279 105.788 96.7438 -464.604 104.836 115.948 -466.118 107.17 119.546 -468.731 110.493 120.075 -468.731 110.493 120.075 -465.164 109.224 145.681 -465.164 109.224 145.681 -462.551 105.9 145.152 -460.145 103.249 147.956 -457.47 102.297 167.161 -458.984 104.631 170.758 -461.597 107.954 171.287 -461.597 107.954 171.287 -458.03 106.685 196.893 -458.03 106.685 196.893 -455.417 103.362 196.365 -453.011 100.711 199.169 -450.336 99.7585 218.373 -451.85 102.092 221.971 -454.463 105.416 222.5 -454.463 105.416 222.5 -450.896 104.146 248.106 -450.896 104.146 248.106 -448.283 100.823 247.577 -445.877 98.1718 250.381 -443.202 97.2198 269.586 -444.716 99.5535 273.183 -447.329 102.877 273.712 -447.329 102.877 273.712 -443.762 101.607 299.318 -443.762 101.607 299.318 -441.149 98.2842 298.789 -438.743 95.6331 301.594 -436.068 94.681 320.798 -437.582 97.0148 324.396 -440.195 100.338 324.924 -440.195 100.338 324.924 -436.628 99.0687 350.531 -436.628 99.0687 350.531 -434.015 95.7454 350.002 -431.609 93.0943 352.806 -428.934 92.1423 372.011 -430.448 94.4761 375.608 -433.061 97.7993 376.137 -433.061 97.7993 376.137 -429.494 96.5299 401.743 -433.414 101.515 402.536 -438.64 108.161 403.594 -436.827 107.516 416.612 -441.949 114.618 422.394 -447.917 121.412 417.185 -448.425 121.412 412.082 -460.33 134.964 401.691 -459.695 134.964 408.069 -460.803 136.658 410.598 -469.732 146.822 402.804 -471.601 148.516 397.678 -472.236 148.516 391.299 -484.141 162.068 380.908 -483.507 162.068 387.286 -484.614 163.762 389.815 -493.543 173.927 382.021 -495.412 175.621 376.895 -496.047 175.621 370.516 -507.953 189.173 360.124 -507.445 189.173 365.227 -518.743 202.034 355.366 -518.743 202.034 355.366 -553.192 202.034 9.27972
  poly 15: -548.197 202.22 9.27972 -488.654 127.992 9.27972 -487.321 127.518 18.844 -484.708 124.195 18.3152 -480.815 119.243 17.5274 -477.221 117.941 43.1283 -477.221 117.941 43.1283 -474.608 114.618 42.5996 -472.202 111.966 45.4038 -469.527 111.014 64.6084 -471.041 113.348 68.2058 -473.654 116.671 68.7346 -473.654 116.671 68.7346 -470.087 115.402 94.3408 -470.087 115.402 94.3408 -467.474 112.079 93.812 -465.068 109.428 96.6162 -462.393 108.476 115.821 -463.907 110.809 119.418 -466.52 114.133 119.947 -466.52 114.133 119.947 -462.953 112.863 145.553 -462.953 112.863 145.553 -460.34 109.54 145.025 -457.934 106.889 147.829 -455.259 105.937 167.033 -456.773 108.271 170.631 -459.386 111.594 171.159 -459.386 111.594 171.159 -455.819 110.325 196.766 -455.819 110.325 196.766 -453.206 107.001 196.237 -450.8 104.35 199.041 -448.125 103.398 218.246 -449.639 105.732 221.843 -452.252 109.055 222.372 -452.252 109.055 222.372 -448.685 107.786 247.978 -448.685 107.786 247.978 -446.072 104.463 247.449 -443.666 101.812 250.254 -440.991 100.859 269.458 -442.505 103.193 273.056 -445.118 106.516 273.584 -445.118 106.516 273.584 -441.551 105.247 299.191 -441.551 105.247 299.191 -438.938 101.924 298.662 -436.532 99.2728 301.466 -433.857 98.3207 320.671 -435.371 100.654 324.268 -437.984 103.978 324.797 -437.984 103.978 324.797 -434.417 102.708 350.403 -434.417 102.708 350.403 -431.804 99.3851 349.874 -429.398 96.734 352.679 -426.723 95.782 371.883 -428.237 98.1157 375.481 -430.85 101.439 376.009 -430.85 101.439 376.009 -427.309 100.203 401.621 -431.203 105.154 402.409 -433.816 108.478 402.938 -432.709 108.084 410.887 -437.83 115.186 416.67 -443.3 121.412 411.896 -443.305 121.412 411.845 -455.206 134.964 401.504 -454.571 134.964 407.883 -455.678 136.658 410.411 -464.607 146.822 402.617 -466.476 148.516 397.491 -467.111 148.516 391.112 -479.017 162.068 380.721 -478.382 162.068 387.1 -479.489 163.762 389.628 -488.418 173.927 381.834 -490.287 175.621 376.708 -490.922 175.621 370.329 -502.833 189.173 359.887 -502.828 189.173 359.938 -514.29 202.22 349.933 -514.29 202.22 349.933 -548.197 202.22 9.27972
element 31
  poly 0: -424.918 108.001 359.31 -428.304 109.206 335 -430.917 112.529 335.529 -427.531 111.324 359.838 -424.918 108.001 359.31
  poly 1: -422.707 111.64 359.182 -426.093 112.846 334.872 -428.706 116.169 335.401 -425.32 114.964 359.711 -422.707 111.64 359.182
  poly 2: -431.691 110.411 310.69 -435.077 111.616 286.38 -437.69 114.939 286.909 -434.304 113.734 311.219 -431.691 110.411 310.69
  poly 3: -429.48 114.051 310.562 -432.866 115.256 286.253 -435.479 118.579 286.781 -432.093 117.374 311.091 -429.48 114.051 310.562
  poly 4: -438.464 112.821 262.07 -441.85 114.026 237.76 -444.463 117.35 238.289 -441.077 116.144 262.599 -438.464 112.821 262.07
  poly 5: -436.253 116.461 261.943 -439.639 117.666 237.633 -442.252 120.989 238.162 -438.866 119.784 262.471 -436.253 116.461 261.943
  poly 6: -445.236 115.231 213.451 -448.623 116.437 189.141 -451.236 119.76 189.669 -447.85 118.555 213.979 -445.236 115.231 213.451
  poly 7: -443.025 118.871 213.323 -446.412 120.076 189.013 -449.025 123.399 189.542 -445.639 122.194 213.852 -443.025 118.871 213.323
  poly 8: -452.009 117.642 164.831 -455.396 118.847 140.521 -458.009 122.17 141.05 -454.622 120.965 165.36 -452.009 117.642 164.831
  poly 9: -449.798 121.281 164.703 -453.185 122.486 140.393 -455.798 125.81 140.922 -452.411 124.605 165.232 -449.798 121.281 164.703
  poly 10: -458.782 120.052 116.211 -462.168 121.257 91.9012 -464.782 124.58 92.4299 -461.395 123.375 116.74 -458.782 120.052 116.211
  poly 11: -456.571 123.692 116.083 -459.957 124.897 91.7736 -462.571 128.22 92.3024 -459.184 127.015 116.612 -456.571 123.692 116.083
  poly 12: -465.555 122.462 67.5913 -468.941 123.667 43.2814 -471.554 126.99 43.8102 -468.168 125.785 68.1201 -465.555 122.462 67.5913
  poly 13: -463.344 126.102 67.4637 -466.73 127.307 43.1539 -469.343 130.63 43.6826 -465.957 129.425 67.9925 -463.344 126.102 67.4637
  poly 14: -432.747 119.164 370.611 -434.531 119.798 357.808 -437.144 123.122 358.336 -435.361 122.487 371.14 -432.747 119.164 370.611
  poly 15: -430.536 122.803 370.483 -432.32 123.438 357.68 -434.933 126.761 358.209 -433.15 126.127 371.012 -430.536 122.803 370.483
  poly 16: -439.882 121.702 319.398 -441.665 122.337 306.595 -444.278 125.66 307.124 -442.495 125.026 319.927 -439.882 121.702 319.398
  poly 17: -437.67 125.342 319.271 -439.454 125.977 306.468 -442.067 129.3 306.996 -440.284 128.665 319.8 -437.67 125.342 319.271
  poly 18: -447.016 124.241 268.186 -448.799 124.876 255.383 -451.412 128.199 255.912 -449.629 127.564 268.715 -447.016 124.241 268.186
  poly 19: -444.805 127.881 268.058 -446.588 128.515 255.255 -449.201 131.839 255.784 -447.418 131.204 268.587 -444.805 127.881 268.058
  poly 20: -454.15 126.78 216.973 -455.933 127.415 204.17 -458.546 130.738 204.699 -456.763 130.103 217.502 -454.15 126.78 216.973
  poly 21: -451.939 130.42 216.846 -453.722 131.054 204.043 -456.335 134.377 204.571 -454.552 133.743 217.375 -451.939 130.42 216.846
  poly 22: -461.284 129.319 165.761 -463.067 129.953 152.958 -465.68 133.277 153.487 -463.897 132.642 166.29 -461.284 129.319 165.761
  poly 23: -459.073 132.958 165.633 -460.856 133.593 152.83 -463.469 136.916 153.359 -461.686 136.282 166.162 -459.073 132.958 165.633
  poly 24: -468.418 131.857 114.548 -470.201 132.492 101.745 -472.814 135.815 102.274 -471.031 135.181 115.077 -468.418 131.857 114.548
  poly 25: -466.207 135.497 114.421 -467.99 136.132 101.618 -470.603 139.455 102.147 -468.82 138.82 114.95 -466.207 135.497 114.421
  poly 26: -475.552 134.396 63.336 -477.335 135.031 50.5329 -479.948 138.354 51.0616 -478.165 137.719 63.8648 -475.552 134.396 63.336
  poly 27: -473.341 138.036 63.2084 -475.124 138.67 50.4053 -477.737 141.994 50.9341 -475.954 141.359 63.7372 -473.341 138.036 63.2084
  poly 28: -535.712 202.685 9.27972 -476.365 128.702 9.27972 -474.941 128.196 19.5003 -469.715 121.549 18.4428 -418.918 103.472 383.091 -424.145 110.119 384.148 -422.414 109.503 396.575 -427.535 116.605 402.357 -433.503 123.399 397.148 -434.011 123.399 392.045 -445.453 136.423 382.058 -444.946 136.423 387.161 -443.962 136.749 399.669 -446.536 139.68 397.422 -446.028 139.68 402.525 -446.362 140.494 405.728 -450.653 145.378 401.983 -451.749 146.192 397.531 -452.257 146.192 392.428 -454.832 149.123 390.181 -456.388 149.448 377.174 -456.896 149.448 372.071 -468.338 162.473 362.084 -467.83 162.473 367.187 -466.846 162.798 379.695 -469.42 165.729 377.448 -468.913 165.729 382.551 -469.247 166.543 385.754 -473.537 171.427 382.009 -474.634 172.241 377.557 -475.142 172.241 372.454 -477.716 175.172 370.207 -479.272 175.497 357.2 -479.78 175.497 352.097 -491.222 188.522 342.11 -490.714 188.522 347.213 -503.156 202.685 336.353 -503.156 202.685 336.353 -535.712 202.685 9.27972
  poly 29: -530.717 202.871 9.27972 -471.449 128.986 9.27972 -470.117 128.512 18.844 -467.504 125.189 18.3152 -416.707 107.112 382.963 -419.32 110.435 383.492 -418.295 110.071 390.85 -423.417 117.173 396.633 -428.887 123.399 391.859 -428.892 123.399 391.808 -440.329 136.423 381.872 -439.821 136.423 386.975 -438.837 136.749 399.482 -441.411 139.68 397.235 -440.903 139.68 402.338 -441.238 140.494 405.541 -445.528 145.378 401.796 -446.625 146.192 397.345 -447.132 146.192 392.242 -449.707 149.123 389.995 -451.263 149.448 376.988 -451.771 149.448 371.885 -463.213 162.473 361.898 -462.705 162.473 367 -461.721 162.798 379.508 -464.296 165.729 377.261 -463.788 165.729 382.364 -464.122 166.543 385.567 -468.413 171.427 381.822 -469.509 172.241 377.371 -470.017 172.241 372.268 -472.591 175.172 370.021 -474.147 175.497 357.013 -474.655 175.497 351.91 -486.102 188.522 341.872 -486.097 188.522 341.923 -498.702 202.871 330.921 -498.702 202.871 330.921 -530.717 202.871 9.27972
element 32
  poly 0: 486.008 174.029 341.159 469.492 158.705 354 464.101 158.705 354.196 480.617 174.029 341.355 486.008 174.029 341.159
  poly 1: 487.527 174.029 335.982 471.012 158.705 348.823 465.62 158.705 349.019 482.136 174.029 336.178 487.527 174.029 335.982
  poly 2: 452.977 143.382 366.841 436.461 128.058 379.682 431.07 128.058 379.878 447.585 143.382 367.037 452.977 143.382 366.841
  poly 3: 454.496 143.382 361.664 437.98 128.058 374.505 432.589 128.058 374.701 449.105 143.382 361.86 454.496 143.382 361.664
  poly 4: 419.946 112.735 392.523 403.43 97.4112 405.364 398.039 97.4112 405.56 414.554 112.735 392.719 419.946 112.735 392.523
  poly 5: 421.465 112.735 387.346 404.949 97.4112 400.187 399.558 97.4112 400.383 416.073 112.735 387.542 421.465 112.735 387.346
  poly 6: -459.822 134.964 406.794 -471.728 148.516 396.402 -466.603 148.516 396.215 -454.698 134.964 406.607 -459.822 134.964 406.794
  poly 7: -460.33 134.964 401.691 -472.236 148.516 391.299 -467.111 148.516 391.112 -455.206 134.964 401.504 -460.33 134.964 401.691
  poly 8: -483.634 162.068 386.011 -495.539 175.621 375.619 -490.414 175.621 375.432 -478.509 162.068 385.824 -483.634 162.068 386.011
  poly 9: -484.141 162.068 380.908 -496.047 175.621 370.516 -490.922 175.621 370.329 -479.017 162.068 380.721 -484.141 162.068 380.908
  poly 10: 335.629 71.535 428.501 310.365 72.7754 428.43 310.536 76.0986 425.769 335.799 74.8582 425.84 335.629 71.535 428.501
  poly 11: 335.456 67.8953 426.293 310.193 69.1357 426.222 310.364 72.4589 423.561 335.627 71.2185 423.632 335.456 67.8953 426.293
  poly 12: 285.102 74.0158 428.358 259.839 75.2562 428.287 260.009 78.5794 425.627 285.273 77.339 425.698 285.102 74.0158 428.358
  poly 13: 284.93 70.3761 426.151 259.666 71.6165 426.079 259.837 74.9397 423.419 285.1 73.6993 423.49 284.93 70.3761 426.151
  poly 14: 234.575 76.4966 428.216 209.312 77.737 428.145 209.483 81.0602 425.485 234.746 79.8198 425.556 234.575 76.4966 428.216
  poly 15: 234.403 72.8569 426.008 209.14 74.0973 425.937 209.31 77.4205 423.277 234.574 76.1801 423.348 234.403 72.8569 426.008
  poly 16: 184.049 78.9774 428.074 158.786 80.2178 428.003 158.956 83.541 425.342 184.219 82.3006 425.413 184.049 78.9774 428.074
  poly 17: 183.876 75.3377 425.866 158.613 76.5781 425.795 158.784 79.9013 423.134 184.047 78.6609 423.205 183.876 75.3377 425.866
  poly 18: 133.522 81.4582 427.932 108.259 82.6986 427.861 108.43 86.0218 425.2 133.693 84.7814 425.271 133.522 81.4582 427.932
  poly 19: 133.35 77.8185 425.724 108.086 79.0589 425.653 108.257 82.3821 422.992 133.52 81.1417 423.063 133.35 77.8185 425.724
  poly 20: 82.9956 83.939 427.79 57.7322 85.1794 427.719 57.9029 88.5026 425.058 83.1662 87.2622 425.129 82.9956 83.939 427.79
  poly 21: 82.8231 80.2993 425.582 57.5598 81.5397 425.511 57.7304 84.8629 422.85 82.9937 83.6225 422.921 82.8231 80.2993 425.582
  poly 22: 32.4689 86.4198 427.647 7.20561 87.6602 427.576 7.37627 90.9834 424.916 32.6396 89.743 424.987 32.4689 86.4198 427.647
  poly 23: 32.2964 82.7801 425.44 7.03312 84.0205 425.368 7.20378 87.3437 422.708 32.4671 86.1033 422.779 32.2964 82.7801 425.44
  poly 24: -18.0577 88.9006 427.505 -43.321 90.141 427.434 -43.1504 93.4642 424.773 -17.887 92.2238 424.845 -18.0577 88.9006 427.505
  poly 25: -18.2302 85.2609 425.297 -43.4935 86.5013 425.226 -43.3229 89.8245 422.566 -18.0595 88.5841 422.637 -18.2302 85.2609 425.297
  poly 26: -68.5843 91.3814 427.363 -93.8477 92.6218 427.292 -93.677 95.945 424.631 -68.4137 94.7046 424.702 -68.5843 91.3814 427.363
  poly 27: -68.7568 87.7417 425.155 -94.0201 88.9821 425.084 -93.8495 92.3053 422.423 -68.5862 91.0649 422.494 -68.7568 87.7417 425.155
  poly 28: -119.111 93.8622 427.221 -144.374 95.1026 427.15 -144.204 98.4258 424.489 -118.94 97.1854 424.56 -119.111 93.8622 427.221
  poly 29: -119.283 90.2225 425.013 -144.547 91.4629 424.942 -144.376 94.7861 422.281 -119.113 93.5457 422.352 -119.283 90.2225 425.013
  poly 30: -169.638 96.343 427.079 -194.901 97.5834 427.008 -194.73 100.907 424.347 -169.467 99.6662 424.418 -169.638 96.343 427.079
  poly 31: -169.81 92.7033 424.871 -195.073 93.9437 424.8 -194.903 97.2669 422.139 -169.639 96.0265 422.21 -169.81 92.7033 424.871
  poly 32: -220.164 98.8238 426.936 -245.428 100.064 426.865 -245.257 103.387 424.205 -219.994 102.147 424.276 -220.164 98.8238 426.936
  poly 33: -220.337 95.1841 424.728 -245.6 96.4245 424.657 -245.429 99.7477 421.997 -220.166 98.5073 422.068 -220.337 95.1841 424.728
  poly 34: -270.691 101.305 426.794 -295.954 102.545 426.723 -295.784 105.868 424.062 -270.52 104.628 424.134 -270.691 101.305 426.794
  poly 35: -270.863 97.6649 424.586 -296.127 98.9053 424.515 -295.956 102.229 421.854 -270.693 100.988 421.926 -270.863 97.6649 424.586
  poly 36: -321.218 103.785 426.652 -346.481 105.026 426.581 -346.31 108.349 423.92 -321.047 107.109 423.991 -321.218 103.785 426.652
  poly 37: -321.39 100.146 424.444 -346.653 101.386 424.373 -346.483 104.709 421.712 -321.219 103.469 421.783 -321.39 100.146 424.444
  poly 38: -371.744 106.266 426.51 -397.007 107.507 426.439 -396.837 110.83 423.778 -371.573 109.589 423.849 -371.744 106.266 426.51
  poly 39: -371.917 102.626 424.302 -397.18 103.867 424.231 -397.009 107.19 421.57 -371.746 105.95 421.641 -371.917 102.626 424.302
  poly 40: -446.028 139.68 402.525 -451.749 146.192 397.531 -446.625 146.192 397.345 -440.903 139.68 402.338 -446.028 139.68 402.525
  poly 41: -446.536 139.68 397.422 -452.257 146.192 392.428 -447.132 146.192 392.242 -441.411 139.68 397.235 -446.536 139.68 397.422
  poly 42: -468.913 165.729 382.551 -474.634 172.241 377.557 -469.509 172.241 377.371 -463.788 165.729 382.364 -468.913 165.729 382.551
  poly 43: -469.42 165.729 377.448 -475.142 172.241 372.454 -470.017 172.241 372.268 -464.296 165.729 377.261 -469.42 165.729 377.448
  poly 44: 462.514 169.739 345.441 454.338 162.153 351.797 448.947 162.153 351.993 457.122 169.739 345.637 462.514 169.739 345.441
  poly 45: 464.033 169.739 340.264 455.858 162.153 346.62 450.466 162.153 346.817 458.641 169.739 340.46 464.033 169.739 340.264
  poly 46: 429.812 139.397 370.866 421.637 131.812 377.223 416.246 131.812 377.419 424.421 139.397 371.063 429.812 139.397 370.866
  poly 47: 431.332 139.397 365.69 423.156 131.812 372.046 417.765 131.812 372.242 425.94 139.397 365.886 431.332 139.397 365.69
  poly 48: 397.111 109.056 396.292 388.936 101.471 402.648 383.544 101.471 402.845 391.72 109.056 396.488 397.111 109.056 396.292
  poly 49: 398.63 109.056 391.115 390.455 101.471 397.472 385.063 101.471 397.668 393.239 109.056 391.312 398.63 109.056 391.115
  poly 50: 317.72 84.0749 419.136 305.55 84.6724 419.102 305.721 87.9957 416.441 317.89 87.3982 416.476 317.72 84.0749 419.136
  poly 51: 317.547 80.4352 416.928 305.377 81.0328 416.894 305.548 84.356 414.233 317.718 83.7585 414.268 317.547 80.4352 416.928
  poly 52: 269.04 86.465 418.999 256.87 87.0626 418.965 257.041 90.3858 416.304 269.211 89.7883 416.339 269.04 86.465 418.999
  poly 53: 268.868 82.8253 416.791 256.698 83.4229 416.757 256.868 86.7461 414.096 269.038 86.1486 414.131 268.868 82.8253 416.791
  poly 54: 220.36 88.8552 418.862 208.191 89.4527 418.828 208.361 92.7759 416.167 220.531 92.1784 416.202 220.36 88.8552 418.862
  poly 55: 220.188 85.2155 416.654 208.018 85.813 416.62 208.189 89.1362 413.959 220.359 88.5387 413.994 220.188 85.2155 416.654
  poly 56: 171.681 91.2453 418.725 159.511 91.8428 418.691 159.682 95.166 416.03 171.851 94.5685 416.065 171.681 91.2453 418.725
  poly 57: 171.508 87.6056 416.517 159.338 88.2031 416.483 159.509 91.5263 413.822 171.679 90.9288 413.857 171.508 87.6056 416.517
  poly 58: 123.001 93.6354 418.588 110.831 94.2329 418.554 111.002 97.5561 415.893 123.172 96.9586 415.928 123.001 93.6354 418.588
  poly 59: 122.829 89.9957 416.38 110.659 90.5932 416.346 110.829 93.9165 413.685 122.999 93.3189 413.72 122.829 89.9957 416.38
  poly 60: 74.3214 96.0255 418.451 62.1515 96.623 418.417 62.3222 99.9463 415.756 74.4921 99.3487 415.791 74.3214 96.0255 418.451
  poly 61: 74.149 92.3858 416.243 61.979 92.9833 416.209 62.1497 96.3066 413.548 74.3196 95.709 413.583 74.149 92.3858 416.243
  poly 62: 25.6418 98.4156 418.314 13.4718 99.0131 418.28 13.6425 102.336 415.619 25.8124 101.739 415.654 25.6418 98.4156 418.314
  poly 63: 25.4693 94.7759 416.106 13.2994 95.3735 416.072 13.47 98.6967 413.411 25.6399 98.0992 413.446 25.4693 94.7759 416.106
  poly 64: -23.0379 100.806 418.177 -35.2078 101.403 418.143 -35.0372 104.726 415.482 -22.8673 104.129 415.517 -23.0379 100.806 418.177
  poly 65: -23.2104 97.166 415.969 -35.3803 97.7636 415.935 -35.2097 101.087 413.274 -23.0398 100.489 413.309 -23.2104 97.166 415.969
  poly 66: -71.7176 103.196 418.04 -83.8875 103.793 418.006 -83.7169 107.117 415.345 -71.5469 106.519 415.38 -71.7176 103.196 418.04
  poly 67: -71.8901 99.5562 415.832 -84.06 100.154 415.798 -83.8894 103.477 413.137 -71.7194 102.879 413.172 -71.8901 99.5562 415.832
  poly 68: -120.397 105.586 417.903 -132.567 106.183 417.869 -132.397 109.507 415.208 -120.227 108.909 415.243 -120.397 105.586 417.903
  poly 69: -120.57 101.946 415.695 -132.74 102.544 415.661 -132.569 105.867 413 -120.399 105.27 413.035 -120.57 101.946 415.695
  poly 70: -169.077 107.976 417.766 -181.247 108.574 417.732 -181.076 111.897 415.071 -168.906 111.299 415.106 -169.077 107.976 417.766
  poly 71: -169.249 104.336 415.558 -181.419 104.934 415.524 -181.249 108.257 412.863 -169.079 107.66 412.898 -169.249 104.336 415.558
  poly 72: -217.757 110.366 417.629 -229.927 110.964 417.595 -229.756 114.287 414.934 -217.586 113.689 414.969 -217.757 110.366 417.629
  poly 73: -217.929 106.727 415.421 -230.099 107.324 415.387 -229.928 110.647 412.726 -217.758 110.05 412.761 -217.929 106.727 415.421
  poly 74: -266.436 112.756 417.492 -278.606 113.354 417.458 -278.436 116.677 414.797 -266.266 116.08 414.832 -266.436 112.756 417.492
  poly 75: -266.609 109.117 415.284 -278.779 109.714 415.25 -278.608 113.037 412.589 -266.438 112.44 412.624 -266.609 109.117 415.284
  poly 76: -315.116 115.146 417.355 -327.286 115.744 417.321 -327.115 119.067 414.66 -314.945 118.47 414.694 -315.116 115.146 417.355
  poly 77: -315.288 111.507 415.147 -327.458 112.104 415.113 -327.288 115.427 412.452 -315.118 114.83 412.487 -315.288 111.507 415.147
  poly 78: -363.796 117.537 417.218 -375.966 118.134 417.184 -375.795 121.457 414.523 -363.625 120.86 414.557 -363.796 117.537 417.218
  poly 79: -363.968 113.897 415.01 -376.138 114.494 414.976 -375.967 117.818 412.315 -363.798 117.22 412.35 -363.968 113.897 415.01
  poly 80: 373.535 69.6738 428.607 386.915 82.0876 418.205 392.306 82.0876 418.008 507.915 189.352 328.121 502.524 189.352 328.318 508.993 195.355 323.288 504.382 202.871 317.452 -508.586 202.871 354.328 -513.245 195.776 360.165 -507.445 189.173 365.227 -512.569 189.173 365.414 -453.042 121.412 417.372 -447.917 121.412 417.185 -437.445 109.492 426.325 -437.445 109.492 426.325 -422.271 108.747 426.368 -422.441 105.424 429.028 360.721 66.9713 431.232 360.892 70.2946 428.572 373.535 69.6738 428.607 373.535 69.6738 428.607
  poly 81: 369.533 69.5537 423.728 383.042 82.0876 413.224 393.825 82.0876 412.832 509.434 189.352 322.944 498.651 189.352 323.337 504.92 195.169 318.463 500.309 202.685 312.627 -503.806 202.685 349.181 -508.465 195.59 355.018 -502.828 189.173 359.938 -513.077 189.173 360.311 -453.55 121.412 412.269 -443.3 121.412 411.896 -432.33 108.924 421.471 -432.33 108.924 421.471 -422.273 108.43 421.499 -422.614 101.784 426.82 360.549 63.3316 429.025 360.89 69.9781 423.703 369.533 69.5537 423.728 369.533 69.5537 423.728
element 33
  poly 0: 471.918 173.531 324.144 455.568 158.361 336.857 450.176 158.361 337.053 466.527 173.531 324.34 471.918 173.531 324.144
  poly 1: 473.437 173.531 318.967 457.087 158.361 331.68 451.695 158.361 331.876 468.046 173.531 319.163 473.437 173.531 318.967
  poly 2: 439.217 143.19 349.57 422.866 128.02 362.282 417.475 128.02 362.479 433.825 143.19 349.766 439.217 143.19 349.57
  poly 3: 440.736 143.19 344.393 424.385 128.02 357.106 418.994 128.02 357.302 435.345 143.19 344.589 440.736 143.19 344.393
  poly 4: 406.516 112.849 374.995 390.165 97.6784 387.708 384.773 97.6784 387.904 401.124 112.849 375.191 406.516 112.849 374.995
  poly 5: 408.035 112.849 369.818 391.684 97.6784 382.531 386.292 97.6784 382.728 402.643 112.849 370.015 408.035 112.849 369.818
  poly 6: -444.946 136.423 387.161 -456.388 149.448 377.174 -451.263 149.448 376.988 -439.821 136.423 386.975 -444.946 136.423 387.161
  poly 7: -445.453 136.423 382.058 -456.896 149.448 372.071 -451.771 149.448 371.885 -440.329 136.423 381.872 -445.453 136.423 382.058
  poly 8: -467.83 162.473 367.187 -479.272 175.497 357.2 -474.147 175.497 357.013 -462.705 162.473 367 -467.83 162.473 367.187
  poly 9: -468.338 162.473 362.084 -479.78 175.497 352.097 -474.655 175.497 351.91 -463.213 162.473 361.898 -468.338 162.473 362.084
  poly 10: 323.201 71.0372 411.426 298.861 72.2323 411.357 299.032 75.5555 408.696 323.372 74.3605 408.765 323.201 71.0372 411.426
  poly 11: 323.029 67.3976 409.218 298.689 68.5926 409.149 298.859 71.9158 406.488 323.199 70.7208 406.557 323.029 67.3976 409.218
  poly 12: 274.521 73.4274 411.289 250.182 74.6224 411.22 250.352 77.9457 408.559 274.692 76.7506 408.628 274.521 73.4274 411.289
  poly 13: 274.349 69.7877 409.081 250.009 70.9827 409.012 250.18 74.306 406.351 274.52 73.1109 406.42 274.349 69.7877 409.081
  poly 14: 225.842 75.8175 411.152 201.502 77.0125 411.083 201.673 80.3358 408.422 226.012 79.1407 408.491 225.842 75.8175 411.152
  poly 15: 225.669 72.1778 408.944 201.329 73.3728 408.875 201.5 76.6961 406.214 225.84 75.501 406.283 225.669 72.1778 408.944
  poly 16: 177.162 78.2076 411.015 152.822 79.4026 410.946 152.993 82.7259 408.285 177.333 81.5308 408.354 177.162 78.2076 411.015
  poly 17: 176.99 74.5679 408.807 152.65 75.763 408.738 152.82 79.0862 406.077 177.16 77.8911 406.146 176.99 74.5679 408.807
  poly 18: 128.482 80.5977 410.878 104.143 81.7928 410.809 104.313 85.116 408.148 128.653 83.9209 408.217 128.482 80.5977 410.878
  poly 19: 128.31 76.958 408.67 103.97 78.1531 408.601 104.141 81.4763 405.94 128.481 80.2813 406.009 128.31 76.958 408.67
  poly 20: 79.8027 82.9878 410.741 55.4628 84.1829 410.672 55.6335 87.5061 408.011 79.9733 86.3111 408.08 79.8027 82.9878 410.741
  poly 21: 79.6302 79.3481 408.533 55.2904 80.5432 408.464 55.461 83.8664 405.803 79.8008 82.6714 405.872 79.6302 79.3481 408.533
  poly 22: 31.123 85.3779 410.603 6.78317 86.573 410.535 6.95382 89.8962 407.874 31.2937 88.7012 407.943 31.123 85.3779 410.603
  poly 23: 30.9505 81.7382 408.396 6.61068 82.9333 408.327 6.78133 86.2565 405.666 31.1212 85.0615 405.735 30.9505 81.7382 408.396
  poly 24: -17.5567 87.7681 410.466 -41.8965 88.9631 410.398 -41.7259 92.2863 407.737 -17.386 91.0913 407.806 -17.5567 87.7681 410.466
  poly 25: -17.7292 84.1284 408.259 -42.069 85.3234 408.19 -41.8983 88.6467 405.529 -17.5585 87.4516 405.598 -17.7292 84.1284 408.259
  poly 26: -66.2364 90.1582 410.329 -90.5762 91.3532 410.261 -90.4055 94.6765 407.6 -66.0657 93.4814 407.669 -66.2364 90.1582 410.329
  poly 27: -66.4088 86.5185 408.122 -90.7487 87.7135 408.053 -90.578 91.0368 405.392 -66.2382 89.8417 405.461 -66.4088 86.5185 408.122
  poly 28: -114.916 92.5483 410.192 -139.256 93.7433 410.124 -139.085 97.0666 407.463 -114.745 95.8715 407.532 -114.916 92.5483 410.192
  poly 29: -115.089 88.9086 407.985 -139.428 90.1037 407.916 -139.258 93.4269 405.255 -114.918 92.2318 405.324 -115.089 88.9086 407.985
  poly 30: -163.596 94.9384 410.055 -187.936 96.1335 409.987 -187.765 99.4567 407.326 -163.425 98.2616 407.395 -163.596 94.9384 410.055
  poly 31: -163.768 91.2987 407.848 -188.108 92.4938 407.779 -187.937 95.817 405.118 -163.598 94.6219 405.187 -163.768 91.2987 407.848
  poly 32: -212.275 97.3285 409.918 -236.615 98.5236 409.85 -236.445 101.847 407.189 -212.105 100.652 407.258 -212.275 97.3285 409.918
  poly 33: -212.448 93.6888 407.71 -236.788 94.8839 407.642 -236.617 98.2071 404.981 -212.277 97.0121 405.05 -212.448 93.6888 407.71
  poly 34: -260.955 99.7186 409.781 -285.295 100.914 409.713 -285.124 104.237 407.052 -260.784 103.042 407.121 -260.955 99.7186 409.781
  poly 35: -261.128 96.0789 407.573 -285.467 97.274 407.505 -285.297 100.597 404.844 -260.957 99.4022 404.913 -261.128 96.0789 407.573
  poly 36: -309.635 102.109 409.644 -333.975 103.304 409.576 -333.804 106.627 406.915 -309.464 105.432 406.984 -309.635 102.109 409.644
  poly 37: -309.807 98.4691 407.436 -334.147 99.6641 407.368 -333.976 102.987 404.707 -309.637 101.792 404.776 -309.807 98.4691 407.436
  poly 38: -358.314 104.499 409.507 -382.654 105.694 409.439 -382.484 109.017 406.778 -358.144 107.822 406.847 -358.314 104.499 409.507
  poly 39: -358.487 100.859 407.299 -382.827 102.054 407.231 -382.656 105.377 404.57 -358.316 104.182 404.639 -358.487 100.859 407.299
  poly 40: 359.529 69.2536 411.528 373.814 82.5078 400.421 379.206 82.5078 400.225 387.239 82.5078 399.932 501.694 188.702 310.942 493.66 188.702 311.235 488.269 188.702 311.431 494.738 194.704 306.401 490.128 202.22 300.565 -491.856 202.22 336.313 -496.515 195.125 342.15 -490.714 188.522 347.213 -495.839 188.522 347.4 -503.475 188.522 347.678 -446.264 123.399 397.613 -438.628 123.399 397.335 -433.503 123.399 397.148 -419.541 107.505 409.335 -419.541 107.505 409.335 -406.994 106.889 409.37 -407.165 103.566 412.031 -407.419 98.6141 415.995 -383.081 97.3858 416.091 -383.081 97.3858 416.091 -383.252 94.0626 418.751 -380.337 91.4208 420.755 -362.082 90.5245 420.807 -358.912 92.8675 418.82 -358.741 96.1908 416.159 -358.741 96.1908 416.159 -334.401 94.9957 416.228 -334.401 94.9957 416.228 -334.572 91.6725 418.888 -331.657 89.0307 420.892 -313.403 88.1344 420.944 -310.232 90.4774 418.957 -310.061 93.8007 416.296 -310.061 93.8007 416.296 -285.722 92.6056 416.365 -285.722 92.6056 416.365 -285.892 89.2824 419.025 -282.978 86.6406 421.029 -264.723 85.7443 421.081 -261.552 88.0873 419.094 -261.382 91.4105 416.433 -261.382 91.4105 416.433 -237.042 90.2155 416.502 -237.042 90.2155 416.502 -237.213 86.8923 419.162 -234.298 84.2504 421.166 -216.043 83.3542 421.218 -212.873 85.6972 419.231 -212.702 89.0204 416.57 -212.702 89.0204 416.57 -188.362 87.8254 416.639 -188.362 87.8254 416.639 -188.533 84.5021 419.299 -185.618 81.8603 421.303 -167.363 80.964 421.355 -164.193 83.3071 419.368 -164.022 86.6303 416.707 -164.022 86.6303 416.707 -139.683 85.4353 416.776 -139.683 85.4353 416.776 -139.853 82.112 419.436 -136.939 79.4702 421.44 -118.684 78.5739 421.492 -115.513 80.917 419.505 -115.343 84.2402 416.844 -115.343 84.2402 416.844 -91.0028 83.0451 416.913 -91.0028 83.0451 416.913 -91.1735 79.7219 419.573 -88.259 77.0801 421.577 -70.0041 76.1838 421.629 -66.8336 78.5269 419.642 -66.663 81.8501 416.981 -66.663 81.8501 416.981 -42.3232 80.655 417.05 -42.3232 80.655 417.05 -42.4938 77.3318 419.71 -39.5793 74.69 421.714 -21.3244 73.7937 421.766 -18.154 76.1367 419.779 -17.9833 79.46 417.118 -17.9833 79.46 417.118 6.35653 78.2649 417.187 6.35653 78.2649 417.187 6.18587 74.9417 419.847 9.10036 72.2999 421.851 27.3552 71.4036 421.903 30.5257 73.7466 419.916 30.6964 77.0699 417.255 30.6964 77.0699 417.255 55.0362 75.8748 417.324 55.0362 75.8748 417.324 54.8656 72.5516 419.984 57.78 69.9098 421.988 76.0349 69.0135 422.04 79.2054 71.3565 420.053 79.376 74.6797 417.392 79.376 74.6797 417.392 103.716 73.4847 417.461 103.716 73.4847 417.461 103.545 70.1614 420.121 106.46 67.5196 422.125 124.715 66.6233 422.177 127.885 68.9664 420.19 128.056 72.2896 417.529 128.056 72.2896 417.529 152.396 71.0946 417.598 152.396 71.0946 417.598 152.225 67.7713 420.258 155.139 65.1295 422.262 173.394 64.2332 422.314 176.565 66.5763 420.327 176.735 69.8995 417.666 176.735 69.8995 417.666 201.075 68.7044 417.735 201.075 68.7044 417.735 200.905 65.3812 420.395 203.819 62.7394 422.399 222.074 61.8431 422.451 225.244 64.1862 420.464 225.415 67.5094 417.803 225.415 67.5094 417.803 249.755 66.3143 417.872 249.755 66.3143 417.872 249.584 62.9911 420.532 252.499 60.3493 422.536 270.754 59.453 422.588 273.924 61.796 420.601 274.095 65.1193 417.94 274.095 65.1193 417.94 298.435 63.9242 418.009 298.435 63.9242 418.009 298.264 60.601 420.669 301.178 57.9592 422.673 319.433 57.0629 422.725 322.604 59.4059 420.738 322.774 62.7292 418.077 322.774 62.7292 418.077 347.116 61.5673 418.119 347.37 66.519 414.155 347.541 69.8422 411.494 359.529 69.2536 411.528 359.529 69.2536 411.528
  poly 41: 355.527 69.1335 406.648 369.942 82.5078 395.44 380.725 82.5078 395.048 388.812 82.5078 394.753 503.267 188.702 305.764 495.18 188.702 306.058 484.397 188.702 306.451 490.665 194.518 301.577 486.055 202.034 295.741 -487.075 202.034 331.166 -491.734 194.939 337.003 -486.097 188.522 341.923 -496.347 188.522 342.297 -504.034 188.522 342.576 -446.823 123.399 392.512 -439.136 123.399 392.232 -428.887 123.399 391.859 -414.425 106.937 404.481 -414.425 106.937 404.481 -406.996 106.573 404.502 -407.337 99.9261 409.823 -407.593 94.9412 413.814 -383.253 93.7461 413.883 -383.253 93.7461 413.883 -383.424 90.4229 416.543 -380.51 87.7811 418.547 -362.255 86.8848 418.599 -359.084 89.2279 416.612 -358.914 92.5511 413.951 -358.914 92.5511 413.951 -334.574 91.356 414.02 -334.574 91.356 414.02 -334.744 88.0328 416.68 -331.83 85.391 418.684 -313.575 84.4947 418.736 -310.405 86.8377 416.749 -310.234 90.161 414.088 -310.234 90.161 414.088 -285.894 88.9659 414.157 -285.894 88.9659 414.157 -286.065 85.6427 416.817 -283.15 83.0009 418.821 -264.895 82.1046 418.873 -261.725 84.4476 416.886 -261.554 87.7709 414.225 -261.554 87.7709 414.225 -237.214 86.5758 414.294 -237.214 86.5758 414.294 -237.385 83.2526 416.954 -234.471 80.6108 418.958 -216.216 79.7145 419.01 -213.045 82.0575 417.023 -212.875 85.3807 414.362 -212.875 85.3807 414.362 -188.535 84.1857 414.431 -188.535 84.1857 414.431 -188.705 80.8625 417.091 -185.791 78.2206 419.095 -167.536 77.3243 419.147 -164.365 79.6674 417.16 -164.195 82.9906 414.499 -164.195 82.9906 414.499 -139.855 81.7956 414.568 -139.855 81.7956 414.568 -140.026 78.4723 417.228 -137.111 75.8305 419.232 -118.856 74.9342 419.284 -115.686 77.2773 417.297 -115.515 80.6005 414.636 -115.515 80.6005 414.636 -91.1753 79.4055 414.705 -91.1753 79.4055 414.705 -91.346 76.0822 417.365 -88.4315 73.4404 419.369 -70.1766 72.5441 419.421 -67.0061 74.8872 417.434 -66.8355 78.2104 414.773 -66.8355 78.2104 414.773 -42.4956 77.0153 414.842 -42.4956 77.0153 414.842 -42.6663 73.6921 417.502 -39.7518 71.0503 419.506 -21.4969 70.154 419.558 -18.3265 72.497 417.571 -18.1558 75.8203 414.91 -18.1558 75.8203 414.91 6.18404 74.6252 414.979 6.18404 74.6252 414.979 6.01338 71.302 417.639 8.92787 68.6602 419.643 27.1828 67.7639 419.695 30.3532 70.1069 417.708 30.5239 73.4302 415.047 30.5239 73.4302 415.047 54.8637 72.2351 415.116 54.8637 72.2351 415.116 54.6931 68.9119 417.776 57.6075 66.2701 419.78 75.8624 65.3738 419.832 79.0329 67.7168 417.845 79.2036 71.04 415.184 79.2036 71.04 415.184 103.543 69.845 415.253 103.543 69.845 415.253 103.373 66.5218 417.913 106.287 63.8799 419.917 124.542 62.9837 419.969 127.713 65.3267 417.982 127.883 68.6499 415.321 127.883 68.6499 415.321 152.223 67.4549 415.39 152.223 67.4549 415.39 152.052 64.1316 418.05 154.967 61.4898 420.054 173.222 60.5935 420.106 176.392 62.9366 418.119 176.563 66.2598 415.458 176.563 66.2598 415.458 200.903 65.0648 415.527 200.903 65.0648 415.527 200.732 61.7415 418.187 203.647 59.0997 420.191 221.901 58.2034 420.243 225.072 60.5465 418.256 225.243 63.8697 415.595 225.243 63.8697 415.595 249.582 62.6746 415.664 249.582 62.6746 415.664 249.412 59.3514 418.324 252.326 56.7096 420.328 270.581 55.8133 420.38 273.752 58.1564 418.393 273.922 61.4796 415.732 273.922 61.4796 415.732 298.262 60.2845 415.801 298.262 60.2845 415.801 298.091 56.9613 418.461 301.006 54.3195 420.465 319.261 53.4232 420.517 322.431 55.7662 418.53 322.602 59.0895 415.869 322.602 59.0895 415.869 346.942 57.8944 415.938 347.198 62.8793 411.947 347.539 69.5257 406.625 355.527 69.1335 406.648 355.527 69.1335 406.648
element 34
  poly 0: 466.777 46.3832 44.8293 460.305 47.6869 70.5817 462.926 51.0102 71.0721 469.398 49.7064 45.3197 466.777 46.3832 44.8293
  poly 1: 464.68 50.0229 44.1179 458.208 51.3266 69.8703 460.828 54.6499 70.3607 467.301 53.3461 44.6083 464.68 50.0229 44.1179
  poly 2: 453.833 48.9907 96.3341 447.36 50.2944 122.087 449.981 53.6176 122.577 456.453 52.3139 96.8245 453.833 48.9907 96.3341
  poly 3: 451.735 52.6304 95.6227 445.263 53.9341 121.375 447.884 57.2573 121.866 454.356 55.9536 96.1131 451.735 52.6304 95.6227
  poly 4: 440.888 51.5981 147.839 434.416 52.9019 173.591 437.036 56.2251 174.082 443.509 54.9214 148.329 440.888 51.5981 147.839
  poly 5: 438.791 55.2378 147.128 432.318 56.5416 172.88 434.939 59.8648 173.37 441.411 58.5611 147.618 438.791 55.2378 147.128
  poly 6: 427.943 54.2056 199.344 421.471 55.5093 225.096 424.092 58.8326 225.587 430.564 57.5288 199.834 427.943 54.2056 199.344
  poly 7: 425.846 57.8453 198.632 419.374 59.149 224.385 421.994 62.4722 224.875 428.467 61.1685 199.123 425.846 57.8453 198.632
  poly 8: 414.999 56.8131 250.849 408.526 58.1168 276.601 411.147 61.44 277.091 417.619 60.1363 251.339 414.999 56.8131 250.849
  poly 9: 412.901 60.4527 250.137 406.429 61.7565 275.89 409.05 65.0797 276.38 415.522 63.776 250.628 412.901 60.4527 250.137
  poly 10: 402.054 59.4205 302.353 395.582 60.7242 328.106 398.202 64.0475 328.596 404.675 62.7437 302.844 402.054 59.4205 302.353
  poly 11: 399.957 63.0602 301.642 393.484 64.3639 327.394 396.105 67.6872 327.885 402.577 66.3834 302.132 399.957 63.0602 301.642
  poly 12: 389.109 62.028 353.858 382.637 63.3317 379.611 385.258 66.6549 380.101 391.73 65.3512 354.349 389.109 62.028 353.858
  poly 13: 387.012 65.6677 353.147 380.54 66.9714 378.899 383.16 70.2946 379.39 389.633 68.9909 353.637 387.012 65.6677 353.147
  poly 14: 478.456 47.8819 9.27972 606.693 202.034 9.27972 516.192 202.034 317.69 516.192 202.034 317.69 502.524 189.352 328.318 504.043 189.352 323.141 487.527 174.029 335.982 485.628 174.029 342.453 482.425 172.113 347.94 470.038 160.621 357.571 469.113 158.705 355.294 471.012 158.705 348.823 454.496 143.382 361.664 452.597 143.382 368.135 449.393 141.466 373.622 437.007 129.974 383.253 436.082 128.058 380.976 437.98 128.058 374.505 421.465 112.735 387.346 419.566 112.735 393.817 416.362 110.819 399.305 403.976 99.3266 408.935 403.05 97.4112 406.658 404.949 97.4112 400.187 388.434 82.0876 413.028 386.915 82.0876 418.205 380.481 76.1184 423.207 375.831 68.5539 417.61 378.785 67.9587 405.853 373.544 61.3122 404.873 369.613 56.3274 404.137 376.085 55.0236 378.385 376.085 55.0236 378.385 373.465 51.7004 377.894 372.308 49.045 374.307 377.163 48.0672 354.993 379.937 50.3967 352.142 382.558 53.7199 352.632 382.558 53.7199 352.632 389.03 52.4162 326.88 389.03 52.4162 326.88 386.409 49.0929 326.389 385.253 46.4375 322.802 390.107 45.4597 303.488 392.882 47.7892 300.637 395.502 51.1124 301.127 395.502 51.1124 301.127 401.975 49.8087 275.375 401.975 49.8087 275.375 399.354 46.4855 274.885 398.198 43.8301 271.298 403.052 42.8523 251.983 405.826 45.1817 249.132 408.447 48.505 249.623 408.447 48.505 249.623 414.919 47.2012 223.87 414.919 47.2012 223.87 412.299 43.878 223.38 411.142 41.2226 219.793 415.996 40.2448 200.479 418.771 42.5743 197.627 421.392 45.8975 198.118 421.392 45.8975 198.118 427.864 44.5938 172.365 427.864 44.5938 172.365 425.243 41.2705 171.875 424.087 38.6152 168.288 428.941 37.6374 148.974 431.716 39.9668 146.123 434.336 43.29 146.613 434.336 43.29 146.613 440.809 41.9863 120.861 440.809 41.9863 120.861 438.188 38.6631 120.37 437.032 36.0077 116.783 441.886 35.0299 97.469 444.66 37.3594 94.6177 447.281 40.6826 95.1081 447.281 40.6826 95.1081 453.753 39.3789 69.3557 453.753 39.3789 69.3557 451.133 36.0556 68.8653 449.976 33.4002 65.2785 454.83 32.4224 45.9642 457.605 34.7519 43.1129 460.226 38.0751 43.6033 460.226 38.0751 43.6033 466.698 36.7714 17.8509 470.629 41.7562 18.5865 475.87 48.4027 19.5673 478.456 47.8819 9.27972
  poly 15: 473.436 48.2592 9.27972 601.514 202.22 9.27972 512.52 202.22 312.554 512.52 202.22 312.554 498.651 189.352 323.337 498.666 189.352 323.285 482.136 174.029 336.178 480.237 174.029 342.649 477.033 172.113 348.137 464.646 160.621 357.767 463.721 158.705 355.49 465.62 158.705 349.019 449.105 143.382 361.86 447.206 143.382 368.331 444.002 141.466 373.819 431.615 129.974 383.45 430.69 128.058 381.172 432.589 128.058 374.701 416.073 112.735 387.542 414.175 112.735 394.013 410.971 110.819 399.501 398.584 99.3266 409.132 397.659 97.4112 406.854 399.558 97.4112 400.383 383.057 82.0876 413.172 383.042 82.0876 413.224 376.738 76.2385 418.126 372.088 68.6739 412.529 374.067 68.2751 404.652 371.447 64.9519 404.161 367.542 60.0003 403.43 373.988 58.6633 377.673 373.988 58.6633 377.673 371.367 55.3401 377.183 370.211 52.6847 373.596 375.065 51.7069 354.282 377.84 54.0363 351.43 380.46 57.3596 351.921 380.46 57.3596 351.921 386.933 56.0559 326.168 386.933 56.0559 326.168 384.312 52.7326 325.678 383.156 50.0772 322.091 388.01 49.0994 302.777 390.784 51.4289 299.926 393.405 54.7521 300.416 393.405 54.7521 300.416 399.877 53.4484 274.664 399.877 53.4484 274.664 397.257 50.1252 274.173 396.1 47.4698 270.586 400.955 46.492 251.272 403.729 48.8214 248.421 406.35 52.1447 248.911 406.35 52.1447 248.911 412.822 50.8409 223.159 412.822 50.8409 223.159 410.201 47.5177 222.668 409.045 44.8623 219.081 413.899 43.8845 199.767 416.674 46.214 196.916 419.294 49.5372 197.406 419.294 49.5372 197.406 425.767 48.2335 171.654 425.767 48.2335 171.654 423.146 44.9102 171.164 421.99 42.2548 167.577 426.844 41.277 148.262 429.618 43.6065 145.411 432.239 46.9297 145.902 432.239 46.9297 145.902 438.711 45.626 120.149 438.711 45.626 120.149 436.091 42.3028 119.659 434.934 39.6474 116.072 439.788 38.6696 96.7576 442.563 40.999 93.9063 445.184 44.3223 94.3967 445.184 44.3223 94.3967 451.656 43.0185 68.6443 451.656 43.0185 68.6443 449.035 39.6953 68.1539 447.879 37.0399 64.5671 452.733 36.0621 45.2528 455.508 38.3916 42.4015 458.128 41.7148 42.8919 458.128 41.7148 42.8919 464.627 40.4443 17.1444 468.532 45.3959 17.8751 471.152 48.7192 18.3655 473.436 48.2592 9.27972
element 35
  poly 0: 449.503 47.6442 43.6524 443.326 48.8883 68.2279 445.947 52.2116 68.7183 452.124 50.9674 44.1428 449.503 47.6442 43.6524
  poly 1: 447.406 51.2839 42.941 441.229 52.528 67.5165 443.85 55.8512 68.0069 450.026 54.6071 43.4314 447.406 51.2839 42.941
  poly 2: 437.15 50.1325 92.8034 430.973 51.3766 117.379 433.594 54.6998 117.869 439.771 53.4557 93.2938 437.15 50.1325 92.8034
  poly 3: 435.053 53.7722 92.092 428.876 55.0163 116.668 431.497 58.3395 117.158 437.673 57.0954 92.5824 435.053 53.7722 92.092
  poly 4: 424.797 52.6208 141.954 418.62 53.8649 166.53 421.241 57.1881 167.02 427.417 55.944 142.445 424.797 52.6208 141.954
  poly 5: 422.7 56.2605 141.243 416.523 57.5046 165.818 419.144 60.8278 166.309 425.32 59.5837 141.733 422.7 56.2605 141.243
  poly 6: 412.444 55.1091 191.105 406.267 56.3532 215.681 408.888 59.6764 216.171 415.064 58.4323 191.596 412.444 55.1091 191.105
  poly 7: 410.346 58.7487 190.394 404.17 59.9929 214.969 406.791 63.3161 215.46 412.967 62.072 190.884 410.346 58.7487 190.394
  poly 8: 400.091 57.5974 240.256 393.914 58.8415 264.832 396.535 62.1647 265.322 402.711 60.9206 240.747 400.091 57.5974 240.256
  poly 9: 397.993 61.237 239.545 391.817 62.4812 264.12 394.438 65.8044 264.611 400.614 64.5603 240.035 397.993 61.237 239.545
  poly 10: 387.738 60.0857 289.407 381.561 61.3298 313.983 384.182 64.653 314.473 390.358 63.4089 289.898 387.738 60.0857 289.407
  poly 11: 385.64 63.7253 288.696 379.464 64.9695 313.271 382.084 68.2927 313.762 388.261 67.0486 289.186 385.64 63.7253 288.696
  poly 12: 375.385 62.574 338.558 369.208 63.8181 363.134 371.829 67.1413 363.624 378.005 65.8972 339.049 375.385 62.574 338.558
  poly 13: 373.287 66.2136 337.847 367.111 67.4578 362.422 369.731 70.781 362.913 375.908 69.5369 338.337 373.287 66.2136 337.847
  poly 14: 457.819 59.4481 48.7776 454.582 60.0999 61.6538 457.203 63.4232 62.1442 460.439 62.7713 49.268 457.819 59.4481 48.7776
  poly 15: 455.721 63.0877 48.0662 452.485 63.7396 60.9424 455.106 67.0628 61.4328 458.342 66.411 48.5566 455.721 63.0877 48.0662
  poly 16: 444.874 62.0555 100.282 441.638 62.7074 113.159 444.258 66.0306 113.649 447.495 65.3788 100.773 444.874 62.0555 100.282
  poly 17: 442.777 65.6952 99.571 439.54 66.3471 112.447 442.161 69.6703 112.938 445.397 69.0184 100.061 442.777 65.6952 99.571
  poly 18: 431.929 64.663 151.787 428.693 65.3148 164.663 431.314 68.6381 165.154 434.55 67.9862 152.278 431.929 64.663 151.787
  poly 19: 429.832 68.3027 151.076 426.596 68.9545 163.952 429.216 72.2778 164.442 432.453 71.6259 151.566 429.832 68.3027 151.076
  poly 20: 418.985 67.2704 203.292 415.748 67.9223 216.168 418.369 71.2455 216.659 421.605 70.5937 203.782 418.985 67.2704 203.292
  poly 21: 416.887 70.9101 202.581 413.651 71.562 215.457 416.272 74.8852 215.947 419.508 74.2334 203.071 416.887 70.9101 202.581
  poly 22: 406.04 69.8779 254.797 402.804 70.5298 267.673 405.424 73.853 268.163 408.661 73.2011 255.287 406.04 69.8779 254.797
  poly 23: 403.943 73.5176 254.085 400.706 74.1695 266.962 403.327 77.4927 267.452 406.563 76.8408 254.576 403.943 73.5176 254.085
  poly 24: 393.095 72.4854 306.302 389.859 73.1372 319.178 392.48 76.4605 319.668 395.716 75.8086 306.792 393.095 72.4854 306.302
  poly 25: 390.998 76.1251 305.59 387.762 76.7769 318.466 390.382 80.1001 318.957 393.619 79.4483 306.081 390.998 76.1251 305.59
  poly 26: 380.151 75.0928 357.806 376.914 75.7447 370.683 379.535 79.0679 371.173 382.771 78.4161 358.297 380.151 75.0928 357.806
  poly 27: 378.053 78.7325 357.095 374.817 79.3844 369.971 377.438 82.7076 370.462 380.674 82.0557 357.585 378.053 78.7325 357.095
  poly 28: 460.886 49.2024 9.27972 588.566 202.685 9.27972 503.34 202.685 299.713 503.34 202.685 299.713 488.269 188.702 311.431 489.788 188.702 306.254 473.437 173.531 318.967 471.918 173.531 324.144 467.712 173.152 337.404 464.033 169.739 340.264 462.514 169.739 345.441 460.353 168.79 350.118 454.221 163.101 354.885 454.338 162.153 351.797 455.858 162.153 346.62 452.179 158.74 349.481 455.568 158.361 336.857 457.087 158.361 331.68 440.736 143.19 344.393 439.217 143.19 349.57 435.01 142.811 362.829 431.332 139.397 365.69 429.812 139.397 370.866 427.651 138.449 375.544 421.52 132.76 380.311 421.637 131.812 377.223 423.156 131.812 372.046 419.477 128.399 374.906 422.866 128.02 362.282 424.385 128.02 357.106 408.035 112.849 369.818 406.516 112.849 374.995 402.309 112.47 388.255 398.63 109.056 391.115 397.111 109.056 396.292 394.95 108.108 400.969 388.818 102.419 405.737 388.936 101.471 402.648 390.455 101.471 397.472 386.776 98.0577 400.332 390.165 97.6784 387.708 391.684 97.6784 382.531 375.333 82.5078 395.244 373.814 82.5078 400.421 367.381 76.5387 405.423 362.73 68.9741 399.826 365.652 68.3855 388.2 360.411 61.739 387.219 453.059 43.0768 18.5865 458.3 49.7233 19.5673 460.886 49.2024 9.27972
  poly 29: 455.866 49.5797 9.27972 583.387 202.871 9.27972 499.668 202.871 294.577 499.668 202.871 294.577 484.397 188.702 306.451 484.412 188.702 306.399 468.046 173.531 319.163 466.527 173.531 324.34 462.32 173.152 337.6 458.641 169.739 340.46 457.122 169.739 345.637 454.961 168.79 350.314 448.83 163.101 355.081 448.947 162.153 351.993 450.466 162.153 346.817 446.787 158.74 349.677 450.176 158.361 337.053 451.695 158.361 331.876 435.345 143.19 344.589 433.825 143.19 349.766 429.619 142.811 363.026 425.94 139.397 365.886 424.421 139.397 371.063 422.26 138.449 375.74 416.128 132.76 380.507 416.246 131.812 377.419 417.765 131.812 372.242 414.086 128.399 375.103 417.475 128.02 362.479 418.994 128.02 357.302 402.643 112.849 370.015 401.124 112.849 375.191 396.918 112.47 388.451 393.239 109.056 391.312 391.72 109.056 396.488 389.558 108.108 401.165 383.427 102.419 405.933 383.544 101.471 402.845 385.063 101.471 397.668 381.384 98.0577 400.528 384.773 97.6784 387.904 386.292 97.6784 382.728 369.957 82.5078 395.389 369.942 82.5078 395.44 363.638 76.6587 400.342 358.987 69.0941 394.745 360.934 68.7019 386.998 358.314 65.3787 386.507 450.962 46.7165 17.8751 453.582 50.0397 18.3655 455.866 49.5797 9.27972
element 36
  poly 0: -493.569 127.708 9.27972 -586.206 -23.309 9.27972 -529.575 -23.309 342.972 -529.575 -23.309 342.972 -517.884 -7.07273 353.176 -518.682 -7.07273 348.473 -504.261 12.9542 361.06 -503.263 12.9542 366.939 -500.862 15.4575 372.04 -490.046 30.4777 381.48 -488.842 32.9811 379.526 -489.84 32.9811 373.648 -475.419 53.0079 386.235 -474.421 53.0079 392.114 -472.02 55.5113 397.214 -461.204 70.5315 406.655 -460 73.0348 404.701 -460.998 73.0348 398.822 -446.576 93.0617 411.409 -445.778 93.0617 416.112 -440.751 100.044 420.5 -437.013 107.582 415.277 -438.64 108.161 403.594 -438.663 108.125 403.595 -442.207 109.431 377.988 -439.996 113.07 377.86 -434.558 122.201 376.901 -435.361 122.487 371.14 -433.15 126.127 371.012 -431.714 128.936 369.316 -433.052 129.412 359.714 -434.933 126.761 358.209 -437.144 123.122 358.336 -437.947 123.407 352.575 -443.563 114.34 352.254 -445.774 110.7 352.381 -449.341 111.969 326.775 -447.13 115.609 326.648 -441.692 124.74 325.688 -442.495 125.026 319.927 -440.284 128.665 319.8 -438.848 131.474 318.103 -440.186 131.95 308.501 -442.067 129.3 306.996 -444.278 125.66 307.124 -445.081 125.946 301.363 -450.697 116.878 301.041 -452.908 113.239 301.169 -456.475 114.508 275.563 -454.264 118.148 275.435 -448.826 127.279 274.476 -449.629 127.564 268.715 -447.418 131.204 268.587 -445.982 134.013 266.891 -447.32 134.489 257.289 -449.201 131.839 255.784 -451.412 128.199 255.912 -452.215 128.485 250.15 -457.831 119.417 249.829 -460.042 115.777 249.956 -463.609 117.047 224.35 -461.398 120.687 224.223 -455.96 129.817 223.264 -456.763 130.103 217.502 -454.552 133.743 217.375 -453.116 136.552 215.679 -454.454 137.028 206.076 -456.335 134.377 204.571 -458.546 130.738 204.699 -459.349 131.023 198.938 -464.965 121.956 198.616 -467.176 118.316 198.744 -470.743 119.586 173.138 -468.532 123.225 173.01 -463.094 132.356 172.051 -463.897 132.642 166.29 -461.686 136.282 166.162 -460.25 139.091 164.466 -461.588 139.567 154.864 -463.469 136.916 153.359 -465.68 133.277 153.487 -466.483 133.562 147.725 -472.099 124.495 147.404 -474.311 120.855 147.532 -477.878 122.124 121.925 -475.666 125.764 121.798 -470.228 134.895 120.839 -471.031 135.181 115.077 -468.82 138.82 114.95 -467.384 141.629 113.254 -468.722 142.105 103.651 -470.603 139.455 102.147 -472.814 135.815 102.274 -473.617 136.101 96.5127 -479.234 127.033 96.1915 -481.445 123.394 96.319 -485.012 124.663 70.7128 -482.801 128.303 70.5852 -477.362 137.434 69.6262 -478.165 137.719 63.8648 -475.954 141.359 63.7372 -474.518 144.168 62.0411 -475.856 144.644 52.4388 -477.737 141.994 50.9341 -479.948 138.354 51.0616 -480.751 138.64 45.3002 -486.368 129.572 44.979 -488.579 125.932 45.1066 -492.168 127.165 19.5016 -492.146 127.202 19.5003 -493.569 127.708 9.27972
  poly 1: -488.654 127.992 9.27972 -581.257 -22.9705 9.27972 -525.362 -22.9705 338.636 -525.362 -22.9705 338.636 -513.914 -7.07273 348.628 -513.922 -7.07273 348.581 -499.493 12.9542 361.215 -498.495 12.9542 367.094 -496.094 15.4575 372.195 -485.278 30.4777 381.635 -484.074 32.9811 379.681 -485.072 32.9811 373.803 -470.651 53.0079 386.39 -469.653 53.0079 392.269 -467.252 55.5113 397.369 -456.436 70.5315 406.81 -455.232 73.0348 404.856 -456.23 73.0348 398.977 -441.817 93.0617 411.517 -441.809 93.0617 411.564 -436.425 100.538 416.263 -432.688 108.076 411.039 -433.816 108.478 402.938 -436.027 104.838 403.065 -439.594 106.107 377.459 -437.383 109.747 377.331 -431.945 118.878 376.372 -432.747 119.164 370.611 -430.536 122.803 370.483 -429.101 125.612 368.787 -430.439 126.088 359.185 -432.32 123.438 357.68 -434.531 119.798 357.808 -435.334 120.084 352.046 -440.95 111.016 351.725 -443.161 107.377 351.853 -446.728 108.646 326.246 -444.517 112.286 326.119 -439.079 121.417 325.16 -439.882 121.702 319.398 -437.67 125.342 319.271 -436.235 128.151 317.575 -437.573 128.627 307.972 -439.454 125.977 306.468 -441.665 122.337 306.595 -442.468 122.623 300.834 -448.084 113.555 300.513 -450.295 109.915 300.64 -453.862 111.185 275.034 -451.651 114.825 274.906 -446.213 123.956 273.947 -447.016 124.241 268.186 -444.805 127.881 268.058 -443.369 130.69 266.362 -444.707 131.166 256.76 -446.588 128.515 255.255 -448.799 124.876 255.383 -449.602 125.161 249.621 -455.218 116.094 249.3 -457.429 112.454 249.428 -460.996 113.724 223.821 -458.785 117.363 223.694 -453.347 126.494 222.735 -454.15 126.78 216.973 -451.939 130.42 216.846 -450.503 133.229 215.15 -451.841 133.705 205.547 -453.722 131.054 204.043 -455.933 127.415 204.17 -456.736 127.7 198.409 -462.352 118.633 198.088 -464.563 114.993 198.215 -468.13 116.262 172.609 -465.919 119.902 172.481 -460.481 129.033 171.522 -461.284 129.319 165.761 -459.073 132.958 165.633 -457.637 135.767 163.937 -458.975 136.243 154.335 -460.856 133.593 152.83 -463.067 129.953 152.958 -463.87 130.239 147.196 -469.486 121.171 146.875 -471.697 117.532 147.003 -475.264 118.801 121.397 -473.053 122.441 121.269 -467.615 131.572 120.31 -468.418 131.857 114.548 -466.207 135.497 114.421 -464.771 138.306 112.725 -466.109 138.782 103.122 -467.99 136.132 101.618 -470.201 132.492 101.745 -471.004 132.778 95.9839 -476.62 123.71 95.6627 -478.831 120.07 95.7903 -482.398 121.34 70.184 -480.187 124.98 70.0565 -474.749 134.11 69.0974 -475.552 134.396 63.336 -473.341 138.036 63.2084 -471.905 140.845 61.5124 -473.243 141.321 51.91 -475.124 138.67 50.4053 -477.335 135.031 50.5329 -478.138 135.316 44.7715 -483.754 126.249 44.4502 -485.965 122.609 44.5778 -489.532 123.879 18.9716 -487.321 127.518 18.844 -488.654 127.992 9.27972
element 37
  poly 0: -433.061 97.7993 376.137 -436.628 99.0687 350.531 -434.417 102.708 350.403 -430.85 101.439 376.009 -433.061 97.7993 376.137
  poly 1: -430.448 94.4761 375.608 -434.015 95.7454 350.002 -431.804 99.3851 349.874 -428.237 98.1157 375.481 -430.448 94.4761 375.608
  poly 2: -440.195 100.338 324.924 -443.762 101.607 299.318 -441.551 105.247 299.191 -437.984 103.978 324.797 -440.195 100.338 324.924
  poly 3: -437.582 97.0148 324.396 -441.149 98.2842 298.789 -438.938 101.924 298.662 -435.371 100.654 324.268 -437.582 97.0148 324.396
  poly 4: -447.329 102.877 273.712 -450.896 104.146 248.106 -448.685 107.786 247.978 -445.118 106.516 273.584 -447.329 102.877 273.712
  poly 5: -444.716 99.5535 273.183 -448.283 100.823 247.577 -446.072 104.463 247.449 -442.505 103.193 273.056 -444.716 99.5535 273.183
  poly 6: -454.463 105.416 222.5 -458.03 106.685 196.893 -455.819 110.325 196.766 -452.252 109.055 222.372 -454.463 105.416 222.5
  poly 7: -451.85 102.092 221.971 -455.417 103.362 196.365 -453.206 107.001 196.237 -449.639 105.732 221.843 -451.85 102.092 221.971
  poly 8: -461.597 107.954 171.287 -465.164 109.224 145.681 -462.953 112.863 145.553 -459.386 111.594 171.159 -461.597 107.954 171.287
  poly 9: -458.984 104.631 170.758 -462.551 105.9 145.152 -460.34 109.54 145.025 -456.773 108.271 170.631 -458.984 104.631 170.758
  poly 10: -468.731 110.493 120.075 -472.298 111.762 94.4684 -470.087 115.402 94.3408 -466.52 114.133 119.947 -468.731 110.493 120.075
  poly 11: -466.118 107.17 119.546 -469.685 108.439 93.9396 -467.474 112.079 93.812 -463.907 110.809 119.418 -466.118 107.17 119.546
  poly 12: -475.865 113.032 68.8621 -479.432 114.301 43.2559 -477.221 117.941 43.1283 -473.654 116.671 68.7346 -475.865 113.032 68.8621
  poly 13: -473.252 109.709 68.3334 -476.819 110.978 42.7271 -474.608 114.618 42.5996 -471.041 113.348 68.2058 -473.252 109.709 68.3334
  poly 14: -476.365 128.702 9.27972 -568.885 -22.1242 9.27972 -514.828 -22.1242 327.798 -514.828 -22.1242 327.798 -504.843 -8.25751 336.514 -505.641 -8.25751 331.811 -490.801 12.3521 344.764 -490.002 12.3521 349.467 -487.636 12.8674 361.549 -484.297 17.5045 364.463 -483.499 17.5045 369.166 -481.973 18.7926 373.503 -476.407 26.5212 378.361 -476.078 27.8094 375.643 -476.877 27.8094 370.94 -473.537 32.4465 373.854 -475.162 32.9618 362.421 -475.96 32.9618 357.718 -461.119 53.5714 370.671 -460.321 53.5714 375.374 -457.955 54.0866 387.455 -454.616 58.7238 390.37 -453.817 58.7238 395.073 -452.291 60.0119 399.41 -446.726 67.7405 404.267 -446.397 69.0286 401.55 -447.195 69.0286 396.847 -443.856 73.6658 399.761 -445.48 74.181 388.327 -446.279 74.181 383.624 -431.438 94.7907 396.578 -430.64 94.7907 401.281 -425.612 101.773 405.669 -421.874 109.311 400.446 -424.145 110.119 384.148 -424.167 110.083 384.15 -427.531 111.324 359.838 -424.767 115.874 359.679 -423.532 118.754 356.545 -426.072 119.658 338.312 -428.154 117.079 335.369 -430.917 112.529 335.529 -434.304 113.734 311.219 -431.54 118.284 311.059 -430.305 121.164 307.925 -432.845 122.068 289.692 -434.927 119.489 286.749 -437.69 114.939 286.909 -441.077 116.144 262.599 -438.313 120.694 262.44 -437.078 123.574 259.305 -439.618 124.478 241.073 -441.699 121.899 238.13 -444.463 117.35 238.289 -447.85 118.555 213.979 -445.086 123.104 213.82 -443.851 125.985 210.685 -446.391 126.889 192.453 -448.472 124.309 189.51 -451.236 119.76 189.669 -454.622 120.965 165.36 -451.859 125.514 165.2 -450.624 128.395 162.066 -453.163 129.299 143.833 -455.245 126.72 140.89 -458.009 122.17 141.05 -461.395 123.375 116.74 -458.631 127.925 116.58 -457.396 130.805 113.446 -459.936 131.709 95.2135 -462.018 129.13 92.2705 -464.782 124.58 92.4299 -468.168 125.785 68.1201 -465.404 130.335 67.9606 -464.169 133.215 64.8262 -466.709 134.119 46.5938 -468.791 131.54 43.6507 -471.554 126.99 43.8102 -474.963 128.159 19.5016 -474.941 128.196 19.5003 -476.365 128.702 9.27972
  poly 15: -471.449 128.986 9.27972 -563.935 -21.7857 9.27972 -510.615 -21.7857 323.463 -510.615 -21.7857 323.463 -500.874 -8.25751 331.966 -500.882 -8.25751 331.919 -486.033 12.3521 344.919 -485.235 12.3521 349.622 -482.868 12.8674 361.704 -479.529 17.5045 364.618 -478.731 17.5045 369.321 -477.205 18.7926 373.658 -471.64 26.5212 378.516 -471.311 27.8094 375.798 -472.109 27.8094 371.095 -468.77 32.4465 374.009 -470.394 32.9618 362.576 -471.192 32.9618 357.873 -456.351 53.5714 370.826 -455.553 53.5714 375.529 -453.187 54.0866 387.61 -449.848 58.7238 390.525 -449.05 58.7238 395.228 -447.523 60.0119 399.565 -441.958 67.7405 404.422 -441.629 69.0286 401.705 -442.427 69.0286 397.002 -439.088 73.6658 399.916 -440.713 74.181 388.482 -441.511 74.181 383.779 -426.678 94.7907 396.686 -426.67 94.7907 396.733 -421.287 102.267 401.432 -417.549 109.805 396.208 -419.32 110.435 383.492 -421.531 106.796 383.62 -424.918 108.001 359.31 -422.154 112.55 359.15 -420.919 115.431 356.016 -423.459 116.335 337.783 -425.54 113.756 334.84 -428.304 109.206 335 -431.691 110.411 310.69 -428.927 114.961 310.531 -427.692 117.841 307.396 -430.232 118.745 289.164 -432.313 116.166 286.221 -435.077 111.616 286.38 -438.464 112.821 262.07 -435.7 117.371 261.911 -434.465 120.251 258.776 -437.005 121.155 240.544 -439.086 118.576 237.601 -441.85 114.026 237.76 -445.236 115.231 213.451 -442.473 119.781 213.291 -441.238 122.661 210.157 -443.777 123.565 191.924 -445.859 120.986 188.981 -448.623 116.437 189.141 -452.009 117.642 164.831 -449.245 122.191 164.671 -448.01 125.072 161.537 -450.55 125.975 143.305 -452.632 123.396 140.361 -455.396 118.847 140.521 -458.782 120.052 116.211 -456.018 124.601 116.052 -454.783 127.482 112.917 -457.323 128.386 94.6848 -459.405 125.807 91.7417 -462.168 121.257 91.9012 -465.555 122.462 67.5913 -462.791 127.012 67.4318 -461.556 129.892 64.2974 -464.096 130.796 46.065 -466.178 128.217 43.122 -468.941 123.667 43.2814 -472.328 124.872 18.9716 -470.117 128.512 18.844 -471.449 128.986 9.27972
element 38
  poly 0: 399.795 33.4334 407.533 414.927 13.1764 395.767 410.175 13.1764 395.613 395.043 33.4334 407.378 399.795 33.4334 407.533
  poly 1: 400.817 33.4334 402.889 415.949 13.1764 391.124 411.196 13.1764 390.969 396.064 33.4334 402.734 400.817 33.4334 402.889
  poly 2: -503.463 12.9542 365.763 -489.042 32.9811 378.351 -484.274 32.9811 378.506 -498.695 12.9542 365.919 -503.463 12.9542 365.763
  poly 3: -504.261 12.9542 361.06 -489.84 32.9811 373.648 -485.072 32.9811 373.803 -499.493 12.9542 361.215 -504.261 12.9542 361.06
  poly 4: -474.62 53.0079 390.938 -460.199 73.0348 403.525 -455.432 73.0348 403.68 -469.853 53.0079 391.093 -474.62 53.0079 390.938
  poly 5: -475.419 53.0079 386.235 -460.998 73.0348 398.822 -456.23 73.0348 398.977 -470.651 53.0079 386.39 -475.419 53.0079 386.235
  poly 6: -483.499 17.5045 369.166 -476.078 27.8094 375.643 -471.311 27.8094 375.798 -478.731 17.5045 369.321 -483.499 17.5045 369.166
  poly 7: -484.297 17.5045 364.463 -476.877 27.8094 370.94 -472.109 27.8094 371.095 -479.529 17.5045 364.618 -484.297 17.5045 364.463
  poly 8: -453.817 58.7238 395.073 -446.397 69.0286 401.55 -441.629 69.0286 401.705 -449.05 58.7238 395.228 -453.817 58.7238 395.073
  poly 9: -454.616 58.7238 390.37 -447.195 69.0286 396.847 -442.427 69.0286 397.002 -449.848 58.7238 390.525 -454.616 58.7238 390.37
  poly 10: 387.102 28.1582 403.928 394.876 17.7514 397.884 390.124 17.7514 397.729 382.35 28.1582 403.773 387.102 28.1582 403.928
  poly 11: 388.124 28.1582 399.284 395.898 17.7514 393.24 391.145 17.7514 393.085 383.372 28.1582 399.129 388.124 28.1582 399.284
  poly 12: 322.431 55.7662 418.53 298.091 56.9613 418.461 298.264 60.601 420.669 322.604 59.4059 420.738 322.431 55.7662 418.53
  poly 13: 322.602 59.0895 415.869 298.262 60.2845 415.801 298.435 63.9242 418.009 322.774 62.7292 418.077 322.602 59.0895 415.869
  poly 14: 273.752 58.1564 418.393 249.412 59.3514 418.324 249.584 62.9911 420.532 273.924 61.796 420.601 273.752 58.1564 418.393
  poly 15: 273.922 61.4796 415.732 249.582 62.6746 415.664 249.755 66.3143 417.872 274.095 65.1193 417.94 273.922 61.4796 415.732
  poly 16: 225.072 60.5465 418.256 200.732 61.7415 418.187 200.905 65.3812 420.395 225.244 64.1862 420.464 225.072 60.5465 418.256
  poly 17: 225.243 63.8697 415.595 200.903 65.0648 415.527 201.075 68.7044 417.735 225.415 67.5094 417.803 225.243 63.8697 415.595
  poly 18: 176.392 62.9366 418.119 152.052 64.1316 418.05 152.225 67.7713 420.258 176.565 66.5763 420.327 176.392 62.9366 418.119
  poly 19: 176.563 66.2598 415.458 152.223 67.4549 415.39 152.396 71.0946 417.598 176.735 69.8995 417.666 176.563 66.2598 415.458
  poly 20: 127.713 65.3267 417.982 103.373 66.5218 417.913 103.545 70.1614 420.121 127.885 68.9664 420.19 127.713 65.3267 417.982
  poly 21: 127.883 68.6499 415.321 103.543 69.845 415.253 103.716 73.4847 417.461 128.056 72.2896 417.529 127.883 68.6499 415.321
  poly 22: 79.0329 67.7168 417.845 54.6931 68.9119 417.776 54.8656 72.5516 419.984 79.2054 71.3565 420.053 79.0329 67.7168 417.845
  poly 23: 79.2036 71.04 415.184 54.8637 72.2351 415.116 55.0362 75.8748 417.324 79.376 74.6797 417.392 79.2036 71.04 415.184
  poly 24: 30.3532 70.1069 417.708 6.01338 71.302 417.639 6.18587 74.9417 419.847 30.5257 73.7466 419.916 30.3532 70.1069 417.708
  poly 25: 30.5239 73.4302 415.047 6.18404 74.6252 414.979 6.35653 78.2649 417.187 30.6964 77.0699 417.255 30.5239 73.4302 415.047
  poly 26: -18.3265 72.497 417.571 -42.6663 73.6921 417.502 -42.4938 77.3318 419.71 -18.154 76.1367 419.779 -18.3265 72.497 417.571
  poly 27: -18.1558 75.8203 414.91 -42.4956 77.0153 414.842 -42.3232 80.655 417.05 -17.9833 79.46 417.118 -18.1558 75.8203 414.91
  poly 28: -67.0061 74.8872 417.434 -91.346 76.0822 417.365 -91.1735 79.7219 419.573 -66.8336 78.5269 419.642 -67.0061 74.8872 417.434
  poly 29: -66.8355 78.2104 414.773 -91.1753 79.4055 414.705 -91.0028 83.0451 416.913 -66.663 81.8501 416.981 -66.8355 78.2104 414.773
  poly 30: -115.686 77.2773 417.297 -140.026 78.4723 417.228 -139.853 82.112 419.436 -115.513 80.917 419.505 -115.686 77.2773 417.297
  poly 31: -115.515 80.6005 414.636 -139.855 81.7956 414.568 -139.683 85.4353 416.776 -115.343 84.2402 416.844 -115.515 80.6005 414.636
  poly 32: -164.365 79.6674 417.16 -188.705 80.8625 417.091 -188.533 84.5021 419.299 -164.193 83.3071 419.368 -164.365 79.6674 417.16
  poly 33: -164.195 82.9906 414.499 -188.535 84.1857 414.431 -188.362 87.8254 416.639 -164.022 86.6303 416.707 -164.195 82.9906 414.499
  poly 34: -213.045 82.0575 417.023 -237.385 83.2526 416.954 -237.213 86.8923 419.162 -212.873 85.6972 419.231 -213.045 82.0575 417.023
  poly 35: -212.875 85.3807 414.362 -237.214 86.5758 414.294 -237.042 90.2155 416.502 -212.702 89.0204 416.57 -212.875 85.3807 414.362
  poly 36: -261.725 84.4476 416.886 -286.065 85.6427 416.817 -285.892 89.2824 419.025 -261.552 88.0873 419.094 -261.725 84.4476 416.886
  poly 37: -261.554 87.7709 414.225 -285.894 88.9659 414.157 -285.722 92.6056 416.365 -261.382 91.4105 416.433 -261.554 87.7709 414.225
  poly 38: -310.405 86.8377 416.749 -334.744 88.0328 416.68 -334.572 91.6725 418.888 -310.232 90.4774 418.957 -310.405 86.8377 416.749
  poly 39: -310.234 90.161 414.088 -334.574 91.356 414.02 -334.401 94.9957 416.228 -310.061 93.8007 416.296 -310.234 90.161 414.088
  poly 40: -359.084 89.2279 416.612 -383.424 90.4229 416.543 -383.252 94.0626 418.751 -358.912 92.8675 418.82 -359.084 89.2279 416.612
  poly 41: -358.914 92.5511 413.951 -383.253 93.7461 413.883 -383.081 97.3858 416.091 -358.741 96.1908 416.159 -358.914 92.5511 413.951
  poly 42: 435.358 -14.1751 379.882 430.059 -7.08062 384.002 434.811 -7.08062 384.157 389.416 53.6904 419.452 384.663 53.6904 419.298 372.693 69.7152 428.605 372.693 69.7152 428.605 360.892 70.2946 428.572 360.72 66.6549 426.364 335.456 67.8953 426.293 335.672 72.4449 429.053 332.643 75.3297 430.7 313.696 76.26 430.646 310.409 73.6853 428.982 310.193 69.1357 426.222 284.93 70.3761 426.151 285.145 74.9257 428.91 282.117 77.8105 430.558 263.169 78.7408 430.504 259.882 76.1661 428.839 259.666 71.6165 426.079 234.403 72.8569 426.008 234.619 77.4065 428.768 231.59 80.2913 430.415 212.643 81.2216 430.362 209.355 78.6469 428.697 209.14 74.0973 425.937 183.876 75.3377 425.866 184.092 79.8873 428.626 181.063 82.7721 430.273 162.116 83.7024 430.22 158.829 81.1277 428.555 158.613 76.5781 425.795 133.35 77.8185 425.724 133.565 82.3681 428.484 130.537 85.2529 430.131 111.589 86.1832 430.078 108.302 83.6085 428.413 108.086 79.0589 425.653 82.8231 80.2993 425.582 83.0387 84.8489 428.342 80.0101 87.7337 429.989 61.0627 88.664 429.935 57.7754 86.0893 428.271 57.5598 81.5397 425.511 32.2964 82.7801 425.44 32.5121 87.3297 428.199 29.4835 90.2145 429.847 10.536 91.1448 429.793 7.24873 88.5701 428.128 7.03312 84.0205 425.368 -18.2302 85.2609 425.297 -18.0146 89.8105 428.057 -21.0431 92.6953 429.704 -39.9906 93.6256 429.651 -43.2779 91.0509 427.986 -43.4935 86.5013 425.226 -68.7568 87.7417 425.155 -68.5412 92.2913 427.915 -71.5698 95.1761 429.562 -90.5173 96.1064 429.509 -93.8045 93.5317 427.844 -94.0201 88.9821 425.084 -119.283 90.2225 425.013 -119.068 94.7721 427.773 -122.096 97.6569 429.42 -141.044 98.5872 429.367 -144.331 96.0125 427.702 -144.547 91.4629 424.942 -169.81 92.7033 424.871 -169.594 97.2529 427.631 -172.623 100.138 429.278 -191.571 101.068 429.224 -194.858 98.4933 427.56 -195.073 93.9437 424.8 -220.337 95.1841 424.728 -220.121 99.7337 427.488 -223.15 102.618 429.136 -242.097 103.549 429.082 -245.384 100.974 427.417 -245.6 96.4245 424.657 -270.863 97.6649 424.586 -270.648 102.214 427.346 -273.676 105.099 428.993 -292.624 106.03 428.94 -295.911 103.455 427.275 -296.127 98.9053 424.515 -321.39 100.146 424.444 -321.174 104.695 427.204 -324.203 107.58 428.851 -343.15 108.51 428.798 -346.438 105.936 427.133 -346.653 101.386 424.373 -371.917 102.626 424.302 -371.701 107.176 427.062 -374.73 110.061 428.709 -393.677 110.991 428.656 -396.964 108.416 426.991 -397.18 103.867 424.231 -422.443 105.107 424.16 -422.271 108.747 426.368 -434.067 109.326 426.334 -434.067 109.326 426.334 -445.778 93.0617 416.112 -450.546 93.0617 415.957 -522.651 -7.07273 353.021 -517.884 -7.07273 353.176 -522.967 -14.1325 348.739 -517.897 -21.7857 344.273 430.571 -21.7857 375.121 435.358 -14.1751 379.882
  poly 43: 431.881 -14.5136 374.887 426.328 -7.08062 379.204 435.833 -7.08062 379.513 390.437 53.6904 414.809 380.932 53.6904 414.499 369.065 69.5767 423.726 369.065 69.5767 423.726 360.89 69.9781 423.703 360.888 69.9417 423.681 335.627 71.2185 423.632 335.843 75.7681 426.392 332.814 78.6529 428.039 313.866 79.5832 427.986 310.579 77.0085 426.321 310.364 72.4589 423.561 285.1 73.6993 423.49 285.316 78.2489 426.25 282.287 81.1337 427.897 263.34 82.064 427.844 260.053 79.4893 426.179 259.837 74.9397 423.419 234.574 76.1801 423.348 234.789 80.7297 426.108 231.761 83.6145 427.755 212.813 84.5448 427.701 209.526 81.9701 426.037 209.31 77.4205 423.277 184.047 78.6609 423.205 184.263 83.2105 425.965 181.234 86.0953 427.612 162.287 87.0256 427.559 158.999 84.4509 425.894 158.784 79.9013 423.134 133.52 81.1417 423.063 133.736 85.6913 425.823 130.707 88.5761 427.47 111.76 89.5064 427.417 108.473 86.9317 425.752 108.257 82.3821 422.992 82.9937 83.6225 422.921 83.2093 88.1721 425.681 80.1808 91.0569 427.328 61.2333 91.9872 427.275 57.946 89.4125 425.61 57.7304 84.8629 422.85 32.4671 86.1033 422.779 32.6827 90.6529 425.539 29.6542 93.5377 427.186 10.7067 94.468 427.133 7.41939 91.8933 425.468 7.20378 87.3437 422.708 -18.0595 88.5841 422.637 -17.8439 93.1337 425.397 -20.8725 96.0185 427.044 -39.82 96.9488 426.99 -43.1072 94.3741 425.325 -43.3229 89.8245 422.566 -68.5862 91.0649 422.494 -68.3706 95.6145 425.254 -71.3991 98.4993 426.901 -90.3466 99.4296 426.848 -93.6339 96.8549 425.183 -93.8495 92.3053 422.423 -119.113 93.5457 422.352 -118.897 98.0953 425.112 -121.926 100.98 426.759 -140.873 101.91 426.706 -144.161 99.3357 425.041 -144.376 94.7861 422.281 -169.639 96.0265 422.21 -169.424 100.576 424.97 -172.452 103.461 426.617 -191.4 104.391 426.564 -194.687 101.817 424.899 -194.903 97.2669 422.139 -220.166 98.5073 422.068 -219.95 103.057 424.828 -222.979 105.942 426.475 -241.926 106.872 426.422 -245.214 104.297 424.757 -245.429 99.7477 421.997 -270.693 100.988 421.926 -270.477 105.538 424.686 -273.506 108.423 426.333 -292.453 109.353 426.279 -295.74 106.778 424.614 -295.956 102.229 421.854 -321.219 103.469 421.783 -321.004 108.019 424.543 -324.032 110.903 426.19 -342.98 111.834 426.137 -346.267 109.259 424.472 -346.483 104.709 421.712 -371.746 105.95 421.641 -371.53 110.499 424.401 -374.559 113.384 426.048 -393.506 114.314 425.995 -396.794 111.74 424.33 -397.009 107.19 421.57 -422.274 108.394 421.477 -422.273 108.43 421.499 -430.453 108.832 421.476 -430.453 108.832 421.476 -441.809 93.0617 411.564 -451.344 93.0617 411.254 -523.45 -7.07273 348.318 -513.914 -7.07273 348.628 -519.241 -14.471 343.978 -514.171 -22.1242 339.512 427.094 -22.1242 370.126 431.881 -14.5136 374.887
element 39
  poly 0: 386.791 33.3615 390.696 402.338 12.5481 378.608 397.586 12.5481 378.453 382.039 33.3615 390.542 386.791 33.3615 390.696
  poly 1: 387.812 33.3615 386.053 403.36 12.5481 373.964 398.608 12.5481 373.81 383.06 33.3615 385.898 387.812 33.3615 386.053
  poly 2: -490.002 12.3521 349.467 -475.162 32.9618 362.421 -470.394 32.9618 362.576 -485.235 12.3521 349.622 -490.002 12.3521 349.467
  poly 3: -490.801 12.3521 344.764 -475.96 32.9618 357.718 -471.192 32.9618 357.873 -486.033 12.3521 344.919 -490.801 12.3521 344.764
  poly 4: -460.321 53.5714 375.374 -445.48 74.181 388.327 -440.713 74.181 388.482 -455.553 53.5714 375.529 -460.321 53.5714 375.374
  poly 5: -461.119 53.5714 370.671 -446.279 74.181 383.624 -441.511 74.181 383.779 -456.351 53.5714 370.826 -461.119 53.5714 370.671
  poly 6: 423.186 -15.3598 362.399 417.886 -8.2654 366.52 422.638 -8.2654 366.674 429.719 -8.2654 366.905 383.077 54.175 403.17 375.996 54.175 402.939 371.243 54.175 402.785 359.997 69.2306 411.529 359.997 69.2306 411.529 347.541 69.8422 411.494 347.368 66.2025 409.286 323.029 67.3976 409.218 323.201 71.0372 411.426 323.024 80.1663 416.944 317.547 80.4352 416.928 317.72 84.0749 419.136 316.328 86.8794 420.788 307.201 87.3275 420.762 305.55 84.6724 419.102 305.377 81.0328 416.894 299.901 81.3016 416.879 298.861 72.2323 411.357 298.689 68.5926 409.149 274.349 69.7877 409.081 274.521 73.4274 411.289 274.344 82.5565 416.807 268.868 82.8253 416.791 269.04 86.465 418.999 267.648 89.2695 420.651 258.521 89.7176 420.625 256.87 87.0626 418.965 256.698 83.4229 416.757 251.221 83.6918 416.742 250.182 74.6224 411.22 250.009 70.9827 409.012 225.669 72.1778 408.944 225.842 75.8175 411.152 225.664 84.9466 416.67 220.188 85.2155 416.654 220.36 88.8552 418.862 218.969 91.6596 420.514 209.841 92.1078 420.488 208.191 89.4527 418.828 208.018 85.813 416.62 202.542 86.0819 416.605 201.502 77.0125 411.083 201.329 73.3728 408.875 176.99 74.5679 408.807 177.162 78.2076 411.015 176.985 87.3367 416.533 171.508 87.6056 416.517 171.681 91.2453 418.725 170.289 94.0497 420.377 161.161 94.4979 420.351 159.511 91.8428 418.691 159.338 88.2031 416.483 153.862 88.472 416.468 152.822 79.4026 410.946 152.65 75.763 408.738 128.31 76.958 408.67 128.482 80.5977 410.878 128.305 89.7268 416.396 122.829 89.9957 416.38 123.001 93.6354 418.588 121.609 96.4398 420.24 112.482 96.888 420.214 110.831 94.2329 418.554 110.659 90.5932 416.346 105.182 90.8621 416.331 104.143 81.7928 410.809 103.97 78.1531 408.601 79.6302 79.3481 408.533 79.8027 82.9878 410.741 79.6254 92.1169 416.259 74.149 92.3858 416.243 74.3214 96.0255 418.451 72.9296 98.83 420.103 63.8021 99.2781 420.077 62.1515 96.623 418.417 61.979 92.9833 416.209 56.5026 93.2522 416.194 55.4628 84.1829 410.672 55.2904 80.5432 408.464 30.9505 81.7382 408.396 31.123 85.3779 410.603 30.9457 94.507 416.122 25.4693 94.7759 416.106 25.6418 98.4156 418.314 24.2499 101.22 419.966 15.1225 101.668 419.94 13.4718 99.0131 418.28 13.2994 95.3735 416.072 7.82289 95.6423 416.057 6.78317 86.573 410.535 6.61068 82.9333 408.327 -17.7292 84.1284 408.259 -17.5567 87.7681 410.466 -17.7339 96.8972 415.985 -23.2104 97.166 415.969 -23.0379 100.806 418.177 -24.4298 103.61 419.829 -33.5572 104.058 419.803 -35.2078 101.403 418.143 -35.3803 97.7636 415.935 -40.8568 98.0325 415.92 -41.8965 88.9631 410.398 -42.069 85.3234 408.19 -66.4088 86.5185 408.122 -66.2364 90.1582 410.329 -66.4136 99.2873 415.848 -71.8901 99.5562 415.832 -71.7176 103.196 418.04 -73.1095 106 419.692 -82.2369 106.448 419.666 -83.8875 103.793 418.006 -84.06 100.154 415.798 -89.5365 100.423 415.783 -90.5762 91.3532 410.261 -90.7487 87.7135 408.053 -115.089 88.9086 407.985 -114.916 92.5483 410.192 -115.093 101.677 415.711 -120.57 101.946 415.695 -120.397 105.586 417.903 -121.789 108.39 419.555 -130.917 108.839 419.529 -132.567 106.183 417.869 -132.74 102.544 415.661 -138.216 102.813 415.646 -139.256 93.7433 410.124 -139.428 90.1037 407.916 -163.768 91.2987 407.848 -163.596 94.9384 410.055 -163.773 104.067 415.574 -169.249 104.336 415.558 -169.077 107.976 417.766 -170.469 110.781 419.418 -179.596 111.229 419.392 -181.247 108.574 417.732 -181.419 104.934 415.524 -186.896 105.203 415.509 -187.936 96.1335 409.987 -188.108 92.4938 407.779 -212.448 93.6888 407.71 -212.275 97.3285 409.918 -212.453 106.458 415.437 -217.929 106.727 415.421 -217.757 110.366 417.629 -219.149 113.171 419.281 -228.276 113.619 419.255 -229.927 110.964 417.595 -230.099 107.324 415.387 -235.576 107.593 415.372 -236.615 98.5236 409.85 -236.788 94.8839 407.642 -261.128 96.0789 407.573 -260.955 99.7186 409.781 -261.132 108.848 415.3 -266.609 109.117 415.284 -266.436 112.756 417.492 -267.828 115.561 419.144 -276.956 116.009 419.118 -278.606 113.354 417.458 -278.779 109.714 415.25 -284.255 109.983 415.235 -285.295 100.914 409.713 -285.467 97.274 407.505 -309.807 98.4691 407.436 -309.635 102.109 409.644 -309.812 111.238 415.163 -315.288 111.507 415.147 -315.116 115.146 417.355 -316.508 117.951 419.007 -325.635 118.399 418.981 -327.286 115.744 417.321 -327.458 112.104 415.113 -332.935 112.373 415.098 -333.975 103.304 409.576 -334.147 99.6641 407.368 -358.487 100.859 407.299 -358.314 104.499 409.507 -358.492 113.628 415.026 -363.968 113.897 415.01 -363.796 117.537 417.218 -365.188 120.341 418.87 -374.315 120.789 418.844 -375.966 118.134 417.184 -376.138 114.494 414.976 -381.615 114.763 414.961 -382.654 105.694 409.439 -382.827 102.054 407.231 -407.167 103.249 407.162 -406.994 106.889 409.37 -421.418 107.597 409.33 -421.418 107.597 409.33 -430.64 94.7907 401.281 -435.407 94.7907 401.126 -442.511 94.7907 400.895 -516.715 -8.25751 336.128 -509.611 -8.25751 336.359 -504.843 -8.25751 336.514 -509.927 -15.3173 332.077 -504.857 -22.9705 327.611 418.399 -22.9705 357.638 423.186 -15.3598 362.399
  poly 7: 419.708 -15.6983 357.404 414.155 -8.2654 361.721 423.66 -8.2654 362.03 430.789 -8.2654 362.262 384.146 54.175 398.527 377.017 54.175 398.296 367.513 54.175 397.986 356.369 69.0922 406.65 356.369 69.0922 406.65 347.539 69.5257 406.625 347.537 69.4893 406.603 323.199 70.7208 406.557 323.372 74.3605 408.765 323.194 83.4896 414.283 317.718 83.7585 414.268 317.89 87.3982 416.476 316.499 90.2026 418.127 307.371 90.6508 418.102 305.721 87.9957 416.441 305.548 84.356 414.233 300.072 84.6249 414.218 299.032 75.5555 408.696 298.859 71.9158 406.488 274.52 73.1109 406.42 274.692 76.7506 408.628 274.515 85.8797 414.146 269.038 86.1486 414.131 269.211 89.7883 416.339 267.819 92.5927 417.99 258.691 93.0409 417.965 257.041 90.3858 416.304 256.868 86.7461 414.096 251.392 87.015 414.081 250.352 77.9457 408.559 250.18 74.306 406.351 225.84 75.501 406.283 226.012 79.1407 408.491 225.835 88.2698 414.009 220.359 88.5387 413.994 220.531 92.1784 416.202 219.139 94.9828 417.853 210.012 95.431 417.828 208.361 92.7759 416.167 208.189 89.1362 413.959 202.712 89.4051 413.944 201.673 80.3358 408.422 201.5 76.6961 406.214 177.16 77.8911 406.146 177.333 81.5308 408.354 177.155 90.6599 413.872 171.679 90.9288 413.857 171.851 94.5685 416.065 170.46 97.373 417.716 161.332 97.8211 417.691 159.682 95.166 416.03 159.509 91.5263 413.822 154.033 91.7952 413.807 152.993 82.7259 408.285 152.82 79.0862 406.077 128.481 80.2813 406.009 128.653 83.9209 408.217 128.476 93.05 413.735 122.999 93.3189 413.72 123.172 96.9586 415.928 121.78 99.7631 417.579 112.652 100.211 417.554 111.002 97.5561 415.893 110.829 93.9165 413.685 105.353 94.1853 413.67 104.313 85.116 408.148 104.141 81.4763 405.94 79.8008 82.6714 405.872 79.9733 86.3111 408.08 79.7961 95.4402 413.598 74.3196 95.709 413.583 74.4921 99.3487 415.791 73.1002 102.153 417.442 63.9728 102.601 417.417 62.3222 99.9463 415.756 62.1497 96.3066 413.548 56.6732 96.5755 413.533 55.6335 87.5061 408.011 55.461 83.8664 405.803 31.1212 85.0615 405.735 31.2937 88.7012 407.943 31.1164 97.8303 413.461 25.6399 98.0992 413.446 25.8124 101.739 415.654 24.4205 104.543 417.305 15.2931 104.991 417.28 13.6425 102.336 415.619 13.47 98.6967 413.411 7.99354 98.9656 413.396 6.95382 89.8962 407.874 6.78133 86.2565 405.666 -17.5585 87.4516 405.598 -17.386 91.0913 407.806 -17.5633 100.22 413.324 -23.0398 100.489 413.309 -22.8673 104.129 415.517 -24.2591 106.933 417.168 -33.3866 107.382 417.143 -35.0372 104.726 415.482 -35.2097 101.087 413.274 -40.6861 101.356 413.259 -41.7259 92.2863 407.737 -41.8983 88.6467 405.529 -66.2382 89.8417 405.461 -66.0657 93.4814 407.669 -66.243 102.611 413.187 -71.7194 102.879 413.172 -71.5469 106.519 415.38 -72.9388 109.324 417.031 -82.0663 109.772 417.006 -83.7169 107.117 415.345 -83.8894 103.477 413.137 -89.3658 103.746 413.122 -90.4055 94.6765 407.6 -90.578 91.0368 405.392 -114.918 92.2318 405.324 -114.745 95.8715 407.532 -114.923 105.001 413.05 -120.399 105.27 413.035 -120.227 108.909 415.243 -121.618 111.714 416.894 -130.746 112.162 416.869 -132.397 109.507 415.208 -132.569 105.867 413 -138.045 106.136 412.985 -139.085 97.0666 407.463 -139.258 93.4269 405.255 -163.598 94.6219 405.187 -163.425 98.2616 407.395 -163.602 107.391 412.913 -169.079 107.66 412.898 -168.906 111.299 415.106 -170.298 114.104 416.757 -179.426 114.552 416.732 -181.076 111.897 415.071 -181.249 108.257 412.863 -186.725 108.526 412.848 -187.765 99.4567 407.326 -187.937 95.817 405.118 -212.277 97.0121 405.05 -212.105 100.652 407.258 -212.282 109.781 412.776 -217.758 110.05 412.761 -217.586 113.689 414.969 -218.978 116.494 416.62 -228.105 116.942 416.595 -229.756 114.287 414.934 -229.928 110.647 412.726 -235.405 110.916 412.711 -236.445 101.847 407.189 -236.617 98.2071 404.981 -260.957 99.4022 404.913 -260.784 103.042 407.121 -260.962 112.171 412.639 -266.438 112.44 412.624 -266.266 116.08 414.832 -267.658 118.884 416.483 -276.785 119.332 416.457 -278.436 116.677 414.797 -278.608 113.037 412.589 -284.085 113.306 412.574 -285.124 104.237 407.052 -285.297 100.597 404.844 -309.637 101.792 404.776 -309.464 105.432 406.984 -309.641 114.561 412.502 -315.118 114.83 412.487 -314.945 118.47 414.694 -316.337 121.274 416.346 -325.465 121.722 416.32 -327.115 119.067 414.66 -327.288 115.427 412.452 -332.764 115.696 412.437 -333.804 106.627 406.915 -333.976 102.987 404.707 -358.316 104.182 404.639 -358.144 107.822 406.847 -358.321 116.951 412.365 -363.798 117.22 412.35 -363.625 120.86 414.557 -365.017 123.664 416.209 -374.144 124.112 416.183 -375.795 121.457 414.523 -375.967 117.818 412.315 -381.444 118.087 412.3 -382.484 109.017 406.778 -382.656 105.377 404.57 -406.998 106.536 404.48 -406.996 106.573 404.502 -417.804 107.103 404.471 -417.804 107.103 404.471 -426.67 94.7907 396.733 -436.206 94.7907 396.423 -443.357 94.7907 396.19 -517.561 -8.25751 331.423 -510.409 -8.25751 331.656 -500.874 -8.25751 331.966 -506.201 -15.6558 327.316 -501.131 -23.309 322.85 414.921 -23.309 352.643 419.708 -15.6983 357.404
element 40
  poly 0: 522.539 -23.309 9.27972 478.456 47.8819 9.27972 475.87 48.4027 19.5673 475.891 48.3663 19.5744 469.398 49.7064 45.3197 467.301 53.3461 44.6083 461.895 62.478 43.4737 460.439 62.7713 49.268 458.342 66.411 48.5566 456.364 69.2222 49.6326 453.937 69.7111 59.2898 455.106 67.0628 61.4328 457.203 63.4232 62.1442 455.747 63.7165 67.9385 460.828 54.6499 70.3607 462.926 51.0102 71.0721 456.453 52.3139 96.8245 454.356 55.9536 96.1131 448.951 65.0854 94.9785 447.495 65.3788 100.773 445.397 69.0184 100.061 443.42 71.8297 101.137 440.993 72.3186 110.795 442.161 69.6703 112.938 444.258 66.0306 113.649 442.802 66.324 119.443 447.884 57.2573 121.866 449.981 53.6176 122.577 443.509 54.9214 148.329 441.411 58.5611 147.618 436.006 67.6929 146.483 434.55 67.9862 152.278 432.453 71.6259 151.566 430.475 74.4372 152.642 428.048 74.9261 162.299 429.216 72.2778 164.442 431.314 68.6381 165.154 429.857 68.9314 170.948 434.939 59.8648 173.37 437.036 56.2251 174.082 430.564 57.5288 199.834 428.467 61.1685 199.123 423.061 70.3003 197.988 421.605 70.5937 203.782 419.508 74.2334 203.071 417.53 77.0446 204.147 415.103 77.5335 213.804 416.272 74.8852 215.947 418.369 71.2455 216.659 416.913 71.5389 222.453 421.994 62.4722 224.875 424.092 58.8326 225.587 417.619 60.1363 251.339 415.522 63.776 250.628 410.117 72.9078 249.493 408.661 73.2011 255.287 406.563 76.8408 254.576 404.586 79.6521 255.652 402.159 80.141 265.309 403.327 77.4927 267.452 405.424 73.853 268.163 403.968 74.1463 273.958 409.05 65.0797 276.38 411.147 61.44 277.091 404.675 62.7437 302.844 402.577 66.3834 302.132 397.172 75.5153 300.998 395.716 75.8086 306.792 393.619 79.4483 306.081 391.641 82.2595 307.157 389.214 82.7484 316.814 390.382 80.1001 318.957 392.48 76.4605 319.668 391.023 76.7538 325.462 396.105 67.6872 327.885 398.202 64.0475 328.596 391.73 65.3512 354.349 389.633 68.9909 353.637 384.228 78.1227 352.503 382.771 78.4161 358.297 380.674 82.0557 357.585 378.696 84.867 358.661 376.269 85.3559 368.319 377.438 82.7076 370.462 379.535 79.0679 371.173 378.079 79.3613 376.967 383.16 70.2946 379.39 385.258 66.6549 380.101 378.806 67.9223 405.86 378.785 67.9587 405.853 375.909 68.5381 417.298 379.289 60.8849 423.476 384.663 53.6904 419.298 385.685 53.6904 414.654 400.817 33.4334 402.889 399.54 33.4334 408.694 400.665 30.9013 410.706 412.014 15.7085 401.882 414.672 13.1764 396.928 415.949 13.1764 391.124 431.08 -7.08062 379.358 430.059 -7.08062 384.002 442.181 -23.309 374.577 442.181 -23.309 374.577 522.539 -23.309 9.27972
  poly 1: 517.543 -22.9705 9.27972 473.436 48.2592 9.27972 471.152 48.7192 18.3655 473.25 45.0795 19.0769 466.777 46.3832 44.8293 464.68 50.0229 44.1179 459.275 59.1547 42.9833 457.819 59.4481 48.7776 455.721 63.0877 48.0662 453.744 65.899 49.1422 451.317 66.3879 58.7994 452.485 63.7396 60.9424 454.582 60.0999 61.6538 453.126 60.3933 67.4481 458.208 51.3266 69.8703 460.305 47.6869 70.5817 453.833 48.9907 96.3341 451.735 52.6304 95.6227 446.33 61.7622 94.4881 444.874 62.0555 100.282 442.777 65.6952 99.571 440.799 68.5065 100.647 438.372 68.9954 110.304 439.54 66.3471 112.447 441.638 62.7074 113.159 440.181 63.0007 118.953 445.263 53.9341 121.375 447.36 50.2944 122.087 440.888 51.5981 147.839 438.791 55.2378 147.128 433.385 64.3696 145.993 431.929 64.663 151.787 429.832 68.3027 151.076 427.854 71.1139 152.152 425.427 71.6028 161.809 426.596 68.9545 163.952 428.693 65.3148 164.663 427.237 65.6082 170.458 432.318 56.5416 172.88 434.416 52.9019 173.591 427.943 54.2056 199.344 425.846 57.8453 198.632 420.441 66.9771 197.498 418.985 67.2704 203.292 416.887 70.9101 202.581 414.91 73.7214 203.657 412.483 74.2103 213.314 413.651 71.562 215.457 415.748 67.9223 216.168 414.292 68.2156 221.962 419.374 59.149 224.385 421.471 55.5093 225.096 414.999 56.8131 250.849 412.901 60.4527 250.137 407.496 69.5846 249.003 406.04 69.8779 254.797 403.943 73.5176 254.085 401.965 76.3288 255.161 399.538 76.8177 264.819 400.706 74.1695 266.962 402.804 70.5298 267.673 401.347 70.8231 273.467 406.429 61.7565 275.89 408.526 58.1168 276.601 402.054 59.4205 302.353 399.957 63.0602 301.642 394.552 72.192 300.507 393.095 72.4854 306.302 390.998 76.1251 305.59 389.02 78.9363 306.666 386.593 79.4252 316.323 387.762 76.7769 318.466 389.859 73.1372 319.178 388.403 73.4306 324.972 393.484 64.3639 327.394 395.582 60.7242 328.106 389.109 62.028 353.858 387.012 65.6677 353.147 381.607 74.7995 352.012 380.151 75.0928 357.806 378.053 78.7325 357.095 376.076 81.5438 358.171 373.649 82.0327 367.828 374.817 79.3844 369.971 376.914 75.7447 370.683 375.458 76.038 376.477 380.54 66.9714 378.899 382.637 63.3317 379.611 376.165 64.6354 405.363 374.067 68.2751 404.652 372.075 68.6765 412.58 375.455 61.0234 418.758 380.932 53.6904 414.499 380.943 53.6904 414.453 396.064 33.4334 402.734 394.787 33.4334 408.539 395.913 30.9013 410.551 407.262 15.7085 401.727 409.919 13.1764 396.774 411.196 13.1764 390.969 426.338 -7.08062 379.157 426.328 -7.08062 379.204 438.198 -22.9705 369.975 438.198 -22.9705 369.975 517.543 -22.9705 9.27972
element 41
  poly 0: 460.226 38.0751 43.6033 453.753 39.3789 69.3557 451.656 43.0185 68.6443 458.128 41.7148 42.8919 460.226 38.0751 43.6033
  poly 1: 457.605 34.7519 43.1129 451.133 36.0556 68.8653 449.035 39.6953 68.1539 455.508 38.3916 42.4015 457.605 34.7519 43.1129
  poly 2: 447.281 40.6826 95.1081 440.809 41.9863 120.861 438.711 45.626 120.149 445.184 44.3223 94.3967 447.281 40.6826 95.1081
  poly 3: 444.66 37.3594 94.6177 438.188 38.6631 120.37 436.091 42.3028 119.659 442.563 40.999 93.9063 444.66 37.3594 94.6177
  poly 4: 434.336 43.29 146.613 427.864 44.5938 172.365 425.767 48.2335 171.654 432.239 46.9297 145.902 434.336 43.29 146.613
  poly 5: 431.716 39.9668 146.123 425.243 41.2705 171.875 423.146 44.9102 171.164 429.618 43.6065 145.411 431.716 39.9668 146.123
  poly 6: 421.392 45.8975 198.118 414.919 47.2012 223.87 412.822 50.8409 223.159 419.294 49.5372 197.406 421.392 45.8975 198.118
  poly 7: 418.771 42.5743 197.627 412.299 43.878 223.38 410.201 47.5177 222.668 416.674 46.214 196.916 418.771 42.5743 197.627
  poly 8: 408.447 48.505 249.623 401.975 49.8087 275.375 399.877 53.4484 274.664 406.35 52.1447 248.911 408.447 48.505 249.623
  poly 9: 405.826 45.1817 249.132 399.354 46.4855 274.885 397.257 50.1252 274.173 403.729 48.8214 248.421 405.826 45.1817 249.132
  poly 10: 395.502 51.1124 301.127 389.03 52.4162 326.88 386.933 56.0559 326.168 393.405 54.7521 300.416 395.502 51.1124 301.127
  poly 11: 392.882 47.7892 300.637 386.409 49.0929 326.389 384.312 52.7326 325.678 390.784 51.4289 299.926 392.882 47.7892 300.637
  poly 12: 382.558 53.7199 352.632 376.085 55.0236 378.385 373.988 58.6633 377.673 380.46 57.3596 351.921 382.558 53.7199 352.632
  poly 13: 379.937 50.3967 352.142 373.465 51.7004 377.894 371.367 55.3401 377.183 377.84 54.0363 351.43 379.937 50.3967 352.142
  poly 14: 505.053 -22.1242 9.27972 460.886 49.2024 9.27972 458.3 49.7233 19.5673 458.321 49.6869 19.5744 452.124 50.9674 44.1428 449.502 55.517 43.2536 447.157 58.4023 45.792 442.524 59.3354 64.2236 443.325 56.7612 67.8291 445.947 52.2116 68.7183 439.771 53.4557 93.2938 437.149 58.0053 92.4046 434.804 60.8906 94.943 430.171 61.8237 113.375 430.972 59.2495 116.98 433.594 54.6998 117.869 427.417 55.944 142.445 424.796 60.4936 141.556 422.451 63.3789 144.094 417.818 64.312 162.526 418.619 61.7378 166.131 421.241 57.1881 167.02 415.064 58.4323 191.596 412.443 62.9819 190.707 410.098 65.8672 193.245 405.465 66.8003 211.677 406.266 64.2261 215.282 408.888 59.6764 216.171 402.711 60.9206 240.747 400.09 65.4702 239.858 397.745 68.3555 242.396 393.112 69.2886 260.828 393.913 66.7144 264.433 396.535 62.1647 265.322 390.358 63.4089 289.898 387.737 67.9585 289.008 385.392 70.8438 291.547 380.759 71.7769 309.979 381.56 69.2026 313.584 384.182 64.653 314.473 378.005 65.8972 339.049 375.384 70.4468 338.159 373.039 73.3321 340.698 368.406 74.2652 359.129 369.207 71.6909 362.735 371.829 67.1413 363.624 365.673 68.3491 388.207 365.652 68.3855 388.2 362.489 69.0226 400.785 365.869 61.3695 406.963 371.243 54.175 402.785 372.265 54.175 398.141 387.812 33.3615 386.053 386.791 33.3615 390.696 384.626 32.8412 402.004 388.124 28.1582 399.284 387.102 28.1582 403.928 387.308 26.8573 406.655 393.138 19.0523 402.122 394.876 17.7514 397.884 395.898 17.7514 393.24 399.396 13.0684 390.52 402.338 12.5481 378.608 403.36 12.5481 373.964 418.908 -8.2654 361.876 417.886 -8.2654 366.52 428.239 -22.1242 358.47 428.239 -22.1242 358.47 505.053 -22.1242 9.27972
  poly 15: 500.057 -21.7857 9.27972 455.866 49.5797 9.27972 453.582 50.0397 18.3655 455.679 46.4 19.0769 449.503 47.6442 43.6524 446.881 52.1938 42.7632 444.536 55.0791 45.3016 439.904 56.0122 63.7332 440.705 53.4379 67.3387 443.326 48.8883 68.2279 437.15 50.1325 92.8034 434.528 54.6821 91.9142 432.183 57.5674 94.4526 427.551 58.5005 112.884 428.352 55.9262 116.49 430.973 51.3766 117.379 424.797 52.6208 141.954 422.175 57.1704 141.065 419.83 60.0557 143.604 415.198 60.9888 162.035 415.999 58.4145 165.641 418.62 53.8649 166.53 412.444 55.1091 191.105 409.822 59.6587 190.216 407.477 62.544 192.755 402.845 63.4771 211.186 403.646 60.9028 214.792 406.267 56.3532 215.681 400.091 57.5974 240.256 397.469 62.147 239.367 395.124 65.0323 241.906 390.492 65.9654 260.337 391.293 63.3911 263.943 393.914 58.8415 264.832 387.738 60.0857 289.407 385.116 64.6353 288.518 382.771 67.5206 291.056 378.139 68.4537 309.488 378.939 65.8794 313.094 381.561 61.3298 313.983 375.385 62.574 338.558 372.763 67.1236 337.669 370.418 70.0088 340.207 365.785 70.942 358.639 366.586 68.3677 362.245 369.208 63.8181 363.134 363.032 65.0622 387.709 360.934 68.7019 386.998 358.655 69.1611 396.067 362.035 61.5079 402.245 367.513 54.175 397.986 367.523 54.175 397.94 383.06 33.3615 385.898 382.039 33.3615 390.542 379.873 32.8412 401.849 383.372 28.1582 399.129 382.35 28.1582 403.773 382.556 26.8573 406.501 388.386 19.0523 401.968 390.124 17.7514 397.729 391.145 17.7514 393.085 394.644 13.0684 390.365 397.586 12.5481 378.453 398.608 12.5481 373.81 414.165 -8.2654 361.675 414.155 -8.2654 361.721 424.255 -21.7857 353.869 424.255 -21.7857 353.869 500.057 -21.7857 9.27972
element 42
  poly 0: -407.345 -158.449 406.778 -410.467 -159.647 382.561 -413.289 -156.184 382.753 -410.168 -154.985 406.97 -407.345 -158.449 406.778
  poly 1: -405.547 -154.376 406.345 -408.669 -155.575 382.128 -411.492 -152.111 382.32 -408.37 -150.912 406.537 -405.547 -154.376 406.345
  poly 2: -413.588 -160.846 358.344 -416.71 -162.045 334.127 -419.533 -158.581 334.319 -416.411 -157.382 358.536 -413.588 -160.846 358.344
  poly 3: -411.791 -156.774 357.911 -414.912 -157.973 333.694 -417.735 -154.509 333.886 -414.613 -153.31 358.103 -411.791 -156.774 357.911
  poly 4: -419.831 -163.244 309.91 -422.953 -164.443 285.693 -425.776 -160.979 285.885 -422.654 -159.78 310.102 -419.831 -163.244 309.91
  poly 5: -418.034 -159.172 309.477 -421.156 -160.37 285.26 -423.978 -156.907 285.452 -420.857 -155.708 309.669 -418.034 -159.172 309.477
  poly 6: -426.075 -165.642 261.476 -429.196 -166.84 237.259 -432.019 -163.377 237.451 -428.898 -162.178 261.668 -426.075 -165.642 261.476
  poly 7: -424.277 -161.569 261.043 -427.399 -162.768 236.826 -430.222 -159.304 237.018 -427.1 -158.105 261.235 -424.277 -161.569 261.043
  poly 8: -432.318 -168.039 213.042 -435.44 -169.238 188.825 -438.262 -165.774 189.017 -435.141 -164.575 213.234 -432.318 -168.039 213.042
  poly 9: -430.52 -163.967 212.609 -433.642 -165.166 188.392 -436.465 -161.702 188.584 -433.343 -160.503 212.801 -430.52 -163.967 212.609
  poly 10: -438.561 -170.437 164.608 -441.683 -171.636 140.391 -444.506 -168.172 140.583 -441.384 -166.973 164.8 -438.561 -170.437 164.608
  poly 11: -436.764 -166.365 164.175 -439.885 -167.563 139.958 -442.708 -164.1 140.15 -439.586 -162.901 164.367 -436.764 -166.365 164.175
  poly 12: -444.805 -172.835 116.174 -447.926 -174.034 91.9571 -450.749 -170.57 92.1495 -447.627 -169.371 116.366 -444.805 -172.835 116.174
  poly 13: -443.007 -168.762 115.741 -446.129 -169.961 91.5238 -448.951 -166.497 91.7162 -445.83 -165.298 115.933 -443.007 -168.762 115.741
  poly 14: -451.048 -175.232 67.7401 -454.169 -176.431 43.5232 -456.992 -172.967 43.7156 -453.871 -171.769 67.9325 -451.048 -175.232 67.7401
  poly 15: -449.25 -171.16 67.3068 -452.372 -172.359 43.0899 -455.195 -168.895 43.2822 -452.073 -167.696 67.4992 -449.25 -171.16 67.3068
  poly 16: -586.206 -23.309 9.27972 -461.431 -174.672 9.27972 -460.114 -174.166 19.4986 -454.468 -181.094 19.1138 -450.234 -186.29 18.8252 -447.113 -185.091 43.0422 -447.113 -185.091 43.0422 -444.29 -188.555 42.8498 -441.783 -191.003 45.7326 -439.441 -190.104 63.8954 -441.168 -187.356 67.0668 -443.991 -183.892 67.2592 -443.991 -183.892 67.2592 -440.869 -182.693 91.4762 -440.869 -182.693 91.4762 -438.047 -186.157 91.2838 -435.539 -188.605 94.1666 -433.198 -187.706 112.329 -434.925 -184.958 115.501 -437.748 -181.494 115.693 -437.748 -181.494 115.693 -434.626 -180.295 139.91 -434.626 -180.295 139.91 -431.803 -183.759 139.718 -429.296 -186.207 142.601 -426.955 -185.308 160.763 -428.682 -182.56 163.935 -431.504 -179.097 164.127 -431.504 -179.097 164.127 -428.383 -177.898 188.344 -428.383 -177.898 188.344 -425.56 -181.362 188.152 -423.053 -183.81 191.035 -420.711 -182.911 209.197 -422.438 -180.163 212.369 -425.261 -176.699 212.561 -425.261 -176.699 212.561 -422.139 -175.5 236.778 -422.139 -175.5 236.778 -419.317 -178.964 236.586 -416.809 -181.412 239.468 -414.468 -180.513 257.631 -416.195 -177.765 260.803 -419.018 -174.301 260.995 -419.018 -174.301 260.995 -415.896 -173.102 285.212 -415.896 -173.102 285.212 -413.073 -176.566 285.02 -410.566 -179.014 287.902 -408.225 -178.115 306.065 -409.952 -175.367 309.237 -412.775 -171.904 309.429 -412.775 -171.904 309.429 -409.653 -170.705 333.646 -409.653 -170.705 333.646 -406.83 -174.169 333.454 -404.323 -176.617 336.336 -401.982 -175.718 354.499 -403.709 -172.97 357.671 -406.531 -169.506 357.863 -406.531 -169.506 357.863 -403.41 -168.307 382.08 -403.41 -168.307 382.08 -400.587 -171.771 381.887 -398.08 -174.219 384.77 -395.738 -173.32 402.933 -397.465 -170.572 406.104 -400.288 -167.108 406.297 -400.288 -167.108 406.297 -397.166 -165.909 430.514 -401.401 -160.714 430.802 -407.046 -153.786 431.187 -405.463 -153.178 443.472 -410.602 -145.874 448.666 -416.728 -139.543 443.319 -417.608 -139.543 438.133 -432.003 -124.668 425.569 -430.902 -124.668 432.051 -432.042 -122.809 434.37 -442.837 -111.653 424.947 -445.297 -109.793 419.487 -446.397 -109.793 413.005 -460.791 -94.9182 400.441 -459.691 -94.9182 406.923 -460.83 -93.0588 409.242 -471.626 -81.9026 399.819 -474.086 -80.0432 394.36 -475.186 -80.0432 387.877 -489.58 -65.1682 375.314 -488.48 -65.1682 381.796 -489.619 -63.3088 384.115 -500.415 -52.1526 374.692 -502.874 -50.2932 369.232 -503.974 -50.2932 362.75 -518.369 -35.4182 350.186 -517.489 -35.4182 355.372 -529.206 -23.309 345.144 -529.206 -23.309 345.144 -586.206 -23.309 9.27972
  poly 17: -581.257 -22.9705 9.27972 -456.73 -174.033 9.27972 -455.494 -173.558 18.8729 -452.671 -177.022 18.6805 -448.465 -182.183 18.3938 -445.315 -181.018 42.6089 -445.315 -181.018 42.6089 -442.492 -184.482 42.4165 -439.985 -186.93 45.2993 -437.644 -186.031 63.4621 -439.371 -183.283 66.6335 -442.193 -179.82 66.8259 -442.193 -179.82 66.8259 -439.072 -178.621 91.0428 -439.072 -178.621 91.0428 -436.249 -182.085 90.8505 -433.742 -184.533 93.7333 -431.4 -183.634 111.896 -433.127 -180.886 115.067 -435.95 -177.422 115.26 -435.95 -177.422 115.26 -432.828 -176.223 139.477 -432.828 -176.223 139.477 -430.006 -179.687 139.284 -427.498 -182.135 142.167 -425.157 -181.236 160.33 -426.884 -178.488 163.501 -429.707 -175.024 163.694 -429.707 -175.024 163.694 -426.585 -173.825 187.911 -426.585 -173.825 187.911 -423.762 -177.289 187.718 -421.255 -179.737 190.601 -418.914 -178.838 208.764 -420.641 -176.09 211.935 -423.464 -172.627 212.128 -423.464 -172.627 212.128 -420.342 -171.428 236.345 -420.342 -171.428 236.345 -417.519 -174.892 236.152 -415.012 -177.34 239.035 -412.671 -176.44 257.198 -414.398 -173.693 260.369 -417.22 -170.229 260.562 -417.22 -170.229 260.562 -414.099 -169.03 284.779 -414.099 -169.03 284.779 -411.276 -172.494 284.586 -408.769 -174.942 287.469 -406.427 -174.043 305.632 -408.154 -171.295 308.803 -410.977 -167.831 308.996 -410.977 -167.831 308.996 -407.855 -166.632 333.213 -407.855 -166.632 333.213 -405.033 -170.096 333.02 -402.525 -172.544 335.903 -400.184 -171.645 354.066 -401.911 -168.897 357.237 -404.734 -165.434 357.43 -404.734 -165.434 357.43 -401.612 -164.235 381.647 -401.612 -164.235 381.647 -398.789 -167.699 381.454 -396.282 -170.147 384.337 -393.941 -169.247 402.5 -395.668 -166.5 405.671 -398.49 -163.036 405.864 -398.49 -163.036 405.864 -395.397 -161.802 430.082 -399.603 -156.641 430.369 -402.426 -153.177 430.561 -401.449 -152.802 438.14 -406.588 -145.499 443.334 -412.351 -139.543 438.304 -412.36 -139.543 438.252 -426.745 -124.668 425.74 -425.645 -124.668 432.222 -426.785 -122.809 434.541 -437.58 -111.653 425.118 -440.04 -109.793 419.658 -441.14 -109.793 413.176 -455.534 -94.9182 400.612 -454.434 -94.9182 407.094 -455.573 -93.0588 409.413 -466.369 -81.9026 399.99 -468.828 -80.0432 394.531 -469.928 -80.0432 388.048 -484.323 -65.1682 375.485 -483.223 -65.1682 381.967 -484.362 -63.3088 384.286 -495.158 -52.1526 374.863 -497.617 -50.2932 369.403 -498.717 -50.2932 362.921 -513.12 -35.4182 350.305 -513.111 -35.4182 350.357 -525.157 -22.9705 339.843 -525.157 -22.9705 339.843 -581.257 -22.9705 9.27972
element 43
  poly 0: -393.55 -157.231 386.155 -396.928 -158.528 359.951 -399.75 -155.065 360.144 -396.373 -153.767 386.347 -393.55 -157.231 386.155
  poly 1: -391.752 -153.159 385.722 -395.13 -154.456 359.518 -397.953 -150.992 359.711 -394.575 -149.695 385.914 -391.752 -153.159 385.722
  poly 2: -400.305 -159.826 333.748 -403.683 -161.123 307.544 -406.506 -157.659 307.737 -403.128 -156.362 333.94 -400.305 -159.826 333.748
  poly 3: -398.508 -155.753 333.315 -401.885 -157.05 307.111 -404.708 -153.587 307.304 -401.33 -152.289 333.507 -398.508 -155.753 333.315
  poly 4: -407.061 -162.42 281.341 -410.438 -163.717 255.138 -413.261 -160.253 255.33 -409.883 -158.956 281.533 -407.061 -162.42 281.341
  poly 5: -405.263 -158.348 280.908 -408.641 -159.645 254.704 -411.464 -156.181 254.897 -408.086 -154.884 281.1 -405.263 -158.348 280.908
  poly 6: -413.816 -165.014 228.934 -417.194 -166.312 202.731 -420.017 -162.848 202.923 -416.639 -161.55 229.126 -413.816 -165.014 228.934
  poly 7: -412.019 -160.942 228.501 -415.396 -162.239 202.297 -418.219 -158.775 202.49 -414.841 -157.478 228.693 -412.019 -160.942 228.501
  poly 8: -420.571 -167.609 176.527 -423.949 -168.906 150.324 -426.772 -165.442 150.516 -423.394 -164.145 176.719 -420.571 -167.609 176.527
  poly 9: -418.774 -163.536 176.094 -422.152 -164.834 149.89 -424.974 -161.37 150.083 -421.597 -160.072 176.286 -418.774 -163.536 176.094
  poly 10: -427.327 -170.203 124.12 -430.705 -171.5 97.9166 -433.527 -168.036 98.109 -430.15 -166.739 124.313 -427.327 -170.203 124.12
  poly 11: -425.529 -166.131 123.687 -428.907 -167.428 97.4833 -431.73 -163.964 97.6757 -428.352 -162.667 123.879 -425.529 -166.131 123.687
  poly 12: -434.082 -172.797 71.7132 -437.46 -174.095 45.5097 -440.283 -170.631 45.7021 -436.905 -169.334 71.9055 -434.082 -172.797 71.7132
  poly 13: -432.285 -168.725 71.2798 -435.662 -170.022 45.0764 -438.485 -166.558 45.2687 -435.107 -165.261 71.4722 -432.285 -168.725 71.2798
  poly 14: -401.834 -144.495 399.207 -403.395 -145.094 387.098 -406.217 -141.631 387.291 -404.657 -141.031 399.399 -401.834 -144.495 399.207
  poly 15: -400.036 -140.423 398.774 -401.597 -141.022 386.665 -404.42 -137.558 386.858 -402.859 -136.959 398.966 -400.036 -140.423 398.774
  poly 16: -408.077 -146.893 350.773 -409.638 -147.492 338.665 -412.461 -144.028 338.857 -410.9 -143.429 350.965 -408.077 -146.893 350.773
  poly 17: -406.28 -142.82 350.34 -407.84 -143.42 338.231 -410.663 -139.956 338.424 -409.102 -139.356 350.532 -406.28 -142.82 350.34
  poly 18: -414.32 -149.29 302.339 -415.881 -149.89 290.231 -418.704 -146.426 290.423 -417.143 -145.826 302.531 -414.32 -149.29 302.339
  poly 19: -412.523 -145.218 301.906 -414.084 -145.817 289.797 -416.906 -142.354 289.99 -415.346 -141.754 302.098 -412.523 -145.218 301.906
  poly 20: -420.564 -151.688 253.905 -422.125 -152.287 241.797 -424.947 -148.824 241.989 -423.386 -148.224 254.098 -420.564 -151.688 253.905
  poly 21: -418.766 -147.616 253.472 -420.327 -148.215 241.363 -423.15 -144.751 241.556 -421.589 -144.152 253.664 -418.766 -147.616 253.472
  poly 22: -426.807 -154.086 205.471 -428.368 -154.685 193.363 -431.191 -151.221 193.555 -429.63 -150.622 205.664 -426.807 -154.086 205.471
  poly 23: -425.009 -150.013 205.038 -426.57 -150.613 192.929 -429.393 -147.149 193.122 -427.832 -146.549 205.23 -425.009 -150.013 205.038
  poly 24: -433.05 -156.483 157.037 -434.611 -157.083 144.929 -437.434 -153.619 145.121 -435.873 -153.02 157.23 -433.05 -156.483 157.037
  poly 25: -431.253 -152.411 156.604 -432.813 -153.01 144.495 -435.636 -149.547 144.688 -434.075 -148.947 156.796 -431.253 -152.411 156.604
  poly 26: -439.293 -158.881 108.603 -440.854 -159.48 96.4948 -443.677 -156.017 96.6872 -442.116 -155.417 108.796 -439.293 -158.881 108.603
  poly 27: -437.496 -154.809 108.17 -439.057 -155.408 96.0615 -441.879 -151.944 96.2539 -440.319 -151.345 108.362 -437.496 -154.809 108.17
  poly 28: -445.537 -161.279 60.1693 -447.098 -161.878 48.0608 -449.92 -158.414 48.2532 -448.36 -157.815 60.3617 -445.537 -161.279 60.1693
  poly 29: -443.739 -157.206 59.736 -445.3 -157.806 47.6275 -448.123 -154.342 47.8199 -446.562 -153.743 59.9284 -443.739 -157.206 59.736
  poly 30: -568.885 -22.1242 9.27972 -444.978 -172.434 9.27972 -443.66 -171.928 19.4986 -438.015 -178.856 19.1138 -387.349 -159.398 412.166 -392.995 -152.47 412.551 -391.415 -151.863 424.81 -396.554 -144.56 430.004 -402.68 -138.229 424.656 -403.56 -138.229 419.471 -417.609 -123.711 407.208 -416.729 -123.711 412.394 -414.88 -123.348 425.052 -418.041 -120.081 422.293 -417.161 -120.081 427.479 -417.379 -119.174 430.602 -422.647 -113.73 426.004 -424.185 -112.822 421.348 -425.066 -112.822 416.162 -428.227 -109.556 413.403 -430.778 -109.193 400.132 -431.658 -109.193 394.946 -445.707 -94.6749 382.684 -444.827 -94.6749 387.87 -442.978 -94.312 400.528 -446.139 -91.0454 397.769 -445.259 -91.0454 402.954 -445.477 -90.138 406.077 -450.745 -84.6938 401.479 -452.283 -83.7864 396.823 -453.163 -83.7864 391.637 -456.324 -80.5199 388.878 -458.876 -80.1569 375.607 -459.756 -80.1569 370.422 -473.805 -65.6389 358.159 -472.925 -65.6389 363.345 -471.076 -65.276 376.003 -474.237 -62.0095 373.244 -473.356 -62.0095 378.43 -473.574 -61.1021 381.553 -478.843 -55.6578 376.954 -480.381 -54.7505 372.299 -481.261 -54.7505 367.113 -484.422 -51.4839 364.354 -486.973 -51.121 351.083 -487.854 -51.121 345.897 -501.902 -36.603 333.635 -501.022 -36.603 338.821 -515.033 -22.1242 326.591 -515.033 -22.1242 326.591 -568.885 -22.1242 9.27972
  poly 31: -563.935 -21.7857 9.27972 -440.277 -171.794 9.27972 -439.04 -171.319 18.8729 -436.217 -174.783 18.6805 -385.552 -155.326 411.733 -388.375 -151.862 411.925 -387.401 -151.488 419.478 -392.54 -144.184 424.672 -398.303 -138.229 419.642 -398.312 -138.229 419.59 -412.352 -123.711 407.379 -411.472 -123.711 412.565 -409.623 -123.348 425.223 -412.784 -120.081 422.464 -411.904 -120.081 427.65 -412.122 -119.174 430.773 -417.39 -113.73 426.175 -418.928 -112.822 421.519 -419.808 -112.822 416.333 -422.969 -109.556 413.574 -425.521 -109.193 400.303 -426.401 -109.193 395.117 -440.45 -94.6749 382.855 -439.57 -94.6749 388.041 -437.721 -94.312 400.699 -440.882 -91.0454 397.94 -440.002 -91.0454 403.125 -440.22 -90.138 406.248 -445.488 -84.6938 401.65 -447.026 -83.7864 396.994 -447.906 -83.7864 391.808 -451.067 -80.5199 389.049 -453.619 -80.1569 375.778 -454.499 -80.1569 370.593 -468.548 -65.6389 358.33 -467.667 -65.6389 363.516 -465.818 -65.276 376.174 -468.979 -62.0095 373.415 -468.099 -62.0095 378.601 -468.317 -61.1021 381.724 -473.586 -55.6578 377.125 -475.124 -54.7505 372.47 -476.004 -54.7505 367.284 -479.165 -51.4839 364.525 -481.716 -51.121 351.254 -482.596 -51.121 346.068 -496.654 -36.603 333.754 -496.645 -36.603 333.806 -510.984 -21.7857 321.291 -510.984 -21.7857 321.291 -563.935 -21.7857 9.27972
element 44
  poly 0: 415.94 -48.9793 396.758 402.339 -62.5283 407.333 397.099 -62.5283 407.162 410.7 -48.9793 396.587 415.94 -48.9793 396.758
  poly 1: 417.067 -48.9793 391.637 403.466 -62.5283 402.212 398.226 -62.5283 402.042 411.827 -48.9793 391.467 417.067 -48.9793 391.637
  poly 2: 388.738 -76.0772 417.908 375.137 -89.6262 428.483 369.897 -89.6262 428.312 383.498 -76.0772 417.737 388.738 -76.0772 417.908
  poly 3: 389.865 -76.0772 412.787 376.263 -89.6262 423.362 371.023 -89.6262 423.192 384.624 -76.0772 412.617 389.865 -76.0772 412.787
  poly 4: -431.122 -124.668 430.755 -445.517 -109.793 418.191 -440.26 -109.793 418.362 -425.865 -124.668 430.926 -431.122 -124.668 430.755
  poly 5: -432.003 -124.668 425.569 -446.397 -109.793 413.005 -441.14 -109.793 413.176 -426.745 -124.668 425.74 -432.003 -124.668 425.569
  poly 6: -459.911 -94.9182 405.627 -474.306 -80.0432 393.063 -469.048 -80.0432 393.234 -454.654 -94.9182 405.798 -459.911 -94.9182 405.627
  poly 7: -460.791 -94.9182 400.441 -475.186 -80.0432 387.877 -469.928 -80.0432 388.048 -455.534 -94.9182 400.612 -460.791 -94.9182 400.441
  poly 8: -488.7 -65.1682 380.499 -503.094 -50.2932 367.936 -497.837 -50.2932 368.107 -483.443 -65.1682 380.67 -488.7 -65.1682 380.499
  poly 9: -489.58 -65.1682 375.314 -503.974 -50.2932 362.75 -498.717 -50.2932 362.921 -484.323 -65.1682 375.485 -489.58 -65.1682 375.314
  poly 10: 309.705 -115.822 447.656 284.66 -117.052 447.842 284.469 -113.588 445.019 309.514 -112.359 444.833 309.705 -115.822 447.656
  poly 11: 309.891 -119.895 445.817 284.847 -121.124 446.002 284.656 -117.661 443.179 309.7 -116.431 442.994 309.891 -119.895 445.817
  poly 12: 259.616 -118.282 448.027 234.571 -119.511 448.212 234.38 -116.048 445.389 259.425 -114.818 445.204 259.616 -118.282 448.027
  poly 13: 259.802 -122.354 446.187 234.757 -123.584 446.373 234.566 -120.12 443.55 259.611 -118.89 443.364 259.802 -122.354 446.187
  poly 14: 209.526 -120.741 448.398 184.482 -121.971 448.583 184.291 -118.507 445.76 209.335 -117.277 445.575 209.526 -120.741 448.398
  poly 15: 209.713 -124.813 446.558 184.668 -126.043 446.743 184.477 -122.579 443.921 209.522 -121.35 443.735 209.713 -124.813 446.558
  poly 16: 159.437 -123.2 448.768 134.393 -124.43 448.954 134.202 -120.966 446.131 159.246 -119.737 445.946 159.437 -123.2 448.768
  poly 17: 159.623 -127.273 446.929 134.579 -128.503 447.114 134.388 -125.039 444.291 159.432 -123.809 444.106 159.623 -127.273 446.929
  poly 18: 109.348 -125.66 449.139 84.3033 -126.889 449.325 84.1123 -123.426 446.502 109.157 -122.196 446.316 109.348 -125.66 449.139
  poly 19: 109.534 -129.732 447.3 84.4896 -130.962 447.485 84.2986 -127.498 444.662 109.343 -126.268 444.477 109.534 -129.732 447.3
  poly 20: 59.2586 -128.119 449.51 34.214 -129.349 449.695 34.023 -125.885 446.872 59.0677 -124.655 446.687 59.2586 -128.119 449.51
  poly 21: 59.445 -132.192 447.67 34.4003 -133.421 447.856 34.2094 -129.957 445.033 59.254 -128.728 444.847 59.445 -132.192 447.67
  poly 22: 9.16937 -130.579 449.881 -15.8753 -131.808 450.066 -16.0662 -128.344 447.243 8.97841 -127.115 447.058 9.16937 -130.579 449.881
  poly 23: 9.35571 -134.651 448.041 -15.6889 -135.881 448.226 -15.8799 -132.417 445.403 9.16474 -131.187 445.218 9.35571 -134.651 448.041
  poly 24: -40.9199 -133.038 450.251 -65.9645 -134.268 450.437 -66.1555 -130.804 447.614 -41.1108 -129.574 447.428 -40.9199 -133.038 450.251
  poly 25: -40.7335 -137.11 448.412 -65.7782 -138.34 448.597 -65.9691 -134.876 445.774 -40.9245 -133.646 445.589 -40.7335 -137.11 448.412
  poly 26: -91.0091 -135.497 450.622 -116.054 -136.727 450.807 -116.245 -133.263 447.985 -91.2001 -132.033 447.799 -91.0091 -135.497 450.622
  poly 27: -90.8228 -139.57 448.782 -115.867 -140.799 448.968 -116.058 -137.335 446.145 -91.0138 -136.106 445.96 -90.8228 -139.57 448.782
  poly 28: -141.098 -137.957 450.993 -166.143 -139.186 451.178 -166.334 -135.722 448.355 -141.289 -134.493 448.17 -141.098 -137.957 450.993
  poly 29: -140.912 -142.029 449.153 -165.957 -143.259 449.339 -166.148 -139.795 446.516 -141.103 -138.565 446.33 -140.912 -142.029 449.153
  poly 30: -191.188 -140.416 451.364 -216.232 -141.646 451.549 -216.423 -138.182 448.726 -191.379 -136.952 448.541 -191.188 -140.416 451.364
  poly 31: -191.001 -144.488 449.524 -216.046 -145.718 449.709 -216.237 -142.254 446.886 -191.192 -141.024 446.701 -191.001 -144.488 449.524
  poly 32: -241.277 -142.875 451.734 -266.322 -144.105 451.92 -266.512 -140.641 449.097 -241.468 -139.411 448.911 -241.277 -142.875 451.734
  poly 33: -241.091 -146.948 449.895 -266.135 -148.177 450.08 -266.326 -144.713 447.257 -241.282 -143.484 447.072 -241.091 -146.948 449.895
  poly 34: -291.366 -145.335 452.105 -316.411 -146.564 452.29 -316.602 -143.1 449.468 -291.557 -141.871 449.282 -291.366 -145.335 452.105
  poly 35: -291.18 -149.407 450.265 -316.224 -150.637 450.451 -316.415 -147.173 447.628 -291.371 -145.943 447.442 -291.18 -149.407 450.265
  poly 36: -341.455 -147.794 452.476 -366.5 -149.024 452.661 -366.691 -145.56 449.838 -341.646 -144.33 449.653 -341.455 -147.794 452.476
  poly 37: -341.269 -151.866 450.636 -366.314 -153.096 450.821 -366.505 -149.632 447.999 -341.46 -148.402 447.813 -341.269 -151.866 450.636
  poly 38: -417.161 -120.081 427.479 -424.185 -112.822 421.348 -418.928 -112.822 421.519 -411.904 -120.081 427.65 -417.161 -120.081 427.479
  poly 39: -418.041 -120.081 422.293 -425.066 -112.822 416.162 -419.808 -112.822 416.333 -412.784 -120.081 422.464 -418.041 -120.081 422.293
  poly 40: -445.259 -91.0454 402.954 -452.283 -83.7864 396.823 -447.026 -83.7864 396.994 -440.002 -91.0454 403.125 -445.259 -91.0454 402.954
  poly 41: -446.139 -91.0454 397.769 -453.163 -83.7864 391.637 -447.906 -83.7864 391.808 -440.882 -91.0454 397.94 -446.139 -91.0454 397.769
  poly 42: -473.356 -62.0095 378.43 -480.381 -54.7505 372.299 -475.124 -54.7505 372.47 -468.099 -62.0095 378.601 -473.356 -62.0095 378.43
  poly 43: -474.237 -62.0095 373.244 -481.261 -54.7505 367.113 -476.004 -54.7505 367.284 -468.979 -62.0095 373.415 -474.237 -62.0095 373.244
  poly 44: 394.056 -52.5094 398.916 387.674 -58.8671 403.879 382.434 -58.8671 403.708 388.816 -52.5094 398.746 394.056 -52.5094 398.916
  poly 45: 395.183 -52.5094 393.796 388.8 -58.8671 398.758 383.56 -58.8671 398.588 389.942 -52.5094 393.625 395.183 -52.5094 393.796
  poly 46: 368.527 -77.9402 418.765 362.145 -84.2979 423.728 356.905 -84.2979 423.557 363.287 -77.9402 418.595 368.527 -77.9402 418.765
  poly 47: 369.654 -77.9402 413.645 363.272 -84.2979 418.607 358.031 -84.2979 418.437 364.414 -77.9402 413.474 369.654 -77.9402 413.645
  poly 48: 288.051 -104.729 437.932 275.13 -105.364 438.027 274.939 -101.9 435.204 287.86 -101.265 435.109 288.051 -104.729 437.932
  poly 49: 288.237 -108.802 436.092 275.316 -109.436 436.188 275.125 -105.972 433.365 288.046 -105.338 433.269 288.237 -108.802 436.092
  poly 50: 236.366 -107.267 438.314 223.445 -107.901 438.41 223.254 -104.438 435.587 236.175 -103.803 435.491 236.366 -107.267 438.314
  poly 51: 236.552 -111.339 436.474 223.631 -111.974 436.57 223.44 -108.51 433.747 236.361 -107.876 433.652 236.552 -111.339 436.474
  poly 52: 184.681 -109.805 438.697 171.76 -110.439 438.792 171.569 -106.975 435.969 184.49 -106.341 435.874 184.681 -109.805 438.697
  poly 53: 184.867 -113.877 436.857 171.946 -114.512 436.953 171.755 -111.048 434.13 184.676 -110.413 434.034 184.867 -113.877 436.857
  poly 54: 132.996 -112.342 439.079 120.075 -112.977 439.175 119.884 -109.513 436.352 132.805 -108.879 436.256 132.996 -112.342 439.079
  poly 55: 133.182 -116.415 437.24 120.261 -117.049 437.335 120.07 -113.585 434.512 132.991 -112.951 434.417 133.182 -116.415 437.24
  poly 56: 81.3112 -114.88 439.462 68.39 -115.515 439.557 68.199 -112.051 436.734 81.1202 -111.416 436.639 81.3112 -114.88 439.462
  poly 57: 81.4975 -118.952 437.622 68.5763 -119.587 437.718 68.3854 -116.123 434.895 81.3066 -115.489 434.799 81.4975 -118.952 437.622
  poly 58: 29.6263 -117.418 439.844 16.7051 -118.052 439.94 16.5141 -114.588 437.117 29.4354 -113.954 437.021 29.6263 -117.418 439.844
  poly 59: 29.8127 -121.49 438.005 16.8914 -122.125 438.1 16.7005 -118.661 435.277 29.6217 -118.026 435.182 29.8127 -121.49 438.005
  poly 60: -22.0586 -119.955 440.227 -34.9798 -120.59 440.322 -35.1708 -117.126 437.5 -22.2495 -116.492 437.404 -22.0586 -119.955 440.227
  poly 61: -21.8722 -124.028 438.387 -34.7935 -124.662 438.483 -34.9844 -121.198 435.66 -22.0632 -120.564 435.564 -21.8722 -124.028 438.387
  poly 62: -73.7435 -122.493 440.609 -86.6647 -123.128 440.705 -86.8557 -119.664 437.882 -73.9344 -119.029 437.786 -73.7435 -122.493 440.609
  poly 63: -73.5571 -126.566 438.77 -86.4784 -127.2 438.865 -86.6693 -123.736 436.042 -73.7481 -123.102 435.947 -73.5571 -126.566 438.77
  poly 64: -125.428 -125.031 440.992 -138.35 -125.665 441.088 -138.541 -122.201 438.265 -125.619 -121.567 438.169 -125.428 -125.031 440.992
  poly 65: -125.242 -129.103 439.152 -138.163 -129.738 439.248 -138.354 -126.274 436.425 -125.433 -125.639 436.329 -125.242 -129.103 439.152
  poly 66: -177.113 -127.569 441.374 -190.034 -128.203 441.47 -190.225 -124.739 438.647 -177.304 -124.105 438.552 -177.113 -127.569 441.374
  poly 67: -176.927 -131.641 439.535 -189.848 -132.275 439.63 -190.039 -128.811 436.808 -177.118 -128.177 436.712 -176.927 -131.641 439.535
  poly 68: -228.798 -130.106 441.757 -241.719 -130.741 441.853 -241.91 -127.277 439.03 -228.989 -126.642 438.934 -228.798 -130.106 441.757
  poly 69: -228.612 -134.179 439.917 -241.533 -134.813 440.013 -241.724 -131.349 437.19 -228.803 -130.715 437.094 -228.612 -134.179 439.917
  poly 70: -280.483 -132.644 442.14 -293.404 -133.278 442.235 -293.595 -129.814 439.412 -280.674 -129.18 439.317 -280.483 -132.644 442.14
  poly 71: -280.297 -136.716 440.3 -293.218 -137.351 440.395 -293.409 -133.887 437.573 -280.488 -133.252 437.477 -280.297 -136.716 440.3
  poly 72: -332.168 -135.182 442.522 -345.089 -135.816 442.618 -345.28 -132.352 439.795 -332.359 -131.718 439.699 -332.168 -135.182 442.522
  poly 73: -331.982 -139.254 440.682 -344.903 -139.888 440.778 -345.094 -136.425 437.955 -332.173 -135.79 437.86 -331.982 -139.254 440.682
  poly 74: 350.869 -113.801 447.352 361.536 -103.175 439.058 366.776 -103.175 439.228 434.782 -35.4303 386.353 429.542 -35.4303 386.183 435.917 -29.0794 381.226 431.446 -21.7857 375.149 -518.771 -21.7857 344.245 -523.597 -29.1058 350.04 -517.489 -35.4182 355.372 -522.746 -35.4182 355.201 -421.985 -139.543 443.148 -416.728 -139.543 443.319 -405.692 -150.948 452.951 -405.692 -150.948 452.951 -391.545 -150.253 452.846 -391.354 -153.717 455.669 334.94 -118.057 450.294 334.75 -114.593 447.471 350.869 -113.801 447.352 350.869 -113.801 447.352
  poly 75: 345.899 -114.654 442.726 357.422 -103.175 433.767 367.902 -103.175 434.108 435.908 -35.4303 381.233 425.428 -35.4303 380.892 431.463 -29.4179 376.199 426.993 -22.1242 370.123 -514.066 -22.1242 339.516 -518.892 -29.4443 345.311 -513.111 -35.4182 350.357 -523.626 -35.4182 350.015 -422.865 -139.543 437.962 -412.351 -139.543 438.304 -400.952 -151.323 448.254 -400.952 -151.323 448.254 -391.549 -150.862 448.184 -391.167 -157.789 453.83 335.127 -122.129 448.454 334.745 -115.201 442.808 345.899 -114.654 442.726 345.899 -114.654 442.726
element 45
  poly 0: 401.19 -49.3305 378.513 388.425 -62.0459 388.438 383.185 -62.0459 388.267 395.949 -49.3305 378.343 401.19 -49.3305 378.513
  poly 1: 402.316 -49.3305 373.393 389.552 -62.0459 383.317 384.311 -62.0459 383.147 397.076 -49.3305 373.222 402.316 -49.3305 373.393
  poly 2: 375.661 -74.7613 398.362 362.896 -87.4768 408.287 357.656 -87.4768 408.116 370.421 -74.7613 398.192 375.661 -74.7613 398.362
  poly 3: 376.787 -74.7613 393.242 364.023 -87.4768 403.166 358.783 -87.4768 402.996 371.547 -74.7613 393.071 376.787 -74.7613 393.242
  poly 4: -416.729 -123.711 412.394 -430.778 -109.193 400.132 -425.521 -109.193 400.303 -411.472 -123.711 412.565 -416.729 -123.711 412.394
  poly 5: -417.609 -123.711 407.208 -431.658 -109.193 394.946 -426.401 -109.193 395.117 -412.352 -123.711 407.379 -417.609 -123.711 407.208
  poly 6: -444.827 -94.6749 387.87 -458.876 -80.1569 375.607 -453.619 -80.1569 375.778 -439.57 -94.6749 388.041 -444.827 -94.6749 387.87
  poly 7: -445.707 -94.6749 382.684 -459.756 -80.1569 370.422 -454.499 -80.1569 370.593 -440.45 -94.6749 382.855 -445.707 -94.6749 382.684
  poly 8: -472.925 -65.6389 363.345 -486.973 -51.121 351.083 -481.716 -51.121 351.254 -467.667 -65.6389 363.516 -472.925 -65.6389 363.345
  poly 9: -473.805 -65.6389 358.159 -487.854 -51.121 345.897 -482.596 -51.121 346.068 -468.548 -65.6389 358.33 -473.805 -65.6389 358.159
  poly 10: 295.164 -118.665 431.445 269.321 -119.934 431.636 269.13 -116.47 428.813 294.973 -115.202 428.622 295.164 -118.665 431.445
  poly 11: 295.35 -122.738 429.605 269.507 -124.007 429.797 269.316 -120.543 426.974 295.159 -119.274 426.782 295.35 -122.738 429.605
  poly 12: 243.479 -121.203 431.828 217.636 -122.472 432.019 217.445 -119.008 429.196 243.288 -117.739 429.005 243.479 -121.203 431.828
  poly 13: 243.665 -125.276 429.988 217.823 -126.544 430.179 217.632 -123.08 427.356 243.474 -121.812 427.165 243.665 -125.276 429.988
  poly 14: 191.794 -123.741 432.21 165.951 -125.01 432.401 165.76 -121.546 429.578 191.603 -120.277 429.387 191.794 -123.741 432.21
  poly 15: 191.98 -127.813 430.37 166.138 -129.082 430.562 165.947 -125.618 427.739 191.789 -124.349 427.548 191.98 -127.813 430.37
  poly 16: 140.109 -126.279 432.593 114.266 -127.547 432.784 114.075 -124.083 429.961 139.918 -122.815 429.77 140.109 -126.279 432.593
  poly 17: 140.295 -130.351 430.753 114.453 -131.62 430.944 114.262 -128.156 428.121 140.104 -126.887 427.93 140.295 -130.351 430.753
  poly 18: 88.424 -128.816 432.975 62.5815 -130.085 433.166 62.3906 -126.621 430.344 88.233 -125.352 430.152 88.424 -128.816 432.975
  poly 19: 88.6103 -132.889 431.136 62.7679 -134.157 431.327 62.5769 -130.694 428.504 88.4194 -129.425 428.313 88.6103 -132.889 431.136
  poly 20: 36.7391 -131.354 433.358 10.8967 -132.623 433.549 10.7057 -129.159 430.726 36.5481 -127.89 430.535 36.7391 -131.354 433.358
  poly 21: 36.9254 -135.426 431.518 11.083 -136.695 431.709 10.892 -133.231 428.886 36.7345 -131.962 428.695 36.9254 -135.426 431.518
  poly 22: -14.9458 -133.892 433.74 -40.7882 -135.16 433.932 -40.9792 -131.697 431.109 -15.1368 -130.428 430.917 -14.9458 -133.892 433.74
  poly 23: -14.7595 -137.964 431.901 -40.6019 -139.233 432.092 -40.7929 -135.769 429.269 -14.9504 -134.5 429.078 -14.7595 -137.964 431.901
  poly 24: -66.6307 -136.429 434.123 -92.4731 -137.698 434.314 -92.6641 -134.234 431.491 -66.8217 -132.965 431.3 -66.6307 -136.429 434.123
  poly 25: -66.4444 -140.502 432.283 -92.2868 -141.77 432.474 -92.4778 -138.307 429.652 -66.6353 -137.038 429.46 -66.4444 -140.502 432.283
  poly 26: -118.316 -138.967 434.505 -144.158 -140.236 434.697 -144.349 -136.772 431.874 -118.507 -135.503 431.682 -118.316 -138.967 434.505
  poly 27: -118.129 -143.039 432.666 -143.972 -144.308 432.857 -144.163 -140.844 430.034 -118.32 -139.575 429.843 -118.129 -143.039 432.666
  poly 28: -170 -141.505 434.888 -195.843 -142.773 435.079 -196.034 -139.31 432.256 -170.191 -138.041 432.065 -170 -141.505 434.888
  poly 29: -169.814 -145.577 433.048 -195.657 -146.846 433.239 -195.848 -143.382 430.417 -170.005 -142.113 430.225 -169.814 -145.577 433.048
  poly 30: -221.685 -144.042 435.27 -247.528 -145.311 435.462 -247.719 -141.847 432.639 -221.876 -140.578 432.448 -221.685 -144.042 435.27
  poly 31: -221.499 -148.115 433.431 -247.341 -149.384 433.622 -247.532 -145.92 430.799 -221.69 -144.651 430.608 -221.499 -148.115 433.431
  poly 32: -273.37 -146.58 435.653 -299.213 -147.849 435.844 -299.404 -144.385 433.021 -273.561 -143.116 432.83 -273.37 -146.58 435.653
  poly 33: -273.184 -150.652 433.813 -299.026 -151.921 434.005 -299.217 -148.457 431.182 -273.375 -147.189 430.99 -273.184 -150.652 433.813
  poly 34: -325.055 -149.118 436.035 -350.898 -150.387 436.227 -351.089 -146.923 433.404 -325.246 -145.654 433.213 -325.055 -149.118 436.035
  poly 35: -324.869 -153.19 434.196 -350.711 -154.459 434.387 -350.902 -150.995 431.564 -325.06 -149.726 431.373 -324.869 -153.19 434.196
  poly 36: 333.476 -116.784 431.161 350.132 -100.192 418.211 355.372 -100.192 418.382 363.18 -100.192 418.636 427.002 -36.6151 369.013 419.194 -36.6151 368.759 413.954 -36.6151 368.589 420.329 -30.2642 363.632 415.859 -22.9705 357.556 -502.305 -22.9705 327.694 -507.131 -30.2906 333.489 -501.022 -36.603 338.821 -506.279 -36.603 338.65 -514.113 -36.603 338.395 -415.771 -138.229 424.231 -407.937 -138.229 424.485 -402.68 -138.229 424.656 -389.1 -152.262 436.51 -389.1 -152.262 436.51 -376.74 -151.655 436.418 -376.549 -155.119 439.241 -376.265 -160.28 443.447 -350.42 -159.046 443.284 -350.42 -159.046 443.284 -350.229 -162.51 446.107 -346.856 -164.949 448.2 -327.474 -163.998 448.057 -324.387 -161.241 445.915 -324.578 -157.777 443.093 -324.578 -157.777 443.093 -298.735 -156.509 442.901 -298.735 -156.509 442.901 -298.544 -159.972 445.724 -295.171 -162.412 447.817 -275.789 -161.46 447.674 -272.702 -158.704 445.533 -272.893 -155.24 442.71 -272.893 -155.24 442.71 -247.05 -153.971 442.519 -247.05 -153.971 442.519 -246.859 -157.435 445.342 -243.486 -159.874 447.435 -224.104 -158.922 447.291 -221.017 -156.166 445.15 -221.208 -152.702 442.328 -221.208 -152.702 442.328 -195.366 -151.433 442.136 -195.366 -151.433 442.136 -195.175 -154.897 444.959 -191.801 -157.336 447.052 -172.419 -156.385 446.909 -169.332 -153.628 444.768 -169.523 -150.164 441.945 -169.523 -150.164 441.945 -143.681 -148.895 441.754 -143.681 -148.895 441.754 -143.49 -152.359 444.577 -140.116 -154.799 446.67 -120.734 -153.847 446.526 -117.647 -151.09 444.385 -117.838 -147.627 441.562 -117.838 -147.627 441.562 -91.9957 -146.358 441.371 -91.9957 -146.358 441.371 -91.8048 -149.822 444.194 -88.4312 -152.261 446.287 -69.0494 -151.309 446.144 -65.9623 -148.553 444.003 -66.1533 -145.089 441.18 -66.1533 -145.089 441.18 -40.3108 -143.82 440.989 -40.3108 -143.82 440.989 -40.1199 -147.284 443.812 -36.7463 -149.723 445.905 -17.3645 -148.772 445.761 -14.2774 -146.015 443.62 -14.4684 -142.551 440.797 -14.4684 -142.551 440.797 11.3741 -141.282 440.606 11.3741 -141.282 440.606 11.565 -144.746 443.429 14.9386 -147.186 445.522 34.3204 -146.234 445.379 37.4075 -143.477 443.238 37.2165 -140.014 440.415 37.2165 -140.014 440.415 63.059 -138.745 440.224 63.059 -138.745 440.224 63.2499 -142.209 443.046 66.6235 -144.648 445.14 86.0053 -143.696 444.996 89.0924 -140.94 442.855 88.9014 -137.476 440.032 88.9014 -137.476 440.032 114.744 -136.207 439.841 114.744 -136.207 439.841 114.935 -139.671 442.664 118.308 -142.11 444.757 137.69 -141.158 444.614 140.777 -138.402 442.473 140.586 -134.938 439.65 140.586 -134.938 439.65 166.429 -133.669 439.458 166.429 -133.669 439.458 166.62 -137.133 442.281 169.993 -139.572 444.375 189.375 -138.621 444.231 192.462 -135.864 442.09 192.271 -132.4 439.267 192.271 -132.4 439.267 218.114 -131.132 439.076 218.114 -131.132 439.076 218.305 -134.595 441.899 221.678 -137.035 443.992 241.06 -136.083 443.849 244.147 -133.327 441.708 243.956 -129.863 438.885 243.956 -129.863 438.885 269.799 -128.594 438.693 269.799 -128.594 438.693 269.99 -132.058 441.516 273.363 -134.497 443.609 292.745 -133.545 443.466 295.832 -130.789 441.325 295.641 -127.325 438.502 295.641 -127.325 438.502 321.482 -126.022 438.283 321.197 -120.86 434.077 321.006 -117.397 431.254 333.476 -116.784 431.161 333.476 -116.784 431.161
  poly 37: 328.507 -117.637 426.536 346.018 -100.192 412.92 356.499 -100.192 413.261 364.359 -100.192 413.517 428.181 -36.6151 363.895 420.321 -36.6151 363.639 409.84 -36.6151 363.298 415.876 -30.6027 358.605 411.405 -23.309 352.529 -497.6 -23.309 322.965 -502.426 -30.6291 328.76 -496.645 -36.603 333.806 -507.16 -36.603 333.464 -515.045 -36.603 333.207 -416.703 -138.229 419.043 -408.818 -138.229 419.3 -398.303 -138.229 419.642 -384.36 -152.638 431.812 -384.36 -152.638 431.812 -376.745 -152.264 431.756 -376.363 -159.192 437.401 -376.076 -164.387 441.636 -350.234 -163.119 441.444 -350.234 -163.119 441.444 -350.043 -166.582 444.267 -346.669 -169.022 446.36 -327.288 -168.07 446.217 -324.2 -165.314 444.076 -324.391 -161.85 441.253 -324.391 -161.85 441.253 -298.549 -160.581 441.062 -298.549 -160.581 441.062 -298.358 -164.045 443.885 -294.984 -166.484 445.978 -275.603 -165.532 445.834 -272.516 -162.776 443.693 -272.707 -159.312 440.87 -272.707 -159.312 440.87 -246.864 -158.043 440.679 -246.864 -158.043 440.679 -246.673 -161.507 443.502 -243.3 -163.946 445.595 -223.918 -162.995 445.452 -220.831 -160.238 443.311 -221.022 -156.774 440.488 -221.022 -156.774 440.488 -195.179 -155.506 440.297 -195.179 -155.506 440.297 -194.988 -158.969 443.119 -191.615 -161.409 445.213 -172.233 -160.457 445.069 -169.146 -157.701 442.928 -169.337 -154.237 440.105 -169.337 -154.237 440.105 -143.494 -152.968 439.914 -143.494 -152.968 439.914 -143.303 -156.432 442.737 -139.93 -158.871 444.83 -120.548 -157.919 444.687 -117.461 -155.163 442.546 -117.652 -151.699 439.723 -117.652 -151.699 439.723 -91.8094 -150.43 439.532 -91.8094 -150.43 439.532 -91.6184 -153.894 442.354 -88.2449 -156.333 444.448 -68.8631 -155.382 444.304 -65.776 -152.625 442.163 -65.9669 -149.161 439.34 -65.9669 -149.161 439.34 -40.1245 -147.892 439.149 -40.1245 -147.892 439.149 -39.9335 -151.356 441.972 -36.56 -153.796 444.065 -17.1782 -152.844 443.922 -14.0911 -150.087 441.781 -14.282 -146.624 438.958 -14.282 -146.624 438.958 11.5604 -145.355 438.766 11.5604 -145.355 438.766 11.7514 -148.819 441.589 15.1249 -151.258 443.683 34.5067 -150.306 443.539 37.5938 -147.55 441.398 37.4029 -144.086 438.575 37.4029 -144.086 438.575 63.2453 -142.817 438.384 63.2453 -142.817 438.384 63.4363 -146.281 441.207 66.8098 -148.72 443.3 86.1916 -147.769 443.157 89.2787 -145.012 441.016 89.0877 -141.548 438.193 89.0877 -141.548 438.193 114.93 -140.279 438.001 114.93 -140.279 438.001 115.121 -143.743 440.824 118.495 -146.183 442.917 137.877 -145.231 442.774 140.964 -142.474 440.633 140.773 -139.011 437.81 140.773 -139.011 437.81 166.615 -137.742 437.619 166.615 -137.742 437.619 166.806 -141.206 440.442 170.18 -143.645 442.535 189.561 -142.693 442.391 192.648 -139.937 440.25 192.458 -136.473 437.428 192.458 -136.473 437.428 218.3 -135.204 437.236 218.3 -135.204 437.236 218.491 -138.668 440.059 221.864 -141.107 442.152 241.246 -140.155 442.009 244.333 -137.399 439.868 244.142 -133.935 437.045 244.142 -133.935 437.045 269.985 -132.666 436.854 269.985 -132.666 436.854 270.176 -136.13 439.677 273.549 -138.569 441.77 292.931 -137.618 441.626 296.018 -134.861 439.485 295.827 -131.397 436.662 295.827 -131.397 436.662 321.67 -130.129 436.471 321.383 -124.933 432.237 321.001 -118.005 426.591 328.507 -117.637 426.536 328.507 -117.637 426.536
element 46
  poly 0: 451.031 -100.446 42.5479 444.761 -101.66 66.4588 447.45 -98.1961 67.3396 453.72 -96.9824 43.4288 451.031 -100.446 42.5479
  poly 1: 449.202 -96.3739 42.2751 442.932 -97.5876 66.1859 445.621 -94.1237 67.0668 451.891 -92.91 43.1559 449.202 -96.3739 42.2751
  poly 2: 438.491 -102.874 90.3696 432.221 -104.087 114.28 434.91 -100.623 115.161 441.18 -99.4098 91.2504 438.491 -102.874 90.3696
  poly 3: 436.662 -98.8012 90.0968 430.393 -100.015 114.008 433.081 -96.551 114.888 439.351 -95.3374 90.9776 436.662 -98.8012 90.0968
  poly 4: 425.951 -105.301 138.191 419.682 -106.515 162.102 422.37 -103.051 162.983 428.64 -101.837 139.072 425.951 -105.301 138.191
  poly 5: 424.123 -101.229 137.918 417.853 -102.442 161.829 420.541 -98.9784 162.71 426.811 -97.7647 138.799 424.123 -101.229 137.918
  poly 6: 413.412 -107.728 186.013 407.142 -108.942 209.924 409.831 -105.478 210.805 416.1 -104.264 186.894 413.412 -107.728 186.013
  poly 7: 411.583 -103.656 185.74 405.313 -104.87 209.651 408.002 -101.406 210.532 414.272 -100.192 186.621 411.583 -103.656 185.74
  poly 8: 400.872 -110.156 233.835 394.602 -111.369 257.746 397.291 -107.905 258.626 403.561 -106.692 234.716 400.872 -110.156 233.835
  poly 9: 399.043 -106.083 233.562 392.773 -107.297 257.473 395.462 -103.833 258.354 401.732 -102.619 234.443 399.043 -106.083 233.562
  poly 10: 388.332 -112.583 281.656 382.062 -113.797 305.567 384.751 -110.333 306.448 391.021 -109.119 282.537 388.332 -112.583 281.656
  poly 11: 386.503 -108.511 281.384 380.234 -109.724 305.294 382.922 -106.26 306.175 389.192 -105.047 282.264 386.503 -108.511 281.384
  poly 12: 375.793 -115.01 329.478 369.523 -116.224 353.389 372.211 -112.76 354.27 378.481 -111.546 330.359 375.793 -115.01 329.478
  poly 13: 373.964 -110.938 329.205 367.694 -112.152 353.116 370.383 -108.688 353.997 376.652 -107.474 330.086 373.964 -110.938 329.205
  poly 14: 363.253 -117.438 377.3 356.983 -118.651 401.211 359.672 -115.187 402.091 365.942 -113.974 378.181 363.253 -117.438 377.3
  poly 15: 361.424 -113.365 377.027 355.154 -114.579 400.938 357.843 -111.115 401.819 364.113 -109.901 377.908 361.424 -113.365 377.027
  poly 16: 462.674 -95.2491 9.27972 522.539 -23.309 9.27972 441.71 -23.309 376.722 441.71 -23.309 376.722 429.542 -35.4303 386.183 430.668 -35.4303 381.062 417.067 -48.9793 391.637 415.659 -48.9793 398.038 413.114 -50.6729 403.2 402.913 -60.8346 411.131 402.058 -62.5283 408.613 403.466 -62.5283 402.212 389.865 -76.0772 412.787 388.457 -76.0772 419.188 385.912 -77.7709 424.35 375.711 -87.9326 432.281 374.855 -89.6262 429.763 376.263 -89.6262 423.362 362.662 -103.175 433.937 361.536 -103.175 439.058 354.903 -109.783 444.215 350.237 -117.014 438.071 353.402 -116.401 426.002 348.024 -123.329 424.241 343.991 -128.525 422.919 350.261 -127.311 399.009 350.261 -127.311 399.009 347.573 -130.775 398.128 346.34 -133.221 394.478 351.042 -132.311 376.545 353.842 -129.561 374.217 356.531 -126.097 375.098 356.531 -126.097 375.098 362.801 -124.884 351.187 362.801 -124.884 351.187 360.112 -128.347 350.306 358.879 -130.794 346.656 363.582 -129.883 328.723 366.382 -127.134 326.395 369.071 -123.67 327.276 369.071 -123.67 327.276 375.341 -122.456 303.365 375.341 -122.456 303.365 372.652 -125.92 302.484 371.419 -128.366 298.835 376.122 -127.456 280.902 378.922 -124.706 278.573 381.611 -121.243 279.454 381.611 -121.243 279.454 387.88 -120.029 255.543 387.88 -120.029 255.543 385.192 -123.493 254.663 383.959 -125.939 251.013 388.661 -125.029 233.08 391.462 -122.279 230.752 394.15 -118.815 231.633 394.15 -118.815 231.633 400.42 -117.602 207.722 400.42 -117.602 207.722 397.731 -121.065 206.841 396.499 -123.512 203.191 401.201 -122.601 185.258 404.001 -119.852 182.93 406.69 -116.388 183.811 406.69 -116.388 183.811 412.96 -115.174 159.9 412.96 -115.174 159.9 410.271 -118.638 159.019 409.038 -121.084 155.37 413.741 -120.174 137.437 416.541 -117.424 135.108 419.23 -113.961 135.989 419.23 -113.961 135.989 425.5 -112.747 112.078 425.5 -112.747 112.078 422.811 -116.211 111.197 421.578 -118.657 107.548 426.28 -117.747 89.6149 429.081 -114.997 87.2867 431.769 -111.533 88.1675 431.769 -111.533 88.1675 438.039 -110.32 64.2566 438.039 -110.32 64.2566 435.351 -113.783 63.3758 434.118 -116.23 59.7263 438.82 -115.319 41.7932 441.62 -112.57 39.465 444.309 -109.106 40.3458 444.309 -109.106 40.3458 450.579 -107.892 16.435 454.612 -102.696 17.7562 459.989 -95.7688 19.5179 462.674 -95.2491 9.27972
  poly 17: 457.854 -94.6991 9.27972 517.543 -22.9705 9.27972 437.936 -22.9705 371.167 437.936 -22.9705 371.167 425.428 -35.4303 380.892 425.439 -35.4303 380.84 411.827 -48.9793 391.467 410.419 -48.9793 397.867 407.874 -50.6729 403.03 397.673 -60.8346 410.961 396.818 -62.5283 408.442 398.226 -62.5283 402.042 384.624 -76.0772 412.617 383.216 -76.0772 419.017 380.671 -77.7709 424.18 370.471 -87.9326 432.111 369.615 -89.6262 429.592 371.023 -89.6262 423.192 357.433 -103.175 433.716 357.422 -103.175 433.767 351.644 -108.931 438.259 346.979 -116.161 432.114 348.884 -115.793 424.849 346.196 -119.256 423.968 342.189 -124.418 422.655 348.432 -123.238 398.736 348.432 -123.238 398.736 345.744 -126.702 397.855 344.511 -129.149 394.205 349.213 -128.238 376.272 352.014 -125.489 373.944 354.702 -122.025 374.825 354.702 -122.025 374.825 360.972 -120.811 350.914 360.972 -120.811 350.914 358.283 -124.275 350.033 357.051 -126.721 346.384 361.753 -125.811 328.451 364.553 -123.061 326.122 367.242 -119.597 327.003 367.242 -119.597 327.003 373.512 -118.384 303.092 373.512 -118.384 303.092 370.823 -121.848 302.211 369.59 -124.294 298.562 374.293 -123.384 280.629 377.093 -120.634 278.301 379.782 -117.17 279.181 379.782 -117.17 279.181 386.052 -115.957 255.271 386.052 -115.957 255.271 383.363 -119.42 254.39 382.13 -121.867 250.74 386.833 -120.956 232.807 389.633 -118.207 230.479 392.321 -114.743 231.36 392.321 -114.743 231.36 398.591 -113.529 207.449 398.591 -113.529 207.449 395.903 -116.993 206.568 394.67 -119.439 202.919 399.372 -118.529 184.985 402.172 -115.779 182.657 404.861 -112.316 183.538 404.861 -112.316 183.538 411.131 -111.102 159.627 411.131 -111.102 159.627 408.442 -114.566 158.746 407.21 -117.012 155.097 411.912 -116.102 137.164 414.712 -113.352 134.836 417.401 -109.888 135.716 417.401 -109.888 135.716 423.671 -108.675 111.805 423.671 -108.675 111.805 420.982 -112.138 110.925 419.749 -114.585 107.275 424.452 -113.674 89.342 427.252 -110.925 87.0138 429.941 -107.461 87.8947 429.941 -107.461 87.8947 436.21 -106.247 63.9838 436.21 -106.247 63.9838 433.522 -109.711 63.103 432.289 -112.157 59.4535 436.991 -111.247 41.5203 439.792 -108.497 39.1921 442.48 -105.034 40.073 442.48 -105.034 40.073 448.777 -103.785 16.1709 452.783 -98.6241 17.4834 455.472 -95.1602 18.3642 457.854 -94.6991 9.27972
element 47
  poly 0: 433.689 -98.6127 44.3466 426.948 -99.9177 70.0562 429.636 -96.4538 70.937 436.378 -95.1488 45.2275 433.689 -98.6127 44.3466
  poly 1: 431.86 -94.5403 44.0738 425.119 -95.8453 69.7834 427.808 -92.3814 70.6642 434.549 -91.0765 44.9546 431.86 -94.5403 44.0738
  poly 2: 420.206 -101.223 95.7658 413.465 -102.528 121.475 416.153 -99.0637 122.356 422.895 -97.7588 96.6466 420.206 -101.223 95.7658
  poly 3: 418.377 -97.1502 95.4929 411.636 -98.4552 121.202 414.324 -94.9914 122.083 421.066 -93.6864 96.3738 418.377 -97.1502 95.4929
  poly 4: 406.723 -103.833 147.185 399.982 -105.138 172.894 402.67 -101.674 173.775 409.412 -100.369 148.066 406.723 -103.833 147.185
  poly 5: 404.894 -99.7602 146.912 398.153 -101.065 172.622 400.841 -97.6013 173.502 407.583 -96.2963 147.793 404.894 -99.7602 146.912
  poly 6: 393.24 -106.442 198.604 386.499 -107.747 224.314 389.187 -104.284 225.194 395.929 -102.979 199.485 393.24 -106.442 198.604
  poly 7: 391.411 -102.37 198.331 384.67 -103.675 224.041 387.358 -100.211 224.922 394.1 -98.9062 199.212 391.411 -102.37 198.331
  poly 8: 379.757 -109.052 250.023 373.015 -110.357 275.733 375.704 -106.894 276.614 382.446 -105.589 250.904 379.757 -109.052 250.023
  poly 9: 377.928 -104.98 249.75 371.187 -106.285 275.46 373.875 -102.821 276.341 380.617 -101.516 250.631 377.928 -104.98 249.75
  poly 10: 366.274 -111.662 301.442 359.532 -112.967 327.152 362.221 -109.503 328.033 368.963 -108.198 302.323 366.274 -111.662 301.442
  poly 11: 364.445 -107.59 301.169 357.704 -108.895 326.879 360.392 -105.431 327.76 367.134 -104.126 302.05 364.445 -107.59 301.169
  poly 12: 352.791 -114.272 352.861 346.049 -115.577 378.571 348.738 -112.113 379.452 355.48 -110.808 353.742 352.791 -114.272 352.861
  poly 13: 350.962 -110.2 352.589 344.221 -111.505 378.298 346.909 -108.041 379.179 353.651 -106.736 353.469 350.962 -110.2 352.589
  poly 14: 443.063 -86.4964 47.5707 439.928 -87.1032 59.5261 442.616 -83.6393 60.4069 445.751 -83.0325 48.4515 443.063 -86.4964 47.5707
  poly 15: 441.234 -82.424 47.2978 438.099 -83.0308 59.2532 440.788 -79.567 60.1341 443.922 -78.9601 48.1787 441.234 -82.424 47.2978
  poly 16: 430.523 -88.9237 95.3924 427.388 -89.5305 107.348 430.077 -86.0667 108.229 433.212 -85.4598 96.2732 430.523 -88.9237 95.3924
  poly 17: 428.694 -84.8513 95.1195 425.559 -85.4581 107.075 428.248 -81.9943 107.956 431.383 -81.3875 96.0004 428.694 -84.8513 95.1195
  poly 18: 417.983 -91.351 143.214 414.848 -91.9579 155.169 417.537 -88.494 156.05 420.672 -87.8872 144.095 417.983 -91.351 143.214
  poly 19: 416.154 -87.2786 142.941 413.019 -87.8855 154.897 415.708 -84.4216 155.777 418.843 -83.8148 143.822 416.154 -87.2786 142.941
  poly 20: 405.443 -93.7783 191.036 402.309 -94.3852 202.991 404.997 -90.9213 203.872 408.132 -90.3145 191.917 405.443 -93.7783 191.036
  poly 21: 403.615 -89.706 190.763 400.48 -90.3128 202.718 403.168 -86.8489 203.599 406.303 -86.2421 191.644 403.615 -89.706 190.763
  poly 22: 392.904 -96.2057 238.857 389.769 -96.8125 250.813 392.457 -93.3486 251.694 395.592 -92.7418 239.738 392.904 -96.2057 238.857
  poly 23: 391.075 -92.1333 238.585 387.94 -92.7401 250.54 390.629 -89.2763 251.421 393.764 -88.6694 239.465 391.075 -92.1333 238.585
  poly 24: 380.364 -98.633 286.679 377.229 -99.2398 298.635 379.918 -95.776 299.515 383.053 -95.1691 287.56 380.364 -98.633 286.679
  poly 25: 378.535 -94.5606 286.406 375.4 -95.1674 298.362 378.089 -91.7036 299.243 381.224 -91.0968 287.287 378.535 -94.5606 286.406
  poly 26: 367.824 -101.06 334.501 364.689 -101.667 346.456 367.378 -98.2033 347.337 370.513 -97.5965 335.382 367.824 -101.06 334.501
  poly 27: 365.995 -96.9879 334.228 362.861 -97.5948 346.183 365.549 -94.1309 347.064 368.684 -93.5241 335.109 365.995 -96.9879 334.228
  poly 28: 355.285 -103.488 382.323 352.15 -104.094 394.278 354.838 -100.631 395.159 357.973 -100.024 383.203 355.285 -103.488 382.323
  poly 29: 353.456 -99.4153 382.05 350.321 -100.022 394.005 353.01 -96.5582 394.886 356.144 -95.9514 382.931 353.456 -99.4153 382.05
  poly 30: 445.804 -93.3242 9.27972 505.053 -22.1242 9.27972 428.501 -22.1242 357.279 428.501 -22.1242 357.279 413.954 -36.6151 368.589 415.08 -36.6151 363.468 402.316 -49.3305 373.393 401.19 -49.3305 378.513 398.055 -49.6484 391.563 395.183 -52.5094 393.796 394.056 -52.5094 398.916 392.414 -53.3041 403.377 387.627 -58.0724 407.099 387.674 -58.8671 403.879 388.8 -58.8671 398.758 385.928 -61.728 400.991 388.425 -62.0459 388.438 389.552 -62.0459 383.317 376.787 -74.7613 393.242 375.661 -74.7613 398.362 372.526 -75.0792 411.412 369.654 -77.9402 413.645 368.527 -77.9402 418.765 366.885 -78.7349 423.226 362.098 -83.5032 426.948 362.145 -84.2979 423.728 363.272 -84.2979 418.607 360.4 -87.1589 420.84 362.896 -87.4768 408.287 364.023 -87.4768 403.166 351.259 -100.192 413.091 350.132 -100.192 418.211 343.499 -106.8 423.369 338.834 -114.031 417.224 341.997 -113.418 405.161 336.619 -120.346 403.4 437.742 -100.772 17.7562 443.119 -93.8439 19.5179 445.804 -93.3242 9.27972
  poly 31: 440.984 -92.7743 9.27972 500.057 -21.7857 9.27972 424.727 -21.7857 351.724 424.727 -21.7857 351.724 409.84 -36.6151 363.298 409.852 -36.6151 363.247 397.076 -49.3305 373.222 395.949 -49.3305 378.343 392.814 -49.6484 391.392 389.942 -52.5094 393.625 388.816 -52.5094 398.746 387.173 -53.3041 403.207 382.387 -58.0724 406.928 382.434 -58.8671 403.708 383.56 -58.8671 398.588 380.688 -61.728 400.821 383.185 -62.0459 388.267 384.311 -62.0459 383.147 371.547 -74.7613 393.071 370.421 -74.7613 398.192 367.286 -75.0792 411.241 364.414 -77.9402 413.474 363.287 -77.9402 418.595 361.645 -78.7349 423.056 356.858 -83.5032 426.777 356.905 -84.2979 423.557 358.031 -84.2979 418.437 355.159 -87.1589 420.67 357.656 -87.4768 408.116 358.783 -87.4768 402.996 346.03 -100.192 412.869 346.018 -100.192 412.92 340.241 -105.948 417.412 335.575 -113.178 411.268 337.479 -112.81 404.008 334.79 -116.274 403.127 435.913 -96.6992 17.4834 438.602 -93.2354 18.3642 440.984 -92.7743 9.27972
element 48
  poly 0: -461.431 -174.672 9.27972 -495.169 -249.193 9.27972 -452.488 -249.193 410.084 -452.488 -249.193 410.084 -443.339 -230.865 418.069 -443.805 -230.865 413.694 -433.443 -210.104 422.739 -432.861 -210.104 428.207 -431.216 -207.509 432.619 -423.444 -191.938 439.402 -422.498 -189.343 437.252 -423.081 -189.343 431.783 -412.718 -168.583 440.828 -412.253 -168.583 445.202 -408.198 -160.459 448.741 -405.531 -153.204 442.94 -407.046 -153.786 431.187 -407.064 -153.827 431.192 -410.168 -154.985 406.97 -408.37 -150.912 406.537 -403.954 -140.761 404.848 -404.657 -141.031 399.399 -402.859 -136.959 398.966 -401.706 -133.979 397.128 -402.877 -134.429 388.046 -404.42 -137.558 386.858 -406.217 -141.631 387.291 -406.92 -141.9 381.842 -411.492 -152.111 382.32 -413.289 -156.184 382.753 -416.411 -157.382 358.536 -414.613 -153.31 358.103 -410.198 -143.159 356.414 -410.9 -143.429 350.965 -409.102 -139.356 350.532 -407.949 -136.377 348.694 -409.12 -136.827 339.612 -410.663 -139.956 338.424 -412.461 -144.028 338.857 -413.163 -144.298 333.408 -417.735 -154.509 333.886 -419.533 -158.581 334.319 -422.654 -159.78 310.102 -420.857 -155.708 309.669 -416.441 -145.557 307.98 -417.143 -145.826 302.531 -415.346 -141.754 302.098 -414.193 -138.775 300.26 -415.363 -139.224 291.178 -416.906 -142.354 289.99 -418.704 -146.426 290.423 -419.406 -146.696 284.974 -423.978 -156.907 285.452 -425.776 -160.979 285.885 -428.898 -162.178 261.668 -427.1 -158.105 261.235 -422.684 -147.954 259.546 -423.386 -148.224 254.098 -421.589 -144.152 253.664 -420.436 -141.172 251.826 -421.606 -141.622 242.744 -423.15 -144.751 241.556 -424.947 -148.824 241.989 -425.65 -149.093 236.54 -430.222 -159.304 237.018 -432.019 -163.377 237.451 -435.141 -164.575 213.234 -433.343 -160.503 212.801 -428.927 -150.352 211.112 -429.63 -150.622 205.664 -427.832 -146.549 205.23 -426.679 -143.57 203.392 -427.85 -144.02 194.31 -429.393 -147.149 193.122 -431.191 -151.221 193.555 -431.893 -151.491 188.106 -436.465 -161.702 188.584 -438.262 -165.774 189.017 -441.384 -166.973 164.8 -439.586 -162.901 164.367 -435.171 -152.75 162.678 -435.873 -153.02 157.23 -434.075 -148.947 156.796 -432.922 -145.968 154.958 -434.093 -146.417 145.876 -435.636 -149.547 144.688 -437.434 -153.619 145.121 -438.136 -153.889 139.672 -442.708 -164.1 140.15 -444.506 -168.172 140.583 -447.627 -169.371 116.366 -445.83 -165.298 115.933 -441.414 -155.147 114.244 -442.116 -155.417 108.796 -440.319 -151.345 108.362 -439.166 -148.365 106.524 -440.336 -148.815 97.4424 -441.879 -151.944 96.2539 -443.677 -156.017 96.6872 -444.379 -156.286 91.2383 -448.951 -166.497 91.7162 -450.749 -170.57 92.1495 -453.871 -171.769 67.9325 -452.073 -167.696 67.4992 -447.657 -157.545 65.8105 -448.36 -157.815 60.3617 -446.562 -153.743 59.9284 -445.409 -150.763 58.0898 -446.579 -151.213 49.0085 -448.123 -154.342 47.8199 -449.92 -158.414 48.2532 -450.623 -158.684 42.8044 -455.195 -168.895 43.2822 -456.992 -172.967 43.7156 -460.132 -174.207 19.5029 -460.114 -174.166 19.4986 -461.431 -174.672 9.27972
  poly 1: -456.73 -174.033 9.27972 -490.427 -248.462 9.27972 -448.191 -248.462 405.898 -448.191 -248.462 405.898 -439.408 -230.865 413.564 -439.412 -230.865 413.521 -429.045 -210.104 422.609 -428.463 -210.104 428.077 -426.818 -207.509 432.489 -419.047 -191.938 439.272 -418.101 -189.343 437.122 -418.683 -189.343 431.653 -408.326 -168.583 440.654 -408.321 -168.583 440.698 -404.054 -160.033 444.422 -401.387 -152.778 438.621 -402.426 -153.177 430.561 -404.223 -157.25 430.995 -407.345 -158.449 406.778 -405.547 -154.376 406.345 -401.132 -144.225 404.656 -401.834 -144.495 399.207 -400.036 -140.423 398.774 -398.883 -137.443 396.935 -400.054 -137.893 387.854 -401.597 -141.022 386.665 -403.395 -145.094 387.098 -404.097 -145.364 381.65 -408.669 -155.575 382.128 -410.467 -159.647 382.561 -413.588 -160.846 358.344 -411.791 -156.774 357.911 -407.375 -146.623 356.222 -408.077 -146.893 350.773 -406.28 -142.82 350.34 -405.127 -139.841 348.501 -406.297 -140.29 339.42 -407.84 -143.42 338.231 -409.638 -147.492 338.665 -410.34 -147.762 333.216 -414.912 -157.973 333.694 -416.71 -162.045 334.127 -419.831 -163.244 309.91 -418.034 -159.172 309.477 -413.618 -149.021 307.788 -414.32 -149.29 302.339 -412.523 -145.218 301.906 -411.37 -142.239 300.067 -412.54 -142.688 290.986 -414.084 -145.817 289.797 -415.881 -149.89 290.231 -416.584 -150.159 284.782 -421.156 -160.37 285.26 -422.953 -164.443 285.693 -426.075 -165.642 261.476 -424.277 -161.569 261.043 -419.861 -151.418 259.354 -420.564 -151.688 253.905 -418.766 -147.616 253.472 -417.613 -144.636 251.633 -418.784 -145.086 242.552 -420.327 -148.215 241.363 -422.125 -152.287 241.797 -422.827 -152.557 236.348 -427.399 -162.768 236.826 -429.196 -166.84 237.259 -432.318 -168.039 213.042 -430.52 -163.967 212.609 -426.105 -153.816 210.92 -426.807 -154.086 205.471 -425.009 -150.013 205.038 -423.856 -147.034 203.199 -425.027 -147.484 194.118 -426.57 -150.613 192.929 -428.368 -154.685 193.363 -429.07 -154.955 187.914 -433.642 -165.166 188.392 -435.44 -169.238 188.825 -438.561 -170.437 164.608 -436.764 -166.365 164.175 -432.348 -156.214 162.486 -433.05 -156.483 157.037 -431.253 -152.411 156.604 -430.1 -149.432 154.765 -431.27 -149.881 145.684 -432.813 -153.01 144.495 -434.611 -157.083 144.929 -435.313 -157.353 139.48 -439.885 -167.563 139.958 -441.683 -171.636 140.391 -444.805 -172.835 116.174 -443.007 -168.762 115.741 -438.591 -158.611 114.052 -439.293 -158.881 108.603 -437.496 -154.809 108.17 -436.343 -151.829 106.331 -437.513 -152.279 97.25 -439.057 -155.408 96.0615 -440.854 -159.48 96.4948 -441.557 -159.75 91.046 -446.129 -169.961 91.5238 -447.926 -174.034 91.9571 -451.048 -175.232 67.7401 -449.25 -171.16 67.3068 -444.834 -161.009 65.6181 -445.537 -161.279 60.1693 -443.739 -157.206 59.736 -442.586 -154.227 57.8975 -443.757 -154.677 48.8161 -445.3 -157.806 47.6275 -447.098 -161.878 48.0608 -447.8 -162.148 42.612 -452.372 -172.359 43.0899 -454.169 -176.431 43.5232 -457.291 -177.63 19.3062 -455.494 -173.558 18.8729 -456.73 -174.033 9.27972
element 49
  poly 0: -400.288 -167.108 406.297 -403.41 -168.307 382.08 -401.612 -164.235 381.647 -398.49 -163.036 405.864 -400.288 -167.108 406.297
  poly 1: -397.465 -170.572 406.104 -400.587 -171.771 381.887 -398.789 -167.699 381.454 -395.668 -166.5 405.671 -397.465 -170.572 406.104
  poly 2: -406.531 -169.506 357.863 -409.653 -170.705 333.646 -407.855 -166.632 333.213 -404.734 -165.434 357.43 -406.531 -169.506 357.863
  poly 3: -403.709 -172.97 357.671 -406.83 -174.169 333.454 -405.033 -170.096 333.02 -401.911 -168.897 357.237 -403.709 -172.97 357.671
  poly 4: -412.775 -171.904 309.429 -415.896 -173.102 285.212 -414.099 -169.03 284.779 -410.977 -167.831 308.996 -412.775 -171.904 309.429
  poly 5: -409.952 -175.367 309.237 -413.073 -176.566 285.02 -411.276 -172.494 284.586 -408.154 -171.295 308.803 -409.952 -175.367 309.237
  poly 6: -419.018 -174.301 260.995 -422.139 -175.5 236.778 -420.342 -171.428 236.345 -417.22 -170.229 260.562 -419.018 -174.301 260.995
  poly 7: -416.195 -177.765 260.803 -419.317 -178.964 236.586 -417.519 -174.892 236.152 -414.398 -173.693 260.369 -416.195 -177.765 260.803
  poly 8: -425.261 -176.699 212.561 -428.383 -177.898 188.344 -426.585 -173.825 187.911 -423.464 -172.627 212.128 -425.261 -176.699 212.561
  poly 9: -422.438 -180.163 212.369 -425.56 -181.362 188.152 -423.762 -177.289 187.718 -420.641 -176.09 211.935 -422.438 -180.163 212.369
  poly 10: -431.504 -179.097 164.127 -434.626 -180.295 139.91 -432.828 -176.223 139.477 -429.707 -175.024 163.694 -431.504 -179.097 164.127
  poly 11: -428.682 -182.56 163.935 -431.803 -183.759 139.718 -430.006 -179.687 139.284 -426.884 -178.488 163.501 -428.682 -182.56 163.935
  poly 12: -437.748 -181.494 115.693 -440.869 -182.693 91.4762 -439.072 -178.621 91.0428 -435.95 -177.422 115.26 -437.748 -181.494 115.693
  poly 13: -434.925 -184.958 115.501 -438.047 -186.157 91.2838 -436.249 -182.085 90.8505 -433.127 -180.886 115.067 -434.925 -184.958 115.501
  poly 14: -443.991 -183.892 67.2592 -447.113 -185.091 43.0422 -445.315 -181.018 42.6089 -442.193 -179.82 66.8259 -443.991 -183.892 67.2592
  poly 15: -441.168 -187.356 67.0668 -444.29 -188.555 42.8498 -442.492 -184.482 42.4165 -439.371 -183.283 66.6335 -441.168 -187.356 67.0668
  poly 16: -444.978 -172.434 9.27972 -478.57 -246.633 9.27972 -437.449 -246.633 395.433 -437.449 -246.633 395.433 -430.856 -233.425 401.187 -431.322 -233.425 396.812 -420.286 -211.314 406.445 -419.82 -211.314 410.82 -418.379 -210.762 421.998 -415.896 -205.787 424.165 -415.43 -205.787 428.54 -414.391 -204.405 432.423 -410.253 -196.113 436.035 -409.912 -194.731 433.356 -410.378 -194.731 428.982 -407.895 -189.756 431.149 -408.784 -189.204 420.453 -409.25 -189.204 416.078 -398.214 -167.093 425.71 -397.748 -167.093 430.085 -393.693 -158.969 433.624 -391.026 -151.714 427.823 -392.995 -152.47 412.551 -393.013 -152.511 412.555 -396.373 -153.767 386.347 -394.126 -148.677 385.806 -393.2 -145.785 382.205 -395.733 -146.758 362.553 -397.503 -149.974 359.602 -399.75 -155.065 360.144 -403.128 -156.362 333.94 -400.881 -151.271 333.399 -399.955 -148.379 329.798 -402.488 -149.352 310.146 -404.259 -152.568 307.195 -406.506 -157.659 307.737 -409.883 -158.956 281.533 -407.636 -153.866 280.992 -406.711 -150.974 277.391 -409.244 -151.946 257.739 -411.014 -155.163 254.788 -413.261 -160.253 255.33 -416.639 -161.55 229.126 -414.392 -156.46 228.585 -413.466 -153.568 224.984 -415.999 -154.541 205.332 -417.77 -157.757 202.381 -420.017 -162.848 202.923 -423.394 -164.145 176.719 -421.147 -159.054 176.178 -420.221 -156.162 172.577 -422.755 -157.135 152.925 -424.525 -160.352 149.974 -426.772 -165.442 150.516 -430.15 -166.739 124.313 -427.903 -161.649 123.771 -426.977 -158.757 120.17 -429.51 -159.729 100.518 -431.28 -162.946 97.5674 -433.527 -168.036 98.109 -436.905 -169.334 71.9055 -434.658 -164.243 71.3639 -433.732 -161.351 67.7635 -436.265 -162.324 48.1109 -438.036 -165.54 45.1604 -440.283 -170.631 45.7021 -443.678 -171.969 19.5029 -443.66 -171.928 19.4986 -444.978 -172.434 9.27972
  poly 17: -440.277 -171.794 9.27972 -473.828 -245.901 9.27972 -433.152 -245.901 391.247 -433.152 -245.901 391.247 -426.924 -233.425 396.683 -426.929 -233.425 396.639 -415.888 -211.314 406.315 -415.422 -211.314 410.69 -413.982 -210.762 421.868 -411.499 -205.787 424.035 -411.033 -205.787 428.41 -409.994 -204.405 432.293 -405.855 -196.113 435.906 -405.515 -194.731 433.227 -405.981 -194.731 428.852 -403.498 -189.756 431.019 -404.386 -189.204 420.323 -404.852 -189.204 415.948 -393.821 -167.093 425.537 -393.816 -167.093 425.581 -389.549 -158.543 429.305 -386.882 -151.289 423.504 -388.375 -151.862 411.925 -390.172 -155.934 412.358 -393.55 -157.231 386.155 -391.303 -152.141 385.613 -390.377 -149.249 382.013 -392.91 -150.222 362.36 -394.681 -153.438 359.41 -396.928 -158.528 359.951 -400.305 -159.826 333.748 -398.058 -154.735 333.206 -397.132 -151.843 329.606 -399.666 -152.816 309.953 -401.436 -156.032 307.003 -403.683 -161.123 307.544 -407.061 -162.42 281.341 -404.814 -157.33 280.799 -403.888 -154.437 277.199 -406.421 -155.41 257.546 -408.191 -158.627 254.596 -410.438 -163.717 255.138 -413.816 -165.014 228.934 -411.569 -159.924 228.392 -410.643 -157.032 224.792 -413.176 -158.005 205.139 -414.947 -161.221 202.189 -417.194 -166.312 202.731 -420.571 -167.609 176.527 -418.325 -162.518 175.985 -417.399 -159.626 172.385 -419.932 -160.599 152.732 -421.702 -163.815 149.782 -423.949 -168.906 150.324 -427.327 -170.203 124.12 -425.08 -165.113 123.578 -424.154 -162.22 119.978 -426.687 -163.193 100.325 -428.458 -166.41 97.375 -430.705 -171.5 97.9166 -434.082 -172.797 71.7132 -431.835 -167.707 71.1715 -430.909 -164.815 67.5711 -433.443 -165.788 47.9185 -435.213 -169.004 44.968 -437.46 -174.095 45.5097 -440.838 -175.392 19.3062 -439.04 -171.319 18.8729 -440.277 -171.794 9.27972
element 50
  poly 0: 368.947 -151.847 429.683 380.787 -171.511 420.477 376.185 -171.511 420.613 364.345 -151.847 429.818 368.947 -151.847 429.683
  poly 1: 370.212 -151.847 425.257 382.052 -171.511 416.051 377.451 -171.511 416.187 365.611 -151.847 425.392 370.212 -151.847 425.257
  poly 2: 392.627 -191.175 411.271 404.466 -210.838 402.066 399.865 -210.838 402.201 388.025 -191.175 411.407 392.627 -191.175 411.271
  poly 3: 393.892 -191.175 406.845 405.732 -210.838 397.64 401.131 -210.838 397.775 389.291 -191.175 406.981 393.892 -191.175 406.845
  poly 4: -432.977 -210.104 427.113 -422.615 -189.343 436.158 -418.217 -189.343 436.028 -428.579 -210.104 426.984 -432.977 -210.104 427.113
  poly 5: -433.443 -210.104 422.739 -423.081 -189.343 431.783 -418.683 -189.343 431.653 -429.045 -210.104 422.609 -433.443 -210.104 422.739
  poly 6: -415.43 -205.787 428.54 -409.912 -194.731 433.356 -405.515 -194.731 433.227 -411.033 -205.787 428.41 -415.43 -205.787 428.54
  poly 7: -415.896 -205.787 424.165 -410.378 -194.731 428.982 -405.981 -194.731 428.852 -411.499 -205.787 424.035 -415.896 -205.787 424.165
  poly 8: 355.002 -155.435 428.478 361.234 -165.785 423.633 356.633 -165.785 423.769 350.401 -155.435 428.614 355.002 -155.435 428.478
  poly 9: 356.268 -155.435 424.052 362.5 -165.785 419.207 357.899 -165.785 419.343 351.666 -155.435 424.188 356.268 -155.435 424.052
  poly 10: 379.931 -196.836 409.096 386.163 -207.186 404.25 381.562 -207.186 404.386 375.329 -196.836 409.232 379.931 -196.836 409.096
  poly 11: 381.196 -196.836 404.67 387.429 -207.186 399.825 382.827 -207.186 399.96 376.595 -196.836 404.806 381.196 -196.836 404.67
  poly 12: 296.018 -134.861 439.485 270.176 -136.13 439.677 269.99 -132.058 441.516 295.832 -130.789 441.325 296.018 -134.861 439.485
  poly 13: 295.827 -131.397 436.662 269.985 -132.666 436.854 269.799 -128.594 438.693 295.641 -127.325 438.502 295.827 -131.397 436.662
  poly 14: 244.333 -137.399 439.868 218.491 -138.668 440.059 218.305 -134.595 441.899 244.147 -133.327 441.708 244.333 -137.399 439.868
  poly 15: 244.142 -133.935 437.045 218.3 -135.204 437.236 218.114 -131.132 439.076 243.956 -129.863 438.885 244.142 -133.935 437.045
  poly 16: 192.648 -139.937 440.25 166.806 -141.206 440.442 166.62 -137.133 442.281 192.462 -135.864 442.09 192.648 -139.937 440.25
  poly 17: 192.458 -136.473 437.428 166.615 -137.742 437.619 166.429 -133.669 439.458 192.271 -132.4 439.267 192.458 -136.473 437.428
  poly 18: 140.964 -142.474 440.633 115.121 -143.743 440.824 114.935 -139.671 442.664 140.777 -138.402 442.473 140.964 -142.474 440.633
  poly 19: 140.773 -139.011 437.81 114.93 -140.279 438.001 114.744 -136.207 439.841 140.586 -134.938 439.65 140.773 -139.011 437.81
  poly 20: 89.2787 -145.012 441.016 63.4363 -146.281 441.207 63.2499 -142.209 443.046 89.0924 -140.94 442.855 89.2787 -145.012 441.016
  poly 21: 89.0877 -141.548 438.193 63.2453 -142.817 438.384 63.059 -138.745 440.224 88.9014 -137.476 440.032 89.0877 -141.548 438.193
  poly 22: 37.5938 -147.55 441.398 11.7514 -148.819 441.589 11.565 -144.746 443.429 37.4075 -143.477 443.238 37.5938 -147.55 441.398
  poly 23: 37.4029 -144.086 438.575 11.5604 -145.355 438.766 11.3741 -141.282 440.606 37.2165 -140.014 440.415 37.4029 -144.086 438.575
  poly 24: -14.0911 -150.087 441.781 -39.9335 -151.356 441.972 -40.1199 -147.284 443.812 -14.2774 -146.015 443.62 -14.0911 -150.087 441.781
  poly 25: -14.282 -146.624 438.958 -40.1245 -147.892 439.149 -40.3108 -143.82 440.989 -14.4684 -142.551 440.797 -14.282 -146.624 438.958
  poly 26: -65.776 -152.625 442.163 -91.6184 -153.894 442.354 -91.8048 -149.822 444.194 -65.9623 -148.553 444.003 -65.776 -152.625 442.163
  poly 27: -65.9669 -149.161 439.34 -91.8094 -150.43 439.532 -91.9957 -146.358 441.371 -66.1533 -145.089 441.18 -65.9669 -149.161 439.34
  poly 28: -117.461 -155.163 442.546 -143.303 -156.432 442.737 -143.49 -152.359 444.577 -117.647 -151.09 444.385 -117.461 -155.163 442.546
  poly 29: -117.652 -151.699 439.723 -143.494 -152.968 439.914 -143.681 -148.895 441.754 -117.838 -147.627 441.562 -117.652 -151.699 439.723
  poly 30: -169.146 -157.701 442.928 -194.988 -158.969 443.119 -195.175 -154.897 444.959 -169.332 -153.628 444.768 -169.146 -157.701 442.928
  poly 31: -169.337 -154.237 440.105 -195.179 -155.506 440.297 -195.366 -151.433 442.136 -169.523 -150.164 441.945 -169.337 -154.237 440.105
  poly 32: -220.831 -160.238 443.311 -246.673 -161.507 443.502 -246.859 -157.435 445.342 -221.017 -156.166 445.15 -220.831 -160.238 443.311
  poly 33: -221.022 -156.774 440.488 -246.864 -158.043 440.679 -247.05 -153.971 442.519 -221.208 -152.702 442.328 -221.022 -156.774 440.488
  poly 34: -272.516 -162.776 443.693 -298.358 -164.045 443.885 -298.544 -159.972 445.724 -272.702 -158.704 445.533 -272.516 -162.776 443.693
  poly 35: -272.707 -159.312 440.87 -298.549 -160.581 441.062 -298.735 -156.509 442.901 -272.893 -155.24 442.71 -272.707 -159.312 440.87
  poly 36: -324.2 -165.314 444.076 -350.043 -166.582 444.267 -350.229 -162.51 446.107 -324.387 -161.241 445.915 -324.2 -165.314 444.076
  poly 37: -324.391 -161.85 441.253 -350.234 -163.119 441.444 -350.42 -159.046 443.284 -324.578 -157.777 443.093 -324.391 -161.85 441.253
  poly 38: 420.874 -238.087 389.309 416.306 -230.502 392.86 420.908 -230.502 392.724 361.708 -132.184 438.752 357.107 -132.184 438.888 346.177 -114.032 447.386 346.177 -114.032 447.386 334.75 -114.593 447.471 334.936 -118.665 445.631 309.891 -119.895 445.817 309.658 -114.804 448.116 306.388 -111.904 449.519 287.605 -112.826 449.658 284.614 -116.034 448.301 284.847 -121.124 446.002 259.802 -122.354 446.187 259.569 -117.264 448.487 256.299 -114.363 449.89 237.515 -115.285 450.029 234.524 -118.493 448.672 234.757 -123.584 446.373 209.713 -124.813 446.558 209.48 -119.723 448.858 206.209 -116.822 450.26 187.426 -117.745 450.4 184.435 -120.953 449.043 184.668 -126.043 446.743 159.623 -127.273 446.929 159.391 -122.182 449.228 156.12 -119.282 450.631 137.337 -120.204 450.77 134.346 -123.412 449.414 134.579 -128.503 447.114 109.534 -129.732 447.3 109.301 -124.642 449.599 106.031 -121.741 451.002 87.2475 -122.663 451.141 84.2567 -125.871 449.784 84.4896 -130.962 447.485 59.445 -132.192 447.67 59.212 -127.101 449.97 55.9417 -124.2 451.373 37.1582 -125.123 451.512 34.1674 -128.331 450.155 34.4003 -133.421 447.856 9.35571 -134.651 448.041 9.12279 -129.56 450.341 5.85246 -126.66 451.743 -12.931 -127.582 451.882 -15.9218 -130.79 450.526 -15.6889 -135.881 448.226 -40.7335 -137.11 448.412 -40.9665 -132.02 450.711 -44.2368 -129.119 452.114 -63.0203 -130.041 452.253 -66.0111 -133.249 450.897 -65.7782 -138.34 448.597 -90.8228 -139.57 448.782 -91.0557 -134.479 451.082 -94.326 -131.579 452.485 -113.11 -132.501 452.624 -116.1 -135.709 451.267 -115.867 -140.799 448.968 -140.912 -142.029 449.153 -141.145 -136.938 451.453 -144.415 -134.038 452.856 -163.199 -134.96 452.995 -166.19 -138.168 451.638 -165.957 -143.259 449.339 -191.001 -144.488 449.524 -191.234 -139.398 451.823 -194.505 -136.497 453.226 -213.288 -137.419 453.365 -216.279 -140.627 452.009 -216.046 -145.718 449.709 -241.091 -146.948 449.895 -241.323 -141.857 452.194 -244.594 -138.957 453.597 -263.377 -139.879 453.736 -266.368 -143.087 452.38 -266.135 -148.177 450.08 -291.18 -149.407 450.265 -291.413 -144.316 452.565 -294.683 -141.416 453.968 -313.467 -142.338 454.107 -316.457 -145.546 452.75 -316.224 -150.637 450.451 -341.269 -151.866 450.636 -341.502 -146.776 452.936 -344.772 -143.875 454.339 -363.556 -144.798 454.478 -366.547 -148.005 453.121 -366.314 -153.096 450.821 -391.358 -154.326 451.007 -391.545 -150.253 452.846 -403.394 -150.835 452.934 -403.394 -150.835 452.934 -412.253 -168.583 445.202 -416.65 -168.583 445.332 -447.737 -230.865 418.199 -443.339 -230.865 418.069 -447.318 -238.835 414.596 -442.372 -245.901 411.268 415.756 -245.901 385.94 420.874 -238.087 389.309
  poly 39: 417.979 -238.819 384.676 412.971 -230.502 388.57 422.173 -230.502 388.298 362.974 -132.184 434.326 353.771 -132.184 434.598 343.293 -114.782 442.745 343.293 -114.782 442.745 334.745 -115.201 442.808 334.747 -115.242 442.79 309.7 -116.431 442.994 309.467 -111.34 445.293 306.197 -108.44 446.696 287.414 -109.362 446.835 284.423 -112.57 445.479 284.656 -117.661 443.179 259.611 -118.89 443.364 259.378 -113.8 445.664 256.108 -110.899 447.067 237.324 -111.822 447.206 234.333 -115.029 445.849 234.566 -120.12 443.55 209.522 -121.35 443.735 209.289 -116.259 446.035 206.019 -113.359 447.438 187.235 -114.281 447.577 184.244 -117.489 446.22 184.477 -122.579 443.921 159.432 -123.809 444.106 159.2 -118.719 446.405 155.929 -115.818 447.808 137.146 -116.74 447.947 134.155 -119.948 446.591 134.388 -125.039 444.291 109.343 -126.268 444.477 109.11 -121.178 446.776 105.84 -118.277 448.179 87.0565 -119.2 448.318 84.0657 -122.408 446.962 84.2986 -127.498 444.662 59.254 -128.728 444.847 59.0211 -123.637 447.147 55.7507 -120.737 448.55 36.9673 -121.659 448.689 33.9764 -124.867 447.332 34.2094 -129.957 445.033 9.16474 -131.187 445.218 8.93182 -126.097 447.518 5.66149 -123.196 448.921 -13.122 -124.118 449.06 -16.1128 -127.326 447.703 -15.8799 -132.417 445.403 -40.9245 -133.646 445.589 -41.1574 -128.556 447.888 -44.4278 -125.655 449.291 -63.2112 -126.578 449.43 -66.2021 -129.786 448.074 -65.9691 -134.876 445.774 -91.0138 -136.106 445.96 -91.2467 -131.015 448.259 -94.517 -128.115 449.662 -113.3 -129.037 449.801 -116.291 -132.245 448.444 -116.058 -137.335 446.145 -141.103 -138.565 446.33 -141.336 -133.475 448.63 -144.606 -130.574 450.033 -163.39 -131.496 450.172 -166.381 -134.704 448.815 -166.148 -139.795 446.516 -191.192 -141.024 446.701 -191.425 -135.934 449.001 -194.696 -133.033 450.403 -213.479 -133.956 450.543 -216.47 -137.164 449.186 -216.237 -142.254 446.886 -241.282 -143.484 447.072 -241.514 -138.393 449.371 -244.785 -135.493 450.774 -263.568 -136.415 450.913 -266.559 -139.623 449.557 -266.326 -144.713 447.257 -291.371 -145.943 447.442 -291.604 -140.853 449.742 -294.874 -137.952 451.145 -313.657 -138.874 451.284 -316.648 -142.082 449.927 -316.415 -147.173 447.628 -341.46 -148.402 447.813 -341.693 -143.312 450.113 -344.963 -140.411 451.516 -363.747 -141.334 451.655 -366.738 -144.542 450.298 -366.505 -149.632 447.999 -391.547 -150.903 448.166 -391.549 -150.862 448.184 -399.675 -151.261 448.244 -399.675 -151.261 448.244 -408.321 -168.583 440.698 -417.116 -168.583 440.957 -448.203 -230.865 413.824 -439.408 -230.865 413.564 -443.751 -239.567 409.773 -438.806 -246.633 406.445 412.86 -246.633 381.308 417.979 -238.819 384.676
element 51
  poly 0: 356.316 -150.26 415.41 368.78 -170.96 405.719 364.179 -170.96 405.855 351.715 -150.26 415.546 356.316 -150.26 415.41
  poly 1: 357.582 -150.26 410.985 370.046 -170.96 401.293 365.445 -170.96 401.429 352.981 -150.26 411.12 357.582 -150.26 410.985
  poly 2: 381.245 -191.661 396.028 393.709 -212.362 386.337 389.108 -212.362 386.473 376.643 -191.661 396.164 381.245 -191.661 396.028
  poly 3: 382.511 -191.661 391.602 394.975 -212.362 381.911 390.374 -212.362 382.047 377.909 -191.661 391.738 382.511 -191.661 391.602
  poly 4: -419.82 -211.314 410.82 -408.784 -189.204 420.453 -404.386 -189.204 420.323 -415.422 -211.314 410.69 -419.82 -211.314 410.82
  poly 5: -420.286 -211.314 406.445 -409.25 -189.204 416.078 -404.852 -189.204 415.948 -415.888 -211.314 406.315 -420.286 -211.314 406.445
  poly 6: 410.741 -240.648 373.095 406.173 -233.062 376.646 410.775 -233.062 376.51 417.631 -233.062 376.308 355.309 -129.559 424.763 348.453 -129.559 424.966 343.852 -129.559 425.102 336.083 -116.656 431.142 336.083 -116.656 431.142 321.006 -117.397 431.254 321.192 -121.469 429.414 295.35 -122.738 429.605 295.164 -118.665 431.445 294.052 -108.516 436.049 288.237 -108.802 436.092 288.051 -104.729 437.932 286.296 -101.754 439.323 276.605 -102.23 439.395 275.13 -105.364 438.027 275.316 -109.436 436.188 269.501 -109.722 436.231 269.321 -119.934 431.636 269.507 -124.007 429.797 243.665 -125.276 429.988 243.479 -121.203 431.828 242.367 -111.054 436.431 236.552 -111.339 436.474 236.366 -107.267 438.314 234.611 -104.292 439.706 224.92 -104.768 439.778 223.445 -107.901 438.41 223.631 -111.974 436.57 217.816 -112.259 436.613 217.636 -122.472 432.019 217.823 -126.544 430.179 191.98 -127.813 430.37 191.794 -123.741 432.21 190.682 -113.592 436.814 184.867 -113.877 436.857 184.681 -109.805 438.697 182.926 -106.83 440.088 173.235 -107.306 440.16 171.76 -110.439 438.792 171.946 -114.512 436.953 166.132 -114.797 436.996 165.951 -125.01 432.401 166.138 -129.082 430.562 140.295 -130.351 430.753 140.109 -126.279 432.593 138.997 -116.129 437.196 133.182 -116.415 437.24 132.996 -112.342 439.079 131.241 -109.367 440.471 121.55 -109.843 440.543 120.075 -112.977 439.175 120.261 -117.049 437.335 114.447 -117.335 437.378 114.266 -127.547 432.784 114.453 -131.62 430.944 88.6103 -132.889 431.136 88.424 -128.816 432.975 87.3121 -118.667 437.579 81.4975 -118.952 437.622 81.3112 -114.88 439.462 79.5563 -111.905 440.853 69.8654 -112.381 440.925 68.39 -115.515 439.557 68.5763 -119.587 437.718 62.7618 -119.872 437.761 62.5815 -130.085 433.166 62.7679 -134.157 431.327 36.9254 -135.426 431.518 36.7391 -131.354 433.358 35.6272 -121.205 437.962 29.8127 -121.49 438.005 29.6263 -117.418 439.844 27.8714 -114.443 441.236 18.1805 -114.919 441.308 16.7051 -118.052 439.94 16.8914 -122.125 438.1 11.0769 -122.41 438.143 10.8967 -132.623 433.549 11.083 -136.695 431.709 -14.7595 -137.964 431.901 -14.9458 -133.892 433.74 -16.0577 -123.742 438.344 -21.8722 -124.028 438.387 -22.0586 -119.955 440.227 -23.8135 -116.98 441.618 -33.5044 -117.456 441.69 -34.9798 -120.59 440.322 -34.7935 -124.662 438.483 -40.608 -124.948 438.526 -40.7882 -135.16 433.932 -40.6019 -139.233 432.092 -66.4444 -140.502 432.283 -66.6307 -136.429 434.123 -67.7426 -126.28 438.727 -73.5571 -126.566 438.77 -73.7435 -122.493 440.609 -75.4984 -119.518 442.001 -85.1893 -119.994 442.073 -86.6647 -123.128 440.705 -86.4784 -127.2 438.865 -92.2929 -127.485 438.908 -92.4731 -137.698 434.314 -92.2868 -141.77 432.474 -118.129 -143.039 432.666 -118.316 -138.967 434.505 -119.427 -128.818 439.109 -125.242 -129.103 439.152 -125.428 -125.031 440.992 -127.183 -122.056 442.384 -136.874 -122.532 442.455 -138.35 -125.665 441.088 -138.163 -129.738 439.248 -143.978 -130.023 439.291 -144.158 -140.236 434.697 -143.972 -144.308 432.857 -169.814 -145.577 433.048 -170 -141.505 434.888 -171.112 -131.355 439.492 -176.927 -131.641 439.535 -177.113 -127.569 441.374 -178.868 -124.594 442.766 -188.559 -125.069 442.838 -190.034 -128.203 441.47 -189.848 -132.275 439.63 -195.663 -132.561 439.673 -195.843 -142.773 435.079 -195.657 -146.846 433.239 -221.499 -148.115 433.431 -221.685 -144.042 435.27 -222.797 -133.893 439.874 -228.612 -134.179 439.917 -228.798 -130.106 441.757 -230.553 -127.131 443.149 -240.244 -127.607 443.22 -241.719 -130.741 441.853 -241.533 -134.813 440.013 -247.348 -135.099 440.056 -247.528 -145.311 435.462 -247.341 -149.384 433.622 -273.184 -150.652 433.813 -273.37 -146.58 435.653 -274.482 -136.431 440.257 -280.297 -136.716 440.3 -280.483 -132.644 442.14 -282.238 -129.669 443.531 -291.929 -130.145 443.603 -293.404 -133.278 442.235 -293.218 -137.351 440.395 -299.032 -137.636 440.439 -299.213 -147.849 435.844 -299.026 -151.921 434.005 -324.869 -153.19 434.196 -325.055 -149.118 436.035 -326.167 -138.968 440.639 -331.982 -139.254 440.682 -332.168 -135.182 442.522 -333.923 -132.207 443.914 -343.614 -132.682 443.985 -345.089 -135.816 442.618 -344.903 -139.888 440.778 -350.717 -140.174 440.821 -350.898 -150.387 436.227 -350.711 -154.459 434.387 -376.554 -155.728 434.578 -376.74 -151.655 436.418 -390.377 -152.325 436.519 -390.377 -152.325 436.519 -397.748 -167.093 430.085 -402.145 -167.093 430.215 -408.698 -167.093 430.408 -441.806 -233.425 401.51 -435.254 -233.425 401.317 -430.856 -233.425 401.187 -434.835 -241.396 397.715 -429.889 -248.462 394.386 405.623 -248.462 369.726 410.741 -240.648 373.095
  poly 7: 407.846 -241.379 368.462 402.838 -233.062 372.356 412.041 -233.062 372.084 418.943 -233.062 371.88 356.621 -129.559 420.336 349.719 -129.559 420.54 340.516 -129.559 420.811 333.199 -117.406 426.501 333.199 -117.406 426.501 321.001 -118.005 426.591 321.003 -118.046 426.573 295.159 -119.274 426.782 294.973 -115.202 428.622 293.861 -105.052 433.226 288.046 -105.338 433.269 287.86 -101.265 435.109 286.105 -98.2905 436.5 276.414 -98.7663 436.572 274.939 -101.9 435.204 275.125 -105.972 433.365 269.31 -106.258 433.408 269.13 -116.47 428.813 269.316 -120.543 426.974 243.474 -121.812 427.165 243.288 -117.739 429.005 242.176 -107.59 433.609 236.361 -107.876 433.652 236.175 -103.803 435.491 234.42 -100.828 436.883 224.729 -101.304 436.955 223.254 -104.438 435.587 223.44 -108.51 433.747 217.625 -108.795 433.79 217.445 -119.008 429.196 217.632 -123.08 427.356 191.789 -124.349 427.548 191.603 -120.277 429.387 190.491 -110.128 433.991 184.676 -110.413 434.034 184.49 -106.341 435.874 182.735 -103.366 437.265 173.044 -103.842 437.337 171.569 -106.975 435.969 171.755 -111.048 434.13 165.941 -111.333 434.173 165.76 -121.546 429.578 165.947 -125.618 427.739 140.104 -126.887 427.93 139.918 -122.815 429.77 138.806 -112.665 434.374 132.991 -112.951 434.417 132.805 -108.879 436.256 131.05 -105.904 437.648 121.359 -106.379 437.72 119.884 -109.513 436.352 120.07 -113.585 434.512 114.256 -113.871 434.555 114.075 -124.083 429.961 114.262 -128.156 428.121 88.4194 -129.425 428.313 88.233 -125.352 430.152 87.1211 -115.203 434.756 81.3066 -115.489 434.799 81.1202 -111.416 436.639 79.3653 -108.441 438.031 69.6744 -108.917 438.102 68.199 -112.051 436.734 68.3854 -116.123 434.895 62.5708 -116.409 434.938 62.3906 -126.621 430.344 62.5769 -130.694 428.504 36.7345 -131.962 428.695 36.5481 -127.89 430.535 35.4362 -117.741 435.139 29.6217 -118.026 435.182 29.4354 -113.954 437.021 27.6804 -110.979 438.413 17.9895 -111.455 438.485 16.5141 -114.588 437.117 16.7005 -118.661 435.277 10.8859 -118.946 435.32 10.7057 -129.159 430.726 10.892 -133.231 428.886 -14.9504 -134.5 429.078 -15.1368 -130.428 430.917 -16.2487 -120.278 435.521 -22.0632 -120.564 435.564 -22.2495 -116.492 437.404 -24.0044 -113.517 438.796 -33.6954 -113.992 438.867 -35.1708 -117.126 437.5 -34.9844 -121.198 435.66 -40.799 -121.484 435.703 -40.9792 -131.697 431.109 -40.7929 -135.769 429.269 -66.6353 -137.038 429.46 -66.8217 -132.965 431.3 -67.9336 -122.816 435.904 -73.7481 -123.102 435.947 -73.9344 -119.029 437.786 -75.6893 -116.054 439.178 -85.3803 -116.53 439.25 -86.8557 -119.664 437.882 -86.6693 -123.736 436.042 -92.4839 -124.022 436.086 -92.6641 -134.234 431.491 -92.4778 -138.307 429.652 -118.32 -139.575 429.843 -118.507 -135.503 431.682 -119.618 -125.354 436.286 -125.433 -125.639 436.329 -125.619 -121.567 438.169 -127.374 -118.592 439.561 -137.065 -119.068 439.632 -138.541 -122.201 438.265 -138.354 -126.274 436.425 -144.169 -126.559 436.468 -144.349 -136.772 431.874 -144.163 -140.844 430.034 -170.005 -142.113 430.225 -170.191 -138.041 432.065 -171.303 -127.892 436.669 -177.118 -128.177 436.712 -177.304 -124.105 438.552 -179.059 -121.13 439.943 -188.75 -121.606 440.015 -190.225 -124.739 438.647 -190.039 -128.811 436.808 -195.854 -129.097 436.851 -196.034 -139.31 432.256 -195.848 -143.382 430.417 -221.69 -144.651 430.608 -221.876 -140.578 432.448 -222.988 -130.429 437.051 -228.803 -130.715 437.094 -228.989 -126.642 438.934 -230.744 -123.667 440.326 -240.435 -124.143 440.398 -241.91 -127.277 439.03 -241.724 -131.349 437.19 -247.539 -131.635 437.233 -247.719 -141.847 432.639 -247.532 -145.92 430.799 -273.375 -147.189 430.99 -273.561 -143.116 432.83 -274.673 -132.967 437.434 -280.488 -133.252 437.477 -280.674 -129.18 439.317 -282.429 -126.205 440.708 -292.12 -126.681 440.78 -293.595 -129.814 439.412 -293.409 -133.887 437.573 -299.223 -134.172 437.616 -299.404 -144.385 433.021 -299.217 -148.457 431.182 -325.06 -149.726 431.373 -325.246 -145.654 433.213 -326.358 -135.505 437.817 -332.173 -135.79 437.86 -332.359 -131.718 439.699 -334.114 -128.743 441.091 -343.805 -129.219 441.163 -345.28 -132.352 439.795 -345.094 -136.425 437.955 -350.908 -136.71 437.998 -351.089 -146.923 433.404 -350.902 -150.995 431.564 -376.743 -152.305 431.737 -376.745 -152.264 431.756 -386.658 -152.751 431.829 -386.658 -152.751 431.829 -393.816 -167.093 425.581 -402.611 -167.093 425.84 -409.208 -167.093 426.035 -442.316 -233.425 397.137 -435.72 -233.425 396.942 -426.924 -233.425 396.683 -431.268 -242.127 392.892 -426.323 -249.193 389.563 402.728 -249.193 365.094 407.846 -241.379 368.462
element 52
  poly 0: 534.757 -249.193 9.27972 462.674 -95.2491 9.27972 459.989 -95.7688 19.5179 460.008 -95.8095 19.5206 453.72 -96.9824 43.4288 451.891 -92.91 43.1559 447.162 -82.7594 43.0716 445.751 -83.0325 48.4515 443.922 -78.9601 48.1787 442.159 -75.9817 49.4685 439.808 -76.4368 58.435 440.788 -79.567 60.1341 442.616 -83.6393 60.4069 441.206 -83.9124 65.7869 445.621 -94.1237 67.0668 447.45 -98.1961 67.3396 441.18 -99.4098 91.2504 439.351 -95.3374 90.9776 434.622 -85.1868 90.8933 433.212 -85.4598 96.2732 431.383 -81.3875 96.0004 429.619 -78.409 97.2902 427.268 -78.8642 106.257 428.248 -81.9943 107.956 430.077 -86.0667 108.229 428.666 -86.3397 113.609 433.081 -96.551 114.888 434.91 -100.623 115.161 428.64 -101.837 139.072 426.811 -97.7647 138.799 422.083 -87.6141 138.715 420.672 -87.8872 144.095 418.843 -83.8148 143.822 417.08 -80.8364 145.112 414.728 -81.2915 154.078 415.708 -84.4216 155.777 417.537 -88.494 156.05 416.126 -88.7671 161.43 420.541 -98.9784 162.71 422.37 -103.051 162.983 416.1 -104.264 186.894 414.272 -100.192 186.621 409.543 -90.0414 186.537 408.132 -90.3145 191.917 406.303 -86.2421 191.644 404.54 -83.2637 192.934 402.189 -83.7188 201.9 403.168 -86.8489 203.599 404.997 -90.9213 203.872 403.586 -91.1944 209.252 408.002 -101.406 210.532 409.831 -105.478 210.805 403.561 -106.692 234.716 401.732 -102.619 234.443 397.003 -92.4687 234.358 395.592 -92.7418 239.738 393.764 -88.6694 239.465 392 -85.691 240.755 389.649 -86.1461 249.722 390.629 -89.2763 251.421 392.457 -93.3486 251.694 391.047 -93.6217 257.074 395.462 -103.833 258.354 397.291 -107.905 258.626 391.021 -109.119 282.537 389.192 -105.047 282.264 384.463 -94.8961 282.18 383.053 -95.1691 287.56 381.224 -91.0968 287.287 379.46 -88.1183 288.577 377.109 -88.5735 297.544 378.089 -91.7036 299.243 379.918 -95.776 299.515 378.507 -96.049 304.895 382.922 -106.26 306.175 384.751 -110.333 306.448 378.481 -111.546 330.359 376.652 -107.474 330.086 371.924 -97.3234 330.002 370.513 -97.5965 335.382 368.684 -93.5241 335.109 366.921 -90.5457 336.399 364.569 -91.0008 345.365 365.549 -94.1309 347.064 367.378 -98.2033 347.337 365.967 -98.4764 352.717 370.383 -108.688 353.997 372.211 -112.76 354.27 365.942 -113.974 378.181 364.113 -109.901 377.908 359.384 -99.7507 377.823 357.973 -100.024 383.203 356.144 -95.9514 382.931 354.381 -92.973 384.22 352.03 -93.4281 393.187 353.01 -96.5582 394.886 354.838 -100.631 395.159 353.428 -100.904 400.539 357.843 -111.115 401.819 359.672 -115.187 402.091 353.42 -116.442 426.005 353.402 -116.401 426.002 350.503 -116.962 437.056 352.545 -124.608 442.435 357.107 -132.184 438.888 358.373 -132.184 434.462 370.212 -151.847 425.257 368.63 -151.847 430.789 369.161 -154.305 432.958 378.041 -169.053 426.054 380.47 -171.511 421.583 382.052 -171.511 416.051 393.892 -191.175 406.845 392.31 -191.175 412.378 392.841 -193.633 414.546 401.721 -208.38 407.642 404.15 -210.838 403.172 405.732 -210.838 397.64 417.572 -230.502 388.434 416.306 -230.502 392.86 427.561 -249.193 384.109 427.561 -249.193 384.109 534.757 -249.193 9.27972
  poly 1: 529.852 -248.462 9.27972 457.854 -94.6991 9.27972 455.472 -95.1602 18.3642 457.301 -99.2326 18.6371 451.031 -100.446 42.5479 449.202 -96.3739 42.2751 444.473 -86.2233 42.1907 443.063 -86.4964 47.5707 441.234 -82.424 47.2978 439.47 -79.4456 48.5876 437.119 -79.9007 57.5542 438.099 -83.0308 59.2532 439.928 -87.1032 59.5261 438.517 -87.3763 64.906 442.932 -97.5876 66.1859 444.761 -101.66 66.4588 438.491 -102.874 90.3696 436.662 -98.8012 90.0968 431.934 -88.6506 90.0124 430.523 -88.9237 95.3924 428.694 -84.8513 95.1195 426.931 -81.8729 96.4093 424.579 -82.328 105.376 425.559 -85.4581 107.075 427.388 -89.5305 107.348 425.977 -89.8036 112.728 430.393 -100.015 114.008 432.221 -104.087 114.28 425.951 -105.301 138.191 424.123 -101.229 137.918 419.394 -91.0779 137.834 417.983 -91.351 143.214 416.154 -87.2786 142.941 414.391 -84.3002 144.231 412.04 -84.7553 153.198 413.019 -87.8855 154.897 414.848 -91.9579 155.169 413.438 -92.2309 160.549 417.853 -102.442 161.829 419.682 -106.515 162.102 413.412 -107.728 186.013 411.583 -103.656 185.74 406.854 -93.5053 185.656 405.443 -93.7783 191.036 403.615 -89.706 190.763 401.851 -86.7275 192.053 399.5 -87.1827 201.019 400.48 -90.3128 202.718 402.309 -94.3852 202.991 400.898 -94.6582 208.371 405.313 -104.87 209.651 407.142 -108.942 209.924 400.872 -110.156 233.835 399.043 -106.083 233.562 394.314 -95.9326 233.478 392.904 -96.2057 238.857 391.075 -92.1333 238.585 389.311 -89.1549 239.874 386.96 -89.61 248.841 387.94 -92.7401 250.54 389.769 -96.8125 250.813 388.358 -97.0856 256.193 392.773 -107.297 257.473 394.602 -111.369 257.746 388.332 -112.583 281.656 386.503 -108.511 281.384 381.775 -98.3599 281.299 380.364 -98.633 286.679 378.535 -94.5606 286.406 376.772 -91.5822 287.696 374.421 -92.0373 296.663 375.4 -95.1674 298.362 377.229 -99.2398 298.635 375.818 -99.5129 304.015 380.234 -109.724 305.294 382.062 -113.797 305.567 375.793 -115.01 329.478 373.964 -110.938 329.205 369.235 -100.787 329.121 367.824 -101.06 334.501 365.995 -96.9879 334.228 364.232 -94.0095 335.518 361.881 -94.4646 344.484 362.861 -97.5948 346.183 364.689 -101.667 346.456 363.279 -101.94 351.836 367.694 -112.152 353.116 369.523 -116.224 353.389 363.253 -117.438 377.3 361.424 -113.365 377.027 356.695 -103.215 376.943 355.285 -103.488 382.323 353.456 -99.4153 382.05 351.692 -96.4368 383.339 349.341 -96.892 392.306 350.321 -100.022 394.005 352.15 -104.094 394.278 350.739 -104.368 399.658 355.154 -114.579 400.938 356.983 -118.651 401.211 350.713 -119.865 425.121 348.884 -115.793 424.849 346.716 -116.212 433.117 348.758 -123.858 438.496 353.771 -132.184 434.598 353.784 -132.184 434.554 365.611 -151.847 425.392 364.029 -151.847 430.925 364.56 -154.305 433.094 373.44 -169.053 426.189 375.869 -171.511 421.719 377.451 -171.511 416.187 389.291 -191.175 406.981 387.709 -191.175 412.514 388.239 -193.633 414.682 397.119 -208.38 407.778 399.549 -210.838 403.308 401.131 -210.838 397.775 412.983 -230.502 388.526 412.971 -230.502 388.57 423.785 -248.462 380.162 423.785 -248.462 380.162 529.852 -248.462 9.27972
element 53
  poly 0: 444.309 -109.106 40.3458 438.039 -110.32 64.2566 436.21 -106.247 63.9838 442.48 -105.034 40.073 444.309 -109.106 40.3458
  poly 1: 441.62 -112.57 39.465 435.351 -113.783 63.3758 433.522 -109.711 63.103 439.792 -108.497 39.1921 441.62 -112.57 39.465
  poly 2: 431.769 -111.533 88.1675 425.5 -112.747 112.078 423.671 -108.675 111.805 429.941 -107.461 87.8947 431.769 -111.533 88.1675
  poly 3: 429.081 -114.997 87.2867 422.811 -116.211 111.197 420.982 -112.138 110.925 427.252 -110.925 87.0138 429.081 -114.997 87.2867
  poly 4: 419.23 -113.961 135.989 412.96 -115.174 159.9 411.131 -111.102 159.627 417.401 -109.888 135.716 419.23 -113.961 135.989
  poly 5: 416.541 -117.424 135.108 410.271 -118.638 159.019 408.442 -114.566 158.746 414.712 -113.352 134.836 416.541 -117.424 135.108
  poly 6: 406.69 -116.388 183.811 400.42 -117.602 207.722 398.591 -113.529 207.449 404.861 -112.316 183.538 406.69 -116.388 183.811
  poly 7: 404.001 -119.852 182.93 397.731 -121.065 206.841 395.903 -116.993 206.568 402.172 -115.779 182.657 404.001 -119.852 182.93
  poly 8: 394.15 -118.815 231.633 387.88 -120.029 255.543 386.052 -115.957 255.271 392.321 -114.743 231.36 394.15 -118.815 231.633
  poly 9: 391.462 -122.279 230.752 385.192 -123.493 254.663 383.363 -119.42 254.39 389.633 -118.207 230.479 391.462 -122.279 230.752
  poly 10: 381.611 -121.243 279.454 375.341 -122.456 303.365 373.512 -118.384 303.092 379.782 -117.17 279.181 381.611 -121.243 279.454
  poly 11: 378.922 -124.706 278.573 372.652 -125.92 302.484 370.823 -121.848 302.211 377.093 -120.634 278.301 378.922 -124.706 278.573
  poly 12: 369.071 -123.67 327.276 362.801 -124.884 351.187 360.972 -120.811 350.914 367.242 -119.597 327.003 369.071 -123.67 327.276
  poly 13: 366.382 -127.134 326.395 360.112 -128.347 350.306 358.283 -124.275 350.033 364.553 -123.061 326.122 366.382 -127.134 326.395
  poly 14: 356.531 -126.097 375.098 350.261 -127.311 399.009 348.432 -123.238 398.736 354.702 -122.025 374.825 356.531 -126.097 375.098
  poly 15: 353.842 -129.561 374.217 347.573 -130.775 398.128 345.744 -126.702 397.855 352.014 -125.489 373.944 353.842 -129.561 374.217
  poly 16: 517.589 -246.633 9.27972 445.804 -93.3242 9.27972 443.119 -93.8439 19.5179 443.138 -93.8846 19.5206 436.378 -95.1488 45.2275 434.092 -90.0584 44.8864 431.878 -87.1672 47.8955 426.821 -88.1459 67.1777 427.35 -91.3633 70.596 429.636 -96.4538 70.937 422.895 -97.7588 96.6466 420.609 -92.6683 96.3056 418.394 -89.7771 99.3146 413.338 -90.7559 118.597 413.867 -93.9733 122.015 416.153 -99.0637 122.356 409.412 -100.369 148.066 407.126 -95.2782 147.725 404.911 -92.3871 150.734 399.855 -93.3658 170.016 400.384 -96.5832 173.434 402.67 -101.674 173.775 395.929 -102.979 199.485 393.643 -97.8881 199.144 391.428 -94.997 202.153 386.372 -95.9757 221.435 386.901 -99.1931 224.853 389.187 -104.284 225.194 382.446 -105.589 250.904 380.16 -100.498 250.563 377.945 -97.6069 253.572 372.889 -98.5856 272.854 373.418 -101.803 276.273 375.704 -106.894 276.614 368.963 -108.198 302.323 366.677 -103.108 301.982 364.462 -100.217 304.991 359.406 -101.196 324.273 359.935 -104.413 327.692 362.221 -109.503 328.033 355.48 -110.808 353.742 353.194 -105.718 353.401 350.979 -102.827 356.41 345.923 -103.805 375.692 346.452 -107.023 379.111 348.738 -112.113 379.452 342.015 -113.459 405.164 341.997 -113.418 405.161 337.248 -114.337 423.27 339.29 -121.983 428.648 343.852 -129.559 425.102 345.118 -129.559 420.676 357.582 -150.26 410.985 356.316 -150.26 415.41 353.463 -150.777 426.233 356.268 -155.435 424.052 355.002 -155.435 428.478 354.832 -156.729 431.192 359.506 -164.491 427.558 361.234 -165.785 423.633 362.5 -165.785 419.207 365.304 -170.443 417.026 368.78 -170.96 405.719 370.046 -170.96 401.293 382.511 -191.661 391.602 381.245 -191.661 396.028 378.392 -192.179 406.851 381.196 -196.836 404.67 379.931 -196.836 409.096 379.76 -198.13 411.81 384.435 -205.893 408.176 386.163 -207.186 404.25 387.429 -207.186 399.825 390.233 -211.844 397.644 393.709 -212.362 386.337 394.975 -212.362 381.911 407.439 -233.062 372.22 406.173 -233.062 376.646 414.345 -246.633 370.293 414.345 -246.633 370.293 517.589 -246.633 9.27972
  poly 17: 512.684 -245.901 9.27972 440.984 -92.7742 9.27972 438.602 -93.2354 18.3642 440.431 -97.3077 18.6371 433.689 -98.6127 44.3466 431.403 -93.5222 44.0056 429.189 -90.6311 47.0146 424.133 -91.6098 66.2968 424.662 -94.8272 69.7151 426.948 -99.9177 70.0562 420.206 -101.223 95.7658 417.92 -96.1321 95.4247 415.706 -93.241 98.4338 410.65 -94.2197 117.716 411.179 -97.4371 121.134 413.465 -102.528 121.475 406.723 -103.833 147.185 404.437 -98.7421 146.844 402.223 -95.8509 149.853 397.167 -96.8296 169.135 397.696 -100.047 172.553 399.982 -105.138 172.894 393.24 -106.442 198.604 390.954 -101.352 198.263 388.74 -98.4608 201.272 383.684 -99.4396 220.554 384.213 -102.657 223.973 386.499 -107.747 224.314 379.757 -109.052 250.023 377.471 -103.962 249.682 375.257 -101.071 252.691 370.201 -102.049 271.973 370.729 -105.267 275.392 373.015 -110.357 275.733 366.274 -111.662 301.442 363.988 -106.572 301.101 361.774 -103.681 304.11 356.718 -104.659 323.392 357.246 -107.877 326.811 359.532 -112.967 327.152 352.791 -114.272 352.861 350.505 -109.182 352.52 348.291 -106.291 355.529 343.234 -107.269 374.812 343.763 -110.487 378.23 346.049 -115.577 378.571 339.308 -116.882 404.281 337.479 -112.81 404.008 333.461 -113.588 419.331 335.503 -121.233 424.709 340.516 -129.559 420.811 340.529 -129.559 420.767 352.981 -150.26 411.12 351.715 -150.26 415.546 348.862 -150.777 426.369 351.666 -155.435 424.188 350.401 -155.435 428.614 350.23 -156.729 431.328 354.905 -164.491 427.694 356.633 -165.785 423.769 357.899 -165.785 419.343 360.703 -170.443 417.162 364.179 -170.96 405.855 365.445 -170.96 401.429 377.909 -191.661 391.738 376.643 -191.661 396.164 373.791 -192.179 406.986 376.595 -196.836 404.806 375.329 -196.836 409.232 375.159 -198.13 411.946 379.833 -205.893 408.311 381.562 -207.186 404.386 382.827 -207.186 399.96 385.632 -211.844 397.78 389.108 -212.362 386.473 390.374 -212.362 382.047 402.851 -233.062 372.311 402.838 -233.062 372.356 410.569 -245.901 366.345 410.569 -245.901 366.345 512.684 -245.901 9.27972
element 54
  poly 0: -357.255 -349.992 451.12 -360.888 -348.799 427.103 -364.04 -345.225 427.757 -360.407 -346.418 451.774 -357.255 -349.992 451.12
  poly 1: -356.044 -345.337 451.168 -359.677 -344.144 427.15 -362.829 -340.57 427.805 -359.196 -341.763 451.822 -356.044 -345.337 451.168
  poly 2: -364.52 -347.607 403.085 -368.153 -346.414 379.067 -371.305 -342.84 379.722 -367.673 -344.033 403.739 -364.52 -347.607 403.085
  poly 3: -363.309 -342.952 403.133 -366.942 -341.759 379.115 -370.094 -338.185 379.77 -366.461 -339.378 403.787 -363.309 -342.952 403.133
  poly 4: -371.786 -345.222 355.05 -375.418 -344.029 331.032 -378.57 -340.455 331.687 -374.938 -341.648 355.704 -371.786 -345.222 355.05
  poly 5: -370.575 -340.567 355.098 -374.207 -339.374 331.08 -377.359 -335.8 331.735 -373.727 -336.993 355.752 -370.575 -340.567 355.098
  poly 6: -379.051 -342.837 307.015 -382.683 -341.644 282.997 -385.836 -338.07 283.651 -382.203 -339.263 307.669 -379.051 -342.837 307.015
  poly 7: -377.84 -338.182 307.063 -381.472 -336.989 283.045 -384.624 -333.415 283.699 -380.992 -334.608 307.717 -377.84 -338.182 307.063
  poly 8: -386.316 -340.452 258.98 -389.949 -339.259 234.962 -393.101 -335.685 235.616 -389.468 -336.878 259.634 -386.316 -340.452 258.98
  poly 9: -385.105 -335.797 259.028 -388.738 -334.604 235.01 -391.89 -331.03 235.664 -388.257 -332.223 259.682 -385.105 -335.797 259.028
  poly 10: -393.581 -338.067 210.945 -397.214 -336.874 186.927 -400.366 -333.3 187.581 -396.733 -334.493 211.599 -393.581 -338.067 210.945
  poly 11: -392.37 -333.412 210.993 -396.003 -332.219 186.975 -399.155 -328.645 187.629 -395.522 -329.838 211.647 -392.37 -333.412 210.993
  poly 12: -400.846 -335.682 162.91 -404.479 -334.489 138.892 -407.631 -330.915 139.546 -403.999 -332.108 163.564 -400.846 -335.682 162.91
  poly 13: -399.635 -331.027 162.958 -403.268 -329.834 138.94 -406.42 -326.26 139.594 -402.787 -327.453 163.612 -399.635 -331.027 162.958
  poly 14: -408.112 -333.297 114.874 -411.744 -332.104 90.8569 -414.896 -328.53 91.5111 -411.264 -329.723 115.529 -408.112 -333.297 114.874
  poly 15: -406.901 -328.642 114.922 -410.533 -327.449 90.9049 -413.685 -323.875 91.5591 -410.053 -325.067 115.577 -406.901 -328.642 114.922
  poly 16: -415.377 -330.912 66.8394 -419.009 -329.719 42.8218 -422.162 -326.145 43.476 -418.529 -327.337 67.4936 -415.377 -330.912 66.8394
  poly 17: -414.166 -326.257 66.8873 -417.798 -325.064 42.8698 -420.95 -321.49 43.524 -417.318 -322.682 67.5415 -414.166 -326.257 66.8873
  poly 18: -495.169 -249.193 9.27972 -427.334 -324.447 9.27972 -425.794 -324.952 19.4585 -419.49 -332.101 18.1501 -414.762 -337.462 17.1688 -411.129 -338.654 41.1863 -411.129 -338.654 41.1863 -407.977 -342.228 40.5321 -405.159 -345.058 43.0436 -402.434 -345.952 61.0568 -404.344 -343.421 64.5496 -407.496 -339.847 65.2038 -407.496 -339.847 65.2038 -403.864 -341.039 89.2214 -403.864 -341.039 89.2214 -400.712 -344.613 88.5672 -397.894 -347.443 91.0787 -395.169 -348.337 109.092 -397.079 -345.806 112.585 -400.231 -342.232 113.239 -400.231 -342.232 113.239 -396.599 -343.424 137.256 -396.599 -343.424 137.256 -393.447 -346.998 136.602 -390.628 -349.828 139.114 -387.904 -350.722 157.127 -389.814 -348.191 160.62 -392.966 -344.617 161.274 -392.966 -344.617 161.274 -389.333 -345.809 185.292 -389.333 -345.809 185.292 -386.181 -349.383 184.637 -383.363 -352.213 187.149 -380.639 -353.108 205.162 -382.549 -350.576 208.655 -385.701 -347.002 209.309 -385.701 -347.002 209.309 -382.068 -348.194 233.327 -382.068 -348.194 233.327 -378.916 -351.769 232.672 -376.098 -354.598 235.184 -373.374 -355.493 253.197 -375.284 -352.961 256.69 -378.436 -349.387 257.344 -378.436 -349.387 257.344 -374.803 -350.579 281.362 -374.803 -350.579 281.362 -371.651 -354.154 280.708 -368.833 -356.983 283.219 -366.108 -357.878 301.232 -368.018 -355.346 304.725 -371.17 -351.772 305.379 -371.17 -351.772 305.379 -367.538 -352.964 329.397 -367.538 -352.964 329.397 -364.386 -356.539 328.743 -361.568 -359.368 331.254 -358.843 -360.263 349.267 -360.753 -357.731 352.76 -363.905 -354.157 353.414 -363.905 -354.157 353.414 -360.273 -355.349 377.432 -360.273 -355.349 377.432 -357.121 -358.924 376.778 -354.302 -361.753 379.289 -351.578 -362.648 397.302 -353.488 -360.116 400.795 -356.64 -356.542 401.449 -356.64 -356.542 401.449 -353.007 -357.734 425.467 -353.007 -357.734 425.467 -349.855 -361.309 424.813 -347.037 -364.138 427.324 -344.313 -365.033 445.337 -346.223 -362.501 448.83 -349.375 -358.927 449.485 -349.375 -358.927 449.485 -345.742 -360.119 473.502 -350.47 -354.758 474.483 -356.775 -347.61 475.792 -354.819 -348.252 488.723 -360.406 -341.376 494.465 -367.098 -334.642 488.625 -367.668 -334.642 483.268 -382.659 -319.558 470.183 -381.946 -319.558 476.88 -383.392 -317.673 479.262 -394.634 -306.36 469.449 -396.936 -304.474 463.796 -397.649 -304.474 457.099 -412.64 -289.39 444.015 -411.927 -289.39 450.712 -413.373 -287.505 453.094 -424.615 -276.192 443.281 -426.917 -274.306 437.627 -427.63 -274.306 430.931 -442.621 -259.222 417.847 -442.05 -259.222 423.204 -452.017 -249.193 414.505 -452.017 -249.193 414.505 -495.169 -249.193 9.27972
  poly 19: -490.427 -248.462 9.27972 -422.879 -323.396 9.27972 -421.431 -323.872 18.8523 -418.279 -327.446 18.198 -413.582 -332.771 17.2233 -409.918 -333.999 41.2343 -409.918 -333.999 41.2343 -406.766 -337.573 40.5801 -403.948 -340.403 43.0916 -401.223 -341.297 61.1047 -403.133 -338.766 64.5976 -406.285 -335.192 65.2518 -406.285 -335.192 65.2518 -402.653 -336.384 89.2693 -402.653 -336.384 89.2693 -399.501 -339.958 88.6151 -396.683 -342.788 91.1267 -393.958 -343.682 109.14 -395.868 -341.151 112.633 -399.02 -337.577 113.287 -399.02 -337.577 113.287 -395.388 -338.769 137.304 -395.388 -338.769 137.304 -392.235 -342.343 136.65 -389.417 -345.173 139.162 -386.693 -346.067 157.175 -388.603 -343.536 160.668 -391.755 -339.962 161.322 -391.755 -339.962 161.322 -388.122 -341.154 185.34 -388.122 -341.154 185.34 -384.97 -344.728 184.685 -382.152 -347.558 187.197 -379.428 -348.452 205.21 -381.338 -345.921 208.703 -384.49 -342.347 209.357 -384.49 -342.347 209.357 -380.857 -343.539 233.375 -380.857 -343.539 233.375 -377.705 -347.113 232.72 -374.887 -349.943 235.232 -372.162 -350.838 253.245 -374.073 -348.306 256.738 -377.225 -344.732 257.392 -377.225 -344.732 257.392 -373.592 -345.924 281.41 -373.592 -345.924 281.41 -370.44 -349.499 280.755 -367.622 -352.328 283.267 -364.897 -353.223 301.28 -366.807 -350.691 304.773 -369.959 -347.117 305.427 -369.959 -347.117 305.427 -366.327 -348.309 329.445 -366.327 -348.309 329.445 -363.175 -351.884 328.791 -360.357 -354.713 331.302 -357.632 -355.608 349.315 -359.542 -353.076 352.808 -362.694 -349.502 353.462 -362.694 -349.502 353.462 -359.062 -350.694 377.48 -359.062 -350.694 377.48 -355.91 -354.269 376.826 -353.091 -357.098 379.337 -350.367 -357.993 397.35 -352.277 -355.461 400.843 -355.429 -351.887 401.497 -355.429 -351.887 401.497 -351.796 -353.079 425.515 -351.796 -353.079 425.515 -348.644 -356.654 424.861 -345.826 -359.483 427.372 -343.102 -360.378 445.385 -345.012 -357.846 448.878 -348.164 -354.272 449.532 -348.164 -354.272 449.532 -344.563 -355.429 473.557 -349.259 -350.103 474.531 -352.412 -346.529 475.186 -351.38 -346.868 482.006 -356.967 -339.991 487.748 -362.283 -334.642 483.109 -362.289 -334.642 483.055 -377.274 -319.558 470.024 -376.56 -319.558 476.721 -378.006 -317.673 479.103 -389.249 -306.36 469.29 -391.551 -304.474 463.637 -392.264 -304.474 456.94 -407.255 -289.39 443.856 -406.541 -289.39 450.553 -407.987 -287.505 452.935 -419.23 -276.192 443.122 -421.532 -274.306 437.469 -422.245 -274.306 430.772 -437.241 -259.222 417.634 -437.236 -259.222 417.688 -447.929 -248.462 408.354 -447.929 -248.462 408.354 -490.427 -248.462 9.27972
element 55
  poly 0: -345.437 -345.075 426.168 -349.288 -343.811 400.708 -352.44 -340.237 401.362 -348.589 -341.501 426.822 -345.437 -345.075 426.168
  poly 1: -344.226 -340.42 426.216 -348.077 -339.156 400.756 -351.229 -335.582 401.41 -347.378 -336.846 426.87 -344.226 -340.42 426.216
  poly 2: -353.139 -342.547 375.248 -356.99 -341.283 349.787 -360.142 -337.708 350.442 -356.291 -338.973 375.902 -353.139 -342.547 375.248
  poly 3: -351.928 -337.892 375.296 -355.779 -336.628 349.835 -358.931 -333.053 350.49 -355.08 -334.318 375.95 -351.928 -337.892 375.296
  poly 4: -360.84 -340.018 324.327 -364.691 -338.754 298.867 -367.843 -335.18 299.521 -363.992 -336.444 324.981 -360.84 -340.018 324.327
  poly 5: -359.629 -335.363 324.375 -363.48 -334.099 298.915 -366.632 -330.525 299.569 -362.781 -331.789 325.029 -359.629 -335.363 324.375
  poly 6: -368.542 -337.49 273.407 -372.393 -336.226 247.946 -375.545 -332.652 248.601 -371.694 -333.916 274.061 -368.542 -337.49 273.407
  poly 7: -367.331 -332.835 273.455 -371.182 -331.571 247.994 -374.334 -327.997 248.649 -370.483 -329.261 274.109 -367.331 -332.835 273.455
  poly 8: -376.244 -334.962 222.486 -380.094 -333.698 197.026 -383.246 -330.124 197.68 -379.396 -331.388 223.14 -376.244 -334.962 222.486
  poly 9: -375.033 -330.307 222.534 -378.883 -329.043 197.074 -382.035 -325.469 197.728 -378.185 -326.733 223.188 -375.033 -330.307 222.534
  poly 10: -383.945 -332.434 171.566 -387.796 -331.169 146.105 -390.948 -327.595 146.76 -387.097 -328.859 172.22 -383.945 -332.434 171.566
  poly 11: -382.734 -327.779 171.614 -386.585 -326.514 146.153 -389.737 -322.94 146.808 -385.886 -324.204 172.268 -382.734 -327.779 171.614
  poly 12: -391.647 -329.905 120.645 -395.498 -328.641 95.185 -398.65 -325.067 95.8392 -394.799 -326.331 121.299 -391.647 -329.905 120.645
  poly 13: -390.436 -325.25 120.693 -394.287 -323.986 95.233 -397.439 -320.412 95.8872 -393.588 -321.676 121.347 -390.436 -325.25 120.693
  poly 14: -399.348 -327.377 69.7248 -403.199 -326.113 44.2645 -406.351 -322.539 44.9187 -402.5 -323.803 70.379 -399.348 -327.377 69.7248
  poly 15: -398.137 -322.722 69.7727 -401.988 -321.458 44.3125 -405.14 -317.884 44.9667 -401.289 -319.148 70.4269 -398.137 -322.722 69.7727
  poly 16: -353.925 -333.401 445.284 -355.741 -332.805 433.275 -358.893 -329.231 433.929 -357.077 -329.827 445.938 -353.925 -333.401 445.284
  poly 17: -352.714 -328.746 445.332 -354.53 -328.15 433.323 -357.682 -324.576 433.977 -355.866 -325.172 445.986 -352.714 -328.746 445.332
  poly 18: -361.19 -331.016 397.248 -363.006 -330.42 385.24 -366.158 -326.846 385.894 -364.342 -327.442 397.903 -361.19 -331.016 397.248
  poly 19: -359.979 -326.361 397.296 -361.795 -325.765 385.288 -364.947 -322.191 385.942 -363.131 -322.787 397.951 -359.979 -326.361 397.296
  poly 20: -368.455 -328.631 349.213 -370.271 -328.035 337.205 -373.424 -324.461 337.859 -371.607 -325.057 349.868 -368.455 -328.631 349.213
  poly 21: -367.244 -323.976 349.261 -369.06 -323.38 337.253 -372.213 -319.806 337.907 -370.396 -320.402 349.916 -367.244 -323.976 349.261
  poly 22: -375.72 -326.246 301.178 -377.537 -325.65 289.17 -380.689 -322.076 289.824 -378.872 -322.672 301.832 -375.72 -326.246 301.178
  poly 23: -374.509 -321.591 301.226 -376.326 -320.995 289.217 -379.478 -317.421 289.872 -377.661 -318.017 301.88 -374.509 -321.591 301.226
  poly 24: -382.986 -323.861 253.143 -384.802 -323.265 241.134 -387.954 -319.691 241.789 -386.138 -320.287 253.797 -382.986 -323.861 253.143
  poly 25: -381.774 -319.206 253.191 -383.591 -318.61 241.182 -386.743 -315.036 241.837 -384.927 -315.632 253.845 -381.774 -319.206 253.191
  poly 26: -390.251 -321.476 205.108 -392.067 -320.88 193.099 -395.219 -317.306 193.754 -393.403 -317.902 205.762 -390.251 -321.476 205.108
  poly 27: -389.04 -316.821 205.156 -390.856 -316.225 193.147 -394.008 -312.651 193.802 -392.192 -313.247 205.81 -389.04 -316.821 205.156
  poly 28: -397.516 -319.091 157.073 -399.332 -318.495 145.064 -402.484 -314.921 145.718 -400.668 -315.517 157.727 -397.516 -319.091 157.073
  poly 29: -396.305 -314.436 157.121 -398.121 -313.84 145.112 -401.273 -310.266 145.766 -399.457 -310.862 157.775 -396.305 -314.436 157.121
  poly 30: -404.781 -316.706 109.038 -406.597 -316.11 97.0292 -409.75 -312.536 97.6834 -407.933 -313.132 109.692 -404.781 -316.706 109.038
  poly 31: -403.57 -312.051 109.086 -405.386 -311.455 97.0771 -408.539 -307.881 97.7313 -406.722 -308.477 109.74 -403.57 -312.051 109.086
  poly 32: -412.046 -314.321 61.0029 -413.863 -313.725 48.9941 -417.015 -310.151 49.6483 -415.198 -310.747 61.6571 -412.046 -314.321 61.0029
  poly 33: -410.835 -309.666 61.0508 -412.652 -309.07 49.042 -415.804 -305.496 49.6963 -413.987 -306.092 61.705 -410.835 -309.666 61.0508
  poly 34: -478.57 -246.633 9.27972 -411.742 -320.769 9.27972 -410.202 -321.275 19.4585 -403.898 -328.423 18.1501 -338.434 -349.913 450.974 -344.738 -342.765 452.282 -342.783 -343.407 465.213 -348.37 -336.53 470.956 -355.061 -329.797 465.115 -355.632 -329.797 459.758 -369.151 -316.194 447.959 -368.58 -316.194 453.316 -367.492 -315.854 466.414 -370.533 -312.793 463.759 -369.963 -312.793 469.116 -370.38 -311.943 472.397 -375.449 -306.842 467.972 -376.722 -305.992 463.217 -377.293 -305.992 457.86 -380.334 -302.931 455.205 -382.099 -302.591 441.517 -382.669 -302.591 436.159 -396.188 -288.988 424.36 -395.617 -288.988 429.717 -394.529 -288.648 442.815 -397.571 -285.588 440.16 -397 -285.588 445.518 -397.417 -284.737 448.798 -402.487 -279.636 444.373 -403.759 -278.786 439.618 -404.33 -278.786 434.261 -407.372 -275.726 431.606 -409.136 -275.385 417.918 -409.706 -275.385 412.561 -423.225 -261.783 400.761 -422.654 -261.783 406.118 -437.71 -246.633 392.977 -437.71 -246.633 392.977 -478.57 -246.633 9.27972
  poly 35: -473.828 -245.901 9.27972 -407.287 -319.718 9.27972 -405.839 -320.194 18.8523 -402.687 -323.768 18.198 -337.223 -345.258 451.022 -340.375 -341.684 451.676 -339.344 -342.023 458.497 -344.931 -335.146 464.239 -350.247 -329.797 459.599 -350.253 -329.797 459.546 -363.765 -316.194 447.8 -363.195 -316.194 453.157 -362.107 -315.854 466.255 -365.148 -312.793 463.6 -364.578 -312.793 468.958 -364.995 -311.943 472.238 -370.064 -306.842 467.813 -371.337 -305.992 463.058 -371.908 -305.992 457.701 -374.949 -302.931 455.046 -376.713 -302.591 441.358 -377.284 -302.591 436 -390.803 -288.988 424.201 -390.232 -288.988 429.558 -389.144 -288.648 442.656 -392.185 -285.588 440.001 -391.615 -285.588 445.359 -392.032 -284.737 448.639 -397.101 -279.636 444.214 -398.374 -278.786 439.459 -398.945 -278.786 434.102 -401.986 -275.726 431.447 -403.751 -275.385 417.759 -404.321 -275.385 412.402 -417.845 -261.783 400.549 -417.84 -261.783 400.602 -433.622 -245.901 386.827 -433.622 -245.901 386.827 -473.828 -245.901 9.27972
element 56
  poly 0: 396.402 -274.117 411.814 378.243 -289.263 425.932 372.609 -289.263 426.099 390.767 -274.117 411.98 396.402 -274.117 411.814
  poly 1: 397.952 -274.117 406.394 379.793 -289.263 420.513 374.159 -289.263 420.679 392.317 -274.117 406.56 397.952 -274.117 406.394
  poly 2: 360.085 -304.41 440.051 341.926 -319.556 454.17 336.291 -319.556 454.336 354.45 -304.41 440.217 360.085 -304.41 440.051
  poly 3: 361.635 -304.41 434.631 343.476 -319.556 448.75 337.841 -319.556 448.916 356 -304.41 434.797 361.635 -304.41 434.631
  poly 4: 323.767 -334.703 468.288 305.608 -349.849 482.407 299.974 -349.849 482.573 318.132 -334.703 468.455 323.767 -334.703 468.288
  poly 5: 325.317 -334.703 462.868 307.158 -349.849 476.987 301.524 -349.849 477.153 319.682 -334.703 463.035 325.317 -334.703 462.868
  poly 6: -382.088 -319.558 475.541 -397.079 -304.474 462.456 -391.694 -304.474 462.298 -376.703 -319.558 475.382 -382.088 -319.558 475.541
  poly 7: -382.659 -319.558 470.183 -397.649 -304.474 457.099 -392.264 -304.474 456.94 -377.274 -319.558 470.024 -382.659 -319.558 470.183
  poly 8: -412.069 -289.39 449.372 -427.06 -274.306 436.288 -421.675 -274.306 436.129 -406.684 -289.39 449.213 -412.069 -289.39 449.372
  poly 9: -412.64 -289.39 444.015 -427.63 -274.306 430.931 -422.245 -274.306 430.772 -407.255 -289.39 443.856 -412.64 -289.39 444.015
  poly 10: 236.569 -371.879 504.2 212.514 -370.698 503.851 212.736 -367.124 500.639 236.791 -368.305 500.988 236.569 -371.879 504.2
  poly 11: 236.358 -376.534 503.007 212.302 -375.353 502.657 212.524 -371.779 499.446 236.58 -372.96 499.795 236.358 -376.534 503.007
  poly 12: 188.458 -369.517 503.502 164.403 -368.336 503.153 164.625 -364.762 499.941 188.68 -365.943 500.29 188.458 -369.517 503.502
  poly 13: 188.247 -374.172 502.308 164.192 -372.991 501.959 164.414 -369.417 498.748 188.469 -370.598 499.097 188.247 -374.172 502.308
  poly 14: 140.347 -367.155 502.804 116.292 -365.974 502.454 116.514 -362.4 499.243 140.57 -363.581 499.592 140.347 -367.155 502.804
  poly 15: 140.136 -371.81 501.61 116.081 -370.629 501.261 116.303 -367.055 498.049 140.358 -368.236 498.398 140.136 -371.81 501.61
  poly 16: 92.2367 -364.793 502.105 68.1814 -363.612 501.756 68.4035 -360.038 498.544 92.4588 -361.219 498.894 92.2367 -364.793 502.105
  poly 17: 92.0255 -369.448 500.912 67.9702 -368.267 500.563 68.1923 -364.693 497.351 92.2476 -365.874 497.7 92.0255 -369.448 500.912
  poly 18: 44.126 -362.431 501.407 20.0707 -361.25 501.058 20.2928 -357.676 497.846 44.3481 -358.857 498.195 44.126 -362.431 501.407
  poly 19: 43.9148 -367.086 500.214 19.8594 -365.905 499.864 20.0815 -362.331 496.653 44.1369 -363.512 497.002 43.9148 -367.086 500.214
  poly 20: -3.98469 -360.069 500.709 -28.0401 -358.888 500.36 -27.818 -355.313 497.148 -3.7626 -356.495 497.497 -3.98469 -360.069 500.709
  poly 21: -4.19592 -364.724 499.515 -28.2513 -363.543 499.166 -28.0292 -359.968 495.954 -3.97383 -361.15 496.304 -4.19592 -364.724 499.515
  poly 22: -52.0954 -357.706 500.01 -76.1508 -356.525 499.661 -75.9287 -352.951 496.45 -51.8733 -354.132 496.799 -52.0954 -357.706 500.01
  poly 23: -52.3066 -362.362 498.817 -76.362 -361.18 498.468 -76.1399 -357.606 495.256 -52.0845 -358.787 495.605 -52.3066 -362.362 498.817
  poly 24: -100.206 -355.344 499.312 -124.261 -354.163 498.963 -124.039 -350.589 495.751 -99.984 -351.77 496.1 -100.206 -355.344 499.312
  poly 25: -100.417 -359.999 498.119 -124.473 -358.818 497.77 -124.251 -355.244 494.558 -100.195 -356.425 494.907 -100.417 -359.999 498.119
  poly 26: -148.317 -352.982 498.614 -172.372 -351.801 498.265 -172.15 -348.227 495.053 -148.095 -349.408 495.402 -148.317 -352.982 498.614
  poly 27: -148.528 -357.637 497.42 -172.583 -356.456 497.071 -172.361 -352.882 493.86 -148.306 -354.063 494.209 -148.528 -357.637 497.42
  poly 28: -196.428 -350.62 497.916 -220.483 -349.439 497.566 -220.261 -345.865 494.355 -196.205 -347.046 494.704 -196.428 -350.62 497.916
  poly 29: -196.639 -355.275 496.722 -220.694 -354.094 496.373 -220.472 -350.52 493.161 -196.417 -351.701 493.51 -196.639 -355.275 496.722
  poly 30: -244.538 -348.258 497.217 -268.594 -347.077 496.868 -268.372 -343.503 493.657 -244.316 -344.684 494.006 -244.538 -348.258 497.217
  poly 31: -244.75 -352.913 496.024 -268.805 -351.732 495.675 -268.583 -348.158 492.463 -244.527 -349.339 492.812 -244.75 -352.913 496.024
  poly 32: -292.649 -345.896 496.519 -316.704 -344.715 496.17 -316.482 -341.141 492.958 -292.427 -342.322 493.307 -292.649 -345.896 496.519
  poly 33: -292.86 -350.551 495.326 -316.916 -349.37 494.976 -316.694 -345.796 491.765 -292.638 -346.977 492.114 -292.86 -350.551 495.326
  poly 34: -369.963 -312.793 469.116 -376.722 -305.992 463.217 -371.337 -305.992 463.058 -364.578 -312.793 468.958 -369.963 -312.793 469.116
  poly 35: -370.533 -312.793 463.759 -377.293 -305.992 457.86 -371.908 -305.992 457.701 -365.148 -312.793 463.6 -370.533 -312.793 463.759
  poly 36: -397 -285.588 445.518 -403.759 -278.786 439.618 -398.374 -278.786 439.459 -391.615 -285.588 445.359 -397 -285.588 445.518
  poly 37: -397.571 -285.588 440.16 -404.33 -278.786 434.261 -398.945 -278.786 434.102 -392.185 -285.588 440.001 -397.571 -285.588 440.16
  poly 38: 370.242 -279.487 417.402 361.631 -286.67 424.097 355.997 -286.67 424.263 364.608 -279.487 417.568 370.242 -279.487 417.402
  poly 39: 371.792 -279.487 411.982 363.181 -286.67 418.677 357.547 -286.67 418.844 366.158 -279.487 412.148 371.792 -279.487 411.982
  poly 40: 335.798 -308.218 444.183 327.187 -315.4 450.878 321.552 -315.4 451.044 330.163 -308.218 444.349 335.798 -308.218 444.183
  poly 41: 337.348 -308.218 438.763 328.737 -315.4 445.458 323.102 -315.4 445.624 331.713 -308.218 438.929 337.348 -308.218 438.763
  poly 42: 301.354 -336.948 470.964 292.742 -344.131 477.659 287.108 -344.131 477.825 295.719 -336.948 471.13 301.354 -336.948 470.964
  poly 43: 302.904 -336.948 465.544 294.292 -344.131 472.239 288.658 -344.131 472.405 297.269 -336.948 465.71 302.904 -336.948 465.544
  poly 44: 216.222 -358.333 492.653 203.811 -357.724 492.473 204.033 -354.149 489.261 216.444 -354.759 489.441 216.222 -358.333 492.653
  poly 45: 216.011 -362.988 491.459 203.6 -362.379 491.279 203.822 -358.804 488.068 216.233 -359.414 488.248 216.011 -362.988 491.459
  poly 46: 166.576 -355.895 491.932 154.165 -355.286 491.752 154.387 -351.712 488.54 166.798 -352.321 488.721 166.576 -355.895 491.932
  poly 47: 166.365 -360.55 490.739 153.954 -359.941 490.559 154.176 -356.367 487.347 166.587 -356.976 487.527 166.365 -360.55 490.739
  poly 48: 116.93 -353.458 491.212 104.519 -352.848 491.031 104.741 -349.274 487.82 117.153 -349.884 488 116.93 -353.458 491.212
  poly 49: 116.719 -358.113 490.018 104.308 -357.504 489.838 104.53 -353.929 486.626 116.941 -354.539 486.807 116.719 -358.113 490.018
  poly 50: 67.2845 -351.02 490.491 54.8731 -350.411 490.311 55.0952 -346.837 487.099 67.5066 -347.446 487.279 67.2845 -351.02 490.491
  poly 51: 67.0733 -355.675 489.298 54.6618 -355.066 489.117 54.8839 -351.492 485.906 67.2954 -352.101 486.086 67.0733 -355.675 489.298
  poly 52: 17.6386 -348.583 489.771 5.22717 -347.973 489.59 5.44927 -344.399 486.379 17.8607 -345.009 486.559 17.6386 -348.583 489.771
  poly 53: 17.4274 -353.238 488.577 5.01594 -352.628 488.397 5.23803 -349.054 485.185 17.6495 -349.664 485.365 17.4274 -353.238 488.577
  poly 54: -32.0072 -346.145 489.05 -44.4187 -345.536 488.87 -44.1966 -341.962 485.658 -31.7852 -342.571 485.838 -32.0072 -346.145 489.05
  poly 55: -32.2185 -350.8 487.857 -44.63 -350.191 487.676 -44.4079 -346.617 484.465 -31.9964 -347.226 484.645 -32.2185 -350.8 487.857
  poly 56: -81.6531 -343.708 488.329 -94.0646 -343.098 488.149 -93.8425 -339.524 484.938 -81.431 -340.134 485.118 -81.6531 -343.708 488.329
  poly 57: -81.8644 -348.363 487.136 -94.2758 -347.753 486.956 -94.0537 -344.179 483.744 -81.6423 -344.789 483.924 -81.8644 -348.363 487.136
  poly 58: -131.299 -341.27 487.609 -143.711 -340.661 487.429 -143.488 -337.087 484.217 -131.077 -337.696 484.397 -131.299 -341.27 487.609
  poly 59: -131.51 -345.925 486.415 -143.922 -345.316 486.235 -143.7 -341.742 483.024 -131.288 -342.351 483.204 -131.51 -345.925 486.415
  poly 60: -180.945 -338.833 486.888 -193.356 -338.223 486.708 -193.134 -334.649 483.497 -180.723 -335.259 483.677 -180.945 -338.833 486.888
  poly 61: -181.156 -343.488 485.695 -193.568 -342.878 485.515 -193.346 -339.304 482.303 -180.934 -339.914 482.483 -181.156 -343.488 485.695
  poly 62: -230.591 -336.395 486.168 -243.002 -335.786 485.988 -242.78 -332.212 482.776 -230.369 -332.821 482.956 -230.591 -336.395 486.168
  poly 63: -230.802 -341.05 484.974 -243.214 -340.441 484.794 -242.991 -336.867 481.583 -230.58 -337.476 481.763 -230.802 -341.05 484.974
  poly 64: -280.237 -333.958 485.447 -292.648 -333.348 485.267 -292.426 -329.774 482.055 -280.015 -330.384 482.236 -280.237 -333.958 485.447
  poly 65: -280.448 -338.613 484.254 -292.859 -338.003 484.074 -292.637 -334.429 480.862 -280.226 -335.039 481.042 -280.448 -338.613 484.254
  poly 66: 276.827 -373.856 504.784 287.449 -364.996 496.526 293.084 -364.996 496.359 420.196 -258.97 397.529 414.561 -258.97 397.695 421.593 -253.105 392.228 417.137 -245.901 385.9 -443.849 -245.901 411.312 -448.417 -252.815 417.647 -442.05 -259.222 423.204 -447.435 -259.222 423.363 -372.483 -334.642 488.784 -367.098 -334.642 488.625 -359.159 -342.63 495.554 -359.159 -342.63 495.554 -340.76 -343.534 495.821 -340.982 -347.108 499.032 260.402 -376.635 507.761 260.624 -373.061 504.549 276.827 -373.856 504.784 276.827 -373.856 504.784
  poly 67: 271.746 -374.687 500.305 283.365 -364.996 491.272 294.634 -364.996 490.939 421.746 -258.97 392.109 410.476 -258.97 392.442 416.631 -253.836 387.656 412.175 -246.633 381.328 -438.307 -246.633 406.43 -442.876 -253.547 412.765 -437.236 -259.222 417.688 -448.006 -259.222 418.006 -373.053 -334.642 483.427 -362.283 -334.642 483.109 -352.969 -344.015 491.238 -352.969 -344.015 491.238 -340.749 -344.614 491.416 -341.193 -351.763 497.839 260.191 -381.29 506.567 260.635 -374.141 500.144 271.746 -374.687 500.305 271.746 -374.687 500.305
element 57
  poly 0: 379.973 -275.896 395.085 362.751 -290.261 408.475 357.116 -290.261 408.642 374.338 -275.896 395.251 379.973 -275.896 395.085
  poly 1: 381.523 -275.896 389.665 364.301 -290.261 403.055 358.666 -290.261 403.222 375.888 -275.896 389.831 381.523 -275.896 389.665
  poly 2: 345.528 -304.626 421.866 328.306 -318.992 435.256 322.672 -318.992 435.422 339.894 -304.626 422.032 345.528 -304.626 421.866
  poly 3: 347.078 -304.626 416.446 329.856 -318.992 429.836 324.222 -318.992 430.003 341.444 -304.626 416.612 347.078 -304.626 416.446
  poly 4: 311.084 -333.357 448.647 293.862 -347.722 462.037 288.227 -347.722 462.203 305.449 -333.357 448.813 311.084 -333.357 448.647
  poly 5: 312.634 -333.357 443.227 295.412 -347.722 456.617 289.777 -347.722 456.784 306.999 -333.357 443.393 312.634 -333.357 443.227
  poly 6: -368.58 -316.194 453.316 -382.099 -302.591 441.517 -376.713 -302.591 441.358 -363.195 -316.194 453.157 -368.58 -316.194 453.316
  poly 7: -369.151 -316.194 447.959 -382.669 -302.591 436.159 -377.284 -302.591 436 -363.765 -316.194 447.8 -369.151 -316.194 447.959
  poly 8: -395.617 -288.988 429.717 -409.136 -275.385 417.918 -403.751 -275.385 417.759 -390.232 -288.988 429.558 -395.617 -288.988 429.717
  poly 9: -396.188 -288.988 424.36 -409.706 -275.385 412.561 -404.321 -275.385 412.402 -390.803 -288.988 424.201 -396.188 -288.988 424.36
  poly 10: 221.689 -374.93 488.566 196.866 -373.711 488.206 197.088 -370.137 484.994 221.911 -371.356 485.354 221.689 -374.93 488.566
  poly 11: 221.477 -379.585 487.372 196.654 -378.366 487.012 196.877 -374.792 483.8 221.699 -376.011 484.161 221.477 -379.585 487.372
  poly 12: 172.043 -372.493 487.845 147.22 -371.274 487.485 147.442 -367.7 484.273 172.265 -368.919 484.634 172.043 -372.493 487.845
  poly 13: 171.832 -377.148 486.652 147.009 -375.929 486.292 147.231 -372.355 483.08 172.054 -373.574 483.44 171.832 -377.148 486.652
  poly 14: 122.397 -370.055 487.125 97.5739 -368.836 486.764 97.796 -365.262 483.553 122.619 -366.481 483.913 122.397 -370.055 487.125
  poly 15: 122.186 -374.71 485.931 97.3627 -373.491 485.571 97.5848 -369.917 482.359 122.408 -371.136 482.72 122.186 -374.71 485.931
  poly 16: 72.751 -367.618 486.404 47.928 -366.399 486.044 48.1501 -362.825 482.832 72.9731 -364.043 483.192 72.751 -367.618 486.404
  poly 17: 72.5397 -372.273 485.211 47.7168 -371.054 484.85 47.9389 -367.48 481.639 72.7618 -368.699 481.999 72.5397 -372.273 485.211
  poly 18: 23.1051 -365.18 485.684 -1.71788 -363.961 485.323 -1.49578 -360.387 482.112 23.3272 -361.606 482.472 23.1051 -365.18 485.684
  poly 19: 22.8938 -369.835 484.49 -1.92911 -368.616 484.13 -1.70701 -365.042 480.918 23.1159 -366.261 481.279 22.8938 -369.835 484.49
  poly 20: -26.5408 -362.743 484.963 -51.3638 -361.524 484.603 -51.1417 -357.95 481.391 -26.3187 -359.168 481.751 -26.5408 -362.743 484.963
  poly 21: -26.7521 -367.398 483.77 -51.575 -366.179 483.409 -51.3529 -362.605 480.198 -26.53 -363.823 480.558 -26.7521 -367.398 483.77
  poly 22: -76.1867 -360.305 484.242 -101.01 -359.086 483.882 -100.788 -355.512 480.671 -75.9646 -356.731 481.031 -76.1867 -360.305 484.242
  poly 23: -76.3979 -364.96 483.049 -101.221 -363.741 482.689 -100.999 -360.167 479.477 -76.1759 -361.386 479.837 -76.3979 -364.96 483.049
  poly 24: -125.833 -357.867 483.522 -150.656 -356.649 483.162 -150.433 -353.075 479.95 -125.611 -354.293 480.31 -125.833 -357.867 483.522
  poly 25: -126.044 -362.522 482.328 -150.867 -361.304 481.968 -150.645 -357.73 478.757 -125.822 -358.948 479.117 -126.044 -362.522 482.328
  poly 26: -175.478 -355.43 482.801 -200.301 -354.211 482.441 -200.079 -350.637 479.229 -175.256 -351.856 479.59 -175.478 -355.43 482.801
  poly 27: -175.69 -360.085 481.608 -200.513 -358.866 481.248 -200.291 -355.292 478.036 -175.468 -356.511 478.396 -175.69 -360.085 481.608
  poly 28: -225.124 -352.992 482.081 -249.947 -351.774 481.72 -249.725 -348.2 478.509 -224.902 -349.418 478.869 -225.124 -352.992 482.081
  poly 29: -225.336 -357.647 480.887 -250.159 -356.429 480.527 -249.936 -352.855 477.315 -225.114 -354.073 477.676 -225.336 -357.647 480.887
  poly 30: -274.77 -350.555 481.36 -299.593 -349.336 481 -299.371 -345.762 477.788 -274.548 -346.981 478.149 -274.77 -350.555 481.36
  poly 31: -274.982 -355.21 480.167 -299.804 -353.991 479.807 -299.582 -350.417 476.595 -274.759 -351.636 476.955 -274.982 -355.21 480.167
  poly 32: 259.044 -376.764 489.108 276.64 -362.088 475.427 282.274 -362.088 475.261 290.67 -362.088 475.013 411.225 -261.53 381.28 402.83 -261.53 381.528 397.195 -261.53 381.694 404.227 -255.665 376.227 399.771 -248.462 369.899 -424.453 -248.462 394.226 -429.022 -255.376 400.561 -422.654 -261.783 406.118 -428.04 -261.783 406.277 -436.063 -261.783 406.514 -368.471 -329.797 465.511 -360.447 -329.797 465.274 -355.061 -329.797 465.115 -337.493 -347.475 480.45 -337.493 -347.475 480.45 -324.416 -348.117 480.64 -324.638 -351.691 483.851 -324.969 -357.017 488.637 -300.148 -358.271 489.029 -300.148 -358.271 489.029 -300.371 -361.845 492.241 -297.434 -364.678 494.694 -278.817 -365.592 494.965 -275.548 -363.064 492.601 -275.326 -359.49 489.389 -275.326 -359.49 489.389 -250.503 -360.709 489.75 -250.503 -360.709 489.75 -250.725 -364.283 492.961 -247.788 -367.116 495.415 -229.171 -368.03 495.685 -225.902 -365.502 493.321 -225.68 -361.928 490.11 -225.68 -361.928 490.11 -200.857 -363.146 490.47 -200.857 -363.146 490.47 -201.079 -366.721 493.682 -198.142 -369.553 496.136 -179.525 -370.468 496.406 -176.256 -367.939 494.042 -176.034 -364.365 490.83 -176.034 -364.365 490.83 -151.211 -365.584 491.191 -151.211 -365.584 491.191 -151.433 -369.158 494.402 -148.497 -371.991 496.856 -129.879 -372.905 497.126 -126.61 -370.377 494.763 -126.388 -366.803 491.551 -126.388 -366.803 491.551 -101.565 -368.021 491.911 -101.565 -368.021 491.911 -101.787 -371.596 495.123 -98.8507 -374.429 497.577 -80.2335 -375.343 497.847 -76.9641 -372.814 495.483 -76.742 -369.24 492.272 -76.742 -369.24 492.272 -51.919 -370.459 492.632 -51.919 -370.459 492.632 -52.1411 -374.033 495.843 -49.2048 -376.866 498.297 -30.5876 -377.78 498.567 -27.3182 -375.252 496.204 -27.0961 -371.678 492.992 -27.0961 -371.678 492.992 -2.27312 -372.897 493.352 -2.27312 -372.897 493.352 -2.49521 -376.471 496.564 0.441082 -379.304 499.018 19.0583 -380.218 499.288 22.3277 -377.689 496.924 22.5498 -374.115 493.713 22.5498 -374.115 493.713 47.3728 -375.334 494.073 47.3728 -375.334 494.073 47.1507 -378.908 497.285 50.087 -381.741 499.738 68.7042 -382.655 500.009 71.9736 -380.127 497.645 72.1957 -376.553 494.433 72.1957 -376.553 494.433 97.0187 -377.772 494.793 97.0187 -377.772 494.793 96.7966 -381.346 498.005 99.7329 -384.179 500.459 118.35 -385.093 500.729 121.62 -382.564 498.365 121.842 -378.99 495.154 121.842 -378.99 495.154 146.665 -380.209 495.514 146.665 -380.209 495.514 146.442 -383.783 498.726 149.379 -386.616 501.179 167.996 -387.53 501.45 171.265 -385.002 499.086 171.488 -381.428 495.874 171.488 -381.428 495.874 196.31 -382.647 496.235 196.31 -382.647 496.235 196.088 -386.221 499.446 199.025 -389.054 501.9 217.642 -389.968 502.17 220.911 -387.44 499.807 221.133 -383.865 496.595 221.133 -383.865 496.595 245.959 -385.048 496.923 246.289 -379.723 492.138 246.512 -376.149 488.926 259.044 -376.764 489.108 259.044 -376.764 489.108
  poly 33: 253.964 -377.595 484.629 272.555 -362.088 470.174 283.824 -362.088 469.841 292.276 -362.088 469.592 412.832 -261.53 375.859 404.38 -261.53 376.108 393.11 -261.53 376.441 399.265 -256.397 371.655 394.809 -249.193 365.327 -418.911 -249.193 389.344 -423.48 -256.107 395.679 -417.84 -261.783 400.602 -428.61 -261.783 400.92 -436.688 -261.783 401.159 -369.095 -329.797 460.156 -361.017 -329.797 459.917 -350.247 -329.797 459.599 -331.302 -348.86 476.135 -331.302 -348.86 476.135 -324.405 -349.198 476.235 -324.849 -356.346 482.658 -325.183 -361.708 487.475 -300.36 -362.926 487.836 -300.36 -362.926 487.836 -300.582 -366.5 491.047 -297.645 -369.333 493.501 -279.028 -370.247 493.771 -275.759 -367.719 491.408 -275.537 -364.145 488.196 -275.537 -364.145 488.196 -250.714 -365.364 488.556 -250.714 -365.364 488.556 -250.936 -368.938 491.768 -248 -371.771 494.222 -229.382 -372.685 494.492 -226.113 -370.157 492.128 -225.891 -366.583 488.916 -225.891 -366.583 488.916 -201.068 -367.801 489.277 -201.068 -367.801 489.277 -201.29 -371.376 492.488 -198.354 -374.208 494.942 -179.737 -375.123 495.212 -176.467 -372.594 492.849 -176.245 -369.02 489.637 -176.245 -369.02 489.637 -151.422 -370.239 489.997 -151.422 -370.239 489.997 -151.644 -373.813 493.209 -148.708 -376.646 495.663 -130.091 -377.56 495.933 -126.821 -375.032 493.569 -126.599 -371.458 490.358 -126.599 -371.458 490.358 -101.776 -372.677 490.718 -101.776 -372.677 490.718 -101.998 -376.251 493.929 -99.0619 -379.084 496.383 -80.4447 -379.998 496.653 -77.1753 -377.469 494.29 -76.9532 -373.895 491.078 -76.9532 -373.895 491.078 -52.1302 -375.114 491.438 -52.1302 -375.114 491.438 -52.3523 -378.688 494.65 -49.416 -381.521 497.104 -30.7988 -382.435 497.374 -27.5294 -379.907 495.01 -27.3073 -376.333 491.799 -27.3073 -376.333 491.799 -2.48435 -377.552 492.159 -2.48435 -377.552 492.159 -2.70645 -381.126 495.371 0.22985 -383.959 497.824 18.8471 -384.873 498.095 22.1165 -382.344 495.731 22.3386 -378.77 492.519 22.3386 -378.77 492.519 47.1615 -379.989 492.879 47.1615 -379.989 492.879 46.9394 -383.563 496.091 49.8757 -386.396 498.545 68.4929 -387.31 498.815 71.7624 -384.782 496.451 71.9845 -381.208 493.24 71.9845 -381.208 493.24 96.8074 -382.427 493.6 96.8074 -382.427 493.6 96.5853 -386.001 496.812 99.5216 -388.834 499.265 118.139 -389.748 499.536 121.408 -387.22 497.172 121.63 -383.645 493.96 121.63 -383.645 493.96 146.453 -384.864 494.321 146.453 -384.864 494.321 146.231 -388.438 497.532 149.168 -391.271 499.986 167.785 -392.185 500.256 171.054 -389.657 497.893 171.276 -386.083 494.681 171.276 -386.083 494.681 196.099 -387.302 495.041 196.099 -387.302 495.041 195.877 -390.876 498.253 198.813 -393.709 500.707 217.431 -394.623 500.977 220.7 -392.095 498.613 220.922 -388.52 495.401 220.922 -388.52 495.401 245.745 -389.739 495.762 246.078 -384.378 490.944 246.522 -377.23 484.521 253.964 -377.595 484.629 253.964 -377.595 484.629
element 58
  poly 0: 380.106 -404.604 43.4155 374.262 -403.369 67.8755 377.429 -399.795 68.4519 383.273 -401.03 43.9919 380.106 -404.604 43.4155
  poly 1: 379.001 -399.949 42.9167 373.157 -398.714 67.3767 376.324 -395.14 67.953 382.169 -396.375 43.493 379.001 -399.949 42.9167
  poly 2: 368.418 -402.135 92.3355 362.573 -400.9 116.796 365.741 -397.326 117.372 371.585 -398.56 92.9119 368.418 -402.135 92.3355
  poly 3: 367.313 -397.479 91.8367 361.469 -396.245 116.297 364.636 -392.671 116.873 370.48 -393.905 92.413 367.313 -397.479 91.8367
  poly 4: 356.729 -399.665 141.256 350.885 -398.431 165.716 354.052 -394.857 166.292 359.896 -396.091 141.832 356.729 -399.665 141.256
  poly 5: 355.625 -395.01 140.757 349.78 -393.776 165.217 352.948 -390.202 165.793 358.792 -391.436 141.333 355.625 -395.01 140.757
  poly 6: 345.041 -397.196 190.176 339.197 -395.961 214.636 342.364 -392.387 215.212 348.208 -393.622 190.752 345.041 -397.196 190.176
  poly 7: 343.936 -392.541 189.677 338.092 -391.306 214.137 341.259 -387.732 214.713 347.104 -388.967 190.253 343.936 -392.541 189.677
  poly 8: 333.353 -394.727 239.096 327.508 -393.492 263.556 330.676 -389.918 264.132 336.52 -391.153 239.672 333.353 -394.727 239.096
  poly 9: 332.248 -390.072 238.597 326.404 -388.837 263.057 329.571 -385.263 263.633 335.415 -386.498 239.173 332.248 -390.072 238.597
  poly 10: 321.664 -392.258 288.016 315.82 -391.023 312.476 318.987 -387.449 313.052 324.832 -388.683 288.592 321.664 -392.258 288.016
  poly 11: 320.56 -387.603 287.517 314.715 -386.368 311.977 317.883 -382.794 312.553 323.727 -384.028 288.093 320.56 -387.603 287.517
  poly 12: 309.976 -389.788 336.936 304.132 -388.554 361.396 307.299 -384.98 361.972 313.143 -386.214 337.512 309.976 -389.788 336.936
  poly 13: 308.871 -385.133 336.437 303.027 -383.899 360.897 306.194 -380.325 361.473 312.039 -381.559 337.013 308.871 -385.133 336.437
  poly 14: 298.288 -387.319 385.856 292.443 -386.084 410.316 295.611 -382.51 410.892 301.455 -383.745 386.432 298.288 -387.319 385.856
  poly 15: 297.183 -382.664 385.357 291.339 -381.429 409.817 294.506 -377.855 410.393 300.35 -379.09 385.933 297.183 -382.664 385.357
  poly 16: 286.599 -384.85 434.776 280.755 -383.615 459.236 283.922 -380.041 459.812 289.767 -381.276 435.352 286.599 -384.85 434.776
  poly 17: 285.495 -380.195 434.277 279.65 -378.96 458.737 282.818 -375.386 459.313 288.662 -376.621 434.853 285.495 -380.195 434.277
  poly 18: 391.567 -402.782 9.27972 534.757 -249.193 9.27972 426.282 -249.193 388.582 426.282 -249.193 388.582 414.561 -258.97 397.695 416.111 -258.97 392.275 397.952 -274.117 406.394 396.015 -274.117 413.169 392.582 -276.01 418.998 378.963 -287.37 429.587 377.856 -289.263 427.287 379.793 -289.263 420.513 361.635 -304.41 434.631 359.697 -304.41 441.406 356.265 -306.303 447.236 342.646 -317.663 457.825 341.538 -319.556 455.525 343.476 -319.556 448.75 325.317 -334.703 462.868 323.379 -334.703 469.643 319.947 -336.596 475.473 306.328 -347.956 486.062 305.221 -349.849 483.762 307.158 -349.849 476.987 288.999 -364.996 491.106 287.449 -364.996 496.526 280.358 -370.911 502.039 275.165 -378.191 496.463 278.078 -378.807 484.272 271.744 -385.955 483.119 266.993 -391.316 482.255 272.837 -392.55 457.795 272.837 -392.55 457.795 269.67 -396.125 457.218 268.025 -398.959 453.729 272.408 -399.885 435.384 275.514 -397.359 432.758 278.681 -393.785 433.335 278.681 -393.785 433.335 284.525 -395.02 408.875 284.525 -395.02 408.875 281.358 -398.594 408.298 279.713 -401.429 404.809 284.096 -402.355 386.464 287.202 -399.828 383.838 290.369 -396.254 384.415 290.369 -396.254 384.415 296.213 -397.489 359.955 296.213 -397.489 359.955 293.046 -401.063 359.378 291.401 -403.898 355.889 295.784 -404.824 337.544 298.89 -402.298 334.918 302.058 -398.724 335.495 302.058 -398.724 335.495 307.902 -399.958 311.035 307.902 -399.958 311.035 304.735 -403.532 310.458 303.09 -406.367 306.969 307.473 -407.293 288.624 310.579 -404.767 285.998 313.746 -401.193 286.575 313.746 -401.193 286.575 319.59 -402.427 262.115 319.59 -402.427 262.115 316.423 -406.002 261.538 314.778 -408.836 258.049 319.161 -409.762 239.704 322.267 -407.236 237.078 325.434 -403.662 237.655 325.434 -403.662 237.655 331.278 -404.897 213.195 331.278 -404.897 213.195 328.111 -408.471 212.618 326.466 -411.306 209.129 330.849 -412.232 190.784 333.955 -409.705 188.158 337.123 -406.131 188.735 337.123 -406.131 188.735 342.967 -407.366 164.275 342.967 -407.366 164.275 339.8 -410.94 163.698 338.155 -413.775 160.209 342.538 -414.701 141.864 345.644 -412.175 139.238 348.811 -408.601 139.815 348.811 -408.601 139.815 354.655 -409.835 115.355 354.655 -409.835 115.355 351.488 -413.409 114.778 349.843 -416.244 111.289 354.226 -417.17 92.9436 357.332 -414.644 90.3183 360.499 -411.07 90.8947 360.499 -411.07 90.8947 366.343 -412.304 66.4347 366.343 -412.304 66.4347 363.176 -415.878 65.8583 361.531 -418.713 62.3685 365.914 -419.639 44.0235 369.02 -417.113 41.3983 372.188 -413.539 41.9747 372.188 -413.539 41.9747 378.032 -414.774 17.5146 382.783 -409.412 18.3792 389.117 -402.264 19.5319 391.567 -402.782 9.27972
  poly 19: 387.038 -401.647 9.27972 529.852 -248.462 9.27972 423.074 -248.462 382.646 423.074 -248.462 382.646 410.476 -258.97 392.442 410.492 -258.97 392.387 392.317 -274.117 406.56 390.38 -274.117 413.335 386.948 -276.01 419.165 373.329 -287.37 429.754 372.221 -289.263 427.454 374.159 -289.263 420.679 356 -304.41 434.797 354.062 -304.41 441.572 350.63 -306.303 447.402 337.011 -317.663 457.991 335.904 -319.556 455.691 337.841 -319.556 448.916 319.682 -334.703 463.035 317.745 -334.703 469.81 314.312 -336.596 475.639 300.693 -347.956 486.228 299.586 -349.849 483.928 301.524 -349.849 477.153 283.38 -364.996 491.218 283.365 -364.996 491.272 277.269 -370.08 496.011 272.077 -377.36 490.435 273.806 -377.726 483.197 270.639 -381.3 482.621 265.92 -386.625 481.762 271.732 -387.895 457.296 271.732 -387.895 457.296 268.565 -391.47 456.72 266.92 -394.304 453.23 271.303 -395.23 434.885 274.409 -392.704 432.26 277.576 -389.13 432.836 277.576 -389.13 432.836 283.421 -390.365 408.376 283.421 -390.365 408.376 280.253 -393.939 407.8 278.608 -396.774 404.31 282.991 -397.7 385.965 286.097 -395.173 383.34 289.265 -391.599 383.916 289.265 -391.599 383.916 295.109 -392.834 359.456 295.109 -392.834 359.456 291.942 -396.408 358.88 290.297 -399.243 355.39 294.68 -400.169 337.045 297.786 -397.643 334.42 300.953 -394.069 334.996 300.953 -394.069 334.996 306.797 -395.303 310.536 306.797 -395.303 310.536 303.63 -398.877 309.96 301.985 -401.712 306.47 306.368 -402.638 288.125 309.474 -400.112 285.5 312.641 -396.538 286.076 312.641 -396.538 286.076 318.486 -397.772 261.616 318.486 -397.772 261.616 315.318 -401.347 261.04 313.673 -404.181 257.55 318.056 -405.107 239.205 321.162 -402.581 236.58 324.33 -399.007 237.156 324.33 -399.007 237.156 330.174 -400.242 212.696 330.174 -400.242 212.696 327.007 -403.816 212.12 325.362 -406.651 208.63 329.745 -407.577 190.285 332.851 -405.05 187.659 336.018 -401.476 188.236 336.018 -401.476 188.236 341.862 -402.711 163.776 341.862 -402.711 163.776 338.695 -406.285 163.199 337.05 -409.12 159.71 341.433 -410.046 141.365 344.539 -407.52 138.739 347.706 -403.946 139.316 347.706 -403.946 139.316 353.551 -405.18 114.856 353.551 -405.18 114.856 350.383 -408.754 114.279 348.738 -411.589 110.79 353.121 -412.515 92.4447 356.227 -409.989 89.8195 359.395 -406.415 90.3958 359.395 -406.415 90.3958 365.239 -407.649 65.9358 365.239 -407.649 65.9358 362.072 -411.223 65.3594 360.427 -414.058 61.8697 364.81 -414.984 43.5247 367.916 -412.458 40.8994 371.083 -408.884 41.4758 371.083 -408.884 41.4758 376.959 -410.083 17.0215 381.678 -404.757 17.8803 384.845 -401.183 18.4566 387.038 -401.647 9.27972
element 59
  poly 0: 364.521 -400.687 42.3051 358.942 -399.508 65.6547 362.109 -395.934 66.231 367.688 -397.113 42.8814 364.521 -400.687 42.3051
  poly 1: 363.416 -396.032 41.8062 357.837 -394.853 65.1558 361.004 -391.279 65.7322 366.583 -392.458 42.3826 363.416 -396.032 41.8062
  poly 2: 353.363 -398.329 89.0043 347.784 -397.151 112.354 350.951 -393.577 112.93 356.53 -394.755 89.5806 353.363 -398.329 89.0043
  poly 3: 352.258 -393.674 88.5054 346.679 -392.496 111.855 349.847 -388.922 112.431 355.426 -390.1 89.0817 352.258 -393.674 88.5054
  poly 4: 342.205 -395.972 135.703 336.626 -394.794 159.053 339.794 -391.22 159.629 345.372 -392.398 136.28 342.205 -395.972 135.703
  poly 5: 341.101 -391.317 135.205 335.522 -390.139 158.554 338.689 -386.565 159.13 344.268 -387.743 135.781 341.101 -391.317 135.205
  poly 6: 331.047 -393.615 182.403 325.469 -392.437 205.752 328.636 -388.863 206.329 334.215 -390.041 182.979 331.047 -393.615 182.403
  poly 7: 329.943 -388.96 181.904 324.364 -387.782 205.253 327.531 -384.208 205.83 333.11 -385.386 182.48 329.943 -388.96 181.904
  poly 8: 319.89 -391.258 229.102 314.311 -390.079 252.451 317.478 -386.505 253.028 323.057 -387.684 229.678 319.89 -391.258 229.102
  poly 9: 318.785 -386.603 228.603 313.206 -385.424 251.952 316.374 -381.85 252.529 321.952 -383.029 229.179 318.785 -386.603 228.603
  poly 10: 308.732 -388.901 275.801 303.153 -387.722 299.151 306.32 -384.148 299.727 311.899 -385.327 276.377 308.732 -388.901 275.801
  poly 11: 307.627 -384.246 275.302 302.049 -383.067 298.652 305.216 -379.493 299.228 310.795 -380.672 275.878 307.627 -384.246 275.302
  poly 12: 297.574 -386.544 322.5 291.995 -385.365 345.85 295.163 -381.791 346.426 300.742 -382.97 323.076 297.574 -386.544 322.5
  poly 13: 296.47 -381.889 322.001 290.891 -380.71 345.351 294.058 -377.136 345.927 299.637 -378.315 322.578 296.47 -381.889 322.001
  poly 14: 286.417 -384.187 369.199 280.838 -383.008 392.549 284.005 -379.434 393.125 289.584 -380.613 369.776 286.417 -384.187 369.199
  poly 15: 285.312 -379.532 368.7 279.733 -378.353 392.05 282.901 -374.779 392.626 288.479 -375.958 369.277 285.312 -379.532 368.7
  poly 16: 275.259 -381.83 415.898 269.68 -380.651 439.248 272.847 -377.077 439.824 278.426 -378.255 416.475 275.259 -381.83 415.898
  poly 17: 274.154 -377.174 415.4 268.576 -375.996 438.749 271.743 -372.422 439.325 277.322 -373.6 415.976 274.154 -377.174 415.4
  poly 18: 374.779 -388.003 47.7845 371.857 -387.385 60.0145 375.024 -383.811 60.5908 377.946 -384.428 48.3608 374.779 -388.003 47.7845
  poly 19: 373.674 -383.348 47.2856 370.752 -382.73 59.5156 373.92 -379.156 60.092 376.842 -379.773 47.862 373.674 -383.348 47.2856
  poly 20: 363.091 -385.533 96.7045 360.168 -384.916 108.935 363.336 -381.342 109.511 366.258 -381.959 97.2809 363.091 -385.533 96.7045
  poly 21: 361.986 -380.878 96.2056 359.064 -380.261 108.436 362.231 -376.687 109.012 365.153 -377.304 96.782 361.986 -380.878 96.2056
  poly 22: 351.402 -383.064 145.625 348.48 -382.447 157.855 351.647 -378.873 158.431 354.57 -379.49 146.201 351.402 -383.064 145.625
  poly 23: 350.298 -378.409 145.126 347.376 -377.792 157.356 350.543 -374.218 157.932 353.465 -374.835 145.702 350.298 -378.409 145.126
  poly 24: 339.714 -380.595 194.545 336.792 -379.978 206.775 339.959 -376.403 207.351 342.881 -377.021 195.121 339.714 -380.595 194.545
  poly 25: 338.609 -375.94 194.046 335.687 -375.322 206.276 338.855 -371.748 206.852 341.777 -372.366 194.622 338.609 -375.94 194.046
  poly 26: 328.026 -378.126 243.465 325.103 -377.508 255.695 328.271 -373.934 256.271 331.193 -374.551 244.041 328.026 -378.126 243.465
  poly 27: 326.921 -373.471 242.966 323.999 -372.853 255.196 327.166 -369.279 255.772 330.088 -369.896 243.542 326.921 -373.471 242.966
  poly 28: 316.337 -375.656 292.385 313.415 -375.039 304.615 316.582 -371.465 305.191 319.505 -372.082 292.961 316.337 -375.656 292.385
  poly 29: 315.233 -371.001 291.886 312.311 -370.384 304.116 315.478 -366.81 304.692 318.4 -367.427 292.462 315.233 -371.001 291.886
  poly 30: 304.649 -373.187 341.305 301.727 -372.57 353.535 304.894 -368.996 354.111 307.816 -369.613 341.881 304.649 -373.187 341.305
  poly 31: 303.544 -368.532 340.806 300.622 -367.915 353.036 303.79 -364.341 353.612 306.712 -364.958 341.382 303.544 -368.532 340.806
  poly 32: 292.961 -370.718 390.225 290.038 -370.101 402.455 293.206 -366.526 403.031 296.128 -367.144 390.801 292.961 -370.718 390.225
  poly 33: 291.856 -366.063 389.726 288.934 -365.446 401.956 292.101 -361.871 402.532 295.023 -362.489 390.302 291.856 -366.063 389.726
  poly 34: 281.272 -368.249 439.145 278.35 -367.631 451.375 281.517 -364.057 451.951 284.44 -364.675 439.721 281.272 -368.249 439.145
  poly 35: 280.168 -363.594 438.646 277.246 -362.976 450.876 280.413 -359.402 451.452 283.335 -360.019 439.222 280.168 -363.594 438.646
  poly 36: 375.716 -398.809 9.27972 517.589 -246.633 9.27972 415.055 -246.633 367.808 415.055 -246.633 367.808 397.195 -261.53 381.694 398.745 -261.53 376.275 381.523 -275.896 389.665 379.973 -275.896 395.085 375.667 -276.255 408.969 371.792 -279.487 411.982 370.242 -279.487 417.402 368.003 -280.385 422.304 361.545 -285.772 427.325 361.631 -286.67 424.097 363.181 -286.67 418.677 359.306 -289.902 421.69 362.751 -290.261 408.475 364.301 -290.261 403.055 347.078 -304.626 416.446 345.528 -304.626 421.866 341.223 -304.986 435.75 337.348 -308.218 438.763 335.798 -308.218 444.183 333.559 -309.116 449.084 327.101 -314.503 454.106 327.187 -315.4 450.878 328.737 -315.4 445.458 324.862 -318.633 448.471 328.306 -318.992 435.256 329.856 -318.992 429.836 312.634 -333.357 443.227 311.084 -333.357 448.647 306.779 -333.716 462.531 302.904 -336.948 465.544 301.354 -336.948 470.964 299.115 -337.846 475.865 292.656 -343.233 480.887 292.742 -344.131 477.659 294.292 -344.131 472.239 290.417 -347.363 475.252 293.862 -347.722 462.037 295.412 -347.722 456.617 278.19 -362.088 470.008 276.64 -362.088 475.427 269.548 -368.003 480.941 264.356 -375.283 475.365 267.269 -375.898 463.174 260.934 -383.046 462.021 366.932 -405.439 18.3792 373.267 -398.291 19.5319 375.716 -398.809 9.27972
  poly 37: 371.188 -397.673 9.27972 512.684 -245.901 9.27972 411.848 -245.901 361.872 411.848 -245.901 361.872 393.11 -261.53 376.441 393.126 -261.53 376.387 375.888 -275.896 389.831 374.338 -275.896 395.251 370.033 -276.255 409.135 366.158 -279.487 412.148 364.608 -279.487 417.568 362.369 -280.385 422.47 355.91 -285.772 427.491 355.997 -286.67 424.263 357.547 -286.67 418.844 353.672 -289.902 421.856 357.116 -290.261 408.642 358.666 -290.261 403.222 341.444 -304.626 416.612 339.894 -304.626 422.032 335.588 -304.986 435.916 331.713 -308.218 438.929 330.163 -308.218 444.349 327.924 -309.116 449.251 321.466 -314.503 454.272 321.552 -315.4 451.044 323.102 -315.4 445.624 319.227 -318.633 448.637 322.672 -318.992 435.422 324.222 -318.992 430.003 306.999 -333.357 443.393 305.449 -333.357 448.813 301.144 -333.716 462.697 297.269 -336.948 465.71 295.719 -336.948 471.13 293.48 -337.846 476.032 287.022 -343.233 481.053 287.108 -344.131 477.825 288.658 -344.131 472.405 284.783 -347.363 475.418 288.227 -347.722 462.203 289.777 -347.722 456.784 272.571 -362.088 470.12 272.555 -362.088 470.174 266.46 -367.172 474.913 261.267 -374.452 469.337 262.997 -374.817 462.099 259.829 -378.391 461.522 365.828 -400.784 17.8803 368.995 -397.21 18.4566 371.188 -397.673 9.27972
element 60
  poly 0: -427.334 -324.447 9.27972 -466.378 -475.509 9.27972 -392.3 -475.509 460.754 -392.3 -475.509 460.754 -386.045 -454.775 466.213 -386.725 -454.775 462.065 -377.467 -424.084 470.146 -376.616 -424.084 475.331 -374.948 -420.248 479.452 -368.005 -397.229 485.513 -367.358 -393.393 483.412 -368.208 -393.393 478.227 -358.95 -362.702 486.309 -358.269 -362.702 490.456 -355.655 -354.036 492.738 -354.879 -348.232 488.326 -356.775 -347.61 475.792 -356.787 -347.657 475.791 -360.407 -346.418 451.774 -359.196 -341.763 451.822 -356.26 -330.095 451.342 -357.077 -329.827 445.938 -355.866 -325.172 445.986 -355.185 -321.606 444.521 -356.547 -321.159 435.514 -357.682 -324.576 433.977 -358.893 -329.231 433.929 -359.71 -328.962 428.525 -362.829 -340.57 427.805 -364.04 -345.225 427.757 -367.673 -344.033 403.739 -366.461 -339.378 403.787 -363.525 -327.71 403.307 -364.342 -327.442 397.903 -363.131 -322.787 397.951 -362.45 -319.221 396.486 -363.812 -318.774 387.479 -364.947 -322.191 385.942 -366.158 -326.846 385.894 -366.976 -326.577 380.49 -370.094 -338.185 379.77 -371.305 -342.84 379.722 -374.938 -341.648 355.704 -373.727 -336.993 355.752 -370.79 -325.325 355.272 -371.607 -325.057 349.868 -370.396 -320.402 349.916 -369.715 -316.836 348.45 -371.077 -316.389 339.444 -372.213 -319.806 337.907 -373.424 -324.461 337.859 -374.241 -324.192 332.455 -377.359 -335.8 331.735 -378.57 -340.455 331.687 -382.203 -339.263 307.669 -380.992 -334.608 307.717 -378.055 -322.94 307.236 -378.872 -322.672 301.832 -377.661 -318.017 301.88 -376.98 -314.451 300.415 -378.342 -314.004 291.409 -379.478 -317.421 289.872 -380.689 -322.076 289.824 -381.506 -321.807 284.42 -384.624 -333.415 283.699 -385.836 -338.07 283.651 -389.468 -336.878 259.634 -388.257 -332.223 259.682 -385.32 -320.555 259.201 -386.138 -320.287 253.797 -384.927 -315.632 253.845 -384.245 -312.066 252.38 -385.608 -311.619 243.374 -386.743 -315.036 241.837 -387.954 -319.691 241.789 -388.771 -319.422 236.385 -391.89 -331.03 235.664 -393.101 -335.685 235.616 -396.733 -334.493 211.599 -395.522 -329.838 211.647 -392.586 -318.17 211.166 -393.403 -317.902 205.762 -392.192 -313.247 205.81 -391.511 -309.681 204.345 -392.873 -309.234 195.339 -394.008 -312.651 193.802 -395.219 -317.306 193.754 -396.036 -317.037 188.35 -399.155 -328.645 187.629 -400.366 -333.3 187.581 -403.999 -332.108 163.564 -402.787 -327.453 163.612 -399.851 -315.785 163.131 -400.668 -315.517 157.727 -399.457 -310.862 157.775 -398.776 -307.296 156.31 -400.138 -306.849 147.304 -401.273 -310.266 145.766 -402.484 -314.921 145.718 -403.302 -314.652 140.315 -406.42 -326.26 139.594 -407.631 -330.915 139.546 -411.264 -329.723 115.529 -410.053 -325.067 115.577 -407.116 -313.4 115.096 -407.933 -313.132 109.692 -406.722 -308.477 109.74 -406.041 -304.911 108.275 -407.403 -304.464 99.2684 -408.539 -307.881 97.7313 -409.75 -312.536 97.6834 -410.567 -312.267 92.2794 -413.685 -323.875 91.5591 -414.896 -328.53 91.5111 -418.529 -327.337 67.4936 -417.318 -322.682 67.5415 -414.381 -311.015 67.061 -415.198 -310.747 61.6571 -413.987 -306.092 61.705 -413.306 -302.526 60.2399 -414.668 -302.079 51.2333 -415.804 -305.496 49.6963 -417.015 -310.151 49.6483 -417.832 -309.882 44.2444 -420.95 -321.49 43.524 -422.162 -326.145 43.476 -425.806 -324.999 19.458 -425.794 -324.952 19.4585 -427.334 -324.447 9.27972
  poly 1: -422.879 -323.396 9.27972 -461.854 -474.193 9.27972 -388.381 -474.193 457.066 -388.381 -474.193 457.066 -382.524 -454.775 462.179 -382.53 -454.775 462.137 -373.265 -424.084 470.26 -372.414 -424.084 475.445 -370.747 -420.248 479.566 -363.803 -397.229 485.627 -363.156 -393.393 483.526 -364.006 -393.393 478.341 -354.755 -362.702 486.381 -354.748 -362.702 486.422 -351.761 -352.801 489.029 -350.985 -346.997 484.617 -352.412 -346.529 475.186 -353.623 -351.184 475.138 -357.255 -349.992 451.12 -356.044 -345.337 451.168 -353.107 -333.669 450.687 -353.925 -333.401 445.284 -352.714 -328.746 445.332 -352.032 -325.18 443.866 -353.395 -324.733 434.86 -354.53 -328.15 433.323 -355.741 -332.805 433.275 -356.558 -332.536 427.871 -359.677 -344.144 427.15 -360.888 -348.799 427.103 -364.52 -347.607 403.085 -363.309 -342.952 403.133 -360.373 -331.284 402.652 -361.19 -331.016 397.248 -359.979 -326.361 397.296 -359.298 -322.795 395.831 -360.66 -322.348 386.825 -361.795 -325.765 385.288 -363.006 -330.42 385.24 -363.824 -330.151 379.836 -366.942 -341.759 379.115 -368.153 -346.414 379.067 -371.786 -345.222 355.05 -370.575 -340.567 355.098 -367.638 -328.899 354.617 -368.455 -328.631 349.213 -367.244 -323.976 349.261 -366.563 -320.41 347.796 -367.925 -319.963 338.79 -369.06 -323.38 337.253 -370.271 -328.035 337.205 -371.089 -327.766 331.801 -374.207 -339.374 331.08 -375.418 -344.029 331.032 -379.051 -342.837 307.015 -377.84 -338.182 307.063 -374.903 -326.514 306.582 -375.72 -326.246 301.178 -374.509 -321.591 301.226 -373.828 -318.025 299.761 -375.19 -317.578 290.755 -376.326 -320.995 289.217 -377.537 -325.65 289.17 -378.354 -325.381 283.766 -381.472 -336.989 283.045 -382.683 -341.644 282.997 -386.316 -340.452 258.98 -385.105 -335.797 259.028 -382.168 -324.129 258.547 -382.986 -323.861 253.143 -381.774 -319.206 253.191 -381.093 -315.64 251.726 -382.455 -315.193 242.719 -383.591 -318.61 241.182 -384.802 -323.265 241.134 -385.619 -322.996 235.73 -388.738 -334.604 235.01 -389.949 -339.259 234.962 -393.581 -338.067 210.945 -392.37 -333.412 210.993 -389.433 -321.744 210.512 -390.251 -321.476 205.108 -389.04 -316.821 205.156 -388.358 -313.255 203.691 -389.721 -312.808 194.684 -390.856 -316.225 193.147 -392.067 -320.88 193.099 -392.884 -320.611 187.695 -396.003 -332.219 186.975 -397.214 -336.874 186.927 -400.846 -335.682 162.91 -399.635 -331.027 162.958 -396.699 -319.359 162.477 -397.516 -319.091 157.073 -396.305 -314.436 157.121 -395.624 -310.87 155.656 -396.986 -310.423 146.649 -398.121 -313.84 145.112 -399.332 -318.495 145.064 -400.15 -318.226 139.66 -403.268 -329.834 138.94 -404.479 -334.489 138.892 -408.112 -333.297 114.874 -406.901 -328.642 114.922 -403.964 -316.974 114.442 -404.781 -316.706 109.038 -403.57 -312.051 109.086 -402.889 -308.485 107.621 -404.251 -308.038 98.6142 -405.386 -311.455 97.0771 -406.597 -316.11 97.0292 -407.415 -315.841 91.6252 -410.533 -327.449 90.9049 -411.744 -332.104 90.8569 -415.377 -330.912 66.8394 -414.166 -326.257 66.8873 -411.229 -314.589 66.4068 -412.046 -314.321 61.0029 -410.835 -309.666 61.0508 -410.154 -306.1 59.5857 -411.516 -305.653 50.5791 -412.652 -309.07 49.042 -413.863 -313.725 48.9941 -414.68 -313.456 43.5901 -417.798 -325.064 42.8698 -419.009 -329.719 42.8218 -422.642 -328.527 18.8043 -421.431 -323.872 18.8523 -422.879 -323.396 9.27972
element 61
  poly 0: -349.375 -358.927 449.485 -353.007 -357.734 425.467 -351.796 -353.079 425.515 -348.164 -354.272 449.532 -349.375 -358.927 449.485
  poly 1: -346.223 -362.501 448.83 -349.855 -361.309 424.813 -348.644 -356.654 424.861 -345.012 -357.846 448.878 -346.223 -362.501 448.83
  poly 2: -356.64 -356.542 401.449 -360.273 -355.349 377.432 -359.062 -350.694 377.48 -355.429 -351.887 401.497 -356.64 -356.542 401.449
  poly 3: -353.488 -360.116 400.795 -357.121 -358.924 376.778 -355.91 -354.269 376.826 -352.277 -355.461 400.843 -353.488 -360.116 400.795
  poly 4: -363.905 -354.157 353.414 -367.538 -352.964 329.397 -366.327 -348.309 329.445 -362.694 -349.502 353.462 -363.905 -354.157 353.414
  poly 5: -360.753 -357.731 352.76 -364.386 -356.539 328.743 -363.175 -351.884 328.791 -359.542 -353.076 352.808 -360.753 -357.731 352.76
  poly 6: -371.17 -351.772 305.379 -374.803 -350.579 281.362 -373.592 -345.924 281.41 -369.959 -347.117 305.427 -371.17 -351.772 305.379
  poly 7: -368.018 -355.346 304.725 -371.651 -354.154 280.708 -370.44 -349.499 280.755 -366.807 -350.691 304.773 -368.018 -355.346 304.725
  poly 8: -378.436 -349.387 257.344 -382.068 -348.194 233.327 -380.857 -343.539 233.375 -377.225 -344.732 257.392 -378.436 -349.387 257.344
  poly 9: -375.284 -352.961 256.69 -378.916 -351.769 232.672 -377.705 -347.113 232.72 -374.073 -348.306 256.738 -375.284 -352.961 256.69
  poly 10: -385.701 -347.002 209.309 -389.333 -345.809 185.292 -388.122 -341.154 185.34 -384.49 -342.347 209.357 -385.701 -347.002 209.309
  poly 11: -382.549 -350.576 208.655 -386.181 -349.383 184.637 -384.97 -344.728 184.685 -381.338 -345.921 208.703 -382.549 -350.576 208.655
  poly 12: -392.966 -344.617 161.274 -396.599 -343.424 137.256 -395.388 -338.769 137.304 -391.755 -339.962 161.322 -392.966 -344.617 161.274
  poly 13: -389.814 -348.191 160.62 -393.447 -346.998 136.602 -392.235 -342.343 136.65 -388.603 -343.536 160.668 -389.814 -348.191 160.62
  poly 14: -400.231 -342.232 113.239 -403.864 -341.039 89.2214 -402.653 -336.384 89.2693 -399.02 -337.577 113.287 -400.231 -342.232 113.239
  poly 15: -397.079 -345.806 112.585 -400.712 -344.613 88.5672 -399.501 -339.958 88.6151 -395.868 -341.151 112.633 -397.079 -345.806 112.585
  poly 16: -407.496 -339.847 65.2038 -411.129 -338.654 41.1863 -409.918 -333.999 41.2343 -406.285 -335.192 65.2518 -407.496 -339.847 65.2038
  poly 17: -404.344 -343.421 64.5496 -407.977 -342.228 40.5321 -406.766 -337.573 40.5801 -403.133 -338.766 64.5976 -404.344 -343.421 64.5496
  poly 18: -411.742 -320.769 9.27972 -450.546 -470.902 9.27972 -378.585 -470.902 447.847 -378.585 -470.902 447.847 -375.11 -459.382 450.88 -375.791 -459.382 446.732 -369.697 -439.181 452.051 -369.016 -439.181 456.199 -367.162 -438.676 466.702 -365.791 -434.131 467.898 -365.111 -434.131 472.046 -364.219 -432.869 475.49 -361.934 -425.293 477.484 -362.064 -424.031 474.706 -362.744 -424.031 470.558 -361.373 -419.486 471.755 -362.922 -418.981 461.518 -363.603 -418.981 457.37 -357.509 -398.78 462.689 -356.828 -398.78 466.837 -354.975 -398.275 477.339 -353.604 -393.73 478.536 -352.923 -393.73 482.684 -352.032 -392.468 486.128 -349.746 -384.893 488.122 -349.876 -383.63 485.344 -350.557 -383.63 481.196 -349.185 -379.085 482.392 -350.735 -378.58 472.155 -351.415 -378.58 468.008 -345.321 -358.379 473.326 -344.641 -358.379 477.474 -342.027 -349.714 479.756 -341.251 -343.91 475.344 -344.738 -342.765 452.282 -344.751 -342.812 452.282 -348.589 -341.501 426.822 -347.075 -335.682 426.882 -346.649 -332.033 423.736 -349.537 -331.085 404.64 -350.926 -334.418 401.422 -352.44 -340.237 401.362 -356.291 -338.973 375.902 -354.777 -333.154 375.962 -354.35 -329.505 372.815 -357.238 -328.556 353.72 -358.628 -331.89 350.501 -360.142 -337.708 350.442 -363.992 -336.444 324.981 -362.479 -330.626 325.041 -362.052 -326.976 321.895 -364.94 -326.028 302.8 -366.329 -329.361 299.581 -367.843 -335.18 299.521 -371.694 -333.916 274.061 -370.18 -328.097 274.121 -369.753 -324.448 270.974 -372.641 -323.5 251.879 -374.031 -326.833 248.661 -375.545 -332.652 248.601 -379.396 -331.388 223.14 -377.882 -325.569 223.2 -377.455 -321.92 220.054 -380.343 -320.972 200.959 -381.733 -324.305 197.74 -383.246 -330.124 197.68 -387.097 -328.859 172.22 -385.583 -323.041 172.28 -385.157 -319.391 169.133 -388.045 -318.443 150.038 -389.434 -321.777 146.82 -390.948 -327.595 146.76 -394.799 -326.331 121.299 -393.285 -320.512 121.359 -392.858 -316.863 118.213 -395.746 -315.915 99.1177 -397.136 -319.248 95.8992 -398.65 -325.067 95.8392 -402.5 -323.803 70.379 -400.987 -317.984 70.4389 -400.56 -314.335 67.2924 -403.448 -313.387 48.1972 -404.838 -316.72 44.9787 -406.351 -322.539 44.9187 -410.214 -321.321 19.458 -410.202 -321.275 19.4585 -411.742 -320.769 9.27972
  poly 19: -407.287 -319.718 9.27972 -446.022 -469.586 9.27972 -374.667 -469.586 444.159 -374.667 -469.586 444.159 -371.589 -459.382 446.846 -371.596 -459.382 446.804 -365.495 -439.181 452.164 -364.814 -439.181 456.312 -362.96 -438.676 466.815 -361.589 -434.131 468.012 -360.909 -434.131 472.16 -360.017 -432.869 475.603 -357.732 -425.293 477.598 -357.862 -424.031 474.819 -358.542 -424.031 470.672 -357.171 -419.486 471.868 -358.72 -418.981 461.631 -359.401 -418.981 457.483 -353.307 -398.78 462.802 -352.627 -398.78 466.95 -350.773 -398.275 477.453 -349.402 -393.73 478.65 -348.721 -393.73 482.798 -347.83 -392.468 486.241 -345.544 -384.893 488.236 -345.674 -383.63 485.457 -346.355 -383.63 481.309 -344.984 -379.085 482.506 -346.533 -378.58 472.269 -347.213 -378.58 468.121 -341.126 -358.379 473.399 -341.119 -358.379 473.44 -338.133 -348.479 476.047 -337.357 -342.675 471.634 -340.375 -341.684 451.676 -341.586 -346.339 451.628 -345.437 -345.075 426.168 -343.923 -339.256 426.228 -343.496 -335.607 423.081 -346.385 -334.659 403.986 -347.774 -337.992 400.768 -349.288 -343.811 400.708 -353.139 -342.547 375.248 -351.625 -336.728 375.308 -351.198 -333.079 372.161 -354.086 -332.131 353.066 -355.476 -335.464 349.847 -356.99 -341.283 349.787 -360.84 -340.018 324.327 -359.327 -334.2 324.387 -358.9 -330.55 321.24 -361.788 -329.602 302.145 -363.177 -332.935 298.927 -364.691 -338.754 298.867 -368.542 -337.49 273.407 -367.028 -331.671 273.467 -366.601 -328.022 270.32 -369.489 -327.074 251.225 -370.879 -330.407 248.006 -372.393 -336.226 247.946 -376.244 -334.962 222.486 -374.73 -329.143 222.546 -374.303 -325.494 219.4 -377.191 -324.546 200.304 -378.581 -327.879 197.086 -380.094 -333.698 197.026 -383.945 -332.434 171.566 -382.431 -326.615 171.626 -382.004 -322.966 168.479 -384.893 -322.017 149.384 -386.282 -325.351 146.165 -387.796 -331.169 146.105 -391.647 -329.905 120.645 -390.133 -324.087 120.705 -389.706 -320.437 117.559 -392.594 -319.489 98.4634 -393.984 -322.822 95.2449 -395.498 -328.641 95.185 -399.348 -327.377 69.7248 -397.835 -321.558 69.7847 -397.408 -317.909 66.6382 -400.296 -316.961 47.543 -401.685 -320.294 44.3245 -403.199 -326.113 44.2645 -407.05 -324.849 18.8043 -405.839 -320.194 18.8523 -407.287 -319.718 9.27972
element 62
  poly 0: 284.891 -413.931 494.777 291.365 -434.346 489.743 287.159 -434.346 489.63 280.685 -413.931 494.664 284.891 -413.931 494.777
  poly 1: 285.817 -413.931 490.673 292.292 -434.346 485.639 288.086 -434.346 485.525 281.611 -413.931 490.559 285.817 -413.931 490.673
  poly 2: -376.786 -424.084 474.294 -367.528 -393.393 482.375 -363.326 -393.393 482.489 -372.584 -424.084 474.408 -376.786 -424.084 474.294
  poly 3: -377.467 -424.084 470.146 -368.208 -393.393 478.227 -364.006 -393.393 478.341 -373.265 -424.084 470.26 -377.467 -424.084 470.146
  poly 4: -365.111 -434.131 472.046 -362.064 -424.031 474.706 -357.862 -424.031 474.819 -360.909 -434.131 472.16 -365.111 -434.131 472.046
  poly 5: -365.791 -434.131 467.898 -362.744 -424.031 470.558 -358.542 -424.031 470.672 -361.589 -434.131 468.012 -365.791 -434.131 467.898
  poly 6: -352.923 -393.73 482.684 -349.876 -383.63 485.344 -345.674 -383.63 485.457 -348.721 -393.73 482.798 -352.923 -393.73 482.684
  poly 7: -353.604 -393.73 478.536 -350.557 -383.63 481.196 -346.355 -383.63 481.309 -349.402 -393.73 478.65 -353.604 -393.73 478.536
  poly 8: 271.792 -419.047 493.118 275.445 -430.568 490.277 271.239 -430.568 490.163 267.585 -419.047 493.004 271.792 -419.047 493.118
  poly 9: 272.718 -419.047 489.013 276.372 -430.568 486.173 272.165 -430.568 486.059 268.512 -419.047 488.899 272.718 -419.047 489.013
  poly 10: 220.7 -392.095 498.613 195.877 -390.876 498.253 196.088 -386.221 499.446 220.911 -387.44 499.807 220.7 -392.095 498.613
  poly 11: 220.922 -388.52 495.401 196.099 -387.302 495.041 196.31 -382.647 496.235 221.133 -383.865 496.595 220.922 -388.52 495.401
  poly 12: 171.054 -389.657 497.893 146.231 -388.438 497.532 146.442 -383.783 498.726 171.265 -385.002 499.086 171.054 -389.657 497.893
  poly 13: 171.276 -386.083 494.681 146.453 -384.864 494.321 146.665 -380.209 495.514 171.488 -381.428 495.874 171.276 -386.083 494.681
  poly 14: 121.408 -387.22 497.172 96.5853 -386.001 496.812 96.7966 -381.346 498.005 121.62 -382.564 498.365 121.408 -387.22 497.172
  poly 15: 121.63 -383.645 493.96 96.8074 -382.427 493.6 97.0187 -377.772 494.793 121.842 -378.99 495.154 121.63 -383.645 493.96
  poly 16: 71.7624 -384.782 496.451 46.9394 -383.563 496.091 47.1507 -378.908 497.285 71.9736 -380.127 497.645 71.7624 -384.782 496.451
  poly 17: 71.9845 -381.208 493.24 47.1615 -379.989 492.879 47.3728 -375.334 494.073 72.1957 -376.553 494.433 71.9845 -381.208 493.24
  poly 18: 22.1165 -382.344 495.731 -2.70645 -381.126 495.371 -2.49521 -376.471 496.564 22.3277 -377.689 496.924 22.1165 -382.344 495.731
  poly 19: 22.3386 -378.77 492.519 -2.48435 -377.552 492.159 -2.27312 -372.897 493.352 22.5498 -374.115 493.713 22.3386 -378.77 492.519
  poly 20: -27.5294 -379.907 495.01 -52.3523 -378.688 494.65 -52.1411 -374.033 495.843 -27.3182 -375.252 496.204 -27.5294 -379.907 495.01
  poly 21: -27.3073 -376.333 491.799 -52.1302 -375.114 491.438 -51.919 -370.459 492.632 -27.0961 -371.678 492.992 -27.3073 -376.333 491.799
  poly 22: -77.1753 -377.469 494.29 -101.998 -376.251 493.929 -101.787 -371.596 495.123 -76.9641 -372.814 495.483 -77.1753 -377.469 494.29
  poly 23: -76.9532 -373.895 491.078 -101.776 -372.677 490.718 -101.565 -368.021 491.911 -76.742 -369.24 492.272 -76.9532 -373.895 491.078
  poly 24: -126.821 -375.032 493.569 -151.644 -373.813 493.209 -151.433 -369.158 494.402 -126.61 -370.377 494.763 -126.821 -375.032 493.569
  poly 25: -126.599 -371.458 490.358 -151.422 -370.239 489.997 -151.211 -365.584 491.191 -126.388 -366.803 491.551 -126.599 -371.458 490.358
  poly 26: -176.467 -372.594 492.849 -201.29 -371.376 492.488 -201.079 -366.721 493.682 -176.256 -367.939 494.042 -176.467 -372.594 492.849
  poly 27: -176.245 -369.02 489.637 -201.068 -367.801 489.277 -200.857 -363.146 490.47 -176.034 -364.365 490.83 -176.245 -369.02 489.637
  poly 28: -226.113 -370.157 492.128 -250.936 -368.938 491.768 -250.725 -364.283 492.961 -225.902 -365.502 493.321 -226.113 -370.157 492.128
  poly 29: -225.891 -366.583 488.916 -250.714 -365.364 488.556 -250.503 -360.709 489.75 -225.68 -361.928 490.11 -225.891 -366.583 488.916
  poly 30: -275.759 -367.719 491.408 -300.582 -366.5 491.047 -300.371 -361.845 492.241 -275.548 -363.064 492.601 -275.759 -367.719 491.408
  poly 31: -275.537 -364.145 488.196 -300.36 -362.926 487.836 -300.148 -358.271 489.029 -275.326 -359.49 489.389 -275.537 -364.145 488.196
  poly 32: 300.574 -463.383 482.584 297.84 -454.762 484.71 302.046 -454.762 484.823 282.623 -393.515 499.925 278.416 -393.515 499.811 272.108 -373.624 504.716 272.108 -373.624 504.716 260.624 -373.061 504.549 260.413 -377.716 503.356 236.358 -376.534 503.007 236.622 -370.716 504.498 233.773 -367.077 505.35 215.732 -366.191 505.088 212.566 -369.535 504.149 212.302 -375.353 502.657 188.247 -374.172 502.308 188.511 -368.354 503.8 185.663 -364.715 504.652 167.621 -363.829 504.39 164.456 -367.172 503.451 164.192 -372.991 501.959 140.136 -371.81 501.61 140.4 -365.991 503.102 137.552 -362.352 503.953 119.51 -361.467 503.691 116.345 -364.81 502.753 116.081 -370.629 501.261 92.0255 -369.448 500.912 92.2896 -363.629 502.404 89.4411 -359.99 503.255 71.3995 -359.105 502.993 68.2342 -362.448 502.054 67.9702 -368.267 500.563 43.9148 -367.086 500.214 44.1788 -361.267 501.705 41.3303 -357.628 502.557 23.2888 -356.742 502.295 20.1235 -360.086 501.356 19.8594 -365.905 499.864 -4.19592 -364.724 499.515 -3.93188 -358.905 501.007 -6.78038 -355.266 501.858 -24.8219 -354.38 501.597 -27.9872 -357.724 500.658 -28.2513 -363.543 499.166 -52.3066 -362.362 498.817 -52.0426 -356.543 500.309 -54.8911 -352.904 501.16 -72.9326 -352.018 500.898 -76.098 -355.362 499.96 -76.362 -361.18 498.468 -100.417 -359.999 498.119 -100.153 -354.181 499.61 -103.002 -350.542 500.462 -121.043 -349.656 500.2 -124.209 -353 499.261 -124.473 -358.818 497.77 -148.528 -357.637 497.42 -148.264 -351.818 498.912 -151.113 -348.18 499.764 -169.154 -347.294 499.502 -172.319 -350.637 498.563 -172.583 -356.456 497.071 -196.639 -355.275 496.722 -196.375 -349.456 498.214 -199.223 -345.817 499.065 -217.265 -344.932 498.804 -220.43 -348.275 497.865 -220.694 -354.094 496.373 -244.75 -352.913 496.024 -244.485 -347.094 497.516 -247.334 -343.455 498.367 -265.376 -342.569 498.105 -268.541 -345.913 497.167 -268.805 -351.732 495.675 -292.86 -350.551 495.326 -292.596 -344.732 496.817 -295.445 -341.093 497.669 -313.486 -340.207 497.407 -316.652 -343.551 496.468 -316.916 -349.37 494.976 -340.971 -348.189 494.627 -340.76 -343.534 495.821 -352.316 -342.966 495.653 -352.316 -342.966 495.653 -358.269 -362.702 490.456 -362.471 -362.702 490.343 -390.247 -454.775 466.099 -386.045 -454.775 466.213 -388.647 -463.4 463.942 -383.852 -469.586 462.493 295.859 -469.586 480.874 300.574 -463.383 482.584
  poly 33: 297.711 -464.699 478.041 294.56 -454.762 480.491 302.972 -454.762 480.719 283.549 -393.515 495.821 275.137 -393.515 495.593 269.125 -374.558 500.267 269.125 -374.558 500.267 260.635 -374.141 500.144 260.633 -374.188 500.132 236.58 -372.96 499.795 236.844 -367.142 501.287 233.995 -363.503 502.138 215.954 -362.617 501.876 212.788 -365.961 500.938 212.524 -371.779 499.446 188.469 -370.598 499.097 188.733 -364.779 500.589 185.885 -361.141 501.44 167.843 -360.255 501.178 164.678 -363.598 500.239 164.414 -369.417 498.748 140.358 -368.236 498.398 140.622 -362.417 499.89 137.774 -358.778 500.742 119.732 -357.893 500.48 116.567 -361.236 499.541 116.303 -367.055 498.049 92.2476 -365.874 497.7 92.5117 -360.055 499.192 89.6632 -356.416 500.043 71.6216 -355.53 499.782 68.4563 -358.874 498.843 68.1923 -364.693 497.351 44.1369 -363.512 497.002 44.4009 -357.693 498.494 41.5524 -354.054 499.345 23.5109 -353.168 499.083 20.3456 -356.512 498.145 20.0815 -362.331 496.653 -3.97383 -361.15 496.304 -3.70979 -355.331 497.795 -6.55828 -351.692 498.647 -24.5998 -350.806 498.385 -27.7651 -354.15 497.446 -28.0292 -359.968 495.954 -52.0845 -358.787 495.605 -51.8205 -352.969 497.097 -54.669 -349.33 497.949 -72.7105 -348.444 497.687 -75.8759 -351.788 496.748 -76.1399 -357.606 495.256 -100.195 -356.425 494.907 -99.9312 -350.606 496.399 -102.78 -346.968 497.25 -120.821 -346.082 496.988 -123.987 -349.425 496.05 -124.251 -355.244 494.558 -148.306 -354.063 494.209 -148.042 -348.244 495.701 -150.89 -344.605 496.552 -168.932 -343.72 496.29 -172.097 -347.063 495.351 -172.361 -352.882 493.86 -196.417 -351.701 493.51 -196.153 -345.882 495.002 -199.001 -342.243 495.854 -217.043 -341.357 495.592 -220.208 -344.701 494.653 -220.472 -350.52 493.161 -244.527 -349.339 492.812 -244.263 -343.52 494.304 -247.112 -339.881 495.155 -265.153 -338.995 494.894 -268.319 -342.339 493.955 -268.583 -348.158 492.463 -292.638 -346.977 492.114 -292.374 -341.158 493.606 -295.223 -337.519 494.457 -313.264 -336.633 494.195 -316.429 -339.977 493.257 -316.694 -345.796 491.765 -340.751 -344.661 491.404 -340.749 -344.614 491.416 -349.167 -344.201 491.293 -349.167 -344.201 491.293 -354.748 -362.702 486.422 -363.152 -362.702 486.195 -390.927 -454.775 461.951 -382.524 -454.775 462.179 -385.523 -464.717 459.561 -380.728 -470.902 458.112 292.997 -470.902 476.331 297.711 -464.699 478.041
element 63
  poly 0: 273.208 -413.287 480.172 280.515 -436.328 474.491 276.308 -436.328 474.377 269.001 -413.287 480.059 273.208 -413.287 480.172
  poly 1: 274.134 -413.287 476.068 281.441 -436.328 470.386 277.235 -436.328 470.273 269.928 -413.287 475.954 274.134 -413.287 476.068
  poly 2: -369.016 -439.181 456.199 -362.922 -418.981 461.518 -358.72 -418.981 461.631 -364.814 -439.181 456.312 -369.016 -439.181 456.199
  poly 3: -369.697 -439.181 452.051 -363.603 -418.981 457.37 -359.401 -418.981 457.483 -365.495 -439.181 452.164 -369.697 -439.181 452.051
  poly 4: -356.828 -398.78 466.837 -350.735 -378.58 472.155 -346.533 -378.58 472.269 -352.627 -398.78 466.95 -356.828 -398.78 466.837
  poly 5: -357.509 -398.78 462.689 -351.415 -378.58 468.008 -347.213 -378.58 468.121 -353.307 -398.78 462.802 -357.509 -398.78 462.689
  poly 6: 290.556 -467.99 466.684 287.822 -459.369 468.81 292.028 -459.369 468.923 298.295 -459.369 469.093 276.374 -390.246 486.137 270.107 -390.246 485.967 265.901 -390.246 485.854 261.666 -376.893 489.146 261.666 -376.893 489.146 246.512 -376.149 488.926 246.3 -380.804 487.733 221.477 -379.585 487.372 221.689 -374.93 488.566 221.596 -363.262 491.54 216.011 -362.988 491.459 216.222 -358.333 492.653 214.829 -354.765 493.525 205.521 -354.308 493.39 203.811 -357.724 492.473 203.6 -362.379 491.279 198.014 -362.104 491.198 196.866 -373.711 488.206 196.654 -378.366 487.012 171.832 -377.148 486.652 172.043 -372.493 487.845 171.95 -360.825 490.82 166.365 -360.55 490.739 166.576 -355.895 491.932 165.183 -352.328 492.805 155.875 -351.871 492.67 154.165 -355.286 491.752 153.954 -359.941 490.559 148.368 -359.667 490.478 147.22 -371.274 487.485 147.009 -375.929 486.292 122.186 -374.71 485.931 122.397 -370.055 487.125 122.304 -358.387 490.099 116.719 -358.113 490.018 116.93 -353.458 491.212 115.537 -349.89 492.084 106.229 -349.433 491.949 104.519 -352.848 491.031 104.308 -357.504 489.838 98.7226 -357.229 489.757 97.5739 -368.836 486.764 97.3627 -373.491 485.571 72.5397 -372.273 485.211 72.751 -367.618 486.404 72.6585 -355.95 489.379 67.0733 -355.675 489.298 67.2845 -351.02 490.491 65.8915 -347.453 491.364 56.5829 -346.996 491.229 54.8731 -350.411 490.311 54.6618 -355.066 489.117 49.0767 -354.792 489.036 47.928 -366.399 486.044 47.7168 -371.054 484.85 22.8938 -369.835 484.49 23.1051 -365.18 485.684 23.0126 -353.512 488.658 17.4274 -353.238 488.577 17.6386 -348.583 489.771 16.2456 -345.015 490.643 6.93703 -344.558 490.508 5.22717 -347.973 489.59 5.01594 -352.628 488.397 -0.569224 -352.354 488.316 -1.71788 -363.961 485.323 -1.92911 -368.616 484.13 -26.7521 -367.398 483.77 -26.5408 -362.743 484.963 -26.6333 -351.075 487.938 -32.2185 -350.8 487.857 -32.0072 -346.145 489.05 -33.4003 -342.578 489.923 -42.7089 -342.121 489.787 -44.4187 -345.536 488.87 -44.63 -350.191 487.676 -50.2151 -349.917 487.595 -51.3638 -361.524 484.603 -51.575 -366.179 483.409 -76.3979 -364.96 483.049 -76.1867 -360.305 484.242 -76.2792 -348.637 487.217 -81.8644 -348.363 487.136 -81.6531 -343.708 488.329 -83.0461 -340.14 489.202 -92.3548 -339.683 489.067 -94.0646 -343.098 488.149 -94.2758 -347.753 486.956 -99.861 -347.479 486.875 -101.01 -359.086 483.882 -101.221 -363.741 482.689 -126.044 -362.522 482.328 -125.833 -357.867 483.522 -125.925 -346.199 486.496 -131.51 -345.925 486.415 -131.299 -341.27 487.609 -132.692 -337.703 488.481 -142.001 -337.246 488.346 -143.711 -340.661 487.429 -143.922 -345.316 486.235 -149.507 -345.042 486.154 -150.656 -356.649 483.162 -150.867 -361.304 481.968 -175.69 -360.085 481.608 -175.478 -355.43 482.801 -175.571 -343.762 485.776 -181.156 -343.488 485.695 -180.945 -338.833 486.888 -182.338 -335.265 487.761 -191.647 -334.808 487.626 -193.356 -338.223 486.708 -193.568 -342.878 485.515 -199.153 -342.604 485.434 -200.301 -354.211 482.441 -200.513 -358.866 481.248 -225.336 -357.647 480.887 -225.124 -352.992 482.081 -225.217 -341.324 485.055 -230.802 -341.05 484.974 -230.591 -336.395 486.168 -231.984 -332.828 487.04 -241.292 -332.371 486.905 -243.002 -335.786 485.988 -243.214 -340.441 484.794 -248.799 -340.167 484.713 -249.947 -351.774 481.72 -250.159 -356.429 480.527 -274.982 -355.21 480.167 -274.77 -350.555 481.36 -274.863 -338.887 484.335 -280.448 -338.613 484.254 -280.237 -333.958 485.447 -281.63 -330.39 486.32 -290.938 -329.933 486.185 -292.648 -333.348 485.267 -292.859 -338.003 484.074 -298.445 -337.729 483.993 -299.593 -349.336 481 -299.804 -353.991 479.807 -324.627 -352.772 479.446 -324.416 -348.117 480.64 -341.295 -347.289 480.395 -341.295 -347.289 480.395 -344.641 -358.379 477.474 -348.843 -358.379 477.361 -355.103 -358.379 477.191 -385.573 -459.382 450.597 -379.312 -459.382 450.766 -375.11 -459.382 450.88 -377.712 -468.007 448.609 -372.917 -474.193 447.16 285.841 -474.193 464.974 290.556 -467.99 466.684
  poly 7: 287.693 -469.306 462.141 284.542 -459.369 464.591 292.954 -459.369 464.819 299.264 -459.369 464.99 277.343 -390.246 482.033 271.033 -390.246 481.863 262.621 -390.246 481.635 258.682 -377.827 484.697 258.682 -377.827 484.697 246.522 -377.23 484.521 246.52 -377.276 484.509 221.699 -376.011 484.161 221.911 -371.356 485.354 221.818 -359.688 488.329 216.233 -359.414 488.248 216.444 -354.759 489.441 215.051 -351.191 490.314 205.743 -350.734 490.179 204.033 -354.149 489.261 203.822 -358.804 488.068 198.236 -358.53 487.986 197.088 -370.137 484.994 196.877 -374.792 483.8 172.054 -373.574 483.44 172.265 -368.919 484.634 172.172 -357.251 487.608 166.587 -356.976 487.527 166.798 -352.321 488.721 165.405 -348.754 489.593 156.097 -348.297 489.458 154.387 -351.712 488.54 154.176 -356.367 487.347 148.591 -356.093 487.266 147.442 -367.7 484.273 147.231 -372.355 483.08 122.408 -371.136 482.72 122.619 -366.481 483.913 122.526 -354.813 486.888 116.941 -354.539 486.807 117.153 -349.884 488 115.76 -346.316 488.873 106.451 -345.859 488.737 104.741 -349.274 487.82 104.53 -353.929 486.626 98.9447 -353.655 486.545 97.796 -365.262 483.553 97.5848 -369.917 482.359 72.7618 -368.699 481.999 72.9731 -364.043 483.192 72.8806 -352.375 486.167 67.2954 -352.101 486.086 67.5066 -347.446 487.279 66.1136 -343.879 488.152 56.805 -343.422 488.017 55.0952 -346.837 487.099 54.8839 -351.492 485.906 49.2988 -351.218 485.825 48.1501 -362.825 482.832 47.9389 -367.48 481.639 23.1159 -366.261 481.279 23.3272 -361.606 482.472 23.2347 -349.938 485.447 17.6495 -349.664 485.365 17.8607 -345.009 486.559 16.4677 -341.441 487.431 7.15913 -340.984 487.296 5.44927 -344.399 486.379 5.23803 -349.054 485.185 -0.347128 -348.78 485.104 -1.49578 -360.387 482.112 -1.70701 -365.042 480.918 -26.53 -363.823 480.558 -26.3187 -359.168 481.751 -26.4112 -347.5 484.726 -31.9964 -347.226 484.645 -31.7852 -342.571 485.838 -33.1782 -339.004 486.711 -42.4868 -338.547 486.576 -44.1966 -341.962 485.658 -44.4079 -346.617 484.465 -49.993 -346.343 484.384 -51.1417 -357.95 481.391 -51.3529 -362.605 480.198 -76.1759 -361.386 479.837 -75.9646 -356.731 481.031 -76.0571 -345.063 484.005 -81.6423 -344.789 483.924 -81.431 -340.134 485.118 -82.8241 -336.566 485.99 -92.1327 -336.109 485.855 -93.8425 -339.524 484.938 -94.0537 -344.179 483.744 -99.6389 -343.905 483.663 -100.788 -355.512 480.671 -100.999 -360.167 479.477 -125.822 -358.948 479.117 -125.611 -354.293 480.31 -125.703 -342.625 483.285 -131.288 -342.351 483.204 -131.077 -337.696 484.397 -132.47 -334.129 485.27 -141.779 -333.672 485.135 -143.488 -337.087 484.217 -143.7 -341.742 483.024 -149.285 -341.468 482.943 -150.433 -353.075 479.95 -150.645 -357.73 478.757 -175.468 -356.511 478.396 -175.256 -351.856 479.59 -175.349 -340.188 482.564 -180.934 -339.914 482.483 -180.723 -335.259 483.677 -182.116 -331.691 484.549 -191.424 -331.234 484.414 -193.134 -334.649 483.497 -193.346 -339.304 482.303 -198.931 -339.03 482.222 -200.079 -350.637 479.229 -200.291 -355.292 478.036 -225.114 -354.073 477.676 -224.902 -349.418 478.869 -224.995 -337.75 481.844 -230.58 -337.476 481.763 -230.369 -332.821 482.956 -231.762 -329.254 483.829 -241.07 -328.797 483.694 -242.78 -332.212 482.776 -242.991 -336.867 481.583 -248.577 -336.592 481.501 -249.725 -348.2 478.509 -249.936 -352.855 477.315 -274.759 -351.636 476.955 -274.548 -346.981 478.149 -274.641 -335.313 481.123 -280.226 -335.039 481.042 -280.015 -330.384 482.236 -281.408 -326.816 483.108 -290.716 -326.359 482.973 -292.426 -329.774 482.055 -292.637 -334.429 480.862 -298.222 -334.155 480.781 -299.371 -345.762 477.788 -299.582 -350.417 476.595 -324.407 -349.245 476.223 -324.405 -349.198 476.235 -338.146 -348.524 476.035 -338.146 -348.524 476.035 -341.119 -358.379 473.44 -349.523 -358.379 473.213 -355.826 -358.379 473.042 -386.295 -459.382 446.448 -379.993 -459.382 446.618 -371.589 -459.382 446.846 -374.588 -469.323 444.228 -369.793 -475.509 442.779 282.978 -475.509 460.431 287.693 -469.306 462.141
element 64
  poly 0: 410.583 -475.509 9.27972 391.567 -402.782 9.27972 389.117 -402.264 19.5319 389.128 -402.311 19.5369 383.273 -401.03 43.9919 382.169 -396.375 43.493 379.261 -384.706 42.8573 377.946 -384.428 48.3608 376.842 -379.773 47.862 375.648 -376.205 49.0166 373.456 -375.742 58.1891 373.92 -379.156 60.092 375.024 -383.811 60.5908 373.709 -383.533 66.0943 376.324 -395.14 67.953 377.429 -399.795 68.4519 371.585 -398.56 92.9119 370.48 -393.905 92.413 367.573 -382.237 91.7774 366.258 -381.959 97.2809 365.153 -377.304 96.782 363.96 -373.736 97.9366 361.768 -373.273 107.109 362.231 -376.687 109.012 363.336 -381.342 109.511 362.021 -381.064 115.014 364.636 -392.671 116.873 365.741 -397.326 117.372 359.896 -396.091 141.832 358.792 -391.436 141.333 355.884 -379.768 140.697 354.57 -379.49 146.201 353.465 -374.835 145.702 352.271 -371.266 146.857 350.08 -370.804 156.029 350.543 -374.218 157.932 351.647 -378.873 158.431 350.333 -378.595 163.934 352.948 -390.202 165.793 354.052 -394.857 166.292 348.208 -393.622 190.752 347.104 -388.967 190.253 344.196 -377.298 189.617 342.881 -377.021 195.121 341.777 -372.366 194.622 340.583 -368.797 195.777 338.391 -368.334 204.949 338.855 -371.748 206.852 339.959 -376.403 207.351 338.644 -376.126 212.854 341.259 -387.732 214.713 342.364 -392.387 215.212 336.52 -391.153 239.672 335.415 -386.498 239.173 332.508 -374.829 238.537 331.193 -374.551 244.041 330.088 -369.896 243.542 328.895 -366.328 244.697 326.703 -365.865 253.869 327.166 -369.279 255.772 328.271 -373.934 256.271 326.956 -373.656 261.774 329.571 -385.263 263.633 330.676 -389.918 264.132 324.832 -388.683 288.592 323.727 -384.028 288.093 320.819 -372.36 287.457 319.505 -372.082 292.961 318.4 -367.427 292.462 317.206 -363.859 293.617 315.015 -363.396 302.789 315.478 -366.81 304.692 316.582 -371.465 305.191 315.268 -371.187 310.694 317.883 -382.794 312.553 318.987 -387.449 313.052 313.143 -386.214 337.512 312.039 -381.559 337.013 309.131 -369.891 336.377 307.816 -369.613 341.881 306.712 -364.958 341.382 305.518 -361.39 342.537 303.326 -360.927 351.709 303.79 -364.341 353.612 304.894 -368.996 354.111 303.579 -368.718 359.614 306.194 -380.325 361.473 307.299 -384.98 361.972 301.455 -383.745 386.432 300.35 -379.09 385.933 297.443 -367.422 385.297 296.128 -367.144 390.801 295.023 -362.489 390.302 293.83 -358.92 391.457 291.638 -358.457 400.629 292.101 -361.871 402.532 293.206 -366.526 403.031 291.891 -366.249 408.534 294.506 -377.855 410.393 295.611 -382.51 410.892 289.767 -381.276 435.352 288.662 -376.621 434.853 285.754 -364.952 434.218 284.44 -364.675 439.721 283.335 -360.019 439.222 282.141 -356.451 440.377 279.95 -355.988 449.549 280.413 -359.402 451.452 281.517 -364.057 451.951 280.203 -363.779 457.455 282.818 -375.386 459.313 283.922 -380.041 459.812 278.089 -378.853 484.277 278.078 -378.807 484.272 275.161 -378.19 496.482 275.622 -384.702 501.984 278.416 -393.515 499.811 279.343 -393.515 495.707 285.817 -413.931 490.673 284.659 -413.931 495.804 284.774 -416.482 498.253 289.629 -431.794 494.477 291.134 -434.346 490.77 292.292 -434.346 485.639 298.766 -454.762 480.605 297.84 -454.762 484.71 304.419 -475.509 479.594 304.419 -475.509 479.594 410.583 -475.509 9.27972
  poly 1: 406.007 -474.193 9.27972 387.038 -401.647 9.27972 384.845 -401.183 18.4566 385.95 -405.838 18.9555 380.106 -404.604 43.4155 379.001 -399.949 42.9167 376.094 -388.28 42.281 374.779 -388.003 47.7845 373.674 -383.348 47.2856 372.481 -379.779 48.4402 370.289 -379.316 57.6127 370.752 -382.73 59.5156 371.857 -387.385 60.0145 370.542 -387.107 65.518 373.157 -398.714 67.3767 374.262 -403.369 67.8755 368.418 -402.135 92.3355 367.313 -397.479 91.8367 364.406 -385.811 91.201 363.091 -385.533 96.7045 361.986 -380.878 96.2056 360.792 -377.31 97.3602 358.601 -376.847 106.533 359.064 -380.261 108.436 360.168 -384.916 108.935 358.854 -384.638 114.438 361.469 -396.245 116.297 362.573 -400.9 116.796 356.729 -399.665 141.256 355.625 -395.01 140.757 352.717 -383.342 140.121 351.402 -383.064 145.625 350.298 -378.409 145.126 349.104 -374.841 146.28 346.912 -374.378 155.453 347.376 -377.792 157.356 348.48 -382.447 157.855 347.165 -382.169 163.358 349.78 -393.776 165.217 350.885 -398.431 165.716 345.041 -397.196 190.176 343.936 -392.541 189.677 341.029 -380.873 189.041 339.714 -380.595 194.545 338.609 -375.94 194.046 337.416 -372.371 195.2 335.224 -371.908 204.373 335.687 -375.322 206.276 336.792 -379.978 206.775 335.477 -379.7 212.278 338.092 -391.306 214.137 339.197 -395.961 214.636 333.353 -394.727 239.096 332.248 -390.072 238.597 329.341 -378.403 237.961 328.026 -378.126 243.465 326.921 -373.471 242.966 325.727 -369.902 244.12 323.536 -369.439 253.293 323.999 -372.853 255.196 325.103 -377.508 255.695 323.789 -377.23 261.198 326.404 -388.837 263.057 327.508 -393.492 263.556 321.664 -392.258 288.016 320.56 -387.603 287.517 317.652 -375.934 286.881 316.337 -375.656 292.385 315.233 -371.001 291.886 314.039 -367.433 293.04 311.847 -366.97 302.213 312.311 -370.384 304.116 313.415 -375.039 304.615 312.1 -374.761 310.118 314.715 -386.368 311.977 315.82 -391.023 312.476 309.976 -389.788 336.936 308.871 -385.133 336.437 305.964 -373.465 335.801 304.649 -373.187 341.305 303.544 -368.532 340.806 302.351 -364.964 341.96 300.159 -364.501 351.133 300.622 -367.915 353.036 301.727 -372.57 353.535 300.412 -372.292 359.038 303.027 -383.899 360.897 304.132 -388.554 361.396 298.288 -387.319 385.856 297.183 -382.664 385.357 294.276 -370.996 384.721 292.961 -370.718 390.225 291.856 -366.063 389.726 290.662 -362.494 390.88 288.471 -362.031 400.053 288.934 -365.446 401.956 290.038 -370.101 402.455 288.724 -369.823 407.958 291.339 -381.429 409.817 292.443 -386.084 410.316 286.599 -384.85 434.776 285.495 -380.195 434.277 282.587 -368.526 433.641 281.272 -368.249 439.145 280.168 -363.594 438.646 278.974 -360.025 439.8 276.782 -359.562 448.973 277.246 -362.976 450.876 278.35 -367.631 451.375 277.035 -367.354 456.878 279.65 -378.96 458.737 280.755 -383.615 459.236 274.911 -382.381 483.696 273.806 -377.726 483.197 271.585 -377.256 492.494 272.046 -383.768 497.996 275.137 -393.515 495.593 275.146 -393.515 495.552 281.611 -413.931 490.559 280.453 -413.931 495.69 280.567 -416.482 498.139 285.423 -431.794 494.364 286.927 -434.346 490.656 288.086 -434.346 485.525 294.569 -454.762 480.45 294.56 -454.762 480.491 300.722 -474.193 475.7 300.722 -474.193 475.7 406.007 -474.193 9.27972
element 65
  poly 0: 372.188 -413.539 41.9747 366.343 -412.304 66.4347 365.239 -407.649 65.9358 371.083 -408.884 41.4758 372.188 -413.539 41.9747
  poly 1: 369.02 -417.113 41.3983 363.176 -415.878 65.8583 362.072 -411.223 65.3594 367.916 -412.458 40.8994 369.02 -417.113 41.3983
  poly 2: 360.499 -411.07 90.8947 354.655 -409.835 115.355 353.551 -405.18 114.856 359.395 -406.415 90.3958 360.499 -411.07 90.8947
  poly 3: 357.332 -414.644 90.3183 351.488 -413.409 114.778 350.383 -408.754 114.279 356.227 -409.989 89.8195 357.332 -414.644 90.3183
  poly 4: 348.811 -408.601 139.815 342.967 -407.366 164.275 341.862 -402.711 163.776 347.706 -403.946 139.316 348.811 -408.601 139.815
  poly 5: 345.644 -412.175 139.238 339.8 -410.94 163.698 338.695 -406.285 163.199 344.539 -407.52 138.739 345.644 -412.175 139.238
  poly 6: 337.123 -406.131 188.735 331.278 -404.897 213.195 330.174 -400.242 212.696 336.018 -401.476 188.236 337.123 -406.131 188.735
  poly 7: 333.955 -409.705 188.158 328.111 -408.471 212.618 327.007 -403.816 212.12 332.851 -405.05 187.659 333.955 -409.705 188.158
  poly 8: 325.434 -403.662 237.655 319.59 -402.427 262.115 318.486 -397.772 261.616 324.33 -399.007 237.156 325.434 -403.662 237.655
  poly 9: 322.267 -407.236 237.078 316.423 -406.002 261.538 315.318 -401.347 261.04 321.162 -402.581 236.58 322.267 -407.236 237.078
  poly 10: 313.746 -401.193 286.575 307.902 -399.958 311.035 306.797 -395.303 310.536 312.641 -396.538 286.076 313.746 -401.193 286.575
  poly 11: 310.579 -404.767 285.998 304.735 -403.532 310.458 303.63 -398.877 309.96 309.474 -400.112 285.5 310.579 -404.767 285.998
  poly 12: 302.058 -398.724 335.495 296.213 -397.489 359.955 295.109 -392.834 359.456 300.953 -394.069 334.996 302.058 -398.724 335.495
  poly 13: 298.89 -402.298 334.918 293.046 -401.063 359.378 291.942 -396.408 358.88 297.786 -397.643 334.42 298.89 -402.298 334.918
  poly 14: 290.369 -396.254 384.415 284.525 -395.02 408.875 283.421 -390.365 408.376 289.265 -391.599 383.916 290.369 -396.254 384.415
  poly 15: 287.202 -399.828 383.838 281.358 -398.594 408.298 280.253 -393.939 407.8 286.097 -395.173 383.34 287.202 -399.828 383.838
  poly 16: 278.681 -393.785 433.335 272.837 -392.55 457.795 271.732 -387.895 457.296 277.576 -389.13 432.836 278.681 -393.785 433.335
  poly 17: 275.514 -397.359 432.758 269.67 -396.125 457.218 268.565 -391.47 456.72 274.409 -392.704 432.26 275.514 -397.359 432.758
  poly 18: 394.567 -470.902 9.27972 375.716 -398.809 9.27972 373.267 -398.291 19.5319 373.278 -398.338 19.5369 367.688 -397.113 42.8814 366.307 -391.294 42.2579 364.781 -387.655 44.8024 360.597 -386.771 62.3146 360.728 -390.115 65.6074 362.109 -395.934 66.231 356.53 -394.755 89.5806 355.149 -388.937 88.957 353.624 -385.298 91.5016 349.44 -384.414 109.014 349.571 -387.758 112.307 350.951 -393.577 112.93 345.372 -392.398 136.28 343.992 -386.579 135.656 342.466 -382.941 138.201 338.282 -382.057 155.713 338.413 -385.401 159.006 339.794 -391.22 159.629 334.215 -390.041 182.979 332.834 -384.222 182.355 331.308 -380.584 184.9 327.124 -379.7 202.412 327.255 -383.044 205.705 328.636 -388.863 206.329 323.057 -387.684 229.678 321.676 -381.865 229.055 320.151 -378.227 231.599 315.966 -377.343 249.111 316.098 -380.687 252.404 317.478 -386.505 253.028 311.899 -385.327 276.377 310.519 -379.508 275.754 308.993 -375.869 278.298 304.809 -374.986 295.81 304.94 -378.329 299.103 306.32 -384.148 299.727 300.742 -382.97 323.076 299.361 -377.151 322.453 297.835 -373.512 324.997 293.651 -372.628 342.51 293.782 -375.972 345.802 295.163 -381.791 346.426 289.584 -380.613 369.776 288.203 -374.794 369.152 286.677 -371.155 371.697 282.493 -370.271 389.209 282.624 -373.615 392.502 284.005 -379.434 393.125 278.426 -378.255 416.475 277.046 -372.437 415.851 275.52 -368.798 418.396 271.336 -367.914 435.908 271.467 -371.258 439.201 272.847 -377.077 439.824 267.28 -375.945 463.179 267.269 -375.898 463.174 262.645 -374.922 482.524 263.106 -381.434 488.026 265.901 -390.246 485.854 266.827 -390.246 481.749 274.134 -413.287 476.068 273.208 -413.287 480.172 271.074 -413.863 490.292 272.718 -419.047 489.013 271.792 -419.047 493.118 271.553 -420.487 495.841 274.294 -429.128 493.711 275.445 -430.568 490.277 276.372 -430.568 486.173 278.016 -435.752 484.894 280.515 -436.328 474.491 281.441 -436.328 470.386 288.748 -459.369 464.705 287.822 -459.369 468.81 291.479 -470.902 465.966 291.479 -470.902 465.966 394.567 -470.902 9.27972
  poly 19: 389.991 -469.586 9.27972 371.188 -397.673 9.27972 368.995 -397.21 18.4566 370.099 -401.865 18.9555 364.521 -400.687 42.3051 363.14 -394.868 41.6815 361.614 -391.229 44.2261 357.43 -390.345 61.7382 357.561 -393.689 65.0311 358.942 -399.508 65.6547 353.363 -398.329 89.0043 351.982 -392.511 88.3807 350.456 -388.872 90.9252 346.272 -387.988 108.437 346.403 -391.332 111.73 347.784 -397.151 112.354 342.205 -395.972 135.703 340.824 -390.154 135.08 339.299 -386.515 137.624 335.115 -385.631 155.137 335.246 -388.975 158.429 336.626 -394.794 159.053 331.047 -393.615 182.403 329.667 -387.796 181.779 328.141 -384.158 184.324 323.957 -383.274 201.836 324.088 -386.618 205.129 325.469 -392.437 205.752 319.89 -391.258 229.102 318.509 -385.439 228.478 316.983 -381.801 231.023 312.799 -380.917 248.535 312.93 -384.261 251.828 314.311 -390.079 252.451 308.732 -388.901 275.801 307.351 -383.082 275.177 305.826 -379.444 277.722 301.641 -378.56 295.234 301.773 -381.904 298.527 303.153 -387.722 299.151 297.574 -386.544 322.5 296.194 -380.725 321.877 294.668 -377.086 324.421 290.484 -376.203 341.933 290.615 -379.546 345.226 291.995 -385.365 345.85 286.417 -384.187 369.199 285.036 -378.368 368.576 283.51 -374.729 371.12 279.326 -373.845 388.632 279.457 -377.189 391.925 280.838 -383.008 392.549 275.259 -381.83 415.898 273.878 -376.011 415.275 272.352 -372.372 417.819 268.168 -371.488 435.332 268.299 -374.832 438.624 269.68 -380.651 439.248 264.101 -379.472 462.598 262.997 -374.817 462.099 259.069 -373.988 478.536 259.53 -380.5 484.038 262.621 -390.246 481.635 262.63 -390.246 481.594 269.928 -413.287 475.954 269.001 -413.287 480.059 266.868 -413.863 490.178 268.512 -419.047 488.899 267.585 -419.047 493.004 267.347 -420.487 495.727 270.087 -429.128 493.597 271.239 -430.568 490.163 272.165 -430.568 486.059 273.809 -435.752 484.781 276.308 -436.328 474.377 277.235 -436.328 470.273 284.551 -459.369 464.55 284.542 -459.369 464.591 287.782 -469.586 462.072 287.782 -469.586 462.072 389.991 -469.586 9.27972
element 66
  poly 0: -237.555 -603.061 554.139 -240.232 -604.262 529.824 -244.284 -600.515 530.086 -241.607 -599.315 554.401 -237.555 -603.061 554.139
  poly 1: -237.666 -597.543 553.879 -240.343 -598.744 529.564 -244.395 -594.998 529.825 -241.718 -593.797 554.14 -237.666 -597.543 553.879
  poly 2: -242.909 -605.462 505.509 -245.586 -606.663 481.194 -249.638 -602.917 481.455 -246.961 -601.716 505.77 -242.909 -605.462 505.509
  poly 3: -243.021 -599.945 505.249 -245.698 -601.145 480.934 -249.75 -597.399 481.195 -247.073 -596.198 505.51 -243.021 -599.945 505.249
  poly 4: -248.263 -607.864 456.879 -250.941 -609.064 432.564 -254.993 -605.318 432.825 -252.316 -604.117 457.14 -248.263 -607.864 456.879
  poly 5: -248.375 -602.346 456.619 -251.052 -603.547 432.304 -255.104 -599.8 432.565 -252.427 -598.6 456.88 -248.375 -602.346 456.619
  poly 6: -253.618 -610.265 408.249 -256.295 -611.466 383.934 -260.347 -607.719 384.195 -257.67 -606.519 408.51 -253.618 -610.265 408.249
  poly 7: -253.729 -604.747 407.989 -256.407 -605.948 383.674 -260.459 -602.202 383.935 -257.782 -601.001 408.25 -253.729 -604.747 407.989
  poly 8: -258.972 -612.666 359.619 -261.65 -613.867 335.304 -265.702 -610.121 335.565 -263.024 -608.92 359.88 -258.972 -612.666 359.619
  poly 9: -259.084 -607.149 359.358 -261.761 -608.349 335.043 -265.813 -604.603 335.305 -263.136 -603.402 359.62 -259.084 -607.149 359.358
  poly 10: -264.327 -615.068 310.988 -267.004 -616.268 286.673 -271.056 -612.522 286.935 -268.379 -611.321 311.25 -264.327 -615.068 310.988
  poly 11: -264.438 -609.55 310.728 -267.116 -610.751 286.413 -271.168 -607.004 286.674 -268.49 -605.804 310.989 -264.438 -609.55 310.728
  poly 12: -269.681 -617.469 262.358 -272.358 -618.67 238.043 -276.411 -614.923 238.304 -273.733 -613.723 262.619 -269.681 -617.469 262.358
  poly 13: -269.793 -611.952 262.098 -272.47 -613.152 237.783 -276.522 -609.406 238.044 -273.845 -608.205 262.359 -269.793 -611.952 262.098
  poly 14: -275.036 -619.87 213.728 -277.713 -621.071 189.413 -281.765 -617.325 189.674 -279.088 -616.124 213.989 -275.036 -619.87 213.728
  poly 15: -275.147 -614.353 213.468 -277.824 -615.554 189.153 -281.877 -611.807 189.414 -279.199 -610.607 213.729 -275.147 -614.353 213.468
  poly 16: -280.39 -622.272 165.098 -283.067 -623.472 140.783 -287.119 -619.726 141.044 -284.442 -618.525 165.359 -280.39 -622.272 165.098
  poly 17: -280.502 -616.754 164.838 -283.179 -617.955 140.523 -287.231 -614.209 140.784 -284.554 -613.008 165.099 -280.502 -616.754 164.838
  poly 18: -285.745 -624.673 116.468 -288.422 -625.874 92.1525 -292.474 -622.127 92.4137 -289.797 -620.927 116.729 -285.745 -624.673 116.468
  poly 19: -285.856 -619.156 116.207 -288.533 -620.356 91.8923 -292.585 -616.61 92.1535 -289.908 -615.409 116.469 -285.856 -619.156 116.207
  poly 20: -291.099 -627.075 67.8374 -293.776 -628.275 43.5223 -297.828 -624.529 43.7835 -295.151 -623.328 68.0986 -291.099 -627.075 67.8374
  poly 21: -291.211 -621.557 67.5772 -293.888 -622.758 43.2621 -297.94 -619.011 43.5233 -295.263 -617.811 67.8384 -291.211 -621.557 67.5772
  poly 22: -466.378 -475.509 9.27972 -301.627 -626.233 9.27972 -300.506 -625.73 19.4684 -292.401 -633.222 18.946 -286.323 -638.842 18.5543 -283.646 -637.641 42.8694 -283.646 -637.641 42.8694 -279.594 -641.388 42.6082 -276.22 -644.047 45.4517 -274.212 -643.147 63.6881 -276.916 -640.187 66.9233 -280.969 -636.44 67.1845 -280.969 -636.44 67.1845 -278.291 -635.24 91.4996 -278.291 -635.24 91.4996 -274.239 -638.986 91.2384 -270.865 -641.646 94.0819 -268.858 -640.745 112.318 -271.562 -637.785 115.554 -275.614 -634.039 115.815 -275.614 -634.039 115.815 -272.937 -632.838 140.13 -272.937 -632.838 140.13 -268.885 -636.585 139.869 -265.511 -639.244 142.712 -263.503 -638.344 160.948 -266.208 -635.384 164.184 -270.26 -631.638 164.445 -270.26 -631.638 164.445 -267.582 -630.437 188.76 -267.582 -630.437 188.76 -263.53 -634.183 188.499 -260.157 -636.843 191.342 -258.149 -635.943 209.579 -260.853 -632.983 212.814 -264.905 -629.236 213.075 -264.905 -629.236 213.075 -262.228 -628.036 237.39 -262.228 -628.036 237.39 -258.176 -631.782 237.129 -254.802 -634.442 239.973 -252.794 -633.541 258.209 -255.499 -630.581 261.444 -259.551 -626.835 261.705 -259.551 -626.835 261.705 -256.874 -625.634 286.02 -256.874 -625.634 286.02 -252.821 -629.381 285.759 -249.448 -632.04 288.603 -247.44 -631.14 306.839 -250.144 -628.18 310.074 -254.196 -624.434 310.336 -254.196 -624.434 310.336 -251.519 -623.233 334.651 -251.519 -623.233 334.651 -247.467 -626.979 334.389 -244.093 -629.639 337.233 -242.085 -628.738 355.469 -244.79 -625.779 358.705 -248.842 -622.032 358.966 -248.842 -622.032 358.966 -246.165 -620.832 383.281 -246.165 -620.832 383.281 -242.113 -624.578 383.02 -238.739 -627.238 385.863 -236.731 -626.337 404.1 -239.435 -623.377 407.335 -243.487 -619.631 407.596 -243.487 -619.631 407.596 -240.81 -618.43 431.911 -240.81 -618.43 431.911 -236.758 -622.177 431.65 -233.384 -624.836 434.493 -231.376 -623.936 452.73 -234.081 -620.976 455.965 -238.133 -617.23 456.226 -238.133 -617.23 456.226 -235.456 -616.029 480.541 -235.456 -616.029 480.541 -231.404 -619.775 480.28 -228.03 -622.435 483.124 -226.022 -621.534 501.36 -228.726 -618.575 504.595 -232.779 -614.828 504.856 -232.779 -614.828 504.856 -230.101 -613.627 529.171 -230.101 -613.627 529.171 -226.049 -617.374 528.91 -222.675 -620.034 531.754 -220.667 -619.133 549.99 -223.372 -616.173 553.225 -227.424 -612.427 553.487 -227.424 -612.427 553.487 -224.747 -611.226 577.802 -230.825 -605.607 578.193 -238.929 -598.114 578.716 -237.461 -597.455 592.057 -243.86 -590.841 597.117 -251.262 -585.039 590.657 -252.232 -585.039 584.745 -266.854 -573.578 571.982 -265.641 -573.578 579.372 -266.742 -572.145 582.211 -277.708 -563.549 572.639 -280.263 -562.116 566.609 -281.476 -562.116 559.22 -296.098 -550.655 546.457 -294.885 -550.655 553.847 -295.986 -549.222 556.685 -306.952 -540.626 547.114 -309.507 -539.194 541.084 -310.72 -539.194 533.694 -325.342 -527.732 520.932 -324.129 -527.732 528.322 -325.23 -526.3 531.16 -336.196 -517.704 521.588 -338.752 -516.271 515.559 -339.964 -516.271 508.169 -354.586 -504.81 495.407 -353.374 -504.81 502.797 -354.474 -503.377 505.635 -365.44 -494.781 496.063 -367.996 -493.348 490.034 -369.208 -493.348 482.644 -383.83 -481.887 469.882 -382.86 -481.887 475.794 -390.997 -475.509 468.691 -390.997 -475.509 468.691 -466.378 -475.509 9.27972
  poly 23: -461.854 -474.193 9.27972 -297.629 -624.436 9.27972 -296.565 -623.958 18.947 -292.513 -627.705 18.6859 -286.475 -633.287 18.2967 -283.757 -632.124 42.6092 -283.757 -632.124 42.6092 -279.705 -635.87 42.348 -276.331 -638.53 45.1916 -274.324 -637.629 63.4279 -277.028 -634.669 66.6631 -281.08 -630.923 66.9243 -281.08 -630.923 66.9243 -278.403 -629.722 91.2394 -278.403 -629.722 91.2394 -274.351 -633.469 90.9783 -270.977 -636.128 93.8218 -268.969 -635.228 112.058 -271.674 -632.268 115.293 -275.726 -628.522 115.555 -275.726 -628.522 115.555 -273.048 -627.321 139.87 -273.048 -627.321 139.87 -268.996 -631.067 139.608 -265.623 -633.727 142.452 -263.615 -632.826 160.688 -266.319 -629.867 163.924 -270.371 -626.12 164.185 -270.371 -626.12 164.185 -267.694 -624.919 188.5 -267.694 -624.919 188.5 -263.642 -628.666 188.239 -260.268 -631.326 191.082 -258.26 -630.425 209.319 -260.965 -627.465 212.554 -265.017 -623.719 212.815 -265.017 -623.719 212.815 -262.34 -622.518 237.13 -262.34 -622.518 237.13 -258.287 -626.264 236.869 -254.914 -628.924 239.712 -252.906 -628.024 257.949 -255.61 -625.064 261.184 -259.662 -621.317 261.445 -259.662 -621.317 261.445 -256.985 -620.117 285.76 -256.985 -620.117 285.76 -252.933 -623.863 285.499 -249.559 -626.523 288.343 -247.551 -625.622 306.579 -250.256 -622.662 309.814 -254.308 -618.916 310.075 -254.308 -618.916 310.075 -251.631 -617.715 334.39 -251.631 -617.715 334.39 -247.579 -621.462 334.129 -244.205 -624.121 336.973 -242.197 -623.221 355.209 -244.901 -620.261 358.444 -248.953 -616.515 358.706 -248.953 -616.515 358.706 -246.276 -615.314 383.021 -246.276 -615.314 383.021 -242.224 -619.06 382.76 -238.85 -621.72 385.603 -236.842 -620.82 403.839 -239.547 -617.86 407.075 -243.599 -614.113 407.336 -243.599 -614.113 407.336 -240.922 -612.913 431.651 -240.922 -612.913 431.651 -236.87 -616.659 431.39 -233.496 -619.319 434.233 -231.488 -618.418 452.47 -234.192 -615.458 455.705 -238.245 -611.712 455.966 -238.245 -611.712 455.966 -235.567 -610.511 480.281 -235.567 -610.511 480.281 -231.515 -614.258 480.02 -228.141 -616.917 482.863 -226.133 -616.017 501.1 -228.838 -613.057 504.335 -232.89 -609.311 504.596 -232.89 -609.311 504.596 -230.213 -608.11 528.911 -230.213 -608.11 528.911 -226.161 -611.856 528.65 -222.787 -614.516 531.494 -220.779 -613.615 549.73 -223.484 -610.656 552.965 -227.536 -606.909 553.226 -227.536 -606.909 553.226 -224.899 -605.671 577.544 -230.937 -600.089 577.933 -234.989 -596.343 578.194 -234.271 -596.021 584.71 -240.671 -589.407 589.77 -246.243 -585.039 584.907 -246.253 -585.039 584.848 -260.865 -573.578 572.144 -259.653 -573.578 579.534 -260.753 -572.145 582.373 -271.719 -563.549 572.801 -274.275 -562.116 566.771 -275.487 -562.116 559.382 -290.109 -550.655 546.619 -288.897 -550.655 554.009 -289.997 -549.222 556.847 -300.963 -540.626 547.275 -303.519 -539.194 541.246 -304.731 -539.194 533.856 -319.353 -527.732 521.094 -318.141 -527.732 528.484 -319.241 -526.3 531.322 -330.208 -517.704 521.75 -332.763 -516.271 515.721 -333.975 -516.271 508.331 -348.597 -504.81 495.569 -347.385 -504.81 502.959 -348.485 -503.377 505.797 -359.452 -494.781 496.225 -362.007 -493.348 490.196 -363.219 -493.348 482.806 -377.851 -481.887 469.985 -377.841 -481.887 470.044 -387.658 -474.193 461.476 -387.658 -474.193 461.476 -461.854 -474.193 9.27972
element 67
  poly 0: -226.513 -598.095 527.334 -229.31 -599.35 501.928 -233.362 -595.603 502.189 -230.565 -594.349 527.595 -226.513 -598.095 527.334
  poly 1: -226.624 -592.578 527.074 -229.422 -593.832 501.668 -233.474 -590.086 501.929 -230.677 -588.831 527.335 -226.624 -592.578 527.074
  poly 2: -232.108 -600.604 476.521 -234.905 -601.859 451.115 -238.957 -598.113 451.376 -236.16 -596.858 476.783 -232.108 -600.604 476.521
  poly 3: -232.219 -595.087 476.261 -235.017 -596.341 450.855 -239.069 -592.595 451.116 -236.271 -591.341 476.522 -232.219 -595.087 476.261
  poly 4: -237.702 -603.114 425.709 -240.5 -604.368 400.302 -244.552 -600.622 400.564 -241.755 -599.367 425.97 -237.702 -603.114 425.709
  poly 5: -237.814 -597.596 425.449 -240.611 -598.851 400.042 -244.663 -595.104 400.303 -241.866 -593.85 425.71 -237.814 -597.596 425.449
  poly 6: -243.297 -605.623 374.896 -246.095 -606.877 349.49 -250.147 -603.131 349.751 -247.349 -601.876 375.157 -243.297 -605.623 374.896
  poly 7: -243.409 -600.105 374.636 -246.206 -601.36 349.23 -250.258 -597.613 349.491 -247.461 -596.359 374.897 -243.409 -600.105 374.636
  poly 8: -248.892 -608.132 324.083 -251.689 -609.386 298.677 -255.741 -605.64 298.938 -252.944 -604.385 324.345 -248.892 -608.132 324.083
  poly 9: -249.003 -602.614 323.823 -251.801 -603.869 298.417 -255.853 -600.123 298.678 -253.056 -598.868 324.084 -249.003 -602.614 323.823
  poly 10: -254.487 -610.641 273.271 -257.284 -611.896 247.864 -261.336 -608.149 248.126 -258.539 -606.895 273.532 -254.487 -610.641 273.271
  poly 11: -254.598 -605.123 273.011 -257.396 -606.378 247.604 -261.448 -602.632 247.865 -258.65 -601.377 273.272 -254.598 -605.123 273.011
  poly 12: -260.081 -613.15 222.458 -262.879 -614.405 197.052 -266.931 -610.658 197.313 -264.134 -609.404 222.719 -260.081 -613.15 222.458
  poly 13: -260.193 -607.633 222.198 -262.99 -608.887 196.791 -267.042 -605.141 197.053 -264.245 -603.886 222.459 -260.193 -607.633 222.198
  poly 14: -265.676 -615.659 171.645 -268.474 -616.914 146.239 -272.526 -613.167 146.5 -269.728 -611.913 171.906 -265.676 -615.659 171.645
  poly 15: -265.788 -610.142 171.385 -268.585 -611.396 145.979 -272.637 -607.65 146.24 -269.84 -606.395 171.646 -265.788 -610.142 171.385
  poly 16: -271.271 -618.168 120.833 -274.068 -619.423 95.4262 -278.12 -615.677 95.6874 -275.323 -614.422 121.094 -271.271 -618.168 120.833
  poly 17: -271.382 -612.651 120.572 -274.18 -613.905 95.1661 -278.232 -610.159 95.4272 -275.435 -608.904 120.834 -271.382 -612.651 120.572
  poly 18: -276.866 -620.678 70.0199 -279.663 -621.932 44.6136 -283.715 -618.186 44.8747 -280.918 -616.931 70.2811 -276.866 -620.678 70.0199
  poly 19: -276.977 -615.16 69.7597 -279.775 -616.415 44.3534 -283.827 -612.668 44.6145 -281.029 -611.414 70.0209 -276.977 -615.16 69.7597
  poly 20: -238.614 -584.05 547.15 -239.953 -584.65 534.993 -244.005 -580.904 535.254 -242.666 -580.303 547.411 -238.614 -584.05 547.15
  poly 21: -238.726 -578.532 546.89 -240.064 -579.132 534.732 -244.117 -575.386 534.994 -242.778 -574.786 547.151 -238.726 -578.532 546.89
  poly 22: -243.969 -586.451 498.52 -245.307 -587.051 486.362 -249.359 -583.305 486.624 -248.021 -582.705 498.781 -243.969 -586.451 498.52
  poly 23: -244.08 -580.933 498.26 -245.419 -581.534 486.102 -249.471 -577.787 486.363 -248.132 -577.187 498.521 -244.08 -580.933 498.26
  poly 24: -249.323 -588.852 449.89 -250.662 -589.453 437.732 -254.714 -585.706 437.993 -253.375 -585.106 450.151 -249.323 -588.852 449.89
  poly 25: -249.435 -583.335 449.63 -250.773 -583.935 437.472 -254.825 -580.189 437.733 -253.487 -579.588 449.891 -249.435 -583.335 449.63
  poly 26: -254.678 -591.254 401.259 -256.016 -591.854 389.102 -260.068 -588.108 389.363 -258.73 -587.507 401.521 -254.678 -591.254 401.259
  poly 27: -254.789 -585.736 400.999 -256.128 -586.337 388.842 -260.18 -582.59 389.103 -258.841 -581.99 401.26 -254.789 -585.736 400.999
  poly 28: -260.032 -593.655 352.629 -261.371 -594.255 340.472 -265.423 -590.509 340.733 -264.084 -589.909 352.89 -260.032 -593.655 352.629
  poly 29: -260.144 -588.138 352.369 -261.482 -588.738 340.212 -265.534 -584.992 340.473 -264.196 -584.391 352.63 -260.144 -588.138 352.369
  poly 30: -265.386 -596.056 303.999 -266.725 -596.657 291.842 -270.777 -592.91 292.103 -269.439 -592.31 304.26 -265.386 -596.056 303.999
  poly 31: -265.498 -590.539 303.739 -266.837 -591.139 291.581 -270.889 -587.393 291.843 -269.55 -586.793 304 -265.498 -590.539 303.739
  poly 32: -270.741 -598.458 255.369 -272.08 -599.058 243.211 -276.132 -595.312 243.472 -274.793 -594.711 255.63 -270.741 -598.458 255.369
  poly 33: -270.852 -592.94 255.109 -272.191 -593.541 242.951 -276.243 -589.794 243.212 -274.905 -589.194 255.37 -270.852 -592.94 255.109
  poly 34: -276.095 -600.859 206.739 -277.434 -601.46 194.581 -281.486 -597.713 194.842 -280.148 -597.113 207 -276.095 -600.859 206.739
  poly 35: -276.207 -595.342 206.478 -277.546 -595.942 194.321 -281.598 -592.196 194.582 -280.259 -591.595 206.74 -276.207 -595.342 206.478
  poly 36: -281.45 -603.261 158.108 -282.788 -603.861 145.951 -286.841 -600.115 146.212 -285.502 -599.514 158.37 -281.45 -603.261 158.108
  poly 37: -281.561 -597.743 157.848 -282.9 -598.343 145.691 -286.952 -594.597 145.952 -285.614 -593.997 158.109 -281.561 -597.743 157.848
  poly 38: -286.804 -605.662 109.478 -288.143 -606.262 97.3207 -292.195 -602.516 97.5818 -290.856 -601.916 109.739 -286.804 -605.662 109.478
  poly 39: -286.916 -600.144 109.218 -288.254 -600.745 97.0605 -292.307 -596.998 97.3217 -290.968 -596.398 109.479 -286.916 -600.144 109.218
  poly 40: -292.159 -608.063 60.848 -293.497 -608.664 48.6905 -297.549 -604.917 48.9516 -296.211 -604.317 61.1092 -292.159 -608.063 60.848
  poly 41: -292.27 -602.546 60.5878 -293.609 -603.146 48.4303 -297.661 -599.4 48.6915 -296.322 -598.799 60.849 -292.27 -602.546 60.5878
  poly 42: -450.546 -470.902 9.27972 -287.634 -619.943 9.27972 -286.513 -619.44 19.4684 -278.408 -626.933 18.946 -219.663 -600.587 552.479 -227.768 -593.094 553.002 -226.299 -592.436 566.342 -232.698 -585.822 571.403 -240.1 -580.02 564.943 -241.07 -580.02 559.031 -258.115 -566.659 544.153 -257.145 -566.659 550.065 -255.146 -566.325 564.473 -258.982 -563.318 561.125 -258.012 -563.318 567.037 -258.349 -562.483 570.541 -264.741 -557.473 564.962 -266.534 -556.638 559.598 -267.504 -556.638 553.686 -271.34 -553.632 550.339 -274.191 -553.298 535.187 -275.161 -553.298 529.275 -292.206 -539.937 514.398 -291.236 -539.937 520.309 -289.237 -539.603 534.717 -293.072 -536.597 531.37 -292.102 -536.597 537.282 -292.44 -535.762 540.786 -298.832 -530.751 535.206 -300.625 -529.916 529.843 -301.595 -529.916 523.931 -305.43 -526.91 520.583 -308.281 -526.576 505.432 -309.251 -526.576 499.52 -326.297 -513.215 484.642 -325.327 -513.215 490.554 -323.328 -512.881 504.962 -327.163 -509.875 501.614 -326.193 -509.875 507.526 -326.531 -509.04 511.03 -332.923 -504.03 505.451 -334.716 -503.195 500.087 -335.686 -503.195 494.175 -339.521 -500.189 490.828 -342.372 -499.855 475.676 -343.342 -499.855 469.764 -360.388 -486.494 454.887 -359.418 -486.494 460.799 -379.309 -470.902 443.437 -379.309 -470.902 443.437 -450.546 -470.902 9.27972
  poly 43: -446.022 -469.586 9.27972 -283.636 -618.146 9.27972 -282.572 -617.669 18.947 -278.52 -621.416 18.6859 -219.775 -595.07 552.219 -223.827 -591.323 552.48 -223.11 -591.001 558.996 -229.509 -584.387 564.056 -235.081 -580.02 559.193 -235.091 -580.02 559.133 -252.127 -566.659 544.315 -251.157 -566.659 550.227 -249.158 -566.325 564.634 -252.993 -563.318 561.287 -252.023 -563.318 567.199 -252.361 -562.483 570.703 -258.753 -557.473 565.124 -260.546 -556.638 559.76 -261.516 -556.638 553.848 -265.351 -553.632 550.501 -268.202 -553.298 535.349 -269.172 -553.298 529.437 -286.217 -539.937 514.559 -285.247 -539.937 520.471 -283.248 -539.603 534.879 -287.084 -536.597 531.532 -286.114 -536.597 537.443 -286.451 -535.762 540.947 -292.843 -530.751 535.368 -294.636 -529.916 530.005 -295.606 -529.916 524.093 -299.442 -526.91 520.745 -302.293 -526.576 505.594 -303.263 -526.576 499.682 -320.308 -513.215 484.804 -319.338 -513.215 490.716 -317.339 -512.881 505.124 -321.174 -509.875 501.776 -320.204 -509.875 507.688 -320.542 -509.04 511.192 -326.934 -504.03 505.613 -328.727 -503.195 500.249 -329.697 -503.195 494.337 -333.532 -500.189 490.99 -336.383 -499.855 475.838 -337.353 -499.855 469.926 -354.409 -486.494 454.99 -354.399 -486.494 455.049 -375.969 -469.586 436.221 -375.969 -469.586 436.221 -446.022 -469.586 9.27972
element 68
  poly 0: 278.031 -493.862 506.587 261.959 -505.846 519.083 255.964 -505.846 518.921 272.036 -493.862 506.425 278.031 -493.862 506.587
  poly 1: 279.352 -493.862 500.737 263.279 -505.846 513.233 257.285 -505.846 513.071 273.357 -493.862 500.575 279.352 -493.862 500.737
  poly 2: 245.887 -517.83 531.579 229.815 -529.814 544.075 223.82 -529.814 543.913 239.892 -517.83 531.417 245.887 -517.83 531.579
  poly 3: 247.207 -517.83 525.729 231.135 -529.814 538.226 225.14 -529.814 538.063 241.212 -517.83 525.567 247.207 -517.83 525.729
  poly 4: 213.743 -541.797 556.572 197.671 -553.781 569.068 191.676 -553.781 568.906 207.748 -541.797 556.41 213.743 -541.797 556.572
  poly 5: 215.063 -541.797 550.722 198.991 -553.781 563.218 192.996 -553.781 563.056 209.068 -541.797 550.56 215.063 -541.797 550.722
  poly 6: -265.884 -573.578 577.894 -280.506 -562.116 565.131 -274.517 -562.116 565.293 -259.895 -573.578 578.056 -265.884 -573.578 577.894
  poly 7: -266.854 -573.578 571.982 -281.476 -562.116 559.22 -275.487 -562.116 559.382 -260.865 -573.578 572.144 -266.854 -573.578 571.982
  poly 8: -295.128 -550.655 552.369 -309.75 -539.194 539.606 -303.761 -539.194 539.768 -289.139 -550.655 552.531 -295.128 -550.655 552.369
  poly 9: -296.098 -550.655 546.457 -310.72 -539.194 533.694 -304.731 -539.194 533.856 -290.109 -550.655 546.619 -296.098 -550.655 546.457
  poly 10: -324.372 -527.732 526.844 -338.994 -516.271 514.081 -333.005 -516.271 514.243 -318.383 -527.732 527.006 -324.372 -527.732 526.844
  poly 11: -325.342 -527.732 520.932 -339.964 -516.271 508.169 -333.975 -516.271 508.331 -319.353 -527.732 521.094 -325.342 -527.732 520.932
  poly 12: -353.616 -504.81 501.319 -368.238 -493.348 488.556 -362.249 -493.348 488.718 -347.627 -504.81 501.481 -353.616 -504.81 501.319
  poly 13: -354.586 -504.81 495.407 -369.208 -493.348 482.644 -363.219 -493.348 482.806 -348.597 -504.81 495.569 -354.586 -504.81 495.407
  poly 14: 126.098 -572.229 587.038 100.998 -573.461 587.689 100.709 -569.715 583.639 125.809 -568.482 582.988 126.098 -572.229 587.038
  poly 15: 126.371 -577.746 587.113 101.271 -578.978 587.764 100.982 -575.232 583.714 126.082 -574 583.063 126.371 -577.746 587.113
  poly 16: 75.8992 -574.693 588.34 50.8 -575.926 588.991 50.511 -572.179 584.941 75.6102 -570.947 584.29 75.8992 -574.693 588.34
  poly 17: 76.1721 -580.211 588.415 51.0728 -581.443 589.066 50.7838 -577.697 585.016 75.8831 -576.464 584.365 76.1721 -580.211 588.415
  poly 18: 25.7007 -577.158 589.642 0.601451 -578.39 590.293 0.312444 -574.644 586.243 25.4117 -573.412 585.592 25.7007 -577.158 589.642
  poly 19: 25.9736 -582.676 589.718 0.874318 -583.908 590.369 0.58531 -580.162 586.318 25.6846 -578.929 585.667 25.9736 -582.676 589.718
  poly 20: -24.4978 -579.623 590.944 -49.5971 -580.855 591.595 -49.8861 -577.109 587.545 -24.7868 -575.876 586.894 -24.4978 -579.623 590.944
  poly 21: -24.2249 -585.14 591.02 -49.3242 -586.373 591.671 -49.6132 -582.626 587.62 -24.5139 -581.394 586.969 -24.2249 -585.14 591.02
  poly 22: -74.6963 -582.088 592.246 -99.7956 -583.32 592.897 -100.085 -579.574 588.847 -74.9853 -578.341 588.196 -74.6963 -582.088 592.246
  poly 23: -74.4235 -587.605 592.322 -99.5227 -588.837 592.973 -99.8117 -585.091 588.923 -74.7125 -583.859 588.272 -74.4235 -587.605 592.322
  poly 24: -124.895 -584.552 593.549 -149.994 -585.785 594.2 -150.283 -582.038 590.149 -125.184 -580.806 589.498 -124.895 -584.552 593.549
  poly 25: -124.622 -590.07 593.624 -149.721 -591.302 594.275 -150.01 -587.556 590.225 -124.911 -586.323 589.574 -124.622 -590.07 593.624
  poly 26: -175.093 -587.017 594.851 -200.193 -588.249 595.502 -200.482 -584.503 591.451 -175.382 -583.271 590.8 -175.093 -587.017 594.851
  poly 27: -174.82 -592.535 594.926 -199.92 -593.767 595.577 -200.209 -590.021 591.527 -175.109 -588.788 590.876 -174.82 -592.535 594.926
  poly 28: -258.012 -563.318 567.037 -266.534 -556.638 559.598 -260.546 -556.638 559.76 -252.023 -563.318 567.199 -258.012 -563.318 567.037
  poly 29: -258.982 -563.318 561.125 -267.504 -556.638 553.686 -261.516 -556.638 553.848 -252.993 -563.318 561.287 -258.982 -563.318 561.125
  poly 30: -292.102 -536.597 537.282 -300.625 -529.916 529.843 -294.636 -529.916 530.005 -286.114 -536.597 537.443 -292.102 -536.597 537.282
  poly 31: -293.072 -536.597 531.37 -301.595 -529.916 523.931 -295.606 -529.916 524.093 -287.084 -536.597 531.532 -293.072 -536.597 531.37
  poly 32: -326.193 -509.875 507.526 -334.716 -503.195 500.087 -328.727 -503.195 500.249 -320.204 -509.875 507.688 -326.193 -509.875 507.526
  poly 33: -327.163 -509.875 501.614 -335.686 -503.195 494.175 -329.697 -503.195 494.337 -321.174 -509.875 501.776 -327.163 -509.875 501.614
  poly 34: 242.737 -504.534 517.147 233.055 -511.753 524.675 227.06 -511.753 524.513 236.742 -504.534 516.985 242.737 -504.534 517.147
  poly 35: 244.057 -504.534 511.297 234.375 -511.753 518.825 228.38 -511.753 518.663 238.063 -504.534 511.135 244.057 -504.534 511.297
  poly 36: 204.008 -533.411 547.259 194.326 -540.63 554.787 188.331 -540.63 554.625 198.013 -533.411 547.097 204.008 -533.411 547.259
  poly 37: 205.329 -533.411 541.409 195.646 -540.63 548.937 189.652 -540.63 548.775 199.334 -533.411 541.247 205.329 -533.411 541.409
  poly 38: 102.128 -560.244 573.458 88.9323 -560.891 573.8 88.6433 -557.145 569.75 101.839 -556.497 569.407 102.128 -560.244 573.458
  poly 39: 102.401 -565.761 573.533 89.2052 -566.409 573.875 88.9162 -562.663 569.825 102.112 -562.015 569.483 102.401 -565.761 573.533
  poly 40: 49.3459 -562.835 574.827 36.1504 -563.483 575.169 35.8614 -559.737 571.119 49.0569 -559.089 570.776 49.3459 -562.835 574.827
  poly 41: 49.6187 -568.353 574.902 36.4233 -569.001 575.244 36.1342 -565.254 571.194 49.3297 -564.606 570.852 49.6187 -568.353 574.902
  poly 42: -3.43605 -565.427 576.196 -16.6315 -566.075 576.538 -16.9205 -562.328 572.488 -3.72506 -561.68 572.146 -3.43605 -565.427 576.196
  poly 43: -3.16318 -570.944 576.271 -16.3587 -571.592 576.613 -16.6477 -567.846 572.563 -3.45219 -567.198 572.221 -3.16318 -570.944 576.271
  poly 44: -56.218 -568.018 577.565 -69.4134 -568.666 577.907 -69.7025 -564.92 573.857 -56.507 -564.272 573.515 -56.218 -568.018 577.565
  poly 45: -55.9451 -573.536 577.64 -69.1406 -574.184 577.983 -69.4296 -570.437 573.932 -56.2341 -569.789 573.59 -55.9451 -573.536 577.64
  poly 46: -109 -570.61 578.934 -122.195 -571.258 579.276 -122.484 -567.511 575.226 -109.289 -566.864 574.884 -109 -570.61 578.934
  poly 47: -108.727 -576.127 579.009 -121.922 -576.775 579.352 -122.211 -573.029 575.301 -109.016 -572.381 574.959 -108.727 -576.127 579.009
  poly 48: -161.782 -573.202 580.303 -174.977 -573.849 580.645 -175.266 -570.103 576.595 -162.071 -569.455 576.253 -161.782 -573.202 580.303
  poly 49: -161.509 -578.719 580.379 -174.704 -579.367 580.721 -174.993 -575.621 576.671 -161.798 -574.973 576.328 -161.509 -578.719 580.379
  poly 50: 176.231 -569.767 585.738 181.599 -565.765 581.564 187.593 -565.765 581.726 300.098 -481.879 494.253 294.103 -481.879 494.091 301.789 -476.148 488.115 297.659 -469.586 480.922 -385.661 -469.586 462.444 -390.187 -476.144 469.399 -382.86 -481.887 475.794 -388.849 -481.887 475.632 -257.251 -585.039 590.495 -251.262 -585.039 590.657 -244.397 -590.42 596.648 -244.397 -590.42 596.648 -225.292 -589.482 596.153 -225.003 -593.228 600.203 151.486 -574.743 590.437 151.197 -570.996 586.387 176.231 -569.767 585.738 176.231 -569.767 585.738
  poly 51: 168.685 -571.908 581.958 176.924 -565.765 575.552 188.914 -565.765 575.876 301.419 -481.879 488.403 289.429 -481.879 488.079 295.35 -477.464 483.475 291.219 -470.902 476.283 -378.963 -470.902 458.16 -383.489 -477.46 465.114 -377.841 -481.887 470.044 -389.819 -481.887 469.72 -258.221 -585.039 584.583 -246.243 -585.039 584.907 -237.549 -591.854 592.495 -237.549 -591.854 592.495 -225.308 -591.253 592.178 -224.73 -598.746 600.278 151.759 -580.26 590.513 151.181 -572.767 582.412 168.685 -571.908 581.958 168.685 -571.908 581.958
element 69
  poly 0: 252.2 -500.924 492.908 232.835 -515.363 507.964 226.841 -515.363 507.802 246.205 -500.924 492.746 252.2 -500.924 492.908
  poly 1: 253.52 -500.924 487.058 234.156 -515.363 502.114 228.161 -515.363 501.952 247.525 -500.924 486.896 253.52 -500.924 487.058
  poly 2: 213.471 -529.801 523.02 194.107 -544.24 538.076 188.112 -544.24 537.914 207.476 -529.801 522.858 213.471 -529.801 523.02
  poly 3: 214.792 -529.801 517.17 195.427 -544.24 532.226 189.432 -544.24 532.064 208.797 -529.801 517.008 214.792 -529.801 517.17
  poly 4: -257.145 -566.659 550.065 -274.191 -553.298 535.187 -268.202 -553.298 535.349 -251.157 -566.659 550.227 -257.145 -566.659 550.065
  poly 5: -258.115 -566.659 544.153 -275.161 -553.298 529.275 -269.172 -553.298 529.437 -252.127 -566.659 544.315 -258.115 -566.659 544.153
  poly 6: -291.236 -539.937 520.309 -308.281 -526.576 505.432 -302.293 -526.576 505.594 -285.247 -539.937 520.471 -291.236 -539.937 520.309
  poly 7: -292.206 -539.937 514.398 -309.251 -526.576 499.52 -303.263 -526.576 499.682 -286.217 -539.937 514.559 -292.206 -539.937 514.398
  poly 8: -325.327 -513.215 490.554 -342.372 -499.855 475.676 -336.383 -499.855 475.838 -319.338 -513.215 490.716 -325.327 -513.215 490.554
  poly 9: -326.297 -513.215 484.642 -343.342 -499.855 469.764 -337.353 -499.855 469.926 -320.308 -513.215 484.804 -326.297 -513.215 484.642
  poly 10: 109.681 -579.231 573.55 83.2896 -580.527 574.235 83.0006 -576.78 570.184 109.392 -575.485 569.5 109.681 -579.231 573.55
  poly 11: 109.953 -584.749 573.626 83.5625 -586.044 574.31 83.2735 -582.298 570.26 109.664 -581.002 569.575 109.953 -584.749 573.626
  poly 12: 56.8986 -581.823 574.919 30.5077 -583.118 575.604 30.2187 -579.372 571.554 56.6096 -578.076 570.869 56.8986 -581.823 574.919
  poly 13: 57.1715 -587.34 574.995 30.7805 -588.636 575.679 30.4915 -584.89 571.629 56.8825 -583.594 570.944 57.1715 -587.34 574.995
  poly 14: 4.11672 -584.414 576.288 -22.2742 -585.71 576.973 -22.5632 -581.964 572.923 3.82771 -580.668 572.238 4.11672 -584.414 576.288
  poly 15: 4.38959 -589.932 576.364 -22.0014 -591.228 577.048 -22.2904 -587.481 572.998 4.10058 -586.185 572.314 4.38959 -589.932 576.364
  poly 16: -48.6652 -587.006 577.658 -75.0562 -588.302 578.342 -75.3452 -584.555 574.292 -48.9542 -583.259 573.607 -48.6652 -587.006 577.658
  poly 17: -48.3923 -592.523 577.733 -74.7833 -593.819 578.417 -75.0723 -590.073 574.367 -48.6813 -588.777 573.683 -48.3923 -592.523 577.733
  poly 18: -101.447 -589.597 579.027 -127.838 -590.893 579.711 -128.127 -587.147 575.661 -101.736 -585.851 574.976 -101.447 -589.597 579.027
  poly 19: -101.174 -595.115 579.102 -127.565 -596.411 579.787 -127.854 -592.664 575.736 -101.463 -591.369 575.052 -101.174 -595.115 579.102
  poly 20: -154.229 -592.189 580.396 -180.62 -593.485 581.08 -180.909 -589.738 577.03 -154.518 -588.443 576.346 -154.229 -592.189 580.396
  poly 21: -153.956 -597.706 580.471 -180.347 -599.002 581.156 -180.636 -595.256 577.105 -154.245 -593.96 576.421 -153.956 -597.706 580.471
  poly 22: 149.821 -577.26 572.509 174.742 -558.678 553.132 180.737 -558.678 553.295 189.67 -558.678 553.536 286.492 -486.485 478.256 277.559 -486.485 478.014 271.564 -486.485 477.852 279.25 -480.755 471.876 275.12 -474.193 464.684 -362.218 -474.193 447.45 -366.744 -480.751 454.404 -359.418 -486.494 460.799 -365.406 -486.494 460.637 -374.329 -486.494 460.395 -255.012 -580.02 564.539 -246.089 -580.02 564.781 -240.1 -580.02 564.943 -220.428 -595.439 582.113 -220.428 -595.439 582.113 -207.011 -594.781 581.765 -206.722 -598.527 585.815 -206.291 -604.109 591.85 -179.897 -602.851 591.206 -179.897 -602.851 591.206 -179.608 -606.597 595.256 -176.093 -609.245 598.208 -156.3 -608.273 597.695 -153.217 -605.301 594.572 -153.507 -601.555 590.521 -153.507 -601.555 590.521 -127.116 -600.259 589.837 -127.116 -600.259 589.837 -126.827 -604.005 593.887 -123.311 -606.653 596.839 -103.518 -605.681 596.326 -100.436 -602.71 593.203 -100.725 -598.963 589.152 -100.725 -598.963 589.152 -74.3336 -597.667 588.468 -74.3336 -597.667 588.468 -74.0446 -601.414 592.518 -70.529 -604.062 595.47 -50.7358 -603.09 594.957 -47.6537 -600.118 591.833 -47.9427 -596.372 587.783 -47.9427 -596.372 587.783 -21.5517 -595.076 587.099 -21.5517 -595.076 587.099 -21.2627 -598.822 591.149 -17.7471 -601.47 594.101 2.04613 -600.498 593.588 5.12825 -597.526 590.464 4.83924 -593.78 586.414 4.83924 -593.78 586.414 31.2302 -592.484 585.73 31.2302 -592.484 585.73 31.5192 -596.231 589.78 35.0348 -598.878 592.732 54.828 -597.907 592.218 57.9102 -594.935 589.095 57.6212 -591.188 585.045 57.6212 -591.188 585.045 84.0121 -589.893 584.36 84.0121 -589.893 584.36 84.3011 -593.639 588.411 87.8167 -596.287 591.363 107.61 -595.315 590.849 110.692 -592.343 587.726 110.403 -588.597 583.676 110.403 -588.597 583.676 136.791 -587.264 582.951 136.361 -581.682 576.916 136.072 -577.935 572.866 149.821 -577.26 572.509 149.821 -577.26 572.509
  poly 23: 142.275 -579.401 568.729 170.068 -558.678 547.12 182.058 -558.678 547.445 191.05 -558.678 547.688 287.872 -486.485 472.408 278.88 -486.485 472.164 266.89 -486.485 471.84 272.811 -482.071 467.237 268.68 -475.509 460.044 -355.52 -475.509 443.165 -360.046 -482.067 450.119 -354.399 -486.494 455.049 -366.376 -486.494 454.725 -375.359 -486.494 454.482 -256.042 -580.02 558.626 -247.059 -580.02 558.869 -235.081 -580.02 559.193 -213.58 -596.873 577.96 -213.58 -596.873 577.96 -207.027 -596.552 577.79 -206.449 -604.044 585.891 -206.016 -609.664 591.966 -179.625 -608.368 591.281 -179.625 -608.368 591.281 -179.336 -612.115 595.332 -175.82 -614.762 598.284 -156.027 -613.791 597.77 -152.945 -610.819 594.647 -153.234 -607.072 590.597 -153.234 -607.072 590.597 -126.843 -605.777 589.912 -126.843 -605.777 589.912 -126.554 -609.523 593.963 -123.038 -612.171 596.915 -103.245 -611.199 596.401 -100.163 -608.227 593.278 -100.452 -604.481 589.228 -100.452 -604.481 589.228 -74.0608 -603.185 588.543 -74.0608 -603.185 588.543 -73.7718 -606.931 592.593 -70.2561 -609.579 595.546 -50.4629 -608.607 595.032 -47.3808 -605.636 591.909 -47.6698 -601.889 587.859 -47.6698 -601.889 587.859 -21.2789 -600.593 587.174 -21.2789 -600.593 587.174 -20.9898 -604.34 591.224 -17.4742 -606.988 594.176 2.319 -606.016 593.663 5.40111 -603.044 590.54 5.11211 -599.298 586.489 5.11211 -599.298 586.489 31.5031 -598.002 585.805 31.5031 -598.002 585.805 31.7921 -601.748 589.855 35.3077 -604.396 592.807 55.1009 -603.424 592.294 58.183 -600.452 589.171 57.894 -596.706 585.12 57.894 -596.706 585.12 84.285 -595.41 584.436 84.285 -595.41 584.436 84.574 -599.157 588.486 88.0896 -601.804 591.438 107.883 -600.833 590.925 110.965 -597.861 587.801 110.676 -594.114 583.751 110.676 -594.114 583.751 137.067 -592.819 583.067 136.633 -587.199 576.991 136.055 -579.706 568.891 142.275 -579.401 568.729 142.275 -579.401 568.729
element 70
  poly 0: 315.327 -554.971 42.013 308.584 -556.189 65.9141 312.438 -552.443 67.1925 319.181 -551.224 43.2913 315.327 -554.971 42.013
  poly 1: 315.333 -549.453 42.296 308.59 -550.672 66.1972 312.444 -546.926 67.4756 319.187 -545.707 43.5744 315.333 -549.453 42.296
  poly 2: 301.841 -557.408 89.8153 295.098 -558.627 113.717 298.952 -554.881 114.995 305.695 -553.662 91.0937 301.841 -557.408 89.8153
  poly 3: 301.847 -551.891 90.0984 295.104 -553.11 114 298.958 -549.363 115.278 305.701 -548.144 91.3768 301.847 -551.891 90.0984
  poly 4: 288.355 -559.846 137.618 281.612 -561.065 161.519 285.466 -557.319 162.797 292.209 -556.1 138.896 288.355 -559.846 137.618
  poly 5: 288.361 -554.329 137.901 281.617 -555.548 161.802 285.472 -551.801 163.08 292.215 -550.582 139.179 288.361 -554.329 137.901
  poly 6: 274.869 -562.284 185.42 268.126 -563.503 209.321 271.98 -559.757 210.6 278.723 -558.538 186.699 274.869 -562.284 185.42
  poly 7: 274.874 -556.767 185.703 268.131 -557.986 209.604 271.985 -554.239 210.883 278.728 -553.02 186.982 274.874 -556.767 185.703
  poly 8: 261.382 -564.722 233.223 254.639 -565.941 257.124 258.493 -562.195 258.402 265.237 -560.976 234.501 261.382 -564.722 233.223
  poly 9: 261.388 -559.205 233.506 254.645 -560.424 257.407 258.499 -556.677 258.685 265.242 -555.458 234.784 261.388 -559.205 233.506
  poly 10: 247.896 -567.16 281.025 241.153 -568.379 304.926 245.007 -564.633 306.204 251.75 -563.414 282.303 247.896 -567.16 281.025
  poly 11: 247.902 -561.642 281.308 241.159 -562.861 305.209 245.013 -559.115 306.488 251.756 -557.896 282.586 247.902 -561.642 281.308
  poly 12: 234.41 -569.598 328.827 227.667 -570.817 352.728 231.521 -567.07 354.007 238.264 -565.852 330.106 234.41 -569.598 328.827
  poly 13: 234.416 -564.08 329.11 227.673 -565.299 353.012 231.527 -561.553 354.29 238.27 -560.334 330.389 234.416 -564.08 329.11
  poly 14: 220.924 -572.036 376.63 214.181 -573.255 400.531 218.035 -569.508 401.809 224.778 -568.289 377.908 220.924 -572.036 376.63
  poly 15: 220.93 -566.518 376.913 214.187 -567.737 400.814 218.041 -563.991 402.092 224.784 -562.772 378.191 220.93 -566.518 376.913
  poly 16: 207.438 -574.474 424.432 200.695 -575.693 448.333 204.549 -571.946 449.612 211.292 -570.727 425.71 207.438 -574.474 424.432
  poly 17: 207.443 -568.956 424.715 200.7 -570.175 448.616 204.554 -566.429 449.895 211.298 -565.21 425.993 207.443 -568.956 424.715
  poly 18: 193.952 -576.912 472.234 187.208 -578.131 496.136 191.062 -574.384 497.414 197.806 -573.165 473.513 193.952 -576.912 472.234
  poly 19: 193.957 -571.394 472.517 187.214 -572.613 496.419 191.068 -568.867 497.697 197.811 -567.648 473.796 193.957 -571.394 472.517
  poly 20: 180.465 -579.349 520.037 173.722 -580.568 543.938 177.576 -576.822 545.216 184.319 -575.603 521.315 180.465 -579.349 520.037
  poly 21: 180.471 -573.832 520.32 173.728 -575.051 544.221 177.582 -571.305 545.499 184.325 -570.086 521.598 180.471 -573.832 520.32
  poly 22: 328.777 -549.49 9.27972 410.583 -475.509 9.27972 302.646 -475.509 487.448 302.646 -475.509 487.448 294.103 -481.879 494.091 295.424 -481.879 488.241 279.352 -493.862 500.737 277.701 -493.862 508.049 274.702 -495.36 513.999 262.647 -504.348 523.371 261.629 -505.846 520.546 263.279 -505.846 513.233 247.207 -517.83 525.729 245.557 -517.83 533.042 242.557 -519.328 538.991 230.503 -528.316 548.363 229.485 -529.814 545.538 231.135 -529.814 538.226 215.063 -541.797 550.722 213.413 -541.797 558.034 210.413 -543.295 563.984 198.359 -552.283 573.356 197.341 -553.781 570.53 198.991 -553.781 563.218 182.919 -565.765 575.714 181.599 -565.765 581.564 172.814 -572.315 588.394 167.099 -578.716 582.355 170.833 -578.041 569.118 163.125 -585.534 566.561 157.344 -591.153 564.643 164.087 -589.934 540.742 164.087 -589.934 540.742 160.233 -593.681 539.464 158.185 -596.338 535.517 163.243 -595.424 517.591 166.976 -592.462 515.562 170.83 -588.715 516.841 170.83 -588.715 516.841 177.573 -587.496 492.94 177.573 -587.496 492.94 173.719 -591.243 491.661 171.671 -593.9 487.715 176.729 -592.986 469.789 180.462 -590.024 467.76 184.316 -586.277 469.038 184.316 -586.277 469.038 191.059 -585.059 445.137 191.059 -585.059 445.137 187.205 -588.805 443.859 185.158 -591.462 439.912 190.215 -590.548 421.987 193.948 -587.586 419.958 197.803 -583.84 421.236 197.803 -583.84 421.236 204.546 -582.621 397.335 204.546 -582.621 397.335 200.692 -586.367 396.057 198.644 -589.024 392.11 203.701 -588.11 374.184 207.435 -585.148 372.155 211.289 -581.402 373.434 211.289 -581.402 373.434 218.032 -580.183 349.533 218.032 -580.183 349.533 214.178 -583.929 348.254 212.13 -586.587 344.308 217.187 -585.672 326.382 220.921 -582.71 324.353 224.775 -578.964 325.631 224.775 -578.964 325.631 231.518 -577.745 301.73 231.518 -577.745 301.73 227.664 -581.491 300.452 225.616 -584.149 296.505 230.674 -583.234 278.579 234.407 -580.272 276.551 238.261 -576.526 277.829 238.261 -576.526 277.829 245.004 -575.307 253.928 245.004 -575.307 253.928 241.15 -579.053 252.649 239.102 -581.711 248.703 244.16 -580.797 230.777 247.893 -577.834 228.748 251.747 -574.088 230.027 251.747 -574.088 230.027 258.49 -572.869 206.125 258.49 -572.869 206.125 254.636 -576.615 204.847 252.589 -579.273 200.901 257.646 -578.359 182.975 261.379 -575.396 180.946 265.233 -571.65 182.224 265.233 -571.65 182.224 271.977 -570.431 158.323 271.977 -570.431 158.323 268.122 -574.178 157.045 266.075 -576.835 153.098 271.132 -575.921 135.172 274.866 -572.959 133.143 278.72 -569.212 134.422 278.72 -569.212 134.422 285.463 -567.993 110.521 285.463 -567.993 110.521 281.609 -571.74 109.242 279.561 -574.397 105.296 284.618 -573.483 87.3698 288.352 -570.521 85.341 292.206 -566.774 86.6194 292.206 -566.774 86.6194 298.949 -565.555 62.7182 298.949 -565.555 62.7182 295.095 -569.302 61.4398 293.047 -571.959 57.4933 298.104 -571.045 39.5675 301.838 -568.083 37.5386 305.692 -564.336 38.817 305.692 -564.336 38.817 312.435 -563.117 14.9158 318.216 -557.498 16.8334 325.924 -550.005 19.3901 328.777 -549.49 9.27972
  poly 23: 324.648 -547.769 9.27972 406.007 -474.193 9.27972 299.737 -474.193 480.064 299.737 -474.193 480.064 289.429 -481.879 488.079 289.442 -481.879 488.02 273.357 -493.862 500.575 271.706 -493.862 507.887 268.707 -495.36 513.837 256.653 -504.348 523.209 255.634 -505.846 520.383 257.285 -505.846 513.071 241.212 -517.83 525.567 239.562 -517.83 532.88 236.562 -519.328 538.829 224.508 -528.316 548.201 223.49 -529.814 545.376 225.14 -529.814 538.063 209.068 -541.797 550.56 207.418 -541.797 557.872 204.418 -543.295 563.822 192.364 -552.283 573.194 191.346 -553.781 570.368 192.996 -553.781 563.056 176.937 -565.765 575.494 176.924 -565.765 575.552 171.011 -570.174 580.15 165.296 -576.575 574.11 166.985 -576.27 568.122 163.131 -580.016 566.844 157.388 -585.598 564.939 164.093 -584.417 541.025 164.093 -584.417 541.025 160.239 -588.163 539.747 158.191 -590.821 535.8 163.248 -589.906 517.874 166.982 -586.944 515.846 170.836 -583.198 517.124 170.836 -583.198 517.124 177.579 -581.979 493.223 177.579 -581.979 493.223 173.725 -585.725 491.944 171.677 -588.383 487.998 176.735 -587.468 470.072 180.468 -584.506 468.043 184.322 -580.76 469.322 184.322 -580.76 469.322 191.065 -579.541 445.42 191.065 -579.541 445.42 187.211 -583.287 444.142 185.163 -585.945 440.195 190.221 -585.031 422.27 193.954 -582.068 420.241 197.808 -578.322 421.519 197.808 -578.322 421.519 204.551 -577.103 397.618 204.551 -577.103 397.618 200.697 -580.849 396.34 198.65 -583.507 392.393 203.707 -582.593 374.467 207.44 -579.631 372.438 211.294 -575.884 373.717 211.294 -575.884 373.717 218.038 -574.665 349.816 218.038 -574.665 349.816 214.183 -578.412 348.537 212.136 -581.069 344.591 217.193 -580.155 326.665 220.927 -577.193 324.636 224.781 -573.446 325.914 224.781 -573.446 325.914 231.524 -572.227 302.013 231.524 -572.227 302.013 227.67 -575.974 300.735 225.622 -578.631 296.788 230.679 -577.717 278.862 234.413 -574.755 276.834 238.267 -571.008 278.112 238.267 -571.008 278.112 245.01 -569.789 254.211 245.01 -569.789 254.211 241.156 -573.536 252.932 239.108 -576.193 248.986 244.166 -575.279 231.06 247.899 -572.317 229.031 251.753 -568.57 230.31 251.753 -568.57 230.31 258.496 -567.352 206.408 258.496 -567.352 206.408 254.642 -571.098 205.13 252.594 -573.755 201.184 257.652 -572.841 183.258 261.385 -569.879 181.229 265.239 -566.133 182.507 265.239 -566.133 182.507 271.982 -564.914 158.606 271.982 -564.914 158.606 268.128 -568.66 157.328 266.081 -571.317 153.381 271.138 -570.403 135.455 274.871 -567.441 133.426 278.725 -563.695 134.705 278.725 -563.695 134.705 285.468 -562.476 110.804 285.468 -562.476 110.804 281.614 -566.222 109.525 279.567 -568.879 105.579 284.624 -567.965 87.6529 288.358 -565.003 85.624 292.212 -561.257 86.9024 292.212 -561.257 86.9024 298.955 -560.038 63.0012 298.955 -560.038 63.0012 295.101 -563.784 61.7228 293.053 -566.442 57.7764 298.11 -565.527 39.8505 301.844 -562.565 37.8216 305.698 -558.819 39.1 305.698 -558.819 39.1 312.479 -557.562 15.2116 318.222 -551.98 17.1164 322.076 -548.234 18.3948 324.648 -547.769 9.27972
element 71
  poly 0: 300.621 -548.995 42.9152 293.623 -550.26 67.7186 297.477 -546.514 68.997 304.475 -545.249 44.1936 300.621 -548.995 42.9152
  poly 1: 300.626 -543.478 43.1982 293.629 -544.742 68.0016 297.483 -540.996 69.28 304.481 -539.731 44.4766 300.626 -543.478 43.1982
  poly 2: 286.625 -551.525 92.522 279.628 -552.79 117.325 283.482 -549.044 118.604 290.48 -547.779 93.8004 286.625 -551.525 92.522
  poly 3: 286.631 -546.007 92.805 279.634 -547.272 117.608 283.488 -543.526 118.887 290.485 -542.261 94.0834 286.631 -546.007 92.805
  poly 4: 272.63 -554.055 142.129 265.633 -555.32 166.932 269.487 -551.574 168.211 276.484 -550.309 143.407 272.63 -554.055 142.129
  poly 5: 272.636 -548.537 142.412 265.638 -549.802 167.215 269.492 -546.056 168.494 276.49 -544.791 143.69 272.636 -548.537 142.412
  poly 6: 258.635 -556.585 191.736 251.637 -557.85 216.539 255.491 -554.103 217.818 262.489 -552.838 193.014 258.635 -556.585 191.736
  poly 7: 258.641 -551.067 192.019 251.643 -552.332 216.822 255.497 -548.586 218.101 262.495 -547.321 193.297 258.641 -551.067 192.019
  poly 8: 244.64 -559.115 241.343 237.642 -560.38 266.146 241.496 -556.633 267.424 248.494 -555.368 242.621 244.64 -559.115 241.343
  poly 9: 244.645 -553.597 241.626 237.648 -554.862 266.429 241.502 -551.116 267.707 248.5 -549.851 242.904 244.645 -553.597 241.626
  poly 10: 230.644 -561.645 290.949 223.647 -562.91 315.753 227.501 -559.163 317.031 234.498 -557.898 292.228 230.644 -561.645 290.949
  poly 11: 230.65 -556.127 291.232 223.653 -557.392 316.036 227.507 -553.646 317.314 234.504 -552.381 292.511 230.65 -556.127 291.232
  poly 12: 216.649 -564.175 340.556 209.652 -565.44 365.36 213.506 -561.693 366.638 220.503 -560.428 341.835 216.649 -564.175 340.556
  poly 13: 216.655 -558.657 340.839 209.657 -559.922 365.643 213.511 -556.176 366.921 220.509 -554.911 342.118 216.655 -558.657 340.839
  poly 14: 202.654 -566.705 390.163 195.656 -567.969 414.966 199.51 -564.223 416.245 206.508 -562.958 391.441 202.654 -566.705 390.163
  poly 15: 202.66 -561.187 390.446 195.662 -562.452 415.249 199.516 -558.706 416.528 206.514 -557.441 391.724 202.66 -561.187 390.446
  poly 16: 188.659 -569.234 439.77 181.661 -570.499 464.573 185.515 -566.753 465.852 192.513 -565.488 441.048 188.659 -569.234 439.77
  poly 17: 188.664 -563.717 440.053 181.667 -564.982 464.856 185.521 -561.236 466.135 192.518 -559.971 441.331 188.664 -563.717 440.053
  poly 18: 174.663 -571.764 489.377 167.666 -573.029 514.18 171.52 -569.283 515.459 178.517 -568.018 490.655 174.663 -571.764 489.377
  poly 19: 174.669 -566.247 489.66 167.672 -567.512 514.463 171.526 -563.765 515.742 178.523 -562.5 490.938 174.669 -566.247 489.66
  poly 20: 313.662 -535.964 48.9788 310.29 -536.573 60.9294 314.144 -532.827 62.2078 317.516 -532.217 50.2572 313.662 -535.964 48.9788
  poly 21: 313.667 -530.446 49.2618 310.296 -531.056 61.2124 314.15 -527.309 62.4908 317.521 -526.7 50.5402 313.667 -530.446 49.2618
  poly 22: 300.175 -538.402 96.7812 296.804 -539.011 108.732 300.658 -535.265 110.01 304.03 -534.655 98.0596 300.175 -538.402 96.7812
  poly 23: 300.181 -532.884 97.0642 296.81 -533.494 109.015 300.664 -529.747 110.293 304.035 -529.138 98.3426 300.181 -532.884 97.0642
  poly 24: 286.689 -540.84 144.584 283.318 -541.449 156.534 287.172 -537.703 157.813 290.543 -537.093 145.862 286.689 -540.84 144.584
  poly 25: 286.695 -535.322 144.867 283.323 -535.932 156.817 287.178 -532.185 158.096 290.549 -531.576 146.145 286.695 -535.322 144.867
  poly 26: 273.203 -543.278 192.386 269.832 -543.887 204.337 273.686 -540.141 205.615 277.057 -539.531 193.664 273.203 -543.278 192.386
  poly 27: 273.209 -537.76 192.669 269.837 -538.369 204.62 273.691 -534.623 205.898 277.063 -534.014 193.947 273.209 -537.76 192.669
  poly 28: 259.717 -545.715 240.188 256.345 -546.325 252.139 260.199 -542.579 253.417 263.571 -541.969 241.467 259.717 -545.715 240.188
  poly 29: 259.723 -540.198 240.471 256.351 -540.807 252.422 260.205 -537.061 253.7 263.577 -536.452 241.75 259.723 -540.198 240.471
  poly 30: 246.231 -548.153 287.991 242.859 -548.763 299.941 246.713 -545.016 301.22 250.085 -544.407 289.269 246.231 -548.153 287.991
  poly 31: 246.236 -542.636 288.274 242.865 -543.245 300.224 246.719 -539.499 301.503 250.091 -538.889 289.552 246.236 -542.636 288.274
  poly 32: 232.745 -550.591 335.793 229.373 -551.201 347.744 233.227 -547.454 349.022 236.599 -546.845 337.072 232.745 -550.591 335.793
  poly 33: 232.75 -545.074 336.076 229.379 -545.683 348.027 233.233 -541.937 349.305 236.604 -541.327 337.355 232.75 -545.074 336.076
  poly 34: 219.258 -553.029 383.596 215.887 -553.639 395.546 219.741 -549.892 396.825 223.112 -549.283 384.874 219.258 -553.029 383.596
  poly 35: 219.264 -547.512 383.879 215.893 -548.121 395.829 219.747 -544.375 397.108 223.118 -543.765 385.157 219.264 -547.512 383.879
  poly 36: 205.772 -555.467 431.398 202.401 -556.076 443.349 206.255 -552.33 444.627 209.626 -551.721 432.676 205.772 -555.467 431.398
  poly 37: 205.778 -549.949 431.681 202.406 -550.559 443.632 206.26 -546.813 444.91 209.632 -546.203 432.959 205.778 -549.949 431.681
  poly 38: 192.286 -557.905 479.2 188.914 -558.514 491.151 192.768 -554.768 492.429 196.14 -554.159 480.479 192.286 -557.905 479.2
  poly 39: 192.292 -552.387 479.483 188.92 -552.997 491.434 192.774 -549.25 492.712 196.146 -548.641 480.762 192.292 -552.387 479.483
  poly 40: 178.8 -560.343 527.003 175.428 -560.952 538.953 179.282 -557.206 540.232 182.654 -556.596 528.281 178.8 -560.343 527.003
  poly 41: 178.806 -554.825 527.286 175.434 -555.435 539.236 179.288 -551.688 540.515 182.66 -551.079 528.564 178.806 -554.825 527.286
  poly 42: 314.325 -543.468 9.27972 394.567 -470.902 9.27972 292.464 -470.902 461.602 292.464 -470.902 461.602 271.564 -486.485 477.852 272.885 -486.485 472.002 253.52 -500.924 487.058 252.2 -500.924 492.908 248.414 -501.285 507.91 244.057 -504.534 511.297 242.737 -504.534 517.147 240.536 -505.436 522.475 233.275 -510.851 528.122 233.055 -511.753 524.675 234.375 -511.753 518.825 230.018 -515.002 522.213 232.835 -515.363 507.964 234.156 -515.363 502.114 214.792 -529.801 517.17 213.471 -529.801 523.02 209.686 -530.162 538.022 205.329 -533.411 541.409 204.008 -533.411 547.259 201.807 -534.313 552.588 194.546 -539.728 558.234 194.326 -540.63 554.787 195.646 -540.63 548.937 191.289 -543.879 552.325 194.107 -544.24 538.076 195.427 -544.24 532.226 176.063 -558.678 547.283 174.742 -558.678 553.132 166.503 -564.821 559.538 160.788 -571.223 553.499 164.522 -570.548 540.262 156.814 -578.041 537.705 303.764 -551.476 16.8334 311.472 -543.984 19.3901 314.325 -543.468 9.27972
  poly 43: 310.196 -541.748 9.27972 389.991 -469.586 9.27972 289.555 -469.586 454.218 289.555 -469.586 454.218 266.89 -486.485 471.84 266.903 -486.485 471.782 247.525 -500.924 486.896 246.205 -500.924 492.746 242.42 -501.285 507.747 238.063 -504.534 511.135 236.742 -504.534 516.985 234.541 -505.436 522.313 227.28 -510.851 527.959 227.06 -511.753 524.513 228.38 -511.753 518.663 224.023 -515.002 522.051 226.841 -515.363 507.802 228.161 -515.363 501.952 208.797 -529.801 517.008 207.476 -529.801 522.858 203.691 -530.162 537.859 199.334 -533.411 541.247 198.013 -533.411 547.097 195.813 -534.313 552.425 188.551 -539.728 558.071 188.331 -540.63 554.625 189.652 -540.63 548.775 185.295 -543.879 552.163 188.112 -544.24 537.914 189.432 -544.24 532.064 170.081 -558.678 547.062 170.068 -558.678 547.12 164.7 -562.681 551.294 158.984 -569.082 545.255 160.674 -568.777 539.267 156.82 -572.523 537.988 303.77 -545.959 17.1164 307.624 -542.213 18.3948 310.196 -541.748 9.27972
element 72
  poly 0: -301.627 -626.233 9.27972 -300.495 -701.797 9.27972 -235.53 -701.797 595.361 -235.274 -699.065 598.038 -235.52 -684.245 597.823 -235.963 -684.245 593.832 -236.377 -659.297 593.471 -235.824 -659.297 598.459 -235.544 -656.179 601.407 -235.854 -637.468 601.136 -236.238 -634.35 598.098 -236.791 -634.35 593.11 -237.205 -609.403 592.748 -236.762 -609.403 596.739 -236.915 -600.202 596.606 -237.289 -597.378 593.614 -238.929 -598.114 578.716 -238.928 -598.169 578.718 -241.607 -599.315 554.401 -241.718 -593.797 554.14 -242.064 -580.033 552.882 -242.666 -580.303 547.411 -242.778 -574.786 547.151 -243.029 -570.723 545.436 -244.033 -571.173 536.318 -244.117 -575.386 534.994 -244.005 -580.904 535.254 -244.607 -581.174 529.783 -244.395 -594.998 529.825 -244.284 -600.515 530.086 -246.961 -601.716 505.77 -247.073 -596.198 505.51 -247.418 -582.434 504.252 -248.021 -582.705 498.781 -248.132 -577.187 498.521 -248.383 -573.124 496.806 -249.387 -573.574 487.688 -249.471 -577.787 486.363 -249.359 -583.305 486.624 -249.962 -583.575 481.153 -249.75 -597.399 481.195 -249.638 -602.917 481.455 -252.316 -604.117 457.14 -252.427 -598.6 456.88 -252.773 -584.836 455.622 -253.375 -585.106 450.151 -253.487 -579.588 449.891 -253.738 -575.525 448.176 -254.742 -575.976 439.058 -254.825 -580.189 437.733 -254.714 -585.706 437.993 -255.316 -585.977 432.522 -255.104 -599.8 432.565 -254.993 -605.318 432.825 -257.67 -606.519 408.51 -257.782 -601.001 408.25 -258.127 -587.237 406.992 -258.73 -587.507 401.521 -258.841 -581.99 401.26 -259.092 -577.927 399.546 -260.096 -578.377 390.427 -260.18 -582.59 389.103 -260.068 -588.108 389.363 -260.671 -588.378 383.892 -260.459 -602.202 383.935 -260.347 -607.719 384.195 -263.024 -608.92 359.88 -263.136 -603.402 359.62 -263.482 -589.639 358.361 -264.084 -589.909 352.89 -264.196 -584.391 352.63 -264.447 -580.328 350.915 -265.451 -580.778 341.797 -265.534 -584.992 340.473 -265.423 -590.509 340.733 -266.025 -590.779 335.262 -265.813 -604.603 335.305 -265.702 -610.121 335.565 -268.379 -611.321 311.25 -268.49 -605.804 310.989 -268.836 -592.04 309.731 -269.439 -592.31 304.26 -269.55 -586.793 304 -269.801 -582.729 302.285 -270.805 -583.18 293.167 -270.889 -587.393 291.843 -270.777 -592.91 292.103 -271.38 -593.181 286.632 -271.168 -607.004 286.674 -271.056 -612.522 286.935 -273.733 -613.723 262.619 -273.845 -608.205 262.359 -274.191 -594.441 261.101 -274.793 -594.711 255.63 -274.905 -589.194 255.37 -275.156 -585.131 253.655 -276.16 -585.581 244.537 -276.243 -589.794 243.212 -276.132 -595.312 243.472 -276.734 -595.582 238.002 -276.522 -609.406 238.044 -276.411 -614.923 238.304 -279.088 -616.124 213.989 -279.199 -610.607 213.729 -279.545 -596.843 212.471 -280.148 -597.113 207 -280.259 -591.595 206.74 -280.51 -587.532 205.025 -281.514 -587.982 195.907 -281.598 -592.196 194.582 -281.486 -597.713 194.842 -282.088 -597.983 189.371 -281.877 -611.807 189.414 -281.765 -617.325 189.674 -284.442 -618.525 165.359 -284.554 -613.008 165.099 -284.9 -599.244 163.841 -285.502 -599.514 158.37 -285.614 -593.997 158.109 -285.864 -589.934 156.395 -286.868 -590.384 147.276 -286.952 -594.597 145.952 -286.841 -600.115 146.212 -287.443 -600.385 140.741 -287.231 -614.209 140.784 -287.119 -619.726 141.044 -289.797 -620.927 116.729 -289.908 -615.409 116.469 -290.254 -601.645 115.21 -290.856 -601.916 109.739 -290.968 -596.398 109.479 -291.219 -592.335 107.764 -292.223 -592.785 98.6462 -292.307 -596.998 97.3217 -292.195 -602.516 97.5818 -292.797 -602.786 92.1109 -292.585 -616.61 92.1535 -292.474 -622.127 92.4137 -295.151 -623.328 68.0986 -295.263 -617.811 67.8384 -295.608 -604.047 66.5801 -296.211 -604.317 61.1092 -296.322 -598.799 60.849 -296.573 -594.736 59.1342 -297.577 -595.187 50.016 -297.661 -599.4 48.6915 -297.549 -604.917 48.9516 -298.152 -605.187 43.4807 -297.94 -619.011 43.5233 -297.828 -624.529 43.7835 -300.504 -625.785 19.471 -300.506 -625.73 19.4684 -301.627 -626.233 9.27972
  poly 1: -297.629 -624.436 9.27972 -296.498 -699.908 9.27972 -231.99 -699.908 591.242 -231.734 -697.176 593.919 -231.949 -684.245 593.731 -231.953 -684.245 593.691 -232.363 -659.297 593.37 -231.81 -659.297 598.358 -231.53 -656.179 601.306 -231.841 -637.468 601.035 -232.224 -634.35 597.997 -232.777 -634.35 593.008 -233.195 -609.403 592.607 -233.191 -609.403 592.647 -233.37 -598.608 592.491 -233.744 -595.784 589.499 -234.989 -596.343 578.194 -234.877 -601.86 578.455 -237.555 -603.061 554.139 -237.666 -597.543 553.879 -238.012 -583.779 552.621 -238.614 -584.05 547.15 -238.726 -578.532 546.89 -238.977 -574.469 545.175 -239.981 -574.919 536.057 -240.064 -579.132 534.732 -239.953 -584.65 534.993 -240.555 -584.92 529.522 -240.343 -598.744 529.564 -240.232 -604.262 529.824 -242.909 -605.462 505.509 -243.021 -599.945 505.249 -243.366 -586.181 503.991 -243.969 -586.451 498.52 -244.08 -580.933 498.26 -244.331 -576.87 496.545 -245.335 -577.321 487.427 -245.419 -581.534 486.102 -245.307 -587.051 486.362 -245.91 -587.322 480.891 -245.698 -601.145 480.934 -245.586 -606.663 481.194 -248.263 -607.864 456.879 -248.375 -602.346 456.619 -248.721 -588.582 455.361 -249.323 -588.852 449.89 -249.435 -583.335 449.63 -249.686 -579.272 447.915 -250.69 -579.722 438.797 -250.773 -583.935 437.472 -250.662 -589.453 437.732 -251.264 -589.723 432.261 -251.052 -603.547 432.304 -250.941 -609.064 432.564 -253.618 -610.265 408.249 -253.729 -604.747 407.989 -254.075 -590.984 406.73 -254.678 -591.254 401.259 -254.789 -585.736 400.999 -255.04 -581.673 399.284 -256.044 -582.123 390.166 -256.128 -586.337 388.842 -256.016 -591.854 389.102 -256.619 -592.124 383.631 -256.407 -605.948 383.674 -256.295 -611.466 383.934 -258.972 -612.666 359.619 -259.084 -607.149 359.358 -259.43 -593.385 358.1 -260.032 -593.655 352.629 -260.144 -588.138 352.369 -260.395 -584.074 350.654 -261.399 -584.525 341.536 -261.482 -588.738 340.212 -261.371 -594.255 340.472 -261.973 -594.526 335.001 -261.761 -608.349 335.043 -261.65 -613.867 335.304 -264.327 -615.068 310.988 -264.438 -609.55 310.728 -264.784 -595.786 309.47 -265.386 -596.056 303.999 -265.498 -590.539 303.739 -265.749 -586.476 302.024 -266.753 -586.926 292.906 -266.837 -591.139 291.581 -266.725 -596.657 291.842 -267.327 -596.927 286.371 -267.116 -610.751 286.413 -267.004 -616.268 286.673 -269.681 -617.469 262.358 -269.793 -611.952 262.098 -270.139 -598.188 260.84 -270.741 -598.458 255.369 -270.852 -592.94 255.109 -271.103 -588.877 253.394 -272.107 -589.327 244.276 -272.191 -593.541 242.951 -272.08 -599.058 243.211 -272.682 -599.328 237.74 -272.47 -613.152 237.783 -272.358 -618.67 238.043 -275.036 -619.87 213.728 -275.147 -614.353 213.468 -275.493 -600.589 212.21 -276.095 -600.859 206.739 -276.207 -595.342 206.478 -276.458 -591.279 204.764 -277.462 -591.729 195.645 -277.546 -595.942 194.321 -277.434 -601.46 194.581 -278.036 -601.73 189.11 -277.824 -615.554 189.153 -277.713 -621.071 189.413 -280.39 -622.272 165.098 -280.502 -616.754 164.838 -280.847 -602.99 163.579 -281.45 -603.261 158.108 -281.561 -597.743 157.848 -281.812 -593.68 156.133 -282.816 -594.13 147.015 -282.9 -598.343 145.691 -282.788 -603.861 145.951 -283.391 -604.131 140.48 -283.179 -617.955 140.523 -283.067 -623.472 140.783 -285.745 -624.673 116.468 -285.856 -619.156 116.207 -286.202 -605.392 114.949 -286.804 -605.662 109.478 -286.916 -600.144 109.218 -287.167 -596.081 107.503 -288.171 -596.532 98.3851 -288.254 -600.745 97.0605 -288.143 -606.262 97.3207 -288.745 -606.532 91.8498 -288.533 -620.356 91.8923 -288.422 -625.874 92.1525 -291.099 -627.075 67.8374 -291.211 -621.557 67.5772 -291.556 -607.793 66.3189 -292.159 -608.063 60.848 -292.27 -602.546 60.5878 -292.521 -598.483 58.873 -293.525 -598.933 49.7549 -293.609 -603.146 48.4303 -293.497 -608.664 48.6905 -294.1 -608.934 43.2196 -293.888 -622.758 43.2621 -293.776 -628.275 43.5223 -296.453 -629.476 19.2072 -296.565 -623.958 18.947 -297.629 -624.436 9.27972
element 73
  poly 0: -227.424 -612.427 553.487 -230.101 -613.627 529.171 -230.213 -608.11 528.911 -227.536 -606.909 553.226 -227.424 -612.427 553.487
  poly 1: -223.372 -616.173 553.225 -226.049 -617.374 528.91 -226.161 -611.856 528.65 -223.484 -610.656 552.965 -223.372 -616.173 553.225
  poly 2: -232.779 -614.828 504.856 -235.456 -616.029 480.541 -235.567 -610.511 480.281 -232.89 -609.311 504.596 -232.779 -614.828 504.856
  poly 3: -228.726 -618.575 504.595 -231.404 -619.775 480.28 -231.515 -614.258 480.02 -228.838 -613.057 504.335 -228.726 -618.575 504.595
  poly 4: -238.133 -617.23 456.226 -240.81 -618.43 431.911 -240.922 -612.913 431.651 -238.245 -611.712 455.966 -238.133 -617.23 456.226
  poly 5: -234.081 -620.976 455.965 -236.758 -622.177 431.65 -236.87 -616.659 431.39 -234.192 -615.458 455.705 -234.081 -620.976 455.965
  poly 6: -243.487 -619.631 407.596 -246.165 -620.832 383.281 -246.276 -615.314 383.021 -243.599 -614.113 407.336 -243.487 -619.631 407.596
  poly 7: -239.435 -623.377 407.335 -242.113 -624.578 383.02 -242.224 -619.06 382.76 -239.547 -617.86 407.075 -239.435 -623.377 407.335
  poly 8: -248.842 -622.032 358.966 -251.519 -623.233 334.651 -251.631 -617.715 334.39 -248.953 -616.515 358.706 -248.842 -622.032 358.966
  poly 9: -244.79 -625.779 358.705 -247.467 -626.979 334.389 -247.579 -621.462 334.129 -244.901 -620.261 358.444 -244.79 -625.779 358.705
  poly 10: -254.196 -624.434 310.336 -256.874 -625.634 286.02 -256.985 -620.117 285.76 -254.308 -618.916 310.075 -254.196 -624.434 310.336
  poly 11: -250.144 -628.18 310.074 -252.821 -629.381 285.759 -252.933 -623.863 285.499 -250.256 -622.662 309.814 -250.144 -628.18 310.074
  poly 12: -259.551 -626.835 261.705 -262.228 -628.036 237.39 -262.34 -622.518 237.13 -259.662 -621.317 261.445 -259.551 -626.835 261.705
  poly 13: -255.499 -630.581 261.444 -258.176 -631.782 237.129 -258.287 -626.264 236.869 -255.61 -625.064 261.184 -255.499 -630.581 261.444
  poly 14: -264.905 -629.236 213.075 -267.582 -630.437 188.76 -267.694 -624.919 188.5 -265.017 -623.719 212.815 -264.905 -629.236 213.075
  poly 15: -260.853 -632.983 212.814 -263.53 -634.183 188.499 -263.642 -628.666 188.239 -260.965 -627.465 212.554 -260.853 -632.983 212.814
  poly 16: -270.26 -631.638 164.445 -272.937 -632.838 140.13 -273.048 -627.321 139.87 -270.371 -626.12 164.185 -270.26 -631.638 164.445
  poly 17: -266.208 -635.384 164.184 -268.885 -636.585 139.869 -268.996 -631.067 139.608 -266.319 -629.867 163.924 -266.208 -635.384 164.184
  poly 18: -275.614 -634.039 115.815 -278.291 -635.24 91.4996 -278.403 -629.722 91.2394 -275.726 -628.522 115.555 -275.614 -634.039 115.815
  poly 19: -271.562 -637.785 115.554 -274.239 -638.986 91.2384 -274.351 -633.469 90.9783 -271.674 -632.268 115.293 -271.562 -637.785 115.554
  poly 20: -280.969 -636.44 67.1845 -283.646 -637.641 42.8694 -283.757 -632.124 42.6092 -281.08 -630.923 66.9243 -280.969 -636.44 67.1845
  poly 21: -276.916 -640.187 66.9233 -279.594 -641.388 42.6082 -279.705 -635.87 42.348 -277.028 -634.669 66.6631 -276.916 -640.187 66.9233
  poly 22: -287.634 -619.943 9.27972 -286.506 -695.187 9.27972 -223.14 -695.187 580.945 -222.884 -692.455 583.621 -223.066 -681.513 583.462 -223.508 -681.513 579.472 -223.923 -656.486 579.109 -223.481 -656.486 583.1 -222.386 -655.861 593.067 -222.479 -650.23 592.986 -222.037 -650.23 596.976 -221.731 -648.666 599.946 -221.887 -639.281 599.81 -222.244 -637.716 596.795 -222.687 -637.716 592.804 -222.78 -632.086 592.723 -223.896 -631.46 582.737 -224.339 -631.46 578.747 -224.754 -606.433 578.384 -224.312 -606.433 582.375 -224.508 -594.624 582.204 -224.882 -591.8 579.212 -227.768 -593.094 553.002 -227.767 -593.15 553.004 -230.565 -594.349 527.595 -230.704 -587.452 527.27 -231.138 -583.471 523.899 -233.236 -584.412 504.844 -233.502 -588.707 501.864 -233.362 -595.603 502.189 -236.16 -596.858 476.783 -236.299 -589.961 476.457 -236.733 -585.98 473.087 -238.831 -586.921 454.032 -239.097 -591.216 451.051 -238.957 -598.113 451.376 -241.755 -599.367 425.97 -241.894 -592.47 425.645 -242.327 -588.489 422.274 -244.425 -589.43 403.219 -244.691 -593.725 400.238 -244.552 -600.622 400.564 -247.349 -601.876 375.157 -247.489 -594.979 374.832 -247.922 -590.998 371.461 -250.02 -591.939 352.406 -250.286 -596.234 349.426 -250.147 -603.131 349.751 -252.944 -604.385 324.345 -253.083 -597.489 324.019 -253.517 -593.507 320.648 -255.615 -594.448 301.594 -255.881 -598.743 298.613 -255.741 -605.64 298.938 -258.539 -606.895 273.532 -258.678 -599.998 273.207 -259.112 -596.016 269.836 -261.21 -596.957 250.781 -261.476 -601.252 247.8 -261.336 -608.149 248.126 -264.134 -609.404 222.719 -264.273 -602.507 222.394 -264.706 -598.525 219.023 -266.804 -599.466 199.968 -267.07 -603.761 196.988 -266.931 -610.658 197.313 -269.728 -611.913 171.906 -269.868 -605.016 171.581 -270.301 -601.035 168.21 -272.399 -601.976 149.156 -272.665 -606.271 146.175 -272.526 -613.167 146.5 -275.323 -614.422 121.094 -275.462 -607.525 120.769 -275.896 -603.544 117.398 -277.994 -604.485 98.3429 -278.26 -608.78 95.3622 -278.12 -615.677 95.6874 -280.918 -616.931 70.2811 -281.057 -610.034 69.9558 -281.491 -606.053 66.5849 -283.589 -606.994 47.5302 -283.855 -611.289 44.5495 -283.715 -618.186 44.8747 -286.511 -619.495 19.471 -286.513 -619.44 19.4684 -287.634 -619.943 9.27972
  poly 23: -283.636 -618.147 9.27972 -282.51 -693.298 9.27972 -219.6 -693.298 576.825 -219.344 -690.566 579.502 -219.494 -681.513 579.371 -219.499 -681.513 579.331 -219.91 -656.486 579.008 -219.467 -656.486 582.999 -218.372 -655.861 592.966 -218.465 -650.23 592.884 -218.023 -650.23 596.875 -217.717 -648.666 599.845 -217.873 -639.281 599.709 -218.231 -637.716 596.694 -218.673 -637.716 592.703 -218.767 -632.086 592.622 -219.883 -631.46 582.636 -220.325 -631.46 578.645 -220.745 -606.433 578.243 -220.74 -606.433 578.283 -220.963 -593.03 578.089 -221.337 -590.206 575.097 -223.827 -591.323 552.48 -223.716 -596.841 552.741 -226.513 -598.095 527.334 -226.652 -591.198 527.009 -227.086 -587.217 523.638 -229.184 -588.158 504.583 -229.45 -592.453 501.603 -229.31 -599.35 501.928 -232.108 -600.604 476.521 -232.247 -593.708 476.196 -232.68 -589.726 472.825 -234.778 -590.667 453.771 -235.044 -594.962 450.79 -234.905 -601.859 451.115 -237.702 -603.114 425.709 -237.842 -596.217 425.384 -238.275 -592.235 422.013 -240.373 -593.176 402.958 -240.639 -597.471 399.977 -240.5 -604.368 400.302 -243.297 -605.623 374.896 -243.437 -598.726 374.571 -243.87 -594.744 371.2 -245.968 -595.685 352.145 -246.234 -599.98 349.165 -246.095 -606.877 349.49 -248.892 -608.132 324.083 -249.031 -601.235 323.758 -249.465 -597.254 320.387 -251.563 -598.195 301.332 -251.829 -602.489 298.352 -251.689 -609.386 298.677 -254.487 -610.641 273.271 -254.626 -603.744 272.945 -255.059 -599.763 269.575 -257.157 -600.704 250.52 -257.423 -604.999 247.539 -257.284 -611.896 247.864 -260.081 -613.15 222.458 -260.221 -606.253 222.133 -260.654 -602.272 218.762 -262.752 -603.213 199.707 -263.018 -607.508 196.726 -262.879 -614.405 197.052 -265.676 -615.659 171.645 -265.816 -608.762 171.32 -266.249 -604.781 167.949 -268.347 -605.722 148.894 -268.613 -610.017 145.914 -268.474 -616.914 146.239 -271.271 -618.168 120.833 -271.41 -611.271 120.507 -271.844 -607.29 117.136 -273.942 -608.231 98.0817 -274.208 -612.526 95.101 -274.068 -619.423 95.4262 -276.866 -620.678 70.0199 -277.005 -613.781 69.6947 -277.438 -609.799 66.3238 -279.536 -610.74 47.269 -279.802 -615.035 44.2883 -279.663 -621.932 44.6136 -282.46 -623.187 19.2072 -282.572 -617.669 18.947 -283.636 -618.147 9.27972
element 74
  poly 0: 165.218 -620.045 586.764 164.582 -652.145 587.259 160.397 -652.145 587.364 161.033 -620.045 586.87 165.218 -620.045 586.764
  poly 1: 166.352 -620.045 582.734 165.716 -652.145 583.229 161.531 -652.145 583.334 162.167 -620.045 582.84 166.352 -620.045 582.734
  poly 2: -235.934 -659.297 597.462 -236.348 -634.35 597.1 -232.335 -634.35 596.999 -231.921 -659.297 597.36 -235.934 -659.297 597.462
  poly 3: -236.377 -659.297 593.471 -236.791 -634.35 593.11 -232.777 -634.35 593.008 -232.363 -659.297 593.37 -236.377 -659.297 593.471
  poly 4: -222.037 -650.23 596.976 -222.244 -637.716 596.795 -218.231 -637.716 596.694 -218.023 -650.23 596.875 -222.037 -650.23 596.976
  poly 5: -222.479 -650.23 592.986 -222.687 -637.716 592.804 -218.673 -637.716 592.703 -218.465 -650.23 592.884 -222.479 -650.23 592.986
  poly 6: 150.393 -628.944 587.271 150.096 -643.948 587.502 145.91 -643.948 587.607 146.208 -628.944 587.376 150.393 -628.944 587.271
  poly 7: 151.527 -628.944 583.241 151.23 -643.948 583.472 147.044 -643.948 583.577 147.342 -628.944 583.346 151.527 -628.944 583.241
  poly 8: 110.965 -597.861 587.801 84.574 -599.157 588.486 84.3011 -593.639 588.411 110.692 -592.343 587.726 110.965 -597.861 587.801
  poly 9: 110.676 -594.114 583.751 84.285 -595.41 584.436 84.0121 -589.893 584.36 110.403 -588.597 583.676 110.676 -594.114 583.751
  poly 10: 58.183 -600.452 589.171 31.7921 -601.748 589.855 31.5192 -596.231 589.78 57.9102 -594.935 589.095 58.183 -600.452 589.171
  poly 11: 57.894 -596.706 585.12 31.5031 -598.002 585.805 31.2302 -592.484 585.73 57.6212 -591.188 585.045 57.894 -596.706 585.12
  poly 12: 5.40111 -603.044 590.54 -20.9898 -604.34 591.224 -21.2627 -598.822 591.149 5.12825 -597.526 590.464 5.40111 -603.044 590.54
  poly 13: 5.11211 -599.298 586.489 -21.2789 -600.593 587.174 -21.5517 -595.076 587.099 4.83924 -593.78 586.414 5.11211 -599.298 586.489
  poly 14: -47.3808 -605.636 591.909 -73.7718 -606.931 592.593 -74.0446 -601.414 592.518 -47.6537 -600.118 591.833 -47.3808 -605.636 591.909
  poly 15: -47.6698 -601.889 587.859 -74.0608 -603.185 588.543 -74.3336 -597.667 588.468 -47.9427 -596.372 587.783 -47.6698 -601.889 587.859
  poly 16: -100.163 -608.227 593.278 -126.554 -609.523 593.963 -126.827 -604.005 593.887 -100.436 -602.71 593.203 -100.163 -608.227 593.278
  poly 17: -100.452 -604.481 589.228 -126.843 -605.777 589.912 -127.116 -600.259 589.837 -100.725 -598.963 589.152 -100.452 -604.481 589.228
  poly 18: -152.945 -610.819 594.647 -179.336 -612.115 595.332 -179.608 -606.597 595.256 -153.217 -605.301 594.572 -152.945 -610.819 594.647
  poly 19: -153.234 -607.072 590.597 -179.625 -608.368 591.281 -179.897 -602.851 591.206 -153.507 -601.555 590.521 -153.234 -607.072 590.597
  poly 20: 163.767 -693.298 587.893 163.947 -684.245 587.753 168.132 -684.245 587.648 170.04 -587.944 586.165 165.854 -587.944 586.27 166.136 -573.75 586.051 162.718 -570.43 586.088 151.197 -570.996 586.387 151.47 -576.514 586.462 126.371 -577.746 587.113 126.03 -570.849 587.019 122.687 -566.865 587.044 103.863 -567.789 587.532 100.93 -572.082 587.67 101.271 -578.978 587.764 76.1721 -580.211 588.415 75.831 -573.314 588.321 72.4889 -569.33 588.346 53.6645 -570.254 588.834 50.7317 -574.546 588.972 51.0728 -581.443 589.066 25.9736 -582.676 589.718 25.6325 -575.779 589.623 22.2904 -571.795 589.648 3.46599 -572.719 590.137 0.533235 -577.011 590.274 0.874318 -583.908 590.369 -24.2249 -585.14 591.02 -24.566 -578.243 590.925 -27.9081 -574.259 590.95 -46.7325 -575.184 591.439 -49.6653 -579.476 591.577 -49.3242 -586.373 591.671 -74.4235 -587.605 592.322 -74.7645 -580.708 592.228 -78.1066 -576.724 592.252 -96.931 -577.648 592.741 -99.8638 -581.941 592.879 -99.5227 -588.837 592.973 -124.622 -590.07 593.624 -124.963 -583.173 593.53 -128.305 -579.189 593.555 -147.13 -580.113 594.043 -150.062 -584.405 594.181 -149.721 -591.302 594.275 -174.82 -592.535 594.926 -175.162 -585.638 594.832 -178.504 -581.654 594.857 -197.328 -582.578 595.345 -200.261 -586.87 595.483 -199.92 -593.767 595.577 -225.019 -594.999 596.228 -225.292 -589.482 596.153 -237.083 -590.061 596.459 -237.083 -590.061 596.459 -236.762 -609.403 596.739 -240.776 -609.403 596.84 -239.534 -684.245 597.924 -235.52 -684.245 597.823 -235.37 -693.298 597.954 -235.37 -693.298 597.954 163.767 -693.298 587.893 163.767 -693.298 587.893
  poly 21: 160.678 -695.187 583.997 160.895 -684.245 583.829 169.266 -684.245 583.618 171.174 -587.944 582.134 162.803 -587.944 582.345 163.046 -575.672 582.156 159.629 -572.353 582.193 151.181 -572.767 582.412 151.184 -572.823 582.413 126.082 -574 583.063 125.741 -567.103 582.969 122.398 -563.119 582.994 103.574 -564.043 583.482 100.641 -568.335 583.62 100.982 -575.232 583.714 75.8831 -576.464 584.365 75.542 -569.568 584.271 72.1999 -565.583 584.296 53.3755 -566.508 584.784 50.4427 -570.8 584.922 50.7838 -577.697 585.016 25.6846 -578.929 585.667 25.3435 -572.032 585.573 22.0014 -568.048 585.598 3.17698 -568.972 586.086 0.244227 -573.265 586.224 0.58531 -580.162 586.318 -24.5139 -581.394 586.969 -24.855 -574.497 586.875 -28.1971 -570.513 586.9 -47.0215 -571.437 587.388 -49.9543 -575.729 587.526 -49.6132 -582.626 587.62 -74.7125 -583.859 588.272 -75.0535 -576.962 588.177 -78.3956 -572.978 588.202 -97.22 -573.902 588.69 -100.153 -578.194 588.828 -99.8117 -585.091 588.923 -124.911 -586.323 589.574 -125.252 -579.427 589.479 -128.594 -575.442 589.504 -147.419 -576.367 589.993 -150.351 -580.659 590.13 -150.01 -587.556 590.225 -175.109 -588.788 590.876 -175.451 -581.891 590.782 -178.793 -577.907 590.806 -197.617 -578.831 591.295 -200.55 -583.124 591.433 -200.209 -590.021 591.527 -225.305 -591.308 592.179 -225.308 -591.253 592.178 -233.486 -591.655 592.39 -233.486 -591.655 592.39 -233.191 -609.403 592.647 -241.219 -609.403 592.849 -239.976 -684.245 593.934 -231.949 -684.245 593.731 -231.767 -695.187 593.89 -231.767 -695.187 593.89 160.678 -695.187 583.997 160.678 -695.187 583.997
element 75
  poly 0: 154.51 -621.442 573.049 153.916 -651.45 573.511 149.73 -651.45 573.617 150.325 -621.442 573.155 154.51 -621.442 573.049
  poly 1: 155.644 -621.442 569.019 155.05 -651.45 569.481 150.864 -651.45 569.587 151.459 -621.442 569.124 155.644 -621.442 569.019
  poly 2: -223.481 -656.486 583.1 -223.896 -631.46 582.737 -219.883 -631.46 582.636 -219.467 -656.486 582.999 -223.481 -656.486 583.1
  poly 3: -223.923 -656.486 579.109 -224.339 -631.46 578.747 -220.325 -631.46 578.645 -219.91 -656.486 579.008 -223.923 -656.486 579.109
  poly 4: 152.956 -699.908 574.258 153.321 -681.457 573.974 157.507 -681.457 573.868 163.743 -681.457 573.711 165.526 -591.435 572.324 159.29 -591.435 572.482 155.105 -591.435 572.587 155.322 -580.477 572.418 151.905 -577.158 572.455 136.072 -577.935 572.866 136.344 -583.453 572.941 109.953 -584.749 573.626 109.681 -579.231 573.55 108.339 -565.47 573.379 102.401 -565.761 573.533 102.128 -560.244 573.458 100.274 -556.186 573.444 90.3771 -556.672 573.701 88.9323 -560.891 573.8 89.2052 -566.409 573.875 83.2672 -566.701 574.029 83.2896 -580.527 574.235 83.5625 -586.044 574.31 57.1715 -587.34 574.995 56.8986 -581.823 574.919 55.5567 -568.061 574.748 49.6187 -568.353 574.902 49.3459 -562.835 574.827 47.4918 -558.778 574.813 37.5952 -559.264 575.07 36.1504 -563.483 575.169 36.4233 -569.001 575.244 30.4853 -569.292 575.398 30.5077 -583.118 575.604 30.7805 -588.636 575.679 4.38959 -589.932 576.364 4.11672 -584.414 576.288 2.77478 -570.653 576.117 -3.16318 -570.944 576.271 -3.43605 -565.427 576.196 -5.29013 -561.37 576.182 -15.1867 -561.855 576.439 -16.6315 -566.075 576.538 -16.3587 -571.592 576.613 -22.2966 -571.884 576.767 -22.2742 -585.71 576.973 -22.0014 -591.228 577.048 -48.3923 -592.523 577.733 -48.6652 -587.006 577.658 -50.0071 -573.244 577.486 -55.9451 -573.536 577.64 -56.218 -568.018 577.565 -58.072 -563.961 577.551 -67.9687 -564.447 577.808 -69.4134 -568.666 577.907 -69.1406 -574.184 577.983 -75.0785 -574.475 578.137 -75.0562 -588.302 578.342 -74.7833 -593.819 578.417 -101.174 -595.115 579.102 -101.447 -589.597 579.027 -102.789 -575.836 578.855 -108.727 -576.127 579.009 -109 -570.61 578.934 -110.854 -566.553 578.92 -120.751 -567.039 579.177 -122.195 -571.258 579.276 -121.922 -576.775 579.352 -127.86 -577.067 579.506 -127.838 -590.893 579.711 -127.565 -596.411 579.787 -153.956 -597.706 580.471 -154.229 -592.189 580.396 -155.571 -578.427 580.225 -161.509 -578.719 580.379 -161.782 -573.202 580.303 -163.636 -569.144 580.289 -173.532 -569.63 580.546 -174.977 -573.849 580.645 -174.704 -579.367 580.721 -180.642 -579.659 580.875 -180.62 -593.485 581.08 -180.347 -599.002 581.156 -206.738 -600.298 581.84 -207.011 -594.781 581.765 -224.491 -595.639 582.218 -224.491 -595.639 582.218 -224.312 -606.433 582.375 -228.326 -606.433 582.476 -234.306 -606.433 582.627 -233.06 -681.513 583.714 -227.08 -681.513 583.563 -223.066 -681.513 583.462 -222.761 -699.908 583.729 -222.761 -699.908 583.729 152.956 -699.908 574.258 152.956 -699.908 574.258
  poly 5: 149.867 -701.797 570.362 150.27 -681.457 570.049 158.641 -681.457 569.838 164.919 -681.457 569.68 166.702 -591.435 568.293 160.424 -591.435 568.451 152.053 -591.435 568.662 152.232 -582.399 568.523 148.815 -579.08 568.56 136.055 -579.706 568.891 136.058 -579.762 568.891 109.664 -581.002 569.575 109.392 -575.485 569.5 108.05 -561.723 569.329 102.112 -562.015 569.483 101.839 -556.497 569.407 99.9847 -552.44 569.394 90.0881 -552.926 569.65 88.6433 -557.145 569.75 88.9162 -562.663 569.825 82.9782 -562.954 569.979 83.0006 -576.78 570.184 83.2735 -582.298 570.26 56.8825 -583.594 570.944 56.6096 -578.076 570.869 55.2677 -564.315 570.698 49.3297 -564.606 570.852 49.0569 -559.089 570.776 47.2028 -555.032 570.763 37.3062 -555.518 571.019 35.8614 -559.737 571.119 36.1342 -565.254 571.194 30.1963 -565.546 571.348 30.2187 -579.372 571.554 30.4915 -584.89 571.629 4.10058 -586.185 572.314 3.82771 -580.668 572.238 2.48577 -566.906 572.067 -3.45219 -567.198 572.221 -3.72506 -561.68 572.146 -5.57914 -557.623 572.132 -15.4758 -558.109 572.389 -16.9205 -562.328 572.488 -16.6477 -567.846 572.563 -22.5856 -568.137 572.717 -22.5632 -581.964 572.923 -22.2904 -587.481 572.998 -48.6813 -588.777 573.683 -48.9542 -583.259 573.607 -50.2961 -569.498 573.436 -56.2341 -569.789 573.59 -56.507 -564.272 573.515 -58.3611 -560.215 573.501 -68.2577 -560.701 573.758 -69.7025 -564.92 573.857 -69.4296 -570.437 573.932 -75.3675 -570.729 574.086 -75.3452 -584.555 574.292 -75.0723 -590.073 574.367 -101.463 -591.369 575.052 -101.736 -585.851 574.976 -103.078 -572.09 574.805 -109.016 -572.381 574.959 -109.289 -566.864 574.884 -111.143 -562.806 574.87 -121.04 -563.292 575.127 -122.484 -567.511 575.226 -122.211 -573.029 575.301 -128.149 -573.321 575.455 -128.127 -587.147 575.661 -127.854 -592.664 575.736 -154.245 -593.96 576.421 -154.518 -588.443 576.346 -155.86 -574.681 576.174 -161.798 -574.973 576.328 -162.071 -569.455 576.253 -163.925 -565.398 576.239 -173.821 -565.884 576.496 -175.266 -570.103 576.595 -174.993 -575.621 576.671 -180.931 -575.912 576.825 -180.909 -589.738 577.03 -180.636 -595.256 577.105 -207.024 -596.607 577.791 -207.027 -596.552 577.79 -220.893 -597.233 578.15 -220.893 -597.233 578.15 -220.74 -606.433 578.283 -228.768 -606.433 578.485 -234.789 -606.433 578.637 -233.542 -681.513 579.725 -227.522 -681.513 579.573 -219.494 -681.513 579.371 -219.158 -701.797 579.664 -219.158 -701.797 579.664 149.867 -701.797 570.362 149.867 -701.797 570.362
element 76
  poly 0: 326.419 -701.797 9.27972 328.777 -549.49 9.27972 325.924 -550.005 19.3901 325.924 -550.06 19.3873 319.181 -551.224 43.2913 319.187 -545.707 43.5744 319.033 -531.943 44.8794 317.516 -532.217 50.2572 317.521 -526.7 50.5402 317.104 -522.638 52.2463 314.576 -523.095 61.2093 314.15 -527.309 62.4908 314.144 -532.827 62.2078 312.627 -533.101 67.5856 312.444 -546.926 67.4756 312.438 -552.443 67.1925 305.695 -553.662 91.0937 305.701 -548.144 91.3768 305.547 -534.381 92.6818 304.03 -534.655 98.0596 304.035 -529.138 98.3426 303.618 -525.076 100.049 301.09 -525.533 109.012 300.664 -529.747 110.293 300.658 -535.265 110.01 299.141 -535.539 115.388 298.958 -549.363 115.278 298.952 -554.881 114.995 292.209 -556.1 138.896 292.215 -550.582 139.179 292.061 -536.819 140.484 290.543 -537.093 145.862 290.549 -531.576 146.145 290.132 -527.514 147.851 287.603 -527.971 156.814 287.178 -532.185 158.096 287.172 -537.703 157.813 285.655 -537.977 163.19 285.472 -551.801 163.08 285.466 -557.319 162.797 278.723 -558.538 186.699 278.728 -553.02 186.982 278.574 -539.257 188.287 277.057 -539.531 193.664 277.063 -534.014 193.947 276.646 -529.952 195.653 274.117 -530.409 204.616 273.691 -534.623 205.898 273.686 -540.141 205.615 272.168 -540.415 210.993 271.985 -554.239 210.883 271.98 -559.757 210.6 265.237 -560.976 234.501 265.242 -555.458 234.784 265.088 -541.695 236.089 263.571 -541.969 241.467 263.577 -536.452 241.75 263.16 -532.39 243.456 260.631 -532.847 252.419 260.205 -537.061 253.7 260.199 -542.579 253.417 258.682 -542.853 258.795 258.499 -556.677 258.685 258.493 -562.195 258.402 251.75 -563.414 282.303 251.756 -557.896 282.586 251.602 -544.133 283.891 250.085 -544.407 289.269 250.091 -538.889 289.552 249.673 -534.827 291.258 247.145 -535.285 300.221 246.719 -539.499 301.503 246.713 -545.016 301.22 245.196 -545.291 306.598 245.013 -559.115 306.488 245.007 -564.633 306.204 238.264 -565.852 330.106 238.27 -560.334 330.389 238.116 -546.571 331.694 236.599 -546.845 337.072 236.604 -541.327 337.355 236.187 -537.265 339.061 233.659 -537.722 348.024 233.233 -541.937 349.305 233.227 -547.454 349.022 231.71 -547.729 354.4 231.527 -561.553 354.29 231.521 -567.07 354.007 224.778 -568.289 377.908 224.784 -562.772 378.191 224.63 -549.009 379.496 223.112 -549.283 384.874 223.118 -543.765 385.157 222.701 -539.703 386.863 220.172 -540.16 395.826 219.747 -544.375 397.108 219.741 -549.892 396.825 218.224 -550.167 402.202 218.041 -563.991 402.092 218.035 -569.508 401.809 211.292 -570.727 425.71 211.298 -565.21 425.993 211.143 -551.446 427.299 209.626 -551.721 432.676 209.632 -546.203 432.959 209.215 -542.141 434.665 206.686 -542.598 443.628 206.26 -546.813 444.91 206.255 -552.33 444.627 204.737 -552.604 450.005 204.554 -566.429 449.895 204.549 -571.946 449.612 197.806 -573.165 473.513 197.811 -567.648 473.796 197.657 -553.884 475.101 196.14 -554.159 480.479 196.146 -548.641 480.762 195.729 -544.579 482.468 193.2 -545.036 491.431 192.774 -549.25 492.712 192.768 -554.768 492.429 191.251 -555.042 497.807 191.068 -568.867 497.697 191.062 -574.384 497.414 184.319 -575.603 521.315 184.325 -570.086 521.598 184.171 -556.322 522.903 182.654 -556.596 528.281 182.66 -551.079 528.564 182.243 -547.017 530.27 179.714 -547.474 539.233 179.288 -551.688 540.515 179.282 -557.206 540.232 177.765 -557.48 545.609 177.582 -571.305 545.499 177.576 -576.822 545.216 170.833 -578.096 569.115 170.833 -578.041 569.118 166.033 -578.909 586.131 166.033 -578.909 586.131 165.854 -587.944 586.27 166.988 -587.944 582.24 166.352 -620.045 582.734 164.935 -620.045 587.772 164.005 -624.057 590.857 163.528 -648.133 591.227 164.299 -652.145 588.267 165.716 -652.145 583.229 165.08 -684.245 583.723 163.947 -684.245 587.753 163.654 -699.009 587.981 164.354 -701.797 585.339 326.419 -701.797 9.27972
  poly 1: 322.293 -699.908 9.27972 324.648 -547.769 9.27972 322.076 -548.234 18.3948 322.07 -553.752 18.1118 315.327 -554.971 42.013 315.333 -549.453 42.296 315.179 -535.69 43.6011 313.662 -535.964 48.9788 313.667 -530.446 49.2618 313.25 -526.384 50.9679 310.722 -526.841 59.9309 310.296 -531.056 61.2124 310.29 -536.573 60.9294 308.773 -536.848 66.3072 308.59 -550.672 66.1972 308.584 -556.189 65.9141 301.841 -557.408 89.8153 301.847 -551.891 90.0984 301.693 -538.127 91.4034 300.175 -538.402 96.7812 300.181 -532.884 97.0642 299.764 -528.822 98.7703 297.235 -529.279 107.733 296.81 -533.494 109.015 296.804 -539.011 108.732 295.287 -539.285 114.11 295.104 -553.11 114 295.098 -558.627 113.717 288.355 -559.846 137.618 288.361 -554.329 137.901 288.206 -540.565 139.206 286.689 -540.84 144.584 286.695 -535.322 144.867 286.278 -531.26 146.573 283.749 -531.717 155.536 283.323 -535.932 156.817 283.318 -541.449 156.534 281.801 -541.723 161.912 281.617 -555.548 161.802 281.612 -561.065 161.519 274.869 -562.284 185.42 274.874 -556.767 185.703 274.72 -543.003 187.008 273.203 -543.278 192.386 273.209 -537.76 192.669 272.792 -533.698 194.375 270.263 -534.155 203.338 269.837 -538.369 204.62 269.832 -543.887 204.337 268.314 -544.161 209.714 268.131 -557.986 209.604 268.126 -563.503 209.321 261.382 -564.722 233.223 261.388 -559.205 233.506 261.234 -545.441 234.811 259.717 -545.715 240.188 259.723 -540.198 240.471 259.306 -536.136 242.177 256.777 -536.593 251.14 256.351 -540.807 252.422 256.345 -546.325 252.139 254.828 -546.599 257.517 254.645 -560.424 257.407 254.639 -565.941 257.124 247.896 -567.16 281.025 247.902 -561.642 281.308 247.748 -547.879 282.613 246.231 -548.153 287.991 246.236 -542.636 288.274 245.819 -538.574 289.98 243.291 -539.031 298.943 242.865 -543.245 300.224 242.859 -548.763 299.941 241.342 -549.037 305.319 241.159 -562.861 305.209 241.153 -568.379 304.926 234.41 -569.598 328.827 234.416 -564.08 329.11 234.262 -550.317 330.415 232.745 -550.591 335.793 232.75 -545.074 336.076 232.333 -541.012 337.782 229.805 -541.469 346.745 229.379 -545.683 348.027 229.373 -551.201 347.744 227.856 -551.475 353.122 227.673 -565.299 353.012 227.667 -570.817 352.728 220.924 -572.036 376.63 220.93 -566.518 376.913 220.776 -552.755 378.218 219.258 -553.029 383.596 219.264 -547.512 383.879 218.847 -543.45 385.585 216.318 -543.907 394.548 215.893 -548.121 395.829 215.887 -553.639 395.546 214.37 -553.913 400.924 214.187 -567.737 400.814 214.181 -573.255 400.531 207.438 -574.474 424.432 207.443 -568.956 424.715 207.289 -555.193 426.02 205.772 -555.467 431.398 205.778 -549.949 431.681 205.361 -545.888 433.387 202.832 -546.345 442.35 202.406 -550.559 443.632 202.401 -556.076 443.349 200.883 -556.351 448.726 200.7 -570.175 448.616 200.695 -575.693 448.333 193.952 -576.912 472.234 193.957 -571.394 472.517 193.803 -557.631 473.823 192.286 -557.905 479.2 192.292 -552.387 479.483 191.875 -548.325 481.189 189.346 -548.783 490.152 188.92 -552.997 491.434 188.914 -558.514 491.151 187.397 -558.789 496.529 187.214 -572.613 496.419 187.208 -578.131 496.136 180.465 -579.349 520.037 180.471 -573.832 520.32 180.317 -560.069 521.625 178.8 -560.343 527.003 178.806 -554.825 527.286 178.388 -550.763 528.992 175.86 -551.22 537.955 175.434 -555.435 539.236 175.428 -560.952 538.953 173.911 -561.227 544.331 173.728 -575.051 544.221 173.722 -580.568 543.938 166.979 -581.787 567.839 166.985 -576.27 568.122 163.02 -576.987 582.176 163.02 -576.987 582.176 162.803 -587.944 582.345 162.814 -587.944 582.305 162.167 -620.045 582.84 160.75 -620.045 587.878 159.82 -624.057 590.962 159.343 -648.133 591.333 160.114 -652.145 588.372 161.531 -652.145 583.334 160.906 -684.245 583.788 160.895 -684.245 583.829 160.64 -697.12 584.027 161.34 -699.908 581.385 322.293 -699.908 9.27972
element 77
  poly 0: 305.692 -564.336 38.817 298.949 -565.555 62.7182 298.955 -560.038 63.0012 305.698 -558.819 39.1 305.692 -564.336 38.817
  poly 1: 301.838 -568.083 37.5386 295.095 -569.302 61.4398 295.101 -563.784 61.7228 301.844 -562.565 37.8216 301.838 -568.083 37.5386
  poly 2: 292.206 -566.774 86.6194 285.463 -567.993 110.521 285.468 -562.476 110.804 292.212 -561.257 86.9024 292.206 -566.774 86.6194
  poly 3: 288.352 -570.521 85.341 281.609 -571.74 109.242 281.614 -566.222 109.525 288.358 -565.003 85.624 288.352 -570.521 85.341
  poly 4: 278.72 -569.212 134.422 271.977 -570.431 158.323 271.982 -564.914 158.606 278.725 -563.695 134.705 278.72 -569.212 134.422
  poly 5: 274.866 -572.959 133.143 268.122 -574.178 157.045 268.128 -568.66 157.328 274.871 -567.441 133.426 274.866 -572.959 133.143
  poly 6: 265.233 -571.65 182.224 258.49 -572.869 206.125 258.496 -567.352 206.408 265.239 -566.133 182.507 265.233 -571.65 182.224
  poly 7: 261.379 -575.396 180.946 254.636 -576.615 204.847 254.642 -571.098 205.13 261.385 -569.879 181.229 261.379 -575.396 180.946
  poly 8: 251.747 -574.088 230.027 245.004 -575.307 253.928 245.01 -569.789 254.211 251.753 -568.57 230.31 251.747 -574.088 230.027
  poly 9: 247.893 -577.834 228.748 241.15 -579.053 252.649 241.156 -573.536 252.932 247.899 -572.317 229.031 247.893 -577.834 228.748
  poly 10: 238.261 -576.526 277.829 231.518 -577.745 301.73 231.524 -572.227 302.013 238.267 -571.008 278.112 238.261 -576.526 277.829
  poly 11: 234.407 -580.272 276.551 227.664 -581.491 300.452 227.67 -575.974 300.735 234.413 -574.755 276.834 234.407 -580.272 276.551
  poly 12: 224.775 -578.964 325.631 218.032 -580.183 349.533 218.038 -574.665 349.816 224.781 -573.446 325.914 224.775 -578.964 325.631
  poly 13: 220.921 -582.71 324.353 214.178 -583.929 348.254 214.183 -578.412 348.537 220.927 -577.193 324.636 220.921 -582.71 324.353
  poly 14: 211.289 -581.402 373.434 204.546 -582.621 397.335 204.551 -577.103 397.618 211.294 -575.884 373.717 211.289 -581.402 373.434
  poly 15: 207.435 -585.148 372.155 200.692 -586.367 396.057 200.697 -580.849 396.34 207.44 -579.631 372.438 207.435 -585.148 372.155
  poly 16: 197.803 -583.84 421.236 191.059 -585.059 445.137 191.065 -579.541 445.42 197.808 -578.322 421.519 197.803 -583.84 421.236
  poly 17: 193.948 -587.586 419.958 187.205 -588.805 443.859 187.211 -583.287 444.142 193.954 -582.068 420.241 193.948 -587.586 419.958
  poly 18: 184.316 -586.277 469.038 177.573 -587.496 492.94 177.579 -581.979 493.223 184.322 -580.76 469.322 184.316 -586.277 469.038
  poly 19: 180.462 -590.024 467.76 173.719 -591.243 491.661 173.725 -585.725 491.944 180.468 -584.506 468.043 180.462 -590.024 467.76
  poly 20: 170.83 -588.715 516.841 164.087 -589.934 540.742 164.093 -584.417 541.025 170.836 -583.198 517.124 170.83 -588.715 516.841
  poly 21: 166.976 -592.462 515.562 160.233 -593.681 539.464 160.239 -588.163 539.747 166.982 -586.944 515.846 166.976 -592.462 515.562
  poly 22: 311.977 -695.187 9.27972 314.325 -543.468 9.27972 311.472 -543.984 19.3901 311.472 -544.039 19.3873 304.475 -545.249 44.1936 304.482 -538.352 44.5473 303.612 -534.372 47.86 298.363 -535.32 66.4626 297.484 -539.617 69.3508 297.477 -546.514 68.997 290.48 -547.779 93.8004 290.487 -540.882 94.1542 289.616 -536.902 97.4669 284.368 -537.85 116.069 283.489 -542.147 118.958 283.482 -549.044 118.604 276.484 -550.309 143.407 276.491 -543.412 143.761 275.621 -539.432 147.074 270.373 -540.38 165.676 269.494 -544.677 168.564 269.487 -551.574 168.211 262.489 -552.838 193.014 262.496 -545.942 193.368 261.626 -541.962 196.681 256.378 -542.91 215.283 255.499 -547.207 218.171 255.491 -554.103 217.818 248.494 -555.368 242.621 248.501 -548.471 242.975 247.631 -544.491 246.287 242.382 -545.44 264.89 241.503 -549.736 267.778 241.496 -556.633 267.424 234.498 -557.898 292.228 234.506 -551.001 292.582 233.635 -547.021 295.894 228.387 -547.97 314.497 227.508 -552.266 317.385 227.501 -559.163 317.031 220.503 -560.428 341.835 220.51 -553.531 342.188 219.64 -549.551 345.501 214.392 -550.5 364.104 213.513 -554.796 366.992 213.506 -561.693 366.638 206.508 -562.958 391.441 206.515 -556.061 391.795 205.645 -552.081 395.108 200.397 -553.03 413.71 199.518 -557.326 416.599 199.51 -564.223 416.245 192.513 -565.488 441.048 192.52 -558.591 441.402 191.65 -554.611 444.715 186.401 -555.56 463.317 185.522 -559.856 466.205 185.515 -566.753 465.852 178.517 -568.018 490.655 178.525 -561.121 491.009 177.654 -557.141 494.322 172.406 -558.09 512.924 171.527 -562.386 515.812 171.52 -569.283 515.459 164.522 -570.603 540.259 164.522 -570.548 540.262 155.486 -572.181 572.29 155.486 -572.181 572.29 155.105 -591.435 572.587 156.239 -591.435 568.557 155.644 -621.442 569.019 154.51 -621.442 573.049 151.661 -622.193 583.137 151.527 -628.944 583.241 150.393 -628.944 587.271 149.506 -630.82 590.322 149.283 -642.072 590.496 150.096 -643.948 587.502 151.23 -643.948 583.472 151.096 -650.7 583.576 153.916 -651.45 573.511 155.05 -651.45 569.481 154.455 -681.457 569.943 153.321 -681.457 573.974 153.105 -692.398 574.142 153.805 -695.187 571.5 311.977 -695.187 9.27972
  poly 23: 307.85 -693.298 9.27972 310.196 -541.748 9.27972 307.624 -542.213 18.3948 307.618 -547.73 18.1118 300.621 -548.995 42.9152 300.628 -542.098 43.269 299.758 -538.118 46.5816 294.509 -539.067 65.1842 293.63 -543.363 68.0724 293.623 -550.26 67.7186 286.625 -551.525 92.522 286.633 -544.628 92.8758 285.762 -540.648 96.1885 280.514 -541.597 114.791 279.635 -545.893 117.679 279.628 -552.79 117.325 272.63 -554.055 142.129 272.637 -547.158 142.483 271.767 -543.178 145.795 266.519 -544.127 164.398 265.64 -548.423 167.286 265.633 -555.32 166.932 258.635 -556.585 191.736 258.642 -549.688 192.089 257.772 -545.708 195.402 252.524 -546.657 214.005 251.645 -550.953 216.893 251.637 -557.85 216.539 244.64 -559.115 241.343 244.647 -552.218 241.696 243.777 -548.238 245.009 238.528 -549.187 263.612 237.649 -553.483 266.5 237.642 -560.38 266.146 230.644 -561.645 290.949 230.652 -554.748 291.303 229.781 -550.768 294.616 224.533 -551.716 313.218 223.654 -556.013 316.107 223.647 -562.91 315.753 216.649 -564.175 340.556 216.656 -557.278 340.91 215.786 -553.298 344.223 210.538 -554.246 362.825 209.659 -558.543 365.713 209.652 -565.44 365.36 202.654 -566.705 390.163 202.661 -559.808 390.517 201.791 -555.828 393.83 196.543 -556.776 412.432 195.663 -561.073 415.32 195.656 -567.969 414.966 188.659 -569.234 439.77 188.666 -562.338 440.124 187.795 -558.357 443.436 182.547 -559.306 462.039 181.668 -563.602 464.927 181.661 -570.499 464.573 174.663 -571.764 489.377 174.671 -564.867 489.731 173.8 -560.887 493.043 168.552 -561.836 511.646 167.673 -566.132 514.534 167.666 -573.029 514.18 160.668 -574.294 538.984 160.674 -568.777 539.267 152.473 -570.259 568.336 152.473 -570.259 568.336 152.053 -591.435 568.662 152.065 -591.435 568.622 151.459 -621.442 569.124 150.325 -621.442 573.155 147.475 -622.193 583.242 147.342 -628.944 583.346 146.208 -628.944 587.376 145.32 -630.82 590.428 145.097 -642.072 590.601 145.91 -643.948 587.607 147.044 -643.948 583.577 146.911 -650.7 583.681 149.73 -651.45 573.617 150.864 -651.45 569.587 150.281 -681.457 570.009 150.27 -681.457 570.049 150.09 -690.51 570.188 150.791 -693.298 567.546 307.85 -693.298 9.27972
element 78
  poly 0: -300.495 -701.797 9.27972 -262.571 -733.42 9.27972 -178.964 -743.341 656.201 -184.997 -738.798 650.935 -185.685 -738.798 644.727 -200.294 -727.794 631.976 -199.434 -727.794 639.736 -200.744 -726.419 642.798 -211.701 -718.166 633.235 -214.043 -716.791 626.985 -214.903 -716.791 619.224 -229.512 -705.788 606.473 -228.824 -705.788 612.681 -234.123 -701.797 608.056 -234.123 -701.797 608.056 -300.495 -701.797 9.27972
  poly 1: -296.498 -699.908 9.27972 -255.27 -734.286 9.27972 -172.369 -744.124 650.742 -179.441 -738.798 644.57 -179.447 -738.798 644.508 -194.05 -727.794 631.818 -193.19 -727.794 639.578 -194.5 -726.419 642.641 -205.457 -718.166 633.077 -207.799 -716.791 626.827 -208.659 -716.791 619.067 -223.275 -705.788 606.254 -223.268 -705.788 606.316 -231.074 -699.908 599.502 -231.074 -699.908 599.502 -296.498 -699.908 9.27972
element 79
  poly 0: -286.506 -695.187 9.27972 -237.019 -736.452 9.27972 -155.881 -746.081 637.096 -161.913 -741.537 631.83 -162.602 -741.537 625.622 -175.702 -731.67 614.188 -175.014 -731.67 620.396 -173.621 -731.424 635.631 -176.568 -729.204 633.058 -175.88 -729.204 639.266 -176.183 -728.587 643.208 -181.095 -724.887 638.92 -182.43 -724.27 633.549 -183.118 -724.27 627.341 -186.066 -722.05 624.768 -188.114 -721.803 608.962 -188.802 -721.803 602.754 -201.902 -711.937 591.32 -201.214 -711.937 597.528 -223.453 -695.187 578.116 -223.453 -695.187 578.116 -286.506 -695.187 9.27972
  poly 1: -282.51 -693.298 9.27972 -229.718 -737.318 9.27972 -149.285 -746.863 631.637 -156.357 -741.537 625.465 -156.364 -741.537 625.403 -169.458 -731.67 614.031 -168.769 -731.67 620.239 -167.377 -731.424 635.473 -170.324 -729.204 632.901 -169.636 -729.204 639.109 -169.939 -728.587 643.05 -174.851 -724.887 638.762 -176.186 -724.27 633.392 -176.874 -724.27 627.183 -179.822 -722.05 624.611 -181.87 -721.803 608.805 -182.558 -721.803 602.596 -195.665 -711.937 591.1 -195.658 -711.937 591.162 -220.405 -693.298 569.562 -220.405 -693.298 569.562 -282.51 -693.298 9.27972
element 80
  poly 0: 135.955 -717.449 617.391 116.717 -729.588 632.349 110.206 -729.588 632.513 129.444 -717.449 617.555 135.955 -717.449 617.391
  poly 1: 137.719 -717.449 611.121 118.481 -729.588 626.079 111.97 -729.588 626.243 131.208 -717.449 611.285 137.719 -717.449 611.121
  poly 2: 97.4791 -741.726 647.306 78.2409 -753.864 662.264 71.7296 -753.864 662.428 90.9678 -741.726 647.471 97.4791 -741.726 647.306
  poly 3: 99.243 -741.726 641.036 80.0048 -753.864 655.994 73.4936 -753.864 656.158 92.7317 -741.726 641.201 99.243 -741.726 641.036
  poly 4: -199.606 -727.794 638.184 -214.215 -716.791 625.433 -207.971 -716.791 625.275 -193.362 -727.794 638.026 -199.606 -727.794 638.184
  poly 5: -200.294 -727.794 631.976 -214.903 -716.791 619.224 -208.659 -716.791 619.067 -194.05 -727.794 631.818 -200.294 -727.794 631.976
  poly 6: -175.88 -729.204 639.266 -182.43 -724.27 633.549 -176.186 -724.27 633.392 -169.636 -729.204 639.109 -175.88 -729.204 639.266
  poly 7: -176.568 -729.204 633.058 -183.118 -724.27 627.341 -176.874 -724.27 627.183 -170.324 -729.204 632.901 -176.568 -729.204 633.058
  poly 8: 101.584 -724.757 626.97 93.2187 -730.035 633.474 86.7074 -730.035 633.638 95.0728 -724.757 627.134 101.584 -724.757 626.97
  poly 9: 103.348 -724.757 620.7 94.9826 -730.035 627.204 88.4713 -730.035 627.368 96.8367 -724.757 620.864 103.348 -724.757 620.7
  poly 10: 68.1225 -745.87 652.987 59.7571 -751.148 659.491 53.2458 -751.148 659.655 61.6112 -745.87 653.151 68.1225 -745.87 652.987
  poly 11: 69.8864 -745.87 646.717 61.521 -751.148 653.221 55.0098 -751.148 653.385 63.3752 -745.87 646.881 69.8864 -745.87 646.717
  poly 12: -178.964 -743.341 656.201 51.5604 -770.698 683.009 59.0027 -766.003 677.222 65.514 -766.003 677.058 161.705 -705.311 602.269 155.194 -705.311 602.433 164.327 -699.548 595.331 160.219 -693.298 587.982 -232.952 -693.298 597.893 -237.243 -699.447 605.333 -228.824 -705.788 612.681 -235.068 -705.788 612.839 -191.241 -738.798 651.093 -184.997 -738.798 650.935 -178.964 -743.341 656.201
  poly 13: -172.369 -744.124 650.742 47.5646 -770.224 676.318 54.2554 -766.003 671.116 67.278 -766.003 670.788 163.469 -705.311 595.999 150.446 -705.311 596.327 156.586 -701.437 591.553 152.478 -695.187 584.204 -224.888 -695.187 593.716 -229.179 -701.336 601.156 -223.268 -705.788 606.316 -235.757 -705.788 606.63 -191.929 -738.798 644.884 -179.441 -738.798 644.57 -172.369 -744.124 650.742
element 81
  poly 0: 111.941 -722.118 601.773 95.2098 -732.674 614.782 88.6985 -732.674 614.946 105.429 -722.118 601.937 111.941 -722.118 601.773
  poly 1: 113.705 -722.118 595.503 96.9738 -732.674 608.512 90.4625 -732.674 608.676 107.193 -722.118 595.667 113.705 -722.118 595.503
  poly 2: 78.479 -743.23 627.79 61.7482 -753.787 640.798 55.2369 -753.787 640.962 71.9677 -743.23 627.954 78.479 -743.23 627.79
  poly 3: 80.243 -743.23 621.52 63.5122 -753.787 634.528 57.0009 -753.787 634.692 73.7317 -743.23 621.684 80.243 -743.23 621.52
  poly 4: -175.014 -731.67 620.396 -188.114 -721.803 608.962 -181.87 -721.803 608.805 -168.769 -731.67 620.239 -175.014 -731.67 620.396
  poly 5: -175.702 -731.67 614.188 -188.802 -721.803 602.754 -182.558 -721.803 602.596 -169.458 -731.67 614.031 -175.702 -731.67 614.188
  poly 6: -155.881 -746.081 637.096 37.5752 -769.039 659.593 45.0174 -764.343 653.807 51.5287 -764.343 653.643 61.2306 -764.343 653.398 144.885 -711.562 588.356 135.183 -711.562 588.601 128.671 -711.562 588.765 137.235 -706.159 582.107 133.126 -699.908 574.758 -204.729 -699.908 583.274 -209.02 -706.057 590.714 -201.214 -711.937 597.528 -207.458 -711.937 597.685 -216.762 -711.937 597.92 -177.461 -741.537 632.222 -168.158 -741.537 631.988 -161.913 -741.537 631.83 -155.881 -746.081 637.096
  poly 7: -149.285 -746.863 631.637 33.5794 -768.564 652.903 40.2701 -764.343 647.701 53.2927 -764.343 647.373 63.0596 -764.343 647.126 146.714 -711.562 582.085 136.947 -711.562 582.331 123.924 -711.562 582.659 129.494 -708.047 578.328 125.386 -701.797 570.979 -196.665 -701.797 579.097 -200.957 -707.946 586.537 -195.658 -711.937 591.162 -208.146 -711.937 591.477 -217.513 -711.937 591.713 -178.212 -741.537 626.016 -168.846 -741.537 625.78 -156.357 -741.537 625.465 -149.285 -746.863 631.637
element 82
  poly 0: 216.82 -790.31 9.27972 326.419 -701.797 9.27972 160.763 -701.797 598.102 160.763 -701.797 598.102 155.194 -705.311 602.433 156.958 -705.311 596.163 137.719 -717.449 611.121 135.514 -717.449 618.958 131.787 -718.967 625.53 117.358 -728.07 636.749 116.276 -729.588 633.916 118.481 -729.588 626.079 99.243 -741.726 641.036 97.0381 -741.726 648.874 93.3104 -743.243 655.446 78.8817 -752.347 666.665 77.7999 -753.864 663.832 80.0048 -753.864 655.994 60.7667 -766.003 670.952 59.0027 -766.003 677.222 51.5605 -770.698 683.009 216.82 -790.31 9.27972
  poly 1: 211.183 -789.641 9.27972 322.293 -699.908 9.27972 159.009 -699.908 589.669 159.009 -699.908 589.669 150.446 -705.311 596.327 150.464 -705.311 596.264 131.208 -717.449 611.285 129.003 -717.449 619.122 125.275 -718.967 625.694 110.847 -728.07 636.913 109.765 -729.588 634.08 111.97 -729.588 626.243 92.7317 -741.726 641.201 90.5268 -741.726 649.038 86.7991 -743.243 655.61 72.3704 -752.347 666.829 71.2886 -753.864 663.996 73.4936 -753.864 656.158 54.273 -766.003 671.054 54.2554 -766.003 671.116 47.5647 -770.224 676.318 211.183 -789.641 9.27972
element 83
  poly 0: 197.091 -787.969 9.27972 311.977 -695.187 9.27972 154.625 -695.187 568.586 154.625 -695.187 568.586 128.671 -711.562 588.765 130.435 -711.562 582.495 113.705 -722.118 595.503 111.941 -722.118 601.773 107.112 -722.382 617.773 103.348 -724.757 620.7 101.584 -724.757 626.97 99.2154 -725.417 632.486 92.9414 -729.375 637.364 93.2187 -730.035 633.474 94.9826 -730.035 627.204 91.2182 -732.41 630.131 95.2098 -732.674 614.782 96.9738 -732.674 608.512 80.243 -743.23 621.52 78.479 -743.23 627.79 73.6509 -743.494 643.79 69.8864 -745.87 646.717 68.1225 -745.87 652.987 65.7539 -746.529 658.502 59.4798 -750.488 663.38 59.7571 -751.148 659.491 61.521 -751.148 653.221 57.7566 -753.523 656.148 61.7482 -753.787 640.798 63.5122 -753.787 634.528 46.7814 -764.343 647.537 45.0174 -764.343 653.807 37.5752 -769.039 659.593 197.091 -787.969 9.27972
  poly 1: 191.454 -787.3 9.27972 307.85 -693.298 9.27972 152.871 -693.298 560.153 152.871 -693.298 560.153 123.924 -711.562 582.659 123.942 -711.562 582.596 107.193 -722.118 595.667 105.429 -722.118 601.937 100.601 -722.382 617.937 96.8367 -724.757 620.864 95.0728 -724.757 627.134 92.7042 -725.417 632.65 86.4301 -729.375 637.528 86.7074 -730.035 633.638 88.4713 -730.035 627.368 84.7069 -732.41 630.295 88.6985 -732.674 614.946 90.4625 -732.674 608.676 73.7317 -743.23 621.684 71.9677 -743.23 627.954 67.1396 -743.494 643.954 63.3752 -745.87 646.881 61.6112 -745.87 653.151 59.2426 -746.529 658.666 52.9685 -750.488 663.545 53.2458 -751.148 659.655 55.0098 -751.148 653.385 51.2453 -753.523 656.312 55.2369 -753.787 640.962 57.0009 -753.787 634.692 40.2877 -764.343 647.638 40.2701 -764.343 647.701 33.5794 -768.564 652.903 191.454 -787.3 9.27972
