element 0
  poly 0: 4683.09 -1734.76 17.5813 4576.41 -1734.76 140.7 4576.41 -1765.34 164.846 4579.39 -1767.01 162.728 4579.39 -1797.87 187.095 4573.43 -1794.53 191.332 4573.43 -1825.39 215.699 4579.39 -1828.73 211.463 4579.39 -1859.59 235.83 4576.41 -1857.92 237.948 4576.41 -1890.01 263.29 4598.59 -1890.01 237.692 4597.2 -1886.45 236.485 4618.37 -1886.45 212.053 4621.15 -1893.57 214.467 4642.32 -1893.57 190.036 4639.54 -1886.45 187.622 4660.71 -1886.45 163.191 4662.1 -1890.01 164.397 4683.09 -1890.01 140.171 4683.09 -1734.76 17.5813
  poly 1: 4668.32 -1744.87 4.78413 4562.64 -1744.87 126.748 4562.64 -1776.01 151.338 4565.62 -1777.68 149.219 4565.62 -1808.54 173.587 4559.66 -1805.19 177.823 4559.66 -1836.05 202.191 4565.62 -1839.4 197.954 4565.62 -1870.26 222.322 4562.64 -1868.58 224.44 4562.64 -1899.21 248.622 4583.47 -1899.21 224.587 4582.08 -1895.64 223.381 4603.25 -1895.64 198.949 4606.03 -1902.77 201.363 4627.2 -1902.77 176.931 4624.42 -1895.64 174.518 4645.59 -1895.64 150.086 4646.98 -1899.21 151.293 4668.32 -1899.21 126.657 4668.32 -1744.87 4.78413
element 1
  poly 0: 4576.41 -1733.72 139.877 4453.88 -1733.72 249.783 4453.88 -1764.29 273.924 4457.18 -1765.73 272.104 4457.18 -1796.59 296.474 4450.59 -1793.72 300.116 4450.59 -1824.58 324.486 4457.18 -1827.46 320.845 4457.18 -1858.32 345.215 4453.88 -1856.88 347.036 4453.88 -1889.01 372.408 4479.27 -1889.01 349.639 4477.91 -1885.55 348.125 4502.1 -1885.55 326.423 4504.82 -1892.47 329.451 4529.01 -1892.47 307.748 4526.3 -1885.55 304.72 4550.49 -1885.55 283.018 4551.85 -1889.01 284.532 4576.41 -1889.01 262.502 4576.41 -1857.92 237.948 4579.7 -1859.35 236.132 4579.7 -1828.49 211.765 4573.12 -1825.62 215.397 4573.12 -1794.77 191.03 4579.7 -1797.63 187.397 4579.7 -1766.78 163.03 4576.41 -1765.34 164.846 4576.41 -1733.72 139.877
  poly 1: 4562.64 -1744.87 126.748 4442.55 -1744.87 234.47 4442.55 -1776.02 259.07 4445.85 -1777.46 257.249 4445.85 -1808.32 281.62 4439.26 -1805.45 285.261 4439.26 -1836.31 309.632 4445.85 -1839.18 305.99 4445.85 -1870.05 330.361 4442.55 -1868.61 332.181 4442.55 -1899.21 356.343 4466.23 -1899.21 335.104 4464.87 -1895.75 333.59 4489.07 -1895.75 311.888 4491.78 -1902.67 314.916 4515.98 -1902.67 293.213 4513.26 -1895.75 290.185 4537.46 -1895.75 268.482 4538.81 -1899.21 269.997 4562.64 -1899.21 248.622 4562.64 -1868.58 224.44 4565.93 -1870.02 222.623 4565.93 -1839.16 198.256 4559.36 -1836.29 201.889 4559.36 -1805.43 177.521 4565.93 -1808.3 173.889 4565.93 -1777.44 149.521 4562.64 -1776.01 151.338 4562.64 -1744.87 126.748
element 2
  poly 0: 4453.88 -1732.69 248.967 4314.93 -1732.69 337.923 4314.93 -1763.3 362.097 4318.54 -1764.42 360.673 4318.54 -1795.3 385.058 4311.31 -1793.06 387.905 4311.31 -1823.94 412.29 4318.54 -1826.19 409.442 4318.54 -1857.07 433.826 4314.93 -1855.94 435.25 4314.93 -1888.01 460.571 4343.66 -1888.01 442.176 4342.46 -1884.66 440.303 4369.88 -1884.66 422.751 4372.28 -1891.35 426.497 4399.69 -1891.35 408.945 4397.3 -1884.66 405.199 4424.71 -1884.66 387.647 4425.91 -1888.01 389.52 4453.88 -1888.01 371.615 4453.88 -1856.88 347.036 4457.48 -1858 345.616 4457.48 -1827.14 321.245 4450.28 -1824.9 324.085 4450.28 -1794.03 299.715 4457.48 -1796.28 296.875 4457.48 -1765.41 272.504 4453.88 -1764.29 273.924 4453.88 -1732.69 248.967
  poly 1: 4442.55 -1744.87 234.47 4306.75 -1744.87 321.403 4306.75 -1776.01 345.997 4310.36 -1777.14 344.573 4310.36 -1808.02 368.957 4303.14 -1805.77 371.805 4303.14 -1836.65 396.189 4310.36 -1838.9 393.341 4310.36 -1869.78 417.725 4306.75 -1868.65 419.149 4306.75 -1899.21 443.276 4333.43 -1899.21 426.198 4332.23 -1895.86 424.325 4359.65 -1895.86 406.773 4362.05 -1902.55 410.519 4389.47 -1902.55 392.967 4387.07 -1895.86 389.221 4414.49 -1895.86 371.669 4415.68 -1899.21 373.542 4442.55 -1899.21 356.343 4442.55 -1868.61 332.181 4446.15 -1869.73 330.762 4446.15 -1838.87 306.391 4438.95 -1836.63 309.231 4438.95 -1805.76 284.86 4446.15 -1808.01 282.021 4446.15 -1777.14 257.65 4442.55 -1776.02 259.07 4442.55 -1744.87 234.47
element 3
  poly 0: 4314.93 -1731.81 337.234 4160.63 -1731.81 396.445 4160.63 -1762.54 420.708 4164.51 -1763.26 419.791 4164.51 -1794.18 444.204 4156.75 -1792.73 446.037 4156.75 -1823.65 470.45 4164.51 -1825.1 468.616 4164.51 -1856.01 493.029 4160.63 -1855.29 493.946 4160.63 -1887.15 519.102 4192.39 -1887.15 506.915 4191.54 -1883.91 504.689 4221.98 -1883.91 493.009 4223.68 -1890.38 497.46 4254.12 -1890.38 485.779 4252.41 -1883.91 481.328 4282.85 -1883.91 469.647 4283.7 -1887.15 471.873 4314.93 -1887.15 459.892 4314.93 -1855.94 435.25 4318.79 -1856.66 434.335 4318.79 -1825.78 409.951 4311.06 -1824.34 411.78 4311.06 -1793.46 387.396 4318.79 -1794.9 385.567 4318.79 -1764.02 361.183 4314.93 -1763.3 362.097 4314.93 -1731.81 337.234
  poly 1: 4306.75 -1744.87 321.403 4156.32 -1744.87 379.132 4156.32 -1775.97 403.694 4160.2 -1776.7 402.778 4160.2 -1807.61 427.19 4152.44 -1806.17 429.024 4152.44 -1837.08 453.437 4160.2 -1838.53 451.603 4160.2 -1869.45 476.016 4156.32 -1868.72 476.933 4156.32 -1899.21 501.005 4185.78 -1899.21 489.699 4184.93 -1895.97 487.473 4215.37 -1895.97 475.793 4217.08 -1902.44 480.244 4247.51 -1902.44 468.563 4245.81 -1895.97 464.112 4276.24 -1895.97 452.431 4277.1 -1899.21 454.657 4306.75 -1899.21 443.276 4306.75 -1868.65 419.149 4310.62 -1869.38 418.235 4310.62 -1838.5 393.85 4302.88 -1837.05 395.68 4302.88 -1806.17 371.296 4310.62 -1807.62 369.466 4310.62 -1776.74 345.082 4306.75 -1776.01 345.997 4306.75 -1744.87 321.403
element 4
  poly 0: 4160.63 -1731.3 396.041 3996.59 -1731.3 417.013 3996.59 -1762.2 441.412 4000.62 -1762.45 441.095 4000.62 -1793.42 465.548 3992.55 -1792.92 466.183 3992.55 -1823.89 490.636 4000.62 -1824.39 490.001 4000.62 -1855.35 514.454 3996.59 -1855.1 514.772 3996.59 -1886.64 539.671 4030.11 -1886.64 535.385 4029.8 -1883.47 532.927 4062.18 -1883.47 528.788 4062.81 -1889.8 533.703 4095.18 -1889.8 529.564 4094.56 -1883.47 524.649 4126.93 -1883.47 520.51 4127.25 -1886.64 522.967 4160.63 -1886.64 518.699 4160.63 -1855.29 493.946 4164.66 -1855.54 493.629 4164.66 -1824.62 469.216 4156.6 -1824.12 469.851 4156.6 -1793.21 445.438 4164.66 -1793.71 444.803 4164.66 -1762.79 420.39 4160.63 -1762.54 420.708 4160.63 -1731.3 396.041
  poly 1: 4156.32 -1744.87 379.132 3996.59 -1744.87 399.553 3996.59 -1775.9 424.06 4000.62 -1776.16 423.742 4000.62 -1807.12 448.195 3992.55 -1806.62 448.831 3992.55 -1837.59 473.284 4000.62 -1838.09 472.648 4000.62 -1869.06 497.101 3996.59 -1868.81 497.419 3996.59 -1899.21 521.426 4027.82 -1899.21 517.433 4027.5 -1896.05 514.976 4059.88 -1896.05 510.836 4060.51 -1902.37 515.752 4092.89 -1902.37 511.612 4092.26 -1896.05 506.697 4124.64 -1896.05 502.558 4124.95 -1899.21 505.015 4156.32 -1899.21 501.005 4156.32 -1868.72 476.933 4160.35 -1868.97 476.615 4160.35 -1838.06 452.202 4152.29 -1837.56 452.837 4152.29 -1806.64 428.425 4160.35 -1807.14 427.79 4160.35 -1776.23 403.377 4156.32 -1775.97 403.694 4156.32 -1744.87 379.132
element 5
  poly 0: 3996.59 -1731.3 417.013 3832.54 -1731.3 396.041 3832.54 -1762.54 420.708 3836.57 -1762.29 421.025 3836.57 -1793.21 445.438 3828.51 -1793.71 444.803 3828.51 -1824.62 469.216 3836.57 -1824.12 469.851 3836.57 -1855.04 494.263 3832.54 -1855.29 493.946 3832.54 -1886.64 518.699 3865.93 -1886.64 522.967 3866.24 -1883.47 520.51 3898.62 -1883.47 524.649 3897.99 -1889.8 529.564 3930.37 -1889.8 533.703 3931 -1883.47 528.788 3963.38 -1883.47 532.927 3963.06 -1886.64 535.385 3996.59 -1886.64 539.671 3996.59 -1855.1 514.772 4000.62 -1854.85 515.089 4000.62 -1823.89 490.636 3992.55 -1824.39 490.001 3992.55 -1793.42 465.548 4000.62 -1792.92 466.183 4000.62 -1761.95 441.73 3996.59 -1762.2 441.412 3996.59 -1731.3 417.013
  poly 1: 3996.59 -1744.87 399.553 3836.85 -1744.87 379.132 3836.85 -1775.97 403.694 3840.88 -1775.72 404.012 3840.88 -1806.64 428.425 3832.82 -1807.14 427.79 3832.82 -1838.06 452.202 3840.88 -1837.56 452.837 3840.88 -1868.47 477.25 3836.85 -1868.72 476.933 3836.85 -1899.21 501.005 3868.22 -1899.21 505.015 3868.54 -1896.05 502.558 3900.92 -1896.05 506.697 3900.29 -1902.37 511.612 3932.67 -1902.37 515.752 3933.29 -1896.05 510.836 3965.67 -1896.05 514.976 3965.36 -1899.21 517.433 3996.59 -1899.21 521.426 3996.59 -1868.81 497.419 4000.62 -1868.56 497.737 4000.62 -1837.59 473.284 3992.55 -1838.09 472.648 3992.55 -1807.12 448.195 4000.62 -1806.62 448.831 4000.62 -1775.65 424.377 3996.59 -1775.9 424.06 3996.59 -1744.87 399.553
element 6
  poly 0: 3832.54 -1731.81 396.445 3678.25 -1731.81 337.234 3678.25 -1763.3 362.097 3682.12 -1762.58 363.012 3682.12 -1793.46 387.396 3674.38 -1794.9 385.567 3674.38 -1825.78 409.951 3682.12 -1824.34 411.78 3682.12 -1855.22 436.165 3678.25 -1855.94 435.25 3678.25 -1887.15 459.892 3709.47 -1887.15 471.873 3710.33 -1883.91 469.647 3740.76 -1883.91 481.328 3739.06 -1890.38 485.779 3769.49 -1890.38 497.46 3771.2 -1883.91 493.009 3801.64 -1883.91 504.689 3800.79 -1887.15 506.915 3832.54 -1887.15 519.102 3832.54 -1855.29 493.946 3836.42 -1854.56 494.863 3836.42 -1823.65 470.45 3828.66 -1825.1 468.616 3828.66 -1794.18 444.204 3836.42 -1792.73 446.037 3836.42 -1761.82 421.625 3832.54 -1762.54 420.708 3832.54 -1731.81 396.445
  poly 1: 3836.85 -1744.87 379.132 3686.42 -1744.87 321.403 3686.42 -1776.01 345.997 3690.29 -1775.29 346.911 3690.29 -1806.17 371.296 3682.55 -1807.62 369.466 3682.55 -1838.5 393.85 3690.29 -1837.05 395.68 3690.29 -1867.93 420.064 3686.42 -1868.65 419.149 3686.42 -1899.21 443.276 3716.08 -1899.21 454.657 3716.93 -1895.97 452.431 3747.37 -1895.97 464.112 3745.66 -1902.44 468.563 3776.1 -1902.44 480.244 3777.81 -1895.97 475.793 3808.25 -1895.97 487.473 3807.39 -1899.21 489.699 3836.85 -1899.21 501.005 3836.85 -1868.72 476.933 3840.73 -1868 477.85 3840.73 -1837.08 453.437 3832.97 -1838.53 451.603 3832.97 -1807.61 427.19 3840.73 -1806.17 429.024 3840.73 -1775.25 404.611 3836.85 -1775.97 403.694 3836.85 -1744.87 379.132
element 7
  poly 0: 3678.25 -1732.69 337.923 3539.29 -1732.69 248.967 3539.29 -1764.29 273.924 3542.89 -1763.17 275.344 3542.89 -1794.03 299.715 3535.69 -1796.28 296.875 3535.69 -1827.14 321.245 3542.89 -1824.9 324.085 3542.89 -1855.76 348.456 3539.29 -1856.88 347.036 3539.29 -1888.01 371.615 3567.26 -1888.01 389.52 3568.46 -1884.66 387.647 3595.88 -1884.66 405.199 3593.48 -1891.35 408.945 3620.9 -1891.35 426.497 3623.3 -1884.66 422.751 3650.72 -1884.66 440.303 3649.52 -1888.01 442.176 3678.25 -1888.01 460.571 3678.25 -1855.94 435.25 3681.86 -1854.82 436.674 3681.86 -1823.94 412.29 3674.64 -1826.19 409.442 3674.64 -1795.3 385.058 3681.86 -1793.06 387.905 3681.86 -1762.18 363.521 3678.25 -1763.3 362.097 3678.25 -1732.69 337.923
  poly 1: 3686.42 -1744.87 321.403 3550.63 -1744.87 234.47 3550.63 -1776.02 259.07 3554.23 -1774.9 260.49 3554.23 -1805.76 284.86 3547.02 -1808.01 282.021 3547.02 -1838.87 306.391 3554.23 -1836.63 309.231 3554.23 -1867.49 333.601 3550.63 -1868.61 332.181 3550.63 -1899.21 356.343 3577.49 -1899.21 373.542 3578.69 -1895.86 371.669 3606.11 -1895.86 389.221 3603.71 -1902.55 392.967 3631.13 -1902.55 410.519 3633.53 -1895.86 406.773 3660.94 -1895.86 424.325 3659.75 -1899.21 426.198 3686.42 -1899.21 443.276 3686.42 -1868.65 419.149 3690.03 -1867.53 420.573 3690.03 -1836.65 396.189 3682.81 -1838.9 393.341 3682.81 -1808.02 368.957 3690.03 -1805.77 371.805 3690.03 -1774.89 347.421 3686.42 -1776.01 345.997 3686.42 -1744.87 321.403
element 8
  poly 0: 3539.29 -1733.72 249.783 3416.77 -1733.72 139.877 3416.77 -1765.34 164.846 3420.05 -1763.91 166.663 3420.05 -1794.77 191.03 3413.48 -1797.63 187.397 3413.48 -1828.49 211.765 3420.05 -1825.62 215.397 3420.05 -1856.48 239.765 3416.77 -1857.92 237.948 3416.77 -1889.01 262.502 3441.33 -1889.01 284.532 3442.68 -1885.55 283.018 3466.88 -1885.55 304.72 3464.16 -1892.47 307.748 3488.36 -1892.47 329.451 3491.07 -1885.55 326.423 3515.27 -1885.55 348.125 3513.91 -1889.01 349.639 3539.29 -1889.01 372.408 3539.29 -1856.88 347.036 3542.59 -1855.44 348.857 3542.59 -1824.58 324.486 3536 -1827.46 320.845 3536 -1796.59 296.474 3542.59 -1793.72 300.116 3542.59 -1762.85 275.745 3539.29 -1764.29 273.924 3539.29 -1733.72 249.783
  poly 1: 3550.63 -1744.87 234.47 3430.53 -1744.87 126.748 3430.53 -1776.01 151.338 3433.82 -1774.57 153.154 3433.82 -1805.43 177.521 3427.25 -1808.3 173.889 3427.25 -1839.16 198.256 3433.82 -1836.29 201.889 3433.82 -1867.15 226.256 3430.53 -1868.58 224.44 3430.53 -1899.21 248.622 3454.36 -1899.21 269.997 3455.72 -1895.75 268.482 3479.92 -1895.75 290.185 3477.2 -1902.67 293.213 3501.39 -1902.67 314.916 3504.11 -1895.75 311.888 3528.31 -1895.75 333.59 3526.95 -1899.21 335.104 3550.63 -1899.21 356.343 3550.63 -1868.61 332.181 3553.92 -1867.17 334.002 3553.92 -1836.31 309.632 3547.33 -1839.18 305.99 3547.33 -1808.32 281.62 3553.92 -1805.45 285.261 3553.92 -1774.58 260.891 3550.63 -1776.02 259.07 3550.63 -1744.87 234.47
element 9
  poly 0: 3416.77 -1734.76 140.7 3310.08 -1734.76 17.5813 3310.08 -1890.01 140.171 3331.08 -1890.01 164.397 3332.47 -1886.45 163.191 3353.64 -1886.45 187.622 3350.85 -1893.57 190.036 3372.02 -1893.57 214.467 3374.81 -1886.45 212.053 3395.98 -1886.45 236.485 3394.58 -1890.01 237.692 3416.77 -1890.01 263.29 3416.77 -1857.92 237.948 3419.75 -1856.25 240.067 3419.75 -1825.39 215.699 3413.79 -1828.73 211.463 3413.79 -1797.87 187.095 3419.75 -1794.53 191.332 3419.75 -1763.67 166.964 3416.77 -1765.34 164.846 3416.77 -1734.76 140.7
  poly 1: 3430.53 -1744.87 126.748 3324.85 -1744.87 4.78413 3324.85 -1899.21 126.657 3346.2 -1899.21 151.293 3347.59 -1895.64 150.086 3368.76 -1895.64 174.518 3365.98 -1902.77 176.931 3387.15 -1902.77 201.363 3389.93 -1895.64 198.949 3411.1 -1895.64 223.381 3409.71 -1899.21 224.587 3430.53 -1899.21 248.622 3430.53 -1868.58 224.44 3433.51 -1866.91 226.558 3433.51 -1836.05 202.191 3427.55 -1839.4 197.954 3427.55 -1808.54 173.587 3433.51 -1805.19 177.823 3433.51 -1774.34 153.456 3430.53 -1776.01 151.338 3430.53 -1744.87 126.748
element 10
  poly 0: 4668.32 -1899.21 126.657 4646.98 -1899.21 151.293 4645.84 -1895.49 150.308 4624.67 -1895.49 174.739 4626.95 -1902.93 176.71 4605.78 -1902.93 201.141 4603.5 -1895.49 199.171 4582.33 -1895.49 223.602 4583.47 -1899.21 224.587 4562.64 -1899.21 248.622 4562.64 -1932.55 269.221 4565.51 -1934.03 266.825 4565.51 -1967.59 287.561 4559.77 -1964.63 292.354 4559.77 -1998.19 313.091 4565.51 -2001.15 308.298 4565.51 -2034.71 329.034 4562.64 -2033.23 331.431 4562.64 -2066.49 351.977 4583.46 -2066.49 327.953 4582.32 -2062.77 326.967 4603.5 -2062.77 302.525 4605.78 -2070.21 304.496 4626.96 -2070.21 280.054 4624.68 -2062.77 278.083 4645.86 -2062.77 253.641 4647 -2066.49 254.627 4668.32 -2066.49 230.013 4668.32 -1899.21 126.657
  poly 1: 4683.74 -1890.01 139.428 4662.1 -1890.01 164.397 4660.96 -1886.29 163.412 4639.79 -1886.29 187.843 4642.07 -1893.73 189.814 4620.9 -1893.73 214.246 4618.62 -1886.29 212.275 4597.46 -1886.29 236.706 4598.59 -1890.01 237.692 4577.08 -1890.01 262.52 4577.08 -1923.79 283.393 4579.95 -1925.27 280.996 4579.95 -1958.83 301.733 4574.21 -1955.87 306.526 4574.21 -1989.43 327.262 4579.95 -1992.4 322.469 4579.95 -2025.96 343.206 4577.08 -2024.48 345.602 4577.08 -2059.21 367.062 4599.17 -2059.21 341.566 4598.03 -2055.49 340.581 4619.21 -2055.49 316.139 4621.49 -2062.93 318.11 4642.67 -2062.93 293.668 4640.39 -2055.49 291.697 4661.57 -2055.49 267.254 4662.71 -2059.21 268.24 4683.74 -2059.21 243.97 4683.74 -1890.01 139.428
element 11
  poly 0: 4577.08 -1889.01 261.903 4551.85 -1889.01 284.532 4550.73 -1885.37 283.283 4526.54 -1885.37 304.986 4528.78 -1892.66 307.483 4504.58 -1892.66 329.185 4502.34 -1885.37 326.688 4478.15 -1885.37 348.391 4479.27 -1889.01 349.639 4454.56 -1889.01 371.806 4454.56 -1922.82 392.692 4457.76 -1924.1 390.611 4457.76 -1957.67 411.354 4451.35 -1955.1 415.516 4451.35 -1988.67 436.259 4457.76 -1991.25 432.097 4457.76 -2024.82 452.839 4454.56 -2023.53 454.92 4454.56 -2058.35 476.431 4479.88 -2058.35 453.717 4478.76 -2054.7 452.468 4502.96 -2054.7 430.757 4505.2 -2061.99 433.255 4529.41 -2061.99 411.544 4527.17 -2054.7 409.046 4551.37 -2054.7 387.334 4552.49 -2058.35 388.583 4577.08 -2058.35 366.529 4577.08 -2024.48 345.602 4580.28 -2025.76 343.527 4580.28 -1992.2 322.791 4573.88 -1989.63 326.941 4573.88 -1956.07 306.205 4580.28 -1958.64 302.054 4580.28 -1925.07 281.318 4577.08 -1923.79 283.393 4577.08 -1889.01 261.903
  poly 1: 4562.64 -1899.21 248.622 4538.81 -1899.21 269.997 4537.69 -1895.56 268.748 4513.5 -1895.56 290.451 4515.74 -1902.86 292.948 4491.54 -1902.86 314.65 4489.3 -1895.56 312.153 4465.11 -1895.56 333.856 4466.23 -1899.21 335.104 4442.55 -1899.21 356.343 4442.55 -1932.55 376.942 4445.76 -1933.83 374.861 4445.76 -1967.4 395.604 4439.35 -1964.83 399.766 4439.35 -1998.4 420.509 4445.76 -2000.98 416.347 4445.76 -2034.55 437.09 4442.55 -2033.26 439.171 4442.55 -2066.49 459.699 4466.21 -2066.49 438.478 4465.09 -2062.84 437.229 4489.29 -2062.84 415.518 4491.53 -2070.13 418.016 4515.74 -2070.13 396.305 4513.5 -2062.84 393.807 4537.7 -2062.84 372.095 4538.82 -2066.49 373.344 4562.64 -2066.49 351.977 4562.64 -2033.23 331.431 4565.84 -2034.51 329.355 4565.84 -2000.95 308.619 4559.45 -1998.39 312.769 4559.45 -1964.83 292.033 4565.84 -1967.39 287.883 4565.84 -1933.83 267.146 4562.64 -1932.55 269.221 4562.64 -1899.21 248.622
element 12
  poly 0: 4454.56 -1888.01 371.185 4425.91 -1888.01 389.52 4424.91 -1884.44 387.959 4397.5 -1884.44 405.511 4399.49 -1891.57 408.633 4372.08 -1891.57 426.185 4370.08 -1884.44 423.063 4342.66 -1884.44 440.615 4343.66 -1888.01 442.176 4315.5 -1888.01 460.202 4315.5 -1921.87 481.124 4319.05 -1922.89 479.478 4319.05 -1956.48 500.234 4311.95 -1954.45 503.527 4311.95 -1988.04 524.283 4319.05 -1990.07 520.99 4319.05 -2023.67 541.746 4315.5 -2022.65 543.392 4315.5 -2057.45 564.895 4344.23 -2057.45 546.503 4343.23 -2053.89 544.94 4370.67 -2053.89 527.378 4372.67 -2061.01 530.502 4400.1 -2061.01 512.939 4398.1 -2053.89 509.815 4425.54 -2053.89 492.252 4426.54 -2057.45 493.815 4454.56 -2057.45 475.878 4454.56 -2023.53 454.92 4458.1 -2024.54 453.28 4458.1 -1990.97 432.537 4451.01 -1988.95 435.818 4451.01 -1955.37 415.075 4458.1 -1957.4 411.794 4458.1 -1923.83 391.051 4454.56 -1922.82 392.692 4454.56 -1888.01 371.185
  poly 1: 4442.55 -1899.21 356.343 4415.68 -1899.21 373.542 4414.69 -1895.65 371.981 4387.27 -1895.65 389.533 4389.27 -1902.77 392.655 4361.85 -1902.77 410.207 4359.85 -1895.65 407.085 4332.43 -1895.65 424.637 4333.43 -1899.21 426.198 4306.75 -1899.21 443.276 4306.75 -1932.53 463.866 4310.31 -1933.55 462.22 4310.31 -1967.14 482.976 4303.2 -1965.11 486.268 4303.2 -1998.7 507.024 4310.31 -2000.74 503.732 4310.31 -2034.33 524.488 4306.75 -2033.31 526.134 4306.75 -2066.49 546.631 4333.4 -2066.49 529.575 4332.4 -2062.92 528.013 4359.83 -2062.92 510.451 4361.83 -2070.05 513.575 4389.27 -2070.05 496.012 4387.27 -2062.92 492.888 4414.7 -2062.92 475.325 4415.7 -2066.49 476.887 4442.55 -2066.49 459.699 4442.55 -2033.26 439.171 4446.09 -2034.28 437.53 4446.09 -2000.7 416.787 4439.01 -1998.68 420.069 4439.01 -1965.11 399.326 4446.09 -1967.13 396.045 4446.09 -1933.56 375.302 4442.55 -1932.55 376.942 4442.55 -1899.21 356.343
element 13
  poly 0: 4315.5 -1887.15 459.67 4283.7 -1887.15 471.873 4282.99 -1883.67 469.999 4252.55 -1883.67 481.679 4253.99 -1890.63 485.428 4223.55 -1890.63 497.108 4222.11 -1883.67 493.36 4191.67 -1883.67 505.041 4192.39 -1887.15 506.915 4160.98 -1887.15 518.971 4160.98 -1921.13 539.965 4164.84 -1921.79 538.893 4164.84 -1955.42 559.673 4157.12 -1954.09 561.816 4157.12 -1987.73 582.596 4164.84 -1989.05 580.453 4164.84 -2022.68 601.232 4160.98 -2022.02 602.304 4160.98 -2056.66 623.708 4192.8 -2056.66 611.494 4192.08 -2053.18 609.618 4222.55 -2053.18 597.927 4223.99 -2060.14 601.678 4254.45 -2060.14 589.987 4253.01 -2053.18 586.236 4283.48 -2053.18 574.545 4284.2 -2056.66 576.421 4315.5 -2056.66 564.407 4315.5 -2022.65 543.392 4319.35 -2023.31 542.324 4319.35 -1989.72 521.568 4311.66 -1988.4 523.705 4311.66 -1954.8 502.949 4319.35 -1956.12 500.812 4319.35 -1922.53 480.056 4315.5 -1921.87 481.124 4315.5 -1887.15 459.67
  poly 1: 4306.75 -1899.21 443.276 4277.1 -1899.21 454.657 4276.38 -1895.73 452.783 4245.94 -1895.73 464.463 4247.38 -1902.69 468.212 4216.94 -1902.69 479.892 4215.5 -1895.73 476.144 4185.07 -1895.73 487.825 4185.78 -1899.21 489.699 4156.32 -1899.21 501.005 4156.32 -1932.49 521.57 4160.18 -1933.15 520.498 4160.18 -1966.79 541.277 4152.46 -1965.46 543.421 4152.46 -1999.09 564.2 4160.18 -2000.42 562.057 4160.18 -2034.05 582.836 4156.32 -2033.38 583.908 4156.32 -2066.49 604.36 4185.73 -2066.49 593.074 4185.01 -2063 591.198 4215.48 -2063 579.507 4216.92 -2069.97 583.258 4247.38 -2069.97 571.567 4245.94 -2063 567.816 4276.41 -2063 556.125 4277.13 -2066.49 558 4306.75 -2066.49 546.631 4306.75 -2033.31 526.134 4310.6 -2033.97 525.066 4310.6 -2000.38 504.31 4302.91 -1999.06 506.446 4302.91 -1965.47 485.69 4310.6 -1966.79 483.554 4310.6 -1933.19 462.798 4306.75 -1932.53 463.866 4306.75 -1899.21 443.276
element 14
  poly 0: 4160.98 -1886.64 518.655 4127.25 -1886.64 522.967 4126.98 -1883.21 520.885 4094.6 -1883.21 525.024 4095.14 -1890.06 529.189 4062.76 -1890.06 533.328 4062.23 -1883.21 529.163 4029.85 -1883.21 533.302 4030.11 -1886.64 535.385 3996.59 -1886.64 539.671 3996.59 -1920.79 560.773 4000.63 -1921.02 560.399 4000.63 -1954.7 581.21 3992.55 -1954.24 581.958 3992.55 -1987.92 602.769 4000.63 -1988.38 602.021 4000.63 -2022.07 622.832 3996.59 -2021.83 623.206 3996.59 -2056.18 644.427 4030.24 -2056.18 640.125 4029.97 -2052.75 638.04 4062.38 -2052.75 633.897 4062.92 -2059.61 638.066 4095.33 -2059.61 633.922 4094.79 -2052.75 629.753 4127.21 -2052.75 625.609 4127.47 -2056.18 627.694 4160.98 -2056.18 623.411 4160.98 -2022.02 602.304 4165.01 -2022.25 601.93 4165.01 -1988.62 581.151 4156.94 -1988.16 581.898 4156.94 -1954.53 561.118 4165.01 -1954.99 560.371 4165.01 -1921.36 539.592 4160.98 -1921.13 539.965 4160.98 -1886.64 518.655
  poly 1: 4156.32 -1899.21 501.005 4124.95 -1899.21 505.015 4124.69 -1895.78 502.933 4092.31 -1895.78 507.072 4092.84 -1902.63 511.237 4060.46 -1902.63 515.377 4059.93 -1895.78 511.211 4027.55 -1895.78 515.351 4027.82 -1899.21 517.433 3996.59 -1899.21 521.426 3996.59 -1932.42 541.947 4000.63 -1932.65 541.573 4000.63 -1966.33 562.384 3992.55 -1965.87 563.131 3992.55 -1999.55 583.943 4000.63 -2000.02 583.195 4000.63 -2033.7 604.006 3996.59 -2033.47 604.38 3996.59 -2066.49 624.781 4027.77 -2066.49 620.795 4027.5 -2063.06 618.711 4059.91 -2063.06 614.567 4060.44 -2069.92 618.737 4092.86 -2069.92 614.593 4092.32 -2063.06 610.423 4124.74 -2063.06 606.28 4125 -2066.49 608.364 4156.32 -2066.49 604.36 4156.32 -2033.38 583.908 4160.36 -2033.62 583.535 4160.36 -1999.98 562.755 4152.29 -1999.52 563.502 4152.29 -1965.89 542.723 4160.36 -1966.35 541.976 4160.36 -1932.72 521.196 4156.32 -1932.49 521.57 4156.32 -1899.21 501.005
element 15
  poly 0: 3996.59 -1886.64 539.671 3963.06 -1886.64 535.385 3963.33 -1883.21 533.302 3930.95 -1883.21 529.163 3930.42 -1890.06 533.328 3898.04 -1890.06 529.189 3898.57 -1883.21 525.024 3866.2 -1883.21 520.885 3865.93 -1886.64 522.967 3832.2 -1886.64 518.655 3832.2 -1921.13 539.965 3836.24 -1920.9 540.339 3836.24 -1954.53 561.118 3828.16 -1954.99 560.371 3828.16 -1988.62 581.151 3836.24 -1988.16 581.898 3836.24 -2021.79 602.677 3832.2 -2022.02 602.304 3832.2 -2056.18 623.411 3865.7 -2056.18 627.694 3865.97 -2052.75 625.609 3898.38 -2052.75 629.753 3897.85 -2059.61 633.922 3930.26 -2059.61 638.066 3930.79 -2052.75 633.897 3963.21 -2052.75 638.04 3962.94 -2056.18 640.125 3996.59 -2056.18 644.427 3996.59 -2021.83 623.206 4000.63 -2021.6 623.58 4000.63 -1987.92 602.769 3992.55 -1988.38 602.021 3992.55 -1954.7 581.21 4000.63 -1954.24 581.958 4000.63 -1920.56 561.146 3996.59 -1920.79 560.773 3996.59 -1886.64 539.671
  poly 1: 3996.59 -1899.21 521.426 3965.36 -1899.21 517.433 3965.62 -1895.78 515.351 3933.25 -1895.78 511.211 3932.71 -1902.63 515.377 3900.34 -1902.63 511.237 3900.87 -1895.78 507.072 3868.49 -1895.78 502.933 3868.22 -1899.21 505.015 3836.85 -1899.21 501.005 3836.85 -1932.49 521.57 3840.89 -1932.26 521.943 3840.89 -1965.89 542.723 3832.82 -1966.35 541.976 3832.82 -1999.98 562.755 3840.89 -1999.52 563.502 3840.89 -2033.15 584.282 3836.85 -2033.38 583.908 3836.85 -2066.49 604.36 3868.17 -2066.49 608.364 3868.44 -2063.06 606.28 3900.85 -2063.06 610.423 3900.32 -2069.92 614.593 3932.73 -2069.92 618.737 3933.27 -2063.06 614.567 3965.68 -2063.06 618.711 3965.41 -2066.49 620.795 3996.59 -2066.49 624.781 3996.59 -2033.47 604.38 4000.63 -2033.24 604.754 4000.63 -1999.55 583.943 3992.55 -2000.02 583.195 3992.55 -1966.33 562.384 4000.63 -1965.87 563.131 4000.63 -1932.19 542.32 3996.59 -1932.42 541.947 3996.59 -1899.21 521.426
element 16
  poly 0: 3832.2 -1887.15 518.971 3800.79 -1887.15 506.915 3801.5 -1883.67 505.041 3771.07 -1883.67 493.36 3769.63 -1890.63 497.108 3739.19 -1890.63 485.428 3740.63 -1883.67 481.679 3710.19 -1883.67 469.999 3709.47 -1887.15 471.873 3677.68 -1887.15 459.67 3677.68 -1921.87 481.124 3681.52 -1921.21 482.192 3681.52 -1954.8 502.949 3673.83 -1956.12 500.812 3673.83 -1989.72 521.568 3681.52 -1988.4 523.705 3681.52 -2021.99 544.461 3677.68 -2022.65 543.392 3677.68 -2056.66 564.407 3708.98 -2056.66 576.421 3709.7 -2053.18 574.545 3740.16 -2053.18 586.236 3738.72 -2060.14 589.987 3769.19 -2060.14 601.678 3770.63 -2053.18 597.927 3801.09 -2053.18 609.618 3800.37 -2056.66 611.494 3832.2 -2056.66 623.708 3832.2 -2022.02 602.304 3836.06 -2021.36 603.376 3836.06 -1987.73 582.596 3828.34 -1989.05 580.453 3828.34 -1955.42 559.673 3836.06 -1954.09 561.816 3836.06 -1920.46 541.037 3832.2 -1921.13 539.965 3832.2 -1887.15 518.971
  poly 1: 3836.85 -1899.21 501.005 3807.39 -1899.21 489.699 3808.11 -1895.73 487.825 3777.67 -1895.73 476.144 3776.24 -1902.69 479.892 3745.8 -1902.69 468.212 3747.24 -1895.73 464.463 3716.8 -1895.73 452.783 3716.08 -1899.21 454.657 3686.42 -1899.21 443.276 3686.42 -1932.53 463.866 3690.27 -1931.87 464.934 3690.27 -1965.47 485.69 3682.58 -1966.79 483.554 3682.58 -2000.38 504.31 3690.27 -1999.06 506.446 3690.27 -2032.65 527.202 3686.42 -2033.31 526.134 3686.42 -2066.49 546.631 3716.05 -2066.49 558 3716.77 -2063 556.125 3747.23 -2063 567.816 3745.79 -2069.97 571.567 3776.26 -2069.97 583.258 3777.7 -2063 579.507 3808.16 -2063 591.198 3807.44 -2066.49 593.074 3836.85 -2066.49 604.36 3836.85 -2033.38 583.908 3840.71 -2032.72 584.98 3840.71 -1999.09 564.2 3832.99 -2000.42 562.057 3832.99 -1966.79 541.277 3840.71 -1965.46 543.421 3840.71 -1931.83 522.641 3836.85 -1932.49 521.57 3836.85 -1899.21 501.005
element 17
  poly 0: 3677.68 -1888.01 460.202 3649.52 -1888.01 442.176 3650.52 -1884.44 440.615 3623.1 -1884.44 423.063 3621.1 -1891.57 426.185 3593.68 -1891.57 408.633 3595.68 -1884.44 405.511 3568.26 -1884.44 387.959 3567.26 -1888.01 389.52 3538.62 -1888.01 371.185 3538.62 -1922.82 392.692 3542.16 -1921.8 394.333 3542.16 -1955.37 415.075 3535.08 -1957.4 411.794 3535.08 -1990.97 432.537 3542.16 -1988.95 435.818 3542.16 -2022.52 456.561 3538.62 -2023.53 454.92 3538.62 -2057.45 475.878 3566.64 -2057.45 493.815 3567.64 -2053.89 492.252 3595.07 -2053.89 509.815 3593.07 -2061.01 512.939 3620.51 -2061.01 530.502 3622.51 -2053.89 527.378 3649.94 -2053.89 544.94 3648.94 -2057.45 546.503 3677.68 -2057.45 564.895 3677.68 -2022.65 543.392 3681.23 -2021.63 545.039 3681.23 -1988.04 524.283 3674.12 -1990.07 520.99 3674.12 -1956.48 500.234 3681.23 -1954.45 503.527 3681.23 -1920.85 482.771 3677.68 -1921.87 481.124 3677.68 -1888.01 460.202
  poly 1: 3686.42 -1899.21 443.276 3659.75 -1899.21 426.198 3660.75 -1895.65 424.637 3633.33 -1895.65 407.085 3631.33 -1902.77 410.207 3603.91 -1902.77 392.655 3605.91 -1895.65 389.533 3578.49 -1895.65 371.981 3577.49 -1899.21 373.542 3550.63 -1899.21 356.343 3550.63 -1932.55 376.942 3554.17 -1931.53 378.583 3554.17 -1965.11 399.326 3547.08 -1967.13 396.045 3547.08 -2000.7 416.787 3554.17 -1998.68 420.069 3554.17 -2032.25 440.811 3550.63 -2033.26 439.171 3550.63 -2066.49 459.699 3577.48 -2066.49 476.887 3578.48 -2062.92 475.325 3605.91 -2062.92 492.888 3603.91 -2070.05 496.012 3631.35 -2070.05 513.575 3633.35 -2062.92 510.451 3660.78 -2062.92 528.013 3659.78 -2066.49 529.575 3686.42 -2066.49 546.631 3686.42 -2033.31 526.134 3689.98 -2032.29 527.78 3689.98 -1998.7 507.024 3682.87 -2000.74 503.732 3682.87 -1967.14 482.976 3689.98 -1965.11 486.268 3689.98 -1931.52 465.512 3686.42 -1932.53 463.866 3686.42 -1899.21 443.276
element 18
  poly 0: 3538.62 -1889.01 371.806 3513.91 -1889.01 349.639 3515.03 -1885.37 348.391 3490.84 -1885.37 326.688 3488.6 -1892.66 329.185 3464.4 -1892.66 307.483 3466.64 -1885.37 304.986 3442.45 -1885.37 283.283 3441.33 -1889.01 284.532 3416.1 -1889.01 261.903 3416.1 -1923.79 283.393 3419.3 -1922.51 285.468 3419.3 -1956.07 306.205 3412.9 -1958.64 302.054 3412.9 -1992.2 322.791 3419.3 -1989.63 326.941 3419.3 -2023.19 347.677 3416.1 -2024.48 345.602 3416.1 -2058.35 366.529 3440.69 -2058.35 388.583 3441.81 -2054.7 387.334 3466.01 -2054.7 409.046 3463.77 -2061.99 411.544 3487.97 -2061.99 433.255 3490.21 -2054.7 430.757 3514.42 -2054.7 452.468 3513.3 -2058.35 453.717 3538.62 -2058.35 476.431 3538.62 -2023.53 454.92 3541.83 -2022.25 457.001 3541.83 -1988.67 436.259 3535.42 -1991.25 432.097 3535.42 -1957.67 411.354 3541.83 -1955.1 415.516 3541.83 -1921.53 394.773 3538.62 -1922.82 392.692 3538.62 -1889.01 371.806
  poly 1: 3550.63 -1899.21 356.343 3526.95 -1899.21 335.104 3528.07 -1895.56 333.856 3503.87 -1895.56 312.153 3501.63 -1902.86 314.65 3477.44 -1902.86 292.948 3479.68 -1895.56 290.451 3455.48 -1895.56 268.748 3454.36 -1899.21 269.997 3430.53 -1899.21 248.622 3430.53 -1932.55 269.221 3433.73 -1931.27 271.297 3433.73 -1964.83 292.033 3427.34 -1967.39 287.883 3427.34 -2000.95 308.619 3433.73 -1998.39 312.769 3433.73 -2031.95 333.506 3430.53 -2033.23 331.431 3430.53 -2066.49 351.977 3454.35 -2066.49 373.344 3455.48 -2062.84 372.095 3479.68 -2062.84 393.807 3477.44 -2070.13 396.305 3501.64 -2070.13 418.016 3503.88 -2062.84 415.518 3528.09 -2062.84 437.229 3526.97 -2066.49 438.478 3550.63 -2066.49 459.699 3550.63 -2033.26 439.171 3553.83 -2031.98 441.252 3553.83 -1998.4 420.509 3547.42 -2000.98 416.347 3547.42 -1967.4 395.604 3553.83 -1964.83 399.766 3553.83 -1931.26 379.023 3550.63 -1932.55 376.942 3550.63 -1899.21 356.343
element 19
  poly 0: 3416.1 -1890.01 262.52 3394.58 -1890.01 237.692 3395.72 -1886.29 236.706 3374.55 -1886.29 212.275 3372.28 -1893.73 214.246 3351.11 -1893.73 189.814 3353.38 -1886.29 187.843 3332.21 -1886.29 163.412 3331.08 -1890.01 164.397 3309.44 -1890.01 139.428 3309.44 -2059.21 243.97 3330.47 -2059.21 268.24 3331.61 -2055.49 267.254 3352.79 -2055.49 291.697 3350.51 -2062.93 293.668 3371.69 -2062.93 318.11 3373.96 -2055.49 316.139 3395.14 -2055.49 340.581 3394.01 -2059.21 341.566 3416.1 -2059.21 367.062 3416.1 -2024.48 345.602 3418.97 -2023 347.999 3418.97 -1989.43 327.262 3413.23 -1992.4 322.469 3413.23 -1958.83 301.733 3418.97 -1955.87 306.526 3418.97 -1922.31 285.79 3416.1 -1923.79 283.393 3416.1 -1890.01 262.52
  poly 1: 3430.53 -1899.21 248.622 3409.71 -1899.21 224.587 3410.85 -1895.49 223.602 3389.68 -1895.49 199.171 3387.4 -1902.93 201.141 3366.23 -1902.93 176.71 3368.51 -1895.49 174.739 3347.34 -1895.49 150.308 3346.2 -1899.21 151.293 3324.85 -1899.21 126.657 3324.85 -2066.49 230.013 3346.18 -2066.49 254.627 3347.32 -2062.77 253.641 3368.5 -2062.77 278.083 3366.22 -2070.21 280.054 3387.4 -2070.21 304.496 3389.68 -2062.77 302.525 3410.85 -2062.77 326.967 3409.72 -2066.49 327.953 3430.53 -2066.49 351.977 3430.53 -2033.23 331.431 3433.4 -2031.75 333.827 3433.4 -1998.19 313.091 3427.66 -2001.15 308.298 3427.66 -1967.59 287.561 3433.4 -1964.63 292.354 3433.4 -1931.07 271.618 3430.53 -1932.55 269.221 3430.53 -1899.21 248.622
element 20
  poly 0: 4668.32 -2066.49 230.013 4647 -2066.49 254.627 4646.13 -2062.64 253.878 4624.95 -2062.64 278.32 4626.68 -2070.33 279.818 4605.5 -2070.33 304.26 4603.77 -2062.64 302.762 4582.6 -2062.64 327.204 4583.46 -2066.49 327.953 4562.64 -2066.49 351.977 4562.64 -2102.13 368.157 4565.42 -2103.33 365.504 4565.42 -2139.28 381.82 4559.87 -2136.87 387.125 4559.87 -2172.81 403.441 4565.42 -2175.22 398.135 4565.42 -2211.16 414.45 4562.64 -2209.95 417.103 4562.64 -2245.51 433.245 4583.45 -2245.51 409.236 4582.58 -2241.67 408.487 4603.77 -2241.67 384.031 4605.5 -2249.36 385.529 4626.69 -2249.36 361.073 4624.96 -2241.67 359.576 4646.16 -2241.67 335.12 4647.02 -2245.51 335.869 4668.32 -2245.51 311.281 4668.32 -2066.49 230.013
  poly 1: 4684.26 -2059.21 243.365 4662.71 -2059.21 268.24 4661.84 -2055.36 267.491 4640.66 -2055.36 291.933 4642.39 -2063.06 293.431 4621.21 -2063.06 317.873 4619.49 -2055.36 316.376 4598.31 -2055.36 340.818 4599.17 -2059.21 341.566 4577.63 -2059.21 366.427 4577.63 -2095.45 382.877 4580.4 -2096.65 380.224 4580.4 -2132.59 396.54 4574.86 -2130.18 401.845 4574.86 -2166.13 418.161 4580.4 -2168.53 412.855 4580.4 -2204.48 429.17 4577.63 -2203.27 431.823 4577.63 -2240.26 448.615 4599.61 -2240.26 423.244 4598.75 -2236.42 422.495 4619.94 -2236.42 398.039 4621.67 -2244.11 399.537 4642.86 -2244.11 375.081 4641.13 -2236.42 373.583 4662.32 -2236.42 349.128 4663.19 -2240.26 349.876 4684.26 -2240.26 325.553 4684.26 -2059.21 243.365
element 21
  poly 0: 4577.63 -2058.35 366.035 4552.49 -2058.35 388.583 4551.63 -2054.54 387.627 4527.43 -2054.54 409.338 4529.15 -2062.15 411.251 4504.94 -2062.15 432.963 4503.22 -2054.54 431.049 4479.02 -2054.54 452.76 4479.88 -2058.35 453.717 4455.13 -2058.35 475.919 4455.13 -2094.62 492.387 4458.25 -2095.68 490.064 4458.25 -2131.64 506.386 4452 -2129.53 511.033 4452 -2165.48 527.356 4458.25 -2167.59 522.708 4458.25 -2203.55 539.031 4455.13 -2202.49 541.355 4455.13 -2239.59 558.196 4480.36 -2239.59 535.565 4479.5 -2235.79 534.608 4503.71 -2235.79 512.886 4505.43 -2243.4 514.8 4529.65 -2243.4 493.078 4527.93 -2235.79 491.164 4552.15 -2235.79 469.442 4553.01 -2239.59 470.4 4577.63 -2239.59 448.312 4577.63 -2203.27 431.823 4580.74 -2204.32 429.507 4580.74 -2168.38 413.191 4574.51 -2166.28 417.824 4574.51 -2130.34 401.509 4580.74 -2132.44 396.876 4580.74 -2096.5 380.561 4577.63 -2095.45 382.877 4577.63 -2058.35 366.035
  poly 1: 4562.64 -2066.49 351.977 4538.82 -2066.49 373.344 4537.96 -2062.68 372.388 4513.76 -2062.68 394.099 4515.48 -2070.29 396.012 4491.27 -2070.29 417.724 4489.55 -2062.68 415.81 4465.35 -2062.68 437.521 4466.21 -2066.49 438.478 4442.55 -2066.49 459.699 4442.55 -2102.12 475.875 4445.68 -2103.18 473.551 4445.68 -2139.13 489.873 4439.43 -2137.02 494.521 4439.43 -2172.98 510.843 4445.68 -2175.09 506.196 4445.68 -2211.05 522.518 4442.55 -2209.99 524.842 4442.55 -2245.51 540.967 4466.19 -2245.51 519.767 4465.33 -2241.71 518.81 4489.54 -2241.71 497.088 4491.26 -2249.32 499.002 4515.48 -2249.32 477.28 4513.76 -2241.71 475.366 4537.98 -2241.71 453.644 4538.83 -2245.51 454.601 4562.64 -2245.51 433.245 4562.64 -2209.95 417.103 4565.76 -2211 414.787 4565.76 -2175.06 398.471 4559.53 -2172.96 403.104 4559.53 -2137.02 386.789 4565.76 -2139.12 382.156 4565.76 -2103.18 365.841 4562.64 -2102.13 368.157 4562.64 -2066.49 351.977
element 22
  poly 0: 4455.13 -2057.45 475.512 4426.54 -2057.45 493.815 4425.76 -2053.7 492.606 4398.33 -2053.7 510.169 4399.88 -2061.2 512.586 4372.44 -2061.2 530.148 4370.89 -2053.7 527.731 4343.46 -2053.7 545.294 4344.23 -2057.45 546.503 4316.01 -2057.45 564.572 4316.01 -2093.8 581.074 4319.51 -2094.65 579.216 4319.51 -2130.63 595.55 4312.51 -2128.94 599.265 4312.51 -2164.92 615.599 4319.51 -2166.61 611.884 4319.51 -2202.59 628.218 4316.01 -2201.75 630.075 4316.01 -2238.89 646.934 4344.69 -2238.89 628.569 4343.92 -2235.13 627.36 4371.37 -2235.13 609.786 4372.92 -2242.64 612.204 4400.37 -2242.64 594.63 4398.83 -2235.13 592.212 4426.28 -2235.13 574.637 4427.05 -2238.89 575.846 4455.13 -2238.89 557.874 4455.13 -2202.49 541.355 4458.61 -2203.33 539.505 4458.61 -2167.38 523.182 4451.64 -2165.7 526.882 4451.64 -2129.74 510.56 4458.61 -2131.42 506.86 4458.61 -2095.46 490.537 4455.13 -2094.62 492.387 4455.13 -2057.45 475.512
  poly 1: 4442.55 -2066.49 459.699 4415.7 -2066.49 476.887 4414.93 -2062.73 475.679 4387.49 -2062.73 493.242 4389.04 -2070.24 495.659 4361.6 -2070.24 513.221 4360.06 -2062.73 510.804 4332.62 -2062.73 528.367 4333.4 -2066.49 529.575 4306.75 -2066.49 546.631 4306.75 -2102.1 562.797 4310.25 -2102.94 560.94 4310.25 -2138.92 577.274 4303.25 -2137.24 580.989 4303.25 -2173.22 597.323 4310.25 -2174.91 593.608 4310.25 -2210.89 609.942 4306.75 -2210.04 611.799 4306.75 -2245.51 627.899 4333.36 -2245.51 610.866 4332.59 -2241.76 609.657 4360.04 -2241.76 592.083 4361.59 -2249.27 594.501 4389.04 -2249.27 576.926 4387.49 -2241.76 574.508 4414.95 -2241.76 556.934 4415.72 -2245.51 558.143 4442.55 -2245.51 540.967 4442.55 -2209.99 524.842 4446.04 -2210.83 522.992 4446.04 -2174.87 506.67 4439.07 -2173.19 510.369 4439.07 -2137.24 494.047 4446.04 -2138.92 490.347 4446.04 -2102.96 474.025 4442.55 -2102.12 475.875 4442.55 -2066.49 459.699
element 23
  poly 0: 4316.01 -2056.66 564.213 4284.2 -2056.66 576.421 4283.64 -2052.96 574.956 4253.17 -2052.96 586.647 4254.29 -2060.36 589.576 4223.83 -2060.36 601.267 4222.71 -2052.96 598.338 4192.24 -2052.96 610.029 4192.8 -2056.66 611.494 4161.28 -2056.66 623.59 4161.28 -2093.14 640.148 4165.12 -2093.69 638.926 4165.12 -2129.71 655.278 4157.44 -2128.6 657.721 4157.44 -2164.62 674.073 4165.12 -2165.73 671.629 4165.12 -2201.75 687.981 4161.28 -2201.2 689.203 4161.28 -2238.24 706.019 4193.15 -2238.24 693.792 4192.58 -2234.54 692.326 4223.07 -2234.54 680.625 4224.2 -2241.95 683.557 4254.69 -2241.95 671.856 4253.56 -2234.54 668.924 4284.06 -2234.54 657.223 4284.62 -2238.24 658.689 4316.01 -2238.24 646.643 4316.01 -2201.75 630.075 4319.83 -2202.3 628.859 4319.83 -2166.32 612.525 4312.18 -2165.21 614.958 4312.18 -2129.23 598.624 4319.83 -2130.34 596.191 4319.83 -2094.35 579.857 4316.01 -2093.8 581.074 4316.01 -2056.66 564.213
  poly 1: 4306.75 -2066.49 546.631 4277.13 -2066.49 558 4276.57 -2062.78 556.535 4246.1 -2062.78 568.227 4247.23 -2070.19 571.156 4216.76 -2070.19 582.847 4215.64 -2062.78 579.918 4185.17 -2062.78 591.609 4185.73 -2066.49 593.074 4156.32 -2066.49 604.36 4156.32 -2102.05 620.506 4160.16 -2102.61 619.284 4160.16 -2138.63 635.636 4152.48 -2137.52 638.079 4152.48 -2173.54 654.431 4160.16 -2174.65 651.987 4160.16 -2210.67 668.339 4156.32 -2210.12 669.561 4156.32 -2245.51 685.628 4185.69 -2245.51 674.36 4185.13 -2241.81 672.894 4215.62 -2241.81 661.193 4216.74 -2249.22 664.124 4247.23 -2249.22 652.423 4246.11 -2241.81 649.492 4276.6 -2241.81 637.79 4277.16 -2245.51 639.256 4306.75 -2245.51 627.899 4306.75 -2210.04 611.799 4310.58 -2210.6 610.582 4310.58 -2174.61 594.249 4302.93 -2173.51 596.682 4302.93 -2137.53 580.348 4310.58 -2138.63 577.915 4310.58 -2102.65 561.581 4306.75 -2102.1 562.797 4306.75 -2066.49 546.631
element 24
  poly 0: 4161.28 -2056.18 623.372 4127.47 -2056.18 627.694 4127.26 -2052.51 626.056 4094.85 -2052.51 630.2 4095.27 -2059.85 633.476 4062.86 -2059.85 637.619 4062.44 -2052.51 634.343 4030.03 -2052.51 638.487 4030.24 -2056.18 640.125 3996.59 -2056.18 644.427 3996.59 -2092.82 661.061 4000.64 -2093.02 660.632 4000.64 -2129.09 677.006 3992.54 -2128.7 677.864 3992.54 -2164.77 694.237 4000.64 -2165.16 693.379 4000.64 -2201.23 709.753 3996.59 -2201.03 710.182 3996.59 -2237.85 726.893 4030.34 -2237.85 722.578 4030.13 -2234.18 720.939 4062.58 -2234.18 716.791 4063 -2241.52 720.07 4095.44 -2241.52 715.922 4095.02 -2234.18 712.644 4127.46 -2234.18 708.496 4127.67 -2237.85 710.135 4161.28 -2237.85 705.838 4161.28 -2201.2 689.203 4165.32 -2201.39 688.774 4165.32 -2165.37 672.423 4157.24 -2164.98 673.279 4157.24 -2128.96 656.927 4165.32 -2129.35 656.071 4165.32 -2093.33 639.719 4161.28 -2093.14 640.148 4161.28 -2056.18 623.372
  poly 1: 4156.32 -2066.49 604.36 4125 -2066.49 608.364 4124.79 -2062.82 606.726 4092.38 -2062.82 610.87 4092.8 -2070.15 614.146 4060.39 -2070.15 618.29 4059.97 -2062.82 615.014 4027.56 -2062.82 619.157 4027.77 -2066.49 620.795 3996.59 -2066.49 624.781 3996.59 -2101.98 640.893 4000.64 -2102.17 640.464 4000.64 -2138.24 656.838 3992.54 -2137.85 657.696 3992.54 -2173.92 674.069 4000.64 -2174.31 673.211 4000.64 -2210.38 689.585 3996.59 -2210.19 690.014 3996.59 -2245.51 706.049 4027.72 -2245.51 702.069 4027.51 -2241.84 700.43 4059.95 -2241.84 696.282 4060.37 -2249.18 699.561 4092.82 -2249.18 695.414 4092.4 -2241.84 692.135 4124.84 -2241.84 687.987 4125.05 -2245.51 689.626 4156.32 -2245.51 685.628 4156.32 -2210.12 669.561 4160.36 -2210.31 669.132 4160.36 -2174.29 652.781 4152.28 -2173.9 653.637 4152.28 -2137.88 637.285 4160.36 -2138.27 636.429 4160.36 -2102.25 620.077 4156.32 -2102.05 620.506 4156.32 -2066.49 604.36
element 25
  poly 0: 3996.59 -2056.18 644.427 3962.94 -2056.18 640.125 3963.15 -2052.51 638.487 3930.74 -2052.51 634.343 3930.32 -2059.85 637.619 3897.91 -2059.85 633.476 3898.33 -2052.51 630.2 3865.91 -2052.51 626.056 3865.7 -2056.18 627.694 3831.89 -2056.18 623.372 3831.89 -2093.14 640.148 3835.93 -2092.94 640.576 3835.93 -2128.96 656.927 3827.85 -2129.35 656.071 3827.85 -2165.37 672.423 3835.93 -2164.98 673.279 3835.93 -2201.01 689.631 3831.89 -2201.2 689.203 3831.89 -2237.85 705.838 3865.51 -2237.85 710.135 3865.71 -2234.18 708.496 3898.16 -2234.18 712.644 3897.74 -2241.52 715.922 3930.18 -2241.52 720.07 3930.6 -2234.18 716.791 3963.04 -2234.18 720.939 3962.83 -2237.85 722.578 3996.59 -2237.85 726.893 3996.59 -2201.03 710.182 4000.64 -2200.84 710.611 4000.64 -2164.77 694.237 3992.54 -2165.16 693.379 3992.54 -2129.09 677.006 4000.64 -2128.7 677.864 4000.64 -2092.63 661.49 3996.59 -2092.82 661.061 3996.59 -2056.18 644.427
  poly 1: 3996.59 -2066.49 624.781 3965.41 -2066.49 620.795 3965.62 -2062.82 619.157 3933.21 -2062.82 615.014 3932.79 -2070.15 618.29 3900.38 -2070.15 614.146 3900.8 -2062.82 610.87 3868.38 -2062.82 606.726 3868.17 -2066.49 608.364 3836.85 -2066.49 604.36 3836.85 -2102.05 620.506 3840.89 -2101.86 620.934 3840.89 -2137.88 637.285 3832.81 -2138.27 636.429 3832.81 -2174.29 652.781 3840.89 -2173.9 653.637 3840.89 -2209.92 669.989 3836.85 -2210.12 669.561 3836.85 -2245.51 685.628 3868.13 -2245.51 689.626 3868.34 -2241.84 687.987 3900.78 -2241.84 692.135 3900.36 -2249.18 695.414 3932.8 -2249.18 699.561 3933.22 -2241.84 696.282 3965.67 -2241.84 700.43 3965.46 -2245.51 702.069 3996.59 -2245.51 706.049 3996.59 -2210.19 690.014 4000.64 -2209.99 690.443 4000.64 -2173.92 674.069 3992.54 -2174.31 673.211 3992.54 -2138.24 656.838 4000.64 -2137.85 657.696 4000.64 -2101.79 641.322 3996.59 -2101.98 640.893 3996.59 -2066.49 624.781
element 26
  poly 0: 3831.89 -2056.66 623.59 3800.37 -2056.66 611.494 3800.94 -2052.96 610.029 3770.47 -2052.96 598.338 3769.35 -2060.36 601.267 3738.88 -2060.36 589.576 3740.01 -2052.96 586.647 3709.54 -2052.96 574.956 3708.98 -2056.66 576.421 3677.17 -2056.66 564.213 3677.17 -2093.8 581.074 3680.99 -2093.25 582.29 3680.99 -2129.23 598.624 3673.35 -2130.34 596.191 3673.35 -2166.32 612.525 3680.99 -2165.21 614.958 3680.99 -2201.2 631.292 3677.17 -2201.75 630.075 3677.17 -2238.24 646.643 3708.56 -2238.24 658.689 3709.12 -2234.54 657.223 3739.61 -2234.54 668.924 3738.49 -2241.95 671.856 3768.98 -2241.95 683.557 3770.1 -2234.54 680.625 3800.59 -2234.54 692.326 3800.03 -2238.24 693.792 3831.89 -2238.24 706.019 3831.89 -2201.2 689.203 3835.73 -2200.65 690.424 3835.73 -2164.62 674.073 3828.05 -2165.73 671.629 3828.05 -2129.71 655.278 3835.73 -2128.6 657.721 3835.73 -2092.58 641.369 3831.89 -2093.14 640.148 3831.89 -2056.66 623.59
  poly 1: 3836.85 -2066.49 604.36 3807.44 -2066.49 593.074 3808 -2062.78 591.609 3777.54 -2062.78 579.918 3776.42 -2070.19 582.847 3745.95 -2070.19 571.156 3747.08 -2062.78 568.227 3716.61 -2062.78 556.535 3716.05 -2066.49 558 3686.42 -2066.49 546.631 3686.42 -2102.1 562.797 3690.25 -2101.55 564.014 3690.25 -2137.53 580.348 3682.6 -2138.63 577.915 3682.6 -2174.61 594.249 3690.25 -2173.51 596.682 3690.25 -2209.49 613.016 3686.42 -2210.04 611.799 3686.42 -2245.51 627.899 3716.02 -2245.51 639.256 3716.58 -2241.81 637.79 3747.07 -2241.81 649.492 3745.94 -2249.22 652.423 3776.44 -2249.22 664.124 3777.56 -2241.81 661.193 3808.05 -2241.81 672.894 3807.49 -2245.51 674.36 3836.85 -2245.51 685.628 3836.85 -2210.12 669.561 3840.69 -2209.56 670.782 3840.69 -2173.54 654.431 3833.01 -2174.65 651.987 3833.01 -2138.63 635.636 3840.69 -2137.52 638.079 3840.69 -2101.5 621.727 3836.85 -2102.05 620.506 3836.85 -2066.49 604.36
element 27
  poly 0: 3677.17 -2057.45 564.572 3648.94 -2057.45 546.503 3649.72 -2053.7 545.294 3622.28 -2053.7 527.731 3620.74 -2061.2 530.148 3593.3 -2061.2 512.586 3594.85 -2053.7 510.169 3567.41 -2053.7 492.606 3566.64 -2057.45 493.815 3538.05 -2057.45 475.512 3538.05 -2094.62 492.387 3541.54 -2093.78 494.237 3541.54 -2129.74 510.56 3534.57 -2131.42 506.86 3534.57 -2167.38 523.182 3541.54 -2165.7 526.882 3541.54 -2201.65 543.204 3538.05 -2202.49 541.355 3538.05 -2238.89 557.874 3566.12 -2238.89 575.846 3566.9 -2235.13 574.637 3594.35 -2235.13 592.212 3592.8 -2242.64 594.63 3620.26 -2242.64 612.204 3621.8 -2235.13 609.786 3649.26 -2235.13 627.36 3648.48 -2238.89 628.569 3677.17 -2238.89 646.934 3677.17 -2201.75 630.075 3680.67 -2200.9 631.933 3680.67 -2164.92 615.599 3673.67 -2166.61 611.884 3673.67 -2130.63 595.55 3680.67 -2128.94 599.265 3680.67 -2092.96 582.931 3677.17 -2093.8 581.074 3677.17 -2057.45 564.572
  poly 1: 3686.42 -2066.49 546.631 3659.78 -2066.49 529.575 3660.55 -2062.73 528.367 3633.12 -2062.73 510.804 3631.57 -2070.24 513.221 3604.14 -2070.24 495.659 3605.68 -2062.73 493.242 3578.25 -2062.73 475.679 3577.48 -2066.49 476.887 3550.63 -2066.49 459.699 3550.63 -2102.12 475.875 3554.11 -2101.28 477.724 3554.11 -2137.24 494.047 3547.14 -2138.92 490.347 3547.14 -2174.87 506.67 3554.11 -2173.19 510.369 3554.11 -2209.15 526.692 3550.63 -2209.99 524.842 3550.63 -2245.51 540.967 3577.46 -2245.51 558.143 3578.23 -2241.76 556.934 3605.68 -2241.76 574.508 3604.14 -2249.27 576.926 3631.59 -2249.27 594.501 3633.14 -2241.76 592.083 3660.59 -2241.76 609.657 3659.82 -2245.51 610.866 3686.42 -2245.51 627.899 3686.42 -2210.04 611.799 3689.92 -2209.2 613.657 3689.92 -2173.22 597.323 3682.92 -2174.91 593.608 3682.92 -2138.92 577.274 3689.92 -2137.24 580.989 3689.92 -2101.26 564.655 3686.42 -2102.1 562.797 3686.42 -2066.49 546.631
element 28
  poly 0: 3538.05 -2058.35 475.919 3513.3 -2058.35 453.717 3514.16 -2054.54 452.76 3489.95 -2054.54 431.049 3488.24 -2062.15 432.963 3464.03 -2062.15 411.251 3465.75 -2054.54 409.338 3441.54 -2054.54 387.627 3440.69 -2058.35 388.583 3415.55 -2058.35 366.035 3415.55 -2095.45 382.877 3418.66 -2094.4 385.194 3418.66 -2130.34 401.509 3412.43 -2132.44 396.876 3412.43 -2168.38 413.191 3418.66 -2166.28 417.824 3418.66 -2202.22 434.14 3415.55 -2203.27 431.823 3415.55 -2239.59 448.312 3440.17 -2239.59 470.4 3441.03 -2235.79 469.442 3465.25 -2235.79 491.164 3463.53 -2243.4 493.078 3487.75 -2243.4 514.8 3489.46 -2235.79 512.886 3513.68 -2235.79 534.608 3512.82 -2239.59 535.565 3538.05 -2239.59 558.196 3538.05 -2202.49 541.355 3541.17 -2201.44 543.678 3541.17 -2165.48 527.356 3534.93 -2167.59 522.708 3534.93 -2131.64 506.386 3541.17 -2129.53 511.033 3541.17 -2093.57 494.711 3538.05 -2094.62 492.387 3538.05 -2058.35 475.919
  poly 1: 3550.63 -2066.49 459.699 3526.97 -2066.49 438.478 3527.83 -2062.68 437.521 3503.62 -2062.68 415.81 3501.91 -2070.29 417.724 3477.7 -2070.29 396.012 3479.42 -2062.68 394.099 3455.21 -2062.68 372.388 3454.35 -2066.49 373.344 3430.53 -2066.49 351.977 3430.53 -2102.13 368.157 3433.65 -2101.08 370.474 3433.65 -2137.02 386.789 3427.42 -2139.12 382.156 3427.42 -2175.06 398.471 3433.65 -2172.96 403.104 3433.65 -2208.9 419.42 3430.53 -2209.95 417.103 3430.53 -2245.51 433.245 3454.34 -2245.51 454.601 3455.2 -2241.71 453.644 3479.42 -2241.71 475.366 3477.7 -2249.32 477.28 3501.92 -2249.32 499.002 3503.63 -2241.71 497.088 3527.85 -2241.71 518.81 3526.99 -2245.51 519.767 3550.63 -2245.51 540.967 3550.63 -2209.99 524.842 3553.75 -2208.94 527.165 3553.75 -2172.98 510.843 3547.5 -2175.09 506.196 3547.5 -2139.13 489.873 3553.75 -2137.02 494.521 3553.75 -2101.07 478.198 3550.63 -2102.12 475.875 3550.63 -2066.49 459.699
element 29
  poly 0: 3415.55 -2059.21 366.427 3394.01 -2059.21 341.566 3394.87 -2055.36 340.818 3373.69 -2055.36 316.376 3371.96 -2063.06 317.873 3350.78 -2063.06 293.431 3352.51 -2055.36 291.933 3331.33 -2055.36 267.491 3330.47 -2059.21 268.24 3308.91 -2059.21 243.365 3308.91 -2240.26 325.553 3329.99 -2240.26 349.876 3330.86 -2236.42 349.128 3352.05 -2236.42 373.583 3350.32 -2244.11 375.081 3371.51 -2244.11 399.537 3373.24 -2236.42 398.039 3394.43 -2236.42 422.495 3393.56 -2240.26 423.244 3415.55 -2240.26 448.615 3415.55 -2203.27 431.823 3418.32 -2202.07 434.476 3418.32 -2166.13 418.161 3412.78 -2168.53 412.855 3412.78 -2132.59 396.54 3418.32 -2130.18 401.845 3418.32 -2094.24 385.53 3415.55 -2095.45 382.877 3415.55 -2059.21 366.427
  poly 1: 3430.53 -2066.49 351.977 3409.72 -2066.49 327.953 3410.58 -2062.64 327.204 3389.4 -2062.64 302.762 3387.67 -2070.33 304.26 3366.49 -2070.33 279.818 3368.22 -2062.64 278.32 3347.04 -2062.64 253.878 3346.18 -2066.49 254.627 3324.85 -2066.49 230.013 3324.85 -2245.51 311.281 3346.16 -2245.51 335.869 3347.02 -2241.67 335.12 3368.21 -2241.67 359.576 3366.48 -2249.36 361.073 3387.67 -2249.36 385.529 3389.4 -2241.67 384.031 3410.59 -2241.67 408.487 3409.73 -2245.51 409.236 3430.53 -2245.51 433.245 3430.53 -2209.95 417.103 3433.31 -2208.75 419.756 3433.31 -2172.81 403.441 3427.76 -2175.22 398.135 3427.76 -2139.28 381.82 3433.31 -2136.87 387.125 3433.31 -2100.93 370.81 3430.53 -2102.13 368.157 3430.53 -2066.49 351.977
element 30
  poly 0: 4668.32 -2245.51 311.281 4647.02 -2245.51 335.869 4646.44 -2241.57 335.366 4625.25 -2241.57 359.822 4626.41 -2249.45 360.827 4605.22 -2249.45 385.283 4604.06 -2241.57 384.278 4582.87 -2241.57 408.733 4583.45 -2245.51 409.236 4562.64 -2245.51 433.245 4562.64 -2282.99 444.395 4565.34 -2283.84 441.536 4565.34 -2321.69 452.798 4559.95 -2319.99 458.517 4559.95 -2357.84 469.779 4565.34 -2359.54 464.06 4565.34 -2397.39 475.322 4562.64 -2396.54 478.182 4562.64 -2433.94 489.308 4583.43 -2433.94 465.318 4582.85 -2430 464.816 4604.05 -2430 440.344 4605.21 -2437.88 441.349 4626.42 -2437.88 416.878 4625.26 -2430 415.872 4646.46 -2430 391.401 4647.04 -2433.94 391.904 4668.32 -2433.94 367.343 4668.32 -2245.51 311.281
  poly 1: 4684.64 -2240.26 325.111 4663.19 -2240.26 349.876 4662.61 -2236.32 349.374 4641.41 -2236.32 373.83 4642.57 -2244.2 374.835 4621.38 -2244.2 399.291 4620.22 -2236.32 398.285 4599.03 -2236.32 422.741 4599.61 -2240.26 423.244 4578.04 -2240.26 448.147 4578.04 -2278.49 459.52 4580.73 -2279.34 456.661 4580.73 -2317.19 467.923 4575.34 -2315.49 473.642 4575.34 -2353.34 484.904 4580.73 -2355.04 479.185 4580.73 -2392.89 490.447 4578.04 -2392.04 493.306 4578.04 -2430.77 504.83 4599.9 -2430.77 479.592 4599.32 -2426.83 479.089 4620.53 -2426.83 454.618 4621.69 -2434.71 455.623 4642.89 -2434.71 431.151 4641.73 -2426.83 430.146 4662.94 -2426.83 405.675 4663.52 -2430.77 406.177 4684.64 -2430.77 381.794 4684.64 -2240.26 325.111
element 31
  poly 0: 4578.04 -2239.59 447.948 4553.01 -2239.59 470.4 4552.43 -2235.67 469.753 4528.21 -2235.67 491.475 4529.37 -2243.52 492.768 4505.15 -2243.52 514.49 4503.99 -2235.67 513.197 4479.78 -2235.67 534.919 4480.36 -2239.59 535.565 4455.56 -2239.59 557.809 4455.56 -2277.88 569.201 4458.62 -2278.63 566.68 4458.62 -2316.51 577.948 4452.5 -2315.01 582.991 4452.5 -2352.88 594.259 4458.62 -2354.38 589.217 4458.62 -2392.25 600.485 4455.56 -2391.5 603.006 4455.56 -2430.35 614.565 4480.68 -2430.35 592.035 4480.1 -2426.43 591.388 4504.33 -2426.43 569.654 4505.49 -2434.27 570.947 4529.72 -2434.27 549.213 4528.56 -2426.43 547.92 4552.79 -2426.43 526.185 4553.37 -2430.35 526.832 4578.04 -2430.35 504.704 4578.04 -2392.04 493.306 4581.08 -2392.79 490.793 4581.08 -2354.94 479.531 4574.99 -2353.44 484.557 4574.99 -2315.59 473.295 4581.08 -2317.09 468.269 4581.08 -2279.24 457.007 4578.04 -2278.49 459.52 4578.04 -2239.59 447.948
  poly 1: 4562.64 -2245.51 433.245 4538.83 -2245.51 454.601 4538.25 -2241.59 453.955 4514.04 -2241.59 475.677 4515.2 -2249.43 476.97 4490.98 -2249.43 498.692 4489.82 -2241.59 497.399 4465.61 -2241.59 519.12 4466.19 -2245.51 519.767 4442.55 -2245.51 540.967 4442.55 -2282.97 552.111 4445.61 -2283.72 549.59 4445.61 -2321.59 560.858 4439.49 -2320.09 565.901 4439.49 -2357.96 577.169 4445.61 -2359.46 572.127 4445.61 -2397.34 583.395 4442.55 -2396.59 585.916 4442.55 -2433.94 597.029 4466.16 -2433.94 575.852 4465.58 -2430.02 575.206 4489.81 -2430.02 553.471 4490.97 -2437.86 554.764 4515.2 -2437.86 533.03 4514.04 -2430.02 531.737 4538.27 -2430.02 510.003 4538.85 -2433.94 510.649 4562.64 -2433.94 489.308 4562.64 -2396.54 478.182 4565.69 -2397.29 475.669 4565.69 -2359.44 464.407 4559.59 -2357.94 469.433 4559.59 -2320.09 458.17 4565.69 -2321.59 453.144 4565.69 -2283.74 441.882 4562.64 -2282.99 444.395 4562.64 -2245.51 433.245
element 32
  poly 0: 4455.56 -2238.89 557.598 4427.05 -2238.89 575.846 4426.53 -2234.99 575.023 4399.07 -2234.99 592.598 4400.13 -2242.79 594.243 4372.67 -2242.79 611.818 4371.62 -2234.99 610.172 4344.17 -2234.99 627.746 4344.69 -2238.89 628.569 4316.4 -2238.89 646.684 4316.4 -2277.26 658.102 4319.85 -2277.87 656.07 4319.85 -2315.77 667.347 4312.94 -2314.56 671.411 4312.94 -2352.46 682.688 4319.85 -2353.67 678.624 4319.85 -2391.57 689.901 4316.4 -2390.97 691.933 4316.4 -2429.9 703.515 4345.01 -2429.9 685.198 4344.48 -2426 684.375 4371.96 -2426 666.789 4373.01 -2433.8 668.435 4400.48 -2433.8 650.849 4399.43 -2426 649.203 4426.9 -2426 631.617 4427.42 -2429.9 632.44 4455.56 -2429.9 614.43 4455.56 -2391.5 603.006 4459 -2392.1 600.984 4459 -2354.23 589.715 4452.12 -2353.03 593.761 4452.12 -2315.16 582.492 4459 -2316.36 578.447 4459 -2278.49 567.179 4455.56 -2277.88 569.201 4455.56 -2238.89 557.598
  poly 1: 4442.55 -2245.51 540.967 4415.72 -2245.51 558.143 4415.19 -2241.61 557.32 4387.74 -2241.61 574.894 4388.79 -2249.41 576.54 4361.34 -2249.41 594.114 4360.29 -2241.61 592.469 4332.84 -2241.61 610.043 4333.36 -2245.51 610.866 4306.75 -2245.51 627.899 4306.75 -2282.94 639.035 4310.21 -2283.54 637.003 4310.21 -2321.44 648.28 4303.3 -2320.23 652.344 4303.3 -2358.14 663.621 4310.21 -2359.35 659.557 4310.21 -2397.25 670.833 4306.75 -2396.64 672.866 4306.75 -2433.94 683.962 4333.33 -2433.94 666.95 4332.8 -2430.04 666.127 4360.27 -2430.04 648.541 4361.33 -2437.84 650.187 4388.8 -2437.84 632.601 4387.74 -2430.04 630.955 4415.22 -2430.04 613.368 4415.74 -2433.94 614.192 4442.55 -2433.94 597.029 4442.55 -2396.59 585.916 4445.99 -2397.19 583.894 4445.99 -2359.32 572.625 4439.11 -2358.11 576.671 4439.11 -2320.24 565.402 4445.99 -2321.44 561.357 4445.99 -2283.57 550.089 4442.55 -2282.97 552.111 4442.55 -2245.51 540.967
element 33
  poly 0: 4316.4 -2238.24 646.493 4284.62 -2238.24 658.689 4284.23 -2234.37 657.683 4253.74 -2234.37 669.385 4254.51 -2242.12 671.395 4224.02 -2242.12 683.096 4223.25 -2234.37 681.086 4192.76 -2234.37 692.787 4193.15 -2238.24 693.792 4161.53 -2238.24 705.926 4161.53 -2276.75 717.382 4165.35 -2277.15 716.034 4165.35 -2315.09 727.322 4157.7 -2314.29 730.018 4157.7 -2352.23 741.306 4165.35 -2353.03 738.61 4165.35 -2390.97 749.898 4161.53 -2390.57 751.246 4161.53 -2429.48 762.823 4193.39 -2429.48 750.597 4193 -2425.6 749.592 4223.51 -2425.6 737.881 4224.29 -2433.36 739.893 4254.8 -2433.36 728.183 4254.03 -2425.6 726.171 4284.54 -2425.6 714.461 4284.93 -2429.48 715.467 4316.4 -2429.48 703.391 4316.4 -2390.97 691.933 4320.2 -2391.37 690.592 4320.2 -2353.47 679.315 4312.59 -2352.67 681.998 4312.59 -2314.77 670.721 4320.2 -2315.57 668.038 4320.2 -2277.66 656.761 4316.4 -2277.26 658.102 4316.4 -2238.24 646.493
  poly 1: 4306.75 -2245.51 627.899 4277.16 -2245.51 639.256 4276.77 -2241.64 638.251 4246.28 -2241.64 649.952 4247.06 -2249.39 651.963 4216.56 -2249.39 663.664 4215.79 -2241.64 661.653 4185.3 -2241.64 673.354 4185.69 -2245.51 674.36 4156.32 -2245.51 685.628 4156.32 -2282.89 696.749 4160.15 -2283.29 695.401 4160.15 -2321.23 706.689 4152.5 -2320.43 709.385 4152.5 -2358.37 720.673 4160.15 -2359.17 717.977 4160.15 -2397.11 729.265 4156.32 -2396.71 730.613 4156.32 -2433.94 741.691 4185.65 -2433.94 730.437 4185.26 -2430.06 729.431 4215.78 -2430.06 717.721 4216.55 -2437.82 719.733 4247.06 -2437.82 708.022 4246.29 -2430.06 706.011 4276.81 -2430.06 694.301 4277.19 -2433.94 695.306 4306.75 -2433.94 683.962 4306.75 -2396.64 672.866 4310.56 -2397.04 671.524 4310.56 -2359.14 660.247 4302.95 -2358.34 662.93 4302.95 -2320.44 651.653 4310.56 -2321.24 648.97 4310.56 -2283.34 637.693 4306.75 -2282.94 639.035 4306.75 -2245.51 627.899
element 34
  poly 0: 4161.53 -2237.85 705.807 4127.67 -2237.85 710.135 4127.53 -2233.99 709.005 4095.08 -2233.99 713.153 4095.37 -2241.71 715.413 4062.93 -2241.71 719.561 4062.64 -2233.99 717.3 4030.2 -2233.99 721.448 4030.34 -2237.85 722.578 3996.59 -2237.85 726.893 3996.59 -2276.5 738.393 4000.64 -2276.64 737.918 4000.64 -2314.62 749.218 3992.54 -2314.34 750.169 3992.54 -2352.32 761.469 4000.64 -2352.6 760.518 4000.64 -2390.58 771.818 3996.59 -2390.44 772.294 3996.59 -2429.21 783.831 4030.42 -2429.21 779.506 4030.28 -2425.35 778.375 4062.74 -2425.35 774.224 4063.03 -2433.08 776.486 4095.5 -2433.08 772.335 4095.21 -2425.35 770.073 4127.68 -2425.35 765.922 4127.82 -2429.21 767.053 4161.53 -2429.21 762.745 4161.53 -2390.57 751.246 4165.57 -2390.71 750.771 4165.57 -2352.77 739.483 4157.48 -2352.49 740.433 4157.48 -2314.55 729.145 4165.57 -2314.83 728.195 4165.57 -2276.89 716.907 4161.53 -2276.75 717.382 4161.53 -2237.85 705.807
  poly 1: 4156.32 -2245.51 685.628 4125.05 -2245.51 689.626 4124.91 -2241.65 688.496 4092.46 -2241.65 692.644 4092.75 -2249.37 694.904 4060.31 -2249.37 699.052 4060.02 -2241.65 696.791 4027.58 -2241.65 700.939 4027.72 -2245.51 702.069 3996.59 -2245.51 706.049 3996.59 -2282.82 717.149 4000.64 -2282.96 716.673 4000.64 -2320.94 727.973 3992.54 -2320.66 728.925 3992.54 -2358.64 740.225 4000.64 -2358.92 739.273 4000.64 -2396.9 750.573 3996.59 -2396.76 751.049 3996.59 -2433.94 762.112 4027.69 -2433.94 758.136 4027.55 -2430.08 757.005 4060.01 -2430.08 752.854 4060.3 -2437.8 755.116 4092.77 -2437.8 750.965 4092.48 -2430.08 748.704 4124.95 -2430.08 744.553 4125.09 -2433.94 745.684 4156.32 -2433.94 741.691 4156.32 -2396.71 730.613 4160.37 -2396.85 730.138 4160.37 -2358.91 718.85 4152.28 -2358.63 719.8 4152.28 -2320.69 708.512 4160.37 -2320.97 707.562 4160.37 -2283.03 696.274 4156.32 -2282.89 696.749 4156.32 -2245.51 685.628
element 35
  poly 0: 3996.59 -2237.85 726.893 3962.83 -2237.85 722.578 3962.98 -2233.99 721.448 3930.54 -2233.99 717.3 3930.25 -2241.71 719.561 3897.8 -2241.71 715.413 3898.09 -2233.99 713.153 3865.65 -2233.99 709.005 3865.51 -2237.85 710.135 3831.65 -2237.85 705.807 3831.65 -2276.75 717.382 3835.69 -2276.61 717.857 3835.69 -2314.55 729.145 3827.61 -2314.83 728.195 3827.61 -2352.77 739.483 3835.69 -2352.49 740.433 3835.69 -2390.43 751.721 3831.65 -2390.57 751.246 3831.65 -2429.21 762.745 3865.35 -2429.21 767.053 3865.5 -2425.35 765.922 3897.96 -2425.35 770.073 3897.68 -2433.08 772.335 3930.14 -2433.08 776.486 3930.43 -2425.35 774.224 3962.9 -2425.35 778.375 3962.76 -2429.21 779.506 3996.59 -2429.21 783.831 3996.59 -2390.44 772.294 4000.64 -2390.29 772.769 4000.64 -2352.32 761.469 3992.54 -2352.6 760.518 3992.54 -2314.62 749.218 4000.64 -2314.34 750.169 4000.64 -2276.36 738.869 3996.59 -2276.5 738.393 3996.59 -2237.85 726.893
  poly 1: 3996.59 -2245.51 706.049 3965.46 -2245.51 702.069 3965.6 -2241.65 700.939 3933.16 -2241.65 696.791 3932.87 -2249.37 699.052 3900.43 -2249.37 694.904 3900.71 -2241.65 692.644 3868.27 -2241.65 688.496 3868.13 -2245.51 689.626 3836.85 -2245.51 685.628 3836.85 -2282.89 696.749 3840.9 -2282.75 697.224 3840.9 -2320.69 708.512 3832.81 -2320.97 707.562 3832.81 -2358.91 718.85 3840.9 -2358.63 719.8 3840.9 -2396.56 731.088 3836.85 -2396.71 730.613 3836.85 -2433.94 741.691 3868.08 -2433.94 745.684 3868.23 -2430.08 744.553 3900.7 -2430.08 748.704 3900.41 -2437.8 750.965 3932.87 -2437.8 755.116 3933.16 -2430.08 752.854 3965.63 -2430.08 757.005 3965.49 -2433.94 758.136 3996.59 -2433.94 762.112 3996.59 -2396.76 751.049 4000.64 -2396.62 751.525 4000.64 -2358.64 740.225 3992.54 -2358.92 739.273 3992.54 -2320.94 727.973 4000.64 -2320.66 728.925 4000.64 -2282.68 717.625 3996.59 -2282.82 717.149 3996.59 -2245.51 706.049
element 36
  poly 0: 3831.65 -2238.24 705.926 3800.03 -2238.24 693.792 3800.42 -2234.37 692.787 3769.93 -2234.37 681.086 3769.16 -2242.12 683.096 3738.66 -2242.12 671.395 3739.44 -2234.37 669.385 3708.94 -2234.37 657.683 3708.56 -2238.24 658.689 3676.78 -2238.24 646.493 3676.78 -2277.26 658.102 3680.58 -2276.87 659.444 3680.58 -2314.77 670.721 3672.97 -2315.57 668.038 3672.97 -2353.47 679.315 3680.58 -2352.67 681.998 3680.58 -2390.57 693.275 3676.78 -2390.97 691.933 3676.78 -2429.48 703.391 3708.25 -2429.48 715.467 3708.63 -2425.6 714.461 3739.15 -2425.6 726.171 3738.38 -2433.36 728.183 3768.89 -2433.36 739.893 3769.66 -2425.6 737.881 3800.18 -2425.6 749.592 3799.79 -2429.48 750.597 3831.65 -2429.48 762.823 3831.65 -2390.57 751.246 3835.47 -2390.17 752.594 3835.47 -2352.23 741.306 3827.83 -2353.03 738.61 3827.83 -2315.09 727.322 3835.47 -2314.29 730.018 3835.47 -2276.35 718.729 3831.65 -2276.75 717.382 3831.65 -2238.24 705.926
  poly 1: 3836.85 -2245.51 685.628 3807.49 -2245.51 674.36 3807.87 -2241.64 673.354 3777.38 -2241.64 661.653 3776.61 -2249.39 663.664 3746.12 -2249.39 651.963 3746.89 -2241.64 649.952 3716.4 -2241.64 638.251 3716.02 -2245.51 639.256 3686.42 -2245.51 627.899 3686.42 -2282.94 639.035 3690.23 -2282.54 640.376 3690.23 -2320.44 651.653 3682.62 -2321.24 648.97 3682.62 -2359.14 660.247 3690.23 -2358.34 662.93 3690.23 -2396.24 674.207 3686.42 -2396.64 672.866 3686.42 -2433.94 683.962 3715.98 -2433.94 695.306 3716.37 -2430.06 694.301 3746.88 -2430.06 706.011 3746.11 -2437.82 708.022 3776.63 -2437.82 719.733 3777.4 -2430.06 717.721 3807.91 -2430.06 729.431 3807.53 -2433.94 730.437 3836.85 -2433.94 741.691 3836.85 -2396.71 730.613 3840.68 -2396.31 731.961 3840.68 -2358.37 720.673 3833.03 -2359.17 717.977 3833.03 -2321.23 706.689 3840.68 -2320.43 709.385 3840.68 -2282.49 698.097 3836.85 -2282.89 696.749 3836.85 -2245.51 685.628
element 37
  poly 0: 3676.78 -2238.89 646.684 3648.48 -2238.89 628.569 3649.01 -2234.99 627.746 3621.56 -2234.99 610.172 3620.5 -2242.79 611.818 3593.05 -2242.79 594.243 3594.1 -2234.99 592.598 3566.65 -2234.99 575.023 3566.12 -2238.89 575.846 3537.62 -2238.89 557.598 3537.62 -2277.88 569.201 3541.06 -2277.28 571.224 3541.06 -2315.16 582.492 3534.18 -2316.36 578.447 3534.18 -2354.23 589.715 3541.06 -2353.03 593.761 3541.06 -2390.9 605.029 3537.62 -2391.5 603.006 3537.62 -2429.9 614.43 3565.75 -2429.9 632.44 3566.28 -2426 631.617 3593.75 -2426 649.203 3592.7 -2433.8 650.849 3620.17 -2433.8 668.435 3621.22 -2426 666.789 3648.69 -2426 684.375 3648.17 -2429.9 685.198 3676.78 -2429.9 703.515 3676.78 -2390.97 691.933 3680.23 -2390.37 693.965 3680.23 -2352.46 682.688 3673.32 -2353.67 678.624 3673.32 -2315.77 667.347 3680.23 -2314.56 671.411 3680.23 -2276.66 660.134 3676.78 -2277.26 658.102 3676.78 -2238.89 646.684
  poly 1: 3686.42 -2245.51 627.899 3659.82 -2245.51 610.866 3660.34 -2241.61 610.043 3632.89 -2241.61 592.469 3631.84 -2249.41 594.114 3604.38 -2249.41 576.54 3605.44 -2241.61 574.894 3577.98 -2241.61 557.32 3577.46 -2245.51 558.143 3550.63 -2245.51 540.967 3550.63 -2282.97 552.111 3554.07 -2282.37 554.134 3554.07 -2320.24 565.402 3547.19 -2321.44 561.357 3547.19 -2359.32 572.625 3554.07 -2358.11 576.671 3554.07 -2395.99 587.939 3550.63 -2396.59 585.916 3550.63 -2433.94 597.029 3577.43 -2433.94 614.192 3577.96 -2430.04 613.368 3605.43 -2430.04 630.955 3604.38 -2437.84 632.601 3631.85 -2437.84 650.187 3632.9 -2430.04 648.541 3660.37 -2430.04 666.127 3659.85 -2433.94 666.95 3686.42 -2433.94 683.962 3686.42 -2396.64 672.866 3689.88 -2396.04 674.898 3689.88 -2358.14 663.621 3682.97 -2359.35 659.557 3682.97 -2321.44 648.28 3689.88 -2320.23 652.344 3689.88 -2282.33 641.067 3686.42 -2282.94 639.035 3686.42 -2245.51 627.899
element 38
  poly 0: 3537.62 -2239.59 557.809 3512.82 -2239.59 535.565 3513.4 -2235.67 534.919 3489.18 -2235.67 513.197 3488.02 -2243.52 514.49 3463.81 -2243.52 492.768 3464.97 -2235.67 491.475 3440.75 -2235.67 469.753 3440.17 -2239.59 470.4 3415.14 -2239.59 447.948 3415.14 -2278.49 459.52 3418.19 -2277.74 462.033 3418.19 -2315.59 473.295 3412.09 -2317.09 468.269 3412.09 -2354.94 479.531 3418.19 -2353.44 484.557 3418.19 -2391.3 495.819 3415.14 -2392.04 493.306 3415.14 -2430.35 504.704 3439.81 -2430.35 526.832 3440.39 -2426.43 526.185 3464.62 -2426.43 547.92 3463.46 -2434.27 549.213 3487.69 -2434.27 570.947 3488.85 -2426.43 569.654 3513.08 -2426.43 591.388 3512.5 -2430.35 592.035 3537.62 -2430.35 614.565 3537.62 -2391.5 603.006 3540.68 -2390.75 605.528 3540.68 -2352.88 594.259 3534.56 -2354.38 589.217 3534.56 -2316.51 577.948 3540.68 -2315.01 582.991 3540.68 -2277.13 571.723 3537.62 -2277.88 569.201 3537.62 -2239.59 557.809
  poly 1: 3550.63 -2245.51 540.967 3526.99 -2245.51 519.767 3527.57 -2241.59 519.12 3503.35 -2241.59 497.399 3502.2 -2249.43 498.692 3477.98 -2249.43 476.97 3479.14 -2241.59 475.677 3454.92 -2241.59 453.955 3454.34 -2245.51 454.601 3430.53 -2245.51 433.245 3430.53 -2282.99 444.395 3433.58 -2282.24 446.908 3433.58 -2320.09 458.17 3427.48 -2321.59 453.144 3427.48 -2359.44 464.407 3433.58 -2357.94 469.433 3433.58 -2395.8 480.695 3430.53 -2396.54 478.182 3430.53 -2433.94 489.308 3454.33 -2433.94 510.649 3454.91 -2430.02 510.003 3479.14 -2430.02 531.737 3477.98 -2437.86 533.03 3502.21 -2437.86 554.764 3503.37 -2430.02 553.471 3527.6 -2430.02 575.206 3527.02 -2433.94 575.852 3550.63 -2433.94 597.029 3550.63 -2396.59 585.916 3553.69 -2395.84 588.438 3553.69 -2357.96 577.169 3547.57 -2359.46 572.127 3547.57 -2321.59 560.858 3553.69 -2320.09 565.901 3553.69 -2282.22 554.633 3550.63 -2282.97 552.111 3550.63 -2245.51 540.967
element 39
  poly 0: 3415.14 -2240.26 448.147 3393.56 -2240.26 423.244 3394.14 -2236.32 422.741 3372.95 -2236.32 398.285 3371.79 -2244.2 399.291 3350.6 -2244.2 374.835 3351.76 -2236.32 373.83 3330.57 -2236.32 349.374 3329.99 -2240.26 349.876 3308.53 -2240.26 325.111 3308.53 -2430.77 381.794 3329.66 -2430.77 406.177 3330.24 -2426.83 405.675 3351.44 -2426.83 430.146 3350.28 -2434.71 431.151 3371.49 -2434.71 455.623 3372.65 -2426.83 454.618 3393.85 -2426.83 479.089 3393.27 -2430.77 479.592 3415.14 -2430.77 504.83 3415.14 -2392.04 493.306 3417.84 -2391.19 496.166 3417.84 -2353.34 484.904 3412.44 -2355.04 479.185 3412.44 -2317.19 467.923 3417.84 -2315.49 473.642 3417.84 -2277.64 462.38 3415.14 -2278.49 459.52 3415.14 -2240.26 448.147
  poly 1: 3430.53 -2245.51 433.245 3409.73 -2245.51 409.236 3410.31 -2241.57 408.733 3389.12 -2241.57 384.278 3387.96 -2249.45 385.283 3366.77 -2249.45 360.827 3367.93 -2241.57 359.822 3346.74 -2241.57 335.366 3346.16 -2245.51 335.869 3324.85 -2245.51 311.281 3324.85 -2433.94 367.343 3346.13 -2433.94 391.904 3346.71 -2430 391.401 3367.92 -2430 415.872 3366.76 -2437.88 416.878 3387.96 -2437.88 441.349 3389.12 -2430 440.344 3410.33 -2430 464.816 3409.75 -2433.94 465.318 3430.53 -2433.94 489.308 3430.53 -2396.54 478.182 3433.23 -2395.69 481.041 3433.23 -2357.84 469.779 3427.84 -2359.54 464.06 3427.84 -2321.69 452.798 3433.23 -2319.99 458.517 3433.23 -2282.14 447.255 3430.53 -2282.99 444.395 3430.53 -2245.51 433.245
element 40
  poly 0: 4668.32 -2433.94 367.343 4647.04 -2433.94 391.904 4646.75 -2429.94 391.652 4625.55 -2429.94 416.123 4626.13 -2437.93 416.627 4604.93 -2437.93 441.099 4604.34 -2429.94 440.595 4583.14 -2429.94 465.066 4583.43 -2433.94 465.318 4562.64 -2433.94 489.308 4562.64 -2472.58 494.991 4565.29 -2473.02 491.998 4565.29 -2512.11 497.748 4559.99 -2511.23 503.735 4559.99 -2550.33 509.485 4565.29 -2551.21 503.499 4565.29 -2590.3 509.249 4562.64 -2589.86 512.242 4562.64 -2628.43 517.914 4583.41 -2628.43 493.949 4583.12 -2624.43 493.697 4604.34 -2624.43 469.208 4604.92 -2632.42 469.712 4626.14 -2632.42 445.223 4625.56 -2624.43 444.719 4646.78 -2624.43 420.231 4647.07 -2628.43 420.483 4668.32 -2628.43 395.95 4668.32 -2433.94 367.343
  poly 1: 4684.87 -2430.77 381.529 4663.52 -2430.77 406.177 4663.23 -2426.78 405.925 4642.02 -2426.78 430.397 4642.6 -2434.77 430.901 4621.4 -2434.77 455.372 4620.82 -2426.78 454.868 4599.61 -2426.78 479.34 4599.9 -2430.77 479.592 4578.28 -2430.77 504.545 4578.28 -2470.32 510.362 4580.93 -2470.76 507.369 4580.93 -2509.85 513.119 4575.63 -2508.97 519.106 4575.63 -2548.07 524.856 4580.93 -2548.95 518.869 4580.93 -2588.04 524.619 4578.28 -2587.6 527.613 4578.28 -2627.37 533.462 4600.04 -2627.37 508.355 4599.75 -2623.38 508.104 4620.96 -2623.38 483.615 4621.55 -2631.36 484.119 4642.77 -2631.36 459.63 4642.18 -2623.38 459.126 4663.4 -2623.38 434.638 4663.69 -2627.37 434.89 4684.87 -2627.37 410.445 4684.87 -2430.77 381.529
element 41
  poly 0: 4562.64 -2433.94 489.308 4538.85 -2433.94 510.649 4538.56 -2429.95 510.324 4514.33 -2429.95 532.058 4514.91 -2437.93 532.709 4490.68 -2437.93 554.443 4490.1 -2429.95 553.793 4465.87 -2429.95 575.527 4466.16 -2433.94 575.852 4442.55 -2433.94 597.029 4442.55 -2472.55 602.709 4445.57 -2472.94 600.058 4445.57 -2512.06 605.812 4439.53 -2511.28 611.113 4439.53 -2550.4 616.867 4445.57 -2551.18 611.566 4445.57 -2590.3 617.32 4442.55 -2589.91 619.971 4442.55 -2628.43 625.636 4466.13 -2628.43 604.483 4465.84 -2624.43 604.157 4490.09 -2624.43 582.409 4490.67 -2632.42 583.06 4514.92 -2632.42 561.311 4514.33 -2624.43 560.66 4538.58 -2624.43 538.912 4538.87 -2628.43 539.237 4562.64 -2628.43 517.914 4562.64 -2589.86 512.242 4565.65 -2590.25 509.601 4565.65 -2551.16 503.851 4559.64 -2550.38 509.133 4559.64 -2511.29 503.383 4565.65 -2512.06 498.101 4565.65 -2472.97 492.35 4562.64 -2472.58 494.991 4562.64 -2433.94 489.308
  poly 1: 4578.28 -2430.35 504.483 4553.37 -2430.35 526.832 4553.07 -2426.36 526.506 4528.84 -2426.36 548.241 4529.43 -2434.34 548.891 4505.2 -2434.34 570.626 4504.61 -2426.36 569.975 4480.38 -2426.36 591.709 4480.68 -2430.35 592.035 4455.82 -2430.35 614.326 4455.82 -2469.98 620.156 4458.84 -2470.37 617.505 4458.84 -2509.49 623.259 4452.81 -2508.71 628.56 4452.81 -2547.83 634.314 4458.84 -2548.61 629.013 4458.84 -2587.73 634.768 4455.82 -2587.34 637.418 4455.82 -2627.23 643.284 4480.82 -2627.23 620.86 4480.53 -2623.23 620.534 4504.78 -2623.23 598.786 4505.36 -2631.22 599.437 4529.61 -2631.22 577.688 4529.02 -2623.23 577.037 4553.27 -2623.23 555.289 4553.56 -2627.23 555.614 4578.28 -2627.23 533.441 4578.28 -2587.6 527.613 4581.29 -2587.99 524.972 4581.29 -2548.9 519.221 4575.27 -2548.12 524.504 4575.27 -2509.03 518.753 4581.29 -2509.8 513.471 4581.29 -2470.71 507.721 4578.28 -2470.32 510.362 4578.28 -2430.35 504.483
element 42
  poly 0: 4455.82 -2429.9 614.26 4427.42 -2429.9 632.44 4427.16 -2425.91 632.024 4399.69 -2425.91 649.61 4400.22 -2433.89 650.442 4372.75 -2433.89 668.029 4372.22 -2425.91 667.196 4344.74 -2425.91 684.782 4345.01 -2429.9 685.198 4316.64 -2429.9 703.358 4316.64 -2469.63 709.202 4320.07 -2469.95 707.055 4320.07 -2509.1 712.813 4313.22 -2508.47 717.108 4313.22 -2547.62 722.866 4320.07 -2548.25 718.572 4320.07 -2587.4 724.331 4316.64 -2587.08 726.478 4316.64 -2627.07 732.359 4345.16 -2627.07 714.104 4344.89 -2623.08 713.687 4372.38 -2623.08 696.09 4372.92 -2631.06 696.922 4400.41 -2631.06 679.324 4399.87 -2623.08 678.492 4427.36 -2623.08 660.894 4427.63 -2627.07 661.31 4455.82 -2627.07 643.261 4455.82 -2587.34 637.418 4459.23 -2587.66 635.281 4459.23 -2548.54 629.527 4452.41 -2547.91 633.8 4452.41 -2508.79 628.046 4459.23 -2509.42 623.773 4459.23 -2470.3 618.019 4455.82 -2469.98 620.156 4455.82 -2429.9 614.26
  poly 1: 4442.55 -2433.94 597.029 4415.74 -2433.94 614.192 4415.48 -2429.95 613.775 4388 -2429.95 631.361 4388.54 -2437.93 632.194 4361.07 -2437.93 649.78 4360.53 -2429.95 648.947 4333.06 -2429.95 666.533 4333.33 -2433.94 666.95 4306.75 -2433.94 683.962 4306.75 -2472.51 689.635 4310.18 -2472.82 687.488 4310.18 -2511.98 693.247 4303.33 -2511.34 697.541 4303.33 -2550.5 703.3 4310.18 -2551.13 699.005 4310.18 -2590.28 704.764 4306.75 -2589.96 706.911 4306.75 -2628.43 712.569 4333.3 -2628.43 695.575 4333.03 -2624.44 695.159 4360.52 -2624.44 677.561 4361.06 -2632.42 678.394 4388.54 -2632.42 660.796 4388.01 -2624.44 659.963 4415.5 -2624.44 642.366 4415.77 -2628.43 642.782 4442.55 -2628.43 625.636 4442.55 -2589.91 619.971 4445.96 -2590.22 617.834 4445.96 -2551.1 612.08 4439.14 -2550.48 616.353 4439.14 -2511.36 610.599 4445.96 -2511.98 606.326 4445.96 -2472.86 600.572 4442.55 -2472.55 602.709 4442.55 -2433.94 597.029
element 43
  poly 0: 4316.64 -2429.48 703.296 4284.93 -2429.48 715.467 4284.73 -2425.49 714.956 4254.22 -2425.49 726.666 4254.61 -2433.47 727.688 4224.1 -2433.47 739.398 4223.7 -2425.49 738.376 4193.19 -2425.49 750.086 4193.39 -2429.48 750.597 4161.68 -2429.48 762.764 4161.68 -2469.33 768.625 4165.5 -2469.54 767.193 4165.5 -2508.72 772.957 4157.87 -2508.3 775.821 4157.87 -2547.49 781.584 4165.5 -2547.91 778.72 4165.5 -2587.09 784.483 4161.68 -2586.88 785.915 4161.68 -2626.92 791.805 4193.5 -2626.92 779.593 4193.31 -2622.93 779.082 4223.84 -2622.93 767.364 4224.23 -2630.91 768.387 4254.77 -2630.91 756.669 4254.38 -2622.93 755.647 4284.91 -2622.93 743.929 4285.11 -2626.92 744.44 4316.64 -2626.92 732.338 4316.64 -2587.08 726.478 4320.44 -2587.29 725.053 4320.44 -2548.14 719.295 4312.85 -2547.72 722.144 4312.85 -2508.57 716.385 4320.44 -2508.99 713.536 4320.44 -2469.84 707.778 4316.64 -2469.63 709.202 4316.64 -2429.48 703.296
  poly 1: 4306.75 -2433.94 683.962 4277.19 -2433.94 695.306 4277 -2429.95 694.795 4246.48 -2429.95 706.505 4246.87 -2437.93 707.528 4216.36 -2437.93 719.238 4215.97 -2429.95 718.216 4185.45 -2429.95 729.926 4185.65 -2433.94 730.437 4156.32 -2433.94 741.691 4156.32 -2472.46 747.357 4160.14 -2472.67 745.925 4160.14 -2511.85 751.688 4152.51 -2511.43 754.552 4152.51 -2550.61 760.315 4160.14 -2551.04 757.451 4160.14 -2590.22 763.215 4156.32 -2590.01 764.647 4156.32 -2628.43 770.298 4185.62 -2628.43 759.054 4185.43 -2624.44 758.542 4215.96 -2624.44 746.825 4216.35 -2632.41 747.848 4246.89 -2632.41 736.13 4246.49 -2624.44 735.107 4277.03 -2624.44 723.39 4277.22 -2628.43 723.901 4306.75 -2628.43 712.569 4306.75 -2589.96 706.911 4310.55 -2590.17 705.487 4310.55 -2551.02 699.728 4302.96 -2550.6 702.577 4302.96 -2511.45 696.818 4310.55 -2511.87 693.97 4310.55 -2472.72 688.211 4306.75 -2472.51 689.635 4306.75 -2433.94 683.962
element 44
  poly 0: 4161.68 -2429.21 762.725 4127.82 -2429.21 767.053 4127.75 -2425.23 766.477 4095.28 -2425.23 770.627 4095.43 -2433.2 771.781 4062.96 -2433.2 775.932 4062.82 -2425.23 774.778 4030.35 -2425.23 778.929 4030.42 -2429.21 779.506 3996.59 -2429.21 783.831 3996.59 -2469.17 789.708 4000.64 -2469.25 789.201 4000.64 -2508.46 794.968 3992.53 -2508.31 795.983 3992.53 -2547.52 801.751 4000.64 -2547.67 800.736 4000.64 -2586.88 806.503 3996.59 -2586.8 807.01 3996.59 -2626.83 812.898 4030.47 -2626.83 808.567 4030.39 -2622.84 807.99 4062.88 -2622.84 803.837 4063.02 -2630.82 804.991 4095.51 -2630.82 800.838 4095.36 -2622.84 799.684 4127.84 -2622.84 795.531 4127.92 -2626.83 796.108 4161.68 -2626.83 791.791 4161.68 -2586.88 785.915 4165.73 -2586.95 785.409 4165.73 -2547.77 779.646 4157.64 -2547.62 780.658 4157.64 -2508.44 774.895 4165.73 -2508.59 773.882 4165.73 -2469.4 768.119 4161.68 -2469.33 768.625 4161.68 -2429.21 762.725
  poly 1: 4156.32 -2433.94 741.691 4125.09 -2433.94 745.684 4125.02 -2429.95 745.107 4092.55 -2429.95 749.258 4092.7 -2437.92 750.411 4060.23 -2437.92 754.562 4060.08 -2429.95 753.408 4027.62 -2429.95 757.559 4027.69 -2433.94 758.136 3996.59 -2433.94 762.112 3996.59 -2472.4 767.769 4000.64 -2472.47 767.262 4000.64 -2511.69 773.029 3992.53 -2511.54 774.044 3992.53 -2550.75 779.811 4000.64 -2550.9 778.796 4000.64 -2590.11 784.564 3996.59 -2590.03 785.071 3996.59 -2628.43 790.719 4027.68 -2628.43 786.744 4027.6 -2624.44 786.167 4060.09 -2624.44 782.015 4060.23 -2632.41 783.168 4092.72 -2632.41 779.016 4092.57 -2624.44 777.862 4125.05 -2624.44 773.709 4125.13 -2628.43 774.286 4156.32 -2628.43 770.298 4156.32 -2590.01 764.647 4160.37 -2590.08 764.141 4160.37 -2550.9 758.377 4152.28 -2550.75 759.39 4152.28 -2511.57 753.626 4160.37 -2511.72 752.614 4160.37 -2472.53 746.85 4156.32 -2472.46 747.357 4156.32 -2433.94 741.691
element 45
  poly 0: 3996.59 -2429.21 783.831 3962.76 -2429.21 779.506 3962.83 -2425.23 778.929 3930.36 -2425.23 774.778 3930.21 -2433.2 775.932 3897.75 -2433.2 771.781 3897.89 -2425.23 770.627 3865.43 -2425.23 766.477 3865.35 -2429.21 767.053 3831.49 -2429.21 762.725 3831.49 -2469.33 768.625 3835.54 -2469.25 769.131 3835.54 -2508.44 774.895 3827.45 -2508.59 773.882 3827.45 -2547.77 779.646 3835.54 -2547.62 780.658 3835.54 -2586.81 786.422 3831.49 -2586.88 785.915 3831.49 -2626.83 791.791 3865.26 -2626.83 796.108 3865.34 -2622.84 795.531 3897.82 -2622.84 799.684 3897.67 -2630.82 800.838 3930.15 -2630.82 804.991 3930.3 -2622.84 803.837 3962.78 -2622.84 807.99 3962.71 -2626.83 808.567 3996.59 -2626.83 812.898 3996.59 -2586.8 807.01 4000.64 -2586.73 807.518 4000.64 -2547.52 801.751 3992.53 -2547.67 800.736 3992.53 -2508.46 794.968 4000.64 -2508.31 795.983 4000.64 -2469.1 790.216 3996.59 -2469.17 789.708 3996.59 -2429.21 783.831
  poly 1: 3996.59 -2433.94 762.112 3965.49 -2433.94 758.136 3965.56 -2429.95 757.559 3933.09 -2429.95 753.408 3932.95 -2437.92 754.562 3900.48 -2437.92 750.411 3900.63 -2429.95 749.258 3868.16 -2429.95 745.107 3868.08 -2433.94 745.684 3836.85 -2433.94 741.691 3836.85 -2472.46 747.357 3840.9 -2472.38 747.863 3840.9 -2511.57 753.626 3832.81 -2511.72 752.614 3832.81 -2550.9 758.377 3840.9 -2550.75 759.39 3840.9 -2589.93 765.153 3836.85 -2590.01 764.647 3836.85 -2628.43 770.298 3868.05 -2628.43 774.286 3868.13 -2624.44 773.709 3900.61 -2624.44 777.862 3900.46 -2632.41 779.016 3932.94 -2632.41 783.168 3933.09 -2624.44 782.015 3965.57 -2624.44 786.167 3965.5 -2628.43 786.744 3996.59 -2628.43 790.719 3996.59 -2590.03 785.071 4000.64 -2589.96 785.579 4000.64 -2550.75 779.811 3992.53 -2550.9 778.796 3992.53 -2511.69 773.029 4000.64 -2511.54 774.044 4000.64 -2472.33 768.277 3996.59 -2472.4 767.769 3996.59 -2433.94 762.112
element 46
  poly 0: 3831.49 -2429.48 762.764 3799.79 -2429.48 750.597 3799.99 -2425.49 750.086 3769.47 -2425.49 738.376 3769.08 -2433.47 739.398 3738.57 -2433.47 727.688 3738.96 -2425.49 726.666 3708.44 -2425.49 714.956 3708.25 -2429.48 715.467 3676.53 -2429.48 703.296 3676.53 -2469.63 709.202 3680.33 -2469.42 710.626 3680.33 -2508.57 716.385 3672.74 -2508.99 713.536 3672.74 -2548.14 719.295 3680.33 -2547.72 722.144 3680.33 -2586.88 727.902 3676.53 -2587.08 726.478 3676.53 -2626.92 732.338 3708.07 -2626.92 744.44 3708.27 -2622.93 743.929 3738.8 -2622.93 755.647 3738.41 -2630.91 756.669 3768.94 -2630.91 768.387 3769.33 -2622.93 767.364 3799.87 -2622.93 779.082 3799.67 -2626.92 779.593 3831.49 -2626.92 791.805 3831.49 -2586.88 785.915 3835.31 -2586.67 787.347 3835.31 -2547.49 781.584 3827.68 -2547.91 778.72 3827.68 -2508.72 772.957 3835.31 -2508.3 775.821 3835.31 -2469.12 770.057 3831.49 -2469.33 768.625 3831.49 -2429.48 762.764
  poly 1: 3836.85 -2433.94 741.691 3807.53 -2433.94 730.437 3807.72 -2429.95 729.926 3777.21 -2429.95 718.216 3776.82 -2437.93 719.238 3746.3 -2437.93 707.528 3746.69 -2429.95 706.505 3716.18 -2429.95 694.795 3715.98 -2433.94 695.306 3686.42 -2433.94 683.962 3686.42 -2472.51 689.635 3690.22 -2472.3 691.06 3690.22 -2511.45 696.818 3682.63 -2511.87 693.97 3682.63 -2551.02 699.728 3690.22 -2550.6 702.577 3690.22 -2589.75 708.336 3686.42 -2589.96 706.911 3686.42 -2628.43 712.569 3715.95 -2628.43 723.901 3716.15 -2624.44 723.39 3746.68 -2624.44 735.107 3746.29 -2632.41 736.13 3776.82 -2632.41 747.848 3777.22 -2624.44 746.825 3807.75 -2624.44 758.542 3807.55 -2628.43 759.054 3836.85 -2628.43 770.298 3836.85 -2590.01 764.647 3840.67 -2589.8 766.079 3840.67 -2550.61 760.315 3833.04 -2551.04 757.451 3833.04 -2511.85 751.688 3840.67 -2511.43 754.552 3840.67 -2472.25 748.789 3836.85 -2472.46 747.357 3836.85 -2433.94 741.691
element 47
  poly 0: 3676.53 -2429.9 703.358 3648.17 -2429.9 685.198 3648.43 -2425.91 684.782 3620.96 -2425.91 667.196 3620.43 -2433.89 668.029 3592.96 -2433.89 650.442 3593.49 -2425.91 649.61 3566.02 -2425.91 632.024 3565.75 -2429.9 632.44 3537.35 -2429.9 614.26 3537.35 -2469.98 620.156 3540.76 -2469.67 622.292 3540.76 -2508.79 628.046 3533.94 -2509.42 623.773 3533.94 -2548.54 629.527 3540.76 -2547.91 633.8 3540.76 -2587.03 639.554 3537.35 -2587.34 637.418 3537.35 -2627.07 643.261 3565.55 -2627.07 661.31 3565.81 -2623.08 660.894 3593.3 -2623.08 678.492 3592.77 -2631.06 679.324 3620.26 -2631.06 696.922 3620.79 -2623.08 696.09 3648.28 -2623.08 713.687 3648.02 -2627.07 714.104 3676.53 -2627.07 732.359 3676.53 -2587.08 726.478 3679.96 -2586.77 728.625 3679.96 -2547.62 722.866 3673.11 -2548.25 718.572 3673.11 -2509.1 712.813 3679.96 -2508.47 717.108 3679.96 -2469.31 711.349 3676.53 -2469.63 709.202 3676.53 -2429.9 703.358
  poly 1: 3686.42 -2433.94 683.962 3659.85 -2433.94 666.95 3660.11 -2429.95 666.533 3632.64 -2429.95 648.947 3632.11 -2437.93 649.78 3604.64 -2437.93 632.194 3605.17 -2429.95 631.361 3577.7 -2429.95 613.775 3577.43 -2433.94 614.192 3550.63 -2433.94 597.029 3550.63 -2472.55 602.709 3554.04 -2472.24 604.845 3554.04 -2511.36 610.599 3547.22 -2511.98 606.326 3547.22 -2551.1 612.08 3554.04 -2550.48 616.353 3554.04 -2589.6 622.107 3550.63 -2589.91 619.971 3550.63 -2628.43 625.636 3577.41 -2628.43 642.782 3577.68 -2624.44 642.366 3605.17 -2624.44 659.963 3604.63 -2632.42 660.796 3632.12 -2632.42 678.394 3632.65 -2624.44 677.561 3660.14 -2624.44 695.159 3659.88 -2628.43 695.575 3686.42 -2628.43 712.569 3686.42 -2589.96 706.911 3689.85 -2589.65 709.058 3689.85 -2550.5 703.3 3683 -2551.13 699.005 3683 -2511.98 693.247 3689.85 -2511.34 697.541 3689.85 -2472.19 691.783 3686.42 -2472.51 689.635 3686.42 -2433.94 683.962
element 48
  poly 0: 3537.35 -2430.35 614.326 3512.5 -2430.35 592.035 3512.79 -2426.36 591.709 3488.56 -2426.36 569.975 3487.98 -2434.34 570.626 3463.75 -2434.34 548.891 3464.33 -2426.36 548.241 3440.1 -2426.36 526.506 3439.81 -2430.35 526.832 3414.9 -2430.35 504.483 3414.9 -2470.32 510.362 3417.9 -2469.93 513.003 3417.9 -2509.03 518.753 3411.89 -2509.8 513.471 3411.89 -2548.9 519.221 3417.9 -2548.12 524.504 3417.9 -2587.21 530.254 3414.9 -2587.6 527.613 3414.9 -2627.23 533.441 3439.62 -2627.23 555.614 3439.91 -2623.23 555.289 3464.15 -2623.23 577.037 3463.57 -2631.22 577.688 3487.82 -2631.22 599.437 3488.4 -2623.23 598.786 3512.65 -2623.23 620.534 3512.35 -2627.23 620.86 3537.35 -2627.23 643.284 3537.35 -2587.34 637.418 3540.37 -2586.95 640.068 3540.37 -2547.83 634.314 3534.33 -2548.61 629.013 3534.33 -2509.49 623.259 3540.37 -2508.71 628.56 3540.37 -2469.59 622.806 3537.35 -2469.98 620.156 3537.35 -2430.35 614.326
  poly 1: 3550.63 -2433.94 597.029 3527.02 -2433.94 575.852 3527.31 -2429.95 575.527 3503.08 -2429.95 553.793 3502.49 -2437.93 554.443 3478.26 -2437.93 532.709 3478.85 -2429.95 532.058 3454.62 -2429.95 510.324 3454.33 -2433.94 510.649 3430.53 -2433.94 489.308 3430.53 -2472.58 494.991 3433.54 -2472.19 497.632 3433.54 -2511.29 503.383 3427.53 -2512.06 498.101 3427.53 -2551.16 503.851 3433.54 -2550.38 509.133 3433.54 -2589.47 514.883 3430.53 -2589.86 512.242 3430.53 -2628.43 517.914 3454.31 -2628.43 539.237 3454.6 -2624.43 538.912 3478.84 -2624.43 560.66 3478.26 -2632.42 561.311 3502.51 -2632.42 583.06 3503.09 -2624.43 582.409 3527.34 -2624.43 604.157 3527.04 -2628.43 604.483 3550.63 -2628.43 625.636 3550.63 -2589.91 619.971 3553.64 -2589.52 622.621 3553.64 -2550.4 616.867 3547.61 -2551.18 611.566 3547.61 -2512.06 605.812 3553.64 -2511.28 611.113 3553.64 -2472.16 605.359 3550.63 -2472.55 602.709 3550.63 -2433.94 597.029
element 49
  poly 0: 3414.9 -2430.77 504.545 3393.27 -2430.77 479.592 3393.56 -2426.78 479.34 3372.36 -2426.78 454.868 3371.78 -2434.77 455.372 3350.57 -2434.77 430.901 3351.16 -2426.78 430.397 3329.95 -2426.78 405.925 3329.66 -2430.77 406.177 3308.3 -2430.77 381.529 3308.3 -2627.37 410.445 3329.48 -2627.37 434.89 3329.77 -2623.38 434.638 3350.99 -2623.38 459.126 3350.41 -2631.36 459.63 3371.63 -2631.36 484.119 3372.21 -2623.38 483.615 3393.43 -2623.38 508.104 3393.14 -2627.37 508.355 3414.9 -2627.37 533.462 3414.9 -2587.6 527.613 3417.55 -2587.16 530.606 3417.55 -2548.07 524.856 3412.25 -2548.95 518.869 3412.25 -2509.85 513.119 3417.55 -2508.97 519.106 3417.55 -2469.88 513.355 3414.9 -2470.32 510.362 3414.9 -2430.77 504.545
  poly 1: 3430.53 -2433.94 489.308 3409.75 -2433.94 465.318 3410.04 -2429.94 465.066 3388.83 -2429.94 440.595 3388.25 -2437.93 441.099 3367.05 -2437.93 416.627 3367.63 -2429.94 416.123 3346.42 -2429.94 391.652 3346.13 -2433.94 391.904 3324.85 -2433.94 367.343 3324.85 -2628.43 395.95 3346.11 -2628.43 420.483 3346.4 -2624.43 420.231 3367.62 -2624.43 444.719 3367.04 -2632.42 445.223 3388.26 -2632.42 469.712 3388.84 -2624.43 469.208 3410.06 -2624.43 493.697 3409.77 -2628.43 493.949 3430.53 -2628.43 517.914 3430.53 -2589.86 512.242 3433.18 -2589.42 515.235 3433.18 -2550.33 509.485 3427.88 -2551.21 503.499 3427.88 -2512.11 497.748 3433.18 -2511.23 503.735 3433.18 -2472.14 497.985 3430.53 -2472.58 494.991 3430.53 -2433.94 489.308
element 50
  poly 0: 4668.32 -2628.43 395.95 4647.07 -2628.43 420.483 4647.07 -2624.41 420.483 4625.85 -2624.41 444.971 4625.85 -2632.44 444.971 4604.63 -2632.44 469.46 4604.63 -2624.41 469.46 4583.41 -2624.41 493.949 4583.41 -2628.43 493.949 4562.64 -2628.43 517.914 4562.64 -2667.42 517.914 4565.28 -2667.42 514.875 4565.28 -2706.95 514.875 4560.01 -2706.95 520.954 4560.01 -2746.48 520.954 4565.28 -2746.48 514.875 4565.28 -2786 514.875 4562.64 -2786 517.914 4562.64 -2825 517.914 4583.41 -2825 493.949 4583.41 -2820.99 493.949 4604.63 -2820.99 469.46 4604.63 -2829.02 469.46 4625.85 -2829.02 444.971 4625.85 -2820.99 444.971 4647.07 -2820.99 420.483 4647.07 -2825 420.483 4668.32 -2825 395.95 4668.32 -2628.43 395.95
  poly 1: 4684.95 -2627.37 410.357 4663.69 -2627.37 434.89 4663.69 -2623.36 434.89 4642.47 -2623.36 459.378 4642.47 -2631.38 459.378 4621.26 -2631.38 483.867 4621.26 -2623.36 483.867 4600.04 -2623.36 508.355 4600.04 -2627.37 508.355 4578.36 -2627.37 533.367 4578.36 -2667.42 533.367 4581 -2667.42 530.328 4581 -2706.95 530.328 4575.73 -2706.95 536.407 4575.73 -2746.48 536.407 4581 -2746.48 530.328 4581 -2786 530.328 4578.36 -2786 533.367 4578.36 -2826.06 533.367 4600.04 -2826.06 508.355 4600.04 -2822.05 508.355 4621.26 -2822.05 483.867 4621.26 -2830.07 483.867 4642.47 -2830.07 459.378 4642.47 -2822.05 459.378 4663.69 -2822.05 434.89 4663.69 -2826.06 434.89 4684.95 -2826.06 410.357 4684.95 -2627.37 410.357
element 51
  poly 0: 4562.64 -2628.43 517.914 4538.87 -2628.43 539.237 4538.87 -2624.41 539.237 4514.63 -2624.41 560.986 4514.63 -2632.44 560.986 4490.38 -2632.44 582.734 4490.38 -2624.41 582.734 4466.13 -2624.41 604.483 4466.13 -2628.43 604.483 4442.55 -2628.43 625.636 4442.55 -2667.38 625.636 4445.56 -2667.38 622.941 4445.56 -2706.94 622.941 4439.55 -2706.94 628.331 4439.55 -2746.49 628.331 4445.56 -2746.49 622.941 4445.56 -2786.05 622.941 4442.55 -2786.05 625.636 4442.55 -2825 625.636 4466.13 -2825 604.483 4466.13 -2820.99 604.483 4490.38 -2820.99 582.734 4490.38 -2829.02 582.734 4514.63 -2829.02 560.986 4514.63 -2820.99 560.986 4538.87 -2820.99 539.237 4538.87 -2825 539.237 4562.64 -2825 517.914 4562.64 -2786 517.914 4565.64 -2786 515.229 4565.64 -2746.48 515.229 4559.65 -2746.48 520.6 4559.65 -2706.95 520.6 4565.64 -2706.95 515.229 4565.64 -2667.42 515.229 4562.64 -2667.42 517.914 4562.64 -2628.43 517.914
  poly 1: 4578.36 -2627.23 533.367 4553.56 -2627.23 555.614 4553.56 -2623.21 555.614 4529.32 -2623.21 577.363 4529.32 -2631.24 577.363 4505.07 -2631.24 599.111 4505.07 -2623.21 599.111 4480.82 -2623.21 620.86 4480.82 -2627.23 620.86 4455.91 -2627.23 643.203 4455.91 -2667.38 643.203 4458.92 -2667.38 640.508 4458.92 -2706.94 640.508 4452.91 -2706.94 645.898 4452.91 -2746.49 645.898 4458.92 -2746.49 640.508 4458.92 -2786.05 640.508 4455.91 -2786.05 643.203 4455.91 -2826.2 643.203 4480.82 -2826.2 620.86 4480.82 -2822.19 620.86 4505.07 -2822.19 599.111 4505.07 -2830.22 599.111 4529.32 -2830.22 577.363 4529.32 -2822.19 577.363 4553.56 -2822.19 555.614 4553.56 -2826.2 555.614 4578.36 -2826.2 533.367 4578.36 -2786 533.367 4581.36 -2786 530.682 4581.36 -2746.48 530.682 4575.37 -2746.48 536.052 4575.37 -2706.95 536.052 4581.36 -2706.95 530.682 4581.36 -2667.42 530.682 4578.36 -2667.42 533.367 4578.36 -2627.23 533.367
element 52
  poly 0: 4455.91 -2627.07 643.203 4427.63 -2627.07 661.31 4427.63 -2623.05 661.31 4400.14 -2623.05 678.908 4400.14 -2631.09 678.908 4372.65 -2631.09 696.506 4372.65 -2623.05 696.506 4345.16 -2623.05 714.104 4345.16 -2627.07 714.104 4316.73 -2627.07 732.305 4316.73 -2667.33 732.305 4320.14 -2667.33 730.118 4320.14 -2706.92 730.118 4313.31 -2706.92 734.493 4313.31 -2746.51 734.493 4320.14 -2746.51 730.118 4320.14 -2786.1 730.118 4316.73 -2786.1 732.305 4316.73 -2826.36 732.305 4345.16 -2826.36 714.104 4345.16 -2822.34 714.104 4372.65 -2822.34 696.506 4372.65 -2830.38 696.506 4400.14 -2830.38 678.908 4400.14 -2822.34 678.908 4427.63 -2822.34 661.31 4427.63 -2826.36 661.31 4455.91 -2826.36 643.203 4455.91 -2786.05 643.203 4459.31 -2786.05 641.027 4459.31 -2746.49 641.027 4452.51 -2746.49 645.379 4452.51 -2706.94 645.379 4459.31 -2706.94 641.027 4459.31 -2667.38 641.027 4455.91 -2667.38 643.203 4455.91 -2627.07 643.203
  poly 1: 4442.55 -2628.43 625.636 4415.77 -2628.43 642.782 4415.77 -2624.41 642.782 4388.28 -2624.41 660.38 4388.28 -2632.45 660.38 4360.79 -2632.45 677.977 4360.79 -2624.41 677.977 4333.3 -2624.41 695.575 4333.3 -2628.43 695.575 4306.75 -2628.43 712.569 4306.75 -2667.33 712.569 4310.17 -2667.33 710.381 4310.17 -2706.92 710.381 4303.34 -2706.92 714.756 4303.34 -2746.51 714.756 4310.17 -2746.51 710.381 4310.17 -2786.1 710.381 4306.75 -2786.1 712.569 4306.75 -2825 712.569 4333.3 -2825 695.575 4333.3 -2820.98 695.575 4360.79 -2820.98 677.977 4360.79 -2829.02 677.977 4388.28 -2829.02 660.38 4388.28 -2820.98 660.38 4415.77 -2820.98 642.782 4415.77 -2825 642.782 4442.55 -2825 625.636 4442.55 -2786.05 625.636 4445.95 -2786.05 623.46 4445.95 -2746.49 623.46 4439.15 -2746.49 627.812 4439.15 -2706.94 627.812 4445.95 -2706.94 623.46 4445.95 -2667.38 623.46 4442.55 -2667.38 625.636 4442.55 -2628.43 625.636
element 53
  poly 0: 4316.73 -2626.92 732.305 4285.11 -2626.92 744.44 4285.11 -2622.9 744.44 4254.57 -2622.9 756.158 4254.57 -2630.95 756.158 4224.04 -2630.95 767.876 4224.04 -2622.9 767.876 4193.5 -2622.9 779.593 4193.5 -2626.92 779.593 4161.74 -2626.92 791.785 4161.74 -2667.29 791.785 4165.55 -2667.29 790.323 4165.55 -2706.91 790.323 4157.93 -2706.91 793.246 4157.93 -2746.52 793.246 4165.55 -2746.52 790.323 4165.55 -2786.14 790.323 4161.74 -2786.14 791.785 4161.74 -2826.51 791.785 4193.5 -2826.51 779.593 4193.5 -2822.48 779.593 4224.04 -2822.48 767.876 4224.04 -2830.53 767.876 4254.57 -2830.53 756.158 4254.57 -2822.48 756.158 4285.11 -2822.48 744.44 4285.11 -2826.51 744.44 4316.73 -2826.51 732.305 4316.73 -2786.1 732.305 4320.52 -2786.1 730.852 4320.52 -2746.51 730.852 4312.94 -2746.51 733.759 4312.94 -2706.92 733.759 4320.52 -2706.92 730.852 4320.52 -2667.33 730.852 4316.73 -2667.33 732.305 4316.73 -2626.92 732.305
  poly 1: 4306.75 -2628.43 712.569 4277.22 -2628.43 723.901 4277.22 -2624.4 723.901 4246.69 -2624.4 735.619 4246.69 -2632.45 735.619 4216.16 -2632.45 747.336 4216.16 -2624.4 747.336 4185.62 -2624.4 759.054 4185.62 -2628.43 759.054 4156.32 -2628.43 770.298 4156.32 -2667.29 770.298 4160.13 -2667.29 768.836 4160.13 -2706.91 768.836 4152.52 -2706.91 771.759 4152.52 -2746.52 771.759 4160.13 -2746.52 768.836 4160.13 -2786.14 768.836 4156.32 -2786.14 770.298 4156.32 -2825 770.298 4185.62 -2825 759.054 4185.62 -2820.98 759.054 4216.16 -2820.98 747.336 4216.16 -2829.03 747.336 4246.69 -2829.03 735.619 4246.69 -2820.98 735.619 4277.22 -2820.98 723.901 4277.22 -2825 723.901 4306.75 -2825 712.569 4306.75 -2786.1 712.569 4310.54 -2786.1 711.115 4310.54 -2746.51 711.115 4302.97 -2746.51 714.022 4302.97 -2706.92 714.022 4310.54 -2706.92 711.115 4310.54 -2667.33 711.115 4306.75 -2667.33 712.569 4306.75 -2628.43 712.569
element 54
  poly 0: 4161.74 -2626.83 791.785 4127.92 -2626.83 796.108 4127.92 -2622.8 796.108 4095.43 -2622.8 800.261 4095.43 -2630.86 800.261 4062.95 -2630.86 804.414 4062.95 -2622.8 804.414 4030.47 -2622.8 808.567 4030.47 -2626.83 808.567 3996.59 -2626.83 812.898 3996.59 -2667.26 812.898 4000.64 -2667.26 812.379 4000.64 -2706.9 812.379 3992.53 -2706.9 813.416 3992.53 -2746.53 813.416 4000.64 -2746.53 812.379 4000.64 -2786.17 812.379 3996.59 -2786.17 812.898 3996.59 -2826.6 812.898 4030.47 -2826.6 808.567 4030.47 -2822.57 808.567 4062.95 -2822.57 804.414 4062.95 -2830.63 804.414 4095.43 -2830.63 800.261 4095.43 -2822.57 800.261 4127.92 -2822.57 796.108 4127.92 -2826.6 796.108 4161.74 -2826.6 791.785 4161.74 -2786.14 791.785 4165.78 -2786.14 791.267 4165.78 -2746.52 791.267 4157.69 -2746.52 792.302 4157.69 -2706.91 792.302 4165.78 -2706.91 791.267 4165.78 -2667.29 791.267 4161.74 -2667.29 791.785 4161.74 -2626.83 791.785
  poly 1: 4156.32 -2628.43 770.298 4125.13 -2628.43 774.286 4125.13 -2624.4 774.286 4092.64 -2624.4 778.439 4092.64 -2632.46 778.439 4060.16 -2632.46 782.591 4060.16 -2624.4 782.591 4027.68 -2624.4 786.744 4027.68 -2628.43 786.744 3996.59 -2628.43 790.719 3996.59 -2667.26 790.719 4000.64 -2667.26 790.2 4000.64 -2706.9 790.2 3992.53 -2706.9 791.237 3992.53 -2746.53 791.237 4000.64 -2746.53 790.2 4000.64 -2786.17 790.2 3996.59 -2786.17 790.719 3996.59 -2825 790.719 4027.68 -2825 786.744 4027.68 -2820.97 786.744 4060.16 -2820.97 782.591 4060.16 -2829.03 782.591 4092.64 -2829.03 778.439 4092.64 -2820.97 778.439 4125.13 -2820.97 774.286 4125.13 -2825 774.286 4156.32 -2825 770.298 4156.32 -2786.14 770.298 4160.37 -2786.14 769.78 4160.37 -2746.52 769.78 4152.28 -2746.52 770.815 4152.28 -2706.91 770.815 4160.37 -2706.91 769.78 4160.37 -2667.29 769.78 4156.32 -2667.29 770.298 4156.32 -2628.43 770.298
element 55
  poly 0: 3996.59 -2626.83 812.898 3962.71 -2626.83 808.567 3962.71 -2622.8 808.567 3930.23 -2622.8 804.414 3930.23 -2630.86 804.414 3897.74 -2630.86 800.261 3897.74 -2622.8 800.261 3865.26 -2622.8 796.108 3865.26 -2626.83 796.108 3831.44 -2626.83 791.785 3831.44 -2667.29 791.785 3835.49 -2667.29 792.302 3835.49 -2706.91 792.302 3827.39 -2706.91 791.267 3827.39 -2746.52 791.267 3835.49 -2746.52 792.302 3835.49 -2786.14 792.302 3831.44 -2786.14 791.785 3831.44 -2826.6 791.785 3865.24 -2826.6 796.106 3865.24 -2822.57 796.106 3897.73 -2822.57 800.259 3897.73 -2830.63 800.259 3930.22 -2830.63 804.412 3930.22 -2822.57 804.412 3962.71 -2822.57 808.566 3962.71 -2826.6 808.566 3996.59 -2826.6 812.898 3996.59 -2786.17 812.898 4000.64 -2786.17 813.416 4000.64 -2746.53 813.416 3992.53 -2746.53 812.379 3992.53 -2706.9 812.379 4000.64 -2706.9 813.416 4000.64 -2667.26 813.416 3996.59 -2667.26 812.898 3996.59 -2626.83 812.898
  poly 1: 3996.59 -2628.43 790.719 3965.5 -2628.43 786.744 3965.5 -2624.4 786.744 3933.02 -2624.4 782.591 3933.02 -2632.46 782.591 3900.53 -2632.46 778.439 3900.53 -2624.4 778.439 3868.05 -2624.4 774.286 3868.05 -2628.43 774.286 3836.85 -2628.43 770.298 3836.85 -2667.29 770.298 3840.9 -2667.29 770.815 3840.9 -2706.91 770.815 3832.81 -2706.91 769.78 3832.81 -2746.52 769.78 3840.9 -2746.52 770.815 3840.9 -2786.14 770.815 3836.85 -2786.14 770.298 3836.85 -2825 770.298 3868.03 -2825 774.283 3868.03 -2820.97 774.283 3900.52 -2820.97 778.437 3900.52 -2829.03 778.437 3933.01 -2829.03 782.59 3933.01 -2820.97 782.59 3965.5 -2820.97 786.743 3965.5 -2825 786.743 3996.59 -2825 790.719 3996.59 -2786.17 790.719 4000.64 -2786.17 791.237 4000.64 -2746.53 791.237 3992.53 -2746.53 790.2 3992.53 -2706.9 790.2 4000.64 -2706.9 791.237 4000.64 -2667.26 791.237 3996.59 -2667.26 790.719 3996.59 -2628.43 790.719
element 56
  poly 0: 3831.44 -2626.92 791.785 3799.67 -2626.92 779.593 3799.67 -2622.9 779.593 3769.14 -2622.9 767.876 3769.14 -2630.95 767.876 3738.6 -2630.95 756.158 3738.6 -2622.9 756.158 3708.07 -2622.9 744.44 3708.07 -2626.92 744.44 3676.45 -2626.92 732.305 3676.45 -2667.33 732.305 3680.24 -2667.33 733.759 3680.24 -2706.92 733.759 3672.66 -2706.92 730.852 3672.66 -2746.51 730.852 3680.24 -2746.51 733.759 3680.24 -2786.1 733.759 3676.45 -2786.1 732.305 3676.45 -2826.51 732.305 3708.07 -2826.51 744.44 3708.07 -2822.48 744.44 3738.6 -2822.48 756.158 3738.6 -2830.53 756.158 3769.14 -2830.53 767.876 3769.14 -2822.48 767.876 3799.67 -2822.48 779.593 3799.67 -2826.51 779.593 3831.44 -2826.51 791.785 3831.44 -2786.14 791.785 3835.25 -2786.14 793.246 3835.25 -2746.52 793.246 3827.63 -2746.52 790.323 3827.63 -2706.91 790.323 3835.25 -2706.91 793.246 3835.25 -2667.29 793.246 3831.44 -2667.29 791.785 3831.44 -2626.92 791.785
  poly 1: 3836.85 -2628.43 770.298 3807.55 -2628.43 759.054 3807.55 -2624.4 759.054 3777.02 -2624.4 747.336 3777.02 -2632.45 747.336 3746.49 -2632.45 735.619 3746.49 -2624.4 735.619 3715.95 -2624.4 723.901 3715.95 -2628.43 723.901 3686.42 -2628.43 712.569 3686.42 -2667.33 712.569 3690.21 -2667.33 714.022 3690.21 -2706.92 714.022 3682.64 -2706.92 711.115 3682.64 -2746.51 711.115 3690.21 -2746.51 714.022 3690.21 -2786.1 714.022 3686.42 -2786.1 712.569 3686.42 -2825 712.569 3715.95 -2825 723.901 3715.95 -2820.98 723.901 3746.49 -2820.98 735.619 3746.49 -2829.03 735.619 3777.02 -2829.03 747.336 3777.02 -2820.98 747.336 3807.55 -2820.98 759.054 3807.55 -2825 759.054 3836.85 -2825 770.298 3836.85 -2786.14 770.298 3840.66 -2786.14 771.759 3840.66 -2746.52 771.759 3833.04 -2746.52 768.836 3833.04 -2706.91 768.836 3840.66 -2706.91 771.759 3840.66 -2667.29 771.759 3836.85 -2667.29 770.298 3836.85 -2628.43 770.298
element 57
  poly 0: 3676.45 -2627.07 732.305 3648.02 -2627.07 714.104 3648.02 -2623.05 714.104 3620.53 -2623.05 696.506 3620.53 -2631.09 696.506 3593.04 -2631.09 678.908 3593.04 -2623.05 678.908 3565.55 -2623.05 661.31 3565.55 -2627.07 661.31 3537.26 -2627.07 643.203 3537.26 -2667.38 643.203 3540.66 -2667.38 645.379 3540.66 -2706.94 645.379 3533.86 -2706.94 641.027 3533.86 -2746.49 641.027 3540.66 -2746.49 645.379 3540.66 -2786.05 645.379 3537.26 -2786.05 643.203 3537.26 -2826.36 643.203 3565.55 -2826.36 661.31 3565.55 -2822.34 661.31 3593.04 -2822.34 678.908 3593.04 -2830.38 678.908 3620.53 -2830.38 696.506 3620.53 -2822.34 696.506 3648.02 -2822.34 714.104 3648.02 -2826.36 714.104 3676.45 -2826.36 732.305 3676.45 -2786.1 732.305 3679.87 -2786.1 734.493 3679.87 -2746.51 734.493 3673.03 -2746.51 730.118 3673.03 -2706.92 730.118 3679.87 -2706.92 734.493 3679.87 -2667.33 734.493 3676.45 -2667.33 732.305 3676.45 -2627.07 732.305
  poly 1: 3686.42 -2628.43 712.569 3659.88 -2628.43 695.575 3659.88 -2624.41 695.575 3632.39 -2624.41 677.977 3632.39 -2632.45 677.977 3604.9 -2632.45 660.38 3604.9 -2624.41 660.38 3577.41 -2624.41 642.782 3577.41 -2628.43 642.782 3550.63 -2628.43 625.636 3550.63 -2667.38 625.636 3554.03 -2667.38 627.812 3554.03 -2706.94 627.812 3547.23 -2706.94 623.46 3547.23 -2746.49 623.46 3554.03 -2746.49 627.812 3554.03 -2786.05 627.812 3550.63 -2786.05 625.636 3550.63 -2825 625.636 3577.41 -2825 642.782 3577.41 -2820.98 642.782 3604.9 -2820.98 660.38 3604.9 -2829.02 660.38 3632.39 -2829.02 677.977 3632.39 -2820.98 677.977 3659.88 -2820.98 695.575 3659.88 -2825 695.575 3686.42 -2825 712.569 3686.42 -2786.1 712.569 3689.84 -2786.1 714.756 3689.84 -2746.51 714.756 3683.01 -2746.51 710.381 3683.01 -2706.92 710.381 3689.84 -2706.92 714.756 3689.84 -2667.33 714.756 3686.42 -2667.33 712.569 3686.42 -2628.43 712.569
element 58
  poly 0: 3537.26 -2627.23 643.203 3512.35 -2627.23 620.86 3512.35 -2623.21 620.86 3488.11 -2623.21 599.111 3488.11 -2631.24 599.111 3463.86 -2631.24 577.363 3463.86 -2623.21 577.363 3439.62 -2623.21 555.614 3439.62 -2627.23 555.614 3414.81 -2627.23 533.367 3414.81 -2667.42 533.367 3417.81 -2667.42 536.052 3417.81 -2706.95 536.052 3411.82 -2706.95 530.682 3411.82 -2746.48 530.682 3417.81 -2746.48 536.052 3417.81 -2786 536.052 3414.81 -2786 533.367 3414.81 -2826.2 533.367 3439.62 -2826.2 555.614 3439.62 -2822.19 555.614 3463.86 -2822.19 577.363 3463.86 -2830.22 577.363 3488.11 -2830.22 599.111 3488.11 -2822.19 599.111 3512.35 -2822.19 620.86 3512.35 -2826.2 620.86 3537.26 -2826.2 643.203 3537.26 -2786.05 643.203 3540.27 -2786.05 645.898 3540.27 -2746.49 645.898 3534.26 -2746.49 640.508 3534.26 -2706.94 640.508 3540.27 -2706.94 645.898 3540.27 -2667.38 645.898 3537.26 -2667.38 643.203 3537.26 -2627.23 643.203
  poly 1: 3550.63 -2628.43 625.636 3527.04 -2628.43 604.483 3527.04 -2624.41 604.483 3502.8 -2624.41 582.734 3502.8 -2632.44 582.734 3478.55 -2632.44 560.986 3478.55 -2624.41 560.986 3454.31 -2624.41 539.237 3454.31 -2628.43 539.237 3430.53 -2628.43 517.914 3430.53 -2667.42 517.914 3433.53 -2667.42 520.6 3433.53 -2706.95 520.6 3427.54 -2706.95 515.229 3427.54 -2746.48 515.229 3433.53 -2746.48 520.6 3433.53 -2786 520.6 3430.53 -2786 517.914 3430.53 -2825 517.914 3454.31 -2825 539.237 3454.31 -2820.99 539.237 3478.55 -2820.99 560.986 3478.55 -2829.02 560.986 3502.8 -2829.02 582.734 3502.8 -2820.99 582.734 3527.04 -2820.99 604.483 3527.04 -2825 604.483 3550.63 -2825 625.636 3550.63 -2786.05 625.636 3553.63 -2786.05 628.331 3553.63 -2746.49 628.331 3547.62 -2746.49 622.941 3547.62 -2706.94 622.941 3553.63 -2706.94 628.331 3553.63 -2667.38 628.331 3550.63 -2667.38 625.636 3550.63 -2628.43 625.636
element 59
  poly 0: 3414.81 -2627.37 533.367 3393.14 -2627.37 508.355 3393.14 -2623.36 508.355 3371.92 -2623.36 483.867 3371.92 -2631.38 483.867 3350.7 -2631.38 459.378 3350.7 -2623.36 459.378 3329.48 -2623.36 434.89 3329.48 -2627.37 434.89 3308.23 -2627.37 410.357 3308.23 -2826.06 410.357 3329.48 -2826.06 434.89 3329.48 -2822.05 434.89 3350.7 -2822.05 459.378 3350.7 -2830.07 459.378 3371.92 -2830.07 483.867 3371.92 -2822.05 483.867 3393.14 -2822.05 508.355 3393.14 -2826.06 508.355 3414.81 -2826.06 533.367 3414.81 -2786 533.367 3417.45 -2786 536.407 3417.45 -2746.48 536.407 3412.18 -2746.48 530.328 3412.18 -2706.95 530.328 3417.45 -2706.95 536.407 3417.45 -2667.42 536.407 3414.81 -2667.42 533.367 3414.81 -2627.37 533.367
  poly 1: 3430.53 -2628.43 517.914 3409.77 -2628.43 493.949 3409.77 -2624.41 493.949 3388.55 -2624.41 469.46 3388.55 -2632.44 469.46 3367.33 -2632.44 444.971 3367.33 -2624.41 444.971 3346.11 -2624.41 420.483 3346.11 -2628.43 420.483 3324.85 -2628.43 395.95 3324.85 -2825 395.95 3346.11 -2825 420.483 3346.11 -2820.99 420.483 3367.33 -2820.99 444.971 3367.33 -2829.02 444.971 3388.55 -2829.02 469.46 3388.55 -2820.99 469.46 3409.77 -2820.99 493.949 3409.77 -2825 493.949 3430.53 -2825 517.914 3430.53 -2786 517.914 3433.17 -2786 520.954 3433.17 -2746.48 520.954 3427.9 -2746.48 514.875 3427.9 -2706.95 514.875 3433.17 -2706.95 520.954 3433.17 -2667.42 520.954 3430.53 -2667.42 517.914 3430.53 -2628.43 517.914
element 60
  poly 0: 4668.32 -2825 395.95 4647.07 -2825 420.483 4647.36 -2821.01 420.735 4626.14 -2821.01 445.223 4625.56 -2829 444.719 4604.34 -2829 469.208 4604.92 -2821.01 469.712 4583.7 -2821.01 494.201 4583.41 -2825 493.949 4562.64 -2825 517.914 4562.64 -2863.57 512.242 4565.29 -2863.13 509.249 4565.29 -2902.22 503.499 4559.99 -2903.1 509.485 4559.99 -2942.2 503.735 4565.29 -2941.31 497.748 4565.29 -2980.41 491.998 4562.64 -2980.85 494.991 4562.64 -3019.49 489.308 4583.43 -3019.49 465.318 4583.72 -3015.5 465.57 4604.93 -3015.5 441.099 4604.34 -3023.48 440.595 4625.55 -3023.48 416.123 4626.13 -3015.5 416.627 4647.33 -3015.5 392.155 4647.04 -3019.49 391.904 4668.32 -3019.49 367.343 4668.32 -2825 395.95
  poly 1: 4684.87 -2826.06 410.445 4663.69 -2826.06 434.89 4663.98 -2822.07 435.142 4642.77 -2822.07 459.63 4642.18 -2830.05 459.126 4620.96 -2830.05 483.615 4621.55 -2822.07 484.119 4600.33 -2822.07 508.607 4600.04 -2826.06 508.355 4578.28 -2826.06 533.462 4578.28 -2865.83 527.613 4580.93 -2865.39 524.619 4580.93 -2904.48 518.869 4575.63 -2905.36 524.856 4575.63 -2944.46 519.106 4580.93 -2943.58 513.119 4580.93 -2982.67 507.369 4578.28 -2983.11 510.362 4578.28 -3022.66 504.545 4599.9 -3022.66 479.592 4600.19 -3018.66 479.844 4621.4 -3018.66 455.372 4620.82 -3026.65 454.868 4642.02 -3026.65 430.397 4642.6 -3018.66 430.901 4663.81 -3018.66 406.429 4663.52 -3022.66 406.177 4684.87 -3022.66 381.529 4684.87 -2826.06 410.445
element 61
  poly 0: 4562.64 -2825 517.914 4538.87 -2825 539.237 4539.16 -2821.01 539.563 4514.92 -2821.01 561.311 4514.33 -2829 560.66 4490.09 -2829 582.409 4490.67 -2821.01 583.06 4466.43 -2821.01 604.808 4466.13 -2825 604.483 4442.55 -2825 625.636 4442.55 -2863.52 619.971 4445.57 -2863.13 617.32 4445.57 -2902.25 611.566 4439.53 -2903.03 616.867 4439.53 -2942.15 611.113 4445.57 -2941.37 605.812 4445.57 -2980.49 600.058 4442.55 -2980.88 602.709 4442.55 -3019.49 597.029 4466.16 -3019.49 575.852 4466.45 -3015.5 576.178 4490.68 -3015.5 554.443 4490.1 -3023.48 553.793 4514.33 -3023.48 532.058 4514.91 -3015.5 532.709 4539.14 -3015.5 510.975 4538.85 -3019.49 510.649 4562.64 -3019.49 489.308 4562.64 -2980.85 494.991 4565.65 -2980.46 492.35 4565.65 -2941.37 498.101 4559.64 -2942.14 503.383 4559.64 -2903.05 509.133 4565.65 -2902.27 503.851 4565.65 -2863.18 509.601 4562.64 -2863.57 512.242 4562.64 -2825 517.914
  poly 1: 4578.28 -2826.2 533.441 4553.56 -2826.2 555.614 4553.85 -2822.21 555.94 4529.61 -2822.21 577.688 4529.02 -2830.2 577.037 4504.78 -2830.2 598.786 4505.36 -2822.21 599.437 4481.12 -2822.21 621.185 4480.82 -2826.2 620.86 4455.82 -2826.2 643.284 4455.82 -2866.09 637.418 4458.84 -2865.7 634.768 4458.84 -2904.82 629.013 4452.81 -2905.6 634.314 4452.81 -2944.72 628.56 4458.84 -2943.94 623.259 4458.84 -2983.06 617.505 4455.82 -2983.45 620.156 4455.82 -3023.08 614.326 4480.68 -3023.08 592.035 4480.97 -3019.08 592.36 4505.2 -3019.08 570.626 4504.61 -3027.07 569.975 4528.84 -3027.07 548.241 4529.43 -3019.08 548.891 4553.66 -3019.08 527.157 4553.37 -3023.08 526.832 4578.28 -3023.08 504.483 4578.28 -2983.11 510.362 4581.29 -2982.72 507.721 4581.29 -2943.63 513.471 4575.27 -2944.4 518.753 4575.27 -2905.31 524.504 4581.29 -2904.53 519.221 4581.29 -2865.44 524.972 4578.28 -2865.83 527.613 4578.28 -2826.2 533.441
element 62
  poly 0: 4455.82 -2826.36 643.261 4427.63 -2826.36 661.31 4427.9 -2822.37 661.727 4400.41 -2822.37 679.324 4399.87 -2830.35 678.492 4372.38 -2830.35 696.09 4372.92 -2822.37 696.922 4345.43 -2822.37 714.52 4345.16 -2826.36 714.104 4316.64 -2826.36 732.359 4316.64 -2866.35 726.478 4320.07 -2866.03 724.331 4320.07 -2905.18 718.572 4313.22 -2905.81 722.866 4313.22 -2944.96 717.108 4320.07 -2944.33 712.813 4320.07 -2983.48 707.055 4316.64 -2983.8 709.202 4316.64 -3023.53 703.358 4345.01 -3023.53 685.198 4345.28 -3019.54 685.615 4372.75 -3019.54 668.029 4372.22 -3027.52 667.196 4399.69 -3027.52 649.61 4400.22 -3019.54 650.442 4427.69 -3019.54 632.856 4427.42 -3023.53 632.44 4455.82 -3023.53 614.26 4455.82 -2983.45 620.156 4459.23 -2983.13 618.019 4459.23 -2944.01 623.773 4452.41 -2944.64 628.046 4452.41 -2905.52 633.8 4459.23 -2904.89 629.527 4459.23 -2865.77 635.281 4455.82 -2866.09 637.418 4455.82 -2826.36 643.261
  poly 1: 4442.55 -2825 625.636 4415.77 -2825 642.782 4416.03 -2821.01 643.198 4388.54 -2821.01 660.796 4388.01 -2828.99 659.963 4360.52 -2828.99 677.561 4361.06 -2821.01 678.394 4333.57 -2821.01 695.991 4333.3 -2825 695.575 4306.75 -2825 712.569 4306.75 -2863.47 706.911 4310.18 -2863.15 704.764 4310.18 -2902.3 699.005 4303.33 -2902.93 703.3 4303.33 -2942.09 697.541 4310.18 -2941.45 693.247 4310.18 -2980.61 687.488 4306.75 -2980.92 689.635 4306.75 -3019.49 683.962 4333.33 -3019.49 666.95 4333.6 -3015.5 667.366 4361.07 -3015.5 649.78 4360.53 -3023.48 648.947 4388 -3023.48 631.361 4388.54 -3015.5 632.194 4416.01 -3015.5 614.608 4415.74 -3019.49 614.192 4442.55 -3019.49 597.029 4442.55 -2980.88 602.709 4445.96 -2980.57 600.572 4445.96 -2941.45 606.326 4439.14 -2942.07 610.599 4439.14 -2902.95 616.353 4445.96 -2902.33 612.08 4445.96 -2863.2 617.834 4442.55 -2863.52 619.971 4442.55 -2825 625.636
element 63
  poly 0: 4316.64 -2826.51 732.338 4285.11 -2826.51 744.44 4285.3 -2822.52 744.952 4254.77 -2822.52 756.669 4254.38 -2830.49 755.647 4223.84 -2830.49 767.364 4224.23 -2822.52 768.387 4193.7 -2822.52 780.105 4193.5 -2826.51 779.593 4161.68 -2826.51 791.805 4161.68 -2866.55 785.915 4165.5 -2866.34 784.483 4165.5 -2905.52 778.72 4157.87 -2905.94 781.584 4157.87 -2945.13 775.821 4165.5 -2944.71 772.957 4165.5 -2983.89 767.193 4161.68 -2984.1 768.625 4161.68 -3023.95 762.764 4193.39 -3023.95 750.597 4193.58 -3019.96 751.109 4224.1 -3019.96 739.398 4223.7 -3027.94 738.376 4254.22 -3027.94 726.666 4254.61 -3019.96 727.688 4285.13 -3019.96 715.978 4284.93 -3023.95 715.467 4316.64 -3023.95 703.296 4316.64 -2983.8 709.202 4320.44 -2983.59 707.778 4320.44 -2944.44 713.536 4312.85 -2944.86 716.385 4312.85 -2905.71 722.144 4320.44 -2905.29 719.295 4320.44 -2866.14 725.053 4316.64 -2866.35 726.478 4316.64 -2826.51 732.338
  poly 1: 4306.75 -2825 712.569 4277.22 -2825 723.901 4277.42 -2821.01 724.412 4246.89 -2821.01 736.13 4246.49 -2828.99 735.107 4215.96 -2828.99 746.825 4216.35 -2821.01 747.848 4185.82 -2821.01 759.565 4185.62 -2825 759.054 4156.32 -2825 770.298 4156.32 -2863.42 764.647 4160.14 -2863.21 763.215 4160.14 -2902.39 757.451 4152.51 -2902.82 760.315 4152.51 -2942 754.552 4160.14 -2941.58 751.688 4160.14 -2980.76 745.925 4156.32 -2980.97 747.357 4156.32 -3019.49 741.691 4185.65 -3019.49 730.437 4185.85 -3015.5 730.948 4216.36 -3015.5 719.238 4215.97 -3023.48 718.216 4246.48 -3023.48 706.505 4246.87 -3015.5 707.528 4277.39 -3015.5 695.818 4277.19 -3019.49 695.306 4306.75 -3019.49 683.962 4306.75 -2980.92 689.635 4310.55 -2980.71 688.211 4310.55 -2941.56 693.97 4302.96 -2941.98 696.818 4302.96 -2902.83 702.577 4310.55 -2902.41 699.728 4310.55 -2863.26 705.487 4306.75 -2863.47 706.911 4306.75 -2825 712.569
element 64
  poly 0: 4161.68 -2826.6 791.791 4127.92 -2826.6 796.108 4127.99 -2822.61 796.685 4095.51 -2822.61 800.838 4095.36 -2830.59 799.684 4062.88 -2830.59 803.837 4063.02 -2822.61 804.991 4030.54 -2822.61 809.144 4030.47 -2826.6 808.567 3996.59 -2826.6 812.898 3996.59 -2866.63 807.01 4000.64 -2866.55 806.503 4000.64 -2905.76 800.736 3992.53 -2905.91 801.751 3992.53 -2945.12 795.983 4000.64 -2944.97 794.968 4000.64 -2984.18 789.201 3996.59 -2984.26 789.708 3996.59 -3024.22 783.831 4030.44 -3024.22 779.504 4030.51 -3020.23 780.08 4062.99 -3020.23 775.928 4062.85 -3028.2 774.774 4095.33 -3028.2 770.621 4095.48 -3020.23 771.775 4127.96 -3020.23 767.622 4127.89 -3024.22 767.045 4161.68 -3024.22 762.725 4161.68 -2984.1 768.625 4165.73 -2984.03 768.119 4165.73 -2944.84 773.882 4157.64 -2944.99 774.895 4157.64 -2905.81 780.658 4165.73 -2905.66 779.646 4165.73 -2866.48 785.409 4161.68 -2866.55 785.915 4161.68 -2826.6 791.791
  poly 1: 4156.32 -2825 770.298 4125.13 -2825 774.286 4125.2 -2821.02 774.863 4092.72 -2821.02 779.016 4092.57 -2828.99 777.862 4060.09 -2828.99 782.015 4060.23 -2821.02 783.168 4027.75 -2821.02 787.321 4027.68 -2825 786.744 3996.59 -2825 790.719 3996.59 -2863.4 785.071 4000.64 -2863.32 784.564 4000.64 -2902.53 778.796 3992.53 -2902.68 779.811 3992.53 -2941.89 774.044 4000.64 -2941.74 773.029 4000.64 -2980.95 767.262 3996.59 -2981.03 767.769 3996.59 -3019.49 762.112 4027.71 -3019.49 758.134 4027.78 -3015.51 758.711 4060.26 -3015.51 754.558 4060.11 -3023.48 753.404 4092.6 -3023.48 749.252 4092.75 -3015.51 750.405 4125.23 -3015.51 746.253 4125.15 -3019.49 745.676 4156.32 -3019.49 741.691 4156.32 -2980.97 747.357 4160.37 -2980.9 746.85 4160.37 -2941.71 752.614 4152.28 -2941.86 753.626 4152.28 -2902.68 759.39 4160.37 -2902.53 758.377 4160.37 -2863.35 764.141 4156.32 -2863.42 764.647 4156.32 -2825 770.298
element 65
  poly 0: 3996.59 -2826.6 812.898 3962.71 -2826.6 808.566 3962.63 -2822.61 809.143 3930.14 -2822.61 804.989 3930.29 -2830.59 803.836 3897.8 -2830.59 799.682 3897.65 -2822.61 800.836 3865.17 -2822.61 796.683 3865.24 -2826.6 796.106 3831.49 -2826.6 791.791 3831.49 -2866.55 785.915 3835.54 -2866.62 786.422 3835.54 -2905.81 780.658 3827.45 -2905.66 779.646 3827.45 -2944.84 773.882 3835.54 -2944.99 774.895 3835.54 -2984.18 769.131 3831.49 -2984.1 768.625 3831.49 -3024.22 762.725 3865.35 -3024.22 767.053 3865.28 -3020.23 767.63 3897.75 -3020.23 771.781 3897.89 -3028.2 770.627 3930.36 -3028.2 774.778 3930.21 -3020.23 775.932 3962.68 -3020.23 780.082 3962.76 -3024.22 779.506 3996.59 -3024.22 783.831 3996.59 -2984.26 789.708 4000.64 -2984.33 790.216 4000.64 -2945.12 795.983 3992.53 -2944.97 794.968 3992.53 -2905.76 800.736 4000.64 -2905.91 801.751 4000.64 -2866.7 807.518 3996.59 -2866.63 807.01 3996.59 -2826.6 812.898
  poly 1: 3996.59 -2825 790.719 3965.5 -2825 786.743 3965.42 -2821.02 787.32 3932.93 -2821.02 783.167 3933.08 -2828.99 782.013 3900.59 -2828.99 777.86 3900.44 -2821.02 779.014 3867.96 -2821.02 774.86 3868.03 -2825 774.283 3836.85 -2825 770.298 3836.85 -2863.42 764.647 3840.9 -2863.5 765.153 3840.9 -2902.68 759.39 3832.81 -2902.53 758.377 3832.81 -2941.71 752.614 3840.9 -2941.86 753.626 3840.9 -2981.05 747.863 3836.85 -2980.97 747.357 3836.85 -3019.49 741.691 3868.08 -3019.49 745.684 3868.01 -3015.51 746.261 3900.48 -3015.51 750.411 3900.63 -3023.48 749.258 3933.09 -3023.48 753.408 3932.95 -3015.51 754.562 3965.41 -3015.51 758.713 3965.49 -3019.49 758.136 3996.59 -3019.49 762.112 3996.59 -2981.03 767.769 4000.64 -2981.1 768.277 4000.64 -2941.89 774.044 3992.53 -2941.74 773.029 3992.53 -2902.53 778.796 4000.64 -2902.68 779.811 4000.64 -2863.47 785.579 3996.59 -2863.4 785.071 3996.59 -2825 790.719
element 66
  poly 0: 3831.49 -2826.51 791.805 3799.67 -2826.51 779.593 3799.48 -2822.52 780.105 3768.94 -2822.52 768.387 3769.33 -2830.49 767.364 3738.8 -2830.49 755.647 3738.41 -2822.52 756.669 3707.87 -2822.52 744.952 3708.07 -2826.51 744.44 3676.53 -2826.51 732.338 3676.53 -2866.35 726.478 3680.33 -2866.55 727.902 3680.33 -2905.71 722.144 3672.74 -2905.29 719.295 3672.74 -2944.44 713.536 3680.33 -2944.86 716.385 3680.33 -2984.01 710.626 3676.53 -2983.8 709.202 3676.53 -3023.95 703.296 3708.25 -3023.95 715.467 3708.05 -3019.96 715.978 3738.57 -3019.96 727.688 3738.96 -3027.94 726.666 3769.47 -3027.94 738.376 3769.08 -3019.96 739.398 3799.59 -3019.96 751.109 3799.79 -3023.95 750.597 3831.49 -3023.95 762.764 3831.49 -2984.1 768.625 3835.31 -2984.31 770.057 3835.31 -2945.13 775.821 3827.68 -2944.71 772.957 3827.68 -2905.52 778.72 3835.31 -2905.94 781.584 3835.31 -2866.76 787.347 3831.49 -2866.55 785.915 3831.49 -2826.51 791.805
  poly 1: 3836.85 -2825 770.298 3807.55 -2825 759.054 3807.36 -2821.01 759.565 3776.82 -2821.01 747.848 3777.22 -2828.99 746.825 3746.68 -2828.99 735.107 3746.29 -2821.01 736.13 3715.76 -2821.01 724.412 3715.95 -2825 723.901 3686.42 -2825 712.569 3686.42 -2863.47 706.911 3690.22 -2863.68 708.336 3690.22 -2902.83 702.577 3682.63 -2902.41 699.728 3682.63 -2941.56 693.97 3690.22 -2941.98 696.818 3690.22 -2981.13 691.06 3686.42 -2980.92 689.635 3686.42 -3019.49 683.962 3715.98 -3019.49 695.306 3715.79 -3015.5 695.818 3746.3 -3015.5 707.528 3746.69 -3023.48 706.505 3777.21 -3023.48 718.216 3776.82 -3015.5 719.238 3807.33 -3015.5 730.948 3807.53 -3019.49 730.437 3836.85 -3019.49 741.691 3836.85 -2980.97 747.357 3840.67 -2981.18 748.789 3840.67 -2942 754.552 3833.04 -2941.58 751.688 3833.04 -2902.39 757.451 3840.67 -2902.82 760.315 3840.67 -2863.63 766.079 3836.85 -2863.42 764.647 3836.85 -2825 770.298
element 67
  poly 0: 3676.53 -2826.36 732.359 3648.02 -2826.36 714.104 3647.75 -2822.37 714.52 3620.26 -2822.37 696.922 3620.79 -2830.35 696.09 3593.3 -2830.35 678.492 3592.77 -2822.37 679.324 3565.28 -2822.37 661.727 3565.55 -2826.36 661.31 3537.35 -2826.36 643.261 3537.35 -2866.09 637.418 3540.76 -2866.4 639.554 3540.76 -2905.52 633.8 3533.94 -2904.89 629.527 3533.94 -2944.01 623.773 3540.76 -2944.64 628.046 3540.76 -2983.76 622.292 3537.35 -2983.45 620.156 3537.35 -3023.53 614.26 3565.75 -3023.53 632.44 3565.49 -3019.54 632.856 3592.96 -3019.54 650.442 3593.49 -3027.52 649.61 3620.96 -3027.52 667.196 3620.43 -3019.54 668.029 3647.9 -3019.54 685.615 3648.17 -3023.53 685.198 3676.53 -3023.53 703.358 3676.53 -2983.8 709.202 3679.96 -2984.11 711.349 3679.96 -2944.96 717.108 3673.11 -2944.33 712.813 3673.11 -2905.18 718.572 3679.96 -2905.81 722.866 3679.96 -2866.66 728.625 3676.53 -2866.35 726.478 3676.53 -2826.36 732.359
  poly 1: 3686.42 -2825 712.569 3659.88 -2825 695.575 3659.61 -2821.01 695.991 3632.12 -2821.01 678.394 3632.65 -2828.99 677.561 3605.17 -2828.99 659.963 3604.63 -2821.01 660.796 3577.14 -2821.01 643.198 3577.41 -2825 642.782 3550.63 -2825 625.636 3550.63 -2863.52 619.971 3554.04 -2863.83 622.107 3554.04 -2902.95 616.353 3547.22 -2902.33 612.08 3547.22 -2941.45 606.326 3554.04 -2942.07 610.599 3554.04 -2981.19 604.845 3550.63 -2980.88 602.709 3550.63 -3019.49 597.029 3577.43 -3019.49 614.192 3577.17 -3015.5 614.608 3604.64 -3015.5 632.194 3605.17 -3023.48 631.361 3632.64 -3023.48 648.947 3632.11 -3015.5 649.78 3659.58 -3015.5 667.366 3659.85 -3019.49 666.95 3686.42 -3019.49 683.962 3686.42 -2980.92 689.635 3689.85 -2981.24 691.783 3689.85 -2942.09 697.541 3683 -2941.45 693.247 3683 -2902.3 699.005 3689.85 -2902.93 703.3 3689.85 -2863.78 709.058 3686.42 -2863.47 706.911 3686.42 -2825 712.569
element 68
  poly 0: 3537.35 -2826.2 643.284 3512.35 -2826.2 620.86 3512.06 -2822.21 621.185 3487.82 -2822.21 599.437 3488.4 -2830.2 598.786 3464.15 -2830.2 577.037 3463.57 -2822.21 577.688 3439.32 -2822.21 555.94 3439.62 -2826.2 555.614 3414.9 -2826.2 533.441 3414.9 -2865.83 527.613 3417.9 -2866.22 530.254 3417.9 -2905.31 524.504 3411.89 -2904.53 519.221 3411.89 -2943.63 513.471 3417.9 -2944.4 518.753 3417.9 -2983.5 513.003 3414.9 -2983.11 510.362 3414.9 -3023.08 504.483 3439.81 -3023.08 526.832 3439.52 -3019.08 527.157 3463.75 -3019.08 548.891 3464.33 -3027.07 548.241 3488.56 -3027.07 569.975 3487.98 -3019.08 570.626 3512.21 -3019.08 592.36 3512.5 -3023.08 592.035 3537.35 -3023.08 614.326 3537.35 -2983.45 620.156 3540.37 -2983.84 622.806 3540.37 -2944.72 628.56 3534.33 -2943.94 623.259 3534.33 -2904.82 629.013 3540.37 -2905.6 634.314 3540.37 -2866.48 640.068 3537.35 -2866.09 637.418 3537.35 -2826.2 643.284
  poly 1: 3550.63 -2825 625.636 3527.04 -2825 604.483 3526.75 -2821.01 604.808 3502.51 -2821.01 583.06 3503.09 -2829 582.409 3478.84 -2829 560.66 3478.26 -2821.01 561.311 3454.01 -2821.01 539.563 3454.31 -2825 539.237 3430.53 -2825 517.914 3430.53 -2863.57 512.242 3433.54 -2863.96 514.883 3433.54 -2903.05 509.133 3427.53 -2902.27 503.851 3427.53 -2941.37 498.101 3433.54 -2942.14 503.383 3433.54 -2981.24 497.632 3430.53 -2980.85 494.991 3430.53 -3019.49 489.308 3454.33 -3019.49 510.649 3454.03 -3015.5 510.975 3478.26 -3015.5 532.709 3478.85 -3023.48 532.058 3503.08 -3023.48 553.793 3502.49 -3015.5 554.443 3526.72 -3015.5 576.178 3527.02 -3019.49 575.852 3550.63 -3019.49 597.029 3550.63 -2980.88 602.709 3553.64 -2981.27 605.359 3553.64 -2942.15 611.113 3547.61 -2941.37 605.812 3547.61 -2902.25 611.566 3553.64 -2903.03 616.867 3553.64 -2863.91 622.621 3550.63 -2863.52 619.971 3550.63 -2825 625.636
element 69
  poly 0: 3414.9 -2826.06 533.462 3393.14 -2826.06 508.355 3392.85 -2822.07 508.607 3371.63 -2822.07 484.119 3372.21 -2830.05 483.615 3350.99 -2830.05 459.126 3350.41 -2822.07 459.63 3329.19 -2822.07 435.142 3329.48 -2826.06 434.89 3308.3 -2826.06 410.445 3308.3 -3022.66 381.529 3329.66 -3022.66 406.177 3329.37 -3018.66 406.429 3350.57 -3018.66 430.901 3351.16 -3026.65 430.397 3372.36 -3026.65 454.868 3371.78 -3018.66 455.372 3392.98 -3018.66 479.844 3393.27 -3022.66 479.592 3414.9 -3022.66 504.545 3414.9 -2983.11 510.362 3417.55 -2983.55 513.355 3417.55 -2944.46 519.106 3412.25 -2943.58 513.119 3412.25 -2904.48 518.869 3417.55 -2905.36 524.856 3417.55 -2866.27 530.606 3414.9 -2865.83 527.613 3414.9 -2826.06 533.462
  poly 1: 3430.53 -2825 517.914 3409.77 -2825 493.949 3409.48 -2821.01 494.201 3388.26 -2821.01 469.712 3388.84 -2829 469.208 3367.62 -2829 444.719 3367.04 -2821.01 445.223 3345.82 -2821.01 420.735 3346.11 -2825 420.483 3324.85 -2825 395.95 3324.85 -3019.49 367.343 3346.13 -3019.49 391.904 3345.84 -3015.5 392.155 3367.05 -3015.5 416.627 3367.63 -3023.48 416.123 3388.83 -3023.48 440.595 3388.25 -3015.5 441.099 3409.46 -3015.5 465.57 3409.75 -3019.49 465.318 3430.53 -3019.49 489.308 3430.53 -2980.85 494.991 3433.18 -2981.29 497.985 3433.18 -2942.2 503.735 3427.88 -2941.31 497.748 3427.88 -2902.22 503.499 3433.18 -2903.1 509.485 3433.18 -2864.01 515.235 3430.53 -2863.57 512.242 3430.53 -2825 517.914
element 70
  poly 0: 4668.32 -3019.49 367.343 4647.04 -3019.49 391.904 4647.62 -3015.55 392.406 4626.42 -3015.55 416.878 4625.26 -3023.43 415.872 4604.05 -3023.43 440.344 4605.21 -3015.55 441.349 4584.01 -3015.55 465.821 4583.43 -3019.49 465.318 4562.64 -3019.49 489.308 4562.64 -3056.89 478.182 4565.34 -3056.03 475.322 4565.34 -3093.89 464.06 4559.95 -3095.59 469.779 4559.95 -3133.44 458.517 4565.34 -3131.74 452.798 4565.34 -3169.59 441.536 4562.64 -3170.44 444.395 4562.64 -3207.92 433.245 4583.45 -3207.92 409.236 4584.03 -3203.98 409.739 4605.22 -3203.98 385.283 4604.06 -3211.86 384.278 4625.25 -3211.86 359.822 4626.41 -3203.98 360.827 4647.6 -3203.98 336.371 4647.02 -3207.92 335.869 4668.32 -3207.92 311.281 4668.32 -3019.49 367.343
  poly 1: 4684.64 -3022.66 381.794 4663.52 -3022.66 406.177 4664.1 -3018.72 406.68 4642.89 -3018.72 431.151 4641.73 -3026.6 430.146 4620.53 -3026.6 454.618 4621.69 -3018.72 455.623 4600.48 -3018.72 480.094 4599.9 -3022.66 479.592 4578.04 -3022.66 504.83 4578.04 -3061.39 493.306 4580.73 -3060.54 490.447 4580.73 -3098.39 479.185 4575.34 -3100.09 484.904 4575.34 -3137.94 473.642 4580.73 -3136.24 467.923 4580.73 -3174.09 456.661 4578.04 -3174.94 459.52 4578.04 -3213.17 448.147 4599.61 -3213.17 423.244 4600.19 -3209.23 423.746 4621.38 -3209.23 399.291 4620.22 -3217.11 398.285 4641.41 -3217.11 373.83 4642.57 -3209.23 374.835 4663.77 -3209.23 350.379 4663.19 -3213.17 349.876 4684.64 -3213.17 325.111 4684.64 -3022.66 381.794
element 71
  poly 0: 4562.64 -3019.49 489.308 4538.85 -3019.49 510.649 4539.43 -3015.57 511.296 4515.2 -3015.57 533.03 4514.04 -3023.41 531.737 4489.81 -3023.41 553.471 4490.97 -3015.57 554.764 4466.74 -3015.57 576.499 4466.16 -3019.49 575.852 4442.55 -3019.49 597.029 4442.55 -3056.84 585.916 4445.61 -3056.09 583.395 4445.61 -3093.96 572.127 4439.49 -3095.47 577.169 4439.49 -3133.34 565.901 4445.61 -3131.84 560.858 4445.61 -3169.71 549.59 4442.55 -3170.46 552.111 4442.55 -3207.92 540.967 4466.19 -3207.92 519.767 4466.77 -3204 520.413 4490.98 -3204 498.692 4489.82 -3211.84 497.399 4514.04 -3211.84 475.677 4515.2 -3204 476.97 4539.41 -3204 455.248 4538.83 -3207.92 454.601 4562.64 -3207.92 433.245 4562.64 -3170.44 444.395 4565.69 -3169.69 441.882 4565.69 -3131.84 453.144 4559.59 -3133.34 458.17 4559.59 -3095.49 469.433 4565.69 -3093.99 464.407 4565.69 -3056.14 475.669 4562.64 -3056.89 478.182 4562.64 -3019.49 489.308
  poly 1: 4578.04 -3023.08 504.704 4553.37 -3023.08 526.832 4553.95 -3019.16 527.478 4529.72 -3019.16 549.213 4528.56 -3027 547.92 4504.33 -3027 569.654 4505.49 -3019.16 570.947 4481.26 -3019.16 592.681 4480.68 -3023.08 592.035 4455.56 -3023.08 614.565 4455.56 -3061.93 603.006 4458.62 -3061.18 600.485 4458.62 -3099.05 589.217 4452.5 -3100.55 594.259 4452.5 -3138.42 582.991 4458.62 -3136.92 577.948 4458.62 -3174.8 566.68 4455.56 -3175.55 569.201 4455.56 -3213.84 557.809 4480.36 -3213.84 535.565 4480.94 -3209.91 536.212 4505.15 -3209.91 514.49 4503.99 -3217.76 513.197 4528.21 -3217.76 491.475 4529.37 -3209.91 492.768 4553.59 -3209.91 471.046 4553.01 -3213.84 470.4 4578.04 -3213.84 447.948 4578.04 -3174.94 459.52 4581.08 -3174.19 457.007 4581.08 -3136.34 468.269 4574.99 -3137.84 473.295 4574.99 -3099.99 484.557 4581.08 -3098.49 479.531 4581.08 -3060.64 490.793 4578.04 -3061.39 493.306 4578.04 -3023.08 504.704
element 72
  poly 0: 4455.56 -3023.53 614.43 4427.42 -3023.53 632.44 4427.95 -3019.63 633.263 4400.48 -3019.63 650.849 4399.43 -3027.43 649.203 4371.96 -3027.43 666.789 4373.01 -3019.63 668.435 4345.54 -3019.63 686.021 4345.01 -3023.53 685.198 4316.4 -3023.53 703.515 4316.4 -3062.46 691.933 4319.85 -3061.85 689.901 4319.85 -3099.76 678.624 4312.94 -3100.97 682.688 4312.94 -3138.87 671.411 4319.85 -3137.66 667.347 4319.85 -3175.56 656.07 4316.4 -3176.17 658.102 4316.4 -3214.54 646.684 4344.69 -3214.54 628.569 4345.22 -3210.64 629.392 4372.67 -3210.64 611.818 4371.62 -3218.44 610.172 4399.07 -3218.44 592.598 4400.13 -3210.64 594.243 4427.58 -3210.64 576.669 4427.05 -3214.54 575.846 4455.56 -3214.54 557.598 4455.56 -3175.55 569.201 4459 -3174.94 567.179 4459 -3137.07 578.447 4452.12 -3138.27 582.492 4452.12 -3100.4 593.761 4459 -3099.2 589.715 4459 -3061.32 600.984 4455.56 -3061.93 603.006 4455.56 -3023.53 614.43
  poly 1: 4442.55 -3019.49 597.029 4415.74 -3019.49 614.192 4416.27 -3015.59 615.015 4388.8 -3015.59 632.601 4387.74 -3023.39 630.955 4360.27 -3023.39 648.541 4361.33 -3015.59 650.187 4333.86 -3015.59 667.773 4333.33 -3019.49 666.95 4306.75 -3019.49 683.962 4306.75 -3056.79 672.866 4310.21 -3056.18 670.833 4310.21 -3094.08 659.557 4303.3 -3095.29 663.621 4303.3 -3133.19 652.344 4310.21 -3131.99 648.28 4310.21 -3169.89 637.003 4306.75 -3170.49 639.035 4306.75 -3207.92 627.899 4333.36 -3207.92 610.866 4333.89 -3204.02 611.689 4361.34 -3204.02 594.114 4360.29 -3211.82 592.469 4387.74 -3211.82 574.894 4388.79 -3204.02 576.54 4416.25 -3204.02 558.966 4415.72 -3207.92 558.143 4442.55 -3207.92 540.967 4442.55 -3170.46 552.111 4445.99 -3169.86 550.089 4445.99 -3131.99 561.357 4439.11 -3133.19 565.402 4439.11 -3095.32 576.671 4445.99 -3094.11 572.625 4445.99 -3056.24 583.894 4442.55 -3056.84 585.916 4442.55 -3019.49 597.029
element 73
  poly 0: 4316.4 -3023.95 703.391 4284.93 -3023.95 715.467 4285.32 -3020.07 716.473 4254.8 -3020.07 728.183 4254.03 -3027.83 726.171 4223.51 -3027.83 737.881 4224.29 -3020.07 739.893 4193.77 -3020.07 751.603 4193.39 -3023.95 750.597 4161.53 -3023.95 762.823 4161.53 -3062.86 751.246 4165.35 -3062.46 749.898 4165.35 -3100.4 738.61 4157.7 -3101.2 741.306 4157.7 -3139.14 730.018 4165.35 -3138.34 727.322 4165.35 -3176.28 716.034 4161.53 -3176.68 717.382 4161.53 -3215.18 705.926 4193.15 -3215.18 693.792 4193.53 -3211.31 694.797 4224.02 -3211.31 683.096 4223.25 -3219.06 681.086 4253.74 -3219.06 669.385 4254.51 -3211.31 671.395 4285 -3211.31 659.694 4284.62 -3215.18 658.689 4316.4 -3215.18 646.493 4316.4 -3176.17 658.102 4320.2 -3175.77 656.761 4320.2 -3137.86 668.038 4312.59 -3138.66 670.721 4312.59 -3100.76 681.998 4320.2 -3099.96 679.315 4320.2 -3062.06 690.592 4316.4 -3062.46 691.933 4316.4 -3023.95 703.391
  poly 1: 4306.75 -3019.49 683.962 4277.19 -3019.49 695.306 4277.58 -3015.61 696.312 4247.06 -3015.61 708.022 4246.29 -3023.37 706.011 4215.78 -3023.37 717.721 4216.55 -3015.61 719.733 4186.04 -3015.61 731.443 4185.65 -3019.49 730.437 4156.32 -3019.49 741.691 4156.32 -3056.72 730.613 4160.15 -3056.32 729.265 4160.15 -3094.26 717.977 4152.5 -3095.06 720.673 4152.5 -3133 709.385 4160.15 -3132.2 706.689 4160.15 -3170.14 695.401 4156.32 -3170.54 696.749 4156.32 -3207.92 685.628 4185.69 -3207.92 674.36 4186.07 -3204.04 675.365 4216.56 -3204.04 663.664 4215.79 -3211.79 661.653 4246.28 -3211.79 649.952 4247.06 -3204.04 651.963 4277.55 -3204.04 640.261 4277.16 -3207.92 639.256 4306.75 -3207.92 627.899 4306.75 -3170.49 639.035 4310.56 -3170.09 637.693 4310.56 -3132.19 648.97 4302.95 -3132.99 651.653 4302.95 -3095.09 662.93 4310.56 -3094.29 660.247 4310.56 -3056.39 671.524 4306.75 -3056.79 672.866 4306.75 -3019.49 683.962
element 74
  poly 0: 4161.53 -3024.22 762.745 4127.89 -3024.22 767.045 4128.03 -3020.35 768.176 4095.55 -3020.35 772.329 4095.26 -3028.08 770.067 4062.78 -3028.08 774.22 4063.06 -3020.35 776.482 4030.58 -3020.35 780.634 4030.44 -3024.22 779.504 3996.59 -3024.22 783.831 3996.59 -3062.99 772.294 4000.64 -3062.85 771.818 4000.64 -3100.83 760.518 3992.54 -3101.11 761.469 3992.54 -3139.09 750.169 4000.64 -3138.81 749.218 4000.64 -3176.79 737.918 3996.59 -3176.93 738.393 3996.59 -3215.58 726.893 4030.34 -3215.58 722.578 4030.49 -3211.72 723.708 4062.93 -3211.72 719.561 4062.64 -3219.44 717.3 4095.08 -3219.44 713.153 4095.37 -3211.72 715.413 4127.82 -3211.72 711.266 4127.67 -3215.58 710.135 4161.53 -3215.58 705.807 4161.53 -3176.68 717.382 4165.57 -3176.54 716.907 4165.57 -3138.6 728.195 4157.48 -3138.88 729.145 4157.48 -3100.94 740.433 4165.57 -3100.66 739.483 4165.57 -3062.72 750.771 4161.53 -3062.86 751.246 4161.53 -3024.22 762.745
  poly 1: 4156.32 -3019.49 741.691 4125.15 -3019.49 745.676 4125.3 -3015.63 746.807 4092.82 -3015.63 750.959 4092.53 -3023.35 748.698 4060.04 -3023.35 752.85 4060.33 -3015.63 755.112 4027.85 -3015.63 759.265 4027.71 -3019.49 758.134 3996.59 -3019.49 762.112 3996.59 -3056.67 751.049 4000.64 -3056.53 750.573 4000.64 -3094.51 739.273 3992.54 -3094.79 740.225 3992.54 -3132.77 728.925 4000.64 -3132.49 727.973 4000.64 -3170.47 716.673 3996.59 -3170.61 717.149 3996.59 -3207.92 706.049 4027.72 -3207.92 702.069 4027.87 -3204.06 703.2 4060.31 -3204.06 699.052 4060.02 -3211.78 696.791 4092.46 -3211.78 692.644 4092.75 -3204.06 694.904 4125.19 -3204.06 690.757 4125.05 -3207.92 689.626 4156.32 -3207.92 685.628 4156.32 -3170.54 696.749 4160.37 -3170.4 696.274 4160.37 -3132.46 707.562 4152.28 -3132.74 708.512 4152.28 -3094.8 719.8 4160.37 -3094.52 718.85 4160.37 -3056.58 730.138 4156.32 -3056.72 730.613 4156.32 -3019.49 741.691
element 75
  poly 0: 3996.59 -3024.22 783.831 3962.76 -3024.22 779.506 3962.61 -3020.35 780.636 3930.14 -3020.35 776.486 3930.43 -3028.08 774.224 3897.96 -3028.08 770.073 3897.68 -3020.35 772.335 3865.21 -3020.35 768.184 3865.35 -3024.22 767.053 3831.65 -3024.22 762.745 3831.65 -3062.86 751.246 3835.69 -3063 751.721 3835.69 -3100.94 740.433 3827.61 -3100.66 739.483 3827.61 -3138.6 728.195 3835.69 -3138.88 729.145 3835.69 -3176.82 717.857 3831.65 -3176.68 717.382 3831.65 -3215.58 705.807 3865.51 -3215.58 710.135 3865.36 -3211.72 711.266 3897.8 -3211.72 715.413 3898.09 -3219.44 713.153 3930.54 -3219.44 717.3 3930.25 -3211.72 719.561 3962.69 -3211.72 723.708 3962.83 -3215.58 722.578 3996.59 -3215.58 726.893 3996.59 -3176.93 738.393 4000.64 -3177.07 738.869 4000.64 -3139.09 750.169 3992.54 -3138.81 749.218 3992.54 -3100.83 760.518 4000.64 -3101.11 761.469 4000.64 -3063.13 772.769 3996.59 -3062.99 772.294 3996.59 -3024.22 783.831
  poly 1: 3996.59 -3019.49 762.112 3965.49 -3019.49 758.136 3965.34 -3015.63 759.267 3932.87 -3015.63 755.116 3933.16 -3023.35 752.854 3900.7 -3023.35 748.704 3900.41 -3015.63 750.965 3867.94 -3015.63 746.815 3868.08 -3019.49 745.684 3836.85 -3019.49 741.691 3836.85 -3056.72 730.613 3840.9 -3056.86 731.088 3840.9 -3094.8 719.8 3832.81 -3094.52 718.85 3832.81 -3132.46 707.562 3840.9 -3132.74 708.512 3840.9 -3170.68 697.224 3836.85 -3170.54 696.749 3836.85 -3207.92 685.628 3868.13 -3207.92 689.626 3867.98 -3204.06 690.757 3900.43 -3204.06 694.904 3900.71 -3211.78 692.644 3933.16 -3211.78 696.791 3932.87 -3204.06 699.052 3965.31 -3204.06 703.2 3965.46 -3207.92 702.069 3996.59 -3207.92 706.049 3996.59 -3170.61 717.149 4000.64 -3170.75 717.625 4000.64 -3132.77 728.925 3992.54 -3132.49 727.973 3992.54 -3094.51 739.273 4000.64 -3094.79 740.225 4000.64 -3056.81 751.525 3996.59 -3056.67 751.049 3996.59 -3019.49 762.112
element 76
  poly 0: 3831.65 -3023.95 762.823 3799.79 -3023.95 750.597 3799.4 -3020.07 751.603 3768.89 -3020.07 739.893 3769.66 -3027.83 737.881 3739.15 -3027.83 726.171 3738.38 -3020.07 728.183 3707.86 -3020.07 716.473 3708.25 -3023.95 715.467 3676.78 -3023.95 703.391 3676.78 -3062.46 691.933 3680.58 -3062.86 693.275 3680.58 -3100.76 681.998 3672.97 -3099.96 679.315 3672.97 -3137.86 668.038 3680.58 -3138.66 670.721 3680.58 -3176.56 659.444 3676.78 -3176.17 658.102 3676.78 -3215.18 646.493 3708.56 -3215.18 658.689 3708.17 -3211.31 659.694 3738.66 -3211.31 671.395 3739.44 -3219.06 669.385 3769.93 -3219.06 681.086 3769.16 -3211.31 683.096 3799.65 -3211.31 694.797 3800.03 -3215.18 693.792 3831.65 -3215.18 705.926 3831.65 -3176.68 717.382 3835.47 -3177.08 718.729 3835.47 -3139.14 730.018 3827.83 -3138.34 727.322 3827.83 -3100.4 738.61 3835.47 -3101.2 741.306 3835.47 -3063.26 752.594 3831.65 -3062.86 751.246 3831.65 -3023.95 762.823
  poly 1: 3836.85 -3019.49 741.691 3807.53 -3019.49 730.437 3807.14 -3015.61 731.443 3776.63 -3015.61 719.733 3777.4 -3023.37 717.721 3746.88 -3023.37 706.011 3746.11 -3015.61 708.022 3715.6 -3015.61 696.312 3715.98 -3019.49 695.306 3686.42 -3019.49 683.962 3686.42 -3056.79 672.866 3690.23 -3057.19 674.207 3690.23 -3095.09 662.93 3682.62 -3094.29 660.247 3682.62 -3132.19 648.97 3690.23 -3132.99 651.653 3690.23 -3170.89 640.376 3686.42 -3170.49 639.035 3686.42 -3207.92 627.899 3716.02 -3207.92 639.256 3715.63 -3204.04 640.261 3746.12 -3204.04 651.963 3746.89 -3211.79 649.952 3777.38 -3211.79 661.653 3776.61 -3204.04 663.664 3807.1 -3204.04 675.365 3807.49 -3207.92 674.36 3836.85 -3207.92 685.628 3836.85 -3170.54 696.749 3840.68 -3170.94 698.097 3840.68 -3133 709.385 3833.03 -3132.2 706.689 3833.03 -3094.26 717.977 3840.68 -3095.06 720.673 3840.68 -3057.12 731.961 3836.85 -3056.72 730.613 3836.85 -3019.49 741.691
element 77
  poly 0: 3676.78 -3023.53 703.515 3648.17 -3023.53 685.198 3647.64 -3019.63 686.021 3620.17 -3019.63 668.435 3621.22 -3027.43 666.789 3593.75 -3027.43 649.203 3592.7 -3019.63 650.849 3565.23 -3019.63 633.263 3565.75 -3023.53 632.44 3537.62 -3023.53 614.43 3537.62 -3061.93 603.006 3541.06 -3062.53 605.029 3541.06 -3100.4 593.761 3534.18 -3099.2 589.715 3534.18 -3137.07 578.447 3541.06 -3138.27 582.492 3541.06 -3176.15 571.224 3537.62 -3175.55 569.201 3537.62 -3214.54 557.598 3566.12 -3214.54 575.846 3565.6 -3210.64 576.669 3593.05 -3210.64 594.243 3594.1 -3218.44 592.598 3621.56 -3218.44 610.172 3620.5 -3210.64 611.818 3647.96 -3210.64 629.392 3648.48 -3214.54 628.569 3676.78 -3214.54 646.684 3676.78 -3176.17 658.102 3680.23 -3176.77 660.134 3680.23 -3138.87 671.411 3673.32 -3137.66 667.347 3673.32 -3099.76 678.624 3680.23 -3100.97 682.688 3680.23 -3063.06 693.965 3676.78 -3062.46 691.933 3676.78 -3023.53 703.515
  poly 1: 3686.42 -3019.49 683.962 3659.85 -3019.49 666.95 3659.32 -3015.59 667.773 3631.85 -3015.59 650.187 3632.9 -3023.39 648.541 3605.43 -3023.39 630.955 3604.38 -3015.59 632.601 3576.91 -3015.59 615.015 3577.43 -3019.49 614.192 3550.63 -3019.49 597.029 3550.63 -3056.84 585.916 3554.07 -3057.44 587.939 3554.07 -3095.32 576.671 3547.19 -3094.11 572.625 3547.19 -3131.99 561.357 3554.07 -3133.19 565.402 3554.07 -3171.06 554.134 3550.63 -3170.46 552.111 3550.63 -3207.92 540.967 3577.46 -3207.92 558.143 3576.93 -3204.02 558.966 3604.38 -3204.02 576.54 3605.44 -3211.82 574.894 3632.89 -3211.82 592.469 3631.84 -3204.02 594.114 3659.29 -3204.02 611.689 3659.82 -3207.92 610.866 3686.42 -3207.92 627.899 3686.42 -3170.49 639.035 3689.88 -3171.1 641.067 3689.88 -3133.19 652.344 3682.97 -3131.99 648.28 3682.97 -3094.08 659.557 3689.88 -3095.29 663.621 3689.88 -3057.39 674.898 3686.42 -3056.79 672.866 3686.42 -3019.49 683.962
element 78
  poly 0: 3537.62 -3023.08 614.565 3512.5 -3023.08 592.035 3511.92 -3019.16 592.681 3487.69 -3019.16 570.947 3488.85 -3027 569.654 3464.62 -3027 547.92 3463.46 -3019.16 549.213 3439.23 -3019.16 527.478 3439.81 -3023.08 526.832 3415.14 -3023.08 504.704 3415.14 -3061.39 493.306 3418.19 -3062.13 495.819 3418.19 -3099.99 484.557 3412.09 -3098.49 479.531 3412.09 -3136.34 468.269 3418.19 -3137.84 473.295 3418.19 -3175.69 462.033 3415.14 -3174.94 459.52 3415.14 -3213.84 447.948 3440.17 -3213.84 470.4 3439.59 -3209.91 471.046 3463.81 -3209.91 492.768 3464.97 -3217.76 491.475 3489.18 -3217.76 513.197 3488.02 -3209.91 514.49 3512.24 -3209.91 536.212 3512.82 -3213.84 535.565 3537.62 -3213.84 557.809 3537.62 -3175.55 569.201 3540.68 -3176.3 571.723 3540.68 -3138.42 582.991 3534.56 -3136.92 577.948 3534.56 -3099.05 589.217 3540.68 -3100.55 594.259 3540.68 -3062.68 605.528 3537.62 -3061.93 603.006 3537.62 -3023.08 614.565
  poly 1: 3550.63 -3019.49 597.029 3527.02 -3019.49 575.852 3526.44 -3015.57 576.499 3502.21 -3015.57 554.764 3503.37 -3023.41 553.471 3479.14 -3023.41 531.737 3477.98 -3015.57 533.03 3453.75 -3015.57 511.296 3454.33 -3019.49 510.649 3430.53 -3019.49 489.308 3430.53 -3056.89 478.182 3433.58 -3057.63 480.695 3433.58 -3095.49 469.433 3427.48 -3093.99 464.407 3427.48 -3131.84 453.144 3433.58 -3133.34 458.17 3433.58 -3171.19 446.908 3430.53 -3170.44 444.395 3430.53 -3207.92 433.245 3454.34 -3207.92 454.601 3453.76 -3204 455.248 3477.98 -3204 476.97 3479.14 -3211.84 475.677 3503.35 -3211.84 497.399 3502.2 -3204 498.692 3526.41 -3204 520.413 3526.99 -3207.92 519.767 3550.63 -3207.92 540.967 3550.63 -3170.46 552.111 3553.69 -3171.21 554.633 3553.69 -3133.34 565.901 3547.57 -3131.84 560.858 3547.57 -3093.96 572.127 3553.69 -3095.47 577.169 3553.69 -3057.59 588.438 3550.63 -3056.84 585.916 3550.63 -3019.49 597.029
element 79
  poly 0: 3415.14 -3022.66 504.83 3393.27 -3022.66 479.592 3392.69 -3018.72 480.094 3371.49 -3018.72 455.623 3372.65 -3026.6 454.618 3351.44 -3026.6 430.146 3350.28 -3018.72 431.151 3329.08 -3018.72 406.68 3329.66 -3022.66 406.177 3308.53 -3022.66 381.794 3308.53 -3213.17 325.111 3329.99 -3213.17 349.876 3329.41 -3209.23 350.379 3350.6 -3209.23 374.835 3351.76 -3217.11 373.83 3372.95 -3217.11 398.285 3371.79 -3209.23 399.291 3392.98 -3209.23 423.746 3393.56 -3213.17 423.244 3415.14 -3213.17 448.147 3415.14 -3174.94 459.52 3417.84 -3175.79 462.38 3417.84 -3137.94 473.642 3412.44 -3136.24 467.923 3412.44 -3098.39 479.185 3417.84 -3100.09 484.904 3417.84 -3062.24 496.166 3415.14 -3061.39 493.306 3415.14 -3022.66 504.83
  poly 1: 3430.53 -3019.49 489.308 3409.75 -3019.49 465.318 3409.17 -3015.55 465.821 3387.96 -3015.55 441.349 3389.12 -3023.43 440.344 3367.92 -3023.43 415.872 3366.76 -3015.55 416.878 3345.55 -3015.55 392.406 3346.13 -3019.49 391.904 3324.85 -3019.49 367.343 3324.85 -3207.92 311.281 3346.16 -3207.92 335.869 3345.58 -3203.98 336.371 3366.77 -3203.98 360.827 3367.93 -3211.86 359.822 3389.12 -3211.86 384.278 3387.96 -3203.98 385.283 3409.15 -3203.98 409.739 3409.73 -3207.92 409.236 3430.53 -3207.92 433.245 3430.53 -3170.44 444.395 3433.23 -3171.29 447.255 3433.23 -3133.44 458.517 3427.84 -3131.74 452.798 3427.84 -3093.89 464.06 3433.23 -3095.59 469.779 3433.23 -3057.74 481.041 3430.53 -3056.89 478.182 3430.53 -3019.49 489.308
element 80
  poly 0: 4668.32 -3207.92 311.281 4647.02 -3207.92 335.869 4647.88 -3204.07 336.617 4626.69 -3204.07 361.073 4624.96 -3211.76 359.576 4603.77 -3211.76 384.031 4605.5 -3204.07 385.529 4584.31 -3204.07 409.985 4583.45 -3207.92 409.236 4562.64 -3207.92 433.245 4562.64 -3243.48 417.103 4565.42 -3242.27 414.45 4565.42 -3278.21 398.135 4559.87 -3280.62 403.441 4559.87 -3316.56 387.125 4565.42 -3314.15 381.82 4565.42 -3350.1 365.504 4562.64 -3351.3 368.157 4562.64 -3386.94 351.977 4583.46 -3386.94 327.953 4584.32 -3383.1 328.702 4605.5 -3383.1 304.26 4603.77 -3390.79 302.762 4624.95 -3390.79 278.32 4626.68 -3383.1 279.818 4647.86 -3383.1 255.375 4647 -3386.94 254.627 4668.32 -3386.94 230.013 4668.32 -3207.92 311.281
  poly 1: 4684.26 -3213.17 325.553 4663.19 -3213.17 349.876 4664.05 -3209.32 350.625 4642.86 -3209.32 375.081 4641.13 -3217.01 373.583 4619.94 -3217.01 398.039 4621.67 -3209.32 399.537 4600.48 -3209.32 423.993 4599.61 -3213.17 423.244 4577.63 -3213.17 448.615 4577.63 -3250.16 431.823 4580.4 -3248.95 429.17 4580.4 -3284.9 412.855 4574.86 -3287.3 418.161 4574.86 -3323.25 401.845 4580.4 -3320.84 396.54 4580.4 -3356.78 380.224 4577.63 -3357.98 382.877 4577.63 -3394.22 366.427 4599.17 -3394.22 341.566 4600.03 -3390.37 342.315 4621.21 -3390.37 317.873 4619.49 -3398.07 316.376 4640.66 -3398.07 291.933 4642.39 -3390.37 293.431 4663.57 -3390.37 268.989 4662.71 -3394.22 268.24 4684.26 -3394.22 243.365 4684.26 -3213.17 325.553
element 81
  poly 0: 4562.64 -3207.92 433.245 4538.83 -3207.92 454.601 4539.69 -3204.11 455.558 4515.48 -3204.11 477.28 4513.76 -3211.72 475.366 4489.54 -3211.72 497.088 4491.26 -3204.11 499.002 4467.04 -3204.11 520.724 4466.19 -3207.92 519.767 4442.55 -3207.92 540.967 4442.55 -3243.44 524.842 4445.68 -3242.38 522.518 4445.68 -3278.34 506.196 4439.43 -3280.45 510.843 4439.43 -3316.41 494.521 4445.68 -3314.3 489.873 4445.68 -3350.25 473.551 4442.55 -3351.31 475.875 4442.55 -3386.94 459.699 4466.21 -3386.94 438.478 4467.07 -3383.14 439.435 4491.27 -3383.14 417.724 4489.55 -3390.75 415.81 4513.76 -3390.75 394.099 4515.48 -3383.14 396.012 4539.68 -3383.14 374.301 4538.82 -3386.94 373.344 4562.64 -3386.94 351.977 4562.64 -3351.3 368.157 4565.76 -3350.25 365.841 4565.76 -3314.31 382.156 4559.53 -3316.41 386.789 4559.53 -3280.47 403.104 4565.76 -3278.37 398.471 4565.76 -3242.43 414.787 4562.64 -3243.48 417.103 4562.64 -3207.92 433.245
  poly 1: 4577.63 -3213.84 448.312 4553.01 -3213.84 470.4 4553.86 -3210.03 471.357 4529.65 -3210.03 493.078 4527.93 -3217.64 491.164 4503.71 -3217.64 512.886 4505.43 -3210.03 514.8 4481.21 -3210.03 536.522 4480.36 -3213.84 535.565 4455.13 -3213.84 558.196 4455.13 -3250.94 541.355 4458.25 -3249.88 539.031 4458.25 -3285.84 522.708 4452 -3287.95 527.356 4452 -3323.9 511.033 4458.25 -3321.79 506.386 4458.25 -3357.75 490.064 4455.13 -3358.81 492.387 4455.13 -3395.08 475.919 4479.88 -3395.08 453.717 4480.74 -3391.28 454.674 4504.94 -3391.28 432.963 4503.22 -3398.89 431.049 4527.43 -3398.89 409.338 4529.15 -3391.28 411.251 4553.35 -3391.28 389.54 4552.49 -3395.08 388.583 4577.63 -3395.08 366.035 4577.63 -3357.98 382.877 4580.74 -3356.93 380.561 4580.74 -3320.99 396.876 4574.51 -3323.09 401.509 4574.51 -3287.15 417.824 4580.74 -3285.05 413.191 4580.74 -3249.11 429.507 4577.63 -3250.16 431.823 4577.63 -3213.84 448.312
element 82
  poly 0: 4455.13 -3214.54 557.874 4427.05 -3214.54 575.846 4427.83 -3210.79 577.055 4400.37 -3210.79 594.63 4398.83 -3218.3 592.212 4371.37 -3218.3 609.786 4372.92 -3210.79 612.204 4345.47 -3210.79 629.778 4344.69 -3214.54 628.569 4316.01 -3214.54 646.934 4316.01 -3251.68 630.075 4319.51 -3250.84 628.218 4319.51 -3286.82 611.884 4312.51 -3288.51 615.599 4312.51 -3324.49 599.265 4319.51 -3322.8 595.55 4319.51 -3358.78 579.216 4316.01 -3359.63 581.074 4316.01 -3395.98 564.572 4344.23 -3395.98 546.503 4345.01 -3392.23 547.711 4372.44 -3392.23 530.148 4370.89 -3399.73 527.731 4398.33 -3399.73 510.169 4399.88 -3392.23 512.586 4427.31 -3392.23 495.023 4426.54 -3395.98 493.815 4455.13 -3395.98 475.512 4455.13 -3358.81 492.387 4458.61 -3357.97 490.537 4458.61 -3322.01 506.86 4451.64 -3323.69 510.56 4451.64 -3287.73 526.882 4458.61 -3286.05 523.182 4458.61 -3250.1 539.505 4455.13 -3250.94 541.355 4455.13 -3214.54 557.874
  poly 1: 4442.55 -3207.92 540.967 4415.72 -3207.92 558.143 4416.49 -3204.16 559.352 4389.04 -3204.16 576.926 4387.49 -3211.67 574.508 4360.04 -3211.67 592.083 4361.59 -3204.16 594.501 4334.14 -3204.16 612.075 4333.36 -3207.92 610.866 4306.75 -3207.92 627.899 4306.75 -3243.39 611.799 4310.25 -3242.54 609.942 4310.25 -3278.52 593.608 4303.25 -3280.21 597.323 4303.25 -3316.19 580.989 4310.25 -3314.51 577.274 4310.25 -3350.49 560.94 4306.75 -3351.33 562.797 4306.75 -3386.94 546.631 4333.4 -3386.94 529.575 4334.17 -3383.19 530.784 4361.6 -3383.19 513.221 4360.06 -3390.7 510.804 4387.49 -3390.7 493.242 4389.04 -3383.19 495.659 4416.47 -3383.19 478.096 4415.7 -3386.94 476.887 4442.55 -3386.94 459.699 4442.55 -3351.31 475.875 4446.04 -3350.47 474.025 4446.04 -3314.51 490.347 4439.07 -3316.19 494.047 4439.07 -3280.24 510.369 4446.04 -3278.56 506.67 4446.04 -3242.6 522.992 4442.55 -3243.44 524.842 4442.55 -3207.92 540.967
element 83
  poly 0: 4316.01 -3215.18 646.643 4284.62 -3215.18 658.689 4285.18 -3211.48 660.154 4254.69 -3211.48 671.856 4253.56 -3218.89 668.924 4223.07 -3218.89 680.625 4224.2 -3211.48 683.557 4193.71 -3211.48 695.258 4193.15 -3215.18 693.792 4161.28 -3215.18 706.019 4161.28 -3252.23 689.203 4165.12 -3251.68 687.981 4165.12 -3287.7 671.629 4157.44 -3288.81 674.073 4157.44 -3324.83 657.721 4165.12 -3323.72 655.278 4165.12 -3359.74 638.926 4161.28 -3360.29 640.148 4161.28 -3396.77 623.59 4192.8 -3396.77 611.494 4193.37 -3393.07 612.959 4223.83 -3393.07 601.267 4222.71 -3400.47 598.338 4253.17 -3400.47 586.647 4254.29 -3393.07 589.576 4284.76 -3393.07 577.885 4284.2 -3396.77 576.421 4316.01 -3396.77 564.213 4316.01 -3359.63 581.074 4319.83 -3359.08 579.857 4319.83 -3323.09 596.191 4312.18 -3324.2 598.624 4312.18 -3288.22 614.958 4319.83 -3287.11 612.525 4319.83 -3251.13 628.859 4316.01 -3251.68 630.075 4316.01 -3215.18 646.643
  poly 1: 4306.75 -3207.92 627.899 4277.16 -3207.92 639.256 4277.72 -3204.21 640.722 4247.23 -3204.21 652.423 4246.11 -3211.62 649.492 4215.62 -3211.62 661.193 4216.74 -3204.21 664.124 4186.25 -3204.21 675.825 4185.69 -3207.92 674.36 4156.32 -3207.92 685.628 4156.32 -3243.31 669.561 4160.16 -3242.76 668.339 4160.16 -3278.78 651.987 4152.48 -3279.89 654.431 4152.48 -3315.91 638.079 4160.16 -3314.8 635.636 4160.16 -3350.82 619.284 4156.32 -3351.38 620.506 4156.32 -3386.94 604.36 4185.73 -3386.94 593.074 4186.3 -3383.24 594.538 4216.76 -3383.24 582.847 4215.64 -3390.65 579.918 4246.1 -3390.65 568.227 4247.23 -3383.24 571.156 4277.69 -3383.24 559.465 4277.13 -3386.94 558 4306.75 -3386.94 546.631 4306.75 -3351.33 562.797 4310.58 -3350.78 561.581 4310.58 -3314.8 577.915 4302.93 -3315.9 580.348 4302.93 -3279.92 596.682 4310.58 -3278.81 594.249 4310.58 -3242.83 610.582 4306.75 -3243.39 611.799 4306.75 -3207.92 627.899
element 84
  poly 0: 4161.28 -3215.58 705.838 4127.67 -3215.58 710.135 4127.88 -3211.91 711.775 4095.44 -3211.91 715.922 4095.02 -3219.25 712.644 4062.58 -3219.25 716.791 4063 -3211.91 720.07 4030.55 -3211.91 724.218 4030.34 -3215.58 722.578 3996.59 -3215.58 726.893 3996.59 -3252.4 710.182 4000.64 -3252.2 709.753 4000.64 -3288.27 693.379 3992.54 -3288.66 694.237 3992.54 -3324.73 677.864 4000.64 -3324.34 677.006 4000.64 -3360.41 660.632 3996.59 -3360.61 661.061 3996.59 -3397.25 644.427 4030.24 -3397.25 640.125 4030.45 -3393.58 641.763 4062.86 -3393.58 637.619 4062.44 -3400.92 634.343 4094.85 -3400.92 630.2 4095.27 -3393.58 633.476 4127.68 -3393.58 629.332 4127.47 -3397.25 627.694 4161.28 -3397.25 623.372 4161.28 -3360.29 640.148 4165.32 -3360.1 639.719 4165.32 -3324.08 656.071 4157.24 -3324.47 656.927 4157.24 -3288.45 673.279 4165.32 -3288.06 672.423 4165.32 -3252.04 688.774 4161.28 -3252.23 689.203 4161.28 -3215.58 705.838
  poly 1: 4156.32 -3207.92 685.628 4125.05 -3207.92 689.626 4125.26 -3204.25 691.266 4092.82 -3204.25 695.414 4092.4 -3211.59 692.135 4059.95 -3211.59 696.282 4060.37 -3204.25 699.561 4027.93 -3204.25 703.709 4027.72 -3207.92 702.069 3996.59 -3207.92 706.049 3996.59 -3243.24 690.014 4000.64 -3243.05 689.585 4000.64 -3279.12 673.211 3992.54 -3279.51 674.069 3992.54 -3315.58 657.696 4000.64 -3315.19 656.838 4000.64 -3351.26 640.464 3996.59 -3351.45 640.893 3996.59 -3386.94 624.781 4027.77 -3386.94 620.795 4027.97 -3383.28 622.433 4060.39 -3383.28 618.29 4059.97 -3390.61 615.014 4092.38 -3390.61 610.87 4092.8 -3383.28 614.146 4125.21 -3383.28 610.002 4125 -3386.94 608.364 4156.32 -3386.94 604.36 4156.32 -3351.38 620.506 4160.36 -3351.18 620.077 4160.36 -3315.16 636.429 4152.28 -3315.55 637.285 4152.28 -3279.53 653.637 4160.36 -3279.14 652.781 4160.36 -3243.12 669.132 4156.32 -3243.31 669.561 4156.32 -3207.92 685.628
element 85
  poly 0: 3996.59 -3215.58 726.893 3962.83 -3215.58 722.578 3962.62 -3211.91 724.218 3930.18 -3211.91 720.07 3930.6 -3219.25 716.791 3898.16 -3219.25 712.644 3897.74 -3211.91 715.922 3865.3 -3211.91 711.775 3865.51 -3215.58 710.135 3831.89 -3215.58 705.838 3831.89 -3252.23 689.203 3835.93 -3252.42 689.631 3835.93 -3288.45 673.279 3827.85 -3288.06 672.423 3827.85 -3324.08 656.071 3835.93 -3324.47 656.927 3835.93 -3360.49 640.576 3831.89 -3360.29 640.148 3831.89 -3397.25 623.372 3865.58 -3397.25 627.678 3865.37 -3393.58 629.316 3897.81 -3393.58 633.464 3898.23 -3400.92 630.188 3930.68 -3400.92 634.335 3930.26 -3393.58 637.612 3962.7 -3393.58 641.759 3962.91 -3397.25 640.121 3996.59 -3397.25 644.427 3996.59 -3360.61 661.061 4000.64 -3360.8 661.49 4000.64 -3324.73 677.864 3992.54 -3324.34 677.006 3992.54 -3288.27 693.379 4000.64 -3288.66 694.237 4000.64 -3252.59 710.611 3996.59 -3252.4 710.182 3996.59 -3215.58 726.893
  poly 1: 3996.59 -3207.92 706.049 3965.46 -3207.92 702.069 3965.25 -3204.25 703.709 3932.8 -3204.25 699.561 3933.22 -3211.59 696.282 3900.78 -3211.59 692.135 3900.36 -3204.25 695.414 3867.92 -3204.25 691.266 3868.13 -3207.92 689.626 3836.85 -3207.92 685.628 3836.85 -3243.31 669.561 3840.89 -3243.51 669.989 3840.89 -3279.53 653.637 3832.81 -3279.14 652.781 3832.81 -3315.16 636.429 3840.89 -3315.55 637.285 3840.89 -3351.57 620.934 3836.85 -3351.38 620.506 3836.85 -3386.94 604.36 3868.05 -3386.94 608.349 3867.84 -3383.28 609.987 3900.29 -3383.28 614.134 3900.7 -3390.61 610.858 3933.15 -3390.61 615.006 3932.73 -3383.28 618.282 3965.17 -3383.28 622.43 3965.38 -3386.94 620.791 3996.59 -3386.94 624.781 3996.59 -3351.45 640.893 4000.64 -3351.64 641.322 4000.64 -3315.58 657.696 3992.54 -3315.19 656.838 3992.54 -3279.12 673.211 4000.64 -3279.51 674.069 4000.64 -3243.44 690.443 3996.59 -3243.24 690.014 3996.59 -3207.92 706.049
element 86
  poly 0: 3831.89 -3215.18 706.019 3800.03 -3215.18 693.792 3799.47 -3211.48 695.258 3768.98 -3211.48 683.557 3770.1 -3218.89 680.625 3739.61 -3218.89 668.924 3738.49 -3211.48 671.856 3708 -3211.48 660.154 3708.56 -3215.18 658.689 3677.17 -3215.18 646.643 3677.17 -3251.68 630.075 3680.99 -3252.23 631.292 3680.99 -3288.22 614.958 3673.35 -3287.11 612.525 3673.35 -3323.09 596.191 3680.99 -3324.2 598.624 3680.99 -3360.18 582.29 3677.17 -3359.63 581.074 3677.17 -3396.77 564.213 3708.98 -3396.77 576.421 3708.42 -3393.07 577.885 3738.88 -3393.07 589.576 3740.01 -3400.47 586.647 3770.47 -3400.47 598.338 3769.35 -3393.07 601.267 3799.81 -3393.07 612.959 3800.37 -3396.77 611.494 3831.89 -3396.77 623.59 3831.89 -3360.29 640.148 3835.73 -3360.85 641.369 3835.73 -3324.83 657.721 3828.05 -3323.72 655.278 3828.05 -3287.7 671.629 3835.73 -3288.81 674.073 3835.73 -3252.78 690.424 3831.89 -3252.23 689.203 3831.89 -3215.18 706.019
  poly 1: 3836.85 -3207.92 685.628 3807.49 -3207.92 674.36 3806.93 -3204.21 675.825 3776.44 -3204.21 664.124 3777.56 -3211.62 661.193 3747.07 -3211.62 649.492 3745.94 -3204.21 652.423 3715.45 -3204.21 640.722 3716.02 -3207.92 639.256 3686.42 -3207.92 627.899 3686.42 -3243.39 611.799 3690.25 -3243.94 613.016 3690.25 -3279.92 596.682 3682.6 -3278.81 594.249 3682.6 -3314.8 577.915 3690.25 -3315.9 580.348 3690.25 -3351.88 564.014 3686.42 -3351.33 562.797 3686.42 -3386.94 546.631 3716.05 -3386.94 558 3715.49 -3383.24 559.465 3745.95 -3383.24 571.156 3747.08 -3390.65 568.227 3777.54 -3390.65 579.918 3776.42 -3383.24 582.847 3806.88 -3383.24 594.538 3807.44 -3386.94 593.074 3836.85 -3386.94 604.36 3836.85 -3351.38 620.506 3840.69 -3351.93 621.727 3840.69 -3315.91 638.079 3833.01 -3314.8 635.636 3833.01 -3278.78 651.987 3840.69 -3279.89 654.431 3840.69 -3243.87 670.782 3836.85 -3243.31 669.561 3836.85 -3207.92 685.628
element 87
  poly 0: 3677.17 -3214.54 646.934 3648.48 -3214.54 628.569 3647.71 -3210.79 629.778 3620.26 -3210.79 612.204 3621.8 -3218.3 609.786 3594.35 -3218.3 592.212 3592.8 -3210.79 594.63 3565.35 -3210.79 577.055 3566.12 -3214.54 575.846 3538.05 -3214.54 557.874 3538.05 -3250.94 541.355 3541.54 -3251.78 543.204 3541.54 -3287.73 526.882 3534.57 -3286.05 523.182 3534.57 -3322.01 506.86 3541.54 -3323.69 510.56 3541.54 -3359.65 494.237 3538.05 -3358.81 492.387 3538.05 -3395.98 475.512 3566.64 -3395.98 493.815 3565.87 -3392.23 495.023 3593.3 -3392.23 512.586 3594.85 -3399.73 510.169 3622.28 -3399.73 527.731 3620.74 -3392.23 530.148 3648.17 -3392.23 547.711 3648.94 -3395.98 546.503 3677.17 -3395.98 564.572 3677.17 -3359.63 581.074 3680.67 -3360.47 582.931 3680.67 -3324.49 599.265 3673.67 -3322.8 595.55 3673.67 -3286.82 611.884 3680.67 -3288.51 615.599 3680.67 -3252.52 631.933 3677.17 -3251.68 630.075 3677.17 -3214.54 646.934
  poly 1: 3686.42 -3207.92 627.899 3659.82 -3207.92 610.866 3659.04 -3204.16 612.075 3631.59 -3204.16 594.501 3633.14 -3211.67 592.083 3605.68 -3211.67 574.508 3604.14 -3204.16 576.926 3576.68 -3204.16 559.352 3577.46 -3207.92 558.143 3550.63 -3207.92 540.967 3550.63 -3243.44 524.842 3554.11 -3244.28 526.692 3554.11 -3280.24 510.369 3547.14 -3278.56 506.67 3547.14 -3314.51 490.347 3554.11 -3316.19 494.047 3554.11 -3352.15 477.724 3550.63 -3351.31 475.875 3550.63 -3386.94 459.699 3577.48 -3386.94 476.887 3576.7 -3383.19 478.096 3604.14 -3383.19 495.659 3605.68 -3390.7 493.242 3633.12 -3390.7 510.804 3631.57 -3383.19 513.221 3659.01 -3383.19 530.784 3659.78 -3386.94 529.575 3686.42 -3386.94 546.631 3686.42 -3351.33 562.797 3689.92 -3352.17 564.655 3689.92 -3316.19 580.989 3682.92 -3314.51 577.274 3682.92 -3278.52 593.608 3689.92 -3280.21 597.323 3689.92 -3244.23 613.657 3686.42 -3243.39 611.799 3686.42 -3207.92 627.899
element 88
  poly 0: 3538.05 -3213.84 558.196 3512.82 -3213.84 535.565 3511.96 -3210.03 536.522 3487.75 -3210.03 514.8 3489.46 -3217.64 512.886 3465.25 -3217.64 491.164 3463.53 -3210.03 493.078 3439.31 -3210.03 471.357 3440.17 -3213.84 470.4 3415.55 -3213.84 448.312 3415.55 -3250.16 431.823 3418.66 -3251.21 434.14 3418.66 -3287.15 417.824 3412.43 -3285.05 413.191 3412.43 -3320.99 396.876 3418.66 -3323.09 401.509 3418.66 -3359.03 385.194 3415.55 -3357.98 382.877 3415.55 -3395.08 366.035 3440.69 -3395.08 388.583 3439.83 -3391.28 389.54 3464.03 -3391.28 411.251 3465.75 -3398.89 409.338 3489.95 -3398.89 431.049 3488.24 -3391.28 432.963 3512.44 -3391.28 454.674 3513.3 -3395.08 453.717 3538.05 -3395.08 475.919 3538.05 -3358.81 492.387 3541.17 -3359.86 494.711 3541.17 -3323.9 511.033 3534.93 -3321.79 506.386 3534.93 -3285.84 522.708 3541.17 -3287.95 527.356 3541.17 -3251.99 543.678 3538.05 -3250.94 541.355 3538.05 -3213.84 558.196
  poly 1: 3550.63 -3207.92 540.967 3526.99 -3207.92 519.767 3526.13 -3204.11 520.724 3501.92 -3204.11 499.002 3503.63 -3211.72 497.088 3479.42 -3211.72 475.366 3477.7 -3204.11 477.28 3453.48 -3204.11 455.558 3454.34 -3207.92 454.601 3430.53 -3207.92 433.245 3430.53 -3243.48 417.103 3433.65 -3244.53 419.42 3433.65 -3280.47 403.104 3427.42 -3278.37 398.471 3427.42 -3314.31 382.156 3433.65 -3316.41 386.789 3433.65 -3352.35 370.474 3430.53 -3351.3 368.157 3430.53 -3386.94 351.977 3454.35 -3386.94 373.344 3453.5 -3383.14 374.301 3477.7 -3383.14 396.012 3479.42 -3390.75 394.099 3503.62 -3390.75 415.81 3501.91 -3383.14 417.724 3526.11 -3383.14 439.435 3526.97 -3386.94 438.478 3550.63 -3386.94 459.699 3550.63 -3351.31 475.875 3553.75 -3352.36 478.198 3553.75 -3316.41 494.521 3547.5 -3314.3 489.873 3547.5 -3278.34 506.196 3553.75 -3280.45 510.843 3553.75 -3244.49 527.165 3550.63 -3243.44 524.842 3550.63 -3207.92 540.967
element 89
  poly 0: 3415.55 -3213.17 448.615 3393.56 -3213.17 423.244 3392.7 -3209.32 423.993 3371.51 -3209.32 399.537 3373.24 -3217.01 398.039 3352.05 -3217.01 373.583 3350.32 -3209.32 375.081 3329.13 -3209.32 350.625 3329.99 -3213.17 349.876 3308.91 -3213.17 325.553 3308.91 -3394.22 243.365 3330.47 -3394.22 268.24 3329.61 -3390.37 268.989 3350.78 -3390.37 293.431 3352.51 -3398.07 291.933 3373.69 -3398.07 316.376 3371.96 -3390.37 317.873 3393.14 -3390.37 342.315 3394.01 -3394.22 341.566 3415.55 -3394.22 366.427 3415.55 -3357.98 382.877 3418.32 -3359.19 385.53 3418.32 -3323.25 401.845 3412.78 -3320.84 396.54 3412.78 -3284.9 412.855 3418.32 -3287.3 418.161 3418.32 -3251.36 434.476 3415.55 -3250.16 431.823 3415.55 -3213.17 448.615
  poly 1: 3430.53 -3207.92 433.245 3409.73 -3207.92 409.236 3408.87 -3204.07 409.985 3387.67 -3204.07 385.529 3389.4 -3211.76 384.031 3368.21 -3211.76 359.576 3366.48 -3204.07 361.073 3345.29 -3204.07 336.617 3346.16 -3207.92 335.869 3324.85 -3207.92 311.281 3324.85 -3386.94 230.013 3346.18 -3386.94 254.627 3345.32 -3383.1 255.375 3366.49 -3383.1 279.818 3368.22 -3390.79 278.32 3389.4 -3390.79 302.762 3387.67 -3383.1 304.26 3408.85 -3383.1 328.702 3409.72 -3386.94 327.953 3430.53 -3386.94 351.977 3430.53 -3351.3 368.157 3433.31 -3352.5 370.81 3433.31 -3316.56 387.125 3427.76 -3314.15 381.82 3427.76 -3278.21 398.135 3433.31 -3280.62 403.441 3433.31 -3244.68 419.756 3430.53 -3243.48 417.103 3430.53 -3207.92 433.245
element 90
  poly 0: 4668.32 -3386.94 230.013 4647 -3386.94 254.627 4648.13 -3383.22 255.612 4626.96 -3383.22 280.054 4624.68 -3390.66 278.083 4603.5 -3390.66 302.525 4605.78 -3383.22 304.496 4584.6 -3383.22 328.939 4583.46 -3386.94 327.953 4562.64 -3386.94 351.977 4562.64 -3420.2 331.431 4565.51 -3418.72 329.034 4565.51 -3452.28 308.298 4559.77 -3455.24 313.091 4559.77 -3488.8 292.354 4565.51 -3485.84 287.561 4565.51 -3519.4 266.825 4562.64 -3520.88 269.221 4562.64 -3554.22 248.622 4583.47 -3554.22 224.587 4584.61 -3550.5 225.573 4605.78 -3550.5 201.141 4603.5 -3557.94 199.171 4624.67 -3557.94 174.739 4626.95 -3550.5 176.71 4648.12 -3550.5 152.279 4646.98 -3554.22 151.293 4668.32 -3554.22 126.657 4668.32 -3386.94 230.013
  poly 1: 4683.74 -3394.22 243.97 4662.71 -3394.22 268.24 4663.85 -3390.5 269.226 4642.67 -3390.5 293.668 4640.39 -3397.94 291.697 4619.21 -3397.94 316.139 4621.49 -3390.5 318.11 4600.31 -3390.5 342.552 4599.17 -3394.22 341.566 4577.08 -3394.22 367.062 4577.08 -3428.95 345.602 4579.95 -3427.47 343.206 4579.95 -3461.03 322.469 4574.21 -3464 327.262 4574.21 -3497.56 306.526 4579.95 -3494.6 301.733 4579.95 -3528.16 280.996 4577.08 -3529.64 283.393 4577.08 -3563.42 262.52 4598.59 -3563.42 237.692 4599.73 -3559.7 238.677 4620.9 -3559.7 214.246 4618.62 -3567.14 212.275 4639.79 -3567.14 187.843 4642.07 -3559.7 189.814 4663.24 -3559.7 165.383 4662.1 -3563.42 164.397 4683.74 -3563.42 139.428 4683.74 -3394.22 243.97
element 91
  poly 0: 4562.64 -3386.94 351.977 4538.82 -3386.94 373.344 4539.94 -3383.3 374.593 4515.74 -3383.3 396.305 4513.5 -3390.59 393.807 4489.29 -3390.59 415.518 4491.53 -3383.3 418.016 4467.33 -3383.3 439.727 4466.21 -3386.94 438.478 4442.55 -3386.94 459.699 4442.55 -3420.17 439.171 4445.76 -3418.88 437.09 4445.76 -3452.45 416.347 4439.35 -3455.02 420.509 4439.35 -3488.6 399.766 4445.76 -3486.02 395.604 4445.76 -3519.6 374.861 4442.55 -3520.88 376.942 4442.55 -3554.22 356.343 4466.23 -3554.22 335.104 4467.35 -3550.57 336.353 4491.54 -3550.57 314.65 4489.3 -3557.87 312.153 4513.5 -3557.87 290.451 4515.74 -3550.57 292.948 4539.93 -3550.57 271.245 4538.81 -3554.22 269.997 4562.64 -3554.22 248.622 4562.64 -3520.88 269.221 4565.84 -3519.6 267.146 4565.84 -3486.04 287.883 4559.45 -3488.6 292.033 4559.45 -3455.04 312.769 4565.84 -3452.48 308.619 4565.84 -3418.92 329.355 4562.64 -3420.2 331.431 4562.64 -3386.94 351.977
  poly 1: 4577.08 -3395.08 366.529 4552.49 -3395.08 388.583 4553.61 -3391.44 389.832 4529.41 -3391.44 411.544 4527.17 -3398.73 409.046 4502.96 -3398.73 430.757 4505.2 -3391.44 433.255 4481 -3391.44 454.966 4479.88 -3395.08 453.717 4454.56 -3395.08 476.431 4454.56 -3429.9 454.92 4457.76 -3428.61 452.839 4457.76 -3462.18 432.097 4451.35 -3464.76 436.259 4451.35 -3498.33 415.516 4457.76 -3495.76 411.354 4457.76 -3529.33 390.611 4454.56 -3530.61 392.692 4454.56 -3564.42 371.806 4479.27 -3564.42 349.639 4480.39 -3560.77 350.888 4504.58 -3560.77 329.185 4502.34 -3568.06 326.688 4526.54 -3568.06 304.986 4528.78 -3560.77 307.483 4552.97 -3560.77 285.78 4551.85 -3564.42 284.532 4577.08 -3564.42 261.903 4577.08 -3529.64 283.393 4580.28 -3528.35 281.318 4580.28 -3494.79 302.054 4573.88 -3497.36 306.205 4573.88 -3463.8 326.941 4580.28 -3461.23 322.791 4580.28 -3427.67 343.527 4577.08 -3428.95 345.602 4577.08 -3395.08 366.529
element 92
  poly 0: 4454.56 -3395.98 475.878 4426.54 -3395.98 493.815 4427.54 -3392.42 495.377 4400.1 -3392.42 512.939 4398.1 -3399.54 509.815 4370.67 -3399.54 527.378 4372.67 -3392.42 530.502 4345.23 -3392.42 548.065 4344.23 -3395.98 546.503 4315.5 -3395.98 564.895 4315.5 -3430.78 543.392 4319.05 -3429.76 541.746 4319.05 -3463.36 520.99 4311.95 -3465.39 524.283 4311.95 -3498.98 503.527 4319.05 -3496.95 500.234 4319.05 -3530.54 479.478 4315.5 -3531.56 481.124 4315.5 -3565.42 460.202 4343.66 -3565.42 442.176 4344.66 -3561.86 443.737 4372.08 -3561.86 426.185 4370.08 -3568.98 423.063 4397.5 -3568.98 405.511 4399.49 -3561.86 408.633 4426.91 -3561.86 391.081 4425.91 -3565.42 389.52 4454.56 -3565.42 371.185 4454.56 -3530.61 392.692 4458.1 -3529.6 391.051 4458.1 -3496.03 411.794 4451.01 -3498.06 415.075 4451.01 -3464.48 435.818 4458.1 -3462.46 432.537 4458.1 -3428.89 453.28 4454.56 -3429.9 454.92 4454.56 -3395.98 475.878
  poly 1: 4442.55 -3386.94 459.699 4415.7 -3386.94 476.887 4416.7 -3383.38 478.449 4389.27 -3383.38 496.012 4387.27 -3390.51 492.888 4359.83 -3390.51 510.451 4361.83 -3383.38 513.575 4334.4 -3383.38 531.138 4333.4 -3386.94 529.575 4306.75 -3386.94 546.631 4306.75 -3420.12 526.134 4310.31 -3419.1 524.488 4310.31 -3452.69 503.732 4303.2 -3454.73 507.024 4303.2 -3488.32 486.268 4310.31 -3486.29 482.976 4310.31 -3519.88 462.22 4306.75 -3520.9 463.866 4306.75 -3554.22 443.276 4333.43 -3554.22 426.198 4334.43 -3550.66 427.759 4361.85 -3550.66 410.207 4359.85 -3557.78 407.085 4387.27 -3557.78 389.533 4389.27 -3550.66 392.655 4416.68 -3550.66 375.103 4415.68 -3554.22 373.542 4442.55 -3554.22 356.343 4442.55 -3520.88 376.942 4446.09 -3519.87 375.302 4446.09 -3486.3 396.045 4439.01 -3488.32 399.326 4439.01 -3454.75 420.069 4446.09 -3452.73 416.787 4446.09 -3419.15 437.53 4442.55 -3420.17 439.171 4442.55 -3386.94 459.699
element 93
  poly 0: 4315.5 -3396.77 564.407 4284.2 -3396.77 576.421 4284.92 -3393.29 578.296 4254.45 -3393.29 589.987 4253.01 -3400.25 586.236 4222.55 -3400.25 597.927 4223.99 -3393.29 601.678 4193.52 -3393.29 613.369 4192.8 -3396.77 611.494 4160.98 -3396.77 623.708 4160.98 -3431.41 602.304 4164.84 -3430.75 601.232 4164.84 -3464.38 580.453 4157.12 -3465.7 582.596 4157.12 -3499.34 561.816 4164.84 -3498.01 559.673 4164.84 -3531.64 538.893 4160.98 -3532.3 539.965 4160.98 -3566.28 518.971 4192.39 -3566.28 506.915 4193.11 -3562.8 508.789 4223.55 -3562.8 497.108 4222.11 -3569.76 493.36 4252.55 -3569.76 481.679 4253.99 -3562.8 485.428 4284.42 -3562.8 473.747 4283.7 -3566.28 471.873 4315.5 -3566.28 459.67 4315.5 -3531.56 481.124 4319.35 -3530.9 480.056 4319.35 -3497.31 500.812 4311.66 -3498.63 502.949 4311.66 -3465.03 523.705 4319.35 -3463.71 521.568 4319.35 -3430.12 542.324 4315.5 -3430.78 543.392 4315.5 -3396.77 564.407
  poly 1: 4306.75 -3386.94 546.631 4277.13 -3386.94 558 4277.85 -3383.46 559.876 4247.38 -3383.46 571.567 4245.94 -3390.43 567.816 4215.48 -3390.43 579.507 4216.92 -3383.46 583.258 4186.45 -3383.46 594.949 4185.73 -3386.94 593.074 4156.32 -3386.94 604.36 4156.32 -3420.04 583.908 4160.18 -3419.38 582.836 4160.18 -3453.01 562.057 4152.46 -3454.34 564.2 4152.46 -3487.97 543.421 4160.18 -3486.64 541.277 4160.18 -3520.28 520.498 4156.32 -3520.94 521.57 4156.32 -3554.22 501.005 4185.78 -3554.22 489.699 4186.5 -3550.74 491.573 4216.94 -3550.74 479.892 4215.5 -3557.7 476.144 4245.94 -3557.7 464.463 4247.38 -3550.74 468.212 4277.82 -3550.74 456.531 4277.1 -3554.22 454.657 4306.75 -3554.22 443.276 4306.75 -3520.9 463.866 4310.6 -3520.24 462.798 4310.6 -3486.64 483.554 4302.91 -3487.96 485.69 4302.91 -3454.37 506.446 4310.6 -3453.05 504.31 4310.6 -3419.46 525.066 4306.75 -3420.12 526.134 4306.75 -3386.94 546.631
element 94
  poly 0: 4160.98 -3397.25 623.411 4127.47 -3397.25 627.694 4127.74 -3393.82 629.779 4095.33 -3393.82 633.922 4094.79 -3400.68 629.753 4062.38 -3400.68 633.897 4062.92 -3393.82 638.066 4030.5 -3393.82 642.21 4030.24 -3397.25 640.125 3996.59 -3397.25 644.427 3996.59 -3431.59 623.206 4000.63 -3431.36 622.832 4000.63 -3465.05 602.021 3992.55 -3465.51 602.769 3992.55 -3499.19 581.958 4000.63 -3498.73 581.21 4000.63 -3532.41 560.399 3996.59 -3532.64 560.773 3996.59 -3566.79 539.671 4030.11 -3566.79 535.385 4030.38 -3563.37 537.468 4062.76 -3563.37 533.328 4062.23 -3570.22 529.163 4094.6 -3570.22 525.024 4095.14 -3563.37 529.189 4127.51 -3563.37 525.05 4127.25 -3566.79 522.967 4160.98 -3566.79 518.655 4160.98 -3532.3 539.965 4165.01 -3532.07 539.592 4165.01 -3498.44 560.371 4156.94 -3498.9 561.118 4156.94 -3465.27 581.898 4165.01 -3464.81 581.151 4165.01 -3431.18 601.93 4160.98 -3431.41 602.304 4160.98 -3397.25 623.411
  poly 1: 4156.32 -3386.94 604.36 4125 -3386.94 608.364 4125.27 -3383.51 610.449 4092.86 -3383.51 614.593 4092.32 -3390.37 610.423 4059.91 -3390.37 614.567 4060.44 -3383.51 618.737 4028.03 -3383.51 622.88 4027.77 -3386.94 620.795 3996.59 -3386.94 624.781 3996.59 -3419.96 604.38 4000.63 -3419.73 604.006 4000.63 -3453.41 583.195 3992.55 -3453.88 583.943 3992.55 -3487.56 563.131 4000.63 -3487.1 562.384 4000.63 -3520.78 541.573 3996.59 -3521.01 541.947 3996.59 -3554.22 521.426 4027.82 -3554.22 517.433 4028.09 -3550.8 519.516 4060.46 -3550.8 515.377 4059.93 -3557.65 511.211 4092.31 -3557.65 507.072 4092.84 -3550.8 511.237 4125.22 -3550.8 507.098 4124.95 -3554.22 505.015 4156.32 -3554.22 501.005 4156.32 -3520.94 521.57 4160.36 -3520.71 521.196 4160.36 -3487.08 541.976 4152.29 -3487.54 542.723 4152.29 -3453.91 563.502 4160.36 -3453.45 562.755 4160.36 -3419.81 583.535 4156.32 -3420.04 583.908 4156.32 -3386.94 604.36
element 95
  poly 0: 3996.59 -3397.25 644.427 3962.91 -3397.25 640.121 3962.64 -3393.82 642.206 3930.2 -3393.82 638.058 3930.73 -3400.68 633.889 3898.29 -3400.68 629.741 3897.76 -3393.82 633.911 3865.31 -3393.82 629.763 3865.58 -3397.25 627.678 3832.2 -3397.25 623.411 3832.2 -3431.41 602.304 3836.24 -3431.64 602.677 3836.24 -3465.27 581.898 3828.16 -3464.81 581.151 3828.16 -3498.44 560.371 3836.24 -3498.9 561.118 3836.24 -3532.53 540.339 3832.2 -3532.3 539.965 3832.2 -3566.79 518.655 3865.93 -3566.79 522.967 3865.66 -3563.37 525.05 3898.04 -3563.37 529.189 3898.57 -3570.22 525.024 3930.95 -3570.22 529.163 3930.42 -3563.37 533.328 3962.8 -3563.37 537.468 3963.06 -3566.79 535.385 3996.59 -3566.79 539.671 3996.59 -3532.64 560.773 4000.63 -3532.87 561.146 4000.63 -3499.19 581.958 3992.55 -3498.73 581.21 3992.55 -3465.05 602.021 4000.63 -3465.51 602.769 4000.63 -3431.83 623.58 3996.59 -3431.59 623.206 3996.59 -3397.25 644.427
  poly 1: 3996.59 -3386.94 624.781 3965.38 -3386.94 620.791 3965.11 -3383.51 622.876 3932.67 -3383.51 618.729 3933.2 -3390.37 614.559 3900.76 -3390.37 610.411 3900.23 -3383.51 614.581 3867.79 -3383.51 610.433 3868.05 -3386.94 608.349 3836.85 -3386.94 604.36 3836.85 -3420.04 583.908 3840.89 -3420.28 584.282 3840.89 -3453.91 563.502 3832.82 -3453.45 562.755 3832.82 -3487.08 541.976 3840.89 -3487.54 542.723 3840.89 -3521.17 521.943 3836.85 -3520.94 521.57 3836.85 -3554.22 501.005 3868.22 -3554.22 505.015 3867.96 -3550.8 507.098 3900.34 -3550.8 511.237 3900.87 -3557.65 507.072 3933.25 -3557.65 511.211 3932.71 -3550.8 515.377 3965.09 -3550.8 519.516 3965.36 -3554.22 517.433 3996.59 -3554.22 521.426 3996.59 -3521.01 541.947 4000.63 -3521.24 542.32 4000.63 -3487.56 563.131 3992.55 -3487.1 562.384 3992.55 -3453.41 583.195 4000.63 -3453.88 583.943 4000.63 -3420.19 604.754 3996.59 -3419.96 604.38 3996.59 -3386.94 624.781
element 96
  poly 0: 3832.2 -3396.77 623.708 3800.37 -3396.77 611.494 3799.65 -3393.29 613.369 3769.19 -3393.29 601.678 3770.63 -3400.25 597.927 3740.16 -3400.25 586.236 3738.72 -3393.29 589.987 3708.26 -3393.29 578.296 3708.98 -3396.77 576.421 3677.68 -3396.77 564.407 3677.68 -3430.78 543.392 3681.52 -3431.44 544.461 3681.52 -3465.03 523.705 3673.83 -3463.71 521.568 3673.83 -3497.31 500.812 3681.52 -3498.63 502.949 3681.52 -3532.22 482.192 3677.68 -3531.56 481.124 3677.68 -3566.28 459.67 3709.47 -3566.28 471.873 3708.75 -3562.8 473.747 3739.19 -3562.8 485.428 3740.63 -3569.76 481.679 3771.07 -3569.76 493.36 3769.63 -3562.8 497.108 3800.07 -3562.8 508.789 3800.79 -3566.28 506.915 3832.2 -3566.28 518.971 3832.2 -3532.3 539.965 3836.06 -3532.97 541.037 3836.06 -3499.34 561.816 3828.34 -3498.01 559.673 3828.34 -3464.38 580.453 3836.06 -3465.7 582.596 3836.06 -3432.07 603.376 3832.2 -3431.41 602.304 3832.2 -3396.77 623.708
  poly 1: 3836.85 -3386.94 604.36 3807.44 -3386.94 593.074 3806.72 -3383.46 594.949 3776.26 -3383.46 583.258 3777.7 -3390.43 579.507 3747.23 -3390.43 567.816 3745.79 -3383.46 571.567 3715.33 -3383.46 559.876 3716.05 -3386.94 558 3686.42 -3386.94 546.631 3686.42 -3420.12 526.134 3690.27 -3420.78 527.202 3690.27 -3454.37 506.446 3682.58 -3453.05 504.31 3682.58 -3486.64 483.554 3690.27 -3487.96 485.69 3690.27 -3521.56 464.934 3686.42 -3520.9 463.866 3686.42 -3554.22 443.276 3716.08 -3554.22 454.657 3715.36 -3550.74 456.531 3745.8 -3550.74 468.212 3747.24 -3557.7 464.463 3777.67 -3557.7 476.144 3776.24 -3550.74 479.892 3806.67 -3550.74 491.573 3807.39 -3554.22 489.699 3836.85 -3554.22 501.005 3836.85 -3520.94 521.57 3840.71 -3521.6 522.641 3840.71 -3487.97 543.421 3832.99 -3486.64 541.277 3832.99 -3453.01 562.057 3840.71 -3454.34 564.2 3840.71 -3420.71 584.98 3836.85 -3420.04 583.908 3836.85 -3386.94 604.36
element 97
  poly 0: 3677.68 -3395.98 564.895 3648.94 -3395.98 546.503 3647.94 -3392.42 548.065 3620.51 -3392.42 530.502 3622.51 -3399.54 527.378 3595.07 -3399.54 509.815 3593.07 -3392.42 512.939 3565.64 -3392.42 495.377 3566.64 -3395.98 493.815 3538.62 -3395.98 475.878 3538.62 -3429.9 454.92 3542.16 -3430.91 456.561 3542.16 -3464.48 435.818 3535.08 -3462.46 432.537 3535.08 -3496.03 411.794 3542.16 -3498.06 415.075 3542.16 -3531.63 394.333 3538.62 -3530.61 392.692 3538.62 -3565.42 371.185 3567.26 -3565.42 389.52 3566.26 -3561.86 391.081 3593.68 -3561.86 408.633 3595.68 -3568.98 405.511 3623.1 -3568.98 423.063 3621.1 -3561.86 426.185 3648.52 -3561.86 443.737 3649.52 -3565.42 442.176 3677.68 -3565.42 460.202 3677.68 -3531.56 481.124 3681.23 -3532.58 482.771 3681.23 -3498.98 503.527 3674.12 -3496.95 500.234 3674.12 -3463.36 520.99 3681.23 -3465.39 524.283 3681.23 -3431.8 545.039 3677.68 -3430.78 543.392 3677.68 -3395.98 564.895
  poly 1: 3686.42 -3386.94 546.631 3659.78 -3386.94 529.575 3658.78 -3383.38 531.138 3631.35 -3383.38 513.575 3633.35 -3390.51 510.451 3605.91 -3390.51 492.888 3603.91 -3383.38 496.012 3576.48 -3383.38 478.449 3577.48 -3386.94 476.887 3550.63 -3386.94 459.699 3550.63 -3420.17 439.171 3554.17 -3421.18 440.811 3554.17 -3454.75 420.069 3547.08 -3452.73 416.787 3547.08 -3486.3 396.045 3554.17 -3488.32 399.326 3554.17 -3521.9 378.583 3550.63 -3520.88 376.942 3550.63 -3554.22 356.343 3577.49 -3554.22 373.542 3576.49 -3550.66 375.103 3603.91 -3550.66 392.655 3605.91 -3557.78 389.533 3633.33 -3557.78 407.085 3631.33 -3550.66 410.207 3658.75 -3550.66 427.759 3659.75 -3554.22 426.198 3686.42 -3554.22 443.276 3686.42 -3520.9 463.866 3689.98 -3521.91 465.512 3689.98 -3488.32 486.268 3682.87 -3486.29 482.976 3682.87 -3452.69 503.732 3689.98 -3454.73 507.024 3689.98 -3421.14 527.78 3686.42 -3420.12 526.134 3686.42 -3386.94 546.631
element 98
  poly 0: 3538.62 -3395.08 476.431 3513.3 -3395.08 453.717 3512.18 -3391.44 454.966 3487.97 -3391.44 433.255 3490.21 -3398.73 430.757 3466.01 -3398.73 409.046 3463.77 -3391.44 411.544 3439.57 -3391.44 389.832 3440.69 -3395.08 388.583 3416.1 -3395.08 366.529 3416.1 -3428.95 345.602 3419.3 -3430.24 347.677 3419.3 -3463.8 326.941 3412.9 -3461.23 322.791 3412.9 -3494.79 302.054 3419.3 -3497.36 306.205 3419.3 -3530.92 285.468 3416.1 -3529.64 283.393 3416.1 -3564.42 261.903 3441.33 -3564.42 284.532 3440.21 -3560.77 285.78 3464.4 -3560.77 307.483 3466.64 -3568.06 304.986 3490.84 -3568.06 326.688 3488.6 -3560.77 329.185 3512.79 -3560.77 350.888 3513.91 -3564.42 349.639 3538.62 -3564.42 371.806 3538.62 -3530.61 392.692 3541.83 -3531.9 394.773 3541.83 -3498.33 415.516 3535.42 -3495.76 411.354 3535.42 -3462.18 432.097 3541.83 -3464.76 436.259 3541.83 -3431.18 457.001 3538.62 -3429.9 454.92 3538.62 -3395.08 476.431
  poly 1: 3550.63 -3386.94 459.699 3526.97 -3386.94 438.478 3525.85 -3383.3 439.727 3501.64 -3383.3 418.016 3503.88 -3390.59 415.518 3479.68 -3390.59 393.807 3477.44 -3383.3 396.305 3453.23 -3383.3 374.593 3454.35 -3386.94 373.344 3430.53 -3386.94 351.977 3430.53 -3420.2 331.431 3433.73 -3421.48 333.506 3433.73 -3455.04 312.769 3427.34 -3452.48 308.619 3427.34 -3486.04 287.883 3433.73 -3488.6 292.033 3433.73 -3522.16 271.297 3430.53 -3520.88 269.221 3430.53 -3554.22 248.622 3454.36 -3554.22 269.997 3453.24 -3550.57 271.245 3477.44 -3550.57 292.948 3479.68 -3557.87 290.451 3503.87 -3557.87 312.153 3501.63 -3550.57 314.65 3525.83 -3550.57 336.353 3526.95 -3554.22 335.104 3550.63 -3554.22 356.343 3550.63 -3520.88 376.942 3553.83 -3522.17 379.023 3553.83 -3488.6 399.766 3547.42 -3486.02 395.604 3547.42 -3452.45 416.347 3553.83 -3455.02 420.509 3553.83 -3421.45 441.252 3550.63 -3420.17 439.171 3550.63 -3386.94 459.699
element 99
  poly 0: 3416.1 -3394.22 367.062 3394.01 -3394.22 341.566 3392.87 -3390.5 342.552 3371.69 -3390.5 318.11 3373.96 -3397.94 316.139 3352.79 -3397.94 291.697 3350.51 -3390.5 293.668 3329.33 -3390.5 269.226 3330.47 -3394.22 268.24 3309.44 -3394.22 243.97 3309.44 -3563.42 139.428 3331.08 -3563.42 164.397 3329.94 -3559.7 165.383 3351.11 -3559.7 189.814 3353.38 -3567.14 187.843 3374.55 -3567.14 212.275 3372.28 -3559.7 214.246 3393.45 -3559.7 238.677 3394.58 -3563.42 237.692 3416.1 -3563.42 262.52 3416.1 -3529.64 283.393 3418.97 -3531.12 285.79 3418.97 -3497.56 306.526 3413.23 -3494.6 301.733 3413.23 -3461.03 322.469 3418.97 -3464 327.262 3418.97 -3430.43 347.999 3416.1 -3428.95 345.602 3416.1 -3394.22 367.062
  poly 1: 3430.53 -3386.94 351.977 3409.72 -3386.94 327.953 3408.58 -3383.22 328.939 3387.4 -3383.22 304.496 3389.68 -3390.66 302.525 3368.5 -3390.66 278.083 3366.22 -3383.22 280.054 3345.04 -3383.22 255.612 3346.18 -3386.94 254.627 3324.85 -3386.94 230.013 3324.85 -3554.22 126.657 3346.2 -3554.22 151.293 3345.06 -3550.5 152.279 3366.23 -3550.5 176.71 3368.51 -3557.94 174.739 3389.68 -3557.94 199.171 3387.4 -3550.5 201.141 3408.57 -3550.5 225.573 3409.71 -3554.22 224.587 3430.53 -3554.22 248.622 3430.53 -3520.88 269.221 3433.4 -3522.36 271.618 3433.4 -3488.8 292.354 3427.66 -3485.84 287.561 3427.66 -3452.28 308.298 3433.4 -3455.24 313.091 3433.4 -3421.68 333.827 3430.53 -3420.2 331.431 3430.53 -3386.94 351.977
element 100
  poly 0: 4668.32 -3554.22 126.657 4646.98 -3554.22 151.293 4648.37 -3550.66 152.5 4627.2 -3550.66 176.931 4624.42 -3557.78 174.518 4603.25 -3557.78 198.949 4606.03 -3550.66 201.363 4584.86 -3550.66 225.794 4583.47 -3554.22 224.587 4562.64 -3554.22 248.622 4562.64 -3584.84 224.44 4565.62 -3583.17 222.322 4565.62 -3614.03 197.954 4559.66 -3617.38 202.191 4559.66 -3648.24 177.823 4565.62 -3644.89 173.587 4565.62 -3675.75 149.219 4562.64 -3677.42 151.338 4562.64 -3708.56 126.748 4668.32 -3708.56 4.78413 4668.32 -3554.22 126.657
  poly 1: 4683.09 -3563.42 140.171 4662.1 -3563.42 164.397 4663.49 -3559.86 165.604 4642.32 -3559.86 190.036 4639.54 -3566.98 187.622 4618.37 -3566.98 212.053 4621.15 -3559.86 214.467 4599.99 -3559.86 238.898 4598.59 -3563.42 237.692 4576.41 -3563.42 263.29 4576.41 -3595.51 237.948 4579.39 -3593.84 235.83 4579.39 -3624.7 211.463 4573.43 -3628.04 215.699 4573.43 -3658.9 191.332 4579.39 -3655.56 187.095 4579.39 -3686.42 162.728 4576.41 -3688.09 164.846 4576.41 -3718.67 140.7 4683.09 -3718.67 17.5813 4683.09 -3563.42 140.171
element 101
  poly 0: 4562.64 -3554.22 248.622 4538.81 -3554.22 269.997 4540.17 -3550.76 271.511 4515.98 -3550.76 293.213 4513.26 -3557.68 290.185 4489.07 -3557.68 311.888 4491.78 -3550.76 314.916 4467.59 -3550.76 336.618 4466.23 -3554.22 335.104 4442.55 -3554.22 356.343 4442.55 -3584.82 332.181 4445.85 -3583.38 330.361 4445.85 -3614.24 305.99 4439.26 -3617.12 309.632 4439.26 -3647.98 285.261 4445.85 -3645.11 281.62 4445.85 -3675.97 257.249 4442.55 -3677.41 259.07 4442.55 -3708.56 234.47 4562.64 -3708.56 126.748 4562.64 -3677.42 151.338 4565.93 -3675.99 149.521 4565.93 -3645.13 173.889 4559.36 -3648 177.521 4559.36 -3617.14 201.889 4565.93 -3614.27 198.256 4565.93 -3583.41 222.623 4562.64 -3584.84 224.44 4562.64 -3554.22 248.622
  poly 1: 4576.41 -3564.42 262.502 4551.85 -3564.42 284.532 4553.21 -3560.96 286.046 4529.01 -3560.96 307.748 4526.3 -3567.88 304.72 4502.1 -3567.88 326.423 4504.82 -3560.96 329.451 4480.63 -3560.96 351.154 4479.27 -3564.42 349.639 4453.88 -3564.42 372.408 4453.88 -3596.55 347.036 4457.18 -3595.11 345.215 4457.18 -3625.97 320.845 4450.59 -3628.85 324.486 4450.59 -3659.71 300.116 4457.18 -3656.84 296.474 4457.18 -3687.7 272.104 4453.88 -3689.14 273.924 4453.88 -3719.71 249.783 4576.41 -3719.71 139.877 4576.41 -3688.09 164.846 4579.7 -3686.65 163.03 4579.7 -3655.8 187.397 4573.12 -3658.66 191.03 4573.12 -3627.8 215.397 4579.7 -3624.94 211.765 4579.7 -3594.08 236.132 4576.41 -3595.51 237.948 4576.41 -3564.42 262.502
element 102
  poly 0: 4453.88 -3565.42 371.615 4425.91 -3565.42 389.52 4427.11 -3562.08 391.393 4399.69 -3562.08 408.945 4397.3 -3568.77 405.199 4369.88 -3568.77 422.751 4372.28 -3562.08 426.497 4344.86 -3562.08 444.049 4343.66 -3565.42 442.176 4314.93 -3565.42 460.571 4314.93 -3597.49 435.25 4318.54 -3596.36 433.826 4318.54 -3627.24 409.442 4311.31 -3629.49 412.29 4311.31 -3660.37 387.905 4318.54 -3658.12 385.058 4318.54 -3689 360.673 4314.93 -3690.13 362.097 4314.93 -3720.74 337.923 4453.88 -3720.74 248.967 4453.88 -3689.14 273.924 4457.48 -3688.02 272.504 4457.48 -3657.15 296.875 4450.28 -3659.4 299.715 4450.28 -3628.53 324.085 4457.48 -3626.29 321.245 4457.48 -3595.43 345.616 4453.88 -3596.55 347.036 4453.88 -3565.42 371.615
  poly 1: 4442.55 -3554.22 356.343 4415.68 -3554.22 373.542 4416.88 -3550.88 375.415 4389.47 -3550.88 392.967 4387.07 -3557.57 389.221 4359.65 -3557.57 406.773 4362.05 -3550.88 410.519 4334.63 -3550.88 428.071 4333.43 -3554.22 426.198 4306.75 -3554.22 443.276 4306.75 -3584.78 419.149 4310.36 -3583.65 417.725 4310.36 -3614.53 393.341 4303.14 -3616.78 396.189 4303.14 -3647.66 371.805 4310.36 -3645.41 368.957 4310.36 -3676.29 344.573 4306.75 -3677.42 345.997 4306.75 -3708.56 321.403 4442.55 -3708.56 234.47 4442.55 -3677.41 259.07 4446.15 -3676.29 257.65 4446.15 -3645.42 282.021 4438.95 -3647.67 284.86 4438.95 -3616.8 309.231 4446.15 -3614.56 306.391 4446.15 -3583.7 330.762 4442.55 -3584.82 332.181 4442.55 -3554.22 356.343
element 103
  poly 0: 4314.93 -3566.28 459.892 4283.7 -3566.28 471.873 4284.56 -3563.05 474.098 4254.12 -3563.05 485.779 4252.41 -3569.52 481.328 4221.98 -3569.52 493.009 4223.68 -3563.05 497.46 4193.25 -3563.05 509.141 4192.39 -3566.28 506.915 4160.63 -3566.28 519.102 4160.63 -3598.14 493.946 4164.51 -3597.42 493.029 4164.51 -3628.33 468.616 4156.75 -3629.78 470.45 4156.75 -3660.7 446.037 4164.51 -3659.25 444.204 4164.51 -3690.17 419.791 4160.63 -3690.89 420.708 4160.63 -3721.62 396.445 4314.93 -3721.62 337.234 4314.93 -3690.13 362.097 4318.79 -3689.41 361.183 4318.79 -3658.53 385.567 4311.06 -3659.97 387.396 4311.06 -3629.09 411.78 4318.79 -3627.65 409.951 4318.79 -3596.77 434.335 4314.93 -3597.49 435.25 4314.93 -3566.28 459.892
  poly 1: 4306.75 -3554.22 443.276 4277.1 -3554.22 454.657 4277.95 -3550.99 456.882 4247.51 -3550.99 468.563 4245.81 -3557.45 464.112 4215.37 -3557.45 475.793 4217.08 -3550.99 480.244 4186.64 -3550.99 491.925 4185.78 -3554.22 489.699 4156.32 -3554.22 501.005 4156.32 -3584.71 476.933 4160.2 -3583.98 476.016 4160.2 -3614.9 451.603 4152.44 -3616.35 453.437 4152.44 -3647.26 429.024 4160.2 -3645.81 427.19 4160.2 -3676.73 402.778 4156.32 -3677.46 403.694 4156.32 -3708.56 379.132 4306.75 -3708.56 321.403 4306.75 -3677.42 345.997 4310.62 -3676.69 345.082 4310.62 -3645.81 369.466 4302.88 -3647.26 371.296 4302.88 -3616.38 395.68 4310.62 -3614.93 393.85 4310.62 -3584.05 418.235 4306.75 -3584.78 419.149 4306.75 -3554.22 443.276
element 104
  poly 0: 4160.63 -3566.79 518.699 4127.25 -3566.79 522.967 4127.56 -3563.63 525.425 4095.18 -3563.63 529.564 4094.56 -3569.96 524.649 4062.18 -3569.96 528.788 4062.81 -3563.63 533.703 4030.43 -3563.63 537.843 4030.11 -3566.79 535.385 3996.59 -3566.79 539.671 3996.59 -3598.33 514.772 4000.62 -3598.07 514.454 4000.62 -3629.04 490.001 3992.55 -3629.54 490.636 3992.55 -3660.51 466.183 4000.62 -3660.01 465.548 4000.62 -3690.98 441.095 3996.59 -3691.23 441.412 3996.59 -3722.13 417.013 4160.63 -3722.13 396.041 4160.63 -3690.89 420.708 4164.66 -3690.64 420.39 4164.66 -3659.72 444.803 4156.6 -3660.22 445.438 4156.6 -3629.31 469.851 4164.66 -3628.81 469.216 4164.66 -3597.89 493.629 4160.63 -3598.14 493.946 4160.63 -3566.79 518.699
  poly 1: 4156.32 -3554.22 501.005 4124.95 -3554.22 505.015 4125.27 -3551.06 507.473 4092.89 -3551.06 511.612 4092.26 -3557.38 506.697 4059.88 -3557.38 510.836 4060.51 -3551.06 515.752 4028.13 -3551.06 519.891 4027.82 -3554.22 517.433 3996.59 -3554.22 521.426 3996.59 -3584.62 497.419 4000.62 -3584.37 497.101 4000.62 -3615.34 472.648 3992.55 -3615.84 473.284 3992.55 -3646.81 448.831 4000.62 -3646.31 448.195 4000.62 -3677.27 423.742 3996.59 -3677.53 424.06 3996.59 -3708.56 399.553 4156.32 -3708.56 379.132 4156.32 -3677.46 403.694 4160.35 -3677.2 403.377 4160.35 -3646.29 427.79 4152.29 -3646.79 428.425 4152.29 -3615.87 452.837 4160.35 -3615.37 452.202 4160.35 -3584.46 476.615 4156.32 -3584.71 476.933 4156.32 -3554.22 501.005
element 105
  poly 0: 3996.59 -3566.79 539.671 3963.06 -3566.79 535.385 3962.75 -3563.63 537.843 3930.37 -3563.63 533.703 3931 -3569.96 528.788 3898.62 -3569.96 524.649 3897.99 -3563.63 529.564 3865.61 -3563.63 525.425 3865.93 -3566.79 522.967 3832.54 -3566.79 518.699 3832.54 -3598.14 493.946 3836.57 -3598.39 494.263 3836.57 -3629.31 469.851 3828.51 -3628.81 469.216 3828.51 -3659.72 444.803 3836.57 -3660.22 445.438 3836.57 -3691.14 421.025 3832.54 -3690.89 420.708 3832.54 -3722.13 396.041 3996.59 -3722.13 417.013 3996.59 -3691.23 441.412 4000.62 -3691.48 441.73 4000.62 -3660.51 466.183 3992.55 -3660.01 465.548 3992.55 -3629.04 490.001 4000.62 -3629.54 490.636 4000.62 -3598.58 515.089 3996.59 -3598.33 514.772 3996.59 -3566.79 539.671
  poly 1: 3996.59 -3554.22 521.426 3965.36 -3554.22 517.433 3965.04 -3551.06 519.891 3932.67 -3551.06 515.752 3933.29 -3557.38 510.836 3900.92 -3557.38 506.697 3900.29 -3551.06 511.612 3867.91 -3551.06 507.473 3868.22 -3554.22 505.015 3836.85 -3554.22 501.005 3836.85 -3584.71 476.933 3840.88 -3584.96 477.25 3840.88 -3615.87 452.837 3832.82 -3615.37 452.202 3832.82 -3646.29 427.79 3840.88 -3646.79 428.425 3840.88 -3677.71 404.012 3836.85 -3677.46 403.694 3836.85 -3708.56 379.132 3996.59 -3708.56 399.553 3996.59 -3677.53 424.06 4000.62 -3677.78 424.377 4000.62 -3646.81 448.831 3992.55 -3646.31 448.195 3992.55 -3615.34 472.648 4000.62 -3615.84 473.284 4000.62 -3584.87 497.737 3996.59 -3584.62 497.419 3996.59 -3554.22 521.426
element 106
  poly 0: 3832.54 -3566.28 519.102 3800.79 -3566.28 506.915 3799.93 -3563.05 509.141 3769.49 -3563.05 497.46 3771.2 -3569.52 493.009 3740.76 -3569.52 481.328 3739.06 -3563.05 485.779 3708.62 -3563.05 474.098 3709.47 -3566.28 471.873 3678.25 -3566.28 459.892 3678.25 -3597.49 435.25 3682.12 -3598.21 436.165 3682.12 -3629.09 411.78 3674.38 -3627.65 409.951 3674.38 -3658.53 385.567 3682.12 -3659.97 387.396 3682.12 -3690.85 363.012 3678.25 -3690.13 362.097 3678.25 -3721.62 337.234 3832.54 -3721.62 396.445 3832.54 -3690.89 420.708 3836.42 -3691.61 421.625 3836.42 -3660.7 446.037 3828.66 -3659.25 444.204 3828.66 -3628.33 468.616 3836.42 -3629.78 470.45 3836.42 -3598.86 494.863 3832.54 -3598.14 493.946 3832.54 -3566.28 519.102
  poly 1: 3836.85 -3554.22 501.005 3807.39 -3554.22 489.699 3806.54 -3550.99 491.925 3776.1 -3550.99 480.244 3777.81 -3557.45 475.793 3747.37 -3557.45 464.112 3745.66 -3550.99 468.563 3715.22 -3550.99 456.882 3716.08 -3554.22 454.657 3686.42 -3554.22 443.276 3686.42 -3584.78 419.149 3690.29 -3585.5 420.064 3690.29 -3616.38 395.68 3682.55 -3614.93 393.85 3682.55 -3645.81 369.466 3690.29 -3647.26 371.296 3690.29 -3678.14 346.911 3686.42 -3677.42 345.997 3686.42 -3708.56 321.403 3836.85 -3708.56 379.132 3836.85 -3677.46 403.694 3840.73 -3678.18 404.611 3840.73 -3647.26 429.024 3832.97 -3645.81 427.19 3832.97 -3614.9 451.603 3840.73 -3616.35 453.437 3840.73 -3585.43 477.85 3836.85 -3584.71 476.933 3836.85 -3554.22 501.005
element 107
  poly 0: 3678.25 -3565.42 460.571 3649.52 -3565.42 442.176 3648.32 -3562.08 444.049 3620.9 -3562.08 426.497 3623.3 -3568.77 422.751 3595.88 -3568.77 405.199 3593.48 -3562.08 408.945 3566.06 -3562.08 391.393 3567.26 -3565.42 389.52 3539.29 -3565.42 371.615 3539.29 -3596.55 347.036 3542.89 -3597.67 348.456 3542.89 -3628.53 324.085 3535.69 -3626.29 321.245 3535.69 -3657.15 296.875 3542.89 -3659.4 299.715 3542.89 -3690.26 275.344 3539.29 -3689.14 273.924 3539.29 -3720.74 248.967 3678.25 -3720.74 337.923 3678.25 -3690.13 362.097 3681.86 -3691.25 363.521 3681.86 -3660.37 387.905 3674.64 -3658.12 385.058 3674.64 -3627.24 409.442 3681.86 -3629.49 412.29 3681.86 -3598.61 436.674 3678.25 -3597.49 435.25 3678.25 -3565.42 460.571
  poly 1: 3686.42 -3554.22 443.276 3659.75 -3554.22 426.198 3658.55 -3550.88 428.071 3631.13 -3550.88 410.519 3633.53 -3557.57 406.773 3606.11 -3557.57 389.221 3603.71 -3550.88 392.967 3576.29 -3550.88 375.415 3577.49 -3554.22 373.542 3550.63 -3554.22 356.343 3550.63 -3584.82 332.181 3554.23 -3585.94 333.601 3554.23 -3616.8 309.231 3547.02 -3614.56 306.391 3547.02 -3645.42 282.021 3554.23 -3647.67 284.86 3554.23 -3678.53 260.49 3550.63 -3677.41 259.07 3550.63 -3708.56 234.47 3686.42 -3708.56 321.403 3686.42 -3677.42 345.997 3690.03 -3678.54 347.421 3690.03 -3647.66 371.805 3682.81 -3645.41 368.957 3682.81 -3614.53 393.341 3690.03 -3616.78 396.189 3690.03 -3585.9 420.573 3686.42 -3584.78 419.149 3686.42 -3554.22 443.276
element 108
  poly 0: 3539.29 -3564.42 372.408 3513.91 -3564.42 349.639 3512.55 -3560.96 351.154 3488.36 -3560.96 329.451 3491.07 -3567.88 326.423 3466.88 -3567.88 304.72 3464.16 -3560.96 307.748 3439.97 -3560.96 286.046 3441.33 -3564.42 284.532 3416.77 -3564.42 262.502 3416.77 -3595.51 237.948 3420.05 -3596.95 239.765 3420.05 -3627.8 215.397 3413.48 -3624.94 211.765 3413.48 -3655.8 187.397 3420.05 -3658.66 191.03 3420.05 -3689.52 166.663 3416.77 -3688.09 164.846 3416.77 -3719.71 139.877 3539.29 -3719.71 249.783 3539.29 -3689.14 273.924 3542.59 -3690.58 275.745 3542.59 -3659.71 300.116 3536 -3656.84 296.474 3536 -3625.97 320.845 3542.59 -3628.85 324.486 3542.59 -3597.99 348.857 3539.29 -3596.55 347.036 3539.29 -3564.42 372.408
  poly 1: 3550.63 -3554.22 356.343 3526.95 -3554.22 335.104 3525.59 -3550.76 336.618 3501.39 -3550.76 314.916 3504.11 -3557.68 311.888 3479.92 -3557.68 290.185 3477.2 -3550.76 293.213 3453 -3550.76 271.511 3454.36 -3554.22 269.997 3430.53 -3554.22 248.622 3430.53 -3584.84 224.44 3433.82 -3586.28 226.256 3433.82 -3617.14 201.889 3427.25 -3614.27 198.256 3427.25 -3645.13 173.889 3433.82 -3648 177.521 3433.82 -3678.86 153.154 3430.53 -3677.42 151.338 3430.53 -3708.56 126.748 3550.63 -3708.56 234.47 3550.63 -3677.41 259.07 3553.92 -3678.85 260.891 3553.92 -3647.98 285.261 3547.33 -3645.11 281.62 3547.33 -3614.24 305.99 3553.92 -3617.12 309.632 3553.92 -3586.26 334.002 3550.63 -3584.82 332.181 3550.63 -3554.22 356.343
element 109
  poly 0: 3416.77 -3563.42 263.29 3394.58 -3563.42 237.692 3393.19 -3559.86 238.898 3372.02 -3559.86 214.467 3374.81 -3566.98 212.053 3353.64 -3566.98 187.622 3350.85 -3559.86 190.036 3329.68 -3559.86 165.604 3331.08 -3563.42 164.397 3310.08 -3563.42 140.171 3310.08 -3718.67 17.5813 3416.77 -3718.67 140.7 3416.77 -3688.09 164.846 3419.75 -3689.76 166.964 3419.75 -3658.9 191.332 3413.79 -3655.56 187.095 3413.79 -3624.7 211.463 3419.75 -3628.04 215.699 3419.75 -3597.18 240.067 3416.77 -3595.51 237.948 3416.77 -3563.42 263.29
  poly 1: 3430.53 -3554.22 248.622 3409.71 -3554.22 224.587 3408.32 -3550.66 225.794 3387.15 -3550.66 201.363 3389.93 -3557.78 198.949 3368.76 -3557.78 174.518 3365.98 -3550.66 176.931 3344.81 -3550.66 152.5 3346.2 -3554.22 151.293 3324.85 -3554.22 126.657 3324.85 -3708.56 4.78413 3430.53 -3708.56 126.748 3430.53 -3677.42 151.338 3433.51 -3679.09 153.456 3433.51 -3648.24 177.823 3427.55 -3644.89 173.587 3427.55 -3614.03 197.954 3433.51 -3617.38 202.191 3433.51 -3586.52 226.558 3430.53 -3584.84 224.44 3430.53 -3554.22 248.622
