element 0
  poly 0: 304.782 66.3891 232.673 338.472 -52.3902 232.673 316.119 -39.5471 232.673 352.628 -168.269 232.673 364.909 -145.603 232.673 396.724 -257.774 232.673 428.941 -253.293 232.673 428.941 -118.223 232.673 446.941 -136.68 232.673 446.941 -2.86129 232.673 428.941 -21.3191 232.673 428.941 83.7003 232.673 383.257 77.3307 232.673 388.486 96.2338 232.673 332.559 88.4361 232.673 342.759 71.6841 232.673 304.782 66.3891 232.673
  poly 1: 304.782 66.3891 214.673 338.472 -52.3902 214.673 316.119 -39.5471 214.673 352.628 -168.269 214.673 364.909 -145.603 214.673 396.724 -257.774 214.673 428.941 -253.293 214.673 428.941 -118.223 214.673 446.941 -136.68 214.673 446.941 -2.86129 214.673 428.941 -21.3191 214.673 428.941 83.7003 214.673 383.257 77.3307 214.673 388.486 96.2338 214.673 332.559 88.4361 214.673 342.759 71.6841 214.673 304.782 66.3891 214.673
element 1
  poly 0: 349.128 -221.896 187.673 366.445 -216.985 187.673
  poly 1: 349.128 -221.896 187.673 366.445 -216.985 187.673
  poly 2: 349.128 -221.896 187.673 366.445 -216.985 187.673
  poly 3: 349.128 -221.896 187.673 366.445 -216.985 187.673
  poly 4: 325.015 -136.878 187.673 342.332 -131.966 187.673
  poly 5: 325.015 -136.878 187.673 342.332 -131.966 187.673
  poly 6: 325.015 -136.878 187.673 342.332 -131.966 187.673
  poly 7: 325.015 -136.878 187.673 342.332 -131.966 187.673
  poly 8: 300.901 -51.8598 187.673 318.218 -46.9482 187.673
  poly 9: 300.901 -51.8598 187.673 318.218 -46.9482 187.673
  poly 10: 300.901 -51.8598 187.673 318.218 -46.9482 187.673
  poly 11: 300.901 -51.8598 187.673 318.218 -46.9482 187.673
  poly 12: 276.787 33.1584 187.673 294.104 38.07 187.673
  poly 13: 276.787 33.1584 187.673 294.104 38.07 187.673
  poly 14: 276.787 33.1584 187.673 294.104 38.07 187.673
  poly 15: 276.787 33.1584 187.673 294.104 38.07 187.673
  poly 16: 276.787 33.1584 119.868 294.104 38.07 119.868
  poly 17: 276.787 33.1584 119.868 294.104 38.07 119.868
  poly 18: 276.787 33.1584 119.868 294.104 38.07 119.868
  poly 19: 276.787 33.1584 119.868 294.104 38.07 119.868
  poly 20: 276.787 33.1584 52.0637 294.104 38.07 52.0637
  poly 21: 276.787 33.1584 52.0637 294.104 38.07 52.0637
  poly 22: 276.787 33.1584 52.0637 294.104 38.07 52.0637
  poly 23: 276.787 33.1584 52.0637 294.104 38.07 52.0637
  poly 24: 276.787 33.1584 -15.741 294.104 38.07 -15.741
  poly 25: 276.787 33.1584 -15.741 294.104 38.07 -15.741
  poly 26: 276.787 33.1584 -15.741 294.104 38.07 -15.741
  poly 27: 276.787 33.1584 -15.741 294.104 38.07 -15.741
  poly 28: 300.901 -51.8598 -60.9805 318.218 -46.9482 -60.9805
  poly 29: 300.901 -51.8598 -60.9805 318.218 -46.9482 -60.9805
  poly 30: 300.901 -51.8598 -60.9805 318.218 -46.9482 -60.9805
  poly 31: 300.901 -51.8598 -60.9805 318.218 -46.9482 -60.9805
  poly 32: 325.015 -136.878 -106.22 342.332 -131.966 -106.22
  poly 33: 325.015 -136.878 -106.22 342.332 -131.966 -106.22
  poly 34: 325.015 -136.878 -106.22 342.332 -131.966 -106.22
  poly 35: 325.015 -136.878 -106.22 342.332 -131.966 -106.22
  poly 36: 349.128 -221.896 -151.459 366.445 -216.985 -151.459
  poly 37: 349.128 -221.896 -151.459 366.445 -216.985 -151.459
  poly 38: 349.128 -221.896 -151.459 366.445 -216.985 -151.459
  poly 39: 349.128 -221.896 -151.459 366.445 -216.985 -151.459
  poly 40: 349.128 -221.896 -66.6762 366.445 -216.985 -66.6762
  poly 41: 349.128 -221.896 -66.6762 366.445 -216.985 -66.6762
  poly 42: 349.128 -221.896 -66.6762 366.445 -216.985 -66.6762
  poly 43: 349.128 -221.896 -66.6762 366.445 -216.985 -66.6762
  poly 44: 349.128 -221.896 18.1069 366.445 -216.985 18.1069
  poly 45: 349.128 -221.896 18.1069 366.445 -216.985 18.1069
  poly 46: 349.128 -221.896 18.1069 366.445 -216.985 18.1069
  poly 47: 349.128 -221.896 18.1069 366.445 -216.985 18.1069
  poly 48: 349.128 -221.896 102.89 366.445 -216.985 102.89
  poly 49: 349.128 -221.896 102.89 366.445 -216.985 102.89
  poly 50: 286.784 63.8796 -52.5611 378.724 -260.277 -225.05 378.724 -260.277 232.673 352.628 -168.269 232.673 352.628 -168.269 214.673 316.119 -39.5471 214.673 316.119 -39.5471 232.673 286.784 63.8796 232.673 286.784 63.8796 118.325 281.825 81.3624 132.856 281.825 81.3624 27.508 286.784 63.8796 42.0387 286.784 63.8796 -52.5611
  poly 51: 304.782 66.3891 -54.2987 396.724 -257.774 -226.79 396.724 -257.774 232.673 364.909 -145.603 232.673 364.909 -145.603 214.673 338.472 -52.3902 214.673 338.472 -52.3902 232.673 304.782 66.3891 232.673 304.782 66.3891 118.325 299.824 83.8718 132.856 299.824 83.8718 27.508 304.782 66.3891 42.0387 304.782 66.3891 -54.2987
element 2
  poly 0: 323.909 105.404 -2.35593 326.394 87.5765 -2.35593
  poly 1: 323.909 105.404 -2.35593 326.394 87.5765 -2.35593
  poly 2: 323.909 105.404 -2.35593 326.394 87.5765 -2.35593
  poly 3: 323.909 105.404 -2.35593 326.394 87.5765 -2.35593
  poly 4: 323.909 105.404 92.6586 326.394 87.5765 92.6586
  poly 5: 323.909 105.404 92.6586 326.394 87.5765 92.6586
  poly 6: 323.909 105.404 92.6586 326.394 87.5765 92.6586
  poly 7: 323.909 105.404 92.6586 326.394 87.5765 92.6586
  poly 8: 323.909 105.404 187.673 326.394 87.5765 187.673
  poly 9: 323.909 105.404 187.673 326.394 87.5765 187.673
  poly 10: 323.909 105.404 187.673 326.394 87.5765 187.673
  poly 11: 323.909 105.404 187.673 326.394 87.5765 187.673
  poly 12: 399.886 115.997 187.673 402.372 98.1699 187.673
  poly 13: 399.886 115.997 187.673 402.372 98.1699 187.673
  poly 14: 399.886 115.997 187.673 402.372 98.1699 187.673
  poly 15: 399.886 115.997 187.673 402.372 98.1699 187.673
  poly 16: 399.886 115.997 88.991 402.372 98.1699 88.991
  poly 17: 399.886 115.997 88.991 402.372 98.1699 88.991
  poly 18: 399.886 115.997 88.991 402.372 98.1699 88.991
  poly 19: 399.886 115.997 88.991 402.372 98.1699 88.991
  poly 20: 399.886 115.997 -9.69123 402.372 98.1699 -9.69123
  poly 21: 399.886 115.997 -9.69123 402.372 98.1699 -9.69123
  poly 22: 281.825 81.3624 -43.2583 281.825 81.3624 27.508 299.824 83.8718 27.508 299.824 83.8718 132.856 281.825 81.3624 132.856 281.825 81.3624 232.673 332.559 88.4361 232.673 332.559 88.4361 214.673 388.486 96.2338 214.673 388.486 96.2338 232.673 428.941 101.874 232.673 428.941 101.874 112.926 446.941 104.384 128.201 446.941 104.384 17.4538 428.941 101.874 32.7294 428.941 101.874 -57.4616 281.825 81.3624 -43.2583
  poly 23: 286.784 63.8796 -52.5611 286.784 63.8796 42.0387 304.782 66.3891 42.0387 304.782 66.3891 118.325 286.784 63.8796 118.325 286.784 63.8796 232.673 342.759 71.6841 232.673 342.759 71.6841 214.673 383.257 77.3307 214.673 383.257 77.3307 232.673 428.941 83.7003 232.673 428.941 83.7003 112.926 446.941 86.21 128.201 446.941 86.21 17.4538 428.941 83.7003 32.7294 428.941 83.7003 -66.2857 286.784 63.8796 -52.5611
element 3
  poly 0: 446.941 -250.79 -231.647 446.941 104.384 -59.1994 446.941 104.384 17.4538 446.941 86.21 17.4538 446.941 86.21 128.201 446.941 104.384 128.201 446.941 104.384 232.673 446.941 -2.86129 232.673 446.941 -2.86129 214.673 446.941 -136.68 214.673 446.941 -136.68 232.673 446.941 -250.79 232.673 446.941 -250.79 -231.647
  poly 1: 428.941 -253.293 -229.906 428.941 101.874 -57.4616 428.941 101.874 32.7294 428.941 83.7003 32.7294 428.941 83.7003 112.926 428.941 101.874 112.926 428.941 101.874 232.673 428.941 -21.3191 232.673 428.941 -21.3191 214.673 428.941 -118.223 214.673 428.941 -118.223 232.673 428.941 -253.293 232.673 428.941 -253.293 -229.906
element 4
  poly 0: 191.318 11.4245 232.673 247.998 -93.7385 232.673 223.749 -86.6866 232.673 284.676 -199.728 232.673 292.118 -175.596 232.673 345.108 -273.913 232.673 361.945 -267.083 232.673 325.294 -137.863 232.673 347.629 -150.645 232.673 311.248 -22.372 232.673 298.949 -44.9763 232.673 270.662 54.7562 232.673 243.014 39.6571 232.673 239.565 58.2828 232.673 202.022 37.7794 232.673 215.828 24.8098 232.673 191.318 11.4245 232.673
  poly 1: 191.318 11.4245 214.673 247.998 -93.7385 214.673 223.749 -86.6866 214.673 284.676 -199.728 214.673 292.118 -175.596 214.673 345.108 -273.913 214.673 361.945 -267.083 214.673 325.294 -137.863 214.673 347.629 -150.645 214.673 311.248 -22.372 214.673 298.949 -44.9763 214.673 270.662 54.7562 214.673 243.014 39.6571 214.673 239.565 58.2828 214.673 202.022 37.7794 214.673 215.828 24.8098 214.673 191.318 11.4245 214.673
element 5
  poly 0: 291.133 -249.647 187.673 306.978 -241.107 187.673
  poly 1: 291.133 -249.647 187.673 306.978 -241.107 187.673
  poly 2: 291.133 -249.647 187.673 306.978 -241.107 187.673
  poly 3: 291.133 -249.647 187.673 306.978 -241.107 187.673
  poly 4: 251.584 -176.268 187.673 267.429 -167.728 187.673
  poly 5: 251.584 -176.268 187.673 267.429 -167.728 187.673
  poly 6: 251.584 -176.268 187.673 267.429 -167.728 187.673
  poly 7: 251.584 -176.268 187.673 267.429 -167.728 187.673
  poly 8: 212.034 -102.889 187.673 227.879 -94.3493 187.673
  poly 9: 212.034 -102.889 187.673 227.879 -94.3493 187.673
  poly 10: 212.034 -102.889 187.673 227.879 -94.3493 187.673
  poly 11: 212.034 -102.889 187.673 227.879 -94.3493 187.673
  poly 12: 172.485 -29.5107 187.673 188.33 -20.9705 187.673
  poly 13: 172.485 -29.5107 187.673 188.33 -20.9705 187.673
  poly 14: 172.485 -29.5107 187.673 188.33 -20.9705 187.673
  poly 15: 172.485 -29.5107 187.673 188.33 -20.9705 187.673
  poly 16: 172.485 -29.5107 91.3155 188.33 -20.9705 91.3155
  poly 17: 172.485 -29.5107 91.3155 188.33 -20.9705 91.3155
  poly 18: 172.485 -29.5107 91.3155 188.33 -20.9705 91.3155
  poly 19: 172.485 -29.5107 91.3155 188.33 -20.9705 91.3155
  poly 20: 172.485 -29.5107 -5.04221 188.33 -20.9705 -5.04221
  poly 21: 172.485 -29.5107 -5.04221 188.33 -20.9705 -5.04221
  poly 22: 172.485 -29.5107 -5.04221 188.33 -20.9705 -5.04221
  poly 23: 172.485 -29.5107 -5.04221 188.33 -20.9705 -5.04221
  poly 24: 212.034 -102.889 -50.6413 227.879 -94.3493 -50.6413
  poly 25: 212.034 -102.889 -50.6413 227.879 -94.3493 -50.6413
  poly 26: 212.034 -102.889 -50.6413 227.879 -94.3493 -50.6413
  poly 27: 212.034 -102.889 -50.6413 227.879 -94.3493 -50.6413
  poly 28: 251.584 -176.268 -96.2403 267.429 -167.728 -96.2403
  poly 29: 251.584 -176.268 -96.2403 267.429 -167.728 -96.2403
  poly 30: 251.584 -176.268 -96.2403 267.429 -167.728 -96.2403
  poly 31: 251.584 -176.268 -96.2403 267.429 -167.728 -96.2403
  poly 32: 291.133 -249.647 -141.839 306.978 -241.107 -141.839
  poly 33: 291.133 -249.647 -141.839 306.978 -241.107 -141.839
  poly 34: 291.133 -249.647 -141.839 306.978 -241.107 -141.839
  poly 35: 291.133 -249.647 -141.839 306.978 -241.107 -141.839
  poly 36: 291.133 -249.647 -59.4613 306.978 -241.107 -59.4613
  poly 37: 291.133 -249.647 -59.4613 306.978 -241.107 -59.4613
  poly 38: 291.133 -249.647 -59.4613 306.978 -241.107 -59.4613
  poly 39: 291.133 -249.647 -59.4613 306.978 -241.107 -59.4613
  poly 40: 291.133 -249.647 22.9169 306.978 -241.107 22.9169
  poly 41: 291.133 -249.647 22.9169 306.978 -241.107 22.9169
  poly 42: 291.133 -249.647 22.9169 306.978 -241.107 22.9169
  poly 43: 291.133 -249.647 22.9169 306.978 -241.107 22.9169
  poly 44: 291.133 -249.647 105.295 306.978 -241.107 105.295
  poly 45: 291.133 -249.647 105.295 306.978 -241.107 105.295
  poly 46: 175.52 2.79683 -48.4814 328.328 -280.719 -217.748 328.328 -280.719 232.673 284.676 -199.728 232.673 284.676 -199.728 214.673 223.749 -86.6866 214.673 223.749 -86.6866 232.673 175.52 2.79683 232.673 175.52 2.79683 120.009 166.98 18.6422 134.308 166.98 18.6422 30.6438 175.52 2.79683 44.9422 175.52 2.79683 -48.4814
  poly 47: 191.318 11.4245 -49.825 345.108 -273.913 -220.179 345.108 -273.913 232.673 292.118 -175.596 232.673 292.118 -175.596 214.673 247.998 -93.7385 214.673 247.998 -93.7385 232.673 191.318 11.4245 232.673 191.318 11.4245 120.009 182.778 27.2698 134.308 182.778 27.2698 30.6438 191.318 11.4245 44.9422 191.318 11.4245 -49.825
element 6
  poly 0: 197.847 56.0086 4.54519 206.474 40.211 4.54519
  poly 1: 197.847 56.0086 4.54519 206.474 40.211 4.54519
  poly 2: 197.847 56.0086 4.54519 206.474 40.211 4.54519
  poly 3: 197.847 56.0086 4.54519 206.474 40.211 4.54519
  poly 4: 197.847 56.0086 96.1092 206.474 40.211 96.1092
  poly 5: 197.847 56.0086 96.1092 206.474 40.211 96.1092
  poly 6: 197.847 56.0086 96.1092 206.474 40.211 96.1092
  poly 7: 197.847 56.0086 96.1092 206.474 40.211 96.1092
  poly 8: 197.846 56.0086 187.673 206.474 40.211 187.673
  poly 9: 197.846 56.0086 187.673 206.474 40.211 187.673
  poly 10: 197.846 56.0086 187.673 206.474 40.211 187.673
  poly 11: 197.846 56.0086 187.673 206.474 40.211 187.673
  poly 12: 233.704 75.5912 187.673 242.331 59.7936 187.673
  poly 13: 233.704 75.5912 187.673 242.331 59.7936 187.673
  poly 14: 233.704 75.5912 187.673 242.331 59.7936 187.673
  poly 15: 233.704 75.5912 187.673 242.331 59.7936 187.673
  poly 16: 233.704 75.5912 95.4477 242.331 59.7936 95.4477
  poly 17: 233.704 75.5912 95.4477 242.331 59.7936 95.4477
  poly 18: 233.704 75.5912 95.4477 242.331 59.7936 95.4477
  poly 19: 233.704 75.5912 95.4477 242.331 59.7936 95.4477
  poly 20: 233.704 75.5912 3.22234 242.331 59.7936 3.22234
  poly 21: 233.704 75.5912 3.22234 242.331 59.7936 3.22234
  poly 22: 166.98 18.6422 -39.0214 166.98 18.6422 30.6438 182.778 27.2698 30.6438 182.778 27.2698 134.308 166.98 18.6422 134.308 166.98 18.6422 232.673 202.022 37.7794 232.673 202.022 37.7794 214.673 239.565 58.2828 214.673 239.565 58.2828 232.673 265.625 72.5148 232.673 265.625 72.5148 116.816 281.825 81.3624 131.555 281.825 81.3624 24.6982 265.625 72.5148 39.437 265.625 72.5148 -47.411 166.98 18.6422 -39.0214
  poly 23: 175.52 2.79683 -48.4814 175.52 2.79683 44.9422 191.318 11.4245 44.9422 191.318 11.4245 120.009 175.52 2.79683 120.009 175.52 2.79683 232.673 215.828 24.8098 232.673 215.828 24.8098 214.673 243.014 39.6571 214.673 243.014 39.6571 232.673 270.662 54.7562 232.673 270.662 54.7562 116.816 286.862 63.6038 131.555 286.862 63.6038 24.6982 270.662 54.7562 39.437 270.662 54.7562 -56.5731 175.52 2.79683 -48.4814
element 7
  poly 0: 383.762 -212.073 187.673 366.445 -216.985 187.673
  poly 1: 383.762 -212.073 187.673 366.445 -216.985 187.673
  poly 2: 383.762 -212.073 187.673 366.445 -216.985 187.673
  poly 3: 383.762 -212.073 187.673 366.445 -216.985 187.673
  poly 4: 359.649 -127.055 187.673 342.332 -131.966 187.673
  poly 5: 359.649 -127.055 187.673 342.332 -131.966 187.673
  poly 6: 359.649 -127.055 187.673 342.332 -131.966 187.673
  poly 7: 359.649 -127.055 187.673 342.332 -131.966 187.673
  poly 8: 335.535 -42.0366 187.673 318.218 -46.9482 187.673
  poly 9: 335.535 -42.0366 187.673 318.218 -46.9482 187.673
  poly 10: 335.535 -42.0366 187.673 318.218 -46.9482 187.673
  poly 11: 335.535 -42.0366 187.673 318.218 -46.9482 187.673
  poly 12: 311.421 42.9816 187.673 294.104 38.07 187.673
  poly 13: 311.421 42.9816 187.673 294.104 38.07 187.673
  poly 14: 311.421 42.9816 187.673 294.104 38.07 187.673
  poly 15: 311.421 42.9816 187.673 294.104 38.07 187.673
  poly 16: 311.421 42.9816 119.868 294.104 38.07 119.868
  poly 17: 311.421 42.9816 119.868 294.104 38.07 119.868
  poly 18: 311.421 42.9816 119.868 294.104 38.07 119.868
  poly 19: 311.421 42.9816 119.868 294.104 38.07 119.868
  poly 20: 311.421 42.9816 52.0637 294.104 38.07 52.0637
  poly 21: 311.421 42.9816 52.0637 294.104 38.07 52.0637
  poly 22: 311.421 42.9816 52.0637 294.104 38.07 52.0637
  poly 23: 311.421 42.9816 52.0637 294.104 38.07 52.0637
  poly 24: 311.421 42.9816 -15.741 294.104 38.07 -15.741
  poly 25: 311.421 42.9816 -15.741 294.104 38.07 -15.741
  poly 26: 311.421 42.9816 -15.741 294.104 38.07 -15.741
  poly 27: 311.421 42.9816 -15.741 294.104 38.07 -15.741
  poly 28: 335.535 -42.0366 -60.9805 318.218 -46.9482 -60.9805
  poly 29: 335.535 -42.0366 -60.9805 318.218 -46.9482 -60.9805
  poly 30: 335.535 -42.0366 -60.9805 318.218 -46.9482 -60.9805
  poly 31: 335.535 -42.0366 -60.9805 318.218 -46.9482 -60.9805
  poly 32: 359.649 -127.055 -106.22 342.332 -131.966 -106.22
  poly 33: 359.649 -127.055 -106.22 342.332 -131.966 -106.22
  poly 34: 359.649 -127.055 -106.22 342.332 -131.966 -106.22
  poly 35: 359.649 -127.055 -106.22 342.332 -131.966 -106.22
  poly 36: 383.762 -212.073 -151.459 366.445 -216.985 -151.459
  poly 37: 383.762 -212.073 -151.459 366.445 -216.985 -151.459
  poly 38: 383.762 -212.073 -151.459 366.445 -216.985 -151.459
  poly 39: 383.762 -212.073 -151.459 366.445 -216.985 -151.459
  poly 40: 383.762 -212.073 -66.6762 366.445 -216.985 -66.6762
  poly 41: 383.762 -212.073 -66.6762 366.445 -216.985 -66.6762
  poly 42: 383.762 -212.073 -66.6762 366.445 -216.985 -66.6762
  poly 43: 383.762 -212.073 -66.6762 366.445 -216.985 -66.6762
  poly 44: 383.762 -212.073 18.1069 366.445 -216.985 18.1069
  poly 45: 383.762 -212.073 18.1069 366.445 -216.985 18.1069
  poly 46: 383.762 -212.073 18.1069 366.445 -216.985 18.1069
  poly 47: 383.762 -212.073 18.1069 366.445 -216.985 18.1069
  poly 48: 383.762 -212.073 102.89 366.445 -216.985 102.89
  poly 49: 383.762 -212.073 102.89 366.445 -216.985 102.89
  poly 50: 378.724 -260.277 -225.05 281.825 81.3624 -48.7889 281.825 81.3624 24.6982 286.862 63.6038 24.6982 286.862 63.6038 131.555 281.825 81.3624 131.555 281.825 81.3624 232.673 311.248 -22.372 232.673 311.248 -22.372 214.673 347.629 -150.645 214.673 347.629 -150.645 232.673 378.724 -260.277 232.673 378.724 -260.277 -225.05
  poly 51: 361.945 -267.083 -222.619 265.625 72.5148 -47.411 265.625 72.5148 39.437 270.662 54.7562 39.437 270.662 54.7562 116.816 265.625 72.5148 116.816 265.625 72.5148 232.673 298.949 -44.9763 232.673 298.949 -44.9763 214.673 325.294 -137.863 214.673 325.294 -137.863 232.673 361.945 -267.083 232.673 361.945 -267.083 -222.619
element 8
  poly 0: 90.1991 -75.7725 232.673 165.43 -159.714 232.673 140.828 -159.233 232.673 222.012 -249.818 232.673 224.219 -225.31 232.673 294.919 -304.196 232.673 313.497 -291.141 232.673 252.521 -178.008 232.673 276.707 -184.943 232.673 216.238 -72.7504 232.673 208.734 -96.7653 232.673 162.076 -10.1975 232.673 136.96 -33.1117 232.673 129.467 -15.5817 232.673 95.833 -46.267 232.673 112.604 -55.332 232.673 90.1991 -75.7725 232.673
  poly 1: 90.1991 -75.7725 214.673 165.43 -159.714 214.673 140.828 -159.233 214.673 222.012 -249.818 214.673 224.219 -225.31 214.673 294.919 -304.196 214.673 313.497 -291.141 214.673 252.521 -178.008 214.673 276.707 -184.943 214.673 216.238 -72.7504 214.673 208.734 -96.7653 214.673 162.076 -10.1975 214.673 136.96 -33.1117 214.673 129.467 -15.5817 214.673 95.833 -46.267 214.673 112.604 -55.332 214.673 90.1991 -75.7725 214.673
element 9
  poly 0: 236.65 -293.12 187.673 250.054 -281.107 187.673
  poly 1: 236.65 -293.12 187.673 250.054 -281.107 187.673
  poly 2: 236.65 -293.12 187.673 250.054 -281.107 187.673
  poly 3: 236.65 -293.12 187.673 250.054 -281.107 187.673
  poly 4: 184.939 -235.422 187.673 198.343 -223.408 187.673
  poly 5: 184.939 -235.422 187.673 198.343 -223.408 187.673
  poly 6: 184.939 -235.422 187.673 198.343 -223.408 187.673
  poly 7: 184.939 -235.422 187.673 198.343 -223.408 187.673
  poly 8: 133.228 -177.723 187.673 146.632 -165.709 187.673
  poly 9: 133.228 -177.723 187.673 146.632 -165.709 187.673
  poly 10: 133.228 -177.723 187.673 146.632 -165.709 187.673
  poly 11: 133.228 -177.723 187.673 146.632 -165.709 187.673
  poly 12: 81.5163 -120.024 187.673 94.9207 -108.011 187.673
  poly 13: 81.5163 -120.024 187.673 94.9207 -108.011 187.673
  poly 14: 81.5163 -120.024 187.673 94.9207 -108.011 187.673
  poly 15: 81.5163 -120.024 187.673 94.9207 -108.011 187.673
  poly 16: 81.5163 -120.024 94.8096 94.9207 -108.011 94.8096
  poly 17: 81.5163 -120.024 94.8096 94.9207 -108.011 94.8096
  poly 18: 81.5163 -120.024 94.8096 94.9207 -108.011 94.8096
  poly 19: 81.5163 -120.024 94.8096 94.9207 -108.011 94.8096
  poly 20: 81.5163 -120.024 1.94598 94.9207 -108.011 1.94598
  poly 21: 81.5163 -120.024 1.94598 94.9207 -108.011 1.94598
  poly 22: 81.5163 -120.024 1.94598 94.9207 -108.011 1.94598
  poly 23: 81.5163 -120.024 1.94598 94.9207 -108.011 1.94598
  poly 24: 133.228 -177.723 -43.4147 146.632 -165.709 -43.4147
  poly 25: 133.228 -177.723 -43.4147 146.632 -165.709 -43.4147
  poly 26: 133.228 -177.723 -43.4147 146.632 -165.709 -43.4147
  poly 27: 133.228 -177.723 -43.4147 146.632 -165.709 -43.4147
  poly 28: 184.939 -235.422 -88.7754 198.343 -223.408 -88.7754
  poly 29: 184.939 -235.422 -88.7754 198.343 -223.408 -88.7754
  poly 30: 184.939 -235.422 -88.7754 198.343 -223.408 -88.7754
  poly 31: 184.939 -235.422 -88.7754 198.343 -223.408 -88.7754
  poly 32: 236.65 -293.12 -134.136 250.054 -281.107 -134.136
  poly 33: 236.65 -293.12 -134.136 250.054 -281.107 -134.136
  poly 34: 236.65 -293.12 -134.136 250.054 -281.107 -134.136
  poly 35: 236.65 -293.12 -134.136 250.054 -281.107 -134.136
  poly 36: 236.65 -293.12 -53.6838 250.054 -281.107 -53.6838
  poly 37: 236.65 -293.12 -53.6838 250.054 -281.107 -53.6838
  poly 38: 236.65 -293.12 -53.6838 250.054 -281.107 -53.6838
  poly 39: 236.65 -293.12 -53.6838 250.054 -281.107 -53.6838
  poly 40: 236.65 -293.12 26.7685 250.054 -281.107 26.7685
  poly 41: 236.65 -293.12 26.7685 250.054 -281.107 26.7685
  poly 42: 236.65 -293.12 26.7685 250.054 -281.107 26.7685
  poly 43: 236.65 -293.12 26.7685 250.054 -281.107 26.7685
  poly 44: 236.65 -293.12 107.221 250.054 -281.107 107.221
  poly 45: 236.65 -293.12 107.221 250.054 -281.107 107.221
  poly 46: 76.9011 -87.9046 -39.8516 280.088 -314.618 -212.626 280.088 -314.618 232.673 222.012 -249.818 232.673 222.012 -249.818 214.673 140.828 -159.233 214.673 140.828 -159.233 232.673 76.9011 -87.9046 232.673 76.9011 -87.9046 123.699 64.8872 -74.4997 137.489 64.8872 -74.4997 37.5153 76.9011 -87.9046 51.3048 76.9011 -87.9046 -39.8516
  poly 47: 90.1991 -75.7725 -40.1229 294.919 -304.196 -214.201 294.919 -304.196 232.673 224.219 -225.31 232.673 224.219 -225.31 214.673 165.43 -159.714 214.673 165.43 -159.714 232.673 90.1991 -75.7725 232.673 90.1991 -75.7725 123.699 78.1852 -62.3676 137.489 78.1852 -62.3676 37.5153 90.1991 -75.7725 51.3048 90.1991 -75.7725 -40.1229
element 10
  poly 0: 85.9996 -30.8728 14.6909 98.1313 -44.1702 14.6909
  poly 1: 85.9996 -30.8728 14.6909 98.1313 -44.1702 14.6909
  poly 2: 85.9996 -30.8728 14.6909 98.1313 -44.1702 14.6909
  poly 3: 85.9996 -30.8728 14.6909 98.1313 -44.1702 14.6909
  poly 4: 85.9995 -30.8729 101.182 98.1311 -44.1704 101.182
  poly 5: 85.9995 -30.8729 101.182 98.1311 -44.1704 101.182
  poly 6: 85.9995 -30.8729 101.182 98.1311 -44.1704 101.182
  poly 7: 85.9995 -30.8729 101.182 98.1311 -44.1704 101.182
  poly 8: 85.9993 -30.873 187.673 98.131 -44.1705 187.673
  poly 9: 85.9993 -30.873 187.673 98.131 -44.1705 187.673
  poly 10: 85.9993 -30.873 187.673 98.131 -44.1705 187.673
  poly 11: 85.9993 -30.873 187.673 98.131 -44.1705 187.673
  poly 12: 121.605 1.61051 187.673 133.736 -11.687 187.673
  poly 13: 121.605 1.61051 187.673 133.736 -11.687 187.673
  poly 14: 121.605 1.61051 187.673 133.736 -11.687 187.673
  poly 15: 121.605 1.61051 187.673 133.736 -11.687 187.673
  poly 16: 121.605 1.61051 100.819 133.736 -11.687 100.819
  poly 17: 121.605 1.61051 100.819 133.736 -11.687 100.819
  poly 18: 121.605 1.61051 100.819 133.736 -11.687 100.819
  poly 19: 121.605 1.61051 100.819 133.736 -11.687 100.819
  poly 20: 121.605 1.61051 13.9645 133.736 -11.687 13.9645
  poly 21: 121.605 1.61051 13.9645 133.736 -11.687 13.9645
  poly 22: 64.8872 -74.4997 -29.6359 64.8872 -74.4997 37.5153 78.1852 -62.3676 37.5153 78.1852 -62.3676 137.489 64.8872 -74.4997 137.489 64.8872 -74.4997 232.673 95.833 -46.267 232.673 95.833 -46.267 214.673 129.467 -15.5817 214.673 129.467 -15.5817 232.673 153.272 6.1363 232.673 153.272 6.1363 123.013 166.98 18.6422 136.897 166.98 18.6422 36.2375 153.272 6.1363 50.1216 153.272 6.1363 -31.4392 64.8872 -74.4997 -29.6359
  poly 23: 76.9011 -87.9046 -39.8516 76.9011 -87.9046 51.3048 90.1991 -75.7725 51.3048 90.1991 -75.7725 123.699 76.9011 -87.9046 123.699 76.9011 -87.9046 232.673 112.604 -55.332 232.673 112.604 -55.332 214.673 136.96 -33.1117 214.673 136.96 -33.1117 232.673 162.076 -10.1975 232.673 162.076 -10.1975 123.013 175.783 2.30833 136.897 175.783 2.30833 36.2375 162.076 -10.1975 50.1216 162.076 -10.1975 -41.5894 76.9011 -87.9046 -39.8516
element 11
  poly 0: 322.823 -232.567 187.673 306.978 -241.107 187.673
  poly 1: 322.823 -232.567 187.673 306.978 -241.107 187.673
  poly 2: 322.823 -232.567 187.673 306.978 -241.107 187.673
  poly 3: 322.823 -232.567 187.673 306.978 -241.107 187.673
  poly 4: 283.274 -159.188 187.673 267.429 -167.728 187.673
  poly 5: 283.274 -159.188 187.673 267.429 -167.728 187.673
  poly 6: 283.274 -159.188 187.673 267.429 -167.728 187.673
  poly 7: 283.274 -159.188 187.673 267.429 -167.728 187.673
  poly 8: 243.725 -85.8092 187.673 227.879 -94.3493 187.673
  poly 9: 243.725 -85.8092 187.673 227.879 -94.3493 187.673
  poly 10: 243.725 -85.8092 187.673 227.879 -94.3493 187.673
  poly 11: 243.725 -85.8092 187.673 227.879 -94.3493 187.673
  poly 12: 204.175 -12.4304 187.673 188.33 -20.9705 187.673
  poly 13: 204.175 -12.4304 187.673 188.33 -20.9705 187.673
  poly 14: 204.175 -12.4304 187.673 188.33 -20.9705 187.673
  poly 15: 204.175 -12.4304 187.673 188.33 -20.9705 187.673
  poly 16: 204.175 -12.4304 91.3155 188.33 -20.9705 91.3155
  poly 17: 204.175 -12.4304 91.3155 188.33 -20.9705 91.3155
  poly 18: 204.175 -12.4304 91.3155 188.33 -20.9705 91.3155
  poly 19: 204.175 -12.4304 91.3155 188.33 -20.9705 91.3155
  poly 20: 204.175 -12.4304 -5.04221 188.33 -20.9705 -5.04221
  poly 21: 204.175 -12.4304 -5.04221 188.33 -20.9705 -5.04221
  poly 22: 204.175 -12.4304 -5.04221 188.33 -20.9705 -5.04221
  poly 23: 204.175 -12.4304 -5.04221 188.33 -20.9705 -5.04221
  poly 24: 243.725 -85.8092 -50.6413 227.879 -94.3493 -50.6413
  poly 25: 243.725 -85.8092 -50.6413 227.879 -94.3493 -50.6413
  poly 26: 243.725 -85.8092 -50.6413 227.879 -94.3493 -50.6413
  poly 27: 243.725 -85.8092 -50.6413 227.879 -94.3493 -50.6413
  poly 28: 283.274 -159.188 -96.2403 267.429 -167.728 -96.2403
  poly 29: 283.274 -159.188 -96.2403 267.429 -167.728 -96.2403
  poly 30: 283.274 -159.188 -96.2403 267.429 -167.728 -96.2403
  poly 31: 283.274 -159.188 -96.2403 267.429 -167.728 -96.2403
  poly 32: 322.823 -232.567 -141.839 306.978 -241.107 -141.839
  poly 33: 322.823 -232.567 -141.839 306.978 -241.107 -141.839
  poly 34: 322.823 -232.567 -141.839 306.978 -241.107 -141.839
  poly 35: 322.823 -232.567 -141.839 306.978 -241.107 -141.839
  poly 36: 322.823 -232.567 -59.4613 306.978 -241.107 -59.4613
  poly 37: 322.823 -232.567 -59.4613 306.978 -241.107 -59.4613
  poly 38: 322.823 -232.567 -59.4613 306.978 -241.107 -59.4613
  poly 39: 322.823 -232.567 -59.4613 306.978 -241.107 -59.4613
  poly 40: 322.823 -232.567 22.9169 306.978 -241.107 22.9169
  poly 41: 322.823 -232.567 22.9169 306.978 -241.107 22.9169
  poly 42: 322.823 -232.567 22.9169 306.978 -241.107 22.9169
  poly 43: 322.823 -232.567 22.9169 306.978 -241.107 22.9169
  poly 44: 322.823 -232.567 105.295 306.978 -241.107 105.295
  poly 45: 322.823 -232.567 105.295 306.978 -241.107 105.295
  poly 46: 328.328 -280.719 -217.748 166.98 18.6422 -31.7189 166.98 18.6422 36.2375 175.783 2.30833 36.2375 175.783 2.30833 136.897 166.98 18.6422 136.897 166.98 18.6422 232.673 216.238 -72.7504 232.673 216.238 -72.7504 214.673 276.707 -184.943 214.673 276.707 -184.943 232.673 328.328 -280.719 232.673 328.328 -280.719 -217.748
  poly 47: 313.497 -291.141 -216.174 153.272 6.1363 -31.4392 153.272 6.1363 50.1216 162.076 -10.1975 50.1216 162.076 -10.1975 123.013 153.272 6.1363 123.013 153.272 6.1363 232.673 208.734 -96.7653 232.673 208.734 -96.7653 214.673 252.521 -178.008 214.673 252.521 -178.008 232.673 313.497 -291.141 232.673 313.497 -291.141 -216.174
element 12
  poly 0: 7.0207 -183.919 232.673 96.3156 -243.837 232.673 72.8951 -249.799 232.673 169.979 -314.944 232.673 166.618 -291.012 232.673 251.247 -347.799 232.673 268.187 -328.309 232.673 186.797 -237.495 232.673 211.324 -237.892 232.673 130.685 -147.916 232.673 128.403 -172.34 232.673 66.2913 -103.036 232.673 45.2513 -131.748 232.673 34.5389 -115.914 232.673 6.94143 -153.575 232.673 25.267 -159.019 232.673 7.0207 -183.919 232.673
  poly 1: 7.0207 -183.919 214.673 96.3156 -243.837 214.673 72.8951 -249.799 214.673 169.979 -314.944 214.673 166.618 -291.012 214.673 251.247 -347.799 214.673 268.187 -328.309 214.673 186.797 -237.495 214.673 211.324 -237.892 214.673 130.685 -147.916 214.673 128.403 -172.34 214.673 66.2913 -103.036 214.673 45.2513 -131.748 214.673 34.5389 -115.914 214.673 6.94143 -153.575 214.673 25.267 -159.019 214.673 7.0207 -183.919 214.673
element 13
  poly 0: 191.95 -351.363 187.673 201.979 -336.416 187.673
  poly 1: 191.95 -351.363 187.673 201.979 -336.416 187.673
  poly 2: 191.95 -351.363 187.673 201.979 -336.416 187.673
  poly 3: 191.95 -351.363 187.673 201.979 -336.416 187.673
  poly 4: 130.883 -310.387 187.673 140.913 -295.44 187.673
  poly 5: 130.883 -310.387 187.673 140.913 -295.44 187.673
  poly 6: 130.883 -310.387 187.673 140.913 -295.44 187.673
  poly 7: 130.883 -310.387 187.673 140.913 -295.44 187.673
  poly 8: 69.8165 -269.41 187.673 79.8461 -254.463 187.673
  poly 9: 69.8165 -269.41 187.673 79.8461 -254.463 187.673
  poly 10: 69.8165 -269.41 187.673 79.8461 -254.463 187.673
  poly 11: 69.8165 -269.41 187.673 79.8461 -254.463 187.673
  poly 12: 8.74994 -228.433 187.673 18.7795 -213.486 187.673
  poly 13: 8.74994 -228.433 187.673 18.7795 -213.486 187.673
  poly 14: 8.74994 -228.433 187.673 18.7795 -213.486 187.673
  poly 15: 8.74994 -228.433 187.673 18.7795 -213.486 187.673
  poly 16: 8.74994 -228.433 95.3117 18.7795 -213.486 95.3117
  poly 17: 8.74994 -228.433 95.3117 18.7795 -213.486 95.3117
  poly 18: 8.74994 -228.433 95.3117 18.7795 -213.486 95.3117
  poly 19: 8.74994 -228.433 95.3117 18.7795 -213.486 95.3117
  poly 20: 8.74994 -228.433 2.95022 18.7795 -213.486 2.95022
  poly 21: 8.74994 -228.433 2.95022 18.7795 -213.486 2.95022
  poly 22: 8.74994 -228.433 2.95022 18.7795 -213.486 2.95022
  poly 23: 8.74994 -228.433 2.95022 18.7795 -213.486 2.95022
  poly 24: 69.8164 -269.41 -42.2893 79.846 -254.463 -42.2893
  poly 25: 69.8164 -269.41 -42.2893 79.846 -254.463 -42.2893
  poly 26: 69.8164 -269.41 -42.2893 79.846 -254.463 -42.2893
  poly 27: 69.8164 -269.41 -42.2893 79.846 -254.463 -42.2893
  poly 28: 130.883 -310.386 -87.5288 140.913 -295.44 -87.5288
  poly 29: 130.883 -310.386 -87.5288 140.913 -295.44 -87.5288
  poly 30: 130.883 -310.386 -87.5288 140.913 -295.44 -87.5288
  poly 31: 130.883 -310.386 -87.5288 140.913 -295.44 -87.5288
  poly 32: 191.949 -351.363 -132.768 201.979 -336.416 -132.768
  poly 33: 191.949 -351.363 -132.768 201.979 -336.416 -132.768
  poly 34: 191.949 -351.363 -132.768 201.979 -336.416 -132.768
  poly 35: 191.949 -351.363 -132.768 201.979 -336.416 -132.768
  poly 36: 191.949 -351.363 -52.6579 201.979 -336.416 -52.6579
  poly 37: 191.949 -351.363 -52.6579 201.979 -336.416 -52.6579
  poly 38: 191.949 -351.363 -52.6579 201.979 -336.416 -52.6579
  poly 39: 191.949 -351.363 -52.6579 201.979 -336.416 -52.6579
  poly 40: 191.949 -351.363 27.4524 201.979 -336.416 27.4524
  poly 41: 191.949 -351.363 27.4524 201.979 -336.416 27.4524
  poly 42: 191.949 -351.363 27.4524 201.979 -336.416 27.4524
  poly 43: 191.949 -351.363 27.4524 201.979 -336.416 27.4524
  poly 44: 191.95 -351.363 107.563 201.979 -336.416 107.563
  poly 45: 191.95 -351.363 107.563 201.979 -336.416 107.563
  poly 46: -3.62789 -198.45 -42.7474 239.346 -361.49 -213.284 239.346 -361.49 232.673 169.979 -314.944 232.673 169.979 -314.944 214.673 72.8951 -249.799 214.673 72.8951 -249.799 232.673 -3.62789 -198.45 232.673 -3.62789 -198.45 122.894 -18.5875 -188.412 136.795 -18.5875 -188.412 36.0158 -3.62789 -198.45 49.9163 -3.62789 -198.45 -42.7474
  poly 47: 7.0207 -183.919 -41.6766 251.247 -347.799 -213.092 251.247 -347.799 232.673 166.618 -291.012 232.673 166.618 -291.012 214.673 96.3156 -243.837 214.673 96.3156 -243.837 232.673 7.0207 -183.919 232.673 7.0207 -183.919 122.894 -7.93893 -173.881 136.795 -7.93893 -173.881 36.0158 7.0207 -183.919 49.9163 7.0207 -183.919 -41.6766
element 14
  poly 0: -6.50783 -141.475 187.673 8.01118 -152.115 187.673
  poly 1: -6.50783 -141.475 187.673 8.01118 -152.115 187.673
  poly 2: -6.50783 -141.475 187.673 8.01118 -152.115 187.673
  poly 3: -6.50783 -141.475 187.673 8.01118 -152.115 187.673
  poly 4: 23.7695 -100.158 187.673 38.2885 -110.797 187.673
  poly 5: 23.7695 -100.158 187.673 38.2885 -110.797 187.673
  poly 6: 23.7695 -100.158 187.673 38.2885 -110.797 187.673
  poly 7: 23.7695 -100.158 187.673 38.2885 -110.797 187.673
  poly 8: 23.7695 -100.158 103.112 38.2885 -110.797 103.112
  poly 9: 23.7695 -100.158 103.112 38.2885 -110.797 103.112
  poly 10: 23.7695 -100.158 103.112 38.2885 -110.797 103.112
  poly 11: 23.7695 -100.158 103.112 38.2885 -110.797 103.112
  poly 12: 23.7695 -100.158 18.5512 38.2885 -110.797 18.5512
  poly 13: 23.7695 -100.158 18.5512 38.2885 -110.797 18.5512
  poly 14: 23.7695 -100.158 18.5512 38.2885 -110.797 18.5512
  poly 15: 23.7695 -100.158 18.5512 38.2885 -110.797 18.5512
  poly 16: -6.50776 -141.475 15.5065 8.01124 -152.115 15.5065
  poly 17: -6.50776 -141.475 15.5065 8.01124 -152.115 15.5065
  poly 18: -6.50776 -141.475 15.5065 8.01124 -152.115 15.5065
  poly 19: -6.50776 -141.475 15.5065 8.01124 -152.115 15.5065
  poly 20: -6.5078 -141.475 101.59 8.01121 -152.115 101.59
  poly 21: -6.5078 -141.475 101.59 8.01121 -152.115 101.59
  poly 22: -18.5875 -188.412 -32.2476 -18.5875 -188.412 36.0158 -7.93893 -173.881 36.0158 -7.93893 -173.881 136.795 -18.5875 -188.412 136.795 -18.5875 -188.412 232.673 6.94143 -153.575 232.673 6.94143 -153.575 214.673 34.5389 -115.914 214.673 34.5389 -115.914 232.673 54.0141 -89.3375 232.673 54.0141 -89.3375 125.669 64.8872 -74.4997 139.187 64.8872 -74.4997 41.1833 54.0141 -89.3375 54.7011 54.0141 -89.3375 -24.9469 -18.5875 -188.412 -32.2476
  poly 23: -3.62789 -198.45 -42.7474 -3.62789 -198.45 49.9163 7.0207 -183.919 49.9163 7.0207 -183.919 122.894 -3.62789 -198.45 122.894 -3.62789 -198.45 232.673 25.267 -159.019 232.673 25.267 -159.019 214.673 45.2513 -131.748 214.673 45.2513 -131.748 232.673 66.2913 -103.036 232.673 66.2913 -103.036 125.669 77.1644 -88.1984 139.187 77.1644 -88.1984 41.1833 66.2913 -103.036 54.7011 66.2913 -103.036 -35.7164 -3.62789 -198.45 -42.7474
element 15
  poly 0: 263.459 -269.093 187.673 250.054 -281.107 187.673
  poly 1: 263.459 -269.093 187.673 250.054 -281.107 187.673
  poly 2: 263.459 -269.093 187.673 250.054 -281.107 187.673
  poly 3: 263.459 -269.093 187.673 250.054 -281.107 187.673
  poly 4: 211.748 -211.395 187.673 198.343 -223.408 187.673
  poly 5: 211.748 -211.395 187.673 198.343 -223.408 187.673
  poly 6: 211.748 -211.395 187.673 198.343 -223.408 187.673
  poly 7: 211.748 -211.395 187.673 198.343 -223.408 187.673
  poly 8: 160.036 -153.696 187.673 146.632 -165.709 187.673
  poly 9: 160.036 -153.696 187.673 146.632 -165.709 187.673
  poly 10: 160.036 -153.696 187.673 146.632 -165.709 187.673
  poly 11: 160.036 -153.696 187.673 146.632 -165.709 187.673
  poly 12: 108.325 -95.9973 187.673 94.9207 -108.011 187.673
  poly 13: 108.325 -95.9973 187.673 94.9207 -108.011 187.673
  poly 14: 108.325 -95.9973 187.673 94.9207 -108.011 187.673
  poly 15: 108.325 -95.9973 187.673 94.9207 -108.011 187.673
  poly 16: 108.325 -95.9973 94.8096 94.9207 -108.011 94.8096
  poly 17: 108.325 -95.9973 94.8096 94.9207 -108.011 94.8096
  poly 18: 108.325 -95.9973 94.8096 94.9207 -108.011 94.8096
  poly 19: 108.325 -95.9973 94.8096 94.9207 -108.011 94.8096
  poly 20: 108.325 -95.9973 1.94598 94.9207 -108.011 1.94598
  poly 21: 108.325 -95.9973 1.94598 94.9207 -108.011 1.94598
  poly 22: 108.325 -95.9973 1.94598 94.9207 -108.011 1.94598
  poly 23: 108.325 -95.9973 1.94598 94.9207 -108.011 1.94598
  poly 24: 160.036 -153.696 -43.4147 146.632 -165.709 -43.4147
  poly 25: 160.036 -153.696 -43.4147 146.632 -165.709 -43.4147
  poly 26: 160.036 -153.696 -43.4147 146.632 -165.709 -43.4147
  poly 27: 160.036 -153.696 -43.4147 146.632 -165.709 -43.4147
  poly 28: 211.748 -211.395 -88.7754 198.343 -223.408 -88.7754
  poly 29: 211.748 -211.395 -88.7754 198.343 -223.408 -88.7754
  poly 30: 211.748 -211.395 -88.7754 198.343 -223.408 -88.7754
  poly 31: 211.748 -211.395 -88.7754 198.343 -223.408 -88.7754
  poly 32: 263.459 -269.093 -134.136 250.054 -281.107 -134.136
  poly 33: 263.459 -269.093 -134.136 250.054 -281.107 -134.136
  poly 34: 263.459 -269.093 -134.136 250.054 -281.107 -134.136
  poly 35: 263.459 -269.093 -134.136 250.054 -281.107 -134.136
  poly 36: 263.459 -269.093 -53.6838 250.054 -281.107 -53.6838
  poly 37: 263.459 -269.093 -53.6838 250.054 -281.107 -53.6838
  poly 38: 263.459 -269.093 -53.6838 250.054 -281.107 -53.6838
  poly 39: 263.459 -269.093 -53.6838 250.054 -281.107 -53.6838
  poly 40: 263.459 -269.093 26.7685 250.054 -281.107 26.7685
  poly 41: 263.459 -269.093 26.7685 250.054 -281.107 26.7685
  poly 42: 263.459 -269.093 26.7685 250.054 -281.107 26.7685
  poly 43: 263.459 -269.093 26.7685 250.054 -281.107 26.7685
  poly 44: 263.459 -269.093 107.221 250.054 -281.107 107.221
  poly 45: 263.459 -269.093 107.221 250.054 -281.107 107.221
  poly 46: 280.088 -314.618 -212.626 64.8872 -74.4997 -23.8535 64.8872 -74.4997 41.1833 77.1644 -88.1984 41.1833 77.1644 -88.1984 139.187 64.8872 -74.4997 139.187 64.8872 -74.4997 232.673 130.685 -147.916 232.673 130.685 -147.916 214.673 211.324 -237.892 214.673 211.324 -237.892 232.673 280.088 -314.618 232.673 280.088 -314.618 -212.626
  poly 47: 268.187 -328.309 -212.818 54.0141 -89.3375 -24.9469 54.0141 -89.3375 54.7011 66.2913 -103.036 54.7011 66.2913 -103.036 125.669 54.0141 -89.3375 125.669 54.0141 -89.3375 232.673 128.403 -172.34 232.673 128.403 -172.34 214.673 186.797 -237.495 214.673 186.797 -237.495 232.673 268.187 -328.309 232.673 268.187 -328.309 -212.818
element 16
  poly 0: -36.6018 -302.744 232.673 57.5424 -337.566 232.673 37.196 -349.232 232.673 139.435 -387.049 232.673 131.578 -364.951 232.673 220.719 -397.922 232.673 231.094 -377.63 232.673 133.959 -312.451 232.673 157.264 -306.412 232.673 61.0184 -241.829 232.673 64.2641 -265.684 232.673 -8.79588 -216.66 232.673 -18.3233 -246.155 232.673 -33.6318 -234.988 232.673 -46.8277 -275.841 232.673 -27.8789 -275.739 232.673 -36.6018 -302.744 232.673
  poly 1: -36.6018 -302.744 214.673 57.5424 -337.566 214.673 37.196 -349.232 214.673 139.435 -387.049 214.673 131.578 -364.951 214.673 220.719 -397.922 214.673 231.094 -377.63 214.673 133.959 -312.451 214.673 157.264 -306.412 214.673 61.0184 -241.829 214.673 64.2641 -265.684 214.673 -8.79588 -216.66 214.673 -18.3233 -246.155 214.673 -33.6318 -234.988 214.673 -46.8277 -275.841 214.673 -27.8789 -275.739 214.673 -36.6018 -302.744 214.673
element 17
  poly 0: 164.017 -415.333 187.673 170.261 -398.451 187.673
  poly 1: 164.017 -415.333 187.673 170.261 -398.451 187.673
  poly 2: 164.017 -415.333 187.673 170.261 -398.451 187.673
  poly 3: 164.017 -415.333 187.673 170.261 -398.451 187.673
  poly 4: 70.4707 -380.732 187.673 76.7151 -363.85 187.673
  poly 5: 70.4707 -380.732 187.673 76.7151 -363.85 187.673
  poly 6: 70.4707 -380.732 187.673 76.7151 -363.85 187.673
  poly 7: 70.4707 -380.732 187.673 76.7151 -363.85 187.673
  poly 8: -23.0753 -346.131 187.673 -16.8309 -329.249 187.673
  poly 9: -23.0753 -346.131 187.673 -16.8309 -329.249 187.673
  poly 10: -23.0753 -346.131 187.673 -16.8309 -329.249 187.673
  poly 11: -23.0753 -346.131 187.673 -16.8309 -329.249 187.673
  poly 12: -23.0753 -346.131 88.4542 -16.8309 -329.249 88.4542
  poly 13: -23.0753 -346.131 88.4542 -16.8309 -329.249 88.4542
  poly 14: -23.0753 -346.131 88.4542 -16.8309 -329.249 88.4542
  poly 15: -23.0753 -346.131 88.4542 -16.8309 -329.249 88.4542
  poly 16: -23.0753 -346.131 -10.7647 -16.8309 -329.249 -10.7647
  poly 17: -23.0753 -346.131 -10.7647 -16.8309 -329.249 -10.7647
  poly 18: -23.0753 -346.131 -10.7647 -16.8309 -329.249 -10.7647
  poly 19: -23.0753 -346.131 -10.7647 -16.8309 -329.249 -10.7647
  poly 20: 39.2887 -369.198 -52.8425 45.5331 -352.316 -52.8425
  poly 21: 39.2887 -369.198 -52.8425 45.5331 -352.316 -52.8425
  poly 22: 39.2887 -369.198 -52.8425 45.5331 -352.316 -52.8425
  poly 23: 39.2887 -369.198 -52.8425 45.5331 -352.316 -52.8425
  poly 24: 101.653 -392.266 -94.9203 107.897 -375.383 -94.9203
  poly 25: 101.653 -392.266 -94.9203 107.897 -375.383 -94.9203
  poly 26: 101.653 -392.266 -94.9203 107.897 -375.383 -94.9203
  poly 27: 101.653 -392.266 -94.9203 107.897 -375.383 -94.9203
  poly 28: 164.017 -415.333 -136.998 170.261 -398.451 -136.998
  poly 29: 164.017 -415.333 -136.998 170.261 -398.451 -136.998
  poly 30: 164.017 -415.333 -136.998 170.261 -398.451 -136.998
  poly 31: 164.017 -415.333 -136.998 170.261 -398.451 -136.998
  poly 32: 164.017 -415.333 -55.8303 170.261 -398.451 -55.8303
  poly 33: 164.017 -415.333 -55.8303 170.261 -398.451 -55.8303
  poly 34: 164.017 -415.333 -55.8303 170.261 -398.451 -55.8303
  poly 35: 164.017 -415.333 -55.8303 170.261 -398.451 -55.8303
  poly 36: 164.017 -415.333 25.3375 170.261 -398.451 25.3375
  poly 37: 164.017 -415.333 25.3375 170.261 -398.451 25.3375
  poly 38: 164.017 -415.333 25.3375 170.261 -398.451 25.3375
  poly 39: 164.017 -415.333 25.3375 170.261 -398.451 25.3375
  poly 40: 164.017 -415.333 106.505 170.261 -398.451 106.505
  poly 41: 164.017 -415.333 106.505 170.261 -398.451 106.505
  poly 42: -42.1393 -319.888 -57.6446 212.467 -414.062 -218.728 212.467 -414.062 232.673 139.435 -387.049 232.673 139.435 -387.049 214.673 37.196 -349.232 214.673 37.196 -349.232 232.673 -42.1393 -319.888 232.673 -42.1393 -319.888 117.619 -59.0363 -313.638 132.247 -59.0363 -313.638 26.1929 -42.1393 -319.888 40.821 -42.1393 -319.888 -57.6446
  poly 43: -36.6018 -302.744 -54.2557 220.719 -397.922 -217.057 220.719 -397.922 232.673 131.578 -364.951 232.673 131.578 -364.951 214.673 57.5424 -337.566 214.673 57.5424 -337.566 232.673 -36.6018 -302.744 232.673 -36.6018 -302.744 117.619 -53.4987 -296.494 132.247 -53.4987 -296.494 26.1929 -36.6018 -302.744 40.821 -36.6018 -302.744 -54.2557
element 18
  poly 0: -62.3332 -265.283 7.29971 -45.2046 -270.816 7.29971
  poly 1: -62.3332 -265.283 7.29971 -45.2046 -270.816 7.29971
  poly 2: -62.3332 -265.283 7.29971 -45.2046 -270.816 7.29971
  poly 3: -62.3332 -265.283 7.29971 -45.2046 -270.816 7.29971
  poly 4: -62.3332 -265.283 97.4864 -45.2046 -270.816 97.4864
  poly 5: -62.3332 -265.283 97.4864 -45.2046 -270.816 97.4864
  poly 6: -62.3332 -265.283 97.4864 -45.2046 -270.816 97.4864
  poly 7: -62.3332 -265.283 97.4864 -45.2046 -270.816 97.4864
  poly 8: -62.3332 -265.283 187.673 -45.2046 -270.816 187.673
  poly 9: -62.3332 -265.283 187.673 -45.2046 -270.816 187.673
  poly 10: -62.3332 -265.283 187.673 -45.2046 -270.816 187.673
  poly 11: -62.3332 -265.283 187.673 -45.2046 -270.816 187.673
  poly 12: -49.5478 -225.701 187.673 -32.4192 -231.234 187.673
  poly 13: -49.5478 -225.701 187.673 -32.4192 -231.234 187.673
  poly 14: -49.5478 -225.701 187.673 -32.4192 -231.234 187.673
  poly 15: -49.5478 -225.701 187.673 -32.4192 -231.234 187.673
  poly 16: -49.5478 -225.701 101.399 -32.4192 -231.234 101.399
  poly 17: -49.5478 -225.701 101.399 -32.4192 -231.234 101.399
  poly 18: -49.5478 -225.701 101.399 -32.4192 -231.234 101.399
  poly 19: -49.5478 -225.701 101.399 -32.4192 -231.234 101.399
  poly 20: -49.5478 -225.701 15.1242 -32.4192 -231.234 15.1242
  poly 21: -49.5478 -225.701 15.1242 -32.4192 -231.234 15.1242
  poly 22: -59.0363 -313.638 -46.9543 -59.0363 -313.638 26.1929 -53.4987 -296.494 26.1929 -53.4987 -296.494 132.247 -59.0363 -313.638 132.247 -59.0363 -313.638 232.673 -46.8277 -275.841 232.673 -46.8277 -275.841 214.673 -33.6318 -234.988 214.673 -33.6318 -234.988 232.673 -24.3421 -206.228 232.673 -24.3421 -206.228 125.695 -18.5875 -188.412 139.209 -18.5875 -188.412 41.2304 -24.3421 -206.228 54.7446 -24.3421 -206.228 -25.722 -59.0363 -313.638 -46.9543
  poly 23: -42.1393 -319.888 -57.6446 -42.1393 -319.888 40.821 -36.6018 -302.744 40.821 -36.6018 -302.744 117.619 -42.1393 -319.888 117.619 -42.1393 -319.888 232.673 -27.8789 -275.739 232.673 -27.8789 -275.739 214.673 -18.3233 -246.155 214.673 -18.3233 -246.155 232.673 -8.79588 -216.66 232.673 -8.79588 -216.66 125.695 -3.04135 -198.844 139.209 -3.04135 -198.844 41.2304 -8.79588 -216.66 54.7446 -8.79588 -216.66 -37.2389 -42.1393 -319.888 -57.6446
element 19
  poly 0: 212.009 -321.47 187.673 201.979 -336.416 187.673
  poly 1: 212.009 -321.47 187.673 201.979 -336.416 187.673
  poly 2: 212.009 -321.47 187.673 201.979 -336.416 187.673
  poly 3: 212.009 -321.47 187.673 201.979 -336.416 187.673
  poly 4: 150.942 -280.493 187.673 140.913 -295.44 187.673
  poly 5: 150.942 -280.493 187.673 140.913 -295.44 187.673
  poly 6: 150.942 -280.493 187.673 140.913 -295.44 187.673
  poly 7: 150.942 -280.493 187.673 140.913 -295.44 187.673
  poly 8: 89.8756 -239.516 187.673 79.8461 -254.463 187.673
  poly 9: 89.8756 -239.516 187.673 79.8461 -254.463 187.673
  poly 10: 89.8756 -239.516 187.673 79.8461 -254.463 187.673
  poly 11: 89.8756 -239.516 187.673 79.8461 -254.463 187.673
  poly 12: 28.8091 -198.539 187.673 18.7795 -213.486 187.673
  poly 13: 28.8091 -198.539 187.673 18.7795 -213.486 187.673
  poly 14: 28.8091 -198.539 187.673 18.7795 -213.486 187.673
  poly 15: 28.8091 -198.539 187.673 18.7795 -213.486 187.673
  poly 16: 28.8091 -198.539 95.3117 18.7795 -213.486 95.3117
  poly 17: 28.8091 -198.539 95.3117 18.7795 -213.486 95.3117
  poly 18: 28.8091 -198.539 95.3117 18.7795 -213.486 95.3117
  poly 19: 28.8091 -198.539 95.3117 18.7795 -213.486 95.3117
  poly 20: 28.8091 -198.539 2.95022 18.7795 -213.486 2.95022
  poly 21: 28.8091 -198.539 2.95022 18.7795 -213.486 2.95022
  poly 22: 28.8091 -198.539 2.95022 18.7795 -213.486 2.95022
  poly 23: 28.8091 -198.539 2.95022 18.7795 -213.486 2.95022
  poly 24: 89.8756 -239.516 -42.2893 79.846 -254.463 -42.2893
  poly 25: 89.8756 -239.516 -42.2893 79.846 -254.463 -42.2893
  poly 26: 89.8756 -239.516 -42.2893 79.846 -254.463 -42.2893
  poly 27: 89.8756 -239.516 -42.2893 79.846 -254.463 -42.2893
  poly 28: 150.942 -280.493 -87.5288 140.913 -295.44 -87.5288
  poly 29: 150.942 -280.493 -87.5288 140.913 -295.44 -87.5288
  poly 30: 150.942 -280.493 -87.5288 140.913 -295.44 -87.5288
  poly 31: 150.942 -280.493 -87.5288 140.913 -295.44 -87.5288
  poly 32: 212.009 -321.47 -132.768 201.979 -336.416 -132.768
  poly 33: 212.009 -321.47 -132.768 201.979 -336.416 -132.768
  poly 34: 212.009 -321.47 -132.768 201.979 -336.416 -132.768
  poly 35: 212.009 -321.47 -132.768 201.979 -336.416 -132.768
  poly 36: 212.009 -321.47 -52.6579 201.979 -336.416 -52.6579
  poly 37: 212.009 -321.47 -52.6579 201.979 -336.416 -52.6579
  poly 38: 212.009 -321.47 -52.6579 201.979 -336.416 -52.6579
  poly 39: 212.009 -321.47 -52.6579 201.979 -336.416 -52.6579
  poly 40: 212.009 -321.47 27.4524 201.979 -336.416 27.4524
  poly 41: 212.009 -321.47 27.4524 201.979 -336.416 27.4524
  poly 42: 212.009 -321.47 27.4524 201.979 -336.416 27.4524
  poly 43: 212.009 -321.47 27.4524 201.979 -336.416 27.4524
  poly 44: 212.009 -321.47 107.563 201.979 -336.416 107.563
  poly 45: 212.009 -321.47 107.563 201.979 -336.416 107.563
  poly 46: 239.346 -361.49 -213.284 -18.5875 -188.412 -22.2003 -18.5875 -188.412 41.2304 -3.04135 -198.844 41.2304 -3.04135 -198.844 139.209 -18.5875 -188.412 139.209 -18.5875 -188.412 232.673 61.0184 -241.829 232.673 61.0184 -241.829 214.673 157.264 -306.412 214.673 157.264 -306.412 232.673 239.346 -361.49 232.673 239.346 -361.49 -213.284
  poly 47: 231.094 -377.63 -214.955 -24.3421 -206.228 -25.722 -24.3421 -206.228 54.7446 -8.79588 -216.66 54.7446 -8.79588 -216.66 125.695 -24.3421 -206.228 125.695 -24.3421 -206.228 232.673 64.2641 -265.684 232.673 64.2641 -265.684 214.673 133.959 -312.451 214.673 133.959 -312.451 232.673 231.094 -377.63 232.673 231.094 -377.63 -214.955
element 20
  poly 0: -72.3335 -482.79 232.673 25.7619 -482.79 232.673 10.7366 -500.79 232.673 119.67 -500.79 232.673 104.644 -482.79 232.673 200.163 -482.79 232.673 209.244 -432.062 232.673 106.038 -393.888 232.673 126.309 -382.194 232.673 24.614 -344.578 232.673 32.3965 -366.649 232.673 -45.263 -337.924 232.673 -55.2977 -391.624 232.673 -71.337 -379.464 232.673 -83.3319 -443.654 232.673 -63.9837 -438.107 232.673 -72.3335 -482.79 232.673
  poly 1: -72.3335 -482.79 214.673 25.7619 -482.79 214.673 10.7366 -500.79 214.673 119.67 -500.79 214.673 104.644 -482.79 214.673 200.163 -482.79 214.673 209.244 -432.062 214.673 106.038 -393.888 214.673 126.309 -382.194 214.673 24.614 -344.578 214.673 32.3965 -366.649 214.673 -45.263 -337.924 214.673 -55.2977 -391.624 214.673 -71.337 -379.464 214.673 -83.3319 -443.654 214.673 -63.9837 -438.107 214.673 -72.3335 -482.79 214.673
element 21
  poly 0: -75.6971 -500.79 -75.3525 196.941 -500.79 -232.673 196.941 -500.79 232.673 119.67 -500.79 232.673 119.67 -500.79 214.673 10.7366 -500.79 214.673 10.7366 -500.79 232.673 -75.6971 -500.79 232.673 -75.6971 -500.79 110.637 -94.0087 -500.79 126.228 -94.0087 -500.79 13.1911 -75.6971 -500.79 28.7824 -75.6971 -500.79 -75.3525
  poly 1: -72.3335 -482.79 -72.5398 200.163 -482.79 -229.779 200.163 -482.79 232.673 104.644 -482.79 232.673 104.644 -482.79 214.673 25.7619 -482.79 214.673 25.7619 -482.79 232.673 -72.3335 -482.79 232.673 -72.3335 -482.79 110.637 -90.6451 -482.79 126.228 -90.6451 -482.79 13.1911 -72.3335 -482.79 28.7824 -72.3335 -482.79 -72.5398
element 22
  poly 0: -103.437 -453.249 187.673 -85.7428 -456.556 187.673
  poly 1: -103.437 -453.249 187.673 -85.7428 -456.556 187.673
  poly 2: -103.437 -453.249 187.673 -85.7428 -456.556 187.673
  poly 3: -103.437 -453.249 187.673 -85.7428 -456.556 187.673
  poly 4: -94.2162 -403.907 187.673 -76.5225 -407.214 187.673
  poly 5: -94.2162 -403.907 187.673 -76.5225 -407.214 187.673
  poly 6: -94.2162 -403.907 187.673 -76.5225 -407.214 187.673
  poly 7: -94.2162 -403.907 187.673 -76.5225 -407.214 187.673
  poly 8: -84.9959 -354.566 187.673 -67.3021 -357.872 187.673
  poly 9: -84.9959 -354.566 187.673 -67.3021 -357.872 187.673
  poly 10: -84.9959 -354.566 187.673 -67.3021 -357.872 187.673
  poly 11: -84.9959 -354.566 187.673 -67.3021 -357.872 187.673
  poly 12: -84.9959 -354.566 95.3737 -67.3021 -357.872 95.3737
  poly 13: -84.9959 -354.566 95.3737 -67.3021 -357.872 95.3737
  poly 14: -84.9959 -354.566 95.3737 -67.3021 -357.872 95.3737
  poly 15: -84.9959 -354.566 95.3737 -67.3021 -357.872 95.3737
  poly 16: -84.9959 -354.566 3.0742 -67.3021 -357.872 3.0742
  poly 17: -84.9959 -354.566 3.0742 -67.3021 -357.872 3.0742
  poly 18: -84.9959 -354.566 3.0742 -67.3021 -357.872 3.0742
  poly 19: -84.9959 -354.566 3.0742 -67.3021 -357.872 3.0742
  poly 20: -94.2162 -403.907 -4.63604 -76.5225 -407.214 -4.63604
  poly 21: -94.2162 -403.907 -4.63604 -76.5225 -407.214 -4.63604
  poly 22: -94.2162 -403.907 -4.63604 -76.5225 -407.214 -4.63604
  poly 23: -94.2162 -403.907 -4.63604 -76.5225 -407.214 -4.63604
  poly 24: -103.436 -453.249 -12.3463 -85.7428 -456.556 -12.3463
  poly 25: -103.436 -453.249 -12.3463 -85.7428 -456.556 -12.3463
  poly 26: -103.436 -453.249 -12.3463 -85.7428 -456.556 -12.3463
  poly 27: -103.436 -453.249 -12.3463 -85.7428 -456.556 -12.3463
  poly 28: -103.436 -453.249 54.3269 -85.7428 -456.556 54.3269
  poly 29: -103.436 -453.249 54.3269 -85.7428 -456.556 54.3269
  poly 30: -103.436 -453.249 54.3269 -85.7428 -456.556 54.3269
  poly 31: -103.436 -453.249 54.3269 -85.7428 -456.556 54.3269
  poly 32: -103.436 -453.249 121 -85.7428 -456.556 121
  poly 33: -103.436 -453.249 121 -85.7428 -456.556 121
  poly 34: -94.0087 -500.79 -64.7862 -94.0087 -500.79 13.1911 -90.6451 -482.79 13.1911 -90.6451 -482.79 126.228 -94.0087 -500.79 126.228 -94.0087 -500.79 232.673 -83.3319 -443.654 232.673 -83.3319 -443.654 214.673 -71.337 -379.464 214.673 -71.337 -379.464 232.673 -62.3907 -331.589 232.673 -62.3907 -331.589 120.667 -59.0363 -313.638 134.875 -59.0363 -313.638 31.8685 -62.3907 -331.589 46.0763 -62.3907 -331.589 -38.3465 -94.0087 -500.79 -64.7862
  poly 35: -75.6971 -500.79 -75.3525 -75.6971 -500.79 28.7824 -72.3335 -482.79 28.7824 -72.3335 -482.79 110.637 -75.6971 -500.79 110.637 -75.6971 -500.79 232.673 -63.9837 -438.107 232.673 -63.9837 -438.107 214.673 -55.2977 -391.624 214.673 -55.2977 -391.624 232.673 -45.263 -337.924 232.673 -45.263 -337.924 120.667 -41.9085 -319.973 134.875 -41.9085 -319.973 31.8685 -45.263 -337.924 46.0763 -45.263 -337.924 -49.9028 -75.6971 -500.79 -75.3525
element 23
  poly 0: 176.506 -381.569 187.673 170.261 -398.451 187.673
  poly 1: 176.506 -381.569 187.673 170.261 -398.451 187.673
  poly 2: 176.506 -381.569 187.673 170.261 -398.451 187.673
  poly 3: 176.506 -381.569 187.673 170.261 -398.451 187.673
  poly 4: 82.9596 -346.968 187.673 76.7151 -363.85 187.673
  poly 5: 82.9596 -346.968 187.673 76.7151 -363.85 187.673
  poly 6: 82.9596 -346.968 187.673 76.7151 -363.85 187.673
  poly 7: 82.9596 -346.968 187.673 76.7151 -363.85 187.673
  poly 8: -10.5864 -312.367 187.673 -16.8309 -329.249 187.673
  poly 9: -10.5864 -312.367 187.673 -16.8309 -329.249 187.673
  poly 10: -10.5864 -312.367 187.673 -16.8309 -329.249 187.673
  poly 11: -10.5864 -312.367 187.673 -16.8309 -329.249 187.673
  poly 12: -10.5864 -312.367 88.4542 -16.8309 -329.249 88.4542
  poly 13: -10.5864 -312.367 88.4542 -16.8309 -329.249 88.4542
  poly 14: -10.5864 -312.367 88.4542 -16.8309 -329.249 88.4542
  poly 15: -10.5864 -312.367 88.4542 -16.8309 -329.249 88.4542
  poly 16: -10.5864 -312.367 -10.7647 -16.8309 -329.249 -10.7647
  poly 17: -10.5864 -312.367 -10.7647 -16.8309 -329.249 -10.7647
  poly 18: -10.5864 -312.367 -10.7647 -16.8309 -329.249 -10.7647
  poly 19: -10.5864 -312.367 -10.7647 -16.8309 -329.249 -10.7647
  poly 20: 51.7776 -335.434 -52.8425 45.5331 -352.316 -52.8425
  poly 21: 51.7776 -335.434 -52.8425 45.5331 -352.316 -52.8425
  poly 22: 51.7776 -335.434 -52.8425 45.5331 -352.316 -52.8425
  poly 23: 51.7776 -335.434 -52.8425 45.5331 -352.316 -52.8425
  poly 24: 114.142 -358.501 -94.9203 107.897 -375.383 -94.9203
  poly 25: 114.142 -358.501 -94.9203 107.897 -375.383 -94.9203
  poly 26: 114.142 -358.501 -94.9203 107.897 -375.383 -94.9203
  poly 27: 114.142 -358.501 -94.9203 107.897 -375.383 -94.9203
  poly 28: 176.506 -381.569 -136.998 170.261 -398.451 -136.998
  poly 29: 176.506 -381.569 -136.998 170.261 -398.451 -136.998
  poly 30: 176.506 -381.569 -136.998 170.261 -398.451 -136.998
  poly 31: 176.506 -381.569 -136.998 170.261 -398.451 -136.998
  poly 32: 176.506 -381.569 -55.8303 170.261 -398.451 -55.8303
  poly 33: 176.506 -381.569 -55.8303 170.261 -398.451 -55.8303
  poly 34: 176.506 -381.569 -55.8303 170.261 -398.451 -55.8303
  poly 35: 176.506 -381.569 -55.8303 170.261 -398.451 -55.8303
  poly 36: 176.506 -381.569 25.3375 170.261 -398.451 25.3375
  poly 37: 176.506 -381.569 25.3375 170.261 -398.451 25.3375
  poly 38: 176.506 -381.569 25.3375 170.261 -398.451 25.3375
  poly 39: 176.506 -381.569 25.3375 170.261 -398.451 25.3375
  poly 40: 176.506 -381.569 106.505 170.261 -398.451 106.505
  poly 41: 176.506 -381.569 106.505 170.261 -398.451 106.505
  poly 42: 212.467 -414.062 -218.728 -59.0363 -313.638 -35.5414 -59.0363 -313.638 31.8685 -41.9085 -319.973 31.8685 -41.9085 -319.973 134.875 -59.0363 -313.638 134.875 -59.0363 -313.638 232.673 24.614 -344.578 232.673 24.614 -344.578 214.673 126.309 -382.194 214.673 126.309 -382.194 232.673 212.467 -414.062 232.673 212.467 -414.062 -218.728
  poly 43: 209.244 -432.062 -221.622 -62.3907 -331.589 -38.3465 -62.3907 -331.589 46.0763 -45.263 -337.924 46.0763 -45.263 -337.924 120.667 -62.3907 -331.589 120.667 -62.3907 -331.589 232.673 32.3965 -366.649 232.673 32.3965 -366.649 214.673 106.038 -393.888 214.673 106.038 -393.888 232.673 209.244 -432.062 232.673 209.244 -432.062 -221.622
element 24
  poly 0: 185.884 459.184 232.673 226.805 324.454 232.673 203.494 339.267 232.673 247.629 193.951 232.673 258.765 219.226 232.673 294.577 101.314 232.673 344.858 108.325 232.673 339.357 89.3839 232.673 397.257 97.4567 232.673 386.785 114.171 232.673 428.941 120.049 232.673 428.941 258.657 232.673 446.941 238.458 232.673 446.941 384.899 232.673 428.941 364.7 232.673 428.941 481.094 232.673 336.714 472.781 232.673 349.172 491.977 232.673 247.137 482.779 232.673 262.826 466.12 232.673 185.884 459.184 232.673
  poly 1: 185.884 459.184 214.673 226.805 324.454 214.673 203.494 339.267 214.673 247.629 193.951 214.673 258.765 219.226 214.673 294.577 101.314 214.673 344.858 108.325 214.673 339.357 89.3839 214.673 397.257 97.4567 214.673 386.785 114.171 214.673 428.941 120.049 214.673 428.941 258.657 214.673 446.941 238.458 214.673 446.941 384.899 214.673 428.941 364.7 214.673 428.941 481.094 214.673 336.714 472.781 214.673 349.172 491.977 214.673 247.137 482.779 214.673 262.826 466.12 214.673 185.884 459.184 214.673
element 25
  poly 0: 251.525 119.189 187.673 268.748 124.42 187.673
  poly 1: 251.525 119.189 187.673 268.748 124.42 187.673
  poly 2: 251.525 119.189 187.673 268.748 124.42 187.673
  poly 3: 251.525 119.189 187.673 268.748 124.42 187.673
  poly 4: 228.165 196.101 187.673 245.388 201.332 187.673
  poly 5: 228.165 196.101 187.673 245.388 201.332 187.673
  poly 6: 228.165 196.101 187.673 245.388 201.332 187.673
  poly 7: 228.165 196.101 187.673 245.388 201.332 187.673
  poly 8: 204.805 273.013 187.673 222.028 278.244 187.673
  poly 9: 204.805 273.013 187.673 222.028 278.244 187.673
  poly 10: 204.805 273.013 187.673 222.028 278.244 187.673
  poly 11: 204.805 273.013 187.673 222.028 278.244 187.673
  poly 12: 181.445 349.924 187.673 198.668 355.155 187.673
  poly 13: 181.445 349.924 187.673 198.668 355.155 187.673
  poly 14: 181.445 349.924 187.673 198.668 355.155 187.673
  poly 15: 181.445 349.924 187.673 198.668 355.155 187.673
  poly 16: 158.085 426.836 187.673 175.308 432.067 187.673
  poly 17: 158.085 426.836 187.673 175.308 432.067 187.673
  poly 18: 158.085 426.836 187.673 175.308 432.067 187.673
  poly 19: 158.085 426.836 187.673 175.308 432.067 187.673
  poly 20: 158.085 426.836 134.186 175.308 432.067 134.186
  poly 21: 158.085 426.836 134.186 175.308 432.067 134.186
  poly 22: 158.085 426.836 134.186 175.308 432.067 134.186
  poly 23: 158.085 426.836 134.186 175.308 432.067 134.186
  poly 24: 158.085 426.836 80.6983 175.308 432.067 80.6983
  poly 25: 158.085 426.836 80.6983 175.308 432.067 80.6983
  poly 26: 158.085 426.836 80.6983 175.308 432.067 80.6983
  poly 27: 158.085 426.836 80.6983 175.308 432.067 80.6983
  poly 28: 181.297 350.412 63.7116 198.52 355.643 63.7116
  poly 29: 181.297 350.412 63.7116 198.52 355.643 63.7116
  poly 30: 181.297 350.412 63.7116 198.52 355.643 63.7116
  poly 31: 181.297 350.412 63.7116 198.52 355.643 63.7116
  poly 32: 204.509 273.987 46.725 221.732 279.218 46.725
  poly 33: 204.509 273.987 46.725 221.732 279.218 46.725
  poly 34: 204.509 273.987 46.725 221.732 279.218 46.725
  poly 35: 204.509 273.987 46.725 221.732 279.218 46.725
  poly 36: 227.721 197.563 29.7384 244.944 202.794 29.7384
  poly 37: 227.721 197.563 29.7384 244.944 202.794 29.7384
  poly 38: 227.721 197.563 29.7384 244.944 202.794 29.7384
  poly 39: 227.721 197.563 29.7384 244.944 202.794 29.7384
  poly 40: 251.525 119.189 12.3185 268.748 124.42 12.3185
  poly 41: 251.525 119.189 12.3185 268.748 124.42 12.3185
  poly 42: 251.525 119.189 12.3185 268.748 124.42 12.3185
  poly 43: 251.525 119.189 12.3185 268.748 124.42 12.3185
  poly 44: 251.525 119.189 99.9958 268.748 124.42 99.9958
  poly 45: 251.525 119.189 99.9958 268.748 124.42 99.9958
  poly 46: 167.573 457.533 40.3522 276.53 98.7981 -39.3829 276.53 98.7981 60.4431 281.825 81.3624 46.2491 281.825 81.3624 149.155 276.53 98.7981 134.961 276.53 98.7981 232.673 247.629 193.951 232.673 247.629 193.951 214.673 203.494 339.267 214.673 203.494 339.267 232.673 167.573 457.533 232.673 167.573 457.533 153.066 162.23 475.125 162.805 162.23 475.125 92.1979 167.573 457.533 101.937 167.573 457.533 40.3522
  poly 47: 185.884 459.184 37.8752 294.577 101.314 -41.6675 294.577 101.314 60.4431 299.873 83.8787 46.2491 299.873 83.8787 149.155 294.577 101.314 134.961 294.577 101.314 232.673 258.765 219.226 232.673 258.765 219.226 214.673 226.805 324.454 214.673 226.805 324.454 232.673 185.884 459.184 232.673 185.884 459.184 153.066 180.541 476.775 162.805 180.541 476.775 92.1979 185.884 459.184 101.937 185.884 459.184 37.8752
element 26
  poly 0: 162.23 475.125 44.2622 162.23 475.125 92.1979 180.541 476.775 92.1979 180.541 476.775 162.805 162.23 475.125 162.805 162.23 475.125 232.673 247.137 482.779 232.673 247.137 482.779 214.673 349.172 491.977 214.673 349.172 491.977 232.673 428.941 499.167 232.673 428.941 499.167 139.263 446.941 500.79 150.906 446.941 500.79 66.4956 428.941 499.167 78.1384 428.941 499.167 8.18208 162.23 475.125 44.2622
  poly 1: 167.573 457.533 40.3522 167.573 457.533 101.937 185.884 459.184 101.937 185.884 459.184 153.066 167.573 457.533 153.066 167.573 457.533 232.673 262.826 466.12 232.673 262.826 466.12 214.673 336.714 472.781 214.673 336.714 472.781 232.673 428.941 481.094 232.673 428.941 481.094 139.263 446.941 482.717 150.906 446.941 482.717 66.4956 428.941 481.094 78.1384 428.941 481.094 4.99488 167.573 457.533 40.3522
element 27
  poly 0: 328.88 69.749 -2.35593 326.394 87.5765 -2.35593
  poly 1: 328.88 69.749 -2.35593 326.394 87.5765 -2.35593
  poly 2: 328.88 69.749 -2.35593 326.394 87.5765 -2.35593
  poly 3: 328.88 69.749 -2.35593 326.394 87.5765 -2.35593
  poly 4: 328.88 69.749 92.6586 326.394 87.5765 92.6586
  poly 5: 328.88 69.749 92.6586 326.394 87.5765 92.6586
  poly 6: 328.88 69.749 92.6586 326.394 87.5765 92.6586
  poly 7: 328.88 69.749 92.6586 326.394 87.5765 92.6586
  poly 8: 328.88 69.749 187.673 326.394 87.5765 187.673
  poly 9: 328.88 69.749 187.673 326.394 87.5765 187.673
  poly 10: 328.88 69.749 187.673 326.394 87.5765 187.673
  poly 11: 328.88 69.749 187.673 326.394 87.5765 187.673
  poly 12: 404.858 80.3424 187.673 402.372 98.1699 187.673
  poly 13: 404.858 80.3424 187.673 402.372 98.1699 187.673
  poly 14: 404.858 80.3424 187.673 402.372 98.1699 187.673
  poly 15: 404.858 80.3424 187.673 402.372 98.1699 187.673
  poly 16: 404.858 80.3424 88.991 402.372 98.1699 88.991
  poly 17: 404.858 80.3424 88.991 402.372 98.1699 88.991
  poly 18: 404.858 80.3424 88.991 402.372 98.1699 88.991
  poly 19: 404.858 80.3424 88.991 402.372 98.1699 88.991
  poly 20: 404.858 80.3424 -9.69123 402.372 98.1699 -9.69123
  poly 21: 404.858 80.3424 -9.69123 402.372 98.1699 -9.69123
  poly 22: 281.825 81.3624 -43.2583 428.941 101.874 -61.8812 428.941 101.874 48.8173 446.941 104.384 33.6124 446.941 104.384 143.848 428.941 101.874 128.643 428.941 101.874 232.673 397.257 97.4567 232.673 397.257 97.4567 214.673 339.357 89.3839 214.673 339.357 89.3839 232.673 281.825 81.3624 232.673 281.825 81.3624 149.155 299.873 83.8787 149.155 299.873 83.8787 46.2491 281.825 81.3624 46.2491 281.825 81.3624 -43.2583
  poly 23: 276.53 98.7981 -39.3829 428.941 120.049 -58.6761 428.941 120.049 48.8173 446.941 122.558 33.6124 446.941 122.558 143.848 428.941 120.049 128.643 428.941 120.049 232.673 386.785 114.171 232.673 386.785 114.171 214.673 344.858 108.325 214.673 344.858 108.325 232.673 276.53 98.7981 232.673 276.53 98.7981 134.961 294.577 101.314 134.961 294.577 101.314 60.4431 276.53 98.7981 60.4431 276.53 98.7981 -39.3829
element 28
  poly 0: 446.941 104.384 -64.1597 446.941 500.79 5.74708 446.941 500.79 66.4956 446.941 482.717 66.4956 446.941 482.717 150.906 446.941 500.79 150.906 446.941 500.79 232.673 446.941 384.899 232.673 446.941 384.899 214.673 446.941 238.458 214.673 446.941 238.458 232.673 446.941 104.384 232.673 446.941 104.384 143.848 446.941 122.558 143.848 446.941 122.558 33.6124 446.941 104.384 33.6124 446.941 104.384 -64.1597
  poly 1: 428.941 101.874 -61.8812 428.941 499.167 8.18208 428.941 499.167 78.1384 428.941 481.094 78.1384 428.941 481.094 139.263 428.941 499.167 139.263 428.941 499.167 232.673 428.941 364.7 232.673 428.941 364.7 214.673 428.941 258.657 214.673 428.941 258.657 232.673 428.941 101.874 232.673 428.941 101.874 128.643 428.941 120.049 128.643 428.941 120.049 48.8173 428.941 101.874 48.8173 428.941 101.874 -61.8812
element 29
  poly 0: -43.2895 409.982 232.673 38.4476 271.615 232.673 10.8102 283.01 232.673 98.8217 134.022 232.673 102.18 163.727 232.673 173.626 42.7813 232.673 204.959 59.8928 232.673 208.211 41.1597 232.673 247.181 62.442 232.673 233.178 75.3041 232.673 260.347 90.1418 232.673 217.995 229.583 232.673 241.354 214.614 232.673 196.874 361.061 232.673 185.786 335.63 232.673 149.877 453.86 232.673 75.5456 436.976 232.673 82.938 457.113 232.673 0.436301 438.373 232.673 15.803 423.405 232.673 -43.2895 409.982 232.673
  poly 1: -43.2895 409.982 214.673 38.4476 271.615 214.673 10.8102 283.01 214.673 98.8217 134.022 214.673 102.18 163.727 214.673 173.626 42.7813 214.673 204.959 59.8928 214.673 208.211 41.1597 214.673 247.181 62.442 214.673 233.178 75.3041 214.673 260.347 90.1418 214.673 217.995 229.583 214.673 241.354 214.614 214.673 196.874 361.061 214.673 185.786 335.63 214.673 149.877 453.86 214.673 75.5456 436.976 214.673 82.938 457.113 214.673 0.436301 438.373 214.673 15.803 423.405 214.673 -43.2895 409.982 214.673
element 30
  poly 0: 128.594 48.2319 187.673 144.092 57.3869 187.673
  poly 1: 128.594 48.2319 187.673 144.092 57.3869 187.673
  poly 2: 128.594 48.2319 187.673 144.092 57.3869 187.673
  poly 3: 128.594 48.2319 187.673 144.092 57.3869 187.673
  poly 4: 80.4592 129.716 187.673 95.9571 138.872 187.673
  poly 5: 80.4592 129.716 187.673 95.9571 138.872 187.673
  poly 6: 80.4592 129.716 187.673 95.9571 138.872 187.673
  poly 7: 80.4592 129.716 187.673 95.9571 138.872 187.673
  poly 8: 32.324 211.201 187.673 47.8219 220.356 187.673
  poly 9: 32.324 211.201 187.673 47.8219 220.356 187.673
  poly 10: 32.324 211.201 187.673 47.8219 220.356 187.673
  poly 11: 32.324 211.201 187.673 47.8219 220.356 187.673
  poly 12: -15.8112 292.686 187.673 -0.313279 301.841 187.673
  poly 13: -15.8112 292.686 187.673 -0.313279 301.841 187.673
  poly 14: -15.8112 292.686 187.673 -0.313279 301.841 187.673
  poly 15: -15.8112 292.686 187.673 -0.313279 301.841 187.673
  poly 16: -63.9464 374.17 187.673 -48.4485 383.325 187.673
  poly 17: -63.9464 374.17 187.673 -48.4485 383.325 187.673
  poly 18: -63.9464 374.17 187.673 -48.4485 383.325 187.673
  poly 19: -63.9464 374.17 187.673 -48.4485 383.325 187.673
  poly 20: -63.9464 374.17 102.882 -48.4485 383.325 102.882
  poly 21: -63.9464 374.17 102.882 -48.4485 383.325 102.882
  poly 22: -63.9464 374.17 102.882 -48.4485 383.325 102.882
  poly 23: -63.9464 374.17 102.882 -48.4485 383.325 102.882
  poly 24: -15.8112 292.686 82.9643 -0.313279 301.841 82.9643
  poly 25: -15.8112 292.686 82.9643 -0.313279 301.841 82.9643
  poly 26: -15.8112 292.686 82.9643 -0.313279 301.841 82.9643
  poly 27: -15.8112 292.686 82.9643 -0.313279 301.841 82.9643
  poly 28: 32.324 211.201 63.0469 47.8219 220.356 63.0469
  poly 29: 32.324 211.201 63.0469 47.8219 220.356 63.0469
  poly 30: 32.324 211.201 63.0469 47.8219 220.356 63.0469
  poly 31: 32.324 211.201 63.0469 47.8219 220.356 63.0469
  poly 32: 80.4592 129.716 43.1295 95.9571 138.872 43.1295
  poly 33: 80.4592 129.716 43.1295 95.9571 138.872 43.1295
  poly 34: 80.4592 129.716 43.1295 95.9571 138.872 43.1295
  poly 35: 80.4592 129.716 43.1295 95.9571 138.872 43.1295
  poly 36: 128.594 48.2319 23.2121 144.092 57.3869 23.2121
  poly 37: 128.594 48.2319 23.2121 144.092 57.3869 23.2121
  poly 38: 128.594 48.2319 23.2121 144.092 57.3869 23.2121
  poly 39: 128.594 48.2319 23.2121 144.092 57.3869 23.2121
  poly 40: 128.594 48.2319 105.443 144.092 57.3869 105.443
  poly 41: 128.594 48.2319 105.443 144.092 57.3869 105.443
  poly 42: -61.7221 405.795 62.1149 157.82 34.1489 -34.9705 157.82 34.1489 63.6173 166.98 18.6422 49.6994 166.98 18.6422 150.604 157.82 34.1489 136.686 157.82 34.1489 232.673 98.8217 134.022 232.673 98.8217 134.022 214.673 10.8102 283.01 214.673 10.8102 283.01 232.673 -61.7221 405.795 232.673 -61.7221 405.795 161.689 -71.3361 422.07 170.238 -71.3361 422.07 108.254 -61.7221 405.795 116.803 -61.7221 405.795 62.1149
  poly 43: -43.2895 409.982 60.3705 173.626 42.7813 -35.5537 173.626 42.7813 63.6173 182.786 27.2746 49.6994 182.786 27.2746 150.604 173.626 42.7813 136.686 173.626 42.7813 232.673 102.18 163.727 232.673 102.18 163.727 214.673 38.4476 271.615 214.673 38.4476 271.615 232.673 -43.2895 409.982 232.673 -43.2895 409.982 161.689 -52.9034 426.257 170.238 -52.9034 426.257 108.254 -43.2895 409.982 116.803 -43.2895 409.982 60.3705
element 31
  poly 0: -71.3361 422.07 66.3664 -71.3361 422.07 108.254 -52.9034 426.257 108.254 -52.9034 426.257 170.238 -71.3361 422.07 170.238 -71.3361 422.07 232.673 0.436301 438.373 232.673 0.436301 438.373 214.673 82.938 457.113 214.673 82.938 457.113 232.673 144.633 471.127 232.673 144.633 471.127 153.881 162.23 475.125 163.507 162.23 475.125 93.7151 144.633 471.127 103.342 144.633 471.127 45.9276 -71.3361 422.07 66.3664
  poly 1: -61.7221 405.795 62.1149 -61.7221 405.795 116.803 -43.2895 409.982 116.803 -43.2895 409.982 161.689 -61.7221 405.795 161.689 -61.7221 405.795 232.673 15.803 423.405 232.673 15.803 423.405 214.673 75.5456 436.976 214.673 75.5456 436.976 232.673 149.877 453.86 232.673 149.877 453.86 153.881 167.475 457.858 163.507 167.475 457.858 93.7151 149.877 453.86 103.342 149.877 453.86 42.0897 -61.7221 405.795 62.1149
element 32
  poly 0: 215.102 24.4133 4.54519 206.474 40.211 4.54519
  poly 1: 215.102 24.4133 4.54519 206.474 40.211 4.54519
  poly 2: 215.102 24.4133 4.54519 206.474 40.211 4.54519
  poly 3: 215.102 24.4133 4.54519 206.474 40.211 4.54519
  poly 4: 215.102 24.4133 96.1092 206.474 40.211 96.1092
  poly 5: 215.102 24.4133 96.1092 206.474 40.211 96.1092
  poly 6: 215.102 24.4133 96.1092 206.474 40.211 96.1092
  poly 7: 215.102 24.4133 96.1092 206.474 40.211 96.1092
  poly 8: 215.102 24.4133 187.673 206.474 40.211 187.673
  poly 9: 215.102 24.4133 187.673 206.474 40.211 187.673
  poly 10: 215.102 24.4133 187.673 206.474 40.211 187.673
  poly 11: 215.102 24.4133 187.673 206.474 40.211 187.673
  poly 12: 250.959 43.9959 187.673 242.331 59.7936 187.673
  poly 13: 250.959 43.9959 187.673 242.331 59.7936 187.673
  poly 14: 250.959 43.9959 187.673 242.331 59.7936 187.673
  poly 15: 250.959 43.9959 187.673 242.331 59.7936 187.673
  poly 16: 250.959 43.9959 95.4477 242.331 59.7936 95.4477
  poly 17: 250.959 43.9959 95.4477 242.331 59.7936 95.4477
  poly 18: 250.959 43.9959 95.4477 242.331 59.7936 95.4477
  poly 19: 250.959 43.9959 95.4477 242.331 59.7936 95.4477
  poly 20: 250.959 43.9959 3.22234 242.331 59.7936 3.22234
  poly 21: 250.959 43.9959 3.22234 242.331 59.7936 3.22234
  poly 22: 166.98 18.6422 -39.0214 265.69 72.5503 -42.663 265.69 72.5503 61.3368 281.825 81.3624 47.2206 281.825 81.3624 149.563 265.69 72.5503 135.447 265.69 72.5503 232.673 247.181 62.442 232.673 247.181 62.442 214.673 208.211 41.1597 214.673 208.211 41.1597 232.673 166.98 18.6422 232.673 166.98 18.6422 150.604 182.786 27.2746 150.604 182.786 27.2746 49.6994 166.98 18.6422 49.6994 166.98 18.6422 -39.0214
  poly 23: 157.82 34.1489 -34.9705 260.347 90.1418 -38.753 260.347 90.1418 61.3368 276.482 98.9538 47.2206 276.482 98.9538 149.563 260.347 90.1418 135.447 260.347 90.1418 232.673 233.178 75.3041 232.673 233.178 75.3041 214.673 204.959 59.8928 214.673 204.959 59.8928 232.673 157.82 34.1489 232.673 157.82 34.1489 136.686 173.626 42.7813 136.686 173.626 42.7813 63.6173 157.82 34.1489 63.6173 157.82 34.1489 -34.9705
element 33
  poly 0: 285.971 129.651 187.673 268.748 124.42 187.673
  poly 1: 285.971 129.651 187.673 268.748 124.42 187.673
  poly 2: 285.971 129.651 187.673 268.748 124.42 187.673
  poly 3: 285.971 129.651 187.673 268.748 124.42 187.673
  poly 4: 262.611 206.563 187.673 245.388 201.332 187.673
  poly 5: 262.611 206.563 187.673 245.388 201.332 187.673
  poly 6: 262.611 206.563 187.673 245.388 201.332 187.673
  poly 7: 262.611 206.563 187.673 245.388 201.332 187.673
  poly 8: 239.251 283.475 187.673 222.028 278.244 187.673
  poly 9: 239.251 283.475 187.673 222.028 278.244 187.673
  poly 10: 239.251 283.475 187.673 222.028 278.244 187.673
  poly 11: 239.251 283.475 187.673 222.028 278.244 187.673
  poly 12: 215.891 360.386 187.673 198.668 355.155 187.673
  poly 13: 215.891 360.386 187.673 198.668 355.155 187.673
  poly 14: 215.891 360.386 187.673 198.668 355.155 187.673
  poly 15: 215.891 360.386 187.673 198.668 355.155 187.673
  poly 16: 192.531 437.298 187.673 175.308 432.067 187.673
  poly 17: 192.531 437.298 187.673 175.308 432.067 187.673
  poly 18: 192.531 437.298 187.673 175.308 432.067 187.673
  poly 19: 192.531 437.298 187.673 175.308 432.067 187.673
  poly 20: 192.531 437.298 134.186 175.308 432.067 134.186
  poly 21: 192.531 437.298 134.186 175.308 432.067 134.186
  poly 22: 192.531 437.298 134.186 175.308 432.067 134.186
  poly 23: 192.531 437.298 134.186 175.308 432.067 134.186
  poly 24: 192.531 437.298 80.6983 175.308 432.067 80.6983
  poly 25: 192.531 437.298 80.6983 175.308 432.067 80.6983
  poly 26: 192.531 437.298 80.6983 175.308 432.067 80.6983
  poly 27: 192.531 437.298 80.6983 175.308 432.067 80.6983
  poly 28: 215.743 360.874 63.7116 198.52 355.643 63.7116
  poly 29: 215.743 360.874 63.7116 198.52 355.643 63.7116
  poly 30: 215.743 360.874 63.7116 198.52 355.643 63.7116
  poly 31: 215.743 360.874 63.7116 198.52 355.643 63.7116
  poly 32: 238.955 284.449 46.725 221.732 279.218 46.725
  poly 33: 238.955 284.449 46.725 221.732 279.218 46.725
  poly 34: 238.955 284.449 46.725 221.732 279.218 46.725
  poly 35: 238.955 284.449 46.725 221.732 279.218 46.725
  poly 36: 262.167 208.025 29.7384 244.944 202.794 29.7384
  poly 37: 262.167 208.025 29.7384 244.944 202.794 29.7384
  poly 38: 262.167 208.025 29.7384 244.944 202.794 29.7384
  poly 39: 262.167 208.025 29.7384 244.944 202.794 29.7384
  poly 40: 285.971 129.651 12.3185 268.748 124.42 12.3185
  poly 41: 285.971 129.651 12.3185 268.748 124.42 12.3185
  poly 42: 285.971 129.651 12.3185 268.748 124.42 12.3185
  poly 43: 285.971 129.651 12.3185 268.748 124.42 12.3185
  poly 44: 285.971 129.651 99.9958 268.748 124.42 99.9958
  poly 45: 285.971 129.651 99.9958 268.748 124.42 99.9958
  poly 46: 281.825 81.3624 -43.2583 162.23 475.125 44.2622 162.23 475.125 93.7151 167.475 457.858 93.7151 167.475 457.858 163.507 162.23 475.125 163.507 162.23 475.125 232.673 196.874 361.061 232.673 196.874 361.061 214.673 241.354 214.614 214.673 241.354 214.614 232.673 281.825 81.3624 232.673 281.825 81.3624 149.563 276.482 98.9538 149.563 276.482 98.9538 47.2206 281.825 81.3624 47.2206 281.825 81.3624 -43.2583
  poly 47: 265.69 72.5503 -42.663 144.633 471.127 45.9276 144.633 471.127 103.342 149.877 453.86 103.342 149.877 453.86 153.881 144.633 471.127 153.881 144.633 471.127 232.673 185.786 335.63 232.673 185.786 335.63 214.673 217.995 229.583 214.673 217.995 229.583 232.673 265.69 72.5503 232.673 265.69 72.5503 135.447 260.347 90.1418 135.447 260.347 90.1418 61.3368 265.69 72.5503 61.3368 265.69 72.5503 -42.663
element 34
  poly 0: -215.467 265.288 232.673 -107.864 145.224 232.673 -136.928 150.685 232.673 -23.3902 23.9996 232.673 -25.6462 53.4868 232.673 66.1714 -48.9626 232.673 94.2564 -23.3399 232.673 101.589 -41.0156 232.673 136.382 -9.27308 232.673 119.451 -0.353881 232.673 144.042 22.0811 232.673 59.2369 165.642 232.673 86.9452 154.127 232.673 -1.58007 303.985 232.673 -4.8676 274.16 232.673 -75.531 393.781 232.673 -127.152 346.381 232.673 -131.077 367.214 232.673 -190.883 312.298 232.673 -170.46 306.614 232.673 -215.467 265.288 232.673
  poly 1: -215.467 265.288 214.673 -107.864 145.224 214.673 -136.928 150.685 214.673 -23.3902 23.9996 214.673 -25.6462 53.4868 214.673 66.1714 -48.9626 214.673 94.2564 -23.3399 214.673 101.589 -41.0156 214.673 136.382 -9.27308 214.673 119.451 -0.353881 214.673 144.042 22.0811 214.673 59.2369 165.642 214.673 86.9452 154.127 214.673 -1.58007 303.985 214.673 -4.8676 274.16 214.673 -75.531 393.781 214.673 -127.152 346.381 214.673 -131.077 367.214 214.673 -190.883 312.298 214.673 -170.46 306.614 214.673 -215.467 265.288 214.673
element 35
  poly 0: 21.4493 -53.002 187.673 34.8538 -40.9886 187.673
  poly 1: 21.4493 -53.002 187.673 34.8538 -40.9886 187.673
  poly 2: 21.4493 -53.002 187.673 34.8538 -40.9886 187.673
  poly 3: 21.4493 -53.002 187.673 34.8538 -40.9886 187.673
  poly 4: -39.9409 15.4968 187.673 -26.5365 27.5102 187.673
  poly 5: -39.9409 15.4968 187.673 -26.5365 27.5102 187.673
  poly 6: -39.9409 15.4968 187.673 -26.5365 27.5102 187.673
  poly 7: -39.9409 15.4968 187.673 -26.5365 27.5102 187.673
  poly 8: -101.331 83.9957 187.673 -87.9268 96.009 187.673
  poly 9: -101.331 83.9957 187.673 -87.9268 96.009 187.673
  poly 10: -101.331 83.9957 187.673 -87.9268 96.009 187.673
  poly 11: -101.331 83.9957 187.673 -87.9268 96.009 187.673
  poly 12: -162.722 152.494 187.673 -149.317 164.508 187.673
  poly 13: -162.722 152.494 187.673 -149.317 164.508 187.673
  poly 14: -162.722 152.494 187.673 -149.317 164.508 187.673
  poly 15: -162.722 152.494 187.673 -149.317 164.508 187.673
  poly 16: -224.112 220.993 187.673 -210.707 233.007 187.673
  poly 17: -224.112 220.993 187.673 -210.707 233.007 187.673
  poly 18: -224.112 220.993 187.673 -210.707 233.007 187.673
  poly 19: -224.112 220.993 187.673 -210.707 233.007 187.673
  poly 20: -224.112 220.993 106.765 -210.707 233.007 106.765
  poly 21: -224.112 220.993 106.765 -210.707 233.007 106.765
  poly 22: -224.112 220.993 106.765 -210.707 233.007 106.765
  poly 23: -224.112 220.993 106.765 -210.707 233.007 106.765
  poly 24: -191.234 184.308 95.9879 -177.829 196.322 95.9879
  poly 25: -191.234 184.308 95.9879 -177.829 196.322 95.9879
  poly 26: -191.234 184.308 95.9879 -177.829 196.322 95.9879
  poly 27: -191.234 184.308 95.9879 -177.829 196.322 95.9879
  poly 28: -158.356 147.623 85.2108 -144.951 159.637 85.2108
  poly 29: -158.356 147.623 85.2108 -144.951 159.637 85.2108
  poly 30: -158.356 147.623 85.2108 -144.951 159.637 85.2108
  poly 31: -158.356 147.623 85.2108 -144.951 159.637 85.2108
  poly 32: -98.4207 80.7481 65.5649 -85.0163 92.7615 65.5649
  poly 33: -98.4207 80.7481 65.5649 -85.0163 92.7615 65.5649
  poly 34: -98.4207 80.7481 65.5649 -85.0163 92.7615 65.5649
  poly 35: -98.4207 80.7481 65.5649 -85.0163 92.7615 65.5649
  poly 36: -38.4857 13.8731 45.9189 -25.0812 25.8864 45.9189
  poly 37: -38.4857 13.8731 45.9189 -25.0812 25.8864 45.9189
  poly 38: -38.4857 13.8731 45.9189 -25.0812 25.8864 45.9189
  poly 39: -38.4857 13.8731 45.9189 -25.0812 25.8864 45.9189
  poly 40: 21.4493 -53.002 26.273 34.8538 -40.9886 26.273
  poly 41: 21.4493 -53.002 26.273 34.8538 -40.9886 26.273
  poly 42: 21.4493 -53.002 26.273 34.8538 -40.9886 26.273
  poly 43: 21.4493 -53.002 26.273 34.8538 -40.9886 26.273
  poly 44: 21.4493 -53.002 106.973 34.8538 -40.9886 106.973
  poly 45: 21.4493 -53.002 106.973 34.8538 -40.9886 106.973
  poly 46: -228.727 253.112 66.6071 52.8734 -61.0947 -25.6979 52.8734 -61.0947 69.4137 64.8872 -74.4997 55.9999 64.8872 -74.4997 153.25 52.8734 -61.0947 139.837 52.8734 -61.0947 232.673 -23.3902 23.9996 232.673 -23.3902 23.9996 214.673 -136.928 150.685 214.673 -136.928 150.685 232.673 -228.727 253.112 232.673 -228.727 253.112 163.639 -240.741 266.518 171.92 -240.741 266.518 111.886 -228.727 253.112 120.166 -228.727 253.112 66.6071
  poly 47: -215.467 265.288 66.28 66.1714 -48.9626 -26.0376 66.1714 -48.9626 69.4137 78.1852 -62.3676 55.9999 78.1852 -62.3676 153.25 66.1714 -48.9626 139.837 66.1714 -48.9626 232.673 -25.6462 53.4868 232.673 -25.6462 53.4868 214.673 -107.864 145.224 214.673 -107.864 145.224 232.673 -215.467 265.288 232.673 -215.467 265.288 163.639 -227.481 278.693 171.92 -227.481 278.693 111.886 -215.467 265.288 120.166 -215.467 265.288 66.28
element 36
  poly 0: -240.741 266.518 70.5452 -240.741 266.518 111.886 -227.481 278.693 111.886 -227.481 278.693 171.92 -240.741 266.518 171.92 -240.741 266.518 232.673 -190.883 312.298 232.673 -190.883 312.298 214.673 -131.077 367.214 214.673 -131.077 367.214 232.673 -84.8901 409.624 232.673 -84.8901 409.624 162.164 -71.3361 422.07 170.648 -71.3361 422.07 109.138 -84.8901 409.624 117.623 -84.8901 409.624 66.7007 -240.741 266.518 70.5452
  poly 1: -228.727 253.112 66.6071 -228.727 253.112 120.166 -215.467 265.288 120.166 -215.467 265.288 163.639 -228.727 253.112 163.639 -228.727 253.112 232.673 -170.46 306.614 232.673 -170.46 306.614 214.673 -127.152 346.381 214.673 -127.152 346.381 232.673 -75.531 393.781 232.673 -75.531 393.781 162.164 -61.9769 406.227 170.648 -61.9769 406.227 109.138 -75.531 393.781 117.623 -75.531 393.781 62.8281 -228.727 253.112 66.6071
element 37
  poly 0: 110.263 -57.4677 14.6909 98.1313 -44.1702 14.6909
  poly 1: 110.263 -57.4677 14.6909 98.1313 -44.1702 14.6909
  poly 2: 110.263 -57.4677 14.6909 98.1313 -44.1702 14.6909
  poly 3: 110.263 -57.4677 14.6909 98.1313 -44.1702 14.6909
  poly 4: 110.263 -57.4679 101.182 98.1311 -44.1704 101.182
  poly 5: 110.263 -57.4679 101.182 98.1311 -44.1704 101.182
  poly 6: 110.263 -57.4679 101.182 98.1311 -44.1704 101.182
  poly 7: 110.263 -57.4679 101.182 98.1311 -44.1704 101.182
  poly 8: 110.263 -57.468 187.673 98.131 -44.1705 187.673
  poly 9: 110.263 -57.468 187.673 98.131 -44.1705 187.673
  poly 10: 110.263 -57.468 187.673 98.131 -44.1705 187.673
  poly 11: 110.263 -57.468 187.673 98.131 -44.1705 187.673
  poly 12: 145.868 -24.9845 187.673 133.736 -11.687 187.673
  poly 13: 145.868 -24.9845 187.673 133.736 -11.687 187.673
  poly 14: 145.868 -24.9845 187.673 133.736 -11.687 187.673
  poly 15: 145.868 -24.9845 187.673 133.736 -11.687 187.673
  poly 16: 145.868 -24.9845 100.819 133.736 -11.687 100.819
  poly 17: 145.868 -24.9845 100.819 133.736 -11.687 100.819
  poly 18: 145.868 -24.9845 100.819 133.736 -11.687 100.819
  poly 19: 145.868 -24.9845 100.819 133.736 -11.687 100.819
  poly 20: 145.868 -24.9845 13.9645 133.736 -11.687 13.9645
  poly 21: 145.868 -24.9845 13.9645 133.736 -11.687 13.9645
  poly 22: 64.8872 -74.4997 -29.6359 153.395 6.24844 -31.8971 153.395 6.24844 68.0038 166.98 18.6422 54.4673 166.98 18.6422 152.607 153.395 6.24844 139.07 153.395 6.24844 232.673 136.382 -9.27308 232.673 136.382 -9.27308 214.673 101.589 -41.0156 214.673 101.589 -41.0156 232.673 64.8872 -74.4997 232.673 64.8872 -74.4997 153.25 78.1852 -62.3676 153.25 78.1852 -62.3676 55.9999 64.8872 -74.4997 55.9999 64.8872 -74.4997 -29.6359
  poly 23: 52.8734 -61.0947 -25.6979 144.042 22.0811 -28.027 144.042 22.0811 68.0038 157.627 34.4748 54.4673 157.627 34.4748 152.607 144.042 22.0811 139.07 144.042 22.0811 232.673 119.451 -0.353881 232.673 119.451 -0.353881 214.673 94.2564 -23.3399 214.673 94.2564 -23.3399 232.673 52.8734 -61.0947 232.673 52.8734 -61.0947 139.837 66.1714 -48.9626 139.837 66.1714 -48.9626 69.4137 52.8734 -61.0947 69.4137 52.8734 -61.0947 -25.6979
element 38
  poly 0: 159.59 66.542 187.673 144.092 57.3869 187.673
  poly 1: 159.59 66.542 187.673 144.092 57.3869 187.673
  poly 2: 159.59 66.542 187.673 144.092 57.3869 187.673
  poly 3: 159.59 66.542 187.673 144.092 57.3869 187.673
  poly 4: 111.455 148.027 187.673 95.9571 138.872 187.673
  poly 5: 111.455 148.027 187.673 95.9571 138.872 187.673
  poly 6: 111.455 148.027 187.673 95.9571 138.872 187.673
  poly 7: 111.455 148.027 187.673 95.9571 138.872 187.673
  poly 8: 63.3198 229.511 187.673 47.8219 220.356 187.673
  poly 9: 63.3198 229.511 187.673 47.8219 220.356 187.673
  poly 10: 63.3198 229.511 187.673 47.8219 220.356 187.673
  poly 11: 63.3198 229.511 187.673 47.8219 220.356 187.673
  poly 12: 15.1846 310.996 187.673 -0.313279 301.841 187.673
  poly 13: 15.1846 310.996 187.673 -0.313279 301.841 187.673
  poly 14: 15.1846 310.996 187.673 -0.313279 301.841 187.673
  poly 15: 15.1846 310.996 187.673 -0.313279 301.841 187.673
  poly 16: -32.9505 392.48 187.673 -48.4485 383.325 187.673
  poly 17: -32.9505 392.48 187.673 -48.4485 383.325 187.673
  poly 18: -32.9505 392.48 187.673 -48.4485 383.325 187.673
  poly 19: -32.9505 392.48 187.673 -48.4485 383.325 187.673
  poly 20: -32.9505 392.48 102.882 -48.4485 383.325 102.882
  poly 21: -32.9505 392.48 102.882 -48.4485 383.325 102.882
  poly 22: -32.9505 392.48 102.882 -48.4485 383.325 102.882
  poly 23: -32.9505 392.48 102.882 -48.4485 383.325 102.882
  poly 24: 15.1846 310.996 82.9643 -0.313279 301.841 82.9643
  poly 25: 15.1846 310.996 82.9643 -0.313279 301.841 82.9643
  poly 26: 15.1846 310.996 82.9643 -0.313279 301.841 82.9643
  poly 27: 15.1846 310.996 82.9643 -0.313279 301.841 82.9643
  poly 28: 63.3198 229.511 63.0469 47.8219 220.356 63.0469
  poly 29: 63.3198 229.511 63.0469 47.8219 220.356 63.0469
  poly 30: 63.3198 229.511 63.0469 47.8219 220.356 63.0469
  poly 31: 63.3198 229.511 63.0469 47.8219 220.356 63.0469
  poly 32: 111.455 148.027 43.1295 95.9571 138.872 43.1295
  poly 33: 111.455 148.027 43.1295 95.9571 138.872 43.1295
  poly 34: 111.455 148.027 43.1295 95.9571 138.872 43.1295
  poly 35: 111.455 148.027 43.1295 95.9571 138.872 43.1295
  poly 36: 159.59 66.542 23.2121 144.092 57.3869 23.2121
  poly 37: 159.59 66.542 23.2121 144.092 57.3869 23.2121
  poly 38: 159.59 66.542 23.2121 144.092 57.3869 23.2121
  poly 39: 159.59 66.542 23.2121 144.092 57.3869 23.2121
  poly 40: 159.59 66.542 105.443 144.092 57.3869 105.443
  poly 41: 159.59 66.542 105.443 144.092 57.3869 105.443
  poly 42: 166.98 18.6422 -32.2441 -71.3361 422.07 66.3664 -71.3361 422.07 109.138 -61.9769 406.227 109.138 -61.9769 406.227 170.648 -71.3361 422.07 170.648 -71.3361 422.07 232.673 -1.58007 303.985 232.673 -1.58007 303.985 214.673 86.9452 154.127 214.673 86.9452 154.127 232.673 166.98 18.6422 232.673 166.98 18.6422 152.607 157.627 34.4748 152.607 157.627 34.4748 54.4673 166.98 18.6422 54.4673 166.98 18.6422 -32.2441
  poly 43: 153.395 6.24844 -31.8971 -84.8901 409.624 66.7007 -84.8901 409.624 117.623 -75.531 393.781 117.623 -75.531 393.781 162.164 -84.8901 409.624 162.164 -84.8901 409.624 232.673 -4.8676 274.16 232.673 -4.8676 274.16 214.673 59.2369 165.642 214.673 59.2369 165.642 232.673 153.395 6.24844 232.673 153.395 6.24844 139.07 144.042 22.0811 139.07 144.042 22.0811 68.0038 153.395 6.24844 68.0038 153.395 6.24844 -31.8971
element 39
  poly 0: -354.967 81.3193 232.673 -228.038 -12.0297 232.673 -257.211 -12.9182 232.673 -123.022 -111.607 232.673 -130.866 -83.4939 232.673 -22.4487 -163.229 232.673 0.770044 -131.544 232.673 11.3514 -147.557 232.673 39.8991 -108.599 232.673 21.4425 -103.333 232.673 41.7369 -75.6387 232.673 -66.8281 45.4974 232.673 -37.7771 40.0524 232.673 -151.215 166.626 232.673 -148.973 137.154 232.673 -239.383 238.033 232.673 -282.118 180.091 232.673 -289.804 199.995 232.673 -339.103 133.153 232.673 -317.817 131.689 232.673 -354.967 81.3193 232.673
  poly 1: -354.967 81.3193 214.673 -228.038 -12.0297 214.673 -257.211 -12.9182 214.673 -123.022 -111.607 214.673 -130.866 -83.4939 214.673 -22.4487 -163.229 214.673 0.770044 -131.544 214.673 11.3514 -147.557 214.673 39.8991 -108.599 214.673 21.4425 -103.333 214.673 41.7369 -75.6387 214.673 -66.8281 45.4974 214.673 -37.7771 40.0524 214.673 -151.215 166.626 214.673 -148.973 137.154 214.673 -239.383 238.033 214.673 -282.118 180.091 214.673 -289.804 199.995 214.673 -339.103 133.153 214.673 -317.817 131.689 214.673 -354.967 81.3193 214.673
element 40
  poly 0: -65.5037 -176.252 187.673 -54.8392 -161.751 187.673
  poly 1: -65.5037 -176.252 187.673 -54.8392 -161.751 187.673
  poly 2: -65.5037 -176.252 187.673 -54.8392 -161.751 187.673
  poly 3: -65.5037 -176.252 187.673 -54.8392 -161.751 187.673
  poly 4: -137.769 -123.105 187.673 -127.104 -108.604 187.673
  poly 5: -137.769 -123.105 187.673 -127.104 -108.604 187.673
  poly 6: -137.769 -123.105 187.673 -127.104 -108.604 187.673
  poly 7: -137.769 -123.105 187.673 -127.104 -108.604 187.673
  poly 8: -210.034 -69.958 187.673 -199.37 -55.4573 187.673
  poly 9: -210.034 -69.958 187.673 -199.37 -55.4573 187.673
  poly 10: -210.034 -69.958 187.673 -199.37 -55.4573 187.673
  poly 11: -210.034 -69.958 187.673 -199.37 -55.4573 187.673
  poly 12: -282.299 -16.8111 187.673 -271.635 -2.3104 187.673
  poly 13: -282.299 -16.8111 187.673 -271.635 -2.3104 187.673
  poly 14: -282.299 -16.8111 187.673 -271.635 -2.3104 187.673
  poly 15: -282.299 -16.8111 187.673 -271.635 -2.3104 187.673
  poly 16: -354.565 36.3359 187.673 -343.9 50.8365 187.673
  poly 17: -354.565 36.3359 187.673 -343.9 50.8365 187.673
  poly 18: -354.565 36.3359 187.673 -343.9 50.8365 187.673
  poly 19: -354.565 36.3359 187.673 -343.9 50.8365 187.673
  poly 20: -354.565 36.3359 102.547 -343.9 50.8365 102.547
  poly 21: -354.565 36.3359 102.547 -343.9 50.8365 102.547
  poly 22: -354.565 36.3359 102.547 -343.9 50.8365 102.547
  poly 23: -354.565 36.3359 102.547 -343.9 50.8365 102.547
  poly 24: -282.299 -16.8111 82.8385 -271.635 -2.3104 82.8385
  poly 25: -282.299 -16.8111 82.8385 -271.635 -2.3104 82.8385
  poly 26: -282.299 -16.8111 82.8385 -271.635 -2.3104 82.8385
  poly 27: -282.299 -16.8111 82.8385 -271.635 -2.3104 82.8385
  poly 28: -210.034 -69.958 63.1298 -199.37 -55.4573 63.1298
  poly 29: -210.034 -69.958 63.1298 -199.37 -55.4573 63.1298
  poly 30: -210.034 -69.958 63.1298 -199.37 -55.4573 63.1298
  poly 31: -210.034 -69.958 63.1298 -199.37 -55.4573 63.1298
  poly 32: -137.769 -123.105 43.4212 -127.104 -108.604 43.4212
  poly 33: -137.769 -123.105 43.4212 -127.104 -108.604 43.4212
  poly 34: -137.769 -123.105 43.4212 -127.104 -108.604 43.4212
  poly 35: -137.769 -123.105 43.4212 -127.104 -108.604 43.4212
  poly 36: -65.5037 -176.252 23.7125 -54.8392 -161.751 23.7125
  poly 37: -65.5037 -176.252 23.7125 -54.8392 -161.751 23.7125
  poly 38: -65.5037 -176.252 23.7125 -54.8392 -161.751 23.7125
  poly 39: -65.5037 -176.252 23.7125 -54.8392 -161.751 23.7125
  poly 40: -65.5037 -176.252 105.693 -54.8392 -161.751 105.693
  poly 41: -65.5037 -176.252 105.693 -54.8392 -161.751 105.693
  poly 42: -365.651 66.8332 62.406 -33.0882 -177.748 -28.2929 -33.0882 -177.748 68.0233 -18.5875 -188.412 54.4885 -18.5875 -188.412 152.616 -33.0882 -177.748 139.081 -33.0882 -177.748 232.673 -123.022 -111.607 232.673 -123.022 -111.607 214.673 -257.211 -12.9182 214.673 -257.211 -12.9182 232.673 -365.651 66.8332 232.673 -365.651 66.8332 162.143 -380.152 77.4976 170.63 -380.152 77.4976 109.1 -365.651 66.8332 117.587 -365.651 66.8332 62.406
  poly 43: -354.967 81.3193 62.7267 -22.4487 -163.229 -27.96 -22.4487 -163.229 68.0233 -7.94803 -173.893 54.4885 -7.94803 -173.893 152.616 -22.4487 -163.229 139.081 -22.4487 -163.229 232.673 -130.866 -83.4939 232.673 -130.866 -83.4939 214.673 -228.038 -12.0297 214.673 -228.038 -12.0297 232.673 -354.967 81.3193 232.673 -354.967 81.3193 162.143 -369.468 91.9838 170.63 -369.468 91.9838 109.1 -354.967 81.3193 117.587 -354.967 81.3193 62.7267
element 41
  poly 0: -380.152 77.4976 66.3607 -380.152 77.4976 109.1 -369.468 91.9838 109.1 -369.468 91.9838 170.63 -380.152 77.4976 170.63 -380.152 77.4976 232.673 -339.103 133.153 232.673 -339.103 133.153 214.673 -289.804 199.995 214.673 -289.804 199.995 232.673 -251.653 251.723 232.673 -251.653 251.723 163.623 -240.741 266.518 171.906 -240.741 266.518 111.855 -251.653 251.723 120.138 -251.653 251.723 70.2177 -380.152 77.4976 66.3607
  poly 1: -365.651 66.8332 62.406 -365.651 66.8332 117.587 -354.967 81.3193 117.587 -354.967 81.3193 162.143 -365.651 66.8332 162.143 -365.651 66.8332 232.673 -317.817 131.689 232.673 -317.817 131.689 214.673 -282.118 180.091 214.673 -282.118 180.091 232.673 -239.383 238.033 232.673 -239.383 238.033 163.623 -228.472 252.828 171.906 -228.472 252.828 111.855 -239.383 238.033 120.138 -239.383 238.033 66.196 -365.651 66.8332 62.406
element 42
  poly 0: 22.5302 -162.754 187.673 8.01118 -152.115 187.673
  poly 1: 22.5302 -162.754 187.673 8.01118 -152.115 187.673
  poly 2: 22.5302 -162.754 187.673 8.01118 -152.115 187.673
  poly 3: 22.5302 -162.754 187.673 8.01118 -152.115 187.673
  poly 4: 52.8075 -121.437 187.673 38.2885 -110.797 187.673
  poly 5: 52.8075 -121.437 187.673 38.2885 -110.797 187.673
  poly 6: 52.8075 -121.437 187.673 38.2885 -110.797 187.673
  poly 7: 52.8075 -121.437 187.673 38.2885 -110.797 187.673
  poly 8: 52.8075 -121.437 103.112 38.2885 -110.797 103.112
  poly 9: 52.8075 -121.437 103.112 38.2885 -110.797 103.112
  poly 10: 52.8075 -121.437 103.112 38.2885 -110.797 103.112
  poly 11: 52.8075 -121.437 103.112 38.2885 -110.797 103.112
  poly 12: 52.8075 -121.437 18.5512 38.2885 -110.797 18.5512
  poly 13: 52.8075 -121.437 18.5512 38.2885 -110.797 18.5512
  poly 14: 52.8075 -121.437 18.5512 38.2885 -110.797 18.5512
  poly 15: 52.8075 -121.437 18.5512 38.2885 -110.797 18.5512
  poly 16: 22.5303 -162.754 15.5065 8.01124 -152.115 15.5065
  poly 17: 22.5303 -162.754 15.5065 8.01124 -152.115 15.5065
  poly 18: 22.5303 -162.754 15.5065 8.01124 -152.115 15.5065
  poly 19: 22.5303 -162.754 15.5065 8.01124 -152.115 15.5065
  poly 20: 22.5302 -162.754 101.59 8.01121 -152.115 101.59
  poly 21: 22.5302 -162.754 101.59 8.01121 -152.115 101.59
  poly 22: -18.5875 -188.412 -32.2476 54.0141 -89.3375 -29.9761 54.0141 -89.3375 69.4401 64.8872 -74.4997 56.0285 64.8872 -74.4997 153.262 54.0141 -89.3375 139.851 54.0141 -89.3375 232.673 39.8991 -108.599 232.673 39.8991 -108.599 214.673 11.3514 -147.557 214.673 11.3514 -147.557 232.673 -18.5875 -188.412 232.673 -18.5875 -188.412 152.616 -7.94803 -173.893 152.616 -7.94803 -173.893 54.4885 -18.5875 -188.412 54.4885 -18.5875 -188.412 -32.2476
  poly 23: -33.0882 -177.748 -28.2929 41.7369 -75.6387 -25.9518 41.7369 -75.6387 69.4401 52.61 -60.8009 56.0285 52.61 -60.8009 153.262 41.7369 -75.6387 139.851 41.7369 -75.6387 232.673 21.4425 -103.333 232.673 21.4425 -103.333 214.673 0.770044 -131.544 214.673 0.770044 -131.544 232.673 -33.0882 -177.748 232.673 -33.0882 -177.748 139.081 -22.4487 -163.229 139.081 -22.4487 -163.229 68.0233 -33.0882 -177.748 68.0233 -33.0882 -177.748 -28.2929
element 43
  poly 0: 48.2582 -28.9752 187.673 34.8538 -40.9886 187.673
  poly 1: 48.2582 -28.9752 187.673 34.8538 -40.9886 187.673
  poly 2: 48.2582 -28.9752 187.673 34.8538 -40.9886 187.673
  poly 3: 48.2582 -28.9752 187.673 34.8538 -40.9886 187.673
  poly 4: -13.1321 39.5236 187.673 -26.5365 27.5102 187.673
  poly 5: -13.1321 39.5236 187.673 -26.5365 27.5102 187.673
  poly 6: -13.1321 39.5236 187.673 -26.5365 27.5102 187.673
  poly 7: -13.1321 39.5236 187.673 -26.5365 27.5102 187.673
  poly 8: -74.5224 108.022 187.673 -87.9268 96.009 187.673
  poly 9: -74.5224 108.022 187.673 -87.9268 96.009 187.673
  poly 10: -74.5224 108.022 187.673 -87.9268 96.009 187.673
  poly 11: -74.5224 108.022 187.673 -87.9268 96.009 187.673
  poly 12: -135.913 176.521 187.673 -149.317 164.508 187.673
  poly 13: -135.913 176.521 187.673 -149.317 164.508 187.673
  poly 14: -135.913 176.521 187.673 -149.317 164.508 187.673
  poly 15: -135.913 176.521 187.673 -149.317 164.508 187.673
  poly 16: -197.303 245.02 187.673 -210.707 233.007 187.673
  poly 17: -197.303 245.02 187.673 -210.707 233.007 187.673
  poly 18: -197.303 245.02 187.673 -210.707 233.007 187.673
  poly 19: -197.303 245.02 187.673 -210.707 233.007 187.673
  poly 20: -197.303 245.02 106.765 -210.707 233.007 106.765
  poly 21: -197.303 245.02 106.765 -210.707 233.007 106.765
  poly 22: -197.303 245.02 106.765 -210.707 233.007 106.765
  poly 23: -197.303 245.02 106.765 -210.707 233.007 106.765
  poly 24: -164.425 208.335 95.9879 -177.829 196.322 95.9879
  poly 25: -164.425 208.335 95.9879 -177.829 196.322 95.9879
  poly 26: -164.425 208.335 95.9879 -177.829 196.322 95.9879
  poly 27: -164.425 208.335 95.9879 -177.829 196.322 95.9879
  poly 28: -131.547 171.65 85.2108 -144.951 159.637 85.2108
  poly 29: -131.547 171.65 85.2108 -144.951 159.637 85.2108
  poly 30: -131.547 171.65 85.2108 -144.951 159.637 85.2108
  poly 31: -131.547 171.65 85.2108 -144.951 159.637 85.2108
  poly 32: -71.6118 104.775 65.5649 -85.0163 92.7615 65.5649
  poly 33: -71.6118 104.775 65.5649 -85.0163 92.7615 65.5649
  poly 34: -71.6118 104.775 65.5649 -85.0163 92.7615 65.5649
  poly 35: -71.6118 104.775 65.5649 -85.0163 92.7615 65.5649
  poly 36: -11.6768 37.8998 45.9189 -25.0812 25.8864 45.9189
  poly 37: -11.6768 37.8998 45.9189 -25.0812 25.8864 45.9189
  poly 38: -11.6768 37.8998 45.9189 -25.0812 25.8864 45.9189
  poly 39: -11.6768 37.8998 45.9189 -25.0812 25.8864 45.9189
  poly 40: 48.2582 -28.9752 26.273 34.8538 -40.9886 26.273
  poly 41: 48.2582 -28.9752 26.273 34.8538 -40.9886 26.273
  poly 42: 48.2582 -28.9752 26.273 34.8538 -40.9886 26.273
  poly 43: 48.2582 -28.9752 26.273 34.8538 -40.9886 26.273
  poly 44: 48.2582 -28.9752 106.973 34.8538 -40.9886 106.973
  poly 45: 48.2582 -28.9752 106.973 34.8538 -40.9886 106.973
  poly 46: 64.8872 -74.4997 -29.6359 -240.741 266.518 70.5452 -240.741 266.518 111.855 -228.472 252.828 111.855 -228.472 252.828 171.906 -240.741 266.518 171.906 -240.741 266.518 232.673 -151.215 166.626 232.673 -151.215 166.626 214.673 -37.7771 40.0524 214.673 -37.7771 40.0524 232.673 64.8872 -74.4997 232.673 64.8872 -74.4997 153.262 52.61 -60.8009 153.262 52.61 -60.8009 56.0285 64.8872 -74.4997 56.0285 64.8872 -74.4997 -29.6359
  poly 47: 54.0141 -89.3375 -29.9761 -251.653 251.723 70.2177 -251.653 251.723 120.138 -239.383 238.033 120.138 -239.383 238.033 163.623 -251.653 251.723 163.623 -251.653 251.723 232.673 -148.973 137.154 232.673 -148.973 137.154 214.673 -66.8281 45.4974 214.673 -66.8281 45.4974 232.673 54.0141 -89.3375 232.673 54.0141 -89.3375 139.851 41.7369 -75.6387 139.851 41.7369 -75.6387 69.4401 54.0141 -89.3375 69.4401 54.0141 -89.3375 -29.9761
element 44
  poly 0: -407.24 -171.262 232.673 -278.084 -216.989 232.673 -302.902 -227.297 232.673 -166.52 -275.583 232.673 -179.324 -251.955 232.673 -70.4759 -290.493 232.673 -59.5511 -256.67 232.673 -44.3217 -268.083 232.673 -30.5524 -225.454 232.673 -49.5802 -225.801 232.673 -39.7041 -195.226 232.673 -167.776 -101.036 232.673 -138.726 -100.057 232.673 -272.024 -2.02409 232.673 -264.303 -30.0466 232.673 -367.614 45.9327 232.673 -381.883 -32.2758 232.673 -397.266 -16.3036 232.673 -414.119 -108.679 232.673 -394.087 -99.1685 232.673 -407.24 -171.262 232.673
  poly 1: -407.24 -171.262 214.673 -278.084 -216.989 214.673 -302.902 -227.297 214.673 -166.52 -275.583 214.673 -179.324 -251.955 214.673 -70.4759 -290.493 214.673 -59.5511 -256.67 214.673 -44.3217 -268.083 214.673 -30.5524 -225.454 214.673 -49.5802 -225.801 214.673 -39.7041 -195.226 214.673 -167.776 -101.036 214.673 -138.726 -100.057 214.673 -272.024 -2.02409 214.673 -264.303 -30.0466 214.673 -367.614 45.9327 214.673 -381.883 -32.2758 214.673 -397.266 -16.3036 214.673 -414.119 -108.679 214.673 -394.087 -99.1685 214.673 -407.24 -171.262 214.673
element 45
  poly 0: -107.464 -315.587 187.673 -101.456 -298.619 187.673
  poly 1: -107.464 -315.587 187.673 -101.456 -298.619 187.673
  poly 2: -107.464 -315.587 187.673 -101.456 -298.619 187.673
  poly 3: -107.464 -315.587 187.673 -101.456 -298.619 187.673
  poly 4: -178.419 -290.465 187.673 -172.412 -273.497 187.673
  poly 5: -178.419 -290.465 187.673 -172.412 -273.497 187.673
  poly 6: -178.419 -290.465 187.673 -172.412 -273.497 187.673
  poly 7: -178.419 -290.465 187.673 -172.412 -273.497 187.673
  poly 8: -249.375 -265.343 187.673 -243.368 -248.375 187.673
  poly 9: -249.375 -265.343 187.673 -243.368 -248.375 187.673
  poly 10: -249.375 -265.343 187.673 -243.368 -248.375 187.673
  poly 11: -249.375 -265.343 187.673 -243.368 -248.375 187.673
  poly 12: -320.331 -240.221 187.673 -314.324 -223.253 187.673
  poly 13: -320.331 -240.221 187.673 -314.324 -223.253 187.673
  poly 14: -320.331 -240.221 187.673 -314.324 -223.253 187.673
  poly 15: -320.331 -240.221 187.673 -314.324 -223.253 187.673
  poly 16: -391.287 -215.1 187.673 -385.28 -198.132 187.673
  poly 17: -391.287 -215.1 187.673 -385.28 -198.132 187.673
  poly 18: -391.287 -215.1 187.673 -385.28 -198.132 187.673
  poly 19: -391.287 -215.1 187.673 -385.28 -198.132 187.673
  poly 20: -391.287 -215.1 133.498 -385.28 -198.132 133.498
  poly 21: -391.287 -215.1 133.498 -385.28 -198.132 133.498
  poly 22: -391.287 -215.1 133.498 -385.28 -198.132 133.498
  poly 23: -391.287 -215.1 133.498 -385.28 -198.132 133.498
  poly 24: -391.287 -215.1 79.3224 -385.28 -198.132 79.3224
  poly 25: -391.287 -215.1 79.3224 -385.28 -198.132 79.3224
  poly 26: -391.287 -215.1 79.3224 -385.28 -198.132 79.3224
  poly 27: -391.287 -215.1 79.3224 -385.28 -198.132 79.3224
  poly 28: -347.815 -230.491 68.6507 -341.808 -213.523 68.6507
  poly 29: -347.815 -230.491 68.6507 -341.808 -213.523 68.6507
  poly 30: -347.815 -230.491 68.6507 -341.808 -213.523 68.6507
  poly 31: -347.815 -230.491 68.6507 -341.808 -213.523 68.6507
  poly 32: -267.698 -258.856 48.9832 -261.69 -241.888 48.9832
  poly 33: -267.698 -258.856 48.9832 -261.69 -241.888 48.9832
  poly 34: -267.698 -258.856 48.9832 -261.69 -241.888 48.9832
  poly 35: -267.698 -258.856 48.9832 -261.69 -241.888 48.9832
  poly 36: -187.581 -287.222 29.3157 -181.573 -270.254 29.3157
  poly 37: -187.581 -287.222 29.3157 -181.573 -270.254 29.3157
  poly 38: -187.581 -287.222 29.3157 -181.573 -270.254 29.3157
  poly 39: -187.581 -287.222 29.3157 -181.573 -270.254 29.3157
  poly 40: -107.464 -315.587 9.64825 -101.456 -298.619 9.64825
  poly 41: -107.464 -315.587 9.64825 -101.456 -298.619 9.64825
  poly 42: -107.464 -315.587 9.64825 -101.456 -298.619 9.64825
  poly 43: -107.464 -315.587 9.64825 -101.456 -298.619 9.64825
  poly 44: -107.464 -315.587 98.6607 -101.456 -298.619 98.6607
  poly 45: -107.464 -315.587 98.6607 -101.456 -298.619 98.6607
  poly 46: -410.513 -189.198 39.3276 -76.0108 -307.628 -42.7873 -76.0108 -307.628 59.2774 -59.0363 -313.638 44.9821 -59.0363 -313.638 148.623 -76.0108 -307.628 134.328 -76.0108 -307.628 232.673 -166.52 -275.583 232.673 -166.52 -275.583 214.673 -302.902 -227.297 214.673 -302.902 -227.297 232.673 -410.513 -189.198 232.673 -410.513 -189.198 153.512 -427.7 -183.113 163.189 -427.7 -183.113 93.0285 -410.513 -189.198 102.706 -410.513 -189.198 39.3276
  poly 47: -407.24 -171.262 40.8977 -70.4759 -290.493 -41.7726 -70.4759 -290.493 59.2774 -53.5014 -296.502 44.9821 -53.5014 -296.502 148.623 -70.4759 -290.493 134.328 -70.4759 -290.493 232.673 -179.324 -251.955 232.673 -179.324 -251.955 214.673 -278.084 -216.989 214.673 -278.084 -216.989 232.673 -407.24 -171.262 232.673 -407.24 -171.262 153.512 -424.427 -165.177 163.189 -424.427 -165.177 93.0285 -407.24 -171.262 102.706 -407.24 -171.262 40.8977
element 46
  poly 0: -427.7 -183.113 43.5467 -427.7 -183.113 93.0285 -424.427 -165.177 93.0285 -424.427 -165.177 163.189 -427.7 -183.113 163.189 -427.7 -183.113 232.673 -414.119 -108.679 232.673 -414.119 -108.679 214.673 -397.266 -16.3036 214.673 -397.266 -16.3036 232.673 -383.746 57.7972 232.673 -383.746 57.7972 161.599 -380.152 77.4976 170.161 -380.152 77.4976 108.086 -383.746 57.7972 116.648 -383.746 57.7972 64.6361 -427.7 -183.113 43.5467
  poly 1: -410.513 -189.198 39.3276 -410.513 -189.198 102.706 -407.24 -171.262 102.706 -407.24 -171.262 153.512 -410.513 -189.198 153.512 -410.513 -189.198 232.673 -394.087 -99.1685 232.673 -394.087 -99.1685 214.673 -381.883 -32.2758 214.673 -381.883 -32.2758 232.673 -367.614 45.9327 232.673 -367.614 45.9327 161.599 -364.019 65.6331 170.161 -364.019 65.6331 108.086 -367.614 45.9327 116.648 -367.614 45.9327 59.9111 -410.513 -189.198 39.3276
element 47
  poly 0: -28.076 -276.349 7.29971 -45.2046 -270.816 7.29971
  poly 1: -28.076 -276.349 7.29971 -45.2046 -270.816 7.29971
  poly 2: -28.076 -276.349 7.29971 -45.2046 -270.816 7.29971
  poly 3: -28.076 -276.349 7.29971 -45.2046 -270.816 7.29971
  poly 4: -28.076 -276.349 97.4864 -45.2046 -270.816 97.4864
  poly 5: -28.076 -276.349 97.4864 -45.2046 -270.816 97.4864
  poly 6: -28.076 -276.349 97.4864 -45.2046 -270.816 97.4864
  poly 7: -28.076 -276.349 97.4864 -45.2046 -270.816 97.4864
  poly 8: -28.076 -276.349 187.673 -45.2046 -270.816 187.673
  poly 9: -28.076 -276.349 187.673 -45.2046 -270.816 187.673
  poly 10: -28.076 -276.349 187.673 -45.2046 -270.816 187.673
  poly 11: -28.076 -276.349 187.673 -45.2046 -270.816 187.673
  poly 12: -15.2906 -236.767 187.673 -32.4192 -231.234 187.673
  poly 13: -15.2906 -236.767 187.673 -32.4192 -231.234 187.673
  poly 14: -15.2906 -236.767 187.673 -32.4192 -231.234 187.673
  poly 15: -15.2906 -236.767 187.673 -32.4192 -231.234 187.673
  poly 16: -15.2906 -236.767 101.399 -32.4192 -231.234 101.399
  poly 17: -15.2906 -236.767 101.399 -32.4192 -231.234 101.399
  poly 18: -15.2906 -236.767 101.399 -32.4192 -231.234 101.399
  poly 19: -15.2906 -236.767 101.399 -32.4192 -231.234 101.399
  poly 20: -15.2906 -236.767 15.1242 -32.4192 -231.234 15.1242
  poly 21: -15.2906 -236.767 15.1242 -32.4192 -231.234 15.1242
  poly 22: -59.0363 -313.638 -46.9543 -24.4194 -206.467 -40.6075 -24.4194 -206.467 63.2818 -18.5875 -188.412 49.3347 -18.5875 -188.412 150.451 -24.4194 -206.467 136.504 -24.4194 -206.467 232.673 -30.5524 -225.454 232.673 -30.5524 -225.454 214.673 -44.3217 -268.083 214.673 -44.3217 -268.083 232.673 -59.0363 -313.638 232.673 -59.0363 -313.638 148.623 -53.5014 -296.502 148.623 -53.5014 -296.502 44.9821 -59.0363 -313.638 44.9821 -59.0363 -313.638 -46.9543
  poly 23: -76.0108 -307.628 -42.7873 -39.7041 -195.226 -36.1307 -39.7041 -195.226 63.2818 -33.8723 -177.171 49.3347 -33.8723 -177.171 150.451 -39.7041 -195.226 136.504 -39.7041 -195.226 232.673 -49.5802 -225.801 232.673 -49.5802 -225.801 214.673 -59.5511 -256.67 214.673 -59.5511 -256.67 232.673 -76.0108 -307.628 232.673 -76.0108 -307.628 134.328 -70.4759 -290.493 134.328 -70.4759 -290.493 59.2774 -76.0108 -307.628 59.2774 -76.0108 -307.628 -42.7873
element 48
  poly 0: -44.1748 -147.251 187.673 -54.8392 -161.751 187.673
  poly 1: -44.1748 -147.251 187.673 -54.8392 -161.751 187.673
  poly 2: -44.1748 -147.251 187.673 -54.8392 -161.751 187.673
  poly 3: -44.1748 -147.251 187.673 -54.8392 -161.751 187.673
  poly 4: -116.44 -94.1036 187.673 -127.104 -108.604 187.673
  poly 5: -116.44 -94.1036 187.673 -127.104 -108.604 187.673
  poly 6: -116.44 -94.1036 187.673 -127.104 -108.604 187.673
  poly 7: -116.44 -94.1036 187.673 -127.104 -108.604 187.673
  poly 8: -188.705 -40.9566 187.673 -199.37 -55.4573 187.673
  poly 9: -188.705 -40.9566 187.673 -199.37 -55.4573 187.673
  poly 10: -188.705 -40.9566 187.673 -199.37 -55.4573 187.673
  poly 11: -188.705 -40.9566 187.673 -199.37 -55.4573 187.673
  poly 12: -260.97 12.1903 187.673 -271.635 -2.3104 187.673
  poly 13: -260.97 12.1903 187.673 -271.635 -2.3104 187.673
  poly 14: -260.97 12.1903 187.673 -271.635 -2.3104 187.673
  poly 15: -260.97 12.1903 187.673 -271.635 -2.3104 187.673
  poly 16: -333.236 65.3372 187.673 -343.9 50.8365 187.673
  poly 17: -333.236 65.3372 187.673 -343.9 50.8365 187.673
  poly 18: -333.236 65.3372 187.673 -343.9 50.8365 187.673
  poly 19: -333.236 65.3372 187.673 -343.9 50.8365 187.673
  poly 20: -333.236 65.3372 102.547 -343.9 50.8365 102.547
  poly 21: -333.236 65.3372 102.547 -343.9 50.8365 102.547
  poly 22: -333.236 65.3372 102.547 -343.9 50.8365 102.547
  poly 23: -333.236 65.3372 102.547 -343.9 50.8365 102.547
  poly 24: -260.97 12.1903 82.8385 -271.635 -2.3104 82.8385
  poly 25: -260.97 12.1903 82.8385 -271.635 -2.3104 82.8385
  poly 26: -260.97 12.1903 82.8385 -271.635 -2.3104 82.8385
  poly 27: -260.97 12.1903 82.8385 -271.635 -2.3104 82.8385
  poly 28: -188.705 -40.9566 63.1298 -199.37 -55.4573 63.1298
  poly 29: -188.705 -40.9566 63.1298 -199.37 -55.4573 63.1298
  poly 30: -188.705 -40.9566 63.1298 -199.37 -55.4573 63.1298
  poly 31: -188.705 -40.9566 63.1298 -199.37 -55.4573 63.1298
  poly 32: -116.44 -94.1036 43.4212 -127.104 -108.604 43.4212
  poly 33: -116.44 -94.1036 43.4212 -127.104 -108.604 43.4212
  poly 34: -116.44 -94.1036 43.4212 -127.104 -108.604 43.4212
  poly 35: -116.44 -94.1036 43.4212 -127.104 -108.604 43.4212
  poly 36: -44.1748 -147.251 23.7125 -54.8392 -161.751 23.7125
  poly 37: -44.1748 -147.251 23.7125 -54.8392 -161.751 23.7125
  poly 38: -44.1748 -147.251 23.7125 -54.8392 -161.751 23.7125
  poly 39: -44.1748 -147.251 23.7125 -54.8392 -161.751 23.7125
  poly 40: -44.1748 -147.251 105.693 -54.8392 -161.751 105.693
  poly 41: -44.1748 -147.251 105.693 -54.8392 -161.751 105.693
  poly 42: -18.5875 -188.412 -39.5383 -380.152 77.4976 66.3607 -380.152 77.4976 108.086 -364.019 65.6331 108.086 -364.019 65.6331 170.161 -380.152 77.4976 170.161 -380.152 77.4976 232.673 -272.024 -2.02409 232.673 -272.024 -2.02409 214.673 -138.726 -100.057 214.673 -138.726 -100.057 232.673 -18.5875 -188.412 232.673 -18.5875 -188.412 150.451 -33.8723 -177.171 150.451 -33.8723 -177.171 49.3347 -18.5875 -188.412 49.3347 -18.5875 -188.412 -39.5383
  poly 43: -24.4194 -206.467 -40.6075 -383.746 57.7972 64.6361 -383.746 57.7972 116.648 -367.614 45.9327 116.648 -367.614 45.9327 161.599 -383.746 57.7972 161.599 -383.746 57.7972 232.673 -264.303 -30.0466 232.673 -264.303 -30.0466 214.673 -167.776 -101.036 214.673 -167.776 -101.036 232.673 -24.4194 -206.467 232.673 -24.4194 -206.467 136.504 -39.7041 -195.226 136.504 -39.7041 -195.226 63.2818 -24.4194 -206.467 63.2818 -24.4194 -206.467 -40.6075
element 49
  poly 0: -427.818 -482.79 232.673 -307.499 -482.79 232.673 -325.414 -500.79 232.673 -195.534 -500.79 232.673 -213.448 -482.79 232.673 -108.957 -482.79 232.673 -97.8845 -423.538 232.673 -81.9073 -436.031 232.673 -69.4623 -369.432 232.673 -88.8726 -375.312 232.673 -79.5583 -325.467 232.673 -207.689 -280.102 232.673 -183.007 -269.746 232.673 -318.395 -221.812 232.673 -305.729 -245.391 232.673 -411.178 -208.057 232.673 -417.392 -310.662 232.673 -434.402 -293.776 232.673 -441.339 -408.309 232.673 -422.416 -393.599 232.673 -427.818 -482.79 232.673
  poly 1: -427.818 -482.79 214.673 -307.499 -482.79 214.673 -325.414 -500.79 214.673 -195.534 -500.79 214.673 -213.448 -482.79 214.673 -108.957 -482.79 214.673 -97.8845 -423.538 214.673 -81.9073 -436.031 214.673 -69.4623 -369.432 214.673 -88.8726 -375.312 214.673 -79.5583 -325.467 214.673 -207.689 -280.102 214.673 -183.007 -269.746 214.673 -318.395 -221.812 214.673 -305.729 -245.391 214.673 -411.178 -208.057 214.673 -417.392 -310.662 214.673 -434.402 -293.776 214.673 -441.339 -408.309 214.673 -422.416 -393.599 214.673 -427.818 -482.79 214.673
element 50
  poly 0: -428.908 -500.79 1.72827 -112.32 -500.79 -61.1493 -112.32 -500.79 48.3927 -94.0087 -500.79 33.1509 -94.0087 -500.79 143.654 -112.32 -500.79 128.412 -112.32 -500.79 232.673 -195.534 -500.79 232.673 -195.534 -500.79 214.673 -325.414 -500.79 214.673 -325.414 -500.79 232.673 -428.908 -500.79 232.673 -428.908 -500.79 138.966 -446.941 -500.79 150.65 -446.941 -500.79 65.9421 -428.908 -500.79 77.6259 -428.908 -500.79 1.72827
  poly 1: -427.818 -482.79 3.89482 -108.957 -482.79 -59.4343 -108.957 -482.79 48.3927 -90.6451 -482.79 33.1509 -90.6451 -482.79 143.654 -108.957 -482.79 128.412 -108.957 -482.79 232.673 -213.448 -482.79 232.673 -213.448 -482.79 214.673 -307.499 -482.79 214.673 -307.499 -482.79 232.673 -427.818 -482.79 232.673 -427.818 -482.79 138.966 -445.851 -482.79 150.65 -445.851 -482.79 65.9421 -427.818 -482.79 77.6259 -427.818 -482.79 3.89482
element 51
  poly 0: -446.941 -500.79 5.3098 -446.941 -500.79 65.9421 -445.851 -482.79 65.9421 -445.851 -482.79 150.65 -446.941 -500.79 150.65 -446.941 -500.79 232.673 -441.339 -408.309 232.673 -441.339 -408.309 214.673 -434.402 -293.776 214.673 -434.402 -293.776 232.673 -428.832 -201.807 232.673 -428.832 -201.807 152.751 -427.7 -183.113 162.534 -427.7 -183.113 91.6119 -428.832 -201.807 101.394 -428.832 -201.807 41.2966 -446.941 -500.79 5.3098
  poly 1: -428.908 -500.79 1.72827 -428.908 -500.79 77.6259 -427.818 -482.79 77.6259 -427.818 -482.79 138.966 -428.908 -500.79 138.966 -428.908 -500.79 232.673 -422.416 -393.599 232.673 -422.416 -393.599 214.673 -417.392 -310.662 214.673 -417.392 -310.662 232.673 -411.178 -208.057 232.673 -411.178 -208.057 152.751 -410.045 -189.363 162.534 -410.045 -189.363 91.6119 -411.178 -208.057 101.394 -411.178 -208.057 36.9627 -428.908 -500.79 1.72827
element 52
  poly 0: -68.049 -459.862 187.673 -85.7428 -456.556 187.673
  poly 1: -68.049 -459.862 187.673 -85.7428 -456.556 187.673
  poly 2: -68.049 -459.862 187.673 -85.7428 -456.556 187.673
  poly 3: -68.049 -459.862 187.673 -85.7428 -456.556 187.673
  poly 4: -58.8287 -410.52 187.673 -76.5225 -407.214 187.673
  poly 5: -58.8287 -410.52 187.673 -76.5225 -407.214 187.673
  poly 6: -58.8287 -410.52 187.673 -76.5225 -407.214 187.673
  poly 7: -58.8287 -410.52 187.673 -76.5225 -407.214 187.673
  poly 8: -49.6084 -361.178 187.673 -67.3021 -357.872 187.673
  poly 9: -49.6084 -361.178 187.673 -67.3021 -357.872 187.673
  poly 10: -49.6084 -361.178 187.673 -67.3021 -357.872 187.673
  poly 11: -49.6084 -361.178 187.673 -67.3021 -357.872 187.673
  poly 12: -49.6084 -361.178 95.3737 -67.3021 -357.872 95.3737
  poly 13: -49.6084 -361.178 95.3737 -67.3021 -357.872 95.3737
  poly 14: -49.6084 -361.178 95.3737 -67.3021 -357.872 95.3737
  poly 15: -49.6084 -361.178 95.3737 -67.3021 -357.872 95.3737
  poly 16: -49.6084 -361.178 3.0742 -67.3021 -357.872 3.0742
  poly 17: -49.6084 -361.178 3.0742 -67.3021 -357.872 3.0742
  poly 18: -49.6084 -361.178 3.0742 -67.3021 -357.872 3.0742
  poly 19: -49.6084 -361.178 3.0742 -67.3021 -357.872 3.0742
  poly 20: -58.8287 -410.52 -4.63604 -76.5225 -407.214 -4.63604
  poly 21: -58.8287 -410.52 -4.63604 -76.5225 -407.214 -4.63604
  poly 22: -58.8287 -410.52 -4.63604 -76.5225 -407.214 -4.63604
  poly 23: -58.8287 -410.52 -4.63604 -76.5225 -407.214 -4.63604
  poly 24: -68.049 -459.862 -12.3463 -85.7428 -456.556 -12.3463
  poly 25: -68.049 -459.862 -12.3463 -85.7428 -456.556 -12.3463
  poly 26: -68.049 -459.862 -12.3463 -85.7428 -456.556 -12.3463
  poly 27: -68.049 -459.862 -12.3463 -85.7428 -456.556 -12.3463
  poly 28: -68.049 -459.862 54.3269 -85.7428 -456.556 54.3269
  poly 29: -68.049 -459.862 54.3269 -85.7428 -456.556 54.3269
  poly 30: -68.049 -459.862 54.3269 -85.7428 -456.556 54.3269
  poly 31: -68.049 -459.862 54.3269 -85.7428 -456.556 54.3269
  poly 32: -68.049 -459.862 121 -85.7428 -456.556 121
  poly 33: -68.049 -459.862 121 -85.7428 -456.556 121
  poly 34: -94.0087 -500.79 -64.7862 -62.383 -331.548 -48.6608 -62.383 -331.548 58.458 -59.0363 -313.638 44.0915 -59.0363 -313.638 148.249 -62.383 -331.548 133.882 -62.383 -331.548 232.673 -69.4623 -369.432 232.673 -69.4623 -369.432 214.673 -81.9073 -436.031 214.673 -81.9073 -436.031 232.673 -94.0087 -500.79 232.673 -94.0087 -500.79 143.654 -90.6451 -482.79 143.654 -90.6451 -482.79 33.1509 -94.0087 -500.79 33.1509 -94.0087 -500.79 -64.7862
  poly 35: -112.32 -500.79 -61.1493 -79.5583 -325.467 -44.4445 -79.5583 -325.467 58.458 -76.2115 -307.557 44.0915 -76.2115 -307.557 148.249 -79.5583 -325.467 133.882 -79.5583 -325.467 232.673 -88.8726 -375.312 232.673 -88.8726 -375.312 214.673 -97.8845 -423.538 214.673 -97.8845 -423.538 232.673 -112.32 -500.79 232.673 -112.32 -500.79 128.412 -108.957 -482.79 128.412 -108.957 -482.79 48.3927 -112.32 -500.79 48.3927 -112.32 -500.79 -61.1493
element 53
  poly 0: -95.4486 -281.651 187.673 -101.456 -298.619 187.673
  poly 1: -95.4486 -281.651 187.673 -101.456 -298.619 187.673
  poly 2: -95.4486 -281.651 187.673 -101.456 -298.619 187.673
  poly 3: -95.4486 -281.651 187.673 -101.456 -298.619 187.673
  poly 4: -166.405 -256.529 187.673 -172.412 -273.497 187.673
  poly 5: -166.405 -256.529 187.673 -172.412 -273.497 187.673
  poly 6: -166.405 -256.529 187.673 -172.412 -273.497 187.673
  poly 7: -166.405 -256.529 187.673 -172.412 -273.497 187.673
  poly 8: -237.36 -231.407 187.673 -243.368 -248.375 187.673
  poly 9: -237.36 -231.407 187.673 -243.368 -248.375 187.673
  poly 10: -237.36 -231.407 187.673 -243.368 -248.375 187.673
  poly 11: -237.36 -231.407 187.673 -243.368 -248.375 187.673
  poly 12: -308.316 -206.286 187.673 -314.324 -223.253 187.673
  poly 13: -308.316 -206.286 187.673 -314.324 -223.253 187.673
  poly 14: -308.316 -206.286 187.673 -314.324 -223.253 187.673
  poly 15: -308.316 -206.286 187.673 -314.324 -223.253 187.673
  poly 16: -379.272 -181.164 187.673 -385.28 -198.132 187.673
  poly 17: -379.272 -181.164 187.673 -385.28 -198.132 187.673
  poly 18: -379.272 -181.164 187.673 -385.28 -198.132 187.673
  poly 19: -379.272 -181.164 187.673 -385.28 -198.132 187.673
  poly 20: -379.272 -181.164 133.498 -385.28 -198.132 133.498
  poly 21: -379.272 -181.164 133.498 -385.28 -198.132 133.498
  poly 22: -379.272 -181.164 133.498 -385.28 -198.132 133.498
  poly 23: -379.272 -181.164 133.498 -385.28 -198.132 133.498
  poly 24: -379.272 -181.164 79.3224 -385.28 -198.132 79.3224
  poly 25: -379.272 -181.164 79.3224 -385.28 -198.132 79.3224
  poly 26: -379.272 -181.164 79.3224 -385.28 -198.132 79.3224
  poly 27: -379.272 -181.164 79.3224 -385.28 -198.132 79.3224
  poly 28: -335.8 -196.555 68.6507 -341.808 -213.523 68.6507
  poly 29: -335.8 -196.555 68.6507 -341.808 -213.523 68.6507
  poly 30: -335.8 -196.555 68.6507 -341.808 -213.523 68.6507
  poly 31: -335.8 -196.555 68.6507 -341.808 -213.523 68.6507
  poly 32: -255.683 -224.92 48.9832 -261.69 -241.888 48.9832
  poly 33: -255.683 -224.92 48.9832 -261.69 -241.888 48.9832
  poly 34: -255.683 -224.92 48.9832 -261.69 -241.888 48.9832
  poly 35: -255.683 -224.92 48.9832 -261.69 -241.888 48.9832
  poly 36: -175.566 -253.286 29.3157 -181.573 -270.254 29.3157
  poly 37: -175.566 -253.286 29.3157 -181.573 -270.254 29.3157
  poly 38: -175.566 -253.286 29.3157 -181.573 -270.254 29.3157
  poly 39: -175.566 -253.286 29.3157 -181.573 -270.254 29.3157
  poly 40: -95.4486 -281.651 9.64825 -101.456 -298.619 9.64825
  poly 41: -95.4486 -281.651 9.64825 -101.456 -298.619 9.64825
  poly 42: -95.4486 -281.651 9.64825 -101.456 -298.619 9.64825
  poly 43: -95.4486 -281.651 9.64825 -101.456 -298.619 9.64825
  poly 44: -95.4486 -281.651 98.6607 -101.456 -298.619 98.6607
  poly 45: -95.4486 -281.651 98.6607 -101.456 -298.619 98.6607
  poly 46: -59.0363 -313.638 -46.9543 -427.7 -183.113 43.5467 -427.7 -183.113 91.6119 -410.045 -189.363 91.6119 -410.045 -189.363 162.534 -427.7 -183.113 162.534 -427.7 -183.113 232.673 -318.395 -221.812 232.673 -318.395 -221.812 214.673 -183.007 -269.746 214.673 -183.007 -269.746 232.673 -59.0363 -313.638 232.673 -59.0363 -313.638 148.249 -76.2115 -307.557 148.249 -76.2115 -307.557 44.0915 -59.0363 -313.638 44.0915 -59.0363 -313.638 -46.9543
  poly 47: -62.383 -331.548 -48.6608 -428.832 -201.807 41.2966 -428.832 -201.807 101.394 -411.178 -208.057 101.394 -411.178 -208.057 152.751 -428.832 -201.807 152.751 -428.832 -201.807 232.673 -305.729 -245.391 232.673 -305.729 -245.391 214.673 -207.689 -280.102 214.673 -207.689 -280.102 232.673 -62.383 -331.548 232.673 -62.383 -331.548 133.882 -79.5583 -325.467 133.882 -79.5583 -325.467 58.458 -62.383 -331.548 58.458 -62.383 -331.548 -48.6608
