element 0
  poly 0: -16.2802 -1732.41 5.8349 -102.679 -1833.02 5.8349 -79.5365 -1833.02 63.3985 -67.1867 -1816.32 58.4335 -37.0822 -1816.32 133.315 -49.4319 -1833.02 138.28 -19.3274 -1833.02 213.161 -6.97763 -1816.32 208.196 23.1269 -1816.32 283.077 10.7772 -1833.02 288.042 40.8817 -1833.02 362.923 53.2315 -1816.32 357.958 83.336 -1816.32 432.839 70.9863 -1833.02 437.804 97.3691 -1833.02 503.427 146.89 -1794.95 545.28 150.876 -1783.02 529.708 156.714 -1778.53 534.642 152.728 -1790.46 550.214 158.566 -1785.97 555.148 162.552 -1774.04 539.576 168.39 -1769.55 544.51 164.404 -1781.48 560.082 215.06 -1742.53 602.895 220.772 -1732.41 595.471 -16.2802 -1732.41 5.8349
  poly 1: -1.76663 -1744.87 -6.63351e-14 -78.8582 -1834.65 1.6982e-12 -57.0108 -1834.65 54.3424 -57.0108 -1834.65 54.3424 -26.9063 -1834.65 129.223 -39.256 -1851.36 134.188 -9.15148 -1851.36 209.07 3.19827 -1834.65 204.105 33.3028 -1834.65 278.986 20.9531 -1851.36 283.951 51.0576 -1851.36 358.832 63.4074 -1834.65 353.867 93.5119 -1834.65 428.748 93.5119 -1834.65 428.748 113.934 -1834.65 479.545 165.566 -1794.95 523.182 165.566 -1794.95 523.182 171.404 -1790.46 528.116 167.418 -1802.39 543.688 173.256 -1797.9 548.622 177.242 -1785.97 533.05 183.08 -1781.48 537.984 183.08 -1781.48 537.984 217.528 -1755 567.098 223.24 -1744.87 559.674 -1.76663 -1744.87 -6.63351e-14
element 1
  poly 0: -102.451 -1833.02 6.40189 -44.1972 -1923.36 6.40189 -21.3077 -1923.36 63.3365 -21.3077 -1923.36 63.3365 13.4101 -1923.36 149.692 23.7685 -1942.02 145.528 58.4863 -1942.02 231.883 48.1278 -1923.36 236.048 82.8455 -1923.36 322.404 93.204 -1942.02 318.239 127.922 -1942.02 404.595 117.563 -1923.36 408.759 152.281 -1923.36 495.115 152.281 -1923.36 495.115 183.56 -1923.36 572.917 147.982 -1886.93 542.848 149.275 -1899.02 526.677 144.549 -1894.18 522.683 143.256 -1882.1 538.854 138.53 -1877.26 534.86 139.823 -1889.34 518.689 135.097 -1884.51 514.694 133.804 -1872.42 530.866 95.326 -1833.02 498.346 70.9863 -1833.02 437.804 70.9863 -1833.02 437.804 40.8817 -1833.02 362.923 51.0576 -1851.36 358.832 20.9531 -1851.36 283.951 10.7772 -1833.02 288.042 -19.3274 -1833.02 213.161 -9.15148 -1851.36 209.07 -39.256 -1851.36 134.188 -49.4319 -1833.02 138.28 -79.5365 -1833.02 63.3985 -79.5365 -1833.02 63.3985 -102.451 -1833.02 6.40189
  poly 1: -78.8582 -1834.65 -3.90799e-14 -20.9625 -1924.43 5.50671e-13 0.909764 -1924.43 54.4044 -9.44872 -1905.77 58.5688 25.269 -1905.77 144.925 35.6275 -1924.43 140.76 70.3452 -1924.43 227.116 59.9867 -1905.77 231.28 94.7044 -1905.77 317.636 105.063 -1924.43 313.471 139.781 -1924.43 399.827 129.422 -1905.77 403.992 164.14 -1905.77 490.347 174.498 -1924.43 486.183 201.625 -1924.43 553.657 165.004 -1886.93 522.707 165.004 -1886.93 522.707 160.278 -1882.1 518.713 158.985 -1870.01 534.884 154.259 -1865.17 530.89 155.552 -1877.26 514.719 150.826 -1872.42 510.725 150.826 -1872.42 510.725 113.934 -1834.65 479.545 93.5119 -1834.65 428.748 83.336 -1816.32 432.839 53.2315 -1816.32 357.958 63.4074 -1834.65 353.867 33.3028 -1834.65 278.986 23.1269 -1816.32 283.077 -6.97763 -1816.32 208.196 3.19827 -1834.65 204.105 -26.9063 -1834.65 129.223 -37.0822 -1816.32 133.315 -67.1867 -1816.32 58.4335 -57.0108 -1834.65 54.3424 -78.8582 -1834.65 -3.90799e-14
element 2
  poly 0: -44.3445 -1923.36 6.03538 -115.041 -2013.64 6.03538 -92.011 -2013.64 63.3203 -80.3516 -1996.34 58.6328 -51.463 -1996.34 130.489 -63.1224 -2013.64 135.177 -34.2338 -2013.64 207.033 -22.5744 -1996.34 202.346 6.31415 -1996.34 274.202 -5.34522 -2013.64 278.89 23.5434 -2013.64 350.746 35.2027 -1996.34 346.059 64.0913 -1996.34 417.915 52.432 -2013.64 422.603 77.7559 -2013.64 485.593 128.113 -1971.18 528.152 131.226 -1959.16 512.472 132.799 -1957.83 513.801 129.685 -1969.86 529.481 131.258 -1968.53 530.81 134.372 -1956.5 515.13 135.944 -1955.18 516.459 132.831 -1967.2 532.14 171.993 -1934.19 565.238 177.376 -1923.36 557.536 152.281 -1923.36 495.115 164.14 -1905.77 490.347 129.422 -1905.77 403.992 117.563 -1923.36 408.759 82.8455 -1923.36 322.404 94.7044 -1905.77 317.636 59.9867 -1905.77 231.28 48.1278 -1923.36 236.048 13.4101 -1923.36 149.692 25.269 -1905.77 144.925 -9.44872 -1905.77 58.5688 -21.3077 -1923.36 63.3365 -44.3445 -1923.36 6.03538
  poly 1: -20.9625 -1924.43 3.32445e-12 -91.2697 -2014.21 -5.09104e-12 -69.4581 -2014.21 54.2533 -69.4581 -2014.21 54.2533 -40.5695 -2014.21 126.11 -52.2289 -2031.5 130.797 -23.3403 -2031.5 202.654 -11.6809 -2014.21 197.966 17.2077 -2014.21 269.823 5.54829 -2031.5 274.51 34.4369 -2031.5 346.367 46.0963 -2014.21 341.679 74.9849 -2014.21 413.536 74.9849 -2014.21 413.536 95.135 -2014.21 463.657 146.169 -1971.18 506.788 146.169 -1971.18 506.788 147.741 -1969.86 508.117 144.628 -1981.88 523.798 146.2 -1980.56 525.127 149.314 -1968.53 509.446 150.887 -1967.2 510.775 150.887 -1967.2 510.775 188.782 -1935.26 542.803 194.165 -1924.43 535.101 174.498 -1924.43 486.183 174.498 -1924.43 486.183 139.781 -1924.43 399.827 127.922 -1942.02 404.595 93.204 -1942.02 318.239 105.063 -1924.43 313.471 70.3452 -1924.43 227.116 58.4863 -1942.02 231.883 23.7685 -1942.02 145.528 35.6275 -1924.43 140.76 0.909764 -1924.43 54.4044 0.909764 -1924.43 54.4044 -20.9625 -1924.43 3.32445e-12
element 3
  poly 0: -114.961 -2013.64 6.23452 -50.9762 -2103.97 6.23452 -28.0533 -2103.97 63.252 -28.0533 -2103.97 63.252 5.90884 -2103.97 147.728 17.0057 -2122.17 143.267 50.9679 -2122.17 227.743 39.871 -2103.97 232.205 73.8331 -2103.97 316.681 84.93 -2122.17 312.22 118.892 -2122.17 396.696 107.795 -2103.97 401.157 141.757 -2103.97 485.634 141.757 -2103.97 485.634 166.498 -2103.97 547.172 161.514 -2092.37 555.212 77.0436 -2013.64 483.821 52.432 -2013.64 422.603 52.432 -2013.64 422.603 23.5434 -2013.64 350.746 34.4369 -2031.5 346.367 5.54829 -2031.5 274.51 -5.34522 -2013.64 278.89 -34.2338 -2013.64 207.033 -23.3403 -2031.5 202.654 -52.2289 -2031.5 130.797 -63.1224 -2013.64 135.177 -92.011 -2013.64 63.3203 -92.011 -2013.64 63.3203 -114.961 -2013.64 6.23452
  poly 1: -91.2697 -2014.21 -3.35376e-12 -27.6788 -2103.99 -6.35492e-12 -5.83987 -2103.99 54.3215 -16.9368 -2085.79 58.7828 17.0254 -2085.79 143.259 28.1223 -2103.99 138.798 62.0844 -2103.99 223.274 50.9875 -2085.79 227.735 84.9497 -2085.79 312.212 96.0466 -2103.99 307.75 130.009 -2103.99 392.227 118.912 -2085.79 396.688 152.874 -2085.79 481.164 163.971 -2103.99 476.703 183.992 -2103.99 526.503 179.009 -2092.39 534.543 95.135 -2014.21 463.657 74.9849 -2014.21 413.536 64.0913 -1996.34 417.915 35.2027 -1996.34 346.059 46.0963 -2014.21 341.679 17.2077 -2014.21 269.823 6.31415 -1996.34 274.202 -22.5744 -1996.34 202.346 -11.6809 -2014.21 197.966 -40.5695 -2014.21 126.11 -51.463 -1996.34 130.489 -80.3516 -1996.34 58.6328 -69.4581 -2014.21 54.2533 -91.2697 -2014.21 -3.35376e-12
element 4
  poly 0: -50.9781 -2103.97 6.22974 -115.129 -2194.31 6.22974 -92.1773 -2194.31 63.3186 -81.2661 -2176.46 58.9319 -52.3924 -2176.46 130.751 -63.3037 -2194.31 135.138 -34.43 -2194.31 206.957 -23.5188 -2176.46 202.57 5.35479 -2176.46 274.39 -5.55642 -2194.31 278.776 23.3172 -2194.31 350.596 34.2284 -2176.46 346.209 63.102 -2176.46 418.028 52.1908 -2194.31 422.415 76.8094 -2194.31 483.65 161.52 -2115.55 555.244 166.515 -2103.97 547.214 141.757 -2103.97 485.634 152.874 -2085.79 481.164 118.912 -2085.79 396.688 107.795 -2103.97 401.157 73.8331 -2103.97 316.681 84.9497 -2085.79 312.212 50.9875 -2085.79 227.735 39.871 -2103.97 232.205 5.90884 -2103.97 147.728 17.0254 -2085.79 143.259 -16.9368 -2085.79 58.7828 -28.0533 -2103.97 63.252 -50.9781 -2103.97 6.22974
  poly 1: -27.6788 -2103.99 -3.058e-12 -91.4311 -2193.77 4.9063e-12 -69.6208 -2193.77 54.2502 -69.6208 -2193.77 54.2502 -40.7472 -2193.77 126.069 -51.6584 -2211.62 130.456 -22.7848 -2211.62 202.275 -11.8736 -2193.77 197.889 17 -2193.77 269.708 6.08879 -2211.62 274.095 34.9624 -2211.62 345.914 45.8736 -2193.77 341.527 74.7472 -2193.77 413.346 74.7472 -2193.77 413.346 94.8905 -2193.77 463.45 178.998 -2115.57 534.534 183.992 -2103.99 526.503 163.971 -2103.99 476.703 163.971 -2103.99 476.703 130.009 -2103.99 392.227 118.892 -2122.17 396.696 84.93 -2122.17 312.22 96.0466 -2103.99 307.75 62.0844 -2103.99 223.274 50.9679 -2122.17 227.743 17.0057 -2122.17 143.267 28.1223 -2103.99 138.798 -5.83987 -2103.99 54.3215 -5.83987 -2103.99 54.3215 -27.6788 -2103.99 -3.058e-12
element 5
  poly 0: -115.206 -2194.31 6.03879 -44.6213 -2284.59 6.03879 -21.5863 -2284.59 63.3351 -21.5863 -2284.59 63.3351 13.1018 -2284.59 149.617 24.9474 -2302.2 144.855 59.6355 -2302.2 231.137 47.7898 -2284.59 235.899 82.4779 -2284.59 322.181 94.3236 -2302.2 317.419 129.012 -2302.2 403.701 117.166 -2284.59 408.463 151.854 -2284.59 494.745 151.854 -2284.59 494.745 176.942 -2284.59 557.149 171.566 -2273.75 564.856 132.434 -2240.71 531.784 135.533 -2252.74 516.101 134.011 -2251.45 514.814 130.912 -2239.42 530.498 129.39 -2238.14 529.211 132.489 -2250.17 513.528 130.967 -2248.88 512.242 127.868 -2236.85 527.925 77.4926 -2194.31 485.35 52.1908 -2194.31 422.415 52.1908 -2194.31 422.415 23.3172 -2194.31 350.596 34.9624 -2211.62 345.914 6.08879 -2211.62 274.095 -5.55642 -2194.31 278.776 -34.43 -2194.31 206.957 -22.7848 -2211.62 202.275 -51.6584 -2211.62 130.456 -63.3037 -2194.31 135.138 -92.1773 -2194.31 63.3186 -92.1773 -2194.31 63.3186 -115.206 -2194.31 6.03879
  poly 1: -91.4311 -2193.77 4.32365e-12 -21.2387 -2283.55 -2.02416e-12 0.632788 -2283.55 54.4024 -11.2129 -2265.95 59.1647 23.4752 -2265.95 145.447 35.3209 -2283.55 140.684 70.0089 -2283.55 226.966 58.1633 -2265.95 231.729 92.8513 -2265.95 318.011 104.697 -2283.55 313.248 139.385 -2283.55 399.53 127.539 -2265.95 404.293 162.227 -2265.95 490.574 174.073 -2283.55 485.812 193.747 -2283.55 534.747 188.37 -2272.71 542.455 150.48 -2240.71 510.432 150.48 -2240.71 510.432 148.958 -2239.42 509.146 145.86 -2227.4 524.829 144.338 -2226.11 523.543 147.436 -2238.14 507.859 145.914 -2236.85 506.573 145.914 -2236.85 506.573 94.8905 -2193.77 463.45 74.7472 -2193.77 413.346 63.102 -2176.46 418.028 34.2284 -2176.46 346.209 45.8736 -2193.77 341.527 17 -2193.77 269.708 5.35479 -2176.46 274.39 -23.5188 -2176.46 202.57 -11.8736 -2193.77 197.889 -40.7472 -2193.77 126.069 -52.3924 -2176.46 130.751 -81.2661 -2176.46 58.9319 -69.6208 -2193.77 54.2502 -91.4311 -2193.77 4.32365e-12
element 6
  poly 0: -44.4767 -2284.59 6.39847 -102.833 -2374.91 6.39847 -79.9185 -2374.91 63.3945 -69.7205 -2356.57 59.2946 -39.6545 -2356.57 134.08 -49.8525 -2374.91 138.18 -19.7865 -2374.91 212.965 -9.58855 -2356.57 208.865 20.4774 -2356.57 283.65 10.2795 -2374.91 287.75 40.3454 -2374.91 362.535 50.5434 -2356.57 358.435 80.6094 -2356.57 433.22 70.4114 -2374.91 437.32 94.7611 -2374.91 497.887 133.206 -2335.62 530.379 134.518 -2323.54 514.215 139.294 -2318.66 518.251 137.983 -2330.74 534.416 142.759 -2325.86 538.452 144.071 -2313.78 522.288 148.847 -2308.9 526.325 147.535 -2320.98 542.489 183.15 -2284.59 572.589 151.854 -2284.59 494.745 162.227 -2265.95 490.574 127.539 -2265.95 404.293 117.166 -2284.59 408.463 82.4779 -2284.59 322.181 92.8513 -2265.95 318.011 58.1633 -2265.95 231.729 47.7898 -2284.59 235.899 13.1018 -2284.59 149.617 23.4752 -2265.95 145.447 -11.2129 -2265.95 59.1647 -21.5863 -2284.59 63.3351 -44.4767 -2284.59 6.39847
  poly 1: -21.2387 -2283.55 -3.74101e-12 -79.2518 -2373.33 -5.97566e-12 -57.4042 -2373.33 54.343 -57.4042 -2373.33 54.343 -27.3382 -2373.33 129.128 -37.5361 -2391.66 133.228 -7.47017 -2391.66 208.013 2.7278 -2373.33 203.913 32.7938 -2373.33 278.698 22.5958 -2391.66 282.798 52.6618 -2391.66 357.583 62.8598 -2373.33 353.483 92.9257 -2373.33 428.269 92.9257 -2373.33 428.269 113.338 -2373.33 479.041 150.238 -2335.62 510.227 150.238 -2335.62 510.227 155.014 -2330.74 514.264 153.702 -2342.83 530.428 158.479 -2337.95 534.465 159.79 -2325.86 518.301 164.567 -2320.98 522.337 164.567 -2320.98 522.337 201.207 -2283.55 553.304 174.073 -2283.55 485.812 174.073 -2283.55 485.812 139.385 -2283.55 399.53 129.012 -2302.2 403.701 94.3236 -2302.2 317.419 104.697 -2283.55 313.248 70.0089 -2283.55 226.966 59.6355 -2302.2 231.137 24.9474 -2302.2 144.855 35.3209 -2283.55 140.684 0.632788 -2283.55 54.4024 0.632788 -2283.55 54.4024 -21.2387 -2283.55 -3.74101e-12
element 7
  poly 0: -103.054 -2374.91 5.84737 -26.0803 -2465.04 5.84737 -2.94239 -2465.04 63.3999 -2.94239 -2465.04 63.3999 33.7321 -2465.04 154.623 46.2019 -2482.01 149.61 82.8764 -2482.01 240.833 70.4066 -2465.04 245.846 107.081 -2465.04 337.069 119.551 -2482.01 332.056 156.225 -2482.01 423.279 143.756 -2465.04 428.292 180.43 -2465.04 519.515 180.43 -2465.04 519.515 205.871 -2465.04 582.796 200.178 -2454.87 590.236 159.465 -2423.4 555.828 163.399 -2435.34 540.251 159.008 -2431.94 536.54 155.075 -2420 552.117 150.684 -2416.61 548.406 154.617 -2428.55 532.829 150.227 -2425.15 529.119 146.293 -2413.21 544.695 96.7437 -2374.91 502.818 70.4114 -2374.91 437.32 70.4114 -2374.91 437.32 40.3454 -2374.91 362.535 52.6618 -2391.66 357.583 22.5958 -2391.66 282.798 10.2795 -2374.91 287.75 -19.7865 -2374.91 212.965 -7.47017 -2391.66 208.013 -37.5361 -2391.66 133.228 -49.8525 -2374.91 138.18 -79.9185 -2374.91 63.3945 -79.9185 -2374.91 63.3945 -103.054 -2374.91 5.84737
  poly 1: -79.2518 -2373.33 4.00391e-12 -2.5845 -2463.11 3.17457e-12 19.308 -2463.11 54.4546 6.8382 -2446.14 59.4678 43.5127 -2446.14 150.691 55.9825 -2463.11 145.678 92.657 -2463.11 236.901 80.1872 -2446.14 241.914 116.862 -2446.14 333.137 129.332 -2463.11 328.123 166.006 -2463.11 419.346 153.536 -2446.14 424.36 190.211 -2446.14 515.583 202.681 -2463.11 510.569 222.001 -2463.11 558.627 216.308 -2452.94 566.067 178.102 -2423.4 533.777 178.102 -2423.4 533.777 173.711 -2420 530.066 169.778 -2408.06 545.642 165.387 -2404.67 541.931 169.32 -2416.61 526.355 164.93 -2413.21 522.644 164.93 -2413.21 522.644 113.338 -2373.33 479.041 92.9257 -2373.33 428.269 80.6094 -2356.57 433.22 50.5434 -2356.57 358.435 62.8598 -2373.33 353.483 32.7938 -2373.33 278.698 20.4774 -2356.57 283.65 -9.58855 -2356.57 208.865 2.7278 -2373.33 203.913 -27.3382 -2373.33 129.128 -39.6545 -2356.57 134.08 -69.7205 -2356.57 59.2946 -57.4042 -2373.33 54.343 -79.2518 -2373.33 4.00391e-12
element 8
  poly 0: -25.8117 -2465.04 6.51547 -79.9932 -2555.18 6.51547 -57.1089 -2555.18 63.437 -47.4362 -2536.49 59.5482 -15.0714 -2536.49 140.051 -24.7442 -2555.18 143.94 7.62052 -2555.18 224.443 17.2933 -2536.49 220.554 49.658 -2536.49 301.057 39.9853 -2555.18 304.946 72.35 -2555.18 385.449 82.0228 -2536.49 381.56 114.388 -2536.49 462.063 104.715 -2555.18 465.952 128.906 -2555.18 526.124 167.147 -2513.18 558.444 167.79 -2501.13 542.024 170.989 -2497.61 544.728 170.347 -2509.66 561.148 173.546 -2506.15 563.852 174.188 -2494.1 547.432 177.387 -2490.59 550.135 176.745 -2502.64 566.555 210.971 -2465.04 595.482 180.43 -2465.04 519.515 190.211 -2446.14 515.583 153.536 -2446.14 424.36 143.756 -2465.04 428.292 107.081 -2465.04 337.069 116.862 -2446.14 333.137 80.1872 -2446.14 241.914 70.4066 -2465.04 245.846 33.7321 -2465.04 154.623 43.5127 -2446.14 150.691 6.8382 -2446.14 59.4678 -2.94239 -2465.04 63.3999 -25.8117 -2465.04 6.51547
  poly 1: -2.5845 -2463.11 -8.84404e-12 -56.5519 -2552.89 2.47447e-12 -34.6744 -2552.89 54.4175 -34.6744 -2552.89 54.4175 -2.30963 -2552.89 134.92 -11.9824 -2571.58 138.809 20.3823 -2571.58 219.312 30.0551 -2552.89 215.423 62.4198 -2552.89 295.926 52.747 -2571.58 299.815 85.1118 -2571.58 380.318 94.7846 -2552.89 376.429 127.149 -2552.89 456.932 127.149 -2552.89 456.932 147.72 -2552.89 508.099 183.873 -2513.18 538.654 183.873 -2513.18 538.654 187.072 -2509.66 541.358 186.43 -2521.71 557.778 189.629 -2518.2 560.482 190.271 -2506.15 544.062 193.471 -2502.64 546.766 193.471 -2502.64 546.766 229.461 -2463.11 577.183 202.681 -2463.11 510.569 202.681 -2463.11 510.569 166.006 -2463.11 419.346 156.225 -2482.01 423.279 119.551 -2482.01 332.056 129.332 -2463.11 328.123 92.657 -2463.11 236.901 82.8764 -2482.01 240.833 46.2019 -2482.01 149.61 55.9825 -2463.11 145.678 19.308 -2463.11 54.4546 19.308 -2463.11 54.4546 -2.5845 -2463.11 -8.84404e-12
element 9
  poly 0: -80.3147 -2555.18 5.71584 0.98297 -2645.11 5.71584 24.1889 -2645.11 63.4374 24.1889 -2645.11 63.4374 63.7096 -2645.11 161.74 76.5373 -2661.59 156.583 116.058 -2661.59 254.885 103.23 -2645.11 260.042 142.751 -2645.11 358.345 155.579 -2661.59 353.188 195.099 -2661.59 451.49 182.272 -2645.11 456.647 221.792 -2645.11 554.95 221.792 -2645.11 554.95 247.473 -2645.11 618.826 241.593 -2635.37 626.108 199.899 -2604.92 590.87 204.376 -2616.78 575.318 197.891 -2612.05 569.837 193.414 -2600.18 585.39 186.93 -2595.44 579.909 191.406 -2607.31 564.357 184.922 -2602.58 558.876 180.445 -2590.71 574.429 131.796 -2555.18 533.312 104.715 -2555.18 465.952 104.715 -2555.18 465.952 72.35 -2555.18 385.449 85.1118 -2571.58 380.318 52.747 -2571.58 299.815 39.9853 -2555.18 304.946 7.62052 -2555.18 224.443 20.3823 -2571.58 219.312 -11.9824 -2571.58 138.809 -24.7442 -2555.18 143.94 -57.1089 -2555.18 63.437 -57.1089 -2555.18 63.437 -80.3147 -2555.18 5.71584
  poly 1: -56.5519 -2552.89 1.23812e-12 24.611 -2642.67 -4.76241e-12 46.5075 -2642.67 54.4646 33.6798 -2626.18 59.6218 73.2005 -2626.18 157.924 86.0282 -2642.67 152.767 125.549 -2642.67 251.07 112.721 -2626.18 256.227 152.242 -2626.18 354.529 165.07 -2642.67 349.372 204.59 -2642.67 447.674 191.763 -2626.18 452.832 231.283 -2626.18 551.134 244.111 -2642.67 545.977 263.193 -2642.67 593.44 257.313 -2632.92 600.722 218.964 -2604.92 568.312 218.964 -2604.92 568.312 212.48 -2600.18 562.831 208.003 -2588.31 578.384 201.519 -2583.58 572.903 205.995 -2595.44 557.351 199.511 -2590.71 551.87 199.511 -2590.71 551.87 147.72 -2552.89 508.099 127.149 -2552.89 456.932 114.388 -2536.49 462.063 82.0228 -2536.49 381.56 94.7846 -2552.89 376.429 62.4198 -2552.89 295.926 49.658 -2536.49 301.057 17.2933 -2536.49 220.554 30.0551 -2552.89 215.423 -2.30963 -2552.89 134.92 -15.0714 -2536.49 140.051 -47.4362 -2536.49 59.5482 -34.6744 -2552.89 54.4175 -56.5519 -2552.89 1.23812e-12
element 10
  poly 0: 1.32357 -2645.11 6.56304 -50.9897 -2734.91 6.56304 -28.1234 -2734.91 63.4399 -18.6397 -2716 59.6272 16.6853 -2716 147.493 7.20153 -2734.91 151.306 42.5265 -2734.91 239.172 52.0102 -2716 235.359 87.3352 -2716 323.226 77.8515 -2734.91 327.038 113.176 -2734.91 414.905 122.66 -2716 411.092 157.985 -2716 498.958 148.501 -2734.91 502.771 172.657 -2734.91 562.854 210.571 -2691.94 594.897 210.924 -2679.92 578.356 213.508 -2676.99 580.54 213.155 -2689.01 597.081 215.739 -2686.08 599.265 216.092 -2674.06 582.724 218.677 -2671.13 584.908 218.323 -2683.16 601.449 251.893 -2645.11 629.821 221.792 -2645.11 554.95 231.283 -2626.18 551.134 191.763 -2626.18 452.832 182.272 -2645.11 456.647 142.751 -2645.11 358.345 152.242 -2626.18 354.529 112.721 -2626.18 256.227 103.23 -2645.11 260.042 63.7096 -2645.11 161.74 73.2005 -2626.18 157.924 33.6798 -2626.18 59.6218 24.1889 -2645.11 63.4374 1.32357 -2645.11 6.56304
  poly 1: 24.611 -2642.67 -9.44134e-13 -27.688 -2732.45 1.28342e-12 -5.79246 -2732.45 54.4622 -5.79246 -2732.45 54.4622 29.5325 -2732.45 142.328 20.0488 -2751.36 146.141 55.3737 -2751.36 234.007 64.8575 -2732.45 230.194 100.182 -2732.45 318.061 90.6987 -2751.36 321.873 126.024 -2751.36 409.74 135.507 -2732.45 405.927 170.832 -2732.45 493.793 170.832 -2732.45 493.793 191.439 -2732.45 545.048 227.175 -2691.94 575.251 227.175 -2691.94 575.251 229.759 -2689.01 577.435 229.406 -2701.04 593.976 231.99 -2698.11 596.16 232.343 -2686.08 579.619 234.927 -2683.16 581.803 234.927 -2683.16 581.803 270.653 -2642.67 611.996 244.111 -2642.67 545.977 244.111 -2642.67 545.977 204.59 -2642.67 447.674 195.099 -2661.59 451.49 155.579 -2661.59 353.188 165.07 -2642.67 349.372 125.549 -2642.67 251.07 116.058 -2661.59 254.885 76.5373 -2661.59 156.583 86.0282 -2642.67 152.767 46.5075 -2642.67 54.4646 46.5075 -2642.67 54.4646 24.611 -2642.67 -9.44134e-13
element 11
  poly 0: -51.334 -2734.91 5.70663 30.0405 -2824.58 5.70663 53.251 -2824.58 63.4396 53.251 -2824.58 63.4396 95.7744 -2824.58 169.211 108.57 -2840.96 164.066 151.094 -2840.96 269.838 138.298 -2824.58 274.982 180.821 -2824.58 380.753 193.617 -2840.96 375.609 236.14 -2840.96 481.38 223.344 -2824.58 486.524 265.868 -2824.58 592.295 265.868 -2824.58 592.295 291.528 -2824.58 656.122 285.636 -2814.86 663.393 243.961 -2784.55 628.172 248.475 -2796.41 612.62 241.84 -2791.58 607.012 237.326 -2779.72 622.564 230.692 -2774.89 616.957 235.205 -2786.76 601.405 228.571 -2781.93 595.797 224.057 -2770.07 611.35 175.735 -2734.91 570.51 148.501 -2734.91 502.771 148.501 -2734.91 502.771 113.176 -2734.91 414.905 126.024 -2751.36 409.74 90.6987 -2751.36 321.873 77.8515 -2734.91 327.038 42.5265 -2734.91 239.172 55.3737 -2751.36 234.007 20.0488 -2751.36 146.141 7.20153 -2734.91 151.306 -28.1234 -2734.91 63.4399 -28.1234 -2734.91 63.4399 -51.334 -2734.91 5.70663
  poly 1: -27.688 -2732.45 9.68914e-12 53.7916 -2822.22 2.08722e-12 75.6724 -2822.22 54.4255 62.8764 -2805.85 59.5699 105.4 -2805.85 165.341 118.196 -2822.22 160.197 160.719 -2822.22 265.968 147.923 -2805.85 271.112 190.446 -2805.85 376.883 203.242 -2822.22 371.739 245.766 -2822.22 477.51 232.97 -2805.85 482.655 275.493 -2805.85 588.426 288.289 -2822.22 583.281 307.391 -2822.22 630.794 301.499 -2812.51 638.066 263.057 -2784.55 605.577 263.057 -2784.55 605.577 256.423 -2779.72 599.97 251.909 -2767.86 615.522 245.274 -2763.03 609.914 249.788 -2774.89 594.362 243.153 -2770.07 588.755 243.153 -2770.07 588.755 191.439 -2732.45 545.048 170.832 -2732.45 493.793 157.985 -2716 498.958 122.66 -2716 411.092 135.507 -2732.45 405.927 100.182 -2732.45 318.061 87.3352 -2716 323.226 52.0102 -2716 235.359 64.8575 -2732.45 230.194 29.5325 -2732.45 142.328 16.6853 -2716 147.493 -18.6397 -2716 59.6272 -5.79246 -2732.45 54.4622 -27.688 -2732.45 9.68914e-12
element 12
  poly 0: 30.37 -2824.58 6.52615 -23.0225 -2914.02 6.52615 -0.155454 -2914.02 63.4048 9.57161 -2895.09 59.4942 47.7848 -2895.09 154.545 38.0578 -2914.02 158.455 76.271 -2914.02 253.505 85.9981 -2895.09 249.595 124.211 -2895.09 344.645 114.484 -2914.02 348.556 152.698 -2914.02 443.606 162.425 -2895.09 439.695 200.638 -2895.09 534.746 190.911 -2914.02 538.656 215.156 -2914.02 598.963 252.895 -2872.28 630.859 253.474 -2860.23 614.412 256.536 -2856.85 617 255.958 -2868.89 633.447 259.02 -2865.51 636.035 259.598 -2853.46 619.588 262.66 -2850.07 622.176 262.082 -2862.12 638.623 296.026 -2824.58 667.311 265.868 -2824.58 592.295 275.493 -2805.85 588.426 232.97 -2805.85 482.655 223.344 -2824.58 486.524 180.821 -2824.58 380.753 190.446 -2805.85 376.883 147.923 -2805.85 271.112 138.298 -2824.58 274.982 95.7744 -2824.58 169.211 105.4 -2805.85 165.341 62.8764 -2805.85 59.5699 53.251 -2824.58 63.4396 30.37 -2824.58 6.52615
  poly 1: 53.7916 -2822.22 3.51719e-13 0.197576 -2912 1.57101e-12 22.0924 -2912 54.4604 22.0924 -2912 54.4604 60.3056 -2912 149.511 50.5786 -2930.93 153.421 88.7918 -2930.93 248.472 98.5189 -2912 244.561 136.732 -2912 339.611 127.005 -2930.93 343.522 165.218 -2930.93 438.572 174.945 -2912 434.662 213.159 -2912 529.712 213.159 -2912 529.712 233.675 -2912 580.745 269.594 -2872.28 611.101 269.594 -2872.28 611.101 272.656 -2868.89 613.689 272.078 -2880.94 630.135 275.14 -2877.55 632.724 275.718 -2865.51 616.277 278.78 -2862.12 618.865 278.78 -2862.12 618.865 314.851 -2822.22 649.351 288.289 -2822.22 583.281 288.289 -2822.22 583.281 245.766 -2822.22 477.51 236.14 -2840.96 481.38 193.617 -2840.96 375.609 203.242 -2822.22 371.739 160.719 -2822.22 265.968 151.094 -2840.96 269.838 108.57 -2840.96 164.066 118.196 -2822.22 160.197 75.6724 -2822.22 54.4255 75.6724 -2822.22 54.4255 53.7916 -2822.22 3.51719e-13
element 13
  poly 0: -23.3017 -2914.02 5.83163 53.5798 -3003.42 5.83163 76.724 -3003.42 63.3996 76.724 -3003.42 63.3996 108.797 -3003.42 143.176 121.157 -3020.12 138.206 153.23 -3020.12 217.983 140.869 -3003.42 222.952 172.942 -3003.42 302.728 185.302 -3020.12 297.759 217.375 -3020.12 377.535 205.014 -3003.42 382.504 237.087 -3003.42 462.28 249.447 -3020.12 457.311 281.52 -3020.12 537.087 269.159 -3003.42 542.057 301.232 -3003.42 621.833 301.232 -3003.42 621.833 326.6 -3003.42 684.933 320.883 -2993.31 692.353 280.284 -2962.14 658.04 284.284 -2974.07 642.469 279.651 -2970.51 638.553 275.651 -2958.58 654.124 271.017 -2955.02 650.208 275.017 -2966.95 634.637 270.384 -2963.4 630.721 266.384 -2951.46 646.292 217.612 -2914.02 605.073 190.911 -2914.02 538.656 190.911 -2914.02 538.656 152.698 -2914.02 443.606 165.218 -2930.93 438.572 127.005 -2930.93 343.522 114.484 -2914.02 348.556 76.271 -2914.02 253.505 88.7918 -2930.93 248.472 50.5786 -2930.93 153.421 38.0578 -2914.02 158.455 -0.155454 -2914.02 63.4048 -0.155454 -2914.02 63.4048 -23.3017 -2914.02 5.83163
  poly 1: 0.197576 -2912 -1.4635e-12 77.4005 -3001.78 -9.80194e-12 99.2485 -3001.78 54.344 86.8878 -2985.09 59.3134 118.96 -2985.09 139.09 131.321 -3001.78 134.12 163.394 -3001.78 213.896 151.033 -2985.09 218.866 183.105 -2985.09 298.642 195.466 -3001.78 293.673 227.539 -3001.78 373.449 215.178 -2985.09 378.418 247.251 -2985.09 458.194 259.611 -3001.78 453.225 291.684 -3001.78 533.001 279.323 -2985.09 537.97 311.396 -2985.09 617.747 323.756 -3001.78 612.777 343.15 -3001.78 661.016 337.433 -2991.67 668.436 298.971 -2962.14 635.93 298.971 -2962.14 635.93 294.338 -2958.58 632.014 290.338 -2946.65 647.585 285.705 -2943.09 643.669 289.704 -2955.02 628.098 285.071 -2951.46 624.182 285.071 -2951.46 624.182 233.675 -2912 580.745 213.159 -2912 529.712 200.638 -2895.09 534.746 162.425 -2895.09 439.695 174.945 -2912 434.662 136.732 -2912 339.611 124.211 -2895.09 344.645 85.9981 -2895.09 249.595 98.5189 -2912 244.561 60.3056 -2912 149.511 47.7848 -2895.09 154.545 9.57161 -2895.09 59.4942 22.0924 -2912 54.4604 0.197576 -2912 -1.4635e-12
element 14
  poly 0: 53.8102 -3003.42 6.40462 -3.61751 -3092.62 6.40462 19.2702 -3092.62 63.3348 29.6258 -3073.94 59.1715 69.8827 -3073.94 159.305 59.5271 -3092.62 163.468 99.784 -3092.62 263.602 110.14 -3073.94 259.439 150.396 -3073.94 359.572 140.041 -3092.62 363.736 180.298 -3092.62 463.869 190.653 -3073.94 459.706 230.91 -3073.94 559.84 220.555 -3092.62 564.003 245.013 -3092.62 624.839 282.639 -3054.04 656.639 283.917 -3041.95 640.463 288.61 -3037.14 644.429 287.332 -3049.23 660.606 292.025 -3044.41 664.572 293.303 -3032.33 648.395 297.996 -3027.51 652.362 296.718 -3039.6 668.538 331.995 -3003.42 698.353 301.232 -3003.42 621.833 311.396 -2985.09 617.747 279.323 -2985.09 537.97 269.159 -3003.42 542.057 237.087 -3003.42 462.28 247.251 -2985.09 458.194 215.178 -2985.09 378.418 205.014 -3003.42 382.504 172.942 -3003.42 302.728 183.105 -2985.09 298.642 151.033 -2985.09 218.866 140.869 -3003.42 222.952 108.797 -3003.42 143.176 118.96 -2985.09 139.09 86.8878 -2985.09 59.3134 76.724 -3003.42 63.3996 53.8102 -3003.42 6.40462
  poly 1: 77.4005 -3001.78 -5.79092e-13 19.5983 -3091.56 -3.6362e-12 41.4724 -3091.56 54.4088 41.4724 -3091.56 54.4088 81.7293 -3091.56 154.542 71.3737 -3110.25 158.706 111.631 -3110.25 258.839 121.986 -3091.56 254.676 162.243 -3091.56 354.81 151.887 -3110.25 358.973 192.144 -3110.25 459.107 202.5 -3091.56 454.943 242.757 -3091.56 555.077 242.757 -3091.56 555.077 263.061 -3091.56 605.58 299.654 -3054.04 636.507 299.654 -3054.04 636.507 304.347 -3049.23 640.473 303.069 -3061.31 656.65 307.762 -3056.5 660.616 309.04 -3044.41 644.439 313.733 -3039.6 648.406 313.733 -3039.6 648.406 350.61 -3001.78 679.573 323.756 -3001.78 612.777 323.756 -3001.78 612.777 291.684 -3001.78 533.001 281.52 -3020.12 537.087 249.447 -3020.12 457.311 259.611 -3001.78 453.225 227.539 -3001.78 373.449 217.375 -3020.12 377.535 185.302 -3020.12 297.759 195.466 -3001.78 293.673 163.394 -3001.78 213.896 153.23 -3020.12 217.983 121.157 -3020.12 138.206 131.321 -3001.78 134.12 99.2485 -3001.78 54.344 99.2485 -3001.78 54.344 77.4005 -3001.78 -5.79092e-13
element 15
  poly 0: -3.76346 -3092.62 6.0416 65.8935 -3181.84 6.0416 88.9196 -3181.84 63.316 88.9196 -3181.84 63.316 121.798 -3181.84 145.096 133.419 -3199.13 140.423 166.297 -3199.13 222.203 154.676 -3181.84 226.875 187.554 -3181.84 308.655 199.175 -3199.13 303.983 232.053 -3199.13 385.762 220.432 -3181.84 390.434 253.31 -3181.84 472.214 264.931 -3199.13 467.542 297.809 -3199.13 549.321 286.188 -3181.84 553.994 319.066 -3181.84 635.773 319.066 -3181.84 635.773 344.321 -3181.84 698.592 338.949 -3170.99 706.304 300.161 -3138.19 673.522 303.247 -3150.22 657.837 301.768 -3148.97 656.587 298.682 -3136.94 672.272 297.203 -3135.69 671.022 300.289 -3147.72 655.336 298.81 -3146.46 654.086 295.724 -3134.44 669.772 246.276 -3092.62 627.98 220.555 -3092.62 564.003 220.555 -3092.62 564.003 180.298 -3092.62 463.869 192.144 -3110.25 459.107 151.887 -3110.25 358.973 140.041 -3092.62 363.736 99.784 -3092.62 263.602 111.631 -3110.25 258.839 71.3737 -3110.25 158.706 59.5271 -3092.62 163.468 19.2702 -3092.62 63.3348 19.2702 -3092.62 63.3348 -3.76346 -3092.62 6.0416
  poly 1: 19.5983 -3091.56 6.74039e-12 89.696 -3181.34 7.57083e-12 111.501 -3181.34 54.2375 99.8798 -3164.05 58.9097 132.758 -3164.05 140.689 144.379 -3181.34 136.017 177.257 -3181.34 217.797 165.636 -3164.05 222.469 198.514 -3164.05 304.248 210.135 -3181.34 299.576 243.013 -3181.34 381.356 231.392 -3164.05 386.028 264.27 -3164.05 467.808 275.891 -3181.34 463.135 308.769 -3181.34 544.915 297.148 -3164.05 549.587 330.026 -3164.05 631.367 341.647 -3181.34 626.695 361.773 -3181.34 676.756 356.402 -3170.49 684.467 318.199 -3138.19 652.18 318.199 -3138.19 652.18 316.72 -3136.94 650.93 313.634 -3124.91 666.616 312.155 -3123.66 665.365 315.241 -3135.69 649.68 313.762 -3134.44 648.43 313.762 -3134.44 648.43 263.061 -3091.56 605.58 242.757 -3091.56 555.077 230.91 -3073.94 559.84 190.653 -3073.94 459.706 202.5 -3091.56 454.943 162.243 -3091.56 354.81 150.396 -3073.94 359.572 110.14 -3073.94 259.439 121.986 -3091.56 254.676 81.7293 -3091.56 154.542 69.8827 -3073.94 159.305 29.6258 -3073.94 59.1715 41.4724 -3091.56 54.4088 19.5983 -3091.56 6.74039e-12
element 16
  poly 0: 65.963 -3181.84 6.21441 2.14757 -3270.98 6.21441 25.0822 -3270.98 63.2614 36.277 -3252.82 58.7607 77.1877 -3252.82 160.521 65.993 -3270.98 165.021 106.904 -3270.98 266.781 118.098 -3252.82 262.281 159.009 -3252.82 364.041 147.815 -3270.98 368.542 188.725 -3270.98 470.302 199.92 -3252.82 465.801 240.831 -3252.82 567.561 229.636 -3270.98 572.062 254.504 -3270.98 633.917 338.673 -3193.36 705.053 343.701 -3181.84 697.051 319.066 -3181.84 635.773 330.026 -3164.05 631.367 297.148 -3164.05 549.587 286.188 -3181.84 553.994 253.31 -3181.84 472.214 264.27 -3164.05 467.808 231.392 -3164.05 386.028 220.432 -3181.84 390.434 187.554 -3181.84 308.655 198.514 -3164.05 304.248 165.636 -3164.05 222.469 154.676 -3181.84 226.875 121.798 -3181.84 145.096 132.758 -3164.05 140.689 99.8798 -3164.05 58.9097 88.9196 -3181.84 63.316 65.963 -3181.84 6.21441
  poly 1: 89.696 -3181.34 1.17275e-11 25.4256 -3271.12 1.07248e-11 47.2721 -3271.12 54.3403 47.2721 -3271.12 54.3403 88.1829 -3271.12 156.1 76.9882 -3289.29 160.601 117.899 -3289.29 262.361 129.094 -3271.12 257.86 170.004 -3271.12 359.621 158.81 -3289.29 364.121 199.72 -3289.29 465.881 210.915 -3271.12 461.381 251.826 -3271.12 563.141 251.826 -3271.12 563.141 271.887 -3271.12 613.039 356.745 -3192.86 684.758 361.773 -3181.34 676.756 341.647 -3181.34 626.695 341.647 -3181.34 626.695 308.769 -3181.34 544.915 297.809 -3199.13 549.321 264.931 -3199.13 467.542 275.891 -3181.34 463.135 243.013 -3181.34 381.356 232.053 -3199.13 385.762 199.175 -3199.13 303.983 210.135 -3181.34 299.576 177.257 -3181.34 217.797 166.297 -3199.13 222.203 133.419 -3199.13 140.423 144.379 -3181.34 136.017 111.501 -3181.34 54.2375 111.501 -3181.34 54.2375 89.696 -3181.34 1.17275e-11
element 17
  poly 0: 2.16697 -3270.98 6.26266 72.4866 -3371.77 6.26266 353.386 -3371.77 704.962 348.466 -3360.06 713.056 305.583 -3319.48 676.812 307.61 -3331.56 660.879 307.11 -3331.09 660.456 305.082 -3319 676.39 304.582 -3318.53 675.967 306.61 -3330.62 660.033 306.109 -3330.14 659.61 304.082 -3318.06 675.544 254.337 -3270.98 633.502 229.636 -3270.98 572.062 229.636 -3270.98 572.062 188.725 -3270.98 470.302 199.72 -3289.29 465.881 158.81 -3289.29 364.121 147.815 -3270.98 368.542 106.904 -3270.98 266.781 117.899 -3289.29 262.361 76.9882 -3289.29 160.601 65.993 -3270.98 165.021 25.0822 -3270.98 63.2614 25.0822 -3270.98 63.2614 2.16697 -3270.98 6.26266
  poly 1: 25.4256 -3271.12 -2.65921e-12 88.0641 -3360.9 -8.32948e-14 359.302 -3360.9 674.667 354.382 -3349.19 682.76 322.983 -3319.48 656.224 322.983 -3319.48 656.224 322.483 -3319 655.801 320.455 -3306.91 671.735 319.955 -3306.44 671.312 321.983 -3318.53 655.378 321.482 -3318.06 654.955 321.482 -3318.06 654.955 271.887 -3271.12 613.039 251.826 -3271.12 563.141 240.831 -3252.82 567.561 199.92 -3252.82 465.801 210.915 -3271.12 461.381 170.004 -3271.12 359.621 159.009 -3252.82 364.041 118.098 -3252.82 262.281 129.094 -3271.12 257.86 88.1829 -3271.12 156.1 77.1877 -3252.82 160.521 36.277 -3252.82 58.7607 47.2721 -3271.12 54.3403 25.4256 -3271.12 -2.65921e-12
element 18
  poly 0: 195.815 -1757.33 586.63 164.404 -1781.48 560.082 164.404 -1781.48 560.082 158.566 -1785.97 555.148 173.256 -1797.9 548.622 167.418 -1802.39 543.688 152.728 -1790.46 550.214 146.89 -1794.95 545.28 146.89 -1794.95 545.28 106.318 -1826.14 510.991 112.687 -1836.27 504.122 179.114 -1836.27 518.614 179.114 -1836.27 518.614 297.904 -1836.27 544.531 300.742 -1852.98 531.527 419.532 -1852.98 557.444 416.695 -1836.27 570.448 535.486 -1836.27 596.366 538.323 -1852.98 583.361 657.114 -1852.98 609.278 654.276 -1836.27 622.283 773.067 -1836.27 648.2 775.904 -1852.98 635.195 894.695 -1852.98 661.112 891.857 -1836.27 674.117 1010.65 -1836.27 700.034 1013.49 -1852.98 687.029 1132.28 -1852.98 712.946 1129.44 -1836.27 725.951 1248.23 -1836.27 751.868 1248.23 -1836.27 751.868 1318.3 -1836.27 767.156 1318.42 -1831.52 771.056 1256.83 -1816.45 769.903 1253.37 -1831.6 756.801 1183.73 -1814.56 755.498 1187.19 -1799.42 768.601 1117.56 -1782.39 767.298 1114.1 -1797.53 754.196 1044.46 -1780.5 752.893 1047.92 -1765.35 765.995 1015.12 -1757.33 765.382 195.815 -1757.33 586.63
  poly 1: 230.7 -1744.87 578.23 183.08 -1781.48 537.984 168.39 -1769.55 544.51 162.552 -1774.04 539.576 177.242 -1785.97 533.05 171.404 -1790.46 528.116 156.714 -1778.53 534.642 150.876 -1783.02 529.708 165.566 -1794.95 523.182 127.106 -1824.52 490.677 133.474 -1834.65 483.808 184.289 -1834.65 494.894 181.452 -1817.94 507.899 300.242 -1817.94 533.816 303.08 -1834.65 520.812 421.87 -1834.65 546.729 419.033 -1817.94 559.733 537.823 -1817.94 585.65 540.661 -1834.65 572.646 659.451 -1834.65 598.563 656.614 -1817.94 611.567 775.405 -1817.94 637.484 778.242 -1834.65 624.48 897.033 -1834.65 650.397 894.195 -1817.94 663.401 1012.99 -1817.94 689.318 1015.82 -1834.65 676.314 1134.61 -1834.65 702.231 1131.78 -1817.94 715.235 1250.57 -1817.94 741.152 1253.4 -1834.65 728.148 1312.15 -1834.65 740.965 1312.27 -1829.9 744.865 1257.31 -1816.45 743.837 1257.31 -1816.45 743.837 1187.68 -1799.42 742.534 1191.14 -1784.28 755.637 1121.5 -1767.24 754.334 1118.05 -1782.39 741.232 1048.41 -1765.35 739.929 1048.41 -1765.35 739.929 964.664 -1744.87 738.362 230.7 -1744.87 578.23
element 19
  poly 0: 98.4974 -1836.27 501.026 133.804 -1872.42 530.866 133.804 -1872.42 530.866 138.53 -1877.26 534.86 154.259 -1865.17 530.89 158.985 -1870.01 534.884 143.256 -1882.1 538.854 147.982 -1886.93 542.848 147.982 -1886.93 542.848 185.646 -1925.5 574.68 249.705 -1925.5 588.656 252.085 -1906.84 577.748 358.272 -1906.84 600.916 355.893 -1925.5 611.824 462.08 -1925.5 634.991 464.46 -1906.84 624.083 570.648 -1906.84 647.251 568.268 -1925.5 658.159 674.456 -1925.5 681.326 676.836 -1906.84 670.418 783.024 -1906.84 693.586 780.644 -1925.5 704.493 886.832 -1925.5 727.661 889.212 -1906.84 716.753 995.399 -1906.84 739.921 993.02 -1925.5 750.828 1052.33 -1925.5 763.769 1133.3 -1899.12 765.283 1127.79 -1881.51 753.297 1167.59 -1868.55 754.042 1173.1 -1886.16 766.028 1212.9 -1873.2 766.772 1207.39 -1855.59 754.786 1247.19 -1842.62 755.531 1252.7 -1860.23 767.517 1307.25 -1842.46 768.537 1306.72 -1836.27 764.63 1248.23 -1836.27 751.868 1250.57 -1817.94 741.152 1131.78 -1817.94 715.235 1129.44 -1836.27 725.951 1010.65 -1836.27 700.034 1012.99 -1817.94 689.318 894.195 -1817.94 663.401 891.857 -1836.27 674.117 773.067 -1836.27 648.2 775.405 -1817.94 637.484 656.614 -1817.94 611.567 654.276 -1836.27 622.283 535.486 -1836.27 596.366 537.823 -1817.94 585.65 419.033 -1817.94 559.733 416.695 -1836.27 570.448 297.904 -1836.27 544.531 300.242 -1817.94 533.816 181.452 -1817.94 507.899 179.114 -1836.27 518.614 98.4974 -1836.27 501.026
  poly 1: 113.934 -1834.65 479.545 150.826 -1872.42 510.725 135.097 -1884.51 514.694 139.823 -1889.34 518.689 155.552 -1877.26 514.719 160.278 -1882.1 518.713 144.549 -1894.18 522.683 149.275 -1899.02 526.677 165.004 -1886.93 522.707 201.625 -1924.43 553.657 254.809 -1924.43 565.261 254.809 -1924.43 565.261 360.997 -1924.43 588.428 358.617 -1943.09 599.336 464.805 -1943.09 622.503 467.185 -1924.43 611.596 573.373 -1924.43 634.763 570.993 -1943.09 645.671 677.181 -1943.09 668.838 679.56 -1924.43 657.931 785.748 -1924.43 681.098 783.368 -1943.09 692.006 889.556 -1943.09 715.173 891.936 -1924.43 704.266 998.124 -1924.43 727.433 998.124 -1924.43 727.433 1056.05 -1924.43 740.072 1133.75 -1899.12 741.525 1133.75 -1899.12 741.525 1173.55 -1886.16 742.27 1179.06 -1903.77 754.256 1218.86 -1890.8 755.001 1213.35 -1873.2 743.015 1253.15 -1860.23 743.759 1253.15 -1860.23 743.759 1312.68 -1840.84 744.873 1312.15 -1834.65 740.965 1253.4 -1834.65 728.148 1253.4 -1834.65 728.148 1134.61 -1834.65 702.231 1132.28 -1852.98 712.946 1013.49 -1852.98 687.029 1015.82 -1834.65 676.314 897.033 -1834.65 650.397 894.695 -1852.98 661.112 775.904 -1852.98 635.195 778.242 -1834.65 624.48 659.451 -1834.65 598.563 657.114 -1852.98 609.278 538.323 -1852.98 583.361 540.661 -1834.65 572.646 421.87 -1834.65 546.729 419.532 -1852.98 557.444 300.742 -1852.98 531.527 303.08 -1834.65 520.812 184.289 -1834.65 494.894 184.289 -1834.65 494.894 113.934 -1834.65 479.545
element 20
  poly 0: 182.302 -1925.5 573.951 132.831 -1967.2 532.14 132.831 -1967.2 532.14 131.258 -1968.53 530.81 146.2 -1980.56 525.127 144.628 -1981.88 523.798 129.685 -1969.86 529.481 128.113 -1971.18 528.152 128.113 -1971.18 528.152 89.2453 -2003.95 495.303 95.9426 -2014.78 488.712 162.272 -2014.78 503.183 162.272 -2014.78 503.183 289.669 -2014.78 530.978 292.347 -2032.07 518.701 419.744 -2032.07 546.495 417.065 -2014.78 558.773 544.462 -2014.78 586.567 547.14 -2032.07 574.29 674.537 -2032.07 602.084 671.858 -2014.78 614.362 799.254 -2014.78 642.157 801.933 -2032.07 629.879 929.33 -2032.07 657.674 926.651 -2014.78 669.951 1054.05 -2014.78 697.746 1056.73 -2032.07 685.468 1184.12 -2032.07 713.263 1181.44 -2014.78 725.541 1308.84 -2014.78 753.335 1308.84 -2014.78 753.335 1372.9 -2014.78 767.311 1373.12 -2009.6 771.213 1314.12 -1993.77 770.109 1310.1 -2009.64 757.429 1249.01 -1993.26 756.286 1253.03 -1977.39 768.966 1191.94 -1961 767.823 1187.92 -1976.87 755.144 1126.83 -1960.49 754.001 1130.85 -1944.62 766.681 1059.57 -1925.5 765.347 993.02 -1925.5 750.828 993.02 -1925.5 750.828 886.832 -1925.5 727.661 889.556 -1943.09 715.173 783.368 -1943.09 692.006 780.644 -1925.5 704.493 674.456 -1925.5 681.326 677.181 -1943.09 668.838 570.993 -1943.09 645.671 568.268 -1925.5 658.159 462.08 -1925.5 634.991 464.805 -1943.09 622.503 358.617 -1943.09 599.336 355.893 -1925.5 611.824 249.705 -1925.5 588.656 249.705 -1925.5 588.656 182.302 -1925.5 573.951
  poly 1: 201.625 -1924.43 553.657 150.887 -1967.2 510.775 135.944 -1955.18 516.459 134.372 -1956.5 515.13 149.314 -1968.53 509.446 147.741 -1969.86 508.117 132.799 -1957.83 513.801 131.226 -1959.16 512.472 146.169 -1971.18 506.788 107.978 -2003.38 474.511 114.675 -2014.21 467.92 167.454 -2014.21 479.435 164.775 -1996.91 491.712 292.171 -1996.91 519.507 294.85 -2014.21 507.229 422.246 -2014.21 535.024 419.568 -1996.91 547.302 546.964 -1996.91 575.096 549.643 -2014.21 562.819 677.039 -2014.21 590.613 674.361 -1996.91 602.891 801.757 -1996.91 630.686 804.436 -2014.21 618.408 931.832 -2014.21 646.203 929.154 -1996.91 658.48 1056.55 -1996.91 686.275 1059.23 -2014.21 673.997 1186.63 -2014.21 701.792 1183.95 -1996.91 714.069 1311.34 -1996.91 741.864 1314.02 -2014.21 729.587 1371.24 -2014.21 742.071 1371.47 -2009.03 745.973 1314.59 -1993.77 744.908 1314.59 -1993.77 744.908 1253.5 -1977.39 743.766 1257.52 -1961.52 756.446 1196.43 -1945.13 755.303 1192.41 -1961 742.623 1131.32 -1944.62 741.48 1131.32 -1944.62 741.48 1056.05 -1924.43 740.072 998.124 -1924.43 727.433 995.399 -1906.84 739.921 889.212 -1906.84 716.753 891.936 -1924.43 704.266 785.748 -1924.43 681.098 783.024 -1906.84 693.586 676.836 -1906.84 670.418 679.56 -1924.43 657.931 573.373 -1924.43 634.763 570.648 -1906.84 647.251 464.46 -1906.84 624.083 467.185 -1924.43 611.596 360.997 -1924.43 588.428 358.272 -1906.84 600.916 252.085 -1906.84 577.748 254.809 -1924.43 565.261 201.625 -1924.43 553.657
element 21
  poly 0: 97.8083 -2014.78 489.119 90.7119 -2026.38 495.373 173.988 -2104 565.754 238.79 -2104 579.892 241.339 -2085.8 568.207 353.884 -2085.8 592.761 351.335 -2104 604.447 463.88 -2104 629.001 466.43 -2085.8 617.316 578.975 -2085.8 641.87 576.425 -2104 653.556 688.971 -2104 678.11 691.52 -2085.8 666.425 804.065 -2085.8 690.979 801.516 -2104 702.665 914.061 -2104 727.219 916.611 -2085.8 715.534 1029.16 -2085.8 740.088 1026.61 -2104 751.774 1087.53 -2104 765.065 1164.28 -2081.24 766.501 1159.55 -2064.5 754.21 1209.02 -2049.83 755.136 1213.75 -2066.57 767.426 1263.21 -2051.9 768.352 1258.48 -2035.17 756.061 1307.94 -2020.5 756.986 1312.68 -2037.23 769.277 1369.23 -2020.46 770.335 1368.86 -2014.78 766.43 1308.84 -2014.78 753.335 1311.34 -1996.91 741.864 1183.95 -1996.91 714.069 1181.44 -2014.78 725.541 1054.05 -2014.78 697.746 1056.55 -1996.91 686.275 929.154 -1996.91 658.48 926.651 -2014.78 669.951 799.254 -2014.78 642.157 801.757 -1996.91 630.686 674.361 -1996.91 602.891 671.858 -2014.78 614.362 544.462 -2014.78 586.567 546.964 -1996.91 575.096 419.568 -1996.91 547.302 417.065 -2014.78 558.773 289.669 -2014.78 530.978 292.171 -1996.91 519.507 164.775 -1996.91 491.712 162.272 -2014.78 503.183 97.8083 -2014.78 489.119
  poly 1: 114.675 -2014.21 467.92 107.579 -2025.81 474.174 191.452 -2103.99 545.06 243.893 -2103.99 556.501 243.893 -2103.99 556.501 356.438 -2103.99 581.056 353.889 -2122.19 592.741 466.434 -2122.19 617.295 468.984 -2103.99 605.61 581.529 -2103.99 630.164 578.979 -2122.19 641.85 691.525 -2122.19 666.404 694.074 -2103.99 654.719 806.619 -2103.99 679.273 804.07 -2122.19 690.959 916.615 -2122.19 715.513 919.164 -2103.99 703.828 1031.71 -2103.99 728.382 1031.71 -2103.99 728.382 1088.03 -2103.99 740.67 1164.74 -2081.24 742.105 1164.74 -2081.24 742.105 1214.21 -2066.57 743.031 1218.94 -2083.31 755.321 1268.4 -2068.64 756.247 1263.67 -2051.9 743.956 1313.13 -2037.23 744.881 1313.13 -2037.23 744.881 1371.61 -2019.89 745.975 1371.24 -2014.21 742.071 1314.02 -2014.21 729.587 1314.02 -2014.21 729.587 1186.63 -2014.21 701.792 1184.12 -2032.07 713.263 1056.73 -2032.07 685.468 1059.23 -2014.21 673.997 931.832 -2014.21 646.203 929.33 -2032.07 657.674 801.933 -2032.07 629.879 804.436 -2014.21 618.408 677.039 -2014.21 590.613 674.537 -2032.07 602.084 547.14 -2032.07 574.29 549.643 -2014.21 562.819 422.246 -2014.21 535.024 419.744 -2032.07 546.495 292.347 -2032.07 518.701 294.85 -2014.21 507.229 167.454 -2014.21 479.435 167.454 -2014.21 479.435 114.675 -2014.21 467.92
element 22
  poly 0: 173.945 -2104 565.745 90.4408 -2181.64 495.171 97.5266 -2193.22 488.908 162.009 -2193.22 502.977 162.009 -2193.22 502.977 289.524 -2193.22 530.797 292.031 -2211.07 519.307 419.546 -2211.07 547.128 417.039 -2193.22 558.618 544.554 -2193.22 586.438 547.061 -2211.07 574.948 674.576 -2211.07 602.769 672.07 -2193.22 614.259 799.585 -2193.22 642.079 802.092 -2211.07 630.59 929.607 -2211.07 658.41 927.1 -2193.22 669.9 1054.62 -2193.22 697.72 1057.12 -2211.07 686.231 1184.64 -2211.07 714.051 1182.13 -2193.22 725.541 1309.65 -2193.22 753.361 1309.65 -2193.22 753.361 1369.7 -2193.22 766.465 1370.07 -2187.55 770.369 1313.47 -2170.81 769.31 1308.75 -2187.52 757.011 1259.02 -2172.81 756.08 1263.73 -2156.09 768.38 1213.99 -2141.38 767.449 1209.28 -2158.09 755.15 1159.54 -2143.38 754.219 1164.25 -2126.67 766.519 1087.62 -2104 765.085 1026.61 -2104 751.774 1026.61 -2104 751.774 914.061 -2104 727.219 916.615 -2122.19 715.513 804.07 -2122.19 690.959 801.516 -2104 702.665 688.971 -2104 678.11 691.525 -2122.19 666.404 578.979 -2122.19 641.85 576.425 -2104 653.556 463.88 -2104 629.001 466.434 -2122.19 617.295 353.889 -2122.19 592.741 351.335 -2104 604.447 238.79 -2104 579.892 238.79 -2104 579.892 173.945 -2104 565.745
  poly 1: 191.452 -2103.99 545.06 107.345 -2182.19 473.976 114.431 -2193.77 467.713 167.191 -2193.77 479.224 164.684 -2175.92 490.714 292.199 -2175.92 518.534 294.706 -2193.77 507.045 422.221 -2193.77 534.865 419.715 -2175.92 546.355 547.23 -2175.92 574.176 549.737 -2193.77 562.686 677.252 -2193.77 590.506 674.745 -2175.92 601.996 802.26 -2175.92 629.817 804.767 -2193.77 618.327 932.282 -2193.77 646.147 929.775 -2175.92 657.637 1057.29 -2175.92 685.458 1059.8 -2193.77 673.968 1187.31 -2193.77 701.789 1184.81 -2175.92 713.278 1312.32 -2175.92 741.099 1314.83 -2193.77 729.609 1372.01 -2193.77 742.085 1372.38 -2188.09 745.989 1313.92 -2170.81 744.896 1313.92 -2170.81 744.896 1264.19 -2156.09 743.966 1268.9 -2139.38 756.265 1219.16 -2124.67 755.335 1214.45 -2141.38 743.035 1164.71 -2126.67 742.105 1164.71 -2126.67 742.105 1088.03 -2103.99 740.67 1031.71 -2103.99 728.382 1029.16 -2085.8 740.088 916.611 -2085.8 715.534 919.164 -2103.99 703.828 806.619 -2103.99 679.273 804.065 -2085.8 690.979 691.52 -2085.8 666.425 694.074 -2103.99 654.719 581.529 -2103.99 630.164 578.975 -2085.8 641.87 466.43 -2085.8 617.316 468.984 -2103.99 605.61 356.438 -2103.99 581.056 353.884 -2085.8 592.761 241.339 -2085.8 568.207 243.893 -2103.99 556.501 191.452 -2103.99 545.06
element 23
  poly 0: 95.7371 -2193.22 488.518 89.0337 -2204.06 495.104 127.868 -2236.85 527.925 127.868 -2236.85 527.925 129.39 -2238.14 529.211 144.338 -2226.11 523.543 145.86 -2227.4 524.829 130.912 -2239.42 530.498 132.434 -2240.71 531.784 132.434 -2240.71 531.784 181.92 -2282.5 573.607 249.273 -2282.5 588.302 251.995 -2264.9 575.828 358.436 -2264.9 599.051 355.714 -2282.5 611.524 462.155 -2282.5 634.747 464.877 -2264.9 622.273 571.318 -2264.9 645.496 568.597 -2282.5 657.97 675.038 -2282.5 681.193 677.759 -2264.9 668.719 784.2 -2264.9 691.942 781.479 -2282.5 704.415 887.92 -2282.5 727.638 890.642 -2264.9 715.164 997.083 -2264.9 738.387 994.361 -2282.5 750.861 1060.8 -2282.5 765.356 1132.2 -2263.32 766.692 1128.16 -2247.43 754.019 1189.05 -2231.08 755.158 1193.08 -2246.96 767.831 1253.97 -2230.6 768.97 1249.94 -2214.72 756.297 1310.82 -2198.36 757.436 1314.85 -2214.25 770.109 1373.8 -2198.41 771.211 1373.58 -2193.22 767.309 1309.65 -2193.22 753.361 1312.32 -2175.92 741.099 1184.81 -2175.92 713.278 1182.13 -2193.22 725.541 1054.62 -2193.22 697.72 1057.29 -2175.92 685.458 929.775 -2175.92 657.637 927.1 -2193.22 669.9 799.585 -2193.22 642.079 802.26 -2175.92 629.817 674.745 -2175.92 601.996 672.07 -2193.22 614.259 544.554 -2193.22 586.438 547.23 -2175.92 574.176 419.715 -2175.92 546.355 417.039 -2193.22 558.618 289.524 -2193.22 530.797 292.199 -2175.92 518.534 164.684 -2175.92 490.714 162.009 -2193.22 502.977 95.7371 -2193.22 488.518
  poly 1: 114.431 -2193.77 467.713 107.727 -2204.61 474.299 145.914 -2236.85 506.573 130.967 -2248.88 512.242 132.489 -2250.17 513.528 147.436 -2238.14 507.859 148.958 -2239.42 509.146 134.011 -2251.45 514.814 135.533 -2252.74 516.101 150.48 -2240.71 510.432 201.207 -2283.55 553.304 254.378 -2283.55 564.904 254.378 -2283.55 564.904 360.819 -2283.55 588.127 358.097 -2301.15 600.601 464.539 -2301.15 623.824 467.26 -2283.55 611.35 573.701 -2283.55 634.573 570.98 -2301.15 647.046 677.421 -2301.15 670.269 680.142 -2283.55 657.795 786.584 -2283.55 681.018 783.862 -2301.15 693.492 890.303 -2301.15 716.715 893.025 -2283.55 704.241 999.466 -2283.55 727.464 999.466 -2283.55 727.464 1057.37 -2283.55 740.097 1132.67 -2263.32 741.505 1132.67 -2263.32 741.505 1193.55 -2246.96 742.644 1197.58 -2262.85 755.317 1258.47 -2246.49 756.456 1254.44 -2230.6 743.783 1315.32 -2214.25 744.922 1315.32 -2214.25 744.922 1372.24 -2198.96 745.987 1372.01 -2193.77 742.085 1314.83 -2193.77 729.609 1314.83 -2193.77 729.609 1187.31 -2193.77 701.789 1184.64 -2211.07 714.051 1057.12 -2211.07 686.231 1059.8 -2193.77 673.968 932.282 -2193.77 646.147 929.607 -2211.07 658.41 802.092 -2211.07 630.59 804.767 -2193.77 618.327 677.252 -2193.77 590.506 674.576 -2211.07 602.769 547.061 -2211.07 574.948 549.737 -2193.77 562.686 422.221 -2193.77 534.865 419.546 -2211.07 547.128 292.031 -2211.07 519.307 294.706 -2193.77 507.045 167.191 -2193.77 479.224 167.191 -2193.77 479.224 114.431 -2193.77 467.713
element 24
  poly 0: 185.202 -2282.5 574.323 147.535 -2320.98 542.489 147.535 -2320.98 542.489 142.759 -2325.86 538.452 158.479 -2337.95 534.465 153.702 -2342.83 530.428 137.983 -2330.74 534.416 133.206 -2335.62 530.379 133.206 -2335.62 530.379 97.8519 -2371.75 500.499 178.574 -2371.75 518.11 178.574 -2371.75 518.11 297.64 -2371.75 544.087 299.982 -2390.08 533.349 419.048 -2390.08 559.326 416.706 -2371.75 570.065 535.772 -2371.75 596.042 538.114 -2390.08 585.303 657.18 -2390.08 611.28 654.838 -2371.75 622.019 773.903 -2371.75 647.996 776.246 -2390.08 637.257 895.312 -2390.08 663.234 892.969 -2371.75 673.973 1012.04 -2371.75 699.95 1014.38 -2390.08 689.212 1133.44 -2390.08 715.189 1131.1 -2371.75 725.927 1250.17 -2371.75 751.904 1250.17 -2371.75 751.904 1308.72 -2371.75 764.68 1309.25 -2365.57 768.587 1254.62 -2347.81 767.566 1249.13 -2365.4 755.573 1209.12 -2352.4 754.825 1214.62 -2334.81 766.817 1174.61 -2321.8 766.069 1169.12 -2339.39 754.077 1129.11 -2326.39 753.328 1134.61 -2308.8 765.32 1053.7 -2282.5 763.807 994.361 -2282.5 750.861 994.361 -2282.5 750.861 887.92 -2282.5 727.638 890.303 -2301.15 716.715 783.862 -2301.15 693.492 781.479 -2282.5 704.415 675.038 -2282.5 681.193 677.421 -2301.15 670.269 570.98 -2301.15 647.046 568.597 -2282.5 657.97 462.155 -2282.5 634.747 464.539 -2301.15 623.824 358.097 -2301.15 600.601 355.714 -2282.5 611.524 249.273 -2282.5 588.302 249.273 -2282.5 588.302 185.202 -2282.5 574.323
  poly 1: 201.207 -2283.55 553.304 164.567 -2320.98 522.337 148.847 -2308.9 526.325 144.071 -2313.78 522.288 159.79 -2325.86 518.301 155.014 -2330.74 514.264 139.294 -2318.66 518.251 134.518 -2323.54 514.215 150.238 -2335.62 510.227 113.338 -2373.33 479.041 183.746 -2373.33 494.402 181.403 -2354.99 505.141 300.469 -2354.99 531.118 302.812 -2373.33 520.379 421.878 -2373.33 546.357 419.535 -2354.99 557.095 538.601 -2354.99 583.072 540.944 -2373.33 572.334 660.01 -2373.33 598.311 657.667 -2354.99 609.049 776.733 -2354.99 635.027 779.076 -2373.33 624.288 898.142 -2373.33 650.265 895.799 -2354.99 661.004 1014.87 -2354.99 686.981 1017.21 -2373.33 676.242 1136.27 -2373.33 702.219 1133.93 -2354.99 712.958 1253 -2354.99 738.935 1255.34 -2373.33 728.196 1314.03 -2373.33 741 1314.55 -2367.14 744.908 1255.07 -2347.81 743.795 1255.07 -2347.81 743.795 1215.06 -2334.81 743.047 1220.56 -2317.22 755.039 1180.55 -2304.21 754.29 1175.06 -2321.8 742.298 1135.05 -2308.8 741.55 1135.05 -2308.8 741.55 1057.37 -2283.55 740.097 999.466 -2283.55 727.464 997.083 -2264.9 738.387 890.642 -2264.9 715.164 893.025 -2283.55 704.241 786.584 -2283.55 681.018 784.2 -2264.9 691.942 677.759 -2264.9 668.719 680.142 -2283.55 657.795 573.701 -2283.55 634.573 571.318 -2264.9 645.496 464.877 -2264.9 622.273 467.26 -2283.55 611.35 360.819 -2283.55 588.127 358.436 -2264.9 599.051 251.995 -2264.9 575.828 254.378 -2283.55 564.904 201.207 -2283.55 553.304
element 25
  poly 0: 112.199 -2371.75 503.629 105.812 -2381.92 510.482 146.293 -2413.21 544.695 146.293 -2413.21 544.695 150.684 -2416.61 548.406 165.387 -2404.67 541.931 169.778 -2408.06 545.642 155.075 -2420 552.117 159.465 -2423.4 555.828 159.465 -2423.4 555.828 208.318 -2461.17 597.116 278.046 -2461.17 612.329 280.911 -2444.21 599.198 370.389 -2444.21 618.719 367.524 -2461.17 631.85 457.001 -2461.17 651.372 459.866 -2444.21 638.241 549.344 -2444.21 657.763 546.479 -2461.17 670.894 635.957 -2461.17 690.415 638.822 -2444.21 677.285 728.299 -2444.21 696.806 725.434 -2461.17 709.937 814.912 -2461.17 729.459 817.777 -2444.21 716.328 907.255 -2444.21 735.85 904.39 -2461.17 748.981 975.951 -2461.17 764.593 1041.8 -2444.97 765.825 1038.31 -2429.79 752.75 1110.58 -2412.01 754.102 1114.08 -2427.19 767.177 1186.35 -2409.42 768.529 1182.86 -2394.23 755.454 1255.13 -2376.46 756.806 1258.62 -2391.64 769.881 1320.08 -2376.52 771.031 1319.96 -2371.75 767.131 1250.17 -2371.75 751.904 1253 -2354.99 738.935 1133.93 -2354.99 712.958 1131.1 -2371.75 725.927 1012.04 -2371.75 699.95 1014.87 -2354.99 686.981 895.799 -2354.99 661.004 892.969 -2371.75 673.973 773.903 -2371.75 647.996 776.733 -2354.99 635.027 657.667 -2354.99 609.049 654.838 -2371.75 622.019 535.772 -2371.75 596.042 538.601 -2354.99 583.072 419.535 -2354.99 557.095 416.706 -2371.75 570.065 297.64 -2371.75 544.087 300.469 -2354.99 531.118 181.403 -2354.99 505.141 178.574 -2371.75 518.11 112.199 -2371.75 503.629
  poly 1: 132.878 -2373.33 483.304 126.491 -2383.5 490.158 164.93 -2413.21 522.644 150.227 -2425.15 529.119 154.617 -2428.55 532.829 169.32 -2416.61 526.355 173.711 -2420 530.066 159.008 -2431.94 536.54 163.399 -2435.34 540.251 178.102 -2423.4 533.777 229.461 -2463.11 577.183 283.158 -2463.11 588.899 283.158 -2463.11 588.899 372.636 -2463.11 608.42 369.771 -2480.07 621.551 459.248 -2480.07 641.073 462.113 -2463.11 627.942 551.591 -2463.11 647.464 548.726 -2480.07 660.595 638.204 -2480.07 680.116 641.069 -2463.11 666.985 730.546 -2463.11 686.507 727.681 -2480.07 699.638 817.159 -2480.07 719.16 820.024 -2463.11 706.029 909.502 -2463.11 725.551 909.502 -2463.11 725.551 968.558 -2463.11 738.435 1042.29 -2444.97 739.815 1042.29 -2444.97 739.815 1114.56 -2427.19 741.167 1118.05 -2442.38 754.242 1190.32 -2424.6 755.594 1186.83 -2409.42 742.519 1259.1 -2391.64 743.871 1259.1 -2391.64 743.871 1314.15 -2378.1 744.9 1314.03 -2373.33 741 1255.34 -2373.33 728.196 1255.34 -2373.33 728.196 1136.27 -2373.33 702.219 1133.44 -2390.08 715.189 1014.38 -2390.08 689.212 1017.21 -2373.33 676.242 898.142 -2373.33 650.265 895.312 -2390.08 663.234 776.246 -2390.08 637.257 779.076 -2373.33 624.288 660.01 -2373.33 598.311 657.18 -2390.08 611.28 538.114 -2390.08 585.303 540.944 -2373.33 572.334 421.878 -2373.33 546.357 419.048 -2390.08 559.326 299.982 -2390.08 533.349 302.812 -2373.33 520.379 183.746 -2373.33 494.402 183.746 -2373.33 494.402 132.878 -2373.33 483.304
element 26
  poly 0: 214.501 -2461.17 598.465 176.745 -2502.64 566.555 176.745 -2502.64 566.555 173.546 -2506.15 563.852 189.629 -2518.2 560.482 186.43 -2521.71 557.778 170.347 -2509.66 561.148 167.147 -2513.18 558.444 167.147 -2513.18 558.444 133.083 -2550.59 529.654 212.201 -2550.59 546.916 212.201 -2550.59 546.916 315.429 -2550.59 569.438 317.651 -2569.28 559.252 420.88 -2569.28 581.774 418.657 -2550.59 591.959 521.885 -2550.59 614.481 524.108 -2569.28 604.295 627.336 -2569.28 626.817 625.114 -2550.59 637.003 728.342 -2550.59 659.524 730.564 -2569.28 649.339 833.792 -2569.28 671.861 831.57 -2550.59 682.046 934.798 -2550.59 704.568 937.02 -2569.28 694.382 1040.25 -2569.28 716.904 1038.03 -2550.59 727.09 1141.25 -2550.59 749.611 1141.25 -2550.59 749.611 1198.95 -2550.59 762.199 1199.61 -2544 766.109 1146.26 -2525.35 765.111 1140.09 -2543.65 753.32 1106.8 -2532.02 752.697 1112.98 -2513.72 764.489 1079.69 -2502.09 763.866 1073.52 -2520.39 752.075 1040.23 -2508.76 751.452 1046.41 -2490.46 763.243 962.575 -2461.17 761.675 904.39 -2461.17 748.981 904.39 -2461.17 748.981 814.912 -2461.17 729.459 817.159 -2480.07 719.16 727.681 -2480.07 699.638 725.434 -2461.17 709.937 635.957 -2461.17 690.415 638.204 -2480.07 680.116 548.726 -2480.07 660.595 546.479 -2461.17 670.894 457.001 -2461.17 651.372 459.248 -2480.07 641.073 369.771 -2480.07 621.551 367.524 -2461.17 631.85 278.046 -2461.17 612.329 278.046 -2461.17 612.329 214.501 -2461.17 598.465
  poly 1: 229.461 -2463.11 577.183 193.471 -2502.64 546.766 177.387 -2490.59 550.135 174.188 -2494.1 547.432 190.271 -2506.15 544.062 187.072 -2509.66 541.358 170.989 -2497.61 544.728 167.79 -2501.13 542.024 183.873 -2513.18 538.654 147.72 -2552.89 508.099 217.355 -2552.89 523.292 215.133 -2534.19 533.477 318.361 -2534.19 555.999 320.583 -2552.89 545.814 423.811 -2552.89 568.335 421.589 -2534.19 578.521 524.817 -2534.19 601.043 527.04 -2552.89 590.857 630.268 -2552.89 613.379 628.045 -2534.19 623.564 731.274 -2534.19 646.086 733.496 -2552.89 635.9 836.724 -2552.89 658.422 834.502 -2534.19 668.608 937.73 -2534.19 691.13 939.952 -2552.89 680.944 1043.18 -2552.89 703.466 1040.96 -2534.19 713.651 1144.19 -2534.19 736.173 1146.41 -2552.89 725.987 1205.95 -2552.89 738.979 1206.62 -2546.29 742.889 1146.7 -2525.35 741.768 1146.7 -2525.35 741.768 1113.41 -2513.72 741.145 1119.59 -2495.43 752.936 1086.3 -2483.79 752.314 1080.13 -2502.09 740.522 1046.84 -2490.46 739.9 1046.84 -2490.46 739.9 968.558 -2463.11 738.435 909.502 -2463.11 725.551 907.255 -2444.21 735.85 817.777 -2444.21 716.328 820.024 -2463.11 706.029 730.546 -2463.11 686.507 728.299 -2444.21 696.806 638.822 -2444.21 677.285 641.069 -2463.11 666.985 551.591 -2463.11 647.464 549.344 -2444.21 657.763 459.866 -2444.21 638.241 462.113 -2463.11 627.942 372.636 -2463.11 608.42 370.389 -2444.21 618.719 280.911 -2444.21 599.198 283.158 -2463.11 588.899 229.461 -2463.11 577.183
element 27
  poly 0: 145.054 -2550.59 532.266 138.854 -2560.33 539.277 180.445 -2590.71 574.429 180.445 -2590.71 574.429 186.93 -2595.44 579.909 201.519 -2583.58 572.903 208.003 -2588.31 578.384 193.414 -2600.18 585.39 199.899 -2604.92 590.87 199.899 -2604.92 590.87 248.242 -2640.22 631.728 319.486 -2640.22 647.271 322.433 -2623.74 633.763 413.394 -2623.74 653.609 410.447 -2640.22 667.117 501.409 -2640.22 686.962 504.356 -2623.74 673.454 595.317 -2623.74 693.3 592.37 -2640.22 706.807 683.332 -2640.22 726.653 686.279 -2623.74 713.145 777.24 -2623.74 732.991 774.293 -2640.22 746.498 849.1 -2640.22 762.819 911.238 -2625.78 763.982 908.058 -2611.02 750.613 988.319 -2592.37 752.114 991.499 -2607.14 765.483 1071.76 -2588.49 766.985 1068.58 -2573.72 753.616 1148.84 -2555.08 755.117 1152.02 -2569.84 768.486 1215.39 -2555.12 769.672 1215.33 -2550.59 765.773 1141.25 -2550.59 749.611 1144.19 -2534.19 736.173 1040.96 -2534.19 713.651 1038.03 -2550.59 727.09 934.798 -2550.59 704.568 937.73 -2534.19 691.13 834.502 -2534.19 668.608 831.57 -2550.59 682.046 728.342 -2550.59 659.524 731.274 -2534.19 646.086 628.045 -2534.19 623.564 625.114 -2550.59 637.003 521.885 -2550.59 614.481 524.817 -2534.19 601.043 421.589 -2534.19 578.521 418.657 -2550.59 591.959 315.429 -2550.59 569.438 318.361 -2534.19 555.999 215.133 -2534.19 533.477 212.201 -2550.59 546.916 145.054 -2550.59 532.266
  poly 1: 167.26 -2552.89 512.362 161.06 -2562.63 519.374 199.511 -2590.71 551.87 184.922 -2602.58 558.876 191.406 -2607.31 564.357 205.995 -2595.44 557.351 212.48 -2600.18 562.831 197.891 -2612.05 569.837 204.376 -2616.78 575.318 218.964 -2604.92 568.312 270.653 -2642.67 611.996 324.613 -2642.67 623.769 324.613 -2642.67 623.769 415.575 -2642.67 643.615 412.628 -2659.15 657.122 503.589 -2659.15 676.968 506.536 -2642.67 663.46 597.498 -2642.67 683.306 594.551 -2659.15 696.813 685.512 -2659.15 716.659 688.459 -2642.67 703.151 779.42 -2642.67 722.996 779.42 -2642.67 722.996 839.082 -2642.67 736.013 911.736 -2625.78 737.372 911.736 -2625.78 737.372 991.997 -2607.14 738.874 995.177 -2621.9 752.243 1075.44 -2603.25 753.744 1072.26 -2588.49 740.375 1152.52 -2569.84 741.877 1152.52 -2569.84 741.877 1206.02 -2557.41 742.877 1205.95 -2552.89 738.979 1146.41 -2552.89 725.987 1146.41 -2552.89 725.987 1043.18 -2552.89 703.466 1040.25 -2569.28 716.904 937.02 -2569.28 694.382 939.952 -2552.89 680.944 836.724 -2552.89 658.422 833.792 -2569.28 671.861 730.564 -2569.28 649.339 733.496 -2552.89 635.9 630.268 -2552.89 613.379 627.336 -2569.28 626.817 524.108 -2569.28 604.295 527.04 -2552.89 590.857 423.811 -2552.89 568.335 420.88 -2569.28 581.774 317.651 -2569.28 559.252 320.583 -2552.89 545.814 217.355 -2552.89 523.292 217.355 -2552.89 523.292 167.26 -2552.89 512.362
element 28
  poly 0: 256.204 -2640.22 633.465 218.323 -2683.16 601.449 218.323 -2683.16 601.449 215.739 -2686.08 599.265 231.99 -2698.11 596.16 229.406 -2701.04 593.976 213.155 -2689.01 597.081 210.571 -2691.94 594.897 210.571 -2691.94 594.897 177.012 -2729.98 566.535 255.791 -2729.98 583.722 255.791 -2729.98 583.722 362.636 -2729.98 607.033 364.815 -2748.89 597.047 471.66 -2748.89 620.358 469.482 -2729.98 630.344 576.327 -2729.98 653.655 578.506 -2748.89 643.669 685.351 -2748.89 666.98 683.173 -2729.98 676.966 790.018 -2729.98 700.277 792.197 -2748.89 690.291 899.042 -2748.89 713.601 896.863 -2729.98 723.588 1003.71 -2729.98 746.899 1003.71 -2729.98 746.899 1061.26 -2729.98 759.454 1061.99 -2723.19 763.366 1008.97 -2704.08 762.374 1002.48 -2722.69 750.661 971.917 -2711.67 750.089 978.409 -2693.06 761.802 947.846 -2682.04 761.23 941.354 -2700.65 749.518 910.79 -2689.63 748.946 917.282 -2671.02 760.659 831.873 -2640.22 759.061 774.293 -2640.22 746.498 774.293 -2640.22 746.498 683.332 -2640.22 726.653 685.512 -2659.15 716.659 594.551 -2659.15 696.813 592.37 -2640.22 706.807 501.409 -2640.22 686.962 503.589 -2659.15 676.968 412.628 -2659.15 657.122 410.447 -2640.22 667.117 319.486 -2640.22 647.271 319.486 -2640.22 647.271 256.204 -2640.22 633.465
  poly 1: 270.653 -2642.67 611.996 234.927 -2683.16 581.803 218.677 -2671.13 584.908 216.092 -2674.06 582.724 232.343 -2686.08 579.619 229.759 -2689.01 577.435 213.508 -2676.99 580.54 210.924 -2679.92 578.356 227.175 -2691.94 575.251 191.439 -2732.45 545.048 260.921 -2732.45 560.207 258.742 -2713.53 570.194 365.588 -2713.53 593.505 367.766 -2732.45 583.518 474.612 -2732.45 606.829 472.433 -2713.53 616.816 579.279 -2713.53 640.127 581.457 -2732.45 630.14 688.303 -2732.45 653.451 686.124 -2713.53 663.438 792.97 -2713.53 686.749 795.148 -2732.45 676.762 901.994 -2732.45 700.073 899.815 -2713.53 710.06 1006.66 -2713.53 733.371 1008.84 -2732.45 723.384 1068.53 -2732.45 736.408 1069.26 -2725.66 740.319 1009.41 -2704.08 739.199 1009.41 -2704.08 739.199 978.843 -2693.06 738.628 985.335 -2674.45 750.34 954.771 -2663.43 749.769 948.279 -2682.04 738.056 917.716 -2671.02 737.484 917.716 -2671.02 737.484 839.082 -2642.67 736.013 779.42 -2642.67 722.996 777.24 -2623.74 732.991 686.279 -2623.74 713.145 688.459 -2642.67 703.151 597.498 -2642.67 683.306 595.317 -2623.74 693.3 504.356 -2623.74 673.454 506.536 -2642.67 663.46 415.575 -2642.67 643.615 413.394 -2623.74 653.609 322.433 -2623.74 633.763 324.613 -2642.67 623.769 270.653 -2642.67 611.996
element 29
  poly 0: 188.491 -2729.98 569.039 182.303 -2739.69 576.061 224.057 -2770.07 611.35 224.057 -2770.07 611.35 230.692 -2774.89 616.957 245.274 -2763.03 609.914 251.909 -2767.86 615.522 237.326 -2779.72 622.564 243.961 -2784.55 628.172 243.961 -2784.55 628.172 292.522 -2819.87 669.213 363.611 -2819.87 684.723 366.551 -2803.49 671.248 457.146 -2803.49 691.014 454.207 -2819.87 704.489 544.803 -2819.87 724.254 547.742 -2803.49 710.78 638.338 -2803.49 730.545 635.398 -2819.87 744.02 709.82 -2819.87 760.257 772.502 -2805.37 761.429 769.342 -2790.63 748.039 850.168 -2771.92 749.551 853.328 -2786.66 762.941 934.154 -2767.95 764.453 930.994 -2753.22 751.063 1011.82 -2734.51 752.575 1014.98 -2749.25 765.965 1078.76 -2734.49 767.158 1078.7 -2729.98 763.26 1003.71 -2729.98 746.899 1006.66 -2713.53 733.371 899.815 -2713.53 710.06 896.863 -2729.98 723.588 790.018 -2729.98 700.277 792.97 -2713.53 686.749 686.124 -2713.53 663.438 683.173 -2729.98 676.966 576.327 -2729.98 653.655 579.279 -2713.53 640.127 472.433 -2713.53 616.816 469.482 -2729.98 630.344 362.636 -2729.98 607.033 365.588 -2713.53 593.505 258.742 -2713.53 570.194 255.791 -2729.98 583.722 188.491 -2729.98 569.039
  poly 1: 210.979 -2732.45 549.311 204.791 -2742.16 556.333 243.153 -2770.07 588.755 228.571 -2781.93 595.797 235.205 -2786.76 601.405 249.788 -2774.89 594.362 256.423 -2779.72 599.97 241.84 -2791.58 607.012 248.475 -2796.41 612.62 263.057 -2784.55 605.577 314.851 -2822.22 649.351 368.762 -2822.22 661.113 368.762 -2822.22 661.113 459.358 -2822.22 680.878 456.418 -2838.6 694.353 547.014 -2838.6 714.118 549.954 -2822.22 700.644 640.55 -2822.22 720.41 640.55 -2822.22 720.41 700.155 -2822.22 733.414 773.001 -2805.37 734.777 773.001 -2805.37 734.777 853.827 -2786.66 736.289 856.987 -2801.4 749.679 937.813 -2782.69 751.191 934.653 -2767.95 737.801 1015.48 -2749.25 739.313 1015.48 -2749.25 739.313 1068.59 -2736.95 740.307 1068.53 -2732.45 736.408 1008.84 -2732.45 723.384 1008.84 -2732.45 723.384 901.994 -2732.45 700.073 899.042 -2748.89 713.601 792.197 -2748.89 690.291 795.148 -2732.45 676.762 688.303 -2732.45 653.451 685.351 -2748.89 666.98 578.506 -2748.89 643.669 581.457 -2732.45 630.14 474.612 -2732.45 606.829 471.66 -2748.89 620.358 364.815 -2748.89 597.047 367.766 -2732.45 583.518 260.921 -2732.45 560.207 260.921 -2732.45 560.207 210.979 -2732.45 549.311
element 30
  poly 0: 300.28 -2819.87 670.906 262.082 -2862.12 638.623 262.082 -2862.12 638.623 259.02 -2865.51 636.035 275.14 -2877.55 632.724 272.078 -2880.94 630.135 255.958 -2868.89 633.447 252.895 -2872.28 630.859 252.895 -2872.28 630.859 218.799 -2909.99 602.041 298.626 -2909.99 619.458 298.626 -2909.99 619.458 413.204 -2909.99 644.456 415.438 -2928.92 634.213 530.016 -2928.92 659.211 527.782 -2909.99 669.454 642.36 -2909.99 694.452 644.594 -2928.92 684.209 759.172 -2928.92 709.207 756.938 -2909.99 719.45 871.515 -2909.99 744.448 871.515 -2909.99 744.448 929.612 -2909.99 757.123 930.289 -2903.35 761.033 876.561 -2884.45 760.028 870.319 -2902.81 748.254 837.637 -2891.32 747.643 843.879 -2872.95 759.416 811.197 -2861.45 758.805 804.955 -2879.82 747.032 772.273 -2868.32 746.42 778.515 -2849.95 758.194 693.035 -2819.87 756.595 635.398 -2819.87 744.02 635.398 -2819.87 744.02 544.803 -2819.87 724.254 547.014 -2838.6 714.118 456.418 -2838.6 694.353 454.207 -2819.87 704.489 363.611 -2819.87 684.723 363.611 -2819.87 684.723 300.28 -2819.87 670.906
  poly 1: 314.851 -2822.22 649.351 278.78 -2862.12 618.865 262.66 -2850.07 622.176 259.598 -2853.46 619.588 275.718 -2865.51 616.277 272.656 -2868.89 613.689 256.536 -2856.85 617 253.474 -2860.23 614.412 269.594 -2872.28 611.101 233.675 -2912 580.745 303.737 -2912 596.03 301.502 -2893.08 606.273 416.08 -2893.08 631.271 418.315 -2912 621.028 532.893 -2912 646.026 530.658 -2893.08 656.269 645.236 -2893.08 681.267 647.471 -2912 671.024 762.049 -2912 696.022 759.814 -2893.08 706.265 874.392 -2893.08 731.263 876.627 -2912 721.02 935.773 -2912 733.924 936.45 -2905.37 737.835 876.997 -2884.45 736.722 876.997 -2884.45 736.722 844.315 -2872.95 736.111 850.557 -2854.58 747.885 817.875 -2843.08 747.273 811.633 -2861.45 735.5 778.951 -2849.95 734.888 778.951 -2849.95 734.888 700.155 -2822.22 733.414 640.55 -2822.22 720.41 638.338 -2803.49 730.545 547.742 -2803.49 710.78 549.954 -2822.22 700.644 459.358 -2822.22 680.878 457.146 -2803.49 691.014 366.551 -2803.49 671.248 368.762 -2822.22 661.113 314.851 -2822.22 649.351
element 31
  poly 0: 231.905 -2909.99 604.901 225.542 -2920.11 611.774 266.384 -2951.46 646.292 266.384 -2951.46 646.292 271.017 -2955.02 650.208 285.705 -2943.09 643.669 290.338 -2946.65 647.585 275.651 -2958.58 654.124 280.284 -2962.14 658.04 280.284 -2962.14 658.04 329.787 -3000.14 699.877 398.936 -3000.14 714.964 401.776 -2983.45 701.948 443.401 -2983.45 711.029 440.561 -3000.14 724.045 482.185 -3000.14 733.127 485.025 -2983.45 720.111 526.65 -2983.45 729.192 523.81 -3000.14 742.208 593.984 -3000.14 757.518 661.611 -2983.62 758.783 658.16 -2968.49 745.674 731.372 -2950.61 747.043 734.823 -2965.74 760.153 808.034 -2947.86 761.523 804.584 -2932.73 748.413 877.795 -2914.85 749.782 881.246 -2929.98 762.892 943.646 -2914.73 764.059 943.532 -2909.99 760.16 871.515 -2909.99 744.448 874.392 -2893.08 731.263 759.814 -2893.08 706.265 756.938 -2909.99 719.45 642.36 -2909.99 694.452 645.236 -2893.08 681.267 530.658 -2893.08 656.269 527.782 -2909.99 669.454 413.204 -2909.99 644.456 416.08 -2893.08 631.271 301.502 -2893.08 606.273 298.626 -2909.99 619.458 231.905 -2909.99 604.901
  poly 1: 253.216 -2912 585.008 246.852 -2922.12 591.881 285.071 -2951.46 624.182 270.384 -2963.4 630.721 275.017 -2966.95 634.637 289.704 -2955.02 628.098 294.338 -2958.58 632.014 279.651 -2970.51 638.553 284.284 -2974.07 642.469 298.971 -2962.14 635.93 350.61 -3001.78 679.573 404.111 -3001.78 691.245 404.111 -3001.78 691.245 445.736 -3001.78 700.327 442.896 -3018.48 713.343 484.52 -3018.48 722.424 487.36 -3001.78 709.408 528.985 -3001.78 718.489 528.985 -3001.78 718.489 587.755 -3001.78 731.312 662.099 -2983.62 732.702 662.099 -2983.62 732.702 735.311 -2965.74 734.072 738.761 -2980.87 747.182 811.973 -2962.99 748.551 808.522 -2947.86 735.441 881.734 -2929.98 736.811 881.734 -2929.98 736.811 935.887 -2916.75 737.824 935.773 -2912 733.924 876.627 -2912 721.02 876.627 -2912 721.02 762.049 -2912 696.022 759.172 -2928.92 709.207 644.594 -2928.92 684.209 647.471 -2912 671.024 532.893 -2912 646.026 530.016 -2928.92 659.211 415.438 -2928.92 634.213 418.315 -2912 621.028 303.737 -2912 596.03 303.737 -2912 596.03 253.216 -2912 585.008
element 32
  poly 0: 335.195 -3000.14 701.057 296.718 -3039.6 668.538 296.718 -3039.6 668.538 292.025 -3044.41 664.572 307.762 -3056.5 660.616 303.069 -3061.31 656.65 287.332 -3049.23 660.606 282.639 -3054.04 656.639 282.639 -3054.04 656.639 247.078 -3090.5 626.585 329.027 -3090.5 644.464 329.027 -3090.5 644.464 419.299 -3090.5 664.159 421.678 -3109.19 653.255 511.951 -3109.19 672.95 509.572 -3090.5 683.854 599.845 -3090.5 703.55 602.224 -3109.19 692.645 692.497 -3109.19 712.34 690.118 -3090.5 723.245 780.39 -3090.5 742.94 780.39 -3090.5 742.94 839.716 -3090.5 755.883 840.246 -3084.3 759.791 784.837 -3066.23 758.754 779.311 -3083.85 746.773 739.655 -3070.91 746.031 745.181 -3053.29 758.013 705.524 -3040.35 757.271 699.999 -3057.98 745.289 660.342 -3045.04 744.547 665.868 -3027.41 756.529 582.282 -3000.14 754.965 523.81 -3000.14 742.208 523.81 -3000.14 742.208 482.185 -3000.14 733.127 484.52 -3018.48 722.424 442.896 -3018.48 713.343 440.561 -3000.14 724.045 398.936 -3000.14 714.964 398.936 -3000.14 714.964 335.195 -3000.14 701.057
  poly 1: 350.61 -3001.78 679.573 313.733 -3039.6 648.406 297.996 -3027.51 652.362 293.303 -3032.33 648.395 309.04 -3044.41 644.439 304.347 -3049.23 640.473 288.61 -3037.14 644.429 283.917 -3041.95 640.463 299.654 -3054.04 636.507 263.061 -3091.56 605.58 334.127 -3091.56 621.085 331.748 -3072.88 631.989 422.021 -3072.88 651.684 424.4 -3091.56 640.78 514.673 -3091.56 660.475 512.294 -3072.88 671.38 602.566 -3072.88 691.075 604.946 -3091.56 680.17 695.218 -3091.56 699.865 692.839 -3072.88 710.77 783.112 -3072.88 730.465 785.491 -3091.56 719.561 843.407 -3091.56 732.196 843.937 -3085.36 736.104 785.281 -3066.23 735.007 785.281 -3066.23 735.007 745.625 -3053.29 734.265 751.151 -3035.66 746.246 711.494 -3022.73 745.504 705.969 -3040.35 733.523 666.312 -3027.41 732.781 666.312 -3027.41 732.781 587.755 -3001.78 731.312 528.985 -3001.78 718.489 526.65 -2983.45 729.192 485.025 -2983.45 720.111 487.36 -3001.78 709.408 445.736 -3001.78 700.327 443.401 -2983.45 711.029 401.776 -2983.45 701.948 404.111 -3001.78 691.245 350.61 -3001.78 679.573
element 33
  poly 0: 263.311 -3090.5 630.127 256.603 -3101.36 636.708 295.724 -3134.44 669.772 295.724 -3134.44 669.772 297.203 -3135.69 671.022 312.155 -3123.66 665.365 313.634 -3124.91 666.616 298.682 -3136.94 672.272 300.161 -3138.19 673.522 300.161 -3138.19 673.522 350.611 -3180.85 716.16 416.761 -3180.85 730.592 419.431 -3163.56 718.355 436.154 -3163.56 722.003 433.484 -3180.85 734.241 450.207 -3180.85 737.889 452.877 -3163.56 725.652 469.6 -3163.56 729.3 466.93 -3180.85 741.538 530.584 -3180.85 755.426 605.067 -3160.81 756.819 601.028 -3144.92 744.152 661.74 -3128.58 745.287 665.779 -3144.48 757.955 726.492 -3128.15 759.09 722.452 -3112.25 746.423 783.165 -3095.92 747.559 787.204 -3111.81 760.226 847.103 -3095.7 761.347 846.873 -3090.5 757.445 780.39 -3090.5 742.94 783.112 -3072.88 730.465 692.839 -3072.88 710.77 690.118 -3090.5 723.245 599.845 -3090.5 703.55 602.566 -3072.88 691.075 512.294 -3072.88 671.38 509.572 -3090.5 683.854 419.299 -3090.5 664.159 422.021 -3072.88 651.684 331.748 -3072.88 631.989 329.027 -3090.5 644.464 263.311 -3090.5 630.127
  poly 1: 282.601 -3091.56 609.843 275.892 -3102.41 616.425 313.762 -3134.44 648.43 298.81 -3146.46 654.086 300.289 -3147.72 655.336 315.241 -3135.69 649.68 316.72 -3136.94 650.93 301.768 -3148.97 656.587 303.247 -3150.22 657.837 318.199 -3138.19 652.18 369.234 -3181.34 695.312 421.949 -3181.34 706.813 421.949 -3181.34 706.813 438.672 -3181.34 710.462 436.002 -3198.63 722.7 452.725 -3198.63 726.348 455.395 -3181.34 714.11 472.118 -3181.34 717.759 472.118 -3181.34 717.759 529.217 -3181.34 730.216 605.538 -3160.81 731.644 605.538 -3160.81 731.644 666.25 -3144.48 732.78 670.29 -3160.37 745.447 731.002 -3144.04 746.583 726.963 -3128.15 733.916 787.675 -3111.81 735.051 787.675 -3111.81 735.051 843.637 -3096.76 736.098 843.407 -3091.56 732.196 785.491 -3091.56 719.561 785.491 -3091.56 719.561 695.218 -3091.56 699.865 692.497 -3109.19 712.34 602.224 -3109.19 692.645 604.946 -3091.56 680.17 514.673 -3091.56 660.475 511.951 -3109.19 672.95 421.678 -3109.19 653.255 424.4 -3091.56 640.78 334.127 -3091.56 621.085 334.127 -3091.56 621.085 282.601 -3091.56 609.843
element 34
  poly 0: 352.234 -3180.85 716.514 266.686 -3259.75 644.213 273.738 -3271.26 637.922 338.873 -3271.26 652.133 338.873 -3271.26 652.133 421.905 -3271.26 670.248 424.477 -3289.43 658.46 507.509 -3289.43 676.575 504.937 -3271.26 688.363 587.969 -3271.26 706.479 590.541 -3289.43 694.691 673.572 -3289.43 712.806 671 -3271.26 724.594 754.032 -3271.26 742.71 754.032 -3271.26 742.71 815.686 -3271.26 756.161 816.039 -3265.63 760.065 758.235 -3248.67 758.984 753.583 -3265.32 746.655 702.955 -3250.46 745.708 707.608 -3233.82 758.037 656.98 -3218.97 757.09 652.328 -3235.61 744.761 601.701 -3220.75 743.814 606.353 -3204.11 756.143 527.073 -3180.85 754.66 466.93 -3180.85 741.538 466.93 -3180.85 741.538 450.207 -3180.85 737.889 452.725 -3198.63 726.348 436.002 -3198.63 722.7 433.484 -3180.85 734.241 416.761 -3180.85 730.592 416.761 -3180.85 730.592 352.234 -3180.85 716.514
  poly 1: 369.234 -3181.34 695.312 284.375 -3259.61 623.594 291.427 -3271.12 617.302 343.971 -3271.12 628.766 341.399 -3252.96 640.554 424.431 -3252.96 658.67 427.003 -3271.12 646.882 510.035 -3271.12 664.997 507.463 -3252.96 676.785 590.495 -3252.96 694.901 593.067 -3271.12 683.112 676.098 -3271.12 701.228 673.527 -3252.96 713.016 756.558 -3252.96 731.131 759.13 -3271.12 719.343 815.664 -3271.12 731.677 816.016 -3265.49 735.582 758.693 -3248.67 734.509 758.693 -3248.67 734.509 708.065 -3233.82 733.562 712.718 -3217.18 745.891 662.091 -3202.32 744.944 657.438 -3218.97 732.615 606.811 -3204.11 731.668 606.811 -3204.11 731.668 529.217 -3181.34 730.216 472.118 -3181.34 717.759 469.6 -3163.56 729.3 452.877 -3163.56 725.652 455.395 -3181.34 714.11 438.672 -3181.34 710.462 436.154 -3163.56 722.003 419.431 -3163.56 718.355 421.949 -3181.34 706.813 369.234 -3181.34 695.312
element 35
  poly 0: 274.175 -3271.26 638.017 267.015 -3282.98 644.217 304.082 -3318.06 675.544 304.082 -3318.06 675.544 304.582 -3318.53 675.967 319.955 -3306.44 671.312 320.455 -3306.91 671.735 305.082 -3319 676.39 305.583 -3319.48 676.812 305.583 -3319.48 676.812 337.876 -3350.03 704.105 572.632 -3350.03 755.323 612.026 -3338.18 756.06 607.175 -3321.3 743.822 655.808 -3306.66 744.732 660.658 -3323.53 756.97 709.291 -3308.89 757.88 704.44 -3292.02 745.642 753.073 -3277.38 746.551 757.924 -3294.25 758.789 815.133 -3277.03 759.86 814.741 -3271.26 755.955 754.032 -3271.26 742.71 756.558 -3252.96 731.131 673.527 -3252.96 713.016 671 -3271.26 724.594 587.969 -3271.26 706.479 590.495 -3252.96 694.901 507.463 -3252.96 676.785 504.937 -3271.26 688.363 421.905 -3271.26 670.248 424.431 -3252.96 658.67 341.399 -3252.96 640.554 338.873 -3271.26 652.133 274.175 -3271.26 638.017
  poly 1: 291.427 -3271.12 617.302 284.267 -3282.84 623.502 321.482 -3318.06 654.955 306.109 -3330.14 659.61 306.61 -3330.62 660.033 321.983 -3318.53 655.378 322.483 -3319 655.801 307.11 -3331.09 660.456 307.61 -3331.56 660.879 322.983 -3319.48 656.224 366.762 -3360.9 693.223 536.986 -3360.9 730.362 612.48 -3338.18 731.774 612.48 -3338.18 731.774 661.113 -3323.53 732.684 665.964 -3340.41 744.922 714.596 -3325.77 745.832 709.745 -3308.89 733.594 758.378 -3294.25 734.503 758.378 -3294.25 734.503 816.056 -3276.89 735.582 815.664 -3271.12 731.677 759.13 -3271.12 719.343 759.13 -3271.12 719.343 676.098 -3271.12 701.228 673.572 -3289.43 712.806 590.541 -3289.43 694.691 593.067 -3271.12 683.112 510.035 -3271.12 664.997 507.509 -3289.43 676.575 424.477 -3289.43 658.46 427.003 -3271.12 646.882 343.971 -3271.12 628.766 343.971 -3271.12 628.766 291.427 -3271.12 617.302
element 36
  poly 0: 932.915 -1732.41 759.946 932.653 -1737.16 763.839 1047.92 -1765.35 765.995 1047.92 -1765.35 765.995 1117.56 -1782.39 767.298 1121.5 -1767.24 754.334 1191.14 -1784.28 755.637 1187.19 -1799.42 768.601 1256.83 -1816.45 769.903 1256.83 -1816.45 769.903 1324.57 -1833.02 771.171 1395.16 -1833.02 758.514 1392.81 -1816.32 745.413 1437.64 -1816.32 737.377 1439.99 -1833.02 750.478 1484.81 -1833.02 742.442 1482.46 -1816.32 729.341 1527.28 -1816.32 721.305 1529.63 -1833.02 734.406 1598.93 -1833.02 721.982 1652.17 -1797.13 683.382 1638.37 -1784.76 675.849 1646.91 -1779 669.655 1660.71 -1791.37 677.189 1669.25 -1785.61 670.995 1655.46 -1773.24 663.462 1664 -1767.48 657.269 1677.8 -1779.85 664.802 1733.94 -1741.99 624.092 1728.47 -1732.41 617.317 932.915 -1732.41 759.946
  poly 1: 984.351 -1744.87 734.833 984.088 -1749.62 738.726 1048.41 -1765.35 739.929 1044.46 -1780.5 752.893 1114.1 -1797.53 754.196 1118.05 -1782.39 741.232 1187.68 -1799.42 742.534 1183.73 -1814.56 755.498 1253.37 -1831.6 756.801 1257.31 -1816.45 743.837 1331.69 -1834.65 745.228 1390.88 -1834.65 734.617 1390.88 -1834.65 734.617 1435.7 -1834.65 726.581 1438.05 -1851.36 739.683 1482.87 -1851.36 731.647 1480.53 -1834.65 718.545 1525.35 -1834.65 710.509 1525.35 -1834.65 710.509 1579.86 -1834.65 700.737 1635.5 -1797.13 660.392 1635.5 -1797.13 660.392 1644.04 -1791.37 654.198 1657.84 -1803.73 661.732 1666.38 -1797.97 655.538 1652.58 -1785.61 648.005 1661.13 -1779.85 641.811 1661.13 -1779.85 641.811 1698.79 -1754.45 614.502 1693.32 -1744.87 607.727 984.351 -1744.87 734.833
element 37
  poly 0: 1336.23 -1833.02 769.079 1252.7 -1860.23 767.517 1252.7 -1860.23 767.517 1212.9 -1873.2 766.772 1218.86 -1890.8 755.001 1179.06 -1903.77 754.256 1173.1 -1886.16 766.028 1133.3 -1899.12 765.283 1133.3 -1899.12 765.283 1077.9 -1917.17 764.247 1078.58 -1923.36 760.362 1138.33 -1923.36 749.649 1138.33 -1923.36 749.649 1232.71 -1923.36 732.729 1230.74 -1942.02 721.74 1325.12 -1942.02 704.819 1327.09 -1923.36 715.808 1421.46 -1923.36 698.888 1419.49 -1942.02 687.899 1513.87 -1942.02 670.978 1515.84 -1923.36 681.967 1610.22 -1923.36 665.047 1610.22 -1923.36 665.047 1674.17 -1923.36 653.582 1680.76 -1911.6 659.549 1593.24 -1833.02 723.002 1529.63 -1833.02 734.406 1529.63 -1833.02 734.406 1484.81 -1833.02 742.442 1482.87 -1851.36 731.647 1438.05 -1851.36 739.683 1439.99 -1833.02 750.478 1395.16 -1833.02 758.514 1395.16 -1833.02 758.514 1336.23 -1833.02 769.079
  poly 1: 1331.69 -1834.65 745.228 1253.15 -1860.23 743.759 1247.19 -1842.62 755.531 1207.39 -1855.59 754.786 1213.35 -1873.2 743.015 1173.55 -1886.16 742.27 1167.59 -1868.55 754.042 1127.79 -1881.51 753.297 1133.75 -1899.12 741.525 1075.07 -1918.23 740.428 1075.74 -1924.43 736.543 1134.1 -1924.43 726.079 1136.07 -1905.77 737.068 1230.45 -1905.77 720.148 1228.48 -1924.43 709.159 1322.86 -1924.43 692.238 1324.83 -1905.77 703.227 1419.21 -1905.77 686.307 1417.24 -1924.43 675.318 1511.62 -1924.43 658.398 1513.59 -1905.77 669.387 1607.96 -1905.77 652.466 1605.99 -1924.43 641.477 1660.16 -1924.43 631.765 1666.75 -1912.67 637.732 1579.86 -1834.65 700.737 1525.35 -1834.65 710.509 1527.28 -1816.32 721.305 1482.46 -1816.32 729.341 1480.53 -1834.65 718.545 1435.7 -1834.65 726.581 1437.64 -1816.32 737.377 1392.81 -1816.32 745.413 1390.88 -1834.65 734.617 1331.69 -1834.65 745.228
element 38
  poly 0: 1071.29 -1923.36 761.669 1070.91 -1928.54 765.559 1130.85 -1944.62 766.681 1130.85 -1944.62 766.681 1191.94 -1961 767.823 1196.43 -1945.13 755.303 1257.52 -1961.52 756.446 1253.03 -1977.39 768.966 1314.12 -1993.77 770.109 1314.12 -1993.77 770.109 1388.18 -2013.64 771.495 1452.72 -2013.64 759.924 1450.5 -1996.34 747.555 1469.25 -1996.34 744.194 1471.47 -2013.64 756.564 1490.21 -2013.64 753.203 1487.99 -1996.34 740.834 1506.74 -1996.34 737.473 1508.96 -2013.64 749.842 1575.31 -2013.64 737.946 1629.72 -1973.41 698.493 1615.59 -1960.88 691.78 1619.39 -1958.07 689.027 1633.52 -1970.6 695.739 1637.32 -1967.79 692.986 1623.19 -1955.26 686.273 1626.99 -1952.46 683.519 1641.12 -1964.98 690.232 1683.52 -1933.63 659.488 1677.72 -1923.36 652.945 1610.22 -1923.36 665.047 1607.96 -1905.77 652.466 1513.59 -1905.77 669.387 1515.84 -1923.36 681.967 1421.46 -1923.36 698.888 1419.21 -1905.77 686.307 1324.83 -1905.77 703.227 1327.09 -1923.36 715.808 1232.71 -1923.36 732.729 1230.45 -1905.77 720.148 1136.07 -1905.77 737.068 1138.33 -1923.36 749.649 1071.29 -1923.36 761.669
  poly 1: 1075.74 -1924.43 736.543 1075.37 -1929.61 740.433 1131.32 -1944.62 741.48 1126.83 -1960.49 754.001 1187.92 -1976.87 755.144 1192.41 -1961 742.623 1253.5 -1977.39 743.766 1249.01 -1993.26 756.286 1310.1 -2009.64 757.429 1314.59 -1993.77 744.908 1390.78 -2014.21 746.334 1448.43 -2014.21 735.999 1448.43 -2014.21 735.999 1467.18 -2014.21 732.638 1469.39 -2031.5 745.007 1488.14 -2031.5 741.646 1485.92 -2014.21 729.277 1504.67 -2014.21 725.916 1504.67 -2014.21 725.916 1558.42 -2014.21 716.279 1613.61 -1973.41 676.266 1613.61 -1973.41 676.266 1617.4 -1970.6 673.512 1631.53 -1983.12 680.225 1635.33 -1980.31 677.471 1621.2 -1967.79 670.759 1625 -1964.98 668.005 1625 -1964.98 668.005 1665.96 -1934.7 638.309 1660.16 -1924.43 631.765 1605.99 -1924.43 641.477 1605.99 -1924.43 641.477 1511.62 -1924.43 658.398 1513.87 -1942.02 670.978 1419.49 -1942.02 687.899 1417.24 -1924.43 675.318 1322.86 -1924.43 692.238 1325.12 -1942.02 704.819 1230.74 -1942.02 721.74 1228.48 -1924.43 709.159 1134.1 -1924.43 726.079 1134.1 -1924.43 726.079 1075.74 -1924.43 736.543
element 39
  poly 0: 1392.25 -2013.64 770.765 1312.68 -2037.23 769.277 1312.68 -2037.23 769.277 1263.21 -2051.9 768.352 1268.4 -2068.64 756.247 1218.94 -2083.31 755.321 1213.75 -2066.57 767.426 1164.28 -2081.24 766.501 1164.28 -2081.24 766.501 1106.79 -2098.29 765.425 1107.31 -2103.97 761.537 1168.68 -2103.97 750.534 1168.68 -2103.97 750.534 1254.83 -2103.97 735.089 1252.72 -2122.17 723.317 1338.86 -2122.17 707.873 1340.97 -2103.97 719.645 1427.12 -2103.97 704.2 1425.01 -2122.17 692.428 1511.15 -2122.17 676.984 1513.26 -2103.97 688.756 1599.41 -2103.97 673.312 1599.41 -2103.97 673.312 1664.15 -2103.97 661.705 1670.33 -2092.94 667.966 1629.83 -2059.83 697.33 1615.25 -2072.49 691.491 1614.76 -2072.1 691.842 1629.35 -2059.43 697.681 1628.86 -2059.04 698.032 1614.28 -2071.7 692.192 1613.8 -2071.31 692.543 1628.38 -2058.64 698.382 1573.32 -2013.64 738.302 1508.96 -2013.64 749.842 1508.96 -2013.64 749.842 1490.21 -2013.64 753.203 1488.14 -2031.5 741.646 1469.39 -2031.5 745.007 1471.47 -2013.64 756.564 1452.72 -2013.64 759.924 1452.72 -2013.64 759.924 1392.25 -2013.64 770.765
  poly 1: 1390.78 -2014.21 746.334 1313.13 -2037.23 744.881 1307.94 -2020.5 756.986 1258.48 -2035.17 756.061 1263.67 -2051.9 743.956 1214.21 -2066.57 743.031 1209.02 -2049.83 755.136 1159.55 -2064.5 754.21 1164.74 -2081.24 742.105 1107.2 -2098.3 741.029 1107.72 -2103.99 737.141 1164.46 -2103.99 726.968 1166.57 -2085.79 738.741 1252.71 -2085.79 723.296 1250.6 -2103.99 711.524 1336.75 -2103.99 696.079 1338.86 -2085.79 707.852 1425.01 -2085.79 692.407 1422.89 -2103.99 680.635 1509.04 -2103.99 665.19 1511.15 -2085.79 676.963 1597.3 -2085.79 661.518 1595.19 -2103.99 649.746 1648.56 -2103.99 640.176 1654.75 -2092.95 646.437 1614.23 -2059.83 675.813 1614.23 -2059.83 675.813 1613.75 -2059.43 676.164 1628.33 -2046.77 682.004 1627.85 -2046.38 682.354 1613.26 -2059.04 676.515 1612.78 -2058.64 676.866 1612.78 -2058.64 676.866 1558.42 -2014.21 716.279 1504.67 -2014.21 725.916 1506.74 -1996.34 737.473 1487.99 -1996.34 740.834 1485.92 -2014.21 729.277 1467.18 -2014.21 732.638 1469.25 -1996.34 744.194 1450.5 -1996.34 747.555 1448.43 -2014.21 735.999 1390.78 -2014.21 746.334
element 40
  poly 0: 1107.21 -2103.97 761.554 1106.7 -2109.65 765.442 1164.25 -2126.67 766.519 1164.25 -2126.67 766.519 1213.99 -2141.38 767.449 1219.16 -2124.67 755.335 1268.9 -2139.38 756.265 1263.73 -2156.09 768.38 1313.47 -2170.81 769.31 1313.47 -2170.81 769.31 1392.94 -2194.31 770.797 1453.45 -2194.31 759.949 1451.38 -2176.46 748.374 1469.79 -2176.46 745.072 1471.87 -2194.31 756.648 1490.28 -2194.31 753.346 1488.21 -2176.46 741.771 1506.62 -2176.46 738.469 1508.7 -2194.31 750.044 1573.08 -2194.31 738.501 1628.14 -2149.42 698.581 1613.57 -2136.76 692.719 1614.13 -2136.31 692.314 1628.7 -2148.96 698.175 1629.26 -2148.51 697.77 1614.69 -2135.85 691.909 1615.25 -2135.39 691.503 1629.82 -2148.05 697.365 1670.37 -2114.99 667.965 1664.19 -2103.97 661.697 1599.41 -2103.97 673.312 1597.3 -2085.79 661.518 1511.15 -2085.79 676.963 1513.26 -2103.97 688.756 1427.12 -2103.97 704.2 1425.01 -2085.79 692.407 1338.86 -2085.79 707.852 1340.97 -2103.97 719.645 1254.83 -2103.97 735.089 1252.71 -2085.79 723.296 1166.57 -2085.79 738.741 1168.68 -2103.97 750.534 1107.21 -2103.97 761.554
  poly 1: 1107.72 -2103.99 737.141 1107.21 -2109.66 741.029 1164.71 -2126.67 742.105 1159.54 -2143.38 754.219 1209.28 -2158.09 755.15 1214.45 -2141.38 743.035 1264.19 -2156.09 743.966 1259.02 -2172.81 756.08 1308.75 -2187.52 757.011 1313.92 -2170.81 744.896 1391.55 -2193.77 746.348 1449.16 -2193.77 736.02 1449.16 -2193.77 736.02 1467.58 -2193.77 732.718 1469.65 -2211.62 744.294 1488.07 -2211.62 740.992 1485.99 -2193.77 729.416 1504.41 -2193.77 726.115 1504.41 -2193.77 726.115 1558.14 -2193.77 716.481 1612.53 -2149.42 677.047 1612.53 -2149.42 677.047 1613.09 -2148.96 676.642 1627.66 -2161.62 682.503 1628.22 -2161.17 682.098 1613.65 -2148.51 676.237 1614.21 -2148.05 675.831 1614.21 -2148.05 675.831 1654.74 -2115.01 646.444 1648.56 -2103.99 640.176 1595.19 -2103.99 649.746 1595.19 -2103.99 649.746 1509.04 -2103.99 665.19 1511.15 -2122.17 676.984 1425.01 -2122.17 692.428 1422.89 -2103.99 680.635 1336.75 -2103.99 696.079 1338.86 -2122.17 707.873 1252.72 -2122.17 723.317 1250.6 -2103.99 711.524 1164.46 -2103.99 726.968 1164.46 -2103.99 726.968 1107.72 -2103.99 737.141
element 41
  poly 0: 1389.04 -2194.31 771.496 1314.85 -2214.25 770.109 1314.85 -2214.25 770.109 1253.97 -2230.6 768.97 1258.47 -2246.49 756.456 1197.58 -2262.85 755.317 1193.08 -2246.96 767.831 1132.2 -2263.32 766.692 1132.2 -2263.32 766.692 1072.31 -2279.41 765.571 1072.68 -2284.59 761.681 1139.62 -2284.59 749.68 1139.62 -2284.59 749.68 1233.65 -2284.59 732.823 1231.39 -2302.2 720.256 1325.42 -2302.2 703.398 1327.67 -2284.59 715.965 1421.7 -2284.59 699.107 1419.45 -2302.2 686.541 1513.48 -2302.2 669.683 1515.73 -2284.59 682.25 1609.76 -2284.59 665.392 1609.76 -2284.59 665.392 1677.21 -2284.59 653.299 1683.01 -2274.31 659.839 1640.64 -2242.93 690.558 1626.51 -2255.46 683.86 1622.77 -2252.69 686.57 1636.9 -2240.17 693.268 1633.16 -2237.4 695.978 1619.03 -2249.93 689.28 1615.29 -2247.16 691.99 1629.43 -2234.63 698.688 1574.99 -2194.31 738.16 1508.7 -2194.31 750.044 1508.7 -2194.31 750.044 1490.28 -2194.31 753.346 1488.07 -2211.62 740.992 1469.65 -2211.62 744.294 1471.87 -2194.31 756.648 1453.45 -2194.31 759.949 1453.45 -2194.31 759.949 1389.04 -2194.31 771.496
  poly 1: 1391.55 -2193.77 746.348 1315.32 -2214.25 744.922 1310.82 -2198.36 757.436 1249.94 -2214.72 756.297 1254.44 -2230.6 743.783 1193.55 -2246.96 742.644 1189.05 -2231.08 755.158 1128.16 -2247.43 754.019 1132.67 -2263.32 741.505 1076.68 -2278.36 740.458 1077.06 -2283.55 736.567 1135.39 -2283.55 726.109 1137.64 -2265.95 738.675 1231.67 -2265.95 721.818 1229.42 -2283.55 709.251 1323.45 -2283.55 692.393 1325.7 -2265.95 704.96 1419.73 -2265.95 688.103 1417.48 -2283.55 675.536 1511.5 -2283.55 658.678 1513.76 -2265.95 671.245 1607.78 -2265.95 654.387 1605.53 -2283.55 641.82 1659.69 -2283.55 632.111 1665.49 -2273.26 638.651 1624.53 -2242.93 668.344 1624.53 -2242.93 668.344 1620.8 -2240.17 671.054 1634.93 -2227.64 677.752 1631.19 -2224.87 680.462 1617.06 -2237.4 673.764 1613.32 -2234.63 676.474 1613.32 -2234.63 676.474 1558.14 -2193.77 716.481 1504.41 -2193.77 726.115 1506.62 -2176.46 738.469 1488.21 -2176.46 741.771 1485.99 -2193.77 729.416 1467.58 -2193.77 732.718 1469.79 -2176.46 745.072 1451.38 -2176.46 748.374 1449.16 -2193.77 736.02 1391.55 -2193.77 746.348
element 42
  poly 0: 1079.84 -2284.59 760.398 1079.17 -2290.78 764.283 1134.61 -2308.8 765.32 1134.61 -2308.8 765.32 1174.61 -2321.8 766.069 1180.55 -2304.21 754.29 1220.56 -2317.22 755.039 1214.62 -2334.81 766.817 1254.62 -2347.81 767.566 1254.62 -2347.81 767.566 1337.98 -2374.91 769.125 1396.97 -2374.91 758.548 1395.03 -2356.57 747.73 1439.03 -2356.57 739.841 1440.97 -2374.91 750.66 1484.98 -2374.91 742.771 1483.04 -2356.57 731.952 1527.04 -2356.57 724.063 1528.98 -2374.91 734.882 1592.62 -2374.91 723.473 1680.3 -2296.34 659.898 1673.72 -2284.59 653.925 1609.76 -2284.59 665.392 1607.78 -2265.95 654.387 1513.76 -2265.95 671.245 1515.73 -2284.59 682.25 1421.7 -2284.59 699.107 1419.73 -2265.95 688.103 1325.7 -2265.95 704.96 1327.67 -2284.59 715.965 1233.65 -2284.59 732.823 1231.67 -2265.95 721.818 1137.64 -2265.95 738.675 1139.62 -2284.59 749.68 1079.84 -2284.59 760.398
  poly 1: 1077.06 -2283.55 736.567 1076.39 -2289.73 740.452 1135.05 -2308.8 741.55 1129.11 -2326.39 753.328 1169.12 -2339.39 754.077 1175.06 -2321.8 742.298 1215.06 -2334.81 743.047 1209.12 -2352.4 754.825 1249.13 -2365.4 755.573 1255.07 -2347.81 743.795 1333.57 -2373.33 745.263 1392.69 -2373.33 734.664 1392.69 -2373.33 734.664 1436.69 -2373.33 726.775 1438.63 -2391.66 737.593 1482.63 -2391.66 729.705 1480.69 -2373.33 718.886 1524.7 -2373.33 710.997 1524.7 -2373.33 710.997 1579.18 -2373.33 701.23 1666.27 -2295.29 638.085 1659.69 -2283.55 632.111 1605.53 -2283.55 641.82 1605.53 -2283.55 641.82 1511.5 -2283.55 658.678 1513.48 -2302.2 669.683 1419.45 -2302.2 686.541 1417.48 -2283.55 675.536 1323.45 -2283.55 692.393 1325.42 -2302.2 703.398 1231.39 -2302.2 720.256 1229.42 -2283.55 709.251 1135.39 -2283.55 726.109 1135.39 -2283.55 726.109 1077.06 -2283.55 736.567
element 43
  poly 0: 1326.66 -2374.91 771.154 1258.62 -2391.64 769.881 1258.62 -2391.64 769.881 1186.35 -2409.42 768.529 1190.32 -2424.6 755.594 1118.05 -2442.38 754.242 1114.08 -2427.19 767.177 1041.8 -2444.97 765.825 1041.8 -2444.97 765.825 979.61 -2460.27 764.662 979.878 -2465.04 760.769 1051.97 -2465.04 747.844 1051.97 -2465.04 747.844 1169.86 -2465.04 726.708 1167.49 -2482.01 713.479 1285.38 -2482.01 692.344 1287.75 -2465.04 705.573 1405.64 -2465.04 684.437 1403.27 -2482.01 671.208 1521.16 -2482.01 650.073 1523.53 -2465.04 663.301 1641.42 -2465.04 642.166 1641.42 -2465.04 642.166 1711.4 -2465.04 629.62 1716.89 -2455.42 636.382 1672.88 -2425.58 668.293 1659.06 -2437.95 660.809 1651.91 -2433.1 665.995 1665.73 -2420.73 673.478 1658.57 -2415.88 678.664 1644.76 -2428.26 671.18 1637.61 -2423.41 676.366 1651.42 -2411.03 683.85 1598.14 -2374.91 722.483 1528.98 -2374.91 734.882 1528.98 -2374.91 734.882 1484.98 -2374.91 742.771 1482.63 -2391.66 729.705 1438.63 -2391.66 737.593 1440.97 -2374.91 750.66 1396.97 -2374.91 758.548 1396.97 -2374.91 758.548 1326.66 -2374.91 771.154
  poly 1: 1333.57 -2373.33 745.263 1259.1 -2391.64 743.871 1255.13 -2376.46 756.806 1182.86 -2394.23 755.454 1186.83 -2409.42 742.519 1114.56 -2427.19 741.167 1110.58 -2412.01 754.102 1038.31 -2429.79 752.75 1042.29 -2444.97 739.815 987.976 -2458.33 738.798 988.244 -2463.11 734.906 1047.74 -2463.11 724.239 1050.11 -2446.14 737.468 1168 -2446.14 716.332 1165.63 -2463.11 703.103 1283.52 -2463.11 681.968 1285.89 -2446.14 695.197 1403.78 -2446.14 674.061 1401.41 -2463.11 660.832 1519.3 -2463.11 639.697 1521.67 -2446.14 652.925 1639.56 -2446.14 631.79 1637.19 -2463.11 618.561 1691.91 -2463.11 608.751 1697.4 -2453.48 615.513 1656.25 -2425.58 645.351 1656.25 -2425.58 645.351 1649.09 -2420.73 650.537 1662.91 -2408.36 658.021 1655.76 -2403.51 663.206 1641.94 -2415.88 655.723 1634.79 -2411.03 660.908 1634.79 -2411.03 660.908 1579.18 -2373.33 701.23 1524.7 -2373.33 710.997 1527.04 -2356.57 724.063 1483.04 -2356.57 731.952 1480.69 -2373.33 718.886 1436.69 -2373.33 726.775 1439.03 -2356.57 739.841 1395.03 -2356.57 747.73 1392.69 -2373.33 734.664 1333.57 -2373.33 745.263
element 44
  poly 0: 993.354 -2465.04 758.353 992.546 -2471.64 762.236 1046.41 -2490.46 763.243 1046.41 -2490.46 763.243 1079.69 -2502.09 763.866 1086.3 -2483.79 752.314 1119.59 -2495.43 752.936 1112.98 -2513.72 764.489 1146.26 -2525.35 765.111 1146.26 -2525.35 765.111 1231.62 -2555.18 766.708 1289.75 -2555.18 756.287 1287.91 -2536.49 746.025 1380.57 -2536.49 729.413 1382.41 -2555.18 739.675 1475.07 -2555.18 723.062 1473.23 -2536.49 712.8 1565.89 -2536.49 696.188 1567.73 -2555.18 706.45 1630.93 -2555.18 695.119 1711.74 -2477.34 636.528 1704.82 -2465.04 630.799 1641.42 -2465.04 642.166 1639.56 -2446.14 631.79 1521.67 -2446.14 652.925 1523.53 -2465.04 663.301 1405.64 -2465.04 684.437 1403.78 -2446.14 674.061 1285.89 -2446.14 695.197 1287.75 -2465.04 705.573 1169.86 -2465.04 726.708 1168 -2446.14 716.332 1050.11 -2446.14 737.468 1051.97 -2465.04 747.844 993.354 -2465.04 758.353
  poly 1: 988.244 -2463.11 734.906 987.436 -2469.7 738.788 1046.84 -2490.46 739.9 1040.23 -2508.76 751.452 1073.52 -2520.39 752.075 1080.13 -2502.09 740.522 1113.41 -2513.72 741.145 1106.8 -2532.02 752.697 1140.09 -2543.65 753.32 1146.7 -2525.35 741.768 1225.49 -2552.89 743.242 1285.48 -2552.89 732.487 1285.48 -2552.89 732.487 1378.14 -2552.89 715.874 1379.98 -2571.58 726.136 1472.64 -2571.58 709.523 1470.8 -2552.89 699.262 1563.46 -2552.89 682.649 1563.46 -2552.89 682.649 1618.38 -2552.89 672.803 1698.82 -2475.4 614.48 1691.91 -2463.11 608.751 1637.19 -2463.11 618.561 1637.19 -2463.11 618.561 1519.3 -2463.11 639.697 1521.16 -2482.01 650.073 1403.27 -2482.01 671.208 1401.41 -2463.11 660.832 1283.52 -2463.11 681.968 1285.38 -2482.01 692.344 1167.49 -2482.01 713.479 1165.63 -2463.11 703.103 1047.74 -2463.11 724.239 1047.74 -2463.11 724.239 988.244 -2463.11 734.906
element 45
  poly 0: 1215.12 -2555.18 769.666 1152.02 -2569.84 768.486 1152.02 -2569.84 768.486 1071.76 -2588.49 766.985 1075.44 -2603.25 753.744 995.177 -2621.9 752.243 991.499 -2607.14 765.483 911.238 -2625.78 763.982 911.238 -2625.78 763.982 847.547 -2640.58 762.79 847.756 -2645.11 758.896 923.12 -2645.11 745.385 923.12 -2645.11 745.385 1033.01 -2645.11 725.683 1030.57 -2661.59 712.075 1140.46 -2661.59 692.373 1142.9 -2645.11 705.982 1252.79 -2645.11 686.28 1250.35 -2661.59 672.672 1360.24 -2661.59 652.97 1362.68 -2645.11 666.579 1472.57 -2645.11 646.877 1470.13 -2661.59 633.268 1580.03 -2661.59 613.567 1582.47 -2645.11 627.175 1692.36 -2645.11 607.474 1692.36 -2645.11 607.474 1759.71 -2645.11 595.399 1765.02 -2635.9 602.292 1719.99 -2607.06 634.941 1706.33 -2619.33 626.939 1696.7 -2613.16 633.92 1710.36 -2600.9 641.922 1700.73 -2594.73 648.902 1687.08 -2606.99 640.9 1677.45 -2600.83 647.881 1691.11 -2588.56 655.883 1638.98 -2555.18 693.676 1567.73 -2555.18 706.45 1567.73 -2555.18 706.45 1475.07 -2555.18 723.062 1472.64 -2571.58 709.523 1379.98 -2571.58 726.136 1382.41 -2555.18 739.675 1289.75 -2555.18 756.287 1289.75 -2555.18 756.287 1215.12 -2555.18 769.666
  poly 1: 1225.49 -2552.89 743.242 1152.52 -2569.84 741.877 1148.84 -2555.08 755.117 1068.58 -2573.72 753.616 1072.26 -2588.49 740.375 991.997 -2607.14 738.874 988.319 -2592.37 752.114 908.058 -2611.02 750.613 911.736 -2625.78 737.372 858.56 -2638.14 736.378 858.768 -2642.67 732.484 918.875 -2642.67 721.708 921.315 -2626.18 735.316 1031.21 -2626.18 715.615 1028.77 -2642.67 702.006 1138.66 -2642.67 682.304 1141.1 -2626.18 695.913 1250.99 -2626.18 676.211 1248.55 -2642.67 662.603 1358.44 -2642.67 642.901 1360.88 -2626.18 656.51 1470.77 -2626.18 636.808 1468.33 -2642.67 623.2 1578.22 -2642.67 603.498 1580.66 -2626.18 617.107 1690.55 -2626.18 597.405 1688.11 -2642.67 583.797 1738.88 -2642.67 574.695 1744.19 -2633.46 581.588 1702.97 -2607.06 611.472 1702.97 -2607.06 611.472 1693.34 -2600.9 618.452 1707 -2588.63 626.454 1697.37 -2582.47 633.435 1683.72 -2594.73 625.433 1674.09 -2588.56 632.413 1674.09 -2588.56 632.413 1618.38 -2552.89 672.803 1563.46 -2552.89 682.649 1565.89 -2536.49 696.188 1473.23 -2536.49 712.8 1470.8 -2552.89 699.262 1378.14 -2552.89 715.874 1380.57 -2536.49 729.413 1287.91 -2536.49 746.025 1285.48 -2552.89 732.487 1225.49 -2552.89 743.242
element 46
  poly 0: 865.111 -2645.11 755.785 864.236 -2651.89 759.666 917.282 -2671.02 760.659 917.282 -2671.02 760.659 947.846 -2682.04 761.23 954.771 -2663.43 749.769 985.335 -2674.45 750.34 978.409 -2693.06 761.802 1008.97 -2704.08 762.374 1008.97 -2704.08 762.374 1094.48 -2734.91 763.974 1152.46 -2734.91 753.579 1150.66 -2716 743.518 1243.66 -2716 726.845 1245.46 -2734.91 736.906 1338.46 -2734.91 720.232 1336.66 -2716 710.171 1429.66 -2716 693.498 1431.47 -2734.91 703.559 1524.47 -2734.91 686.885 1522.66 -2716 676.824 1615.66 -2716 660.15 1617.47 -2734.91 670.211 1680.57 -2734.91 658.898 1722.14 -2693.6 628.759 1706.41 -2680.83 624.568 1710.47 -2676.8 621.628 1726.2 -2689.56 625.818 1730.25 -2685.53 622.877 1714.53 -2672.77 618.687 1718.58 -2668.74 615.746 1734.31 -2681.5 619.936 1770.92 -2645.11 593.388 1692.36 -2645.11 607.474 1690.55 -2626.18 597.405 1580.66 -2626.18 617.107 1582.47 -2645.11 627.175 1472.57 -2645.11 646.877 1470.77 -2626.18 636.808 1360.88 -2626.18 656.51 1362.68 -2645.11 666.579 1252.79 -2645.11 686.28 1250.99 -2626.18 676.211 1141.1 -2626.18 695.913 1142.9 -2645.11 705.982 1033.01 -2645.11 725.683 1031.21 -2626.18 715.615 921.315 -2626.18 735.316 923.12 -2645.11 745.385 865.111 -2645.11 755.785
  poly 1: 858.768 -2642.67 732.484 857.894 -2649.45 736.365 917.716 -2671.02 737.484 910.79 -2689.63 748.946 941.354 -2700.65 749.518 948.279 -2682.04 738.056 978.843 -2693.06 738.628 971.917 -2711.67 750.089 1002.48 -2722.69 750.661 1009.41 -2704.08 739.199 1088.07 -2732.45 740.671 1148.21 -2732.45 729.889 1148.21 -2732.45 729.889 1241.22 -2732.45 713.215 1243.02 -2751.36 723.276 1336.02 -2751.36 706.603 1334.22 -2732.45 696.542 1427.22 -2732.45 679.868 1429.02 -2751.36 689.929 1522.02 -2751.36 673.256 1520.22 -2732.45 663.195 1613.22 -2732.45 646.521 1613.22 -2732.45 646.521 1668.23 -2732.45 636.658 1707.32 -2693.6 608.319 1707.32 -2693.6 608.319 1711.38 -2689.56 605.378 1727.1 -2702.33 609.568 1731.16 -2698.3 606.627 1715.43 -2685.53 602.437 1719.49 -2681.5 599.496 1719.49 -2681.5 599.496 1758.56 -2642.67 571.166 1688.11 -2642.67 583.797 1688.11 -2642.67 583.797 1578.22 -2642.67 603.498 1580.03 -2661.59 613.567 1470.13 -2661.59 633.268 1468.33 -2642.67 623.2 1358.44 -2642.67 642.901 1360.24 -2661.59 652.97 1250.35 -2661.59 672.672 1248.55 -2642.67 662.603 1138.66 -2642.67 682.304 1140.46 -2661.59 692.373 1030.57 -2661.59 712.075 1028.77 -2642.67 702.006 918.875 -2642.67 721.708 918.875 -2642.67 721.708 858.768 -2642.67 732.484
element 47
  poly 0: 1076.91 -2734.91 767.124 1014.98 -2749.25 765.965 1014.98 -2749.25 765.965 934.154 -2767.95 764.453 937.813 -2782.69 751.191 856.987 -2801.4 749.679 853.328 -2786.66 762.941 772.502 -2805.37 761.429 772.502 -2805.37 761.429 708.976 -2820.07 760.241 709.18 -2824.58 756.347 784.156 -2824.58 742.905 784.156 -2824.58 742.905 890.204 -2824.58 723.892 887.771 -2840.96 710.318 993.819 -2840.96 691.305 996.252 -2824.58 704.88 1102.3 -2824.58 685.867 1099.87 -2840.96 672.292 1205.91 -2840.96 653.28 1208.35 -2824.58 666.855 1314.4 -2824.58 647.842 1311.96 -2840.96 634.267 1418.01 -2840.96 615.254 1420.44 -2824.58 628.829 1526.49 -2824.58 609.817 1524.06 -2840.96 596.242 1630.11 -2840.96 577.229 1632.54 -2824.58 590.804 1738.59 -2824.58 571.791 1738.59 -2824.58 571.791 1810.01 -2824.58 558.988 1815.31 -2815.4 565.889 1770.3 -2786.69 598.518 1756.66 -2798.94 590.48 1746.85 -2792.69 597.589 1760.5 -2780.43 605.627 1750.69 -2774.18 612.736 1737.05 -2786.43 604.698 1727.24 -2780.18 611.807 1740.89 -2767.92 619.845 1689.15 -2734.91 657.361 1617.47 -2734.91 670.211 1617.47 -2734.91 670.211 1524.47 -2734.91 686.885 1522.02 -2751.36 673.256 1429.02 -2751.36 689.929 1431.47 -2734.91 703.559 1338.46 -2734.91 720.232 1336.02 -2751.36 706.603 1243.02 -2751.36 723.276 1245.46 -2734.91 736.906 1152.46 -2734.91 753.579 1152.46 -2734.91 753.579 1076.91 -2734.91 767.124
  poly 1: 1088.07 -2732.45 740.671 1015.48 -2749.25 739.313 1011.82 -2734.51 752.575 930.994 -2753.22 751.063 934.653 -2767.95 737.801 853.827 -2786.66 736.289 850.168 -2771.92 749.551 769.342 -2790.63 748.039 773.001 -2805.37 734.777 719.637 -2817.72 733.779 719.841 -2822.22 729.885 779.892 -2822.22 719.119 782.326 -2805.85 732.694 888.374 -2805.85 713.681 885.94 -2822.22 700.106 991.988 -2822.22 681.094 994.422 -2805.85 694.668 1100.47 -2805.85 675.656 1098.04 -2822.22 662.081 1204.08 -2822.22 643.068 1206.52 -2805.85 656.643 1312.57 -2805.85 637.631 1310.13 -2822.22 624.056 1416.18 -2822.22 605.043 1418.61 -2805.85 618.618 1524.66 -2805.85 599.605 1522.23 -2822.22 586.03 1628.28 -2822.22 567.018 1630.71 -2805.85 580.593 1736.76 -2805.85 561.58 1734.32 -2822.22 548.005 1789.28 -2822.22 538.153 1794.58 -2813.05 545.055 1753.26 -2786.69 575.01 1753.26 -2786.69 575.01 1743.45 -2780.43 582.119 1757.1 -2768.18 590.157 1747.3 -2761.92 597.266 1733.65 -2774.18 589.228 1723.85 -2767.92 596.337 1723.85 -2767.92 596.337 1668.23 -2732.45 636.658 1613.22 -2732.45 646.521 1615.66 -2716 660.15 1522.66 -2716 676.824 1520.22 -2732.45 663.195 1427.22 -2732.45 679.868 1429.66 -2716 693.498 1336.66 -2716 710.171 1334.22 -2732.45 696.542 1241.22 -2732.45 713.215 1243.66 -2716 726.845 1150.66 -2716 743.518 1148.21 -2732.45 729.889 1088.07 -2732.45 740.671
element 48
  poly 0: 726.09 -2824.58 753.315 725.267 -2831.21 757.198 778.515 -2849.95 758.194 778.515 -2849.95 758.194 811.197 -2861.45 758.805 817.875 -2843.08 747.273 850.557 -2854.58 747.885 843.879 -2872.95 759.416 876.561 -2884.45 760.028 876.561 -2884.45 760.028 960.602 -2914.02 761.6 1019.13 -2914.02 751.107 1017.28 -2895.09 740.787 1109.67 -2895.09 724.223 1111.52 -2914.02 734.543 1203.91 -2914.02 717.978 1202.06 -2895.09 707.659 1294.45 -2895.09 691.095 1296.3 -2914.02 701.414 1388.7 -2914.02 684.85 1386.84 -2895.09 674.531 1479.24 -2895.09 657.967 1481.09 -2914.02 668.286 1573.48 -2914.02 651.722 1571.63 -2895.09 641.403 1664.02 -2895.09 624.839 1665.87 -2914.02 635.158 1729.22 -2914.02 623.799 1808.7 -2836.93 566.171 1801.75 -2824.58 560.467 1738.59 -2824.58 571.791 1736.76 -2805.85 561.58 1630.71 -2805.85 580.593 1632.54 -2824.58 590.804 1526.49 -2824.58 609.817 1524.66 -2805.85 599.605 1418.61 -2805.85 618.618 1420.44 -2824.58 628.829 1314.4 -2824.58 647.842 1312.57 -2805.85 637.631 1206.52 -2805.85 656.643 1208.35 -2824.58 666.855 1102.3 -2824.58 685.867 1100.47 -2805.85 675.656 994.422 -2805.85 694.668 996.252 -2824.58 704.88 890.204 -2824.58 723.892 888.374 -2805.85 713.681 782.326 -2805.85 732.694 784.156 -2824.58 742.905 726.09 -2824.58 753.315
  poly 1: 719.841 -2822.22 729.885 719.019 -2828.86 733.767 778.951 -2849.95 734.888 772.273 -2868.32 746.42 804.955 -2879.82 747.032 811.633 -2861.45 735.5 844.315 -2872.95 736.111 837.637 -2891.32 747.643 870.319 -2902.81 748.254 876.997 -2884.45 736.722 955.313 -2912 738.187 1014.9 -2912 727.504 1014.9 -2912 727.504 1107.29 -2912 710.94 1109.14 -2930.93 721.26 1201.53 -2930.93 704.695 1199.68 -2912 694.376 1292.07 -2912 677.812 1293.92 -2930.93 688.131 1386.31 -2930.93 671.567 1384.46 -2912 661.248 1476.85 -2912 644.684 1478.7 -2930.93 655.003 1571.1 -2930.93 638.439 1569.25 -2912 628.12 1661.64 -2912 611.556 1661.64 -2912 611.556 1716.4 -2912 601.738 1796.23 -2834.58 543.857 1789.28 -2822.22 538.153 1734.32 -2822.22 548.005 1734.32 -2822.22 548.005 1628.28 -2822.22 567.018 1630.11 -2840.96 577.229 1524.06 -2840.96 596.242 1522.23 -2822.22 586.03 1416.18 -2822.22 605.043 1418.01 -2840.96 615.254 1311.96 -2840.96 634.267 1310.13 -2822.22 624.056 1204.08 -2822.22 643.068 1205.91 -2840.96 653.28 1099.87 -2840.96 672.292 1098.04 -2822.22 662.081 991.988 -2822.22 681.094 993.819 -2840.96 691.305 887.771 -2840.96 710.318 885.94 -2822.22 700.106 779.892 -2822.22 719.119 779.892 -2822.22 719.119 719.841 -2822.22 729.885
element 49
  poly 0: 946.578 -2914.02 764.114 881.246 -2929.98 762.892 881.246 -2929.98 762.892 808.034 -2947.86 761.523 811.973 -2962.99 748.551 738.761 -2980.87 747.182 734.823 -2965.74 760.153 661.611 -2983.62 758.783 661.611 -2983.62 758.783 599.976 -2998.68 757.63 600.236 -3003.42 753.738 670.934 -3003.42 741.063 670.934 -3003.42 741.063 794.143 -3003.42 718.973 791.792 -3020.12 705.86 915.001 -3020.12 683.771 917.352 -3003.42 696.884 1040.56 -3003.42 674.795 1038.21 -3020.12 661.682 1161.42 -3020.12 639.592 1163.77 -3003.42 652.705 1286.98 -3003.42 630.616 1284.63 -3020.12 617.503 1407.84 -3020.12 595.414 1410.19 -3003.42 608.527 1533.4 -3003.42 586.437 1531.05 -3020.12 573.324 1654.26 -3020.12 551.235 1656.61 -3003.42 564.348 1779.82 -3003.42 542.259 1779.82 -3003.42 542.259 1849.17 -3003.42 529.825 1854.64 -2993.85 536.604 1810.77 -2964.32 568.411 1796.97 -2976.68 560.865 1789.53 -2971.67 566.259 1803.33 -2959.31 573.805 1795.89 -2954.3 579.2 1782.09 -2966.66 571.653 1774.65 -2961.65 577.048 1788.45 -2949.29 584.594 1736.07 -2914.02 622.572 1665.87 -2914.02 635.158 1665.87 -2914.02 635.158 1573.48 -2914.02 651.722 1571.1 -2930.93 638.439 1478.7 -2930.93 655.003 1481.09 -2914.02 668.286 1388.7 -2914.02 684.85 1386.31 -2930.93 671.567 1293.92 -2930.93 688.131 1296.3 -2914.02 701.414 1203.91 -2914.02 717.978 1201.53 -2930.93 704.695 1109.14 -2930.93 721.26 1111.52 -2914.02 734.543 1019.13 -2914.02 751.107 1019.13 -2914.02 751.107 946.578 -2914.02 764.114
  poly 1: 955.313 -2912 738.187 881.734 -2929.98 736.811 877.795 -2914.85 749.782 804.584 -2932.73 748.413 808.522 -2947.86 735.441 735.311 -2965.74 734.072 731.372 -2950.61 747.043 658.16 -2968.49 745.674 662.099 -2983.62 732.702 607.18 -2997.04 731.675 607.441 -3001.78 727.782 666.65 -3001.78 717.167 669.001 -2985.09 730.28 792.21 -2985.09 708.191 789.859 -3001.78 695.078 913.068 -3001.78 672.988 915.419 -2985.09 686.102 1038.63 -2985.09 664.012 1036.28 -3001.78 650.899 1159.49 -3001.78 628.81 1161.84 -2985.09 641.923 1285.05 -2985.09 619.834 1282.7 -3001.78 606.72 1405.9 -3001.78 584.631 1408.26 -2985.09 597.744 1531.46 -2985.09 575.655 1529.11 -3001.78 562.542 1652.32 -3001.78 540.452 1654.67 -2985.09 553.566 1777.88 -2985.09 531.476 1775.53 -3001.78 518.363 1830.05 -3001.78 508.589 1835.52 -2992.21 515.367 1794.09 -2964.32 545.408 1794.09 -2964.32 545.408 1786.65 -2959.31 550.802 1800.44 -2946.94 558.349 1793 -2941.94 563.743 1779.21 -2954.3 556.196 1771.77 -2949.29 561.591 1771.77 -2949.29 561.591 1716.4 -2912 601.738 1661.64 -2912 611.556 1664.02 -2895.09 624.839 1571.63 -2895.09 641.403 1569.25 -2912 628.12 1476.85 -2912 644.684 1479.24 -2895.09 657.967 1386.84 -2895.09 674.531 1384.46 -2912 661.248 1292.07 -2912 677.812 1294.45 -2895.09 691.095 1202.06 -2895.09 707.659 1199.68 -2912 694.376 1107.29 -2912 710.94 1109.67 -2895.09 724.223 1017.28 -2895.09 740.787 1014.9 -2912 727.504 955.313 -2912 738.187
element 50
  poly 0: 612.026 -3003.42 751.624 611.35 -3009.63 755.509 665.868 -3027.41 756.529 665.868 -3027.41 756.529 705.524 -3040.35 757.271 711.494 -3022.73 745.504 751.151 -3035.66 746.246 745.181 -3053.29 758.013 784.837 -3066.23 758.754 784.837 -3066.23 758.754 865.749 -3092.62 760.268 925.518 -3092.62 749.552 923.548 -3073.94 738.567 1034.18 -3073.94 718.732 1036.15 -3092.62 729.718 1146.79 -3092.62 709.883 1144.82 -3073.94 698.897 1255.45 -3073.94 679.062 1257.42 -3092.62 690.048 1368.06 -3092.62 670.213 1366.09 -3073.94 659.227 1476.72 -3073.94 639.392 1478.69 -3092.62 650.378 1589.33 -3092.62 630.543 1587.36 -3073.94 619.557 1697.99 -3073.94 599.722 1699.96 -3092.62 610.708 1763.91 -3092.62 599.242 1850.01 -3015.2 536.818 1843.41 -3003.42 530.857 1779.82 -3003.42 542.259 1777.88 -2985.09 531.476 1654.67 -2985.09 553.566 1656.61 -3003.42 564.348 1533.4 -3003.42 586.437 1531.46 -2985.09 575.655 1408.26 -2985.09 597.744 1410.19 -3003.42 608.527 1286.98 -3003.42 630.616 1285.05 -2985.09 619.834 1161.84 -2985.09 641.923 1163.77 -3003.42 652.705 1040.56 -3003.42 674.795 1038.63 -2985.09 664.012 915.419 -2985.09 686.102 917.352 -3003.42 696.884 794.143 -3003.42 718.973 792.21 -2985.09 708.191 669.001 -2985.09 730.28 670.934 -3003.42 741.063 612.026 -3003.42 751.624
  poly 1: 607.441 -3001.78 727.782 606.766 -3007.99 731.667 666.312 -3027.41 732.781 660.342 -3045.04 744.547 699.999 -3057.98 745.289 705.969 -3040.35 733.523 745.625 -3053.29 734.265 739.655 -3070.91 746.031 779.311 -3083.85 746.773 785.281 -3066.23 735.007 862.947 -3091.56 736.46 921.295 -3091.56 725.999 921.295 -3091.56 725.999 1031.93 -3091.56 706.164 1033.9 -3110.25 717.15 1144.53 -3110.25 697.315 1142.56 -3091.56 686.329 1253.2 -3091.56 666.494 1255.17 -3110.25 677.48 1365.8 -3110.25 657.645 1363.83 -3091.56 646.659 1474.47 -3091.56 626.824 1476.44 -3110.25 637.81 1587.07 -3110.25 617.975 1585.1 -3091.56 606.989 1695.74 -3091.56 587.154 1695.74 -3091.56 587.154 1749.9 -3091.56 577.443 1836.65 -3013.56 514.55 1830.05 -3001.78 508.589 1775.53 -3001.78 518.363 1775.53 -3001.78 518.363 1652.32 -3001.78 540.452 1654.26 -3020.12 551.235 1531.05 -3020.12 573.324 1529.11 -3001.78 562.542 1405.9 -3001.78 584.631 1407.84 -3020.12 595.414 1284.63 -3020.12 617.503 1282.7 -3001.78 606.72 1159.49 -3001.78 628.81 1161.42 -3020.12 639.592 1038.21 -3020.12 661.682 1036.28 -3001.78 650.899 913.068 -3001.78 672.988 915.001 -3020.12 683.771 791.792 -3020.12 705.86 789.859 -3001.78 695.078 666.65 -3001.78 717.167 666.65 -3001.78 717.167 607.441 -3001.78 727.782
element 51
  poly 0: 858.54 -3092.62 761.561 787.204 -3111.81 760.226 787.204 -3111.81 760.226 726.492 -3128.15 759.09 731.002 -3144.04 746.583 670.29 -3160.37 745.447 665.779 -3144.48 757.955 605.067 -3160.81 756.819 605.067 -3160.81 756.819 546.217 -3176.64 755.718 546.593 -3181.84 751.827 610.722 -3181.84 740.33 610.722 -3181.84 740.33 719.011 -3181.84 720.916 716.801 -3199.13 708.587 825.089 -3199.13 689.173 827.299 -3181.84 701.501 935.588 -3181.84 682.087 933.378 -3199.13 669.758 1041.67 -3199.13 650.344 1043.88 -3181.84 662.673 1152.17 -3181.84 643.259 1149.95 -3199.13 630.93 1258.24 -3199.13 611.515 1260.45 -3181.84 623.844 1368.74 -3181.84 604.43 1366.53 -3199.13 592.101 1474.82 -3199.13 572.687 1477.03 -3181.84 585.016 1585.32 -3181.84 565.601 1583.11 -3199.13 553.272 1691.4 -3199.13 533.858 1693.61 -3181.84 546.187 1801.9 -3181.84 526.773 1801.9 -3181.84 526.773 1868.05 -3181.84 514.912 1873.86 -3171.54 521.448 1831.88 -3140.41 551.885 1817.74 -3152.94 545.199 1814.05 -3150.21 547.872 1828.19 -3137.68 554.558 1824.5 -3134.95 557.231 1810.37 -3147.48 550.544 1806.68 -3144.74 553.217 1820.82 -3132.21 559.904 1767.43 -3092.62 598.612 1699.96 -3092.62 610.708 1699.96 -3092.62 610.708 1589.33 -3092.62 630.543 1587.07 -3110.25 617.975 1476.44 -3110.25 637.81 1478.69 -3092.62 650.378 1368.06 -3092.62 670.213 1365.8 -3110.25 657.645 1255.17 -3110.25 677.48 1257.42 -3092.62 690.048 1146.79 -3092.62 709.883 1144.53 -3110.25 697.315 1033.9 -3110.25 717.15 1036.15 -3092.62 729.718 925.518 -3092.62 749.552 925.518 -3092.62 749.552 858.54 -3092.62 761.561
  poly 1: 862.947 -3091.56 736.46 787.675 -3111.81 735.051 783.165 -3095.92 747.559 722.452 -3112.25 746.423 726.963 -3128.15 733.916 666.25 -3144.48 732.78 661.74 -3128.58 745.287 601.028 -3144.92 744.152 605.538 -3160.81 731.644 548.527 -3176.15 730.578 548.903 -3181.34 726.687 606.428 -3181.34 716.374 608.638 -3164.05 728.703 716.926 -3164.05 709.288 714.716 -3181.34 696.96 823.005 -3181.34 677.545 825.215 -3164.05 689.874 933.503 -3164.05 670.46 931.293 -3181.34 658.131 1039.58 -3181.34 638.717 1041.79 -3164.05 651.046 1150.08 -3164.05 631.631 1147.87 -3181.34 619.302 1256.16 -3181.34 599.888 1258.37 -3164.05 612.217 1366.66 -3164.05 592.803 1364.45 -3181.34 580.474 1472.74 -3181.34 561.059 1474.95 -3164.05 573.388 1583.23 -3164.05 553.974 1581.02 -3181.34 541.645 1689.31 -3181.34 522.231 1691.52 -3164.05 534.56 1799.81 -3164.05 515.145 1797.6 -3181.34 502.816 1851.29 -3181.34 493.191 1857.09 -3171.05 499.727 1815.78 -3140.41 529.681 1815.78 -3140.41 529.681 1812.09 -3137.68 532.354 1826.23 -3125.15 539.041 1822.54 -3122.42 541.713 1808.41 -3134.95 535.027 1804.72 -3132.21 537.7 1804.72 -3132.21 537.7 1749.9 -3091.56 577.443 1695.74 -3091.56 587.154 1697.99 -3073.94 599.722 1587.36 -3073.94 619.557 1585.1 -3091.56 606.989 1474.47 -3091.56 626.824 1476.72 -3073.94 639.392 1366.09 -3073.94 659.227 1363.83 -3091.56 646.659 1253.2 -3091.56 666.494 1255.45 -3073.94 679.062 1144.82 -3073.94 698.897 1142.56 -3091.56 686.329 1031.93 -3091.56 706.164 1034.18 -3073.94 718.732 923.548 -3073.94 738.567 921.295 -3091.56 725.999 862.947 -3091.56 736.46
element 52
  poly 0: 550.13 -3181.84 751.193 549.632 -3187.47 755.082 606.353 -3204.11 756.143 606.353 -3204.11 756.143 656.98 -3218.97 757.09 662.091 -3202.32 744.944 712.718 -3217.18 745.891 707.608 -3233.82 758.037 758.235 -3248.67 758.984 758.235 -3248.67 758.984 834.265 -3270.98 760.406 896.38 -3270.98 749.27 894.25 -3252.82 737.394 1010.58 -3252.82 716.538 1012.71 -3270.98 728.414 1129.04 -3270.98 707.558 1126.91 -3252.82 695.681 1243.25 -3252.82 674.825 1245.37 -3270.98 686.701 1361.71 -3270.98 665.845 1359.58 -3252.82 653.969 1475.91 -3252.82 633.112 1478.04 -3270.98 644.989 1594.37 -3270.98 624.132 1592.24 -3252.82 612.256 1708.57 -3252.82 591.4 1710.7 -3270.98 603.276 1775.79 -3270.98 591.606 1829.72 -3227.37 552.509 1815.19 -3214.72 546.578 1815.99 -3214.07 545.994 1830.52 -3226.72 551.925 1831.33 -3226.07 551.341 1816.8 -3213.42 545.41 1817.6 -3212.76 544.826 1832.13 -3225.42 550.757 1872.47 -3192.79 521.514 1866.33 -3181.84 515.221 1801.9 -3181.84 526.773 1799.81 -3164.05 515.145 1691.52 -3164.05 534.56 1693.61 -3181.84 546.187 1585.32 -3181.84 565.601 1583.23 -3164.05 553.974 1474.95 -3164.05 573.388 1477.03 -3181.84 585.016 1368.74 -3181.84 604.43 1366.66 -3164.05 592.803 1258.37 -3164.05 612.217 1260.45 -3181.84 623.844 1152.17 -3181.84 643.259 1150.08 -3164.05 631.631 1041.79 -3164.05 651.046 1043.88 -3181.84 662.673 935.588 -3181.84 682.087 933.503 -3164.05 670.46 825.215 -3164.05 689.874 827.299 -3181.84 701.501 719.011 -3181.84 720.916 716.926 -3164.05 709.288 608.638 -3164.05 728.703 610.722 -3181.84 740.33 550.13 -3181.84 751.193
  poly 1: 548.903 -3181.34 726.687 548.405 -3186.97 730.575 606.811 -3204.11 731.668 601.701 -3220.75 743.814 652.328 -3235.61 744.761 657.438 -3218.97 732.615 708.065 -3233.82 733.562 702.955 -3250.46 745.708 753.583 -3265.32 746.655 758.693 -3248.67 734.509 835.204 -3271.12 735.941 892.159 -3271.12 725.729 892.159 -3271.12 725.729 1008.49 -3271.12 704.873 1010.62 -3289.29 716.749 1126.95 -3289.29 695.893 1124.82 -3271.12 684.017 1241.15 -3271.12 663.161 1243.28 -3289.29 675.037 1359.62 -3289.29 654.18 1357.49 -3271.12 642.304 1473.82 -3271.12 621.448 1475.95 -3289.29 633.324 1592.28 -3289.29 612.468 1590.15 -3271.12 600.592 1706.48 -3271.12 579.735 1706.48 -3271.12 579.735 1759.97 -3271.12 570.146 1814.07 -3227.37 530.922 1814.07 -3227.37 530.922 1814.87 -3226.72 530.338 1829.4 -3239.37 536.269 1830.21 -3238.72 535.685 1815.68 -3226.07 529.754 1816.48 -3225.42 529.17 1816.48 -3225.42 529.17 1857.43 -3192.3 499.484 1851.29 -3181.34 493.191 1797.6 -3181.34 502.816 1797.6 -3181.34 502.816 1689.31 -3181.34 522.231 1691.4 -3199.13 533.858 1583.11 -3199.13 553.272 1581.02 -3181.34 541.645 1472.74 -3181.34 561.059 1474.82 -3199.13 572.687 1366.53 -3199.13 592.101 1364.45 -3181.34 580.474 1256.16 -3181.34 599.888 1258.24 -3199.13 611.515 1149.95 -3199.13 630.93 1147.87 -3181.34 619.302 1039.58 -3181.34 638.717 1041.67 -3199.13 650.344 933.378 -3199.13 669.758 931.293 -3181.34 658.131 823.005 -3181.34 677.545 825.089 -3199.13 689.173 716.801 -3199.13 708.587 714.716 -3181.34 696.96 606.428 -3181.34 716.374 606.428 -3181.34 716.374 548.903 -3181.34 726.687
element 53
  poly 0: 835.218 -3270.98 760.235 757.924 -3294.25 758.789 757.924 -3294.25 758.789 709.291 -3308.89 757.88 714.596 -3325.77 745.832 665.964 -3340.41 744.922 660.658 -3323.53 756.97 612.026 -3338.18 756.06 612.026 -3338.18 756.06 519.579 -3366.01 754.331 520.117 -3371.77 750.443 1877.1 -3371.77 507.16 1883.34 -3360.62 513.375 1836.47 -3321.72 547.357 1821.81 -3334.4 541.647 1819.44 -3332.43 543.37 1834.1 -3319.75 549.08 1831.72 -3317.78 550.803 1817.06 -3330.46 545.093 1814.68 -3328.49 546.815 1829.35 -3315.81 552.525 1775.33 -3270.98 591.689 1710.7 -3270.98 603.276 1710.7 -3270.98 603.276 1594.37 -3270.98 624.132 1592.28 -3289.29 612.468 1475.95 -3289.29 633.324 1478.04 -3270.98 644.989 1361.71 -3270.98 665.845 1359.62 -3289.29 654.18 1243.28 -3289.29 675.037 1245.37 -3270.98 686.701 1129.04 -3270.98 707.558 1126.95 -3289.29 695.893 1010.62 -3289.29 716.749 1012.71 -3270.98 728.414 896.38 -3270.98 749.27 896.38 -3270.98 749.27 835.218 -3270.98 760.235
  poly 1: 835.204 -3271.12 735.941 758.378 -3294.25 734.503 753.073 -3277.38 746.551 704.44 -3292.02 745.642 709.745 -3308.89 733.594 661.113 -3323.53 732.684 655.808 -3306.66 744.732 607.175 -3321.3 743.822 612.48 -3338.18 731.774 556.134 -3355.14 730.72 556.672 -3360.9 726.832 1848.47 -3360.9 495.235 1854.71 -3349.75 501.45 1820.94 -3321.72 525.937 1820.94 -3321.72 525.937 1818.57 -3319.75 527.66 1833.23 -3307.07 533.369 1830.85 -3305.1 535.092 1816.19 -3317.78 529.382 1813.81 -3315.81 531.105 1813.81 -3315.81 531.105 1759.97 -3271.12 570.146 1706.48 -3271.12 579.735 1708.57 -3252.82 591.4 1592.24 -3252.82 612.256 1590.15 -3271.12 600.592 1473.82 -3271.12 621.448 1475.91 -3252.82 633.112 1359.58 -3252.82 653.969 1357.49 -3271.12 642.304 1241.15 -3271.12 663.161 1243.25 -3252.82 674.825 1126.91 -3252.82 695.681 1124.82 -3271.12 684.017 1008.49 -3271.12 704.873 1010.58 -3252.82 716.538 894.25 -3252.82 737.394 892.159 -3271.12 725.729 835.204 -3271.12 735.941
element 54
  poly 0: 1711.19 -1757.33 640.589 1677.8 -1779.85 664.802 1677.8 -1779.85 664.802 1669.25 -1785.61 670.995 1666.38 -1797.97 655.538 1657.84 -1803.73 661.732 1660.71 -1791.37 677.189 1652.17 -1797.13 683.382 1652.17 -1797.13 683.382 1608.33 -1826.69 715.169 1603.59 -1836.27 707.859 1636.95 -1836.27 645.855 1636.95 -1836.27 645.855 1681.39 -1836.27 563.224 1669.67 -1852.98 556.919 1714.12 -1852.98 474.288 1725.84 -1836.27 480.594 1770.29 -1836.27 397.963 1758.57 -1852.98 391.657 1803.01 -1852.98 309.027 1814.74 -1836.27 315.332 1859.18 -1836.27 232.702 1847.46 -1852.98 226.396 1891.91 -1852.98 143.765 1903.63 -1836.27 150.071 1948.08 -1836.27 67.4402 1948.08 -1836.27 67.4402 1977.8 -1836.27 12.1943 2049.21 -1757.33 12.1943 1711.19 -1757.33 640.589
  poly 1: 1713 -1744.87 604.198 1661.13 -1779.85 641.811 1664 -1767.48 657.269 1655.46 -1773.24 663.462 1652.58 -1785.61 648.005 1644.04 -1791.37 654.198 1646.91 -1779 669.655 1638.37 -1784.76 675.849 1635.5 -1797.13 660.392 1594.07 -1825.07 690.432 1589.33 -1834.65 683.123 1615.56 -1834.65 634.354 1627.29 -1817.94 640.659 1671.73 -1817.94 558.029 1660.01 -1834.65 551.723 1704.46 -1834.65 469.093 1716.18 -1817.94 475.398 1760.63 -1817.94 392.767 1748.91 -1834.65 386.462 1793.35 -1834.65 303.831 1805.08 -1817.94 310.137 1849.52 -1817.94 227.506 1837.8 -1834.65 221.201 1882.25 -1834.65 138.57 1893.97 -1817.94 144.875 1938.42 -1817.94 62.2447 1926.7 -1834.65 55.9393 1954.21 -1834.65 4.78413 2035.43 -1744.87 4.78413 1713 -1744.87 604.198
element 55
  poly 0: 1606.33 -1836.27 702.767 1609.95 -1848.03 710.884 1696.23 -1925.5 648.328 1727.01 -1925.5 591.113 1717.18 -1906.84 585.824 1773.52 -1906.84 481.074 1783.36 -1925.5 486.363 1839.7 -1925.5 381.612 1829.87 -1906.84 376.324 1886.21 -1906.84 271.573 1896.05 -1925.5 276.862 1952.39 -1925.5 172.112 1942.56 -1906.84 166.823 1998.91 -1906.84 62.0728 2008.74 -1925.5 67.3616 2038.03 -1925.5 12.9144 1977.41 -1836.27 12.9144 1948.08 -1836.27 67.4402 1938.42 -1817.94 62.2447 1893.97 -1817.94 144.875 1903.63 -1836.27 150.071 1859.18 -1836.27 232.702 1849.52 -1817.94 227.506 1805.08 -1817.94 310.137 1814.74 -1836.27 315.332 1770.29 -1836.27 397.963 1760.63 -1817.94 392.767 1716.18 -1817.94 475.398 1725.84 -1836.27 480.594 1681.39 -1836.27 563.224 1671.73 -1817.94 558.029 1627.29 -1817.94 640.659 1636.95 -1836.27 645.855 1606.33 -1836.27 702.767
  poly 1: 1589.33 -1834.65 683.123 1592.95 -1846.41 691.241 1679.85 -1924.43 628.236 1705.92 -1924.43 579.77 1705.92 -1924.43 579.77 1762.27 -1924.43 475.019 1772.1 -1943.09 480.308 1828.44 -1943.09 375.558 1818.61 -1924.43 370.269 1874.96 -1924.43 265.519 1884.79 -1943.09 270.807 1941.14 -1943.09 166.057 1931.3 -1924.43 160.768 1987.65 -1924.43 56.018 1987.65 -1924.43 56.018 2015.21 -1924.43 4.78413 1954.21 -1834.65 4.78413 1926.7 -1834.65 55.9393 1926.7 -1834.65 55.9393 1882.25 -1834.65 138.57 1891.91 -1852.98 143.765 1847.46 -1852.98 226.396 1837.8 -1834.65 221.201 1793.35 -1834.65 303.831 1803.01 -1852.98 309.027 1758.57 -1852.98 391.657 1748.91 -1834.65 386.462 1704.46 -1834.65 469.093 1714.12 -1852.98 474.288 1669.67 -1852.98 556.919 1660.01 -1834.65 551.723 1615.56 -1834.65 634.354 1615.56 -1834.65 634.354 1589.33 -1834.65 683.123
element 56
  poly 0: 1694.52 -1925.5 651.51 1641.12 -1964.98 690.232 1641.12 -1964.98 690.232 1637.32 -1967.79 692.986 1635.33 -1980.31 677.471 1631.53 -1983.12 680.225 1633.52 -1970.6 695.739 1629.72 -1973.41 698.493 1629.72 -1973.41 698.493 1587.66 -2004.51 728.992 1583.24 -2014.78 721.452 1615.17 -2014.78 662.088 1615.17 -2014.78 662.088 1660.87 -2014.78 577.124 1649.81 -2032.07 571.171 1695.51 -2032.07 486.207 1706.58 -2014.78 492.16 1752.28 -2014.78 407.196 1741.21 -2032.07 401.243 1786.91 -2032.07 316.28 1797.98 -2014.78 322.233 1843.68 -2014.78 237.269 1832.62 -2032.07 231.316 1878.32 -2032.07 146.352 1889.39 -2014.78 152.305 1935.09 -2014.78 67.3409 1935.09 -2014.78 67.3409 1964.62 -2014.78 12.4489 2038.28 -1925.5 12.4489 2008.74 -1925.5 67.3616 2008.74 -1925.5 67.3616 1952.39 -1925.5 172.112 1941.14 -1943.09 166.057 1884.79 -1943.09 270.807 1896.05 -1925.5 276.862 1839.7 -1925.5 381.612 1828.44 -1943.09 375.558 1772.1 -1943.09 480.308 1783.36 -1925.5 486.363 1727.01 -1925.5 591.113 1727.01 -1925.5 591.113 1694.52 -1925.5 651.51
  poly 1: 1679.85 -1924.43 628.236 1625 -1964.98 668.005 1626.99 -1952.46 683.519 1623.19 -1955.26 686.273 1621.2 -1967.79 670.759 1617.4 -1970.6 673.512 1619.39 -1958.07 689.027 1615.59 -1960.88 691.78 1613.61 -1973.41 676.266 1572.31 -2003.94 706.206 1567.89 -2014.21 698.666 1593.76 -2014.21 650.573 1604.83 -1996.91 656.526 1650.53 -1996.91 571.562 1639.47 -2014.21 565.609 1685.17 -2014.21 480.645 1696.24 -1996.91 486.598 1741.94 -1996.91 401.634 1730.87 -2014.21 395.682 1776.57 -2014.21 310.718 1787.64 -1996.91 316.671 1833.34 -1996.91 231.707 1822.28 -2014.21 225.754 1867.98 -2014.21 140.79 1879.05 -1996.91 146.743 1924.75 -1996.91 61.779 1913.68 -2014.21 55.8261 1941.14 -2014.21 4.78413 2015.21 -1924.43 4.78413 1987.65 -1924.43 56.018 1998.91 -1906.84 62.0728 1942.56 -1906.84 166.823 1931.3 -1924.43 160.768 1874.96 -1924.43 265.519 1886.21 -1906.84 271.573 1829.87 -1906.84 376.324 1818.61 -1924.43 370.269 1762.27 -1924.43 475.019 1773.52 -1906.84 481.074 1717.18 -1906.84 585.824 1705.92 -1924.43 579.77 1679.85 -1924.43 628.236
element 57
  poly 0: 1584.19 -2014.78 719.676 1588.22 -2025.82 727.5 1628.38 -2058.64 698.382 1628.38 -2058.64 698.382 1628.86 -2059.04 698.032 1627.85 -2046.38 682.354 1628.33 -2046.77 682.004 1629.35 -2059.43 697.681 1629.83 -2059.83 697.33 1629.83 -2059.83 697.33 1683.87 -2104 658.151 1715.02 -2104 600.229 1704.49 -2085.8 594.563 1745.45 -2085.8 518.424 1755.98 -2104 524.09 1796.94 -2104 447.951 1786.4 -2085.8 442.285 1827.36 -2085.8 366.146 1837.89 -2104 371.811 1878.85 -2104 295.672 1868.32 -2085.8 290.006 1909.27 -2085.8 213.867 1919.8 -2104 219.533 1960.76 -2104 143.394 1950.23 -2085.8 137.728 1991.18 -2085.8 61.5885 2001.72 -2104 67.2543 2031.06 -2104 12.7018 1964.48 -2014.78 12.7018 1935.09 -2014.78 67.3409 1924.75 -1996.91 61.779 1879.05 -1996.91 146.743 1889.39 -2014.78 152.305 1843.68 -2014.78 237.269 1833.34 -1996.91 231.707 1787.64 -1996.91 316.671 1797.98 -2014.78 322.233 1752.28 -2014.78 407.196 1741.94 -1996.91 401.634 1696.24 -1996.91 486.598 1706.58 -2014.78 492.16 1660.87 -2014.78 577.124 1650.53 -1996.91 571.562 1604.83 -1996.91 656.526 1615.17 -2014.78 662.088 1584.19 -2014.78 719.676
  poly 1: 1567.89 -2014.21 698.666 1571.92 -2025.25 706.489 1612.78 -2058.64 676.866 1613.8 -2071.31 692.543 1614.28 -2071.7 692.192 1613.26 -2059.04 676.515 1613.75 -2059.43 676.164 1614.76 -2072.1 691.842 1615.25 -2072.49 691.491 1614.23 -2059.83 675.813 1668.25 -2103.99 636.647 1693.94 -2103.99 588.888 1693.94 -2103.99 588.888 1734.9 -2103.99 512.748 1745.43 -2122.19 518.414 1786.38 -2122.19 442.275 1775.85 -2103.99 436.609 1816.81 -2103.99 360.47 1827.34 -2122.19 366.136 1868.3 -2122.19 289.996 1857.76 -2103.99 284.331 1898.72 -2103.99 208.191 1909.25 -2122.19 213.857 1950.21 -2122.19 137.718 1939.67 -2103.99 132.052 1980.63 -2103.99 55.9127 1980.63 -2103.99 55.9127 2008.13 -2103.99 4.78413 1941.14 -2014.21 4.78413 1913.68 -2014.21 55.8261 1913.68 -2014.21 55.8261 1867.98 -2014.21 140.79 1878.32 -2032.07 146.352 1832.62 -2032.07 231.316 1822.28 -2014.21 225.754 1776.57 -2014.21 310.718 1786.91 -2032.07 316.28 1741.21 -2032.07 401.243 1730.87 -2014.21 395.682 1685.17 -2014.21 480.645 1695.51 -2032.07 486.207 1649.81 -2032.07 571.171 1639.47 -2014.21 565.609 1593.76 -2014.21 650.573 1593.76 -2014.21 650.573 1567.89 -2014.21 698.666
element 58
  poly 0: 1683.85 -2104 658.192 1629.82 -2148.05 697.365 1629.82 -2148.05 697.365 1629.26 -2148.51 697.77 1628.22 -2161.17 682.098 1627.66 -2161.62 682.503 1628.7 -2148.96 698.175 1628.14 -2149.42 698.581 1628.14 -2149.42 698.581 1587.94 -2182.2 727.731 1583.9 -2193.22 719.915 1614.89 -2193.22 662.309 1614.89 -2193.22 662.309 1660.61 -2193.22 577.313 1650.25 -2211.07 571.742 1695.97 -2211.07 486.747 1706.33 -2193.22 492.318 1752.05 -2193.22 407.322 1741.69 -2211.07 401.751 1787.41 -2211.07 316.755 1797.76 -2193.22 322.326 1843.48 -2193.22 237.33 1833.13 -2211.07 231.759 1878.85 -2211.07 146.764 1889.2 -2193.22 152.335 1934.92 -2193.22 67.3388 1934.92 -2193.22 67.3388 1964.32 -2193.22 12.6958 2031.06 -2104 12.6958 2001.72 -2104 67.2543 2001.72 -2104 67.2543 1960.76 -2104 143.394 1950.21 -2122.19 137.718 1909.25 -2122.19 213.857 1919.8 -2104 219.533 1878.85 -2104 295.672 1868.3 -2122.19 289.996 1827.34 -2122.19 366.136 1837.89 -2104 371.811 1796.94 -2104 447.951 1786.38 -2122.19 442.275 1745.43 -2122.19 518.414 1755.98 -2104 524.09 1715.02 -2104 600.229 1715.02 -2104 600.229 1683.85 -2104 658.192
  poly 1: 1668.25 -2103.99 636.647 1614.21 -2148.05 675.831 1615.25 -2135.39 691.503 1614.69 -2135.85 691.909 1613.65 -2148.51 676.237 1613.09 -2148.96 676.642 1614.13 -2136.31 692.314 1613.57 -2136.76 692.719 1612.53 -2149.42 677.047 1571.65 -2182.75 706.684 1567.62 -2193.77 698.868 1593.48 -2193.77 650.793 1603.83 -2175.92 656.363 1649.55 -2175.92 571.368 1639.2 -2193.77 565.797 1684.92 -2193.77 480.801 1695.27 -2175.92 486.372 1740.99 -2175.92 401.376 1730.63 -2193.77 395.805 1776.35 -2193.77 310.809 1786.71 -2175.92 316.38 1832.43 -2175.92 231.385 1822.07 -2193.77 225.814 1867.79 -2193.77 140.818 1878.15 -2175.92 146.389 1923.87 -2175.92 61.3931 1913.51 -2193.77 55.8221 1940.97 -2193.77 4.78413 2008.13 -2103.99 4.78413 1980.63 -2103.99 55.9127 1991.18 -2085.8 61.5885 1950.23 -2085.8 137.728 1939.67 -2103.99 132.052 1898.72 -2103.99 208.191 1909.27 -2085.8 213.867 1868.32 -2085.8 290.006 1857.76 -2103.99 284.331 1816.81 -2103.99 360.47 1827.36 -2085.8 366.146 1786.4 -2085.8 442.285 1775.85 -2103.99 436.609 1734.9 -2103.99 512.748 1745.45 -2085.8 518.424 1704.49 -2085.8 594.563 1693.94 -2103.99 588.888 1668.25 -2103.99 636.647
element 59
  poly 0: 1582.98 -2193.22 721.618 1587.4 -2203.5 729.163 1629.43 -2234.63 698.688 1629.43 -2234.63 698.688 1633.16 -2237.4 695.978 1631.19 -2224.87 680.462 1634.93 -2227.64 677.752 1636.9 -2240.17 693.268 1640.64 -2242.93 690.558 1640.64 -2242.93 690.558 1694.06 -2282.5 651.822 1726.53 -2282.5 591.472 1715.28 -2264.9 585.424 1771.67 -2264.9 480.602 1782.91 -2282.5 486.65 1839.3 -2282.5 381.827 1828.05 -2264.9 375.779 1884.44 -2264.9 270.957 1895.68 -2282.5 277.005 1952.07 -2282.5 172.182 1940.82 -2264.9 166.134 1997.21 -2264.9 61.3118 2008.45 -2282.5 67.3598 2037.99 -2282.5 12.4533 1964.45 -2193.22 12.4533 1934.92 -2193.22 67.3388 1923.87 -2175.92 61.3931 1878.15 -2175.92 146.389 1889.2 -2193.22 152.335 1843.48 -2193.22 237.33 1832.43 -2175.92 231.385 1786.71 -2175.92 316.38 1797.76 -2193.22 322.326 1752.05 -2193.22 407.322 1740.99 -2175.92 401.376 1695.27 -2175.92 486.372 1706.33 -2193.22 492.318 1660.61 -2193.22 577.313 1649.55 -2175.92 571.368 1603.83 -2175.92 656.363 1614.89 -2193.22 662.309 1582.98 -2193.22 721.618
  poly 1: 1567.62 -2193.77 698.868 1572.03 -2204.05 706.413 1613.32 -2234.63 676.474 1615.29 -2247.16 691.99 1619.03 -2249.93 689.28 1617.06 -2237.4 673.764 1620.8 -2240.17 671.054 1622.77 -2252.69 686.57 1626.51 -2255.46 683.86 1624.53 -2242.93 668.344 1679.37 -2283.55 628.582 1705.44 -2283.55 580.128 1705.44 -2283.55 580.128 1761.82 -2283.55 475.305 1773.07 -2301.15 481.353 1829.45 -2301.15 376.531 1818.21 -2283.55 370.483 1874.59 -2283.55 265.66 1885.83 -2301.15 271.708 1942.22 -2301.15 166.886 1930.98 -2283.55 160.838 1987.36 -2283.55 56.0154 1987.36 -2283.55 56.0154 2014.92 -2283.55 4.78413 1940.97 -2193.77 4.78413 1913.51 -2193.77 55.8221 1913.51 -2193.77 55.8221 1867.79 -2193.77 140.818 1878.85 -2211.07 146.764 1833.13 -2211.07 231.759 1822.07 -2193.77 225.814 1776.35 -2193.77 310.809 1787.41 -2211.07 316.755 1741.69 -2211.07 401.751 1730.63 -2193.77 395.805 1684.92 -2193.77 480.801 1695.97 -2211.07 486.747 1650.25 -2211.07 571.742 1639.2 -2193.77 565.797 1593.48 -2193.77 650.793 1593.48 -2193.77 650.793 1567.62 -2193.77 698.868
element 60
  poly 0: 1695.74 -2282.5 648.699 1609.25 -2360 711.415 1605.61 -2371.75 703.304 1636.24 -2371.75 646.367 1636.24 -2371.75 646.367 1680.73 -2371.75 563.663 1671.05 -2390.08 558.456 1715.54 -2390.08 475.751 1725.22 -2371.75 480.958 1769.7 -2371.75 398.253 1760.02 -2390.08 393.047 1804.51 -2390.08 310.342 1814.19 -2371.75 315.549 1858.68 -2371.75 232.844 1849 -2390.08 227.638 1893.49 -2390.08 144.933 1903.16 -2371.75 150.14 1947.65 -2371.75 67.4352 1947.65 -2371.75 67.4352 1976.98 -2371.75 12.91 2037.74 -2282.5 12.91 2008.45 -2282.5 67.3598 2008.45 -2282.5 67.3598 1952.07 -2282.5 172.182 1942.22 -2301.15 166.886 1885.83 -2301.15 271.708 1895.68 -2282.5 277.005 1839.3 -2282.5 381.827 1829.45 -2301.15 376.531 1773.07 -2301.15 481.353 1782.91 -2282.5 486.65 1726.53 -2282.5 591.472 1726.53 -2282.5 591.472 1695.74 -2282.5 648.699
  poly 1: 1679.37 -2283.55 628.582 1592.28 -2361.58 691.727 1588.65 -2373.33 683.616 1614.87 -2373.33 634.872 1624.55 -2354.99 640.079 1669.04 -2354.99 557.374 1659.36 -2373.33 552.167 1703.85 -2373.33 469.463 1713.53 -2354.99 474.67 1758.01 -2354.99 391.965 1748.33 -2373.33 386.758 1792.82 -2373.33 304.054 1802.5 -2354.99 309.26 1846.99 -2354.99 226.556 1837.31 -2373.33 221.349 1881.79 -2373.33 138.645 1891.47 -2354.99 143.851 1935.96 -2354.99 61.1468 1926.28 -2373.33 55.94 1953.8 -2373.33 4.78413 2014.92 -2283.55 4.78413 1987.36 -2283.55 56.0154 1997.21 -2264.9 61.3118 1940.82 -2264.9 166.134 1930.98 -2283.55 160.838 1874.59 -2283.55 265.66 1884.44 -2264.9 270.957 1828.05 -2264.9 375.779 1818.21 -2283.55 370.483 1761.82 -2283.55 475.305 1771.67 -2264.9 480.602 1715.28 -2264.9 585.424 1705.44 -2283.55 580.128 1679.37 -2283.55 628.582
element 61
  poly 0: 1602.96 -2371.75 708.246 1607.68 -2381.37 715.568 1651.42 -2411.03 683.85 1651.42 -2411.03 683.85 1658.57 -2415.88 678.664 1655.76 -2403.51 663.206 1662.91 -2408.36 658.021 1665.73 -2420.73 673.478 1672.88 -2425.58 668.293 1672.88 -2425.58 668.293 1725.37 -2461.17 630.236 1759.05 -2461.17 567.627 1747.21 -2444.21 561.26 1801.02 -2444.21 461.223 1812.86 -2461.17 467.59 1866.67 -2461.17 367.553 1854.83 -2444.21 361.186 1908.64 -2444.21 261.149 1920.48 -2461.17 267.516 1974.29 -2461.17 167.479 1962.45 -2444.21 161.112 2016.26 -2444.21 61.0754 2028.1 -2461.17 67.4421 2057.81 -2461.17 12.2102 1977.36 -2371.75 12.2102 1947.65 -2371.75 67.4352 1935.96 -2354.99 61.1468 1891.47 -2354.99 143.851 1903.16 -2371.75 150.14 1858.68 -2371.75 232.844 1846.99 -2354.99 226.556 1802.5 -2354.99 309.26 1814.19 -2371.75 315.549 1769.7 -2371.75 398.253 1758.01 -2354.99 391.965 1713.53 -2354.99 474.67 1725.22 -2371.75 480.958 1680.73 -2371.75 563.663 1669.04 -2354.99 557.374 1624.55 -2354.99 640.079 1636.24 -2371.75 646.367 1602.96 -2371.75 708.246
  poly 1: 1588.65 -2373.33 683.616 1593.37 -2382.95 690.938 1634.79 -2411.03 660.908 1637.61 -2423.41 676.366 1644.76 -2428.26 671.18 1641.94 -2415.88 655.723 1649.09 -2420.73 650.537 1651.91 -2433.1 665.995 1659.06 -2437.95 660.809 1656.25 -2425.58 645.351 1711.59 -2463.11 605.222 1737.93 -2463.11 556.266 1737.93 -2463.11 556.266 1791.74 -2463.11 456.229 1803.57 -2480.07 462.596 1857.38 -2480.07 362.559 1845.55 -2463.11 356.192 1899.36 -2463.11 256.156 1911.19 -2480.07 262.522 1965 -2480.07 162.485 1953.17 -2463.11 156.119 2006.98 -2463.11 56.0817 2006.98 -2463.11 56.0817 2034.57 -2463.11 4.78413 1953.8 -2373.33 4.78413 1926.28 -2373.33 55.94 1926.28 -2373.33 55.94 1881.79 -2373.33 138.645 1893.49 -2390.08 144.933 1849 -2390.08 227.638 1837.31 -2373.33 221.349 1792.82 -2373.33 304.054 1804.51 -2390.08 310.342 1760.02 -2390.08 393.047 1748.33 -2373.33 386.758 1703.85 -2373.33 469.463 1715.54 -2390.08 475.751 1671.05 -2390.08 558.456 1659.36 -2373.33 552.167 1614.87 -2373.33 634.872 1614.87 -2373.33 634.872 1588.65 -2373.33 683.616
element 62
  poly 0: 1728.53 -2461.17 624.352 1648.46 -2538.29 682.408 1645.17 -2550.59 674.052 1675.58 -2550.59 617.508 1675.58 -2550.59 617.508 1717.85 -2550.59 538.934 1708.67 -2569.28 533.995 1750.93 -2569.28 455.421 1760.11 -2550.59 460.36 1802.38 -2550.59 381.785 1793.2 -2569.28 376.847 1835.46 -2569.28 298.273 1844.64 -2550.59 303.211 1886.91 -2550.59 224.637 1877.73 -2569.28 219.699 1919.99 -2569.28 141.125 1929.18 -2550.59 146.063 1971.44 -2550.59 67.4891 1971.44 -2550.59 67.4891 2000.72 -2550.59 13.0586 2057.35 -2461.17 13.0586 2028.1 -2461.17 67.4421 2028.1 -2461.17 67.4421 1974.29 -2461.17 167.479 1965 -2480.07 162.485 1911.19 -2480.07 262.522 1920.48 -2461.17 267.516 1866.67 -2461.17 367.553 1857.38 -2480.07 362.559 1803.57 -2480.07 462.596 1812.86 -2461.17 467.59 1759.05 -2461.17 567.627 1759.05 -2461.17 567.627 1728.53 -2461.17 624.352
  poly 1: 1711.59 -2463.11 605.222 1631.15 -2540.59 663.546 1627.86 -2552.89 655.19 1654.29 -2552.89 606.053 1663.47 -2534.19 610.992 1705.73 -2534.19 532.418 1696.55 -2552.89 527.479 1738.82 -2552.89 448.905 1748 -2534.19 453.844 1790.27 -2534.19 375.27 1781.08 -2552.89 370.331 1823.35 -2552.89 291.757 1832.53 -2534.19 296.696 1874.8 -2534.19 218.121 1865.62 -2552.89 213.183 1907.88 -2552.89 134.609 1917.06 -2534.19 139.547 1959.33 -2534.19 60.9733 1950.15 -2552.89 56.0347 1977.71 -2552.89 4.78413 2034.57 -2463.11 4.78413 2006.98 -2463.11 56.0817 2016.26 -2444.21 61.0754 1962.45 -2444.21 161.112 1953.17 -2463.11 156.119 1899.36 -2463.11 256.156 1908.64 -2444.21 261.149 1854.83 -2444.21 361.186 1845.55 -2463.11 356.192 1791.74 -2463.11 456.229 1801.02 -2444.21 461.223 1747.21 -2444.21 561.26 1737.93 -2463.11 556.266 1711.59 -2463.11 605.222
element 63
  poly 0: 1641.29 -2550.59 681.256 1646.19 -2559.8 688.448 1691.11 -2588.56 655.883 1691.11 -2588.56 655.883 1700.73 -2594.73 648.902 1697.37 -2582.47 633.435 1707 -2588.63 626.454 1710.36 -2600.9 641.922 1719.99 -2607.06 634.941 1719.99 -2607.06 634.941 1771.76 -2640.22 597.401 1806.22 -2640.22 533.352 1794.04 -2623.74 526.802 1844.16 -2623.74 433.63 1856.33 -2640.22 440.179 1906.45 -2640.22 347.007 1894.28 -2623.74 340.458 1944.39 -2623.74 247.285 1956.57 -2640.22 253.835 2006.69 -2640.22 160.662 1994.51 -2623.74 154.113 2044.63 -2623.74 60.9403 2056.81 -2640.22 67.4897 2086.63 -2640.22 12.0431 2001.27 -2550.59 12.0431 1971.44 -2550.59 67.4891 1959.33 -2534.19 60.9733 1917.06 -2534.19 139.547 1929.18 -2550.59 146.063 1886.91 -2550.59 224.637 1874.8 -2534.19 218.121 1832.53 -2534.19 296.696 1844.64 -2550.59 303.211 1802.38 -2550.59 381.785 1790.27 -2534.19 375.27 1748 -2534.19 453.844 1760.11 -2550.59 460.36 1717.85 -2550.59 538.934 1705.73 -2534.19 532.418 1663.47 -2534.19 610.992 1675.58 -2550.59 617.508 1641.29 -2550.59 681.256
  poly 1: 1627.86 -2552.89 655.19 1632.76 -2562.09 662.381 1674.09 -2588.56 632.413 1677.45 -2600.83 647.881 1687.08 -2606.99 640.9 1683.72 -2594.73 625.433 1693.34 -2600.9 618.452 1696.7 -2613.16 633.92 1706.33 -2619.33 626.939 1702.97 -2607.06 611.472 1758.56 -2642.67 571.166 1785.03 -2642.67 521.957 1785.03 -2642.67 521.957 1835.15 -2642.67 428.784 1847.33 -2659.15 435.334 1897.44 -2659.15 342.161 1885.27 -2642.67 335.612 1935.39 -2642.67 242.439 1947.56 -2659.15 248.989 1997.68 -2659.15 155.816 1985.5 -2642.67 149.267 2035.62 -2642.67 56.0945 2035.62 -2642.67 56.0945 2063.22 -2642.67 4.78413 1977.71 -2552.89 4.78413 1950.15 -2552.89 56.0347 1950.15 -2552.89 56.0347 1907.88 -2552.89 134.609 1919.99 -2569.28 141.125 1877.73 -2569.28 219.699 1865.62 -2552.89 213.183 1823.35 -2552.89 291.757 1835.46 -2569.28 298.273 1793.2 -2569.28 376.847 1781.08 -2552.89 370.331 1738.82 -2552.89 448.905 1750.93 -2569.28 455.421 1708.67 -2569.28 533.995 1696.55 -2552.89 527.479 1654.29 -2552.89 606.053 1654.29 -2552.89 606.053 1627.86 -2552.89 655.19
element 64
  poly 0: 1775.84 -2640.22 589.823 1734.31 -2681.5 619.936 1734.31 -2681.5 619.936 1730.25 -2685.53 622.877 1731.16 -2698.3 606.627 1727.1 -2702.33 609.568 1726.2 -2689.56 625.818 1722.14 -2693.6 628.759 1722.14 -2693.6 628.759 1685.54 -2729.98 655.298 1723.32 -2729.98 585.061 1723.32 -2729.98 585.061 1779 -2729.98 481.547 1770 -2748.89 476.705 1825.68 -2748.89 373.191 1834.68 -2729.98 378.034 1890.36 -2729.98 274.52 1881.36 -2748.89 269.678 1937.04 -2748.89 166.164 1946.04 -2729.98 171.006 2001.72 -2729.98 67.4929 2001.72 -2729.98 67.4929 2030.97 -2729.98 13.119 2086.05 -2640.22 13.119 2056.81 -2640.22 67.4897 2056.81 -2640.22 67.4897 2006.69 -2640.22 160.662 1997.68 -2659.15 155.816 1947.56 -2659.15 248.989 1956.57 -2640.22 253.835 1906.45 -2640.22 347.007 1897.44 -2659.15 342.161 1847.33 -2659.15 435.334 1856.33 -2640.22 440.179 1806.22 -2640.22 533.352 1806.22 -2640.22 533.352 1775.84 -2640.22 589.823
  poly 1: 1758.56 -2642.67 571.166 1719.49 -2681.5 599.496 1718.58 -2668.74 615.746 1714.53 -2672.77 618.687 1715.43 -2685.53 602.437 1711.38 -2689.56 605.378 1710.47 -2676.8 621.628 1706.41 -2680.83 624.568 1707.32 -2693.6 608.319 1668.23 -2732.45 636.658 1702.12 -2732.45 573.659 1711.12 -2713.53 578.501 1766.8 -2713.53 474.988 1757.8 -2732.45 470.146 1813.48 -2732.45 366.632 1822.49 -2713.53 371.474 1878.17 -2713.53 267.961 1869.16 -2732.45 263.118 1924.84 -2732.45 159.605 1933.85 -2713.53 164.447 1989.53 -2713.53 60.9334 1980.53 -2732.45 56.0913 2008.12 -2732.45 4.78413 2063.22 -2642.67 4.78413 2035.62 -2642.67 56.0945 2044.63 -2623.74 60.9403 1994.51 -2623.74 154.113 1985.5 -2642.67 149.267 1935.39 -2642.67 242.439 1944.39 -2623.74 247.285 1894.28 -2623.74 340.458 1885.27 -2642.67 335.612 1835.15 -2642.67 428.784 1844.16 -2623.74 433.63 1794.04 -2623.74 526.802 1785.03 -2642.67 521.957 1758.56 -2642.67 571.166
element 65
  poly 0: 1690.88 -2729.98 645.356 1695.8 -2739.16 652.539 1740.89 -2767.92 619.845 1740.89 -2767.92 619.845 1750.69 -2774.18 612.736 1747.3 -2761.92 597.266 1757.1 -2768.18 590.157 1760.5 -2780.43 605.627 1770.3 -2786.69 598.518 1770.3 -2786.69 598.518 1822.32 -2819.87 560.804 1856.69 -2819.87 496.906 1844.54 -2803.49 490.373 1890.74 -2803.49 404.49 1902.89 -2819.87 411.023 1949.08 -2819.87 325.141 1936.94 -2803.49 318.607 1983.13 -2803.49 232.725 1995.28 -2819.87 239.258 2041.48 -2819.87 153.375 2029.33 -2803.49 146.842 2075.53 -2803.49 60.9593 2087.67 -2819.87 67.4925 2117.51 -2819.87 12.0314 2031.55 -2729.98 12.0314 2001.72 -2729.98 67.4929 1989.53 -2713.53 60.9334 1933.85 -2713.53 164.447 1946.04 -2729.98 171.006 1890.36 -2729.98 274.52 1878.17 -2713.53 267.961 1822.49 -2713.53 371.474 1834.68 -2729.98 378.034 1779 -2729.98 481.547 1766.8 -2713.53 474.988 1711.12 -2713.53 578.501 1723.32 -2729.98 585.061 1690.88 -2729.98 645.356
  poly 1: 1677.71 -2732.45 619.045 1682.62 -2741.62 626.227 1723.85 -2767.92 596.337 1727.24 -2780.18 611.807 1737.05 -2786.43 604.698 1733.65 -2774.18 589.228 1743.45 -2780.43 582.119 1746.85 -2792.69 597.589 1756.66 -2798.94 590.48 1753.26 -2786.69 575.01 1808.96 -2822.22 534.624 1835.41 -2822.22 485.458 1835.41 -2822.22 485.458 1881.6 -2822.22 399.575 1893.75 -2838.6 406.109 1939.95 -2838.6 320.226 1927.8 -2822.22 313.693 1974 -2822.22 227.81 1986.14 -2838.6 234.343 2032.34 -2838.6 148.461 2020.2 -2822.22 141.927 2066.39 -2822.22 56.0448 2066.39 -2822.22 56.0448 2093.97 -2822.22 4.78413 2008.12 -2732.45 4.78413 1980.53 -2732.45 56.0913 1980.53 -2732.45 56.0913 1924.84 -2732.45 159.605 1937.04 -2748.89 166.164 1881.36 -2748.89 269.678 1869.16 -2732.45 263.118 1813.48 -2732.45 366.632 1825.68 -2748.89 373.191 1770 -2748.89 476.705 1757.8 -2732.45 470.146 1702.12 -2732.45 573.659 1702.12 -2732.45 573.659 1677.71 -2732.45 619.045
element 66
  poly 0: 1826.29 -2819.87 553.421 1746.11 -2897.64 611.554 1742.85 -2909.99 603.174 1773.34 -2909.99 546.488 1773.34 -2909.99 546.488 1824.88 -2909.99 450.68 1815.65 -2928.92 445.714 1867.18 -2928.92 349.906 1876.41 -2909.99 354.872 1927.95 -2909.99 259.064 1918.72 -2928.92 254.098 1970.25 -2928.92 158.29 1979.49 -2909.99 163.256 2031.02 -2909.99 67.4482 2031.02 -2909.99 67.4482 2060.27 -2909.99 13.0722 2116.95 -2819.87 13.0722 2087.67 -2819.87 67.4925 2087.67 -2819.87 67.4925 2041.48 -2819.87 153.375 2032.34 -2838.6 148.461 1986.14 -2838.6 234.343 1995.28 -2819.87 239.258 1949.08 -2819.87 325.141 1939.95 -2838.6 320.226 1893.75 -2838.6 406.109 1902.89 -2819.87 411.023 1856.69 -2819.87 496.906 1856.69 -2819.87 496.906 1826.29 -2819.87 553.421
  poly 1: 1808.96 -2822.22 534.624 1729.13 -2899.65 592.504 1725.87 -2912 584.124 1752.23 -2912 535.129 1761.46 -2893.08 540.095 1812.99 -2893.08 444.287 1803.76 -2912 439.321 1855.3 -2912 343.513 1864.53 -2893.08 348.479 1916.07 -2893.08 252.671 1906.83 -2912 247.705 1958.37 -2912 151.897 1967.6 -2893.08 156.863 2019.14 -2893.08 61.0555 2009.9 -2912 56.0891 2037.5 -2912 4.78413 2093.97 -2822.22 4.78413 2066.39 -2822.22 56.0448 2075.53 -2803.49 60.9593 2029.33 -2803.49 146.842 2020.2 -2822.22 141.927 1974 -2822.22 227.81 1983.13 -2803.49 232.725 1936.94 -2803.49 318.607 1927.8 -2822.22 313.693 1881.6 -2822.22 399.575 1890.74 -2803.49 404.49 1844.54 -2803.49 490.373 1835.41 -2822.22 485.458 1808.96 -2822.22 534.624
element 67
  poly 0: 1739.56 -2909.99 609.297 1744.3 -2919.56 616.603 1788.45 -2949.29 584.594 1788.45 -2949.29 584.594 1795.89 -2954.3 579.2 1793 -2941.94 563.743 1800.44 -2946.94 558.349 1803.33 -2959.31 573.805 1810.77 -2964.32 568.411 1810.77 -2964.32 568.411 1863.98 -3000.14 529.83 1897.36 -3000.14 467.78 1885.62 -2983.45 461.469 1928.69 -2983.45 381.402 1940.42 -3000.14 387.713 1983.49 -3000.14 307.645 1971.76 -2983.45 301.334 2014.83 -2983.45 221.266 2026.56 -3000.14 227.577 2069.63 -3000.14 147.509 2057.9 -2983.45 141.198 2100.97 -2983.45 61.1307 2112.7 -3000.14 67.4417 2142.42 -3000.14 12.1902 2060.75 -2909.99 12.1902 2031.02 -2909.99 67.4482 2019.14 -2893.08 61.0555 1967.6 -2893.08 156.863 1979.49 -2909.99 163.256 1927.95 -2909.99 259.064 1916.07 -2893.08 252.671 1864.53 -2893.08 348.479 1876.41 -2909.99 354.872 1824.88 -2909.99 450.68 1812.99 -2893.08 444.287 1761.46 -2893.08 540.095 1773.34 -2909.99 546.488 1739.56 -2909.99 609.297
  poly 1: 1725.87 -2912 584.124 1730.61 -2921.58 591.43 1771.77 -2949.29 561.591 1774.65 -2961.65 577.048 1782.09 -2966.66 571.653 1779.21 -2954.3 556.196 1786.65 -2959.31 550.802 1789.53 -2971.67 566.259 1796.97 -2976.68 560.865 1794.09 -2964.32 545.408 1849.74 -3001.78 505.059 1875.98 -3001.78 456.28 1875.98 -3001.78 456.28 1919.04 -3001.78 376.212 1930.78 -3018.48 382.523 1973.85 -3018.48 302.456 1962.11 -3001.78 296.145 2005.18 -3001.78 216.077 2016.92 -3018.48 222.388 2059.98 -3018.48 142.32 2048.25 -3001.78 136.009 2091.32 -3001.78 55.9413 2091.32 -3001.78 55.9413 2118.84 -3001.78 4.78413 2037.5 -2912 4.78413 2009.9 -2912 56.0891 2009.9 -2912 56.0891 1958.37 -2912 151.897 1970.25 -2928.92 158.29 1918.72 -2928.92 254.098 1906.83 -2912 247.705 1855.3 -2912 343.513 1867.18 -2928.92 349.906 1815.65 -2928.92 445.714 1803.76 -2912 439.321 1752.23 -2912 535.129 1752.23 -2912 535.129 1725.87 -2912 584.124
element 68
  poly 0: 1866.75 -3000.14 524.682 1779.36 -3078.73 588.044 1775.74 -3090.5 579.921 1806.52 -3090.5 522.703 1806.52 -3090.5 522.703 1855.51 -3090.5 431.634 1845.68 -3109.19 426.347 1894.66 -3109.19 335.278 1904.49 -3090.5 340.565 1953.48 -3090.5 249.497 1943.65 -3109.19 244.209 1992.64 -3109.19 153.141 2002.47 -3090.5 158.428 2051.45 -3090.5 67.3594 2051.45 -3090.5 67.3594 2080.74 -3090.5 12.9179 2142.03 -3000.14 12.9179 2112.7 -3000.14 67.4417 2112.7 -3000.14 67.4417 2069.63 -3000.14 147.509 2059.98 -3018.48 142.32 2016.92 -3018.48 222.388 2026.56 -3000.14 227.577 1983.49 -3000.14 307.645 1973.85 -3018.48 302.456 1930.78 -3018.48 382.523 1940.42 -3000.14 387.713 1897.36 -3000.14 467.78 1897.36 -3000.14 467.78 1866.75 -3000.14 524.682
  poly 1: 1849.74 -3001.78 505.059 1762.99 -3079.79 567.952 1759.38 -3091.56 559.83 1785.45 -3091.56 511.367 1795.28 -3072.88 516.654 1844.26 -3072.88 425.586 1834.43 -3091.56 420.298 1883.42 -3091.56 329.23 1893.25 -3072.88 334.517 1942.24 -3072.88 243.448 1932.41 -3091.56 238.161 1981.39 -3091.56 147.092 1991.22 -3072.88 152.38 2040.21 -3072.88 61.3109 2030.38 -3091.56 56.0236 2057.94 -3091.56 4.78413 2118.84 -3001.78 4.78413 2091.32 -3001.78 55.9413 2100.97 -2983.45 61.1307 2057.9 -2983.45 141.198 2048.25 -3001.78 136.009 2005.18 -3001.78 216.077 2014.83 -2983.45 221.266 1971.76 -2983.45 301.334 1962.11 -3001.78 296.145 1919.04 -3001.78 376.212 1928.69 -2983.45 381.402 1885.62 -2983.45 461.469 1875.98 -3001.78 456.28 1849.74 -3001.78 505.059
element 69
  poly 0: 1774.05 -3090.5 583.069 1778.46 -3100.8 590.617 1820.82 -3132.21 559.904 1820.82 -3132.21 559.904 1824.5 -3134.95 557.231 1822.54 -3122.42 541.713 1826.23 -3125.15 539.041 1828.19 -3137.68 554.558 1831.88 -3140.41 551.885 1831.88 -3140.41 551.885 1886.41 -3180.85 512.35 1918.24 -3180.85 453.158 1907.21 -3163.56 447.224 1948.72 -3163.56 370.06 1959.75 -3180.85 375.993 2001.26 -3180.85 298.829 1990.23 -3163.56 292.895 2031.74 -3163.56 215.731 2042.77 -3180.85 221.664 2084.27 -3180.85 144.5 2073.24 -3163.56 138.566 2114.75 -3163.56 61.4019 2125.78 -3180.85 67.3355 2155.3 -3180.85 12.4568 2080.99 -3090.5 12.4568 2051.45 -3090.5 67.3594 2040.21 -3072.88 61.3109 1991.22 -3072.88 152.38 2002.47 -3090.5 158.428 1953.48 -3090.5 249.497 1942.24 -3072.88 243.448 1893.25 -3072.88 334.517 1904.49 -3090.5 340.565 1855.51 -3090.5 431.634 1844.26 -3072.88 425.586 1795.28 -3072.88 516.654 1806.52 -3090.5 522.703 1774.05 -3090.5 583.069
  poly 1: 1759.38 -3091.56 559.83 1763.79 -3101.86 567.378 1804.72 -3132.21 537.7 1806.68 -3144.74 553.217 1810.37 -3147.48 550.544 1808.41 -3134.95 535.027 1812.09 -3137.68 532.354 1814.05 -3150.21 547.872 1817.74 -3152.94 545.199 1815.78 -3140.41 529.681 1870.97 -3181.34 489.662 1896.81 -3181.34 441.628 1896.81 -3181.34 441.628 1938.32 -3181.34 364.464 1949.35 -3198.63 370.397 1990.86 -3198.63 293.233 1979.83 -3181.34 287.299 2021.33 -3181.34 210.135 2032.36 -3198.63 216.069 2073.87 -3198.63 138.904 2062.84 -3181.34 132.97 2104.35 -3181.34 55.806 2104.35 -3181.34 55.806 2131.79 -3181.34 4.78413 2057.94 -3091.56 4.78413 2030.38 -3091.56 56.0236 2030.38 -3091.56 56.0236 1981.39 -3091.56 147.092 1992.64 -3109.19 153.141 1943.65 -3109.19 244.209 1932.41 -3091.56 238.161 1883.42 -3091.56 329.23 1894.66 -3109.19 335.278 1845.68 -3109.19 426.347 1834.43 -3091.56 420.298 1785.45 -3091.56 511.367 1785.45 -3091.56 511.367 1759.38 -3091.56 559.83
element 70
  poly 0: 1887.24 -3180.85 510.805 1832.13 -3225.42 550.757 1832.13 -3225.42 550.757 1831.33 -3226.07 551.341 1830.21 -3238.72 535.685 1829.4 -3239.37 536.269 1830.52 -3226.72 551.925 1829.72 -3227.37 552.509 1829.72 -3227.37 552.509 1788.99 -3260.31 582.037 1784.92 -3271.26 574.245 1816.25 -3271.26 516.005 1816.25 -3271.26 516.005 1864.52 -3271.26 426.257 1853.9 -3289.43 420.542 1902.17 -3289.43 330.794 1912.8 -3271.26 336.509 1961.08 -3271.26 246.762 1950.45 -3289.43 241.046 1998.73 -3289.43 151.298 2009.35 -3271.26 157.014 2057.63 -3271.26 67.2661 2057.63 -3271.26 67.2661 2086.99 -3271.26 12.6763 2155.18 -3180.85 12.6763 2125.78 -3180.85 67.3355 2125.78 -3180.85 67.3355 2084.27 -3180.85 144.5 2073.87 -3198.63 138.904 2032.36 -3198.63 216.069 2042.77 -3180.85 221.664 2001.26 -3180.85 298.829 1990.86 -3198.63 293.233 1949.35 -3198.63 370.397 1959.75 -3180.85 375.993 1918.24 -3180.85 453.158 1918.24 -3180.85 453.158 1887.24 -3180.85 510.805
  poly 1: 1870.97 -3181.34 489.662 1816.48 -3225.42 529.17 1817.6 -3212.76 544.826 1816.8 -3213.42 545.41 1815.68 -3226.07 529.754 1814.87 -3226.72 530.338 1815.99 -3214.07 545.994 1815.19 -3214.72 546.578 1814.07 -3227.37 530.922 1773.52 -3260.17 560.324 1769.44 -3271.12 552.532 1795.19 -3271.12 504.675 1805.81 -3252.96 510.391 1854.09 -3252.96 420.643 1843.46 -3271.12 414.928 1891.74 -3271.12 325.18 1902.36 -3252.96 330.896 1950.64 -3252.96 241.148 1940.01 -3271.12 235.432 1988.29 -3271.12 145.684 1998.92 -3252.96 151.4 2047.19 -3252.96 61.6523 2036.57 -3271.12 55.9366 2064.08 -3271.12 4.78413 2131.79 -3181.34 4.78413 2104.35 -3181.34 55.806 2114.75 -3163.56 61.4019 2073.24 -3163.56 138.566 2062.84 -3181.34 132.97 2021.33 -3181.34 210.135 2031.74 -3163.56 215.731 1990.23 -3163.56 292.895 1979.83 -3181.34 287.299 1938.32 -3181.34 364.464 1948.72 -3163.56 370.06 1907.21 -3163.56 447.224 1896.81 -3181.34 441.628 1870.97 -3181.34 489.662
element 71
  poly 0: 1785.14 -3271.26 573.829 1789.11 -3282.42 581.698 1829.35 -3315.81 552.525 1829.35 -3315.81 552.525 1831.72 -3317.78 550.803 1830.85 -3305.1 535.092 1833.23 -3307.07 533.369 1834.1 -3319.75 549.08 1836.47 -3321.72 547.357 1836.47 -3321.72 547.357 1870.59 -3350.03 522.621 2144.86 -3350.03 12.7376 2086.96 -3271.26 12.7376 2057.63 -3271.26 67.2661 2047.19 -3252.96 61.6523 1998.92 -3252.96 151.4 2009.35 -3271.26 157.014 1961.08 -3271.26 246.762 1950.64 -3252.96 241.148 1902.36 -3252.96 330.896 1912.8 -3271.26 336.509 1864.52 -3271.26 426.257 1854.09 -3252.96 420.643 1805.81 -3252.96 510.391 1816.25 -3271.26 516.005 1785.14 -3271.26 573.829
  poly 1: 1769.44 -3271.12 552.532 1773.41 -3282.28 560.401 1813.81 -3315.81 531.105 1814.68 -3328.49 546.815 1817.06 -3330.46 545.093 1816.19 -3317.78 529.382 1818.57 -3319.75 527.66 1819.44 -3332.43 543.37 1821.81 -3334.4 541.647 1820.94 -3321.72 525.937 1868.15 -3360.9 491.706 2130.07 -3360.9 4.78413 2064.08 -3271.12 4.78413 2036.57 -3271.12 55.9366 2036.57 -3271.12 55.9366 1988.29 -3271.12 145.684 1998.73 -3289.43 151.298 1950.45 -3289.43 241.046 1940.01 -3271.12 235.432 1891.74 -3271.12 325.18 1902.17 -3289.43 330.794 1853.9 -3289.43 420.542 1843.46 -3271.12 414.928 1795.19 -3271.12 504.675 1795.19 -3271.12 504.675 1769.44 -3271.12 552.532
