element 0
  poly 0: 4.44696 -127.649 829.564 -11.3857 -119.535 876.292
  poly 1: 4.44696 -127.649 829.564 -11.3857 -119.535 876.292
  poly 2: 4.44696 -127.649 829.564 -11.3857 -119.535 876.292
  poly 3: 4.44696 -127.649 829.564 -11.3857 -119.535 876.292
  poly 4: -15.7865 -173.594 830.686 -31.6192 -165.48 877.415
  poly 5: -15.7865 -173.594 830.686 -31.6192 -165.48 877.415
  poly 6: -15.7865 -173.594 830.686 -31.6192 -165.48 877.415
  poly 7: -15.7865 -173.594 830.686 -31.6192 -165.48 877.415
  poly 8: -36.02 -219.54 831.809 -51.8527 -211.426 878.537
  poly 9: -36.02 -219.54 831.809 -51.8527 -211.426 878.537
  poly 10: -36.02 -219.54 831.809 -51.8527 -211.426 878.537
  poly 11: -36.02 -219.54 831.809 -51.8527 -211.426 878.537
  poly 12: 4.09057 -241.441 849.203 -11.7421 -233.326 895.931
  poly 13: 4.09057 -241.441 849.203 -11.7421 -233.326 895.931
  poly 14: 4.09057 -241.441 849.203 -11.7421 -233.326 895.931
  poly 15: 4.09057 -241.441 849.203 -11.7421 -233.326 895.931
  poly 16: 66.4712 -275.501 876.253 50.6385 -267.387 922.982
  poly 17: 66.4712 -275.501 876.253 50.6385 -267.387 922.982
  poly 18: 66.4712 -275.501 876.253 50.6385 -267.387 922.982
  poly 19: 66.4712 -275.501 876.253 50.6385 -267.387 922.982
  poly 20: 128.852 -309.562 903.304 113.019 -301.448 950.032
  poly 21: 128.852 -309.562 903.304 113.019 -301.448 950.032
  poly 22: 128.852 -309.562 903.304 113.019 -301.448 950.032
  poly 23: 128.852 -309.562 903.304 113.019 -301.448 950.032
  poly 24: 161.226 -236.173 901.53 145.394 -228.059 948.258
  poly 25: 161.226 -236.173 901.53 145.394 -228.059 948.258
  poly 26: 161.226 -236.173 901.53 145.394 -228.059 948.258
  poly 27: 161.226 -236.173 901.53 145.394 -228.059 948.258
  poly 28: 153.601 -253.441 901.945 137.768 -245.327 948.673
  poly 29: 153.601 -253.441 901.945 137.768 -245.327 948.673
  poly 30: 153.601 -253.441 901.945 137.768 -245.327 948.673
  poly 31: 153.601 -253.441 901.945 137.768 -245.327 948.673
  poly 32: 98.9622 -222.696 878.093 83.1295 -214.582 924.821
  poly 33: 98.9622 -222.696 878.093 83.1295 -214.582 924.821
  poly 34: 98.9622 -222.696 878.093 83.1295 -214.582 924.821
  poly 35: 98.9622 -222.696 878.093 83.1295 -214.582 924.821
  poly 36: 44.3233 -191.951 854.241 28.4906 -183.837 900.969
  poly 37: 44.3233 -191.951 854.241 28.4906 -183.837 900.969
  poly 38: 44.3233 -191.951 854.241 28.4906 -183.837 900.969
  poly 39: 44.3233 -191.951 854.241 28.4906 -183.837 900.969
  poly 40: -10.3156 -161.206 830.389 -26.1483 -153.092 877.117
  poly 41: -10.3156 -161.206 830.389 -26.1483 -153.092 877.117
  poly 42: -118.061 -131.585 842.239 -123.743 -144.501 842.556 -80.169 -163.228 860.572 -74.4869 -150.311 860.255 -118.061 -131.585 842.239
  poly 43: -141.282 -120.296 885.912 -146.964 -133.212 886.229 -103.389 -151.938 904.246 -97.7072 -139.022 903.928 -141.282 -120.296 885.912
  poly 44: 167.962 -289.323 966.542 161.705 -303.507 966.885 205.253 -322.282 984.901 211.51 -308.098 984.558 167.962 -289.323 966.542
  poly 45: 144.772 -278.036 1010.23 138.515 -292.22 1010.57 182.062 -310.995 1028.58 188.319 -296.811 1028.24 144.772 -278.036 1010.23
  poly 46: -189.371 -175.904 825.774 -134.984 -52.2735 822.733 -33.4659 -107.702 866.755 -9.58121 -63.6111 867.191 56.4112 -99.6431 895.808 32.5266 -143.734 895.372 98.519 -179.766 923.989 122.404 -135.675 924.425 188.396 -171.707 953.042 164.511 -215.798 952.606 276.971 -277.201 1001.37 220.031 -406.275 1004.49 112.329 -345.671 957.477 87.9942 -389.42 956.829 22.4068 -352.514 928.197 46.7415 -308.765 928.846 -18.8459 -271.859 900.214 -43.1806 -315.608 899.566 -108.768 -278.702 870.935 -84.4333 -234.953 871.583 -189.371 -175.904 825.774
  poly 47: -213.286 -166.192 869.485 -156.35 -36.7699 866.303 -47.4724 -96.2173 913.516 -23.5878 -52.126 913.952 42.4047 -88.1581 942.569 18.52 -132.249 942.133 84.5125 -168.281 970.75 108.397 -124.19 971.186 174.39 -160.222 999.803 150.505 -204.313 999.366 255.633 -261.714 1044.95 196.14 -396.575 1048.21 95.2471 -339.803 1004.17 70.9123 -383.552 1003.52 5.3249 -346.646 974.892 29.6597 -302.897 975.54 -35.9278 -265.991 946.909 -60.2625 -309.74 946.26 -125.85 -272.834 917.629 -101.515 -229.085 918.277 -213.286 -166.192 869.485
element 1
  poly 0: 499.78 43.4801 -798.031 387.277 119.555 -449.871 405.399 166.325 -454.234 309.206 231.37 -156.549 291.083 184.6 -152.186 194.89 249.645 145.499 213.013 296.416 141.136 116.819 361.461 438.821 98.6967 314.691 443.184 -12.5099 389.888 787.331 -134.853 434.96 1132.94 -118.117 482.445 1132.68 -223.942 521.431 1431.63 -240.678 473.947 1431.9 -346.502 512.934 1730.85 -329.767 560.418 1730.58 -435.591 599.405 2029.53 -452.327 551.921 2029.8 -576.093 597.517 2379.43 -597.361 539.193 2381.54 -613.616 546.835 2428.91 -618.819 532.566 2429.43 -602.564 524.925 2382.06 -626.076 460.446 2384.39 -518.13 372.919 2037.6 -536.832 326.299 2043.54 -444.417 251.365 1746.65 -425.715 297.985 1740.7 -333.299 223.051 1443.8 -352.001 176.43 1449.75 -259.585 101.496 1152.85 -240.883 148.117 1146.91 -133.935 61.399 803.32 -7.34145 27.8338 457.153 -23.5907 -20.0499 455.854 85.8008 -49.0541 156.726 102.05 -1.17039 158.025 211.441 -30.1746 -141.103 195.192 -78.0584 -142.403 304.584 -107.063 -441.531 320.833 -59.1789 -440.232 448.611 -93.0582 -789.639 472.679 -28.8357 -793.586 488.494 -37.6695 -840.898 493.826 -23.4423 -841.773 478.011 -14.6085 -794.461 499.78 43.4801 -798.031
  poly 1: 455.239 66.131 -808.407 345.25 140.505 -468.029 363.372 187.275 -472.393 267.179 252.321 -174.708 249.056 205.55 -170.344 152.863 270.596 127.341 170.986 317.366 122.978 74.7924 382.412 420.663 56.6699 335.641 425.026 -54.6135 410.89 769.41 -177.042 455.994 1115.27 -160.306 503.479 1115 -266.131 542.465 1413.95 -282.867 494.981 1414.22 -388.692 533.968 1713.17 -371.956 581.452 1712.9 -477.781 620.439 2011.85 -494.517 572.955 2012.12 -615.521 617.534 2353.95 -638.898 553.426 2356.27 -655.153 561.067 2403.64 -660.356 546.799 2404.16 -644.101 539.158 2356.79 -665.233 481.206 2358.88 -559.454 395.436 2019.05 -578.156 348.816 2025 -485.74 273.882 1728.1 -467.038 320.502 1722.16 -374.622 245.568 1425.26 -393.324 198.947 1431.2 -300.909 124.013 1134.31 -282.206 170.634 1128.36 -175.43 84.0558 785.328 -49.0355 50.5432 439.704 -65.2848 2.65946 438.404 44.1067 -26.3448 139.276 60.3559 21.539 140.575 169.747 -7.46525 -158.553 153.498 -55.349 -159.852 262.89 -84.3532 -458.981 279.139 -36.4695 -457.681 404.347 -69.6674 -800.06 425.977 -11.9497 -803.607 441.792 -20.7835 -850.92 447.124 -6.55627 -851.794 431.309 2.27752 -804.482 455.239 66.131 -808.407
element 2
  poly 0: 389 -183.88 -692.82 411.56 -139.432 -688.88
  poly 1: 389 -183.88 -692.82 411.56 -139.432 -688.88
  poly 2: 389 -183.88 -692.82 411.56 -139.432 -688.88
  poly 3: 389 -183.88 -692.82 411.56 -139.432 -688.88
  poly 4: 435.973 -208.703 -681.742 458.533 -164.256 -677.802
  poly 5: 435.973 -208.703 -681.742 458.533 -164.256 -677.802
  poly 6: 435.973 -208.703 -681.742 458.533 -164.256 -677.802
  poly 7: 435.973 -208.703 -681.742 458.533 -164.256 -677.802
  poly 8: 482.945 -233.527 -670.664 505.505 -189.08 -666.724
  poly 9: 482.945 -233.527 -670.664 505.505 -189.08 -666.724
  poly 10: 482.945 -233.527 -670.664 505.505 -189.08 -666.724
  poly 11: 482.945 -233.527 -670.664 505.505 -189.08 -666.724
  poly 12: 464.291 -232.064 -580.369 486.851 -187.617 -576.429
  poly 13: 464.291 -232.064 -580.369 486.851 -187.617 -576.429
  poly 14: 464.291 -232.064 -580.369 486.851 -187.617 -576.429
  poly 15: 464.291 -232.064 -580.369 486.851 -187.617 -576.429
  poly 16: 445.637 -230.601 -490.074 468.197 -186.154 -486.134
  poly 17: 445.637 -230.601 -490.074 468.197 -186.154 -486.134
  poly 18: 445.637 -230.601 -490.074 468.197 -186.154 -486.134
  poly 19: 445.637 -230.601 -490.074 468.197 -186.154 -486.134
  poly 20: 426.983 -229.138 -399.779 449.543 -184.691 -395.839
  poly 21: 426.983 -229.138 -399.779 449.543 -184.691 -395.839
  poly 22: 426.983 -229.138 -399.779 449.543 -184.691 -395.839
  poly 23: 426.983 -229.138 -399.779 449.543 -184.691 -395.839
  poly 24: 408.328 -227.675 -309.485 430.888 -183.227 -305.544
  poly 25: 408.328 -227.675 -309.485 430.888 -183.227 -305.544
  poly 26: 408.328 -227.675 -309.485 430.888 -183.227 -305.544
  poly 27: 408.328 -227.675 -309.485 430.888 -183.227 -305.544
  poly 28: 389.674 -226.211 -219.19 412.234 -181.764 -215.249
  poly 29: 389.674 -226.211 -219.19 412.234 -181.764 -215.249
  poly 30: 389.674 -226.211 -219.19 412.234 -181.764 -215.249
  poly 31: 389.674 -226.211 -219.19 412.234 -181.764 -215.249
  poly 32: 371.02 -224.748 -128.895 393.58 -180.301 -124.954
  poly 33: 371.02 -224.748 -128.895 393.58 -180.301 -124.954
  poly 34: 371.02 -224.748 -128.895 393.58 -180.301 -124.954
  poly 35: 371.02 -224.748 -128.895 393.58 -180.301 -124.954
  poly 36: 352.366 -223.285 -38.5996 374.926 -178.838 -34.6591
  poly 37: 352.366 -223.285 -38.5996 374.926 -178.838 -34.6591
  poly 38: 352.366 -223.285 -38.5996 374.926 -178.838 -34.6591
  poly 39: 352.366 -223.285 -38.5996 374.926 -178.838 -34.6591
  poly 40: 333.711 -221.822 51.6954 356.271 -177.375 55.6358
  poly 41: 333.711 -221.822 51.6954 356.271 -177.375 55.6358
  poly 42: 333.711 -221.822 51.6954 356.271 -177.375 55.6358
  poly 43: 333.711 -221.822 51.6954 356.271 -177.375 55.6358
  poly 44: 301.827 -213.363 138.825 324.387 -168.916 142.766
  poly 45: 301.827 -213.363 138.825 324.387 -168.916 142.766
  poly 46: 301.827 -213.363 138.825 324.387 -168.916 142.766
  poly 47: 301.827 -213.363 138.825 324.387 -168.916 142.766
  poly 48: 269.943 -204.904 225.955 292.503 -160.457 229.895
  poly 49: 269.943 -204.904 225.955 292.503 -160.457 229.895
  poly 50: 269.943 -204.904 225.955 292.503 -160.457 229.895
  poly 51: 269.943 -204.904 225.955 292.503 -160.457 229.895
  poly 52: 238.059 -196.446 313.085 260.619 -151.998 317.025
  poly 53: 238.059 -196.446 313.085 260.619 -151.998 317.025
  poly 54: 238.059 -196.446 313.085 260.619 -151.998 317.025
  poly 55: 238.059 -196.446 313.085 260.619 -151.998 317.025
  poly 56: 206.175 -187.987 400.214 228.735 -143.54 404.155
  poly 57: 206.175 -187.987 400.214 228.735 -143.54 404.155
  poly 58: 206.175 -187.987 400.214 228.735 -143.54 404.155
  poly 59: 206.175 -187.987 400.214 228.735 -143.54 404.155
  poly 60: 174.291 -179.528 487.344 196.851 -135.081 491.285
  poly 61: 174.291 -179.528 487.344 196.851 -135.081 491.285
  poly 62: 174.291 -179.528 487.344 196.851 -135.081 491.285
  poly 63: 174.291 -179.528 487.344 196.851 -135.081 491.285
  poly 64: 142.407 -171.069 574.474 164.967 -126.622 578.414
  poly 65: 142.407 -171.069 574.474 164.967 -126.622 578.414
  poly 66: 142.407 -171.069 574.474 164.967 -126.622 578.414
  poly 67: 142.407 -171.069 574.474 164.967 -126.622 578.414
  poly 68: 110.523 -162.61 661.604 133.083 -118.163 665.544
  poly 69: 110.523 -162.61 661.604 133.083 -118.163 665.544
  poly 70: 110.523 -162.61 661.604 133.083 -118.163 665.544
  poly 71: 110.523 -162.61 661.604 133.083 -118.163 665.544
  poly 72: 78.6388 -154.151 748.734 101.199 -109.704 752.674
  poly 73: 78.6388 -154.151 748.734 101.199 -109.704 752.674
  poly 74: 78.6388 -154.151 748.734 101.199 -109.704 752.674
  poly 75: 78.6388 -154.151 748.734 101.199 -109.704 752.674
  poly 76: 25.8942 -125.353 725.865 48.4542 -80.9053 729.805
  poly 77: 25.8942 -125.353 725.865 48.4542 -80.9053 729.805
  poly 78: 25.8942 -125.353 725.865 48.4542 -80.9053 729.805
  poly 79: 25.8942 -125.353 725.865 48.4542 -80.9053 729.805
  poly 80: 18.4648 -121.296 722.643 41.0248 -76.8488 726.583
  poly 81: 18.4648 -121.296 722.643 41.0248 -76.8488 726.583
  poly 82: 18.4648 -121.296 722.643 41.0248 -76.8488 726.583
  poly 83: 18.4648 -121.296 722.643 41.0248 -76.8488 726.583
  poly 84: 37.3553 -122.753 630.925 59.9153 -78.3056 634.865
  poly 85: 37.3553 -122.753 630.925 59.9153 -78.3056 634.865
  poly 86: 37.3553 -122.753 630.925 59.9153 -78.3056 634.865
  poly 87: 37.3553 -122.753 630.925 59.9153 -78.3056 634.865
  poly 88: 56.2457 -124.21 539.206 78.8057 -79.7625 543.147
  poly 89: 56.2457 -124.21 539.206 78.8057 -79.7625 543.147
  poly 90: 56.2457 -124.21 539.206 78.8057 -79.7625 543.147
  poly 91: 56.2457 -124.21 539.206 78.8057 -79.7625 543.147
  poly 92: 75.1362 -125.667 447.488 97.6962 -81.2194 451.429
  poly 93: 75.1362 -125.667 447.488 97.6962 -81.2194 451.429
  poly 94: 75.1362 -125.667 447.488 97.6962 -81.2194 451.429
  poly 95: 75.1362 -125.667 447.488 97.6962 -81.2194 451.429
  poly 96: 94.0267 -127.123 355.77 116.587 -82.6763 359.71
  poly 97: 94.0267 -127.123 355.77 116.587 -82.6763 359.71
  poly 98: 94.0267 -127.123 355.77 116.587 -82.6763 359.71
  poly 99: 94.0267 -127.123 355.77 116.587 -82.6763 359.71
  poly 100: 112.917 -128.58 264.052 135.477 -84.1332 267.992
  poly 101: 112.917 -128.58 264.052 135.477 -84.1332 267.992
  poly 102: 112.917 -128.58 264.052 135.477 -84.1332 267.992
  poly 103: 112.917 -128.58 264.052 135.477 -84.1332 267.992
  poly 104: 131.808 -130.037 172.333 154.368 -85.59 176.274
  poly 105: 131.808 -130.037 172.333 154.368 -85.59 176.274
  poly 106: 131.808 -130.037 172.333 154.368 -85.59 176.274
  poly 107: 131.808 -130.037 172.333 154.368 -85.59 176.274
  poly 108: 150.698 -131.494 80.615 173.258 -87.0469 84.5555
  poly 109: 150.698 -131.494 80.615 173.258 -87.0469 84.5555
  poly 110: 150.698 -131.494 80.615 173.258 -87.0469 84.5555
  poly 111: 150.698 -131.494 80.615 173.258 -87.0469 84.5555
  poly 112: 169.589 -132.951 -11.1033 192.149 -88.5038 -7.16276
  poly 113: 169.589 -132.951 -11.1033 192.149 -88.5038 -7.16276
  poly 114: 169.589 -132.951 -11.1033 192.149 -88.5038 -7.16276
  poly 115: 169.589 -132.951 -11.1033 192.149 -88.5038 -7.16276
  poly 116: 200.455 -141.135 -95.5079 223.015 -96.6879 -91.5674
  poly 117: 200.455 -141.135 -95.5079 223.015 -96.6879 -91.5674
  poly 118: 200.455 -141.135 -95.5079 223.015 -96.6879 -91.5674
  poly 119: 200.455 -141.135 -95.5079 223.015 -96.6879 -91.5674
  poly 120: 231.322 -149.319 -179.913 253.882 -104.872 -175.972
  poly 121: 231.322 -149.319 -179.913 253.882 -104.872 -175.972
  poly 122: 231.322 -149.319 -179.913 253.882 -104.872 -175.972
  poly 123: 231.322 -149.319 -179.913 253.882 -104.872 -175.972
  poly 124: 262.189 -157.503 -264.317 284.749 -113.056 -260.377
  poly 125: 262.189 -157.503 -264.317 284.749 -113.056 -260.377
  poly 126: 262.189 -157.503 -264.317 284.749 -113.056 -260.377
  poly 127: 262.189 -157.503 -264.317 284.749 -113.056 -260.377
  poly 128: 293.056 -165.687 -348.722 315.616 -121.24 -344.781
  poly 129: 293.056 -165.687 -348.722 315.616 -121.24 -344.781
  poly 130: 293.056 -165.687 -348.722 315.616 -121.24 -344.781
  poly 131: 293.056 -165.687 -348.722 315.616 -121.24 -344.781
  poly 132: 323.923 -173.871 -433.127 346.483 -129.424 -429.186
  poly 133: 323.923 -173.871 -433.127 346.483 -129.424 -429.186
  poly 134: 323.923 -173.871 -433.127 346.483 -129.424 -429.186
  poly 135: 323.923 -173.871 -433.127 346.483 -129.424 -429.186
  poly 136: 354.789 -182.055 -517.531 377.349 -137.608 -513.591
  poly 137: 354.789 -182.055 -517.531 377.349 -137.608 -513.591
  poly 138: 354.789 -182.055 -517.531 377.349 -137.608 -513.591
  poly 139: 354.789 -182.055 -517.531 377.349 -137.608 -513.591
  poly 140: 385.656 -190.239 -601.936 408.216 -145.792 -597.995
  poly 141: 385.656 -190.239 -601.936 408.216 -145.792 -597.995
  poly 142: 385.656 -190.239 -601.936 408.216 -145.792 -597.995
  poly 143: 385.656 -190.239 -601.936 408.216 -145.792 -597.995
  poly 144: 416.523 -198.424 -686.341 439.083 -153.976 -682.4
  poly 145: 416.523 -198.424 -686.341 439.083 -153.976 -682.4
  poly 146: -65.2848 2.65946 438.404 -23.5907 -20.0499 455.854 85.8008 -49.0541 156.726 44.1067 -26.3448 139.276 -65.2848 2.65946 438.404
  poly 147: -49.0355 50.5432 439.704 -7.34145 27.8338 457.153 102.05 -1.17039 158.025 60.3559 21.539 140.575 -49.0355 50.5432 439.704
  poly 148: 153.498 -55.349 -159.852 195.192 -78.0584 -142.403 304.584 -107.063 -441.531 262.89 -84.3532 -458.981 153.498 -55.349 -159.852
  poly 149: 169.747 -7.46525 -158.553 211.441 -30.1746 -141.103 320.833 -59.1789 -440.232 279.139 -36.4695 -457.681 169.747 -7.46525 -158.553
  poly 150: 561.252 -243.012 -377.548 448.015 -212.971 -68.1045 489.686 -235.669 -50.6519 602.923 -265.71 -360.095 561.252 -243.012 -377.548
  poly 151: 577.631 -195.199 -376.196 464.394 -165.158 -66.7526 506.065 -187.856 -49.3001 619.302 -217.897 -358.743 577.631 -195.199 -376.196
  poly 152: 334.778 -182.929 241.339 221.541 -152.888 550.782 263.212 -175.586 568.234 376.449 -205.627 258.791 334.778 -182.929 241.339
  poly 153: 351.157 -135.116 242.691 237.92 -105.074 552.134 279.591 -127.773 569.586 392.828 -157.814 260.143 351.157 -135.116 242.691
  poly 154: 777.254 -323.603 -705.165 172.914 -163.272 946.319 63.7148 -103.649 898.972 72.5267 -106.051 875.623 7.43613 -70.5112 847.402 -10.1875 -65.7061 894.1 -75.2781 -30.1662 865.878 -57.6544 -34.9713 819.18 -122.745 0.568598 790.958 -131.557 2.97118 814.307 -234.504 59.1813 769.671 342.292 -93.7513 -807.566 455.511 -153.581 -780.911 466.438 -154.775 -830.006 536.134 -191.605 -813.598 525.207 -190.411 -764.503 594.902 -227.241 -748.095 605.829 -228.435 -797.19 675.525 -265.264 -780.782 664.597 -264.071 -731.687 777.254 -323.603 -705.165
  poly 155: 795.183 -276.201 -708.049 190.622 -115.811 944.039 87.6097 -59.566 899.375 96.4215 -61.9686 876.026 31.331 -26.4286 847.804 13.7073 -21.6235 894.502 -51.3833 13.9164 866.28 -33.7596 9.11128 819.582 -98.8501 44.6512 791.36 -107.662 47.0538 814.71 -216.925 106.712 767.335 360.083 -46.2767 -810.483 479.284 -109.267 -782.42 490.211 -110.461 -831.515 559.906 -147.291 -815.107 548.979 -146.097 -766.012 618.675 -182.927 -749.604 629.602 -184.12 -798.699 699.297 -220.95 -782.29 688.37 -219.756 -733.196 795.183 -276.201 -708.049
element 3
  poly 0: 363.372 187.275 -472.393 405.399 166.325 -454.234 309.206 231.37 -156.549 267.179 252.321 -174.708 363.372 187.275 -472.393
  poly 1: 345.25 140.505 -468.029 387.277 119.555 -449.871 291.083 184.6 -152.186 249.056 205.55 -170.344 345.25 140.505 -468.029
  poly 2: 170.986 317.366 122.978 213.013 296.416 141.136 116.819 361.461 438.821 74.7924 382.412 420.663 170.986 317.366 122.978
  poly 3: 152.863 270.596 127.341 194.89 249.645 145.499 98.6967 314.691 443.184 56.6699 335.641 425.026 152.863 270.596 127.341
  poly 4: 366.401 236.36 533.012 465.889 169.08 224.996 507.904 148.137 243.141 408.416 215.417 551.157 366.401 236.36 533.012
  poly 5: 348.149 189.654 537.318 447.637 122.374 229.303 489.651 101.431 247.448 390.164 168.711 555.464 348.149 189.654 537.318
  poly 6: 565.376 101.8 -83.0193 664.864 34.5202 -391.035 706.878 13.5769 -372.89 607.391 80.8568 -64.8741 565.376 101.8 -83.0193
  poly 7: 547.124 55.0943 -78.7127 646.612 -12.1856 -386.728 688.626 -33.1289 -368.583 589.139 34.151 -60.5675 547.124 55.0943 -78.7127
  poly 8: 335.351 272.296 925.59 866.726 -87.0547 -719.56 759.086 -32.3172 -744.633 767.104 -38.953 -793.541 696.897 -3.25129 -809.895 688.879 3.38453 -760.987 618.672 39.0863 -777.341 626.69 32.4505 -826.248 556.482 68.1522 -842.602 548.465 74.788 -793.695 428.344 135.872 -821.675 -79.2585 479.111 749.179 31.2139 424.005 796.184 38.6388 418.965 772.824 104.822 385.952 800.985 89.972 396.032 847.703 156.155 363.019 875.863 171.005 352.939 829.145 237.188 319.925 857.305 229.763 324.965 880.664 335.351 272.296 925.59
  poly 9: 317.758 225.145 927.855 848.941 -134.076 -716.698 736.126 -76.7077 -742.977 744.144 -83.3435 -791.884 673.937 -47.6417 -808.238 665.919 -41.0059 -759.331 595.712 -5.30417 -775.685 603.73 -11.94 -824.592 533.523 23.7618 -840.946 525.505 30.3976 -792.038 410.696 88.7804 -818.782 -96.7206 431.894 751.5 8.80166 379.258 796.398 16.2266 374.218 773.039 82.4098 341.204 801.199 67.5598 351.284 847.917 133.743 318.271 876.077 148.593 308.191 829.359 214.776 275.178 857.519 207.351 280.217 880.878 317.758 225.145 927.855
element 4
  poly 0: 670.834 -94.9419 -853.949 662.545 -88.8295 -805.022
  poly 1: 670.834 -94.9419 -853.949 662.545 -88.8295 -805.022
  poly 2: 670.834 -94.9419 -853.949 662.545 -88.8295 -805.022
  poly 3: 670.834 -94.9419 -853.949 662.545 -88.8295 -805.022
  poly 4: 611.457 -63.5622 -867.928 603.169 -57.4497 -819.001
  poly 5: 611.457 -63.5622 -867.928 603.169 -57.4497 -819.001
  poly 6: 611.457 -63.5622 -867.928 603.169 -57.4497 -819.001
  poly 7: 611.457 -63.5622 -867.928 603.169 -57.4497 -819.001
  poly 8: 552.081 -32.1825 -881.907 543.792 -26.07 -832.981
  poly 9: 552.081 -32.1825 -881.907 543.792 -26.07 -832.981
  poly 10: 552.081 -32.1825 -881.907 543.792 -26.07 -832.981
  poly 11: 552.081 -32.1825 -881.907 543.792 -26.07 -832.981
  poly 12: 530.83 -88.8874 -878.423 522.542 -82.7749 -829.496
  poly 13: 530.83 -88.8874 -878.423 522.542 -82.7749 -829.496
  poly 14: 530.83 -88.8874 -878.423 522.542 -82.7749 -829.496
  poly 15: 530.83 -88.8874 -878.423 522.542 -82.7749 -829.496
  poly 16: 604.059 -126.123 -861.366 595.77 -120.011 -812.439
  poly 17: 604.059 -126.123 -861.366 595.77 -120.011 -812.439
  poly 18: 604.059 -126.123 -861.366 595.77 -120.011 -812.439
  poly 19: 604.059 -126.123 -861.366 595.77 -120.011 -812.439
  poly 20: 650.977 -149.982 -850.437 642.688 -143.869 -801.51
  poly 21: 650.977 -149.982 -850.437 642.688 -143.869 -801.51
  poly 22: 650.977 -149.982 -850.437 642.688 -143.869 -801.51
  poly 23: 650.977 -149.982 -850.437 642.688 -143.869 -801.51
  poly 24: 697.895 -173.841 -839.508 689.606 -167.728 -790.581
  poly 25: 697.895 -173.841 -839.508 689.606 -167.728 -790.581
  poly 26: 697.895 -173.841 -839.508 689.606 -167.728 -790.581
  poly 27: 697.895 -173.841 -839.508 689.606 -167.728 -790.581
  poly 28: 719.87 -120.854 -842.405 711.581 -114.742 -793.478
  poly 29: 719.87 -120.854 -842.405 711.581 -114.742 -793.478
  poly 30: 441.792 -20.7835 -850.92 488.494 -37.6695 -840.898 493.826 -23.4423 -841.773 447.124 -6.55627 -851.794 441.792 -20.7835 -850.92
  poly 31: 425.977 -11.9497 -803.607 472.679 -28.8357 -793.586 478.011 -14.6085 -794.461 431.309 2.27752 -804.482 425.977 -11.9497 -803.607
  poly 32: 750.968 -163.022 -780.774 744.962 -178.9 -779.808 791.608 -195.933 -769.776 797.614 -180.055 -770.743 750.968 -163.022 -780.774
  poly 33: 735.164 -154.165 -733.463 729.158 -170.043 -732.497 775.804 -187.076 -722.465 781.81 -171.198 -723.432 735.164 -154.165 -733.463
  poly 34: 881.979 -97.3695 -766.782 794.661 -328.221 -752.734 675.525 -265.264 -780.782 699.297 -220.95 -782.29 629.602 -184.12 -798.699 605.829 -228.435 -797.19 536.134 -191.605 -813.598 559.906 -147.291 -815.107 490.211 -110.461 -831.515 466.438 -154.775 -830.006 359.688 -98.3639 -855.138 443.602 125.554 -868.896 556.482 68.1522 -842.602 533.523 23.7618 -840.946 603.73 -11.94 -824.592 626.69 32.4505 -826.248 696.897 -3.25129 -809.895 673.937 -47.6417 -808.238 744.144 -83.3435 -791.884 767.104 -38.953 -793.541 881.979 -97.3695 -766.782
  poly 35: 866.726 -87.0545 -719.56 777.254 -323.603 -705.165 664.597 -264.071 -731.687 688.37 -219.756 -733.196 618.675 -182.927 -749.604 594.902 -227.241 -748.095 525.207 -190.411 -764.503 548.979 -146.097 -766.012 479.284 -109.267 -782.42 455.511 -153.581 -780.911 342.292 -93.7513 -807.566 428.344 135.872 -821.675 548.465 74.788 -793.695 525.505 30.3976 -792.038 595.712 -5.30417 -775.685 618.672 39.0863 -777.341 688.879 3.38453 -760.987 665.919 -41.0059 -759.331 736.126 -76.7077 -742.977 759.086 -32.3172 -744.633 866.726 -87.0545 -719.56
element 5
  poly 0: 887.74 -474.905 -2521.17 825.327 -432.976 -2143.42 845.677 -387.189 -2145.14 791.973 -351.111 -1820.1 771.623 -396.898 -1818.38 717.919 -360.82 -1493.33 738.269 -315.033 -1495.05 684.565 -278.955 -1170.01 664.215 -324.742 -1168.29 602.367 -283.193 -793.961 525.178 -277.138 -420.334 544.6 -231.039 -417.068 477.438 -225.77 -91.9697 458.016 -271.87 -95.2352 390.853 -266.602 229.863 410.275 -220.502 233.129 343.112 -215.234 558.228 323.69 -261.334 554.962 245.509 -255.202 933.394 219.941 -313.105 934.785 211.463 -308.165 984.556 205.201 -322.345 984.896 213.679 -327.285 935.125 186.216 -389.479 936.619 244.76 -439.331 560.789 224.168 -485.112 563.654 274.441 -527.922 240.917 295.034 -482.141 238.053 345.307 -524.951 -84.6841 324.715 -570.731 -81.8192 374.988 -613.541 -404.556 395.581 -567.76 -407.421 453.496 -617.077 -779.211 533.574 -617.759 -1155.39 514.254 -664 -1159.42 583.859 -664.593 -1486.4 603.18 -618.352 -1482.37 672.785 -618.945 -1809.36 653.465 -665.186 -1813.38 723.07 -665.779 -2140.37 742.391 -619.538 -2136.34 823.128 -620.226 -2515.61 852.279 -554.66 -2518.12 860.458 -560.195 -2567.7 868.411 -542.308 -2568.39 860.232 -536.774 -2518.8 887.74 -474.905 -2521.17
  poly 1: 843.049 -451.1 -2523.56 781.85 -409.987 -2153.15 802.2 -364.2 -2154.87 748.496 -328.122 -1829.83 728.146 -373.909 -1828.11 674.442 -337.831 -1503.07 694.792 -292.044 -1504.79 641.088 -255.965 -1179.75 620.738 -301.752 -1178.03 558.975 -260.261 -804.21 481.605 -254.192 -429.708 501.027 -208.092 -426.442 433.865 -202.824 -101.343 414.443 -248.924 -104.609 347.28 -243.656 220.49 366.702 -197.556 223.755 299.539 -192.288 548.854 280.117 -238.387 545.588 203.741 -232.397 915.282 176.402 -294.312 916.769 167.923 -289.372 966.54 161.662 -303.552 966.88 170.14 -308.492 917.109 144.695 -366.115 918.493 201.96 -414.878 550.879 181.367 -460.658 553.743 231.641 -503.468 231.007 252.233 -457.687 228.142 302.507 -500.497 -94.5949 281.914 -546.278 -91.73 332.188 -589.087 -414.467 352.78 -543.307 -417.332 410.674 -592.605 -788.983 490.627 -593.286 -1164.58 471.307 -639.527 -1168.61 540.912 -640.12 -1495.59 560.233 -593.879 -1491.56 629.839 -594.472 -1818.54 610.518 -640.713 -1822.57 680.123 -641.306 -2149.55 699.444 -595.065 -2145.52 778.739 -595.741 -2518.02 806.095 -534.213 -2520.38 814.274 -539.747 -2569.96 822.227 -521.861 -2570.65 814.048 -516.326 -2521.06 843.049 -451.1 -2523.56
element 6
  poly 0: 579.101 -310.513 -2537.66 518.668 -269.887 -2170.72 538.972 -224.076 -2172.44 487.218 -189.285 -1858.2 466.914 -235.097 -1856.47 415.16 -200.306 -1542.23 435.464 -154.494 -1543.96 383.71 -119.703 -1229.72 363.406 -165.515 -1227.99 303.531 -125.265 -864.437 228.798 -119.501 -501.589 248.176 -73.3788 -498.331 183.436 -68.3858 -184.001 164.058 -114.509 -187.26 99.3182 -109.516 127.069 118.696 -63.3929 130.328 53.9564 -58.4 444.657 34.5782 -104.523 441.399 -41.1506 -98.6823 809.082 -66.0894 -155.312 810.467 -74.5381 -150.374 860.248 -80.2251 -163.288 860.564 -71.7764 -168.225 810.782 -98.6283 -229.199 812.273 -42.0418 -277.433 447.846 -62.5879 -323.24 450.719 -14.2487 -364.445 139.406 6.29736 -318.637 136.534 54.6366 -359.842 -174.779 34.0905 -405.649 -171.906 82.4297 -446.853 -483.219 102.976 -401.046 -486.091 158.93 -448.742 -846.449 236.627 -449.278 -1212.54 217.35 -495.544 -1216.56 284.6 -496.009 -1533.42 303.877 -449.743 -1529.4 371.128 -450.208 -1846.26 351.85 -496.473 -1850.29 419.1 -496.938 -2167.15 438.378 -450.672 -2163.13 516.723 -451.213 -2532.27 545.123 -387.155 -2534.72 553.278 -392.671 -2584.31 560.519 -376.339 -2584.93 552.363 -370.823 -2535.35 579.101 -310.513 -2537.66
  poly 1: 534.411 -286.709 -2540.05 475.182 -246.893 -2180.42 495.487 -201.082 -2182.15 443.733 -166.291 -1867.91 423.428 -212.103 -1866.18 371.675 -177.312 -1551.94 391.979 -131.5 -1553.67 340.225 -96.7095 -1239.42 319.921 -142.521 -1237.7 260.133 -102.33 -874.676 185.216 -96.552 -510.93 204.594 -50.4293 -507.672 139.854 -45.4364 -193.342 120.476 -91.5591 -196.601 55.7356 -86.5662 117.729 75.1137 -40.4435 120.987 10.3737 -35.4506 435.317 -9.00443 -81.5732 432.058 -82.926 -75.8722 790.966 -109.655 -136.566 792.45 -118.104 -131.629 842.232 -123.791 -144.543 842.547 -115.342 -149.48 792.766 -140.157 -205.83 794.143 -84.8512 -252.973 437.962 -105.397 -298.78 440.834 -57.0581 -339.984 129.522 -36.512 -294.177 126.649 11.8272 -335.381 -184.663 -8.71888 -381.189 -181.791 39.6203 -422.393 -493.104 60.1664 -376.586 -495.976 116.105 -424.267 -856.228 193.669 -424.803 -1221.69 174.391 -471.069 -1225.71 241.641 -471.533 -1542.58 260.919 -425.268 -1538.55 328.169 -425.732 -1855.42 308.891 -471.998 -1859.44 376.142 -472.462 -2176.3 395.419 -426.197 -2172.28 472.335 -426.728 -2534.68 498.921 -366.759 -2536.98 507.077 -372.275 -2586.57 514.317 -355.943 -2587.19 506.162 -350.427 -2537.61 534.411 -286.709 -2540.05
element 7
  poly 0: 471.307 -639.527 -1168.61 514.254 -664 -1159.42 583.859 -664.593 -1486.4 540.912 -640.12 -1495.59 471.307 -639.527 -1168.61
  poly 1: 490.627 -593.286 -1164.58 533.574 -617.759 -1155.39 603.18 -618.352 -1482.37 560.233 -593.879 -1491.56 490.627 -593.286 -1164.58
  poly 2: 610.518 -640.713 -1822.57 653.465 -665.186 -1813.38 723.07 -665.779 -2140.37 680.123 -641.306 -2149.55 610.518 -640.713 -1822.57
  poly 3: 629.839 -594.472 -1818.54 672.785 -618.945 -1809.36 742.391 -619.538 -2136.34 699.444 -595.065 -2145.52 629.839 -594.472 -1818.54
  poly 4: 174.391 -471.069 -1225.71 217.35 -495.544 -1216.56 284.6 -496.009 -1533.42 241.641 -471.533 -1542.58 174.391 -471.069 -1225.71
  poly 5: 193.669 -424.803 -1221.69 236.627 -449.278 -1212.54 303.877 -449.743 -1529.4 260.919 -425.268 -1538.55 193.669 -424.803 -1221.69
  poly 6: 308.891 -471.998 -1859.44 351.85 -496.473 -1850.29 419.1 -496.938 -2167.15 376.142 -472.462 -2176.3 308.891 -471.998 -1859.44
  poly 7: 328.169 -425.732 -1855.42 371.128 -450.208 -1846.26 438.378 -450.672 -2163.13 395.419 -426.197 -2172.28 328.169 -425.732 -1855.42
  poly 8: 846.961 -690.941 -2511.43 476.258 -687.782 -769.995 363.844 -623.541 -795.656 369.317 -623.731 -820.111 301.747 -585.117 -835.536 290.8 -584.736 -786.626 223.23 -546.122 -802.05 234.177 -546.503 -850.96 166.607 -507.888 -866.385 161.133 -507.698 -841.93 53.2641 -446.053 -866.553 407.438 -448.5 -2535.33 522.659 -512.056 -2529.06 527.184 -508.796 -2579.18 597.604 -547.639 -2575.35 593.079 -550.9 -2525.23 663.499 -589.743 -2521.4 668.023 -586.483 -2571.52 738.443 -625.326 -2567.7 733.919 -628.587 -2517.57 846.961 -690.941 -2511.43
  poly 9: 867.516 -644.71 -2513.2 496.317 -641.548 -769.433 388.425 -579.89 -794.062 393.899 -580.081 -818.517 326.328 -541.466 -833.942 315.381 -541.085 -785.032 247.811 -502.471 -800.456 258.758 -502.852 -849.366 191.188 -464.238 -864.79 185.715 -464.047 -840.336 73.2786 -399.793 -866.002 427.946 -402.244 -2537.1 547.072 -467.953 -2530.62 551.596 -464.692 -2580.74 622.016 -503.536 -2576.91 617.491 -506.797 -2526.79 687.911 -545.64 -2522.96 692.436 -542.379 -2573.08 762.855 -581.223 -2569.26 758.331 -584.483 -2519.13 867.516 -644.71 -2513.2
element 8
  poly 0: -27.2182 -111.42 923.019 -11.3857 -119.535 876.292
  poly 1: -27.2182 -111.42 923.019 -11.3857 -119.535 876.292
  poly 2: -27.2182 -111.42 923.019 -11.3857 -119.535 876.292
  poly 3: -27.2182 -111.42 923.019 -11.3857 -119.535 876.292
  poly 4: -47.4517 -157.366 924.142 -31.6192 -165.48 877.415
  poly 5: -47.4517 -157.366 924.142 -31.6192 -165.48 877.415
  poly 6: -47.4517 -157.366 924.142 -31.6192 -165.48 877.415
  poly 7: -47.4517 -157.366 924.142 -31.6192 -165.48 877.415
  poly 8: -67.6852 -203.312 925.265 -51.8527 -211.426 878.537
  poly 9: -67.6852 -203.312 925.265 -51.8527 -211.426 878.537
  poly 10: -67.6852 -203.312 925.265 -51.8527 -211.426 878.537
  poly 11: -67.6852 -203.312 925.265 -51.8527 -211.426 878.537
  poly 12: -27.5746 -225.212 942.659 -11.7421 -233.326 895.931
  poly 13: -27.5746 -225.212 942.659 -11.7421 -233.326 895.931
  poly 14: -27.5746 -225.212 942.659 -11.7421 -233.326 895.931
  poly 15: -27.5746 -225.212 942.659 -11.7421 -233.326 895.931
  poly 16: 34.806 -259.273 969.709 50.6385 -267.387 922.982
  poly 17: 34.806 -259.273 969.709 50.6385 -267.387 922.982
  poly 18: 34.806 -259.273 969.709 50.6385 -267.387 922.982
  poly 19: 34.806 -259.273 969.709 50.6385 -267.387 922.982
  poly 20: 97.1866 -293.334 996.76 113.019 -301.448 950.032
  poly 21: 97.1866 -293.334 996.76 113.019 -301.448 950.032
  poly 22: 97.1866 -293.334 996.76 113.019 -301.448 950.032
  poly 23: 97.1866 -293.334 996.76 113.019 -301.448 950.032
  poly 24: 129.561 -219.945 994.985 145.394 -228.059 948.258
  poly 25: 129.561 -219.945 994.985 145.394 -228.059 948.258
  poly 26: 129.561 -219.945 994.985 145.394 -228.059 948.258
  poly 27: 129.561 -219.945 994.985 145.394 -228.059 948.258
  poly 28: 121.936 -237.213 995.4 137.768 -245.327 948.673
  poly 29: 121.936 -237.213 995.4 137.768 -245.327 948.673
  poly 30: 121.936 -237.213 995.4 137.768 -245.327 948.673
  poly 31: 121.936 -237.213 995.4 137.768 -245.327 948.673
  poly 32: 67.297 -206.468 971.549 83.1295 -214.582 924.821
  poly 33: 67.297 -206.468 971.549 83.1295 -214.582 924.821
  poly 34: 67.297 -206.468 971.549 83.1295 -214.582 924.821
  poly 35: 67.297 -206.468 971.549 83.1295 -214.582 924.821
  poly 36: 12.6581 -175.723 947.697 28.4906 -183.837 900.969
  poly 37: 12.6581 -175.723 947.697 28.4906 -183.837 900.969
  poly 38: 12.6581 -175.723 947.697 28.4906 -183.837 900.969
  poly 39: 12.6581 -175.723 947.697 28.4906 -183.837 900.969
  poly 40: -41.9808 -144.978 923.845 -26.1483 -153.092 877.117
  poly 41: -41.9808 -144.978 923.845 -26.1483 -153.092 877.117
  poly 42: 167.923 -289.372 966.54 211.463 -308.165 984.556 205.201 -322.345 984.896 161.662 -303.552 966.88 167.923 -289.372 966.54
  poly 43: 176.402 -294.312 916.769 219.941 -313.105 934.785 213.679 -327.285 935.125 170.14 -308.492 917.109 176.402 -294.312 916.769
  poly 44: -118.104 -131.629 842.232 -74.5381 -150.374 860.248 -80.2251 -163.288 860.564 -123.791 -144.543 842.547 -118.104 -131.629 842.232
  poly 45: -109.655 -136.566 792.45 -66.0894 -155.312 810.467 -71.7764 -168.225 810.782 -115.342 -149.48 792.766 -109.655 -136.566 792.45
  poly 46: 219.991 -406.246 1004.47 276.974 -277.2 1001.37 164.529 -215.803 952.612 188.411 -171.717 953.048 122.42 -135.685 924.432 98.5369 -179.771 923.995 32.5453 -143.739 895.379 56.428 -99.6523 895.815 -9.5636 -63.62 867.199 -33.4463 -107.707 866.762 -134.976 -52.2698 822.735 -189.411 -175.878 825.756 -84.4769 -234.923 871.563 -108.814 -278.676 870.915 -43.2264 -315.582 899.546 -18.8897 -271.829 900.194 46.6976 -308.735 928.825 22.3608 -352.488 928.177 87.948 -389.394 956.808 112.285 -345.641 957.457 219.991 -406.246 1004.47
  poly 47: 227.738 -412.844 954.743 287.277 -278.009 951.502 182.153 -220.609 905.916 206.036 -176.523 906.353 140.045 -140.491 877.736 116.162 -184.577 877.3 50.1703 -148.545 848.683 74.053 -104.458 849.12 8.06135 -68.4261 820.503 -15.8214 -112.513 820.067 -124.702 -53.0623 772.852 -181.687 -182.461 776.014 -69.9288 -245.347 824.801 -94.2656 -289.1 824.152 -28.6784 -326.006 852.783 -4.3416 -282.253 853.432 61.2456 -319.159 882.063 36.9089 -362.912 881.415 102.496 -399.817 910.046 126.833 -356.064 910.694 227.738 -412.844 954.743
element 9
  poly 0: 531.485 -152.931 -1713.58 507.942 -197.03 -1712.57
  poly 1: 531.485 -152.931 -1713.58 507.942 -197.03 -1712.57
  poly 2: 531.485 -152.931 -1713.58 507.942 -197.03 -1712.57
  poly 3: 531.485 -152.931 -1713.58 507.942 -197.03 -1712.57
  poly 4: 528.732 -149.369 -1621.79 505.19 -193.468 -1620.78
  poly 5: 528.732 -149.369 -1621.79 505.19 -193.468 -1620.78
  poly 6: 528.732 -149.369 -1621.79 505.19 -193.468 -1620.78
  poly 7: 528.732 -149.369 -1621.79 505.19 -193.468 -1620.78
  poly 8: 525.98 -145.808 -1530 502.437 -189.907 -1528.99
  poly 9: 525.98 -145.808 -1530 502.437 -189.907 -1528.99
  poly 10: 525.98 -145.808 -1530 502.437 -189.907 -1528.99
  poly 11: 525.98 -145.808 -1530 502.437 -189.907 -1528.99
  poly 12: 523.227 -142.246 -1438.21 499.685 -186.346 -1437.2
  poly 13: 523.227 -142.246 -1438.21 499.685 -186.346 -1437.2
  poly 14: 523.227 -142.246 -1438.21 499.685 -186.346 -1437.2
  poly 15: 523.227 -142.246 -1438.21 499.685 -186.346 -1437.2
  poly 16: 520.475 -138.685 -1346.42 496.933 -182.784 -1345.42
  poly 17: 520.475 -138.685 -1346.42 496.933 -182.784 -1345.42
  poly 18: 520.475 -138.685 -1346.42 496.933 -182.784 -1345.42
  poly 19: 520.475 -138.685 -1346.42 496.933 -182.784 -1345.42
  poly 20: 517.723 -135.123 -1254.63 494.18 -179.223 -1253.63
  poly 21: 517.723 -135.123 -1254.63 494.18 -179.223 -1253.63
  poly 22: 517.723 -135.123 -1254.63 494.18 -179.223 -1253.63
  poly 23: 517.723 -135.123 -1254.63 494.18 -179.223 -1253.63
  poly 24: 514.97 -131.562 -1162.84 491.428 -175.661 -1161.84
  poly 25: 514.97 -131.562 -1162.84 491.428 -175.661 -1161.84
  poly 26: 514.97 -131.562 -1162.84 491.428 -175.661 -1161.84
  poly 27: 514.97 -131.562 -1162.84 491.428 -175.661 -1161.84
  poly 28: 512.218 -128 -1071.05 488.675 -172.1 -1070.05
  poly 29: 512.218 -128 -1071.05 488.675 -172.1 -1070.05
  poly 30: 512.218 -128 -1071.05 488.675 -172.1 -1070.05
  poly 31: 512.218 -128 -1071.05 488.675 -172.1 -1070.05
  poly 32: 509.465 -124.439 -979.261 485.923 -168.538 -978.256
  poly 33: 509.465 -124.439 -979.261 485.923 -168.538 -978.256
  poly 34: 509.465 -124.439 -979.261 485.923 -168.538 -978.256
  poly 35: 509.465 -124.439 -979.261 485.923 -168.538 -978.256
  poly 36: 490.792 -114.571 -983.665 467.249 -158.67 -982.66
  poly 37: 490.792 -114.571 -983.665 467.249 -158.67 -982.66
  poly 38: 490.792 -114.571 -983.665 467.249 -158.67 -982.66
  poly 39: 490.792 -114.571 -983.665 467.249 -158.67 -982.66
  poly 40: 537.262 -139.129 -972.725 513.719 -183.228 -971.72
  poly 41: 537.262 -139.129 -972.725 513.719 -183.228 -971.72
  poly 42: 537.262 -139.129 -972.725 513.719 -183.228 -971.72
  poly 43: 537.262 -139.129 -972.725 513.719 -183.228 -971.72
  poly 44: 583.731 -163.688 -961.785 560.189 -207.787 -960.78
  poly 45: 583.731 -163.688 -961.785 560.189 -207.787 -960.78
  poly 46: 583.731 -163.688 -961.785 560.189 -207.787 -960.78
  poly 47: 583.731 -163.688 -961.785 560.189 -207.787 -960.78
  poly 48: 598.788 -173.803 -1052.92 575.246 -217.902 -1051.91
  poly 49: 598.788 -173.803 -1052.92 575.246 -217.902 -1051.91
  poly 50: 598.788 -173.803 -1052.92 575.246 -217.902 -1051.91
  poly 51: 598.788 -173.803 -1052.92 575.246 -217.902 -1051.91
  poly 52: 613.846 -183.918 -1144.05 590.303 -228.018 -1143.05
  poly 53: 613.846 -183.918 -1144.05 590.303 -228.018 -1143.05
  poly 54: 613.846 -183.918 -1144.05 590.303 -228.018 -1143.05
  poly 55: 613.846 -183.918 -1144.05 590.303 -228.018 -1143.05
  poly 56: 628.903 -194.034 -1235.19 605.361 -238.133 -1234.18
  poly 57: 628.903 -194.034 -1235.19 605.361 -238.133 -1234.18
  poly 58: 628.903 -194.034 -1235.19 605.361 -238.133 -1234.18
  poly 59: 628.903 -194.034 -1235.19 605.361 -238.133 -1234.18
  poly 60: 643.96 -204.149 -1326.32 620.418 -248.249 -1325.31
  poly 61: 643.96 -204.149 -1326.32 620.418 -248.249 -1325.31
  poly 62: 643.96 -204.149 -1326.32 620.418 -248.249 -1325.31
  poly 63: 643.96 -204.149 -1326.32 620.418 -248.249 -1325.31
  poly 64: 659.017 -214.265 -1417.45 635.475 -258.364 -1416.45
  poly 65: 659.017 -214.265 -1417.45 635.475 -258.364 -1416.45
  poly 66: 659.017 -214.265 -1417.45 635.475 -258.364 -1416.45
  poly 67: 659.017 -214.265 -1417.45 635.475 -258.364 -1416.45
  poly 68: 674.075 -224.38 -1508.59 650.532 -268.479 -1507.58
  poly 69: 674.075 -224.38 -1508.59 650.532 -268.479 -1507.58
  poly 70: 674.075 -224.38 -1508.59 650.532 -268.479 -1507.58
  poly 71: 674.075 -224.38 -1508.59 650.532 -268.479 -1507.58
  poly 72: 689.132 -234.496 -1599.72 665.59 -278.595 -1598.71
  poly 73: 689.132 -234.496 -1599.72 665.59 -278.595 -1598.71
  poly 74: 689.132 -234.496 -1599.72 665.59 -278.595 -1598.71
  poly 75: 689.132 -234.496 -1599.72 665.59 -278.595 -1598.71
  poly 76: 704.189 -244.611 -1690.85 680.647 -288.71 -1689.85
  poly 77: 704.189 -244.611 -1690.85 680.647 -288.71 -1689.85
  poly 78: 704.189 -244.611 -1690.85 680.647 -288.71 -1689.85
  poly 79: 704.189 -244.611 -1690.85 680.647 -288.71 -1689.85
  poly 80: 707.045 -248.255 -1783.85 683.503 -292.354 -1782.84
  poly 81: 707.045 -248.255 -1783.85 683.503 -292.354 -1782.84
  poly 82: 707.045 -248.255 -1783.85 683.503 -292.354 -1782.84
  poly 83: 707.045 -248.255 -1783.85 683.503 -292.354 -1782.84
  poly 84: 709.901 -251.899 -1876.84 686.358 -295.999 -1875.84
  poly 85: 709.901 -251.899 -1876.84 686.358 -295.999 -1875.84
  poly 86: 709.901 -251.899 -1876.84 686.358 -295.999 -1875.84
  poly 87: 709.901 -251.899 -1876.84 686.358 -295.999 -1875.84
  poly 88: 712.757 -255.543 -1969.84 689.214 -299.643 -1968.83
  poly 89: 712.757 -255.543 -1969.84 689.214 -299.643 -1968.83
  poly 90: 712.757 -255.543 -1969.84 689.214 -299.643 -1968.83
  poly 91: 712.757 -255.543 -1969.84 689.214 -299.643 -1968.83
  poly 92: 715.613 -259.188 -2062.83 692.07 -303.287 -2061.83
  poly 93: 715.613 -259.188 -2062.83 692.07 -303.287 -2061.83
  poly 94: 715.613 -259.188 -2062.83 692.07 -303.287 -2061.83
  poly 95: 715.613 -259.188 -2062.83 692.07 -303.287 -2061.83
  poly 96: 718.468 -262.832 -2155.83 694.926 -306.931 -2154.82
  poly 97: 718.468 -262.832 -2155.83 694.926 -306.931 -2154.82
  poly 98: 718.468 -262.832 -2155.83 694.926 -306.931 -2154.82
  poly 99: 718.468 -262.832 -2155.83 694.926 -306.931 -2154.82
  poly 100: 721.324 -266.476 -2248.83 697.782 -310.575 -2247.82
  poly 101: 721.324 -266.476 -2248.83 697.782 -310.575 -2247.82
  poly 102: 721.324 -266.476 -2248.83 697.782 -310.575 -2247.82
  poly 103: 721.324 -266.476 -2248.83 697.782 -310.575 -2247.82
  poly 104: 724.18 -270.12 -2341.82 700.638 -314.219 -2340.82
  poly 105: 724.18 -270.12 -2341.82 700.638 -314.219 -2340.82
  poly 106: 724.18 -270.12 -2341.82 700.638 -314.219 -2340.82
  poly 107: 724.18 -270.12 -2341.82 700.638 -314.219 -2340.82
  poly 108: 727.036 -273.764 -2434.82 703.493 -317.863 -2433.81
  poly 109: 727.036 -273.764 -2434.82 703.493 -317.863 -2433.81
  poly 110: 727.036 -273.764 -2434.82 703.493 -317.863 -2433.81
  poly 111: 727.036 -273.764 -2434.82 703.493 -317.863 -2433.81
  poly 112: 661.988 -239.118 -2438.3 638.445 -283.217 -2437.3
  poly 113: 661.988 -239.118 -2438.3 638.445 -283.217 -2437.3
  poly 114: 661.988 -239.118 -2438.3 638.445 -283.217 -2437.3
  poly 115: 661.988 -239.118 -2438.3 638.445 -283.217 -2437.3
  poly 116: 650.939 -233.233 -2438.89 627.397 -277.332 -2437.89
  poly 117: 650.939 -233.233 -2438.89 627.397 -277.332 -2437.89
  poly 118: 650.939 -233.233 -2438.89 627.397 -277.332 -2437.89
  poly 119: 650.939 -233.233 -2438.89 627.397 -277.332 -2437.89
  poly 120: 636.008 -223.195 -2348.23 612.465 -267.294 -2347.22
  poly 121: 636.008 -223.195 -2348.23 612.465 -267.294 -2347.22
  poly 122: 636.008 -223.195 -2348.23 612.465 -267.294 -2347.22
  poly 123: 636.008 -223.195 -2348.23 612.465 -267.294 -2347.22
  poly 124: 621.076 -213.157 -2257.56 597.533 -257.257 -2256.56
  poly 125: 621.076 -213.157 -2257.56 597.533 -257.257 -2256.56
  poly 126: 621.076 -213.157 -2257.56 597.533 -257.257 -2256.56
  poly 127: 621.076 -213.157 -2257.56 597.533 -257.257 -2256.56
  poly 128: 606.144 -203.12 -2166.9 582.601 -247.219 -2165.89
  poly 129: 606.144 -203.12 -2166.9 582.601 -247.219 -2165.89
  poly 130: 606.144 -203.12 -2166.9 582.601 -247.219 -2165.89
  poly 131: 606.144 -203.12 -2166.9 582.601 -247.219 -2165.89
  poly 132: 591.212 -193.082 -2076.23 567.67 -237.181 -2075.23
  poly 133: 591.212 -193.082 -2076.23 567.67 -237.181 -2075.23
  poly 134: 591.212 -193.082 -2076.23 567.67 -237.181 -2075.23
  poly 135: 591.212 -193.082 -2076.23 567.67 -237.181 -2075.23
  poly 136: 576.28 -183.044 -1985.57 552.738 -227.143 -1984.57
  poly 137: 576.28 -183.044 -1985.57 552.738 -227.143 -1984.57
  poly 138: 576.28 -183.044 -1985.57 552.738 -227.143 -1984.57
  poly 139: 576.28 -183.044 -1985.57 552.738 -227.143 -1984.57
  poly 140: 561.348 -173.006 -1894.91 537.806 -217.105 -1893.9
  poly 141: 561.348 -173.006 -1894.91 537.806 -217.105 -1893.9
  poly 142: 561.348 -173.006 -1894.91 537.806 -217.105 -1893.9
  poly 143: 561.348 -173.006 -1894.91 537.806 -217.105 -1893.9
  poly 144: 546.417 -162.968 -1804.24 522.874 -207.068 -1803.24
  poly 145: 546.417 -162.968 -1804.24 522.874 -207.068 -1803.24
  poly 146: 802.2 -364.2 -2154.87 845.677 -387.189 -2145.14 791.973 -351.111 -1820.1 748.496 -328.122 -1829.83 802.2 -364.2 -2154.87
  poly 147: 781.85 -409.987 -2153.15 825.327 -432.976 -2143.42 771.623 -396.898 -1818.38 728.146 -373.909 -1828.11 781.85 -409.987 -2153.15
  poly 148: 694.792 -292.044 -1504.79 738.269 -315.033 -1495.05 684.565 -278.955 -1170.01 641.088 -255.965 -1179.75 694.792 -292.044 -1504.79
  poly 149: 674.442 -337.831 -1503.07 717.919 -360.82 -1493.33 664.215 -324.742 -1168.29 620.738 -301.752 -1178.03 674.442 -337.831 -1503.07
  poly 150: 495.487 -201.082 -2182.15 538.972 -224.076 -2172.44 487.218 -189.285 -1858.2 443.733 -166.291 -1867.91 495.487 -201.082 -2182.15
  poly 151: 475.182 -246.893 -2180.42 518.668 -269.887 -2170.72 466.914 -235.097 -1856.47 423.428 -212.103 -1866.18 475.182 -246.893 -2180.42
  poly 152: 391.979 -131.5 -1553.67 435.464 -154.494 -1543.96 383.71 -119.703 -1229.72 340.225 -96.7095 -1239.42 391.979 -131.5 -1553.67
  poly 153: 371.675 -177.312 -1551.94 415.16 -200.306 -1542.23 363.406 -165.515 -1227.99 319.921 -142.521 -1237.7 371.675 -177.312 -1551.94
  poly 154: 665.709 -260.067 -783.002 952.788 -452.926 -2520.54 842.685 -394.282 -2526.42 844.29 -396.277 -2576.36 773.373 -358.504 -2580.15 771.768 -356.509 -2530.21 700.85 -318.736 -2534 702.456 -320.731 -2583.94 631.539 -282.958 -2587.72 629.933 -280.963 -2537.79 510.028 -217.098 -2544.19 236.635 -33.3119 -884.193 350.015 -93.2307 -857.454 354.292 -96.072 -881.954 422.792 -132.273 -865.799 414.239 -126.59 -816.799 482.739 -162.79 -800.644 491.292 -168.473 -849.644 559.792 -204.674 -833.489 555.515 -201.832 -808.99 665.709 -260.067 -783.002
  poly 155: 645.762 -306.125 -783.729 932.431 -498.709 -2518.78 819.124 -438.358 -2524.84 820.729 -440.353 -2574.78 749.812 -402.58 -2578.56 748.207 -400.585 -2528.63 677.289 -362.812 -2532.42 678.895 -364.808 -2582.35 607.978 -327.035 -2586.14 606.372 -325.04 -2536.21 489.72 -262.907 -2542.44 216.734 -79.3947 -884.909 326.905 -137.617 -858.927 331.182 -140.459 -883.427 399.682 -176.659 -867.272 391.129 -170.977 -818.272 459.629 -207.177 -802.118 468.182 -212.86 -851.117 536.682 -249.06 -834.963 532.405 -246.219 -810.463 645.762 -306.125 -783.729
element 10
  poly 0: 814.274 -539.747 -2569.96 860.458 -560.195 -2567.7 868.411 -542.308 -2568.39 822.227 -521.861 -2570.65 814.274 -539.747 -2569.96
  poly 1: 806.095 -534.213 -2520.38 852.279 -554.66 -2518.12 860.232 -536.774 -2518.8 814.048 -516.326 -2521.06 806.095 -534.213 -2520.38
  poly 2: 507.077 -372.275 -2586.57 553.278 -392.671 -2584.31 560.519 -376.339 -2584.93 514.317 -355.943 -2587.19 507.077 -372.275 -2586.57
  poly 3: 498.921 -366.759 -2536.98 545.123 -387.155 -2534.72 552.363 -370.823 -2535.35 506.162 -350.427 -2537.61 498.921 -366.759 -2536.98
  poly 4: 960.98 -458.43 -2570.12 857.561 -691.031 -2561.22 738.443 -625.326 -2567.7 762.855 -581.223 -2569.26 692.436 -542.379 -2573.08 668.023 -586.483 -2571.52 597.604 -547.639 -2575.35 622.016 -503.536 -2576.91 551.596 -464.692 -2580.74 527.184 -508.796 -2579.18 418.006 -448.574 -2585.12 518.194 -222.588 -2593.78 631.539 -282.958 -2587.72 607.978 -327.035 -2586.14 678.895 -364.808 -2582.35 702.456 -320.731 -2583.94 773.373 -358.504 -2580.15 749.812 -402.58 -2578.56 820.729 -440.353 -2574.78 844.29 -396.277 -2576.36 960.98 -458.43 -2570.12
  poly 5: 952.788 -452.927 -2520.54 846.962 -690.941 -2511.43 733.919 -628.587 -2517.57 758.331 -584.483 -2519.13 687.911 -545.64 -2522.96 663.499 -589.743 -2521.4 593.079 -550.9 -2525.23 617.491 -506.797 -2526.79 547.072 -467.953 -2530.62 522.659 -512.056 -2529.06 407.438 -448.501 -2535.33 510.028 -217.098 -2544.19 629.933 -280.963 -2537.79 606.372 -325.04 -2536.21 677.289 -362.812 -2532.42 700.85 -318.736 -2534 771.768 -356.509 -2530.21 748.207 -400.585 -2528.63 819.124 -438.358 -2524.84 842.685 -394.282 -2526.42 952.788 -452.927 -2520.54
element 11
  poly 0: 484.4 -241.129 -1711.57 507.942 -197.03 -1712.57
  poly 1: 484.4 -241.129 -1711.57 507.942 -197.03 -1712.57
  poly 2: 484.4 -241.129 -1711.57 507.942 -197.03 -1712.57
  poly 3: 484.4 -241.129 -1711.57 507.942 -197.03 -1712.57
  poly 4: 481.647 -237.568 -1619.78 505.19 -193.468 -1620.78
  poly 5: 481.647 -237.568 -1619.78 505.19 -193.468 -1620.78
  poly 6: 481.647 -237.568 -1619.78 505.19 -193.468 -1620.78
  poly 7: 481.647 -237.568 -1619.78 505.19 -193.468 -1620.78
  poly 8: 478.895 -234.006 -1527.99 502.437 -189.907 -1528.99
  poly 9: 478.895 -234.006 -1527.99 502.437 -189.907 -1528.99
  poly 10: 478.895 -234.006 -1527.99 502.437 -189.907 -1528.99
  poly 11: 478.895 -234.006 -1527.99 502.437 -189.907 -1528.99
  poly 12: 476.143 -230.445 -1436.2 499.685 -186.346 -1437.2
  poly 13: 476.143 -230.445 -1436.2 499.685 -186.346 -1437.2
  poly 14: 476.143 -230.445 -1436.2 499.685 -186.346 -1437.2
  poly 15: 476.143 -230.445 -1436.2 499.685 -186.346 -1437.2
  poly 16: 473.39 -226.883 -1344.41 496.933 -182.784 -1345.42
  poly 17: 473.39 -226.883 -1344.41 496.933 -182.784 -1345.42
  poly 18: 473.39 -226.883 -1344.41 496.933 -182.784 -1345.42
  poly 19: 473.39 -226.883 -1344.41 496.933 -182.784 -1345.42
  poly 20: 470.638 -223.322 -1252.62 494.18 -179.223 -1253.63
  poly 21: 470.638 -223.322 -1252.62 494.18 -179.223 -1253.63
  poly 22: 470.638 -223.322 -1252.62 494.18 -179.223 -1253.63
  poly 23: 470.638 -223.322 -1252.62 494.18 -179.223 -1253.63
  poly 24: 467.885 -219.76 -1160.83 491.428 -175.661 -1161.84
  poly 25: 467.885 -219.76 -1160.83 491.428 -175.661 -1161.84
  poly 26: 467.885 -219.76 -1160.83 491.428 -175.661 -1161.84
  poly 27: 467.885 -219.76 -1160.83 491.428 -175.661 -1161.84
  poly 28: 465.133 -216.199 -1069.04 488.675 -172.1 -1070.05
  poly 29: 465.133 -216.199 -1069.04 488.675 -172.1 -1070.05
  poly 30: 465.133 -216.199 -1069.04 488.675 -172.1 -1070.05
  poly 31: 465.133 -216.199 -1069.04 488.675 -172.1 -1070.05
  poly 32: 462.38 -212.638 -977.251 485.923 -168.538 -978.256
  poly 33: 462.38 -212.638 -977.251 485.923 -168.538 -978.256
  poly 34: 462.38 -212.638 -977.251 485.923 -168.538 -978.256
  poly 35: 462.38 -212.638 -977.251 485.923 -168.538 -978.256
  poly 36: 443.707 -202.769 -981.655 467.249 -158.67 -982.66
  poly 37: 443.707 -202.769 -981.655 467.249 -158.67 -982.66
  poly 38: 443.707 -202.769 -981.655 467.249 -158.67 -982.66
  poly 39: 443.707 -202.769 -981.655 467.249 -158.67 -982.66
  poly 40: 490.177 -227.328 -970.715 513.719 -183.228 -971.72
  poly 41: 490.177 -227.328 -970.715 513.719 -183.228 -971.72
  poly 42: 490.177 -227.328 -970.715 513.719 -183.228 -971.72
  poly 43: 490.177 -227.328 -970.715 513.719 -183.228 -971.72
  poly 44: 536.646 -251.886 -959.775 560.189 -207.787 -960.78
  poly 45: 536.646 -251.886 -959.775 560.189 -207.787 -960.78
  poly 46: 536.646 -251.886 -959.775 560.189 -207.787 -960.78
  poly 47: 536.646 -251.886 -959.775 560.189 -207.787 -960.78
  poly 48: 551.704 -262.002 -1050.91 575.246 -217.902 -1051.91
  poly 49: 551.704 -262.002 -1050.91 575.246 -217.902 -1051.91
  poly 50: 551.704 -262.002 -1050.91 575.246 -217.902 -1051.91
  poly 51: 551.704 -262.002 -1050.91 575.246 -217.902 -1051.91
  poly 52: 566.761 -272.117 -1142.04 590.303 -228.018 -1143.05
  poly 53: 566.761 -272.117 -1142.04 590.303 -228.018 -1143.05
  poly 54: 566.761 -272.117 -1142.04 590.303 -228.018 -1143.05
  poly 55: 566.761 -272.117 -1142.04 590.303 -228.018 -1143.05
  poly 56: 581.818 -282.232 -1233.18 605.361 -238.133 -1234.18
  poly 57: 581.818 -282.232 -1233.18 605.361 -238.133 -1234.18
  poly 58: 581.818 -282.232 -1233.18 605.361 -238.133 -1234.18
  poly 59: 581.818 -282.232 -1233.18 605.361 -238.133 -1234.18
  poly 60: 596.875 -292.348 -1324.31 620.418 -248.249 -1325.31
  poly 61: 596.875 -292.348 -1324.31 620.418 -248.249 -1325.31
  poly 62: 596.875 -292.348 -1324.31 620.418 -248.249 -1325.31
  poly 63: 596.875 -292.348 -1324.31 620.418 -248.249 -1325.31
  poly 64: 611.933 -302.463 -1415.44 635.475 -258.364 -1416.45
  poly 65: 611.933 -302.463 -1415.44 635.475 -258.364 -1416.45
  poly 66: 611.933 -302.463 -1415.44 635.475 -258.364 -1416.45
  poly 67: 611.933 -302.463 -1415.44 635.475 -258.364 -1416.45
  poly 68: 626.99 -312.579 -1506.58 650.532 -268.479 -1507.58
  poly 69: 626.99 -312.579 -1506.58 650.532 -268.479 -1507.58
  poly 70: 626.99 -312.579 -1506.58 650.532 -268.479 -1507.58
  poly 71: 626.99 -312.579 -1506.58 650.532 -268.479 -1507.58
  poly 72: 642.047 -322.694 -1597.71 665.59 -278.595 -1598.71
  poly 73: 642.047 -322.694 -1597.71 665.59 -278.595 -1598.71
  poly 74: 642.047 -322.694 -1597.71 665.59 -278.595 -1598.71
  poly 75: 642.047 -322.694 -1597.71 665.59 -278.595 -1598.71
  poly 76: 657.104 -332.81 -1688.84 680.647 -288.71 -1689.85
  poly 77: 657.104 -332.81 -1688.84 680.647 -288.71 -1689.85
  poly 78: 657.104 -332.81 -1688.84 680.647 -288.71 -1689.85
  poly 79: 657.104 -332.81 -1688.84 680.647 -288.71 -1689.85
  poly 80: 659.96 -336.454 -1781.84 683.503 -292.354 -1782.84
  poly 81: 659.96 -336.454 -1781.84 683.503 -292.354 -1782.84
  poly 82: 659.96 -336.454 -1781.84 683.503 -292.354 -1782.84
  poly 83: 659.96 -336.454 -1781.84 683.503 -292.354 -1782.84
  poly 84: 662.816 -340.098 -1874.83 686.358 -295.999 -1875.84
  poly 85: 662.816 -340.098 -1874.83 686.358 -295.999 -1875.84
  poly 86: 662.816 -340.098 -1874.83 686.358 -295.999 -1875.84
  poly 87: 662.816 -340.098 -1874.83 686.358 -295.999 -1875.84
  poly 88: 665.672 -343.742 -1967.83 689.214 -299.643 -1968.83
  poly 89: 665.672 -343.742 -1967.83 689.214 -299.643 -1968.83
  poly 90: 665.672 -343.742 -1967.83 689.214 -299.643 -1968.83
  poly 91: 665.672 -343.742 -1967.83 689.214 -299.643 -1968.83
  poly 92: 668.528 -347.386 -2060.82 692.07 -303.287 -2061.83
  poly 93: 668.528 -347.386 -2060.82 692.07 -303.287 -2061.83
  poly 94: 668.528 -347.386 -2060.82 692.07 -303.287 -2061.83
  poly 95: 668.528 -347.386 -2060.82 692.07 -303.287 -2061.83
  poly 96: 671.383 -351.03 -2153.82 694.926 -306.931 -2154.82
  poly 97: 671.383 -351.03 -2153.82 694.926 -306.931 -2154.82
  poly 98: 671.383 -351.03 -2153.82 694.926 -306.931 -2154.82
  poly 99: 671.383 -351.03 -2153.82 694.926 -306.931 -2154.82
  poly 100: 674.239 -354.674 -2246.82 697.782 -310.575 -2247.82
  poly 101: 674.239 -354.674 -2246.82 697.782 -310.575 -2247.82
  poly 102: 674.239 -354.674 -2246.82 697.782 -310.575 -2247.82
  poly 103: 674.239 -354.674 -2246.82 697.782 -310.575 -2247.82
  poly 104: 677.095 -358.319 -2339.81 700.638 -314.219 -2340.82
  poly 105: 677.095 -358.319 -2339.81 700.638 -314.219 -2340.82
  poly 106: 677.095 -358.319 -2339.81 700.638 -314.219 -2340.82
  poly 107: 677.095 -358.319 -2339.81 700.638 -314.219 -2340.82
  poly 108: 679.951 -361.963 -2432.81 703.493 -317.863 -2433.81
  poly 109: 679.951 -361.963 -2432.81 703.493 -317.863 -2433.81
  poly 110: 679.951 -361.963 -2432.81 703.493 -317.863 -2433.81
  poly 111: 679.951 -361.963 -2432.81 703.493 -317.863 -2433.81
  poly 112: 614.903 -327.316 -2436.29 638.445 -283.217 -2437.3
  poly 113: 614.903 -327.316 -2436.29 638.445 -283.217 -2437.3
  poly 114: 614.903 -327.316 -2436.29 638.445 -283.217 -2437.3
  poly 115: 614.903 -327.316 -2436.29 638.445 -283.217 -2437.3
  poly 116: 603.855 -321.432 -2436.88 627.397 -277.332 -2437.89
  poly 117: 603.855 -321.432 -2436.88 627.397 -277.332 -2437.89
  poly 118: 603.855 -321.432 -2436.88 627.397 -277.332 -2437.89
  poly 119: 603.855 -321.432 -2436.88 627.397 -277.332 -2437.89
  poly 120: 588.923 -311.394 -2346.22 612.465 -267.294 -2347.22
  poly 121: 588.923 -311.394 -2346.22 612.465 -267.294 -2347.22
  poly 122: 588.923 -311.394 -2346.22 612.465 -267.294 -2347.22
  poly 123: 588.923 -311.394 -2346.22 612.465 -267.294 -2347.22
  poly 124: 573.991 -301.356 -2255.55 597.533 -257.257 -2256.56
  poly 125: 573.991 -301.356 -2255.55 597.533 -257.257 -2256.56
  poly 126: 573.991 -301.356 -2255.55 597.533 -257.257 -2256.56
  poly 127: 573.991 -301.356 -2255.55 597.533 -257.257 -2256.56
  poly 128: 559.059 -291.318 -2164.89 582.601 -247.219 -2165.89
  poly 129: 559.059 -291.318 -2164.89 582.601 -247.219 -2165.89
  poly 130: 559.059 -291.318 -2164.89 582.601 -247.219 -2165.89
  poly 131: 559.059 -291.318 -2164.89 582.601 -247.219 -2165.89
  poly 132: 544.127 -281.28 -2074.22 567.67 -237.181 -2075.23
  poly 133: 544.127 -281.28 -2074.22 567.67 -237.181 -2075.23
  poly 134: 544.127 -281.28 -2074.22 567.67 -237.181 -2075.23
  poly 135: 544.127 -281.28 -2074.22 567.67 -237.181 -2075.23
  poly 136: 529.195 -271.243 -1983.56 552.738 -227.143 -1984.57
  poly 137: 529.195 -271.243 -1983.56 552.738 -227.143 -1984.57
  poly 138: 529.195 -271.243 -1983.56 552.738 -227.143 -1984.57
  poly 139: 529.195 -271.243 -1983.56 552.738 -227.143 -1984.57
  poly 140: 514.264 -261.205 -1892.9 537.806 -217.105 -1893.9
  poly 141: 514.264 -261.205 -1892.9 537.806 -217.105 -1893.9
  poly 142: 514.264 -261.205 -1892.9 537.806 -217.105 -1893.9
  poly 143: 514.264 -261.205 -1892.9 537.806 -217.105 -1893.9
  poly 144: 499.332 -251.167 -1802.23 522.874 -207.068 -1803.24
  poly 145: 499.332 -251.167 -1802.23 522.874 -207.068 -1803.24
  poly 146: 739.444 -331.3 -2180.81 729.409 -318.495 -1854.03 773.708 -342.092 -1851.74 783.743 -354.897 -2178.53 739.444 -331.3 -2180.81
  poly 147: 758.634 -284.882 -2182.04 748.598 -272.077 -1855.26 792.897 -295.674 -1852.97 802.933 -308.479 -2179.76 758.634 -284.882 -2182.04
  poly 148: 719.373 -305.69 -1527.24 709.338 -292.885 -1200.46 753.636 -316.482 -1198.17 763.672 -329.287 -1524.96 719.373 -305.69 -1527.24
  poly 149: 738.563 -259.272 -1528.47 728.527 -246.467 -1201.69 772.826 -270.064 -1199.4 782.861 -282.869 -1526.19 738.563 -259.272 -1528.47
  poly 150: 434.77 -169.316 -2210.04 425.285 -157.044 -1893.75 469.591 -180.645 -1891.5 479.075 -192.917 -2207.8 434.77 -169.316 -2210.04
  poly 151: 453.906 -122.869 -2211.27 444.421 -110.597 -1894.98 488.727 -134.198 -1892.73 498.211 -146.47 -2209.02 453.906 -122.869 -2211.27
  poly 152: 415.801 -144.772 -1577.46 406.317 -132.5 -1261.16 450.622 -156.101 -1258.92 460.106 -168.373 -1575.21 415.801 -144.772 -1577.46
  poly 153: 434.937 -98.3255 -1578.68 425.453 -86.0537 -1262.39 469.758 -109.655 -1260.15 479.242 -121.927 -1576.44 434.937 -98.3255 -1578.68
  poly 154: 840.333 -394.18 -2576.54 785.953 -324.79 -805.734 674.352 -265.81 -832.007 665.825 -260.142 -783.065 596.215 -223.354 -799.453 604.742 -229.022 -848.395 535.133 -192.234 -864.783 526.606 -186.567 -815.841 456.996 -149.779 -832.229 465.523 -155.446 -881.171 351.356 -95.1107 -908.049 402.093 -160.758 -2600.01 840.333 -394.18 -2576.54
  poly 155: 859.418 -347.627 -2574.32 805.182 -278.422 -808.269 697.98 -221.768 -833.507 689.453 -216.1 -784.565 619.844 -179.312 -800.953 628.371 -184.98 -849.895 558.761 -148.192 -866.283 550.234 -142.525 -817.341 480.625 -105.737 -833.728 489.152 -111.405 -882.67 370.532 -48.7153 -910.597 421.125 -114.178 -2597.8 859.418 -347.627 -2574.32
element 12
  poly 0: -362.134 -166.514 1199.72 -511.494 -105.854 1472.73 -473.93 -127.611 1498.11 -324.571 -188.271 1225.1 -362.134 -166.514 1199.72
  poly 1: -342.683 -120.143 1200.05 -492.042 -59.4823 1473.07 -454.479 -81.2396 1498.45 -305.119 -141.9 1225.44 -342.683 -120.143 1200.05
  poly 2: -660.853 -45.1934 1745.74 -810.213 15.4669 2018.75 -772.649 -6.29046 2044.14 -623.29 -66.9507 1771.12 -660.853 -45.1934 1745.74
  poly 3: -641.402 1.17798 1746.08 -790.761 61.8382 2019.09 -753.198 40.0809 2044.47 -603.838 -20.5794 1771.46 -641.402 1.17798 1746.08
  poly 4: -81.4982 -325.105 1332.04 -235.041 -262.769 1613.04 -197.469 -284.529 1638.39 -43.9262 -346.865 1357.4 -81.4982 -325.105 1332.04
  poly 5: -62.0068 -278.757 1332.41 -215.55 -216.421 1613.4 -177.978 -238.181 1638.76 -24.4347 -300.517 1357.77 -62.0068 -278.757 1332.41
  poly 6: -388.584 -200.433 1894.03 -542.127 -138.097 2175.03 -504.555 -159.858 2200.38 -351.012 -222.193 1919.39 -388.584 -200.433 1894.03
  poly 7: -369.093 -154.085 1894.4 -522.636 -91.7491 2175.39 -485.064 -113.51 2200.75 -331.521 -175.845 1919.76 -369.093 -154.085 1894.4
  poly 8: -1023.73 108.686 2314.99 -209.627 -221.949 826.906 -108.768 -278.702 870.935 -125.85 -272.834 917.629 -60.2625 -309.74 946.26 -43.1806 -315.608 899.566 22.4068 -352.514 928.197 5.3249 -346.646 974.892 70.9123 -383.552 1003.52 87.9942 -389.42 956.829 199.73 -452.294 1005.61 -653.238 -106.001 2566.6 -1023.73 108.686 2314.99
  poly 9: -1002.63 154.389 2312.32 -189.372 -175.904 825.773 -84.4333 -234.953 871.583 -101.515 -229.085 918.277 -35.9278 -265.991 946.909 -18.8459 -271.859 900.214 46.7415 -308.765 928.846 29.6597 -302.897 975.54 95.2471 -339.803 1004.17 112.329 -345.671 957.477 220.031 -406.275 1004.49 -632.105 -60.3198 2563.96 -1002.63 154.389 2312.32
element 13
  poly 0: -342.989 243.199 1643.93 -367.944 199.986 1647.07
  poly 1: -342.989 243.199 1643.93 -367.944 199.986 1647.07
  poly 2: -342.989 243.199 1643.93 -367.944 199.986 1647.07
  poly 3: -342.989 243.199 1643.93 -367.944 199.986 1647.07
  poly 4: -369.063 264.341 1727.7 -394.018 221.128 1730.83
  poly 5: -369.063 264.341 1727.7 -394.018 221.128 1730.83
  poly 6: -369.063 264.341 1727.7 -394.018 221.128 1730.83
  poly 7: -369.063 264.341 1727.7 -394.018 221.128 1730.83
  poly 8: -395.137 285.483 1811.46 -420.092 242.27 1814.6
  poly 9: -395.137 285.483 1811.46 -420.092 242.27 1814.6
  poly 10: -395.137 285.483 1811.46 -420.092 242.27 1814.6
  poly 11: -395.137 285.483 1811.46 -420.092 242.27 1814.6
  poly 12: -421.211 306.625 1895.23 -446.166 263.411 1898.37
  poly 13: -421.211 306.625 1895.23 -446.166 263.411 1898.37
  poly 14: -421.211 306.625 1895.23 -446.166 263.411 1898.37
  poly 15: -421.211 306.625 1895.23 -446.166 263.411 1898.37
  poly 16: -447.285 327.766 1978.99 -472.24 284.553 1982.13
  poly 17: -447.285 327.766 1978.99 -472.24 284.553 1982.13
  poly 18: -447.285 327.766 1978.99 -472.24 284.553 1982.13
  poly 19: -447.285 327.766 1978.99 -472.24 284.553 1982.13
  poly 20: -473.359 348.908 2062.76 -498.314 305.695 2065.9
  poly 21: -473.359 348.908 2062.76 -498.314 305.695 2065.9
  poly 22: -473.359 348.908 2062.76 -498.314 305.695 2065.9
  poly 23: -473.359 348.908 2062.76 -498.314 305.695 2065.9
  poly 24: -499.433 370.05 2146.53 -524.388 326.837 2149.66
  poly 25: -499.433 370.05 2146.53 -524.388 326.837 2149.66
  poly 26: -499.433 370.05 2146.53 -524.388 326.837 2149.66
  poly 27: -499.433 370.05 2146.53 -524.388 326.837 2149.66
  poly 28: -525.507 391.191 2230.29 -550.462 347.978 2233.43
  poly 29: -525.507 391.191 2230.29 -550.462 347.978 2233.43
  poly 30: -525.507 391.191 2230.29 -550.462 347.978 2233.43
  poly 31: -525.507 391.191 2230.29 -550.462 347.978 2233.43
  poly 32: -551.581 412.333 2314.06 -576.536 369.12 2317.2
  poly 33: -551.581 412.333 2314.06 -576.536 369.12 2317.2
  poly 34: -551.581 412.333 2314.06 -576.536 369.12 2317.2
  poly 35: -551.581 412.333 2314.06 -576.536 369.12 2317.2
  poly 36: -579.17 426.96 2296.09 -604.125 383.747 2299.23
  poly 37: -579.17 426.96 2296.09 -604.125 383.747 2299.23
  poly 38: -579.17 426.96 2296.09 -604.125 383.747 2299.23
  poly 39: -579.17 426.96 2296.09 -604.125 383.747 2299.23
  poly 40: -535.975 404.058 2324.21 -560.93 360.845 2327.35
  poly 41: -535.975 404.058 2324.21 -560.93 360.845 2327.35
  poly 42: -535.975 404.058 2324.21 -560.93 360.845 2327.35
  poly 43: -535.975 404.058 2324.21 -560.93 360.845 2327.35
  poly 44: -492.78 381.156 2352.33 -517.735 337.943 2355.47
  poly 45: -492.78 381.156 2352.33 -517.735 337.943 2355.47
  poly 46: -492.78 381.156 2352.33 -517.735 337.943 2355.47
  poly 47: -492.78 381.156 2352.33 -517.735 337.943 2355.47
  poly 48: -454.146 353.114 2273.42 -479.102 309.9 2276.56
  poly 49: -454.146 353.114 2273.42 -479.102 309.9 2276.56
  poly 50: -454.146 353.114 2273.42 -479.102 309.9 2276.56
  poly 51: -454.146 353.114 2273.42 -479.102 309.9 2276.56
  poly 52: -415.513 325.071 2194.51 -440.468 281.858 2197.65
  poly 53: -415.513 325.071 2194.51 -440.468 281.858 2197.65
  poly 54: -415.513 325.071 2194.51 -440.468 281.858 2197.65
  poly 55: -415.513 325.071 2194.51 -440.468 281.858 2197.65
  poly 56: -376.879 297.029 2115.6 -401.835 253.816 2118.74
  poly 57: -376.879 297.029 2115.6 -401.835 253.816 2118.74
  poly 58: -376.879 297.029 2115.6 -401.835 253.816 2118.74
  poly 59: -376.879 297.029 2115.6 -401.835 253.816 2118.74
  poly 60: -338.246 268.987 2036.69 -363.201 225.774 2039.83
  poly 61: -338.246 268.987 2036.69 -363.201 225.774 2039.83
  poly 62: -338.246 268.987 2036.69 -363.201 225.774 2039.83
  poly 63: -338.246 268.987 2036.69 -363.201 225.774 2039.83
  poly 64: -299.612 240.945 1957.78 -324.568 197.732 1960.92
  poly 65: -299.612 240.945 1957.78 -324.568 197.732 1960.92
  poly 66: -299.612 240.945 1957.78 -324.568 197.732 1960.92
  poly 67: -299.612 240.945 1957.78 -324.568 197.732 1960.92
  poly 68: -260.978 212.903 1878.87 -285.934 169.69 1882.01
  poly 69: -260.978 212.903 1878.87 -285.934 169.69 1882.01
  poly 70: -260.978 212.903 1878.87 -285.934 169.69 1882.01
  poly 71: -260.978 212.903 1878.87 -285.934 169.69 1882.01
  poly 72: -222.345 184.861 1799.96 -247.3 141.648 1803.1
  poly 73: -222.345 184.861 1799.96 -247.3 141.648 1803.1
  poly 74: -222.345 184.861 1799.96 -247.3 141.648 1803.1
  poly 75: -222.345 184.861 1799.96 -247.3 141.648 1803.1
  poly 76: -183.711 156.819 1721.06 -208.667 113.606 1724.19
  poly 77: -183.711 156.819 1721.06 -208.667 113.606 1724.19
  poly 78: -183.711 156.819 1721.06 -208.667 113.606 1724.19
  poly 79: -183.711 156.819 1721.06 -208.667 113.606 1724.19
  poly 80: -156.809 135 1634.56 -181.764 91.7872 1637.7
  poly 81: -156.809 135 1634.56 -181.764 91.7872 1637.7
  poly 82: -156.809 135 1634.56 -181.764 91.7872 1637.7
  poly 83: -156.809 135 1634.56 -181.764 91.7872 1637.7
  poly 84: -129.906 113.182 1548.06 -154.862 69.9688 1551.2
  poly 85: -129.906 113.182 1548.06 -154.862 69.9688 1551.2
  poly 86: -129.906 113.182 1548.06 -154.862 69.9688 1551.2
  poly 87: -129.906 113.182 1548.06 -154.862 69.9688 1551.2
  poly 88: -103.004 91.3635 1461.57 -127.959 48.1504 1464.71
  poly 89: -103.004 91.3635 1461.57 -127.959 48.1504 1464.71
  poly 90: -103.004 91.3635 1461.57 -127.959 48.1504 1464.71
  poly 91: -103.004 91.3635 1461.57 -127.959 48.1504 1464.71
  poly 92: -76.1014 69.5451 1375.07 -101.057 26.3319 1378.21
  poly 93: -76.1014 69.5451 1375.07 -101.057 26.3319 1378.21
  poly 94: -76.1014 69.5451 1375.07 -101.057 26.3319 1378.21
  poly 95: -76.1014 69.5451 1375.07 -101.057 26.3319 1378.21
  poly 96: -49.1989 47.7267 1288.58 -74.1544 4.51353 1291.72
  poly 97: -49.1989 47.7267 1288.58 -74.1544 4.51353 1291.72
  poly 98: -49.1989 47.7267 1288.58 -74.1544 4.51353 1291.72
  poly 99: -49.1989 47.7267 1288.58 -74.1544 4.51353 1291.72
  poly 100: -22.2964 25.9083 1202.08 -47.2519 -17.3049 1205.22
  poly 101: -22.2964 25.9083 1202.08 -47.2519 -17.3049 1205.22
  poly 102: -22.2964 25.9083 1202.08 -47.2519 -17.3049 1205.22
  poly 103: -22.2964 25.9083 1202.08 -47.2519 -17.3049 1205.22
  poly 104: 4.60612 4.08987 1115.59 -20.3494 -39.1233 1118.72
  poly 105: 4.60612 4.08987 1115.59 -20.3494 -39.1233 1118.72
  poly 106: 4.60612 4.08987 1115.59 -20.3494 -39.1233 1118.72
  poly 107: 4.60612 4.08987 1115.59 -20.3494 -39.1233 1118.72
  poly 108: 31.5086 -17.7285 1029.09 6.5531 -60.9417 1032.23
  poly 109: 31.5086 -17.7285 1029.09 6.5531 -60.9417 1032.23
  poly 110: 31.5086 -17.7285 1029.09 6.5531 -60.9417 1032.23
  poly 111: 31.5086 -17.7285 1029.09 6.5531 -60.9417 1032.23
  poly 112: -16.3729 8.41487 1008.33 -41.3284 -34.7983 1011.47
  poly 113: -16.3729 8.41487 1008.33 -41.3284 -34.7983 1011.47
  poly 114: -16.3729 8.41487 1008.33 -41.3284 -34.7983 1011.47
  poly 115: -16.3729 8.41487 1008.33 -41.3284 -34.7983 1011.47
  poly 116: -64.2545 34.5583 987.563 -89.21 -8.65488 990.702
  poly 117: -64.2545 34.5583 987.563 -89.21 -8.65488 990.702
  poly 118: -64.2545 34.5583 987.563 -89.21 -8.65488 990.702
  poly 119: -64.2545 34.5583 987.563 -89.21 -8.65488 990.702
  poly 120: -28.6751 15.1317 1002.99 -53.6306 -28.0814 1006.13
  poly 121: -28.6751 15.1317 1002.99 -53.6306 -28.0814 1006.13
  poly 122: -28.6751 15.1317 1002.99 -53.6306 -28.0814 1006.13
  poly 123: -28.6751 15.1317 1002.99 -53.6306 -28.0814 1006.13
  poly 124: -67.9643 43.6402 1083.11 -92.9198 0.427027 1086.25
  poly 125: -67.9643 43.6402 1083.11 -92.9198 0.427027 1086.25
  poly 126: -67.9643 43.6402 1083.11 -92.9198 0.427027 1086.25
  poly 127: -67.9643 43.6402 1083.11 -92.9198 0.427027 1086.25
  poly 128: -107.254 72.1487 1163.22 -132.209 28.9355 1166.36
  poly 129: -107.254 72.1487 1163.22 -132.209 28.9355 1166.36
  poly 130: -107.254 72.1487 1163.22 -132.209 28.9355 1166.36
  poly 131: -107.254 72.1487 1163.22 -132.209 28.9355 1166.36
  poly 132: -146.543 100.657 1243.34 -171.498 57.4439 1246.48
  poly 133: -146.543 100.657 1243.34 -171.498 57.4439 1246.48
  poly 134: -146.543 100.657 1243.34 -171.498 57.4439 1246.48
  poly 135: -146.543 100.657 1243.34 -171.498 57.4439 1246.48
  poly 136: -185.832 129.166 1323.46 -210.787 85.9524 1326.6
  poly 137: -185.832 129.166 1323.46 -210.787 85.9524 1326.6
  poly 138: -185.832 129.166 1323.46 -210.787 85.9524 1326.6
  poly 139: -185.832 129.166 1323.46 -210.787 85.9524 1326.6
  poly 140: -225.121 157.674 1403.58 -250.077 114.461 1406.72
  poly 141: -225.121 157.674 1403.58 -250.077 114.461 1406.72
  poly 142: -225.121 157.674 1403.58 -250.077 114.461 1406.72
  poly 143: -225.121 157.674 1403.58 -250.077 114.461 1406.72
  poly 144: -264.41 186.182 1483.69 -289.366 142.969 1486.83
  poly 145: -264.41 186.182 1483.69 -289.366 142.969 1486.83
  poly 146: -264.41 186.182 1483.69 -289.366 142.969 1486.83
  poly 147: -264.41 186.182 1483.69 -289.366 142.969 1486.83
  poly 148: -303.7 214.691 1563.81 -328.655 171.478 1566.95
  poly 149: -303.7 214.691 1563.81 -328.655 171.478 1566.95
  poly 150: -648.546 388.646 2013.48 -514.283 291.224 1739.69 -476.267 271.143 1765.48 -610.53 368.565 2039.27 -648.546 388.646 2013.48
  poly 151: -670.72 343.963 2018.5 -536.458 246.542 1744.72 -498.442 226.461 1770.51 -632.705 323.883 2044.29 -670.72 343.963 2018.5
  poly 152: -380.02 193.802 1465.91 -245.757 96.3802 1192.12 -207.742 76.2995 1217.91 -342.004 173.721 1491.69 -380.02 193.802 1465.91
  poly 153: -402.195 149.12 1470.93 -267.932 51.6981 1197.15 -229.916 31.6174 1222.93 -364.179 129.039 1496.72 -402.195 149.12 1470.93
  poly 154: -376.666 243.002 2169.96 -238.694 142.855 1888.14 -200.666 122.765 1913.9 -338.639 222.912 2195.71 -376.666 243.002 2169.96
  poly 155: -398.878 198.339 2174.95 -260.906 98.1921 1893.14 -222.879 78.1023 1918.9 -360.851 178.249 2200.71 -398.878 198.339 2174.95
  poly 156: -100.721 42.7074 1606.33 37.2516 -57.4397 1324.52 75.2788 -77.5294 1350.28 -62.6938 22.6176 1632.09 -100.721 42.7074 1606.33
  poly 157: -122.933 -1.95497 1611.33 15.0392 -102.102 1329.52 53.0664 -122.192 1355.27 -84.9062 -22.0448 1637.09 -122.933 -1.95497 1611.33
  poly 158: -114.718 -6.20636 821.6 -845.336 523.934 2311.46 -465.687 322.641 2558.64 297.282 -231.159 1000.26 188.396 -171.707 953.042 174.39 -160.222 999.803 108.397 -124.19 971.186 122.404 -135.675 924.425 56.4112 -99.6431 895.808 42.4047 -88.1581 942.569 -23.5878 -52.126 913.952 -9.58121 -63.6111 867.191 -114.718 -6.20636 821.6
  poly 159: -134.983 -52.2737 822.733 -866.418 478.459 2314.26 -486.811 277.189 2561.41 276.971 -277.202 1001.37 164.511 -215.798 952.606 150.505 -204.313 999.366 84.5125 -168.281 970.75 98.519 -179.766 923.989 32.5266 -143.734 895.372 18.52 -132.249 942.133 -47.4724 -96.2173 913.516 -33.4659 -107.702 866.755 -134.983 -52.2737 822.733
element 14
  poly 0: 804.415 -111.433 -727.069 688.626 -33.1289 -368.583 706.878 13.5769 -372.89 607.391 80.8568 -64.8741 589.139 34.151 -60.5675 489.651 101.431 247.448 507.904 148.137 243.141 408.416 215.417 551.157 390.164 168.711 555.464 275.668 246.14 909.944 149.619 292.583 1265.89 166.486 340.002 1265.68 56.9621 380.356 1574.96 40.0956 332.937 1575.18 -69.4281 373.291 1884.46 -52.5616 420.71 1884.25 -162.085 461.064 2193.53 -178.952 413.645 2193.75 -306.421 460.611 2553.71 -328.49 400.593 2555.78 -344.756 408.21 2603.15 -350.613 392.281 2603.7 -334.348 384.663 2556.33 -358.623 318.645 2558.61 -247.557 228.568 2201.51 -266.387 182.017 2207.4 -170.841 104.528 1900.21 -152.012 151.079 1894.32 -56.4666 73.5898 1587.13 -75.2963 27.0385 1593.02 20.2489 -50.4506 1285.82 39.0785 -3.89934 1279.94 149.145 -93.1655 926.057 279.591 -127.773 569.586 263.212 -175.586 568.234 376.449 -205.627 258.791 392.828 -157.814 260.143 506.065 -187.856 -49.3001 489.686 -235.669 -50.6519 602.923 -265.71 -360.095 619.302 -217.897 -358.743 750.937 -252.82 -718.465 775.804 -187.076 -722.465 791.608 -195.933 -769.776 797.614 -180.055 -770.743 781.81 -171.198 -723.432 804.415 -111.433 -727.069
  poly 1: 759.89 -88.792 -737.441 646.612 -12.1856 -386.728 664.864 34.5202 -391.035 565.376 101.8 -83.0193 547.124 55.0943 -78.7127 447.637 122.374 229.303 465.889 169.08 224.996 366.401 236.36 533.012 348.149 189.654 537.318 233.576 267.136 892.04 107.447 313.608 1248.22 124.313 361.028 1248 14.7895 401.382 1557.29 -2.07705 353.962 1557.5 -111.601 394.316 1866.78 -94.7343 441.736 1866.57 -204.258 482.09 2175.85 -221.125 434.67 2176.07 -345.835 480.62 2528.24 -369.974 414.973 2530.5 -386.239 422.591 2577.87 -392.097 406.662 2578.42 -375.831 399.044 2531.05 -397.764 339.397 2533.12 -288.865 251.078 2182.99 -307.694 204.527 2188.87 -212.149 127.038 1881.68 -193.319 173.589 1875.8 -97.7743 96.0998 1568.6 -116.604 49.5485 1574.49 -21.0589 -27.9406 1267.3 -2.22918 18.6107 1261.41 107.669 -70.5191 908.072 237.92 -105.074 552.134 221.541 -152.888 550.782 334.778 -182.929 241.339 351.157 -135.116 242.691 464.394 -165.158 -66.7526 448.015 -212.971 -68.1045 561.252 -243.012 -377.548 577.631 -195.199 -376.196 706.692 -229.439 -728.882 729.158 -170.043 -732.497 744.962 -178.9 -779.808 750.968 -163.022 -780.774 735.164 -154.165 -733.463 759.89 -88.792 -737.441
element 15
  poly 0: -288.865 251.078 2182.99 -193.319 173.589 1875.8 -152.012 151.079 1894.32 -247.557 228.568 2201.51 -288.865 251.078 2182.99
  poly 1: -307.694 204.527 2188.87 -212.149 127.038 1881.68 -170.841 104.528 1900.21 -266.387 182.017 2207.4 -307.694 204.527 2188.87
  poly 2: -97.7743 96.0998 1568.6 -2.22918 18.6107 1261.41 39.0785 -3.89934 1279.94 -56.4666 73.5898 1587.13 -97.7743 96.0998 1568.6
  poly 3: -116.604 49.5485 1574.49 -21.0589 -27.9406 1267.3 20.2489 -50.4506 1285.82 -75.2963 27.0385 1593.02 -116.604 49.5485 1574.49
  poly 4: -559.454 395.436 2019.05 -467.038 320.502 1722.16 -425.715 297.985 1740.7 -518.13 372.919 2037.6 -559.454 395.436 2019.05
  poly 5: -578.156 348.816 2025 -485.74 273.882 1728.1 -444.417 251.365 1746.65 -536.832 326.299 2043.54 -578.156 348.816 2025
  poly 6: -374.622 245.568 1425.26 -282.206 170.634 1128.36 -240.883 148.117 1146.91 -333.299 223.051 1443.8 -374.622 245.568 1425.26
  poly 7: -393.324 198.947 1431.2 -300.909 124.013 1134.31 -259.585 101.496 1152.85 -352.001 176.43 1449.75 -393.324 198.947 1431.2
  poly 8: -392.9 156.773 1650.21 -367.944 199.986 1647.07
  poly 9: -392.9 156.773 1650.21 -367.944 199.986 1647.07
  poly 10: -392.9 156.773 1650.21 -367.944 199.986 1647.07
  poly 11: -392.9 156.773 1650.21 -367.944 199.986 1647.07
  poly 12: -418.974 177.915 1733.97 -394.018 221.128 1730.83
  poly 13: -418.974 177.915 1733.97 -394.018 221.128 1730.83
  poly 14: -418.974 177.915 1733.97 -394.018 221.128 1730.83
  poly 15: -418.974 177.915 1733.97 -394.018 221.128 1730.83
  poly 16: -445.048 199.056 1817.74 -420.092 242.27 1814.6
  poly 17: -445.048 199.056 1817.74 -420.092 242.27 1814.6
  poly 18: -445.048 199.056 1817.74 -420.092 242.27 1814.6
  poly 19: -445.048 199.056 1817.74 -420.092 242.27 1814.6
  poly 20: -471.122 220.198 1901.51 -446.166 263.411 1898.37
  poly 21: -471.122 220.198 1901.51 -446.166 263.411 1898.37
  poly 22: -471.122 220.198 1901.51 -446.166 263.411 1898.37
  poly 23: -471.122 220.198 1901.51 -446.166 263.411 1898.37
  poly 24: -497.196 241.34 1985.27 -472.24 284.553 1982.13
  poly 25: -497.196 241.34 1985.27 -472.24 284.553 1982.13
  poly 26: -497.196 241.34 1985.27 -472.24 284.553 1982.13
  poly 27: -497.196 241.34 1985.27 -472.24 284.553 1982.13
  poly 28: -523.27 262.482 2069.04 -498.314 305.695 2065.9
  poly 29: -523.27 262.482 2069.04 -498.314 305.695 2065.9
  poly 30: -523.27 262.482 2069.04 -498.314 305.695 2065.9
  poly 31: -523.27 262.482 2069.04 -498.314 305.695 2065.9
  poly 32: -549.344 283.623 2152.8 -524.388 326.837 2149.66
  poly 33: -549.344 283.623 2152.8 -524.388 326.837 2149.66
  poly 34: -549.344 283.623 2152.8 -524.388 326.837 2149.66
  poly 35: -549.344 283.623 2152.8 -524.388 326.837 2149.66
  poly 36: -575.418 304.765 2236.57 -550.462 347.978 2233.43
  poly 37: -575.418 304.765 2236.57 -550.462 347.978 2233.43
  poly 38: -575.418 304.765 2236.57 -550.462 347.978 2233.43
  poly 39: -575.418 304.765 2236.57 -550.462 347.978 2233.43
  poly 40: -601.492 325.907 2320.34 -576.536 369.12 2317.2
  poly 41: -601.492 325.907 2320.34 -576.536 369.12 2317.2
  poly 42: -601.492 325.907 2320.34 -576.536 369.12 2317.2
  poly 43: -601.492 325.907 2320.34 -576.536 369.12 2317.2
  poly 44: -629.081 340.534 2302.36 -604.125 383.747 2299.23
  poly 45: -629.081 340.534 2302.36 -604.125 383.747 2299.23
  poly 46: -629.081 340.534 2302.36 -604.125 383.747 2299.23
  poly 47: -629.081 340.534 2302.36 -604.125 383.747 2299.23
  poly 48: -585.886 317.632 2330.49 -560.93 360.845 2327.35
  poly 49: -585.886 317.632 2330.49 -560.93 360.845 2327.35
  poly 50: -585.886 317.632 2330.49 -560.93 360.845 2327.35
  poly 51: -585.886 317.632 2330.49 -560.93 360.845 2327.35
  poly 52: -542.691 294.729 2358.61 -517.735 337.943 2355.47
  poly 53: -542.691 294.729 2358.61 -517.735 337.943 2355.47
  poly 54: -542.691 294.729 2358.61 -517.735 337.943 2355.47
  poly 55: -542.691 294.729 2358.61 -517.735 337.943 2355.47
  poly 56: -504.057 266.687 2279.7 -479.102 309.9 2276.56
  poly 57: -504.057 266.687 2279.7 -479.102 309.9 2276.56
  poly 58: -504.057 266.687 2279.7 -479.102 309.9 2276.56
  poly 59: -504.057 266.687 2279.7 -479.102 309.9 2276.56
  poly 60: -465.424 238.645 2200.79 -440.468 281.858 2197.65
  poly 61: -465.424 238.645 2200.79 -440.468 281.858 2197.65
  poly 62: -465.424 238.645 2200.79 -440.468 281.858 2197.65
  poly 63: -465.424 238.645 2200.79 -440.468 281.858 2197.65
  poly 64: -426.79 210.603 2121.88 -401.835 253.816 2118.74
  poly 65: -426.79 210.603 2121.88 -401.835 253.816 2118.74
  poly 66: -426.79 210.603 2121.88 -401.835 253.816 2118.74
  poly 67: -426.79 210.603 2121.88 -401.835 253.816 2118.74
  poly 68: -388.157 182.561 2042.97 -363.201 225.774 2039.83
  poly 69: -388.157 182.561 2042.97 -363.201 225.774 2039.83
  poly 70: -388.157 182.561 2042.97 -363.201 225.774 2039.83
  poly 71: -388.157 182.561 2042.97 -363.201 225.774 2039.83
  poly 72: -349.523 154.519 1964.06 -324.568 197.732 1960.92
  poly 73: -349.523 154.519 1964.06 -324.568 197.732 1960.92
  poly 74: -349.523 154.519 1964.06 -324.568 197.732 1960.92
  poly 75: -349.523 154.519 1964.06 -324.568 197.732 1960.92
  poly 76: -310.89 126.477 1885.15 -285.934 169.69 1882.01
  poly 77: -310.89 126.477 1885.15 -285.934 169.69 1882.01
  poly 78: -310.89 126.477 1885.15 -285.934 169.69 1882.01
  poly 79: -310.89 126.477 1885.15 -285.934 169.69 1882.01
  poly 80: -272.256 98.4345 1806.24 -247.3 141.648 1803.1
  poly 81: -272.256 98.4345 1806.24 -247.3 141.648 1803.1
  poly 82: -272.256 98.4345 1806.24 -247.3 141.648 1803.1
  poly 83: -272.256 98.4345 1806.24 -247.3 141.648 1803.1
  poly 84: -233.622 70.3924 1727.33 -208.667 113.606 1724.19
  poly 85: -233.622 70.3924 1727.33 -208.667 113.606 1724.19
  poly 86: -233.622 70.3924 1727.33 -208.667 113.606 1724.19
  poly 87: -233.622 70.3924 1727.33 -208.667 113.606 1724.19
  poly 88: -206.72 48.574 1640.84 -181.764 91.7872 1637.7
  poly 89: -206.72 48.574 1640.84 -181.764 91.7872 1637.7
  poly 90: -206.72 48.574 1640.84 -181.764 91.7872 1637.7
  poly 91: -206.72 48.574 1640.84 -181.764 91.7872 1637.7
  poly 92: -179.817 26.7556 1554.34 -154.862 69.9688 1551.2
  poly 93: -179.817 26.7556 1554.34 -154.862 69.9688 1551.2
  poly 94: -179.817 26.7556 1554.34 -154.862 69.9688 1551.2
  poly 95: -179.817 26.7556 1554.34 -154.862 69.9688 1551.2
  poly 96: -152.915 4.93717 1467.85 -127.959 48.1504 1464.71
  poly 97: -152.915 4.93717 1467.85 -127.959 48.1504 1464.71
  poly 98: -152.915 4.93717 1467.85 -127.959 48.1504 1464.71
  poly 99: -152.915 4.93717 1467.85 -127.959 48.1504 1464.71
  poly 100: -126.012 -16.8812 1381.35 -101.057 26.3319 1378.21
  poly 101: -126.012 -16.8812 1381.35 -101.057 26.3319 1378.21
  poly 102: -126.012 -16.8812 1381.35 -101.057 26.3319 1378.21
  poly 103: -126.012 -16.8812 1381.35 -101.057 26.3319 1378.21
  poly 104: -99.1099 -38.6997 1294.85 -74.1544 4.51353 1291.72
  poly 105: -99.1099 -38.6997 1294.85 -74.1544 4.51353 1291.72
  poly 106: -99.1099 -38.6997 1294.85 -74.1544 4.51353 1291.72
  poly 107: -99.1099 -38.6997 1294.85 -74.1544 4.51353 1291.72
  poly 108: -72.2074 -60.5181 1208.36 -47.2519 -17.3049 1205.22
  poly 109: -72.2074 -60.5181 1208.36 -47.2519 -17.3049 1205.22
  poly 110: -72.2074 -60.5181 1208.36 -47.2519 -17.3049 1205.22
  poly 111: -72.2074 -60.5181 1208.36 -47.2519 -17.3049 1205.22
  poly 112: -45.3049 -82.3365 1121.86 -20.3494 -39.1233 1118.72
  poly 113: -45.3049 -82.3365 1121.86 -20.3494 -39.1233 1118.72
  poly 114: -45.3049 -82.3365 1121.86 -20.3494 -39.1233 1118.72
  poly 115: -45.3049 -82.3365 1121.86 -20.3494 -39.1233 1118.72
  poly 116: -18.4024 -104.155 1035.37 6.5531 -60.9417 1032.23
  poly 117: -18.4024 -104.155 1035.37 6.5531 -60.9417 1032.23
  poly 118: -18.4024 -104.155 1035.37 6.5531 -60.9417 1032.23
  poly 119: -18.4024 -104.155 1035.37 6.5531 -60.9417 1032.23
  poly 120: -66.284 -78.0115 1014.6 -41.3284 -34.7983 1011.47
  poly 121: -66.284 -78.0115 1014.6 -41.3284 -34.7983 1011.47
  poly 122: -66.284 -78.0115 1014.6 -41.3284 -34.7983 1011.47
  poly 123: -66.284 -78.0115 1014.6 -41.3284 -34.7983 1011.47
  poly 124: -114.165 -51.8681 993.84 -89.21 -8.65488 990.702
  poly 125: -114.165 -51.8681 993.84 -89.21 -8.65488 990.702
  poly 126: -114.165 -51.8681 993.84 -89.21 -8.65488 990.702
  poly 127: -114.165 -51.8681 993.84 -89.21 -8.65488 990.702
  poly 128: -78.5862 -71.2946 1009.27 -53.6306 -28.0814 1006.13
  poly 129: -78.5862 -71.2946 1009.27 -53.6306 -28.0814 1006.13
  poly 130: -78.5862 -71.2946 1009.27 -53.6306 -28.0814 1006.13
  poly 131: -78.5862 -71.2946 1009.27 -53.6306 -28.0814 1006.13
  poly 132: -117.875 -42.7862 1089.38 -92.9198 0.427027 1086.25
  poly 133: -117.875 -42.7862 1089.38 -92.9198 0.427027 1086.25
  poly 134: -117.875 -42.7862 1089.38 -92.9198 0.427027 1086.25
  poly 135: -117.875 -42.7862 1089.38 -92.9198 0.427027 1086.25
  poly 136: -157.165 -14.2777 1169.5 -132.209 28.9355 1166.36
  poly 137: -157.165 -14.2777 1169.5 -132.209 28.9355 1166.36
  poly 138: -157.165 -14.2777 1169.5 -132.209 28.9355 1166.36
  poly 139: -157.165 -14.2777 1169.5 -132.209 28.9355 1166.36
  poly 140: -196.454 14.2308 1249.62 -171.498 57.4439 1246.48
  poly 141: -196.454 14.2308 1249.62 -171.498 57.4439 1246.48
  poly 142: -196.454 14.2308 1249.62 -171.498 57.4439 1246.48
  poly 143: -196.454 14.2308 1249.62 -171.498 57.4439 1246.48
  poly 144: -235.743 42.7392 1329.74 -210.787 85.9524 1326.6
  poly 145: -235.743 42.7392 1329.74 -210.787 85.9524 1326.6
  poly 146: -235.743 42.7392 1329.74 -210.787 85.9524 1326.6
  poly 147: -235.743 42.7392 1329.74 -210.787 85.9524 1326.6
  poly 148: -275.032 71.2477 1409.85 -250.077 114.461 1406.72
  poly 149: -275.032 71.2477 1409.85 -250.077 114.461 1406.72
  poly 150: -275.032 71.2477 1409.85 -250.077 114.461 1406.72
  poly 151: -275.032 71.2477 1409.85 -250.077 114.461 1406.72
  poly 152: -314.321 99.7561 1489.97 -289.366 142.969 1486.83
  poly 153: -314.321 99.7561 1489.97 -289.366 142.969 1486.83
  poly 154: -314.321 99.7561 1489.97 -289.366 142.969 1486.83
  poly 155: -314.321 99.7561 1489.97 -289.366 142.969 1486.83
  poly 156: -353.611 128.265 1570.09 -328.655 171.478 1566.95
  poly 157: -353.611 128.265 1570.09 -328.655 171.478 1566.95
  poly 158: 190.621 -115.811 944.039 -319.484 297.893 2584.1 -413.982 347.995 2522.55 -434.391 362.94 2566.04 -496.046 395.629 2525.88 -475.638 380.684 2482.39 -537.293 413.373 2442.22 -557.701 428.318 2485.72 -619.356 461.006 2445.56 -598.948 446.062 2402.06 -704.39 501.966 2333.38 -216.926 106.713 767.335 -107.662 47.0541 814.71 -100.66 41.3124 791.33 -35.5694 5.77245 819.552 -49.5732 17.2558 866.311 15.5174 -18.2842 894.533 29.5211 -29.7675 847.774 94.6117 -65.3074 875.996 87.6098 -59.5658 899.375 190.621 -115.811 944.039
  poly 159: 172.914 -163.272 946.319 -336.994 250.272 2585.75 -436.659 303.113 2520.83 -457.067 318.058 2564.32 -518.722 350.747 2524.16 -498.314 335.802 2480.67 -559.969 368.491 2440.51 -580.377 383.435 2484 -642.032 416.124 2443.84 -621.624 401.179 2400.34 -721.778 454.28 2335.1 -234.504 59.1814 769.671 -131.557 2.97121 814.307 -124.555 -2.77045 790.927 -59.4644 -38.3104 819.149 -73.4681 -26.8271 865.908 -8.37761 -62.367 894.13 5.62619 -73.8503 847.371 70.7167 -109.39 875.593 63.7148 -103.649 898.972 172.914 -163.272 946.319
element 16
  poly 0: -655.153 561.067 2403.64 -613.616 546.835 2428.91 -618.819 532.566 2429.43 -660.356 546.799 2404.16 -655.153 561.067 2403.64
  poly 1: -638.898 553.426 2356.27 -597.361 539.193 2381.54 -602.564 524.925 2382.06 -644.101 539.158 2356.79 -638.898 553.426 2356.27
  poly 2: -386.239 422.591 2577.87 -344.756 408.21 2603.15 -350.613 392.281 2603.7 -392.097 406.662 2578.42 -386.239 422.591 2577.87
  poly 3: -369.974 414.973 2530.5 -328.49 400.593 2555.78 -334.348 384.663 2556.33 -375.831 399.044 2531.05 -369.974 414.973 2530.5
  poly 4: -351.681 262.183 2632.97 -283.799 446.789 2626.59 -390.061 500.735 2557.92 -368.117 545.647 2559.25 -430.265 577.198 2519.09 -452.21 532.286 2517.76 -514.358 563.838 2477.6 -492.414 608.749 2478.92 -554.562 640.3 2438.76 -576.506 595.389 2437.44 -671.736 643.734 2375.9 -736.475 466.196 2382.32 -642.032 416.124 2443.84 -619.356 461.006 2445.56 -557.701 428.318 2485.72 -580.377 383.435 2484 -518.722 350.747 2524.16 -496.046 395.629 2525.88 -434.391 362.94 2566.04 -457.067 318.058 2564.32 -351.681 262.183 2632.97
  poly 5: -336.994 250.272 2585.75 -267.008 440.602 2579.17 -366.877 491.303 2514.64 -344.932 536.214 2515.96 -407.081 567.765 2475.8 -429.025 522.854 2474.47 -491.173 554.405 2434.31 -469.229 599.316 2435.64 -531.377 630.868 2395.47 -553.321 585.956 2394.15 -654.949 637.55 2328.47 -721.778 454.28 2335.1 -621.624 401.179 2400.34 -598.948 446.062 2402.06 -537.293 413.373 2442.22 -559.969 368.491 2440.51 -498.314 335.802 2480.67 -475.638 380.684 2482.39 -413.982 347.995 2522.55 -436.659 303.113 2520.83 -336.994 250.272 2585.75
element 17
  poly 0: 107.447 313.608 1248.22 -2.07705 353.962 1557.5 40.0956 332.937 1575.18 149.619 292.583 1265.89 107.447 313.608 1248.22
  poly 1: 124.313 361.028 1248 14.7895 401.382 1557.29 56.9621 380.356 1574.96 166.486 340.002 1265.68 124.313 361.028 1248
  poly 2: -111.601 394.316 1866.78 -221.125 434.67 2176.07 -178.952 413.645 2193.75 -69.4281 373.291 1884.46 -111.601 394.316 1866.78
  poly 3: -94.7343 441.736 1866.57 -204.258 482.09 2175.85 -162.085 461.064 2193.53 -52.5616 420.71 1884.25 -94.7343 441.736 1866.57
  poly 4: -177.042 455.994 1115.27 -282.867 494.981 1414.22 -240.678 473.947 1431.9 -134.853 434.96 1132.94 -177.042 455.994 1115.27
  poly 5: -160.306 503.479 1115 -266.131 542.465 1413.95 -223.942 521.431 1431.63 -118.117 482.445 1132.68 -160.306 503.479 1115
  poly 6: -388.692 533.968 1713.17 -494.517 572.955 2012.12 -452.327 551.921 2029.8 -346.502 512.934 1730.85 -388.692 533.968 1713.17
  poly 7: -371.956 581.452 1712.9 -477.781 620.439 2011.85 -435.591 599.405 2029.53 -329.767 560.418 1730.58 -371.956 581.452 1712.9
  poly 8: -283.799 446.789 2626.59 317.758 225.144 927.855 207.351 280.217 880.878 215.745 277.111 857.51 149.562 310.125 829.35 132.774 316.337 876.086 66.5912 349.35 847.926 83.3784 343.138 801.19 17.1953 376.152 773.03 8.80168 379.258 796.398 -96.7209 431.894 751.499 -671.736 643.734 2375.9 -576.506 595.389 2437.44 -553.321 585.956 2394.15 -491.173 554.405 2434.31 -514.358 563.838 2477.6 -452.21 532.286 2517.76 -429.025 522.854 2474.47 -366.877 491.303 2514.64 -390.061 500.735 2557.92 -283.799 446.789 2626.59
  poly 9: -266.431 494.023 2624.96 335.351 272.296 925.59 229.763 324.965 880.664 238.157 321.859 857.295 171.974 354.873 829.135 155.187 361.085 875.872 89.0034 394.098 847.712 105.791 387.886 800.975 39.6075 420.899 772.815 31.2139 424.005 796.184 -79.2585 479.111 749.179 -654.489 691.031 2374.18 -554.562 640.3 2438.76 -531.377 630.868 2395.47 -469.229 599.316 2435.64 -492.414 608.749 2478.92 -430.265 577.198 2519.09 -407.081 567.765 2475.8 -344.932 536.214 2515.96 -368.117 545.647 2559.25 -266.431 494.023 2624.96
element 18
  poly 0: 181.367 -460.658 553.743 224.168 -485.112 563.654 274.441 -527.922 240.917 231.641 -503.468 231.007 181.367 -460.658 553.743
  poly 1: 201.96 -414.878 550.879 244.76 -439.331 560.789 295.034 -482.141 238.053 252.233 -457.687 228.142 201.96 -414.878 550.879
  poly 2: 281.914 -546.278 -91.73 324.715 -570.731 -81.8192 374.988 -613.541 -404.556 332.188 -589.087 -414.467 281.914 -546.278 -91.73
  poly 3: 302.507 -500.497 -94.5949 345.307 -524.951 -84.6841 395.581 -567.76 -407.421 352.78 -543.307 -417.332 302.507 -500.497 -94.5949
  poly 4: -105.397 -298.78 440.834 -62.5879 -323.24 450.719 -14.2487 -364.445 139.406 -57.0581 -339.984 129.522 -105.397 -298.78 440.834
  poly 5: -84.8512 -252.973 437.962 -42.0418 -277.433 447.846 6.29736 -318.637 136.534 -36.512 -294.177 126.649 -84.8512 -252.973 437.962
  poly 6: -8.71888 -381.189 -181.791 34.0905 -405.649 -171.906 82.4297 -446.853 -483.219 39.6203 -422.393 -493.104 -8.71888 -381.189 -181.791
  poly 7: 11.8272 -335.381 -184.663 54.6366 -359.842 -174.779 102.976 -401.046 -486.091 60.1664 -376.586 -495.976 11.8272 -335.381 -184.663
  poly 8: 476.258 -687.782 -769.995 199.672 -452.26 1005.58 87.948 -389.394 956.808 102.496 -399.817 910.046 36.9089 -362.912 881.415 22.3608 -352.488 928.177 -43.2264 -315.582 899.546 -28.6784 -326.006 852.783 -94.2656 -289.1 824.152 -108.814 -278.676 870.915 -209.685 -221.916 826.881 53.264 -446.054 -866.553 161.133 -507.698 -841.93 164.899 -510.921 -866.495 232.469 -549.535 -851.071 224.938 -543.089 -801.94 292.508 -581.703 -786.515 300.039 -588.15 -835.647 367.61 -626.764 -820.222 363.844 -623.541 -795.656 476.258 -687.782 -769.995
  poly 9: 496.317 -641.547 -769.433 219.991 -406.247 1004.47 112.285 -345.641 957.457 126.833 -356.064 910.694 61.2456 -319.159 882.063 46.6976 -308.735 928.825 -18.8897 -271.829 900.194 -4.3416 -282.253 853.432 -69.9288 -245.347 824.801 -84.4769 -234.923 871.563 -189.411 -175.877 825.755 73.2776 -399.792 -866.002 185.715 -464.047 -840.336 189.48 -467.27 -864.901 257.051 -505.884 -849.477 249.519 -499.438 -800.346 317.089 -538.053 -784.921 324.621 -544.499 -834.052 392.191 -583.113 -818.628 388.425 -579.89 -794.062 496.317 -641.547 -769.433
element 19
  poly 0: 434.12 -94.9857 -684.939 411.56 -139.432 -688.88
  poly 1: 434.12 -94.9857 -684.939 411.56 -139.432 -688.88
  poly 2: 434.12 -94.9857 -684.939 411.56 -139.432 -688.88
  poly 3: 434.12 -94.9857 -684.939 411.56 -139.432 -688.88
  poly 4: 481.093 -119.81 -673.861 458.533 -164.256 -677.802
  poly 5: 481.093 -119.81 -673.861 458.533 -164.256 -677.802
  poly 6: 481.093 -119.81 -673.861 458.533 -164.256 -677.802
  poly 7: 481.093 -119.81 -673.861 458.533 -164.256 -677.802
  poly 8: 528.065 -144.633 -662.783 505.505 -189.08 -666.724
  poly 9: 528.065 -144.633 -662.783 505.505 -189.08 -666.724
  poly 10: 528.065 -144.633 -662.783 505.505 -189.08 -666.724
  poly 11: 528.065 -144.633 -662.783 505.505 -189.08 -666.724
  poly 12: 509.411 -143.17 -572.488 486.851 -187.617 -576.429
  poly 13: 509.411 -143.17 -572.488 486.851 -187.617 -576.429
  poly 14: 509.411 -143.17 -572.488 486.851 -187.617 -576.429
  poly 15: 509.411 -143.17 -572.488 486.851 -187.617 -576.429
  poly 16: 490.757 -141.707 -482.194 468.197 -186.154 -486.134
  poly 17: 490.757 -141.707 -482.194 468.197 -186.154 -486.134
  poly 18: 490.757 -141.707 -482.194 468.197 -186.154 -486.134
  poly 19: 490.757 -141.707 -482.194 468.197 -186.154 -486.134
  poly 20: 472.102 -140.244 -391.899 449.543 -184.691 -395.839
  poly 21: 472.102 -140.244 -391.899 449.543 -184.691 -395.839
  poly 22: 472.102 -140.244 -391.899 449.543 -184.691 -395.839
  poly 23: 472.102 -140.244 -391.899 449.543 -184.691 -395.839
  poly 24: 453.448 -138.781 -301.604 430.888 -183.227 -305.544
  poly 25: 453.448 -138.781 -301.604 430.888 -183.227 -305.544
  poly 26: 453.448 -138.781 -301.604 430.888 -183.227 -305.544
  poly 27: 453.448 -138.781 -301.604 430.888 -183.227 -305.544
  poly 28: 434.794 -137.318 -211.309 412.234 -181.764 -215.249
  poly 29: 434.794 -137.318 -211.309 412.234 -181.764 -215.249
  poly 30: 434.794 -137.318 -211.309 412.234 -181.764 -215.249
  poly 31: 434.794 -137.318 -211.309 412.234 -181.764 -215.249
  poly 32: 416.14 -135.854 -121.014 393.58 -180.301 -124.954
  poly 33: 416.14 -135.854 -121.014 393.58 -180.301 -124.954
  poly 34: 416.14 -135.854 -121.014 393.58 -180.301 -124.954
  poly 35: 416.14 -135.854 -121.014 393.58 -180.301 -124.954
  poly 36: 397.485 -134.391 -30.7187 374.926 -178.838 -34.6591
  poly 37: 397.485 -134.391 -30.7187 374.926 -178.838 -34.6591
  poly 38: 397.485 -134.391 -30.7187 374.926 -178.838 -34.6591
  poly 39: 397.485 -134.391 -30.7187 374.926 -178.838 -34.6591
  poly 40: 378.831 -132.928 59.5763 356.271 -177.375 55.6358
  poly 41: 378.831 -132.928 59.5763 356.271 -177.375 55.6358
  poly 42: 378.831 -132.928 59.5763 356.271 -177.375 55.6358
  poly 43: 378.831 -132.928 59.5763 356.271 -177.375 55.6358
  poly 44: 346.947 -124.469 146.706 324.387 -168.916 142.766
  poly 45: 346.947 -124.469 146.706 324.387 -168.916 142.766
  poly 46: 346.947 -124.469 146.706 324.387 -168.916 142.766
  poly 47: 346.947 -124.469 146.706 324.387 -168.916 142.766
  poly 48: 315.063 -116.011 233.836 292.503 -160.457 229.895
  poly 49: 315.063 -116.011 233.836 292.503 -160.457 229.895
  poly 50: 315.063 -116.011 233.836 292.503 -160.457 229.895
  poly 51: 315.063 -116.011 233.836 292.503 -160.457 229.895
  poly 52: 283.179 -107.552 320.966 260.619 -151.998 317.025
  poly 53: 283.179 -107.552 320.966 260.619 -151.998 317.025
  poly 54: 283.179 -107.552 320.966 260.619 -151.998 317.025
  poly 55: 283.179 -107.552 320.966 260.619 -151.998 317.025
  poly 56: 251.295 -99.0929 408.095 228.735 -143.54 404.155
  poly 57: 251.295 -99.0929 408.095 228.735 -143.54 404.155
  poly 58: 251.295 -99.0929 408.095 228.735 -143.54 404.155
  poly 59: 251.295 -99.0929 408.095 228.735 -143.54 404.155
  poly 60: 219.411 -90.6341 495.225 196.851 -135.081 491.285
  poly 61: 219.411 -90.6341 495.225 196.851 -135.081 491.285
  poly 62: 219.411 -90.6341 495.225 196.851 -135.081 491.285
  poly 63: 219.411 -90.6341 495.225 196.851 -135.081 491.285
  poly 64: 187.527 -82.1753 582.355 164.967 -126.622 578.414
  poly 65: 187.527 -82.1753 582.355 164.967 -126.622 578.414
  poly 66: 187.527 -82.1753 582.355 164.967 -126.622 578.414
  poly 67: 187.527 -82.1753 582.355 164.967 -126.622 578.414
  poly 68: 155.643 -73.7165 669.485 133.083 -118.163 665.544
  poly 69: 155.643 -73.7165 669.485 133.083 -118.163 665.544
  poly 70: 155.643 -73.7165 669.485 133.083 -118.163 665.544
  poly 71: 155.643 -73.7165 669.485 133.083 -118.163 665.544
  poly 72: 123.759 -65.2576 756.614 101.199 -109.704 752.674
  poly 73: 123.759 -65.2576 756.614 101.199 -109.704 752.674
  poly 74: 123.759 -65.2576 756.614 101.199 -109.704 752.674
  poly 75: 123.759 -65.2576 756.614 101.199 -109.704 752.674
  poly 76: 71.0139 -36.4587 733.746 48.4542 -80.9053 729.805
  poly 77: 71.0139 -36.4587 733.746 48.4542 -80.9053 729.805
  poly 78: 71.0139 -36.4587 733.746 48.4542 -80.9053 729.805
  poly 79: 71.0139 -36.4587 733.746 48.4542 -80.9053 729.805
  poly 80: 63.5845 -32.4021 730.524 41.0248 -76.8488 726.583
  poly 81: 63.5845 -32.4021 730.524 41.0248 -76.8488 726.583
  poly 82: 63.5845 -32.4021 730.524 41.0248 -76.8488 726.583
  poly 83: 63.5845 -32.4021 730.524 41.0248 -76.8488 726.583
  poly 84: 82.475 -33.859 638.806 59.9153 -78.3056 634.865
  poly 85: 82.475 -33.859 638.806 59.9153 -78.3056 634.865
  poly 86: 82.475 -33.859 638.806 59.9153 -78.3056 634.865
  poly 87: 82.475 -33.859 638.806 59.9153 -78.3056 634.865
  poly 88: 101.365 -35.3159 547.087 78.8057 -79.7625 543.147
  poly 89: 101.365 -35.3159 547.087 78.8057 -79.7625 543.147
  poly 90: 101.365 -35.3159 547.087 78.8057 -79.7625 543.147
  poly 91: 101.365 -35.3159 547.087 78.8057 -79.7625 543.147
  poly 92: 120.256 -36.7728 455.369 97.6962 -81.2194 451.429
  poly 93: 120.256 -36.7728 455.369 97.6962 -81.2194 451.429
  poly 94: 120.256 -36.7728 455.369 97.6962 -81.2194 451.429
  poly 95: 120.256 -36.7728 455.369 97.6962 -81.2194 451.429
  poly 96: 139.146 -38.2296 363.651 116.587 -82.6763 359.71
  poly 97: 139.146 -38.2296 363.651 116.587 -82.6763 359.71
  poly 98: 139.146 -38.2296 363.651 116.587 -82.6763 359.71
  poly 99: 139.146 -38.2296 363.651 116.587 -82.6763 359.71
  poly 100: 158.037 -39.6865 271.932 135.477 -84.1332 267.992
  poly 101: 158.037 -39.6865 271.932 135.477 -84.1332 267.992
  poly 102: 158.037 -39.6865 271.932 135.477 -84.1332 267.992
  poly 103: 158.037 -39.6865 271.932 135.477 -84.1332 267.992
  poly 104: 176.927 -41.1434 180.214 154.368 -85.59 176.274
  poly 105: 176.927 -41.1434 180.214 154.368 -85.59 176.274
  poly 106: 176.927 -41.1434 180.214 154.368 -85.59 176.274
  poly 107: 176.927 -41.1434 180.214 154.368 -85.59 176.274
  poly 108: 195.818 -42.6003 88.4959 173.258 -87.0469 84.5555
  poly 109: 195.818 -42.6003 88.4959 173.258 -87.0469 84.5555
  poly 110: 195.818 -42.6003 88.4959 173.258 -87.0469 84.5555
  poly 111: 195.818 -42.6003 88.4959 173.258 -87.0469 84.5555
  poly 112: 214.708 -44.0572 -3.22233 192.149 -88.5038 -7.16276
  poly 113: 214.708 -44.0572 -3.22233 192.149 -88.5038 -7.16276
  poly 114: 214.708 -44.0572 -3.22233 192.149 -88.5038 -7.16276
  poly 115: 214.708 -44.0572 -3.22233 192.149 -88.5038 -7.16276
  poly 116: 245.575 -52.2412 -87.627 223.015 -96.6879 -91.5674
  poly 117: 245.575 -52.2412 -87.627 223.015 -96.6879 -91.5674
  poly 118: 245.575 -52.2412 -87.627 223.015 -96.6879 -91.5674
  poly 119: 245.575 -52.2412 -87.627 223.015 -96.6879 -91.5674
  poly 120: 276.442 -60.4253 -172.032 253.882 -104.872 -175.972
  poly 121: 276.442 -60.4253 -172.032 253.882 -104.872 -175.972
  poly 122: 276.442 -60.4253 -172.032 253.882 -104.872 -175.972
  poly 123: 276.442 -60.4253 -172.032 253.882 -104.872 -175.972
  poly 124: 307.309 -68.6094 -256.436 284.749 -113.056 -260.377
  poly 125: 307.309 -68.6094 -256.436 284.749 -113.056 -260.377
  poly 126: 307.309 -68.6094 -256.436 284.749 -113.056 -260.377
  poly 127: 307.309 -68.6094 -256.436 284.749 -113.056 -260.377
  poly 128: 338.175 -76.7934 -340.841 315.616 -121.24 -344.781
  poly 129: 338.175 -76.7934 -340.841 315.616 -121.24 -344.781
  poly 130: 338.175 -76.7934 -340.841 315.616 -121.24 -344.781
  poly 131: 338.175 -76.7934 -340.841 315.616 -121.24 -344.781
  poly 132: 369.042 -84.9775 -425.246 346.483 -129.424 -429.186
  poly 133: 369.042 -84.9775 -425.246 346.483 -129.424 -429.186
  poly 134: 369.042 -84.9775 -425.246 346.483 -129.424 -429.186
  poly 135: 369.042 -84.9775 -425.246 346.483 -129.424 -429.186
  poly 136: 399.909 -93.1616 -509.65 377.349 -137.608 -513.591
  poly 137: 399.909 -93.1616 -509.65 377.349 -137.608 -513.591
  poly 138: 399.909 -93.1616 -509.65 377.349 -137.608 -513.591
  poly 139: 399.909 -93.1616 -509.65 377.349 -137.608 -513.591
  poly 140: 430.776 -101.346 -594.055 408.216 -145.792 -597.995
  poly 141: 430.776 -101.346 -594.055 408.216 -145.792 -597.995
  poly 142: 430.776 -101.346 -594.055 408.216 -145.792 -597.995
  poly 143: 430.776 -101.346 -594.055 408.216 -145.792 -597.995
  poly 144: 461.643 -109.53 -678.46 439.083 -153.976 -682.4
  poly 145: 461.643 -109.53 -678.46 439.083 -153.976 -682.4
  poly 146: 501.027 -208.092 -426.442 544.6 -231.039 -417.068 477.438 -225.77 -91.9697 433.865 -202.824 -101.343 501.027 -208.092 -426.442
  poly 147: 481.605 -254.192 -429.708 525.178 -277.138 -420.334 458.016 -271.87 -95.2352 414.443 -248.924 -104.609 481.605 -254.192 -429.708
  poly 148: 366.702 -197.556 223.755 410.275 -220.502 233.129 343.112 -215.234 558.228 299.539 -192.288 548.854 366.702 -197.556 223.755
  poly 149: 347.28 -243.656 220.49 390.853 -266.602 229.863 323.69 -261.334 554.962 280.117 -238.387 545.588 347.28 -243.656 220.49
  poly 150: 204.594 -50.4293 -507.672 248.176 -73.3788 -498.331 183.436 -68.3858 -184.001 139.854 -45.4364 -193.342 204.594 -50.4293 -507.672
  poly 151: 185.216 -96.552 -510.93 228.798 -119.501 -501.589 164.058 -114.509 -187.26 120.476 -91.5591 -196.601 185.216 -96.552 -510.93
  poly 152: 75.1137 -40.4435 120.987 118.696 -63.3929 130.328 53.9564 -58.4 444.657 10.3737 -35.4506 435.317 75.1137 -40.4435 120.987
  poly 153: 55.7356 -86.5662 117.729 99.3182 -109.516 127.069 34.5782 -104.523 441.399 -9.00443 -81.5732 432.058 55.7356 -86.5662 117.729
  poly 154: 297.299 -231.171 1000.27 665.709 -260.067 -783.002 555.515 -201.832 -808.99 560.959 -202.43 -833.415 492.46 -166.23 -849.57 481.571 -165.034 -800.719 413.071 -128.833 -816.874 423.96 -130.029 -865.725 355.46 -93.8285 -881.879 350.015 -93.2305 -857.454 236.635 -33.3117 -884.193 -114.695 -6.21664 821.609 -9.5636 -63.62 867.199 8.06135 -68.4261 820.503 74.053 -104.458 849.12 56.428 -99.6523 895.815 122.42 -135.685 924.432 140.045 -140.491 877.736 206.036 -176.523 906.353 188.411 -171.717 953.048 297.299 -231.171 1000.27
  poly 155: 276.974 -277.2 1001.37 645.763 -306.126 -783.729 532.405 -246.219 -810.463 537.85 -246.817 -834.888 469.35 -210.617 -851.043 458.461 -209.421 -802.192 389.961 -173.22 -818.347 400.85 -174.416 -867.198 332.35 -138.215 -883.353 326.906 -137.617 -858.927 216.735 -79.3946 -884.909 -134.975 -52.2703 822.735 -33.4463 -107.707 866.762 -15.8214 -112.513 820.067 50.1703 -148.545 848.683 32.5453 -143.739 895.379 98.5369 -179.771 923.995 116.162 -184.577 877.3 182.153 -220.609 905.916 164.529 -215.803 952.612 276.974 -277.2 1001.37
element 20
  poly 0: 654.257 -82.717 -756.095 662.545 -88.8295 -805.022
  poly 1: 654.257 -82.717 -756.095 662.545 -88.8295 -805.022
  poly 2: 654.257 -82.717 -756.095 662.545 -88.8295 -805.022
  poly 3: 654.257 -82.717 -756.095 662.545 -88.8295 -805.022
  poly 4: 594.88 -51.3372 -770.074 603.169 -57.4497 -819.001
  poly 5: 594.88 -51.3372 -770.074 603.169 -57.4497 -819.001
  poly 6: 594.88 -51.3372 -770.074 603.169 -57.4497 -819.001
  poly 7: 594.88 -51.3372 -770.074 603.169 -57.4497 -819.001
  poly 8: 535.504 -19.9575 -784.054 543.792 -26.07 -832.981
  poly 9: 535.504 -19.9575 -784.054 543.792 -26.07 -832.981
  poly 10: 535.504 -19.9575 -784.054 543.792 -26.07 -832.981
  poly 11: 535.504 -19.9575 -784.054 543.792 -26.07 -832.981
  poly 12: 514.253 -76.6624 -780.569 522.542 -82.7749 -829.496
  poly 13: 514.253 -76.6624 -780.569 522.542 -82.7749 -829.496
  poly 14: 514.253 -76.6624 -780.569 522.542 -82.7749 -829.496
  poly 15: 514.253 -76.6624 -780.569 522.542 -82.7749 -829.496
  poly 16: 587.482 -113.898 -763.512 595.77 -120.011 -812.439
  poly 17: 587.482 -113.898 -763.512 595.77 -120.011 -812.439
  poly 18: 587.482 -113.898 -763.512 595.77 -120.011 -812.439
  poly 19: 587.482 -113.898 -763.512 595.77 -120.011 -812.439
  poly 20: 634.4 -137.757 -752.583 642.688 -143.869 -801.51
  poly 21: 634.4 -137.757 -752.583 642.688 -143.869 -801.51
  poly 22: 634.4 -137.757 -752.583 642.688 -143.869 -801.51
  poly 23: 634.4 -137.757 -752.583 642.688 -143.869 -801.51
  poly 24: 681.317 -161.616 -741.654 689.606 -167.728 -790.581
  poly 25: 681.317 -161.616 -741.654 689.606 -167.728 -790.581
  poly 26: 681.317 -161.616 -741.654 689.606 -167.728 -790.581
  poly 27: 681.317 -161.616 -741.654 689.606 -167.728 -790.581
  poly 28: 703.292 -108.629 -744.551 711.581 -114.742 -793.478
  poly 29: 703.292 -108.629 -744.551 711.581 -114.742 -793.478
  poly 30: 740.63 -169.354 -781.734 747.083 -153.795 -782.585 793.102 -172.328 -772.474 786.65 -187.886 -771.623 740.63 -169.354 -781.734
  poly 31: 741.68 -172.551 -832.252 748.132 -156.993 -833.102 794.152 -175.525 -822.991 787.699 -191.084 -822.141 741.68 -172.551 -832.252
  poly 32: 437.411 -11.1597 -852.866 443.158 2.74498 -853.63 489.207 -15.7324 -843.521 483.46 -29.6371 -842.758 437.411 -11.1597 -852.866
  poly 33: 438.42 -14.3514 -903.391 444.167 -0.446787 -904.155 490.216 -18.9242 -894.046 484.469 -32.8288 -893.283 438.42 -14.3514 -903.391
  poly 34: 784.399 -322.807 -755.15 859.215 -142.41 -765.013 739.823 -81.7004 -792.823 763.009 -36.8678 -794.496 692.907 -1.22153 -810.825 669.72 -46.0541 -809.152 599.618 -10.4078 -825.481 622.804 34.4248 -827.154 552.702 70.0711 -843.482 529.515 25.2385 -841.809 421.475 80.176 -866.975 349.839 -93.1477 -857.456 456.996 -149.779 -832.229 480.625 -105.737 -833.728 550.234 -142.525 -817.341 526.606 -186.567 -815.841 596.215 -223.354 -799.453 619.844 -179.312 -800.953 689.453 -216.1 -784.565 665.825 -260.142 -783.065 784.399 -322.807 -755.15
  poly 35: 785.952 -324.789 -805.734 863.252 -138.402 -815.925 751.37 -81.5115 -841.985 774.556 -36.6789 -843.658 704.454 -1.03257 -859.987 681.267 -45.8652 -858.314 611.165 -10.2188 -874.643 634.352 34.6138 -876.316 564.249 70.2601 -892.645 541.063 25.4275 -890.971 425.469 84.2056 -917.896 351.356 -95.1108 -908.049 465.523 -155.446 -881.171 489.152 -111.405 -882.67 558.761 -148.192 -866.283 535.133 -192.234 -864.783 604.742 -229.022 -848.395 628.371 -184.98 -849.895 697.98 -221.768 -833.507 674.352 -265.81 -832.007 785.952 -324.789 -805.734
element 21
  poly 0: 823.156 -17.5376 -1207.53 849.376 8.48748 -1538.14 894.401 -13.3975 -1536.3 868.181 -39.4226 -1205.68 823.156 -17.5376 -1207.53
  poly 1: 804.372 -63.6946 -1212.65 830.592 -37.6695 -1543.27 875.616 -59.5545 -1541.42 849.397 -85.5796 -1210.8 804.372 -63.6946 -1212.65
  poly 2: 875.595 34.5126 -1868.76 901.815 60.5377 -2199.38 946.84 38.6527 -2197.53 920.62 12.6276 -1866.91 875.595 34.5126 -1868.76
  poly 3: 856.811 -11.6444 -1873.88 883.031 14.3806 -2204.5 928.056 -7.50434 -2202.65 901.836 -33.5294 -1872.04 856.811 -11.6444 -1873.88
  poly 4: 517.229 136.747 -1267.87 542.327 162.071 -1587.88 587.359 140.189 -1586.08 562.26 114.865 -1266.07 517.229 136.747 -1267.87
  poly 5: 498.493 90.5666 -1273 523.592 115.891 -1593 568.624 94.0084 -1591.2 543.525 68.6844 -1271.2 498.493 90.5666 -1273
  poly 6: 567.426 187.395 -1907.88 592.525 212.719 -2227.88 637.557 190.837 -2226.08 612.458 165.513 -1906.08 567.426 187.395 -1907.88
  poly 7: 548.691 141.215 -1913 573.79 166.539 -2233.01 618.822 144.656 -2231.21 593.723 119.332 -1911.2 548.691 141.215 -1913
  poly 8: 878.609 -95.6489 -767.57 1023.73 48.3931 -2597.44 578.936 266.325 -2630.55 440.813 126.965 -869.544 552.702 70.0711 -843.482 564.249 70.2601 -892.645 634.352 34.6138 -876.316 622.804 34.4248 -827.154 692.907 -1.22153 -810.825 704.454 -1.03257 -859.987 774.556 -36.6789 -843.658 763.009 -36.8678 -794.496 878.609 -95.6489 -767.57
  poly 9: 859.216 -142.411 -765.013 1004.73 2.02392 -2599.87 559.987 219.93 -2632.97 421.476 80.1754 -866.975 529.515 25.2385 -841.809 541.063 25.4275 -890.971 611.165 -10.2188 -874.643 599.618 -10.4078 -825.481 669.72 -46.0541 -809.152 681.267 -45.8652 -858.314 751.37 -81.5115 -841.985 739.823 -81.7004 -792.823 859.216 -142.411 -765.013
element 22
  poly 0: 514.194 39.0903 -897.233 490.216 -18.9242 -894.046 489.207 -15.7324 -843.521 483.46 -29.6371 -842.758 484.469 -32.8288 -893.283 458.654 -95.2876 -889.852 469.758 -109.655 -1260.15 450.622 -156.101 -1258.92 460.106 -168.373 -1575.21 479.242 -121.927 -1576.44 488.727 -134.198 -1892.73 469.591 -180.645 -1891.5 479.075 -192.917 -2207.8 498.211 -146.47 -2209.02 509.186 -160.67 -2575.02 647.787 173.881 -2600.51 618.822 144.656 -2231.21 637.557 190.837 -2226.08 612.458 165.513 -1906.08 593.723 119.332 -1911.2 568.624 94.0084 -1591.2 587.359 140.189 -1586.08 562.26 114.865 -1266.07 543.525 68.6844 -1271.2 514.194 39.0903 -897.233
  poly 1: 469.832 61.6477 -907.565 444.167 -0.446787 -904.155 443.158 2.74498 -853.63 437.411 -11.1597 -852.866 438.42 -14.3514 -903.391 414.593 -72.0019 -900.225 425.453 -86.0537 -1262.39 406.317 -132.5 -1261.16 415.801 -144.772 -1577.46 434.937 -98.3255 -1578.68 444.421 -110.597 -1894.98 425.285 -157.044 -1893.75 434.77 -169.316 -2210.04 453.906 -122.869 -2211.27 464.895 -137.088 -2577.74 602.818 195.827 -2603.1 573.79 166.539 -2233.01 592.525 212.719 -2227.88 567.426 187.395 -1907.88 548.691 141.215 -1913 523.592 115.891 -1593 542.327 162.071 -1587.88 517.229 136.747 -1267.87 498.493 90.5666 -1273 469.832 61.6477 -907.565
element 23
  poly 0: 958.186 22.4028 -2582.58 928.056 -7.50434 -2202.65 946.84 38.6527 -2197.53 920.62 12.6276 -1866.91 901.836 -33.5294 -1872.04 875.616 -59.5545 -1541.42 894.401 -13.3975 -1536.3 868.181 -39.4226 -1205.68 849.397 -85.5796 -1210.8 818.9 -115.85 -826.254 794.152 -175.525 -822.991 793.102 -172.328 -772.474 786.65 -187.886 -771.623 787.699 -191.084 -822.141 761.132 -255.143 -818.638 772.826 -270.064 -1199.4 753.636 -316.482 -1198.17 763.672 -329.287 -1524.96 782.861 -282.869 -1526.19 792.897 -295.674 -1852.97 773.708 -342.092 -1851.74 783.743 -354.897 -2178.53 802.933 -308.479 -2179.76 814.495 -323.233 -2556.26 958.186 22.4028 -2582.58
  poly 1: 913.221 44.3467 -2585.18 883.031 14.3806 -2204.5 901.815 60.5377 -2199.38 875.595 34.5126 -1868.76 856.811 -11.6444 -1873.88 830.592 -37.6695 -1543.27 849.376 8.48748 -1538.14 823.156 -17.5376 -1207.53 804.372 -63.6946 -1212.65 774.548 -93.2974 -836.585 748.132 -156.993 -833.102 747.083 -153.795 -782.585 740.63 -169.354 -781.734 741.68 -172.551 -832.252 717.082 -231.863 -829.009 728.527 -246.467 -1201.69 709.338 -292.885 -1200.46 719.373 -305.69 -1527.24 738.563 -259.272 -1528.47 748.598 -272.077 -1855.26 729.409 -318.495 -1854.03 739.444 -331.3 -2180.81 758.634 -284.882 -2182.04 770.21 -299.653 -2558.98 913.221 44.3467 -2585.18
element 24
  poly 0: -925.702 110.141 2359.79 -753.198 40.0809 2044.47 -772.649 -6.29046 2044.14 -623.29 -66.9507 1771.12 -603.838 -20.5794 1771.46 -454.479 -81.2396 1498.45 -473.93 -127.611 1498.11 -324.571 -188.271 1225.1 -305.119 -141.9 1225.44 -130.221 -212.932 905.744 -103.389 -151.938 904.246 -80.169 -163.228 860.572 -74.4869 -150.311 860.255 -97.7072 -139.022 903.928 -72.7951 -82.392 902.537 -72.8038 -82.3842 902.555 -229.916 31.6174 1222.93 -207.742 76.2995 1217.91 -342.004 173.721 1491.69 -364.179 129.039 1496.72 -498.442 226.461 1770.51 -476.267 271.143 1765.48 -610.53 368.565 2039.27 -632.705 323.883 2044.29 -787.473 436.183 2359.89 -925.702 110.141 2359.79
  poly 1: -964.084 132.231 2335.9 -790.761 61.8382 2019.09 -810.213 15.4669 2018.75 -660.853 -45.1934 1745.74 -641.402 1.17798 1746.08 -492.042 -59.4823 1473.07 -511.494 -105.854 1472.73 -362.134 -166.514 1199.72 -342.683 -120.143 1200.05 -171.753 -189.563 887.614 -146.964 -133.212 886.229 -123.743 -144.501 842.556 -118.061 -131.585 842.239 -141.282 -120.296 885.912 -114.573 -59.5815 884.42 -114.581 -59.5743 884.437 -267.932 51.6981 1197.15 -245.757 96.3802 1192.12 -380.02 193.802 1465.91 -402.195 149.12 1470.93 -536.458 246.542 1744.72 -514.283 291.224 1739.69 -648.546 388.646 2013.48 -670.72 343.963 2018.5 -826.42 456.94 2336 -964.084 132.231 2335.9
element 25
  poly 0: -661.738 -41.7827 2524.08 -485.064 -113.51 2200.75 -504.555 -159.858 2200.38 -351.012 -222.193 1919.39 -331.521 -175.845 1919.76 -177.978 -238.181 1638.76 -197.469 -284.529 1638.39 -43.9262 -346.865 1357.4 -24.4347 -300.517 1357.77 154.618 -373.21 1030.09 182.062 -310.995 1028.58 205.253 -322.282 984.901 211.51 -308.098 984.558 188.319 -296.811 1028.24 213.862 -238.908 1026.84 213.852 -238.898 1026.87 53.0664 -122.192 1355.27 75.2788 -77.5294 1350.28 -62.6938 22.6176 1632.09 -84.9062 -22.0448 1637.09 -222.879 78.1023 1918.9 -200.666 122.765 1913.9 -338.639 222.912 2195.71 -360.851 178.249 2200.71 -519.311 293.267 2524.37 -661.738 -41.7827 2524.08
  poly 1: -700.115 -19.6955 2500.19 -522.636 -91.7491 2175.39 -542.127 -138.097 2175.03 -388.584 -200.433 1894.03 -369.093 -154.085 1894.4 -215.55 -216.421 1613.4 -235.041 -262.769 1613.04 -81.4982 -325.105 1332.04 -62.0068 -278.757 1332.41 113.094 -349.845 1011.96 138.515 -292.22 1010.57 161.705 -303.507 966.885 167.962 -289.323 966.542 144.772 -278.036 1010.23 172.093 -216.101 1008.73 172.088 -216.096 1008.74 15.0392 -102.102 1329.52 37.2516 -57.4397 1324.52 -100.721 42.7074 1606.33 -122.933 -1.95497 1611.33 -260.906 98.1921 1893.14 -238.694 142.855 1888.14 -376.666 243.002 2169.96 -398.878 198.339 2174.95 -558.254 314.022 2500.48 -700.115 -19.6955 2500.19
