element 0
  poly 0: -395.678 -2264.86 -1049.98 -395.678 -2362.21 -1172.4 -417.079 -2371.88 -1164.71 -417.079 -2274.53 -1042.29 -395.678 -2264.86 -1049.98
  poly 1: -417.079 -2255.19 -1057.67 -417.079 -2352.54 -1180.09 -438.479 -2362.21 -1172.4 -438.479 -2264.86 -1049.98 -417.079 -2255.19 -1057.67
  poly 2: -417.079 -2480.71 -1301.56 -417.079 -2469.24 -1287.14 -374.278 -2449.9 -1302.52 -374.278 -2157.83 -935.248 -417.079 -2177.17 -919.867 -417.079 -2165.7 -905.444 -656.041 -2317.38 -874.516 -658.484 -2349.86 -913.102 -679.834 -2358.65 -904.35 -677.767 -2331.17 -871.704 -834.156 -2430.43 -851.462 -834.156 -2592.92 -1055.78 -558.624 -2518.79 -1218.15 -562.643 -2465.57 -1147.5 -541.287 -2455.12 -1154.16 -536.92 -2512.95 -1230.94 -417.079 -2480.71 -1301.56
  poly 3: -417.079 -2463.33 -1319.4 -417.079 -2449.9 -1302.52 -395.678 -2440.23 -1310.21 -395.678 -2148.16 -942.938 -417.079 -2157.83 -935.248 -417.079 -2144.4 -918.364 -677.578 -2309.75 -884.647 -679.834 -2339.74 -920.271 -701.184 -2348.53 -911.519 -699.305 -2323.54 -881.835 -834.156 -2409.13 -864.383 -834.156 -2575.53 -1073.62 -580.154 -2507.2 -1223.3 -583.999 -2456.29 -1155.71 -562.643 -2445.83 -1162.37 -558.449 -2501.36 -1236.09 -417.079 -2463.33 -1319.4
element 1
  poly 0: -0.0012207 -2488.42 -924.375 -0.0012207 -2534.93 -982.865 -21.4018 -2525.26 -990.555 -21.4018 -2478.75 -932.066 -0.0012207 -2488.42 -924.375
  poly 1: 21.3994 -2478.75 -932.066 21.3994 -2525.26 -990.555 -0.0012207 -2515.59 -998.246 -0.0012207 -2469.08 -939.756 21.3994 -2478.75 -932.066
  poly 2: -0.0012207 -2592.92 -1055.78 -0.0012207 -2581.45 -1041.35 21.3994 -2591.12 -1033.66 21.3994 -2451.57 -858.195 -0.0012207 -2441.9 -865.886 -0.0012207 -2430.43 -851.462 -156.391 -2331.17 -871.704 -154.323 -2358.65 -904.35 -175.674 -2349.86 -913.102 -178.117 -2317.38 -874.516 -417.079 -2165.7 -905.444 -417.079 -2177.17 -919.867 -416.865 -2177.27 -919.79 -417.079 -2274.53 -1042.29 -443.83 -2262.44 -1051.9 -459.88 -2267.35 -1072.97 -459.88 -2340.37 -1164.79 -443.83 -2359.8 -1174.33 -417.079 -2371.88 -1164.71 -416.865 -2469.34 -1287.06 -417.079 -2469.24 -1287.14 -417.079 -2480.71 -1301.56 -297.238 -2512.95 -1230.94 -292.87 -2455.12 -1154.16 -271.515 -2465.57 -1147.5 -275.534 -2518.79 -1218.15 -0.0012207 -2592.92 -1055.78
  poly 3: -0.0012207 -2575.53 -1073.62 -0.0012207 -2562.1 -1056.74 42.8 -2581.45 -1041.35 42.8 -2441.9 -865.886 -0.0012207 -2422.56 -881.267 -0.0012207 -2409.13 -864.383 -134.852 -2323.54 -881.836 -132.973 -2348.53 -911.52 -154.323 -2339.74 -920.272 -156.579 -2309.75 -884.648 -417.079 -2144.4 -918.364 -417.079 -2157.83 -935.248 -395.678 -2167.5 -927.557 -395.678 -2264.86 -1049.98 -422.429 -2252.77 -1059.59 -438.479 -2257.68 -1080.66 -438.479 -2330.7 -1172.48 -422.429 -2350.12 -1182.02 -395.678 -2362.21 -1172.4 -395.678 -2459.57 -1294.83 -417.079 -2449.9 -1302.52 -417.079 -2463.33 -1319.4 -275.708 -2501.36 -1236.09 -271.514 -2445.83 -1162.37 -250.158 -2456.28 -1155.71 -254.003 -2507.2 -1223.3 -0.0012207 -2575.53 -1073.62
element 2
  poly 0: 438.477 -2264.86 -1049.98 438.477 -2362.21 -1172.4 417.076 -2371.88 -1164.71 417.076 -2274.53 -1042.29 438.477 -2264.86 -1049.98
  poly 1: 417.076 -2255.19 -1057.67 417.076 -2352.54 -1180.09 395.676 -2362.21 -1172.4 395.676 -2264.86 -1049.98 417.076 -2255.19 -1057.67
  poly 2: 417.076 -2480.71 -1301.56 417.076 -2469.24 -1287.14 459.878 -2449.9 -1302.52 459.878 -2157.83 -935.248 417.076 -2177.17 -919.867 417.076 -2165.7 -905.444 178.115 -2317.38 -874.516 175.671 -2349.86 -913.102 154.321 -2358.65 -904.35 156.388 -2331.17 -871.704 -0.0012207 -2430.43 -851.462 -0.0012207 -2441.9 -865.886 21.3994 -2432.23 -873.576 21.3994 -2478.75 -932.066 -5.35137 -2490.83 -922.452 -21.4018 -2503.9 -923.996 -21.4018 -2538.79 -967.863 -5.35137 -2537.35 -980.942 21.3994 -2525.26 -990.555 21.3994 -2571.77 -1049.04 -0.0012207 -2581.45 -1041.35 -0.0012207 -2592.92 -1055.78 275.531 -2518.79 -1218.15 271.512 -2465.57 -1147.5 292.868 -2455.12 -1154.16 297.236 -2512.95 -1230.94 417.076 -2480.71 -1301.56
  poly 3: 417.076 -2463.33 -1319.4 417.076 -2449.9 -1302.52 438.477 -2440.23 -1310.21 438.477 -2148.16 -942.938 417.076 -2157.83 -935.248 417.076 -2144.4 -918.364 156.577 -2309.75 -884.647 154.321 -2339.74 -920.271 132.971 -2348.53 -911.519 134.851 -2323.54 -881.835 -0.0012207 -2409.13 -864.382 -0.0012207 -2422.56 -881.267 0.212785 -2422.47 -881.344 -0.0012207 -2469.08 -939.756 -26.752 -2481.16 -930.143 -42.8025 -2494.23 -931.686 -42.8025 -2529.12 -975.553 -26.752 -2527.68 -988.633 -0.0012207 -2515.59 -998.246 0.212785 -2562.01 -1056.81 -0.0012207 -2562.1 -1056.74 -0.0012207 -2575.53 -1073.62 254.002 -2507.2 -1223.3 250.157 -2456.29 -1155.71 271.512 -2445.83 -1162.37 275.706 -2501.36 -1236.09 417.076 -2463.33 -1319.4
element 3
  poly 0: 834.156 -2592.92 -1055.78 834.156 -2430.43 -851.462 677.766 -2331.17 -871.704 679.833 -2358.65 -904.35 658.483 -2349.86 -913.102 656.04 -2317.38 -874.516 417.076 -2165.7 -905.444 417.076 -2177.17 -919.867 417.29 -2177.27 -919.79 417.076 -2274.53 -1042.29 390.326 -2262.44 -1051.9 374.275 -2267.35 -1072.97 374.275 -2340.37 -1164.79 390.326 -2359.8 -1174.33 417.076 -2371.88 -1164.71 417.29 -2469.34 -1287.06 417.076 -2469.24 -1287.14 417.076 -2480.71 -1301.56 536.918 -2512.95 -1230.94 541.286 -2455.12 -1154.16 562.641 -2465.57 -1147.5 558.622 -2518.79 -1218.15 834.156 -2592.92 -1055.78
  poly 1: 834.156 -2575.53 -1073.62 834.156 -2409.13 -864.383 699.305 -2323.54 -881.836 701.184 -2348.53 -911.52 679.834 -2339.74 -920.272 677.578 -2309.75 -884.648 417.076 -2144.4 -918.364 417.076 -2157.83 -935.248 438.477 -2167.5 -927.557 438.477 -2264.86 -1049.98 411.726 -2252.77 -1059.59 395.676 -2257.68 -1080.66 395.676 -2330.7 -1172.48 411.726 -2350.13 -1182.02 438.477 -2362.21 -1172.4 438.477 -2459.57 -1294.83 417.076 -2449.9 -1302.52 417.076 -2463.33 -1319.4 558.448 -2501.36 -1236.09 562.642 -2445.83 -1162.37 583.998 -2456.28 -1155.71 580.153 -2507.2 -1223.3 834.156 -2575.53 -1073.62
element 4
  poly 0: -395.679 -2612.36 -1229.89 -395.679 -2534.46 -1120.63 -417.079 -2524.4 -1127.8 -417.079 -2602.3 -1237.07 -395.679 -2612.36 -1229.89
  poly 1: -417.079 -2622.42 -1222.72 -417.079 -2544.52 -1113.46 -438.479 -2534.46 -1120.63 -438.479 -2612.36 -1229.89 -417.079 -2622.42 -1222.72
  poly 2: -417.079 -2686.69 -1355.44 -834.156 -2390.96 -1355.44 -834.156 -2310.86 -1243.09 -566.788 -2390.95 -1089.52 -562.643 -2445.83 -1162.37 -541.287 -2455.12 -1154.16 -545.655 -2397.28 -1077.39 -417.079 -2435.8 -1003.54 -417.079 -2446.5 -1018.54 -374.279 -2466.62 -1004.2 -374.279 -2700.31 -1331.98 -417.079 -2680.19 -1346.33 -417.079 -2686.69 -1355.44
  poly 3: -417.079 -2717.04 -1355.44 -834.156 -2421.3 -1355.44 -834.156 -2329.15 -1226.19 -588.032 -2402.88 -1084.82 -583.999 -2456.28 -1155.71 -562.642 -2465.57 -1147.5 -566.899 -2409.21 -1072.68 -417.079 -2454.09 -986.631 -417.079 -2466.62 -1004.2 -395.679 -2476.68 -997.024 -395.679 -2710.37 -1324.81 -417.079 -2700.31 -1331.98 -417.079 -2717.04 -1355.44
element 5
  poly 0: -0.0012207 -2363.49 -1316.92 -0.0012207 -2342.52 -1287.51 -21.4009 -2352.58 -1280.34 -21.4009 -2373.55 -1309.75 -0.0012207 -2363.49 -1316.92
  poly 1: 21.3985 -2373.55 -1309.75 21.3985 -2352.58 -1280.34 -0.0012207 -2362.64 -1273.16 -0.0012207 -2383.61 -1302.57 21.3985 -2373.55 -1309.75
  poly 2: -0.0012207 -2390.96 -1355.44 -417.079 -2686.69 -1355.44 -417.079 -2680.19 -1346.33 -416.865 -2680.09 -1346.4 -417.079 -2602.3 -1237.07 -443.829 -2614.87 -1228.1 -459.878 -2612.68 -1209.06 -459.878 -2554.25 -1127.12 -443.829 -2536.97 -1118.84 -417.079 -2524.4 -1127.8 -416.865 -2446.4 -1018.61 -417.079 -2446.5 -1018.54 -417.079 -2435.8 -1003.54 -288.503 -2397.28 -1077.39 -292.87 -2455.12 -1154.16 -271.514 -2445.83 -1162.37 -267.37 -2390.95 -1089.52 -0.0012207 -2310.86 -1243.09 -0.0012207 -2321.56 -1258.1 21.3985 -2311.5 -1265.27 21.3985 -2374.4 -1353.5 -0.0012207 -2384.46 -1346.33 -0.0012207 -2390.96 -1355.44
  poly 3: -0.0012207 -2421.3 -1355.44 -417.079 -2717.04 -1355.44 -417.079 -2700.31 -1331.98 -395.679 -2690.25 -1339.16 -395.679 -2612.36 -1229.89 -422.429 -2624.93 -1220.93 -438.479 -2622.74 -1201.89 -438.479 -2564.31 -1119.94 -422.429 -2547.03 -1111.67 -395.679 -2534.46 -1120.63 -395.679 -2456.56 -1011.37 -417.079 -2466.62 -1004.2 -417.079 -2454.09 -986.631 -267.258 -2409.21 -1072.68 -271.515 -2465.57 -1147.5 -250.158 -2456.28 -1155.71 -246.125 -2402.88 -1084.82 -0.0012207 -2329.15 -1226.19 -0.0012207 -2341.68 -1243.75 42.7982 -2321.56 -1258.1 42.7982 -2384.46 -1346.33 -0.0012207 -2404.58 -1331.98 -0.0012207 -2421.3 -1355.44
element 6
  poly 0: 438.476 -2612.36 -1229.89 438.476 -2534.46 -1120.63 417.076 -2524.4 -1127.8 417.076 -2602.3 -1237.07 438.476 -2612.36 -1229.89
  poly 1: 417.076 -2622.42 -1222.72 417.076 -2544.52 -1113.46 395.677 -2534.46 -1120.63 395.677 -2612.36 -1229.89 417.076 -2622.42 -1222.72
  poly 2: 417.076 -2686.69 -1355.44 -0.0012207 -2390.96 -1355.44 -0.0012207 -2384.46 -1346.33 21.3985 -2394.52 -1339.16 21.3985 -2373.55 -1309.75 -5.35115 -2360.98 -1318.71 -21.4009 -2350.81 -1320.41 -21.4009 -2335.08 -1298.36 -5.35115 -2340.01 -1289.3 21.3985 -2352.58 -1280.34 21.3985 -2331.62 -1250.93 -0.0012207 -2321.56 -1258.1 -0.0012207 -2310.86 -1243.09 267.367 -2390.95 -1089.52 271.512 -2445.83 -1162.37 292.868 -2455.12 -1154.16 288.5 -2397.28 -1077.39 417.076 -2435.8 -1003.54 417.076 -2446.5 -1018.54 459.876 -2466.62 -1004.2 459.876 -2700.31 -1331.98 417.076 -2680.19 -1346.33 417.076 -2686.69 -1355.44
  poly 3: 417.076 -2717.04 -1355.44 -0.0012207 -2421.3 -1355.44 -0.0012207 -2404.58 -1331.98 0.212777 -2404.68 -1331.91 -0.0012207 -2383.61 -1302.57 -26.7509 -2371.04 -1311.54 -42.8007 -2360.87 -1313.24 -42.8007 -2345.14 -1291.18 -26.7509 -2350.07 -1282.13 -0.0012207 -2362.64 -1273.16 0.212777 -2341.78 -1243.68 -0.0012207 -2341.68 -1243.75 -0.0012207 -2329.15 -1226.19 246.124 -2402.88 -1084.82 250.157 -2456.28 -1155.71 271.513 -2465.57 -1147.5 267.256 -2409.21 -1072.68 417.076 -2454.09 -986.631 417.076 -2466.62 -1004.2 438.476 -2476.68 -997.023 438.476 -2710.37 -1324.81 417.076 -2700.31 -1331.98 417.076 -2717.04 -1355.44
element 7
  poly 0: 834.156 -2390.96 -1355.44 417.076 -2686.69 -1355.44 417.076 -2680.19 -1346.33 417.29 -2680.09 -1346.4 417.076 -2602.3 -1237.07 390.327 -2614.87 -1228.1 374.277 -2612.68 -1209.06 374.277 -2554.25 -1127.12 390.327 -2536.97 -1118.84 417.076 -2524.4 -1127.8 417.29 -2446.4 -1018.61 417.076 -2446.5 -1018.54 417.076 -2435.8 -1003.54 545.653 -2397.28 -1077.39 541.286 -2455.12 -1154.16 562.642 -2445.83 -1162.37 566.786 -2390.95 -1089.52 834.156 -2310.86 -1243.09 834.156 -2390.96 -1355.44
  poly 1: 834.156 -2421.3 -1355.44 417.076 -2717.04 -1355.44 417.076 -2700.31 -1331.98 438.476 -2690.25 -1339.16 438.476 -2612.36 -1229.89 411.726 -2624.93 -1220.93 395.677 -2622.74 -1201.89 395.677 -2564.31 -1119.94 411.726 -2547.03 -1111.67 438.476 -2534.46 -1120.63 438.476 -2456.56 -1011.37 417.076 -2466.62 -1004.2 417.076 -2454.09 -986.631 566.898 -2409.21 -1072.68 562.642 -2465.57 -1147.5 583.998 -2456.28 -1155.71 588.031 -2402.88 -1084.82 834.156 -2329.15 -1226.19 834.156 -2421.3 -1355.44
element 8
  poly 0: -395.679 -2032.98 -599.647 -395.679 -2143.76 -710.071 -417.079 -2152.48 -701.32 -417.079 -2041.7 -590.896 -395.679 -2032.98 -599.647
  poly 1: -417.079 -2024.26 -608.397 -417.079 -2135.04 -718.822 -438.479 -2143.76 -710.071 -438.479 -2032.98 -599.647 -417.079 -2024.26 -608.397
  poly 2: -417.079 -2276.31 -824.755 -417.079 -2263.26 -811.745 -374.279 -2245.82 -829.246 -374.279 -1913.48 -497.973 -417.079 -1930.92 -480.472 -417.079 -1917.87 -467.462 -655.753 -2064.81 -419.367 -658.467 -2101.63 -453.851 -679.806 -2109.24 -444.044 -677.518 -2078.21 -414.982 -834.156 -2174.65 -383.418 -834.156 -2359.53 -567.709 -558.092 -2304.45 -737.848 -562.619 -2243.8 -673.706 -541.275 -2234.07 -681.404 -536.345 -2300.11 -751.251 -417.079 -2276.31 -824.755
  poly 3: -417.079 -2261.09 -844.475 -417.079 -2245.82 -829.246 -395.679 -2237.09 -837.997 -395.679 -1904.75 -506.723 -417.079 -1913.48 -497.973 -417.079 -1898.2 -482.744 -677.304 -2058.41 -430.308 -679.806 -2092.34 -462.088 -701.144 -2099.95 -452.281 -699.069 -2071.81 -425.922 -834.156 -2154.98 -398.7 -834.156 -2344.31 -587.429 -579.637 -2293.53 -744.29 -583.963 -2235.57 -682.994 -562.619 -2225.84 -690.691 -557.89 -2289.19 -757.693 -417.079 -2261.09 -844.475
element 9
  poly 0: -0.0012207 -2240.63 -449.185 -0.0012207 -2293.55 -501.942 -21.4013 -2284.83 -510.693 -21.4013 -2231.9 -457.935 -0.0012207 -2240.63 -449.185
  poly 1: 21.3989 -2231.9 -457.935 21.3989 -2284.83 -510.693 -0.0012207 -2276.11 -519.443 -0.0012207 -2223.18 -466.686 21.3989 -2231.9 -457.935
  poly 2: -0.0012207 -2359.53 -567.709 -0.0012207 -2346.48 -554.699 21.3989 -2355.2 -545.948 21.3989 -2196.42 -387.677 -0.0012207 -2187.7 -396.428 -0.0012207 -2174.65 -383.418 -156.64 -2078.21 -414.982 -154.352 -2109.24 -444.044 -175.69 -2101.63 -453.851 -178.405 -2064.81 -419.367 -417.079 -1917.87 -467.462 -417.079 -1930.92 -480.472 -416.865 -1931.01 -480.384 -417.079 -2041.7 -590.896 -443.829 -2030.8 -601.834 -459.879 -2038.1 -622.2 -459.879 -2121.19 -705.019 -443.829 -2141.58 -712.259 -417.079 -2152.48 -701.32 -416.865 -2263.35 -811.657 -417.079 -2263.26 -811.745 -417.079 -2276.31 -824.755 -297.813 -2300.11 -751.251 -292.883 -2234.07 -681.403 -271.539 -2243.8 -673.706 -276.066 -2304.45 -737.848 -0.0012207 -2359.53 -567.709
  poly 3: -0.0012207 -2344.31 -587.429 -0.0012207 -2329.03 -572.2 42.799 -2346.48 -554.699 42.799 -2187.7 -396.428 -0.0012207 -2170.25 -413.929 -0.0012207 -2154.98 -398.7 -135.089 -2071.81 -425.922 -133.014 -2099.95 -452.281 -154.352 -2092.34 -462.088 -156.854 -2058.41 -430.307 -417.079 -1898.2 -482.744 -417.079 -1913.48 -497.973 -395.679 -1922.2 -489.222 -395.679 -2032.98 -599.647 -422.429 -2022.08 -610.585 -438.479 -2029.38 -630.951 -438.479 -2112.47 -713.769 -422.429 -2132.86 -721.009 -395.679 -2143.76 -710.071 -395.679 -2254.54 -820.495 -417.079 -2245.82 -829.246 -417.079 -2261.09 -844.475 -276.267 -2289.19 -757.693 -271.539 -2225.84 -690.691 -250.194 -2235.57 -682.994 -254.52 -2293.53 -744.29 -0.0012207 -2344.31 -587.429
element 10
  poly 0: 438.477 -2032.98 -599.647 438.477 -2143.76 -710.071 417.076 -2152.48 -701.32 417.076 -2041.7 -590.896 438.477 -2032.98 -599.647
  poly 1: 417.076 -2024.26 -608.397 417.076 -2135.04 -718.822 395.676 -2143.76 -710.071 395.676 -2032.98 -599.647 417.076 -2024.26 -608.397
  poly 2: 417.076 -2276.31 -824.755 417.076 -2263.26 -811.745 459.877 -2245.82 -829.246 459.877 -1913.48 -497.973 417.076 -1930.92 -480.472 417.076 -1917.87 -467.462 178.403 -2064.81 -419.367 175.688 -2101.63 -453.851 154.35 -2109.24 -444.044 156.638 -2078.21 -414.982 -0.0012207 -2174.65 -383.418 -0.0012207 -2187.7 -396.428 21.3989 -2178.98 -405.178 21.3989 -2231.9 -457.935 -5.35125 -2242.81 -446.997 -21.4013 -2255.96 -447.029 -21.4013 -2295.66 -486.597 -5.35125 -2295.73 -499.754 21.3989 -2284.83 -510.693 21.3989 -2337.76 -563.45 -0.0012207 -2346.48 -554.699 -0.0012207 -2359.53 -567.709 276.063 -2304.45 -737.848 271.536 -2243.8 -673.706 292.881 -2234.07 -681.404 297.81 -2300.11 -751.251 417.076 -2276.31 -824.755
  poly 3: 417.076 -2261.09 -844.475 417.076 -2245.82 -829.246 438.477 -2237.09 -837.997 438.477 -1904.75 -506.723 417.076 -1913.48 -497.973 417.076 -1898.2 -482.744 156.851 -2058.41 -430.308 154.349 -2092.34 -462.088 133.011 -2099.95 -452.281 135.086 -2071.81 -425.922 -0.0012207 -2154.98 -398.7 -0.0012207 -2170.25 -413.929 0.21278 -2170.17 -414.017 -0.0012207 -2223.18 -466.686 -26.7513 -2234.08 -455.748 -42.8014 -2247.24 -455.779 -42.8014 -2286.94 -495.347 -26.7513 -2287.01 -508.505 -0.0012207 -2276.11 -519.443 0.21278 -2328.95 -572.288 -0.0012207 -2329.03 -572.2 -0.0012207 -2344.31 -587.429 254.518 -2293.53 -744.29 250.192 -2235.57 -682.994 271.536 -2225.84 -690.691 276.265 -2289.19 -757.693 417.076 -2261.09 -844.475
element 11
  poly 0: 834.156 -2359.53 -567.709 834.156 -2174.65 -383.418 677.517 -2078.21 -414.982 679.805 -2109.24 -444.044 658.466 -2101.63 -453.851 655.752 -2064.81 -419.367 417.076 -1917.87 -467.462 417.076 -1930.92 -480.472 417.29 -1931.01 -480.384 417.076 -2041.7 -590.896 390.326 -2030.8 -601.834 374.276 -2038.1 -622.2 374.276 -2121.19 -705.019 390.326 -2141.58 -712.259 417.076 -2152.48 -701.32 417.29 -2263.35 -811.657 417.076 -2263.26 -811.745 417.076 -2276.31 -824.755 536.343 -2300.11 -751.251 541.273 -2234.07 -681.403 562.617 -2243.8 -673.706 558.09 -2304.45 -737.848 834.156 -2359.53 -567.709
  poly 1: 834.156 -2344.31 -587.429 834.156 -2154.98 -398.7 699.068 -2071.81 -425.922 701.143 -2099.95 -452.281 679.805 -2092.34 -462.088 677.303 -2058.41 -430.307 417.076 -1898.2 -482.744 417.076 -1913.48 -497.973 438.477 -1922.2 -489.222 438.477 -2032.98 -599.647 411.726 -2022.08 -610.585 395.676 -2029.38 -630.951 395.676 -2112.47 -713.769 411.726 -2132.86 -721.009 438.477 -2143.76 -710.071 438.477 -2254.54 -820.495 417.076 -2245.82 -829.246 417.076 -2261.09 -844.475 557.889 -2289.19 -757.693 562.617 -2225.84 -690.691 583.962 -2235.57 -682.994 579.636 -2293.53 -744.29 834.156 -2344.31 -587.429
element 12
  poly 0: -395.678 -2428.04 -772.757 -395.678 -2323.99 -655.969 -417.079 -2314.77 -664.188 -417.079 -2418.82 -780.976 -395.678 -2428.04 -772.757
  poly 1: -417.079 -2437.27 -764.537 -417.079 -2333.22 -647.75 -438.479 -2323.99 -655.969 -438.479 -2428.04 -772.757 -417.079 -2437.27 -764.537
  poly 2: -417.079 -2198.46 -533.64 -417.079 -2210.72 -547.4 -374.278 -2229.17 -530.962 -374.278 -2541.32 -881.325 -417.079 -2522.87 -897.763 -417.079 -2535.13 -911.523 -660.927 -2382.35 -951.688 -658.484 -2349.86 -913.102 -679.835 -2339.74 -920.272 -682.044 -2369.12 -955.166 -834.156 -2273.82 -980.221 -834.156 -2100.17 -785.31 -567.305 -2163.06 -624.289 -562.619 -2225.84 -690.691 -541.275 -2234.07 -681.404 -546.204 -2168.03 -611.556 -417.079 -2198.46 -533.64
  poly 3: -417.079 -2214.82 -514.855 -417.079 -2229.17 -530.962 -395.678 -2238.39 -522.743 -395.678 -2550.54 -873.106 -417.079 -2541.32 -881.325 -417.079 -2555.67 -897.432 -682.161 -2389.59 -941.095 -679.834 -2358.65 -904.35 -701.185 -2348.53 -911.52 -703.278 -2376.36 -944.573 -834.156 -2294.37 -966.13 -834.156 -2116.53 -766.525 -588.528 -2174.41 -618.31 -583.963 -2235.57 -682.994 -562.619 -2243.8 -673.706 -567.427 -2179.39 -605.577 -417.079 -2214.82 -514.855
element 13
  poly 0: -0.0012207 -2211.85 -910.665 -0.0012207 -2162.14 -854.867 -21.4017 -2171.37 -846.648 -21.4017 -2221.08 -902.445 -0.0012207 -2211.85 -910.665
  poly 1: 21.3992 -2221.08 -902.445 21.3992 -2171.37 -846.648 -0.0012207 -2180.59 -838.429 -0.0012207 -2230.3 -894.226 21.3992 -2221.08 -902.445
  poly 2: -0.0012207 -2100.17 -785.31 -0.0012207 -2112.43 -799.07 21.3992 -2103.21 -807.289 21.3992 -2252.34 -974.681 -0.0012207 -2261.57 -966.462 -0.0012207 -2273.82 -980.221 -152.113 -2369.12 -955.166 -154.323 -2339.74 -920.272 -175.674 -2349.86 -913.102 -173.231 -2382.35 -951.688 -417.079 -2535.13 -911.523 -417.079 -2522.87 -897.763 -416.865 -2522.77 -897.846 -417.079 -2418.82 -780.976 -443.829 -2430.35 -770.702 -459.88 -2424.26 -749.939 -459.88 -2346.22 -662.348 -443.829 -2326.3 -653.914 -417.079 -2314.77 -664.188 -416.865 -2210.62 -547.482 -417.079 -2210.72 -547.4 -417.079 -2198.46 -533.64 -287.954 -2168.03 -611.556 -292.883 -2234.07 -681.403 -271.539 -2225.84 -690.691 -266.853 -2163.06 -624.289 -0.0012207 -2100.17 -785.31
  poly 3: -0.0012207 -2116.53 -766.525 -0.0012207 -2130.88 -782.632 42.7997 -2112.43 -799.07 42.7997 -2261.57 -966.462 -0.0012207 -2280.02 -950.024 -0.0012207 -2294.37 -966.13 -130.88 -2376.36 -944.573 -132.973 -2348.53 -911.52 -154.323 -2358.65 -904.35 -151.997 -2389.59 -941.095 -417.079 -2555.67 -897.432 -417.079 -2541.32 -881.325 -395.678 -2532.09 -889.544 -395.678 -2428.04 -772.757 -422.429 -2439.57 -762.483 -438.479 -2433.49 -741.72 -438.479 -2355.45 -654.129 -422.429 -2335.52 -645.695 -395.678 -2323.99 -655.969 -395.678 -2219.94 -539.181 -417.079 -2229.17 -530.962 -417.079 -2214.82 -514.855 -266.731 -2179.39 -605.577 -271.539 -2243.8 -673.707 -250.195 -2235.57 -682.994 -245.63 -2174.41 -618.31 -0.0012207 -2116.53 -766.525
element 14
  poly 0: 438.477 -2428.04 -772.756 438.477 -2323.99 -655.969 417.076 -2314.77 -664.188 417.076 -2418.82 -780.976 438.477 -2428.04 -772.756
  poly 1: 417.076 -2437.27 -764.537 417.076 -2333.22 -647.75 395.676 -2323.99 -655.969 395.676 -2428.04 -772.757 417.076 -2437.27 -764.537
  poly 2: 417.076 -2198.46 -533.64 417.076 -2210.72 -547.4 459.877 -2229.17 -530.962 459.877 -2541.32 -881.325 417.076 -2522.87 -897.763 417.076 -2535.13 -911.523 173.228 -2382.35 -951.688 175.671 -2349.86 -913.102 154.321 -2339.74 -920.272 152.111 -2369.12 -955.166 -0.0012207 -2273.82 -980.221 -0.0012207 -2261.57 -966.462 21.3992 -2270.79 -958.243 21.3992 -2221.08 -902.445 -5.35133 -2209.55 -912.719 -21.4017 -2196.41 -911.909 -21.4017 -2159.13 -870.061 -5.35133 -2159.84 -856.922 21.3992 -2171.37 -846.648 21.3992 -2121.66 -790.851 -0.0012207 -2112.43 -799.07 -0.0012207 -2100.17 -785.31 266.85 -2163.06 -624.289 271.536 -2225.84 -690.691 292.881 -2234.07 -681.404 287.951 -2168.03 -611.556 417.076 -2198.46 -533.64
  poly 3: 417.076 -2214.82 -514.855 417.076 -2229.17 -530.962 438.477 -2238.39 -522.743 438.477 -2550.54 -873.106 417.076 -2541.32 -881.325 417.076 -2555.67 -897.432 151.994 -2389.59 -941.095 154.321 -2358.65 -904.35 132.97 -2348.53 -911.52 130.877 -2376.36 -944.573 -0.0012207 -2294.37 -966.13 -0.0012207 -2280.02 -950.024 0.212784 -2280.11 -949.941 -0.0012207 -2230.3 -894.226 -26.7518 -2218.77 -904.5 -42.8021 -2205.64 -903.69 -42.8021 -2168.36 -861.842 -26.7518 -2169.06 -848.703 -0.0012207 -2180.59 -838.429 0.212784 -2130.97 -782.549 -0.0012207 -2130.88 -782.632 -0.0012207 -2116.53 -766.525 245.627 -2174.41 -618.31 250.192 -2235.57 -682.994 271.536 -2243.8 -673.706 266.728 -2179.39 -605.577 417.076 -2214.82 -514.855
element 15
  poly 0: 834.156 -2100.17 -785.31 834.156 -2273.82 -980.221 682.043 -2369.12 -955.166 679.834 -2339.74 -920.272 658.483 -2349.86 -913.102 660.926 -2382.35 -951.688 417.076 -2535.13 -911.523 417.076 -2522.87 -897.763 417.29 -2522.77 -897.846 417.076 -2418.82 -780.976 390.326 -2430.35 -770.702 374.275 -2424.26 -749.939 374.275 -2346.22 -662.348 390.326 -2326.3 -653.914 417.076 -2314.77 -664.188 417.29 -2210.62 -547.482 417.076 -2210.72 -547.4 417.076 -2198.46 -533.64 546.202 -2168.03 -611.556 541.273 -2234.07 -681.403 562.617 -2225.84 -690.691 567.304 -2163.06 -624.289 834.156 -2100.17 -785.31
  poly 1: 834.156 -2116.53 -766.525 834.156 -2294.37 -966.13 703.277 -2376.36 -944.573 701.184 -2348.53 -911.52 679.833 -2358.65 -904.35 682.16 -2389.59 -941.095 417.076 -2555.67 -897.432 417.076 -2541.32 -881.325 438.477 -2532.09 -889.544 438.477 -2428.04 -772.756 411.726 -2439.57 -762.483 395.676 -2433.49 -741.72 395.676 -2355.45 -654.129 411.726 -2335.52 -645.695 438.477 -2323.99 -655.969 438.477 -2219.94 -539.181 417.076 -2229.17 -530.962 417.076 -2214.82 -514.855 567.425 -2179.39 -605.577 562.617 -2243.8 -673.707 583.962 -2235.57 -682.994 588.527 -2174.41 -618.31 834.156 -2116.53 -766.525
element 16
  poly 0: -395.679 -1748.84 -182.24 -395.679 -1872.69 -277.778 -417.079 -1880.24 -267.996 -417.079 -1756.39 -172.457 -395.679 -1748.84 -182.24
  poly 1: -417.079 -1741.3 -192.023 -417.079 -1865.14 -287.561 -438.479 -1872.69 -277.778 -438.479 -1748.84 -182.24 -417.079 -1741.3 -192.023
  poly 2: -417.079 -2018.67 -374.79 -417.079 -2004.08 -363.534 -374.279 -1988.99 -383.1 -374.279 -1617.45 -96.4843 -417.079 -1632.54 -76.9187 -417.079 -1617.95 -65.6631 -655.543 -1757.51 0.558685 -658.439 -1798.45 -28.9122 -679.768 -1804.68 -18.164 -677.335 -1770.27 6.61008 -834.156 -1862.05 50.1594 -834.156 -2068.74 -109.288 -557.683 -2035.55 -285.284 -562.61 -1967.55 -229.231 -541.277 -1958.76 -238.012 -535.903 -2032.94 -299.149 -417.079 -2018.67 -374.79
  poly 3: -417.079 -2006.07 -396.275 -417.079 -1988.99 -383.1 -395.679 -1981.44 -392.882 -395.679 -1609.9 -106.267 -417.079 -1617.45 -96.4843 -417.079 -1600.37 -83.3087 -677.103 -1752.55 -11.0995 -679.769 -1790.24 -38.23 -701.098 -1796.47 -27.4818 -698.895 -1765.3 -5.04809 -834.156 -1844.46 32.5138 -834.156 -2056.14 -130.773 -579.239 -2025.54 -293.048 -583.944 -1960.6 -239.529 -562.61 -1951.82 -248.309 -557.459 -2022.92 -306.913 -417.079 -2006.07 -396.275
element 17
  poly 0: -0.0012207 -1935.81 -6.74174 -0.0012207 -1994.98 -52.3868 -21.4013 -1987.43 -62.1696 -21.4013 -1928.26 -16.5245 -0.0012207 -1935.81 -6.74174
  poly 1: 21.3989 -1928.26 -16.5245 21.3989 -1987.43 -62.1696 -0.0012207 -1979.88 -71.9524 -0.0012207 -1920.71 -26.3073 21.3989 -1928.26 -16.5245
  poly 2: -0.0012207 -2068.74 -109.288 -0.0012207 -2054.15 -98.0319 21.3989 -2061.69 -88.2491 21.3989 -1884.18 48.6861 -0.0012207 -1876.64 38.9033 -0.0012207 -1862.05 50.1594 -156.823 -1770.27 6.60977 -154.389 -1804.68 -18.1643 -175.719 -1798.45 -28.9125 -178.614 -1757.51 0.558375 -417.079 -1617.95 -65.6629 -417.079 -1632.54 -76.9187 -416.865 -1632.62 -76.8209 -417.079 -1756.39 -172.457 -443.829 -1746.96 -184.686 -459.879 -1756.78 -203.965 -459.879 -1849.66 -275.619 -443.829 -1870.8 -280.224 -417.079 -1880.24 -267.996 -416.865 -2004.16 -363.436 -417.079 -2004.08 -363.534 -417.079 -2018.67 -374.79 -298.255 -2032.94 -299.149 -292.881 -1958.76 -238.012 -271.547 -1967.55 -229.231 -276.474 -2035.55 -285.284 -0.0012207 -2068.74 -109.288
  poly 3: -0.0012207 -2056.14 -130.773 -0.0012207 -2039.05 -117.597 42.7989 -2054.15 -98.0319 42.7989 -1876.64 38.9033 -0.0012207 -1861.54 19.3378 -0.0012207 -1844.46 32.5138 -135.264 -1765.3 -5.04765 -133.06 -1796.47 -27.4814 -154.389 -1790.24 -38.2296 -157.055 -1752.55 -11.0991 -417.079 -1600.37 -83.3081 -417.079 -1617.45 -96.4843 -395.679 -1624.99 -86.7015 -395.679 -1748.84 -182.24 -422.429 -1739.41 -194.468 -438.479 -1749.23 -213.748 -438.479 -1842.12 -285.402 -422.429 -1863.26 -290.007 -395.679 -1872.69 -277.778 -395.679 -1996.54 -373.317 -417.079 -1988.99 -383.1 -417.079 -2006.07 -396.277 -276.699 -2022.92 -306.912 -271.548 -1951.82 -248.309 -250.214 -1960.61 -239.528 -254.919 -2025.54 -293.047 -0.0012207 -2056.14 -130.773
element 18
  poly 0: 438.477 -1748.84 -182.24 438.477 -1872.69 -277.778 417.076 -1880.24 -267.996 417.076 -1756.39 -172.457 438.477 -1748.84 -182.24
  poly 1: 417.076 -1741.3 -192.023 417.076 -1865.14 -287.561 395.676 -1872.69 -277.778 395.676 -1748.84 -182.24 417.076 -1741.3 -192.023
  poly 2: 417.076 -2018.67 -374.79 417.076 -2004.08 -363.534 459.877 -1988.99 -383.1 459.877 -1617.45 -96.4844 417.076 -1632.54 -76.9187 417.076 -1617.95 -65.6631 178.612 -1757.51 0.558685 175.717 -1798.45 -28.9122 154.387 -1804.68 -18.164 156.821 -1770.27 6.61008 -0.0012207 -1862.05 50.1592 -0.0012207 -1876.64 38.9033 21.3989 -1869.09 29.1206 21.3989 -1928.26 -16.5245 -5.35124 -1937.69 -4.29604 -21.4013 -1950.75 -2.66458 -21.4013 -1995.13 -36.8984 -5.35124 -1996.86 -49.9411 21.3989 -1987.43 -62.1696 21.3989 -2046.6 -107.815 -0.0012207 -2054.15 -98.0319 -0.0012207 -2068.74 -109.287 276.472 -2035.55 -285.284 271.545 -1967.55 -229.231 292.879 -1958.76 -238.012 298.252 -2032.94 -299.149 417.076 -2018.67 -374.79
  poly 3: 417.076 -2006.07 -396.275 417.076 -1988.99 -383.1 438.477 -1981.44 -392.882 438.477 -1609.9 -106.267 417.076 -1617.45 -96.4843 417.076 -1600.37 -83.3087 157.052 -1752.55 -11.0995 154.387 -1790.24 -38.23 133.057 -1796.47 -27.4818 135.261 -1765.3 -5.04809 -0.0012207 -1844.46 32.514 -0.0012207 -1861.54 19.3378 0.21278 -1861.47 19.2399 -0.0012207 -1920.71 -26.3073 -26.7513 -1930.15 -14.0788 -42.8014 -1943.2 -12.4474 -42.8014 -1987.58 -46.6812 -26.7513 -1989.32 -59.7239 -0.0012207 -1979.88 -71.9524 0.21278 -2038.98 -117.695 -0.0012207 -2039.05 -117.597 -0.0012207 -2056.13 -130.773 254.916 -2025.54 -293.048 250.212 -1960.6 -239.529 271.545 -1951.82 -248.309 276.696 -2022.92 -306.913 417.076 -2006.07 -396.275
element 19
  poly 0: 834.156 -2068.74 -109.288 834.156 -1862.05 50.1594 677.334 -1770.27 6.60977 679.768 -1804.68 -18.1643 658.438 -1798.45 -28.9125 655.543 -1757.51 0.558375 417.076 -1617.95 -65.6629 417.076 -1632.54 -76.9187 417.29 -1632.62 -76.8209 417.076 -1756.39 -172.457 390.326 -1746.96 -184.686 374.276 -1756.78 -203.965 374.276 -1849.66 -275.619 390.326 -1870.8 -280.224 417.076 -1880.24 -267.996 417.29 -2004.16 -363.436 417.076 -2004.08 -363.534 417.076 -2018.67 -374.79 535.901 -2032.94 -299.149 541.275 -1958.76 -238.012 562.609 -1967.55 -229.231 557.682 -2035.55 -285.284 834.156 -2068.74 -109.288
  poly 1: 834.156 -2056.14 -130.773 834.156 -1844.46 32.5138 698.893 -1765.3 -5.04765 701.097 -1796.47 -27.4814 679.767 -1790.24 -38.2296 677.102 -1752.55 -11.0991 417.076 -1600.37 -83.3081 417.076 -1617.45 -96.4843 438.477 -1624.99 -86.7015 438.477 -1748.84 -182.24 411.726 -1739.41 -194.468 395.676 -1749.23 -213.748 395.676 -1842.12 -285.402 411.726 -1863.26 -290.007 438.477 -1872.69 -277.778 438.477 -1996.54 -373.317 417.076 -1988.99 -383.1 417.076 -2006.07 -396.277 557.457 -2022.92 -306.912 562.608 -1951.82 -248.309 583.942 -1960.61 -239.528 579.238 -2025.54 -293.047 834.156 -2056.14 -130.773
element 20
  poly 0: -395.679 -2162.28 -305.126 -395.679 -2044.86 -201.796 -417.079 -2036.69 -211.071 -417.079 -2154.12 -314.401 -395.679 -2162.28 -305.126
  poly 1: -417.079 -2170.44 -295.85 -417.079 -2053.02 -192.52 -438.479 -2044.86 -201.796 -438.479 -2162.28 -305.126 -417.079 -2170.44 -295.85
  poly 2: -417.079 -1905.43 -95.5673 -417.079 -1919.27 -107.741 -374.279 -1935.59 -89.1901 -374.279 -2287.87 -399.181 -417.079 -2271.54 -417.732 -417.079 -2285.38 -429.905 -661.182 -2138.44 -488.334 -658.467 -2101.63 -453.851 -679.805 -2092.34 -462.087 -682.269 -2125.75 -493.381 -834.156 -2034.32 -529.737 -834.156 -1838.34 -357.286 -567.726 -1881.2 -190.1 -562.61 -1951.82 -248.309 -541.277 -1958.76 -238.012 -546.65 -1884.59 -176.874 -417.079 -1905.43 -95.5673
  poly 3: -417.079 -1919.4 -74.9398 -417.079 -1935.59 -89.1901 -395.679 -1943.75 -79.9145 -395.679 -2296.03 -389.905 -417.079 -2287.87 -399.181 -417.079 -2304.06 -413.431 -682.395 -2144.35 -476.937 -679.806 -2109.24 -444.044 -701.144 -2099.95 -452.28 -703.482 -2131.66 -481.984 -834.156 -2053 -513.263 -834.156 -1852.31 -336.659 -588.932 -1891.75 -182.779 -583.943 -1960.6 -239.529 -562.61 -1967.55 -229.231 -567.856 -1895.14 -169.553 -417.079 -1919.4 -74.9398
element 21
  poly 0: -0.0012207 -1964.38 -468.195 -0.0012207 -1908.28 -418.828 -21.4013 -1916.44 -409.552 -21.4013 -1972.54 -458.92 -0.0012207 -1964.38 -468.195
  poly 1: 21.3989 -1972.54 -458.92 21.3989 -1916.44 -409.552 -0.0012207 -1924.6 -400.277 -0.0012207 -1980.71 -449.644 21.3989 -1972.54 -458.92
  poly 2: -0.0012207 -1838.34 -357.286 -0.0012207 -1852.18 -369.46 21.3989 -1844.02 -378.736 21.3989 -2012.32 -526.838 -0.0012207 -2020.48 -517.563 -0.0012207 -2034.32 -529.737 -151.888 -2125.75 -493.381 -154.352 -2092.34 -462.087 -175.69 -2101.63 -453.85 -172.975 -2138.44 -488.334 -417.079 -2285.38 -429.906 -417.079 -2271.54 -417.732 -416.865 -2271.46 -417.824 -417.079 -2154.12 -314.401 -443.829 -2164.32 -302.807 -459.879 -2155.76 -282.934 -459.879 -2067.7 -205.436 -443.829 -2046.9 -199.477 -417.079 -2036.69 -211.071 -416.865 -1919.19 -107.834 -417.079 -1919.27 -107.741 -417.079 -1905.43 -95.567 -287.507 -1884.59 -176.874 -292.881 -1958.76 -238.011 -271.548 -1951.82 -248.309 -266.431 -1881.2 -190.099 -0.0012207 -1838.34 -357.286
  poly 3: -0.0012207 -1852.31 -336.659 -0.0012207 -1868.5 -350.909 42.799 -1852.18 -369.46 42.799 -2020.48 -517.563 -0.0012207 -2036.81 -499.012 -0.0012207 -2053 -513.263 -130.675 -2131.66 -481.984 -133.014 -2099.95 -452.28 -154.352 -2109.24 -444.043 -151.762 -2144.35 -476.937 -417.079 -2304.06 -413.431 -417.079 -2287.87 -399.181 -395.679 -2279.71 -408.456 -395.679 -2162.28 -305.126 -422.429 -2172.48 -293.532 -438.479 -2163.93 -273.659 -438.479 -2075.86 -196.161 -422.429 -2055.06 -190.201 -395.679 -2044.86 -201.796 -395.679 -1927.43 -98.4656 -417.079 -1935.59 -89.1901 -417.079 -1919.4 -74.9397 -266.302 -1895.14 -169.553 -271.547 -1967.55 -229.231 -250.214 -1960.61 -239.528 -245.226 -1891.75 -182.778 -0.0012207 -1852.31 -336.659
element 22
  poly 0: 438.477 -2162.28 -305.126 438.477 -2044.86 -201.796 417.076 -2036.69 -211.071 417.076 -2154.12 -314.401 438.477 -2162.28 -305.126
  poly 1: 417.076 -2170.44 -295.85 417.076 -2053.02 -192.52 395.676 -2044.86 -201.796 395.676 -2162.28 -305.126 417.076 -2170.44 -295.85
  poly 2: 417.076 -1905.43 -95.5673 417.076 -1919.27 -107.741 459.877 -1935.59 -89.19 459.877 -2287.87 -399.18 417.076 -2271.54 -417.732 417.076 -2285.38 -429.905 172.973 -2138.44 -488.334 175.688 -2101.63 -453.851 154.35 -2092.34 -462.087 151.886 -2125.75 -493.381 -0.0012207 -2034.32 -529.737 -0.0012207 -2020.48 -517.563 21.3989 -2028.64 -508.287 21.3989 -1972.54 -458.92 -5.35125 -1962.34 -470.514 -21.4013 -1949.21 -471.3 -21.4013 -1907.13 -434.274 -5.35125 -1906.24 -421.147 21.3989 -1916.44 -409.552 21.3989 -1860.34 -360.185 -0.0012207 -1852.18 -369.46 -0.0012207 -1838.34 -357.286 266.429 -1881.2 -190.1 271.545 -1951.82 -248.309 292.879 -1958.76 -238.012 287.505 -1884.59 -176.874 417.076 -1905.43 -95.5673
  poly 3: 417.076 -1919.4 -74.9398 417.076 -1935.59 -89.1901 438.477 -1943.75 -79.9145 438.477 -2296.03 -389.905 417.076 -2287.87 -399.181 417.076 -2304.06 -413.431 151.76 -2144.35 -476.937 154.35 -2109.24 -444.044 133.012 -2099.95 -452.28 130.673 -2131.66 -481.984 -0.0012207 -2053 -513.262 -0.0012207 -2036.81 -499.012 0.212781 -2036.89 -498.919 -0.0012207 -1980.71 -449.644 -26.7514 -1970.5 -461.239 -42.8015 -1957.37 -462.024 -42.8015 -1915.29 -424.999 -26.7514 -1914.4 -411.871 -0.0012207 -1924.6 -400.277 0.212781 -1868.58 -350.817 -0.0012207 -1868.5 -350.909 -0.0012207 -1852.31 -336.659 245.224 -1891.75 -182.779 250.212 -1960.6 -239.529 271.545 -1967.55 -229.231 266.3 -1895.14 -169.553 417.076 -1919.4 -74.9398
element 23
  poly 0: 834.156 -1838.34 -357.286 834.156 -2034.32 -529.737 682.268 -2125.75 -493.381 679.805 -2092.34 -462.087 658.467 -2101.63 -453.85 661.181 -2138.44 -488.334 417.076 -2285.38 -429.906 417.076 -2271.54 -417.732 417.29 -2271.46 -417.824 417.076 -2154.12 -314.401 390.326 -2164.32 -302.807 374.276 -2155.76 -282.934 374.276 -2067.7 -205.437 390.326 -2046.9 -199.477 417.076 -2036.69 -211.071 417.29 -1919.19 -107.834 417.076 -1919.27 -107.741 417.076 -1905.43 -95.567 546.649 -1884.59 -176.874 541.275 -1958.76 -238.011 562.609 -1951.82 -248.309 567.725 -1881.2 -190.099 834.156 -1838.34 -357.286
  poly 1: 834.156 -1852.31 -336.659 834.156 -2053 -513.263 703.482 -2131.66 -481.984 701.143 -2099.95 -452.28 679.805 -2109.24 -444.043 682.395 -2144.35 -476.937 417.076 -2304.06 -413.431 417.076 -2287.87 -399.181 438.477 -2279.71 -408.456 438.477 -2162.28 -305.126 411.726 -2172.48 -293.532 395.676 -2163.93 -273.659 395.676 -2075.86 -196.161 411.726 -2055.06 -190.201 438.477 -2044.86 -201.796 438.477 -1927.43 -98.4656 417.076 -1935.59 -89.1901 417.076 -1919.4 -74.9397 567.854 -1895.14 -169.553 562.609 -1967.55 -229.231 583.942 -1960.61 -239.529 588.93 -1891.75 -182.778 834.156 -1852.31 -336.659
element 24
  poly 0: -395.679 -1413.17 193.728 -395.679 -1548.63 115.52 -417.079 -1554.81 126.22 -417.079 -1419.35 204.428 -395.679 -1413.17 193.728
  poly 1: -417.079 -1406.99 183.028 -417.079 -1542.45 104.82 -438.479 -1548.63 115.52 -438.479 -1413.17 193.728 -417.079 -1406.99 183.028
  poly 2: -417.079 -1706.23 38.7986 -417.079 -1690.27 48.0125 -374.279 -1677.91 26.6127 -374.279 -1271.53 261.236 -417.079 -1283.89 282.636 -417.079 -1267.93 291.85 -655.471 -1397.4 376.029 -658.406 -1441.91 352.286 -679.734 -1446.63 363.778 -677.268 -1409.24 383.726 -834.156 -1494.44 439.125 -834.156 -1720.52 308.602 -557.504 -1711.04 129.638 -562.626 -1636.31 176.199 -541.298 -1628.72 166.362 -535.707 -1710.29 115.538 -417.079 -1706.23 38.7986
  poly 3: -417.079 -1696.59 15.8268 -417.079 -1677.91 26.6127 -395.679 -1671.73 15.9128 -395.679 -1265.36 250.536 -417.079 -1271.53 261.236 -417.079 -1252.85 272.022 -677.032 -1394.03 363.815 -679.733 -1435 341.963 -701.061 -1439.72 353.455 -698.829 -1405.87 371.512 -834.156 -1479.36 419.297 -834.156 -1710.88 285.63 -579.065 -1702.14 120.614 -583.953 -1630.82 165.051 -562.625 -1623.23 155.214 -557.268 -1701.4 106.514 -417.079 -1696.59 15.8268
element 25
  poly 0: -0.0012207 -1575.12 392.546 -0.0012207 -1639.84 355.181 -21.4009 -1633.66 344.481 -21.4009 -1568.94 381.846 -0.0012207 -1575.12 392.546
  poly 1: 21.3985 -1568.94 381.846 21.3985 -1633.66 344.481 -0.0012207 -1627.48 333.781 -0.0012207 -1562.76 371.146 21.3985 -1568.94 381.846
  poly 2: -0.0012207 -1720.52 308.602 -0.0012207 -1704.56 317.816 21.3985 -1710.73 328.516 21.3985 -1516.58 440.611 -0.0012207 -1510.4 429.911 -0.0012207 -1494.44 439.125 -156.89 -1409.24 383.726 -154.424 -1446.63 363.778 -175.752 -1441.91 352.287 -178.687 -1397.4 376.03 -417.079 -1267.93 291.85 -417.079 -1283.89 282.636 -416.865 -1283.95 282.743 -417.079 -1419.35 204.428 -443.829 -1411.63 191.053 -459.878 -1423.93 173.252 -459.878 -1525.52 114.596 -443.829 -1547.09 112.845 -417.079 -1554.81 126.22 -416.865 -1690.33 48.1195 -417.079 -1690.27 48.0125 -417.079 -1706.23 38.7988 -298.451 -1710.29 115.538 -292.86 -1628.72 166.362 -271.532 -1636.31 176.199 -276.654 -1711.04 129.638 -0.0012207 -1720.52 308.602
  poly 3: -0.0012207 -1710.88 285.63 -0.0012207 -1692.2 296.416 42.7982 -1704.56 317.816 42.7982 -1510.4 429.911 -0.0012207 -1498.05 408.511 -0.0012207 -1479.36 419.297 -135.328 -1405.87 371.511 -133.096 -1439.72 353.454 -154.424 -1435 341.963 -157.125 -1394.03 363.814 -417.079 -1252.85 272.021 -417.079 -1271.53 261.236 -395.679 -1277.71 271.936 -395.679 -1413.17 193.728 -422.429 -1405.45 180.353 -438.479 -1417.75 162.552 -438.479 -1519.34 103.896 -422.429 -1540.91 102.145 -395.679 -1548.63 115.52 -395.679 -1684.09 37.3126 -417.079 -1677.91 26.6127 -417.079 -1696.59 15.8276 -276.89 -1701.4 106.513 -271.532 -1623.23 155.214 -250.204 -1630.82 165.05 -255.093 -1702.14 120.614 -0.0012207 -1710.88 285.63
element 26
  poly 0: 438.476 -1413.17 193.728 438.476 -1548.63 115.52 417.076 -1554.81 126.22 417.076 -1419.35 204.428 438.476 -1413.17 193.728
  poly 1: 417.076 -1406.99 183.028 417.076 -1542.45 104.82 395.677 -1548.63 115.52 395.677 -1413.17 193.728 417.076 -1406.99 183.028
  poly 2: 417.076 -1706.23 38.7986 417.076 -1690.27 48.0125 459.876 -1677.91 26.6126 459.876 -1271.53 261.236 417.076 -1283.89 282.636 417.076 -1267.93 291.85 178.684 -1397.4 376.029 175.749 -1441.91 352.286 154.422 -1446.63 363.778 156.887 -1409.24 383.726 -0.0012207 -1494.44 439.125 -0.0012207 -1510.4 429.911 21.3985 -1504.22 419.211 21.3985 -1568.94 381.846 -5.35115 -1576.66 395.221 -21.4009 -1589.39 398.575 -21.4009 -1637.93 370.552 -5.35115 -1641.38 357.856 21.3985 -1633.66 344.481 21.3985 -1698.38 307.116 -0.0012207 -1704.56 317.816 -0.0012207 -1720.52 308.602 276.651 -1711.04 129.638 271.529 -1636.31 176.199 292.858 -1628.72 166.362 298.449 -1710.29 115.538 417.076 -1706.23 38.7986
  poly 3: 417.076 -1696.59 15.8268 417.076 -1677.91 26.6127 438.476 -1671.73 15.9128 438.476 -1265.36 250.536 417.076 -1271.53 261.236 417.076 -1252.85 272.022 157.123 -1394.03 363.815 154.422 -1435 341.963 133.094 -1439.72 353.455 135.326 -1405.87 371.512 -0.0012207 -1479.36 419.297 -0.0012207 -1498.05 408.511 0.212777 -1497.98 408.404 -0.0012207 -1562.76 371.146 -26.7509 -1570.49 384.521 -42.8007 -1583.21 387.876 -42.8007 -1631.75 359.852 -26.7509 -1635.2 347.156 -0.0012207 -1627.48 333.781 0.212777 -1692.14 296.309 -0.0012207 -1692.2 296.416 -0.0012207 -1710.88 285.629 255.09 -1702.14 120.614 250.202 -1630.82 165.051 271.53 -1623.23 155.214 276.888 -1701.4 106.514 417.076 -1696.59 15.8268
element 27
  poly 0: 834.156 -1720.52 308.602 834.156 -1494.44 439.125 677.267 -1409.24 383.726 679.733 -1446.63 363.778 658.405 -1441.91 352.287 655.47 -1397.4 376.03 417.076 -1267.93 291.85 417.076 -1283.89 282.636 417.29 -1283.95 282.743 417.076 -1419.35 204.428 390.327 -1411.63 191.053 374.277 -1423.93 173.252 374.277 -1525.52 114.596 390.327 -1547.09 112.845 417.076 -1554.81 126.22 417.29 -1690.33 48.1195 417.076 -1690.27 48.0125 417.076 -1706.23 38.7988 535.705 -1710.29 115.538 541.296 -1628.72 166.362 562.624 -1636.31 176.199 557.502 -1711.04 129.638 834.156 -1720.52 308.602
  poly 1: 834.156 -1710.88 285.63 834.156 -1479.36 419.297 698.829 -1405.87 371.511 701.061 -1439.72 353.454 679.733 -1435 341.963 677.032 -1394.03 363.814 417.076 -1252.85 272.021 417.076 -1271.53 261.236 438.476 -1277.71 271.936 438.476 -1413.17 193.728 411.726 -1405.45 180.353 395.677 -1417.75 162.552 395.677 -1519.34 103.896 411.726 -1540.91 102.145 438.476 -1548.63 115.52 438.476 -1684.09 37.3126 417.076 -1677.91 26.6127 417.076 -1696.59 15.8276 557.266 -1701.4 106.513 562.624 -1623.23 155.214 583.952 -1630.82 165.05 579.064 -1702.14 120.614 834.156 -1710.88 285.63
element 28
  poly 0: -395.679 -1839.21 126.417 -395.679 -1709.31 213.542 -417.079 -1702.42 203.281 -417.079 -1832.33 116.156 -395.679 -1839.21 126.417
  poly 1: -417.079 -1846.09 136.679 -417.079 -1716.19 223.804 -438.479 -1709.31 213.542 -438.479 -1839.21 126.417 -417.079 -1846.09 136.679
  poly 2: -417.079 -1557.22 300.671 -417.079 -1572.52 290.406 -374.278 -1586.28 310.929 -374.278 -1976 49.5538 -417.079 -1962.23 29.0313 -417.079 -1977.54 18.7665 -661.334 -1839.39 -58.3831 -658.439 -1798.45 -28.9123 -679.769 -1790.24 -38.2302 -682.402 -1827.48 -65.0377 -834.156 -1741.65 -112.97 -834.156 -1524.85 32.436 -567.952 -1545.51 203.64 -562.625 -1623.23 155.214 -541.298 -1628.72 166.362 -546.889 -1547.14 217.187 -417.079 -1557.22 300.671
  poly 3: -417.079 -1568.37 322.944 -417.079 -1586.28 310.929 -395.679 -1593.17 321.19 -395.679 -1982.88 59.8151 -417.079 -1976 49.5538 -417.079 -1993.91 37.5379 -682.534 -1843.78 -46.3071 -679.769 -1804.68 -18.1637 -701.099 -1796.47 -27.4816 -703.602 -1831.86 -52.9617 -834.156 -1758.02 -94.1988 -834.156 -1536 54.7089 -589.149 -1555.02 212.281 -583.953 -1630.82 165.051 -562.626 -1636.31 176.199 -568.085 -1556.65 225.828 -417.079 -1568.37 322.944
element 29
  poly 0: -0.0012207 -1664.28 -61.08 -0.0012207 -1602.22 -19.4546 -21.4014 -1609.1 -9.19331 -21.4014 -1671.16 -50.8187 -0.0012207 -1664.28 -61.08
  poly 1: 21.399 -1671.16 -50.8187 21.399 -1609.1 -9.19331 -0.0012207 -1615.98 1.06796 -0.0012207 -1678.04 -40.5575 21.399 -1671.16 -50.8187
  poly 2: -0.0012207 -1524.85 32.436 -0.0012207 -1540.15 22.1709 21.399 -1533.27 11.9096 21.399 -1719.46 -112.967 -0.0012207 -1726.34 -102.705 -0.0012207 -1741.65 -112.97 -151.755 -1827.48 -65.0376 -154.389 -1790.24 -38.2302 -175.719 -1798.45 -28.9123 -172.824 -1839.39 -58.3831 -417.079 -1977.54 18.7665 -417.079 -1962.23 29.0313 -416.865 -1962.16 28.9287 -417.079 -1832.33 116.156 -443.829 -1840.93 128.983 -459.879 -1829.85 147.569 -459.879 -1732.43 212.913 -443.829 -1711.03 216.108 -417.079 -1702.42 203.281 -416.865 -1572.45 290.304 -417.079 -1572.52 290.406 -417.079 -1557.22 300.671 -287.269 -1547.14 217.187 -292.86 -1628.72 166.362 -271.533 -1623.23 155.214 -266.205 -1545.51 203.64 -0.0012207 -1524.85 32.436
  poly 3: -0.0012207 -1536 54.7089 -0.0012207 -1553.92 42.6934 42.7992 -1540.15 22.1709 42.7992 -1726.34 -102.705 -0.0012207 -1740.11 -82.1829 -0.0012207 -1758.02 -94.1988 -130.556 -1831.86 -52.9618 -133.059 -1796.47 -27.4817 -154.389 -1804.68 -18.1638 -151.624 -1843.78 -46.3072 -417.079 -1993.91 37.5382 -417.079 -1976 49.5538 -395.679 -1969.11 39.2925 -395.679 -1839.21 126.417 -422.429 -1847.81 139.244 -438.479 -1836.74 157.831 -438.479 -1739.31 223.174 -422.429 -1717.91 226.369 -395.679 -1709.31 213.542 -395.679 -1579.4 300.667 -417.079 -1586.28 310.929 -417.079 -1568.37 322.944 -266.073 -1556.65 225.827 -271.532 -1636.31 176.199 -250.204 -1630.82 165.05 -245.009 -1555.02 212.281 -0.0012207 -1536 54.7089
element 30
  poly 0: 438.477 -1839.21 126.418 438.477 -1709.31 213.542 417.076 -1702.42 203.281 417.076 -1832.33 116.156 438.477 -1839.21 126.418
  poly 1: 417.076 -1846.09 136.679 417.076 -1716.19 223.804 395.676 -1709.31 213.542 395.676 -1839.21 126.417 417.076 -1846.09 136.679
  poly 2: 417.076 -1557.22 300.671 417.076 -1572.52 290.406 459.877 -1586.28 310.929 459.877 -1976 49.5539 417.076 -1962.23 29.0313 417.076 -1977.54 18.7665 172.821 -1839.39 -58.3831 175.717 -1798.45 -28.9123 154.387 -1790.24 -38.2302 151.753 -1827.48 -65.0377 -0.0012207 -1741.65 -112.97 -0.0012207 -1726.34 -102.705 21.399 -1733.23 -92.4442 21.399 -1671.16 -50.8187 -5.35127 -1662.56 -63.6453 -21.4014 -1649.64 -66.1381 -21.4014 -1603.09 -34.919 -5.35127 -1600.5 -22.0199 21.399 -1609.1 -9.19331 21.399 -1547.03 32.4321 -0.0012207 -1540.15 22.1709 -0.0012207 -1524.85 32.436 266.203 -1545.51 203.64 271.53 -1623.23 155.214 292.858 -1628.72 166.362 287.267 -1547.14 217.187 417.076 -1557.22 300.671
  poly 3: 417.076 -1568.37 322.944 417.076 -1586.28 310.929 438.477 -1593.17 321.19 438.477 -1982.88 59.8151 417.076 -1976 49.5538 417.076 -1993.91 37.5379 151.622 -1843.78 -46.3071 154.386 -1804.68 -18.1637 133.056 -1796.47 -27.4816 130.553 -1831.86 -52.9617 -0.0012207 -1758.02 -94.1985 -0.0012207 -1740.11 -82.1829 0.212781 -1740.18 -82.0803 -0.0012207 -1678.04 -40.5575 -26.7515 -1669.44 -53.3841 -42.8016 -1656.52 -55.8768 -42.8016 -1609.97 -24.6578 -26.7515 -1607.38 -11.7586 -0.0012207 -1615.98 1.06796 0.212781 -1553.99 42.796 -0.0012207 -1553.92 42.6934 -0.0012207 -1536 54.7087 245.006 -1555.02 212.281 250.202 -1630.82 165.051 271.529 -1636.31 176.199 266.07 -1556.65 225.828 417.076 -1568.37 322.944
element 31
  poly 0: 834.156 -1524.85 32.436 834.156 -1741.65 -112.97 682.401 -1827.48 -65.0376 679.768 -1790.24 -38.2302 658.438 -1798.45 -28.9123 661.333 -1839.39 -58.3831 417.076 -1977.54 18.7665 417.076 -1962.23 29.0313 417.29 -1962.16 28.9287 417.076 -1832.33 116.156 390.326 -1840.93 128.983 374.276 -1829.85 147.569 374.276 -1732.43 212.913 390.326 -1711.03 216.108 417.076 -1702.42 203.281 417.29 -1572.45 290.304 417.076 -1572.52 290.406 417.076 -1557.22 300.671 546.887 -1547.14 217.187 541.296 -1628.72 166.362 562.623 -1623.23 155.214 567.951 -1545.51 203.64 834.156 -1524.85 32.436
  poly 1: 834.156 -1536 54.7089 834.156 -1758.02 -94.1988 703.601 -1831.86 -52.9618 701.098 -1796.47 -27.4817 679.768 -1804.68 -18.1638 682.533 -1843.78 -46.3072 417.076 -1993.91 37.5382 417.076 -1976 49.5538 438.477 -1969.11 39.2926 438.477 -1839.21 126.418 411.726 -1847.81 139.244 395.676 -1836.74 157.831 395.676 -1739.31 223.174 411.726 -1717.91 226.369 438.477 -1709.31 213.542 438.477 -1579.4 300.667 417.076 -1586.28 310.929 417.076 -1568.37 322.944 568.084 -1556.65 225.827 562.624 -1636.31 176.199 583.952 -1630.82 165.05 589.147 -1555.02 212.281 834.156 -1536 54.7089
element 32
  poly 0: -395.679 -1030.25 521.45 -395.679 -1174.91 461.963 -417.079 -1179.61 473.391 -417.079 -1034.95 532.877 -395.679 -1030.25 521.45
  poly 1: -417.079 -1025.55 510.023 -417.079 -1170.21 450.536 -438.479 -1174.91 461.963 -438.479 -1030.25 521.45 -417.079 -1025.55 510.023
  poly 2: -417.079 -1341.32 406.896 -417.079 -1324.27 413.904 -374.279 -1314.87 391.05 -374.279 -880.886 569.509 -417.079 -890.284 592.363 -417.079 -873.24 599.371 -655.557 -990.399 700.067 -658.378 -1037.66 682.395 -679.712 -1040.87 694.392 -677.338 -1001.1 709.264 -834.156 -1078.14 775.479 -834.156 -1319.57 676.201 -557.608 -1333.99 497.635 -562.662 -1253.7 533.804 -541.333 -1247.51 523.036 -535.817 -1335.13 483.564 -417.079 -1341.32 406.896
  poly 3: -417.079 -1334.82 382.846 -417.079 -1314.87 391.05 -395.679 -1310.18 379.623 -395.679 -876.187 558.082 -417.079 -880.886 569.509 -417.079 -860.936 577.713 -677.114 -988.684 687.51 -679.712 -1032.21 671.234 -701.045 -1035.42 683.23 -698.894 -999.384 696.707 -834.156 -1065.84 753.821 -834.156 -1313.08 652.151 -579.168 -1326.37 487.507 -583.992 -1249.74 522.03 -562.663 -1243.55 511.262 -557.377 -1327.51 473.436 -417.079 -1334.82 382.846
element 33
  poly 0: -0.0012207 -1164.3 740.05 -0.0012207 -1233.41 711.63 -21.4014 -1228.72 700.203 -21.4014 -1159.6 728.623 -0.0012207 -1164.3 740.05
  poly 1: 21.3989 -1159.6 728.623 21.3989 -1228.72 700.203 -0.0012207 -1224.02 688.776 -0.0012207 -1154.9 717.196 21.3989 -1159.6 728.623
  poly 2: -0.0012207 -1319.57 676.201 -0.0012207 -1302.53 683.209 21.3989 -1307.23 694.636 21.3989 -1099.88 779.898 -0.0012207 -1095.18 768.471 -0.0012207 -1078.14 775.479 -156.82 -1001.1 709.264 -154.446 -1040.87 694.392 -175.78 -1037.66 682.395 -178.6 -990.399 700.067 -417.079 -873.24 599.371 -417.079 -890.284 592.363 -416.865 -890.331 592.477 -417.079 -1034.95 532.877 -443.829 -1029.07 518.593 -459.879 -1043.63 502.587 -459.879 -1152.13 457.972 -443.829 -1173.74 459.107 -417.079 -1179.61 473.391 -416.865 -1324.32 414.019 -417.079 -1324.27 413.904 -417.079 -1341.32 406.896 -298.341 -1335.13 483.564 -292.825 -1247.51 523.036 -271.496 -1253.7 533.804 -276.55 -1333.99 497.635 -0.0012207 -1319.57 676.201
  poly 3: -0.0012207 -1313.08 652.151 -0.0012207 -1293.13 660.355 42.7991 -1302.53 683.209 42.7991 -1095.18 768.471 -0.0012207 -1085.79 745.617 -0.0012207 -1065.84 753.821 -135.264 -999.384 696.707 -133.113 -1035.42 683.23 -154.446 -1032.21 671.234 -157.044 -988.684 687.51 -417.079 -860.936 577.712 -417.079 -880.886 569.509 -395.679 -885.585 580.936 -395.679 -1030.25 521.45 -422.429 -1024.37 507.166 -438.479 -1038.93 491.16 -438.479 -1147.43 446.545 -422.429 -1169.04 447.68 -395.679 -1174.91 461.963 -395.679 -1319.57 402.477 -417.079 -1314.87 391.05 -417.079 -1334.82 382.847 -276.78 -1327.51 473.436 -271.495 -1243.55 511.262 -250.165 -1249.74 522.03 -254.989 -1326.37 487.507 -0.0012207 -1313.08 652.151
element 34
  poly 0: 438.477 -1030.25 521.45 438.477 -1174.91 461.963 417.076 -1179.61 473.391 417.076 -1034.95 532.877 438.477 -1030.25 521.45
  poly 1: 417.076 -1025.55 510.023 417.076 -1170.21 450.536 395.676 -1174.91 461.964 395.676 -1030.25 521.45 417.076 -1025.55 510.023
  poly 2: 417.076 -1341.32 406.896 417.076 -1324.27 413.904 459.877 -1314.87 391.05 459.877 -880.886 569.509 417.076 -890.284 592.363 417.076 -873.24 599.371 178.598 -990.399 700.067 175.777 -1037.66 682.395 154.444 -1040.87 694.392 156.818 -1001.1 709.264 -0.0012207 -1078.14 775.479 -0.0012207 -1095.18 768.471 21.3989 -1090.49 757.044 21.3989 -1159.6 728.623 -5.35126 -1165.47 742.907 -21.4014 -1177.64 747.925 -21.4014 -1229.47 726.609 -5.35126 -1234.59 714.487 21.3989 -1228.72 700.203 21.3989 -1297.83 671.782 -0.0012207 -1302.53 683.209 -0.0012207 -1319.57 676.201 276.547 -1333.99 497.635 271.493 -1253.7 533.804 292.823 -1247.51 523.036 298.338 -1335.13 483.564 417.076 -1341.32 406.896
  poly 3: 417.076 -1334.82 382.846 417.076 -1314.87 391.05 438.477 -1310.18 379.623 438.477 -876.187 558.082 417.076 -880.886 569.509 417.076 -860.936 577.713 157.042 -988.684 687.51 154.444 -1032.21 671.234 133.11 -1035.42 683.23 135.261 -999.384 696.707 -0.0012207 -1065.84 753.821 -0.0012207 -1085.79 745.617 0.212781 -1085.74 745.502 -0.0012207 -1154.9 717.196 -26.7514 -1160.77 731.48 -42.8015 -1172.94 736.498 -42.8015 -1224.77 715.182 -26.7514 -1229.89 703.06 -0.0012207 -1224.02 688.776 0.212781 -1293.08 660.241 -0.0012207 -1293.13 660.355 -0.0012207 -1313.08 652.152 254.987 -1326.37 487.507 250.163 -1249.74 522.03 271.493 -1243.55 511.262 276.778 -1327.51 473.436 417.076 -1334.82 382.846
element 35
  poly 0: 834.156 -1319.57 676.201 834.156 -1078.14 775.479 677.337 -1001.1 709.264 679.711 -1040.87 694.392 658.377 -1037.66 682.395 655.556 -990.399 700.067 417.076 -873.24 599.371 417.076 -890.284 592.363 417.29 -890.331 592.477 417.076 -1034.95 532.877 390.326 -1029.07 518.593 374.276 -1043.63 502.587 374.276 -1152.13 457.972 390.326 -1173.74 459.107 417.076 -1179.61 473.391 417.29 -1324.32 414.019 417.076 -1324.27 413.904 417.076 -1341.32 406.896 535.815 -1335.13 483.564 541.331 -1247.51 523.036 562.661 -1253.7 533.804 557.606 -1333.99 497.635 834.156 -1319.57 676.201
  poly 1: 834.156 -1313.08 652.151 834.156 -1065.84 753.821 698.893 -999.384 696.707 701.044 -1035.42 683.23 679.711 -1032.21 671.234 677.113 -988.684 687.51 417.076 -860.936 577.712 417.076 -880.886 569.509 438.477 -885.585 580.936 438.477 -1030.25 521.45 411.726 -1024.37 507.166 395.676 -1038.93 491.16 395.676 -1147.43 446.545 411.726 -1169.04 447.68 438.477 -1174.91 461.963 438.477 -1319.57 402.477 417.076 -1314.87 391.05 417.076 -1334.82 382.847 557.376 -1327.51 473.436 562.661 -1243.55 511.262 583.991 -1249.74 522.03 579.167 -1326.37 487.507 834.156 -1313.08 652.151
element 36
  poly 0: -395.679 -1461.49 511.657 -395.679 -1321.08 580.594 -417.079 -1315.64 569.504 -417.079 -1456.04 500.566 -395.679 -1461.49 511.657
  poly 1: -417.079 -1466.93 522.747 -417.079 -1326.53 591.685 -438.479 -1321.08 580.594 -438.479 -1461.49 511.657 -417.079 -1466.93 522.747
  poly 2: -417.079 -1158.69 646.563 -417.079 -1175.23 638.441 -374.279 -1186.12 660.622 -374.279 -1607.34 453.81 -417.079 -1596.45 431.629 -417.079 -1612.99 423.507 -661.341 -1486.42 328.544 -658.406 -1441.91 352.287 -679.734 -1435 341.963 -682.404 -1475.51 320.355 -834.156 -1396.88 261.357 -834.156 -1162.55 376.41 -567.916 -1160.09 548.861 -562.663 -1243.55 511.262 -541.333 -1247.51 523.036 -546.848 -1159.89 562.508 -417.079 -1158.69 646.563
  poly 3: -417.079 -1166.76 670.13 -417.079 -1186.12 660.622 -395.679 -1191.57 671.713 -395.679 -1612.78 464.9 -417.079 -1607.34 453.81 -417.079 -1626.7 444.302 -682.537 -1489.15 341.099 -679.734 -1446.63 363.778 -701.061 -1439.72 353.454 -703.601 -1478.24 332.91 -834.156 -1410.59 282.153 -834.156 -1170.62 399.976 -589.116 -1168.35 558.696 -583.992 -1249.74 522.03 -562.662 -1253.7 533.804 -568.047 -1168.16 572.343 -417.079 -1166.76 670.13
element 37
  poly 0: -0.0012207 -1313.25 302.415 -0.0012207 -1246.17 335.352 -21.401 -1251.62 346.442 -21.401 -1318.7 313.506 -0.0012207 -1313.25 302.415
  poly 1: 21.3986 -1318.7 313.506 21.3986 -1251.62 346.442 -0.0012207 -1257.06 357.533 -0.0012207 -1324.14 324.596 21.3986 -1318.7 313.506
  poly 2: -0.0012207 -1162.55 376.41 -0.0012207 -1179.09 368.288 21.3986 -1173.65 357.197 21.3986 -1374.89 258.389 -0.0012207 -1380.33 269.479 -0.0012207 -1396.88 261.357 -151.753 -1475.51 320.355 -154.424 -1435 341.963 -175.752 -1441.91 352.287 -172.817 -1486.42 328.544 -417.079 -1612.99 423.506 -417.079 -1596.45 431.629 -416.865 -1596.39 431.518 -417.079 -1456.04 500.566 -443.829 -1462.85 514.429 -459.878 -1449.38 531.364 -459.878 -1344.08 583.068 -443.829 -1322.45 583.367 -417.079 -1315.64 569.504 -416.865 -1175.18 638.33 -417.079 -1175.23 638.441 -417.079 -1158.69 646.563 -287.31 -1159.89 562.508 -292.825 -1247.51 523.036 -271.495 -1243.55 511.262 -266.241 -1160.09 548.861 -0.0012207 -1162.55 376.41
  poly 3: -0.0012207 -1170.62 399.976 -0.0012207 -1189.98 390.469 42.7984 -1179.09 368.288 42.7984 -1380.33 269.479 -0.0012207 -1391.22 291.66 -0.0012207 -1410.59 282.153 -130.557 -1478.24 332.91 -133.096 -1439.72 353.455 -154.424 -1446.63 363.778 -151.621 -1489.15 341.099 -417.079 -1626.7 444.303 -417.079 -1607.34 453.81 -395.679 -1601.89 442.719 -395.679 -1461.49 511.657 -422.429 -1468.3 525.52 -438.479 -1454.83 542.455 -438.479 -1349.53 594.158 -422.429 -1327.89 594.457 -395.679 -1321.08 580.594 -395.679 -1180.68 649.532 -417.079 -1186.12 660.622 -417.079 -1166.76 670.13 -266.11 -1168.16 572.343 -271.496 -1253.7 533.804 -250.165 -1249.74 522.03 -245.042 -1168.35 558.697 -0.0012207 -1170.62 399.976
element 38
  poly 0: 438.476 -1461.49 511.657 438.476 -1321.08 580.594 417.076 -1315.64 569.504 417.076 -1456.04 500.566 438.476 -1461.49 511.657
  poly 1: 417.076 -1466.93 522.747 417.076 -1326.53 591.685 395.677 -1321.08 580.594 395.677 -1461.49 511.657 417.076 -1466.93 522.747
  poly 2: 417.076 -1158.69 646.563 417.076 -1175.23 638.441 459.876 -1186.12 660.622 459.876 -1607.34 453.81 417.076 -1596.45 431.629 417.076 -1612.99 423.507 172.815 -1486.42 328.544 175.749 -1441.91 352.287 154.422 -1435 341.963 151.751 -1475.51 320.355 -0.0012207 -1396.88 261.358 -0.0012207 -1380.33 269.479 21.3986 -1385.78 280.57 21.3986 -1318.7 313.506 -5.35117 -1311.89 299.643 -21.401 -1299.42 295.442 -21.401 -1249.11 320.144 -5.35117 -1244.81 332.579 21.3986 -1251.62 346.442 21.3986 -1184.54 379.378 -0.0012207 -1179.09 368.288 -0.0012207 -1162.55 376.41 266.239 -1160.09 548.861 271.493 -1243.55 511.262 292.823 -1247.51 523.036 287.307 -1159.89 562.508 417.076 -1158.69 646.563
  poly 3: 417.076 -1166.76 670.13 417.076 -1186.12 660.622 438.476 -1191.57 671.713 438.476 -1612.78 464.9 417.076 -1607.34 453.81 417.076 -1626.7 444.302 151.618 -1489.15 341.099 154.422 -1446.63 363.778 133.094 -1439.72 353.454 130.555 -1478.24 332.91 -0.0012207 -1410.59 282.153 -0.0012207 -1391.22 291.66 0.212777 -1391.28 291.771 -0.0012207 -1324.14 324.596 -26.751 -1317.34 310.733 -42.8008 -1304.87 306.532 -42.8008 -1254.56 331.235 -26.751 -1250.26 343.669 -0.0012207 -1257.06 357.533 0.212777 -1190.04 390.58 -0.0012207 -1189.98 390.469 -0.0012207 -1170.62 399.976 245.04 -1168.35 558.696 250.163 -1249.74 522.03 271.493 -1253.7 533.804 266.108 -1168.16 572.343 417.076 -1166.76 670.13
element 39
  poly 0: 834.156 -1162.55 376.41 834.156 -1396.88 261.357 682.404 -1475.51 320.355 679.733 -1435 341.963 658.405 -1441.91 352.287 661.34 -1486.42 328.544 417.076 -1612.99 423.506 417.076 -1596.45 431.629 417.29 -1596.39 431.518 417.076 -1456.04 500.566 390.327 -1462.85 514.429 374.277 -1449.38 531.364 374.277 -1344.08 583.068 390.327 -1322.45 583.367 417.076 -1315.64 569.504 417.29 -1175.18 638.33 417.076 -1175.23 638.441 417.076 -1158.69 646.563 546.846 -1159.89 562.508 541.331 -1247.51 523.036 562.661 -1243.55 511.262 567.915 -1160.09 548.861 834.156 -1162.55 376.41
  poly 1: 834.156 -1170.62 399.976 834.156 -1410.59 282.153 703.6 -1478.24 332.91 701.06 -1439.72 353.455 679.733 -1446.63 363.778 682.536 -1489.15 341.099 417.076 -1626.7 444.303 417.076 -1607.34 453.81 438.476 -1601.89 442.719 438.476 -1461.49 511.657 411.726 -1468.3 525.52 395.677 -1454.83 542.455 395.677 -1349.53 594.158 411.726 -1327.89 594.457 438.476 -1321.08 580.594 438.476 -1180.68 649.532 417.076 -1186.12 660.622 417.076 -1166.76 670.13 568.046 -1168.16 572.343 562.661 -1253.7 533.804 583.991 -1249.74 522.03 589.114 -1168.35 558.697 834.156 -1170.62 399.976
element 40
  poly 0: -395.679 -607.274 797.246 -395.679 -758.295 756.519 -417.079 -761.512 768.449 -417.079 -610.491 809.175 -395.679 -607.274 797.246
  poly 1: -417.079 -604.057 785.317 -417.079 -755.078 744.59 -438.479 -758.295 756.519 -438.479 -607.274 797.246 -417.079 -604.057 785.317
  poly 2: -417.079 -930.325 722.924 -417.079 -912.533 727.722 -374.279 -906.099 703.864 -374.279 -453.036 826.043 -417.079 -459.47 849.901 -417.079 -441.678 854.699 -655.776 -545.265 969.499 -658.363 -594.35 957.81 -679.707 -596.149 970.088 -677.522 -554.702 979.958 -834.156 -622.676 1055.29 -834.156 -874.72 987.322 -557.966 -911.542 812.236 -562.71 -827.186 837.822 -541.372 -822.499 826.326 -536.201 -914.444 798.439 -417.079 -930.325 722.924
  poly 3: -417.079 -926.927 698.247 -417.079 -906.099 703.864 -395.679 -902.882 691.935 -395.679 -449.819 814.114 -417.079 -453.036 826.043 -417.079 -432.208 831.659 -677.32 -545.146 956.821 -679.707 -590.422 946.039 -701.051 -592.221 958.317 -699.067 -554.583 967.28 -834.156 -613.209 1032.25 -834.156 -871.321 962.645 -579.516 -905.271 801.221 -584.048 -824.697 825.659 -562.71 -820.01 814.164 -557.751 -908.172 787.424 -417.079 -926.927 698.247
element 41
  poly 0: -0.0012207 -712.622 1031.03 -0.0012207 -784.775 1011.58 -21.4012 -781.558 999.648 -21.4012 -709.405 1019.11 -0.0012207 -712.622 1031.03
  poly 1: 21.3988 -709.405 1019.11 21.3988 -781.558 999.648 -0.0012207 -778.341 987.719 -0.0012207 -706.188 1007.18 21.3988 -709.405 1019.11
  poly 2: -0.0012207 -874.72 987.322 -0.0012207 -856.927 992.12 21.3988 -860.144 1004.05 21.3988 -643.687 1062.42 -0.0012207 -640.47 1050.49 -0.0012207 -622.676 1055.29 -156.636 -554.702 979.958 -154.451 -596.149 970.088 -175.795 -594.35 957.81 -178.382 -545.265 969.499 -417.079 -441.678 854.699 -417.079 -459.47 849.901 -416.865 -459.502 850.02 -417.079 -610.491 809.175 -443.829 -606.47 794.263 -459.879 -622.935 780.226 -459.879 -736.2 749.681 -443.829 -757.491 753.537 -417.079 -761.512 768.449 -416.865 -912.565 727.842 -417.079 -912.533 727.722 -417.079 -930.325 722.924 -297.957 -914.444 798.439 -292.786 -822.499 826.326 -271.448 -827.186 837.822 -276.192 -911.542 812.236 -0.0012207 -874.72 987.322
  poly 3: -0.0012207 -871.321 962.645 -0.0012207 -850.494 968.261 42.7988 -856.927 992.12 42.7988 -640.47 1050.49 -0.0012207 -634.036 1026.63 -0.0012207 -613.209 1032.25 -135.091 -554.583 967.28 -133.107 -592.221 958.317 -154.451 -590.422 946.039 -156.837 -545.146 956.821 -417.079 -432.208 831.66 -417.079 -453.036 826.043 -395.679 -456.253 837.972 -395.679 -607.274 797.246 -422.429 -603.253 782.334 -438.479 -619.718 768.297 -438.479 -732.983 737.752 -422.429 -754.274 741.608 -395.679 -758.295 756.519 -395.679 -909.316 715.793 -417.079 -906.099 703.864 -417.079 -926.927 698.247 -276.406 -908.172 787.424 -271.448 -820.01 814.164 -250.11 -824.697 825.659 -254.641 -905.27 801.221 -0.0012207 -871.321 962.645
element 42
  poly 0: 438.476 -607.274 797.246 438.476 -758.295 756.519 417.076 -761.512 768.449 417.076 -610.491 809.175 438.476 -607.274 797.246
  poly 1: 417.076 -604.057 785.317 417.076 -755.078 744.59 395.676 -758.295 756.52 395.676 -607.274 797.246 417.076 -604.057 785.317
  poly 2: 417.076 -930.325 722.924 417.076 -912.533 727.722 459.877 -906.099 703.864 459.877 -453.036 826.043 417.076 -459.47 849.901 417.076 -441.678 854.699 178.38 -545.265 969.499 175.792 -594.35 957.81 154.448 -596.149 970.088 156.633 -554.702 979.958 -0.0012207 -622.676 1055.29 -0.0012207 -640.47 1050.49 21.3988 -637.253 1038.56 21.3988 -709.405 1019.11 -5.35122 -713.427 1034.02 -21.4012 -724.858 1040.53 -21.4012 -778.973 1025.94 -5.35122 -785.579 1014.56 21.3988 -781.558 999.648 21.3988 -853.711 980.191 -0.0012207 -856.927 992.12 -0.0012207 -874.72 987.322 276.19 -911.542 812.236 271.445 -827.186 837.822 292.784 -822.499 826.326 297.955 -914.444 798.439 417.076 -930.325 722.924
  poly 3: 417.076 -926.927 698.247 417.076 -906.099 703.864 438.476 -902.882 691.935 438.476 -449.819 814.114 417.076 -453.036 826.043 417.076 -432.208 831.659 156.835 -545.146 956.821 154.448 -590.422 946.039 133.105 -592.221 958.317 135.089 -554.583 967.28 -0.0012207 -613.209 1032.25 -0.0012207 -634.036 1026.63 0.212779 -634.004 1026.51 -0.0012207 -706.188 1007.18 -26.7512 -710.21 1022.09 -42.8012 -721.641 1028.6 -42.8012 -775.756 1014.01 -26.7512 -782.362 1002.63 -0.0012207 -778.341 987.719 0.212779 -850.461 968.142 -0.0012207 -850.494 968.261 -0.0012207 -871.321 962.645 254.639 -905.271 801.221 250.107 -824.697 825.659 271.445 -820.01 814.164 276.404 -908.172 787.424 417.076 -926.927 698.247
element 43
  poly 0: 834.156 -874.72 987.322 834.156 -622.676 1055.29 677.521 -554.702 979.958 679.706 -596.149 970.088 658.362 -594.35 957.81 655.775 -545.265 969.499 417.076 -441.678 854.699 417.076 -459.47 849.901 417.29 -459.502 850.02 417.076 -610.491 809.175 390.326 -606.47 794.264 374.276 -622.935 780.226 374.276 -736.2 749.681 390.326 -757.491 753.537 417.076 -761.512 768.449 417.29 -912.565 727.842 417.076 -912.533 727.722 417.076 -930.325 722.924 536.199 -914.444 798.439 541.37 -822.499 826.326 562.708 -827.186 837.822 557.964 -911.542 812.236 834.156 -874.72 987.322
  poly 1: 834.156 -871.321 962.645 834.156 -613.209 1032.25 699.066 -554.583 967.28 701.05 -592.221 958.317 679.706 -590.422 946.039 677.319 -545.146 956.821 417.076 -432.208 831.66 417.076 -453.036 826.043 438.476 -456.253 837.972 438.476 -607.274 797.246 411.726 -603.253 782.334 395.676 -619.718 768.297 395.676 -732.983 737.752 411.726 -754.274 741.608 438.476 -758.295 756.519 438.476 -909.316 715.793 417.076 -906.099 703.864 417.076 -926.927 698.247 557.75 -908.172 787.424 562.708 -820.01 814.164 584.047 -824.697 825.659 579.515 -905.27 801.221 834.156 -871.321 962.645
element 44
  poly 0: -395.679 -1036.24 842.953 -395.679 -888.037 892.982 -417.079 -884.085 881.275 -417.079 -1032.28 831.247 -395.679 -1036.24 842.953
  poly 1: -417.079 -1040.19 854.66 -417.079 -891.989 904.688 -438.479 -888.037 892.982 -438.479 -1036.24 842.953 -417.079 -1040.19 854.66
  poly 2: -417.079 -718.426 937.198 -417.079 -735.886 931.304 -374.279 -743.789 954.716 -374.279 -1188.39 804.631 -417.079 -1180.48 781.219 -417.079 -1197.94 775.324 -661.199 -1084.91 664.723 -658.378 -1037.66 682.395 -679.712 -1032.21 671.234 -682.275 -1075.16 655.175 -834.156 -1004.83 586.363 -834.156 -757.498 669.857 -567.63 -732.53 840.697 -562.71 -820.01 814.164 -541.372 -822.499 826.326 -546.543 -730.554 854.213 -417.079 -718.426 937.198
  poly 3: -417.079 -723.35 961.616 -417.079 -743.789 954.716 -395.679 -747.741 966.423 -395.679 -1192.34 816.338 -417.079 -1188.39 804.631 -417.079 -1208.83 797.732 -682.404 -1085.98 677.523 -679.711 -1040.87 694.391 -701.045 -1035.42 683.23 -703.48 -1076.22 667.974 -834.156 -1015.72 608.77 -834.156 -762.425 694.275 -588.843 -739.442 851.517 -584.048 -824.697 825.659 -562.71 -827.186 837.822 -567.756 -737.467 865.034 -417.079 -723.35 961.616
element 45
  poly 0: -0.0012207 -916.569 616.159 -0.0012207 -845.764 640.061 -21.4013 -849.716 651.767 -21.4013 -920.521 627.865 -0.0012207 -916.569 616.159
  poly 1: 21.3989 -920.521 627.865 21.3989 -849.716 651.767 -0.0012207 -853.668 663.474 -0.0012207 -924.473 639.572 21.3989 -920.521 627.865
  poly 2: -0.0012207 -757.498 669.857 -0.0012207 -774.959 663.963 21.3989 -771.008 652.256 21.3989 -983.422 580.551 -0.0012207 -987.374 592.257 -0.0012207 -1004.83 586.363 -151.883 -1075.16 655.174 -154.446 -1032.21 671.234 -175.78 -1037.66 682.395 -172.959 -1084.91 664.723 -417.079 -1197.94 775.325 -417.079 -1180.48 781.219 -416.865 -1180.44 781.102 -417.079 -1032.28 831.247 -443.829 -1037.22 845.88 -459.879 -1021.66 860.913 -459.879 -910.513 898.434 -443.829 -889.025 895.908 -417.079 -884.085 881.275 -416.865 -735.846 931.187 -417.079 -735.886 931.304 -417.079 -718.426 937.198 -287.615 -730.554 854.213 -292.786 -822.499 826.326 -271.448 -820.01 814.163 -266.528 -732.53 840.697 -0.0012207 -757.498 669.857
  poly 3: -0.0012207 -762.425 694.275 -0.0012207 -782.863 687.376 42.799 -774.959 663.963 42.799 -987.374 592.257 -0.0012207 -995.278 615.67 -0.0012207 -1015.72 608.77 -130.678 -1076.22 667.975 -133.113 -1035.42 683.231 -154.446 -1040.87 694.392 -151.754 -1085.98 677.523 -417.079 -1208.83 797.731 -417.079 -1188.39 804.631 -395.679 -1184.44 792.925 -395.679 -1036.24 842.953 -422.429 -1041.18 857.586 -438.479 -1025.61 872.62 -438.479 -914.465 910.141 -422.429 -892.976 907.615 -395.679 -888.037 892.982 -395.679 -739.838 943.01 -417.079 -743.789 954.716 -417.079 -723.353 961.615 -266.402 -737.467 865.034 -271.448 -827.186 837.822 -250.11 -824.697 825.66 -245.315 -739.442 851.518 -0.0012207 -762.425 694.275
element 46
  poly 0: 438.477 -1036.24 842.953 438.477 -888.037 892.982 417.076 -884.085 881.275 417.076 -1032.28 831.247 438.477 -1036.24 842.953
  poly 1: 417.076 -1040.19 854.66 417.076 -891.989 904.688 395.676 -888.037 892.982 395.676 -1036.24 842.953 417.076 -1040.19 854.66
  poly 2: 417.076 -718.426 937.198 417.076 -735.886 931.304 459.877 -743.789 954.716 459.877 -1188.39 804.631 417.076 -1180.48 781.219 417.076 -1197.94 775.324 172.956 -1084.91 664.723 175.777 -1037.66 682.395 154.444 -1032.21 671.234 151.88 -1075.16 655.175 -0.0012207 -1004.83 586.363 -0.0012207 -987.374 592.257 21.3989 -991.326 603.963 21.3989 -920.521 627.865 -5.35125 -915.581 613.232 -21.4013 -903.767 607.44 -21.4013 -850.663 625.367 -5.35125 -844.776 637.134 21.3989 -849.716 651.767 21.3989 -778.911 675.669 -0.0012207 -774.959 663.963 -0.0012207 -757.498 669.857 266.525 -732.53 840.697 271.445 -820.01 814.164 292.783 -822.499 826.326 287.612 -730.554 854.213 417.076 -718.426 937.198
  poly 3: 417.076 -723.35 961.616 417.076 -743.789 954.716 438.477 -747.741 966.423 438.477 -1192.34 816.338 417.076 -1188.39 804.631 417.076 -1208.83 797.732 151.751 -1085.98 677.523 154.444 -1040.87 694.391 133.111 -1035.42 683.23 130.675 -1076.22 667.974 -0.0012207 -1015.72 608.77 -0.0012207 -995.278 615.67 0.21278 -995.317 615.787 -0.0012207 -924.473 639.572 -26.7514 -919.533 624.939 -42.8015 -907.719 619.147 -42.8015 -854.615 637.073 -26.7514 -848.728 648.841 -0.0012207 -853.668 663.474 0.21278 -782.902 687.493 -0.0012207 -782.863 687.376 -0.0012207 -762.423 694.276 245.313 -739.442 851.517 250.107 -824.697 825.659 271.446 -827.186 837.822 266.4 -737.467 865.034 417.076 -723.35 961.616
element 47
  poly 0: 834.156 -757.498 669.857 834.156 -1004.83 586.363 682.274 -1075.16 655.174 679.71 -1032.21 671.234 658.377 -1037.66 682.395 661.198 -1084.91 664.723 417.076 -1197.94 775.325 417.076 -1180.48 781.219 417.29 -1180.44 781.102 417.076 -1032.28 831.247 390.326 -1037.22 845.88 374.276 -1021.66 860.913 374.276 -910.513 898.434 390.326 -889.025 895.908 417.076 -884.085 881.275 417.29 -735.846 931.187 417.076 -735.886 931.304 417.076 -718.426 937.198 546.541 -730.554 854.213 541.37 -822.499 826.326 562.708 -820.01 814.163 567.628 -732.53 840.697 834.156 -757.498 669.857
  poly 1: 834.156 -762.425 694.275 834.156 -1015.72 608.77 703.479 -1076.22 667.975 701.044 -1035.42 683.231 679.711 -1040.87 694.392 682.403 -1085.98 677.523 417.076 -1208.83 797.731 417.076 -1188.39 804.631 438.477 -1184.44 792.925 438.477 -1036.24 842.953 411.726 -1041.18 857.586 395.676 -1025.61 872.62 395.676 -914.465 910.141 411.726 -892.976 907.615 438.477 -888.037 892.982 438.477 -739.838 943.01 417.076 -743.789 954.716 417.076 -723.353 961.615 567.754 -737.467 865.034 562.708 -827.186 837.822 584.047 -824.697 825.66 588.842 -739.442 851.518 834.156 -762.425 694.275
element 48
  poly 0: -395.679 -167.264 1018.83 -395.679 -314.748 996.805 -417.079 -316.573 1009.03 -417.079 -169.089 1031.05 -395.679 -167.264 1018.83
  poly 1: -417.079 -165.439 1006.61 -417.079 -312.923 984.585 -438.479 -314.748 996.805 -438.479 -167.264 1018.83 -417.079 -165.439 1006.61
  poly 2: -417.079 1.41881e-10 1056.3 -438.285 1.41881e-10 1068.68 -433.744 -10.7001 1064.43 -448.529 -10.7001 1073.06 -442.597 1.41881e-10 1071.2 -465.687 1.41881e-10 1084.68 -656.068 -71.5511 1185.13 -658.361 -121.636 1178.99 -679.717 -122.177 1191.37 -677.773 -79.7083 1196.58 -834.156 -138.482 1279.09 -834.156 -396.666 1240.53 -558.476 -453.257 1071.15 -562.753 -366.321 1086.63 -541.403 -363.136 1074.65 -536.75 -457.717 1057.81 -417.079 -482.283 984.278 -417.079 -464.057 987 -374.279 -460.407 962.56 -374.279 -17.9557 1028.64 -417.079 -21.6055 1053.08 -417.079 1.41881e-10 1056.3
  poly 3: -417.079 1.41881e-10 1031.32 -449.163 1.41881e-10 1050.05 -444.622 -10.7001 1045.8 -459.407 -10.7001 1054.43 -453.475 1.41881e-10 1052.56 -483.674 1.41881e-10 1070.19 -677.598 -72.8824 1172.51 -679.717 -119.169 1166.84 -701.073 -119.709 1179.22 -699.303 -81.0397 1183.96 -834.156 -131.722 1255.12 -834.156 -396.124 1215.63 -580.014 -448.294 1059.48 -584.103 -365.173 1074.28 -562.754 -361.988 1062.3 -558.288 -452.754 1046.13 -417.079 -481.741 959.374 -417.079 -460.407 962.56 -395.679 -458.582 950.34 -395.679 -16.1308 1016.42 -417.079 -17.9557 1028.64 -417.079 1.41881e-10 1031.32
element 49
  poly 0: -0.0012207 -230.618 1265.33 -0.0012207 -304.529 1254.29 -21.4013 -302.704 1242.07 -21.4013 -228.793 1253.11 -0.0012207 -230.618 1265.33
  poly 1: 21.3989 -228.793 1253.11 21.3989 -302.704 1242.07 -0.0012207 -300.879 1229.85 -0.0012207 -226.968 1240.89 21.3989 -228.793 1253.11
  poly 2: -368.471 1.41881e-10 1084.68 -391.561 1.41881e-10 1071.2 -385.629 -10.7001 1073.06 -400.414 -10.7001 1064.43 -395.873 1.41881e-10 1068.68 -417.079 1.41881e-10 1056.3 -417.079 -21.6055 1053.08 -416.865 -21.6238 1053.2 -417.079 -169.089 1031.05 -443.829 -166.808 1015.78 -459.879 -183.875 1003.86 -459.879 -294.488 987.338 -443.829 -314.292 993.75 -417.079 -316.573 1009.03 -416.865 -464.075 987.122 -417.079 -464.057 987 -417.079 -482.283 984.278 -297.408 -457.717 1057.81 -292.754 -363.136 1074.65 -271.404 -366.321 1086.63 -275.682 -453.257 1071.15 -0.0012207 -396.666 1240.53 -0.0012207 -378.439 1243.26 21.3989 -380.264 1255.48 21.3989 -158.532 1288.59 -0.0012207 -156.708 1276.37 -0.0012207 -138.482 1279.09 -156.385 -79.7083 1196.58 -154.441 -122.177 1191.37 -175.797 -121.636 1178.99 -178.09 -71.5511 1185.13 -368.471 1.41881e-10 1084.68
  poly 3: -350.483 1.41881e-10 1070.19 -380.683 1.41881e-10 1052.56 -374.751 -10.7001 1054.43 -389.536 -10.7001 1045.8 -384.995 1.41881e-10 1050.05 -417.079 1.41881e-10 1031.32 -417.079 -17.9557 1028.64 -395.679 -19.7806 1040.86 -395.679 -167.264 1018.83 -422.429 -164.983 1003.56 -438.479 -182.05 991.637 -438.479 -292.663 975.119 -422.429 -312.467 981.53 -395.679 -314.748 996.805 -395.679 -462.232 974.78 -417.079 -460.407 962.56 -417.079 -481.741 959.374 -275.87 -452.754 1046.13 -271.404 -361.988 1062.3 -250.054 -365.173 1074.28 -254.144 -448.294 1059.48 -0.0012207 -396.124 1215.63 -0.0012207 -374.789 1218.82 42.799 -378.439 1243.26 42.799 -156.708 1276.37 -0.0012207 -153.058 1251.93 -0.0012207 -131.722 1255.12 -134.855 -81.0397 1183.96 -133.085 -119.709 1179.22 -154.441 -119.169 1166.84 -156.56 -72.8824 1172.51 -350.483 1.41881e-10 1070.19
element 50
  poly 0: 438.477 -167.264 1018.83 438.477 -314.748 996.805 417.076 -316.573 1009.03 417.076 -169.089 1031.05 438.477 -167.264 1018.83
  poly 1: 417.076 -165.439 1006.61 417.076 -312.923 984.585 395.676 -314.748 996.805 395.676 -167.264 1018.83 417.076 -165.439 1006.61
  poly 2: 417.076 1.41881e-10 1056.3 395.871 1.41881e-10 1068.68 400.411 -10.7001 1064.43 385.626 -10.7001 1073.06 391.558 1.41881e-10 1071.2 368.468 1.41881e-10 1084.68 178.087 -71.5511 1185.13 175.794 -121.636 1178.99 154.438 -122.177 1191.37 156.383 -79.7083 1196.58 -0.0012207 -138.482 1279.09 -0.0012207 -156.708 1276.37 21.3989 -154.883 1264.15 21.3989 -228.793 1253.11 -5.35125 -231.074 1268.39 -21.4013 -241.682 1276.17 -21.4013 -297.115 1267.89 -5.35125 -304.985 1257.35 21.3989 -302.704 1242.07 21.3989 -376.614 1231.04 -0.0012207 -378.439 1243.26 -0.0012207 -396.666 1240.53 275.679 -453.257 1071.15 271.402 -366.321 1086.63 292.752 -363.136 1074.65 297.405 -457.717 1057.81 417.076 -482.283 984.278 417.076 -464.057 987 459.877 -460.407 962.56 459.877 -17.9557 1028.64 417.076 -21.6055 1053.08 417.076 1.41881e-10 1056.3
  poly 3: 417.076 1.41881e-10 1031.32 384.993 1.41881e-10 1050.05 389.533 -10.7001 1045.8 374.748 -10.7001 1054.43 380.68 1.41881e-10 1052.56 350.481 1.41881e-10 1070.19 156.557 -72.8824 1172.51 154.438 -119.169 1166.84 133.082 -119.709 1179.22 134.853 -81.0397 1183.96 -0.0012207 -131.722 1255.12 -0.0012207 -153.058 1251.93 0.21278 -153.039 1251.81 -0.0012207 -226.968 1240.89 -26.7514 -229.249 1256.17 -42.8015 -239.857 1263.95 -42.8015 -295.29 1255.67 -26.7514 -303.16 1245.13 -0.0012207 -300.879 1229.85 0.21278 -374.771 1218.69 -0.0012207 -374.789 1218.82 -0.0012207 -396.124 1215.63 254.142 -448.294 1059.48 250.052 -365.173 1074.28 271.402 -361.988 1062.3 275.868 -452.754 1046.13 417.076 -481.741 959.374 417.076 -460.407 962.56 438.477 -458.582 950.34 438.477 -16.1308 1016.42 417.076 -17.9557 1028.64 417.076 1.41881e-10 1031.32
element 51
  poly 0: 465.685 1.41881e-10 1084.68 442.595 1.41881e-10 1071.2 448.527 -10.7001 1073.06 433.742 -10.7001 1064.43 438.282 1.41881e-10 1068.68 417.076 1.41881e-10 1056.3 417.076 -21.6055 1053.08 417.29 -21.6238 1053.2 417.076 -169.089 1031.05 390.326 -166.808 1015.78 374.276 -183.875 1003.86 374.276 -294.488 987.339 390.326 -314.292 993.75 417.076 -316.573 1009.03 417.29 -464.075 987.122 417.076 -464.057 987 417.076 -482.283 984.278 536.748 -457.717 1057.81 541.402 -363.136 1074.65 562.752 -366.321 1086.63 558.474 -453.257 1071.15 834.156 -396.666 1240.53 834.156 -138.482 1279.09 677.772 -79.7083 1196.58 679.716 -122.177 1191.37 658.36 -121.636 1178.99 656.067 -71.5511 1185.13 465.685 1.41881e-10 1084.68
  poly 1: 483.672 1.41881e-10 1070.19 453.473 1.41881e-10 1052.56 459.405 -10.7001 1054.43 444.62 -10.7001 1045.8 449.16 1.41881e-10 1050.05 417.076 1.41881e-10 1031.32 417.076 -17.9557 1028.64 438.477 -19.7806 1040.86 438.477 -167.264 1018.83 411.726 -164.983 1003.56 395.676 -182.05 991.637 395.676 -292.663 975.119 411.726 -312.467 981.53 438.477 -314.748 996.805 438.477 -462.232 974.78 417.076 -460.407 962.56 417.076 -481.741 959.374 558.286 -452.754 1046.13 562.752 -361.988 1062.3 584.102 -365.173 1074.28 580.012 -448.294 1059.48 834.156 -396.124 1215.63 834.156 -131.722 1255.12 699.302 -81.0397 1183.96 701.072 -119.709 1179.22 679.716 -119.169 1166.84 677.597 -72.8824 1172.51 483.672 1.41881e-10 1070.19
element 52
  poly 0: -395.679 -573.435 1117.02 -395.679 -420.268 1148.74 -417.079 -417.763 1136.64 -417.079 -570.929 1104.92 -395.679 -573.435 1117.02
  poly 1: -417.079 -575.94 1129.12 -417.079 -422.773 1160.83 -438.479 -420.268 1148.74 -438.479 -573.435 1117.02 -417.079 -575.94 1129.12
  poly 2: -417.079 -246.551 1172.09 -417.079 -264.596 1168.35 -374.279 -269.606 1192.55 -374.279 -729.107 1097.4 -417.079 -724.096 1073.2 -417.079 -742.142 1069.47 -660.951 -643.435 946.12 -658.363 -594.35 957.81 -679.707 -590.422 946.039 -682.051 -634.895 935.447 -834.156 -573.331 858.514 -834.156 -317.706 911.447 -567.173 -272.158 1078.29 -562.754 -361.988 1062.3 -541.404 -363.136 1074.65 -546.057 -268.555 1091.49 -417.079 -246.551 1172.09
  poly 3: -417.079 -248.482 1196.92 -417.079 -269.606 1192.55 -395.679 -272.112 1204.65 -395.679 -731.612 1109.5 -417.079 -729.107 1097.4 -417.079 -750.23 1093.03 -682.173 -642.934 958.946 -679.707 -596.149 970.088 -701.051 -592.221 958.317 -703.274 -634.394 948.273 -834.156 -581.419 882.074 -834.156 -319.639 936.281 -588.407 -277.712 1089.86 -584.103 -365.172 1074.28 -562.753 -366.321 1086.63 -567.29 -274.11 1103.05 -417.079 -248.482 1196.92
element 53
  poly 0: -0.0012207 -482.107 877.404 -0.0012207 -408.93 892.557 -21.4012 -411.435 904.656 -21.4012 -484.613 889.503 -0.0012207 -482.107 877.404
  poly 1: 21.3987 -484.613 889.503 21.3987 -411.435 904.656 -0.0012207 -413.94 916.754 -0.0012207 -487.118 901.601 21.3987 -484.613 889.503
  poly 2: -0.0012207 -317.706 911.447 -0.0012207 -335.752 907.71 21.3987 -333.247 895.611 21.3987 -552.78 850.153 -0.0012207 -555.285 862.251 -0.0012207 -573.331 858.514 -152.106 -634.895 935.447 -154.451 -590.422 946.039 -175.795 -594.35 957.81 -173.207 -643.435 946.12 -417.079 -742.142 1069.47 -417.079 -724.096 1073.2 -416.865 -724.071 1073.08 -417.079 -570.929 1104.92 -443.829 -574.061 1120.04 -459.879 -556.794 1133.08 -459.879 -441.919 1156.87 -443.829 -420.894 1151.76 -417.079 -417.763 1136.64 -416.865 -264.571 1168.23 -417.079 -264.596 1168.35 -417.079 -246.551 1172.09 -288.101 -268.555 1091.49 -292.754 -363.136 1074.65 -271.404 -361.988 1062.3 -266.984 -272.158 1078.29 -0.0012207 -317.706 911.447
  poly 3: -0.0012207 -319.639 936.281 -0.0012207 -340.762 931.907 42.7987 -335.752 907.71 42.7987 -555.285 862.251 -0.0012207 -560.296 886.448 -0.0012207 -581.419 882.074 -130.884 -634.394 948.273 -133.107 -592.221 958.317 -154.451 -596.149 970.088 -151.984 -642.934 958.946 -417.079 -750.23 1093.03 -417.079 -729.107 1097.4 -395.679 -726.601 1085.3 -395.679 -573.435 1117.02 -422.429 -576.566 1132.14 -438.479 -559.299 1145.18 -438.479 -444.424 1168.97 -422.429 -423.399 1163.86 -395.679 -420.268 1148.74 -395.679 -267.101 1180.45 -417.079 -269.606 1192.55 -417.079 -248.485 1196.92 -266.867 -274.11 1103.05 -271.404 -366.321 1086.63 -250.054 -365.173 1074.28 -245.751 -277.712 1089.86 -0.0012207 -319.639 936.281
element 54
  poly 0: 438.476 -573.435 1117.02 438.476 -420.268 1148.74 417.076 -417.763 1136.64 417.076 -570.929 1104.92 438.476 -573.435 1117.02
  poly 1: 417.076 -575.94 1129.12 417.076 -422.773 1160.83 395.676 -420.268 1148.74 395.676 -573.435 1117.02 417.076 -575.94 1129.12
  poly 2: 417.076 -246.551 1172.09 417.076 -264.596 1168.35 459.876 -269.606 1192.55 459.876 -729.107 1097.4 417.076 -724.096 1073.2 417.076 -742.142 1069.47 173.205 -643.435 946.12 175.792 -594.35 957.81 154.448 -590.422 946.039 152.104 -634.895 935.447 -0.0012207 -573.331 858.514 -0.0012207 -555.285 862.251 21.3987 -557.79 874.35 21.3987 -484.613 889.503 -5.35121 -481.481 874.379 -21.4012 -470.455 867.2 -21.4012 -415.572 878.564 -5.35121 -408.303 889.532 21.3987 -411.435 904.656 21.3987 -338.257 919.808 -0.0012207 -335.752 907.71 -0.0012207 -317.706 911.447 266.982 -272.158 1078.29 271.402 -361.988 1062.3 292.752 -363.136 1074.65 288.098 -268.555 1091.49 417.076 -246.551 1172.09
  poly 3: 417.076 -248.482 1196.92 417.076 -269.606 1192.55 438.476 -272.112 1204.65 438.476 -731.612 1109.5 417.076 -729.107 1097.4 417.076 -750.23 1093.03 151.982 -642.934 958.946 154.448 -596.149 970.088 133.104 -592.221 958.317 130.881 -634.394 948.273 -0.0012207 -581.419 882.074 -0.0012207 -560.296 886.448 0.212779 -560.321 886.569 -0.0012207 -487.118 901.601 -26.7512 -483.986 886.478 -42.8011 -472.96 879.298 -42.8011 -418.077 890.663 -26.7512 -410.809 901.631 -0.0012207 -413.94 916.754 0.212779 -340.787 932.028 -0.0012207 -340.762 931.907 -0.0012207 -319.637 936.282 245.749 -277.712 1089.86 250.052 -365.172 1074.28 271.402 -366.321 1086.63 266.865 -274.11 1103.05 417.076 -248.482 1196.92
element 55
  poly 0: 834.156 -317.706 911.447 834.156 -573.331 858.514 682.05 -634.895 935.447 679.706 -590.422 946.039 658.362 -594.35 957.81 660.95 -643.435 946.12 417.076 -742.142 1069.47 417.076 -724.096 1073.2 417.29 -724.071 1073.08 417.076 -570.929 1104.92 390.326 -574.061 1120.04 374.276 -556.794 1133.08 374.276 -441.919 1156.87 390.326 -420.894 1151.76 417.076 -417.763 1136.64 417.29 -264.571 1168.23 417.076 -264.596 1168.35 417.076 -246.551 1172.09 546.055 -268.555 1091.49 541.402 -363.136 1074.65 562.752 -361.988 1062.3 567.172 -272.158 1078.29 834.156 -317.706 911.447
  poly 1: 834.156 -319.639 936.281 834.156 -581.419 882.074 703.273 -634.394 948.273 701.05 -592.221 958.317 679.706 -596.149 970.088 682.172 -642.934 958.946 417.076 -750.23 1093.03 417.076 -729.107 1097.4 438.476 -726.601 1085.3 438.476 -573.435 1117.02 411.726 -576.566 1132.14 395.676 -559.299 1145.18 395.676 -444.424 1168.97 411.726 -423.399 1163.86 438.476 -420.268 1148.74 438.476 -267.101 1180.45 417.076 -269.606 1192.55 417.076 -248.485 1196.92 567.289 -274.11 1103.05 562.752 -366.321 1086.63 584.102 -365.173 1074.28 588.405 -277.712 1089.86 834.156 -319.639 936.281
element 56
  poly 0: -395.679 -166.126 1327.07 -395.679 -93.017 1334.09 -417.079 -91.8356 1321.79 -417.079 -164.944 1314.77 -395.679 -166.126 1327.07
  poly 1: -417.079 -167.307 1339.37 -417.079 -94.1984 1346.39 -438.479 -93.017 1334.09 -438.479 -166.126 1327.07 -417.079 -167.307 1339.37
  poly 2: -834.156 1.41875e-10 1088.71 -718.01 1.45932e-10 1156.07 -722.808 -10.7 1152.26 -707.999 -10.7 1160.85 -713.69 1.46083e-10 1158.58 -526.771 1.52612e-10 1266.99 -531.57 -10.7 1263.18 -516.761 -10.7 1271.77 -522.452 1.52763e-10 1269.5 -417.079 1.56443e-10 1330.62 -417.079 -18.7269 1328.82 -374.279 -21.0898 1353.41 -374.279 -240.416 1332.35 -417.079 -238.053 1307.75 -417.079 -256.397 1305.99 -660.654 -171.721 1172.85 -658.361 -121.636 1178.99 -679.717 -119.169 1166.84 -681.787 -164.374 1161.29 -834.156 -111.404 1078.01 -834.156 1.41875e-10 1088.71
  poly 3: -834.156 1.45513e-10 1113.53 -728.783 1.49193e-10 1174.65 -733.582 -10.7 1170.84 -718.773 -10.7 1179.43 -724.464 1.49344e-10 1177.15 -537.545 1.55873e-10 1285.57 -542.344 -10.7 1281.76 -527.535 -10.7 1290.35 -533.226 1.56024e-10 1288.07 -417.079 1.60081e-10 1355.44 -417.079 -21.0898 1353.41 -395.679 -22.2712 1365.71 -395.679 -241.597 1344.65 -417.079 -240.416 1332.35 -417.079 -261.888 1330.28 -681.899 -169.828 1185.53 -679.717 -122.177 1191.37 -701.073 -119.709 1179.22 -703.031 -162.481 1173.98 -834.156 -116.898 1102.3 -834.156 1.45513e-10 1113.53
element 57
  poly 0: -0.0012207 -68.2832 1082.15 -0.0012207 -43.5051 1084.53 -21.4013 -44.6865 1096.83 -21.4013 -69.4646 1094.45 -0.0012207 -68.2832 1082.15
  poly 1: 21.3988 -69.4646 1094.45 21.3988 -44.6865 1096.83 -0.0012207 -45.8679 1109.13 -0.0012207 -70.646 1106.75 21.3988 -69.4646 1094.45
  poly 2: -417.079 1.5644e-10 1330.62 -311.706 1.5276e-10 1269.5 -317.397 -10.7 1271.77 -302.588 -10.7 1263.18 -307.386 1.52609e-10 1266.99 -120.468 1.4608e-10 1158.58 -126.159 -10.7 1160.85 -111.349 -10.7 1152.26 -116.148 1.45929e-10 1156.07 -0.0012207 1.41872e-10 1088.71 -0.0012207 -18.7269 1086.91 21.3988 -17.5455 1074.61 21.3988 -91.8799 1067.47 -0.0012207 -93.0613 1079.77 -0.0012207 -111.404 1078.01 -152.371 -164.374 1161.29 -154.441 -119.169 1166.84 -175.797 -121.636 1178.99 -173.504 -171.721 1172.85 -417.079 -256.397 1305.99 -417.079 -238.053 1307.75 -416.865 -238.041 1307.63 -417.079 -164.944 1314.77 -443.829 -166.421 1330.15 -459.879 -158.168 1340.25 -459.879 -103.337 1345.51 -443.829 -93.3123 1337.17 -417.079 -91.8356 1321.79 -416.865 -18.7151 1328.69 -417.079 -18.7269 1328.82 -417.079 1.5644e-10 1330.62
  poly 3: -417.079 1.6008e-10 1355.44 -300.932 1.56023e-10 1288.07 -306.623 -10.7 1290.35 -291.814 -10.7 1281.76 -296.613 1.55872e-10 1285.57 -109.694 1.49343e-10 1177.15 -115.385 -10.7 1179.43 -100.575 -10.7 1170.84 -105.374 1.49192e-10 1174.65 -0.0012207 1.45512e-10 1113.53 -0.0012207 -21.0898 1111.51 42.7989 -18.7269 1086.91 42.7989 -93.0613 1079.77 -0.0012207 -95.4241 1104.37 -0.0012207 -116.898 1102.3 -131.127 -162.481 1173.98 -133.085 -119.709 1179.22 -154.441 -122.177 1191.37 -152.259 -169.828 1185.53 -417.079 -261.888 1330.28 -417.079 -240.416 1332.35 -395.679 -239.234 1320.05 -395.679 -166.126 1327.07 -422.429 -167.602 1342.44 -438.479 -159.35 1352.55 -438.479 -104.518 1357.81 -422.429 -94.4937 1349.47 -395.679 -93.017 1334.09 -395.679 -19.9084 1341.12 -417.079 -21.0898 1353.41 -417.079 1.6008e-10 1355.44
element 58
  poly 0: 438.477 -166.126 1327.07 438.477 -93.017 1334.09 417.076 -91.8356 1321.79 417.076 -164.944 1314.77 438.477 -166.126 1327.07
  poly 1: 417.076 -167.307 1339.37 417.076 -94.1984 1346.39 395.676 -93.017 1334.09 395.676 -166.126 1327.07 417.076 -167.307 1339.37
  poly 2: -0.0012207 1.41873e-10 1088.71 116.146 1.4593e-10 1156.07 111.347 -10.7 1152.26 126.156 -10.7 1160.85 120.465 1.46081e-10 1158.58 307.384 1.5261e-10 1266.99 302.585 -10.7 1263.18 317.394 -10.7 1271.77 311.703 1.52761e-10 1269.5 417.076 1.56441e-10 1330.62 417.076 -18.7269 1328.82 459.877 -21.0898 1353.41 459.877 -240.416 1332.35 417.076 -238.053 1307.75 417.076 -256.397 1305.99 173.501 -171.721 1172.85 175.794 -121.636 1178.99 154.438 -119.169 1166.84 152.369 -164.374 1161.29 -0.0012207 -111.404 1078.01 -0.0012207 -93.0613 1079.77 21.3988 -94.2427 1092.07 21.3988 -69.4646 1094.45 -5.35123 -67.9878 1079.07 -21.4013 -64.0045 1070.15 -21.4013 -45.4209 1071.93 -5.35123 -43.2097 1081.45 21.3988 -44.6865 1096.83 21.3988 -19.9084 1099.21 -0.0012207 -18.7269 1086.91 -0.0012207 1.41873e-10 1088.71
  poly 3: -0.0012207 1.45511e-10 1113.53 105.372 1.49191e-10 1174.65 100.573 -10.7 1170.84 115.382 -10.7 1179.43 109.691 1.49342e-10 1177.15 296.61 1.55871e-10 1285.57 291.811 -10.7 1281.76 306.621 -10.7 1290.35 300.929 1.56022e-10 1288.07 417.076 1.60079e-10 1355.44 417.076 -21.0898 1353.41 438.477 -22.2712 1365.71 438.477 -241.597 1344.65 417.076 -240.416 1332.35 417.076 -261.888 1330.28 152.257 -169.828 1185.53 154.438 -122.177 1191.37 133.082 -119.709 1179.22 131.124 -162.481 1173.98 -0.0012207 -116.898 1102.3 -0.0012207 -95.4241 1104.37 0.21278 -95.4359 1104.49 -0.0012207 -70.646 1106.75 -26.7513 -69.1692 1091.37 -42.8013 -65.1859 1082.45 -42.8013 -46.6023 1084.23 -26.7513 -44.3911 1093.75 -0.0012207 -45.8679 1109.13 0.21278 -21.1016 1111.63 -0.0012207 -21.0898 1111.51 -0.0012207 1.45511e-10 1113.53
element 59
  poly 0: 417.076 1.56443e-10 1330.62 522.451 1.52763e-10 1269.5 516.759 -10.7001 1271.77 531.569 -10.7001 1263.18 526.77 1.52612e-10 1266.99 713.689 1.46083e-10 1158.58 707.998 -10.7001 1160.85 722.807 -10.7001 1152.26 718.008 1.45932e-10 1156.07 834.156 1.41875e-10 1088.71 834.156 -111.404 1078.01 681.786 -164.374 1161.29 679.716 -119.169 1166.84 658.36 -121.636 1178.99 660.653 -171.721 1172.85 417.076 -256.397 1305.99 417.076 -238.053 1307.75 417.29 -238.041 1307.63 417.076 -164.944 1314.77 390.326 -166.421 1330.15 374.276 -158.168 1340.25 374.276 -103.337 1345.51 390.326 -93.3123 1337.17 417.076 -91.8356 1321.79 417.29 -18.7151 1328.69 417.076 -18.7269 1328.82 417.076 1.56443e-10 1330.62
  poly 1: 417.076 1.60081e-10 1355.44 533.224 1.56024e-10 1288.07 527.533 -10.7001 1290.35 542.343 -10.7001 1281.76 537.544 1.55873e-10 1285.57 724.463 1.49344e-10 1177.15 718.772 -10.7001 1179.43 733.581 -10.7001 1170.84 728.782 1.49193e-10 1174.65 834.156 1.45513e-10 1113.53 834.156 -116.898 1102.3 703.03 -162.481 1173.98 701.072 -119.709 1179.22 679.716 -122.177 1191.37 681.898 -169.828 1185.53 417.076 -261.888 1330.28 417.076 -240.416 1332.35 438.477 -239.234 1320.05 438.477 -166.126 1327.07 411.726 -167.602 1342.44 395.676 -159.35 1352.55 395.676 -104.518 1357.81 411.726 -94.4937 1349.47 438.477 -93.017 1334.09 438.477 -19.9084 1341.12 417.076 -21.0898 1353.41 417.076 1.60081e-10 1355.44
element 60
  poly 0: -395.678 2362.21 -1172.4 -395.678 2264.86 -1049.98 -417.079 2274.53 -1042.29 -417.079 2371.88 -1164.71 -395.678 2362.21 -1172.4
  poly 1: -417.079 2352.54 -1180.09 -417.079 2255.19 -1057.67 -438.479 2264.86 -1049.98 -438.479 2362.21 -1172.4 -417.079 2352.54 -1180.09
  poly 2: -417.079 2480.71 -1301.56 -536.92 2512.95 -1230.94 -541.287 2455.12 -1154.16 -562.643 2465.57 -1147.5 -558.624 2518.79 -1218.15 -834.156 2592.92 -1055.78 -834.156 2430.43 -851.462 -677.767 2331.17 -871.704 -679.834 2358.65 -904.35 -658.484 2349.86 -913.102 -656.041 2317.38 -874.516 -417.079 2165.7 -905.444 -417.079 2177.17 -919.867 -374.278 2157.83 -935.248 -374.278 2449.9 -1302.52 -417.079 2469.24 -1287.14 -417.079 2480.71 -1301.56
  poly 3: -417.079 2463.33 -1319.4 -558.449 2501.36 -1236.09 -562.643 2445.83 -1162.37 -583.999 2456.29 -1155.71 -580.154 2507.2 -1223.3 -834.156 2575.53 -1073.62 -834.156 2409.13 -864.383 -699.305 2323.54 -881.835 -701.184 2348.53 -911.519 -679.834 2339.74 -920.271 -677.578 2309.75 -884.647 -417.079 2144.4 -918.364 -417.079 2157.83 -935.248 -395.678 2148.16 -942.938 -395.678 2440.23 -1310.21 -417.079 2449.9 -1302.52 -417.079 2463.33 -1319.4
element 61
  poly 0: -0.0012207 2534.93 -982.865 -0.0012207 2488.42 -924.375 -21.4018 2478.75 -932.066 -21.4018 2525.26 -990.555 -0.0012207 2534.93 -982.865
  poly 1: 21.3994 2525.26 -990.555 21.3994 2478.75 -932.066 -0.0012207 2469.08 -939.756 -0.0012207 2515.59 -998.246 21.3994 2525.26 -990.555
  poly 2: -0.0012207 2592.92 -1055.78 -275.534 2518.79 -1218.15 -271.515 2465.57 -1147.5 -292.87 2455.12 -1154.16 -297.238 2512.95 -1230.94 -417.079 2480.71 -1301.56 -417.079 2469.24 -1287.14 -416.865 2469.34 -1287.06 -417.079 2371.88 -1164.71 -443.83 2359.8 -1174.33 -459.88 2340.37 -1164.79 -459.88 2267.35 -1072.97 -443.83 2262.44 -1051.9 -417.079 2274.53 -1042.29 -416.865 2177.27 -919.79 -417.079 2177.17 -919.867 -417.079 2165.7 -905.444 -178.117 2317.38 -874.516 -175.674 2349.86 -913.102 -154.323 2358.65 -904.35 -156.391 2331.17 -871.704 -0.0012207 2430.43 -851.462 -0.0012207 2441.9 -865.886 21.3994 2451.57 -858.195 21.3994 2591.12 -1033.66 -0.0012207 2581.45 -1041.35 -0.0012207 2592.92 -1055.78
  poly 3: -0.0012207 2575.53 -1073.62 -254.003 2507.2 -1223.3 -250.158 2456.28 -1155.71 -271.514 2445.83 -1162.37 -275.708 2501.36 -1236.09 -417.079 2463.33 -1319.4 -417.079 2449.9 -1302.52 -395.678 2459.57 -1294.83 -395.678 2362.21 -1172.4 -422.429 2350.12 -1182.02 -438.479 2330.7 -1172.48 -438.479 2257.68 -1080.66 -422.429 2252.77 -1059.59 -395.678 2264.86 -1049.98 -395.678 2167.5 -927.557 -417.079 2157.83 -935.248 -417.079 2144.4 -918.364 -156.579 2309.75 -884.648 -154.323 2339.74 -920.272 -132.973 2348.53 -911.52 -134.852 2323.54 -881.836 -0.0012207 2409.13 -864.383 -0.0012207 2422.56 -881.267 42.8 2441.9 -865.886 42.8 2581.45 -1041.35 -0.0012207 2562.1 -1056.74 -0.0012207 2575.53 -1073.62
element 62
  poly 0: 438.477 2362.21 -1172.4 438.477 2264.86 -1049.98 417.076 2274.53 -1042.29 417.076 2371.88 -1164.71 438.477 2362.21 -1172.4
  poly 1: 417.076 2352.54 -1180.09 417.076 2255.19 -1057.67 395.676 2264.86 -1049.98 395.676 2362.21 -1172.4 417.076 2352.54 -1180.09
  poly 2: 417.076 2480.71 -1301.56 297.236 2512.95 -1230.94 292.868 2455.12 -1154.16 271.512 2465.57 -1147.5 275.531 2518.79 -1218.15 -0.0012207 2592.92 -1055.78 -0.0012207 2581.45 -1041.35 21.3994 2571.77 -1049.04 21.3994 2525.26 -990.555 -5.35137 2537.35 -980.942 -21.4018 2538.79 -967.863 -21.4018 2503.9 -923.996 -5.35137 2490.83 -922.452 21.3994 2478.75 -932.066 21.3994 2432.23 -873.576 -0.0012207 2441.9 -865.886 -0.0012207 2430.43 -851.462 156.388 2331.17 -871.704 154.321 2358.65 -904.35 175.671 2349.86 -913.102 178.115 2317.38 -874.516 417.076 2165.7 -905.444 417.076 2177.17 -919.867 459.878 2157.83 -935.248 459.878 2449.9 -1302.52 417.076 2469.24 -1287.14 417.076 2480.71 -1301.56
  poly 3: 417.076 2463.33 -1319.4 275.706 2501.36 -1236.09 271.512 2445.83 -1162.37 250.157 2456.29 -1155.71 254.002 2507.2 -1223.3 -0.0012207 2575.53 -1073.62 -0.0012207 2562.1 -1056.74 0.212785 2562.01 -1056.81 -0.0012207 2515.59 -998.246 -26.752 2527.68 -988.633 -42.8025 2529.12 -975.553 -42.8025 2494.23 -931.686 -26.752 2481.16 -930.143 -0.0012207 2469.08 -939.756 0.212785 2422.47 -881.344 -0.0012207 2422.56 -881.267 -0.0012207 2409.13 -864.382 134.851 2323.54 -881.835 132.971 2348.53 -911.519 154.321 2339.74 -920.271 156.577 2309.75 -884.647 417.076 2144.4 -918.364 417.076 2157.83 -935.248 438.477 2148.16 -942.938 438.477 2440.23 -1310.21 417.076 2449.9 -1302.52 417.076 2463.33 -1319.4
element 63
  poly 0: 834.156 2592.92 -1055.78 558.622 2518.79 -1218.15 562.641 2465.57 -1147.5 541.286 2455.12 -1154.16 536.918 2512.95 -1230.94 417.076 2480.71 -1301.56 417.076 2469.24 -1287.14 417.29 2469.34 -1287.06 417.076 2371.88 -1164.71 390.326 2359.8 -1174.33 374.275 2340.37 -1164.79 374.275 2267.35 -1072.97 390.326 2262.44 -1051.9 417.076 2274.53 -1042.29 417.29 2177.27 -919.79 417.076 2177.17 -919.867 417.076 2165.7 -905.444 656.04 2317.38 -874.516 658.483 2349.86 -913.102 679.833 2358.65 -904.35 677.766 2331.17 -871.704 834.156 2430.43 -851.462 834.156 2592.92 -1055.78
  poly 1: 834.156 2575.53 -1073.62 580.153 2507.2 -1223.3 583.998 2456.28 -1155.71 562.642 2445.83 -1162.37 558.448 2501.36 -1236.09 417.076 2463.33 -1319.4 417.076 2449.9 -1302.52 438.477 2459.57 -1294.83 438.477 2362.21 -1172.4 411.726 2350.13 -1182.02 395.676 2330.7 -1172.48 395.676 2257.68 -1080.66 411.726 2252.77 -1059.59 438.477 2264.86 -1049.98 438.477 2167.5 -927.557 417.076 2157.83 -935.248 417.076 2144.4 -918.364 677.578 2309.75 -884.648 679.834 2339.74 -920.272 701.184 2348.53 -911.52 699.305 2323.54 -881.836 834.156 2409.13 -864.383 834.156 2575.53 -1073.62
element 64
  poly 0: -395.679 2534.46 -1120.63 -395.679 2612.36 -1229.89 -417.079 2602.3 -1237.07 -417.079 2524.4 -1127.8 -395.679 2534.46 -1120.63
  poly 1: -417.079 2544.52 -1113.46 -417.079 2622.42 -1222.72 -438.479 2612.36 -1229.89 -438.479 2534.46 -1120.63 -417.079 2544.52 -1113.46
  poly 2: -417.079 2686.69 -1355.44 -417.079 2680.19 -1346.33 -374.279 2700.31 -1331.98 -374.279 2466.62 -1004.2 -417.079 2446.5 -1018.54 -417.079 2435.8 -1003.54 -545.655 2397.28 -1077.39 -541.287 2455.12 -1154.16 -562.643 2445.83 -1162.37 -566.788 2390.95 -1089.52 -834.156 2310.86 -1243.09 -834.156 2390.96 -1355.44 -417.079 2686.69 -1355.44
  poly 3: -417.079 2717.04 -1355.44 -417.079 2700.31 -1331.98 -395.679 2710.37 -1324.81 -395.679 2476.68 -997.024 -417.079 2466.62 -1004.2 -417.079 2454.09 -986.631 -566.899 2409.21 -1072.68 -562.642 2465.57 -1147.5 -583.999 2456.28 -1155.71 -588.032 2402.88 -1084.82 -834.156 2329.15 -1226.19 -834.156 2421.3 -1355.44 -417.079 2717.04 -1355.44
element 65
  poly 0: -0.0012207 2342.52 -1287.51 -0.0012207 2363.49 -1316.92 -21.4009 2373.55 -1309.75 -21.4009 2352.58 -1280.34 -0.0012207 2342.52 -1287.51
  poly 1: 21.3985 2352.58 -1280.34 21.3985 2373.55 -1309.75 -0.0012207 2383.61 -1302.57 -0.0012207 2362.64 -1273.16 21.3985 2352.58 -1280.34
  poly 2: -0.0012207 2390.96 -1355.44 -0.0012207 2384.46 -1346.33 21.3985 2374.4 -1353.5 21.3985 2311.5 -1265.27 -0.0012207 2321.56 -1258.1 -0.0012207 2310.86 -1243.09 -267.37 2390.95 -1089.52 -271.514 2445.83 -1162.37 -292.87 2455.12 -1154.16 -288.503 2397.28 -1077.39 -417.079 2435.8 -1003.54 -417.079 2446.5 -1018.54 -416.865 2446.4 -1018.61 -417.079 2524.4 -1127.8 -443.829 2536.97 -1118.84 -459.878 2554.25 -1127.12 -459.878 2612.68 -1209.06 -443.829 2614.87 -1228.1 -417.079 2602.3 -1237.07 -416.865 2680.09 -1346.4 -417.079 2680.19 -1346.33 -417.079 2686.69 -1355.44 -0.0012207 2390.96 -1355.44
  poly 3: -0.0012207 2421.3 -1355.44 -0.0012207 2404.58 -1331.98 42.7982 2384.46 -1346.33 42.7982 2321.56 -1258.1 -0.0012207 2341.68 -1243.75 -0.0012207 2329.15 -1226.19 -246.125 2402.88 -1084.82 -250.158 2456.28 -1155.71 -271.515 2465.57 -1147.5 -267.258 2409.21 -1072.68 -417.079 2454.09 -986.631 -417.079 2466.62 -1004.2 -395.679 2456.56 -1011.37 -395.679 2534.46 -1120.63 -422.429 2547.03 -1111.67 -438.479 2564.31 -1119.94 -438.479 2622.74 -1201.89 -422.429 2624.93 -1220.93 -395.679 2612.36 -1229.89 -395.679 2690.25 -1339.16 -417.079 2700.31 -1331.98 -417.079 2717.04 -1355.44 -0.0012207 2421.3 -1355.44
element 66
  poly 0: 438.476 2534.46 -1120.63 438.476 2612.36 -1229.89 417.076 2602.3 -1237.07 417.076 2524.4 -1127.8 438.476 2534.46 -1120.63
  poly 1: 417.076 2544.52 -1113.46 417.076 2622.42 -1222.72 395.677 2612.36 -1229.89 395.677 2534.46 -1120.63 417.076 2544.52 -1113.46
  poly 2: 417.076 2686.69 -1355.44 417.076 2680.19 -1346.33 459.876 2700.31 -1331.98 459.876 2466.62 -1004.2 417.076 2446.5 -1018.54 417.076 2435.8 -1003.54 288.5 2397.28 -1077.39 292.868 2455.12 -1154.16 271.512 2445.83 -1162.37 267.367 2390.95 -1089.52 -0.0012207 2310.86 -1243.09 -0.0012207 2321.56 -1258.1 21.3985 2331.62 -1250.93 21.3985 2352.58 -1280.34 -5.35115 2340.01 -1289.3 -21.4009 2335.08 -1298.36 -21.4009 2350.81 -1320.41 -5.35115 2360.98 -1318.71 21.3985 2373.55 -1309.75 21.3985 2394.52 -1339.16 -0.0012207 2384.46 -1346.33 -0.0012207 2390.96 -1355.44 417.076 2686.69 -1355.44
  poly 3: 417.076 2717.04 -1355.44 417.076 2700.31 -1331.98 438.476 2710.37 -1324.81 438.476 2476.68 -997.023 417.076 2466.62 -1004.2 417.076 2454.09 -986.631 267.256 2409.21 -1072.68 271.513 2465.57 -1147.5 250.157 2456.28 -1155.71 246.124 2402.88 -1084.82 -0.0012207 2329.15 -1226.19 -0.0012207 2341.68 -1243.75 0.212777 2341.78 -1243.68 -0.0012207 2362.64 -1273.16 -26.7509 2350.07 -1282.13 -42.8007 2345.14 -1291.18 -42.8007 2360.87 -1313.24 -26.7509 2371.04 -1311.54 -0.0012207 2383.61 -1302.57 0.212777 2404.68 -1331.91 -0.0012207 2404.58 -1331.98 -0.0012207 2421.3 -1355.44 417.076 2717.04 -1355.44
element 67
  poly 0: 834.156 2390.96 -1355.44 834.156 2310.86 -1243.09 566.786 2390.95 -1089.52 562.642 2445.83 -1162.37 541.286 2455.12 -1154.16 545.653 2397.28 -1077.39 417.076 2435.8 -1003.54 417.076 2446.5 -1018.54 417.29 2446.4 -1018.61 417.076 2524.4 -1127.8 390.327 2536.97 -1118.84 374.277 2554.25 -1127.12 374.277 2612.68 -1209.06 390.327 2614.87 -1228.1 417.076 2602.3 -1237.07 417.29 2680.09 -1346.4 417.076 2680.19 -1346.33 417.076 2686.69 -1355.44 834.156 2390.96 -1355.44
  poly 1: 834.156 2421.3 -1355.44 834.156 2329.15 -1226.19 588.031 2402.88 -1084.82 583.998 2456.28 -1155.71 562.642 2465.57 -1147.5 566.898 2409.21 -1072.68 417.076 2454.09 -986.631 417.076 2466.62 -1004.2 438.476 2456.56 -1011.37 438.476 2534.46 -1120.63 411.726 2547.03 -1111.67 395.677 2564.31 -1119.94 395.677 2622.74 -1201.89 411.726 2624.93 -1220.93 438.476 2612.36 -1229.89 438.476 2690.25 -1339.16 417.076 2700.31 -1331.98 417.076 2717.04 -1355.44 834.156 2421.3 -1355.44
element 68
  poly 0: -395.679 2143.76 -710.071 -395.679 2032.98 -599.647 -417.079 2041.7 -590.896 -417.079 2152.48 -701.32 -395.679 2143.76 -710.071
  poly 1: -417.079 2135.04 -718.822 -417.079 2024.26 -608.397 -438.479 2032.98 -599.647 -438.479 2143.76 -710.071 -417.079 2135.04 -718.822
  poly 2: -417.079 2276.31 -824.755 -536.345 2300.11 -751.251 -541.275 2234.07 -681.404 -562.619 2243.8 -673.706 -558.092 2304.45 -737.848 -834.156 2359.53 -567.709 -834.156 2174.65 -383.418 -677.518 2078.21 -414.982 -679.806 2109.24 -444.044 -658.467 2101.63 -453.851 -655.753 2064.81 -419.367 -417.079 1917.87 -467.462 -417.079 1930.92 -480.472 -374.279 1913.48 -497.973 -374.279 2245.82 -829.246 -417.079 2263.26 -811.745 -417.079 2276.31 -824.755
  poly 3: -417.079 2261.09 -844.475 -557.89 2289.19 -757.693 -562.619 2225.84 -690.691 -583.963 2235.57 -682.994 -579.637 2293.53 -744.29 -834.156 2344.31 -587.429 -834.156 2154.98 -398.7 -699.069 2071.81 -425.922 -701.144 2099.95 -452.281 -679.806 2092.34 -462.088 -677.304 2058.41 -430.308 -417.079 1898.2 -482.744 -417.079 1913.48 -497.973 -395.679 1904.75 -506.723 -395.679 2237.09 -837.997 -417.079 2245.82 -829.246 -417.079 2261.09 -844.475
element 69
  poly 0: -0.0012207 2293.55 -501.942 -0.0012207 2240.63 -449.185 -21.4013 2231.9 -457.935 -21.4013 2284.83 -510.693 -0.0012207 2293.55 -501.942
  poly 1: 21.3989 2284.83 -510.693 21.3989 2231.9 -457.935 -0.0012207 2223.18 -466.686 -0.0012207 2276.11 -519.443 21.3989 2284.83 -510.693
  poly 2: -0.0012207 2359.53 -567.709 -276.066 2304.45 -737.848 -271.539 2243.8 -673.706 -292.883 2234.07 -681.403 -297.813 2300.11 -751.251 -417.079 2276.31 -824.755 -417.079 2263.26 -811.745 -416.865 2263.35 -811.657 -417.079 2152.48 -701.32 -443.829 2141.58 -712.259 -459.879 2121.19 -705.019 -459.879 2038.1 -622.2 -443.829 2030.8 -601.834 -417.079 2041.7 -590.896 -416.865 1931.01 -480.384 -417.079 1930.92 -480.472 -417.079 1917.87 -467.462 -178.405 2064.81 -419.367 -175.69 2101.63 -453.851 -154.352 2109.24 -444.044 -156.64 2078.21 -414.982 -0.0012207 2174.65 -383.418 -0.0012207 2187.7 -396.428 21.3989 2196.42 -387.677 21.3989 2355.2 -545.948 -0.0012207 2346.48 -554.699 -0.0012207 2359.53 -567.709
  poly 3: -0.0012207 2344.31 -587.429 -254.52 2293.53 -744.29 -250.194 2235.57 -682.994 -271.539 2225.84 -690.691 -276.267 2289.19 -757.693 -417.079 2261.09 -844.475 -417.079 2245.82 -829.246 -395.679 2254.54 -820.495 -395.679 2143.76 -710.071 -422.429 2132.86 -721.009 -438.479 2112.47 -713.769 -438.479 2029.38 -630.951 -422.429 2022.08 -610.585 -395.679 2032.98 -599.647 -395.679 1922.2 -489.222 -417.079 1913.48 -497.973 -417.079 1898.2 -482.744 -156.854 2058.41 -430.307 -154.352 2092.34 -462.088 -133.014 2099.95 -452.281 -135.089 2071.81 -425.922 -0.0012207 2154.98 -398.7 -0.0012207 2170.25 -413.929 42.799 2187.7 -396.428 42.799 2346.48 -554.699 -0.0012207 2329.03 -572.2 -0.0012207 2344.31 -587.429
element 70
  poly 0: 438.477 2143.76 -710.071 438.477 2032.98 -599.647 417.076 2041.7 -590.896 417.076 2152.48 -701.32 438.477 2143.76 -710.071
  poly 1: 417.076 2135.04 -718.822 417.076 2024.26 -608.397 395.676 2032.98 -599.647 395.676 2143.76 -710.071 417.076 2135.04 -718.822
  poly 2: 417.076 2276.31 -824.755 297.81 2300.11 -751.251 292.881 2234.07 -681.404 271.536 2243.8 -673.706 276.063 2304.45 -737.848 -0.0012207 2359.53 -567.709 -0.0012207 2346.48 -554.699 21.3989 2337.76 -563.45 21.3989 2284.83 -510.693 -5.35125 2295.73 -499.754 -21.4013 2295.66 -486.597 -21.4013 2255.96 -447.029 -5.35125 2242.81 -446.997 21.3989 2231.9 -457.935 21.3989 2178.98 -405.178 -0.0012207 2187.7 -396.428 -0.0012207 2174.65 -383.418 156.638 2078.21 -414.982 154.35 2109.24 -444.044 175.688 2101.63 -453.851 178.403 2064.81 -419.367 417.076 1917.87 -467.462 417.076 1930.92 -480.472 459.877 1913.48 -497.973 459.877 2245.82 -829.246 417.076 2263.26 -811.745 417.076 2276.31 -824.755
  poly 3: 417.076 2261.09 -844.475 276.265 2289.19 -757.693 271.536 2225.84 -690.691 250.192 2235.57 -682.994 254.518 2293.53 -744.29 -0.0012207 2344.31 -587.429 -0.0012207 2329.03 -572.2 0.21278 2328.95 -572.288 -0.0012207 2276.11 -519.443 -26.7513 2287.01 -508.505 -42.8014 2286.94 -495.347 -42.8014 2247.24 -455.779 -26.7513 2234.08 -455.748 -0.0012207 2223.18 -466.686 0.21278 2170.17 -414.017 -0.0012207 2170.25 -413.929 -0.0012207 2154.98 -398.7 135.086 2071.81 -425.922 133.011 2099.95 -452.281 154.349 2092.34 -462.088 156.851 2058.41 -430.308 417.076 1898.2 -482.744 417.076 1913.48 -497.973 438.477 1904.75 -506.723 438.477 2237.09 -837.997 417.076 2245.82 -829.246 417.076 2261.09 -844.475
element 71
  poly 0: 834.156 2359.53 -567.709 558.09 2304.45 -737.848 562.617 2243.8 -673.706 541.273 2234.07 -681.403 536.343 2300.11 -751.251 417.076 2276.31 -824.755 417.076 2263.26 -811.745 417.29 2263.35 -811.657 417.076 2152.48 -701.32 390.326 2141.58 -712.259 374.276 2121.19 -705.019 374.276 2038.1 -622.2 390.326 2030.8 -601.834 417.076 2041.7 -590.896 417.29 1931.01 -480.384 417.076 1930.92 -480.472 417.076 1917.87 -467.462 655.752 2064.81 -419.367 658.466 2101.63 -453.851 679.805 2109.24 -444.044 677.517 2078.21 -414.982 834.156 2174.65 -383.418 834.156 2359.53 -567.709
  poly 1: 834.156 2344.31 -587.429 579.636 2293.53 -744.29 583.962 2235.57 -682.994 562.617 2225.84 -690.691 557.889 2289.19 -757.693 417.076 2261.09 -844.475 417.076 2245.82 -829.246 438.477 2254.54 -820.495 438.477 2143.76 -710.071 411.726 2132.86 -721.009 395.676 2112.47 -713.769 395.676 2029.38 -630.951 411.726 2022.08 -610.585 438.477 2032.98 -599.647 438.477 1922.2 -489.222 417.076 1913.48 -497.973 417.076 1898.2 -482.744 677.303 2058.41 -430.307 679.805 2092.34 -462.088 701.143 2099.95 -452.281 699.068 2071.81 -425.922 834.156 2154.98 -398.7 834.156 2344.31 -587.429
element 72
  poly 0: -395.678 2323.99 -655.969 -395.678 2428.04 -772.757 -417.079 2418.82 -780.976 -417.079 2314.77 -664.188 -395.678 2323.99 -655.969
  poly 1: -417.079 2333.22 -647.75 -417.079 2437.27 -764.537 -438.479 2428.04 -772.757 -438.479 2323.99 -655.969 -417.079 2333.22 -647.75
  poly 2: -417.079 2198.46 -533.64 -546.204 2168.03 -611.556 -541.275 2234.07 -681.404 -562.619 2225.84 -690.691 -567.305 2163.06 -624.289 -834.156 2100.17 -785.31 -834.156 2273.82 -980.221 -682.044 2369.12 -955.166 -679.835 2339.74 -920.272 -658.484 2349.86 -913.102 -660.927 2382.35 -951.688 -417.079 2535.13 -911.523 -417.079 2522.87 -897.763 -374.278 2541.32 -881.325 -374.278 2229.17 -530.962 -417.079 2210.72 -547.4 -417.079 2198.46 -533.64
  poly 3: -417.079 2214.82 -514.855 -567.427 2179.39 -605.577 -562.619 2243.8 -673.706 -583.963 2235.57 -682.994 -588.528 2174.41 -618.31 -834.156 2116.53 -766.525 -834.156 2294.37 -966.13 -703.278 2376.36 -944.573 -701.185 2348.53 -911.52 -679.834 2358.65 -904.35 -682.161 2389.59 -941.095 -417.079 2555.67 -897.432 -417.079 2541.32 -881.325 -395.678 2550.54 -873.106 -395.678 2238.39 -522.743 -417.079 2229.17 -530.962 -417.079 2214.82 -514.855
element 73
  poly 0: -0.0012207 2162.14 -854.867 -0.0012207 2211.85 -910.665 -21.4017 2221.08 -902.445 -21.4017 2171.37 -846.648 -0.0012207 2162.14 -854.867
  poly 1: 21.3992 2171.37 -846.648 21.3992 2221.08 -902.445 -0.0012207 2230.3 -894.226 -0.0012207 2180.59 -838.429 21.3992 2171.37 -846.648
  poly 2: -0.0012207 2100.17 -785.31 -266.853 2163.06 -624.289 -271.539 2225.84 -690.691 -292.883 2234.07 -681.403 -287.954 2168.03 -611.556 -417.079 2198.46 -533.64 -417.079 2210.72 -547.4 -416.865 2210.62 -547.482 -417.079 2314.77 -664.188 -443.829 2326.3 -653.914 -459.88 2346.22 -662.348 -459.88 2424.26 -749.939 -443.829 2430.35 -770.702 -417.079 2418.82 -780.976 -416.865 2522.77 -897.846 -417.079 2522.87 -897.763 -417.079 2535.13 -911.523 -173.231 2382.35 -951.688 -175.674 2349.86 -913.102 -154.323 2339.74 -920.272 -152.113 2369.12 -955.166 -0.0012207 2273.82 -980.221 -0.0012207 2261.57 -966.462 21.3992 2252.34 -974.681 21.3992 2103.21 -807.289 -0.0012207 2112.43 -799.07 -0.0012207 2100.17 -785.31
  poly 3: -0.0012207 2116.53 -766.525 -245.63 2174.41 -618.31 -250.195 2235.57 -682.994 -271.539 2243.8 -673.707 -266.731 2179.39 -605.577 -417.079 2214.82 -514.855 -417.079 2229.17 -530.962 -395.678 2219.94 -539.181 -395.678 2323.99 -655.969 -422.429 2335.52 -645.695 -438.479 2355.45 -654.129 -438.479 2433.49 -741.72 -422.429 2439.57 -762.483 -395.678 2428.04 -772.757 -395.678 2532.09 -889.544 -417.079 2541.32 -881.325 -417.079 2555.67 -897.432 -151.997 2389.59 -941.095 -154.323 2358.65 -904.35 -132.973 2348.53 -911.52 -130.88 2376.36 -944.573 -0.0012207 2294.37 -966.13 -0.0012207 2280.02 -950.024 42.7997 2261.57 -966.462 42.7997 2112.43 -799.07 -0.0012207 2130.88 -782.632 -0.0012207 2116.53 -766.525
element 74
  poly 0: 438.477 2323.99 -655.969 438.477 2428.04 -772.756 417.076 2418.82 -780.976 417.076 2314.77 -664.188 438.477 2323.99 -655.969
  poly 1: 417.076 2333.22 -647.75 417.076 2437.27 -764.537 395.676 2428.04 -772.757 395.676 2323.99 -655.969 417.076 2333.22 -647.75
  poly 2: 417.076 2198.46 -533.64 287.951 2168.03 -611.556 292.881 2234.07 -681.404 271.536 2225.84 -690.691 266.85 2163.06 -624.289 -0.0012207 2100.17 -785.31 -0.0012207 2112.43 -799.07 21.3992 2121.66 -790.851 21.3992 2171.37 -846.648 -5.35133 2159.84 -856.922 -21.4017 2159.13 -870.061 -21.4017 2196.41 -911.909 -5.35133 2209.55 -912.719 21.3992 2221.08 -902.445 21.3992 2270.79 -958.243 -0.0012207 2261.57 -966.462 -0.0012207 2273.82 -980.221 152.111 2369.12 -955.166 154.321 2339.74 -920.272 175.671 2349.86 -913.102 173.228 2382.35 -951.688 417.076 2535.13 -911.523 417.076 2522.87 -897.763 459.877 2541.32 -881.325 459.877 2229.17 -530.962 417.076 2210.72 -547.4 417.076 2198.46 -533.64
  poly 3: 417.076 2214.82 -514.855 266.728 2179.39 -605.577 271.536 2243.8 -673.706 250.192 2235.57 -682.994 245.627 2174.41 -618.31 -0.0012207 2116.53 -766.525 -0.0012207 2130.88 -782.632 0.212784 2130.97 -782.549 -0.0012207 2180.59 -838.429 -26.7518 2169.06 -848.703 -42.8021 2168.36 -861.842 -42.8021 2205.64 -903.69 -26.7518 2218.77 -904.5 -0.0012207 2230.3 -894.226 0.212784 2280.11 -949.941 -0.0012207 2280.02 -950.024 -0.0012207 2294.37 -966.13 130.877 2376.36 -944.573 132.97 2348.53 -911.52 154.321 2358.65 -904.35 151.994 2389.59 -941.095 417.076 2555.67 -897.432 417.076 2541.32 -881.325 438.477 2550.54 -873.106 438.477 2238.39 -522.743 417.076 2229.17 -530.962 417.076 2214.82 -514.855
element 75
  poly 0: 834.156 2100.17 -785.31 567.304 2163.06 -624.289 562.617 2225.84 -690.691 541.273 2234.07 -681.403 546.202 2168.03 -611.556 417.076 2198.46 -533.64 417.076 2210.72 -547.4 417.29 2210.62 -547.482 417.076 2314.77 -664.188 390.326 2326.3 -653.914 374.275 2346.22 -662.348 374.275 2424.26 -749.939 390.326 2430.35 -770.702 417.076 2418.82 -780.976 417.29 2522.77 -897.846 417.076 2522.87 -897.763 417.076 2535.13 -911.523 660.926 2382.35 -951.688 658.483 2349.86 -913.102 679.834 2339.74 -920.272 682.043 2369.12 -955.166 834.156 2273.82 -980.221 834.156 2100.17 -785.31
  poly 1: 834.156 2116.53 -766.525 588.527 2174.41 -618.31 583.962 2235.57 -682.994 562.617 2243.8 -673.707 567.425 2179.39 -605.577 417.076 2214.82 -514.855 417.076 2229.17 -530.962 438.477 2219.94 -539.181 438.477 2323.99 -655.969 411.726 2335.52 -645.695 395.676 2355.45 -654.129 395.676 2433.49 -741.72 411.726 2439.57 -762.483 438.477 2428.04 -772.756 438.477 2532.09 -889.544 417.076 2541.32 -881.325 417.076 2555.67 -897.432 682.16 2389.59 -941.095 679.833 2358.65 -904.35 701.184 2348.53 -911.52 703.277 2376.36 -944.573 834.156 2294.37 -966.13 834.156 2116.53 -766.525
element 76
  poly 0: -395.679 1872.69 -277.778 -395.679 1748.84 -182.24 -417.079 1756.39 -172.457 -417.079 1880.24 -267.996 -395.679 1872.69 -277.778
  poly 1: -417.079 1865.14 -287.561 -417.079 1741.3 -192.023 -438.479 1748.84 -182.24 -438.479 1872.69 -277.778 -417.079 1865.14 -287.561
  poly 2: -417.079 2018.67 -374.79 -535.903 2032.94 -299.149 -541.277 1958.76 -238.012 -562.61 1967.55 -229.231 -557.683 2035.55 -285.284 -834.156 2068.74 -109.288 -834.156 1862.05 50.1594 -677.335 1770.27 6.61008 -679.768 1804.68 -18.164 -658.439 1798.45 -28.9122 -655.543 1757.51 0.558685 -417.079 1617.95 -65.6631 -417.079 1632.54 -76.9187 -374.279 1617.45 -96.4843 -374.279 1988.99 -383.1 -417.079 2004.08 -363.534 -417.079 2018.67 -374.79
  poly 3: -417.079 2006.07 -396.275 -557.459 2022.92 -306.913 -562.61 1951.82 -248.309 -583.944 1960.6 -239.529 -579.239 2025.54 -293.048 -834.156 2056.14 -130.773 -834.156 1844.46 32.5138 -698.895 1765.3 -5.04809 -701.098 1796.47 -27.4818 -679.769 1790.24 -38.23 -677.103 1752.55 -11.0995 -417.079 1600.37 -83.3087 -417.079 1617.45 -96.4843 -395.679 1609.9 -106.267 -395.679 1981.44 -392.882 -417.079 1988.99 -383.1 -417.079 2006.07 -396.275
element 77
  poly 0: -0.0012207 1994.98 -52.3868 -0.0012207 1935.81 -6.74174 -21.4013 1928.26 -16.5245 -21.4013 1987.43 -62.1696 -0.0012207 1994.98 -52.3868
  poly 1: 21.3989 1987.43 -62.1696 21.3989 1928.26 -16.5245 -0.0012207 1920.71 -26.3073 -0.0012207 1979.88 -71.9524 21.3989 1987.43 -62.1696
  poly 2: -0.0012207 2068.74 -109.288 -276.474 2035.55 -285.284 -271.547 1967.55 -229.231 -292.881 1958.76 -238.012 -298.255 2032.94 -299.149 -417.079 2018.67 -374.79 -417.079 2004.08 -363.534 -416.865 2004.16 -363.436 -417.079 1880.24 -267.996 -443.829 1870.8 -280.224 -459.879 1849.66 -275.619 -459.879 1756.78 -203.965 -443.829 1746.96 -184.686 -417.079 1756.39 -172.457 -416.865 1632.62 -76.8209 -417.079 1632.54 -76.9187 -417.079 1617.95 -65.6629 -178.614 1757.51 0.558375 -175.719 1798.45 -28.9125 -154.389 1804.68 -18.1643 -156.823 1770.27 6.60977 -0.0012207 1862.05 50.1594 -0.0012207 1876.64 38.9033 21.3989 1884.18 48.6861 21.3989 2061.69 -88.2491 -0.0012207 2054.15 -98.0319 -0.0012207 2068.74 -109.288
  poly 3: -0.0012207 2056.14 -130.773 -254.919 2025.54 -293.047 -250.214 1960.61 -239.528 -271.548 1951.82 -248.309 -276.699 2022.92 -306.912 -417.079 2006.07 -396.275 -417.079 1988.99 -383.1 -395.679 1996.54 -373.317 -395.679 1872.69 -277.778 -422.429 1863.26 -290.007 -438.479 1842.12 -285.402 -438.479 1749.23 -213.748 -422.429 1739.41 -194.468 -395.679 1748.84 -182.24 -395.679 1624.99 -86.7015 -417.079 1617.45 -96.4843 -417.079 1600.37 -83.3081 -157.055 1752.55 -11.0991 -154.389 1790.24 -38.2296 -133.06 1796.47 -27.4814 -135.264 1765.3 -5.04765 -0.0012207 1844.46 32.5138 -0.0012207 1861.54 19.3378 42.7989 1876.64 38.9033 42.7989 2054.15 -98.0319 -0.0012207 2039.05 -117.597 -0.0012207 2056.14 -130.773
element 78
  poly 0: 438.477 1872.69 -277.778 438.477 1748.84 -182.24 417.076 1756.39 -172.457 417.076 1880.24 -267.996 438.477 1872.69 -277.778
  poly 1: 417.076 1865.14 -287.561 417.076 1741.3 -192.023 395.676 1748.84 -182.24 395.676 1872.69 -277.778 417.076 1865.14 -287.561
  poly 2: 417.076 2018.67 -374.79 298.252 2032.94 -299.149 292.879 1958.76 -238.012 271.545 1967.55 -229.231 276.472 2035.55 -285.284 -0.0012207 2068.74 -109.287 -0.0012207 2054.15 -98.0319 21.3989 2046.6 -107.815 21.3989 1987.43 -62.1696 -5.35124 1996.86 -49.9411 -21.4013 1995.13 -36.8984 -21.4013 1950.75 -2.66458 -5.35124 1937.69 -4.29604 21.3989 1928.26 -16.5245 21.3989 1869.09 29.1206 -0.0012207 1876.64 38.9033 -0.0012207 1862.05 50.1592 156.821 1770.27 6.61008 154.387 1804.68 -18.164 175.717 1798.45 -28.9122 178.612 1757.51 0.558685 417.076 1617.95 -65.6631 417.076 1632.54 -76.9187 459.877 1617.45 -96.4844 459.877 1988.99 -383.1 417.076 2004.08 -363.534 417.076 2018.67 -374.79
  poly 3: 417.076 2006.07 -396.275 276.696 2022.92 -306.913 271.545 1951.82 -248.309 250.212 1960.6 -239.529 254.916 2025.54 -293.048 -0.0012207 2056.14 -130.774 -0.0012207 2039.05 -117.597 0.21278 2038.98 -117.695 -0.0012207 1979.88 -71.9524 -26.7513 1989.32 -59.7239 -42.8014 1987.58 -46.6812 -42.8014 1943.2 -12.4474 -26.7513 1930.15 -14.0788 -0.0012207 1920.71 -26.3073 0.21278 1861.47 19.2399 -0.0012207 1861.54 19.3378 -0.0012207 1844.46 32.514 135.261 1765.3 -5.04809 133.057 1796.47 -27.4818 154.387 1790.24 -38.23 157.052 1752.55 -11.0995 417.076 1600.37 -83.3087 417.076 1617.45 -96.4843 438.477 1609.9 -106.267 438.477 1981.44 -392.882 417.076 1988.99 -383.1 417.076 2006.07 -396.275
element 79
  poly 0: 834.156 2068.74 -109.288 557.682 2035.55 -285.284 562.609 1967.55 -229.231 541.275 1958.76 -238.012 535.901 2032.94 -299.149 417.076 2018.67 -374.79 417.076 2004.08 -363.534 417.29 2004.16 -363.436 417.076 1880.24 -267.996 390.326 1870.8 -280.224 374.276 1849.66 -275.619 374.276 1756.78 -203.965 390.326 1746.96 -184.686 417.076 1756.39 -172.457 417.29 1632.62 -76.8209 417.076 1632.54 -76.9187 417.076 1617.95 -65.6629 655.543 1757.51 0.558375 658.438 1798.45 -28.9125 679.768 1804.68 -18.1643 677.334 1770.27 6.60977 834.156 1862.05 50.1594 834.156 2068.74 -109.288
  poly 1: 834.156 2056.14 -130.773 579.238 2025.54 -293.047 583.942 1960.61 -239.528 562.608 1951.82 -248.309 557.457 2022.92 -306.912 417.076 2006.07 -396.275 417.076 1988.99 -383.1 438.477 1996.54 -373.317 438.477 1872.69 -277.778 411.726 1863.26 -290.007 395.676 1842.12 -285.402 395.676 1749.23 -213.748 411.726 1739.41 -194.468 438.477 1748.84 -182.24 438.477 1624.99 -86.7015 417.076 1617.45 -96.4843 417.076 1600.37 -83.3081 677.102 1752.55 -11.0991 679.767 1790.24 -38.2296 701.097 1796.47 -27.4814 698.893 1765.3 -5.04765 834.156 1844.46 32.5138 834.156 2056.14 -130.773
element 80
  poly 0: -395.679 2044.86 -201.796 -395.679 2162.28 -305.126 -417.079 2154.12 -314.401 -417.079 2036.69 -211.071 -395.679 2044.86 -201.796
  poly 1: -417.079 2053.02 -192.52 -417.079 2170.44 -295.85 -438.479 2162.28 -305.126 -438.479 2044.86 -201.796 -417.079 2053.02 -192.52
  poly 2: -417.079 1905.43 -95.5673 -546.65 1884.59 -176.874 -541.277 1958.76 -238.012 -562.61 1951.82 -248.309 -567.726 1881.2 -190.1 -834.156 1838.34 -357.286 -834.156 2034.32 -529.737 -682.269 2125.75 -493.381 -679.805 2092.34 -462.087 -658.467 2101.63 -453.851 -661.182 2138.44 -488.334 -417.079 2285.38 -429.905 -417.079 2271.54 -417.732 -374.279 2287.87 -399.181 -374.279 1935.59 -89.1901 -417.079 1919.27 -107.741 -417.079 1905.43 -95.5673
  poly 3: -417.079 1919.4 -74.9398 -567.856 1895.14 -169.553 -562.61 1967.55 -229.231 -583.943 1960.6 -239.529 -588.932 1891.75 -182.779 -834.156 1852.31 -336.659 -834.156 2053 -513.263 -703.482 2131.66 -481.984 -701.144 2099.95 -452.28 -679.806 2109.24 -444.044 -682.395 2144.35 -476.937 -417.079 2304.06 -413.431 -417.079 2287.87 -399.181 -395.679 2296.03 -389.905 -395.679 1943.75 -79.9145 -417.079 1935.59 -89.1901 -417.079 1919.4 -74.9398
element 81
  poly 0: -0.0012207 1908.28 -418.828 -0.0012207 1964.38 -468.195 -21.4013 1972.54 -458.92 -21.4013 1916.44 -409.552 -0.0012207 1908.28 -418.828
  poly 1: 21.3989 1916.44 -409.552 21.3989 1972.54 -458.92 -0.0012207 1980.71 -449.644 -0.0012207 1924.6 -400.277 21.3989 1916.44 -409.552
  poly 2: -0.0012207 1838.34 -357.286 -266.431 1881.2 -190.099 -271.548 1951.82 -248.309 -292.881 1958.76 -238.011 -287.507 1884.59 -176.874 -417.079 1905.43 -95.567 -417.079 1919.27 -107.741 -416.865 1919.19 -107.834 -417.079 2036.69 -211.071 -443.829 2046.9 -199.477 -459.879 2067.7 -205.436 -459.879 2155.76 -282.934 -443.829 2164.32 -302.807 -417.079 2154.12 -314.401 -416.865 2271.46 -417.824 -417.079 2271.54 -417.732 -417.079 2285.38 -429.906 -172.975 2138.44 -488.334 -175.69 2101.63 -453.85 -154.352 2092.34 -462.087 -151.888 2125.75 -493.381 -0.0012207 2034.32 -529.737 -0.0012207 2020.48 -517.563 21.3989 2012.32 -526.838 21.3989 1844.02 -378.736 -0.0012207 1852.18 -369.46 -0.0012207 1838.34 -357.286
  poly 3: -0.0012207 1852.31 -336.659 -245.226 1891.75 -182.778 -250.214 1960.61 -239.528 -271.547 1967.55 -229.231 -266.302 1895.14 -169.553 -417.079 1919.4 -74.9397 -417.079 1935.59 -89.1901 -395.679 1927.43 -98.4656 -395.679 2044.86 -201.796 -422.429 2055.06 -190.201 -438.479 2075.86 -196.161 -438.479 2163.93 -273.659 -422.429 2172.48 -293.532 -395.679 2162.28 -305.126 -395.679 2279.71 -408.456 -417.079 2287.87 -399.181 -417.079 2304.06 -413.431 -151.762 2144.35 -476.937 -154.352 2109.24 -444.043 -133.014 2099.95 -452.28 -130.675 2131.66 -481.984 -0.0012207 2053 -513.263 -0.0012207 2036.81 -499.012 42.799 2020.48 -517.563 42.799 1852.18 -369.46 -0.0012207 1868.5 -350.909 -0.0012207 1852.31 -336.659
element 82
  poly 0: 438.477 2044.86 -201.796 438.477 2162.28 -305.126 417.076 2154.12 -314.401 417.076 2036.69 -211.071 438.477 2044.86 -201.796
  poly 1: 417.076 2053.02 -192.52 417.076 2170.44 -295.85 395.676 2162.28 -305.126 395.676 2044.86 -201.796 417.076 2053.02 -192.52
  poly 2: 417.076 1905.43 -95.5673 287.505 1884.59 -176.874 292.879 1958.76 -238.012 271.545 1951.82 -248.309 266.429 1881.2 -190.1 -0.0012207 1838.34 -357.286 -0.0012207 1852.18 -369.46 21.3989 1860.34 -360.185 21.3989 1916.44 -409.552 -5.35125 1906.24 -421.147 -21.4013 1907.13 -434.274 -21.4013 1949.21 -471.3 -5.35125 1962.34 -470.514 21.3989 1972.54 -458.92 21.3989 2028.64 -508.287 -0.0012207 2020.48 -517.563 -0.0012207 2034.32 -529.737 151.886 2125.75 -493.381 154.35 2092.34 -462.087 175.688 2101.63 -453.851 172.973 2138.44 -488.334 417.076 2285.38 -429.905 417.076 2271.54 -417.732 459.877 2287.87 -399.18 459.877 1935.59 -89.19 417.076 1919.27 -107.741 417.076 1905.43 -95.5673
  poly 3: 417.076 1919.4 -74.9398 266.3 1895.14 -169.553 271.545 1967.55 -229.231 250.212 1960.6 -239.529 245.224 1891.75 -182.779 -0.0012207 1852.31 -336.659 -0.0012207 1868.5 -350.909 0.212781 1868.58 -350.817 -0.0012207 1924.6 -400.277 -26.7514 1914.4 -411.871 -42.8015 1915.29 -424.999 -42.8015 1957.37 -462.024 -26.7514 1970.5 -461.239 -0.0012207 1980.71 -449.644 0.212781 2036.89 -498.919 -0.0012207 2036.81 -499.012 -0.0012207 2053 -513.262 130.673 2131.66 -481.984 133.012 2099.95 -452.28 154.35 2109.24 -444.044 151.76 2144.35 -476.937 417.076 2304.06 -413.431 417.076 2287.87 -399.181 438.477 2296.03 -389.905 438.477 1943.75 -79.9145 417.076 1935.59 -89.1901 417.076 1919.4 -74.9398
element 83
  poly 0: 834.156 1838.34 -357.286 567.725 1881.2 -190.099 562.609 1951.82 -248.309 541.275 1958.76 -238.011 546.649 1884.59 -176.874 417.076 1905.43 -95.567 417.076 1919.27 -107.741 417.29 1919.19 -107.834 417.076 2036.69 -211.071 390.326 2046.9 -199.477 374.276 2067.7 -205.437 374.276 2155.76 -282.934 390.326 2164.32 -302.807 417.076 2154.12 -314.401 417.29 2271.46 -417.824 417.076 2271.54 -417.732 417.076 2285.38 -429.906 661.181 2138.44 -488.334 658.467 2101.63 -453.85 679.805 2092.34 -462.087 682.268 2125.75 -493.381 834.156 2034.32 -529.737 834.156 1838.34 -357.286
  poly 1: 834.156 1852.31 -336.659 588.93 1891.75 -182.778 583.942 1960.61 -239.529 562.609 1967.55 -229.231 567.854 1895.14 -169.553 417.076 1919.4 -74.9397 417.076 1935.59 -89.1901 438.477 1927.43 -98.4656 438.477 2044.86 -201.796 411.726 2055.06 -190.201 395.676 2075.86 -196.161 395.676 2163.93 -273.659 411.726 2172.48 -293.532 438.477 2162.28 -305.126 438.477 2279.71 -408.456 417.076 2287.87 -399.181 417.076 2304.06 -413.431 682.395 2144.35 -476.937 679.805 2109.24 -444.043 701.143 2099.95 -452.28 703.482 2131.66 -481.984 834.156 2053 -513.263 834.156 1852.31 -336.659
element 84
  poly 0: -395.679 1548.63 115.52 -395.679 1413.17 193.728 -417.079 1419.35 204.428 -417.079 1554.81 126.22 -395.679 1548.63 115.52
  poly 1: -417.079 1542.45 104.82 -417.079 1406.99 183.028 -438.479 1413.17 193.728 -438.479 1548.63 115.52 -417.079 1542.45 104.82
  poly 2: -417.079 1706.23 38.7986 -535.707 1710.29 115.538 -541.298 1628.72 166.362 -562.626 1636.31 176.199 -557.504 1711.04 129.638 -834.156 1720.52 308.602 -834.156 1494.44 439.125 -677.268 1409.24 383.726 -679.734 1446.63 363.778 -658.406 1441.91 352.286 -655.471 1397.4 376.029 -417.079 1267.93 291.85 -417.079 1283.89 282.636 -374.279 1271.53 261.236 -374.279 1677.91 26.6127 -417.079 1690.27 48.0125 -417.079 1706.23 38.7986
  poly 3: -417.079 1696.59 15.8268 -557.268 1701.4 106.514 -562.625 1623.23 155.214 -583.953 1630.82 165.051 -579.065 1702.14 120.614 -834.156 1710.88 285.63 -834.156 1479.36 419.297 -698.829 1405.87 371.512 -701.061 1439.72 353.455 -679.733 1435 341.963 -677.032 1394.03 363.815 -417.079 1252.85 272.022 -417.079 1271.53 261.236 -395.679 1265.36 250.536 -395.679 1671.73 15.9128 -417.079 1677.91 26.6127 -417.079 1696.59 15.8268
element 85
  poly 0: -0.0012207 1639.84 355.181 -0.0012207 1575.12 392.546 -21.4009 1568.94 381.846 -21.4009 1633.66 344.481 -0.0012207 1639.84 355.181
  poly 1: 21.3985 1633.66 344.481 21.3985 1568.94 381.846 -0.0012207 1562.76 371.146 -0.0012207 1627.48 333.781 21.3985 1633.66 344.481
  poly 2: -0.0012207 1720.52 308.602 -276.654 1711.04 129.638 -271.532 1636.31 176.199 -292.86 1628.72 166.362 -298.451 1710.29 115.538 -417.079 1706.23 38.7988 -417.079 1690.27 48.0125 -416.865 1690.33 48.1195 -417.079 1554.81 126.22 -443.829 1547.09 112.845 -459.878 1525.52 114.596 -459.878 1423.93 173.252 -443.829 1411.63 191.053 -417.079 1419.35 204.428 -416.865 1283.95 282.743 -417.079 1283.89 282.636 -417.079 1267.93 291.85 -178.687 1397.4 376.03 -175.752 1441.91 352.287 -154.424 1446.63 363.778 -156.89 1409.24 383.726 -0.0012207 1494.44 439.125 -0.0012207 1510.4 429.911 21.3985 1516.58 440.611 21.3985 1710.73 328.516 -0.0012207 1704.56 317.816 -0.0012207 1720.52 308.602
  poly 3: -0.0012207 1710.88 285.63 -255.093 1702.14 120.614 -250.204 1630.82 165.05 -271.532 1623.23 155.214 -276.89 1701.4 106.513 -417.079 1696.59 15.8265 -417.079 1677.91 26.6127 -395.679 1684.09 37.3126 -395.679 1548.63 115.52 -422.429 1540.91 102.145 -438.479 1519.34 103.896 -438.479 1417.75 162.552 -422.429 1405.45 180.353 -395.679 1413.17 193.728 -395.679 1277.71 271.936 -417.079 1271.53 261.236 -417.079 1252.85 272.022 -157.125 1394.03 363.814 -154.424 1435 341.963 -133.096 1439.72 353.454 -135.328 1405.87 371.511 -0.0012207 1479.36 419.297 -0.0012207 1498.05 408.511 42.7982 1510.4 429.911 42.7982 1704.56 317.816 -0.0012207 1692.2 296.416 -0.0012207 1710.88 285.63
element 86
  poly 0: 438.476 1548.63 115.52 438.476 1413.17 193.728 417.076 1419.35 204.428 417.076 1554.81 126.22 438.476 1548.63 115.52
  poly 1: 417.076 1542.45 104.82 417.076 1406.99 183.028 395.677 1413.17 193.728 395.677 1548.63 115.52 417.076 1542.45 104.82
  poly 2: 417.076 1706.23 38.7986 298.449 1710.29 115.538 292.858 1628.72 166.362 271.529 1636.31 176.199 276.651 1711.04 129.638 -0.0012207 1720.52 308.602 -0.0012207 1704.56 317.816 21.3985 1698.38 307.116 21.3985 1633.66 344.481 -5.35115 1641.38 357.856 -21.4009 1637.93 370.552 -21.4009 1589.39 398.575 -5.35115 1576.66 395.221 21.3985 1568.94 381.846 21.3985 1504.22 419.211 -0.0012207 1510.4 429.911 -0.0012207 1494.44 439.125 156.887 1409.24 383.726 154.422 1446.63 363.778 175.749 1441.91 352.286 178.684 1397.4 376.029 417.076 1267.93 291.85 417.076 1283.89 282.636 459.876 1271.53 261.236 459.876 1677.91 26.6126 417.076 1690.27 48.0125 417.076 1706.23 38.7986
  poly 3: 417.076 1696.59 15.8268 276.888 1701.4 106.514 271.53 1623.23 155.214 250.202 1630.82 165.051 255.09 1702.14 120.614 -0.0012207 1710.88 285.63 -0.0012207 1692.2 296.416 0.212777 1692.14 296.309 -0.0012207 1627.48 333.781 -26.7509 1635.2 347.156 -42.8007 1631.75 359.852 -42.8007 1583.21 387.876 -26.7509 1570.49 384.521 -0.0012207 1562.76 371.146 0.212777 1497.98 408.404 -0.0012207 1498.05 408.511 -0.0012207 1479.37 419.296 135.326 1405.87 371.512 133.094 1439.72 353.455 154.422 1435 341.963 157.123 1394.03 363.815 417.076 1252.85 272.022 417.076 1271.53 261.236 438.476 1265.36 250.536 438.476 1671.73 15.9128 417.076 1677.91 26.6127 417.076 1696.59 15.8268
element 87
  poly 0: 834.156 1720.52 308.602 557.502 1711.04 129.638 562.624 1636.31 176.199 541.296 1628.72 166.362 535.705 1710.29 115.538 417.076 1706.23 38.7988 417.076 1690.27 48.0125 417.29 1690.33 48.1195 417.076 1554.81 126.22 390.327 1547.09 112.845 374.277 1525.52 114.596 374.277 1423.93 173.252 390.327 1411.63 191.053 417.076 1419.35 204.428 417.29 1283.95 282.743 417.076 1283.89 282.636 417.076 1267.93 291.85 655.47 1397.4 376.03 658.405 1441.91 352.287 679.733 1446.63 363.778 677.267 1409.24 383.726 834.156 1494.44 439.125 834.156 1720.52 308.602
  poly 1: 834.156 1710.88 285.63 579.064 1702.14 120.614 583.952 1630.82 165.05 562.624 1623.23 155.214 557.266 1701.4 106.513 417.076 1696.59 15.8265 417.076 1677.91 26.6127 438.476 1684.09 37.3126 438.476 1548.63 115.52 411.726 1540.91 102.145 395.677 1519.34 103.896 395.677 1417.75 162.552 411.726 1405.45 180.353 438.476 1413.17 193.728 438.476 1277.71 271.936 417.076 1271.53 261.236 417.076 1252.85 272.022 677.032 1394.03 363.814 679.733 1435 341.963 701.061 1439.72 353.454 698.829 1405.87 371.511 834.156 1479.36 419.297 834.156 1710.88 285.63
element 88
  poly 0: -395.679 1709.31 213.542 -395.679 1839.21 126.417 -417.079 1832.33 116.156 -417.079 1702.42 203.281 -395.679 1709.31 213.542
  poly 1: -417.079 1716.19 223.804 -417.079 1846.09 136.679 -438.479 1839.21 126.417 -438.479 1709.31 213.542 -417.079 1716.19 223.804
  poly 2: -417.079 1557.22 300.671 -546.889 1547.14 217.187 -541.298 1628.72 166.362 -562.625 1623.23 155.214 -567.952 1545.51 203.64 -834.156 1524.85 32.436 -834.156 1741.65 -112.97 -682.402 1827.48 -65.0377 -679.769 1790.24 -38.2302 -658.439 1798.45 -28.9123 -661.334 1839.39 -58.3831 -417.079 1977.54 18.7665 -417.079 1962.23 29.0313 -374.278 1976 49.5538 -374.278 1586.28 310.929 -417.079 1572.52 290.406 -417.079 1557.22 300.671
  poly 3: -417.079 1568.37 322.944 -568.085 1556.65 225.828 -562.626 1636.31 176.199 -583.953 1630.82 165.051 -589.149 1555.02 212.281 -834.156 1536 54.7089 -834.156 1758.02 -94.1988 -703.602 1831.86 -52.9617 -701.099 1796.47 -27.4816 -679.769 1804.68 -18.1637 -682.534 1843.78 -46.3071 -417.079 1993.91 37.5379 -417.079 1976 49.5538 -395.679 1982.88 59.8151 -395.679 1593.17 321.19 -417.079 1586.28 310.929 -417.079 1568.37 322.944
element 89
  poly 0: -0.0012207 1602.22 -19.4546 -0.0012207 1664.28 -61.08 -21.4014 1671.16 -50.8187 -21.4014 1609.1 -9.19331 -0.0012207 1602.22 -19.4546
  poly 1: 21.399 1609.1 -9.19331 21.399 1671.16 -50.8187 -0.0012207 1678.04 -40.5575 -0.0012207 1615.98 1.06796 21.399 1609.1 -9.19331
  poly 2: -0.0012207 1524.85 32.436 -266.205 1545.51 203.64 -271.533 1623.23 155.214 -292.86 1628.72 166.362 -287.269 1547.14 217.187 -417.079 1557.22 300.671 -417.079 1572.52 290.406 -416.865 1572.45 290.304 -417.079 1702.42 203.281 -443.829 1711.03 216.108 -459.879 1732.43 212.913 -459.879 1829.85 147.569 -443.829 1840.93 128.983 -417.079 1832.33 116.156 -416.865 1962.16 28.9287 -417.079 1962.23 29.0313 -417.079 1977.54 18.7665 -172.824 1839.39 -58.3831 -175.719 1798.45 -28.9123 -154.389 1790.24 -38.2302 -151.755 1827.48 -65.0376 -0.0012207 1741.65 -112.97 -0.0012207 1726.34 -102.705 21.399 1719.46 -112.967 21.399 1533.27 11.9096 -0.0012207 1540.15 22.1709 -0.0012207 1524.85 32.436
  poly 3: -0.0012207 1536 54.7089 -245.009 1555.02 212.281 -250.204 1630.82 165.05 -271.532 1636.31 176.199 -266.073 1556.65 225.827 -417.079 1568.37 322.944 -417.079 1586.28 310.929 -395.679 1579.4 300.667 -395.679 1709.31 213.542 -422.429 1717.91 226.369 -438.479 1739.31 223.174 -438.479 1836.74 157.831 -422.429 1847.81 139.244 -395.679 1839.21 126.417 -395.679 1969.11 39.2925 -417.079 1976 49.5538 -417.079 1993.91 37.5382 -151.624 1843.78 -46.3072 -154.389 1804.68 -18.1638 -133.059 1796.47 -27.4817 -130.556 1831.86 -52.9618 -0.0012207 1758.02 -94.1988 -0.0012207 1740.11 -82.1829 42.7992 1726.34 -102.705 42.7992 1540.15 22.1709 -0.0012207 1553.92 42.6934 -0.0012207 1536 54.7089
element 90
  poly 0: 438.477 1709.31 213.542 438.477 1839.21 126.418 417.076 1832.33 116.156 417.076 1702.42 203.281 438.477 1709.31 213.542
  poly 1: 417.076 1716.19 223.804 417.076 1846.09 136.679 395.676 1839.21 126.417 395.676 1709.31 213.542 417.076 1716.19 223.804
  poly 2: 417.076 1557.22 300.671 287.267 1547.14 217.187 292.858 1628.72 166.362 271.53 1623.23 155.214 266.203 1545.51 203.64 -0.0012207 1524.85 32.436 -0.0012207 1540.15 22.1709 21.399 1547.03 32.4321 21.399 1609.1 -9.19331 -5.35127 1600.5 -22.0199 -21.4014 1603.09 -34.919 -21.4014 1649.64 -66.1381 -5.35127 1662.56 -63.6453 21.399 1671.16 -50.8187 21.399 1733.23 -92.4442 -0.0012207 1726.34 -102.705 -0.0012207 1741.65 -112.97 151.753 1827.48 -65.0377 154.387 1790.24 -38.2302 175.717 1798.45 -28.9123 172.821 1839.39 -58.3831 417.076 1977.54 18.7665 417.076 1962.23 29.0313 459.877 1976 49.5539 459.877 1586.28 310.929 417.076 1572.52 290.406 417.076 1557.22 300.671
  poly 3: 417.076 1568.37 322.944 266.07 1556.65 225.828 271.529 1636.31 176.199 250.202 1630.82 165.051 245.006 1555.02 212.281 -0.0012207 1536 54.7087 -0.0012207 1553.92 42.6934 0.212781 1553.99 42.796 -0.0012207 1615.98 1.06796 -26.7515 1607.38 -11.7586 -42.8016 1609.97 -24.6578 -42.8016 1656.52 -55.8768 -26.7515 1669.44 -53.3841 -0.0012207 1678.04 -40.5575 0.212781 1740.18 -82.0803 -0.0012207 1740.11 -82.1829 -0.0012207 1758.02 -94.1985 130.553 1831.86 -52.9617 133.056 1796.47 -27.4816 154.386 1804.68 -18.1637 151.622 1843.78 -46.3071 417.076 1993.91 37.5379 417.076 1976 49.5538 438.477 1982.88 59.8151 438.477 1593.17 321.19 417.076 1586.28 310.929 417.076 1568.37 322.944
element 91
  poly 0: 834.156 1524.85 32.436 567.951 1545.51 203.64 562.623 1623.23 155.214 541.296 1628.72 166.362 546.887 1547.14 217.187 417.076 1557.22 300.671 417.076 1572.52 290.406 417.29 1572.45 290.304 417.076 1702.42 203.281 390.326 1711.03 216.108 374.276 1732.43 212.913 374.276 1829.85 147.569 390.326 1840.93 128.983 417.076 1832.33 116.156 417.29 1962.16 28.9287 417.076 1962.23 29.0313 417.076 1977.54 18.7665 661.333 1839.39 -58.3831 658.438 1798.45 -28.9123 679.768 1790.24 -38.2302 682.401 1827.48 -65.0376 834.156 1741.65 -112.97 834.156 1524.85 32.436
  poly 1: 834.156 1536 54.7089 589.147 1555.02 212.281 583.952 1630.82 165.05 562.624 1636.31 176.199 568.084 1556.65 225.827 417.076 1568.37 322.944 417.076 1586.28 310.929 438.477 1579.4 300.667 438.477 1709.31 213.542 411.726 1717.91 226.369 395.676 1739.31 223.174 395.676 1836.74 157.831 411.726 1847.81 139.244 438.477 1839.21 126.418 438.477 1969.11 39.2926 417.076 1976 49.5538 417.076 1993.91 37.5382 682.533 1843.78 -46.3072 679.768 1804.68 -18.1638 701.098 1796.47 -27.4817 703.601 1831.86 -52.9618 834.156 1758.02 -94.1988 834.156 1536 54.7089
element 92
  poly 0: -395.679 1174.91 461.963 -395.679 1030.25 521.45 -417.079 1034.95 532.877 -417.079 1179.61 473.391 -395.679 1174.91 461.963
  poly 1: -417.079 1170.21 450.536 -417.079 1025.55 510.023 -438.479 1030.25 521.45 -438.479 1174.91 461.963 -417.079 1170.21 450.536
  poly 2: -417.079 1341.32 406.896 -535.817 1335.13 483.564 -541.333 1247.51 523.036 -562.662 1253.7 533.804 -557.608 1333.99 497.635 -834.156 1319.57 676.201 -834.156 1078.14 775.479 -677.338 1001.1 709.264 -679.712 1040.87 694.392 -658.378 1037.66 682.395 -655.557 990.399 700.067 -417.079 873.24 599.371 -417.079 890.284 592.363 -374.279 880.886 569.509 -374.279 1314.87 391.05 -417.079 1324.27 413.904 -417.079 1341.32 406.896
  poly 3: -417.079 1334.82 382.846 -557.377 1327.51 473.436 -562.663 1243.55 511.262 -583.992 1249.74 522.03 -579.168 1326.37 487.507 -834.156 1313.08 652.151 -834.156 1065.84 753.821 -698.894 999.384 696.707 -701.045 1035.42 683.23 -679.712 1032.21 671.234 -677.114 988.684 687.51 -417.079 860.936 577.713 -417.079 880.886 569.509 -395.679 876.187 558.082 -395.679 1310.18 379.623 -417.079 1314.87 391.05 -417.079 1334.82 382.846
element 93
  poly 0: -0.0012207 1233.41 711.63 -0.0012207 1164.3 740.05 -21.4014 1159.6 728.623 -21.4014 1228.72 700.203 -0.0012207 1233.41 711.63
  poly 1: 21.3989 1228.72 700.203 21.3989 1159.6 728.623 -0.0012207 1154.9 717.196 -0.0012207 1224.02 688.776 21.3989 1228.72 700.203
  poly 2: -0.0012207 1319.57 676.201 -276.55 1333.99 497.635 -271.496 1253.7 533.804 -292.825 1247.51 523.036 -298.341 1335.13 483.564 -417.079 1341.32 406.896 -417.079 1324.27 413.904 -416.865 1324.32 414.019 -417.079 1179.61 473.391 -443.829 1173.74 459.107 -459.879 1152.13 457.972 -459.879 1043.63 502.587 -443.829 1029.07 518.593 -417.079 1034.95 532.877 -416.865 890.331 592.477 -417.079 890.284 592.363 -417.079 873.24 599.371 -178.6 990.399 700.067 -175.78 1037.66 682.395 -154.446 1040.87 694.392 -156.82 1001.1 709.264 -0.0012207 1078.14 775.479 -0.0012207 1095.18 768.471 21.3989 1099.88 779.898 21.3989 1307.23 694.636 -0.0012207 1302.53 683.209 -0.0012207 1319.57 676.201
  poly 3: -0.0012207 1313.08 652.151 -254.989 1326.37 487.507 -250.165 1249.74 522.03 -271.495 1243.55 511.262 -276.78 1327.51 473.436 -417.079 1334.82 382.847 -417.079 1314.87 391.05 -395.679 1319.57 402.477 -395.679 1174.91 461.963 -422.429 1169.04 447.68 -438.479 1147.43 446.545 -438.479 1038.93 491.16 -422.429 1024.37 507.166 -395.679 1030.25 521.45 -395.679 885.585 580.936 -417.079 880.886 569.509 -417.079 860.936 577.712 -157.044 988.684 687.51 -154.446 1032.21 671.234 -133.113 1035.42 683.23 -135.264 999.384 696.707 -0.0012207 1065.84 753.821 -0.0012207 1085.79 745.617 42.7991 1095.18 768.471 42.7991 1302.53 683.209 -0.0012207 1293.13 660.355 -0.0012207 1313.08 652.151
element 94
  poly 0: 438.477 1174.91 461.963 438.477 1030.25 521.45 417.076 1034.95 532.877 417.076 1179.61 473.391 438.477 1174.91 461.963
  poly 1: 417.076 1170.21 450.536 417.076 1025.55 510.023 395.676 1030.25 521.45 395.676 1174.91 461.964 417.076 1170.21 450.536
  poly 2: 417.076 1341.32 406.896 298.338 1335.13 483.564 292.823 1247.51 523.036 271.493 1253.7 533.804 276.547 1333.99 497.635 -0.0012207 1319.57 676.201 -0.0012207 1302.53 683.209 21.3989 1297.83 671.782 21.3989 1228.72 700.203 -5.35126 1234.59 714.487 -21.4014 1229.47 726.609 -21.4014 1177.64 747.925 -5.35126 1165.47 742.907 21.3989 1159.6 728.623 21.3989 1090.49 757.044 -0.0012207 1095.18 768.471 -0.0012207 1078.14 775.479 156.818 1001.1 709.264 154.444 1040.87 694.392 175.777 1037.66 682.395 178.598 990.399 700.067 417.076 873.24 599.371 417.076 890.284 592.363 459.877 880.886 569.509 459.877 1314.87 391.05 417.076 1324.27 413.904 417.076 1341.32 406.896
  poly 3: 417.076 1334.82 382.846 276.778 1327.51 473.436 271.493 1243.55 511.262 250.163 1249.74 522.03 254.987 1326.37 487.507 -0.0012207 1313.08 652.152 -0.0012207 1293.13 660.355 0.212781 1293.08 660.241 -0.0012207 1224.02 688.776 -26.7514 1229.89 703.06 -42.8015 1224.77 715.182 -42.8015 1172.94 736.498 -26.7514 1160.77 731.48 -0.0012207 1154.9 717.196 0.212781 1085.74 745.502 -0.0012207 1085.79 745.617 -0.0012207 1065.84 753.821 135.261 999.384 696.707 133.11 1035.42 683.23 154.444 1032.21 671.234 157.042 988.684 687.51 417.076 860.936 577.713 417.076 880.886 569.509 438.477 876.187 558.082 438.477 1310.18 379.623 417.076 1314.87 391.05 417.076 1334.82 382.846
element 95
  poly 0: 834.156 1319.57 676.201 557.606 1333.99 497.635 562.661 1253.7 533.804 541.331 1247.51 523.036 535.815 1335.13 483.564 417.076 1341.32 406.896 417.076 1324.27 413.904 417.29 1324.32 414.019 417.076 1179.61 473.391 390.326 1173.74 459.107 374.276 1152.13 457.972 374.276 1043.63 502.587 390.326 1029.07 518.593 417.076 1034.95 532.877 417.29 890.331 592.477 417.076 890.284 592.363 417.076 873.24 599.371 655.556 990.399 700.067 658.377 1037.66 682.395 679.711 1040.87 694.392 677.337 1001.1 709.264 834.156 1078.14 775.479 834.156 1319.57 676.201
  poly 1: 834.156 1313.08 652.151 579.167 1326.37 487.507 583.991 1249.74 522.03 562.661 1243.55 511.262 557.376 1327.51 473.436 417.076 1334.82 382.847 417.076 1314.87 391.05 438.477 1319.57 402.477 438.477 1174.91 461.963 411.726 1169.04 447.68 395.676 1147.43 446.545 395.676 1038.93 491.16 411.726 1024.37 507.166 438.477 1030.25 521.45 438.477 885.585 580.936 417.076 880.886 569.509 417.076 860.936 577.712 677.113 988.684 687.51 679.711 1032.21 671.234 701.044 1035.42 683.23 698.893 999.384 696.707 834.156 1065.84 753.821 834.156 1313.08 652.151
element 96
  poly 0: -395.679 1321.08 580.594 -395.679 1461.49 511.657 -417.079 1456.04 500.566 -417.079 1315.64 569.504 -395.679 1321.08 580.594
  poly 1: -417.079 1326.53 591.685 -417.079 1466.93 522.747 -438.479 1461.49 511.657 -438.479 1321.08 580.594 -417.079 1326.53 591.685
  poly 2: -417.079 1158.69 646.563 -546.848 1159.89 562.508 -541.333 1247.51 523.036 -562.663 1243.55 511.262 -567.916 1160.09 548.861 -834.156 1162.55 376.41 -834.156 1396.88 261.357 -682.404 1475.51 320.355 -679.734 1435 341.963 -658.406 1441.91 352.287 -661.341 1486.42 328.544 -417.079 1612.99 423.507 -417.079 1596.45 431.629 -374.279 1607.34 453.81 -374.279 1186.12 660.622 -417.079 1175.23 638.441 -417.079 1158.69 646.563
  poly 3: -417.079 1166.76 670.13 -568.047 1168.16 572.343 -562.662 1253.7 533.804 -583.992 1249.74 522.03 -589.116 1168.35 558.696 -834.156 1170.62 399.976 -834.156 1410.59 282.153 -703.601 1478.24 332.91 -701.061 1439.72 353.454 -679.734 1446.63 363.778 -682.537 1489.15 341.099 -417.079 1626.7 444.302 -417.079 1607.34 453.81 -395.679 1612.78 464.9 -395.679 1191.57 671.713 -417.079 1186.12 660.622 -417.079 1166.76 670.13
element 97
  poly 0: -0.0012207 1246.17 335.352 -0.0012207 1313.25 302.415 -21.401 1318.7 313.506 -21.401 1251.62 346.442 -0.0012207 1246.17 335.352
  poly 1: 21.3986 1251.62 346.442 21.3986 1318.7 313.506 -0.0012207 1324.14 324.596 -0.0012207 1257.06 357.533 21.3986 1251.62 346.442
  poly 2: -0.0012207 1162.55 376.41 -266.241 1160.09 548.861 -271.495 1243.55 511.262 -292.825 1247.51 523.036 -287.31 1159.89 562.508 -417.079 1158.69 646.563 -417.079 1175.23 638.441 -416.865 1175.18 638.33 -417.079 1315.64 569.504 -443.829 1322.45 583.367 -459.878 1344.08 583.068 -459.878 1449.38 531.364 -443.829 1462.85 514.429 -417.079 1456.04 500.566 -416.865 1596.39 431.518 -417.079 1596.45 431.629 -417.079 1612.99 423.506 -172.817 1486.42 328.544 -175.752 1441.91 352.287 -154.424 1435 341.963 -151.753 1475.51 320.355 -0.0012207 1396.88 261.357 -0.0012207 1380.33 269.479 21.3986 1374.89 258.389 21.3986 1173.65 357.197 -0.0012207 1179.09 368.288 -0.0012207 1162.55 376.41
  poly 3: -0.0012207 1170.62 399.976 -245.042 1168.35 558.697 -250.165 1249.74 522.03 -271.496 1253.7 533.804 -266.11 1168.16 572.343 -417.079 1166.76 670.13 -417.079 1186.12 660.622 -395.679 1180.68 649.532 -395.679 1321.08 580.594 -422.429 1327.89 594.457 -438.479 1349.53 594.158 -438.479 1454.83 542.455 -422.429 1468.3 525.52 -395.679 1461.49 511.657 -395.679 1601.89 442.719 -417.079 1607.34 453.81 -417.079 1626.7 444.302 -151.621 1489.15 341.099 -154.424 1446.63 363.778 -133.096 1439.72 353.455 -130.557 1478.24 332.91 -0.0012207 1410.59 282.153 -0.0012207 1391.22 291.66 42.7984 1380.33 269.479 42.7984 1179.09 368.288 -0.0012207 1189.98 390.469 -0.0012207 1170.62 399.976
element 98
  poly 0: 438.476 1321.08 580.594 438.476 1461.49 511.657 417.076 1456.04 500.566 417.076 1315.64 569.504 438.476 1321.08 580.594
  poly 1: 417.076 1326.53 591.685 417.076 1466.93 522.747 395.677 1461.49 511.657 395.677 1321.08 580.594 417.076 1326.53 591.685
  poly 2: 417.076 1158.69 646.563 287.307 1159.89 562.508 292.823 1247.51 523.036 271.493 1243.55 511.262 266.239 1160.09 548.861 -0.0012207 1162.55 376.41 -0.0012207 1179.09 368.288 21.3986 1184.54 379.378 21.3986 1251.62 346.442 -5.35117 1244.81 332.579 -21.401 1249.11 320.144 -21.401 1299.42 295.442 -5.35117 1311.89 299.643 21.3986 1318.7 313.506 21.3986 1385.78 280.57 -0.0012207 1380.33 269.479 -0.0012207 1396.88 261.358 151.751 1475.51 320.355 154.422 1435 341.963 175.749 1441.91 352.287 172.815 1486.42 328.544 417.076 1612.99 423.507 417.076 1596.45 431.629 459.876 1607.34 453.81 459.876 1186.12 660.622 417.076 1175.23 638.441 417.076 1158.69 646.563
  poly 3: 417.076 1166.76 670.13 266.108 1168.16 572.343 271.493 1253.7 533.804 250.163 1249.74 522.03 245.04 1168.35 558.696 -0.0012207 1170.62 399.976 -0.0012207 1189.98 390.469 0.212777 1190.04 390.58 -0.0012207 1257.06 357.533 -26.751 1250.26 343.669 -42.8008 1254.56 331.235 -42.8008 1304.87 306.532 -26.751 1317.34 310.733 -0.0012207 1324.14 324.596 0.212777 1391.28 291.771 -0.0012207 1391.22 291.66 -0.0012207 1410.59 282.154 130.555 1478.24 332.91 133.094 1439.72 353.454 154.422 1446.63 363.778 151.618 1489.15 341.099 417.076 1626.7 444.302 417.076 1607.34 453.81 438.476 1612.78 464.9 438.476 1191.57 671.713 417.076 1186.12 660.622 417.076 1166.76 670.13
element 99
  poly 0: 834.156 1162.55 376.41 567.915 1160.09 548.861 562.661 1243.55 511.262 541.331 1247.51 523.036 546.846 1159.89 562.508 417.076 1158.69 646.563 417.076 1175.23 638.441 417.29 1175.18 638.33 417.076 1315.64 569.504 390.327 1322.45 583.367 374.277 1344.08 583.068 374.277 1449.38 531.364 390.327 1462.85 514.429 417.076 1456.04 500.566 417.29 1596.39 431.518 417.076 1596.45 431.629 417.076 1612.99 423.506 661.34 1486.42 328.544 658.405 1441.91 352.287 679.733 1435 341.963 682.404 1475.51 320.355 834.156 1396.88 261.357 834.156 1162.55 376.41
  poly 1: 834.156 1170.62 399.976 589.114 1168.35 558.697 583.991 1249.74 522.03 562.661 1253.7 533.804 568.046 1168.16 572.343 417.076 1166.76 670.13 417.076 1186.12 660.622 438.476 1180.68 649.532 438.476 1321.08 580.594 411.726 1327.89 594.457 395.677 1349.53 594.158 395.677 1454.83 542.455 411.726 1468.3 525.52 438.476 1461.49 511.657 438.476 1601.89 442.719 417.076 1607.34 453.81 417.076 1626.7 444.302 682.536 1489.15 341.099 679.733 1446.63 363.778 701.06 1439.72 353.455 703.6 1478.24 332.91 834.156 1410.59 282.153 834.156 1170.62 399.976
element 100
  poly 0: -395.679 758.295 756.519 -395.679 607.274 797.246 -417.079 610.491 809.175 -417.079 761.512 768.449 -395.679 758.295 756.519
  poly 1: -417.079 755.078 744.59 -417.079 604.057 785.317 -438.479 607.274 797.246 -438.479 758.295 756.519 -417.079 755.078 744.59
  poly 2: -417.079 930.325 722.924 -536.201 914.444 798.439 -541.372 822.499 826.326 -562.71 827.186 837.822 -557.966 911.542 812.236 -834.156 874.72 987.322 -834.156 622.676 1055.29 -677.522 554.702 979.958 -679.707 596.149 970.088 -658.363 594.35 957.81 -655.776 545.265 969.499 -417.079 441.678 854.699 -417.079 459.47 849.901 -374.279 453.036 826.043 -374.279 906.099 703.864 -417.079 912.533 727.722 -417.079 930.325 722.924
  poly 3: -417.079 926.927 698.247 -557.751 908.172 787.424 -562.71 820.01 814.164 -584.048 824.697 825.659 -579.516 905.271 801.221 -834.156 871.321 962.645 -834.156 613.209 1032.25 -699.067 554.583 967.28 -701.051 592.221 958.317 -679.707 590.422 946.039 -677.32 545.146 956.821 -417.079 432.208 831.659 -417.079 453.036 826.043 -395.679 449.819 814.114 -395.679 902.882 691.935 -417.079 906.099 703.864 -417.079 926.927 698.247
element 101
  poly 0: -0.0012207 784.775 1011.58 -0.0012207 712.622 1031.03 -21.4012 709.405 1019.11 -21.4012 781.558 999.648 -0.0012207 784.775 1011.58
  poly 1: 21.3988 781.558 999.648 21.3988 709.405 1019.11 -0.0012207 706.188 1007.18 -0.0012207 778.341 987.719 21.3988 781.558 999.648
  poly 2: -0.0012207 874.72 987.322 -276.192 911.542 812.236 -271.448 827.186 837.822 -292.786 822.499 826.326 -297.957 914.444 798.439 -417.079 930.325 722.924 -417.079 912.533 727.722 -416.865 912.565 727.842 -417.079 761.512 768.449 -443.829 757.491 753.537 -459.879 736.2 749.681 -459.879 622.935 780.226 -443.829 606.47 794.263 -417.079 610.491 809.175 -416.865 459.502 850.02 -417.079 459.47 849.901 -417.079 441.678 854.699 -178.382 545.265 969.499 -175.795 594.35 957.81 -154.451 596.149 970.088 -156.636 554.702 979.958 -0.0012207 622.676 1055.29 -0.0012207 640.47 1050.49 21.3988 643.687 1062.42 21.3988 860.144 1004.05 -0.0012207 856.927 992.12 -0.0012207 874.72 987.322
  poly 3: -0.0012207 871.321 962.645 -254.641 905.27 801.221 -250.11 824.697 825.659 -271.448 820.01 814.164 -276.406 908.172 787.424 -417.079 926.927 698.247 -417.079 906.099 703.864 -395.679 909.316 715.793 -395.679 758.295 756.519 -422.429 754.274 741.608 -438.479 732.983 737.752 -438.479 619.718 768.297 -422.429 603.253 782.334 -395.679 607.274 797.246 -395.679 456.253 837.972 -417.079 453.036 826.043 -417.079 432.21 831.659 -156.837 545.146 956.821 -154.451 590.422 946.039 -133.107 592.221 958.317 -135.091 554.583 967.28 -0.0012207 613.209 1032.25 -0.0012207 634.036 1026.63 42.7988 640.47 1050.49 42.7988 856.927 992.12 -0.0012207 850.494 968.261 -0.0012207 871.321 962.645
element 102
  poly 0: 438.476 758.295 756.519 438.476 607.274 797.246 417.076 610.491 809.175 417.076 761.512 768.449 438.476 758.295 756.519
  poly 1: 417.076 755.078 744.59 417.076 604.057 785.317 395.676 607.274 797.246 395.676 758.295 756.52 417.076 755.078 744.59
  poly 2: 417.076 930.325 722.924 297.955 914.444 798.439 292.784 822.499 826.326 271.445 827.186 837.822 276.19 911.542 812.236 -0.0012207 874.72 987.322 -0.0012207 856.927 992.12 21.3988 853.711 980.191 21.3988 781.558 999.648 -5.35122 785.579 1014.56 -21.4012 778.973 1025.94 -21.4012 724.858 1040.53 -5.35122 713.427 1034.02 21.3988 709.405 1019.11 21.3988 637.253 1038.56 -0.0012207 640.47 1050.49 -0.0012207 622.676 1055.29 156.633 554.702 979.958 154.448 596.149 970.088 175.792 594.35 957.81 178.38 545.265 969.499 417.076 441.678 854.699 417.076 459.47 849.901 459.877 453.036 826.043 459.877 906.099 703.864 417.076 912.533 727.722 417.076 930.325 722.924
  poly 3: 417.076 926.927 698.247 276.404 908.172 787.424 271.445 820.01 814.164 250.107 824.697 825.659 254.639 905.271 801.221 -0.0012207 871.321 962.645 -0.0012207 850.494 968.261 0.212779 850.461 968.142 -0.0012207 778.341 987.719 -26.7512 782.362 1002.63 -42.8012 775.756 1014.01 -42.8012 721.641 1028.6 -26.7512 710.21 1022.09 -0.0012207 706.188 1007.18 0.212779 634.004 1026.51 -0.0012207 634.036 1026.63 -0.0012207 613.206 1032.25 135.089 554.583 967.28 133.105 592.221 958.317 154.448 590.422 946.039 156.835 545.146 956.821 417.076 432.208 831.659 417.076 453.036 826.043 438.476 449.819 814.114 438.476 902.882 691.935 417.076 906.099 703.864 417.076 926.927 698.247
element 103
  poly 0: 834.156 874.72 987.322 557.964 911.542 812.236 562.708 827.186 837.822 541.37 822.499 826.326 536.199 914.444 798.439 417.076 930.325 722.924 417.076 912.533 727.722 417.29 912.565 727.842 417.076 761.512 768.449 390.326 757.491 753.537 374.276 736.2 749.681 374.276 622.935 780.226 390.326 606.47 794.264 417.076 610.491 809.175 417.29 459.502 850.02 417.076 459.47 849.901 417.076 441.678 854.699 655.775 545.265 969.499 658.362 594.35 957.81 679.706 596.149 970.088 677.521 554.702 979.958 834.156 622.676 1055.29 834.156 874.72 987.322
  poly 1: 834.156 871.321 962.645 579.515 905.27 801.221 584.047 824.697 825.659 562.708 820.01 814.164 557.75 908.172 787.424 417.076 926.927 698.247 417.076 906.099 703.864 438.476 909.316 715.793 438.476 758.295 756.519 411.726 754.274 741.608 395.676 732.983 737.752 395.676 619.718 768.297 411.726 603.253 782.334 438.476 607.274 797.246 438.476 456.253 837.972 417.076 453.036 826.043 417.076 432.21 831.659 677.319 545.146 956.821 679.706 590.422 946.039 701.05 592.221 958.317 699.066 554.583 967.28 834.156 613.209 1032.25 834.156 871.321 962.645
element 104
  poly 0: -395.679 888.037 892.982 -395.679 1036.24 842.953 -417.079 1032.28 831.247 -417.079 884.085 881.275 -395.679 888.037 892.982
  poly 1: -417.079 891.989 904.688 -417.079 1040.19 854.66 -438.479 1036.24 842.953 -438.479 888.037 892.982 -417.079 891.989 904.688
  poly 2: -417.079 718.426 937.198 -546.543 730.554 854.213 -541.372 822.499 826.326 -562.71 820.01 814.164 -567.63 732.53 840.697 -834.156 757.498 669.857 -834.156 1004.83 586.363 -682.275 1075.16 655.175 -679.712 1032.21 671.234 -658.378 1037.66 682.395 -661.199 1084.91 664.723 -417.079 1197.94 775.324 -417.079 1180.48 781.219 -374.279 1188.39 804.631 -374.279 743.789 954.716 -417.079 735.886 931.304 -417.079 718.426 937.198
  poly 3: -417.079 723.35 961.616 -567.756 737.467 865.034 -562.71 827.186 837.822 -584.048 824.697 825.659 -588.843 739.442 851.517 -834.156 762.425 694.275 -834.156 1015.72 608.77 -703.48 1076.22 667.974 -701.045 1035.42 683.23 -679.711 1040.87 694.391 -682.404 1085.98 677.523 -417.079 1208.83 797.732 -417.079 1188.39 804.631 -395.679 1192.34 816.338 -395.679 747.741 966.423 -417.079 743.789 954.716 -417.079 723.35 961.616
element 105
  poly 0: -0.0012207 845.764 640.061 -0.0012207 916.569 616.159 -21.4013 920.521 627.865 -21.4013 849.716 651.767 -0.0012207 845.764 640.061
  poly 1: 21.3989 849.716 651.767 21.3989 920.521 627.865 -0.0012207 924.473 639.572 -0.0012207 853.668 663.474 21.3989 849.716 651.767
  poly 2: -0.0012207 757.498 669.857 -266.528 732.53 840.697 -271.448 820.01 814.163 -292.786 822.499 826.326 -287.615 730.554 854.213 -417.079 718.426 937.198 -417.079 735.886 931.304 -416.865 735.846 931.187 -417.079 884.085 881.275 -443.829 889.025 895.908 -459.879 910.513 898.434 -459.879 1021.66 860.913 -443.829 1037.22 845.88 -417.079 1032.28 831.247 -416.865 1180.44 781.102 -417.079 1180.48 781.219 -417.079 1197.94 775.325 -172.959 1084.91 664.723 -175.78 1037.66 682.395 -154.446 1032.21 671.234 -151.883 1075.16 655.174 -0.0012207 1004.83 586.363 -0.0012207 987.374 592.257 21.3989 983.422 580.551 21.3989 771.008 652.256 -0.0012207 774.959 663.963 -0.0012207 757.498 669.857
  poly 3: -0.0012207 762.425 694.275 -245.315 739.442 851.518 -250.11 824.697 825.66 -271.448 827.186 837.822 -266.402 737.467 865.034 -417.079 723.35 961.616 -417.079 743.789 954.716 -395.679 739.838 943.01 -395.679 888.037 892.982 -422.429 892.976 907.615 -438.479 914.465 910.141 -438.479 1025.61 872.62 -422.429 1041.18 857.586 -395.679 1036.24 842.953 -395.679 1184.44 792.925 -417.079 1188.39 804.631 -417.079 1208.82 797.732 -151.754 1085.98 677.523 -154.446 1040.87 694.392 -133.113 1035.42 683.231 -130.678 1076.22 667.975 -0.0012207 1015.72 608.77 -0.0012207 995.278 615.67 42.799 987.374 592.257 42.799 774.959 663.963 -0.0012207 782.863 687.376 -0.0012207 762.425 694.275
element 106
  poly 0: 438.477 888.037 892.982 438.477 1036.24 842.953 417.076 1032.28 831.247 417.076 884.085 881.275 438.477 888.037 892.982
  poly 1: 417.076 891.989 904.688 417.076 1040.19 854.66 395.676 1036.24 842.953 395.676 888.037 892.982 417.076 891.989 904.688
  poly 2: 417.076 718.426 937.198 287.612 730.554 854.213 292.783 822.499 826.326 271.445 820.01 814.164 266.525 732.53 840.697 -0.0012207 757.498 669.857 -0.0012207 774.959 663.963 21.3989 778.911 675.669 21.3989 849.716 651.767 -5.35125 844.776 637.134 -21.4013 850.663 625.367 -21.4013 903.767 607.44 -5.35125 915.581 613.232 21.3989 920.521 627.865 21.3989 991.326 603.963 -0.0012207 987.374 592.257 -0.0012207 1004.83 586.363 151.88 1075.16 655.175 154.444 1032.21 671.234 175.777 1037.66 682.395 172.956 1084.91 664.723 417.076 1197.94 775.324 417.076 1180.48 781.219 459.877 1188.39 804.631 459.877 743.789 954.716 417.076 735.886 931.304 417.076 718.426 937.198
  poly 3: 417.076 723.35 961.616 266.4 737.467 865.034 271.446 827.186 837.822 250.107 824.697 825.659 245.313 739.442 851.517 -0.0012207 762.425 694.275 -0.0012207 782.863 687.376 0.21278 782.902 687.493 -0.0012207 853.668 663.474 -26.7514 848.728 648.841 -42.8015 854.615 637.073 -42.8015 907.719 619.147 -26.7514 919.533 624.939 -0.0012207 924.473 639.572 0.21278 995.317 615.787 -0.0012207 995.278 615.67 -0.0012207 1015.72 608.769 130.675 1076.22 667.974 133.111 1035.42 683.23 154.444 1040.87 694.391 151.751 1085.98 677.523 417.076 1208.83 797.732 417.076 1188.39 804.631 438.477 1192.34 816.338 438.477 747.741 966.423 417.076 743.789 954.716 417.076 723.35 961.616
element 107
  poly 0: 834.156 757.498 669.857 567.628 732.53 840.697 562.708 820.01 814.163 541.37 822.499 826.326 546.541 730.554 854.213 417.076 718.426 937.198 417.076 735.886 931.304 417.29 735.846 931.187 417.076 884.085 881.275 390.326 889.025 895.908 374.276 910.513 898.434 374.276 1021.66 860.913 390.326 1037.22 845.88 417.076 1032.28 831.247 417.29 1180.44 781.102 417.076 1180.48 781.219 417.076 1197.94 775.325 661.198 1084.91 664.723 658.377 1037.66 682.395 679.71 1032.21 671.234 682.274 1075.16 655.174 834.156 1004.83 586.363 834.156 757.498 669.857
  poly 1: 834.156 762.425 694.275 588.842 739.442 851.518 584.047 824.697 825.66 562.708 827.186 837.822 567.754 737.467 865.034 417.076 723.35 961.616 417.076 743.789 954.716 438.477 739.838 943.01 438.477 888.037 892.982 411.726 892.976 907.615 395.676 914.465 910.141 395.676 1025.61 872.62 411.726 1041.18 857.586 438.477 1036.24 842.953 438.477 1184.44 792.925 417.076 1188.39 804.631 417.076 1208.82 797.732 682.403 1085.98 677.523 679.711 1040.87 694.392 701.044 1035.42 683.231 703.479 1076.22 667.975 834.156 1015.72 608.77 834.156 762.425 694.275
element 108
  poly 0: -395.679 314.748 996.805 -395.679 167.264 1018.83 -417.079 169.089 1031.05 -417.079 316.573 1009.03 -395.679 314.748 996.805
  poly 1: -417.079 312.923 984.585 -417.079 165.439 1006.61 -438.479 167.264 1018.83 -438.479 314.748 996.805 -417.079 312.923 984.585
  poly 2: -417.079 1.41881e-10 1056.3 -417.079 21.6055 1053.08 -374.279 17.9557 1028.64 -374.279 460.407 962.56 -417.079 464.057 987 -417.079 482.283 984.278 -536.75 457.717 1057.81 -541.403 363.136 1074.65 -562.753 366.321 1086.63 -558.476 453.257 1071.15 -834.156 396.666 1240.53 -834.156 138.482 1279.09 -677.773 79.7083 1196.58 -679.717 122.177 1191.37 -658.361 121.636 1178.99 -656.068 71.5511 1185.13 -465.687 1.41881e-10 1084.68 -442.597 1.41881e-10 1071.2 -448.529 10.7001 1073.06 -433.744 10.7001 1064.43 -438.285 1.41881e-10 1068.68 -417.079 1.41881e-10 1056.3
  poly 3: -417.079 1.41881e-10 1031.32 -417.079 17.9557 1028.64 -395.679 16.1308 1016.42 -395.679 458.582 950.34 -417.079 460.407 962.56 -417.079 481.741 959.374 -558.288 452.754 1046.13 -562.754 361.988 1062.3 -584.103 365.173 1074.28 -580.014 448.294 1059.48 -834.156 396.124 1215.63 -834.156 131.722 1255.12 -699.303 81.0397 1183.96 -701.073 119.709 1179.22 -679.717 119.169 1166.84 -677.598 72.8824 1172.51 -483.674 1.41881e-10 1070.19 -453.475 1.41881e-10 1052.56 -459.407 10.7001 1054.43 -444.622 10.7001 1045.8 -449.163 1.41881e-10 1050.05 -417.079 1.41881e-10 1031.32
element 109
  poly 0: -0.0012207 304.529 1254.29 -0.0012207 230.618 1265.33 -21.4013 228.793 1253.11 -21.4013 302.704 1242.07 -0.0012207 304.529 1254.29
  poly 1: 21.3989 302.704 1242.07 21.3989 228.793 1253.11 -0.0012207 226.968 1240.89 -0.0012207 300.879 1229.85 21.3989 302.704 1242.07
  poly 2: -368.471 1.41881e-10 1084.68 -178.09 71.5511 1185.13 -175.797 121.636 1178.99 -154.441 122.177 1191.37 -156.385 79.7083 1196.58 -0.0012207 138.482 1279.09 -0.0012207 156.708 1276.37 21.3989 158.532 1288.59 21.3989 380.264 1255.48 -0.0012207 378.439 1243.26 -0.0012207 396.666 1240.53 -275.682 453.257 1071.15 -271.404 366.321 1086.63 -292.754 363.136 1074.65 -297.408 457.717 1057.81 -417.079 482.283 984.278 -417.079 464.057 987 -416.865 464.075 987.122 -417.079 316.573 1009.03 -443.829 314.292 993.75 -459.879 294.488 987.338 -459.879 183.875 1003.86 -443.829 166.808 1015.78 -417.079 169.089 1031.05 -416.865 21.6238 1053.2 -417.079 21.6055 1053.08 -417.079 1.41881e-10 1056.3 -395.873 1.41881e-10 1068.68 -400.414 10.7001 1064.43 -385.629 10.7001 1073.06 -391.561 1.41881e-10 1071.2 -368.471 1.41881e-10 1084.68
  poly 3: -350.483 1.41881e-10 1070.19 -156.56 72.8824 1172.51 -154.441 119.169 1166.84 -133.085 119.709 1179.22 -134.855 81.0397 1183.96 -0.0012207 131.722 1255.12 -0.0012207 153.058 1251.93 42.799 156.708 1276.37 42.799 378.439 1243.26 -0.0012207 374.789 1218.82 -0.0012207 396.124 1215.63 -254.144 448.294 1059.48 -250.054 365.173 1074.28 -271.404 361.988 1062.3 -275.87 452.754 1046.13 -417.079 481.741 959.374 -417.079 460.407 962.56 -395.679 462.232 974.78 -395.679 314.748 996.805 -422.429 312.467 981.53 -438.479 292.663 975.119 -438.479 182.05 991.637 -422.429 164.983 1003.56 -395.679 167.264 1018.83 -395.679 19.7806 1040.86 -417.079 17.9557 1028.64 -417.079 1.41881e-10 1031.32 -384.995 1.41881e-10 1050.05 -389.536 10.7001 1045.8 -374.751 10.7001 1054.43 -380.683 1.41881e-10 1052.56 -350.483 1.41881e-10 1070.19
element 110
  poly 0: 438.477 314.748 996.805 438.477 167.264 1018.83 417.076 169.089 1031.05 417.076 316.573 1009.03 438.477 314.748 996.805
  poly 1: 417.076 312.923 984.585 417.076 165.439 1006.61 395.676 167.264 1018.83 395.676 314.748 996.805 417.076 312.923 984.585
  poly 2: 417.076 1.41881e-10 1056.3 417.076 21.6055 1053.08 459.877 17.9557 1028.64 459.877 460.407 962.56 417.076 464.057 987 417.076 482.283 984.278 297.405 457.717 1057.81 292.752 363.136 1074.65 271.402 366.321 1086.63 275.679 453.257 1071.15 -0.0012207 396.666 1240.53 -0.0012207 378.439 1243.26 21.3989 376.614 1231.04 21.3989 302.704 1242.07 -5.35125 304.985 1257.35 -21.4013 297.115 1267.89 -21.4013 241.682 1276.17 -5.35125 231.074 1268.39 21.3989 228.793 1253.11 21.3989 154.883 1264.15 -0.0012207 156.708 1276.37 -0.0012207 138.482 1279.09 156.383 79.7083 1196.58 154.438 122.177 1191.37 175.794 121.636 1178.99 178.087 71.5511 1185.13 368.468 1.41881e-10 1084.68 391.558 1.41881e-10 1071.2 385.626 10.7001 1073.06 400.411 10.7001 1064.43 395.871 1.41881e-10 1068.68 417.076 1.41881e-10 1056.3
  poly 3: 417.076 1.41881e-10 1031.32 417.076 17.9557 1028.64 438.477 16.1308 1016.42 438.477 458.582 950.34 417.076 460.407 962.56 417.076 481.741 959.374 275.868 452.754 1046.13 271.402 361.988 1062.3 250.052 365.173 1074.28 254.142 448.294 1059.48 -0.0012207 396.124 1215.63 -0.0012207 374.789 1218.82 0.21278 374.771 1218.69 -0.0012207 300.879 1229.85 -26.7514 303.16 1245.13 -42.8015 295.29 1255.67 -42.8015 239.857 1263.95 -26.7514 229.249 1256.17 -0.0012207 226.968 1240.89 0.21278 153.039 1251.81 -0.0012207 153.058 1251.93 -0.0012207 131.722 1255.12 134.853 81.0397 1183.96 133.082 119.709 1179.22 154.438 119.169 1166.84 156.557 72.8824 1172.51 350.481 1.41881e-10 1070.19 380.68 1.41881e-10 1052.56 374.748 10.7001 1054.43 389.533 10.7001 1045.8 384.993 1.41881e-10 1050.05 417.076 1.41881e-10 1031.32
element 111
  poly 0: 465.685 1.41881e-10 1084.68 656.067 71.5511 1185.13 658.36 121.636 1178.99 679.716 122.177 1191.37 677.772 79.7083 1196.58 834.156 138.482 1279.09 834.156 396.666 1240.53 558.474 453.257 1071.15 562.752 366.321 1086.63 541.402 363.136 1074.65 536.748 457.717 1057.81 417.076 482.283 984.278 417.076 464.057 987 417.29 464.075 987.122 417.076 316.573 1009.03 390.326 314.292 993.75 374.276 294.488 987.339 374.276 183.875 1003.86 390.326 166.808 1015.78 417.076 169.089 1031.05 417.29 21.6238 1053.2 417.076 21.6055 1053.08 417.076 1.41881e-10 1056.3 438.282 1.41881e-10 1068.68 433.742 10.7001 1064.43 448.527 10.7001 1073.06 442.595 1.41881e-10 1071.2 465.685 1.41881e-10 1084.68
  poly 1: 483.672 1.41881e-10 1070.19 677.597 72.8824 1172.51 679.716 119.169 1166.84 701.072 119.709 1179.22 699.302 81.0397 1183.96 834.156 131.722 1255.12 834.156 396.124 1215.63 580.012 448.294 1059.48 584.102 365.173 1074.28 562.752 361.988 1062.3 558.286 452.754 1046.13 417.076 481.741 959.374 417.076 460.407 962.56 438.477 462.232 974.78 438.477 314.748 996.805 411.726 312.467 981.53 395.676 292.663 975.119 395.676 182.05 991.637 411.726 164.983 1003.56 438.477 167.264 1018.83 438.477 19.7806 1040.86 417.076 17.9557 1028.64 417.076 1.41881e-10 1031.32 449.16 1.41881e-10 1050.05 444.62 10.7001 1045.8 459.405 10.7001 1054.43 453.473 1.41881e-10 1052.56 483.672 1.41881e-10 1070.19
element 112
  poly 0: -395.679 420.268 1148.74 -395.679 573.435 1117.02 -417.079 570.929 1104.92 -417.079 417.763 1136.64 -395.679 420.268 1148.74
  poly 1: -417.079 422.773 1160.83 -417.079 575.94 1129.12 -438.479 573.435 1117.02 -438.479 420.268 1148.74 -417.079 422.773 1160.83
  poly 2: -417.079 246.551 1172.09 -546.057 268.555 1091.49 -541.404 363.136 1074.65 -562.754 361.988 1062.3 -567.173 272.158 1078.29 -834.156 317.706 911.447 -834.156 573.331 858.514 -682.051 634.895 935.447 -679.707 590.422 946.039 -658.363 594.35 957.81 -660.951 643.435 946.12 -417.079 742.142 1069.47 -417.079 724.096 1073.2 -374.279 729.107 1097.4 -374.279 269.606 1192.55 -417.079 264.596 1168.35 -417.079 246.551 1172.09
  poly 3: -417.079 248.482 1196.92 -567.29 274.11 1103.05 -562.753 366.321 1086.63 -584.103 365.172 1074.28 -588.407 277.712 1089.86 -834.156 319.639 936.281 -834.156 581.419 882.074 -703.274 634.394 948.273 -701.051 592.221 958.317 -679.707 596.149 970.088 -682.173 642.934 958.946 -417.079 750.23 1093.03 -417.079 729.107 1097.4 -395.679 731.612 1109.5 -395.679 272.112 1204.65 -417.079 269.606 1192.55 -417.079 248.482 1196.92
element 113
  poly 0: -0.0012207 408.93 892.557 -0.0012207 482.107 877.404 -21.4012 484.613 889.503 -21.4012 411.435 904.656 -0.0012207 408.93 892.557
  poly 1: 21.3987 411.435 904.656 21.3987 484.613 889.503 -0.0012207 487.118 901.601 -0.0012207 413.94 916.754 21.3987 411.435 904.656
  poly 2: -0.0012207 317.706 911.447 -266.984 272.158 1078.29 -271.404 361.988 1062.3 -292.754 363.136 1074.65 -288.101 268.555 1091.49 -417.079 246.551 1172.09 -417.079 264.596 1168.35 -416.865 264.571 1168.23 -417.079 417.763 1136.64 -443.829 420.894 1151.76 -459.879 441.919 1156.87 -459.879 556.794 1133.08 -443.829 574.061 1120.04 -417.079 570.929 1104.92 -416.865 724.071 1073.08 -417.079 724.096 1073.2 -417.079 742.142 1069.47 -173.207 643.435 946.12 -175.795 594.35 957.81 -154.451 590.422 946.039 -152.106 634.895 935.447 -0.0012207 573.331 858.514 -0.0012207 555.285 862.251 21.3987 552.78 850.153 21.3987 333.247 895.611 -0.0012207 335.752 907.71 -0.0012207 317.706 911.447
  poly 3: -0.0012207 319.639 936.281 -245.751 277.712 1089.86 -250.054 365.173 1074.28 -271.404 366.321 1086.63 -266.867 274.11 1103.05 -417.079 248.482 1196.92 -417.079 269.606 1192.55 -395.679 267.101 1180.45 -395.679 420.268 1148.74 -422.429 423.399 1163.86 -438.479 444.424 1168.97 -438.479 559.299 1145.18 -422.429 576.566 1132.14 -395.679 573.435 1117.02 -395.679 726.601 1085.3 -417.079 729.107 1097.4 -417.079 750.23 1093.03 -151.984 642.934 958.946 -154.451 596.149 970.088 -133.107 592.221 958.317 -130.884 634.394 948.273 -0.0012207 581.419 882.074 -0.0012207 560.296 886.448 42.7987 555.285 862.251 42.7987 335.752 907.71 -0.0012207 340.762 931.907 -0.0012207 319.639 936.281
element 114
  poly 0: 438.476 420.268 1148.74 438.476 573.435 1117.02 417.076 570.929 1104.92 417.076 417.763 1136.64 438.476 420.268 1148.74
  poly 1: 417.076 422.773 1160.83 417.076 575.94 1129.12 395.676 573.435 1117.02 395.676 420.268 1148.74 417.076 422.773 1160.83
  poly 2: 417.076 246.551 1172.09 288.098 268.555 1091.49 292.752 363.136 1074.65 271.402 361.988 1062.3 266.982 272.158 1078.29 -0.0012207 317.706 911.447 -0.0012207 335.752 907.71 21.3987 338.257 919.808 21.3987 411.435 904.656 -5.35121 408.303 889.532 -21.4012 415.572 878.564 -21.4012 470.455 867.2 -5.35121 481.481 874.379 21.3987 484.613 889.503 21.3987 557.79 874.35 -0.0012207 555.285 862.251 -0.0012207 573.331 858.514 152.104 634.895 935.447 154.448 590.422 946.039 175.792 594.35 957.81 173.205 643.435 946.12 417.076 742.142 1069.47 417.076 724.096 1073.2 459.876 729.107 1097.4 459.876 269.606 1192.55 417.076 264.596 1168.35 417.076 246.551 1172.09
  poly 3: 417.076 248.482 1196.92 266.865 274.11 1103.05 271.402 366.321 1086.63 250.052 365.172 1074.28 245.749 277.712 1089.86 -0.0012207 319.639 936.281 -0.0012207 340.762 931.907 0.212779 340.787 932.028 -0.0012207 413.94 916.754 -26.7512 410.809 901.631 -42.8011 418.077 890.663 -42.8011 472.96 879.298 -26.7512 483.986 886.478 -0.0012207 487.118 901.601 0.212779 560.321 886.569 -0.0012207 560.296 886.448 -0.0012207 581.419 882.074 130.881 634.394 948.273 133.104 592.221 958.317 154.448 596.149 970.088 151.982 642.934 958.946 417.076 750.23 1093.03 417.076 729.107 1097.4 438.476 731.612 1109.5 438.476 272.112 1204.65 417.076 269.606 1192.55 417.076 248.482 1196.92
element 115
  poly 0: 834.156 317.706 911.447 567.172 272.158 1078.29 562.752 361.988 1062.3 541.402 363.136 1074.65 546.055 268.555 1091.49 417.076 246.551 1172.09 417.076 264.596 1168.35 417.29 264.571 1168.23 417.076 417.763 1136.64 390.326 420.894 1151.76 374.276 441.919 1156.87 374.276 556.794 1133.08 390.326 574.061 1120.04 417.076 570.929 1104.92 417.29 724.071 1073.08 417.076 724.096 1073.2 417.076 742.142 1069.47 660.95 643.435 946.12 658.362 594.35 957.81 679.706 590.422 946.039 682.05 634.895 935.447 834.156 573.331 858.514 834.156 317.706 911.447
  poly 1: 834.156 319.639 936.281 588.405 277.712 1089.86 584.102 365.173 1074.28 562.752 366.321 1086.63 567.289 274.11 1103.05 417.076 248.482 1196.92 417.076 269.606 1192.55 438.476 267.101 1180.45 438.476 420.268 1148.74 411.726 423.399 1163.86 395.676 444.424 1168.97 395.676 559.299 1145.18 411.726 576.566 1132.14 438.476 573.435 1117.02 438.476 726.601 1085.3 417.076 729.107 1097.4 417.076 750.23 1093.03 682.172 642.934 958.946 679.706 596.149 970.088 701.05 592.221 958.317 703.273 634.394 948.273 834.156 581.419 882.074 834.156 319.639 936.281
element 116
  poly 0: -395.679 93.017 1334.09 -395.679 166.126 1327.07 -417.079 164.944 1314.77 -417.079 91.8356 1321.79 -395.679 93.017 1334.09
  poly 1: -417.079 94.1984 1346.39 -417.079 167.307 1339.37 -438.479 166.126 1327.07 -438.479 93.017 1334.09 -417.079 94.1984 1346.39
  poly 2: -834.156 1.41875e-10 1088.71 -834.156 111.404 1078.01 -681.787 164.374 1161.29 -679.717 119.169 1166.84 -658.361 121.636 1178.99 -660.654 171.721 1172.85 -417.079 256.397 1305.99 -417.079 238.053 1307.75 -374.279 240.416 1332.35 -374.279 21.0898 1353.41 -417.079 18.7269 1328.82 -417.079 1.56443e-10 1330.62 -522.452 1.52763e-10 1269.5 -516.761 10.7 1271.77 -531.57 10.7 1263.18 -526.771 1.52612e-10 1266.99 -713.69 1.46083e-10 1158.58 -707.999 10.7 1160.85 -722.808 10.7 1152.26 -718.01 1.45932e-10 1156.07 -834.156 1.41875e-10 1088.71
  poly 3: -834.156 1.45513e-10 1113.53 -834.156 116.898 1102.3 -703.031 162.481 1173.98 -701.073 119.709 1179.22 -679.717 122.177 1191.37 -681.899 169.828 1185.53 -417.079 261.888 1330.28 -417.079 240.416 1332.35 -395.679 241.597 1344.65 -395.679 22.2712 1365.71 -417.079 21.0898 1353.41 -417.079 1.60081e-10 1355.44 -533.226 1.56024e-10 1288.07 -527.535 10.7 1290.35 -542.344 10.7 1281.76 -537.545 1.55873e-10 1285.57 -724.464 1.49344e-10 1177.15 -718.773 10.7 1179.43 -733.582 10.7 1170.84 -728.783 1.49193e-10 1174.65 -834.156 1.45513e-10 1113.53
element 117
  poly 0: -0.0012207 43.5051 1084.53 -0.0012207 68.2832 1082.15 -21.4013 69.4646 1094.45 -21.4013 44.6865 1096.83 -0.0012207 43.5051 1084.53
  poly 1: 21.3988 44.6865 1096.83 21.3988 69.4646 1094.45 -0.0012207 70.646 1106.75 -0.0012207 45.8679 1109.13 21.3988 44.6865 1096.83
  poly 2: -417.079 1.53872e-10 1330.62 -417.079 18.7269 1328.82 -416.865 18.7151 1328.69 -417.079 91.8356 1321.79 -443.829 93.3123 1337.17 -459.879 103.337 1345.51 -459.879 158.168 1340.25 -443.829 166.421 1330.15 -417.079 164.944 1314.77 -416.865 238.041 1307.63 -417.079 238.053 1307.75 -417.079 256.397 1305.99 -173.504 171.721 1172.85 -175.797 121.636 1178.99 -154.441 119.169 1166.84 -152.371 164.374 1161.29 -0.0012207 111.404 1078.01 -0.0012207 93.0613 1079.77 21.3988 91.8799 1067.47 21.3988 17.5455 1074.61 -0.0012207 18.7269 1086.91 -0.0012207 1.41872e-10 1088.71 -116.148 1.45929e-10 1156.07 -111.349 10.7 1152.26 -126.159 10.7 1160.85 -120.468 1.4608e-10 1158.58 -307.386 1.52609e-10 1266.99 -302.588 10.7 1263.18 -317.397 10.7 1271.77 -311.706 1.5276e-10 1269.5 -417.079 1.53872e-10 1330.62
  poly 3: -417.079 1.59435e-10 1355.44 -417.079 21.0898 1353.41 -395.679 19.9084 1341.12 -395.679 93.017 1334.09 -422.429 94.4937 1349.47 -438.479 104.518 1357.81 -438.479 159.35 1352.55 -422.429 167.602 1342.44 -395.679 166.126 1327.07 -395.679 239.234 1320.05 -417.079 240.416 1332.35 -417.079 261.89 1330.28 -152.259 169.828 1185.53 -154.441 122.177 1191.37 -133.085 119.709 1179.22 -131.127 162.481 1173.98 -0.0012207 116.898 1102.3 -0.0012207 95.4241 1104.37 42.7989 93.0613 1079.77 42.7989 18.7269 1086.91 -0.0012207 21.0898 1111.51 -0.0012207 1.45512e-10 1113.53 -105.374 1.49192e-10 1174.65 -100.575 10.7 1170.84 -115.385 10.7 1179.43 -109.694 1.49343e-10 1177.15 -296.613 1.55872e-10 1285.57 -291.814 10.7 1281.76 -306.623 10.7 1290.35 -300.932 1.56023e-10 1288.07 -417.079 1.59435e-10 1355.44
element 118
  poly 0: 438.477 93.017 1334.09 438.477 166.126 1327.07 417.076 164.944 1314.77 417.076 91.8356 1321.79 438.477 93.017 1334.09
  poly 1: 417.076 94.1984 1346.39 417.076 167.307 1339.37 395.676 166.126 1327.07 395.676 93.017 1334.09 417.076 94.1984 1346.39
  poly 2: -0.0012207 1.42489e-10 1088.71 -0.0012207 18.7269 1086.91 21.3988 19.9084 1099.21 21.3988 44.6865 1096.83 -5.35123 43.2097 1081.45 -21.4013 45.4209 1071.93 -21.4013 64.0045 1070.15 -5.35123 67.9878 1079.07 21.3988 69.4646 1094.45 21.3988 94.2427 1092.07 -0.0012207 93.0613 1079.77 -0.0012207 111.404 1078.01 152.369 164.374 1161.29 154.438 119.169 1166.84 175.794 121.636 1178.99 173.501 171.721 1172.85 417.076 256.397 1305.99 417.076 238.053 1307.75 459.877 240.416 1332.35 459.877 21.0898 1353.41 417.076 18.7269 1328.82 417.076 1.56441e-10 1330.62 311.703 1.52761e-10 1269.5 317.394 10.7 1271.77 302.585 10.7 1263.18 307.384 1.5261e-10 1266.99 120.465 1.46081e-10 1158.58 126.156 10.7 1160.85 111.347 10.7 1152.26 116.146 1.4593e-10 1156.07 -0.0012207 1.42489e-10 1088.71
  poly 3: -0.0012207 1.46024e-10 1113.53 -0.0012207 21.0898 1111.51 0.21278 21.1016 1111.63 -0.0012207 45.8679 1109.13 -26.7513 44.3911 1093.75 -42.8013 46.6023 1084.23 -42.8013 65.1859 1082.45 -26.7513 69.1692 1091.37 -0.0012207 70.646 1106.75 0.21278 95.4359 1104.49 -0.0012207 95.4241 1104.37 -0.0012207 116.895 1102.3 131.124 162.481 1173.98 133.082 119.709 1179.22 154.438 122.177 1191.37 152.257 169.828 1185.53 417.076 261.888 1330.28 417.076 240.416 1332.35 438.477 241.597 1344.65 438.477 22.2712 1365.71 417.076 21.0898 1353.41 417.076 1.60079e-10 1355.44 300.929 1.56022e-10 1288.07 306.621 10.7 1290.35 291.811 10.7 1281.76 296.61 1.55871e-10 1285.57 109.691 1.49342e-10 1177.15 115.382 10.7 1179.43 100.573 10.7 1170.84 105.372 1.49191e-10 1174.65 -0.0012207 1.46024e-10 1113.53
element 119
  poly 0: 417.076 1.60444e-10 1330.62 417.076 18.7269 1328.82 417.29 18.7151 1328.69 417.076 91.8356 1321.79 390.326 93.3123 1337.17 374.276 103.337 1345.51 374.276 158.168 1340.25 390.326 166.421 1330.15 417.076 164.944 1314.77 417.29 238.041 1307.63 417.076 238.053 1307.75 417.076 256.397 1305.99 660.653 171.721 1172.85 658.36 121.636 1178.99 679.716 119.169 1166.84 681.786 164.374 1161.29 834.156 111.404 1078.01 834.156 1.41875e-10 1088.71 718.008 1.45932e-10 1156.07 722.807 10.7001 1152.26 707.998 10.7001 1160.85 713.689 1.46083e-10 1158.58 526.77 1.52612e-10 1266.99 531.569 10.7001 1263.18 516.759 10.7001 1271.77 522.451 1.52763e-10 1269.5 417.076 1.60444e-10 1330.62
  poly 1: 417.076 1.61897e-10 1355.44 417.076 21.0898 1353.41 438.477 19.9084 1341.12 438.477 93.017 1334.09 411.726 94.4937 1349.47 395.676 104.518 1357.81 395.676 159.35 1352.55 411.726 167.602 1342.44 438.477 166.126 1327.07 438.477 239.234 1320.05 417.076 240.416 1332.35 417.076 261.89 1330.28 681.898 169.828 1185.53 679.716 122.177 1191.37 701.072 119.709 1179.22 703.03 162.481 1173.98 834.156 116.898 1102.3 834.156 1.45513e-10 1113.53 728.782 1.49193e-10 1174.65 733.581 10.7001 1170.84 718.772 10.7001 1179.43 724.463 1.49344e-10 1177.15 537.544 1.55873e-10 1285.57 542.343 10.7001 1281.76 527.533 10.7001 1290.35 533.224 1.56024e-10 1288.07 417.076 1.61897e-10 1355.44
