element 0
  poly 0: -564.32 -561.589 -230.266 -595.906 -496.897 -198.484 -575.922 -495.525 -179.097 -567.679 -511.419 -186.469 -554.775 -510.533 -173.951 -563.018 -494.639 -166.579 -543.034 -493.267 -147.193 -513.24 -541.254 -165.003 -526.286 -544.012 -179.397 -517.231 -558.596 -184.81 -504.184 -555.839 -170.416 -474.549 -603.57 -188.131 -564.32 -561.589 -230.266
  poly 1: -575.836 -573.104 -218.753 -608.067 -507.092 -186.321 -587.537 -505.683 -166.405 -578.682 -522.758 -174.325 -565.778 -521.872 -161.806 -574.633 -504.797 -153.887 -554.116 -503.388 -133.984 -523.645 -552.466 -152.199 -537.289 -555.351 -167.253 -528.234 -569.935 -172.666 -514.59 -567.051 -157.611 -484.234 -615.943 -175.757 -575.836 -573.104 -218.753
element 1
  poly 0: -356.173 -644.206 -147.55 -329.171 -613.059 -108.299 -313.075 -622.076 -112.217 -304.536 -612.226 -99.8043 -320.632 -603.21 -95.8864 -293.84 -572.304 -56.9393 -232.189 -576.268 -41.6702 -229.883 -589.988 -54.5398 -212.445 -591.109 -50.2209 -214.75 -577.389 -37.3514 -153.099 -581.352 -22.0824 -117.364 -628.819 -57.9631 -133.102 -633.477 -67.4758 -123.835 -645.786 -76.781 -108.096 -641.128 -67.2683 -72.3626 -688.593 -103.148 -356.173 -644.206 -147.55
  poly 1: -363.441 -657.408 -134.348 -335.696 -625.403 -94.0157 -317.352 -635.679 -98.4809 -308.813 -625.829 -86.0683 -327.157 -615.553 -81.6031 -299.837 -584.039 -41.8883 -236.764 -588.094 -26.2672 -234.16 -603.591 -40.8037 -216.722 -604.712 -36.4848 -219.325 -589.215 -21.9484 -156.223 -593.271 -6.32006 -119.661 -641.836 -43.031 -137.379 -647.08 -53.7397 -128.111 -659.389 -63.0449 -110.394 -654.146 -52.3362 -73.8393 -702.701 -89.0399 -363.441 -657.408 -134.348
element 2
  poly 0: 74.7206 -688.583 -103.14 107.7 -641.746 -67.7354 123.744 -646.088 -76.9367 132.559 -633.569 -67.4731 116.515 -629.227 -58.2718 149.494 -582.391 -22.8674 214.446 -578.384 -39.0918 212.105 -592.271 -51.8932 229.538 -591.195 -56.2476 231.879 -577.309 -43.4462 296.831 -573.303 -59.6707 317.187 -604.409 -96.2796 300.254 -612.448 -98.8641 307.277 -623.18 -111.494 324.21 -615.14 -108.909 344.567 -646.246 -145.518 74.7206 -688.583 -103.14
  poly 1: 76.2454 -702.69 -89.0319 110.032 -654.708 -52.761 128.036 -659.58 -63.0864 136.851 -647.061 -53.6228 118.847 -642.188 -43.2975 152.545 -594.331 -7.12109 219.016 -590.231 -23.7248 216.397 -605.762 -38.0428 233.829 -604.687 -42.3972 236.448 -589.156 -28.0792 302.889 -585.057 -44.6755 323.694 -616.849 -82.0913 304.546 -625.94 -85.0138 311.569 -636.672 -97.6437 330.717 -627.58 -94.7212 351.599 -659.489 -132.275 76.2454 -702.69 -89.0319
element 3
  poly 0: 495.816 -594.425 -197.24 514.54 -547.487 -172.094 529.57 -546.657 -184.836 535.541 -531.689 -176.817 520.511 -532.519 -164.075 539.235 -485.582 -138.929 562.042 -488.108 -161.647 553.516 -504.24 -168.413 566.23 -505.648 -181.077 574.756 -489.516 -174.311 597.483 -492.033 -196.948 564.625 -561.944 -229.942 495.816 -594.425 -197.24
  poly 1: 505.935 -606.611 -185.052 525.106 -558.553 -159.306 540.651 -557.694 -172.484 546.622 -542.726 -164.465 531.077 -543.585 -151.288 550.24 -495.547 -125.552 573.654 -498.14 -148.874 564.597 -515.277 -156.062 577.31 -516.685 -168.726 586.368 -499.548 -161.538 609.676 -502.13 -184.754 576.148 -573.467 -218.422 505.935 -606.611 -185.052
element 4
  poly 0: -474.39 -603.826 -188.226 -504.184 -555.839 -170.416 -490.088 -551.428 -158.718 -499.143 -536.843 -153.305 -513.24 -541.254 -165.003 -543.034 -493.267 -147.193 -531.925 -464.043 -118.866 -515.682 -473.106 -115.885 -510.942 -460.637 -103.8 -527.185 -451.574 -106.78 -516.076 -422.35 -78.4526 -456.416 -423.437 -43.6074 -451.483 -439.462 -52.5529 -435.942 -439.745 -43.4759 -440.875 -423.72 -34.5304 -381.214 -424.807 0.314798 -341.878 -491.211 -25.4613 -356.385 -495.27 -37.1429 -347.683 -509.959 -42.8448 -333.176 -505.9 -31.1632 -293.84 -572.304 -56.9393 -320.632 -603.21 -95.8864 -335.083 -591.114 -95.5443 -343.622 -600.963 -107.957 -329.171 -613.059 -108.299 -355.964 -643.965 -147.246 -474.39 -603.826 -188.226
  poly 1: -484.072 -616.204 -175.854 -514.59 -567.051 -157.611 -498.652 -562.064 -144.387 -507.707 -547.48 -138.974 -523.645 -552.466 -152.199 -554.116 -503.388 -133.984 -542.728 -473.43 -104.945 -524.246 -483.742 -101.554 -519.506 -471.274 -89.4679 -537.989 -460.961 -92.8588 -526.609 -431.025 -63.8407 -465.576 -432.136 -28.1944 -460.047 -450.099 -38.2213 -444.506 -450.382 -29.1443 -450.035 -432.419 -19.1175 -388.994 -433.531 16.5342 -348.798 -501.387 -9.80549 -364.949 -505.907 -22.8113 -356.248 -520.596 -28.5132 -340.096 -516.076 -15.5074 -299.837 -584.039 -41.8883 -327.157 -615.553 -81.6031 -343.647 -601.75 -81.2127 -352.186 -611.6 -93.6253 -335.696 -625.403 -94.0157 -363.228 -657.162 -134.038 -484.072 -616.204 -175.854
element 5
  poly 0: -72.3613 -688.595 -103.149 -108.096 -641.128 -67.2683 -91.9596 -633.397 -61.4243 -101.227 -621.088 -52.1191 -117.364 -628.819 -57.9631 -153.099 -581.352 -22.0824 -121.756 -536.907 11.5146 -105.339 -544.275 5.94554 -96.5141 -531.76 15.4057 -112.931 -524.393 20.9748 -81.5883 -479.948 54.5717 -9.04771 -479.948 54.5717 -9.04771 -495.025 43.1741 8.95229 -495.025 43.1741 8.95229 -479.948 54.5717 81.4929 -479.948 54.5717 111.282 -524.824 20.6484 94.6229 -531.861 15.329 103.046 -544.551 5.73655 119.705 -537.514 11.0559 149.494 -582.391 -22.8674 116.515 -629.227 -58.2718 100.105 -621.874 -52.7135 91.2898 -634.393 -62.177 107.7 -641.746 -67.7354 74.712 -688.595 -103.149 -72.3613 -688.595 -103.149
  poly 1: -73.838 -702.702 -89.0413 -110.394 -654.146 -52.3362 -91.9596 -645.314 -45.6601 -101.227 -633.004 -36.3549 -119.661 -641.836 -43.031 -156.223 -593.271 -6.32006 -124.128 -547.759 28.0835 -105.339 -556.191 21.7098 -96.5141 -543.676 31.1699 -115.303 -535.245 37.5436 -83.2533 -489.797 71.8984 -9.04771 -489.797 71.8984 -9.04771 -506.942 58.9383 8.95229 -506.942 58.9383 8.95229 -489.797 71.8984 83.156 -489.797 71.8984 113.652 -535.74 37.1696 94.6229 -543.778 31.0933 103.046 -556.468 21.5008 122.076 -548.429 27.5771 152.545 -594.331 -7.12109 118.847 -642.188 -43.2975 100.105 -633.79 -36.9492 91.2898 -646.31 -46.4128 110.032 -654.708 -52.761 76.2366 -702.702 -89.0413 -73.838 -702.702 -89.0413
element 6
  poly 0: 344.523 -646.179 -145.44 324.21 -615.14 -108.909 339.56 -604.16 -109.704 332.537 -593.428 -97.0742 317.187 -604.409 -96.2796 296.831 -573.303 -59.6707 335.704 -513.805 -37.0106 349.703 -518.356 -49.0758 359.083 -503.999 -43.6079 345.084 -499.448 -31.5428 383.956 -439.95 -8.88271 440.989 -437.792 -41.9192 436.167 -453.578 -51.2746 451.734 -452.989 -60.292 456.556 -437.203 -50.9366 513.589 -435.045 -83.9731 523.488 -454.552 -105.186 507.663 -464.574 -103.355 513.511 -476.097 -115.886 529.336 -466.075 -117.717 539.235 -485.582 -138.929 520.511 -532.519 -164.075 504.696 -531.707 -153.816 498.725 -546.675 -161.834 514.54 -547.487 -172.094 495.599 -594.97 -197.532 344.523 -646.179 -145.44
  poly 1: 351.554 -659.421 -132.195 330.717 -627.58 -94.7212 348.131 -615.123 -95.6227 341.108 -604.391 -82.9928 323.694 -616.849 -82.0913 302.889 -585.057 -44.6755 342.628 -524.232 -21.51 358.275 -529.319 -34.9944 367.655 -514.962 -29.5265 352.008 -509.876 -16.0422 391.792 -448.983 7.14895 450.166 -446.775 -26.6641 444.739 -464.542 -37.1932 460.306 -463.953 -46.2106 465.733 -446.186 -35.6815 524.07 -443.979 -69.474 534.285 -464.106 -91.3618 516.235 -475.537 -89.2738 522.082 -487.06 -101.805 540.132 -475.629 -103.893 550.24 -495.547 -125.552 531.077 -543.585 -151.288 513.267 -542.67 -139.734 507.296 -557.638 -147.753 525.106 -558.553 -159.306 505.713 -607.167 -185.351 351.554 -659.421 -132.195
element 7
  poly 0: -516.076 -422.35 -78.4526 -527.185 -451.574 -106.78 -541.319 -440.256 -112.913 -546.059 -452.725 -124.999 -531.925 -464.043 -118.866 -543.034 -493.267 -147.193 -563.018 -494.639 -166.579 -569.084 -477.355 -161.549 -581.988 -478.241 -174.067 -575.922 -495.525 -179.097 -596.012 -496.904 -198.587 -661.374 -292.096 -132.933 -639.357 -292.839 -112.965 -634.426 -310.116 -119.044 -621.097 -310.566 -106.956 -626.028 -293.289 -100.876 -604.011 -294.032 -80.908 -565.131 -350.768 -79.8223 -575.605 -358.22 -94.1356 -565.432 -373.066 -93.8515 -554.957 -365.614 -79.5382 -516.076 -422.35 -78.4526
  poly 1: -526.609 -431.025 -63.8407 -537.989 -460.961 -92.8588 -553.628 -448.437 -99.6458 -558.368 -460.906 -111.732 -542.728 -473.43 -104.945 -554.116 -503.388 -133.984 -574.633 -504.797 -153.887 -581.393 -485.536 -148.282 -594.297 -486.422 -160.8 -587.537 -505.683 -166.405 -608.176 -507.1 -186.427 -674.871 -298.112 -119.433 -652.278 -298.875 -98.9427 -646.735 -318.297 -105.777 -633.406 -318.747 -93.6883 -638.949 -299.324 -86.8539 -616.338 -300.087 -66.3463 -576.472 -358.261 -65.2331 -587.914 -366.401 -80.8682 -577.74 -381.247 -80.5841 -566.298 -373.107 -64.949 -526.609 -431.025 -63.8407
element 8
  poly 0: -293.84 -572.304 -56.9393 -333.176 -505.9 -31.1632 -317.307 -499.605 -23.1649 -326.009 -484.915 -17.463 -341.878 -491.211 -25.4613 -381.214 -424.807 0.314798 -361.28 -388.757 26.01 -344.793 -397.671 25.7259 -337.403 -384.306 35.2523 -353.889 -375.392 35.5364 -333.955 -339.343 61.2316 -257.958 -340.485 82.1351 -255.828 -357.135 73.4806 -238.474 -357.396 78.2538 -240.604 -340.746 86.9083 -164.607 -341.889 107.812 -127.501 -403.595 84.0159 -143.323 -410.005 75.9675 -134.515 -424.652 70.3193 -118.694 -418.241 78.3676 -81.5883 -479.948 54.5717 -112.931 -524.393 20.9748 -128.663 -514.209 22.1789 -137.488 -526.723 12.7188 -121.756 -536.907 11.5146 -153.099 -581.352 -22.0824 -214.75 -577.389 -37.3514 -215.882 -560.896 -28.501 -233.32 -559.775 -32.8199 -232.189 -576.268 -41.6702 -293.84 -572.304 -56.9393
  poly 1: -299.837 -584.039 -41.8883 -340.096 -516.076 -15.5074 -322.055 -508.919 -6.41422 -330.756 -494.23 -0.712324 -348.798 -501.387 -9.80549 -388.994 -433.531 16.5342 -368.613 -396.674 42.8053 -349.541 -406.986 42.4766 -342.15 -393.621 52.003 -361.222 -383.309 52.3317 -340.771 -346.323 78.6941 -263.001 -347.492 100.085 -260.575 -366.449 90.2313 -243.221 -366.71 95.0045 -245.647 -347.753 104.858 -167.966 -348.921 126.225 -130.029 -412.01 101.896 -148.07 -419.319 92.7182 -139.263 -433.966 87.07 -121.222 -426.657 96.2475 -83.2533 -489.797 71.8984 -115.303 -535.245 37.5436 -133.41 -523.523 38.9296 -142.236 -536.038 29.4695 -124.128 -547.759 28.0835 -156.223 -593.271 -6.32006 -219.325 -589.215 -21.9484 -220.629 -570.21 -11.7503 -238.068 -569.089 -16.0692 -236.764 -588.094 -26.2672 -299.837 -584.039 -41.8883
element 9
  poly 0: 149.494 -582.391 -22.8674 119.705 -537.514 11.0559 135.687 -527.68 12.0801 127.264 -514.99 21.6726 111.282 -524.824 20.6484 81.4929 -479.948 54.5717 119.085 -420.893 77.3451 134.651 -427.622 69.0979 143.843 -413.182 74.6663 128.277 -406.453 82.9135 165.869 -347.399 105.687 240.731 -346.071 85.122 238.611 -362.635 76.3358 255.965 -362.327 71.5685 258.085 -345.763 80.3546 332.947 -344.436 59.7898 354.871 -385.488 30.2737 338.27 -394.202 30.0615 345.431 -407.61 20.4211 362.032 -398.897 20.6334 383.956 -439.95 -8.88271 345.084 -499.448 -31.5428 329.669 -492.54 -23.237 320.289 -506.897 -28.7049 335.704 -513.805 -37.0106 296.831 -573.303 -59.6707 231.879 -577.309 -43.4462 233.107 -560.849 -34.4645 215.675 -561.924 -30.1101 214.446 -578.384 -39.0918 149.494 -582.391 -22.8674
  poly 1: 152.545 -594.331 -7.12109 122.076 -548.429 27.5771 140.435 -537.132 28.7536 132.012 -524.442 38.3461 113.652 -535.74 37.1696 83.156 -489.797 71.8984 121.612 -429.385 95.1951 139.399 -437.074 85.7714 148.591 -422.634 91.3399 130.804 -414.946 100.764 169.254 -354.544 124.057 245.778 -353.186 103.035 243.359 -372.087 93.0093 260.713 -371.779 88.242 263.132 -352.879 98.2679 339.742 -351.52 77.2229 362.206 -393.583 46.9803 343.018 -403.654 46.735 350.179 -417.063 37.0947 369.367 -406.992 37.3399 391.792 -448.983 7.14895 352.008 -509.876 -16.0422 334.417 -501.992 -6.5635 325.037 -516.349 -12.0314 342.628 -524.232 -21.51 302.889 -585.057 -44.6755 236.448 -589.156 -28.0792 237.855 -570.301 -17.791 220.423 -571.376 -13.4366 219.016 -590.231 -23.7248 152.545 -594.331 -7.12109
element 10
  poly 0: 513.589 -435.045 -83.9731 554.223 -372.089 -82.85 565.158 -378.892 -97.1903 574.919 -363.77 -96.9205 563.983 -356.967 -82.5803 604.617 -294.011 -81.4572 626.387 -293.277 -101.202 621.456 -310.554 -107.281 634.785 -310.104 -119.37 639.716 -292.827 -113.291 661.374 -292.096 -132.933 597.564 -492.042 -197.029 574.756 -489.516 -174.311 581.272 -472.224 -169.693 568.558 -470.816 -157.029 562.042 -488.108 -161.647 539.235 -485.582 -138.929 529.336 -466.075 -117.717 542.97 -453.699 -122.735 537.123 -442.176 -110.204 523.488 -454.552 -105.186 513.589 -435.045 -83.9731
  poly 1: 524.07 -443.979 -69.474 565.574 -379.675 -68.3268 577.467 -387.073 -83.9229 587.227 -371.951 -83.6532 575.334 -364.553 -68.0571 616.956 -300.066 -66.9067 639.308 -299.312 -87.1794 633.765 -318.735 -94.0138 647.094 -318.285 -106.103 652.637 -298.862 -99.2682 674.871 -298.112 -119.433 609.759 -502.139 -184.837 586.368 -499.548 -161.538 593.581 -480.405 -156.425 580.867 -478.997 -143.761 573.654 -498.14 -148.874 550.24 -495.547 -125.552 540.132 -475.629 -103.893 555.279 -461.88 -109.467 549.432 -450.357 -96.9364 534.285 -464.106 -91.3618 524.07 -443.979 -69.474
element 11
  poly 0: -516.076 -422.35 -78.4526 -554.957 -365.614 -79.5382 -542.396 -356.799 -68.7114 -552.569 -341.953 -68.9955 -565.131 -350.768 -79.8223 -604.011 -294.032 -80.908 -585.028 -247.862 -51.8692 -569.809 -257.45 -46.5739 -563.893 -243.06 -37.5231 -579.111 -233.472 -42.8184 -560.128 -187.302 -13.7796 -493.502 -187.871 25.3826 -490.591 -205.837 20.1694 -475.074 -205.97 29.2905 -477.985 -188.003 34.5036 -411.359 -188.572 73.6657 -376.757 -255.972 68.1072 -390.906 -262.344 57.2846 -382.707 -278.314 55.9676 -368.558 -271.942 66.7901 -333.955 -339.343 61.2316 -353.889 -375.392 35.5364 -368.42 -364.289 31.2323 -375.811 -377.655 21.7059 -361.28 -388.757 26.01 -381.214 -424.807 0.314798 -440.875 -423.72 -34.5304 -443.63 -405.833 -29.2556 -459.171 -405.55 -38.3325 -456.416 -423.437 -43.6074 -516.076 -422.35 -78.4526
  poly 1: -526.609 -431.025 -63.8407 -566.298 -373.107 -64.949 -551.936 -363.028 -52.5701 -562.11 -348.182 -52.8542 -576.472 -358.261 -65.2331 -616.338 -300.087 -66.3463 -596.838 -252.662 -36.5176 -579.35 -263.679 -30.4327 -573.434 -249.289 -21.3819 -590.922 -238.272 -27.4668 -571.559 -191.18 2.15213 -503.422 -191.761 42.2026 -500.132 -212.067 36.3107 -484.615 -212.199 45.4317 -487.905 -191.893 51.3236 -419.754 -192.475 91.382 -384.397 -261.346 85.7022 -400.447 -268.573 73.4259 -392.248 -284.543 72.1089 -376.198 -277.316 84.3852 -340.771 -346.323 78.6941 -361.222 -383.309 52.3317 -377.961 -370.519 47.3736 -385.352 -383.884 37.8472 -368.613 -396.674 42.8053 -388.994 -433.531 16.5342 -450.035 -432.419 -19.1175 -453.17 -412.062 -13.1143 -468.712 -411.779 -22.1913 -465.576 -432.136 -28.1944 -526.609 -431.025 -63.8407
element 12
  poly 0: -81.5883 -479.948 54.5717 -118.694 -418.241 78.3676 -102.344 -409.683 81.6682 -111.151 -395.036 87.3165 -127.501 -403.595 84.0159 -164.607 -341.889 107.812 -132.557 -286.188 129.292 -116.05 -294.456 126.103 -107.536 -279.659 131.809 -124.043 -271.391 134.998 -91.9939 -215.691 156.478 -8.98065 -215.691 156.478 -8.98065 -233.237 149.712 9.01935 -233.237 149.712 9.01935 -215.691 156.478 92.0326 -215.691 156.478 124.779 -274.104 133.952 108.173 -282.208 130.826 116.515 -297.09 125.088 133.122 -288.986 128.213 165.869 -347.399 105.687 128.277 -406.453 82.9135 112.17 -397.528 86.3554 102.979 -411.968 80.787 119.085 -420.893 77.3451 81.4929 -479.948 54.5717 8.95229 -479.948 54.5717 8.95229 -462.483 61.3068 -9.04771 -462.483 61.3068 -9.04771 -479.948 54.5717 -81.5883 -479.948 54.5717
  poly 1: -83.2533 -489.797 71.8984 -121.222 -426.657 96.2475 -102.344 -416.774 100.058 -111.151 -402.128 105.707 -130.029 -412.01 101.896 -167.966 -348.921 126.225 -135.192 -291.96 148.191 -116.05 -301.548 144.493 -107.536 -286.751 150.2 -126.678 -277.163 153.897 -93.8714 -220.147 175.884 -8.98065 -220.147 175.884 -8.98065 -240.328 168.102 9.01935 -240.328 168.102 9.01935 -220.147 175.884 93.9108 -220.147 175.884 127.414 -279.91 152.838 108.173 -289.3 149.217 116.515 -304.182 143.478 135.757 -294.792 147.099 169.254 -354.544 124.057 130.804 -414.946 100.764 112.17 -404.62 104.746 102.979 -419.06 99.1771 121.612 -429.385 95.1951 83.156 -489.797 71.8984 8.95229 -489.797 71.8984 8.95229 -469.574 79.6969 -9.04771 -469.574 79.6969 -9.04771 -489.797 71.8984 -83.2533 -489.797 71.8984
element 13
  poly 0: 383.956 -439.95 -8.88271 362.032 -398.897 20.6334 376.692 -387.959 16.3102 369.532 -374.551 25.9506 354.871 -385.488 30.2737 332.947 -344.436 59.7898 369.145 -278.063 64.9218 383.015 -284.781 53.9788 391.614 -269.015 55.1979 377.743 -262.296 66.1409 413.941 -195.924 71.2728 478.214 -194.867 33.4898 475.307 -212.73 28.0458 490.823 -212.475 18.9248 493.73 -194.612 24.3689 558.004 -193.556 -13.4141 578.083 -236.828 -42.7241 563.115 -247.026 -37.9213 569.57 -260.938 -47.3444 584.538 -250.739 -52.1472 604.617 -294.011 -81.4572 563.983 -356.967 -82.5803 551.055 -348.819 -71.6235 541.295 -363.941 -71.8932 554.223 -372.089 -82.85 513.589 -435.045 -83.9731 456.556 -437.203 -50.9366 459.132 -419.423 -45.3287 443.565 -420.012 -36.3113 440.989 -437.792 -41.9192 383.956 -439.95 -8.88271
  poly 1: 391.792 -448.983 7.14895 369.367 -406.992 37.3399 386.236 -394.406 32.3652 379.075 -380.997 42.0056 362.206 -393.583 46.9803 339.742 -351.52 77.2229 376.789 -283.589 82.4754 392.559 -291.228 70.0338 401.158 -275.461 71.2529 385.387 -267.823 83.6944 422.388 -199.977 88.9403 488.151 -198.896 50.2817 484.851 -219.176 44.1008 500.367 -218.921 34.9798 503.667 -198.641 41.1607 569.391 -197.561 2.52503 589.888 -241.733 -27.3948 572.658 -253.472 -21.8663 579.114 -267.384 -31.2893 596.343 -255.645 -36.8179 616.956 -300.066 -66.9067 575.334 -364.553 -68.0571 560.599 -355.265 -55.5684 550.839 -370.387 -55.8382 565.574 -379.675 -68.3268 524.07 -443.979 -69.474 465.733 -446.186 -35.6815 468.676 -425.869 -29.2736 453.109 -426.458 -20.2562 450.166 -446.775 -26.6641 391.792 -448.983 7.14895
element 14
  poly 0: -560.128 -187.302 -13.7796 -579.111 -233.472 -42.8184 -591.963 -222.527 -51.8195 -597.879 -236.917 -60.8703 -585.028 -247.862 -51.8692 -604.011 -294.032 -80.908 -626.028 -293.289 -100.876 -628.013 -274.691 -97.9963 -641.342 -274.241 -110.085 -639.357 -292.839 -112.965 -661.486 -292.093 -133.035 -692.31 -57.6152 -102.037 -667.924 -57.7876 -79.7557 -665.657 -76.3985 -82.3806 -652.369 -76.4924 -70.2393 -654.636 -57.8816 -67.6143 -630.25 -58.054 -45.3333 -599.385 -114.944 -31.4447 -610.605 -124.103 -44.0294 -602.212 -139.572 -40.2528 -590.993 -130.413 -27.6681 -560.128 -187.302 -13.7796
  poly 1: -571.559 -191.18 2.15213 -590.922 -238.272 -27.4668 -605.14 -226.162 -37.4253 -611.057 -240.552 -46.4761 -596.838 -252.662 -36.5176 -616.338 -300.087 -66.3463 -638.949 -299.324 -86.8539 -641.19 -278.326 -83.6022 -654.519 -277.876 -95.6909 -652.278 -298.875 -98.9427 -674.986 -298.108 -119.537 -706.438 -58.8458 -87.9062 -681.394 -59.0229 -65.0231 -678.835 -80.0337 -67.9865 -665.546 -80.1276 -55.8451 -668.105 -59.1168 -52.8817 -643.112 -59.2935 -30.0455 -611.443 -117.665 -15.7952 -623.783 -127.738 -29.6353 -615.39 -143.208 -25.8587 -603.051 -133.134 -12.0186 -571.559 -191.18 2.15213
element 15
  poly 0: -333.955 -339.343 61.2316 -368.558 -271.942 66.7901 -352.618 -264.268 72.9584 -360.817 -248.298 74.2755 -376.757 -255.972 68.1072 -411.359 -188.572 73.6657 -385.831 -135.923 92.6418 -369.545 -144.738 95.1896 -362.074 -129.332 100.743 -378.361 -120.517 98.1947 -352.834 -67.8679 117.171 -270.996 -68.1119 139.903 -269.979 -86.4886 136.044 -252.636 -86.5404 140.861 -253.653 -68.1637 144.72 -171.816 -68.4077 167.452 -136.184 -134.153 162.554 -151.945 -142.233 156.344 -143.387 -158.024 155.167 -127.626 -149.945 161.377 -91.9939 -215.691 156.478 -124.043 -271.391 134.998 -139.795 -261.497 132.843 -148.309 -276.294 127.136 -132.557 -286.188 129.292 -164.607 -341.889 107.812 -240.604 -340.746 86.9083 -241.404 -322.427 90.8153 -258.757 -322.166 86.0421 -257.958 -340.485 82.1351 -333.955 -339.343 61.2316
  poly 1: -340.771 -346.323 78.6941 -376.198 -277.316 84.3852 -357.784 -268.45 91.511 -365.983 -252.48 92.8281 -384.397 -261.346 85.7022 -419.754 -192.475 91.382 -393.662 -138.663 110.777 -374.71 -148.921 113.742 -367.24 -133.514 119.295 -386.192 -123.256 116.33 -360.034 -69.3078 135.775 -276.314 -69.5575 159.03 -275.145 -90.6708 154.596 -257.802 -90.7225 159.414 -258.971 -69.6092 163.848 -175.323 -69.8587 187.083 -138.893 -137.076 182.074 -157.111 -146.415 174.896 -148.553 -162.206 173.72 -130.335 -152.867 180.897 -93.8714 -220.147 175.884 -126.678 -277.163 153.897 -144.961 -265.679 151.395 -153.475 -280.476 145.689 -135.192 -291.96 148.191 -167.966 -348.921 126.225 -245.647 -347.753 104.858 -246.569 -326.609 109.368 -263.923 -326.348 104.595 -263.001 -347.492 100.085 -340.771 -346.323 78.6941
element 16
  poly 0: 165.869 -347.399 105.687 133.122 -288.986 128.213 148.977 -279.254 126.025 140.634 -264.372 131.764 124.779 -274.104 133.952 92.0326 -215.691 156.478 128.237 -150.508 161.335 143.895 -158.739 155.082 152.616 -143.037 156.252 136.959 -134.806 162.505 173.164 -69.6241 167.362 253.912 -69.3397 144.917 252.886 -87.685 140.995 270.229 -87.6239 136.175 271.254 -69.2786 140.096 352.002 -68.9943 117.651 379.222 -124.774 97.2699 362.952 -133.629 99.7746 370.452 -148.998 94.1589 386.721 -140.144 91.6541 413.941 -195.924 71.2728 377.743 -262.296 66.1409 362.047 -254.218 72.3692 353.449 -269.984 71.1501 369.145 -278.063 64.9218 332.947 -344.436 59.7898 258.085 -345.763 80.3546 258.854 -327.474 84.3351 241.5 -327.782 89.1024 240.731 -346.071 85.122 165.869 -347.399 105.687
  poly 1: 169.254 -354.544 124.057 135.757 -294.792 147.099 154.144 -283.505 144.562 145.802 -268.623 150.3 127.414 -279.91 152.838 93.9108 -220.147 175.884 130.947 -153.468 180.853 149.062 -162.991 173.619 157.784 -147.288 174.789 139.669 -137.766 182.023 176.698 -71.0998 186.99 259.235 -70.8092 164.048 258.054 -91.9364 159.532 275.396 -91.8754 154.711 276.577 -70.7481 159.227 359.186 -70.4572 136.265 387.057 -127.573 115.396 368.119 -137.88 118.311 375.619 -153.249 112.695 394.557 -142.943 109.78 422.388 -199.977 88.9403 385.387 -267.823 83.6944 367.215 -258.469 90.9057 358.616 -274.236 89.6866 376.789 -283.589 82.4754 339.742 -351.52 77.2229 263.132 -352.879 98.2679 264.021 -331.725 102.872 246.667 -332.033 107.639 245.778 -353.186 103.035 169.254 -354.544 124.057
element 17
  poly 0: 558.004 -193.556 -13.4141 590.104 -133.571 -27.6518 601.395 -142.609 -40.2717 609.708 -127.075 -43.9588 598.416 -118.037 -31.3388 630.516 -58.0521 -45.5765 654.782 -57.8805 -67.7478 652.515 -76.4914 -70.3728 665.803 -76.3974 -82.5141 668.07 -57.7866 -79.8892 692.31 -57.6152 -102.037 661.486 -292.093 -133.035 639.716 -292.827 -113.291 641.7 -274.229 -110.411 628.372 -274.678 -98.3218 626.387 -293.277 -101.202 604.617 -294.011 -81.4572 584.538 -250.739 -52.1472 597.079 -239.13 -60.696 590.623 -225.218 -51.273 578.083 -236.828 -42.7241 558.004 -193.556 -13.4141
  poly 1: 569.391 -197.561 2.52503 602.166 -136.314 -12.0121 614.573 -146.244 -25.8776 622.886 -130.71 -29.5646 610.479 -120.78 -15.6991 643.384 -59.2916 -30.2937 668.252 -59.1158 -53.0152 665.692 -80.1266 -55.9787 678.981 -80.0326 -68.12 681.54 -59.0218 -65.1566 706.438 -58.8458 -87.9062 674.986 -298.108 -119.537 652.637 -298.862 -99.2682 654.878 -277.864 -96.0164 641.549 -278.314 -83.9277 639.308 -299.312 -87.1794 616.956 -300.066 -66.9067 596.343 -255.645 -36.8179 610.256 -242.765 -46.3019 603.801 -228.853 -36.8789 589.888 -241.733 -27.3948 569.391 -197.561 2.52503
element 18
  poly 0: -560.128 -187.302 -13.7796 -590.993 -130.413 -27.6681 -577.411 -120.919 -18.9629 -585.803 -105.45 -22.7395 -599.385 -114.944 -31.4447 -630.25 -58.054 -45.3333 -603.576 -3.43454 -25.5346 -589.451 -13.083 -17.9475 -581.94 2.29603 -12.3728 -596.065 11.9445 -19.9599 -569.391 66.5639 -0.161255 -501.286 66.7608 39.9288 -500.628 47.9269 38.9018 -485.116 47.9718 48.0329 -485.775 66.8057 49.0599 -417.67 67.0026 89.1499 -389.084 7.5402 101.504 -403.202 -1.10745 92.547 -395.537 -17.0531 95.8599 -381.419 -8.40547 104.817 -352.834 -67.8679 117.171 -378.361 -120.517 98.1947 -392.573 -110.873 90.5567 -400.043 -126.28 85.0038 -385.831 -135.923 92.6418 -411.359 -188.572 73.6657 -477.985 -188.003 34.5036 -478.483 -169.188 35.6239 -494 -169.056 26.5028 -493.502 -187.871 25.3826 -560.128 -187.302 -13.7796
  poly 1: -571.559 -191.18 2.15213 -603.051 -133.134 -12.0186 -587.4 -122.194 -1.9872 -595.792 -106.725 -5.76376 -611.443 -117.665 -15.7952 -643.112 -59.2935 -30.0455 -615.732 -3.22916 -9.72308 -599.44 -14.3582 -0.971789 -591.929 1.02089 4.60287 -608.222 12.1499 -4.14843 -581.012 67.8675 16.0483 -511.366 68.0689 57.0453 -510.617 46.6518 55.8775 -495.105 46.6967 65.0087 -495.854 68.1138 66.1765 -426.194 68.3152 107.182 -396.981 7.54707 119.807 -413.191 -2.38259 109.523 -405.526 -18.3283 112.836 -389.315 -8.3986 123.12 -360.034 -69.3078 135.775 -386.192 -123.256 116.33 -402.562 -112.148 107.532 -410.032 -127.555 101.979 -393.662 -138.663 110.777 -419.754 -192.475 91.382 -487.905 -191.893 51.3236 -488.472 -170.464 52.5996 -503.989 -170.331 43.4785 -503.422 -191.761 42.2026 -571.559 -191.18 2.15213
element 19
  poly 0: -91.9939 -215.691 156.478 -127.626 -149.945 161.377 -111.182 -141.082 162.037 -119.741 -125.291 163.214 -136.184 -134.153 162.554 -171.816 -68.4077 167.452 -137.258 -3.96921 172.254 -120.777 -12.7589 171.599 -112.288 3.06978 172.778 -128.769 11.8595 173.433 -94.2112 76.298 178.235 -8.96485 76.298 178.235 -8.96485 57.6142 176.843 9.03515 57.6142 176.843 9.03515 76.298 178.235 94.2815 76.298 178.235 129.452 11.2373 173.387 113.003 2.39421 172.728 121.544 -13.4064 171.551 137.993 -4.56329 172.21 173.164 -69.6241 167.362 136.959 -134.806 162.505 120.614 -125.778 163.178 111.892 -141.48 162.008 128.237 -150.508 161.335 92.0326 -215.691 156.478 9.01935 -215.691 156.478 9.01935 -197.026 157.869 -8.98065 -197.026 157.869 -8.98065 -215.691 156.478 -91.9939 -215.691 156.478
  poly 1: -93.8714 -220.147 175.884 -130.335 -152.867 180.897 -111.182 -142.545 181.667 -119.741 -126.753 182.843 -138.893 -137.076 182.074 -175.323 -69.8587 187.083 -139.99 -3.97506 191.992 -120.777 -14.2216 191.228 -112.288 1.60714 192.408 -131.501 11.8537 193.171 -96.1339 77.8003 198.085 -8.96485 77.8003 198.085 -8.96485 56.1516 196.472 9.03515 56.1516 196.472 9.03515 77.8003 198.085 96.2056 77.8003 198.085 132.185 11.2437 193.126 113.003 0.931566 192.357 121.544 -14.869 191.18 140.726 -4.55684 191.949 176.698 -71.0998 186.99 139.669 -137.766 182.023 120.614 -127.24 182.807 111.892 -142.943 181.637 130.947 -153.468 180.853 93.9108 -220.147 175.884 9.01935 -220.147 175.884 9.01935 -198.489 177.498 -8.98065 -198.489 177.498 -8.98065 -220.147 175.884 -93.8714 -220.147 175.884
element 20
  poly 0: 413.941 -195.924 71.2728 386.721 -140.144 91.6541 400.909 -130.442 84.0516 393.409 -115.073 89.6673 379.222 -124.774 97.2699 352.002 -68.9943 117.651 382.231 -7.66905 104.62 396.247 -16.4783 95.6768 404.065 -0.618628 92.3068 390.049 8.19058 101.25 420.278 69.5158 88.2194 486.079 69.1543 49.4256 485.362 50.3582 48.3839 500.867 50.273 39.2424 501.585 69.0691 40.2841 567.387 68.7075 1.49041 595.144 12.9727 -19.2044 581.085 3.17914 -11.685 588.7 -12.1108 -17.3623 602.759 -2.31726 -24.8817 630.516 -58.0521 -45.5765 598.416 -118.037 -31.3388 584.783 -108.661 -22.5764 576.47 -124.195 -18.8893 590.104 -133.571 -27.6518 558.004 -193.556 -13.4141 493.73 -194.612 24.3689 494.14 -175.836 25.5905 478.624 -176.091 34.7114 478.214 -194.867 33.4898 413.941 -195.924 71.2728
  poly 1: 422.388 -199.977 88.9403 394.557 -142.943 109.78 410.905 -131.764 101.02 403.406 -116.395 106.635 387.057 -127.573 115.396 359.186 -70.4572 136.265 390.133 -7.67471 122.925 406.243 -17.8002 112.645 414.061 -1.94056 109.275 397.951 8.18492 119.555 428.855 70.8796 106.233 496.178 70.5098 66.542 495.358 49.0363 65.3519 510.864 48.9511 56.2104 511.683 70.4246 57.4005 578.966 70.0549 17.7337 607.302 13.1571 -3.39292 591.082 1.85721 5.28293 598.696 -13.4328 -0.394362 614.917 -2.13292 -9.0702 643.384 -59.2916 -30.2937 610.479 -120.78 -15.6991 594.779 -109.983 -5.60842 586.466 -125.517 -1.92137 602.166 -136.314 -12.0121 569.391 -197.561 2.52503 503.667 -198.641 41.1607 504.136 -177.158 42.5584 488.62 -177.413 51.6794 488.151 -198.896 50.2817 422.388 -199.977 88.9403
element 21
  poly 0: -569.391 66.5639 -0.161255 -596.065 11.9445 -19.9599 -607.769 21.8332 -31.472 -615.28 6.45418 -37.0466 -603.576 -3.43454 -25.5346 -630.25 -58.054 -45.3333 -654.636 -57.8816 -67.6143 -653.778 -38.9961 -68.4069 -667.066 -38.9021 -80.5483 -667.924 -57.7876 -79.7557 -692.336 -57.615 -102.061 -681.908 182.222 -112.551 -658.252 182.716 -90.9919 -658.82 163.836 -89.9355 -645.518 164.113 -77.8123 -644.95 182.994 -78.8687 -621.369 183.487 -57.378 -598.717 132.533 -32.4435 -610.97 122.04 -42.7556 -604.295 107.025 -35.4078 -592.043 117.518 -25.0957 -569.391 66.5639 -0.161255
  poly 1: -581.012 67.8675 16.0483 -608.222 12.1499 -4.14843 -621.128 23.0539 -16.8425 -628.638 7.67487 -22.4171 -615.732 -3.22916 -9.72308 -643.112 -59.2935 -30.0455 -668.105 -59.1168 -52.8817 -667.136 -37.7754 -53.7774 -680.424 -37.6814 -65.9188 -681.394 -59.0229 -65.0231 -706.465 -58.8456 -87.9306 -695.824 185.886 -98.6347 -671.536 186.394 -76.4998 -672.179 165.056 -75.3059 -658.876 165.334 -63.1828 -658.234 186.672 -64.3766 -634.05 187.177 -42.3361 -610.79 134.855 -16.732 -624.328 123.261 -28.126 -617.653 108.246 -20.7783 -604.115 119.839 -9.38429 -581.012 67.8675 16.0483
element 22
  poly 0: -352.834 -67.8679 117.171 -381.419 -8.40547 104.817 -365.259 0.162431 108.665 -372.925 16.1081 105.352 -389.084 7.5402 101.504 -417.67 67.0026 89.1499 -386.002 131.512 93.144 -369.963 123.325 98.2041 -362.043 139.458 99.203 -378.082 147.645 94.1429 -346.414 212.155 98.1371 -266.562 212.871 120.247 -266.763 194.164 121.581 -249.417 194.32 126.384 -249.215 213.027 125.05 -169.363 213.743 147.159 -136.022 152.766 160.946 -151.77 143.326 157.277 -143.299 127.835 160.779 -127.552 137.275 164.448 -94.2112 76.298 178.235 -128.769 11.8595 173.433 -144.518 20.68 168.407 -153.007 4.85128 167.227 -137.258 -3.96921 172.254 -171.816 -68.4077 167.452 -253.653 -68.1637 144.72 -253.242 -49.4365 143.442 -270.586 -49.3848 138.625 -270.996 -68.1119 139.903 -352.834 -67.8679 117.171
  poly 1: -360.034 -69.3078 135.775 -389.315 -8.3986 123.12 -370.514 1.5698 127.598 -378.18 17.5155 124.285 -396.981 7.54707 119.807 -426.194 68.3152 107.182 -393.833 134.235 111.264 -375.218 124.733 117.137 -367.298 140.866 118.136 -385.913 150.368 112.263 -353.483 216.429 116.353 -271.785 217.162 138.974 -272.018 195.571 140.514 -254.671 195.727 145.317 -254.438 217.318 143.777 -172.819 218.05 166.376 -138.728 155.701 180.472 -157.024 144.734 176.21 -148.554 129.242 179.712 -130.258 140.21 183.975 -96.1339 77.8003 198.085 -131.501 11.8537 193.171 -149.773 22.0874 187.339 -158.261 6.25865 186.16 -139.99 -3.97506 191.992 -175.323 -69.8587 187.083 -258.971 -69.6092 163.848 -258.497 -48.0292 162.375 -275.84 -47.9774 157.557 -276.314 -69.5575 159.03 -360.034 -69.3078 135.775
element 23
  poly 0: 173.164 -69.6241 167.362 137.993 -4.56329 172.21 153.709 4.30712 167.175 145.167 20.1077 168.352 129.452 11.2373 173.387 94.2815 76.298 178.235 128.274 139.025 164.053 144.057 129.642 160.379 152.468 145.164 156.87 136.686 154.547 160.543 170.679 217.274 146.361 249.423 216.44 124.557 249.602 197.751 125.92 266.948 197.567 121.117 266.769 216.256 119.754 345.513 215.422 97.9502 378.798 150.465 93.618 362.919 141.991 98.6681 371.114 126 97.6016 386.992 134.473 92.5515 420.278 69.5158 88.2194 390.049 8.19058 101.25 373.974 16.9223 105.054 366.157 1.06272 108.424 382.231 -7.66905 104.62 352.002 -68.9943 117.651 271.254 -69.2786 140.096 270.828 -50.5702 138.8 253.486 -50.6312 143.621 253.912 -69.3397 144.917 173.164 -69.6241 167.362
  poly 1: 176.698 -71.0998 186.99 140.726 -4.55684 191.949 158.965 5.73833 186.105 150.424 21.5389 187.283 132.185 11.2437 193.126 96.2056 77.8003 198.085 130.981 141.972 183.576 149.313 131.073 179.31 157.725 146.595 175.8 139.393 157.494 180.067 174.162 221.653 165.561 254.651 220.801 143.274 254.859 199.182 144.851 272.205 198.998 140.047 271.998 220.617 138.471 352.564 219.764 116.162 386.635 153.273 111.728 368.176 143.423 117.598 376.37 127.431 116.532 394.829 137.281 110.661 428.855 70.8796 106.233 397.951 8.18492 119.555 379.231 18.3536 123.984 371.413 2.49392 127.354 390.133 -7.67471 122.925 359.186 -70.4572 136.265 276.577 -70.7481 159.227 276.085 -49.1389 157.73 258.743 -49.2 162.551 259.235 -70.8092 164.048 176.698 -71.0998 186.99
element 24
  poly 0: 567.387 68.7075 1.49041 591.075 118.721 -24.3128 603.123 107.809 -34.403 610.106 122.553 -42.0095 598.058 133.465 -31.9193 621.747 183.479 -57.7225 645.176 182.99 -79.075 645.744 164.109 -78.0185 659.047 163.831 -90.1417 658.478 182.712 -91.1981 681.908 182.222 -112.551 692.336 -57.615 -102.061 668.07 -57.7866 -79.8892 667.212 -38.9011 -80.6818 653.924 -38.995 -68.5404 654.782 -57.8805 -67.7478 630.516 -58.0521 -45.5765 602.759 -2.31726 -24.8817 614.384 7.72479 -36.3344 606.769 23.0148 -30.6571 595.144 12.9727 -19.2044 567.387 68.7075 1.49041
  poly 1: 578.966 70.0549 17.7337 603.146 121.108 -8.60544 616.481 109.03 -19.7735 623.464 123.774 -27.38 610.13 135.851 -16.212 634.436 187.169 -42.6876 658.46 186.667 -64.5829 659.103 165.329 -63.389 672.405 165.051 -75.5122 671.763 186.389 -76.7061 695.824 185.886 -98.6347 706.465 -58.8456 -87.9306 681.54 -59.0218 -65.1566 680.571 -37.6804 -66.0523 667.282 -37.7743 -53.9109 668.252 -59.1158 -53.0152 643.384 -59.2916 -30.2937 614.917 -2.13292 -9.0702 627.742 8.94548 -21.7049 620.127 24.2355 -16.0276 607.302 13.1571 -3.39292 578.966 70.0549 17.7337
element 25
  poly 0: -569.391 66.5639 -0.161255 -592.043 117.518 -25.0957 -577.368 127.196 -18.6484 -584.043 142.212 -25.9962 -598.717 132.533 -32.4435 -621.369 183.487 -57.378 -586.362 241.091 -49.8464 -573.306 231.876 -40.0567 -564.015 247.163 -38.0579 -577.072 256.378 -47.8476 -542.066 313.982 -40.316 -478.311 314.858 -2.94401 -479.954 296.364 0.292834 -464.427 296.578 9.39487 -462.783 315.072 6.15803 -399.029 315.948 43.53 -376.405 271.318 67.0102 -390.762 260.842 60.9313 -383.395 246.308 68.578 -369.037 256.784 74.6569 -346.414 212.155 98.1371 -378.082 147.645 94.1429 -392.176 155.184 84.1231 -400.095 139.051 83.1242 -386.002 131.512 93.144 -417.67 67.0026 89.1499 -485.775 66.8057 49.0599 -483.971 85.3533 45.9053 -499.483 85.3085 36.7741 -501.286 66.7608 39.9288 -569.391 66.5639 -0.161255
  poly 1: -581.012 67.8675 16.0483 -604.115 119.839 -9.38429 -587.205 130.992 -1.95499 -593.88 146.007 -9.30273 -610.79 134.855 -16.732 -634.05 187.177 -42.3361 -598.145 246.259 -34.6112 -583.143 235.672 -23.3632 -573.853 250.959 -21.3644 -588.855 261.546 -32.6124 -553.128 320.335 -24.926 -487.92 321.231 13.2984 -489.792 300.16 16.9863 -474.264 300.373 26.0883 -472.392 321.445 22.4004 -407.172 322.341 60.6313 -384.045 276.718 84.6343 -400.6 264.638 77.6248 -393.232 250.104 85.2715 -376.677 262.184 92.2809 -353.483 216.429 116.353 -385.913 150.368 112.263 -402.013 158.98 100.817 -409.933 142.847 99.8177 -393.833 134.235 111.264 -426.194 68.3152 107.182 -495.854 68.1138 66.1765 -493.809 89.1491 62.5987 -509.321 89.1042 53.4676 -511.366 68.0689 57.0453 -581.012 67.8675 16.0483
element 26
  poly 0: -94.2112 76.298 178.235 -127.552 137.275 164.448 -111.048 145.86 162.507 -119.518 161.351 159.005 -136.022 152.766 160.946 -169.363 213.743 147.159 -132.865 278.532 132.511 -116.467 269.744 134.498 -107.799 285.131 131.019 -124.197 293.92 129.032 -87.7 358.709 114.384 -9.00986 358.709 114.384 -9.00986 340.459 118.51 8.99014 340.459 118.51 8.99014 358.709 114.384 87.6803 358.709 114.384 124.709 295.61 128.65 108.479 286.549 130.698 117.421 271.312 134.144 133.65 280.373 132.095 170.679 217.274 146.361 136.686 154.547 160.543 120.148 163.073 158.616 111.736 147.551 162.125 128.274 139.025 164.053 94.2815 76.298 178.235 9.03515 76.298 178.235 9.03515 94.6021 174.096 -8.96485 94.6021 174.096 -8.96485 76.298 178.235 -94.2112 76.298 178.235
  poly 1: -96.1339 77.8003 198.085 -130.258 140.21 183.975 -111.048 150.203 181.715 -119.518 165.694 178.213 -138.728 155.701 180.472 -172.819 218.05 166.376 -135.505 284.29 151.399 -116.467 274.087 153.706 -107.799 289.474 150.227 -126.837 299.677 147.92 -89.4898 365.975 132.931 -9.00986 365.975 132.931 -9.00986 344.802 137.718 8.99014 344.802 137.718 8.99014 365.975 132.931 89.4697 365.975 132.931 127.348 301.427 147.525 108.479 290.892 149.907 117.421 275.655 153.352 136.29 286.189 150.97 174.162 221.653 165.561 139.393 157.494 180.067 120.148 167.416 177.824 111.736 151.894 181.333 130.981 141.972 183.576 96.2056 77.8003 198.085 9.03515 77.8003 198.085 9.03515 98.9449 193.305 -8.96485 98.9449 193.305 -8.96485 77.8003 198.085 -96.1339 77.8003 198.085
element 27
  poly 0: 420.278 69.5158 88.2194 386.992 134.473 92.5515 400.9 142.271 82.4931 392.706 158.262 83.5596 378.798 150.465 93.618 345.513 215.422 97.9502 369.929 264.242 71.9991 384.338 253.818 65.946 391.61 268.357 58.2174 377.2 278.781 64.2704 401.616 327.601 38.3194 462.916 325.931 2.49459 464.433 307.499 5.9495 479.969 307.076 -3.13029 478.452 325.508 -6.5852 539.751 323.838 -42.41 576.229 261.396 -49.2222 562.977 252.573 -39.3094 572.017 237.099 -40.9975 585.269 245.922 -50.9103 621.747 183.479 -57.7225 598.058 133.465 -31.9193 583.549 143.534 -25.7232 576.565 128.79 -18.1167 591.075 118.721 -24.3128 567.387 68.7075 1.49041 501.585 69.0691 40.2841 499.752 87.5562 37.0029 484.246 87.6414 46.1443 486.079 69.1543 49.4256 420.278 69.5158 88.2194
  poly 1: 428.855 70.8796 106.233 394.829 137.281 110.661 410.743 146.204 99.152 402.549 162.195 100.218 386.635 153.273 111.728 352.564 219.764 116.162 377.572 269.766 89.5823 394.181 257.751 82.6049 401.453 272.29 74.8763 384.843 284.306 81.8536 409.812 334.232 55.3143 472.54 332.523 18.655 474.276 311.432 22.6084 489.812 311.009 13.5286 488.076 332.1 9.57526 550.767 330.392 -27.0626 588.019 266.624 -34.0194 572.82 256.505 -22.6505 581.86 241.031 -24.3386 597.059 251.151 -35.7075 634.436 187.169 -42.6876 610.13 135.851 -16.212 593.392 147.467 -9.06432 586.408 132.723 -1.45777 603.146 121.108 -8.60544 578.966 70.0549 17.7337 511.683 70.4246 57.4005 509.595 91.4889 53.6618 494.089 91.5741 62.8033 496.178 70.5098 66.542 428.855 70.8796 106.233
element 28
  poly 0: -542.066 313.982 -40.316 -577.072 256.378 -47.8476 -587.881 264.714 -61.3673 -597.171 249.427 -63.3661 -586.362 241.091 -49.8464 -621.369 183.487 -57.378 -644.95 182.994 -78.8687 -641.317 201.062 -83.2684 -654.62 200.784 -95.3916 -658.252 182.716 -90.9919 -681.833 182.224 -112.483 -631.947 406.373 -162.627 -612.059 407.267 -144.708 -615.426 389.217 -140.071 -602.061 389.818 -128.028 -598.694 407.868 -132.665 -578.941 408.756 -114.866 -563.135 368.133 -82.9121 -576.62 356.908 -90.5122 -571.356 343.379 -79.8701 -557.871 354.604 -72.27 -542.066 313.982 -40.316
  poly 1: -553.128 320.335 -24.926 -588.855 261.546 -32.6124 -600.704 270.685 -47.4338 -609.994 255.398 -49.4325 -598.145 246.259 -34.6112 -634.05 187.177 -42.3361 -658.234 186.672 -64.3766 -654.141 207.033 -69.3349 -667.443 206.755 -81.4581 -671.536 186.394 -76.4998 -695.748 185.888 -98.5653 -644.844 414.612 -149.733 -624.455 415.528 -131.362 -628.249 395.188 -126.137 -614.884 395.789 -114.095 -611.09 416.129 -119.32 -590.756 417.043 -100.997 -574.516 375.305 -68.1658 -589.443 362.879 -76.5787 -584.18 349.35 -65.9366 -569.252 361.776 -57.5237 -553.128 320.335 -24.926
element 29
  poly 0: -346.414 212.155 98.1371 -369.037 256.784 74.6569 -352.635 265.714 75.8259 -360.002 280.248 68.1792 -376.405 271.318 67.0102 -399.029 315.948 43.53 -361.83 383.922 27.8552 -345.952 376.882 35.0097 -337.482 392.359 31.4408 -353.361 399.399 24.2862 -316.163 467.372 8.61139 -245.677 468.868 27.796 -247.038 451.281 34.168 -229.674 451.65 38.8943 -228.313 469.237 32.5223 -157.827 470.733 51.7069 -127.079 421.614 79.1888 -142.829 411.464 78.671 -134.199 397.679 86.3839 -118.449 407.828 86.9017 -87.7 358.709 114.384 -124.197 293.92 129.032 -139.983 301.181 121.818 -148.651 285.794 125.297 -132.865 278.532 132.511 -169.363 213.743 147.159 -249.215 213.027 125.05 -247.618 230.699 118.711 -264.965 230.543 113.908 -266.562 212.871 120.247 -346.414 212.155 98.1371
  poly 1: -353.483 216.429 116.353 -376.677 262.184 92.2809 -357.628 272.554 93.6385 -364.996 287.088 85.9918 -384.045 276.718 84.6343 -407.172 322.341 60.6313 -369.162 391.799 44.6144 -350.945 383.722 52.8223 -342.476 399.199 49.2534 -360.692 407.275 41.0454 -322.615 476.856 25.0001 -250.463 478.387 44.6382 -252.032 458.121 51.9807 -234.667 458.49 56.7069 -233.099 478.756 49.3644 -161.048 480.285 68.975 -129.599 430.047 97.0827 -147.823 418.304 96.4836 -139.193 404.519 104.197 -120.97 416.262 104.796 -89.4898 365.975 132.931 -126.837 299.677 147.92 -144.977 308.021 139.631 -153.645 292.634 143.11 -135.505 284.29 151.399 -172.819 218.05 166.376 -254.438 217.318 143.777 -252.612 237.539 136.524 -269.958 237.384 131.721 -271.785 217.162 138.974 -353.483 216.429 116.353
element 30
  poly 0: 170.679 217.274 146.361 133.65 280.373 132.095 149.259 287.877 124.774 140.318 303.115 121.329 124.709 295.61 128.65 87.6803 358.709 114.384 119.183 411.257 84.9832 135.108 401.369 84.374 143.452 415.288 76.5865 127.527 425.176 77.1958 159.029 477.724 47.7954 228.365 475.989 28.9877 229.685 458.455 35.4729 247.052 458.02 30.762 245.732 475.555 24.2768 315.068 473.82 5.46915 353.841 408.315 20.1859 338.303 400.762 27.5057 347.305 385.554 30.9225 362.843 393.106 23.6026 401.616 327.601 38.3194 377.2 278.781 64.2704 360.75 287.628 65.4347 353.478 273.088 73.1633 369.929 264.242 71.9991 345.513 215.422 97.9502 266.769 216.256 119.754 265.172 233.874 113.314 247.826 234.057 118.117 249.423 216.44 124.557 170.679 217.274 146.361
  poly 1: 174.162 221.653 165.561 136.29 286.189 150.97 154.254 294.826 142.544 145.312 310.063 139.099 127.348 301.427 147.525 89.4697 365.975 132.931 121.703 419.742 102.849 140.102 408.318 102.145 148.446 422.237 94.3572 130.047 433.661 95.0611 162.274 487.418 64.9837 233.155 485.645 45.757 234.679 465.403 53.2435 252.047 464.969 48.5326 250.522 485.211 41.0461 321.498 483.435 21.7937 361.176 416.401 36.8539 343.297 407.711 45.2764 352.299 392.503 48.6931 370.178 401.193 40.2706 409.812 334.232 55.3143 384.843 284.306 81.8536 365.744 294.576 83.2053 358.473 280.037 90.934 377.572 269.766 89.5823 352.564 219.764 116.162 271.998 220.617 138.471 270.167 240.822 131.085 252.82 241.006 135.888 254.651 220.801 143.274 174.162 221.653 165.561
element 31
  poly 0: 539.751 323.838 -42.41 556.792 359.863 -73.5304 569.872 347.759 -80.3806 575.938 360.583 -91.4592 562.858 372.688 -84.6089 579.899 408.713 -115.729 599.24 407.843 -133.157 602.607 389.793 -128.52 615.972 389.192 -140.563 612.605 407.243 -145.2 631.947 406.373 -162.627 681.833 182.224 -112.483 658.478 182.712 -91.1981 654.846 200.779 -95.5979 641.544 201.057 -83.4747 645.176 182.99 -79.075 621.747 183.479 -57.7225 585.269 245.922 -50.9103 596.329 253.865 -64.493 587.29 269.339 -62.8049 576.229 261.396 -49.2222 539.751 323.838 -42.41
  poly 1: 550.767 330.392 -27.0626 568.166 367.175 -58.8379 582.695 353.73 -66.4471 588.761 366.554 -77.5256 574.232 380 -69.9164 591.734 416.999 -101.878 611.636 416.104 -119.812 615.43 395.764 -114.587 628.795 395.163 -126.629 625.001 415.504 -131.854 644.844 414.612 -149.733 695.748 185.888 -98.5653 671.763 186.389 -76.7061 667.669 206.75 -81.6643 654.367 207.028 -69.5411 658.46 186.667 -64.5829 634.436 187.169 -42.6876 597.059 251.151 -35.7075 609.152 259.836 -50.5595 600.113 275.31 -48.8714 588.019 266.624 -34.0194 550.767 330.392 -27.0626
element 32
  poly 0: -542.066 313.982 -40.316 -557.871 354.604 -72.27 -542.127 363.985 -68.1321 -547.39 377.514 -78.7742 -563.135 368.133 -82.9121 -578.941 408.756 -114.866 -537.736 461.744 -119.836 -525.631 453.438 -108.034 -514.612 467.609 -109.363 -526.717 475.914 -121.165 -485.512 528.903 -126.135 -432.989 535.413 -98.5637 -435.146 518.539 -90.47 -419.304 520.503 -82.1536 -417.147 537.377 -90.2473 -364.624 543.888 -62.6755 -344.178 511.605 -32.5984 -358.875 500.113 -34.9417 -351.307 488.164 -23.809 -336.61 499.656 -21.4657 -316.163 467.372 8.61139 -353.361 399.399 24.2862 -367.649 404.595 12.9148 -376.118 389.118 16.4837 -361.83 383.922 27.8552 -399.029 315.948 43.53 -462.783 315.072 6.15803 -458.824 332.186 -0.998523 -474.351 331.972 -10.1006 -478.311 314.858 -2.94401 -542.066 313.982 -40.316
  poly 1: -553.128 320.335 -24.926 -569.252 361.776 -57.5237 -551.237 372.509 -52.7892 -556.501 386.038 -63.4313 -574.516 375.305 -68.1658 -590.756 417.043 -100.997 -548.49 471.395 -106.096 -534.742 461.962 -92.691 -523.723 476.133 -94.0201 -537.471 485.566 -107.425 -495.42 539.642 -112.497 -441.8 546.289 -84.3486 -444.257 527.063 -75.1271 -428.415 529.027 -66.8107 -425.957 548.253 -76.0322 -372.066 554.933 -47.7417 -351.104 521.837 -16.9072 -367.986 508.637 -19.5988 -360.418 496.688 -8.46605 -343.536 509.888 -5.7745 -322.615 476.856 25.0001 -360.692 407.275 41.0454 -376.76 413.119 28.2577 -385.229 397.642 31.8266 -369.162 391.799 44.6144 -407.172 322.341 60.6313 -472.392 321.445 22.4004 -467.934 340.71 14.3444 -483.462 340.496 5.24234 -487.92 321.231 13.2984 -553.128 320.335 -24.926
element 33
  poly 0: -87.7 358.709 114.384 -118.449 407.828 86.9017 -101.968 415.686 82.5055 -110.598 429.471 74.7926 -127.079 421.614 79.1888 -157.827 470.733 51.7069 -120.626 527.223 20.1009 -104.326 519.048 24.6749 -95.3571 532.667 17.0549 -111.657 540.842 12.4808 -74.4565 597.333 -19.1251 -9.06984 597.333 -19.1251 -9.06984 580.976 -9.97361 8.93016 580.976 -9.97361 8.93016 597.333 -19.1251 74.3168 597.333 -19.1251 111.941 544.209 10.5971 95.9646 535.592 15.4186 105.428 522.23 22.8947 121.405 530.847 18.0732 159.029 477.724 47.7954 127.527 425.176 77.1958 110.878 432.777 72.9428 102.534 418.858 80.7303 119.183 411.257 84.9832 87.6803 358.709 114.384 8.99014 358.709 114.384 8.99014 375.16 105.179 -9.00986 375.16 105.179 -9.00986 358.709 114.384 -87.7 358.709 114.384
  poly 1: -89.4898 365.975 132.931 -120.97 416.262 104.796 -101.968 425.321 99.727 -110.598 439.106 92.0141 -129.599 430.047 97.0827 -161.048 480.285 68.975 -123.006 538.052 36.6546 -104.326 528.683 41.8965 -95.3571 542.303 34.2764 -114.037 551.671 29.0345 -75.9761 609.468 -3.30241 -9.06984 609.468 -3.30241 -9.06984 590.611 7.24791 8.93016 590.611 7.24791 8.93016 609.468 -3.30241 75.8335 609.468 -3.30241 114.32 555.128 27.1008 95.9646 545.227 32.6401 105.428 531.865 40.1162 123.783 541.766 34.5768 162.274 487.418 64.9837 130.047 433.661 95.0611 110.878 442.413 90.1643 102.534 428.494 97.9518 121.703 419.742 102.849 89.4697 365.975 132.931 8.99014 365.975 132.931 8.99014 384.796 122.401 -9.00986 384.796 122.401 -9.00986 365.975 132.931 -89.4898 365.975 132.931
element 34
  poly 0: 401.616 327.601 38.3194 362.843 393.106 23.6026 376.746 398.729 11.9971 367.744 413.937 8.58032 353.841 408.315 20.1859 315.068 473.82 5.46915 335.427 507.874 -26.4999 350.339 496.661 -28.9476 357.531 508.691 -40.2413 342.619 519.904 -37.7936 362.978 553.958 -69.7627 416.585 547.476 -98.1804 418.959 530.699 -89.8756 434.773 528.787 -98.2585 432.399 545.565 -106.563 486.007 539.083 -134.981 527.73 481.149 -126.426 515.058 473.777 -114.544 525.502 459.275 -112.402 538.175 466.647 -124.284 579.899 408.713 -115.729 562.858 372.688 -84.6089 547.445 382.87 -81.2623 541.378 370.045 -70.1838 556.792 359.863 -73.5304 539.751 323.838 -42.41 478.452 325.508 -6.5852 474.541 342.457 -14.0671 459.005 342.88 -4.98736 462.916 325.931 2.49459 401.616 327.601 38.3194
  poly 1: 409.812 334.232 55.3143 370.178 401.193 40.2706 385.859 407.534 27.1804 376.858 422.742 23.7637 361.176 416.401 36.8539 321.498 483.435 21.7937 342.355 518.322 -10.9579 359.452 505.466 -13.7643 366.644 517.496 -25.058 349.547 530.352 -22.2516 370.386 565.208 -54.9736 425.376 558.56 -84.1246 428.073 539.505 -74.6922 443.886 537.593 -83.0751 441.19 556.648 -92.5075 495.925 550.03 -121.523 538.498 490.917 -112.794 524.171 482.583 -99.3607 534.616 468.08 -97.2191 548.943 476.415 -110.652 591.734 416.999 -101.878 574.232 380 -69.9164 556.558 391.675 -66.079 550.492 378.851 -55.0005 568.166 367.175 -58.8379 550.767 330.392 -27.0626 488.076 332.1 9.57526 483.654 351.263 1.1162 468.118 351.686 10.196 472.54 332.523 18.655 409.812 334.232 55.3143
element 35
  poly 0: -485.512 528.903 -126.135 -526.717 475.914 -121.165 -536.933 482.455 -136.134 -547.953 468.285 -134.805 -537.736 461.744 -119.836 -578.941 408.756 -114.866 -598.694 407.868 -132.665 -592.55 424.138 -140.296 -605.915 423.537 -152.338 -612.059 407.267 -144.708 -631.813 406.379 -162.507 -563.818 566.747 -230.745 -518.357 589.981 -207.228 -504.697 564.579 -173.503 -519.068 552.335 -176.904 -513.528 542.032 -163.224 -499.156 554.276 -159.823 -485.512 528.903 -126.135
  poly 1: -495.42 539.642 -112.497 -537.471 485.566 -107.425 -548.587 492.682 -123.711 -559.606 478.512 -122.381 -548.49 471.395 -106.096 -590.756 417.043 -100.997 -611.09 416.129 -119.32 -604.204 434.365 -127.873 -617.568 433.765 -139.915 -624.455 415.528 -131.362 -644.707 414.618 -149.61 -575.324 578.258 -219.241 -528.936 601.967 -195.245 -514.965 575.987 -160.752 -530.722 562.562 -164.481 -525.181 552.259 -150.801 -509.424 565.683 -147.072 -495.42 539.642 -112.497
element 36
  poly 0: -316.163 467.372 8.61139 -336.61 499.656 -21.4657 -320.094 508.426 -23.279 -327.662 520.376 -34.4117 -344.178 511.605 -32.5984 -364.624 543.888 -62.6755 -329.744 598.035 -93.1943 -313.865 592.656 -84.59 -305.056 606.331 -92.2975 -320.935 611.71 -100.902 -286.054 665.857 -131.42 -146.648 688.531 -108.248 -114.986 648.533 -69.1605 -130.809 638.73 -66.3745 -121.941 627.527 -55.4266 -106.118 637.33 -58.2126 -74.4565 597.333 -19.1251 -111.657 540.842 12.4808 -127.52 546.401 3.7465 -136.489 532.782 11.3666 -120.626 527.223 20.1009 -157.827 470.733 51.7069 -228.313 469.237 32.5223 -225.711 484.595 21.7651 -243.075 484.227 17.0389 -245.677 468.868 27.796 -316.163 467.372 8.61139
  poly 1: -322.615 476.856 25.0001 -343.536 509.888 -5.7745 -324.536 519.978 -7.86063 -332.104 531.927 -18.9933 -351.104 521.837 -16.9072 -372.066 554.933 -47.7417 -336.38 610.33 -78.965 -318.307 604.208 -69.1717 -309.498 617.882 -76.8791 -327.571 624.005 -86.6724 -291.892 679.391 -117.89 -149.641 702.527 -94.2443 -117.157 661.491 -54.1419 -135.251 650.282 -50.9561 -126.383 639.079 -40.0082 -108.289 650.289 -43.1941 -75.9761 609.468 -3.30241 -114.037 551.671 29.0345 -131.961 557.953 19.1649 -140.93 544.333 26.7849 -123.006 538.052 36.6546 -161.048 480.285 68.975 -233.099 478.756 49.3644 -230.153 496.147 37.1835 -247.517 495.778 32.4572 -250.463 478.387 44.6382 -322.615 476.856 25.0001
element 37
  poly 0: 159.029 477.724 47.7954 121.405 530.847 18.0732 136.928 536.78 9.02573 127.465 550.142 1.54966 111.941 544.209 10.5971 74.3168 597.333 -19.1251 103.514 637.312 -58.1948 119.666 627.94 -55.7142 128 639.351 -66.8654 111.847 648.723 -69.346 141.007 688.652 -108.367 286.434 664.998 -132.499 320.155 616.079 -104.861 304.541 610.353 -95.9452 313.804 596.916 -88.3533 329.418 602.642 -97.2687 362.978 553.958 -69.7627 342.619 519.904 -37.7936 325.912 528.367 -39.4179 318.72 516.337 -28.1242 335.427 507.874 -26.4999 315.068 473.82 5.46915 245.732 475.555 24.2768 243.154 490.791 13.3674 225.787 491.225 18.0783 228.365 475.989 28.9877 159.029 477.724 47.7954
  poly 1: 162.274 487.418 64.9837 123.783 541.766 34.5768 141.372 548.487 24.3261 131.908 561.849 16.8501 114.32 555.128 27.1008 75.8335 609.468 -3.30241 105.682 650.339 -43.2437 124.109 639.647 -40.4138 132.443 651.058 -51.565 114.015 661.75 -54.3949 143.885 702.652 -94.3655 292.279 678.514 -118.99 326.713 628.562 -90.7679 308.985 622.061 -80.6448 318.247 608.623 -73.0529 335.976 615.125 -83.176 370.386 565.208 -54.9736 349.547 530.352 -22.2516 330.356 540.074 -24.1175 323.163 528.044 -12.8238 342.355 518.322 -10.9579 321.498 483.435 21.7937 250.522 485.211 41.0461 247.597 502.498 28.6678 230.23 502.932 33.3788 233.155 485.645 45.757 162.274 487.418 64.9837
element 38
  poly 0: 486.007 539.083 -134.981 499.672 559.411 -164.534 513.624 546.481 -166.977 520.032 556.013 -180.836 506.08 568.943 -178.393 519.746 589.271 -207.947 563.818 566.747 -230.745 631.813 406.379 -162.507 612.605 407.243 -145.2 606.461 423.513 -152.83 593.096 424.113 -140.788 599.24 407.843 -133.157 579.899 408.713 -115.729 538.175 466.647 -124.284 549.091 472.308 -139.185 538.646 486.811 -141.326 527.73 481.149 -126.426 486.007 539.083 -134.981
  poly 1: 495.925 550.03 -121.523 509.959 570.905 -151.872 525.277 556.708 -154.554 531.686 566.24 -168.413 516.367 580.438 -165.731 530.353 601.242 -195.978 575.324 578.258 -219.241 644.707 414.618 -149.61 625.001 415.504 -131.854 618.114 433.74 -140.407 604.75 434.341 -128.365 611.636 416.104 -119.812 591.734 416.999 -101.878 548.943 476.415 -110.652 560.745 482.535 -126.762 550.3 497.038 -128.903 538.498 490.917 -112.794 495.925 550.03 -121.523
element 39
  poly 0: -485.512 528.903 -126.135 -499.156 554.276 -159.823 -482.96 564.101 -158.982 -488.501 574.404 -172.662 -504.697 564.579 -173.503 -518.341 589.952 -207.19 -286.133 665.735 -131.352 -320.935 611.71 -100.902 -335.504 614.336 -112.894 -344.313 600.661 -105.187 -329.744 598.035 -93.1943 -364.624 543.888 -62.6755 -417.147 537.377 -90.2473 -412.907 551.919 -101.758 -428.749 549.956 -110.075 -432.989 535.413 -98.5637 -485.512 528.903 -126.135
  poly 1: -495.42 539.642 -112.497 -509.424 565.683 -147.072 -491.269 576.697 -146.13 -496.81 587.001 -159.81 -514.965 575.987 -160.752 -528.92 601.937 -195.206 -291.972 679.266 -117.82 -327.571 624.005 -86.6724 -343.813 626.932 -100.041 -352.622 613.258 -92.334 -336.38 610.33 -78.965 -372.066 554.933 -47.7417 -425.957 548.253 -76.0322 -421.215 564.516 -88.9057 -437.058 562.552 -97.2222 -441.8 546.289 -84.3486 -495.42 539.642 -112.497
element 40
  poly 0: -74.4565 597.333 -19.1251 -106.118 637.33 -58.2126 -89.6498 643.998 -64.7289 -98.5178 655.201 -75.6768 -114.986 648.533 -69.1605 -146.783 688.702 -108.416 141.044 688.702 -108.416 111.847 648.723 -69.346 95.0568 654.995 -75.4752 86.7235 643.584 -64.324 103.514 637.312 -58.1948 74.3168 597.333 -19.1251 8.93016 597.333 -19.1251 8.93016 610.911 -32.3945 -9.06984 610.911 -32.3945 -9.06984 597.333 -19.1251 -74.4565 597.333 -19.1251
  poly 1: -75.9761 609.468 -3.30241 -108.289 650.289 -43.1941 -89.6498 657.836 -50.5694 -98.5178 669.038 -61.5173 -117.157 661.491 -54.1419 -149.779 702.702 -94.4153 143.922 702.702 -94.4153 114.015 661.75 -54.3949 95.0568 668.832 -61.3157 86.7235 657.421 -50.1645 105.682 650.339 -43.2437 75.8335 609.468 -3.30241 8.93016 609.468 -3.30241 8.93016 624.748 -18.2349 -9.06984 624.748 -18.2349 -9.06984 609.468 -3.30241 -75.9761 609.468 -3.30241
element 41
  poly 0: 362.978 553.958 -69.7627 329.418 602.642 -97.2687 343.671 605.545 -109.521 334.408 618.983 -117.112 320.155 616.079 -104.861 286.595 664.764 -132.367 519.713 589.221 -207.875 506.08 568.943 -178.393 490.27 579.298 -178.582 483.861 569.766 -164.723 499.672 559.411 -164.534 486.007 539.083 -134.981 432.399 545.565 -106.563 427.957 559.897 -118.211 412.144 561.809 -109.828 416.585 547.476 -98.1804 362.978 553.958 -69.7627
  poly 1: 370.386 565.208 -54.9736 335.976 615.125 -83.176 351.922 618.373 -96.8824 342.659 631.81 -104.474 326.713 628.562 -90.7679 292.444 678.276 -118.855 530.319 601.191 -195.904 516.367 580.438 -165.731 498.52 592.126 -165.944 492.112 582.594 -152.085 509.959 570.905 -151.872 495.925 550.03 -121.523 441.19 556.648 -92.5075 436.208 572.725 -105.573 420.394 574.636 -97.1899 425.376 558.56 -84.1246 370.386 565.208 -54.9736
element 42
  poly 0: -620.302 -485.391 -134.067 -600.482 -468.801 -155.672 -594.297 -486.422 -160.8 -581.988 -478.241 -174.067 -588.748 -458.98 -168.462 -561.467 -436.144 -198.201 -531.542 -505.659 -224.128 -558.824 -528.494 -194.389 -567.679 -511.419 -186.469 -578.682 -522.758 -174.325 -570.596 -538.349 -181.556 -590.377 -554.906 -159.994 -620.302 -485.391 -134.067
  poly 1: -607.398 -484.505 -121.549 -587.578 -467.915 -143.154 -581.393 -485.536 -148.282 -569.084 -477.355 -161.549 -575.844 -458.094 -155.944 -548.563 -435.258 -185.683 -518.638 -504.773 -211.609 -545.92 -527.608 -181.87 -554.775 -510.533 -173.951 -565.778 -521.872 -161.806 -557.692 -537.463 -169.037 -577.473 -554.02 -147.475 -607.398 -484.505 -121.549
element 43
  poly 0: -509.585 -561.49 -104.363 -493.023 -542.885 -126.789 -507.707 -547.48 -138.974 -499.143 -536.843 -153.305 -483.206 -531.856 -140.081 -460.171 -505.978 -171.271 -516.895 -521.018 -225.642 -539.93 -546.896 -194.452 -526.286 -544.012 -179.397 -537.289 -555.351 -167.253 -549.812 -557.998 -181.071 -566.309 -576.53 -158.734 -509.585 -561.49 -104.363
  poly 1: -500.529 -576.075 -109.776 -483.968 -557.469 -132.201 -498.652 -562.064 -144.387 -490.088 -551.428 -158.718 -474.151 -546.441 -145.494 -451.115 -520.563 -176.684 -507.84 -535.602 -231.055 -530.875 -561.48 -199.864 -517.231 -558.596 -184.81 -528.234 -569.935 -172.666 -540.757 -572.582 -186.484 -557.253 -591.114 -164.147 -500.529 -576.075 -109.776
element 44
  poly 0: -378.221 -621.345 -67.9822 -366.646 -599.495 -93.283 -352.186 -611.6 -93.6253 -343.622 -600.963 -107.957 -360.111 -587.16 -107.567 -345.502 -559.582 -139.5 -280.121 -604.774 -148.616 -294.731 -632.352 -116.682 -313.075 -622.076 -112.217 -317.352 -635.679 -98.4809 -301.267 -644.689 -102.396 -312.841 -666.536 -77.0977 -378.221 -621.345 -67.9822
  poly 1: -369.683 -611.495 -55.5696 -358.107 -589.645 -80.8704 -343.647 -601.75 -81.2127 -335.083 -591.114 -95.5443 -351.573 -577.31 -95.154 -336.963 -549.733 -127.088 -271.582 -594.925 -136.203 -286.192 -622.502 -104.27 -304.536 -612.226 -99.8043 -308.813 -625.829 -86.0683 -292.728 -634.839 -89.9835 -304.302 -656.687 -64.6851 -369.683 -611.495 -55.5696
element 45
  poly 0: -247.374 -573.14 20.4556 -239.211 -552.417 -7.12255 -238.068 -569.089 -16.0692 -233.32 -559.775 -32.8199 -234.624 -540.77 -22.6218 -224.348 -514.681 -57.3417 -217.003 -579.396 -103.796 -227.279 -605.485 -69.0762 -229.883 -589.988 -54.5398 -234.16 -603.591 -40.8037 -231.879 -617.164 -53.5347 -240.029 -637.855 -25.9988 -247.374 -573.14 20.4556
  poly 1: -229.936 -574.261 24.7744 -221.773 -553.538 -2.80369 -220.629 -570.21 -11.7503 -215.882 -560.896 -28.501 -217.186 -541.891 -18.303 -206.91 -515.802 -53.0228 -199.565 -580.517 -99.4772 -209.841 -606.606 -64.7574 -212.445 -591.109 -50.2209 -216.722 -604.712 -36.4848 -214.441 -618.285 -49.2159 -222.591 -638.976 -21.6799 -229.936 -574.261 24.7744
element 46
  poly 0: -88.7942 -648.102 -4.00059 -84.9618 -625.212 -30.4644 -101.227 -633.004 -36.3549 -101.227 -621.088 -52.1191 -82.7927 -612.256 -45.4431 -77.9064 -583.072 -79.1842 -145.933 -609.536 -111.926 -150.82 -638.72 -78.1845 -133.102 -633.477 -67.4758 -137.379 -647.08 -53.7397 -152.993 -651.701 -63.1772 -156.821 -674.566 -36.742 -88.7942 -648.102 -4.00059
  poly 1: -79.5268 -660.411 -13.3058 -75.6945 -637.521 -39.7696 -91.9596 -645.314 -45.6601 -91.9596 -633.397 -61.4243 -73.5253 -624.566 -54.7482 -68.639 -595.381 -88.4894 -136.666 -621.846 -121.231 -141.552 -651.03 -87.4897 -123.835 -645.786 -76.781 -128.111 -659.389 -63.0449 -143.725 -664.01 -72.4824 -147.554 -686.875 -46.0472 -79.5268 -660.411 -13.3058
element 47
  poly 0: 78.5599 -661.624 -14.2961 74.7233 -638.886 -40.8014 91.2898 -646.31 -46.4128 91.2898 -634.393 -62.177 72.548 -625.995 -55.8288 67.6391 -596.903 -89.7414 136.839 -621.869 -121.175 141.748 -650.961 -87.2621 123.744 -646.088 -76.9367 128.036 -659.58 -63.0864 143.928 -663.881 -72.2007 147.76 -686.589 -45.7294 78.5599 -661.624 -14.2961
  poly 1: 87.3752 -649.105 -4.83255 83.5385 -626.367 -31.3378 100.105 -633.79 -36.9492 100.105 -621.874 -52.7135 81.3633 -613.476 -46.3652 76.4544 -584.384 -80.2779 145.655 -609.35 -111.711 150.564 -638.441 -77.7985 132.559 -633.569 -67.4731 136.851 -647.061 -53.6228 152.744 -651.362 -62.7371 156.575 -674.07 -36.2658 87.3752 -649.105 -4.83255
element 48
  poly 0: 229.763 -575.245 23.0012 221.667 -554.703 -4.33866 220.423 -571.376 -13.4366 215.675 -561.924 -30.1101 217.081 -543.069 -19.8219 206.724 -516.791 -54.7956 199.13 -581.524 -101.185 209.487 -607.802 -66.2112 212.105 -592.271 -51.8932 216.397 -605.762 -38.0428 214.086 -619.471 -50.6806 222.168 -639.978 -23.3881 229.763 -575.245 23.0012
  poly 1: 247.195 -574.17 18.6468 239.099 -553.627 -8.69306 237.855 -570.301 -17.791 233.107 -560.849 -34.4645 234.514 -541.994 -24.1763 224.157 -515.716 -59.15 216.562 -580.449 -105.539 226.919 -606.727 -70.5656 229.538 -591.195 -56.2476 233.829 -604.687 -42.3972 231.518 -618.396 -55.035 239.601 -638.903 -27.7425 247.195 -574.17 18.6468
element 49
  poly 0: 367.981 -615.245 -58.8284 356.485 -593.392 -83.7889 341.108 -604.391 -82.9928 332.537 -593.428 -97.0742 349.951 -580.971 -97.9758 335.239 -553.004 -129.92 266.394 -593.572 -133.731 281.106 -621.54 -101.787 300.254 -612.448 -98.8641 304.546 -625.94 -85.0138 287.643 -633.966 -87.5937 299.136 -655.814 -62.6392 367.981 -615.245 -58.8284
  poly 1: 375.004 -625.976 -71.4583 363.508 -604.123 -96.4188 348.131 -615.123 -95.6227 339.56 -604.16 -109.704 356.974 -591.702 -110.606 342.262 -563.735 -142.55 273.417 -604.304 -146.361 288.129 -632.271 -114.417 307.277 -623.18 -111.494 311.569 -636.672 -97.6437 294.666 -644.697 -100.224 306.159 -666.545 -75.2691 375.004 -625.976 -71.4583
element 50
  poly 0: 507.237 -575.24 -114.854 490.762 -556.788 -137.027 507.296 -557.638 -147.753 498.725 -546.675 -161.834 480.915 -545.76 -150.281 457.643 -519.697 -181.603 521.843 -519.735 -229.335 545.115 -545.798 -198.013 529.57 -546.657 -184.836 540.651 -557.694 -172.484 555.028 -556.9 -184.672 571.437 -575.278 -162.586 507.237 -575.24 -114.854
  poly 1: 513.208 -560.271 -106.835 496.733 -541.82 -129.008 513.267 -542.67 -139.734 504.696 -531.707 -153.816 486.886 -530.792 -142.262 463.614 -504.728 -173.584 527.814 -504.767 -221.316 551.086 -530.83 -189.994 535.541 -531.689 -176.817 546.622 -542.726 -164.465 560.998 -541.932 -176.653 577.408 -560.31 -154.567 513.208 -560.271 -106.835
element 51
  poly 0: 607.19 -477.481 -117.503 587.525 -461.327 -139.042 580.867 -478.997 -143.761 568.558 -470.816 -157.029 575.771 -451.673 -151.916 548.207 -429.032 -182.107 516.895 -498.735 -205.792 544.459 -521.376 -175.601 553.516 -504.24 -168.413 564.597 -515.277 -156.062 556.252 -531.064 -162.683 575.878 -547.184 -141.188 607.19 -477.481 -117.503
  poly 1: 619.904 -478.889 -130.166 600.238 -462.736 -151.706 593.581 -480.405 -156.425 581.272 -472.224 -169.693 588.485 -453.081 -164.58 560.921 -430.44 -194.77 529.609 -500.144 -218.455 557.173 -522.784 -188.265 566.23 -505.648 -181.077 577.31 -516.685 -168.726 568.966 -532.472 -175.347 588.592 -548.592 -153.851 619.904 -478.889 -130.166
element 52
  poly 0: -590.663 -466.326 -93.4752 -572.292 -449.756 -117.774 -558.368 -460.906 -111.732 -546.059 -452.725 -124.999 -561.698 -440.201 -131.786 -537.686 -418.542 -163.548 -473.187 -461.76 -144.256 -497.2 -483.418 -112.495 -515.682 -473.106 -115.885 -524.246 -483.742 -101.554 -507.758 -492.942 -98.5289 -526.164 -509.544 -74.1836 -590.663 -466.326 -93.4752
  poly 1: -585.923 -453.857 -81.3893 -567.552 -437.287 -105.688 -553.628 -448.437 -99.6458 -541.319 -440.256 -112.913 -556.959 -427.732 -119.7 -532.946 -406.073 -151.462 -468.448 -449.291 -132.17 -492.46 -470.95 -100.409 -510.942 -460.637 -103.8 -519.506 -471.274 -89.4679 -503.019 -480.474 -86.4429 -521.424 -497.075 -62.0977 -585.923 -453.857 -81.3893
element 53
  poly 0: -487.655 -408.799 10.3355 -471.489 -393.744 -16.873 -468.712 -411.779 -22.1913 -459.171 -405.55 -38.3325 -462.306 -385.192 -32.3294 -441.529 -365.843 -67.2998 -425.177 -438.076 -97.5502 -445.954 -457.425 -62.5797 -451.483 -439.462 -52.5529 -460.047 -450.099 -38.2213 -455.155 -465.993 -47.0937 -471.303 -481.031 -19.9149 -487.655 -408.799 10.3355
  poly 1: -472.114 -409.082 19.4125 -455.948 -394.027 -7.79606 -453.17 -412.062 -13.1143 -443.63 -405.833 -29.2556 -446.765 -385.475 -23.2524 -425.988 -366.126 -58.2229 -409.636 -438.359 -88.4733 -430.413 -457.708 -53.5028 -435.942 -439.745 -43.4759 -444.506 -450.382 -29.1443 -439.613 -466.276 -38.0168 -455.761 -481.314 -10.8379 -472.114 -409.082 19.4125
element 54
  poly 0: -326.54 -505.602 35.0174 -314.708 -487.863 7.37629 -330.756 -494.23 -0.712324 -326.009 -484.915 -17.463 -307.968 -477.758 -8.36987 -292.646 -454.789 -44.1612 -357.215 -476.821 -85.94 -372.536 -499.79 -50.1487 -356.385 -495.27 -37.1429 -364.949 -505.907 -22.8113 -379.294 -509.92 -34.3624 -391.109 -527.633 -6.7614 -326.54 -505.602 35.0174
  poly 1: -317.839 -520.291 29.3156 -306.007 -502.552 1.67439 -322.055 -508.919 -6.41422 -317.307 -499.605 -23.1649 -299.266 -492.447 -14.0718 -283.945 -469.478 -49.8631 -348.514 -491.51 -91.6419 -363.835 -514.479 -55.8506 -347.683 -509.959 -42.8448 -356.248 -520.596 -28.5132 -370.593 -524.61 -40.0643 -382.408 -542.322 -12.4633 -317.839 -520.291 29.3156
element 55
  poly 0: -162.348 -545.188 60.3377 -158.016 -525.822 30.6774 -142.236 -536.038 29.4695 -137.488 -526.723 12.7188 -155.596 -515.002 14.1048 -150.209 -490.922 -22.7756 -81.1639 -528.627 -37.3085 -86.5508 -552.706 -0.428165 -105.339 -544.275 5.94554 -105.339 -556.191 21.7098 -88.9734 -563.536 16.1579 -93.3038 -582.893 45.8048 -162.348 -545.188 60.3377
  poly 1: -153.523 -532.673 69.7979 -149.191 -513.308 40.1375 -133.41 -523.523 38.9296 -128.663 -514.209 22.1789 -146.77 -502.487 23.5649 -141.383 -478.407 -13.3154 -72.3386 -516.112 -27.8483 -77.7255 -540.192 9.03199 -96.5141 -531.76 15.4057 -96.5141 -543.676 31.1699 -80.1481 -551.021 25.6181 -84.4784 -570.378 55.2649 -153.523 -532.673 69.7979
element 56
  poly 0: -9.04771 -469.299 117.711 -9.04771 -451.936 86.4989 -9.04771 -469.574 79.6969 -9.04771 -462.483 61.3068 -9.04771 -442.26 69.1054 -9.04771 -420.685 30.3234 -9.04771 -490.596 -8.56795 -9.04771 -512.17 30.214 -9.04771 -495.025 43.1741 -9.04771 -506.942 58.9383 -9.04771 -521.871 47.6528 -9.04771 -539.21 78.82 -9.04771 -469.299 117.711
  poly 1: 8.95229 -469.299 117.711 8.95229 -451.936 86.4989 8.95229 -469.574 79.6969 8.95229 -462.483 61.3068 8.95229 -442.26 69.1054 8.95229 -420.685 30.3234 8.95229 -490.596 -8.56795 8.95229 -512.17 30.214 8.95229 -495.025 43.1741 8.95229 -506.942 58.9383 8.95229 -521.871 47.6528 8.95229 -539.21 78.82 8.95229 -469.299 117.711
element 57
  poly 0: 152.365 -534.022 68.8929 148.043 -514.577 39.3735 132.012 -524.442 38.3461 127.264 -514.99 21.6726 145.623 -503.692 22.8492 140.228 -479.419 -13.9996 70.198 -515.626 -27.596 75.5937 -539.9 9.25273 94.6229 -531.861 15.329 94.6229 -543.778 31.0933 78.0152 -550.793 25.7902 82.3357 -570.23 55.2964 152.365 -534.022 68.8929
  poly 1: 160.789 -546.712 59.3004 156.466 -527.267 29.781 140.435 -537.132 28.7536 135.687 -527.68 12.0801 154.047 -516.382 13.2567 148.651 -492.109 -23.5921 78.6214 -528.316 -37.1885 84.0171 -552.589 -0.339751 103.046 -544.551 5.73655 103.046 -556.468 21.5008 86.4386 -563.483 16.1977 90.7591 -582.919 45.704 160.789 -546.712 59.3004
element 58
  poly 0: 321.341 -527.598 23.8454 309.447 -509.363 -3.63168 325.037 -516.349 -12.0314 320.289 -506.897 -28.7049 302.697 -499.013 -19.2262 287.414 -475.581 -54.5327 350.066 -500.011 -97.8667 365.349 -523.443 -62.5602 349.703 -518.356 -49.0758 358.275 -529.319 -34.9944 372.118 -533.82 -46.9246 383.994 -552.028 -19.4886 321.341 -527.598 23.8454
  poly 1: 330.721 -513.241 29.3132 318.827 -495.006 1.83619 334.417 -501.992 -6.5635 329.669 -492.54 -23.237 312.077 -484.656 -13.7583 296.794 -461.224 -49.0649 359.446 -485.654 -92.3988 374.729 -509.086 -57.0923 359.083 -503.999 -43.6079 367.655 -514.962 -29.5265 381.498 -519.463 -41.4567 393.374 -537.671 -14.0207 330.721 -513.241 29.3132
element 59
  poly 0: 471.959 -424.147 12.4375 455.706 -408.531 -14.6022 453.109 -426.458 -20.2562 443.565 -420.012 -36.3113 446.508 -399.695 -29.9034 425.786 -379.787 -64.3757 410.019 -451.437 -96.276 430.74 -471.345 -61.8036 436.167 -453.578 -51.2746 444.739 -464.542 -37.1932 439.956 -480.199 -46.4722 456.192 -495.797 -19.4627 471.959 -424.147 12.4375
  poly 1: 487.527 -423.558 3.42014 471.273 -407.942 -23.6196 468.676 -425.869 -29.2736 459.132 -419.423 -45.3287 462.075 -399.106 -38.9208 441.354 -379.198 -73.3931 425.586 -450.848 -105.293 446.308 -470.756 -70.821 451.734 -452.989 -60.292 460.306 -463.953 -46.2106 455.523 -479.61 -55.4896 471.759 -495.208 -28.4801 487.527 -423.558 3.42014
element 60
  poly 0: 581.323 -455.079 -77.7118 562.874 -438.155 -101.884 549.432 -450.357 -96.9364 537.123 -442.176 -110.204 552.27 -428.427 -115.778 528.31 -406.448 -147.171 465.653 -454.025 -132.66 489.613 -476.004 -101.267 507.663 -464.574 -103.355 516.235 -475.537 -89.2738 500.184 -485.701 -87.4171 518.667 -502.656 -63.2006 581.323 -455.079 -77.7118
  poly 1: 587.171 -466.602 -90.2427 568.722 -449.678 -114.415 555.279 -461.88 -109.467 542.97 -453.699 -122.735 558.117 -439.95 -128.309 534.157 -417.971 -159.702 471.501 -465.548 -145.191 495.461 -487.527 -113.798 513.511 -476.097 -115.886 522.082 -487.06 -101.805 506.031 -497.224 -99.948 524.514 -514.179 -75.7315 587.171 -466.602 -90.2427
element 61
  poly 0: -679.029 -269.675 -68.361 -656.508 -259.235 -92.8042 -654.519 -277.876 -95.6909 -641.342 -274.241 -110.085 -643.582 -253.242 -106.833 -614.384 -239.706 -138.524 -599.685 -316.003 -157.569 -628.883 -329.539 -125.879 -634.426 -310.116 -119.044 -646.735 -318.297 -105.777 -641.816 -335.535 -111.842 -664.33 -345.972 -87.4065 -679.029 -269.675 -68.361
  poly 1: -665.701 -270.125 -56.2722 -643.179 -259.684 -80.7154 -641.19 -278.326 -83.6022 -628.013 -274.691 -97.9963 -630.253 -253.692 -94.7445 -601.055 -240.156 -126.435 -586.356 -316.453 -145.48 -615.554 -329.989 -113.79 -621.097 -310.566 -106.956 -633.406 -318.747 -93.6883 -628.487 -335.984 -99.7535 -651.001 -346.422 -75.3177 -665.701 -270.125 -56.2722
element 62
  poly 0: -568.452 -351.82 -15.8859 -549.239 -339.149 -41.7601 -562.11 -348.182 -52.8542 -552.569 -341.953 -68.9955 -538.207 -331.874 -56.6166 -512.97 -315.229 -90.6047 -561.81 -349.716 -143.759 -587.047 -366.36 -109.771 -575.605 -358.22 -94.1356 -587.914 -366.401 -80.8682 -598.137 -373.674 -94.8365 -617.292 -386.307 -69.0399 -568.452 -351.82 -15.8859
  poly 1: -558.278 -366.666 -15.6018 -539.065 -353.995 -41.476 -551.936 -363.028 -52.5701 -542.396 -356.799 -68.7114 -528.034 -346.72 -56.3325 -502.796 -330.076 -90.3206 -551.636 -364.562 -143.475 -576.874 -381.206 -109.487 -565.432 -373.066 -93.8515 -577.74 -381.247 -80.5841 -587.963 -388.52 -94.5524 -607.118 -401.153 -68.7559 -558.278 -366.666 -15.6018
element 63
  poly 0: -412.97 -387.084 63.763 -399.849 -372.807 33.5531 -385.352 -383.884 37.8472 -375.811 -377.655 21.7059 -392.549 -364.865 16.7479 -376.417 -347.312 -20.3923 -309.589 -390.431 -11.743 -325.721 -407.983 25.3971 -344.793 -397.671 25.7259 -349.541 -406.986 42.4766 -333.016 -415.92 42.1918 -346.142 -430.202 72.4123 -412.97 -387.084 63.763
  poly 1: -405.58 -373.719 73.2894 -392.458 -359.442 43.0795 -377.961 -370.519 47.3736 -368.42 -364.289 31.2323 -385.159 -351.5 26.2743 -369.027 -333.947 -10.8659 -302.199 -377.066 -2.21663 -318.331 -394.618 34.9235 -337.403 -384.306 35.2523 -342.15 -393.621 52.003 -325.626 -402.555 51.7182 -338.752 -416.837 81.9387 -405.58 -373.719 73.2894
element 64
  poly 0: -273.782 -320.214 140.775 -264.728 -307.892 108.531 -263.923 -326.348 104.595 -258.757 -322.166 86.0421 -259.68 -301.022 90.5516 -248.411 -285.686 50.42 -242.133 -360.757 23.495 -253.402 -376.092 63.6266 -255.828 -357.135 73.4806 -260.575 -366.449 90.2313 -258.461 -382.976 81.6406 -267.505 -395.285 113.85 -273.782 -320.214 140.775
  poly 1: -256.429 -320.475 145.548 -247.375 -308.153 113.304 -246.569 -326.609 109.368 -241.404 -322.427 90.8153 -242.326 -301.282 95.3248 -231.057 -285.946 55.1932 -224.78 -361.017 28.2682 -236.049 -376.353 68.3998 -238.474 -357.396 78.2538 -243.221 -366.71 95.0045 -241.107 -383.237 86.4138 -250.151 -395.546 118.623 -256.429 -320.475 145.548
element 65
  poly 0: -99.0262 -408.507 141.156 -94.6901 -393.511 109.03 -111.151 -402.128 105.707 -111.151 -395.036 87.3165 -92.2738 -385.154 91.1273 -86.8865 -366.522 51.2127 -155.976 -398.682 26.8754 -161.364 -417.314 66.79 -143.323 -410.005 75.9675 -148.07 -419.319 92.7182 -163.784 -425.686 84.7243 -168.116 -440.668 116.819 -99.0262 -408.507 141.156
  poly 1: -90.2187 -423.154 135.508 -85.8826 -408.157 103.381 -102.344 -416.774 100.058 -102.344 -409.683 81.6682 -83.4663 -399.801 85.479 -78.079 -381.169 45.5644 -147.169 -413.329 21.2271 -152.556 -431.961 61.1417 -134.515 -424.652 70.3193 -139.263 -433.966 87.07 -154.977 -440.333 79.0761 -159.309 -455.314 111.171 -90.2187 -423.154 135.508
element 66
  poly 0: 91.1104 -425.234 134.778 86.763 -410.074 102.642 102.979 -419.06 99.1771 102.979 -411.968 80.787 84.3451 -401.642 84.769 78.966 -382.884 45.0064 147.059 -416.552 19.9117 152.438 -435.31 59.6742 134.651 -427.622 69.0979 139.399 -437.074 85.7714 154.861 -443.757 77.5799 159.204 -458.902 109.684 91.1104 -425.234 134.778
  poly 1: 100.302 -410.794 140.347 95.9548 -395.634 108.211 112.17 -404.62 104.746 112.17 -397.528 86.3554 93.5369 -387.202 90.3374 88.1578 -368.444 50.5748 156.251 -402.113 25.4801 161.63 -420.871 65.2426 143.843 -413.182 74.6663 148.591 -422.634 91.3399 164.052 -429.318 83.1483 168.395 -444.463 115.252 100.302 -410.794 140.347
element 67
  poly 0: 256.521 -326.152 143.892 247.442 -313.608 111.649 246.667 -332.033 107.639 241.5 -327.782 89.1024 242.389 -306.628 93.706 231.137 -291.083 53.7484 224.94 -365.99 26.3523 236.192 -381.535 66.3099 238.611 -362.635 76.3358 243.359 -372.087 93.0093 241.254 -388.529 84.2874 250.324 -401.059 116.496 256.521 -326.152 143.892
  poly 1: 273.876 -325.844 139.124 264.796 -313.301 106.881 264.021 -331.725 102.872 258.854 -327.474 84.3351 259.743 -306.32 88.9387 248.491 -290.776 48.9811 242.294 -365.682 21.585 253.546 -381.227 61.5426 255.965 -362.327 71.5685 260.713 -371.779 88.242 258.609 -388.221 79.5201 267.679 -400.751 111.728 273.876 -325.844 139.124
element 68
  poly 0: 406.809 -384.671 67.7149 393.7 -370.086 37.6928 379.075 -380.997 42.0056 369.532 -374.551 25.9506 386.401 -361.965 20.9758 370.253 -343.998 -16.0078 302.934 -386.306 -7.1674 319.082 -404.273 29.8162 338.27 -394.202 30.0615 343.018 -403.654 46.735 326.376 -412.389 46.5223 339.489 -426.978 76.5552 406.809 -384.671 67.7149
  poly 1: 413.969 -398.079 58.0745 400.861 -383.495 28.0525 386.236 -394.406 32.3652 376.692 -387.959 16.3102 393.562 -375.373 11.3355 377.414 -357.407 -25.6481 310.095 -399.715 -16.8078 326.243 -417.681 20.1759 345.431 -407.61 20.4211 350.179 -417.063 37.0947 333.537 -425.797 36.8819 346.65 -440.387 66.9149 413.969 -398.079 58.0745
element 69
  poly 0: 556.709 -374.834 -18.926 537.583 -362.032 -44.604 550.839 -370.387 -55.8382 541.295 -363.941 -71.8932 526.559 -354.653 -59.4046 501.244 -337.707 -93.3922 551.737 -369.344 -146.774 577.052 -386.29 -112.786 565.158 -378.892 -97.1903 577.467 -387.073 -83.9229 588.133 -393.707 -97.909 607.201 -406.471 -72.3078 556.709 -374.834 -18.926
  poly 1: 566.469 -359.712 -18.6562 547.343 -346.91 -44.3342 560.599 -355.265 -55.5684 551.055 -348.819 -71.6235 536.319 -339.531 -59.1348 511.004 -322.585 -93.1225 561.497 -354.222 -146.504 586.812 -371.168 -112.517 574.919 -363.77 -96.9205 587.227 -371.951 -83.6532 597.893 -378.585 -97.6392 616.962 -391.349 -72.0381 566.469 -359.712 -18.6562
element 70
  poly 0: 666.059 -270.113 -56.5978 643.538 -259.672 -81.0409 641.549 -278.314 -83.9277 628.372 -274.678 -98.3218 630.612 -253.68 -95.07 601.414 -240.144 -126.76 586.714 -316.441 -145.806 615.913 -329.977 -114.115 621.456 -310.554 -107.281 633.765 -318.735 -94.0138 628.846 -335.972 -100.079 651.36 -346.41 -75.6432 666.059 -270.113 -56.5978
  poly 1: 679.388 -269.663 -68.6865 656.867 -259.223 -93.1297 654.878 -277.864 -96.0164 641.7 -274.229 -110.411 643.941 -253.23 -107.159 614.743 -239.694 -138.849 600.043 -315.991 -157.895 629.242 -329.527 -126.204 634.785 -310.104 -119.37 647.094 -318.285 -106.103 642.175 -335.523 -112.168 664.689 -345.96 -87.732 679.388 -269.663 -68.6865
element 71
  poly 0: -643.797 -238.584 -28.2016 -623.649 -229.827 -55.2955 -611.057 -240.552 -46.4761 -597.879 -236.917 -60.8703 -612.098 -224.807 -70.8288 -586.036 -213.479 -105.877 -526.259 -257.14 -75.5368 -552.321 -268.467 -40.489 -569.809 -257.45 -46.5739 -579.35 -263.679 -30.4327 -563.818 -273.465 -25.0283 -584.02 -282.245 2.13821 -643.797 -238.584 -28.2016
  poly 1: -637.88 -224.194 -19.1508 -617.732 -215.437 -46.2447 -605.14 -226.162 -37.4253 -591.963 -222.527 -51.8195 -606.181 -210.417 -61.778 -580.119 -199.089 -96.8258 -520.342 -242.75 -66.486 -546.405 -254.077 -31.4382 -563.893 -243.06 -37.5231 -573.434 -249.289 -21.3819 -557.902 -259.074 -15.9775 -578.103 -267.855 11.189 -637.88 -224.194 -19.1508
element 72
  poly 0: -522.064 -158.188 74.4046 -504.489 -151.437 44.6035 -503.989 -170.331 43.4785 -494 -169.056 26.5028 -494.567 -147.626 27.7788 -472.207 -139.037 -10.1383 -464.941 -217.554 -23.6395 -487.301 -226.143 14.2776 -490.591 -205.837 20.1694 -500.132 -212.067 36.3107 -497.233 -229.958 31.1194 -514.798 -236.705 60.9034 -522.064 -158.188 74.4046
  poly 1: -506.546 -158.32 83.5256 -488.972 -151.57 53.7246 -488.472 -170.464 52.5996 -478.483 -169.188 35.6239 -479.05 -147.758 36.8998 -456.689 -139.169 -1.01724 -449.423 -217.686 -14.5185 -471.784 -226.275 23.3986 -475.074 -205.97 29.2905 -484.615 -212.199 45.4317 -481.716 -230.091 40.2404 -499.28 -236.837 70.0244 -506.546 -158.32 83.5256
element 73
  poly 0: -363.282 -254.215 130.68 -349.884 -244.729 99.058 -365.983 -252.48 92.8281 -360.817 -248.298 74.2755 -342.403 -239.432 81.4014 -325.678 -227.59 41.9274 -390.231 -257.729 5.53442 -406.956 -269.571 45.0083 -390.906 -262.344 57.2846 -400.447 -268.573 73.4259 -414.457 -274.882 62.7104 -427.836 -284.355 94.2869 -363.282 -254.215 130.68
  poly 1: -355.083 -270.185 129.363 -341.685 -260.699 97.7409 -357.784 -268.45 91.511 -352.618 -264.268 72.9584 -334.204 -255.402 80.0843 -317.479 -243.56 40.6104 -382.032 -273.7 4.21736 -398.757 -285.541 43.6913 -382.707 -278.314 55.9676 -392.248 -284.543 72.1089 -406.258 -290.852 61.3933 -419.637 -300.325 92.9699 -355.083 -270.185 129.363
element 74
  poly 0: -174.027 -281.036 177.807 -169.234 -270.576 143.532 -153.475 -280.476 145.689 -148.309 -276.294 127.136 -166.591 -264.809 124.634 -160.77 -252.105 83.0054 -91.0874 -291.34 80.7769 -96.909 -304.044 122.406 -116.05 -294.456 126.103 -116.05 -301.548 144.493 -99.5522 -309.812 141.307 -104.345 -320.271 175.578 -174.027 -281.036 177.807
  poly 1: -165.513 -266.239 183.513 -160.72 -255.779 149.238 -144.961 -265.679 151.395 -139.795 -261.497 132.843 -158.077 -250.012 130.341 -152.256 -237.308 88.7116 -82.5734 -276.543 86.4831 -88.395 -289.247 128.112 -107.536 -279.659 131.809 -107.536 -286.751 150.2 -91.0382 -295.015 147.013 -95.8309 -305.474 181.284 -165.513 -266.239 183.513
element 75
  poly 0: -8.98065 -187.636 214.036 -8.98065 -179.733 178.896 -8.98065 -198.489 177.498 -8.98065 -197.026 157.869 -8.98065 -175.367 159.483 -8.98065 -165.694 116.473 -8.98065 -243.745 98.9197 -8.98065 -253.418 141.929 -8.98065 -233.237 149.712 -8.98065 -240.328 168.102 -8.98065 -257.789 161.368 -8.98065 -265.687 196.483 -8.98065 -187.636 214.036
  poly 1: 9.01935 -187.636 214.036 9.01935 -179.733 178.896 9.01935 -198.489 177.498 9.01935 -197.026 157.869 9.01935 -175.367 159.483 9.01935 -165.694 116.473 9.01935 -243.745 98.9197 9.01935 -253.418 141.929 9.01935 -233.237 149.712 9.01935 -240.328 168.102 9.01935 -257.789 161.368 9.01935 -265.687 196.483 9.01935 -187.636 214.036
element 76
  poly 0: 166.454 -269.4 182.336 161.665 -258.886 148.112 145.802 -268.623 150.3 140.634 -264.372 131.764 159.022 -253.085 129.227 153.195 -240.295 87.5887 83.1042 -278.808 85.5673 88.9314 -291.599 127.205 108.173 -282.208 130.826 108.173 -289.3 149.217 91.5747 -297.4 146.093 96.364 -307.913 180.315 166.454 -269.4 182.336
  poly 1: 174.797 -284.281 176.597 170.007 -273.768 142.373 154.144 -283.505 144.562 148.977 -279.254 126.025 167.364 -267.967 123.488 161.537 -255.177 81.8498 91.4469 -293.69 79.8284 97.2741 -306.48 121.466 116.515 -297.09 125.088 116.515 -304.182 143.478 99.9174 -312.282 140.354 104.707 -322.794 174.576 174.797 -284.281 176.597
element 77
  poly 0: 356.203 -275.851 127.593 342.764 -266.077 95.977 358.616 -274.236 89.6866 353.449 -269.984 71.1501 335.276 -260.631 78.3614 318.576 -248.486 39.0751 382.086 -280.275 2.25096 398.786 -292.42 41.5372 383.015 -284.781 53.9788 392.559 -291.228 70.0338 406.293 -297.88 59.1987 419.713 -307.64 90.7685 356.203 -275.851 127.593
  poly 1: 364.802 -260.084 128.812 351.363 -250.311 97.196 367.215 -258.469 90.9057 362.047 -254.218 72.3692 343.875 -244.865 79.5804 327.175 -232.719 40.2942 390.684 -264.508 3.47003 407.384 -276.653 42.7563 391.614 -269.015 55.1979 401.158 -275.461 71.2529 414.892 -282.113 60.4178 428.311 -291.873 91.9876 364.802 -260.084 128.812
element 78
  poly 0: 506.713 -165.584 82.7881 489.031 -158.557 52.9061 488.62 -177.413 51.6794 478.624 -176.091 34.7114 479.092 -154.607 36.1091 456.8 -145.748 -1.56419 449.716 -224.15 -15.8084 472.007 -233.009 21.8649 475.307 -212.73 28.0458 484.851 -219.176 44.1008 481.957 -236.963 38.6795 499.628 -243.986 68.5439 506.713 -165.584 82.7881
  poly 1: 522.229 -165.329 73.6672 504.547 -158.302 43.7851 504.136 -177.158 42.5584 494.14 -175.836 25.5905 494.608 -154.352 26.9882 472.316 -145.493 -10.6852 465.232 -223.895 -24.9294 487.523 -232.754 12.7439 490.823 -212.475 18.9248 500.367 -218.921 34.9798 497.473 -236.708 29.5585 515.144 -243.731 59.4229 522.229 -165.329 73.6672
element 79
  poly 0: 636.3 -226.446 -18.1687 616.095 -217.472 -45.2594 603.801 -228.853 -36.8789 590.623 -225.218 -51.273 604.536 -212.338 -60.757 578.516 -200.781 -95.6438 519.865 -247.209 -67.2796 545.885 -258.766 -32.3928 563.115 -247.026 -37.9213 572.658 -253.472 -21.8663 557.39 -263.876 -16.9671 577.649 -272.874 10.1955 636.3 -226.446 -18.1687
  poly 1: 642.755 -240.358 -27.5918 622.55 -231.384 -54.6824 610.256 -242.765 -46.3019 597.079 -239.13 -60.696 610.991 -226.25 -70.1801 584.972 -214.693 -105.067 526.32 -261.121 -76.7026 552.34 -272.677 -41.8159 569.57 -260.938 -47.3444 579.114 -267.384 -31.2893 563.845 -277.788 -26.3901 584.104 -286.786 0.772433 642.755 -240.358 -27.5918
element 80
  poly 0: -703.098 -20.9271 -40.9735 -679.566 -18.7861 -66.7118 -680.424 -37.6814 -65.9188 -667.066 -38.9021 -80.5483 -666.097 -17.5607 -81.444 -635.748 -14.7996 -114.638 -632.75 -94.6481 -118.538 -663.098 -97.4093 -85.3441 -665.657 -76.3985 -82.3806 -678.835 -80.0337 -67.9865 -676.569 -98.6348 -70.6101 -700.099 -100.776 -44.8735 -703.098 -20.9271 -40.9735
  poly 1: -689.81 -21.021 -28.8321 -666.278 -18.8801 -54.5704 -667.136 -37.7754 -53.7774 -653.778 -38.9961 -68.4069 -652.809 -17.6546 -69.3026 -622.46 -14.8935 -102.496 -619.461 -94.7421 -106.397 -649.81 -97.5032 -73.2027 -652.369 -76.4924 -70.2393 -665.546 -80.1276 -55.8451 -663.281 -98.7288 -58.4687 -686.811 -100.87 -32.7322 -689.81 -21.021 -28.8321
element 81
  poly 0: -602.448 -101.348 31.0515 -581.865 -96.9896 3.16263 -595.792 -106.725 -5.76376 -585.803 -105.45 -22.7395 -570.152 -94.5093 -12.7081 -543.53 -88.8721 -48.7795 -596.322 -128.539 -93.9409 -622.944 -134.176 -57.8695 -610.605 -124.103 -44.0294 -623.783 -127.738 -29.6353 -634.724 -136.671 -41.908 -655.24 -141.015 -14.1099 -602.448 -101.348 31.0515
  poly 1: -594.056 -116.817 34.8281 -573.473 -112.459 6.93919 -587.4 -122.194 -1.9872 -577.411 -120.919 -18.9629 -561.76 -109.979 -8.93151 -535.138 -104.341 -45.003 -587.929 -144.008 -90.1644 -614.551 -149.646 -54.0929 -602.212 -139.572 -40.2528 -615.39 -143.208 -25.8587 -626.332 -152.14 -38.1315 -646.848 -156.484 -10.3333 -594.056 -116.817 34.8281
element 82
  poly 0: -438.161 -123.008 127.207 -424.164 -117.965 94.3839 -410.032 -127.555 101.979 -400.043 -126.28 85.0038 -416.412 -115.171 76.2058 -399.321 -109.013 36.1275 -333.502 -148.838 58.0761 -350.593 -154.996 98.1544 -369.545 -144.738 95.1896 -374.71 -148.921 113.742 -358.332 -157.785 116.304 -372.342 -162.833 149.156 -438.161 -123.008 127.207
  poly 1: -430.691 -107.602 132.76 -416.694 -102.558 99.9369 -402.562 -112.148 107.532 -392.573 -110.873 90.5567 -408.942 -99.7649 81.7587 -391.851 -93.6064 41.6804 -326.031 -133.431 63.6291 -343.122 -139.59 103.707 -362.074 -129.332 100.743 -367.24 -133.514 119.295 -350.862 -142.379 121.857 -364.872 -147.427 154.709 -430.691 -107.602 132.76
element 83
  poly 0: -285.005 -31.7687 190.725 -275.429 -29.2198 156.277 -275.84 -47.9774 157.557 -270.586 -49.3848 138.625 -270.112 -27.8048 137.152 -258.289 -24.658 94.6228 -256.988 -104.455 89.0804 -268.811 -107.602 131.61 -269.979 -86.4886 136.044 -275.145 -90.6708 154.596 -274.13 -109.018 150.743 -283.704 -111.566 185.183 -285.005 -31.7687 190.725
  poly 1: -267.662 -31.8204 195.543 -258.086 -29.2716 161.095 -258.497 -48.0292 162.375 -253.242 -49.4365 143.442 -252.769 -27.8565 141.97 -240.946 -24.7098 99.4403 -239.645 -104.507 93.8979 -251.467 -107.654 136.427 -252.636 -86.5404 140.861 -257.802 -90.7225 159.414 -256.786 -109.069 155.561 -266.36 -111.618 190 -267.662 -31.8204 195.543
element 84
  poly 0: -108.026 -123.098 218.988 -103.228 -117.854 183.506 -119.741 -126.753 182.843 -119.741 -125.291 163.214 -100.588 -114.968 163.983 -94.7678 -108.606 120.936 -164.343 -145.209 106.119 -170.163 -151.571 149.166 -151.945 -142.233 156.344 -157.111 -146.415 174.896 -172.806 -154.46 168.713 -177.601 -159.701 204.171 -108.026 -123.098 218.988
  poly 1: -99.4673 -138.889 217.812 -94.6697 -133.645 182.33 -111.182 -142.545 181.667 -111.182 -141.082 162.037 -92.0299 -130.76 162.806 -86.2094 -124.398 119.759 -155.784 -161.001 104.942 -161.605 -167.363 147.989 -143.387 -158.024 155.167 -148.553 -162.206 173.72 -164.248 -170.252 167.536 -169.042 -175.492 202.994 -99.4673 -138.889 217.812
element 85
  poly 0: 100.283 -139.19 217.819 95.4786 -133.876 182.313 111.892 -142.943 181.637 111.892 -141.48 162.008 92.8373 -130.954 162.792 87.0192 -124.519 119.794 156.192 -161.827 104.851 162.01 -168.262 147.848 143.895 -158.739 155.082 149.062 -162.991 173.619 164.654 -171.187 167.392 169.455 -176.498 202.875 100.283 -139.19 217.819
  poly 1: 109.005 -123.488 218.989 104.2 -118.174 183.483 120.614 -127.24 182.807 120.614 -125.778 163.178 101.559 -115.252 163.962 95.7409 -108.817 120.964 164.913 -146.124 106.021 170.731 -152.56 149.018 152.616 -143.037 156.252 157.784 -147.288 174.789 173.376 -155.485 168.562 178.177 -160.796 204.045 109.005 -123.488 218.989
element 86
  poly 0: 267.923 -33.0594 195.783 258.316 -30.4613 161.253 258.743 -49.2 162.551 253.486 -50.6312 143.621 252.993 -29.0221 142.124 241.189 -25.8298 99.695 239.901 -105.62 94.0501 251.705 -108.812 136.479 252.886 -87.685 140.995 258.054 -91.9364 159.532 257.03 -110.252 155.616 266.635 -112.85 190.139 267.923 -33.0594 195.783
  poly 1: 285.266 -32.9983 190.963 275.658 -30.4003 156.432 276.085 -49.1389 157.73 270.828 -50.5702 138.8 270.336 -28.961 137.303 258.531 -25.7687 94.8744 257.243 -105.559 89.2295 269.048 -108.751 131.658 270.229 -87.6239 136.175 275.396 -91.8754 154.711 274.372 -110.191 150.796 283.977 -112.789 185.318 285.266 -32.9983 190.963
element 87
  poly 0: 431.526 -111.901 131.89 417.515 -106.748 99.0749 403.406 -116.395 106.635 393.409 -115.073 89.6673 409.757 -103.895 80.9071 392.661 -97.6071 40.8667 326.917 -137.648 62.6498 344.014 -143.935 102.69 362.952 -133.629 99.7746 368.119 -137.88 118.311 351.759 -146.784 120.83 365.782 -151.941 153.673 431.526 -111.901 131.89
  poly 1: 439.026 -127.27 126.274 425.014 -122.117 93.4591 410.905 -131.764 101.02 400.909 -130.442 84.0516 417.257 -119.264 75.2913 400.161 -112.976 35.2509 334.417 -153.017 57.0341 351.513 -159.305 97.0744 370.452 -148.998 94.1589 375.619 -153.249 112.695 359.259 -162.153 115.214 373.282 -167.311 148.057 439.026 -127.27 126.274
element 88
  poly 0: 593.053 -120.298 34.9192 572.484 -115.902 7.06504 586.466 -125.517 -1.92137 576.47 -124.195 -18.8893 560.769 -113.398 -8.79861 534.122 -107.704 -44.8841 587.154 -146.844 -90.2227 613.802 -152.539 -54.1372 601.395 -142.609 -40.2717 614.573 -146.244 -25.8776 625.583 -155.057 -38.1829 646.085 -159.438 -10.4194 593.053 -120.298 34.9192
  poly 1: 601.365 -104.764 31.2321 580.797 -100.368 3.378 594.779 -109.983 -5.60842 584.783 -108.661 -22.5764 569.082 -97.8644 -12.4857 542.435 -92.1696 -48.5712 595.467 -131.31 -93.9098 622.114 -137.005 -57.8243 609.708 -127.075 -43.9588 622.886 -130.71 -29.5646 633.896 -139.523 -41.8699 654.398 -143.904 -14.1065 601.365 -104.764 31.2321
element 89
  poly 0: 689.956 -21.02 -28.9656 666.424 -18.879 -54.7039 667.282 -37.7743 -53.9109 653.924 -38.995 -68.5404 652.955 -17.6536 -69.4361 622.606 -14.8925 -102.63 619.607 -94.7411 -106.53 649.956 -97.5022 -73.3362 652.515 -76.4914 -70.3728 665.692 -80.1266 -55.9787 663.427 -98.7278 -58.6022 686.957 -100.869 -32.8656 689.956 -21.02 -28.9656
  poly 1: 703.244 -20.926 -41.107 679.712 -18.7851 -66.8453 680.571 -37.6804 -66.0523 667.212 -38.9011 -80.6818 666.243 -17.5596 -81.5775 635.895 -14.7985 -114.771 632.896 -94.6471 -118.671 663.244 -97.4082 -85.4776 665.803 -76.3974 -82.5141 678.981 -80.0326 -68.12 676.715 -98.6338 -70.7436 700.246 -100.775 -45.007 703.244 -20.926 -41.107
element 90
  poly 0: -660.787 17.2724 -5.58147 -640.062 17.327 -33.6537 -628.638 7.67487 -22.4171 -615.28 6.45418 -37.0466 -628.186 17.3582 -49.7407 -601.393 17.4287 -86.0322 -546.365 -24.1415 -45.4877 -573.158 -24.212 -9.19621 -589.451 -13.083 -17.9475 -599.44 -14.3582 -0.971789 -584.968 -24.2431 6.80124 -605.759 -24.2978 34.963 -660.787 17.2724 -5.58147
  poly 1: -653.276 32.6515 -0.00681494 -632.552 32.706 -28.079 -621.128 23.0539 -16.8425 -607.769 21.8332 -31.472 -620.675 32.7373 -44.166 -593.882 32.8078 -80.4575 -538.854 -8.76246 -39.913 -565.647 -8.83296 -3.62155 -581.94 2.29603 -12.3728 -591.929 1.02089 4.60287 -577.458 -8.86404 12.3759 -598.249 -8.91875 40.5377 -653.276 32.6515 -0.00681494
element 91
  poly 0: -525.385 109.895 80.6554 -507.52 107.625 50.3175 -509.321 89.1042 53.4676 -499.483 85.3085 36.7741 -497.438 106.344 33.1964 -474.748 103.46 -5.33553 -477.188 23.6262 -0.797922 -499.878 26.5098 37.734 -500.628 47.9269 38.9018 -510.617 46.6518 55.8775 -509.957 27.7907 54.8491 -527.825 30.0616 85.1931 -525.385 109.895 80.6554
  poly 1: -509.873 109.94 89.7866 -492.008 107.67 59.4486 -493.809 89.1491 62.5987 -483.971 85.3533 45.9053 -481.926 106.389 42.3275 -459.236 103.505 3.7956 -461.676 23.671 8.33321 -484.366 26.5547 46.8651 -485.116 47.9718 48.0329 -495.105 46.6967 65.0087 -494.445 27.8355 63.9802 -512.313 30.1064 94.3242 -509.873 109.94 89.7866
element 92
  poly 0: -375.972 26.2699 161.314 -361.903 26.1454 128.161 -378.18 17.5155 124.285 -372.925 16.1081 105.352 -354.124 26.0765 109.829 -336.908 25.9241 69.2607 -402.197 -11.1895 41.6936 -419.413 -11.0371 82.2623 -403.202 -1.10745 92.547 -413.191 -2.38259 109.523 -427.207 -10.9681 100.63 -441.261 -10.8437 133.747 -375.972 26.2699 161.314
  poly 1: -368.307 10.3242 164.627 -354.237 10.1997 131.474 -370.514 1.5698 127.598 -365.259 0.162431 108.665 -346.458 10.1308 113.142 -329.242 9.97843 72.5736 -394.531 -27.1352 45.0066 -411.747 -26.9828 85.5752 -395.537 -17.0531 95.8599 -405.526 -18.3283 112.836 -419.542 -26.9138 103.943 -433.596 -26.7894 137.06 -368.307 10.3242 164.627
element 93
  poly 0: -178.863 15.0036 217.076 -173.969 15.0561 181.146 -158.261 6.25865 186.16 -153.007 4.85128 167.227 -171.279 15.085 161.395 -165.366 15.1484 117.991 -95.6528 -22.942 127.432 -101.565 -23.0055 170.835 -120.777 -12.7589 171.599 -120.777 -14.2216 191.228 -104.253 -23.0343 190.572 -109.15 -23.0868 226.517 -178.863 15.0036 217.076
  poly 1: -170.374 30.8323 218.256 -165.48 30.8848 182.326 -149.773 22.0874 187.339 -144.518 20.68 168.407 -162.79 30.9137 162.575 -156.878 30.9771 119.171 -87.1639 -7.11331 128.611 -93.0762 -7.17674 172.015 -112.288 3.06978 172.778 -112.288 1.60714 192.408 -95.7646 -7.20558 191.751 -100.661 -7.25811 227.696 -170.374 30.8323 218.256
element 94
  poly 0: -8.96485 119.885 225.141 -8.96485 117.219 189.173 -8.96485 98.9449 193.305 -8.96485 94.6021 174.096 -8.96485 115.747 169.316 -8.96485 112.492 125.415 -8.96485 32.7114 131.329 -8.96485 35.9655 175.23 -8.96485 57.6142 176.843 -8.96485 56.1516 196.472 -8.96485 37.4368 195.078 -8.96485 40.1036 231.055 -8.96485 119.885 225.141
  poly 1: 9.03515 119.885 225.141 9.03515 117.219 189.173 9.03515 98.9449 193.305 9.03515 94.6021 174.096 9.03515 115.747 169.316 9.03515 112.492 125.415 9.03515 32.7114 131.329 9.03515 35.9655 175.23 9.03515 57.6142 176.843 9.03515 56.1516 196.472 9.03515 37.4368 195.078 9.03515 40.1036 231.055 9.03515 119.885 225.141
element 95
  poly 0: 170.996 30.3559 218.204 166.098 30.3862 182.261 150.424 21.5389 187.283 145.167 20.1077 168.352 163.406 30.4029 162.509 157.493 30.4395 119.12 87.9074 -7.88134 128.57 93.8205 -7.91794 171.96 113.003 2.39421 172.728 113.003 0.931566 192.357 96.5102 -7.93459 191.697 101.411 -7.96492 227.654 170.996 30.3559 218.204
  poly 1: 179.538 14.5553 217.026 174.64 14.5856 181.084 158.965 5.73833 186.105 153.709 4.30712 167.175 171.948 14.6023 161.332 166.035 14.6389 117.942 96.4489 -23.6819 127.393 102.362 -23.7185 170.782 121.544 -13.4064 171.551 121.544 -14.869 191.18 105.052 -23.7352 190.52 109.952 -23.7655 226.477 179.538 14.5553 217.026
element 96
  poly 0: 369.318 11.3921 164.369 355.223 11.2885 131.185 371.413 2.49392 127.354 366.157 1.06272 108.424 347.437 11.2313 112.854 330.224 11.1049 72.328 395.144 -26.7302 44.8714 412.357 -26.6037 85.397 396.247 -16.4783 95.6768 406.243 -17.8002 112.645 420.159 -26.5464 103.765 434.238 -26.443 136.913 369.318 11.3921 164.369
  poly 1: 377.136 27.2517 160.999 363.041 27.1482 127.815 379.231 18.3536 123.984 373.974 16.9223 105.054 355.255 27.091 109.484 338.042 26.9645 68.958 402.962 -10.8706 41.5014 420.175 -10.7441 82.027 404.065 -0.618628 92.3068 414.061 -1.94056 109.275 427.977 -10.6868 100.395 442.056 -10.5834 133.543 377.136 27.2517 160.999
element 97
  poly 0: 510.237 112.399 89.9995 492.259 110.034 59.5267 494.089 91.5741 62.8033 484.246 87.6414 46.1443 482.158 108.706 42.4057 459.537 105.73 4.06361 461.921 25.909 8.85177 484.542 28.8848 47.1938 485.362 50.3582 48.3839 495.358 49.0363 65.3519 494.64 30.213 64.3086 512.622 32.5785 94.7876 510.237 112.399 89.9995
  poly 1: 525.743 112.314 80.858 507.765 109.949 50.3853 509.595 91.4889 53.6618 499.752 87.5562 37.0029 497.664 108.621 33.2642 475.042 105.645 -5.07785 477.427 25.8239 -0.289691 500.048 28.7996 38.0524 500.867 50.273 39.2424 510.864 48.9511 56.2104 510.145 30.1278 55.1672 528.127 32.4933 85.6462 525.743 112.314 80.858
element 98
  poly 0: 652.216 33.9418 0.871688 631.475 34.038 -27.2072 620.127 24.2355 -16.0276 606.769 23.0148 -30.6571 619.594 34.0932 -43.2918 592.801 34.2175 -79.563 538.072 -7.99636 -39.2804 564.864 -8.12069 -3.00919 581.085 3.17914 -11.685 591.082 1.85721 5.28293 576.68 -8.17552 12.9859 597.487 -8.27208 41.1543 652.216 33.9418 0.871688
  poly 1: 659.831 18.6518 -4.8056 639.09 18.7481 -32.8845 627.742 8.94548 -21.7049 614.384 7.72479 -36.3344 627.209 18.8032 -48.9691 600.416 18.9275 -85.2403 545.686 -23.2863 -44.9577 572.479 -23.4107 -8.68648 588.7 -12.1108 -17.3623 598.696 -13.4328 -0.394362 584.294 -23.4655 7.30862 605.102 -23.5621 35.477 659.831 18.6518 -4.8056
element 99
  poly 0: -687.002 231.163 -60.5563 -663.816 224.795 -85.8512 -667.443 206.755 -81.4581 -654.62 200.784 -95.3916 -650.526 221.145 -100.35 -620.566 212.917 -133.036 -629.502 134.269 -121.428 -659.463 142.498 -88.7416 -658.82 163.836 -89.9355 -672.179 165.056 -75.3059 -672.748 146.147 -74.2479 -695.938 152.516 -48.9479 -687.002 231.163 -60.5563
  poly 1: -673.7 231.441 -48.4331 -650.514 225.073 -73.728 -654.141 207.033 -69.3349 -641.317 201.062 -83.2684 -637.224 221.423 -88.2267 -607.263 213.194 -120.913 -616.2 134.547 -109.304 -646.16 142.776 -76.6184 -645.518 164.113 -77.8123 -658.876 165.334 -63.1828 -659.446 146.425 -62.1247 -682.636 152.794 -36.8248 -673.7 231.441 -48.4331
element 100
  poly 0: -599.531 160.383 25.208 -578.87 155.907 -2.70808 -593.88 146.007 -9.30273 -584.043 142.212 -25.9962 -567.133 153.364 -18.5669 -540.529 147.601 -54.5123 -597.904 104.683 -90.095 -624.508 110.446 -54.1496 -610.97 122.04 -42.7556 -624.328 123.261 -28.126 -636.307 113.002 -38.2076 -656.906 117.465 -10.3747 -599.531 160.383 25.208
  poly 1: -592.856 145.368 32.5558 -572.195 140.892 4.63967 -587.205 130.992 -1.95499 -577.368 127.196 -18.6484 -560.458 138.349 -11.2191 -533.854 132.586 -47.1646 -591.229 89.6675 -82.7473 -617.833 95.431 -46.8018 -604.295 107.025 -35.4078 -617.653 108.246 -20.7783 -629.632 97.9871 -30.8599 -650.231 102.45 -3.02691 -592.856 145.368 32.5558
element 101
  poly 0: -437.748 155.092 122.576 -423.905 150.321 89.8846 -409.933 142.847 99.8177 -400.095 139.051 83.1242 -416.195 147.663 71.6782 -399.102 141.772 31.3127 -334.255 107.932 63.7116 -351.348 113.823 104.077 -369.963 123.325 98.2041 -375.218 124.733 117.137 -359.039 116.475 122.241 -372.901 121.252 154.975 -437.748 155.092 122.576
  poly 1: -429.828 171.226 123.575 -415.985 166.454 90.8835 -402.013 158.98 100.817 -392.176 155.184 84.1231 -408.275 163.796 72.6771 -391.183 157.905 32.3116 -326.335 124.065 64.7105 -343.428 129.956 105.076 -362.043 139.458 99.203 -367.298 140.866 118.136 -351.12 132.608 123.24 -364.981 137.386 155.974 -429.828 171.226 123.575
element 102
  poly 0: -277.762 262.528 159.089 -268.369 254.973 125.412 -269.958 237.384 131.721 -264.965 230.543 113.908 -263.138 250.765 106.655 -251.503 241.405 64.9381 -255.361 163.213 81.4049 -266.996 172.573 123.122 -266.763 194.164 121.581 -272.018 195.571 140.514 -272.221 176.776 141.855 -281.62 184.337 175.555 -277.762 262.528 159.089
  poly 1: -260.415 262.684 163.892 -251.023 255.128 130.215 -252.612 237.539 136.524 -247.618 230.699 118.711 -245.791 250.92 111.458 -234.157 241.561 69.7411 -238.015 163.369 86.2079 -249.649 172.728 127.925 -249.417 194.32 126.384 -254.671 195.727 145.317 -254.874 176.931 146.658 -264.273 184.492 180.358 -260.415 262.684 163.892
element 103
  poly 0: -107.891 179.645 211.8 -102.997 174.288 176.27 -119.518 165.694 178.213 -119.518 161.351 159.005 -100.307 171.344 156.746 -94.3948 164.873 113.823 -164.153 125.887 110.091 -170.066 132.359 153.014 -151.77 143.326 157.277 -157.024 144.734 176.21 -172.756 135.303 172.544 -177.65 140.66 208.069 -107.891 179.645 211.8
  poly 1: -99.4211 164.154 215.303 -94.5267 158.797 179.772 -111.048 150.203 181.715 -111.048 145.86 162.507 -91.8371 155.853 160.248 -85.9244 149.381 117.325 -155.683 110.396 113.594 -161.595 116.867 156.517 -143.299 127.835 160.779 -148.554 129.242 179.712 -164.286 119.812 176.047 -169.179 125.168 211.572 -99.4211 164.154 215.303
element 104
  poly 0: 100.076 165.807 214.921 95.1813 160.429 179.403 111.736 151.894 181.333 111.736 147.551 162.125 92.4908 157.474 159.882 86.5746 150.974 116.953 156.472 112.243 113.184 162.389 118.743 156.113 144.057 129.642 160.379 149.313 131.073 179.31 165.08 121.699 175.64 169.974 127.076 211.152 100.076 165.807 214.921
  poly 1: 108.488 181.329 211.412 103.593 175.951 175.894 120.148 167.416 177.824 120.148 163.073 158.616 100.902 172.995 156.372 94.9862 166.496 113.444 164.884 127.765 109.675 170.8 134.264 152.603 152.468 145.164 156.87 157.725 146.595 175.8 173.491 137.221 172.131 178.386 142.598 207.643 108.488 181.329 211.412
element 105
  poly 0: 260.652 266.239 163.208 251.231 258.541 129.478 252.82 241.006 135.888 247.826 234.057 118.117 245.995 254.263 110.731 234.378 244.771 69.1404 238.193 166.64 85.9063 249.81 176.132 127.497 249.602 197.751 125.92 254.859 199.182 144.851 255.039 180.405 146.22 264.467 188.109 179.974 260.652 266.239 163.208
  poly 1: 277.999 266.056 158.405 268.577 258.358 124.675 270.167 240.822 131.085 265.172 233.874 113.314 263.341 254.079 105.928 251.724 244.587 64.3373 255.539 166.457 81.1032 267.156 175.949 122.694 266.948 197.567 121.117 272.205 198.998 140.047 272.386 180.222 141.417 281.814 187.925 175.171 277.999 266.056 158.405
element 106
  poly 0: 430.215 174.854 122.969 416.337 169.925 90.2468 402.549 162.195 100.218 392.706 158.262 83.5596 408.62 167.184 72.0504 391.541 161.119 31.7786 327.381 126.075 64.267 344.461 132.141 104.539 362.919 141.991 98.6681 368.176 143.423 117.598 352.159 134.876 122.692 366.055 139.811 155.457 430.215 174.854 122.969
  poly 1: 438.409 158.863 121.903 424.532 153.934 89.1803 410.743 146.204 99.152 400.9 142.271 82.4931 416.815 151.193 70.9839 399.735 145.127 30.7121 335.576 110.084 63.2005 352.655 116.15 103.472 371.114 126 97.6016 376.37 127.431 116.532 360.354 118.884 121.626 374.249 123.819 154.391 438.409 158.863 121.903
element 107
  poly 0: 592.273 147.625 32.8111 571.572 143.019 4.87796 586.408 132.723 -1.45777 576.565 128.79 -18.1167 559.827 140.406 -10.969 533.247 134.491 -46.8346 589.877 89.8175 -81.4366 616.457 95.7319 -45.571 603.123 107.809 -34.403 616.481 109.03 -19.7735 628.263 98.3587 -29.6412 648.903 102.951 -1.79092 592.273 147.625 32.8111
  poly 1: 599.256 162.369 25.2045 578.555 157.763 -2.72859 593.392 147.467 -9.06432 583.549 143.534 -25.7232 566.811 155.149 -18.5756 540.23 149.235 -54.4411 596.86 104.561 -89.0431 623.44 110.476 -53.1776 610.106 122.553 -42.0095 623.464 123.774 -27.38 635.246 113.102 -37.2477 655.886 117.695 -9.39748 599.256 162.369 25.2045
element 108
  poly 0: 673.926 231.437 -48.6393 650.74 225.069 -73.9342 654.367 207.028 -69.5411 641.544 201.057 -83.4747 637.45 221.418 -88.433 607.49 213.19 -121.119 616.426 134.542 -109.511 646.387 142.771 -76.8246 645.744 164.109 -78.0185 659.103 165.329 -63.389 659.672 146.42 -62.331 682.862 152.789 -37.031 673.926 231.437 -48.6393
  poly 1: 687.228 231.159 -60.7625 664.042 224.791 -86.0574 667.669 206.75 -81.6643 654.846 200.779 -95.5979 650.753 221.141 -100.556 620.792 212.912 -133.242 629.729 134.265 -121.634 659.689 142.493 -88.9478 659.047 163.831 -90.1417 672.405 165.051 -75.5122 672.974 146.142 -74.4541 696.165 152.511 -49.1542 687.228 231.159 -60.7625
element 109
  poly 0: -640.518 272.138 -35.5905 -620.534 263.527 -62.6163 -609.994 255.398 -49.4325 -597.171 249.427 -63.3661 -609.02 258.566 -78.1874 -582.923 247.321 -113.481 -532.207 210.044 -64.1022 -558.304 221.289 -28.8087 -573.306 231.876 -40.0567 -583.143 235.672 -23.3632 -569.754 226.222 -13.3241 -589.802 234.861 13.7882 -640.518 272.138 -35.5905
  poly 1: -631.228 287.425 -33.5918 -611.244 278.814 -60.6175 -600.704 270.685 -47.4338 -587.881 264.714 -61.3673 -599.73 273.853 -76.1887 -573.633 262.608 -111.482 -522.916 225.331 -62.1034 -549.014 236.576 -26.8099 -564.015 247.163 -38.0579 -573.853 250.959 -21.3644 -560.464 241.51 -11.3253 -580.512 250.148 15.787 -631.228 287.425 -33.5918
element 110
  poly 0: -496.51 368.537 26.8446 -479.528 357.499 -1.86777 -483.462 340.496 5.24234 -474.351 331.972 -10.1006 -469.894 351.237 -18.1566 -448.179 337.124 -54.87 -460.112 261.179 -32.7326 -481.826 275.293 3.98074 -479.954 296.364 0.292834 -489.792 300.16 16.9863 -491.446 281.545 20.2443 -508.443 292.593 48.9819 -496.51 368.537 26.8446
  poly 1: -480.983 368.751 35.9466 -464 357.713 7.23427 -467.934 340.71 14.3444 -458.824 332.186 -0.998523 -454.366 351.451 -9.05457 -432.651 337.337 -45.7679 -444.584 261.393 -23.6306 -466.299 275.506 13.0828 -464.427 296.578 9.39487 -474.264 300.373 26.0883 -475.918 281.759 29.3463 -492.915 292.806 58.084 -480.983 368.751 35.9466
element 111
  poly 0: -362.216 305.872 119.017 -348.529 296.053 87.1654 -364.996 287.088 85.9918 -360.002 280.248 68.1792 -340.954 290.619 69.5368 -324.229 278.621 30.6183 -390.594 236.765 15.0034 -407.318 248.762 53.9219 -390.762 260.842 60.9313 -400.6 264.638 77.6248 -414.901 254.203 71.5696 -428.581 264.016 103.402 -362.216 305.872 119.017
  poly 1: -354.849 291.338 126.664 -341.161 281.519 94.8121 -357.628 272.554 93.6385 -352.635 265.714 75.8259 -333.586 276.084 77.1834 -316.862 264.087 38.2649 -383.226 222.23 22.65 -399.95 234.228 61.5686 -383.395 246.308 68.578 -393.232 250.104 85.2715 -407.534 239.668 79.2163 -421.213 249.482 111.049 -354.849 291.338 126.664
element 112
  poly 0: -173.944 310.168 170.084 -169.342 299.855 135.937 -153.645 292.634 143.11 -148.651 285.794 125.297 -166.791 294.138 117.008 -161.149 281.494 75.1413 -91.7865 246.897 94.9383 -97.4289 259.541 136.805 -116.467 269.744 134.498 -116.467 274.087 153.706 -99.9761 265.249 155.704 -104.582 275.571 189.881 -173.944 310.168 170.084
  poly 1: -165.276 325.555 166.605 -160.674 315.242 132.458 -144.977 308.021 139.631 -139.983 301.181 121.818 -158.123 309.525 113.529 -152.481 296.881 71.6624 -83.1185 262.284 91.4593 -88.761 274.928 133.326 -107.799 285.131 131.019 -107.799 289.474 150.227 -91.3081 280.636 152.225 -95.9142 290.958 186.402 -165.276 325.555 166.605
element 113
  poly 0: -9.00986 413.961 146.744 -9.00986 401.122 113.266 -9.00986 384.796 122.401 -9.00986 375.16 105.179 -9.00986 393.981 94.649 -9.00986 378.151 53.3755 -9.00986 303.457 82.0233 -9.00986 319.286 123.297 -9.00986 340.459 118.51 -9.00986 344.802 137.718 -9.00986 326.412 141.876 -9.00986 339.266 175.392 -9.00986 413.961 146.744
  poly 1: 8.99014 413.961 146.744 8.99014 401.122 113.266 8.99014 384.796 122.401 8.99014 375.16 105.179 8.99014 393.981 94.649 8.99014 378.151 53.3755 8.99014 303.457 82.0233 8.99014 319.286 123.297 8.99014 340.459 118.51 8.99014 344.802 137.718 8.99014 326.412 141.876 8.99014 339.266 175.392 8.99014 413.961 146.744
element 114
  poly 0: 165.445 327.957 165.989 160.834 317.526 131.819 145.312 310.063 139.099 140.318 303.115 121.329 158.281 311.751 112.903 152.644 298.999 71.1336 83.9726 263.263 91.3105 89.6093 276.014 133.08 108.479 286.549 130.698 108.479 290.892 149.907 92.158 281.78 151.967 96.7731 292.221 186.166 165.445 327.957 165.989
  poly 1: 174.386 312.72 169.434 169.775 302.288 135.264 154.254 294.826 142.544 149.259 287.877 124.774 167.223 296.514 116.348 161.586 283.762 74.5787 92.9143 248.025 94.7556 98.5511 260.777 136.525 117.421 271.312 134.144 117.421 275.655 153.352 101.1 266.543 155.412 105.715 276.983 189.611 174.386 312.72 169.434
element 115
  poly 0: 355.645 298.959 123.871 341.957 288.918 92.1028 358.473 280.037 90.934 353.478 273.088 73.1633 334.379 283.358 74.515 317.644 271.081 35.6736 384.213 229.525 20.1273 400.948 241.802 58.9687 384.338 253.818 65.946 394.181 257.751 82.6049 408.534 247.367 76.5757 422.213 257.403 108.325 355.645 298.959 123.871
  poly 1: 362.916 313.499 116.142 349.229 303.457 84.3741 365.744 294.576 83.2053 360.75 287.628 65.4347 341.651 297.898 66.7864 324.916 285.621 27.9449 391.484 244.064 12.3986 408.219 256.342 51.24 391.61 268.357 58.2174 401.453 272.29 74.8763 415.806 261.907 68.847 429.485 271.942 100.596 362.916 313.499 116.142
element 116
  poly 0: 481.311 379.997 31.4513 464.233 368.525 2.76259 468.118 351.686 10.196 459.005 342.88 -4.98736 454.583 362.043 -13.4464 432.934 347.5 -49.8114 444.52 271.866 -26.4621 466.169 286.408 9.90288 464.433 307.499 5.9495 474.276 311.432 22.6084 475.803 292.88 26.0859 492.897 304.363 54.8006 481.311 379.997 31.4513
  poly 1: 496.848 379.574 22.3715 479.769 368.101 -6.31719 483.654 351.263 1.1162 474.541 342.457 -14.0671 470.119 361.619 -22.5262 448.471 347.077 -58.8912 460.056 271.442 -35.5419 481.705 285.985 0.823092 479.969 307.076 -3.13029 489.812 311.009 13.5286 491.339 292.456 17.0061 508.433 303.939 45.7208 496.848 379.574 22.3715
element 117
  poly 0: 630.828 291.76 -35.1895 610.894 283.052 -62.1114 600.113 275.31 -48.8714 587.29 269.339 -62.8049 599.383 278.024 -77.6569 573.235 266.601 -112.971 521.63 231.031 -63.2548 547.779 242.454 -27.9405 562.977 252.573 -39.3094 572.82 256.505 -22.6505 559.226 247.454 -12.4813 579.224 256.19 14.5269 630.828 291.76 -35.1895
  poly 1: 639.868 276.287 -36.8777 619.934 267.578 -63.7996 609.152 259.836 -50.5595 596.329 253.865 -64.493 608.423 262.55 -79.345 582.274 251.127 -114.659 530.67 215.557 -64.9429 556.818 226.98 -29.6286 572.017 237.099 -40.9975 581.86 241.031 -24.3386 568.265 231.98 -14.1694 588.263 240.716 12.8387 639.868 276.287 -36.8777
element 118
  poly 0: -632.988 464.245 -124.323 -611.442 449.988 -147.524 -617.568 433.765 -139.915 -605.915 423.537 -152.338 -599.028 441.773 -160.891 -570.939 423.186 -191.137 -591.131 350.29 -165.092 -619.22 368.877 -134.846 -615.426 389.217 -140.071 -628.249 395.188 -126.137 -631.625 377.086 -121.487 -653.179 391.348 -98.2778 -632.988 464.245 -124.323
  poly 1: -619.623 464.846 -112.28 -598.077 450.588 -135.481 -604.204 434.365 -127.873 -592.55 424.138 -140.296 -585.663 442.374 -148.848 -557.574 423.787 -179.095 -577.766 350.89 -153.05 -605.855 369.477 -122.803 -602.061 389.818 -128.028 -614.884 395.789 -114.095 -618.261 377.686 -109.445 -639.814 391.949 -86.2354 -619.623 464.846 -112.28
element 119
  poly 0: -559.911 408.441 -33.2644 -540.474 395.587 -59.2193 -556.501 386.038 -63.4313 -547.39 377.514 -78.7742 -529.376 388.248 -74.0397 -504.187 371.591 -107.674 -566.359 327.826 -132.56 -591.547 344.483 -98.9251 -576.62 356.908 -90.5122 -589.443 362.879 -76.5787 -602.691 351.852 -84.0449 -622.083 364.676 -58.1497 -559.911 408.441 -33.2644
  poly 1: -554.647 394.912 -22.6223 -535.21 382.058 -48.5772 -551.237 372.509 -52.7892 -542.127 363.985 -68.1321 -524.112 374.719 -63.3976 -498.923 358.062 -97.0324 -561.095 314.297 -121.918 -586.283 330.954 -88.283 -571.356 343.379 -79.8701 -584.18 349.35 -65.9366 -597.427 338.323 -73.4028 -616.819 351.147 -47.5076 -554.647 394.912 -22.6223
element 120
  poly 0: -412.053 416.609 50.4213 -399.363 402.783 20.5774 -385.229 397.642 31.8266 -376.118 389.118 16.4837 -392.186 394.962 3.69599 -376.059 377.391 -34.2327 -311.608 351.234 5.28907 -327.735 368.806 43.2177 -345.952 376.882 35.0097 -350.945 383.722 52.8223 -334.894 376.606 60.0546 -347.602 390.453 89.943 -412.053 416.609 50.4213
  poly 1: -403.583 432.086 46.8524 -390.894 418.26 17.0084 -376.76 413.119 28.2577 -367.649 404.595 12.9148 -383.716 410.439 0.127031 -367.589 392.867 -37.8016 -303.139 366.711 1.72011 -319.266 384.283 39.6488 -337.482 392.359 31.4408 -342.476 399.199 49.2534 -326.424 392.083 56.4857 -339.133 405.93 86.3741 -403.583 432.086 46.8524
element 121
  poly 0: -253.494 527.66 51.9299 -244.94 510.992 21.8016 -247.517 495.778 32.4572 -243.075 484.227 17.0389 -240.129 501.618 4.85792 -229.383 480.679 -32.9905 -237.861 410.077 3.66208 -248.607 431.016 41.5105 -247.038 451.281 34.168 -252.032 458.121 51.9807 -253.406 440.367 58.4134 -261.971 457.057 88.5826 -253.494 527.66 51.9299
  poly 1: -236.129 528.028 56.6562 -227.575 511.36 26.5278 -230.153 496.147 37.1835 -225.711 484.595 21.7651 -222.765 501.987 9.58416 -212.019 481.048 -28.2643 -220.496 410.445 8.38833 -231.242 431.384 46.2368 -229.674 451.65 38.8943 -234.667 458.49 56.7069 -236.041 440.735 63.1396 -244.607 457.426 93.3088 -236.129 528.028 56.6562
element 122
  poly 0: -98.7481 462.121 119.89 -94.1485 446.949 87.6264 -110.598 439.106 92.0141 -110.598 429.471 74.7926 -91.5962 438.53 69.724 -85.9529 419.916 30.1399 -155.409 381.107 38.4878 -161.052 399.721 78.0719 -142.829 411.464 78.671 -147.823 418.304 96.4836 -163.603 408.135 95.9649 -168.204 423.311 128.238 -98.7481 462.121 119.89
  poly 1: -90.1184 448.335 127.603 -85.5187 433.163 95.3393 -101.968 425.321 99.727 -101.968 415.686 82.5055 -82.9665 424.745 77.4369 -77.3231 406.13 37.8528 -146.779 367.321 46.2007 -152.423 385.936 85.7848 -134.199 397.679 86.3839 -139.193 404.519 104.197 -154.974 394.35 103.678 -159.575 409.526 135.951 -90.1184 448.335 127.603
element 123
  poly 0: 90.5088 451.326 125.877 85.9163 436.081 93.7069 102.534 428.494 97.9518 102.534 418.858 80.7303 83.3647 427.61 75.8336 77.7142 408.853 36.2534 147.856 371.188 44.0899 153.507 389.945 83.6701 135.108 401.369 84.374 140.102 408.318 102.145 156.057 398.411 101.534 160.651 413.661 133.713 90.5088 451.326 125.877
  poly 1: 98.853 465.245 118.089 94.2605 450 85.9194 110.878 442.413 90.1643 110.878 432.777 72.9428 91.7089 441.529 68.0461 86.0584 422.772 28.466 156.201 385.106 36.3025 161.851 403.864 75.8826 143.452 415.288 76.5865 148.446 422.237 94.3572 164.401 412.33 93.7467 168.995 427.58 125.926 98.853 465.245 118.089
element 124
  poly 0: 236.252 534.973 52.6247 227.676 518.026 22.5713 230.23 502.932 33.3788 225.787 491.225 18.0783 222.862 508.512 5.70008 212.129 487.305 -31.9086 220.477 417.005 5.35074 231.209 438.213 42.9594 229.685 458.455 35.4729 234.679 465.403 53.2435 236.012 447.703 59.7899 244.6 464.673 89.8841 236.252 534.973 52.6247
  poly 1: 253.619 534.538 47.9138 245.043 517.591 17.8604 247.597 502.498 28.6678 243.154 490.791 13.3674 240.229 508.078 0.989149 229.497 486.871 -36.6195 237.845 416.571 0.639814 248.577 437.778 38.2485 247.052 458.02 30.762 252.047 464.969 48.5326 253.379 447.269 55.0789 261.967 464.239 85.1731 253.619 534.538 47.9138
element 125
  poly 0: 403.349 442.532 42.0519 390.611 428.304 12.2828 376.858 422.742 23.7637 367.744 413.937 8.58032 383.426 420.278 -4.50988 367.334 402.304 -42.1183 304.333 374.098 -1.68018 320.425 392.072 35.9282 338.303 400.762 27.5057 343.297 407.711 45.2764 327.591 400.076 52.6757 340.348 414.326 82.49 403.349 442.532 42.0519
  poly 1: 412.351 427.324 45.4687 399.613 413.096 15.6996 385.859 407.534 27.1804 376.746 398.729 11.9971 392.428 405.07 -1.09312 376.336 387.096 -38.7015 313.335 358.889 1.73659 329.427 376.864 39.345 347.305 385.554 30.9225 352.299 392.503 48.6931 336.593 384.868 56.0925 349.35 399.117 85.9068 412.351 427.324 45.4687
element 126
  poly 0: 554.318 402.356 -25.6952 534.812 389.208 -51.5961 550.492 378.851 -55.0005 541.378 370.045 -70.1838 523.704 381.72 -66.3464 498.57 364.778 -99.7221 559.266 317.37 -121.366 584.401 334.313 -87.9899 569.872 347.759 -80.3806 582.695 353.73 -66.4471 595.553 341.83 -73.1812 615.014 354.949 -47.3387 554.318 402.356 -25.6952
  poly 1: 560.384 415.181 -36.7737 540.879 402.033 -62.6746 556.558 391.675 -66.079 547.445 382.87 -81.2623 529.77 394.545 -77.4249 504.636 377.602 -110.801 565.332 330.195 -132.444 590.467 347.137 -99.0684 575.938 360.583 -91.4592 588.761 366.554 -77.5256 601.619 354.655 -84.2597 621.081 367.773 -58.4172 560.384 415.181 -36.7737
element 127
  poly 0: 620.169 464.821 -112.772 598.623 450.564 -135.973 604.75 434.341 -128.365 593.096 424.113 -140.788 586.209 442.35 -149.34 558.12 423.763 -179.587 578.312 350.866 -153.542 606.401 369.453 -123.295 602.607 389.793 -128.52 615.43 395.764 -114.587 618.807 377.662 -109.937 640.36 391.924 -86.7274 620.169 464.821 -112.772
  poly 1: 633.534 464.22 -124.815 611.988 449.963 -148.016 618.114 433.74 -140.407 606.461 423.513 -152.83 599.574 441.749 -161.383 571.485 423.162 -191.629 591.677 350.265 -165.584 619.766 368.852 -135.338 615.972 389.192 -140.563 628.795 395.163 -126.629 632.171 377.061 -121.979 653.725 391.324 -98.7698 633.534 464.22 -124.815
element 128
  poly 0: -587.66 501.223 -112.837 -569.592 484.905 -137.011 -559.606 478.512 -122.381 -547.953 468.285 -134.805 -559.069 475.401 -151.09 -534.997 453.661 -183.296 -487.812 422.265 -126.835 -511.884 444.005 -94.6293 -525.631 453.438 -108.034 -534.742 461.962 -92.691 -522.358 453.464 -80.6157 -540.475 469.826 -56.3762 -587.66 501.223 -112.837
  poly 1: -576.641 515.393 -114.166 -558.572 499.075 -138.34 -548.587 492.682 -123.711 -536.933 482.455 -136.134 -548.049 489.572 -152.419 -523.977 467.832 -184.625 -476.792 436.436 -128.164 -500.864 458.175 -95.9584 -514.612 467.609 -109.363 -523.723 476.133 -94.0201 -511.338 467.635 -81.9448 -529.456 483.997 -57.7054 -576.641 515.393 -114.166
element 129
  poly 0: -448.354 595.73 -83.5378 -432.86 576.949 -108.619 -437.058 562.552 -97.2222 -428.749 549.956 -110.075 -424.007 566.219 -122.948 -404.028 542.001 -155.29 -417.624 475.096 -113.59 -437.604 499.314 -81.2485 -435.146 518.539 -90.47 -444.257 527.063 -75.1271 -446.436 510.02 -66.952 -461.951 528.826 -41.8378 -448.354 595.73 -83.5378
  poly 1: -432.512 597.694 -75.2214 -417.017 578.913 -100.302 -421.215 564.516 -88.9057 -412.907 551.919 -101.758 -408.165 568.183 -114.632 -388.185 543.965 -146.973 -401.782 477.06 -105.273 -421.762 501.278 -72.932 -419.304 520.503 -82.1536 -428.415 529.027 -66.8107 -430.594 511.984 -58.6355 -446.109 530.79 -33.5214 -432.512 597.694 -75.2214
element 130
  poly 0: -327.936 559.019 7.25273 -315.574 540.706 -20.8082 -332.104 531.927 -18.9933 -327.662 520.376 -34.4117 -308.662 530.466 -36.4979 -293.323 507.744 -71.3142 -360.419 464.191 -72.4495 -375.757 486.913 -37.6332 -358.875 500.113 -34.9417 -367.986 508.637 -19.5988 -382.671 497.155 -21.94 -395.032 515.466 6.11737 -327.936 559.019 7.25273
  poly 1: -320.368 547.07 18.3854 -308.006 528.756 -9.67552 -324.536 519.978 -7.86063 -320.094 508.426 -23.279 -301.094 518.517 -25.3651 -285.755 495.794 -60.1815 -352.851 452.241 -61.3168 -368.189 474.964 -26.5005 -351.307 488.164 -23.809 -360.418 496.688 -8.46605 -375.103 485.206 -10.8073 -387.464 503.517 17.2501 -320.368 547.07 18.3854
element 131
  poly 0: -160.675 568.961 47.5618 -156.672 549.85 18.1169 -140.93 544.333 26.7849 -136.489 532.782 11.3666 -154.412 539.063 1.49691 -149.345 514.87 -35.7799 -80.5781 485.485 -7.36001 -85.6458 509.679 29.9168 -104.326 519.048 24.6749 -104.326 528.683 41.8965 -87.9009 520.445 46.5055 -91.9081 539.576 75.9817 -160.675 568.961 47.5618
  poly 1: -151.706 582.58 39.9418 -147.703 563.47 10.4969 -131.961 557.953 19.1649 -127.52 546.401 3.7465 -145.443 552.683 -6.12316 -140.376 528.49 -43.4 -71.6091 499.105 -14.9801 -76.6768 523.298 22.2967 -95.3571 532.667 17.0549 -95.3571 542.303 34.2764 -78.9319 534.065 38.8854 -82.9391 553.195 68.3616 -151.706 582.58 39.9418
element 132
  poly 0: -9.06984 659.308 -3.03189 -9.06984 638.15 -31.3317 -9.06984 624.748 -18.2349 -9.06984 610.911 -32.3945 -9.06984 626.191 -47.327 -9.06984 599.429 -83.122 -9.06984 535.357 -35.2183 -9.06984 562.119 0.576715 -9.06984 580.976 -9.97361 -9.06984 590.611 7.24791 -9.06984 574.039 16.52 -9.06984 595.236 44.8718 -9.06984 659.308 -3.03189
  poly 1: 8.93016 659.308 -3.03189 8.93016 638.15 -31.3317 8.93016 624.748 -18.2349 8.93016 610.911 -32.3945 8.93016 626.191 -47.327 8.93016 599.429 -83.122 8.93016 535.357 -35.2183 8.93016 562.119 0.576715 8.93016 580.976 -9.97361 8.93016 590.611 7.24791 8.93016 574.039 16.52 8.93016 595.236 44.8718 8.93016 659.308 -3.03189
element 133
  poly 0: 151.332 587.049 37.3022 147.315 567.737 7.87075 131.908 561.849 16.8501 127.465 550.142 1.54966 145.053 556.863 -8.70103 139.994 532.542 -45.767 72.5505 501.37 -16.108 77.6095 525.691 20.958 95.9646 535.592 15.4186 95.9646 545.227 32.6401 79.8669 536.544 37.4982 83.8882 555.876 66.9612 151.332 587.049 37.3022
  poly 1: 160.795 573.687 44.7782 156.778 554.375 15.3468 141.372 548.487 24.3261 136.928 536.78 9.02573 154.517 543.501 -1.22497 149.458 519.18 -38.2909 82.0142 488.008 -8.6319 87.0731 512.329 28.4341 105.428 522.23 22.8947 105.428 531.865 40.1162 89.3306 523.182 44.9743 93.3519 542.514 74.4373 160.795 573.687 44.7782
element 134
  poly 0: 318.779 555.19 13.3002 306.439 536.516 -14.4497 323.163 528.044 -12.8238 318.72 516.337 -28.1242 299.529 526.059 -29.99 284.166 502.812 -64.5361 352.074 460.557 -66.3001 367.436 483.804 -31.754 350.339 496.661 -28.9476 359.452 505.466 -13.7643 374.349 494.265 -16.2094 386.687 512.935 11.5362 318.779 555.19 13.3002
  poly 1: 325.972 567.22 2.00647 313.632 548.546 -25.7434 330.356 540.074 -24.1175 325.912 528.367 -39.4179 306.721 538.089 -41.2837 291.358 514.842 -75.8298 359.266 472.588 -77.5938 374.628 495.834 -43.0476 357.531 508.691 -40.2413 366.644 517.496 -25.058 381.541 506.295 -27.5031 393.879 524.965 0.242489 325.972 567.22 2.00647
element 135
  poly 0: 431.437 608.125 -83.9956 415.982 588.873 -108.76 420.394 574.636 -97.1899 412.144 561.809 -109.828 407.161 577.886 -122.893 387.239 553.069 -154.815 401.734 486.828 -112.365 421.656 511.644 -80.4432 418.959 530.699 -89.8756 428.073 539.505 -74.6922 430.463 522.615 -66.3316 445.932 541.884 -41.5455 431.437 608.125 -83.9956
  poly 1: 447.251 606.213 -92.3785 431.796 586.961 -117.143 436.208 572.725 -105.573 427.957 559.897 -118.211 422.975 575.974 -131.276 403.053 551.157 -163.198 417.547 484.916 -120.748 437.47 509.732 -88.8261 434.773 528.787 -98.2585 443.886 537.593 -83.0751 446.277 520.703 -74.7145 461.745 539.972 -49.9284 447.251 606.213 -92.3785
element 136
  poly 0: 578.908 519.018 -119.583 560.96 502.567 -143.455 550.3 497.038 -128.903 538.646 486.811 -141.326 550.448 492.931 -157.436 526.27 470.77 -189.593 476.553 443.281 -133.268 500.731 465.442 -101.111 515.058 473.777 -114.544 524.171 482.583 -99.3607 511.194 475.033 -87.1938 529.19 491.529 -63.2584 578.908 519.018 -119.583
  poly 1: 589.353 504.515 -117.442 571.405 488.064 -141.313 560.745 482.535 -126.762 549.091 472.308 -139.185 560.893 478.429 -155.294 536.715 456.267 -187.452 486.997 428.778 -131.127 511.175 450.94 -98.9694 525.502 459.275 -112.402 534.616 468.08 -97.2191 521.639 460.531 -85.0523 539.635 477.026 -61.1168 589.353 504.515 -117.442
element 137
  poly 0: -497.737 616.746 -137.03 -480.422 596.942 -158.959 -496.81 587.001 -159.81 -488.501 574.404 -172.662 -470.346 585.418 -171.72 -447.178 558.92 -201.062 -511.657 512.413 -209.975 -534.825 538.911 -180.633 -519.068 552.335 -176.904 -530.722 562.562 -164.481 -544.925 550.462 -167.842 -562.216 570.238 -145.944 -497.737 616.746 -137.03
  poly 1: -492.196 606.442 -123.351 -474.881 586.639 -145.279 -491.269 576.697 -146.13 -482.96 564.101 -158.982 -464.805 575.115 -158.04 -441.637 548.617 -187.382 -506.117 502.109 -196.295 -529.285 528.607 -166.953 -513.528 542.032 -163.224 -525.181 552.259 -150.801 -539.384 540.158 -154.162 -556.676 559.934 -132.264 -492.196 606.442 -123.351
element 138
  poly 0: -378.338 637.279 -79.1066 -367.03 615.855 -104.193 -352.622 613.258 -92.334 -344.313 600.661 -105.187 -360.556 603.589 -118.556 -345.912 575.846 -151.041 -281.149 558.791 -107.282 -295.793 586.534 -74.7967 -313.865 592.656 -84.59 -318.307 604.208 -69.1717 -302.25 598.768 -60.4708 -313.575 620.224 -35.3475 -378.338 637.279 -79.1066
  poly 1: -369.529 650.954 -86.814 -358.221 629.53 -111.901 -343.813 626.932 -100.041 -335.504 614.336 -112.894 -351.747 617.264 -126.263 -337.103 589.521 -158.748 -272.34 572.466 -114.989 -286.984 600.208 -82.5042 -305.056 606.331 -92.2975 -309.498 617.882 -76.8791 -293.441 612.443 -68.1782 -304.766 633.898 -43.055 -369.529 650.954 -86.814
element 139
  poly 0: -86.1383 698.502 -41.3953 -82.1408 675.67 -67.9975 -98.5178 669.038 -61.5173 -98.5178 655.201 -75.6768 -79.8786 662.748 -83.0522 -74.809 633.792 -116.789 -143.834 598.564 -96.9257 -148.904 627.52 -63.1886 -130.809 638.73 -66.3745 -135.251 650.282 -50.9561 -151.163 640.424 -48.1545 -155.163 663.274 -21.5318 -86.1383 698.502 -41.3953
  poly 1: -77.2703 687.299 -30.4474 -73.2728 664.467 -57.0496 -89.6498 657.836 -50.5694 -89.6498 643.998 -64.7289 -71.0106 651.545 -72.1043 -65.941 622.589 -105.841 -134.966 587.361 -85.9778 -140.036 616.318 -52.2407 -121.941 627.527 -55.4266 -126.383 639.079 -40.0082 -142.295 629.221 -37.2066 -146.295 652.071 -10.5839 -77.2703 687.299 -30.4474
element 140
  poly 0: 74.014 686.564 -29.8405 70.0268 663.658 -56.2596 86.7235 657.421 -50.1645 86.7235 643.584 -64.324 67.7653 650.666 -71.2448 62.6846 621.478 -104.909 133.013 588.059 -86.549 138.094 617.248 -52.8843 119.666 627.94 -55.7142 124.109 639.647 -40.4138 140.352 630.223 -37.9194 144.343 653.146 -11.4801 74.014 686.564 -29.8405
  poly 1: 82.3473 697.975 -40.9917 78.3601 675.069 -67.4108 95.0568 668.832 -61.3157 95.0568 654.995 -75.4752 76.0986 662.077 -82.396 71.0179 632.888 -116.061 141.347 599.47 -97.7002 146.427 628.659 -64.0355 128 639.351 -66.8654 132.443 651.058 -51.565 148.686 641.634 -49.0706 152.676 664.557 -22.6313 82.3473 697.975 -40.9917
element 141
  poly 0: 368.075 656.491 -91.8012 356.799 634.691 -116.629 342.659 631.81 -104.474 334.408 618.983 -117.112 350.354 622.231 -130.819 335.776 594.047 -162.917 272.235 575.668 -117.92 286.813 603.852 -85.8221 304.541 610.353 -95.9452 308.985 622.061 -80.6448 293.246 616.289 -71.6579 304.534 638.112 -46.8043 368.075 656.491 -91.8012
  poly 1: 377.338 643.054 -84.2093 366.062 621.253 -109.037 351.922 618.373 -96.8824 343.671 605.545 -109.521 359.617 608.793 -123.227 345.039 580.609 -155.325 281.498 562.23 -110.328 296.076 590.415 -78.2302 313.804 596.916 -88.3533 318.247 608.623 -73.0529 302.509 602.852 -64.066 313.797 624.675 -39.2124 377.338 643.054 -84.2093
element 142
  poly 0: 493.433 613.227 -130.404 476.066 593.102 -152.276 492.112 582.594 -152.085 483.861 569.766 -164.723 466.014 581.454 -164.936 442.984 554.766 -193.942 505.912 505.595 -198.665 528.942 532.283 -169.659 513.624 546.481 -166.977 525.277 556.708 -154.554 539.025 543.967 -156.961 556.361 564.056 -135.127 493.433 613.227 -130.404
  poly 1: 499.841 622.759 -144.263 482.474 602.635 -166.135 498.52 592.126 -165.944 490.27 579.298 -178.582 472.423 590.987 -178.795 449.392 564.298 -207.801 512.32 515.127 -212.524 535.351 541.816 -183.518 520.032 556.013 -180.836 531.686 566.24 -168.413 545.433 553.499 -170.819 562.769 573.589 -148.985 499.841 622.759 -144.263
