element 0
  poly 0: -523.264 652.448 279.747 -525.757 652.448 254.218 -523.241 655.721 253.972 -520.747 655.721 279.501 -523.264 652.448 279.747
  poly 1: -520.752 649.171 279.502 -523.245 649.171 253.973 -520.729 652.444 253.727 -518.236 652.444 279.256 -520.752 649.171 279.502
  poly 2: -528.25 652.448 228.689 -530.743 652.448 203.159 -528.227 655.721 202.914 -525.734 655.721 228.443 -528.25 652.448 228.689
  poly 3: -525.739 649.171 228.443 -528.232 649.171 202.914 -525.715 652.444 202.668 -523.222 652.444 228.198 -525.739 649.171 228.443
  poly 4: -533.236 652.448 177.63 -535.73 652.448 152.101 -533.213 655.721 151.855 -530.72 655.721 177.384 -533.236 652.448 177.63
  poly 5: -530.725 649.171 177.385 -533.218 649.171 151.855 -530.702 652.444 151.61 -528.209 652.444 177.139 -530.725 649.171 177.385
  poly 6: -538.223 652.448 126.571 -540.716 652.448 101.042 -538.2 655.721 100.796 -535.706 655.721 126.326 -538.223 652.448 126.571
  poly 7: -535.711 649.171 126.326 -538.204 649.171 100.797 -535.688 652.444 100.551 -533.195 652.444 126.08 -535.711 649.171 126.326
  poly 8: -543.209 652.448 75.5128 -545.702 652.448 49.9835 -543.186 655.721 49.7378 -540.693 655.721 75.2671 -543.209 652.448 75.5128
  poly 9: -540.698 649.171 75.2675 -543.191 649.171 49.7382 -540.674 652.444 49.4925 -538.181 652.444 75.0218 -540.698 649.171 75.2675
  poly 10: -490.909 685.649 347.167 -497.739 677.6 341.206 -496.679 679.429 337.521 -489.849 687.479 343.483 -490.909 685.649 347.167
  poly 11: -487.401 683.82 345.619 -494.231 675.77 339.657 -493.171 677.6 335.973 -486.341 685.649 341.934 -487.401 683.82 345.619
  poly 12: -512.482 700.367 9.27972 -549.677 652.448 9.27972 -548.195 652.448 24.4542 -550.712 649.175 24.6999 -523.287 649.175 305.522 -520.771 652.448 305.276 -519.081 652.448 322.578 -504.569 669.55 335.244 -505.629 667.721 338.929 -485.138 691.87 356.814 -484.078 693.699 353.129 -475.803 703.451 360.352 -512.482 700.367 9.27972
  poly 13: -507.049 700.824 9.27972 -544.601 652.444 9.27972 -543.168 652.444 23.9632 -548.2 645.899 24.4547 -520.775 645.899 305.277 -515.743 652.444 304.785 -514.517 652.444 317.342 -500.002 669.55 330.011 -502.122 665.892 337.38 -481.631 690.04 355.265 -479.511 693.699 347.896 -470.885 703.865 355.425 -507.049 700.824 9.27972
element 1
  poly 0: 470.705 649.185 282.18 445.395 649.185 283.148 445.492 652.457 285.675 470.801 652.457 284.706 470.705 649.185 282.18
  poly 1: 470.608 652.461 279.658 445.299 652.461 280.627 445.395 655.734 283.153 470.705 655.734 282.185 470.608 652.461 279.658
  poly 2: 420.085 649.185 284.117 394.776 649.185 285.085 394.872 652.457 287.612 420.182 652.457 286.643 420.085 649.185 284.117
  poly 3: 419.989 652.461 281.595 394.679 652.461 282.564 394.776 655.734 285.09 420.085 655.734 284.122 419.989 652.461 281.595
  poly 4: 369.466 649.185 286.054 344.156 649.185 287.022 344.253 652.457 289.549 369.563 652.457 288.58 369.466 649.185 286.054
  poly 5: 369.369 652.461 283.532 344.06 652.461 284.501 344.156 655.734 287.027 369.466 655.734 286.059 369.369 652.461 283.532
  poly 6: 318.846 649.185 287.991 293.537 649.185 288.959 293.633 652.457 291.486 318.943 652.457 290.517 318.846 649.185 287.991
  poly 7: 318.75 652.461 285.469 293.44 652.461 286.438 293.537 655.734 288.964 318.847 655.734 287.996 318.75 652.461 285.469
  poly 8: 268.227 649.185 289.928 242.917 649.185 290.896 243.014 652.457 293.423 268.324 652.457 292.454 268.227 649.185 289.928
  poly 9: 268.13 652.461 287.406 242.821 652.461 288.375 242.917 655.734 290.901 268.227 655.734 289.933 268.13 652.461 287.406
  poly 10: 217.608 649.185 291.865 192.298 649.185 292.833 192.394 652.457 295.36 217.704 652.457 294.391 217.608 649.185 291.865
  poly 11: 217.511 652.461 289.343 192.201 652.461 290.312 192.298 655.734 292.838 217.608 655.734 291.87 217.511 652.461 289.343
  poly 12: 166.988 649.185 293.802 141.678 649.185 294.77 141.775 652.457 297.297 167.085 652.457 296.328 166.988 649.185 293.802
  poly 13: 166.892 652.461 291.28 141.582 652.461 292.249 141.679 655.734 294.775 166.988 655.734 293.807 166.892 652.461 291.28
  poly 14: 116.369 649.185 295.739 91.0589 649.185 296.707 91.1556 652.457 299.234 116.465 652.457 298.265 116.369 649.185 295.739
  poly 15: 116.272 652.461 293.217 90.9624 652.461 294.186 91.0591 655.734 296.712 116.369 655.734 295.744 116.272 652.461 293.217
  poly 16: 65.7492 649.185 297.676 40.4395 649.185 298.644 40.5361 652.457 301.171 65.8459 652.457 300.202 65.7492 649.185 297.676
  poly 17: 65.6527 652.461 295.154 40.343 652.461 296.123 40.4396 655.734 298.649 65.7494 655.734 297.681 65.6527 652.461 295.154
  poly 18: 15.1297 649.185 299.613 -10.18 649.185 300.581 -10.0833 652.457 303.108 15.2264 652.457 302.139 15.1297 649.185 299.613
  poly 19: 15.0332 652.461 297.091 -10.2765 652.461 298.06 -10.1798 655.734 300.586 15.1299 655.734 299.618 15.0332 652.461 297.091
  poly 20: -35.4897 649.185 301.55 -60.7994 649.185 302.518 -60.7028 652.457 305.045 -35.393 652.457 304.076 -35.4897 649.185 301.55
  poly 21: -35.5862 652.461 299.028 -60.8959 652.461 299.997 -60.7993 655.734 302.523 -35.4895 655.734 301.555 -35.5862 652.461 299.028
  poly 22: -86.1092 649.185 303.487 -111.419 649.185 304.455 -111.322 652.457 306.982 -86.0125 652.457 306.013 -86.1092 649.185 303.487
  poly 23: -86.2057 652.461 300.965 -111.515 652.461 301.934 -111.419 655.734 304.46 -86.109 655.734 303.492 -86.2057 652.461 300.965
  poly 24: -136.729 649.185 305.424 -162.038 649.185 306.392 -161.942 652.457 308.919 -136.632 652.457 307.95 -136.729 649.185 305.424
  poly 25: -136.825 652.461 302.902 -162.135 652.461 303.871 -162.038 655.734 306.397 -136.728 655.734 305.429 -136.825 652.461 302.902
  poly 26: -187.348 649.185 307.361 -212.658 649.185 308.329 -212.561 652.457 310.856 -187.251 652.457 309.887 -187.348 649.185 307.361
  poly 27: -187.445 652.461 304.839 -212.754 652.461 305.808 -212.658 655.734 308.334 -187.348 655.734 307.366 -187.445 652.461 304.839
  poly 28: -237.968 649.185 309.298 -263.277 649.185 310.266 -263.181 652.457 312.793 -237.871 652.457 311.824 -237.968 649.185 309.298
  poly 29: -238.064 652.461 306.776 -263.374 652.461 307.745 -263.277 655.734 310.271 -237.967 655.734 309.303 -238.064 652.461 306.776
  poly 30: -288.587 649.185 311.235 -313.897 649.185 312.203 -313.8 652.457 314.73 -288.49 652.457 313.761 -288.587 649.185 311.235
  poly 31: -288.683 652.461 308.713 -313.993 652.461 309.682 -313.896 655.734 312.208 -288.587 655.734 311.24 -288.683 652.461 308.713
  poly 32: -339.206 649.185 313.172 -364.516 649.185 314.14 -364.419 652.457 316.667 -339.11 652.457 315.698 -339.206 649.185 313.172
  poly 33: -339.303 652.461 310.65 -364.613 652.461 311.619 -364.516 655.734 314.145 -339.206 655.734 313.177 -339.303 652.461 310.65
  poly 34: -389.826 649.185 315.109 -415.136 649.185 316.077 -415.039 652.457 318.604 -389.729 652.457 317.635 -389.826 649.185 315.109
  poly 35: -389.922 652.461 312.587 -415.232 652.461 313.556 -415.135 655.734 316.082 -389.826 655.734 315.114 -389.922 652.461 312.587
  poly 36: -440.445 649.185 317.046 -465.755 649.185 318.014 -465.658 652.457 320.541 -440.349 652.457 319.572 -440.445 649.185 317.046
  poly 37: -440.542 652.461 314.524 -465.851 652.461 315.493 -465.755 655.734 318.019 -440.445 655.734 317.051 -440.542 652.461 314.524
  poly 38: 419.87 753.472 364.749 434.578 739.409 353.314 431.426 737.325 351.823 416.719 751.388 363.258 419.87 753.472 364.749
  poly 39: 419.202 755.556 361.327 433.91 741.493 349.892 430.758 739.409 348.402 416.051 753.472 359.837 419.202 755.556 361.327
  poly 40: 449.285 725.345 341.878 463.993 711.282 330.443 460.841 709.198 328.953 446.134 723.261 340.388 449.285 725.345 341.878
  poly 41: 448.618 727.429 338.457 463.325 713.365 327.021 460.174 711.282 325.531 445.466 725.345 336.966 448.618 727.429 338.457
  poly 42: 478.7 697.218 319.008 493.408 683.154 307.573 490.256 681.07 306.082 475.549 695.134 317.517 478.7 697.218 319.008
  poly 43: 478.033 699.302 315.586 492.74 685.238 304.151 489.589 683.154 302.661 474.881 697.218 314.096 478.033 699.302 315.586
  poly 44: 395.557 776.721 383.653 -475.803 703.451 360.352 -484.078 693.699 353.129 -480.571 691.87 351.581 -487.401 683.82 345.619 -491.786 686.107 347.555 -495.27 686.472 347.971 -500.393 680.435 343.499 -498.616 678.057 341.593 -494.231 675.77 339.657 -501.062 667.721 333.696 -504.569 669.55 335.244 -513.021 659.589 327.867 -508.339 652.457 322.174 -490.968 652.457 321.509 -491.161 645.912 316.456 495.918 645.912 278.685 496.111 652.457 283.738 512.915 652.457 283.095 517.569 660.051 288.787 508.115 669.091 296.137 511.267 671.175 297.628 408.314 769.62 377.675 405.163 767.536 376.184 395.557 776.721 383.653
  poly 45: 392.047 776.426 378.5 -470.885 703.865 355.425 -479.511 693.699 347.896 -479.476 693.681 347.881 -486.341 685.649 341.934 -490.725 687.936 343.87 -494.21 688.302 344.286 -499.333 682.265 339.815 -497.556 679.886 337.908 -493.171 677.6 335.973 -499.967 669.532 329.996 -500.002 669.55 330.011 -508.451 659.593 322.637 -503.768 652.461 316.944 -491.161 652.461 316.461 -491.258 649.188 313.935 495.821 649.188 276.163 495.918 652.461 278.69 509.092 652.461 278.185 513.745 660.055 283.878 504.296 669.091 291.225 510.599 673.259 294.206 407.646 771.704 374.253 401.343 767.536 371.272 392.047 776.426 378.5
element 2
  poly 0: 595.314 652.448 46.3895 588.811 652.448 68.3983 586.386 655.721 67.6819 592.889 655.721 45.6731 595.314 652.448 46.3895
  poly 1: 592.894 649.171 45.6745 586.391 649.171 67.6833 583.966 652.444 66.9669 590.469 652.444 44.9581 592.894 649.171 45.6745
  poly 2: 582.308 652.448 90.4072 575.805 652.448 112.416 573.38 655.721 111.7 579.883 655.721 89.6908 582.308 652.448 90.4072
  poly 3: 579.888 649.171 89.6922 573.385 649.171 111.701 570.96 652.444 110.985 577.463 652.444 88.9758 579.888 649.171 89.6922
  poly 4: 569.302 652.448 134.425 562.799 652.448 156.434 560.375 655.721 155.717 566.878 655.721 133.708 569.302 652.448 134.425
  poly 5: 566.882 649.171 133.71 560.379 649.171 155.719 557.955 652.444 155.002 564.458 652.444 132.993 566.882 649.171 133.71
  poly 6: 556.297 652.448 178.443 549.794 652.448 200.451 547.369 655.721 199.735 553.872 655.721 177.726 556.297 652.448 178.443
  poly 7: 553.877 649.171 177.728 547.374 649.171 199.736 544.949 652.444 199.02 551.452 652.444 177.011 553.877 649.171 177.728
  poly 8: 543.291 652.448 222.46 536.788 652.448 244.469 534.363 655.721 243.753 540.866 655.721 221.744 543.291 652.448 222.46
  poly 9: 540.871 649.171 221.745 534.368 649.171 243.754 531.943 652.444 243.038 538.446 652.444 221.029 540.871 649.171 221.745
  poly 10: 606.278 652.448 9.27972 499.154 785.432 9.27972 395.557 776.721 383.653 405.163 767.536 376.184 404.495 769.62 372.763 419.202 755.556 361.327 420.037 752.951 365.604 422.376 749.63 366.741 433.407 739.083 358.165 434.745 738.888 354.169 433.91 741.493 349.892 448.618 727.429 338.457 449.452 724.824 342.734 451.791 721.503 343.871 462.822 710.956 335.294 464.16 710.761 331.299 463.325 713.365 327.021 478.033 699.302 315.586 478.867 696.697 319.863 481.206 693.376 321 492.237 682.828 312.424 493.575 682.633 308.428 492.74 685.238 304.151 507.448 671.175 292.716 508.115 669.091 296.137 525.52 652.448 282.605 530.285 652.448 266.478 532.71 649.175 267.194 604.241 649.175 25.0971 601.816 652.448 24.3807 606.278 652.448 9.27972
  poly 11: 601.011 652.444 9.27972 494.218 785.017 9.27972 392.047 776.426 378.5 401.343 767.536 371.272 401.337 767.557 371.238 416.051 753.472 359.837 416.886 750.867 364.114 419.225 747.547 365.251 430.255 736.999 356.674 431.593 736.804 352.679 430.758 739.409 348.402 445.466 725.345 336.966 446.301 722.74 341.243 448.64 719.419 342.38 459.671 708.872 333.804 461.008 708.677 329.808 460.174 711.282 325.531 474.881 697.218 314.096 475.716 694.613 318.373 478.055 691.292 319.51 489.086 680.744 310.933 490.423 680.549 306.938 489.589 683.154 302.661 504.289 669.112 291.191 504.296 669.091 291.225 521.705 652.444 277.69 525.441 652.444 265.046 530.29 645.899 266.479 601.821 645.899 24.382 596.972 652.444 22.9492 601.011 652.444 9.27972
element 3
  poly 0: -445.426 558.956 335.984 -448.962 560.244 309.982 -451.451 563.524 310.483 -447.915 562.236 336.485 -445.426 558.956 335.984
  poly 1: -442.931 562.265 335.809 -446.467 563.553 309.807 -448.957 566.833 310.308 -445.42 565.545 336.31 -442.931 562.265 335.809
  poly 2: -452.498 561.532 283.981 -456.035 562.821 257.979 -458.524 566.101 258.48 -454.988 564.813 284.482 -452.498 561.532 283.981
  poly 3: -450.004 564.842 283.805 -453.54 566.13 257.803 -456.029 569.41 258.304 -452.493 568.122 284.306 -450.004 564.842 283.805
  poly 4: -459.571 564.109 231.977 -463.107 565.398 205.975 -465.597 568.678 206.476 -462.06 567.389 232.478 -459.571 564.109 231.977
  poly 5: -457.076 567.419 231.802 -460.612 568.707 205.8 -463.102 571.987 206.301 -459.565 570.699 232.303 -457.076 567.419 231.802
  poly 6: -466.644 566.686 179.973 -470.18 567.975 153.971 -472.669 571.255 154.472 -469.133 569.966 180.474 -466.644 566.686 179.973
  poly 7: -464.149 569.995 179.798 -467.685 571.284 153.796 -470.174 574.564 154.297 -466.638 573.276 180.299 -464.149 569.995 179.798
  poly 8: -473.716 569.263 127.97 -477.252 570.551 101.968 -479.742 573.831 102.469 -476.205 572.543 128.471 -473.716 569.263 127.97
  poly 9: -471.221 572.572 127.794 -474.758 573.861 101.792 -477.247 577.141 102.293 -473.711 575.852 128.295 -471.221 572.572 127.794
  poly 10: -480.789 571.84 75.9658 -484.325 573.128 49.964 -486.814 576.408 50.4651 -483.278 575.12 76.4669 -480.789 571.84 75.9658
  poly 11: -478.294 575.149 75.7905 -481.83 576.438 49.7886 -484.319 579.718 50.2897 -480.783 578.429 76.2916 -478.294 575.149 75.7905
  poly 12: -488.262 616.018 349.49 -471.911 596.688 363.762 -470.857 594.86 360.078 -487.208 614.19 345.806 -488.262 616.018 349.49
  poly 13: -484.755 617.846 347.947 -468.404 598.516 362.219 -467.349 596.688 358.535 -483.7 616.018 344.263 -484.755 617.846 347.947
  poly 14: -549.677 652.448 9.27972 -492.416 578.449 9.27972 -490.351 577.697 24.4632 -485.372 571.137 23.4611 -439.4 554.387 361.485 -444.379 560.947 362.487 -442.037 560.094 379.705 -447.009 567.25 385.498 -455.56 577.359 378.034 -456.615 579.187 381.718 -505.668 637.175 338.903 -504.614 635.347 335.218 -519.08 652.448 322.592 -520.771 652.448 305.276 -518.259 649.171 305.031 -520.752 649.171 279.502 -523.892 653.267 279.808 -526.087 655.724 276.801 -527.957 655.724 257.654 -526.385 653.267 254.279 -523.245 649.171 253.973 -525.739 649.171 228.443 -528.878 653.267 228.75 -531.073 655.724 225.743 -532.943 655.724 206.596 -531.371 653.267 203.221 -528.232 649.171 202.914 -530.725 649.171 177.385 -533.864 653.267 177.691 -536.059 655.724 174.684 -537.929 655.724 155.537 -536.357 653.267 152.162 -533.218 649.171 151.855 -535.711 649.171 126.326 -538.851 653.267 126.633 -541.046 655.724 123.625 -542.916 655.724 104.479 -541.344 653.267 101.103 -538.204 649.171 100.797 -540.698 649.171 75.2675 -543.837 653.267 75.5741 -546.032 655.724 72.5669 -547.902 655.724 53.4199 -546.33 653.267 50.0448 -543.191 649.171 49.7382 -545.684 649.171 24.2089 -548.195 652.448 24.4542 -549.677 652.448 9.27972
  poly 15: -544.601 652.444 9.27972 -487.339 578.445 9.27972 -485.366 577.726 23.7868 -482.877 574.446 23.2857 -436.905 557.696 361.31 -439.395 560.977 361.811 -437.698 560.359 374.283 -442.67 567.515 380.075 -450.998 577.359 372.807 -453.107 581.015 380.175 -502.161 639.003 337.359 -500.051 635.347 329.991 -514.514 652.444 317.368 -515.743 652.444 304.785 -515.718 652.411 304.783 -518.236 652.444 279.256 -521.375 656.54 279.563 -523.571 658.997 276.556 -525.44 658.997 257.409 -523.868 656.54 254.033 -520.729 652.444 253.727 -523.222 652.444 228.198 -526.362 656.54 228.504 -528.557 658.997 225.497 -530.427 658.997 206.35 -528.855 656.54 202.975 -525.715 652.444 202.668 -528.209 652.444 177.139 -531.348 656.54 177.446 -533.543 658.997 174.438 -535.413 658.997 155.291 -533.841 656.54 151.916 -530.702 652.444 151.61 -533.195 652.444 126.08 -536.334 656.54 126.387 -538.529 658.997 123.38 -540.399 658.997 104.233 -538.827 656.54 100.858 -535.688 652.444 100.551 -538.181 652.444 75.0218 -541.321 656.54 75.3284 -543.516 658.997 72.3212 -545.386 658.997 53.1742 -543.814 656.54 49.7991 -540.674 652.444 49.4925 -543.142 652.411 23.9607 -543.168 652.444 23.9632 -544.601 652.444 9.27972
element 4
  poly 0: 493 621.26 307.901 477.837 606.716 319.691 474.684 608.799 318.206 489.847 623.343 306.416 493 621.26 307.901
  poly 1: 492.338 619.176 304.48 477.175 604.633 316.269 474.022 606.716 314.784 489.185 621.26 302.995 492.338 619.176 304.48
  poly 2: 462.674 592.172 331.48 447.511 577.628 343.269 444.358 579.712 341.784 459.521 594.255 329.995 462.674 592.172 331.48
  poly 3: 462.012 590.089 328.058 446.849 575.545 339.848 443.696 577.628 338.363 458.859 592.172 326.573 462.012 590.089 328.058
  poly 4: 432.348 563.085 355.059 417.185 548.541 366.848 414.032 550.624 365.363 429.195 565.168 353.574 432.348 563.085 355.059
  poly 5: 431.686 561.001 351.637 416.523 546.458 363.426 413.37 548.541 361.942 428.533 563.085 350.152 431.686 561.001 351.637
  poly 6: 342.481 520.449 391.358 316.98 521.701 391.368 317.14 524.981 388.834 342.641 523.729 388.823 342.481 520.449 391.358
  poly 7: 342.317 517.139 388.862 316.817 518.392 388.873 316.977 521.672 386.339 342.477 520.42 386.328 342.317 517.139 388.862
  poly 8: 291.48 522.953 391.379 265.979 524.205 391.39 266.139 527.485 388.856 291.64 526.233 388.845 291.48 522.953 391.379
  poly 9: 291.316 519.644 388.884 265.815 520.896 388.894 265.975 524.176 386.36 291.476 522.924 386.349 291.316 519.644 388.884
  poly 10: 240.478 525.457 391.401 214.978 526.709 391.412 215.138 529.989 388.878 240.638 528.737 388.867 240.478 525.457 391.401
  poly 11: 240.315 522.148 388.905 214.814 523.4 388.916 214.974 526.68 386.382 240.475 525.428 386.371 240.315 522.148 388.905
  poly 12: 189.477 527.961 391.423 163.976 529.213 391.433 164.136 532.493 388.899 189.637 531.241 388.888 189.477 527.961 391.423
  poly 13: 189.314 524.652 388.927 163.813 525.904 388.938 163.973 529.184 386.404 189.474 527.932 386.393 189.314 524.652 388.927
  poly 14: 138.476 530.465 391.444 112.975 531.717 391.455 113.135 534.997 388.921 138.636 533.745 388.91 138.476 530.465 391.444
  poly 15: 138.312 527.156 388.949 112.812 528.408 388.959 112.972 531.688 386.425 138.472 530.436 386.414 138.312 527.156 388.949
  poly 16: 87.4746 532.969 391.466 61.974 534.221 391.477 62.134 537.501 388.943 87.6346 536.249 388.932 87.4746 532.969 391.466
  poly 17: 87.3111 529.66 388.97 61.8105 530.912 388.981 61.9704 534.192 386.447 87.4711 532.94 386.436 87.3111 529.66 388.97
  poly 18: 36.4734 535.473 391.488 10.9728 536.725 391.498 11.1327 540.006 388.964 36.6334 538.754 388.953 36.4734 535.473 391.488
  poly 19: 36.3098 532.164 388.992 10.8092 533.416 389.003 10.9692 536.696 386.469 36.4698 535.444 386.458 36.3098 532.164 388.992
  poly 20: -14.5279 537.978 391.509 -40.0285 539.23 391.52 -39.8685 542.51 388.986 -14.3679 541.258 388.975 -14.5279 537.978 391.509
  poly 21: -14.6914 534.668 389.014 -40.192 535.92 389.024 -40.032 539.2 386.49 -14.5314 537.948 386.479 -14.6914 534.668 389.014
  poly 22: -65.5291 540.482 391.531 -91.0297 541.734 391.542 -90.8697 545.014 389.008 -65.3691 543.762 388.997 -65.5291 540.482 391.531
  poly 23: -65.6926 537.172 389.035 -91.1933 538.424 389.046 -91.0333 541.704 386.512 -65.5327 540.452 386.501 -65.6926 537.172 389.035
  poly 24: -116.53 542.986 391.553 -142.031 544.238 391.563 -141.871 547.518 389.029 -116.37 546.266 389.018 -116.53 542.986 391.553
  poly 25: -116.694 539.676 389.057 -142.194 540.928 389.068 -142.035 544.209 386.534 -116.534 542.957 386.523 -116.694 539.676 389.057
  poly 26: -167.532 545.49 391.574 -193.032 546.742 391.585 -192.872 550.022 389.051 -167.372 548.77 389.04 -167.532 545.49 391.574
  poly 27: -167.695 542.181 389.079 -193.196 543.433 389.089 -193.036 546.713 386.555 -167.535 545.461 386.544 -167.695 542.181 389.079
  poly 28: -218.533 547.994 391.596 -244.033 549.246 391.607 -243.873 552.526 389.073 -218.373 551.274 389.062 -218.533 547.994 391.596
  poly 29: -218.696 544.685 389.1 -244.197 545.937 389.111 -244.037 549.217 386.577 -218.536 547.965 386.566 -218.696 544.685 389.1
  poly 30: -269.534 550.498 391.618 -295.035 551.75 391.628 -294.875 555.03 389.094 -269.374 553.778 389.083 -269.534 550.498 391.618
  poly 31: -269.698 547.189 389.122 -295.198 548.441 389.133 -295.038 551.721 386.599 -269.538 550.469 386.588 -269.698 547.189 389.122
  poly 32: -320.535 553.002 391.639 -346.036 554.254 391.65 -345.876 557.534 389.116 -320.375 556.282 389.105 -320.535 553.002 391.639
  poly 33: -320.699 549.693 389.144 -346.199 550.945 389.154 -346.039 554.225 386.62 -320.539 552.973 386.609 -320.699 549.693 389.144
  poly 34: -371.537 555.506 391.661 -397.037 556.758 391.672 -396.877 560.038 389.138 -371.377 558.786 389.127 -371.537 555.506 391.661
  poly 35: -371.7 552.197 389.165 -397.201 553.449 389.176 -397.041 556.729 386.642 -371.54 555.477 386.631 -371.7 552.197 389.165
  poly 36: 385.685 518.327 391.339 402.022 533.997 378.637 405.175 531.914 380.122 511.315 633.72 297.597 508.163 635.803 296.112 517.601 644.857 288.773 512.944 652.457 283.093 496.111 652.457 283.738 496.112 652.425 283.763 470.801 652.457 284.706 470.681 656.553 281.554 467.445 659.01 279.784 448.462 659.01 280.51 445.371 656.553 282.523 445.492 652.457 285.675 420.182 652.457 286.643 420.061 656.553 283.491 416.825 659.01 281.721 397.843 659.01 282.447 394.752 656.553 284.46 394.872 652.457 287.612 369.563 652.457 288.58 369.442 656.553 285.428 366.206 659.01 283.658 347.224 659.01 284.384 344.132 656.553 286.397 344.253 652.457 289.549 318.943 652.457 290.517 318.822 656.553 287.365 315.586 659.01 285.595 296.604 659.01 286.321 293.513 656.553 288.334 293.633 652.457 291.486 268.324 652.457 292.454 268.203 656.553 289.302 264.967 659.01 287.532 245.985 659.01 288.258 242.893 656.553 290.271 243.014 652.457 293.423 217.704 652.457 294.391 217.584 656.553 291.239 214.347 659.01 289.469 195.365 659.01 290.195 192.274 656.553 292.208 192.394 652.457 295.36 167.085 652.457 296.328 166.964 656.553 293.176 163.728 659.01 291.406 144.746 659.01 292.132 141.654 656.553 294.145 141.775 652.457 297.297 116.465 652.457 298.265 116.345 656.553 295.113 113.109 659.01 293.343 94.1263 659.01 294.069 91.035 656.553 296.082 91.1556 652.457 299.234 65.8459 652.457 300.202 65.7252 656.553 297.05 62.4892 659.01 295.28 43.5069 659.01 296.006 40.4155 656.553 298.019 40.5361 652.457 301.171 15.2264 652.457 302.139 15.1058 656.553 298.987 11.8697 659.01 297.217 -7.11258 659.01 297.944 -10.2039 656.553 299.956 -10.0833 652.457 303.108 -35.393 652.457 304.076 -35.5137 656.553 300.924 -38.7497 659.01 299.154 -57.732 659.01 299.881 -60.8234 656.553 301.893 -60.7028 652.457 305.045 -86.0125 652.457 306.013 -86.1331 656.553 302.861 -89.3692 659.01 301.091 -108.351 659.01 301.818 -111.443 656.553 303.83 -111.322 652.457 306.982 -136.632 652.457 307.95 -136.753 656.553 304.798 -139.989 659.01 303.028 -158.971 659.01 303.755 -162.062 656.553 305.767 -161.942 652.457 308.919 -187.251 652.457 309.887 -187.372 656.553 306.735 -190.608 659.01 304.965 -209.59 659.01 305.692 -212.682 656.553 307.704 -212.561 652.457 310.856 -237.871 652.457 311.824 -237.991 656.553 308.672 -241.228 659.01 306.902 -260.21 659.01 307.629 -263.301 656.553 309.641 -263.181 652.457 312.793 -288.49 652.457 313.761 -288.611 656.553 310.609 -291.847 659.01 308.839 -310.829 659.01 309.566 -313.921 656.553 311.578 -313.8 652.457 314.73 -339.11 652.457 315.698 -339.23 656.553 312.546 -342.466 659.01 310.776 -361.449 659.01 311.503 -364.54 656.553 313.515 -364.419 652.457 316.667 -389.729 652.457 317.635 -389.85 656.553 314.483 -393.086 659.01 312.713 -412.068 659.01 313.44 -415.159 656.553 315.452 -415.039 652.457 318.604 -440.349 652.457 319.572 -440.469 656.553 316.42 -443.705 659.01 314.65 -462.688 659.01 315.377 -465.779 656.553 317.389 -465.658 652.457 320.541 -490.967 652.425 321.534 -490.968 652.457 321.509 -508.366 652.457 322.175 -513.051 645.322 327.854 -504.614 635.347 335.218 -501.106 637.175 333.675 -484.755 617.846 347.947 -489.139 615.561 349.876 -489.726 611.774 352.817 -477.463 597.276 363.521 -472.788 596.231 364.148 -468.404 598.516 362.219 -452.052 579.187 376.491 -455.56 577.359 378.034 -439.915 558.864 391.69 -422.538 558.01 391.683 -422.698 554.73 394.217 367.821 515.917 393.881 367.981 519.197 391.347 385.685 518.327 391.339
  poly 37: 382.027 518.478 386.311 398.207 533.997 373.731 404.513 529.83 376.701 510.653 631.637 294.175 504.348 635.803 291.205 513.79 644.86 283.864 509.133 652.461 278.184 495.918 652.461 278.69 496.014 649.185 281.211 470.705 649.185 282.18 470.584 653.28 279.028 467.348 655.738 277.258 448.366 655.738 277.984 445.274 653.28 279.996 445.395 649.185 283.148 420.085 649.185 284.117 419.965 653.28 280.965 416.729 655.738 279.195 397.746 655.738 279.921 394.655 653.28 281.933 394.776 649.185 285.085 369.466 649.185 286.054 369.345 653.28 282.902 366.109 655.738 281.132 347.127 655.738 281.858 344.036 653.28 283.87 344.156 649.185 287.022 318.846 649.185 287.991 318.726 653.28 284.839 315.49 655.738 283.069 296.507 655.738 283.795 293.416 653.28 285.807 293.537 649.185 288.959 268.227 649.185 289.928 268.106 653.28 286.776 264.87 655.738 285.006 245.888 655.738 285.732 242.797 653.28 287.744 242.917 649.185 290.896 217.608 649.185 291.865 217.487 653.28 288.713 214.251 655.738 286.943 195.269 655.738 287.669 192.177 653.28 289.681 192.298 649.185 292.833 166.988 649.185 293.802 166.867 653.28 290.65 163.631 655.738 288.88 144.649 655.738 289.606 141.558 653.28 291.618 141.678 649.185 294.77 116.369 649.185 295.739 116.248 653.28 292.587 113.012 655.738 290.817 94.0296 655.738 291.543 90.9383 653.28 293.555 91.0589 649.185 296.707 65.7492 649.185 297.676 65.6286 653.28 294.524 62.3925 655.738 292.754 43.4102 655.738 293.48 40.3188 653.28 295.492 40.4395 649.185 298.644 15.1297 649.185 299.613 15.0091 653.28 296.461 11.773 655.738 294.691 -7.20926 655.738 295.417 -10.3006 653.28 297.429 -10.18 649.185 300.581 -35.4897 649.185 301.55 -35.6103 653.28 298.398 -38.8464 655.738 296.628 -57.8287 655.738 297.354 -60.9201 653.28 299.366 -60.7994 649.185 302.518 -86.1092 649.185 303.487 -86.2298 653.28 300.335 -89.4659 655.738 298.565 -108.448 655.738 299.291 -111.539 653.28 301.303 -111.419 649.185 304.455 -136.729 649.185 305.424 -136.849 653.28 302.272 -140.085 655.738 300.502 -159.068 655.738 301.228 -162.159 653.28 303.24 -162.038 649.185 306.392 -187.348 649.185 307.361 -187.469 653.28 304.209 -190.705 655.738 302.439 -209.687 655.738 303.165 -212.778 653.28 305.177 -212.658 649.185 308.329 -237.968 649.185 309.298 -238.088 653.28 306.146 -241.324 655.738 304.376 -260.306 655.738 305.102 -263.398 653.28 307.114 -263.277 649.185 310.266 -288.587 649.185 311.235 -288.708 653.28 308.083 -291.944 655.738 306.313 -310.926 655.738 307.039 -314.017 653.28 309.051 -313.897 649.185 312.203 -339.206 649.185 313.172 -339.327 653.28 310.02 -342.563 655.738 308.25 -361.545 655.738 308.976 -364.637 653.28 310.988 -364.516 649.185 314.14 -389.826 649.185 315.109 -389.946 653.28 311.957 -393.183 655.738 310.187 -412.165 655.738 310.913 -415.256 653.28 312.925 -415.136 649.185 316.077 -440.445 649.185 317.046 -440.566 653.28 313.894 -443.802 655.738 312.124 -462.784 655.738 312.85 -465.876 653.28 314.862 -465.755 649.185 318.014 -491.065 649.185 318.983 -491.161 652.461 316.461 -503.807 652.461 316.945 -508.492 645.325 322.624 -500.051 635.347 329.991 -500.016 635.365 329.976 -483.7 616.018 344.263 -488.085 613.733 346.192 -488.672 609.946 349.133 -476.408 595.449 359.837 -471.733 594.403 360.464 -467.349 596.688 358.535 -450.963 577.377 372.792 -450.998 577.359 372.807 -435.129 558.599 386.658 -422.541 557.981 386.653 -422.861 551.421 391.721 367.658 512.607 391.385 367.978 519.168 386.317 382.027 518.478 386.311
element 5
  poly 0: 469.731 497.383 49.9631 463.103 498.701 75.9763 465.598 501.982 76.4458 472.226 500.664 50.4327 469.731 497.383 49.9631
  poly 1: 467.352 500.693 49.1895 460.725 502.011 75.2026 463.22 505.291 75.6722 469.848 503.973 49.659 467.352 500.693 49.1895
  poly 2: 456.476 500.019 101.989 449.848 501.338 128.003 452.343 504.618 128.472 458.971 503.3 102.459 456.476 500.019 101.989
  poly 3: 454.097 503.329 101.216 447.47 504.647 127.229 449.965 507.927 127.699 456.593 506.609 101.685 454.097 503.329 101.216
  poly 4: 443.22 502.656 154.016 436.593 503.974 180.029 439.088 507.254 180.499 445.716 505.936 154.485 443.22 502.656 154.016
  poly 5: 440.842 505.965 153.242 434.215 507.283 179.255 436.71 510.563 179.725 443.338 509.245 153.712 440.842 505.965 153.242
  poly 6: 429.965 505.292 206.042 423.338 506.61 232.055 425.833 509.89 232.525 432.461 508.572 206.512 429.965 505.292 206.042
  poly 7: 427.587 508.601 205.268 420.96 509.919 231.282 423.455 513.199 231.751 430.082 511.881 205.738 427.587 508.601 205.268
  poly 8: 416.71 507.928 258.068 410.083 509.246 284.082 412.578 512.526 284.551 419.206 511.208 258.538 416.71 507.928 258.068
  poly 9: 414.332 511.237 257.295 407.705 512.555 283.308 410.2 515.835 283.778 416.827 514.517 257.764 414.332 511.237 257.295
  poly 10: 403.455 510.564 310.095 396.828 511.882 336.108 399.323 515.162 336.578 405.951 513.844 310.564 403.455 510.564 310.095
  poly 11: 401.077 513.873 309.321 394.449 515.191 335.334 396.945 518.471 335.804 403.572 517.153 309.791 401.077 513.873 309.321
  poly 12: 482.711 498.578 9.27972 606.278 652.448 9.27972 601.816 652.448 24.3807 599.396 649.171 23.6656 592.894 649.171 45.6745 595.919 653.267 46.5682 596.921 655.724 49.8556 592.044 655.724 66.3622 589.416 653.267 68.5771 586.391 649.171 67.6833 579.888 649.171 89.6922 582.913 653.267 90.5859 583.915 655.724 93.8733 579.038 655.724 110.38 576.41 653.267 112.595 573.385 649.171 111.701 566.882 649.171 133.71 569.907 653.267 134.604 570.909 655.724 137.891 566.032 655.724 154.398 563.404 653.267 156.612 560.379 649.171 155.719 553.877 649.171 177.728 556.902 653.267 178.621 557.904 655.724 181.909 553.027 655.724 198.415 550.399 653.267 200.63 547.374 649.171 199.736 540.871 649.171 221.745 543.896 653.267 222.639 544.898 655.724 225.926 540.021 655.724 242.433 537.393 653.267 244.648 534.368 649.171 243.754 527.865 649.171 265.763 530.285 652.448 266.478 525.516 652.448 282.62 508.163 635.803 296.112 507.501 633.72 292.69 492.338 619.176 304.48 493.165 621.78 308.757 491.766 621.525 312.796 480.394 610.617 321.638 478.002 607.237 320.546 477.175 604.633 316.269 462.012 590.089 328.058 462.839 592.693 332.335 461.441 592.437 336.375 450.068 581.53 345.217 447.676 578.149 344.125 446.849 575.545 339.848 431.686 561.001 351.637 432.513 563.605 355.914 431.115 563.35 359.954 419.742 552.442 368.796 417.35 549.062 367.703 416.523 546.458 363.426 401.36 531.914 375.216 402.022 533.997 378.637 392.66 525.017 385.917 388.18 517.378 380.316 392.696 516.48 362.591 387.705 509.92 361.652 473.863 492.785 23.4803 478.853 499.346 24.4195 482.711 498.578 9.27972
  poly 13: 477.52 498.671 9.27972 601.011 652.444 9.27972 596.972 652.444 22.9492 596.948 652.411 22.9421 590.469 652.444 44.9581 593.494 656.54 45.8518 594.496 658.997 49.1392 589.619 658.997 65.6458 586.991 656.54 67.8607 583.966 652.444 66.9669 577.463 652.444 88.9758 580.488 656.54 89.8695 581.49 658.997 93.1569 576.613 658.997 109.664 573.985 656.54 111.878 570.96 652.444 110.985 564.458 652.444 132.993 567.483 656.54 133.887 568.485 658.997 137.175 563.608 658.997 153.681 560.98 656.54 155.896 557.955 652.444 155.002 551.452 652.444 177.011 554.477 656.54 177.905 555.479 658.997 181.192 550.602 658.997 197.699 547.974 656.54 199.914 544.949 652.444 199.02 538.446 652.444 221.029 541.471 656.54 221.923 542.473 658.997 225.21 537.596 658.997 241.717 534.968 656.54 243.931 531.943 652.444 243.038 525.416 652.411 265.039 525.441 652.444 265.046 521.697 652.444 277.716 504.348 635.803 291.205 504.341 635.783 291.171 489.185 621.26 302.995 490.012 623.864 307.272 488.614 623.608 311.312 477.241 612.7 320.154 474.849 609.32 319.061 474.022 606.716 314.784 458.859 592.172 326.573 459.687 594.776 330.85 458.288 594.521 334.89 446.916 583.613 343.732 444.524 580.232 342.64 443.696 577.628 338.363 428.533 563.085 350.152 429.361 565.689 354.429 427.962 565.433 358.469 416.59 554.525 367.311 414.198 551.145 366.218 413.37 548.541 361.942 398.201 533.976 373.697 398.207 533.997 373.731 388.688 524.867 381.132 384.208 517.228 375.531 387.822 516.509 361.347 385.327 513.229 360.878 471.484 496.095 22.7067 473.98 499.375 23.1763 477.52 498.671 9.27972
element 6
  poly 0: -565.912 427.551 248.934 -569.813 427.551 226.49 -567.369 430.851 226.065 -563.467 430.851 248.509 -565.912 427.551 248.934
  poly 1: -563.368 424.33 248.492 -567.269 424.33 226.047 -564.824 427.63 225.623 -560.923 427.63 248.067 -563.368 424.33 248.492
  poly 2: -573.714 427.551 204.045 -577.615 427.551 181.601 -575.171 430.851 181.176 -571.27 430.851 203.621 -573.714 427.551 204.045
  poly 3: -571.17 424.33 203.603 -575.071 424.33 181.159 -572.626 427.63 180.734 -568.725 427.63 203.178 -571.17 424.33 203.603
  poly 4: -581.516 427.551 159.157 -585.417 427.551 136.713 -582.973 430.851 136.288 -579.072 430.851 158.732 -581.516 427.551 159.157
  poly 5: -578.972 424.33 158.715 -582.873 424.33 136.271 -580.429 427.63 135.846 -576.528 427.63 158.29 -578.972 424.33 158.715
  poly 6: -589.319 427.551 114.269 -593.22 427.551 91.8244 -590.775 430.851 91.3995 -586.874 430.851 113.844 -589.319 427.551 114.269
  poly 7: -586.774 424.33 113.826 -590.675 424.33 91.3821 -588.231 427.63 90.9573 -584.33 427.63 113.401 -586.774 424.33 113.826
  poly 8: -597.121 427.551 69.3801 -601.022 427.551 46.9359 -598.578 430.851 46.511 -594.676 430.851 68.9553 -597.121 427.551 69.3801
  poly 9: -594.577 424.33 68.9379 -598.478 424.33 46.4937 -596.033 427.63 46.0688 -592.132 427.63 68.513 -594.577 424.33 68.9379
  poly 10: -467.798 528.962 368.176 -480.474 514.872 357.112 -479.59 516.828 353.608 -466.914 530.918 364.672 -467.798 528.962 368.176
  poly 11: -464.446 527.006 366.827 -477.122 512.915 355.763 -476.238 514.872 352.259 -463.562 528.962 363.323 -464.446 527.006 366.827
  poly 12: -493.15 500.781 346.048 -505.825 486.69 334.985 -504.941 488.647 331.481 -492.266 502.737 342.545 -493.15 500.781 346.048
  poly 13: -489.797 498.825 344.699 -502.473 484.734 333.635 -501.589 486.69 330.132 -488.914 500.781 341.195 -489.797 498.825 344.699
  poly 14: -518.501 472.6 323.921 -531.176 458.509 312.857 -530.293 460.465 309.354 -517.617 474.556 320.417 -518.501 472.6 323.921
  poly 15: -515.149 470.644 322.572 -527.824 456.553 311.508 -526.941 458.509 308.004 -514.265 472.6 319.068 -515.149 470.644 322.572
  poly 16: -492.416 578.449 9.27972 -607.567 427.551 9.27972 -604.923 427.551 24.4917 -607.368 424.251 24.9166 -564.455 424.251 271.803 -562.011 427.551 271.378 -559.026 427.551 288.549 -543.852 444.419 301.794 -544.736 442.463 305.297 -456.006 541.097 382.743 -455.123 543.053 379.24 -446.561 552.57 386.712 -441.795 560.006 381.488 -444.379 560.947 362.487 -444.404 560.914 362.489 -447.915 562.236 336.485 -444.797 566.372 336.266 -443.367 569.015 332.884 -446.02 569.982 313.383 -448.333 567.661 310.264 -451.451 563.524 310.483 -454.988 564.813 284.482 -451.869 568.949 284.262 -450.44 571.592 280.881 -453.092 572.559 261.379 -455.405 570.238 258.261 -458.524 566.101 258.48 -462.06 567.389 232.478 -458.942 571.526 232.259 -457.513 574.169 228.877 -460.165 575.135 209.376 -462.478 572.814 206.257 -465.597 568.678 206.476 -469.133 569.966 180.474 -466.014 574.103 180.255 -464.585 576.746 176.873 -467.237 577.712 157.372 -469.551 575.391 154.253 -472.669 571.255 154.472 -476.205 572.543 128.471 -473.087 576.68 128.251 -471.658 579.323 124.87 -474.31 580.289 105.368 -476.623 577.968 102.25 -479.742 573.831 102.469 -483.278 575.12 76.4669 -480.159 579.257 76.2477 -478.73 581.9 72.866 -481.383 582.866 53.3646 -483.696 580.545 50.2459 -486.814 576.408 50.4651 -490.376 577.664 24.465 -490.351 577.697 24.4632 -492.416 578.449 9.27972
  poly 17: -487.339 578.445 9.27972 -602.428 427.63 9.27972 -599.934 427.63 23.6246 -604.823 421.029 24.4744 -561.911 421.029 271.361 -557.022 427.63 270.511 -554.719 427.63 283.758 -539.616 444.419 296.941 -541.384 440.506 303.948 -452.654 539.14 381.394 -450.887 543.053 374.386 -442.121 552.797 382.038 -437.354 560.233 376.813 -439.395 560.977 361.811 -441.89 557.667 361.986 -445.426 558.956 335.984 -442.307 563.092 335.765 -440.878 565.735 332.383 -443.53 566.702 312.882 -445.844 564.381 309.763 -448.962 560.244 309.982 -452.498 561.532 283.981 -449.38 565.669 283.761 -447.951 568.312 280.38 -450.603 569.278 260.878 -452.916 566.958 257.76 -456.035 562.821 257.979 -459.571 564.109 231.977 -456.452 568.246 231.758 -455.023 570.889 228.376 -457.676 571.855 208.875 -459.989 569.534 205.756 -463.107 565.398 205.975 -466.644 566.686 179.973 -463.525 570.823 179.754 -462.096 573.466 176.372 -464.748 574.432 156.871 -467.061 572.111 153.752 -470.18 567.975 153.971 -473.716 569.263 127.97 -470.598 573.4 127.75 -469.168 576.043 124.369 -471.821 577.009 104.867 -474.134 574.688 101.749 -477.252 570.551 101.968 -480.789 571.84 75.9658 -477.67 575.976 75.7467 -476.241 578.619 72.3649 -478.893 579.586 52.8636 -481.206 577.265 49.7448 -484.325 573.128 49.964 -487.861 574.417 23.9621 -485.366 577.726 23.7868 -487.339 578.445 9.27972
element 7
  poly 0: 419.055 481.561 364.897 436.196 463.016 351.57 432.894 461.091 350.002 415.754 479.637 363.329 419.055 481.561 364.897
  poly 1: 418.349 483.485 361.311 435.49 464.94 347.985 432.188 463.016 346.416 415.048 481.561 359.743 418.349 483.485 361.311
  poly 2: 415.214 424.054 321.492 390.346 424.054 320.584 390.255 427.354 323.064 415.124 427.354 323.972 415.214 424.054 321.492
  poly 3: 415.309 427.276 318.912 390.44 427.276 318.004 390.35 430.576 320.483 415.218 430.576 321.391 415.309 427.276 318.912
  poly 4: 365.477 424.054 319.676 340.609 424.054 318.768 340.518 427.354 321.248 365.387 427.354 322.156 365.477 424.054 319.676
  poly 5: 365.572 427.276 317.095 340.703 427.276 316.187 340.613 430.576 318.667 365.481 430.576 319.575 365.572 427.276 317.095
  poly 6: 315.74 424.054 317.86 290.872 424.054 316.952 290.781 427.354 319.432 315.65 427.354 320.34 315.74 424.054 317.86
  poly 7: 315.835 427.276 315.279 290.966 427.276 314.371 290.876 430.576 316.851 315.744 430.576 317.759 315.835 427.276 315.279
  poly 8: 266.003 424.054 316.044 241.135 424.054 315.136 241.044 427.354 317.615 265.913 427.354 318.523 266.003 424.054 316.044
  poly 9: 266.098 427.276 313.463 241.229 427.276 312.555 241.139 430.576 315.035 266.007 430.576 315.943 266.098 427.276 313.463
  poly 10: 216.266 424.054 314.228 191.398 424.054 313.32 191.307 427.354 315.799 216.176 427.354 316.707 216.266 424.054 314.228
  poly 11: 216.361 427.276 311.647 191.492 427.276 310.739 191.402 430.576 313.219 216.27 430.576 314.127 216.361 427.276 311.647
  poly 12: 166.529 424.054 312.412 141.661 424.054 311.504 141.57 427.354 313.983 166.439 427.354 314.891 166.529 424.054 312.412
  poly 13: 166.624 427.276 309.831 141.755 427.276 308.923 141.665 430.576 311.402 166.533 430.576 312.311 166.624 427.276 309.831
  poly 14: 116.792 424.054 310.596 91.9239 424.054 309.688 91.8334 427.354 312.167 116.702 427.354 313.075 116.792 424.054 310.596
  poly 15: 116.887 427.276 308.015 92.0182 427.276 307.107 91.9276 430.576 309.586 116.796 430.576 310.494 116.887 427.276 308.015
  poly 16: 67.0554 424.054 308.78 42.1869 424.054 307.871 42.0964 427.354 310.351 66.9649 427.354 311.259 67.0554 424.054 308.78
  poly 17: 67.1497 427.276 306.199 42.2812 427.276 305.291 42.1906 430.576 307.77 67.0591 430.576 308.678 67.1497 427.276 306.199
  poly 18: 17.3184 424.054 306.963 -7.55009 424.054 306.055 -7.64062 427.354 308.535 17.2279 427.354 309.443 17.3184 424.054 306.963
  poly 19: 17.4127 427.276 304.383 -7.45585 427.276 303.475 -7.54639 430.576 305.954 17.3221 430.576 306.862 17.4127 427.276 304.383
  poly 20: -32.4186 424.054 305.147 -57.2871 424.054 304.239 -57.3776 427.354 306.719 -32.5091 427.354 307.627 -32.4186 424.054 305.147
  poly 21: -32.3244 427.276 302.567 -57.1929 427.276 301.659 -57.2834 430.576 304.138 -32.4149 430.576 305.046 -32.3244 427.276 302.567
  poly 22: -82.1556 424.054 303.331 -107.024 424.054 302.423 -107.115 427.354 304.903 -82.2461 427.354 305.811 -82.1556 424.054 303.331
  poly 23: -82.0614 427.276 300.751 -106.93 427.276 299.842 -107.02 430.576 302.322 -82.1519 430.576 303.23 -82.0614 427.276 300.751
  poly 24: -131.893 424.054 301.515 -156.761 424.054 300.607 -156.852 427.354 303.087 -131.983 427.354 303.995 -131.893 424.054 301.515
  poly 25: -131.798 427.276 298.934 -156.667 427.276 298.026 -156.757 430.576 300.506 -131.889 430.576 301.414 -131.798 427.276 298.934
  poly 26: -181.63 424.054 299.699 -206.498 424.054 298.791 -206.589 427.354 301.27 -181.72 427.354 302.178 -181.63 424.054 299.699
  poly 27: -181.535 427.276 297.118 -206.404 427.276 296.21 -206.494 430.576 298.69 -181.626 430.576 299.598 -181.535 427.276 297.118
  poly 28: -231.367 424.054 297.883 -256.235 424.054 296.975 -256.326 427.354 299.454 -231.457 427.354 300.362 -231.367 424.054 297.883
  poly 29: -231.272 427.276 295.302 -256.141 427.276 294.394 -256.231 430.576 296.874 -231.363 430.576 297.782 -231.272 427.276 295.302
  poly 30: -281.104 424.054 296.067 -305.972 424.054 295.159 -306.063 427.354 297.638 -281.194 427.354 298.546 -281.104 424.054 296.067
  poly 31: -281.009 427.276 293.486 -305.878 427.276 292.578 -305.968 430.576 295.057 -281.1 430.576 295.966 -281.009 427.276 293.486
  poly 32: -330.841 424.054 294.251 -355.709 424.054 293.343 -355.8 427.354 295.822 -330.931 427.354 296.73 -330.841 424.054 294.251
  poly 33: -330.746 427.276 291.67 -355.615 427.276 290.762 -355.705 430.576 293.241 -330.837 430.576 294.149 -330.746 427.276 291.67
  poly 34: -380.578 424.054 292.435 -405.446 424.054 291.527 -405.537 427.354 294.006 -380.668 427.354 294.914 -380.578 424.054 292.435
  poly 35: -380.483 427.276 289.854 -405.352 427.276 288.946 -405.442 430.576 291.425 -380.574 430.576 292.333 -380.483 427.276 289.854
  poly 36: -430.315 424.054 290.618 -455.183 424.054 289.71 -455.274 427.354 292.19 -430.405 427.354 293.098 -430.315 424.054 290.618
  poly 37: -430.22 427.276 288.038 -455.089 427.276 287.13 -455.179 430.576 289.609 -430.311 430.576 290.517 -430.22 427.276 288.038
  poly 38: -480.052 424.054 288.802 -504.92 424.054 287.894 -505.011 427.354 290.374 -480.142 427.354 291.282 -480.052 424.054 288.802
  poly 39: -479.957 427.276 286.222 -504.826 427.276 285.314 -504.916 430.576 287.793 -480.048 430.576 288.701 -479.957 427.276 286.222
  poly 40: 462.304 434.767 331.271 453.336 444.47 338.244 456.637 446.394 339.812 405.217 502.031 379.792 401.915 500.107 378.224 385.046 518.359 391.34 367.981 519.197 391.347 367.818 515.887 388.851 342.317 517.139 388.862 342.522 521.276 391.982 339.457 523.915 393.855 320.331 524.854 393.863 317.021 522.528 391.992 316.817 518.392 388.873 291.316 519.644 388.884 291.52 523.78 392.003 288.456 526.419 393.876 269.33 527.358 393.884 266.02 525.032 392.014 265.815 520.896 388.894 240.315 522.148 388.905 240.519 526.284 392.025 237.454 528.923 393.898 218.329 529.862 393.906 215.019 527.536 392.036 214.814 523.4 388.916 189.314 524.652 388.927 189.518 528.788 392.047 186.453 531.427 393.92 167.328 532.366 393.928 164.017 530.04 392.057 163.813 525.904 388.938 138.312 527.156 388.949 138.517 531.293 392.068 135.452 533.931 393.941 116.326 534.87 393.949 113.016 532.545 392.079 112.812 528.408 388.959 87.3111 529.66 388.97 87.5155 533.797 392.09 84.4506 536.435 393.963 65.3251 537.374 393.971 62.0149 535.049 392.101 61.8105 530.912 388.981 36.3098 532.164 388.992 36.5143 536.301 392.112 33.4494 538.939 393.985 14.3239 539.878 393.993 11.0137 537.553 392.122 10.8092 533.416 389.003 -14.6914 534.668 389.014 -14.487 538.805 392.133 -17.5519 541.443 394.006 -36.6774 542.382 394.014 -39.9876 540.057 392.144 -40.192 535.92 389.024 -65.6926 537.172 389.035 -65.4882 541.309 392.155 -68.5531 543.947 394.028 -87.6786 544.886 394.036 -90.9888 542.561 392.166 -91.1933 538.424 389.046 -116.694 539.676 389.057 -116.489 543.813 392.176 -119.554 546.452 394.05 -138.68 547.391 394.058 -141.99 545.065 392.187 -142.194 540.928 389.068 -167.695 542.181 389.079 -167.491 546.317 392.198 -170.556 548.956 394.071 -189.681 549.895 394.079 -192.991 547.569 392.209 -193.196 543.433 389.089 -218.696 544.685 389.1 -218.492 548.821 392.22 -221.557 551.46 394.093 -240.682 552.399 394.101 -243.993 550.073 392.231 -244.197 545.937 389.111 -269.698 547.189 389.122 -269.493 551.325 392.241 -272.558 553.964 394.115 -291.684 554.903 394.123 -294.994 552.577 392.252 -295.198 548.441 389.133 -320.699 549.693 389.144 -320.494 553.829 392.263 -323.559 556.468 394.136 -342.685 557.407 394.144 -345.995 555.082 392.274 -346.199 550.945 389.154 -371.7 552.197 389.165 -371.496 556.334 392.285 -374.561 558.972 394.158 -393.686 559.911 394.166 -396.996 557.586 392.296 -397.201 553.449 389.176 -422.701 554.701 389.187 -422.538 558.01 391.683 -440.858 558.91 391.69 -455.123 543.053 379.24 -451.77 541.097 377.89 -464.446 527.006 366.827 -468.636 529.451 368.513 -472.735 529.157 368.142 -482.242 518.589 359.844 -481.312 515.361 357.449 -477.122 512.915 355.763 -489.797 498.825 344.699 -493.988 501.27 346.386 -498.086 500.976 346.015 -507.593 490.408 337.717 -506.663 487.179 335.322 -502.473 484.734 333.635 -515.149 470.644 322.572 -519.339 473.089 324.258 -523.437 472.795 323.887 -532.944 462.227 315.59 -532.015 458.998 313.195 -527.824 456.553 311.508 -540.5 442.463 300.444 -543.852 444.419 301.794 -552.481 434.827 294.263 -547.572 427.354 288.82 -529.879 427.354 289.466 -529.698 420.754 284.507 440.174 420.754 319.921 439.992 427.354 324.88 457.749 427.354 325.528 462.304 434.767 331.271
  poly 41: 458.369 434.688 326.061 449.329 444.47 333.09 455.931 448.318 336.226 404.51 503.955 376.206 397.908 500.107 373.07 380.877 518.534 386.311 367.978 519.168 386.317 367.976 519.134 386.292 342.477 520.42 386.328 342.682 524.556 389.447 339.617 527.195 391.321 320.491 528.134 391.329 317.181 525.808 389.458 316.977 521.672 386.339 291.476 522.924 386.349 291.68 527.06 389.469 288.616 529.699 391.342 269.49 530.638 391.35 266.18 528.312 389.48 265.975 524.176 386.36 240.475 525.428 386.371 240.679 529.564 389.491 237.614 532.203 391.364 218.489 533.142 391.372 215.179 530.816 389.502 214.974 526.68 386.382 189.474 527.932 386.393 189.678 532.069 389.512 186.613 534.707 391.385 167.488 535.646 391.394 164.177 533.321 389.523 163.973 529.184 386.404 138.472 530.436 386.414 138.677 534.573 389.534 135.612 537.211 391.407 116.486 538.15 391.415 113.176 535.825 389.545 112.972 531.688 386.425 87.4711 532.94 386.436 87.6755 537.077 389.556 84.6106 539.715 391.429 65.4851 540.654 391.437 62.1749 538.329 389.567 61.9704 534.192 386.447 36.4698 535.444 386.458 36.6742 539.581 389.577 33.6093 542.219 391.45 14.4839 543.158 391.459 11.1736 540.833 389.588 10.9692 536.696 386.469 -14.5314 537.948 386.479 -14.327 542.085 389.599 -17.3919 544.723 391.472 -36.5174 545.662 391.48 -39.8276 543.337 389.61 -40.032 539.2 386.49 -65.5327 540.452 386.501 -65.3282 544.589 389.621 -68.3932 547.228 391.494 -87.5186 548.167 391.502 -90.8288 545.841 389.632 -91.0333 541.704 386.512 -116.534 542.957 386.523 -116.329 547.093 389.642 -119.394 549.732 391.515 -138.52 550.671 391.524 -141.83 548.345 389.653 -142.035 544.209 386.534 -167.535 545.461 386.544 -167.331 549.597 389.664 -170.396 552.236 391.537 -189.521 553.175 391.545 -192.831 550.849 389.675 -193.036 546.713 386.555 -218.536 547.965 386.566 -218.332 552.101 389.686 -221.397 554.74 391.559 -240.522 555.679 391.567 -243.833 553.353 389.696 -244.037 549.217 386.577 -269.538 550.469 386.588 -269.333 554.606 389.707 -272.398 557.244 391.58 -291.524 558.183 391.589 -294.834 555.858 389.718 -295.038 551.721 386.599 -320.539 552.973 386.609 -320.334 557.11 389.729 -323.399 559.748 391.602 -342.525 560.687 391.61 -345.835 558.362 389.74 -346.039 554.225 386.62 -371.54 555.477 386.631 -371.336 559.614 389.751 -374.401 562.252 391.624 -393.526 563.191 391.632 -396.836 560.866 389.761 -397.041 556.729 386.642 -422.543 557.948 386.628 -422.541 557.981 386.653 -436.826 558.683 386.659 -450.887 543.053 374.386 -450.853 543.033 374.373 -463.562 528.962 363.323 -467.752 531.407 365.009 -471.851 531.113 364.638 -481.358 520.545 356.341 -480.428 517.317 353.946 -476.238 514.872 352.259 -488.914 500.781 341.195 -493.104 503.226 342.882 -497.202 502.932 342.511 -506.709 492.364 334.213 -505.779 489.136 331.818 -501.589 486.69 330.132 -514.265 472.6 319.068 -518.455 475.045 320.755 -522.554 474.751 320.384 -532.06 464.183 312.086 -531.131 460.954 309.691 -526.941 458.509 308.004 -539.583 444.399 296.927 -539.616 444.419 296.941 -548.315 434.748 289.348 -543.407 427.276 283.905 -529.694 427.276 284.406 -529.604 423.976 281.926 440.268 423.976 317.34 440.177 427.276 319.82 453.815 427.276 320.318 458.369 434.688 326.061
element 8
  poly 0: 528.48 427.551 50.3406 522.898 427.551 76.205 520.473 430.851 75.6816 526.055 430.851 49.8172 528.48 427.551 50.3406
  poly 1: 525.956 424.33 49.7959 520.374 424.33 75.6602 517.949 427.63 75.1368 523.53 427.63 49.2725 525.956 424.33 49.7959
  poly 2: 517.317 427.551 102.069 511.735 427.551 127.934 509.31 430.851 127.41 514.891 430.851 101.546 517.317 427.551 102.069
  poly 3: 514.792 424.33 101.525 509.211 424.33 127.389 506.785 427.63 126.866 512.367 427.63 101.001 514.792 424.33 101.525
  poly 4: 506.153 427.551 153.798 500.572 427.551 179.662 498.146 430.851 179.139 503.728 430.851 153.275 506.153 427.551 153.798
  poly 5: 503.629 424.33 153.253 498.047 424.33 179.118 495.622 427.63 178.594 501.204 427.63 152.73 503.629 424.33 153.253
  poly 6: 494.99 427.551 205.527 489.408 427.551 231.391 486.983 430.851 230.868 492.565 430.851 205.003 494.99 427.551 205.527
  poly 7: 492.466 424.33 204.982 486.884 424.33 230.846 484.459 427.63 230.323 490.04 427.63 204.459 492.466 424.33 204.982
  poly 8: 483.827 427.551 257.255 478.245 427.551 283.12 475.82 430.851 282.596 481.401 430.851 256.732 483.827 427.551 257.255
  poly 9: 481.302 424.33 256.711 475.721 424.33 282.575 473.295 427.63 282.052 478.877 427.63 256.187 481.302 424.33 256.711
  poly 10: 537.341 427.551 9.27972 482.711 498.578 9.27972 478.853 499.346 24.4195 478.877 499.312 24.4272 472.226 500.664 50.4327 469.253 504.8 49.4656 466.641 507.447 52.1371 461.67 508.435 71.6469 462.625 506.118 75.4788 465.598 501.982 76.4458 458.971 503.3 102.459 455.998 507.436 101.492 453.386 510.083 104.163 448.415 511.071 123.673 449.37 508.754 127.505 452.343 504.618 128.472 445.716 505.936 154.485 442.743 510.072 153.518 440.131 512.719 156.19 435.16 513.708 175.7 436.115 511.39 179.531 439.088 507.254 180.499 432.461 508.572 206.512 429.488 512.708 205.545 426.876 515.355 208.216 421.905 516.344 227.726 422.86 514.026 231.558 425.833 509.89 232.525 419.206 511.208 258.538 416.233 515.344 257.571 413.621 517.991 260.242 408.65 518.98 279.752 409.605 516.662 283.584 412.578 512.526 284.551 405.951 513.844 310.564 402.978 517.98 309.597 400.366 520.627 312.269 395.395 521.616 331.779 396.35 519.298 335.61 399.323 515.162 336.578 392.72 516.447 362.598 392.696 516.48 362.591 388.483 517.318 379.127 392.83 509.937 385.288 401.915 500.107 378.224 401.209 502.031 374.638 418.349 483.485 361.311 419.232 481.08 365.794 421.904 477.319 366.817 434.759 463.41 356.822 436.372 462.534 352.467 435.49 464.94 347.985 452.63 446.394 334.658 453.336 444.47 338.244 468.973 427.551 326.086 472.663 427.551 308.984 475.089 424.251 309.508 536.487 424.251 24.9996 534.062 427.551 24.4763 537.341 427.551 9.27972
  poly 11: 532.161 427.63 9.27972 477.52 498.671 9.27972 473.98 499.375 23.1763 476.358 496.065 23.9499 469.731 497.383 49.9631 466.758 501.52 48.9961 464.145 504.167 51.6675 459.175 505.155 71.1774 460.13 502.838 75.0092 463.103 498.701 75.9763 456.476 500.019 101.989 453.503 504.156 101.022 450.89 506.803 103.694 445.92 507.791 123.204 446.875 505.474 127.036 449.848 501.338 128.003 443.22 502.656 154.016 440.248 506.792 153.049 437.635 509.439 155.72 432.665 510.427 175.23 433.62 508.11 179.062 436.593 503.974 180.029 429.965 505.292 206.042 426.992 509.428 205.075 424.38 512.075 207.746 419.41 513.063 227.256 420.365 510.746 231.088 423.338 506.61 232.055 416.71 507.928 258.068 413.737 512.064 257.101 411.125 514.711 259.773 406.155 515.699 279.283 407.11 513.382 283.115 410.083 509.246 284.082 403.455 510.564 310.095 400.482 514.7 309.128 397.87 517.347 311.799 392.9 518.336 331.309 393.855 516.018 335.141 396.828 511.882 336.108 390.2 513.2 362.121 387.822 516.509 361.347 384.637 517.142 373.847 388.985 509.761 380.008 397.908 500.107 373.07 397.901 500.126 373.034 415.048 481.561 359.743 415.931 479.156 364.225 418.603 475.395 365.249 431.458 461.485 355.254 433.071 460.61 350.899 432.188 463.016 346.416 449.321 444.489 333.054 449.329 444.47 333.09 464.893 427.63 320.988 467.714 427.63 307.916 472.564 421.029 308.963 533.963 421.029 24.4549 529.112 427.63 23.4081 532.161 427.63 9.27972
element 9
  poly 0: -437.636 290.089 343.452 -441.187 288.772 316.854 -443.803 292.026 317.042 -440.251 293.344 343.64 -437.636 290.089 343.452
  poly 1: -435.32 293.535 342.972 -438.871 292.218 316.374 -441.487 295.473 316.562 -437.936 296.79 343.16 -435.32 293.535 342.972
  poly 2: -444.738 287.454 290.256 -448.289 286.137 263.658 -450.905 289.391 263.846 -447.354 290.709 290.444 -444.738 287.454 290.256
  poly 3: -442.422 290.9 289.776 -445.973 289.583 263.178 -448.589 292.838 263.366 -445.038 294.155 289.964 -442.422 290.9 289.776
  poly 4: -451.84 284.819 237.06 -455.391 283.502 210.462 -458.007 286.756 210.65 -454.456 288.074 237.248 -451.84 284.819 237.06
  poly 5: -449.524 288.265 236.58 -453.075 286.948 209.982 -455.691 290.203 210.17 -452.14 291.52 236.768 -449.524 288.265 236.58
  poly 6: -458.942 282.184 183.864 -462.493 280.867 157.266 -465.109 284.121 157.454 -461.558 285.439 184.052 -458.942 282.184 183.864
  poly 7: -456.626 285.63 183.384 -460.178 284.313 156.786 -462.793 287.568 156.974 -459.242 288.885 183.572 -456.626 285.63 183.384
  poly 8: -466.045 279.549 130.668 -469.596 278.231 104.07 -472.211 281.486 104.258 -468.66 282.804 130.856 -466.045 279.549 130.668
  poly 9: -463.729 282.995 130.188 -467.28 281.678 103.59 -469.895 284.933 103.778 -466.344 286.25 130.376 -463.729 282.995 130.188
  poly 10: -473.147 276.914 77.4718 -476.698 275.596 50.8738 -479.314 278.851 51.0618 -475.762 280.169 77.6598 -473.147 276.914 77.4718
  poly 11: -470.831 280.36 76.9919 -474.382 279.043 50.3939 -476.998 282.298 50.5819 -473.447 283.615 77.1799 -470.831 280.36 76.9919
  poly 12: -529.399 396.607 314.148 -515.891 382.525 325.938 -514.892 380.547 322.431 -528.4 394.63 310.641 -529.399 396.607 314.148
  poly 13: -526.059 398.585 312.683 -512.551 384.502 324.473 -511.552 382.525 320.966 -525.06 396.607 309.176 -526.059 398.585 312.683
  poly 14: -502.383 368.442 337.728 -488.876 354.359 349.518 -487.876 352.382 346.011 -501.384 366.464 334.221 -502.383 368.442 337.728
  poly 15: -499.044 370.42 336.263 -485.536 356.337 348.053 -484.536 354.359 344.546 -498.044 368.442 332.756 -499.044 370.42 336.263
  poly 16: -475.368 340.277 361.308 -461.86 326.194 373.098 -460.86 324.216 369.591 -474.368 338.299 357.801 -475.368 340.277 361.308
  poly 17: -472.028 342.254 359.844 -458.52 328.171 371.634 -457.521 326.194 368.126 -471.028 340.277 356.336 -472.028 342.254 359.844
  poly 18: -607.567 427.551 9.27972 -484.892 276.782 9.27972 -482.865 277.534 24.4639 -477.633 271.024 24.0879 -431.469 288.152 369.862 -436.7 294.662 370.238 -434.405 295.513 387.428 -439.475 302.856 392.636 -448.352 312.111 384.888 -449.352 314.089 388.395 -543.906 412.668 305.865 -542.907 410.69 302.358 -559.08 427.551 288.242 -562.011 427.551 271.378 -559.466 424.33 270.936 -563.368 424.33 248.492 -566.548 428.356 249.044 -568.944 430.772 246.571 -571.87 430.772 229.737 -570.449 428.356 226.6 -567.269 424.33 226.047 -571.17 424.33 203.603 -574.35 428.356 204.156 -576.746 430.772 201.682 -579.672 430.772 184.849 -578.251 428.356 181.712 -575.071 424.33 181.159 -578.972 424.33 158.715 -582.152 428.356 159.268 -584.548 430.772 156.794 -587.474 430.772 139.961 -586.054 428.356 136.823 -582.873 424.33 136.271 -586.774 424.33 113.826 -589.955 428.356 114.379 -592.351 430.772 111.905 -595.276 430.772 95.0721 -593.856 428.356 91.9349 -590.675 424.33 91.3821 -594.577 424.33 68.9379 -597.757 428.356 69.4907 -600.153 430.772 67.0169 -603.079 430.772 50.1837 -601.658 428.356 47.0465 -598.478 424.33 46.4937 -602.379 424.33 24.0495 -604.923 427.551 24.4917 -607.567 427.551 9.27972
  poly 19: -602.428 427.63 9.27972 -479.871 277.006 9.27972 -477.933 277.725 23.796 -475.317 274.47 23.608 -429.153 291.598 369.382 -431.769 294.853 369.57 -430.046 295.492 382.474 -435.116 302.835 387.682 -444.013 312.111 379.916 -446.012 316.066 386.931 -540.566 414.645 304.4 -538.568 410.69 297.386 -554.816 427.63 283.204 -557.022 427.63 270.511 -556.997 427.597 270.507 -560.923 427.63 248.067 -564.103 431.656 248.62 -566.499 434.072 246.146 -569.425 434.072 229.313 -568.005 431.656 226.175 -564.824 427.63 225.623 -568.725 427.63 203.178 -571.906 431.656 203.731 -574.302 434.072 201.257 -577.227 434.072 184.424 -575.807 431.656 181.287 -572.626 427.63 180.734 -576.528 427.63 158.29 -579.708 431.656 158.843 -582.104 434.072 156.369 -585.03 434.072 139.536 -583.609 431.656 136.398 -580.429 427.63 135.846 -584.33 427.63 113.401 -587.51 431.656 113.954 -589.906 434.072 111.48 -592.832 434.072 94.6472 -591.411 431.656 91.51 -588.231 427.63 90.9573 -592.132 427.63 68.513 -595.312 431.656 69.0658 -597.708 434.072 66.592 -600.634 434.072 49.7588 -599.214 431.656 46.6216 -596.033 427.63 46.0688 -599.909 427.597 23.6202 -599.934 427.63 23.6246 -602.428 427.63 9.27972
element 10
  poly 0: 433.909 391.903 353.096 415.455 373.176 367.444 412.17 375.124 365.762 430.625 393.851 351.413 433.909 391.903 353.096
  poly 1: 433.088 389.956 349.498 414.634 371.229 363.847 411.35 373.176 362.164 429.804 391.903 347.816 433.088 389.956 349.498
  poly 2: 336.474 333.886 396.078 311.4 332.655 396.15 311.233 335.909 393.533 336.307 337.14 393.461 336.474 333.886 396.078
  poly 3: 336.636 330.439 393.719 311.563 329.208 393.791 311.395 332.463 391.174 336.469 333.694 391.102 336.636 330.439 393.719
  poly 4: 286.327 331.423 396.222 261.253 330.192 396.294 261.085 333.447 393.677 286.159 334.678 393.605 286.327 331.423 396.222
  poly 5: 286.489 327.977 393.863 261.415 326.746 393.935 261.248 330.001 391.318 286.322 331.232 391.246 286.489 327.977 393.863
  poly 6: 236.179 328.961 396.366 211.105 327.73 396.438 210.938 330.985 393.821 236.012 332.216 393.749 236.179 328.961 396.366
  poly 7: 236.341 325.515 394.007 211.268 324.284 394.079 211.1 327.539 391.462 236.174 328.77 391.39 236.341 325.515 394.007
  poly 8: 186.032 326.499 396.51 160.958 325.268 396.582 160.791 328.523 393.965 185.864 329.754 393.893 186.032 326.499 396.51
  poly 9: 186.194 323.053 394.151 161.12 321.822 394.223 160.953 325.076 391.606 186.027 326.308 391.534 186.194 323.053 394.151
  poly 10: 135.884 324.037 396.654 110.81 322.806 396.726 110.643 326.061 394.109 135.717 327.292 394.037 135.884 324.037 396.654
  poly 11: 136.047 320.591 394.295 110.973 319.359 394.367 110.806 322.614 391.75 135.879 323.845 391.678 136.047 320.591 394.295
  poly 12: 85.7368 321.575 396.798 60.663 320.344 396.87 60.4957 323.598 394.253 85.5694 324.83 394.181 85.7368 321.575 396.798
  poly 13: 85.8992 318.128 394.439 60.8255 316.897 394.511 60.6581 320.152 391.894 85.7319 321.383 391.822 85.8992 318.128 394.439
  poly 14: 35.5893 319.112 396.942 10.5156 317.881 397.015 10.3483 321.136 394.397 35.422 322.367 394.325 35.5893 319.112 396.942
  poly 15: 35.7517 315.666 394.583 10.678 314.435 394.655 10.5107 317.69 392.038 35.5844 318.921 391.966 35.7517 315.666 394.583
  poly 16: -14.5581 316.65 397.087 -39.6318 315.419 397.159 -39.7992 318.674 394.541 -14.7254 319.905 394.469 -14.5581 316.65 397.087
  poly 17: -14.3957 313.204 394.727 -39.4694 311.973 394.799 -39.6367 315.228 392.182 -14.563 316.459 392.11 -14.3957 313.204 394.727
  poly 18: -64.7056 314.188 397.231 -89.7793 312.957 397.303 -89.9466 316.212 394.685 -64.8729 317.443 394.613 -64.7056 314.188 397.231
  poly 19: -64.5431 310.742 394.871 -89.6168 309.511 394.943 -89.7842 312.766 392.326 -64.7105 313.997 392.254 -64.5431 310.742 394.871
  poly 20: -114.853 311.726 397.375 -139.927 310.495 397.447 -140.094 313.75 394.83 -115.02 314.981 394.757 -114.853 311.726 397.375
  poly 21: -114.691 308.28 395.015 -139.764 307.048 395.087 -139.932 310.303 392.47 -114.858 311.534 392.398 -114.691 308.28 395.015
  poly 22: -165 309.264 397.519 -190.074 308.033 397.591 -190.241 311.287 394.974 -165.168 312.519 394.902 -165 309.264 397.519
  poly 23: -164.838 305.817 395.159 -189.912 304.586 395.231 -190.079 307.841 392.614 -165.005 309.072 392.542 -164.838 305.817 395.159
  poly 24: -215.148 306.802 397.663 -240.222 305.57 397.735 -240.389 308.825 395.118 -215.315 310.056 395.046 -215.148 306.802 397.663
  poly 25: -214.985 303.355 395.303 -240.059 302.124 395.375 -240.226 305.379 392.758 -215.153 306.61 392.686 -214.985 303.355 395.303
  poly 26: -265.295 304.339 397.807 -290.369 303.108 397.879 -290.536 306.363 395.262 -265.463 307.594 395.19 -265.295 304.339 397.807
  poly 27: -265.133 300.893 395.447 -290.207 299.662 395.519 -290.374 302.917 392.902 -265.3 304.148 392.83 -265.133 300.893 395.447
  poly 28: -315.443 301.877 397.951 -340.516 300.646 398.023 -340.684 303.901 395.406 -315.61 305.132 395.334 -315.443 301.877 397.951
  poly 29: -315.28 298.431 395.591 -340.354 297.2 395.663 -340.521 300.455 393.046 -315.448 301.686 392.974 -315.28 298.431 395.591
  poly 30: -365.59 299.415 398.095 -390.664 298.184 398.167 -390.831 301.439 395.55 -365.758 302.67 395.478 -365.59 299.415 398.095
  poly 31: -365.428 295.969 395.735 -390.501 294.738 395.807 -390.669 297.992 393.19 -365.595 299.223 393.118 -365.428 295.969 395.735
  poly 32: 378.783 335.963 395.957 397 354.449 381.793 400.285 352.502 383.475 455.648 408.683 340.429 452.364 410.63 338.747 461.644 420.048 331.531 457.166 427.354 325.507 439.992 427.354 324.88 439.992 427.322 324.906 415.124 427.354 323.972 415.242 431.381 320.746 412.204 433.797 318.697 393.552 433.797 318.016 390.373 431.381 319.838 390.255 427.354 323.064 365.387 427.354 322.156 365.505 431.381 318.93 362.467 433.797 316.881 343.815 433.797 316.2 340.636 431.381 318.022 340.518 427.354 321.248 315.65 427.354 320.34 315.768 431.381 317.114 312.73 433.797 315.065 294.078 433.797 314.384 290.899 431.381 316.206 290.781 427.354 319.432 265.913 427.354 318.523 266.031 431.381 315.298 262.993 433.797 313.249 244.341 433.797 312.567 241.162 431.381 314.39 241.044 427.354 317.615 216.176 427.354 316.707 216.294 431.381 313.481 213.256 433.797 311.432 194.604 433.797 310.751 191.425 431.381 312.573 191.307 427.354 315.799 166.439 427.354 314.891 166.557 431.381 311.665 163.519 433.797 309.616 144.867 433.797 308.935 141.688 431.381 310.757 141.57 427.354 313.983 116.702 427.354 313.075 116.82 431.381 309.849 113.782 433.797 307.8 95.1304 433.797 307.119 91.9512 431.381 308.941 91.8334 427.354 312.167 66.9649 427.354 311.259 67.0827 431.381 308.033 64.0448 433.797 305.984 45.3934 433.797 305.303 42.2142 431.381 307.125 42.0964 427.354 310.351 17.2279 427.354 309.443 17.3457 431.381 306.217 14.3078 433.797 304.168 -4.34359 433.797 303.487 -7.52283 431.381 305.309 -7.64062 427.354 308.535 -32.5091 427.354 307.627 -32.3913 431.381 304.401 -35.4292 433.797 302.352 -54.0806 433.797 301.671 -57.2598 431.381 303.493 -57.3776 427.354 306.719 -82.2461 427.354 305.811 -82.1283 431.381 302.585 -85.1662 433.797 300.536 -103.818 433.797 299.855 -106.997 431.381 301.677 -107.115 427.354 304.903 -131.983 427.354 303.995 -131.865 431.381 300.769 -134.903 433.797 298.72 -153.555 433.797 298.039 -156.734 431.381 299.861 -156.852 427.354 303.087 -181.72 427.354 302.178 -181.602 431.381 298.953 -184.64 433.797 296.904 -203.292 433.797 296.222 -206.471 431.381 298.045 -206.589 427.354 301.27 -231.457 427.354 300.362 -231.339 431.381 297.136 -234.377 433.797 295.087 -253.029 433.797 294.406 -256.208 431.381 296.228 -256.326 427.354 299.454 -281.194 427.354 298.546 -281.076 431.381 295.32 -284.114 433.797 293.271 -302.766 433.797 292.59 -305.945 431.381 294.412 -306.063 427.354 297.638 -330.931 427.354 296.73 -330.813 431.381 293.504 -333.851 433.797 291.455 -352.503 433.797 290.774 -355.682 431.381 292.596 -355.8 427.354 295.822 -380.668 427.354 294.914 -380.55 431.381 291.688 -383.588 433.797 289.639 -402.24 433.797 288.958 -405.419 431.381 290.78 -405.537 427.354 294.006 -430.405 427.354 293.098 -430.287 431.381 289.872 -433.325 433.797 287.823 -451.977 433.797 287.142 -455.156 431.381 288.964 -455.274 427.354 292.19 -480.142 427.354 291.282 -480.024 431.381 288.056 -483.062 433.797 286.007 -501.714 433.797 285.326 -504.893 431.381 287.148 -505.011 427.354 290.374 -529.88 427.322 289.492 -529.879 427.354 289.466 -546.984 427.354 288.841 -551.832 419.995 294.568 -542.907 410.69 302.358 -539.567 412.668 300.893 -526.059 398.585 312.683 -530.234 396.113 314.514 -531.05 392.869 317.086 -520.92 382.307 325.928 -516.726 382.03 326.304 -512.551 384.502 324.473 -499.044 370.42 336.263 -503.218 367.948 338.094 -504.035 364.704 340.666 -493.904 354.142 349.509 -489.711 353.865 349.884 -485.536 356.337 348.053 -472.028 342.254 359.844 -476.203 339.782 361.674 -477.019 336.539 364.246 -466.888 325.977 373.089 -462.695 325.699 373.464 -458.52 328.171 371.634 -445.012 314.089 383.424 -448.352 312.111 384.888 -432.999 296.105 398.288 -415.738 296.953 398.239 -415.57 293.698 400.856 361.715 331.862 398.623 361.548 335.117 396.006 378.783 335.963 395.957
  poly 33: 374.271 335.55 390.993 392.895 354.449 376.513 399.464 350.554 379.877 454.827 406.735 336.832 448.259 410.63 333.467 457.462 419.969 326.312 452.984 427.276 320.287 440.177 427.276 319.82 440.083 424.054 322.4 415.214 424.054 321.492 415.332 428.081 318.266 412.294 430.497 316.217 393.643 430.497 315.536 390.464 428.081 317.358 390.346 424.054 320.584 365.477 424.054 319.676 365.595 428.081 316.45 362.557 430.497 314.401 343.906 430.497 313.72 340.727 428.081 315.542 340.609 424.054 318.768 315.74 424.054 317.86 315.858 428.081 314.634 312.82 430.497 312.585 294.169 430.497 311.904 290.99 428.081 313.726 290.872 424.054 316.952 266.003 424.054 316.044 266.121 428.081 312.818 263.083 430.497 310.769 244.432 430.497 310.088 241.253 428.081 311.91 241.135 424.054 315.136 216.266 424.054 314.228 216.384 428.081 311.002 213.346 430.497 308.953 194.695 430.497 308.272 191.516 428.081 310.094 191.398 424.054 313.32 166.529 424.054 312.412 166.647 428.081 309.186 163.609 430.497 307.137 144.958 430.497 306.456 141.779 428.081 308.278 141.661 424.054 311.504 116.792 424.054 310.596 116.91 428.081 307.37 113.872 430.497 305.321 95.221 430.497 304.64 92.0417 428.081 306.462 91.9239 424.054 309.688 67.0554 424.054 308.78 67.1732 428.081 305.554 64.1353 430.497 303.505 45.484 430.497 302.824 42.3047 428.081 304.646 42.1869 424.054 307.871 17.3184 424.054 306.963 17.4362 428.081 303.738 14.3983 430.497 301.689 -4.25306 430.497 301.007 -7.4323 428.081 302.829 -7.55009 424.054 306.055 -32.4186 424.054 305.147 -32.3008 428.081 301.921 -35.3387 430.497 299.872 -53.9901 430.497 299.191 -57.1693 428.081 301.013 -57.2871 424.054 304.239 -82.1556 424.054 303.331 -82.0378 428.081 300.105 -85.0757 430.497 298.056 -103.727 430.497 297.375 -106.906 428.081 299.197 -107.024 424.054 302.423 -131.893 424.054 301.515 -131.775 428.081 298.289 -134.813 430.497 296.24 -153.464 430.497 295.559 -156.643 428.081 297.381 -156.761 424.054 300.607 -181.63 424.054 299.699 -181.512 428.081 296.473 -184.55 430.497 294.424 -203.201 430.497 293.743 -206.38 428.081 295.565 -206.498 424.054 298.791 -231.367 424.054 297.883 -231.249 428.081 294.657 -234.287 430.497 292.608 -252.938 430.497 291.927 -256.117 428.081 293.749 -256.235 424.054 296.975 -281.104 424.054 296.067 -280.986 428.081 292.841 -284.024 430.497 290.792 -302.675 430.497 290.111 -305.854 428.081 291.933 -305.972 424.054 295.159 -330.841 424.054 294.251 -330.723 428.081 291.025 -333.761 430.497 288.976 -352.412 430.497 288.295 -355.591 428.081 290.117 -355.709 424.054 293.343 -380.578 424.054 292.435 -380.46 428.081 289.209 -383.498 430.497 287.16 -402.149 430.497 286.479 -405.328 428.081 288.301 -405.446 424.054 291.527 -430.315 424.054 290.618 -430.197 428.081 287.393 -433.235 430.497 285.344 -451.886 430.497 284.662 -455.065 428.081 286.485 -455.183 424.054 289.71 -480.052 424.054 288.802 -479.934 428.081 285.576 -482.972 430.497 283.527 -501.623 430.497 282.846 -504.802 428.081 284.668 -504.92 424.054 287.894 -529.789 424.054 286.986 -529.694 427.276 284.406 -542.569 427.276 283.935 -547.417 419.916 289.662 -538.568 410.69 297.386 -538.534 410.71 297.371 -525.06 396.607 309.176 -529.235 394.135 311.007 -530.051 390.892 313.579 -519.92 380.33 322.421 -515.727 380.053 322.797 -511.552 382.525 320.966 -498.044 368.442 332.756 -502.219 365.97 334.587 -503.035 362.727 337.159 -492.904 352.165 346.001 -488.711 351.887 346.377 -484.536 354.359 344.546 -471.028 340.277 356.336 -475.203 337.805 358.167 -476.02 334.561 360.739 -465.889 323.999 369.581 -461.695 323.722 369.957 -457.521 326.194 368.126 -443.979 312.131 379.902 -444.013 312.111 379.916 -428.68 296.126 393.299 -415.743 296.761 393.262 -415.408 290.252 398.496 361.877 328.416 396.264 361.543 334.925 391.03 374.271 335.55 390.993
element 11
  poly 0: 466.866 351.382 46.3903 461 350.226 69.1833 463.495 353.481 69.9905 469.361 354.637 47.1975 466.866 351.382 46.3903
  poly 1: 464.539 354.828 45.9661 458.673 353.673 68.7592 461.168 356.927 69.5664 467.035 358.083 46.7734 464.539 354.828 45.9661
  poly 2: 455.133 349.071 91.9763 449.267 347.915 114.769 451.762 351.17 115.577 457.628 352.325 92.7836 455.133 349.071 91.9763
  poly 3: 452.806 352.517 91.5522 446.94 351.361 114.345 449.435 354.616 115.152 455.301 355.772 92.3594 452.806 352.517 91.5522
  poly 4: 443.4 346.759 137.562 437.534 345.604 160.355 440.029 348.859 161.163 445.895 350.014 138.37 443.4 346.759 137.562
  poly 5: 441.073 350.206 137.138 435.207 349.05 159.931 437.702 352.305 160.738 443.568 353.461 137.945 441.073 350.206 137.138
  poly 6: 431.667 344.448 183.148 425.8 343.293 205.941 428.296 346.548 206.749 434.162 347.703 183.956 431.667 344.448 183.148
  poly 7: 429.34 347.895 182.724 423.474 346.739 205.517 425.969 349.994 206.325 431.835 351.149 183.532 429.34 347.895 182.724
  poly 8: 419.934 342.137 228.735 414.067 340.982 251.528 416.562 344.236 252.335 422.429 345.392 229.542 419.934 342.137 228.735
  poly 9: 417.607 345.583 228.31 411.741 344.428 251.103 414.236 347.683 251.911 420.102 348.838 229.118 417.607 345.583 228.31
  poly 10: 408.201 339.826 274.321 402.334 338.67 297.114 404.829 341.925 297.921 410.696 343.081 275.128 408.201 339.826 274.321
  poly 11: 405.874 343.272 273.896 400.008 342.117 296.689 402.503 345.372 297.497 408.369 346.527 274.704 405.874 343.272 273.896
  poly 12: 396.468 337.515 319.907 390.601 336.359 342.7 393.096 339.614 343.507 398.963 340.77 320.714 396.468 337.515 319.907
  poly 13: 394.141 340.961 319.482 388.274 339.806 342.275 390.77 343.06 343.083 396.636 344.216 320.29 394.141 340.961 319.482
  poly 14: 479.121 356.559 9.27972 537.341 427.551 9.27972 534.062 427.551 24.4763 531.537 424.33 23.9315 525.956 424.33 49.7959 529.111 428.356 50.4768 530.307 430.772 54.1184 526.12 430.772 73.5167 523.529 428.356 76.3412 520.374 424.33 75.6602 514.792 424.33 101.525 517.948 428.356 102.206 519.143 430.772 105.847 514.957 430.772 125.245 512.366 428.356 128.07 509.211 424.33 127.389 503.629 424.33 153.253 506.784 428.356 153.934 507.98 430.772 157.576 503.794 430.772 176.974 501.203 428.356 179.799 498.047 424.33 179.118 492.466 424.33 204.982 495.621 428.356 205.663 496.817 430.772 209.305 492.63 430.772 228.703 490.039 428.356 231.527 486.884 424.33 230.846 481.302 424.33 256.711 484.458 428.356 257.392 485.653 430.772 261.033 481.467 430.772 280.432 478.876 428.356 283.256 475.721 424.33 282.575 470.139 424.33 308.439 472.663 427.551 308.984 469.038 427.551 325.783 452.364 410.63 338.747 451.543 408.683 335.15 433.088 389.956 349.498 434.114 392.39 353.995 432.423 391.51 358.487 418.582 377.465 369.248 415.66 373.663 368.344 414.634 371.229 363.847 396.18 352.502 378.195 397 354.449 381.793 387.555 344.865 389.137 382.934 337.612 382.991 387.23 338.458 366.3 382.24 331.949 364.685 470.238 349.283 22.7901 475.228 355.792 24.4045 479.121 356.559 9.27972
  poly 15: 473.982 356.688 9.27972 532.161 427.63 9.27972 529.112 427.63 23.4081 529.087 427.597 23.4027 523.53 427.63 49.2725 526.686 431.656 49.9534 527.881 434.072 53.595 523.695 434.072 72.9933 521.104 431.656 75.8178 517.949 427.63 75.1368 512.367 427.63 101.001 515.522 431.656 101.682 516.718 434.072 105.324 512.532 434.072 124.722 509.941 431.656 127.546 506.785 427.63 126.866 501.204 427.63 152.73 504.359 431.656 153.411 505.555 434.072 157.052 501.368 434.072 176.451 498.777 431.656 179.275 495.622 427.63 178.594 490.04 427.63 204.459 493.196 431.656 205.14 494.391 434.072 208.781 490.205 434.072 228.179 487.614 431.656 231.004 484.459 427.63 230.323 478.877 427.63 256.187 482.032 431.656 256.868 483.228 434.072 260.51 479.042 434.072 279.908 476.451 431.656 282.733 473.295 427.63 282.052 467.688 427.597 307.911 467.714 427.63 307.916 465.01 427.63 320.442 448.259 410.63 333.467 448.25 410.611 333.431 429.804 391.903 347.816 430.83 394.338 352.313 429.139 393.458 356.805 415.298 379.412 367.566 412.376 375.611 366.661 411.35 373.176 362.164 392.887 354.43 376.477 392.895 354.449 376.513 383.857 345.277 383.54 379.235 338.025 377.395 382.408 338.65 365.069 379.913 335.395 364.261 467.911 352.729 22.3659 470.406 355.984 23.1731 473.982 356.688 9.27972
element 12
  poly 0: -507.552 202.685 292.184 -510.217 202.685 265.411 -507.87 206.142 265.177 -505.205 206.142 291.95 -507.552 202.685 292.184
  poly 1: -504.955 199.414 291.925 -507.62 199.414 265.152 -505.272 202.871 264.918 -502.607 202.871 291.692 -504.955 199.414 291.925
  poly 2: -512.882 202.685 238.638 -515.547 202.685 211.864 -513.2 206.142 211.631 -510.535 206.142 238.404 -512.882 202.685 238.638
  poly 3: -510.284 199.414 238.379 -512.949 199.414 211.606 -510.602 202.871 211.372 -507.937 202.871 238.145 -510.284 199.414 238.379
  poly 4: -518.212 202.685 185.091 -520.877 202.685 158.318 -518.53 206.142 158.084 -515.865 206.142 184.858 -518.212 202.685 185.091
  poly 5: -515.614 199.414 184.833 -518.279 199.414 158.059 -515.932 202.871 157.826 -513.267 202.871 184.599 -515.614 199.414 184.833
  poly 6: -523.542 202.685 131.545 -526.207 202.685 104.772 -523.859 206.142 104.538 -521.194 206.142 131.311 -523.542 202.685 131.545
  poly 7: -520.944 199.414 131.286 -523.609 199.414 104.513 -521.262 202.871 104.279 -518.597 202.871 131.053 -520.944 199.414 131.286
  poly 8: -528.872 202.685 77.9984 -531.537 202.685 51.2253 -529.189 206.142 50.9916 -526.524 206.142 77.7648 -528.872 202.685 77.9984
  poly 9: -526.274 199.414 77.7399 -528.939 199.414 50.9667 -526.591 202.871 50.733 -523.926 202.871 77.5062 -526.274 199.414 77.7399
  poly 10: -461.26 258.373 373.548 -475.669 239.189 360.971 -474.821 240.957 357.302 -460.412 260.142 369.879 -461.26 258.373 373.548
  poly 11: -457.739 256.604 372.212 -472.149 237.42 359.635 -471.301 239.189 355.966 -456.891 258.373 368.543 -457.739 256.604 372.212
  poly 12: -484.892 276.782 9.27972 -535.712 202.685 9.27972 -534.202 202.685 24.4521 -536.549 199.229 24.6857 -507.235 199.229 319.191 -504.888 202.685 318.957 -503.088 202.685 337.039 -490.079 220.004 348.394 -490.927 218.236 352.063 -447.698 275.789 389.794 -446.85 277.557 386.125 -438.862 288.192 393.097 -434.427 295.505 387.264 -436.7 294.662 370.238 -436.724 294.627 370.242 -440.251 293.344 343.64 -437.357 297.652 343.04 -436.064 300.072 339.355 -438.727 299.084 319.407 -440.908 296.334 316.442 -443.803 292.026 317.042 -447.354 290.709 290.444 -444.459 295.017 289.844 -443.166 297.437 286.159 -445.829 296.449 266.211 -448.01 293.699 263.246 -450.905 289.391 263.846 -454.456 288.074 237.248 -451.561 292.382 236.648 -450.268 294.802 232.963 -452.931 293.814 213.015 -455.112 291.064 210.05 -458.007 286.756 210.65 -461.558 285.439 184.052 -458.663 289.747 183.452 -457.37 292.167 179.767 -460.033 291.179 159.819 -462.214 288.429 156.854 -465.109 284.121 157.454 -468.66 282.804 130.856 -465.765 287.112 130.256 -464.472 289.532 126.571 -467.136 288.544 106.623 -469.316 285.794 103.658 -472.211 281.486 104.258 -475.762 280.169 77.6598 -472.868 284.477 77.0599 -471.574 286.897 73.3753 -474.238 285.909 53.4268 -476.419 283.159 50.462 -479.314 278.851 51.0618 -482.888 277.499 24.4687 -482.865 277.534 24.4639 -484.892 276.782 9.27972
  poly 13: -479.871 277.006 9.27972 -530.717 202.871 9.27972 -529.256 202.871 23.9598 -533.951 195.958 24.4271 -504.637 195.958 318.932 -499.942 202.871 318.465 -498.58 202.871 332.156 -485.71 220.004 343.389 -487.406 216.467 350.727 -444.177 274.02 388.458 -442.482 277.557 381.12 -434.512 288.168 388.076 -430.077 295.481 382.243 -431.769 294.853 369.57 -434.085 291.407 370.05 -437.636 290.089 343.452 -434.741 294.397 342.852 -433.448 296.817 339.167 -436.111 295.829 319.219 -438.292 293.08 316.254 -441.187 288.772 316.854 -444.738 287.454 290.256 -441.843 291.762 289.656 -440.55 294.182 285.971 -443.213 293.194 266.023 -445.394 290.444 263.058 -448.289 286.137 263.658 -451.84 284.819 237.06 -448.945 289.127 236.46 -447.652 291.547 232.775 -450.316 290.559 212.827 -452.496 287.809 209.862 -455.391 283.502 210.462 -458.942 282.184 183.864 -456.047 286.492 183.264 -454.754 288.912 179.579 -457.418 287.924 159.631 -459.599 285.174 156.666 -462.493 280.867 157.266 -466.045 279.549 130.668 -463.15 283.857 130.068 -461.857 286.277 126.383 -464.52 285.289 106.435 -466.701 282.539 103.47 -469.596 278.231 104.07 -473.147 276.914 77.4718 -470.252 281.222 76.8719 -468.959 283.642 73.1873 -471.622 282.654 53.2388 -473.803 279.904 50.274 -476.698 275.596 50.8738 -480.249 274.279 24.2759 -477.933 277.725 23.796 -479.871 277.006 9.27972
element 13
  poly 0: 408.167 305.742 374.248 421.382 291.402 363.973 418.166 289.355 362.693 404.951 303.696 372.968 408.167 305.742 374.248
  poly 1: 407.719 307.788 370.816 420.934 293.448 360.541 417.718 291.402 359.261 404.503 305.742 369.536 407.719 307.788 370.816
  poly 2: 434.597 277.061 353.699 447.812 262.72 343.424 444.597 260.674 342.143 431.381 275.015 352.418 434.597 277.061 353.699
  poly 3: 434.149 279.107 350.266 447.364 264.767 339.991 444.148 262.72 338.711 430.933 277.061 348.986 434.149 279.107 350.266
  poly 4: 461.028 248.38 333.149 474.243 234.039 322.874 471.027 231.993 321.594 457.812 246.334 331.869 461.028 248.38 333.149
  poly 5: 460.579 250.426 329.717 473.794 236.085 319.442 470.578 234.039 318.161 457.363 248.38 328.436 460.579 250.426 329.717
  poly 6: 447.495 198.764 299.757 421.885 198.764 300.689 421.971 202.22 303.047 447.581 202.22 302.114 447.495 198.764 299.757
  poly 7: 447.4 202.034 297.148 421.79 202.034 298.08 421.876 205.491 300.438 447.486 205.491 299.505 447.4 202.034 297.148
  poly 8: 396.275 198.764 301.621 370.665 198.764 302.554 370.751 202.22 304.911 396.361 202.22 303.979 396.275 198.764 301.621
  poly 9: 396.18 202.034 299.012 370.57 202.034 299.945 370.656 205.491 302.302 396.266 205.491 301.37 396.18 202.034 299.012
  poly 10: 345.055 198.764 303.486 319.445 198.764 304.418 319.53 202.22 306.776 345.141 202.22 305.843 345.055 198.764 303.486
  poly 11: 344.96 202.034 300.877 319.35 202.034 301.809 319.435 205.491 304.167 345.046 205.491 303.235 344.96 202.034 300.877
  poly 12: 293.834 198.764 305.351 268.224 198.764 306.283 268.31 202.22 308.64 293.92 202.22 307.708 293.834 198.764 305.351
  poly 13: 293.739 202.034 302.742 268.129 202.034 303.674 268.215 205.491 306.031 293.825 205.491 305.099 293.739 202.034 302.742
  poly 14: 242.614 198.764 307.215 217.004 198.764 308.148 217.09 202.22 310.505 242.7 202.22 309.573 242.614 198.764 307.215
  poly 15: 242.519 202.034 304.606 216.909 202.034 305.539 216.995 205.491 307.896 242.605 205.491 306.964 242.519 202.034 304.606
  poly 16: 191.394 198.764 309.08 165.784 198.764 310.012 165.869 202.22 312.37 191.48 202.22 311.437 191.394 198.764 309.08
  poly 17: 191.299 202.034 306.471 165.689 202.034 307.403 165.774 205.491 309.761 191.385 205.491 308.828 191.299 202.034 306.471
  poly 18: 140.173 198.764 310.944 114.563 198.764 311.877 114.649 202.22 314.234 140.259 202.22 313.302 140.173 198.764 310.944
  poly 19: 140.078 202.034 308.335 114.468 202.034 309.268 114.554 205.491 311.625 140.164 205.491 310.693 140.078 202.034 308.335
  poly 20: 88.953 198.764 312.809 63.3428 198.764 313.741 63.4286 202.22 316.099 89.0388 202.22 315.166 88.953 198.764 312.809
  poly 21: 88.858 202.034 310.2 63.2478 202.034 311.132 63.3337 205.491 313.49 88.9438 205.491 312.558 88.858 202.034 310.2
  poly 22: 37.7326 198.764 314.674 12.1225 198.764 315.606 12.2083 202.22 317.963 37.8185 202.22 317.031 37.7326 198.764 314.674
  poly 23: 37.6377 202.034 312.065 12.0275 202.034 312.997 12.1133 205.491 315.354 37.7235 205.491 314.422 37.6377 202.034 312.065
  poly 24: -13.4877 198.764 316.538 -39.0979 198.764 317.471 -39.0121 202.22 319.828 -13.4019 202.22 318.896 -13.4877 198.764 316.538
  poly 25: -13.5827 202.034 313.929 -39.1929 202.034 314.862 -39.107 205.491 317.219 -13.4969 205.491 316.287 -13.5827 202.034 313.929
  poly 26: -64.7081 198.764 318.403 -90.3182 198.764 319.335 -90.2324 202.22 321.693 -64.6222 202.22 320.76 -64.7081 198.764 318.403
  poly 27: -64.803 202.034 315.794 -90.4132 202.034 316.726 -90.3274 205.491 319.084 -64.7172 205.491 318.151 -64.803 202.034 315.794
  poly 28: -115.928 198.764 320.267 -141.539 198.764 321.2 -141.453 202.22 323.557 -115.843 202.22 322.625 -115.928 198.764 320.267
  poly 29: -116.023 202.034 317.659 -141.634 202.034 318.591 -141.548 205.491 320.948 -115.938 205.491 320.016 -116.023 202.034 317.659
  poly 30: -167.149 198.764 322.132 -192.759 198.764 323.064 -192.673 202.22 325.422 -167.063 202.22 324.489 -167.149 198.764 322.132
  poly 31: -167.244 202.034 319.523 -192.854 202.034 320.455 -192.768 205.491 322.813 -167.158 205.491 321.881 -167.244 202.034 319.523
  poly 32: -218.369 198.764 323.997 -243.979 198.764 324.929 -243.893 202.22 327.286 -218.283 202.22 326.354 -218.369 198.764 323.997
  poly 33: -218.464 202.034 321.388 -244.074 202.034 322.32 -243.988 205.491 324.677 -218.378 205.491 323.745 -218.464 202.034 321.388
  poly 34: -269.589 198.764 325.861 -295.2 198.764 326.794 -295.114 202.22 329.151 -269.504 202.22 328.219 -269.589 198.764 325.861
  poly 35: -269.684 202.034 323.252 -295.295 202.034 324.185 -295.209 205.491 326.542 -269.599 205.491 325.61 -269.684 202.034 323.252
  poly 36: -320.81 198.764 327.726 -346.42 198.764 328.658 -346.334 202.22 331.016 -320.724 202.22 330.083 -320.81 198.764 327.726
  poly 37: -320.905 202.034 325.117 -346.515 202.034 326.049 -346.429 205.491 328.407 -320.819 205.491 327.474 -320.905 202.034 325.117
  poly 38: -372.03 198.764 329.59 -397.64 198.764 330.523 -397.555 202.22 332.88 -371.944 202.22 331.948 -372.03 198.764 329.59
  poly 39: -372.125 202.034 326.982 -397.735 202.034 327.914 -397.649 205.491 330.271 -372.039 205.491 329.339 -372.125 202.034 326.982
  poly 40: -423.251 198.764 331.455 -448.861 198.764 332.387 -448.775 202.22 334.745 -423.165 202.22 333.813 -423.251 198.764 331.455
  poly 41: -423.345 202.034 328.846 -448.956 202.034 329.778 -448.87 205.491 332.136 -423.26 205.491 331.204 -423.345 202.034 328.846
  poly 42: 496.365 210.032 305.674 487.458 219.698 312.599 490.674 221.745 313.88 398.168 322.129 385.803 394.952 320.083 384.523 380.252 336.035 395.953 361.548 335.117 396.006 361.71 331.67 393.647 336.636 330.439 393.719 336.433 334.747 396.668 333.177 337.178 398.447 314.372 336.255 398.501 311.36 333.516 396.74 311.563 329.208 393.791 286.489 327.977 393.863 286.286 332.285 396.812 283.03 334.716 398.591 264.225 333.793 398.645 261.212 331.054 396.884 261.415 326.746 393.935 236.341 325.515 394.007 236.138 329.823 396.956 232.882 332.254 398.735 214.077 331.33 398.789 211.065 328.592 397.028 211.268 324.284 394.079 186.194 323.053 394.151 185.991 327.361 397.1 182.735 329.791 398.879 163.93 328.868 398.933 160.917 326.13 397.172 161.12 321.822 394.223 136.047 320.591 394.295 135.844 324.898 397.244 132.588 327.329 399.023 113.782 326.406 399.077 110.77 323.667 397.316 110.973 319.359 394.367 85.8992 318.128 394.439 85.6961 322.436 397.388 82.4401 324.867 399.167 63.6348 323.944 399.221 60.6224 321.205 397.46 60.8255 316.897 394.511 35.7517 315.666 394.583 35.5487 319.974 397.532 32.2927 322.405 399.311 13.4874 321.482 399.365 10.475 318.743 397.604 10.678 314.435 394.655 -14.3957 313.204 394.727 -14.5987 317.512 397.676 -17.8548 319.943 399.455 -36.6601 319.019 399.509 -39.6725 316.281 397.748 -39.4694 311.973 394.799 -64.5431 310.742 394.871 -64.7462 315.05 397.82 -68.0022 317.481 399.599 -86.8075 316.557 399.653 -89.8199 313.819 397.892 -89.6168 309.511 394.943 -114.691 308.28 395.015 -114.894 312.587 397.964 -118.15 315.018 399.743 -136.955 314.095 399.797 -139.967 311.356 398.036 -139.764 307.048 395.087 -164.838 305.817 395.159 -165.041 310.125 398.108 -168.297 312.556 399.887 -187.102 311.633 399.941 -190.115 308.894 398.18 -189.912 304.586 395.231 -214.985 303.355 395.303 -215.188 307.663 398.252 -218.445 310.094 400.031 -237.25 309.171 400.085 -240.262 306.432 398.324 -240.059 302.124 395.375 -265.133 300.893 395.447 -265.336 305.201 398.396 -268.592 307.632 400.175 -287.397 306.708 400.229 -290.41 303.97 398.468 -290.207 299.662 395.519 -315.28 298.431 395.591 -315.483 302.739 398.541 -318.739 305.17 400.319 -337.545 304.246 400.373 -340.557 301.508 398.613 -340.354 297.2 395.663 -365.428 295.969 395.735 -365.631 300.277 398.685 -368.887 302.707 400.463 -387.692 301.784 400.517 -390.705 299.045 398.757 -390.501 294.738 395.807 -415.575 293.506 395.879 -415.738 296.953 398.239 -432.915 296.109 398.288 -446.85 277.557 386.125 -443.329 275.789 384.789 -457.739 256.604 372.212 -462.14 258.815 373.882 -466.582 257.743 373.312 -477.389 243.355 363.879 -476.549 239.631 361.305 -472.149 237.42 359.635 -486.558 218.236 347.058 -490.079 220.004 348.394 -497.988 209.475 341.491 -493.2 202.22 336.362 -474.385 202.22 335.677 -474.557 195.307 330.962 473.02 195.307 296.467 473.191 202.22 301.182 491.564 202.22 300.513 496.365 210.032 305.674
  poly 43: 492.872 209.847 300.828 483.794 219.698 307.887 490.225 223.791 310.447 397.72 324.175 382.371 391.288 320.083 379.81 376.915 335.68 390.986 361.543 334.925 391.03 361.544 334.891 391.006 336.469 333.694 391.102 336.266 338.002 394.051 333.01 340.433 395.83 314.205 339.51 395.884 311.192 336.771 394.123 311.395 332.463 391.174 286.322 331.232 391.246 286.119 335.54 394.195 282.863 337.971 395.974 264.057 337.047 396.028 261.045 334.309 394.267 261.248 330.001 391.318 236.174 328.77 391.39 235.971 333.078 394.339 232.715 335.509 396.118 213.91 334.585 396.172 210.897 331.847 394.411 211.1 327.539 391.462 186.027 326.308 391.534 185.824 330.615 394.483 182.568 333.046 396.262 163.762 332.123 396.316 160.75 329.384 394.555 160.953 325.076 391.606 135.879 323.845 391.678 135.676 328.153 394.627 132.42 330.584 396.406 113.615 329.661 396.46 110.603 326.922 394.699 110.806 322.614 391.75 85.7319 321.383 391.822 85.5288 325.691 394.771 82.2728 328.122 396.55 63.4675 327.199 396.604 60.4551 324.46 394.843 60.6581 320.152 391.894 35.5844 318.921 391.966 35.3814 323.229 394.915 32.1253 325.66 396.694 13.32 324.736 396.748 10.3077 321.998 394.987 10.5107 317.69 392.038 -14.563 316.459 392.11 -14.7661 320.767 395.059 -18.0221 323.198 396.838 -36.8274 322.274 396.892 -39.8398 319.536 395.131 -39.6367 315.228 392.182 -64.7105 313.997 392.254 -64.9135 318.305 395.203 -68.1695 320.735 396.982 -86.9748 319.812 397.036 -89.9872 317.073 395.275 -89.7842 312.766 392.326 -114.858 311.534 392.398 -115.061 315.842 395.347 -118.317 318.273 397.126 -137.122 317.35 397.18 -140.135 314.611 395.419 -139.932 310.303 392.47 -165.005 309.072 392.542 -165.208 313.38 395.491 -168.464 315.811 397.27 -187.27 314.888 397.324 -190.282 312.149 395.563 -190.079 307.841 392.614 -215.153 306.61 392.686 -215.356 310.918 395.635 -218.612 313.349 397.414 -237.417 312.425 397.468 -240.43 309.687 395.707 -240.226 305.379 392.758 -265.3 304.148 392.83 -265.503 308.456 395.779 -268.759 310.887 397.558 -287.565 309.963 397.612 -290.577 307.225 395.851 -290.374 302.917 392.902 -315.448 301.686 392.974 -315.651 305.994 395.923 -318.907 308.424 397.702 -337.712 307.501 397.756 -340.724 304.762 395.995 -340.521 300.455 393.046 -365.595 299.223 393.118 -365.798 303.531 396.067 -369.054 305.962 397.846 -387.859 305.039 397.9 -390.872 302.3 396.139 -390.669 297.992 393.19 -415.741 296.727 393.238 -415.743 296.761 393.262 -428.529 296.133 393.299 -442.482 277.557 381.12 -442.446 277.54 381.107 -456.891 258.373 368.543 -461.292 260.584 370.213 -465.734 259.512 369.643 -476.541 245.124 360.21 -475.702 241.399 357.636 -471.301 239.189 355.966 -485.675 219.987 343.376 -485.71 220.004 343.389 -493.759 209.289 336.364 -488.971 202.034 331.235 -474.566 202.034 330.711 -474.652 198.578 328.353 472.925 198.578 293.858 473.011 202.034 296.216 488.071 202.034 295.667 492.872 209.847 300.828
element 14
  poly 0: 577.226 202.685 47.9251 570.314 202.685 71.4778 568.051 206.142 70.8136 574.962 206.142 47.2609 577.226 202.685 47.9251
  poly 1: 574.721 199.414 47.19 567.809 199.414 70.7427 565.546 202.871 70.0785 572.457 202.871 46.5258 574.721 199.414 47.19
  poly 2: 563.403 202.685 95.0304 556.491 202.685 118.583 554.228 206.142 117.919 561.139 206.142 94.3662 563.403 202.685 95.0304
  poly 3: 560.898 199.414 94.2953 553.986 199.414 117.848 551.723 202.871 117.184 558.634 202.871 93.6311 560.898 199.414 94.2953
  poly 4: 549.58 202.685 142.136 542.669 202.685 165.688 540.405 206.142 165.024 547.317 206.142 141.471 549.58 202.685 142.136
  poly 5: 547.075 199.414 141.401 540.164 199.414 164.953 537.9 202.871 164.289 544.811 202.871 140.736 547.075 199.414 141.401
  poly 6: 535.757 202.685 189.241 528.846 202.685 212.794 526.582 206.142 212.129 533.494 206.142 188.577 535.757 202.685 189.241
  poly 7: 533.252 199.414 188.506 526.341 199.414 212.059 524.077 202.871 211.394 530.989 202.871 187.842 533.252 199.414 188.506
  poly 8: 521.935 202.685 236.346 515.023 202.685 259.899 512.76 206.142 259.235 519.671 206.142 235.682 521.935 202.685 236.346
  poly 9: 519.43 199.414 235.611 512.518 199.414 259.164 510.255 202.871 258.5 517.166 202.871 234.947 519.43 199.414 235.611
  poly 10: 588.566 202.685 9.27972 479.121 356.559 9.27972 475.228 355.792 24.4045 475.251 355.758 24.4087 469.361 354.637 47.1975 466.453 358.945 46.6673 463.974 361.385 49.1983 459.575 360.518 66.2931 460.586 357.789 69.4603 463.495 353.481 69.9905 457.628 352.325 92.7836 454.72 356.633 92.2534 452.241 359.074 94.7844 447.841 358.207 111.879 448.853 355.478 115.046 451.762 351.17 115.577 445.895 350.014 138.37 442.987 354.322 137.839 440.508 356.762 140.37 436.108 355.896 157.465 437.12 353.167 160.632 440.029 348.859 161.163 434.162 347.703 183.956 431.254 352.011 183.425 428.775 354.451 185.956 424.375 353.585 203.051 425.387 350.855 206.219 428.296 346.548 206.749 422.429 345.392 229.542 419.521 349.7 229.012 417.042 352.14 231.543 412.642 351.273 248.637 413.654 348.544 251.805 416.562 344.236 252.335 410.696 343.081 275.128 407.787 347.389 274.598 405.309 349.829 277.129 400.909 348.962 294.223 401.921 346.233 297.391 404.829 341.925 297.921 398.963 340.77 320.714 396.054 345.078 320.184 393.576 347.518 322.715 389.176 346.651 339.809 390.188 343.922 342.977 393.096 339.614 343.507 387.253 338.424 366.304 387.23 338.458 366.3 382.212 337.47 385.797 386.123 329.664 391.388 394.952 320.083 384.523 394.504 322.129 381.091 407.719 307.788 370.816 408.279 305.231 375.106 410.267 301.903 376.396 420.179 291.148 368.69 421.494 290.89 364.831 420.934 293.448 360.541 434.149 279.107 350.266 434.709 276.549 354.557 436.697 273.222 355.846 446.609 262.467 348.14 447.924 262.209 344.282 447.364 264.767 339.991 460.579 250.426 329.717 461.14 247.868 334.007 463.128 244.541 335.297 473.039 233.786 327.591 474.355 233.528 323.732 473.794 236.085 319.442 487.009 221.745 309.167 487.458 219.698 312.599 503.136 202.685 300.409 508.112 202.685 283.452 510.375 199.229 284.116 586.401 199.229 25.0367 584.137 202.685 24.3725 588.566 202.685 9.27972
  poly 11: 583.387 202.871 9.27972 473.982 356.688 9.27972 470.406 355.984 23.1731 472.733 352.537 23.5973 466.866 351.382 46.3903 463.958 355.69 45.8601 461.479 358.13 48.3911 457.079 357.263 65.4859 458.091 354.534 68.6531 461 350.226 69.1833 455.133 349.071 91.9763 452.225 353.379 91.4462 449.746 355.819 93.9772 445.346 354.952 111.072 446.358 352.223 114.239 449.267 347.915 114.769 443.4 346.759 137.562 440.492 351.067 137.032 438.013 353.508 139.563 433.613 352.641 156.658 434.625 349.912 159.825 437.534 345.604 160.355 431.667 344.448 183.148 428.759 348.756 182.618 426.28 351.196 185.149 421.88 350.33 202.244 422.892 347.601 205.411 425.8 343.293 205.941 419.934 342.137 228.735 417.025 346.445 228.204 414.547 348.885 230.735 410.147 348.019 247.83 411.159 345.289 250.997 414.067 340.982 251.528 408.201 339.826 274.321 405.292 344.134 273.79 402.814 346.574 276.321 398.414 345.707 293.416 399.426 342.978 296.583 402.334 338.67 297.114 396.468 337.515 319.907 393.559 341.823 319.376 391.081 344.263 321.907 386.681 343.396 339.002 387.693 340.667 342.169 390.601 336.359 342.7 384.735 335.204 365.493 382.408 338.65 365.069 378.22 337.825 381.339 382.132 330.019 386.93 391.288 320.083 379.81 391.284 320.103 379.776 404.503 305.742 369.536 405.063 303.184 373.826 407.051 299.857 375.116 416.963 289.102 367.41 418.278 288.844 363.551 417.718 291.402 359.261 430.933 277.061 348.986 431.494 274.503 353.276 433.482 271.176 354.566 443.393 260.421 346.86 444.709 260.163 343.001 444.148 262.72 338.711 457.363 248.38 328.436 457.924 245.822 332.727 459.912 242.495 334.016 469.823 231.739 326.31 471.139 231.481 322.452 470.578 234.039 318.161 483.789 219.719 307.852 483.794 219.698 307.887 499.3 202.871 295.83 503.343 202.871 282.052 507.87 195.958 283.381 583.895 195.958 24.3016 579.368 202.871 22.9732 583.387 202.871 9.27972
element 15
  poly 0: -425.515 108.213 355.023 -428.81 109.386 331.373 -431.423 112.709 331.901 -428.128 111.537 355.552 -425.515 108.213 355.023
  poly 1: -423.304 111.853 354.895 -426.599 113.025 331.245 -429.212 116.349 331.774 -425.917 115.176 355.424 -423.304 111.853 354.895
  poly 2: -432.104 110.558 307.722 -435.399 111.731 284.072 -438.012 115.054 284.601 -434.717 113.881 308.251 -432.104 110.558 307.722
  poly 3: -429.893 114.198 307.595 -433.188 115.37 283.944 -435.801 118.693 284.473 -432.506 117.521 308.123 -429.893 114.198 307.595
  poly 4: -438.693 112.903 260.422 -441.988 114.075 236.771 -444.601 117.399 237.3 -441.306 116.226 260.95 -438.693 112.903 260.422
  poly 5: -436.482 116.543 260.294 -439.777 117.715 236.644 -442.39 121.038 237.172 -439.095 119.866 260.823 -436.482 116.543 260.294
  poly 6: -445.282 115.248 213.121 -448.577 116.42 189.47 -451.19 119.743 189.999 -447.895 118.571 213.65 -445.282 115.248 213.121
  poly 7: -443.071 118.887 212.993 -446.366 120.06 189.343 -448.979 123.383 189.872 -445.684 122.211 213.522 -443.071 118.887 212.993
  poly 8: -451.871 117.593 165.82 -455.166 118.765 142.17 -457.779 122.088 142.698 -454.485 120.916 166.349 -451.871 117.593 165.82
  poly 9: -449.66 121.232 165.692 -452.955 122.405 142.042 -455.568 125.728 142.571 -452.274 124.556 166.221 -449.66 121.232 165.692
  poly 10: -458.46 119.937 118.519 -461.755 121.11 94.8689 -464.368 124.433 95.3977 -461.074 123.261 119.048 -458.46 119.937 118.519
  poly 11: -456.249 123.577 118.392 -459.544 124.75 94.7413 -462.157 128.073 95.2701 -458.863 126.9 118.92 -456.249 123.577 118.392
  poly 12: -465.05 122.282 71.2185 -468.344 123.455 47.5682 -470.957 126.778 48.0969 -467.663 125.605 71.7473 -465.05 122.282 71.2185
  poly 13: -462.839 125.922 71.091 -466.133 127.094 47.4406 -468.746 130.418 47.9694 -465.452 129.245 71.6197 -462.839 125.922 71.091
  poly 14: -470.691 165.729 364.69 -453.527 146.192 379.671 -452.412 144.344 375.985 -469.576 163.882 361.003 -470.691 165.729 364.69
  poly 15: -467.189 167.577 363.087 -450.025 148.039 378.068 -448.91 146.192 374.382 -466.074 165.729 359.4 -467.189 167.577 363.087
  poly 16: -535.712 202.685 9.27972 -476.365 128.702 9.27972 -474.252 127.95 24.4466 -469.026 121.304 23.389 -419.607 103.718 378.145 -424.834 110.364 379.202 -422.414 109.503 396.575 -427.535 116.605 402.357 -436.363 126.654 394.652 -437.478 128.501 398.339 -488.969 187.115 353.395 -487.855 185.267 349.709 -503.156 202.685 336.353 -504.888 202.685 318.957 -502.29 199.414 318.698 -504.955 199.414 291.925 -508.202 203.503 292.249 -510.483 205.956 289.096 -512.482 205.956 269.016 -510.867 203.503 265.475 -507.62 199.414 265.152 -510.284 199.414 238.379 -513.532 203.503 238.702 -515.813 205.956 235.549 -517.812 205.956 215.47 -516.197 203.503 211.929 -512.949 199.414 211.606 -515.614 199.414 184.833 -518.862 203.503 185.156 -521.143 205.956 182.003 -523.142 205.956 161.923 -521.526 203.503 158.383 -518.279 199.414 158.059 -520.944 199.414 131.286 -524.191 203.503 131.609 -526.473 205.956 128.457 -528.472 205.956 108.377 -526.856 203.503 104.836 -523.609 199.414 104.513 -526.274 199.414 77.7399 -529.521 203.503 78.0631 -531.803 205.956 74.9104 -533.801 205.956 54.8305 -532.186 203.503 51.2899 -528.939 199.414 50.9667 -531.604 199.414 24.1935 -534.202 202.685 24.4521 -535.712 202.685 9.27972
  poly 17: -530.717 202.871 9.27972 -471.449 128.986 9.27972 -469.428 128.267 23.7902 -466.814 124.944 23.2615 -417.396 107.357 378.017 -420.009 110.681 378.546 -418.295 110.071 390.85 -423.417 117.173 396.633 -431.746 126.654 389.363 -433.976 130.348 396.736 -485.467 188.962 351.792 -483.238 185.267 344.419 -498.702 202.871 330.921 -499.942 202.871 318.465 -499.916 202.838 318.462 -502.607 202.871 291.692 -505.855 206.959 292.015 -508.136 209.412 288.862 -510.135 209.412 268.782 -508.519 206.959 265.242 -505.272 202.871 264.918 -507.937 202.871 238.145 -511.184 206.959 238.469 -513.466 209.412 235.316 -515.464 209.412 215.236 -513.849 206.959 211.695 -510.602 202.871 211.372 -513.267 202.871 184.599 -516.514 206.959 184.922 -518.796 209.412 181.769 -520.794 209.412 161.69 -519.179 206.959 158.149 -515.932 202.871 157.826 -518.597 202.871 131.053 -521.844 206.959 131.376 -524.125 209.412 128.223 -526.124 209.412 108.143 -524.509 206.959 104.603 -521.262 202.871 104.279 -523.926 202.871 77.5062 -527.174 206.959 77.8294 -529.455 209.412 74.6767 -531.454 209.412 54.5968 -529.839 206.959 51.0562 -526.591 202.871 50.733 -529.23 202.838 23.9573 -529.256 202.871 23.9598 -530.717 202.871 9.27972
element 16
  poly 0: 469.644 171.421 325.912 454.203 157.094 337.918 451.06 159.181 336.366 466.501 173.507 324.36 469.644 171.421 325.912
  poly 1: 468.914 169.334 322.484 453.473 155.008 334.489 450.33 157.094 332.937 465.771 171.421 320.932 468.914 169.334 322.484
  poly 2: 438.762 142.768 349.923 423.321 128.442 361.929 420.178 130.528 360.376 435.619 144.854 348.371 438.762 142.768 349.923
  poly 3: 438.032 140.682 346.495 422.591 126.355 358.5 419.449 128.442 356.948 434.89 142.768 344.943 438.032 140.682 346.495
  poly 4: 407.88 114.115 373.934 392.439 99.7888 385.94 389.297 101.875 384.387 404.738 116.202 372.382 407.88 114.115 373.934
  poly 5: 407.151 112.029 370.506 391.71 97.7023 382.511 388.567 99.7888 380.959 404.008 114.115 368.954 407.151 112.029 370.506
  poly 6: 316.873 71.3479 411.408 291.199 72.6085 411.335 291.37 75.9317 408.675 317.044 74.6712 408.747 316.873 71.3479 411.408
  poly 7: 316.7 67.7083 409.2 291.026 68.9688 409.128 291.197 72.2921 406.467 316.871 71.0315 406.539 316.7 67.7083 409.2
  poly 8: 265.525 73.8691 411.263 239.851 75.1296 411.191 240.021 78.4529 408.53 265.695 77.1923 408.603 265.525 73.8691 411.263
  poly 9: 265.352 70.2294 409.055 239.678 71.49 408.983 239.849 74.8132 406.322 265.523 73.5526 406.395 265.352 70.2294 409.055
  poly 10: 214.177 76.3902 411.119 188.503 77.6508 411.046 188.673 80.974 408.386 214.347 79.7134 408.458 214.177 76.3902 411.119
  poly 11: 214.004 72.7505 408.911 188.33 74.0111 408.838 188.501 77.3343 406.178 214.175 76.0738 406.25 214.004 72.7505 408.911
  poly 12: 162.829 78.9113 410.974 137.155 80.1719 410.902 137.325 83.4951 408.241 162.999 82.2346 408.314 162.829 78.9113 410.974
  poly 13: 162.656 75.2717 408.766 136.982 76.5322 408.694 137.153 79.8555 406.033 162.827 78.5949 406.106 162.656 75.2717 408.766
  poly 14: 111.481 81.4325 410.83 85.8066 82.693 410.757 85.9772 86.0163 408.097 111.651 84.7557 408.169 111.481 81.4325 410.83
  poly 15: 111.308 77.7928 408.622 85.6341 79.0533 408.549 85.8047 82.3766 405.889 111.479 81.116 405.961 111.308 77.7928 408.622
  poly 16: 60.1325 83.9536 410.685 34.4585 85.2142 410.613 34.6292 88.5374 407.952 60.3032 87.2768 408.024 60.1325 83.9536 410.685
  poly 17: 59.96 80.3139 408.477 34.286 81.5745 408.405 34.4567 84.8977 405.744 60.1307 83.6371 405.817 59.96 80.3139 408.477
  poly 18: 8.78446 86.4747 410.541 -16.8896 87.7353 410.468 -16.7189 91.0585 407.808 8.95512 89.798 407.88 8.78446 86.4747 410.541
  poly 19: 8.61197 82.835 408.333 -17.0621 84.0956 408.26 -16.8914 87.4188 405.6 8.78263 86.1583 405.672 8.61197 82.835 408.333
  poly 20: -42.5636 88.9959 410.396 -68.2376 90.2564 410.324 -68.067 93.5797 407.663 -42.393 92.3191 407.735 -42.5636 88.9959 410.396
  poly 21: -42.7361 85.3562 408.188 -68.4101 86.6167 408.116 -68.2395 89.94 405.455 -42.5654 88.6794 405.527 -42.7361 85.3562 408.188
  poly 22: -93.9117 91.517 410.252 -119.586 92.7776 410.179 -119.415 96.1008 407.519 -93.741 94.8402 407.591 -93.9117 91.517 410.252
  poly 23: -94.0842 87.8773 408.044 -119.758 89.1379 407.971 -119.588 92.4611 405.311 -93.9135 91.2005 405.383 -94.0842 87.8773 408.044
  poly 24: -145.26 94.0381 410.107 -170.934 95.2987 410.035 -170.763 98.6219 407.374 -145.089 97.3614 407.446 -145.26 94.0381 410.107
  poly 25: -145.432 90.3984 407.899 -171.106 91.659 407.827 -170.936 94.9822 405.166 -145.262 93.7217 405.238 -145.432 90.3984 407.899
  poly 26: -196.608 96.5593 409.963 -222.282 97.8198 409.89 -222.111 101.143 407.23 -196.437 99.8825 407.302 -196.608 96.5593 409.963
  poly 27: -196.78 92.9196 407.755 -222.454 94.1801 407.682 -222.284 97.5034 405.022 -196.61 96.2428 405.094 -196.78 92.9196 407.755
  poly 28: -247.956 99.0804 409.818 -273.63 100.341 409.746 -273.459 103.664 407.085 -247.785 102.404 407.157 -247.956 99.0804 409.818
  poly 29: -248.128 95.4407 407.61 -273.802 96.7013 407.538 -273.632 100.024 404.877 -247.958 98.7639 404.949 -248.128 95.4407 407.61
  poly 30: -299.304 101.602 409.674 -324.978 102.862 409.601 -324.807 106.185 406.941 -299.133 104.925 407.013 -299.304 101.602 409.674
  poly 31: -299.476 97.9618 407.466 -325.151 99.2224 407.393 -324.98 102.546 404.733 -299.306 101.285 404.805 -299.476 97.9618 407.466
  poly 32: -350.652 104.123 409.529 -376.326 105.383 409.457 -376.155 108.706 406.796 -350.481 107.446 406.868 -350.652 104.123 409.529
  poly 33: -350.825 100.483 407.321 -376.499 101.744 407.249 -376.328 105.067 404.588 -350.654 103.806 404.66 -350.825 100.483 407.321
  poly 34: 359.529 69.2536 411.528 376.999 85.4624 397.945 380.141 83.3759 399.497 488.227 183.661 315.459 485.085 185.747 313.907 494.738 194.704 306.401 490.128 202.22 300.565 473.191 202.22 301.182 473.192 202.188 301.208 447.581 202.22 302.114 447.463 206.308 298.853 444.19 208.761 297.013 424.982 208.761 297.712 421.852 206.308 299.785 421.971 202.22 303.047 396.361 202.22 303.979 396.242 206.308 300.718 392.97 208.761 298.878 373.762 208.761 299.577 370.632 206.308 301.65 370.751 202.22 304.911 345.141 202.22 305.843 345.022 206.308 302.582 341.749 208.761 300.742 322.542 208.761 301.441 319.412 206.308 303.515 319.53 202.22 306.776 293.92 202.22 307.708 293.801 206.308 304.447 290.529 208.761 302.607 271.321 208.761 303.306 268.191 206.308 305.379 268.31 202.22 308.64 242.7 202.22 309.573 242.581 206.308 306.311 239.309 208.761 304.471 220.101 208.761 305.171 216.971 206.308 307.244 217.09 202.22 310.505 191.48 202.22 311.437 191.361 206.308 308.176 188.088 208.761 306.336 168.881 208.761 307.035 165.751 206.308 309.108 165.869 202.22 312.37 140.259 202.22 313.302 140.14 206.308 310.041 136.868 208.761 308.201 117.66 208.761 308.9 114.53 206.308 310.973 114.649 202.22 314.234 89.0388 202.22 315.166 88.9201 206.308 311.905 85.6476 208.761 310.065 66.44 208.761 310.764 63.3099 206.308 312.838 63.4286 202.22 316.099 37.8185 202.22 317.031 37.6997 206.308 313.77 34.4272 208.761 311.93 15.2196 208.761 312.629 12.0896 206.308 314.702 12.2083 202.22 317.963 -13.4019 202.22 318.896 -13.5206 206.308 315.635 -16.7931 208.761 313.794 -36.0007 208.761 314.494 -39.1308 206.308 316.567 -39.0121 202.22 319.828 -64.6222 202.22 320.76 -64.741 206.308 317.499 -68.0135 208.761 315.659 -87.2211 208.761 316.358 -90.3511 206.308 318.431 -90.2324 202.22 321.693 -115.843 202.22 322.625 -115.961 206.308 319.364 -119.234 208.761 317.524 -138.441 208.761 318.223 -141.571 206.308 320.296 -141.453 202.22 323.557 -167.063 202.22 324.489 -167.182 206.308 321.228 -170.454 208.761 319.388 -189.662 208.761 320.087 -192.792 206.308 322.161 -192.673 202.22 325.422 -218.283 202.22 326.354 -218.402 206.308 323.093 -221.675 208.761 321.253 -240.882 208.761 321.952 -244.012 206.308 324.025 -243.893 202.22 327.286 -269.504 202.22 328.219 -269.622 206.308 324.958 -272.895 208.761 323.117 -292.102 208.761 323.817 -295.233 206.308 325.89 -295.114 202.22 329.151 -320.724 202.22 330.083 -320.843 206.308 326.822 -324.115 208.761 324.982 -343.323 208.761 325.681 -346.453 206.308 327.754 -346.334 202.22 331.016 -371.944 202.22 331.948 -372.063 206.308 328.687 -375.336 208.761 326.847 -394.543 208.761 327.546 -397.673 206.308 329.619 -397.555 202.22 332.88 -423.165 202.22 333.813 -423.283 206.308 330.551 -426.556 208.761 328.711 -445.764 208.761 329.41 -448.894 206.308 331.484 -448.775 202.22 334.745 -474.384 202.188 335.703 -474.385 202.22 335.677 -491.856 202.22 336.313 -496.515 195.125 342.15 -487.855 185.267 349.709 -484.353 187.115 348.106 -467.189 167.577 363.087 -471.566 165.268 365.091 -472.047 161.44 368.166 -459.174 146.786 379.402 -454.402 145.73 380.072 -450.025 148.039 378.068 -432.861 128.501 393.049 -436.363 126.654 394.652 -419.541 107.505 409.335 -402 106.644 409.384 -402.171 103.321 412.045 342.376 66.7641 414.141 342.547 70.0874 411.48 359.529 69.2536 411.528
  poly 35: 355.527 69.1335 406.648 373.126 85.4624 392.964 379.412 81.2895 396.069 487.498 181.574 312.031 481.212 185.747 308.926 490.665 194.518 301.577 486.055 202.034 295.741 473.011 202.034 296.216 473.106 198.764 298.825 447.495 198.764 299.757 447.377 202.852 296.496 444.104 205.305 294.655 424.897 205.305 295.355 421.767 202.852 297.428 421.885 198.764 300.689 396.275 198.764 301.621 396.156 202.852 298.36 392.884 205.305 296.52 373.676 205.305 297.219 370.546 202.852 299.293 370.665 198.764 302.554 345.055 198.764 303.486 344.936 202.852 300.225 341.664 205.305 298.385 322.456 205.305 299.084 319.326 202.852 301.157 319.445 198.764 304.418 293.834 198.764 305.351 293.716 202.852 302.089 290.443 205.305 300.249 271.236 205.305 300.949 268.106 202.852 303.022 268.224 198.764 306.283 242.614 198.764 307.215 242.495 202.852 303.954 239.223 205.305 302.114 220.015 205.305 302.813 216.885 202.852 304.886 217.004 198.764 308.148 191.394 198.764 309.08 191.275 202.852 305.819 188.002 205.305 303.978 168.795 205.305 304.678 165.665 202.852 306.751 165.784 198.764 310.012 140.173 198.764 310.944 140.055 202.852 307.683 136.782 205.305 305.843 117.574 205.305 306.542 114.444 202.852 308.616 114.563 198.764 311.877 88.953 198.764 312.809 88.8343 202.852 309.548 85.5618 205.305 307.708 66.3541 205.305 308.407 63.2241 202.852 310.48 63.3428 198.764 313.741 37.7326 198.764 314.674 37.6139 202.852 311.412 34.3414 205.305 309.572 15.1338 205.305 310.272 12.0037 202.852 312.345 12.1225 198.764 315.606 -13.4877 198.764 316.538 -13.6064 202.852 313.277 -16.8789 205.305 311.437 -36.0866 205.305 312.136 -39.2166 202.852 314.209 -39.0979 198.764 317.471 -64.7081 198.764 318.403 -64.8268 202.852 315.142 -68.0993 205.305 313.302 -87.3069 205.305 314.001 -90.437 202.852 316.074 -90.3182 198.764 319.335 -115.928 198.764 320.267 -116.047 202.852 317.006 -119.32 205.305 315.166 -138.527 205.305 315.865 -141.657 202.852 317.939 -141.539 198.764 321.2 -167.149 198.764 322.132 -167.267 202.852 318.871 -170.54 205.305 317.031 -189.748 205.305 317.73 -192.878 202.852 319.803 -192.759 198.764 323.064 -218.369 198.764 323.997 -218.488 202.852 320.735 -221.76 205.305 318.895 -240.968 205.305 319.595 -244.098 202.852 321.668 -243.979 198.764 324.929 -269.589 198.764 325.861 -269.708 202.852 322.6 -272.981 205.305 320.76 -292.188 205.305 321.459 -295.318 202.852 323.532 -295.2 198.764 326.794 -320.81 198.764 327.726 -320.929 202.852 324.465 -324.201 205.305 322.625 -343.409 205.305 323.324 -346.539 202.852 325.397 -346.42 198.764 328.658 -372.03 198.764 329.59 -372.149 202.852 326.329 -375.421 205.305 324.489 -394.629 205.305 325.188 -397.759 202.852 327.262 -397.64 198.764 330.523 -423.251 198.764 331.455 -423.369 202.852 328.194 -426.642 205.305 326.354 -445.849 205.305 327.053 -448.979 202.852 329.126 -448.861 198.764 332.387 -474.471 198.764 333.32 -474.566 202.034 330.711 -487.075 202.034 331.166 -491.734 194.939 337.003 -483.238 185.267 344.419 -483.203 185.286 344.403 -466.074 165.729 359.4 -470.451 163.42 361.404 -470.932 159.593 364.479 -458.059 144.939 375.715 -453.287 143.882 376.385 -448.91 146.192 374.382 -431.711 126.672 389.347 -431.746 126.654 389.363 -414.425 106.937 404.481 -402.002 106.327 404.516 -402.343 99.6809 409.837 342.204 63.1245 411.933 342.545 69.7709 406.611 355.527 69.1335 406.648
element 17
  poly 0: 448.448 47.8567 47.85 442.434 49.0681 71.7797 445.054 52.3914 72.2701 451.069 51.1799 48.3404 448.448 47.8567 47.85
  poly 1: 446.351 51.4964 47.1386 440.336 52.7078 71.0683 442.957 56.0311 71.5587 448.971 54.8196 47.629 446.351 51.4964 47.1386
  poly 2: 436.42 50.2796 95.7094 430.405 51.491 119.639 433.026 54.8143 120.13 439.04 53.6028 96.1998 436.42 50.2796 95.7094
  poly 3: 434.322 53.9193 94.998 428.308 55.1307 118.928 430.929 58.454 119.418 436.943 57.2425 95.4884 434.322 53.9193 94.998
  poly 4: 424.391 52.7025 143.569 418.377 53.914 167.499 420.997 57.2372 167.989 427.012 56.0257 144.059 424.391 52.7025 143.569
  poly 5: 422.294 56.3422 142.857 416.28 57.5536 166.787 418.9 60.8769 167.278 424.914 59.6654 143.348 422.294 56.3422 142.857
  poly 6: 412.363 55.1254 191.428 406.348 56.3369 215.358 408.969 59.6601 215.848 414.983 58.4486 191.919 412.363 55.1254 191.428
  poly 7: 410.265 58.7651 190.717 404.251 59.9766 214.647 406.872 63.2998 215.137 412.886 62.0883 191.207 410.265 58.7651 190.717
  poly 8: 400.334 57.5483 239.288 394.32 58.7598 263.217 396.941 62.083 263.708 402.955 60.8716 239.778 400.334 57.5483 239.288
  poly 9: 398.237 61.188 238.576 392.223 62.3995 262.506 394.843 65.7227 262.996 400.857 64.5112 239.067 398.237 61.188 238.576
  poly 10: 388.306 59.9712 287.147 382.291 61.1827 311.077 384.912 64.5059 311.567 390.926 63.2945 287.637 388.306 59.9712 287.147
  poly 11: 386.208 63.6109 286.436 380.194 64.8224 310.365 382.815 68.1456 310.856 388.829 66.9342 286.926 386.208 63.6109 286.436
  poly 12: 376.277 62.3941 335.007 370.263 63.6056 358.936 372.884 66.9288 359.427 378.898 65.7174 335.497 376.277 62.3941 335.007
  poly 13: 374.18 66.0338 334.295 368.166 67.2453 358.225 370.786 70.5685 358.715 376.801 69.3571 334.786 374.18 66.0338 334.295
  poly 14: 460.886 49.2024 9.27972 588.566 202.685 9.27972 584.137 202.685 24.3725 581.632 199.414 23.6374 574.721 199.414 47.19 577.852 203.503 48.1089 578.867 205.956 51.6043 573.683 205.956 69.2688 570.94 203.503 71.6616 567.809 199.414 70.7427 560.898 199.414 94.2953 564.029 203.503 95.2142 565.044 205.956 98.7096 559.86 205.956 116.374 557.118 203.503 118.767 553.986 199.414 117.848 547.075 199.414 141.401 550.206 203.503 142.319 551.221 205.956 145.815 546.038 205.956 163.479 543.295 203.503 165.872 540.164 199.414 164.953 533.252 199.414 188.506 536.384 203.503 189.425 537.398 205.956 192.92 532.215 205.956 210.585 529.472 203.503 212.977 526.341 199.414 212.059 519.43 199.414 235.611 522.561 203.503 236.53 523.576 205.956 240.025 518.392 205.956 257.69 515.649 203.503 260.083 512.518 199.414 259.164 505.607 199.414 282.717 508.112 202.685 283.452 503.34 202.685 299.713 485.085 185.747 313.907 484.355 183.661 310.479 468.914 169.334 322.484 469.826 171.942 326.769 468.443 171.716 330.841 456.863 160.972 339.845 454.385 157.616 338.775 453.473 155.008 334.489 438.032 140.682 346.495 438.944 143.29 350.78 437.562 143.064 354.852 425.981 132.319 363.856 423.504 128.963 362.786 422.591 126.355 358.5 407.151 112.029 370.506 408.063 114.637 374.791 406.68 114.411 378.863 395.099 103.666 387.867 392.622 100.31 386.797 391.71 97.7023 382.511 376.269 83.3759 394.517 376.999 85.4624 397.945 367.381 76.5387 405.423 362.73 68.9741 399.826 366.869 68.1403 383.356 361.628 61.4938 382.376 451.842 43.322 23.4299 457.083 49.9685 24.4107 460.886 49.2024 9.27972
  poly 15: 455.866 49.5797 9.27972 583.387 202.871 9.27972 579.368 202.871 22.9732 579.343 202.838 22.9658 572.457 202.871 46.5258 575.588 206.959 47.4447 576.603 209.412 50.9401 571.42 209.412 68.6046 568.677 206.959 70.9973 565.546 202.871 70.0785 558.634 202.871 93.6311 561.766 206.959 94.55 562.78 209.412 98.0454 557.597 209.412 115.71 554.854 206.959 118.103 551.723 202.871 117.184 544.811 202.871 140.736 547.943 206.959 141.655 548.958 209.412 145.151 543.774 209.412 162.815 541.031 206.959 165.208 537.9 202.871 164.289 530.989 202.871 187.842 534.12 206.959 188.761 535.135 209.412 192.256 529.951 209.412 209.92 527.209 206.959 212.313 524.077 202.871 211.394 517.166 202.871 234.947 520.297 206.959 235.866 521.312 209.412 239.361 516.129 209.412 257.026 513.386 206.959 259.419 510.255 202.871 258.5 503.318 202.838 282.045 503.343 202.871 282.052 499.668 202.871 294.577 481.212 185.747 308.926 481.205 185.726 308.892 465.771 171.421 320.932 466.683 174.029 325.217 465.301 173.803 329.289 453.72 163.058 338.293 451.243 159.702 337.223 450.33 157.094 332.937 434.89 142.768 344.943 435.802 145.376 349.228 434.419 145.15 353.3 422.838 134.405 362.304 420.361 131.05 361.234 419.449 128.442 356.948 404.008 114.115 368.954 404.92 116.723 373.239 403.537 116.497 377.311 391.956 105.753 386.315 389.479 102.397 385.244 388.567 99.7888 380.959 373.119 85.4415 392.93 373.126 85.4624 392.964 363.638 76.6587 400.342 358.987 69.0941 394.745 362.151 68.4567 382.155 359.531 65.1335 381.664 449.744 46.9617 22.7185 452.365 50.2849 23.2089 455.866 49.5797 9.27972
element 18
  poly 0: -522.322 -22.1242 283.644 -526.72 -22.1242 257.727 -524.552 -18.4879 257.359 -520.154 -18.4879 283.276 -522.322 -22.1242 283.644
  poly 1: -519.679 -25.422 283.196 -524.078 -25.422 257.279 -521.91 -21.7857 256.911 -517.511 -21.7857 282.828 -519.679 -25.422 283.196
  poly 2: -531.119 -22.1242 231.811 -535.517 -22.1242 205.894 -533.349 -18.4879 205.526 -528.95 -18.4879 231.443 -531.119 -22.1242 231.811
  poly 3: -528.476 -25.422 231.362 -532.875 -25.422 205.445 -530.706 -21.7857 205.077 -526.308 -21.7857 230.994 -528.476 -25.422 231.362
  poly 4: -539.915 -22.1242 179.977 -544.314 -22.1242 154.06 -542.146 -18.4879 153.692 -537.747 -18.4879 179.609 -539.915 -22.1242 179.977
  poly 5: -537.273 -25.422 179.529 -541.671 -25.422 153.612 -539.503 -21.7857 153.244 -535.105 -21.7857 179.161 -537.273 -25.422 179.529
  poly 6: -548.712 -22.1242 128.143 -553.11 -22.1242 102.227 -550.942 -18.4879 101.859 -546.544 -18.4879 127.776 -548.712 -22.1242 128.143
  poly 7: -546.07 -25.422 127.695 -550.468 -25.422 101.778 -548.3 -21.7857 101.41 -543.902 -21.7857 127.327 -546.07 -25.422 127.695
  poly 8: -557.509 -22.1242 76.31 -561.907 -22.1242 50.3932 -559.739 -18.4879 50.0253 -555.341 -18.4879 75.942 -557.509 -22.1242 76.31
  poly 9: -554.866 -25.422 75.8615 -559.265 -25.422 49.9448 -557.097 -21.7857 49.5768 -552.698 -21.7857 75.4936 -554.866 -25.422 75.8615
  poly 10: -447.042 72.0123 386.964 -460.842 52.8485 374.92 -460.311 54.6936 371.376 -446.512 73.8574 383.421 -447.042 72.0123 386.964
  poly 11: -443.603 70.1672 385.96 -457.402 51.0034 373.915 -456.872 52.8485 370.372 -443.072 72.0123 382.416 -443.603 70.1672 385.96
  poly 12: -474.641 33.6847 362.875 -488.441 14.5208 350.83 -487.91 16.3659 347.287 -474.111 35.5297 359.332 -474.641 33.6847 362.875
  poly 13: -471.202 31.8396 361.87 -485.002 12.6757 349.826 -484.471 14.5208 346.282 -470.672 33.6847 358.327 -471.202 31.8396 361.87
  poly 14: -476.365 128.702 9.27972 -568.885 -22.1242 9.27972 -566.306 -22.1242 24.4765 -568.474 -25.7605 24.8444 -520.092 -25.7605 309.929 -517.924 -22.1242 309.561 -514.828 -22.1242 327.798 -502.24 -4.643 338.786 -502.771 -6.48808 342.329 -433.773 89.3311 402.552 -433.242 91.1761 399.009 -425.612 101.773 405.669 -421.874 109.311 400.446 -424.834 110.364 379.202 -424.856 110.328 379.203 -428.128 111.537 355.552 -425.364 116.086 355.392 -424.118 118.962 352.34 -426.589 119.842 334.603 -428.659 117.259 331.742 -431.423 112.709 331.901 -434.717 113.881 308.251 -431.953 118.431 308.092 -430.707 121.307 305.04 -433.178 122.187 287.302 -435.248 119.603 284.441 -438.012 115.054 284.601 -441.306 116.226 260.95 -438.543 120.776 260.791 -437.296 123.652 257.739 -439.767 124.531 240.001 -441.837 121.948 237.14 -444.601 117.399 237.3 -447.895 118.571 213.65 -445.132 123.121 213.49 -443.885 125.997 210.438 -446.356 126.876 192.7 -448.426 124.293 189.84 -451.19 119.743 189.999 -454.485 120.916 166.349 -451.721 125.465 166.189 -450.474 128.342 163.137 -452.945 129.221 145.4 -455.015 126.638 142.539 -457.779 122.088 142.698 -461.074 123.261 119.048 -458.31 127.81 118.889 -457.063 130.687 115.837 -459.534 131.566 98.0988 -461.604 128.983 95.2382 -464.368 124.433 95.3977 -467.663 125.605 71.7473 -464.899 130.155 71.5878 -463.653 133.031 68.5359 -466.123 133.911 50.7981 -468.194 131.328 47.9375 -470.957 126.778 48.0969 -474.274 127.914 24.4478 -474.252 127.95 24.4466 -476.365 128.702 9.27972
  poly 15: -471.449 128.986 9.27972 -563.935 -21.7857 9.27972 -561.495 -21.7857 23.6601 -565.831 -29.0583 24.396 -517.449 -29.0583 309.48 -513.113 -21.7857 308.744 -510.615 -21.7857 323.463 -498.271 -4.643 334.238 -499.332 -8.33317 341.324 -430.334 87.486 401.548 -429.273 91.1761 394.461 -421.287 102.267 401.432 -417.549 109.805 396.208 -420.009 110.681 378.546 -422.22 107.041 378.673 -425.515 108.213 355.023 -422.751 112.763 354.864 -421.505 115.639 351.812 -423.976 116.519 334.074 -426.046 113.935 331.213 -428.81 109.386 331.373 -432.104 110.558 307.722 -429.34 115.108 307.563 -428.094 117.984 304.511 -430.565 118.863 286.773 -432.635 116.28 283.912 -435.399 111.731 284.072 -438.693 112.903 260.422 -435.929 117.453 260.262 -434.683 120.329 257.21 -437.154 121.208 239.472 -439.224 118.625 236.612 -441.988 114.075 236.771 -445.282 115.248 213.121 -442.519 119.797 212.961 -441.272 122.674 209.909 -443.743 123.553 192.172 -445.813 120.97 189.311 -448.577 116.42 189.47 -451.871 117.593 165.82 -449.108 122.142 165.661 -447.861 125.019 162.609 -450.332 125.898 144.871 -452.402 123.315 142.01 -455.166 118.765 142.17 -458.46 119.937 118.519 -455.697 124.487 118.36 -454.45 127.363 115.308 -456.921 128.243 97.5701 -458.991 125.659 94.7094 -461.755 121.11 94.8689 -465.05 122.282 71.2185 -462.286 126.832 71.0591 -461.039 129.708 68.0071 -463.51 130.588 50.2693 -465.58 128.004 47.4087 -468.344 123.455 47.5682 -471.639 124.627 23.9178 -469.428 128.267 23.7902 -471.449 128.986 9.27972
element 19
  poly 0: 387.695 32.1509 389.993 401.434 13.7587 379.311 398.046 11.933 378.096 384.307 30.3252 388.778 387.695 32.1509 389.993
  poly 1: 387.353 33.9766 386.41 401.092 15.5843 375.728 397.703 13.7587 374.513 383.964 32.1509 385.195 387.353 33.9766 386.41
  poly 2: 373.386 -26.6068 353.974 348.14 -26.6068 353.153 348.069 -22.9705 355.351 373.315 -22.9705 356.172 373.386 -26.6068 353.974
  poly 3: 373.473 -23.309 351.295 348.228 -23.309 350.474 348.156 -19.6727 352.672 373.402 -19.6727 353.493 373.473 -23.309 351.295
  poly 4: 322.895 -26.6068 352.332 297.649 -26.6068 351.511 297.578 -22.9705 353.709 322.823 -22.9705 354.53 322.895 -26.6068 352.332
  poly 5: 322.982 -23.309 349.653 297.736 -23.309 348.832 297.665 -19.6727 351.03 322.91 -19.6727 351.851 322.982 -23.309 349.653
  poly 6: 272.403 -26.6068 350.69 247.158 -26.6068 349.869 247.086 -22.9705 352.067 272.332 -22.9705 352.888 272.403 -26.6068 350.69
  poly 7: 272.49 -23.309 348.011 247.245 -23.309 347.19 247.173 -19.6727 349.388 272.419 -19.6727 350.209 272.49 -23.309 348.011
  poly 8: 221.912 -26.6068 349.048 196.666 -26.6068 348.226 196.595 -22.9705 350.424 221.84 -22.9705 351.246 221.912 -26.6068 349.048
  poly 9: 221.999 -23.309 346.369 196.753 -23.309 345.548 196.682 -19.6727 347.746 221.927 -19.6727 348.567 221.999 -23.309 346.369
  poly 10: 171.42 -26.6068 347.405 146.175 -26.6068 346.584 146.103 -22.9705 348.782 171.349 -22.9705 349.603 171.42 -26.6068 347.405
  poly 11: 171.508 -23.309 344.727 146.262 -23.309 343.906 146.19 -19.6727 346.104 171.436 -19.6727 346.925 171.508 -23.309 344.727
  poly 12: 120.929 -26.6068 345.763 95.6833 -26.6068 344.942 95.6118 -22.9705 347.14 120.857 -22.9705 347.961 120.929 -26.6068 345.763
  poly 13: 121.016 -23.309 343.084 95.7704 -23.309 342.263 95.6989 -19.6727 344.461 120.945 -19.6727 345.282 121.016 -23.309 343.084
  poly 14: 70.4375 -26.6068 344.121 45.1918 -26.6068 343.3 45.1203 -22.9705 345.498 70.3661 -22.9705 346.319 70.4375 -26.6068 344.121
  poly 15: 70.5247 -23.309 341.442 45.279 -23.309 340.621 45.2075 -19.6727 342.819 70.4532 -19.6727 343.64 70.5247 -23.309 341.442
  poly 16: 19.9461 -26.6068 342.479 -5.2996 -26.6068 341.658 -5.37108 -22.9705 343.856 19.8746 -22.9705 344.677 19.9461 -26.6068 342.479
  poly 17: 20.0332 -23.309 339.8 -5.21247 -23.309 338.979 -5.28396 -19.6727 341.177 19.9618 -19.6727 341.998 20.0332 -23.309 339.8
  poly 18: -30.5453 -26.6068 340.837 -55.791 -26.6068 340.016 -55.8625 -22.9705 342.214 -30.6168 -22.9705 343.035 -30.5453 -26.6068 340.837
  poly 19: -30.4582 -23.309 338.158 -55.7039 -23.309 337.337 -55.7754 -19.6727 339.535 -30.5297 -19.6727 340.356 -30.4582 -23.309 338.158
  poly 20: -81.0367 -26.6068 339.195 -106.282 -26.6068 338.373 -106.354 -22.9705 340.571 -81.1082 -22.9705 341.393 -81.0367 -26.6068 339.195
  poly 21: -80.9496 -23.309 336.516 -106.195 -23.309 335.695 -106.267 -19.6727 337.893 -81.0211 -19.6727 338.714 -80.9496 -23.309 336.516
  poly 22: -131.528 -26.6068 337.552 -156.774 -26.6068 336.731 -156.845 -22.9705 338.929 -131.6 -22.9705 339.75 -131.528 -26.6068 337.552
  poly 23: -131.441 -23.309 334.874 -156.687 -23.309 334.052 -156.758 -19.6727 336.25 -131.513 -19.6727 337.072 -131.441 -23.309 334.874
  poly 24: -182.02 -26.6068 335.91 -207.265 -26.6068 335.089 -207.337 -22.9705 337.287 -182.091 -22.9705 338.108 -182.02 -26.6068 335.91
  poly 25: -181.932 -23.309 333.231 -207.178 -23.309 332.41 -207.25 -19.6727 334.608 -182.004 -19.6727 335.429 -181.932 -23.309 333.231
  poly 26: -232.511 -26.6068 334.268 -257.757 -26.6068 333.447 -257.828 -22.9705 335.645 -232.583 -22.9705 336.466 -232.511 -26.6068 334.268
  poly 27: -232.424 -23.309 331.589 -257.67 -23.309 330.768 -257.741 -19.6727 332.966 -232.495 -19.6727 333.787 -232.424 -23.309 331.589
  poly 28: -283.002 -26.6068 332.626 -308.248 -26.6068 331.805 -308.32 -22.9705 334.003 -283.074 -22.9705 334.824 -283.002 -26.6068 332.626
  poly 29: -282.915 -23.309 329.947 -308.161 -23.309 329.126 -308.233 -19.6727 331.324 -282.987 -19.6727 332.145 -282.915 -23.309 329.947
  poly 30: -333.494 -26.6068 330.984 -358.74 -26.6068 330.163 -358.811 -22.9705 332.361 -333.565 -22.9705 333.182 -333.494 -26.6068 330.984
  poly 31: -333.407 -23.309 328.305 -358.652 -23.309 327.484 -358.724 -19.6727 329.682 -333.478 -19.6727 330.503 -333.407 -23.309 328.305
  poly 32: -383.985 -26.6068 329.341 -409.231 -26.6068 328.52 -409.303 -22.9705 330.718 -384.057 -22.9705 331.539 -383.985 -26.6068 329.341
  poly 33: -383.898 -23.309 326.663 -409.144 -23.309 325.842 -409.215 -19.6727 328.04 -383.97 -19.6727 328.861 -383.898 -23.309 326.663
  poly 34: -434.477 -26.6068 327.699 -459.722 -26.6068 326.878 -459.794 -22.9705 329.076 -434.548 -22.9705 329.897 -434.477 -26.6068 327.699
  poly 35: -434.39 -23.309 325.021 -459.635 -23.309 324.199 -459.707 -19.6727 326.397 -434.461 -19.6727 327.219 -434.39 -23.309 325.021
  poly 36: 423.186 -15.3598 362.399 415.173 -4.63355 368.629 418.562 -2.80789 369.844 377.345 52.3688 401.89 373.956 50.5431 400.675 359.997 69.2306 411.529 342.547 70.0874 411.48 342.374 66.4477 409.272 316.7 67.7083 409.2 316.916 72.2579 411.96 313.836 75.1452 413.607 294.581 76.0906 413.552 291.242 73.5184 411.887 291.026 68.9688 409.128 265.352 70.2294 409.055 265.568 74.779 411.815 262.488 77.6663 413.462 243.233 78.6118 413.408 239.894 76.0396 411.743 239.678 71.49 408.983 214.004 72.7505 408.911 214.22 77.3001 411.671 211.14 80.1875 413.318 191.884 81.1329 413.263 188.546 78.5607 411.598 188.33 74.0111 408.838 162.656 75.2717 408.766 162.872 79.8213 411.526 159.792 82.7086 413.173 140.536 83.654 413.119 137.198 81.0818 411.454 136.982 76.5322 408.694 111.308 77.7928 408.622 111.524 82.3424 411.382 108.444 85.2297 413.029 89.1883 86.1752 412.974 85.8497 83.603 411.309 85.6341 79.0533 408.549 59.96 80.3139 408.477 60.1757 84.8635 411.237 57.0958 87.7509 412.884 37.8402 88.6963 412.83 34.5016 86.1241 411.165 34.286 81.5745 408.405 8.61197 82.835 408.333 8.82759 87.3847 411.093 5.7477 90.272 412.74 -13.5078 91.2174 412.685 -16.8465 88.6452 411.02 -17.0621 84.0956 408.26 -42.7361 85.3562 408.188 -42.5205 89.9058 410.948 -45.6004 92.7931 412.595 -64.8559 93.7385 412.541 -68.1945 91.1664 410.876 -68.4101 86.6167 408.116 -94.0842 87.8773 408.044 -93.8686 92.4269 410.804 -96.9485 95.3143 412.451 -116.204 96.2597 412.396 -119.543 93.6875 410.731 -119.758 89.1379 407.971 -145.432 90.3984 407.899 -145.217 94.948 410.659 -148.297 97.8354 412.306 -167.552 98.7808 412.252 -170.891 96.2086 410.587 -171.106 91.659 407.827 -196.78 92.9196 407.755 -196.565 97.4692 410.515 -199.645 100.357 412.161 -218.9 101.302 412.107 -222.239 98.7297 410.442 -222.454 94.1801 407.682 -248.128 95.4407 407.61 -247.913 99.9903 410.37 -250.993 102.878 412.017 -270.248 103.823 411.963 -273.587 101.251 410.298 -273.802 96.7013 407.538 -299.476 97.9618 407.466 -299.261 102.511 410.226 -302.341 105.399 411.872 -321.596 106.344 411.818 -324.935 103.772 410.153 -325.151 99.2224 407.393 -350.825 100.483 407.321 -350.609 105.033 410.081 -353.689 107.92 411.728 -372.944 108.865 411.674 -376.283 106.293 410.009 -376.499 101.744 407.249 -402.173 103.004 407.177 -402 106.644 409.384 -421.418 107.597 409.33 -433.242 91.1761 399.009 -429.803 89.3311 398.004 -443.603 70.1672 385.96 -447.902 72.4736 387.215 -452.206 71.4619 386.463 -462.556 57.089 377.43 -461.701 53.3098 375.171 -457.402 51.0034 373.915 -471.202 31.8396 361.87 -475.501 34.1459 363.126 -479.805 33.1343 362.374 -490.155 18.7614 353.34 -489.301 14.9821 351.081 -485.002 12.6757 349.826 -498.801 -6.48808 337.781 -502.24 -4.643 338.786 -509.927 -15.3173 332.077 -504.857 -22.9705 327.611 -485.04 -22.9705 328.255 -484.897 -30.2431 323.859 398.703 -30.2431 352.597 398.56 -22.9705 356.993 418.399 -22.9705 357.638 423.186 -15.3598 362.399
  poly 37: 419.708 -15.6983 357.404 411.442 -4.63355 363.831 418.219 -0.98222 366.26 377.003 54.1945 398.307 370.225 50.5431 395.877 356.369 69.0922 406.65 342.545 69.7709 406.611 342.543 69.7345 406.589 316.871 71.0315 406.539 317.087 75.5811 409.299 314.007 78.4684 410.946 294.751 79.4139 410.892 291.413 76.8417 409.227 291.197 72.2921 406.467 265.523 73.5526 406.395 265.739 78.1022 409.155 262.659 80.9896 410.801 243.403 81.935 410.747 240.065 79.3628 409.082 239.849 74.8132 406.322 214.175 76.0738 406.25 214.391 80.6234 409.01 211.311 83.5107 410.657 192.055 84.4561 410.603 188.717 81.8839 408.938 188.501 77.3343 406.178 162.827 78.5949 406.106 163.042 83.1445 408.866 159.963 86.0318 410.512 140.707 86.9773 410.458 137.368 84.4051 408.793 137.153 79.8555 406.033 111.479 81.116 405.961 111.694 85.6656 408.721 108.615 88.553 410.368 89.359 89.4984 410.314 86.0204 86.9262 408.649 85.8047 82.3766 405.889 60.1307 83.6371 405.817 60.3463 88.1868 408.576 57.2664 91.0741 410.223 38.0109 92.0195 410.169 34.6723 89.4473 408.504 34.4567 84.8977 405.744 8.78263 86.1583 405.672 8.99824 90.7079 408.432 5.91835 93.5952 410.079 -13.3372 94.5407 410.025 -16.6758 91.9685 408.36 -16.8914 87.4188 405.6 -42.5654 88.6794 405.527 -42.3498 93.229 408.287 -45.4297 96.1164 409.934 -64.6852 97.0618 409.88 -68.0239 94.4896 408.215 -68.2395 89.94 405.455 -93.9135 91.2005 405.383 -93.6979 95.7502 408.143 -96.7778 98.6375 409.79 -116.033 99.5829 409.736 -119.372 97.0107 408.071 -119.588 92.4611 405.311 -145.262 93.7217 405.238 -145.046 98.2713 407.998 -148.126 101.159 409.645 -167.381 102.104 409.591 -170.72 99.5318 407.926 -170.936 94.9822 405.166 -196.61 96.2428 405.094 -196.394 100.792 407.854 -199.474 103.68 409.501 -218.729 104.625 409.447 -222.068 102.053 407.782 -222.284 97.5034 405.022 -247.958 98.7639 404.949 -247.742 103.314 407.709 -250.822 106.201 409.356 -270.078 107.146 409.302 -273.416 104.574 407.637 -273.632 100.024 404.877 -299.306 101.285 404.805 -299.09 105.835 407.565 -302.17 108.722 409.212 -321.426 109.667 409.158 -324.764 107.095 407.493 -324.98 102.546 404.733 -350.654 103.806 404.66 -350.438 108.356 407.42 -353.518 111.243 409.067 -372.774 112.189 409.013 -376.112 109.616 407.348 -376.328 105.067 404.588 -402.004 106.291 404.494 -402.002 106.327 404.516 -417.804 107.103 404.471 -429.273 91.1761 394.461 -429.238 91.1577 394.451 -443.072 72.0123 382.416 -447.371 74.3187 383.672 -451.676 73.307 382.92 -462.025 58.9341 373.886 -461.171 55.1548 371.627 -456.872 52.8485 370.372 -470.672 33.6847 358.327 -474.971 35.991 359.583 -479.275 34.9793 358.831 -489.625 20.6065 349.797 -488.77 16.8272 347.538 -484.471 14.5208 346.282 -498.236 -4.66145 334.227 -498.271 -4.643 334.238 -506.201 -15.6558 327.316 -501.131 -23.309 322.85 -484.881 -23.309 323.378 -484.81 -26.9453 321.18 398.79 -26.9453 349.918 398.719 -23.309 352.116 414.921 -23.309 352.643 419.708 -15.6983 357.404
element 20
  poly 0: 496.37 -22.1242 48.7553 491.024 -22.1242 73.057 488.876 -18.4879 72.5845 494.222 -18.4879 48.2828 496.37 -22.1242 48.7553
  poly 1: 493.752 -25.422 48.1795 488.406 -25.422 72.4812 486.258 -21.7857 72.0087 491.604 -21.7857 47.707 493.752 -25.422 48.1795
  poly 2: 485.678 -22.1242 97.3587 480.332 -22.1242 121.66 478.184 -18.4879 121.188 483.53 -18.4879 96.8862 485.678 -22.1242 97.3587
  poly 3: 483.06 -25.422 96.7829 477.714 -25.422 121.085 475.567 -21.7857 120.612 480.913 -21.7857 96.3104 483.06 -25.422 96.7829
  poly 4: 474.986 -22.1242 145.962 469.64 -22.1242 170.264 467.492 -18.4879 169.791 472.838 -18.4879 145.49 474.986 -22.1242 145.962
  poly 5: 472.369 -25.422 145.386 467.023 -25.422 169.688 464.875 -21.7857 169.215 470.221 -21.7857 144.914 472.369 -25.422 145.386
  poly 6: 464.294 -22.1242 194.565 458.948 -22.1242 218.867 456.801 -18.4879 218.395 462.147 -18.4879 194.093 464.294 -22.1242 194.565
  poly 7: 461.677 -25.422 193.99 456.331 -25.422 218.291 454.183 -21.7857 217.819 459.529 -21.7857 193.517 461.677 -25.422 193.99
  poly 8: 453.603 -22.1242 243.169 448.257 -22.1242 267.471 446.109 -18.4879 266.998 451.455 -18.4879 242.696 453.603 -22.1242 243.169
  poly 9: 450.985 -25.422 242.593 445.639 -25.422 266.895 443.491 -21.7857 266.422 448.837 -21.7857 242.121 450.985 -25.422 242.593
  poly 10: 442.911 -22.1242 291.772 437.565 -22.1242 316.074 435.417 -18.4879 315.601 440.763 -18.4879 291.3 442.911 -22.1242 291.772
  poly 11: 440.293 -25.422 291.196 434.947 -25.422 315.498 432.8 -21.7857 315.026 438.145 -21.7857 290.724 440.293 -25.422 291.196
  poly 12: 505.053 -22.1242 9.27972 460.886 49.2024 9.27972 457.083 49.9685 24.4107 457.104 49.9321 24.4178 451.069 51.1799 48.3404 448.447 55.7295 47.4512 446.122 58.6107 49.9088 441.612 59.5193 67.8561 442.433 56.941 71.3809 445.054 52.3914 72.2701 439.04 53.6028 96.1998 436.419 58.1524 95.3106 434.094 61.0336 97.7683 429.583 61.9422 115.716 430.404 59.3639 119.24 433.026 54.8143 120.13 427.012 56.0257 144.059 424.39 60.5753 143.17 422.065 63.4565 145.628 417.555 64.3651 163.575 418.376 61.7868 167.1 420.997 57.2372 167.989 414.983 58.4486 191.919 412.362 62.9983 191.029 410.037 65.8795 193.487 405.526 66.788 211.434 406.347 64.2097 214.959 408.969 59.6601 215.848 402.955 60.8716 239.778 400.333 65.4212 238.889 398.008 68.3024 241.347 393.498 69.211 259.294 394.319 66.6326 262.819 396.941 62.083 263.708 390.926 63.2945 287.637 388.305 67.8441 286.748 385.98 70.7253 289.206 381.469 71.6339 307.153 382.29 69.0555 310.678 384.912 64.5059 311.567 378.898 65.7174 335.497 376.276 70.267 334.608 373.951 73.1482 337.065 369.441 74.0568 355.013 370.262 71.4784 358.537 372.884 66.9288 359.427 366.89 68.1039 383.363 366.869 68.1403 383.356 362.489 69.0226 400.785 365.869 61.3695 406.963 373.956 50.5431 400.675 373.614 52.3688 397.092 387.353 33.9766 386.41 387.781 31.6945 390.889 389.755 28.0262 392.242 400.059 14.232 384.23 401.52 13.3023 380.207 401.092 15.5843 375.728 414.831 -2.80789 365.045 415.173 -4.63355 368.629 428.239 -22.1242 358.47 432.219 -22.1242 340.376 434.367 -25.7605 340.848 503.863 -25.7605 24.9261 501.716 -22.1242 24.4536 505.053 -22.1242 9.27972
  poly 13: 500.057 -21.7857 9.27972 455.866 49.5797 9.27972 452.365 50.2849 23.2089 454.462 46.6452 23.9203 448.448 47.8567 47.85 445.826 52.4063 46.9608 443.502 55.2875 49.4184 438.991 56.1961 67.3657 439.812 53.6177 70.8905 442.434 49.0681 71.7797 436.42 50.2796 95.7094 433.798 54.8292 94.8202 431.473 57.7104 97.2779 426.962 58.619 115.225 427.784 56.0407 118.75 430.405 51.491 119.639 424.391 52.7025 143.569 421.769 57.2521 142.68 419.445 60.1333 145.137 414.934 61.0419 163.085 415.755 58.4636 166.609 418.377 53.914 167.499 412.363 55.1254 191.428 409.741 59.675 190.539 407.416 62.5562 192.997 402.906 63.4648 210.944 403.727 60.8865 214.469 406.348 56.3369 215.358 400.334 57.5483 239.288 397.713 62.0979 238.398 395.388 64.9791 240.856 390.877 65.8877 258.803 391.698 63.3094 262.328 394.32 58.7598 263.217 388.306 59.9712 287.147 385.684 64.5208 286.258 383.359 67.402 288.716 378.849 68.3106 306.663 379.67 65.7323 310.188 382.291 61.1827 311.077 376.277 62.3941 335.007 373.656 66.9438 334.117 371.331 69.825 336.575 366.82 70.7335 354.522 367.641 68.1552 358.047 370.263 63.6056 358.936 364.249 64.8171 382.866 362.151 68.4567 382.155 358.655 69.1611 396.067 362.035 61.5079 402.245 370.225 50.5431 395.877 370.222 50.5614 395.841 383.964 32.1509 385.195 384.392 29.8688 389.674 386.366 26.2006 391.027 396.67 12.4064 383.015 398.131 11.4766 378.992 397.703 13.7587 374.513 411.439 -4.6153 363.795 411.442 -4.63355 363.831 424.255 -21.7857 353.869 427.454 -21.7857 339.327 431.749 -29.0583 340.272 501.246 -29.0583 24.3502 496.95 -21.7857 23.4053 500.057 -21.7857 9.27972
element 21
  poly 0: -394.103 -157.444 381.862 -397.396 -158.708 356.319 -400.219 -155.244 356.512 -396.926 -153.98 382.055 -394.103 -157.444 381.862
  poly 1: -392.306 -153.371 381.429 -395.598 -154.636 355.886 -398.421 -151.172 356.078 -395.128 -149.908 381.621 -392.306 -153.371 381.429
  poly 2: -400.688 -159.973 330.776 -403.981 -161.237 305.233 -406.804 -157.773 305.425 -403.511 -156.509 330.969 -400.688 -159.973 330.776
  poly 3: -398.891 -155.9 330.343 -402.183 -157.165 304.8 -405.006 -153.701 304.992 -401.714 -152.437 330.535 -398.891 -155.9 330.343
  poly 4: -407.273 -162.502 279.69 -410.566 -163.766 254.147 -413.389 -160.302 254.339 -410.096 -159.038 279.882 -407.273 -162.502 279.69
  poly 5: -405.476 -158.429 279.257 -408.768 -159.694 253.714 -411.591 -156.23 253.906 -408.299 -154.965 279.449 -405.476 -158.429 279.257
  poly 6: -413.859 -165.031 228.604 -417.151 -166.295 203.061 -419.974 -162.831 203.253 -416.681 -161.567 228.796 -413.859 -165.031 228.604
  poly 7: -412.061 -160.958 228.171 -415.354 -162.223 202.627 -418.176 -158.759 202.82 -414.884 -157.494 228.363 -412.061 -160.958 228.171
  poly 8: -420.444 -167.56 177.518 -423.736 -168.824 151.975 -426.559 -165.36 152.167 -423.267 -164.096 177.71 -420.444 -167.56 177.518
  poly 9: -418.646 -163.487 177.084 -421.939 -164.752 151.541 -424.762 -161.288 151.734 -421.469 -160.023 177.277 -418.646 -163.487 177.084
  poly 10: -427.029 -170.089 126.432 -430.321 -171.353 100.888 -433.144 -167.889 101.081 -429.852 -166.625 126.624 -427.029 -170.089 126.432
  poly 11: -425.231 -166.016 125.998 -428.524 -167.281 100.455 -431.347 -163.817 100.648 -428.054 -162.552 126.191 -425.231 -166.016 125.998
  poly 12: -433.614 -172.618 75.3454 -436.907 -173.882 49.8023 -439.729 -170.418 49.9947 -436.437 -169.154 75.5377 -433.614 -172.618 75.3454
  poly 13: -431.816 -168.545 74.912 -435.109 -169.81 49.369 -437.932 -166.346 49.5614 -434.639 -165.081 75.1044 -431.816 -168.545 74.912
  poly 14: -484.85 -53.315 352.936 -471.651 -66.9553 364.457 -470.62 -68.9297 360.939 -483.82 -55.2893 349.418 -484.85 -53.315 352.936
  poly 15: -481.504 -51.3406 351.439 -468.304 -64.981 362.96 -467.274 -66.9553 359.442 -480.473 -53.315 347.921 -481.504 -51.3406 351.439
  poly 16: -458.451 -80.5957 375.978 -445.251 -94.2361 387.499 -444.221 -96.2105 383.981 -457.421 -82.5701 372.46 -458.451 -80.5957 375.978
  poly 17: -455.105 -78.6214 374.481 -441.905 -92.2617 386.002 -440.874 -94.2361 382.484 -454.074 -80.5957 370.963 -455.105 -78.6214 374.481
  poly 18: -432.052 -107.876 399.02 -418.852 -121.517 410.541 -417.822 -123.491 407.023 -431.021 -109.851 395.502 -432.052 -107.876 399.02
  poly 19: -428.705 -105.902 397.523 -415.506 -119.542 409.044 -414.475 -121.517 405.526 -427.675 -107.876 394.005 -428.705 -105.902 397.523
  poly 20: -568.885 -22.1242 9.27972 -444.978 -172.434 9.27972 -443.022 -171.683 24.4516 -437.376 -178.61 24.0668 -387.988 -159.643 407.213 -393.633 -152.715 407.598 -391.415 -151.863 424.81 -396.554 -144.56 430.004 -405.653 -135.157 422.062 -406.683 -133.183 425.58 -499.08 -37.7002 344.933 -498.05 -39.6746 341.415 -515.033 -22.1242 326.591 -517.924 -22.1242 309.561 -515.281 -25.422 309.112 -519.679 -25.422 283.196 -522.982 -21.2998 283.756 -525.514 -18.8264 280.853 -528.813 -18.8264 261.415 -527.381 -21.2998 257.839 -524.078 -25.422 257.279 -528.476 -25.422 231.362 -531.779 -21.2998 231.923 -534.311 -18.8264 229.019 -537.61 -18.8264 209.582 -536.178 -21.2998 206.006 -532.875 -25.422 205.445 -537.273 -25.422 179.529 -540.576 -21.2998 180.089 -543.108 -18.8264 177.186 -546.406 -18.8264 157.748 -544.974 -21.2998 154.172 -541.671 -25.422 153.612 -546.07 -25.422 127.695 -549.373 -21.2998 128.256 -551.904 -18.8264 125.352 -555.203 -18.8264 105.915 -553.771 -21.2998 102.339 -550.468 -25.422 101.778 -554.866 -25.422 75.8615 -558.169 -21.2998 76.4221 -560.701 -18.8264 73.5188 -564 -18.8264 54.0813 -562.568 -21.2998 50.5053 -559.265 -25.422 49.9448 -563.663 -25.422 24.028 -566.306 -22.1242 24.4765 -568.885 -22.1242 9.27972
  poly 21: -563.935 -21.7857 9.27972 -440.277 -171.794 9.27972 -438.402 -171.074 23.8259 -435.579 -174.538 23.6335 -386.19 -155.571 406.78 -389.013 -152.107 406.972 -387.401 -151.488 419.478 -392.54 -144.184 424.672 -401.276 -135.157 417.047 -403.337 -131.209 424.084 -495.734 -35.7258 343.437 -493.673 -39.6746 336.4 -510.984 -21.7857 321.291 -513.113 -21.7857 308.744 -513.087 -21.8187 308.74 -517.511 -21.7857 282.828 -520.814 -17.6635 283.388 -523.346 -15.1901 280.485 -526.645 -15.1901 261.047 -525.213 -17.6635 257.471 -521.91 -21.7857 256.911 -526.308 -21.7857 230.994 -529.611 -17.6635 231.555 -532.143 -15.1901 228.651 -535.441 -15.1901 209.214 -534.009 -17.6635 205.638 -530.706 -21.7857 205.077 -535.105 -21.7857 179.161 -538.408 -17.6635 179.721 -540.939 -15.1901 176.818 -544.238 -15.1901 157.38 -542.806 -17.6635 153.804 -539.503 -21.7857 153.244 -543.902 -21.7857 127.327 -547.205 -17.6635 127.888 -549.736 -15.1901 124.984 -553.035 -15.1901 105.547 -551.603 -17.6635 101.971 -548.3 -21.7857 101.41 -552.698 -21.7857 75.4936 -556.001 -17.6635 76.0541 -558.533 -15.1901 73.1509 -561.832 -15.1901 53.7133 -560.4 -17.6635 50.1374 -557.097 -21.7857 49.5768 -561.469 -21.8187 23.6556 -561.495 -21.7857 23.6601 -563.935 -21.7857 9.27972
element 22
  poly 0: 391.646 -58.8377 385.934 372.44 -77.9695 400.866 369.167 -76.0102 399.167 388.372 -56.8784 384.234 391.646 -58.8377 385.934
  poly 1: 390.805 -60.7971 382.343 371.6 -79.9289 397.275 368.327 -77.9695 395.575 387.532 -58.8377 380.643 390.805 -60.7971 382.343
  poly 2: 290.54 -118.892 431.479 265.067 -120.143 431.668 264.876 -116.679 428.845 290.349 -115.429 428.656 290.54 -118.892 431.479
  poly 3: 290.726 -122.965 429.64 265.253 -124.216 429.828 265.062 -120.752 427.005 290.535 -119.501 426.817 290.726 -122.965 429.64
  poly 4: 239.595 -121.394 431.856 214.122 -122.645 432.045 213.931 -119.181 429.222 239.404 -117.93 429.033 239.595 -121.394 431.856
  poly 5: 239.781 -125.466 430.017 214.308 -126.717 430.205 214.117 -123.253 427.382 239.59 -122.002 427.194 239.781 -125.466 430.017
  poly 6: 188.65 -123.895 432.233 163.177 -125.146 432.422 162.986 -121.682 429.599 188.459 -120.431 429.41 188.65 -123.895 432.233
  poly 7: 188.836 -127.968 430.394 163.363 -129.218 430.582 163.172 -125.754 427.759 188.645 -124.504 427.571 188.836 -127.968 430.394
  poly 8: 137.704 -126.397 432.61 112.232 -127.647 432.799 112.041 -124.183 429.976 137.513 -122.933 429.788 137.704 -126.397 432.61
  poly 9: 137.891 -130.469 430.771 112.418 -131.72 430.959 112.227 -128.256 428.136 137.7 -127.005 427.948 137.891 -130.469 430.771
  poly 10: 86.7594 -128.898 432.987 61.2868 -130.149 433.176 61.0959 -126.685 430.353 86.5684 -125.434 430.165 86.7594 -128.898 432.987
  poly 11: 86.9457 -132.97 431.148 61.4732 -134.221 431.336 61.2822 -130.757 428.514 86.7547 -129.506 428.325 86.9457 -132.97 431.148
  poly 12: 35.8143 -131.399 433.365 10.3418 -132.65 433.553 10.1508 -129.186 430.73 35.6233 -127.935 430.542 35.8143 -131.399 433.365
  poly 13: 36.0006 -135.472 431.525 10.5281 -136.722 431.713 10.3372 -133.259 428.891 35.8097 -132.008 428.702 36.0006 -135.472 431.525
  poly 14: -15.1308 -133.901 433.742 -40.6033 -135.151 433.93 -40.7942 -131.687 431.107 -15.3217 -130.437 430.919 -15.1308 -133.901 433.742
  poly 15: -14.9444 -137.973 431.902 -40.4169 -139.224 432.09 -40.6079 -135.76 429.268 -15.1354 -134.509 429.079 -14.9444 -137.973 431.902
  poly 16: -66.0758 -136.402 434.119 -91.5483 -137.653 434.307 -91.7393 -134.189 431.484 -66.2668 -132.938 431.296 -66.0758 -136.402 434.119
  poly 17: -65.8895 -140.474 432.279 -91.362 -141.725 432.468 -91.553 -138.261 429.645 -66.0804 -137.011 429.456 -65.8895 -140.474 432.279
  poly 18: -117.021 -138.903 434.496 -142.493 -140.154 434.684 -142.684 -136.69 431.861 -117.212 -135.44 431.673 -117.021 -138.903 434.496
  poly 19: -116.835 -142.976 432.656 -142.307 -144.226 432.845 -142.498 -140.763 430.022 -117.026 -139.512 429.833 -116.835 -142.976 432.656
  poly 20: -167.966 -141.405 434.873 -193.438 -142.655 435.061 -193.629 -139.192 432.238 -168.157 -137.941 432.05 -167.966 -141.405 434.873
  poly 21: -167.78 -145.477 433.033 -193.252 -146.728 433.222 -193.443 -143.264 430.399 -167.971 -142.013 430.21 -167.78 -145.477 433.033
  poly 22: -218.911 -143.906 435.25 -244.384 -145.157 435.438 -244.575 -141.693 432.616 -219.102 -140.442 432.427 -218.911 -143.906 435.25
  poly 23: -218.725 -147.978 433.41 -244.197 -149.229 433.599 -244.388 -145.765 430.776 -218.916 -144.515 430.587 -218.725 -147.978 433.41
  poly 24: -269.856 -146.407 435.627 -295.329 -147.658 435.815 -295.52 -144.194 432.993 -270.047 -142.944 432.804 -269.856 -146.407 435.627
  poly 25: -269.67 -150.48 433.787 -295.142 -151.731 433.976 -295.333 -148.267 431.153 -269.861 -147.016 430.964 -269.67 -150.48 433.787
  poly 26: -320.801 -148.909 436.004 -346.274 -150.16 436.193 -346.465 -146.696 433.37 -320.992 -145.445 433.181 -320.801 -148.909 436.004
  poly 27: -320.615 -152.981 434.164 -346.087 -154.232 434.353 -346.278 -150.768 431.53 -320.806 -149.517 431.341 -320.615 -152.981 434.164
  poly 28: 333.476 -116.784 431.161 353.235 -97.1014 415.799 356.508 -99.0607 417.498 414.125 -41.6653 372.701 410.851 -39.7059 371.001 420.329 -30.2642 363.632 415.859 -22.9705 357.556 398.56 -22.9705 356.993 398.559 -23.0035 357.02 373.315 -22.9705 356.172 373.424 -18.8482 352.824 370.333 -16.3749 350.712 351.399 -16.3749 350.096 348.178 -18.8482 352.003 348.069 -22.9705 355.351 322.823 -22.9705 354.53 322.932 -18.8482 351.181 319.842 -16.3749 349.07 300.907 -16.3749 348.454 297.686 -18.8482 350.36 297.578 -22.9705 353.709 272.332 -22.9705 352.888 272.441 -18.8482 349.539 269.35 -16.3749 347.428 250.416 -16.3749 346.812 247.195 -18.8482 348.718 247.086 -22.9705 352.067 221.84 -22.9705 351.246 221.949 -18.8482 347.897 218.859 -16.3749 345.785 199.925 -16.3749 345.17 196.704 -18.8482 347.076 196.595 -22.9705 350.424 171.349 -22.9705 349.603 171.458 -18.8482 346.255 168.367 -16.3749 344.143 149.433 -16.3749 343.527 146.212 -18.8482 345.434 146.103 -22.9705 348.782 120.857 -22.9705 347.961 120.966 -18.8482 344.613 117.876 -16.3749 342.501 98.9417 -16.3749 341.885 95.7207 -18.8482 343.792 95.6118 -22.9705 347.14 70.3661 -22.9705 346.319 70.475 -18.8482 342.971 67.3846 -16.3749 340.859 48.4503 -16.3749 340.243 45.2293 -18.8482 342.149 45.1203 -22.9705 345.498 19.8746 -22.9705 344.677 19.9835 -18.8482 341.328 16.8932 -16.3749 339.217 -2.04112 -16.3749 338.601 -5.26218 -18.8482 340.507 -5.37108 -22.9705 343.856 -30.6168 -22.9705 343.035 -30.5079 -18.8482 339.686 -33.5983 -16.3749 337.574 -52.5326 -16.3749 336.959 -55.7536 -18.8482 338.865 -55.8625 -22.9705 342.214 -81.1082 -22.9705 341.393 -80.9993 -18.8482 338.044 -84.0897 -16.3749 335.932 -103.024 -16.3749 335.316 -106.245 -18.8482 337.223 -106.354 -22.9705 340.571 -131.6 -22.9705 339.75 -131.491 -18.8482 336.402 -134.581 -16.3749 334.29 -153.515 -16.3749 333.674 -156.736 -18.8482 335.581 -156.845 -22.9705 338.929 -182.091 -22.9705 338.108 -181.982 -18.8482 334.76 -185.073 -16.3749 332.648 -204.007 -16.3749 332.032 -207.228 -18.8482 333.939 -207.337 -22.9705 337.287 -232.583 -22.9705 336.466 -232.474 -18.8482 333.118 -235.564 -16.3749 331.006 -254.498 -16.3749 330.39 -257.719 -18.8482 332.296 -257.828 -22.9705 335.645 -283.074 -22.9705 334.824 -282.965 -18.8482 331.475 -286.055 -16.3749 329.364 -304.99 -16.3749 328.748 -308.211 -18.8482 330.654 -308.32 -22.9705 334.003 -333.565 -22.9705 333.182 -333.456 -18.8482 329.833 -336.547 -16.3749 327.721 -355.481 -16.3749 327.106 -358.702 -18.8482 329.012 -358.811 -22.9705 332.361 -384.057 -22.9705 331.539 -383.948 -18.8482 328.191 -387.038 -16.3749 326.079 -405.973 -16.3749 325.463 -409.194 -18.8482 327.37 -409.303 -22.9705 330.718 -434.548 -22.9705 329.897 -434.439 -18.8482 326.549 -437.53 -16.3749 324.437 -456.464 -16.3749 323.821 -459.685 -18.8482 325.728 -459.794 -22.9705 329.076 -485.041 -23.0035 328.282 -485.04 -22.9705 328.255 -502.305 -22.9705 327.694 -507.131 -30.2906 333.489 -498.05 -39.6746 341.415 -494.703 -37.7002 339.918 -481.504 -51.3406 351.439 -485.687 -53.8086 353.31 -486.547 -56.9944 355.873 -476.647 -67.2247 364.514 -472.487 -67.4489 364.831 -468.304 -64.981 362.96 -455.105 -78.6214 374.481 -459.288 -81.0893 376.352 -460.148 -84.2751 378.915 -450.248 -94.5054 387.556 -446.088 -94.7297 387.873 -441.905 -92.2617 386.002 -428.705 -105.902 397.523 -432.889 -108.37 399.394 -433.748 -111.556 401.957 -423.849 -121.786 410.598 -419.689 -122.01 410.915 -415.506 -119.542 409.044 -402.306 -133.183 420.566 -405.653 -135.157 422.062 -389.1 -152.262 436.51 -371.746 -151.41 436.381 -371.555 -154.874 439.204 316.203 -121.106 434.114 316.012 -117.642 431.291 333.476 -116.784 431.161
  poly 29: 328.507 -117.637 426.536 349.121 -97.1014 410.508 355.668 -101.02 413.907 413.284 -43.6246 369.11 406.738 -39.7059 365.71 415.876 -30.6027 358.605 411.405 -23.309 352.529 398.719 -23.309 352.116 398.632 -26.6068 354.795 373.386 -26.6068 353.974 373.495 -22.4845 350.626 370.405 -20.0112 348.514 351.47 -20.0112 347.898 348.249 -22.4845 349.805 348.14 -26.6068 353.153 322.895 -26.6068 352.332 323.004 -22.4845 348.983 319.913 -20.0112 346.872 300.979 -20.0112 346.256 297.758 -22.4845 348.162 297.649 -26.6068 351.511 272.403 -26.6068 350.69 272.512 -22.4845 347.341 269.422 -20.0112 345.23 250.488 -20.0112 344.614 247.266 -22.4845 346.52 247.158 -26.6068 349.869 221.912 -26.6068 349.048 222.021 -22.4845 345.699 218.93 -20.0112 343.587 199.996 -20.0112 342.972 196.775 -22.4845 344.878 196.666 -26.6068 348.226 171.42 -26.6068 347.405 171.529 -22.4845 344.057 168.439 -20.0112 341.945 149.505 -20.0112 341.329 146.284 -22.4845 343.236 146.175 -26.6068 346.584 120.929 -26.6068 345.763 121.038 -22.4845 342.415 117.948 -20.0112 340.303 99.0132 -20.0112 339.687 95.7922 -22.4845 341.594 95.6833 -26.6068 344.942 70.4375 -26.6068 344.121 70.5465 -22.4845 340.773 67.4561 -20.0112 338.661 48.5218 -20.0112 338.045 45.3007 -22.4845 339.951 45.1918 -26.6068 343.3 19.9461 -26.6068 342.479 20.055 -22.4845 339.13 16.9647 -20.0112 337.019 -1.96963 -20.0112 336.403 -5.19069 -22.4845 338.309 -5.2996 -26.6068 341.658 -30.5453 -26.6068 340.837 -30.4364 -22.4845 337.488 -33.5268 -20.0112 335.377 -52.4611 -20.0112 334.761 -55.6821 -22.4845 336.667 -55.791 -26.6068 340.016 -81.0367 -26.6068 339.195 -80.9278 -22.4845 335.846 -84.0182 -20.0112 333.734 -102.952 -20.0112 333.119 -106.174 -22.4845 335.025 -106.282 -26.6068 338.373 -131.528 -26.6068 337.552 -131.419 -22.4845 334.204 -134.51 -20.0112 332.092 -153.444 -20.0112 331.476 -156.665 -22.4845 333.383 -156.774 -26.6068 336.731 -182.02 -26.6068 335.91 -181.911 -22.4845 332.562 -185.001 -20.0112 330.45 -203.935 -20.0112 329.834 -207.156 -22.4845 331.741 -207.265 -26.6068 335.089 -232.511 -26.6068 334.268 -232.402 -22.4845 330.92 -235.492 -20.0112 328.808 -254.427 -20.0112 328.192 -257.648 -22.4845 330.098 -257.757 -26.6068 333.447 -283.002 -26.6068 332.626 -282.894 -22.4845 329.277 -285.984 -20.0112 327.166 -304.918 -20.0112 326.55 -308.139 -22.4845 328.456 -308.248 -26.6068 331.805 -333.494 -26.6068 330.984 -333.385 -22.4845 327.635 -336.475 -20.0112 325.523 -355.41 -20.0112 324.908 -358.631 -22.4845 326.814 -358.74 -26.6068 330.163 -383.985 -26.6068 329.341 -383.876 -22.4845 325.993 -386.967 -20.0112 323.881 -405.901 -20.0112 323.265 -409.122 -22.4845 325.172 -409.231 -26.6068 328.52 -434.477 -26.6068 327.699 -434.368 -22.4845 324.351 -437.458 -20.0112 322.239 -456.393 -20.0112 321.623 -459.614 -22.4845 323.53 -459.722 -26.6068 326.878 -484.968 -26.6068 326.057 -484.881 -23.309 323.378 -497.6 -23.309 322.965 -502.426 -30.6291 328.76 -493.673 -39.6746 336.4 -493.639 -39.6548 336.385 -480.473 -53.315 347.921 -484.657 -55.7829 349.792 -485.516 -58.9688 352.355 -475.617 -69.199 360.995 -471.457 -69.4233 361.313 -467.274 -66.9553 359.442 -454.074 -80.5957 370.963 -458.257 -83.0637 372.834 -459.117 -86.2495 375.397 -449.218 -96.4798 384.037 -445.058 -96.7041 384.355 -440.874 -94.2361 382.484 -427.675 -107.876 394.005 -431.858 -110.344 395.876 -432.718 -113.53 398.439 -422.818 -123.761 407.079 -418.658 -123.985 407.397 -414.475 -121.517 405.526 -401.242 -135.138 417.032 -401.276 -135.157 417.047 -384.36 -152.638 431.812 -371.751 -152.019 431.719 -371.369 -158.946 437.364 316.389 -125.178 432.274 316.008 -118.25 426.628 328.507 -117.637 426.536
element 23
  poly 0: 432.591 -98.8252 48.5332 426.019 -100.097 73.5987 428.707 -96.6336 74.4795 435.28 -95.3613 49.4141 432.591 -98.8252 48.5332
  poly 1: 430.763 -94.7528 48.2604 424.19 -96.0251 73.3258 426.879 -92.5612 74.2067 433.451 -91.289 49.1412 430.763 -94.7528 48.2604
  poly 2: 419.446 -101.37 98.6642 412.873 -102.642 123.73 415.562 -99.1782 124.61 422.135 -97.9059 99.545 419.446 -101.37 98.6642
  poly 3: 417.617 -97.2974 98.3913 411.045 -98.5696 123.457 413.733 -95.1058 124.338 420.306 -93.8335 99.2722 417.617 -97.2974 98.3913
  poly 4: 406.301 -103.914 148.795 399.728 -105.187 173.861 402.417 -101.723 174.741 408.99 -100.45 149.676 406.301 -103.914 148.795
  poly 5: 404.472 -99.8419 148.522 397.899 -101.114 173.588 400.588 -97.6503 174.469 407.161 -96.378 149.403 404.472 -99.8419 148.522
  poly 6: 393.156 -106.459 198.926 386.583 -107.731 223.992 389.272 -104.267 224.872 395.844 -102.995 199.807 393.156 -106.459 198.926
  poly 7: 391.327 -102.386 198.653 384.754 -103.659 223.719 387.443 -100.195 224.6 394.015 -98.9226 199.534 391.327 -102.386 198.653
  poly 8: 380.01 -109.003 249.057 373.438 -110.276 274.123 376.126 -106.812 275.003 382.699 -105.54 249.938 380.01 -109.003 249.057
  poly 9: 378.182 -104.931 248.784 371.609 -106.203 273.85 374.298 -102.739 274.731 380.87 -101.467 249.665 378.182 -104.931 248.784
  poly 10: 366.865 -111.548 299.188 360.292 -112.82 324.253 362.981 -109.356 325.134 369.554 -108.084 300.069 366.865 -111.548 299.188
  poly 11: 365.036 -107.476 298.915 358.464 -108.748 323.981 361.152 -105.284 324.861 367.725 -104.012 299.796 365.036 -107.476 298.915
  poly 12: 353.72 -114.092 349.319 347.147 -115.365 374.384 349.836 -111.901 375.265 356.409 -110.629 350.2 353.72 -114.092 349.319
  poly 13: 351.891 -110.02 349.046 345.318 -111.292 374.112 348.007 -107.828 374.992 354.58 -106.556 349.927 351.891 -110.02 349.046
  poly 14: 445.804 -93.3242 9.27972 505.053 -22.1242 9.27972 501.716 -22.1242 24.4536 499.098 -25.422 23.8778 493.752 -25.422 48.1795 497.024 -21.2998 48.8992 498.319 -18.8264 52.3688 494.31 -18.8264 70.5951 491.678 -21.2998 73.2009 488.406 -25.422 72.4812 483.06 -25.422 96.7829 486.332 -21.2998 97.5026 487.627 -18.8264 100.972 483.618 -18.8264 119.198 480.986 -21.2998 121.804 477.714 -25.422 121.085 472.369 -25.422 145.386 475.641 -21.2998 146.106 476.936 -18.8264 149.576 472.926 -18.8264 167.802 470.295 -21.2998 170.408 467.023 -25.422 169.688 461.677 -25.422 193.99 464.949 -21.2998 194.709 466.244 -18.8264 198.179 462.234 -18.8264 216.405 459.603 -21.2998 219.011 456.331 -25.422 218.291 450.985 -25.422 242.593 454.257 -21.2998 243.313 455.552 -18.8264 246.782 451.543 -18.8264 265.009 448.911 -21.2998 267.614 445.639 -25.422 266.895 440.293 -25.422 291.196 443.565 -21.2998 291.916 444.86 -18.8264 295.386 440.851 -18.8264 313.612 438.219 -21.2998 316.218 434.947 -25.422 315.498 429.601 -25.422 339.8 432.219 -22.1242 340.376 428.501 -22.1242 357.279 410.851 -39.7059 371.001 410.011 -41.6653 367.41 390.805 -60.7971 382.343 391.856 -58.3479 386.832 390.086 -59.2699 391.392 375.681 -73.6187 402.591 372.65 -77.4797 401.764 371.6 -79.9289 397.275 352.394 -99.0607 412.207 353.235 -97.1014 415.799 343.499 -106.8 423.369 338.834 -114.031 417.224 343.263 -113.173 400.331 337.886 -120.101 398.569 436.475 -101.017 22.5869 441.853 -94.0891 24.3486 445.804 -93.3242 9.27972
  poly 15: 440.984 -92.7743 9.27972 500.057 -21.7857 9.27972 496.95 -21.7857 23.4053 496.924 -21.8187 23.3995 491.604 -21.7857 47.707 494.876 -17.6635 48.4268 496.171 -15.1901 51.8964 492.162 -15.1901 70.1226 489.53 -17.6635 72.7285 486.258 -21.7857 72.0087 480.913 -21.7857 96.3104 484.185 -17.6635 97.0302 485.479 -15.1901 100.5 481.47 -15.1901 118.726 478.839 -17.6635 121.332 475.567 -21.7857 120.612 470.221 -21.7857 144.914 473.493 -17.6635 145.634 474.788 -15.1901 149.103 470.778 -15.1901 167.329 468.147 -17.6635 169.935 464.875 -21.7857 169.215 459.529 -21.7857 193.517 462.801 -17.6635 194.237 464.096 -15.1901 197.707 460.087 -15.1901 215.933 457.455 -17.6635 218.539 454.183 -21.7857 217.819 448.837 -21.7857 242.121 452.109 -17.6635 242.84 453.404 -15.1901 246.31 449.395 -15.1901 264.536 446.763 -17.6635 267.142 443.491 -21.7857 266.422 438.145 -21.7857 290.724 441.417 -17.6635 291.444 442.712 -15.1901 294.913 438.703 -15.1901 313.14 436.072 -17.6635 315.745 432.8 -21.7857 315.026 427.427 -21.8187 339.322 427.454 -21.7857 339.327 424.727 -21.7857 351.724 406.738 -39.7059 365.71 406.729 -39.7255 365.675 387.532 -58.8377 380.643 388.583 -56.3886 385.132 386.812 -57.3106 389.692 372.408 -71.6594 400.891 369.377 -75.5204 400.064 368.327 -77.9695 395.575 349.113 -97.1209 410.472 349.121 -97.1014 410.508 340.241 -105.948 417.412 335.575 -113.178 411.268 338.746 -112.565 399.177 336.057 -116.028 398.296 434.646 -96.9444 22.314 437.335 -93.4806 23.1949 440.984 -92.7743 9.27972
element 24
  poly 0: -442.09 -246.633 351.85 -444.58 -246.633 328.464 -442.794 -242.644 328.274 -440.304 -242.644 351.66 -442.09 -246.633 351.85
  poly 1: -439.186 -249.891 351.541 -441.677 -249.891 328.155 -439.891 -245.901 327.964 -437.4 -245.901 351.351 -439.186 -249.891 351.541
  poly 2: -447.071 -246.633 305.078 -449.561 -246.633 281.692 -447.775 -242.644 281.502 -445.285 -242.644 304.888 -447.071 -246.633 305.078
  poly 3: -444.167 -249.891 304.769 -446.657 -249.891 281.383 -444.871 -245.901 281.192 -442.381 -245.901 304.578 -444.167 -249.891 304.769
  poly 4: -452.051 -246.633 258.306 -454.542 -246.633 234.92 -452.756 -242.644 234.729 -450.266 -242.644 258.115 -452.051 -246.633 258.306
  poly 5: -449.148 -249.891 257.996 -451.638 -249.891 234.61 -449.852 -245.901 234.42 -447.362 -245.901 257.806 -449.148 -249.891 257.996
  poly 6: -457.032 -246.633 211.534 -459.523 -246.633 188.147 -457.737 -242.644 187.957 -455.246 -242.644 211.343 -457.032 -246.633 211.534
  poly 7: -454.128 -249.891 211.224 -456.619 -249.891 187.838 -454.833 -245.901 187.648 -452.343 -245.901 211.034 -454.128 -249.891 211.224
  poly 8: -462.013 -246.633 164.761 -464.503 -246.633 141.375 -462.717 -242.644 141.185 -460.227 -242.644 164.571 -462.013 -246.633 164.761
  poly 9: -459.109 -249.891 164.452 -461.6 -249.891 141.066 -459.814 -245.901 140.876 -457.323 -245.901 164.262 -459.109 -249.891 164.452
  poly 10: -466.994 -246.633 117.989 -469.484 -246.633 94.6033 -467.698 -242.644 94.4131 -465.208 -242.644 117.799 -466.994 -246.633 117.989
  poly 11: -464.09 -249.891 117.68 -466.58 -249.891 94.294 -464.795 -245.901 94.1039 -462.304 -245.901 117.49 -464.09 -249.891 117.68
  poly 12: -471.974 -246.633 71.2172 -474.465 -246.633 47.8311 -472.679 -242.644 47.641 -470.189 -242.644 71.027 -471.974 -246.633 71.2172
  poly 13: -469.071 -249.891 70.908 -471.561 -249.891 47.5219 -469.775 -245.901 47.3318 -467.285 -245.901 70.7178 -469.071 -249.891 70.908
  poly 14: -409.477 -190.593 419.847 -419.127 -209.925 411.425 -418.851 -208.439 407.698 -409.202 -189.107 416.12 -409.477 -190.593 419.847
  poly 15: -405.822 -192.079 419.07 -415.471 -211.411 410.648 -415.195 -209.925 406.921 -405.546 -190.593 415.343 -405.822 -192.079 419.07
  poly 16: -444.978 -172.434 9.27972 -478.57 -246.633 9.27972 -476.955 -246.633 24.4451 -478.741 -250.622 24.6352 -441.385 -250.622 375.426 -439.599 -246.633 375.236 -437.449 -246.633 395.433 -428.776 -229.257 403.003 -429.052 -230.743 406.731 -400.104 -172.747 431.997 -399.828 -171.261 428.269 -393.693 -158.969 433.624 -391.026 -151.714 427.823 -393.633 -152.715 407.598 -393.651 -152.756 407.602 -396.926 -153.98 382.055 -394.679 -148.889 381.513 -393.742 -145.993 377.995 -396.212 -146.942 358.838 -397.972 -150.154 355.97 -400.219 -155.244 356.512 -403.511 -156.509 330.969 -401.264 -151.418 330.427 -400.328 -148.522 326.909 -402.797 -149.471 307.752 -404.557 -152.683 304.884 -406.804 -157.773 305.425 -410.096 -159.038 279.882 -407.849 -153.947 279.341 -406.913 -151.051 275.823 -409.382 -152 256.666 -411.142 -155.212 253.798 -413.389 -160.302 254.339 -416.681 -161.567 228.796 -414.434 -156.476 228.255 -413.498 -153.58 224.737 -415.967 -154.529 205.579 -417.727 -157.741 202.712 -419.974 -162.831 203.253 -423.267 -164.096 177.71 -421.02 -159.005 177.168 -420.083 -156.109 173.651 -422.552 -157.057 154.493 -424.312 -160.27 151.625 -426.559 -165.36 152.167 -429.852 -166.625 126.624 -427.605 -161.534 126.082 -426.668 -158.638 122.564 -429.138 -159.586 103.407 -430.897 -162.799 100.539 -433.144 -167.889 101.081 -436.437 -169.154 75.5377 -434.19 -164.063 74.9961 -433.253 -161.167 71.4782 -435.723 -162.115 52.3209 -437.482 -165.328 49.453 -439.729 -170.418 49.9947 -443.04 -171.723 24.4559 -443.022 -171.683 24.4516 -444.978 -172.434 9.27972
  poly 17: -440.277 -171.794 9.27972 -473.828 -245.901 9.27972 -472.266 -245.901 23.9457 -475.837 -253.88 24.326 -438.482 -253.88 375.117 -434.91 -245.901 374.737 -433.152 -245.901 391.247 -424.844 -229.257 398.499 -425.396 -232.229 405.953 -396.448 -174.233 431.22 -395.897 -171.261 423.765 -389.549 -158.543 429.305 -386.882 -151.289 423.504 -389.013 -152.107 406.972 -390.811 -156.179 407.405 -394.103 -157.444 381.862 -391.856 -152.353 381.321 -390.92 -149.457 377.803 -393.389 -150.405 358.646 -395.149 -153.618 355.778 -397.396 -158.708 356.319 -400.688 -159.973 330.776 -398.441 -154.882 330.235 -397.505 -151.986 326.717 -399.974 -152.934 307.559 -401.734 -156.147 304.691 -403.981 -161.237 305.233 -407.273 -162.502 279.69 -405.027 -157.411 279.148 -404.09 -154.515 275.63 -406.559 -155.463 256.473 -408.319 -158.676 253.605 -410.566 -163.766 254.147 -413.859 -165.031 228.604 -411.612 -159.94 228.062 -410.675 -157.044 224.544 -413.144 -157.992 205.387 -414.904 -161.205 202.519 -417.151 -166.295 203.061 -420.444 -167.56 177.518 -418.197 -162.469 176.976 -417.26 -159.573 173.458 -419.73 -160.521 154.301 -421.489 -163.734 151.433 -423.736 -168.824 151.975 -427.029 -170.089 126.432 -424.782 -164.998 125.89 -423.845 -162.102 122.372 -426.315 -163.05 103.215 -428.075 -166.263 100.347 -430.321 -171.353 100.888 -433.614 -172.618 75.3454 -431.367 -167.527 74.8037 -430.43 -164.631 71.2858 -432.9 -165.579 52.1285 -434.66 -168.792 49.2606 -436.907 -173.882 49.8023 -440.199 -175.147 24.2592 -438.402 -171.074 23.8259 -440.277 -171.794 9.27972
element 25
  poly 0: 357.752 -152.645 414.294 369.259 -171.756 405.347 365.737 -173.547 404.644 354.23 -154.437 413.591 357.752 -152.645 414.294
  poly 1: 357.939 -150.853 410.707 369.446 -169.964 401.76 365.924 -171.756 401.057 354.417 -152.645 410.004 357.939 -150.853 410.707
  poly 2: 380.766 -190.866 396.4 392.273 -209.976 387.454 388.75 -211.768 386.751 377.244 -192.658 395.697 380.766 -190.866 396.4
  poly 3: 380.953 -189.074 392.813 392.46 -208.184 383.867 388.937 -209.976 383.164 377.43 -190.866 392.11 380.953 -189.074 392.813
  poly 4: 356.862 -252.451 369.369 331.411 -252.451 370.12 331.464 -248.462 371.915 356.915 -248.462 371.164 356.862 -252.451 369.369
  poly 5: 356.776 -249.193 366.45 331.325 -249.193 367.201 331.378 -245.204 368.996 356.829 -245.204 368.245 356.776 -249.193 366.45
  poly 6: 305.96 -252.451 370.871 280.509 -252.451 371.622 280.562 -248.462 373.418 306.013 -248.462 372.666 305.96 -252.451 370.871
  poly 7: 305.874 -249.193 367.952 280.422 -249.193 368.704 280.475 -245.204 370.499 305.927 -245.204 369.748 305.874 -249.193 367.952
  poly 8: 255.057 -252.451 372.374 229.606 -252.451 373.125 229.659 -248.462 374.92 255.11 -248.462 374.169 255.057 -252.451 372.374
  poly 9: 254.971 -249.193 369.455 229.52 -249.193 370.206 229.573 -245.204 372.001 255.024 -245.204 371.25 254.971 -249.193 369.455
  poly 10: 204.155 -252.451 373.876 178.704 -252.451 374.627 178.757 -248.462 376.422 204.208 -248.462 375.671 204.155 -252.451 373.876
  poly 11: 204.069 -249.193 370.957 178.618 -249.193 371.708 178.671 -245.204 373.503 204.122 -245.204 372.752 204.069 -249.193 370.957
  poly 12: 153.253 -252.451 375.378 127.802 -252.451 376.13 127.855 -248.462 377.925 153.306 -248.462 377.173 153.253 -252.451 375.378
  poly 13: 153.167 -249.193 372.46 127.716 -249.193 373.211 127.769 -245.204 375.006 153.22 -245.204 374.255 153.167 -249.193 372.46
  poly 14: 102.351 -252.451 376.881 76.8995 -252.451 377.632 76.9525 -248.462 379.427 102.404 -248.462 378.676 102.351 -252.451 376.881
  poly 15: 102.264 -249.193 373.962 76.8133 -249.193 374.713 76.8663 -245.204 376.508 102.317 -245.204 375.757 102.264 -249.193 373.962
  poly 16: 51.4483 -252.451 378.383 25.9972 -252.451 379.134 26.0502 -248.462 380.929 51.5013 -248.462 380.178 51.4483 -252.451 378.383
  poly 17: 51.3622 -249.193 375.464 25.9111 -249.193 376.215 25.964 -245.204 378.011 51.4152 -245.204 377.259 51.3622 -249.193 375.464
  poly 18: 0.54608 -252.451 379.885 -24.9051 -252.451 380.637 -24.8521 -248.462 382.432 0.599063 -248.462 381.681 0.54608 -252.451 379.885
  poly 19: 0.459931 -249.193 376.967 -24.9912 -249.193 377.718 -24.9382 -245.204 379.513 0.512915 -245.204 378.762 0.459931 -249.193 376.967
  poly 20: -50.3562 -252.451 381.388 -75.8073 -252.451 382.139 -75.7543 -248.462 383.934 -50.3032 -248.462 383.183 -50.3562 -252.451 381.388
  poly 21: -50.4423 -249.193 378.469 -75.8935 -249.193 379.22 -75.8405 -245.204 381.015 -50.3894 -245.204 380.264 -50.4423 -249.193 378.469
  poly 22: -101.258 -252.451 382.89 -126.71 -252.451 383.641 -126.657 -248.462 385.437 -101.205 -248.462 384.685 -101.258 -252.451 382.89
  poly 23: -101.345 -249.193 379.971 -126.796 -249.193 380.723 -126.743 -245.204 382.518 -101.292 -245.204 381.767 -101.345 -249.193 379.971
  poly 24: -152.161 -252.451 384.393 -177.612 -252.451 385.144 -177.559 -248.462 386.939 -152.108 -248.462 386.188 -152.161 -252.451 384.393
  poly 25: -152.247 -249.193 381.474 -177.698 -249.193 382.225 -177.645 -245.204 384.02 -152.194 -245.204 383.269 -152.247 -249.193 381.474
  poly 26: -203.063 -252.451 385.895 -228.514 -252.451 386.646 -228.461 -248.462 388.441 -203.01 -248.462 387.69 -203.063 -252.451 385.895
  poly 27: -203.149 -249.193 382.976 -228.6 -249.193 383.727 -228.547 -245.204 385.523 -203.096 -245.204 384.771 -203.149 -249.193 382.976
  poly 28: -253.965 -252.451 387.397 -279.416 -252.451 388.149 -279.363 -248.462 389.944 -253.912 -248.462 389.193 -253.965 -252.451 387.397
  poly 29: -254.051 -249.193 384.479 -279.503 -249.193 385.23 -279.45 -245.204 387.025 -253.998 -245.204 386.274 -254.051 -249.193 384.479
  poly 30: -304.868 -252.451 388.9 -330.319 -252.451 389.651 -330.266 -248.462 391.446 -304.815 -248.462 390.695 -304.868 -252.451 388.9
  poly 31: -304.954 -249.193 385.981 -330.405 -249.193 386.732 -330.352 -245.204 388.527 -304.901 -245.204 387.776 -304.954 -249.193 385.981
  poly 32: -355.77 -252.451 390.402 -381.221 -252.451 391.153 -381.168 -248.462 392.948 -355.717 -248.462 392.197 -355.77 -252.451 390.402
  poly 33: -355.856 -249.193 387.483 -381.307 -249.193 388.235 -381.254 -245.204 390.03 -355.803 -245.204 389.278 -355.856 -249.193 387.483
  poly 34: 410.741 -240.648 373.095 403.78 -229.087 378.507 407.302 -227.295 379.21 349.768 -131.743 423.943 346.246 -133.535 423.24 336.083 -116.656 431.142 316.012 -117.642 431.291 316.199 -121.714 429.451 290.726 -122.965 429.64 290.493 -117.874 431.939 287.169 -114.976 433.342 268.065 -115.914 433.484 265.021 -119.125 432.128 265.253 -124.216 429.828 239.781 -125.466 430.017 239.548 -120.376 432.316 236.224 -117.478 433.719 217.12 -118.416 433.861 214.075 -121.626 432.505 214.308 -126.717 430.205 188.836 -127.968 430.394 188.603 -122.877 432.693 185.279 -119.979 434.097 166.175 -120.917 434.238 163.13 -124.128 432.882 163.363 -129.218 430.582 137.891 -130.469 430.771 137.658 -125.378 433.07 134.334 -122.481 434.474 115.23 -123.419 434.615 112.185 -126.629 433.259 112.418 -131.72 430.959 86.9457 -132.97 431.148 86.7128 -127.88 433.447 83.389 -124.982 434.851 64.2846 -125.92 434.992 61.2403 -129.131 433.636 61.4732 -134.221 431.336 36.0006 -135.472 431.525 35.7677 -130.381 433.824 32.4439 -127.483 435.228 13.3395 -128.421 435.369 10.2952 -131.632 434.013 10.5281 -136.722 431.713 -14.9444 -137.973 431.902 -15.1773 -132.883 434.202 -18.5012 -129.985 435.605 -37.6056 -130.923 435.746 -40.6499 -134.133 434.39 -40.4169 -139.224 432.09 -65.8895 -140.474 432.279 -66.1224 -135.384 434.579 -69.4462 -132.486 435.982 -88.5506 -133.424 436.123 -91.5949 -136.635 434.767 -91.362 -141.725 432.468 -116.835 -142.976 432.656 -117.067 -137.885 434.956 -120.391 -134.987 436.359 -139.496 -135.925 436.5 -142.54 -139.136 435.144 -142.307 -144.226 432.845 -167.78 -145.477 433.033 -168.013 -140.387 435.333 -171.336 -137.489 436.736 -190.441 -138.427 436.877 -193.485 -141.637 435.521 -193.252 -146.728 433.222 -218.725 -147.978 433.41 -218.958 -142.888 435.71 -222.281 -139.99 437.113 -241.386 -140.928 437.254 -244.43 -144.139 435.898 -244.197 -149.229 433.599 -269.67 -150.48 433.787 -269.903 -145.389 436.087 -273.226 -142.491 437.49 -292.331 -143.429 437.632 -295.375 -146.64 436.275 -295.142 -151.731 433.976 -320.615 -152.981 434.164 -320.848 -147.891 436.464 -324.172 -144.993 437.867 -343.276 -145.931 438.009 -346.32 -149.141 436.652 -346.087 -154.232 434.353 -371.56 -155.483 434.541 -371.746 -151.41 436.381 -390.377 -152.325 436.519 -399.828 -171.261 428.269 -396.172 -172.747 427.492 -405.822 -192.079 419.07 -410.391 -190.221 420.042 -414.339 -191.523 419.572 -421.576 -206.022 413.255 -420.041 -209.553 411.62 -415.471 -211.411 410.648 -425.12 -230.743 402.226 -428.776 -229.257 403.003 -434.835 -241.396 397.715 -429.889 -248.462 394.386 -406.619 -248.462 393.7 -406.725 -256.44 390.109 382.26 -256.44 366.822 382.366 -248.462 370.413 405.623 -248.462 369.726 410.741 -240.648 373.095
  poly 35: 407.846 -241.379 368.462 400.444 -229.087 374.217 407.489 -225.503 375.623 349.955 -129.951 420.356 342.91 -133.535 418.95 333.199 -117.406 426.501 316.008 -118.25 426.628 316.009 -118.291 426.61 290.535 -119.501 426.817 290.302 -114.411 429.116 286.978 -111.513 430.52 267.874 -112.451 430.661 264.83 -115.661 429.305 265.062 -120.752 427.005 239.59 -122.002 427.194 239.357 -116.912 429.493 236.033 -114.014 430.897 216.929 -114.952 431.038 213.884 -118.163 429.682 214.117 -123.253 427.382 188.645 -124.504 427.571 188.412 -119.413 429.87 185.088 -116.515 431.274 165.984 -117.453 431.415 162.939 -120.664 430.059 163.172 -125.754 427.759 137.7 -127.005 427.948 137.467 -121.915 430.247 134.143 -119.017 431.651 115.039 -119.955 431.792 111.994 -123.165 430.436 112.227 -128.256 428.136 86.7547 -129.506 428.325 86.5218 -124.416 430.625 83.198 -121.518 432.028 64.0936 -122.456 432.169 61.0493 -125.667 430.813 61.2822 -130.757 428.514 35.8097 -132.008 428.702 35.5768 -126.917 431.002 32.2529 -124.019 432.405 13.1485 -124.957 432.546 10.1042 -128.168 431.19 10.3372 -133.259 428.891 -15.1354 -134.509 429.079 -15.3683 -129.419 431.379 -18.6921 -126.521 432.782 -37.7965 -127.459 432.923 -40.8408 -130.669 431.567 -40.6079 -135.76 429.268 -66.0804 -137.011 429.456 -66.3134 -131.92 431.756 -69.6372 -129.022 433.159 -88.7416 -129.96 433.3 -91.7859 -133.171 431.944 -91.553 -138.261 429.645 -117.026 -139.512 429.833 -117.258 -134.421 432.133 -120.582 -131.523 433.536 -139.687 -132.462 433.677 -142.731 -135.672 432.321 -142.498 -140.763 430.022 -167.971 -142.013 430.21 -168.203 -136.923 432.51 -171.527 -134.025 433.913 -190.632 -134.963 434.055 -193.676 -138.173 432.698 -193.443 -143.264 430.399 -218.916 -144.515 430.587 -219.149 -139.424 432.887 -222.472 -136.526 434.29 -241.577 -137.464 434.432 -244.621 -140.675 433.075 -244.388 -145.765 430.776 -269.861 -147.016 430.964 -270.094 -141.926 433.264 -273.417 -139.028 434.667 -292.522 -139.966 434.809 -295.566 -143.176 433.453 -295.333 -148.267 431.153 -320.806 -149.517 431.341 -321.039 -144.427 433.641 -324.363 -141.529 435.044 -343.467 -142.467 435.186 -346.511 -145.678 433.83 -346.278 -150.768 431.53 -371.749 -152.059 431.7 -371.751 -152.019 431.719 -386.658 -152.751 431.829 -395.897 -171.261 423.765 -395.86 -171.276 423.757 -405.546 -190.593 415.343 -410.116 -188.735 416.314 -414.064 -190.037 415.844 -421.3 -204.536 409.528 -419.765 -208.067 407.892 -415.195 -209.925 406.921 -424.807 -229.272 398.491 -424.844 -229.257 398.499 -431.268 -242.127 392.892 -426.323 -249.193 389.563 -406.758 -249.193 388.986 -406.811 -253.183 387.191 382.174 -253.183 363.904 382.227 -249.193 365.699 402.728 -249.193 365.094 407.846 -241.379 368.462
element 26
  poly 0: 506.092 -246.633 49.482 498.904 -246.633 74.614 497.178 -242.644 74.1202 504.365 -242.644 48.9882 506.092 -246.633 49.482
  poly 1: 503.284 -249.891 48.6791 496.097 -249.891 73.8111 494.37 -245.901 73.3173 501.558 -245.901 48.1852 503.284 -249.891 48.6791
  poly 2: 491.717 -246.633 99.7461 484.53 -246.633 124.878 482.803 -242.644 124.384 489.99 -242.644 99.2523 491.717 -246.633 99.7461
  poly 3: 488.909 -249.891 98.9432 481.722 -249.891 124.075 479.995 -245.901 123.581 487.183 -245.901 98.4494 488.909 -249.891 98.9432
  poly 4: 477.342 -246.633 150.01 470.155 -246.633 175.142 468.428 -242.644 174.648 475.615 -242.644 149.516 477.342 -246.633 150.01
  poly 5: 474.535 -249.891 149.207 467.347 -249.891 174.339 465.621 -245.901 173.846 472.808 -245.901 148.713 474.535 -249.891 149.207
  poly 6: 462.967 -246.633 200.274 455.78 -246.633 225.406 454.053 -242.644 224.913 461.241 -242.644 199.781 462.967 -246.633 200.274
  poly 7: 460.16 -249.891 199.471 452.972 -249.891 224.603 451.246 -245.901 224.11 458.433 -245.901 198.978 460.16 -249.891 199.471
  poly 8: 448.593 -246.633 250.538 441.405 -246.633 275.671 439.678 -242.644 275.177 446.866 -242.644 250.045 448.593 -246.633 250.538
  poly 9: 445.785 -249.891 249.736 438.598 -249.891 274.868 436.871 -245.901 274.374 444.058 -245.901 249.242 445.785 -249.891 249.736
  poly 10: 434.218 -246.633 300.803 427.03 -246.633 325.935 425.304 -242.644 325.441 432.491 -242.644 300.309 434.218 -246.633 300.803
  poly 11: 431.41 -249.891 300 424.223 -249.891 325.132 422.496 -245.901 324.638 429.684 -245.901 299.506 431.41 -249.891 300
  poly 12: 517.589 -246.633 9.27972 445.804 -93.3242 9.27972 441.853 -94.0891 24.3486 441.871 -94.1298 24.3513 435.28 -95.3613 49.4141 432.994 -90.2709 49.073 430.801 -87.3756 52.0016 425.871 -88.3298 70.8007 426.421 -91.5431 74.1385 428.707 -96.6336 74.4795 422.135 -97.9059 99.545 419.849 -92.8154 99.204 417.656 -89.9202 102.133 412.726 -90.8744 120.932 413.276 -94.0877 124.269 415.562 -99.1782 124.61 408.99 -100.45 149.676 406.704 -95.3599 149.335 404.51 -92.4647 152.263 399.581 -93.4189 171.063 400.131 -96.6322 174.4 402.417 -101.723 174.741 395.844 -102.995 199.807 393.558 -97.9045 199.466 391.365 -95.0092 202.394 386.436 -95.9634 221.194 386.986 -99.1768 224.531 389.272 -104.267 224.872 382.699 -105.54 249.938 380.413 -100.449 249.597 378.22 -97.5538 252.525 373.29 -98.508 271.324 373.84 -101.721 274.662 376.126 -106.812 275.003 369.554 -108.084 300.069 367.268 -102.994 299.728 365.075 -100.098 302.656 360.145 -101.053 321.455 360.695 -104.266 324.793 362.981 -109.356 325.134 356.409 -110.629 350.2 354.123 -105.538 349.859 351.929 -102.643 352.787 347 -103.597 371.586 347.55 -106.81 374.924 349.836 -111.901 375.265 343.282 -113.214 400.333 343.263 -113.173 400.331 337.248 -114.337 423.27 339.29 -121.983 428.648 346.246 -133.535 423.24 346.432 -131.743 419.653 357.939 -150.853 410.707 357.706 -153.093 415.19 359.004 -156.826 416.762 367.634 -171.159 410.052 369.212 -172.203 406.244 369.446 -169.964 401.76 380.953 -189.074 392.813 380.719 -191.314 397.297 382.018 -195.046 398.869 390.648 -209.379 392.159 392.226 -210.424 388.35 392.46 -208.184 383.867 403.966 -227.295 374.92 403.78 -229.087 378.507 414.345 -246.633 370.293 419.843 -246.633 351.067 421.57 -250.622 351.561 515.006 -250.622 24.8437 513.279 -246.633 24.3499 517.589 -246.633 9.27972
  poly 13: 512.684 -245.901 9.27972 440.984 -92.7742 9.27972 437.335 -93.4806 23.1949 439.164 -97.5529 23.4677 432.591 -98.8252 48.5332 430.305 -93.7347 48.1922 428.112 -90.8395 51.1207 423.183 -91.7937 69.9198 423.733 -95.007 73.2576 426.019 -100.097 73.5987 419.446 -101.37 98.6642 417.16 -96.2793 98.3231 414.967 -93.384 101.252 410.037 -94.3382 120.051 410.587 -97.5515 123.389 412.873 -102.642 123.73 406.301 -103.914 148.795 404.015 -98.8238 148.454 401.822 -95.9286 151.383 396.892 -96.8828 170.182 397.442 -100.096 173.52 399.728 -105.187 173.861 393.156 -106.459 198.926 390.87 -101.368 198.585 388.676 -98.4731 201.514 383.747 -99.4273 220.313 384.297 -102.641 223.651 386.583 -107.731 223.992 380.01 -109.003 249.057 377.724 -103.913 248.716 375.531 -101.018 251.645 370.602 -101.972 270.444 371.152 -105.185 273.781 373.438 -110.276 274.123 366.865 -111.548 299.188 364.579 -106.457 298.847 362.386 -103.562 301.775 357.456 -104.516 320.575 358.006 -107.73 323.912 360.292 -112.82 324.253 353.72 -114.092 349.319 351.434 -109.002 348.978 349.241 -106.107 351.906 344.311 -107.061 370.706 344.861 -110.274 374.043 347.147 -115.365 374.384 340.575 -116.637 399.45 338.746 -112.565 399.177 333.461 -113.588 419.331 335.503 -121.233 424.709 342.91 -133.535 418.95 342.912 -133.517 418.914 354.417 -152.645 410.004 354.183 -154.885 414.487 355.481 -158.618 416.059 364.112 -172.95 409.349 365.69 -173.995 405.541 365.924 -171.756 401.057 377.43 -190.866 392.11 377.197 -193.106 396.594 378.495 -196.838 398.166 387.125 -211.171 391.456 388.704 -212.216 387.647 388.937 -209.976 383.164 400.446 -229.069 374.181 400.444 -229.087 374.217 410.569 -245.901 366.345 415.309 -245.901 349.77 418.762 -253.88 350.758 512.198 -253.88 24.0408 508.745 -245.901 23.0532 512.684 -245.901 9.27972
element 27
  poly 0: -346.096 -344.859 421.811 -349.859 -343.623 396.932 -353.011 -340.049 397.586 -349.248 -341.285 422.465 -346.096 -344.859 421.811
  poly 1: -344.885 -340.204 421.859 -348.648 -338.968 396.98 -351.8 -335.394 397.634 -348.037 -336.63 422.513 -344.885 -340.204 421.859
  poly 2: -353.622 -342.388 372.052 -357.385 -341.153 347.173 -360.537 -337.579 347.827 -356.774 -338.814 372.707 -353.622 -342.388 372.052
  poly 3: -352.411 -337.733 372.1 -356.174 -336.498 347.221 -359.326 -332.924 347.875 -355.563 -334.159 372.755 -352.411 -337.733 372.1
  poly 4: -361.148 -339.917 322.294 -364.911 -338.682 297.415 -368.063 -335.108 298.069 -364.3 -336.343 322.948 -361.148 -339.917 322.294
  poly 5: -359.937 -335.262 322.342 -363.7 -334.027 297.463 -366.852 -330.453 298.117 -363.089 -331.688 322.996 -359.937 -335.262 322.342
  poly 6: -368.674 -337.447 272.535 -372.437 -336.212 247.656 -375.589 -332.637 248.31 -371.826 -333.873 273.189 -368.674 -337.447 272.535
  poly 7: -367.463 -332.792 272.583 -371.226 -331.557 247.704 -374.378 -327.982 248.358 -370.615 -329.218 273.237 -367.463 -332.792 272.583
  poly 8: -376.2 -334.976 222.777 -379.963 -333.741 197.897 -383.115 -330.167 198.552 -379.352 -331.402 223.431 -376.2 -334.976 222.777
  poly 9: -374.989 -330.321 222.825 -378.752 -329.086 197.945 -381.904 -325.512 198.599 -378.141 -326.747 223.479 -374.989 -330.321 222.825
  poly 10: -383.726 -332.506 173.018 -387.488 -331.27 148.139 -390.641 -327.696 148.793 -386.878 -328.932 173.672 -383.726 -332.506 173.018
  poly 11: -382.514 -327.851 173.066 -386.277 -326.615 148.187 -389.43 -323.041 148.841 -385.667 -324.277 173.72 -382.514 -327.851 173.066
  poly 12: -391.251 -330.035 123.259 -395.014 -328.8 98.3801 -398.166 -325.226 99.0343 -394.404 -326.461 123.914 -391.251 -330.035 123.259
  poly 13: -390.04 -325.38 123.307 -393.803 -324.145 98.428 -396.955 -320.571 99.0822 -393.192 -321.806 123.962 -390.04 -325.38 123.307
  poly 14: -398.777 -327.564 73.5007 -402.54 -326.329 48.6214 -405.692 -322.755 49.2756 -401.929 -323.99 74.155 -398.777 -327.564 73.5007
  poly 15: -397.566 -322.909 73.5487 -401.329 -321.674 48.6694 -404.481 -318.1 49.3236 -400.718 -319.335 74.2029 -397.566 -322.909 73.5487
  poly 16: -407.335 -277.198 419.49 -395.017 -289.593 430.241 -393.696 -291.495 426.535 -406.014 -279.101 415.783 -407.335 -277.198 419.49
  poly 17: -403.841 -275.295 417.68 -391.523 -287.69 428.432 -390.202 -289.593 424.725 -402.52 -277.198 413.974 -403.841 -275.295 417.68
  poly 18: -382.699 -301.987 440.993 -370.381 -314.382 451.744 -369.061 -316.285 448.037 -381.378 -303.89 437.286 -382.699 -301.987 440.993
  poly 19: -379.205 -300.084 439.183 -366.887 -312.479 449.934 -365.567 -314.382 446.228 -377.884 -301.987 435.476 -379.205 -300.084 439.183
  poly 20: -478.57 -246.633 9.27972 -411.742 -320.769 9.27972 -409.455 -321.52 24.3963 -403.151 -328.668 23.0879 -339.181 -349.668 446.036 -345.485 -342.52 447.345 -342.783 -343.407 465.213 -348.37 -336.53 470.956 -358.063 -326.777 462.495 -359.384 -324.874 466.202 -420.973 -262.9 412.445 -419.653 -264.803 408.738 -437.71 -246.633 392.977 -439.599 -246.633 375.236 -436.696 -249.891 374.927 -439.186 -249.891 351.541 -442.816 -245.818 351.927 -445.305 -243.375 349.236 -447.173 -243.375 331.696 -445.306 -245.818 328.541 -441.677 -249.891 328.155 -444.167 -249.891 304.769 -447.796 -245.818 305.155 -450.286 -243.375 302.464 -452.153 -243.375 284.924 -450.287 -245.818 281.769 -446.657 -249.891 281.383 -449.148 -249.891 257.996 -452.777 -245.818 258.383 -455.266 -243.375 255.692 -457.134 -243.375 238.152 -455.268 -245.818 234.997 -451.638 -249.891 234.61 -454.128 -249.891 211.224 -457.758 -245.818 211.611 -460.247 -243.375 208.92 -462.115 -243.375 191.38 -460.248 -245.818 188.225 -456.619 -249.891 187.838 -459.109 -249.891 164.452 -462.739 -245.818 164.839 -465.228 -243.375 162.147 -467.096 -243.375 144.608 -465.229 -245.818 141.453 -461.6 -249.891 141.066 -464.09 -249.891 117.68 -467.72 -245.818 118.067 -470.209 -243.375 115.375 -472.076 -243.375 97.8357 -470.21 -245.818 94.6806 -466.58 -249.891 94.294 -469.071 -249.891 70.908 -472.7 -245.818 71.2945 -475.189 -243.375 68.6031 -477.057 -243.375 51.0636 -475.191 -245.818 47.9084 -471.561 -249.891 47.5219 -474.052 -249.891 24.1359 -476.955 -246.633 24.4451 -478.57 -246.633 9.27972
  poly 21: -473.828 -245.901 9.27972 -407.287 -319.718 9.27972 -405.092 -320.439 23.7901 -401.94 -324.013 23.1359 -337.97 -345.013 446.084 -341.122 -341.439 446.738 -339.344 -342.023 458.497 -344.931 -335.146 464.239 -353.249 -326.777 456.979 -355.89 -322.971 464.393 -417.479 -260.997 410.636 -414.838 -264.803 403.222 -433.622 -245.901 386.827 -434.91 -245.901 374.737 -434.881 -245.934 374.733 -437.4 -245.901 351.351 -441.03 -241.829 351.737 -443.519 -239.386 349.046 -445.387 -239.386 331.506 -443.52 -241.829 328.351 -439.891 -245.901 327.964 -442.381 -245.901 304.578 -446.011 -241.829 304.965 -448.5 -239.386 302.274 -450.367 -239.386 284.734 -448.501 -241.829 281.579 -444.871 -245.901 281.192 -447.362 -245.901 257.806 -450.991 -241.829 258.193 -453.48 -239.386 255.501 -455.348 -239.386 237.962 -453.482 -241.829 234.807 -449.852 -245.901 234.42 -452.343 -245.901 211.034 -455.972 -241.829 211.421 -458.461 -239.386 208.729 -460.329 -239.386 191.19 -458.463 -241.829 188.035 -454.833 -245.901 187.648 -457.323 -245.901 164.262 -460.953 -241.829 164.649 -463.442 -239.386 161.957 -465.31 -239.386 144.418 -463.443 -241.829 141.263 -459.814 -245.901 140.876 -462.304 -245.901 117.49 -465.934 -241.829 117.876 -468.423 -239.386 115.185 -470.291 -239.386 97.6455 -468.424 -241.829 94.4904 -464.795 -245.901 94.1039 -467.285 -245.901 70.7178 -470.915 -241.829 71.1043 -473.404 -239.386 68.413 -475.271 -239.386 50.8734 -473.405 -241.829 47.7183 -469.775 -245.901 47.3318 -472.237 -245.934 23.9426 -472.266 -245.901 23.9457 -473.828 -245.901 9.27972
element 28
  poly 0: 377.618 -277.86 396.916 361.338 -291.44 409.574 358.209 -289.35 407.792 374.489 -275.77 395.134 377.618 -277.86 396.916
  poly 1: 376.662 -279.95 393.444 360.382 -293.53 406.102 357.253 -291.44 404.32 373.533 -277.86 391.662 376.662 -279.95 393.444
  poly 2: 345.057 -305.019 422.232 328.777 -318.599 434.89 325.648 -316.509 433.108 341.929 -302.929 420.45 345.057 -305.019 422.232
  poly 3: 344.102 -307.109 418.76 327.821 -320.689 431.418 324.693 -318.599 429.636 340.973 -305.019 416.978 344.102 -307.109 418.76
  poly 4: 312.497 -332.179 447.548 296.217 -345.758 460.206 293.088 -343.668 458.424 309.368 -330.088 445.766 312.497 -332.179 447.548
  poly 5: 311.541 -334.269 444.076 295.261 -347.848 456.735 292.132 -345.758 454.953 308.412 -332.179 442.295 311.541 -334.269 444.076
  poly 6: 217.129 -374.706 488.5 192.741 -373.509 488.146 192.963 -369.935 484.934 217.351 -371.132 485.288 217.129 -374.706 488.5
  poly 7: 216.918 -379.361 487.306 192.529 -378.164 486.952 192.752 -374.59 483.741 217.14 -375.787 484.095 216.918 -379.361 487.306
  poly 8: 168.352 -372.311 487.792 143.963 -371.114 487.438 144.185 -367.54 484.226 168.574 -368.737 484.58 168.352 -372.311 487.792
  poly 9: 168.141 -376.966 486.598 143.752 -375.769 486.244 143.974 -372.195 483.033 168.363 -373.392 483.387 168.141 -376.966 486.598
  poly 10: 119.574 -369.917 487.084 95.1857 -368.719 486.73 95.4078 -365.145 483.518 119.797 -366.342 483.872 119.574 -369.917 487.084
  poly 11: 119.363 -374.572 485.89 94.9745 -373.374 485.536 95.1966 -369.8 482.325 119.585 -370.997 482.679 119.363 -374.572 485.89
  poly 12: 70.797 -367.522 486.376 46.4083 -366.324 486.022 46.6304 -362.75 482.81 71.0191 -363.948 483.164 70.797 -367.522 486.376
  poly 13: 70.5858 -372.177 485.182 46.197 -370.979 484.828 46.4191 -367.405 481.617 70.8079 -368.603 481.971 70.5858 -372.177 485.182
  poly 14: 22.0195 -365.127 485.668 -2.3692 -363.929 485.314 -2.1471 -360.355 482.102 22.2416 -361.553 482.456 22.0195 -365.127 485.668
  poly 15: 21.8083 -369.782 484.474 -2.58043 -368.584 484.12 -2.35834 -365.01 480.909 22.0304 -366.208 481.263 21.8083 -369.782 484.474
  poly 16: -26.7579 -362.732 484.96 -51.1467 -361.534 484.606 -50.9246 -357.96 481.394 -26.5358 -359.158 481.748 -26.7579 -362.732 484.96
  poly 17: -26.9692 -367.387 483.766 -51.3579 -366.189 483.412 -51.1358 -362.615 480.201 -26.7471 -363.813 480.555 -26.9692 -367.387 483.766
  poly 18: -75.5354 -360.337 484.252 -99.9241 -359.14 483.898 -99.702 -355.565 480.686 -75.3133 -356.763 481.04 -75.5354 -360.337 484.252
  poly 19: -75.7466 -364.992 483.058 -100.135 -363.795 482.704 -99.9133 -360.22 479.493 -75.5245 -361.418 479.847 -75.7466 -364.992 483.058
  poly 20: -124.313 -357.942 483.544 -148.702 -356.745 483.19 -148.479 -353.171 479.978 -124.091 -354.368 480.332 -124.313 -357.942 483.544
  poly 21: -124.524 -362.597 482.351 -148.913 -361.4 481.997 -148.691 -357.826 478.785 -124.302 -359.023 479.139 -124.524 -362.597 482.351
  poly 22: -173.09 -355.547 482.836 -197.479 -354.35 482.482 -197.257 -350.776 479.27 -172.868 -351.973 479.624 -173.09 -355.547 482.836
  poly 23: -173.302 -360.202 481.643 -197.69 -359.005 481.289 -197.468 -355.431 478.077 -173.079 -356.628 478.431 -173.302 -360.202 481.643
  poly 24: -221.868 -353.152 482.128 -246.257 -351.955 481.774 -246.034 -348.381 478.562 -221.646 -349.578 478.916 -221.868 -353.152 482.128
  poly 25: -222.079 -357.807 480.935 -246.468 -356.61 480.581 -246.246 -353.036 477.369 -221.857 -354.233 477.723 -222.079 -357.807 480.935
  poly 26: -270.645 -350.757 481.42 -295.034 -349.56 481.066 -294.812 -345.986 477.854 -270.423 -347.183 478.208 -270.645 -350.757 481.42
  poly 27: -270.856 -355.412 480.227 -295.245 -354.215 479.873 -295.023 -350.641 476.661 -270.634 -351.838 477.015 -270.856 -355.412 480.227
  poly 28: 259.044 -376.764 489.108 279.936 -359.338 472.864 283.065 -361.428 474.646 397.027 -266.37 386.04 393.898 -264.28 384.258 404.227 -255.665 376.227 399.771 -248.462 369.899 382.366 -248.462 370.413 382.367 -248.494 370.442 356.915 -248.462 371.164 356.807 -244.39 367.515 353.561 -241.946 365.42 334.473 -241.946 365.984 331.356 -244.39 368.267 331.464 -248.462 371.915 306.013 -248.462 372.666 305.905 -244.39 369.018 302.659 -241.946 366.923 283.571 -241.946 367.486 280.454 -244.39 369.769 280.562 -248.462 373.418 255.11 -248.462 374.169 255.003 -244.39 370.52 251.757 -241.946 368.425 232.668 -241.946 368.988 229.552 -244.39 371.271 229.659 -248.462 374.92 204.208 -248.462 375.671 204.1 -244.39 372.023 200.854 -241.946 369.927 181.766 -241.946 370.491 178.649 -244.39 372.774 178.757 -248.462 376.422 153.306 -248.462 377.173 153.198 -244.39 373.525 149.952 -241.946 371.43 130.864 -241.946 371.993 127.747 -244.39 374.276 127.855 -248.462 377.925 102.404 -248.462 378.676 102.296 -244.39 375.027 99.0499 -241.946 372.932 79.9616 -241.946 373.496 76.8448 -244.39 375.779 76.9525 -248.462 379.427 51.5013 -248.462 380.178 51.3936 -244.39 376.53 48.1476 -241.946 374.435 29.0593 -241.946 374.998 25.9425 -244.39 377.281 26.0502 -248.462 380.929 0.599063 -248.462 381.681 0.491378 -244.39 378.032 -2.75463 -241.946 375.937 -21.843 -241.946 376.5 -24.9598 -244.39 378.783 -24.8521 -248.462 382.432 -50.3032 -248.462 383.183 -50.4109 -244.39 379.535 -53.6569 -241.946 377.439 -72.7452 -241.946 378.003 -75.862 -244.39 380.286 -75.7543 -248.462 383.934 -101.205 -248.462 384.685 -101.313 -244.39 381.037 -104.559 -241.946 378.942 -123.648 -241.946 379.505 -126.764 -244.39 381.788 -126.657 -248.462 385.437 -152.108 -248.462 386.188 -152.215 -244.39 382.539 -155.461 -241.946 380.444 -174.55 -241.946 381.007 -177.667 -244.39 383.29 -177.559 -248.462 386.939 -203.01 -248.462 387.69 -203.118 -244.39 384.042 -206.364 -241.946 381.946 -225.452 -241.946 382.51 -228.569 -244.39 384.793 -228.461 -248.462 388.441 -253.912 -248.462 389.193 -254.02 -244.39 385.544 -257.266 -241.946 383.449 -276.354 -241.946 384.012 -279.471 -244.39 386.295 -279.363 -248.462 389.944 -304.815 -248.462 390.695 -304.922 -244.39 387.046 -308.168 -241.946 384.951 -327.257 -241.946 385.515 -330.373 -244.39 387.798 -330.266 -248.462 391.446 -355.717 -248.462 392.197 -355.825 -244.39 388.549 -359.071 -241.946 386.454 -378.159 -241.946 387.017 -381.276 -244.39 389.3 -381.168 -248.462 392.948 -406.618 -248.494 393.729 -406.619 -248.462 393.7 -424.453 -248.462 394.226 -429.022 -255.376 400.561 -419.653 -264.803 408.738 -416.158 -262.9 406.929 -403.841 -275.295 417.68 -408.208 -277.674 419.942 -409.289 -280.65 422.643 -400.051 -289.946 430.707 -395.89 -290.068 430.694 -391.523 -287.69 428.432 -379.205 -300.084 439.183 -383.573 -302.463 441.445 -384.653 -305.439 444.146 -375.415 -314.735 452.21 -371.255 -314.858 452.196 -366.887 -312.479 449.934 -354.569 -324.874 460.686 -358.063 -326.777 462.495 -337.493 -347.475 480.45 -319.423 -348.363 480.712 -319.645 -351.937 483.924 241.296 -379.478 492.065 241.518 -375.904 488.854 259.044 -376.764 489.108
  poly 29: 253.964 -377.595 484.629 275.852 -359.338 467.611 282.11 -363.518 471.175 396.071 -268.461 382.568 389.814 -264.28 379.004 399.265 -256.397 371.655 394.809 -249.193 365.327 382.227 -249.193 365.699 382.313 -252.451 368.618 356.862 -252.451 369.369 356.754 -248.379 365.72 353.508 -245.936 363.625 334.42 -245.936 364.189 331.303 -248.379 366.472 331.411 -252.451 370.12 305.96 -252.451 370.871 305.852 -248.379 367.223 302.606 -245.936 365.127 283.518 -245.936 365.691 280.401 -248.379 367.974 280.509 -252.451 371.622 255.057 -252.451 372.374 254.95 -248.379 368.725 251.704 -245.936 366.63 232.615 -245.936 367.193 229.499 -248.379 369.476 229.606 -252.451 373.125 204.155 -252.451 373.876 204.047 -248.379 370.227 200.801 -245.936 368.132 181.713 -245.936 368.696 178.596 -248.379 370.979 178.704 -252.451 374.627 153.253 -252.451 375.378 153.145 -248.379 371.73 149.899 -245.936 369.635 130.811 -245.936 370.198 127.694 -248.379 372.481 127.802 -252.451 376.13 102.351 -252.451 376.881 102.243 -248.379 373.232 98.9969 -245.936 371.137 79.9086 -245.936 371.7 76.7918 -248.379 373.983 76.8995 -252.451 377.632 51.4483 -252.451 378.383 51.3407 -248.379 374.735 48.0947 -245.936 372.639 29.0063 -245.936 373.203 25.8895 -248.379 375.486 25.9972 -252.451 379.134 0.54608 -252.451 379.885 0.438394 -248.379 376.237 -2.80761 -245.936 374.142 -21.896 -245.936 374.705 -25.0127 -248.379 376.988 -24.9051 -252.451 380.637 -50.3562 -252.451 381.388 -50.4639 -248.379 377.739 -53.7099 -245.936 375.644 -72.7982 -245.936 376.208 -75.915 -248.379 378.491 -75.8073 -252.451 382.139 -101.258 -252.451 382.89 -101.366 -248.379 379.242 -104.612 -245.936 377.147 -123.7 -245.936 377.71 -126.817 -248.379 379.993 -126.71 -252.451 383.641 -152.161 -252.451 384.393 -152.268 -248.379 380.744 -155.514 -245.936 378.649 -174.603 -245.936 379.212 -177.72 -248.379 381.495 -177.612 -252.451 385.144 -203.063 -252.451 385.895 -203.171 -248.379 382.247 -206.417 -245.936 380.151 -225.505 -245.936 380.715 -228.622 -248.379 382.998 -228.514 -252.451 386.646 -253.965 -252.451 387.397 -254.073 -248.379 383.749 -257.319 -245.936 381.654 -276.407 -245.936 382.217 -279.524 -248.379 384.5 -279.416 -252.451 388.149 -304.868 -252.451 388.9 -304.975 -248.379 385.251 -308.221 -245.936 383.156 -327.31 -245.936 383.719 -330.426 -248.379 386.002 -330.319 -252.451 389.651 -355.77 -252.451 390.402 -355.877 -248.379 386.754 -359.123 -245.936 384.658 -378.212 -245.936 385.222 -381.329 -248.379 387.505 -381.221 -252.451 391.153 -406.672 -252.451 391.905 -406.758 -249.193 388.986 -418.911 -249.193 389.344 -423.48 -256.107 395.679 -414.838 -264.803 403.222 -414.803 -264.784 403.204 -402.52 -277.198 413.974 -406.888 -279.576 416.236 -407.969 -282.553 418.937 -398.73 -291.849 427 -394.57 -291.971 426.987 -390.202 -289.593 424.725 -377.884 -301.987 435.476 -382.252 -304.366 437.738 -383.333 -307.342 440.439 -374.094 -316.638 448.503 -369.934 -316.76 448.49 -365.567 -314.382 446.228 -353.214 -326.758 456.961 -353.249 -326.777 456.979 -331.302 -348.86 476.135 -319.412 -349.443 476.307 -319.856 -356.592 482.73 241.085 -384.133 490.872 241.529 -376.985 484.449 253.964 -377.595 484.629
element 29
  poly 0: 362.84 -400.332 49.3379 356.742 -399.043 74.8631 359.909 -395.469 75.4394 366.008 -396.758 49.9143 362.84 -400.332 49.3379
  poly 1: 361.736 -395.677 48.8391 355.637 -394.388 74.3642 358.804 -390.814 74.9406 364.903 -392.103 49.4154 361.736 -395.677 48.8391
  poly 2: 350.643 -397.755 100.388 344.544 -396.467 125.913 347.712 -392.892 126.49 353.81 -394.181 100.965 350.643 -397.755 100.388
  poly 3: 349.538 -393.1 99.8894 343.44 -391.811 125.415 346.607 -388.237 125.991 352.706 -389.526 100.466 349.538 -393.1 99.8894
  poly 4: 338.446 -395.178 151.439 332.347 -393.89 176.964 335.514 -390.316 177.54 341.613 -391.604 152.015 338.446 -395.178 151.439
  poly 5: 337.341 -390.523 150.94 331.242 -389.235 176.465 334.41 -385.661 177.041 340.508 -386.949 151.516 337.341 -390.523 150.94
  poly 6: 326.248 -392.601 202.489 320.15 -391.313 228.014 323.317 -387.739 228.59 329.416 -389.027 203.065 326.248 -392.601 202.489
  poly 7: 325.144 -387.946 201.99 319.045 -386.658 227.515 322.212 -383.084 228.091 328.311 -384.372 202.566 325.144 -387.946 201.99
  poly 8: 314.051 -390.025 253.539 307.952 -388.736 279.064 311.12 -385.162 279.641 317.218 -386.45 254.115 314.051 -390.025 253.539
  poly 9: 312.946 -385.37 253.04 306.848 -384.081 278.565 310.015 -380.507 279.142 316.114 -381.795 253.617 312.946 -385.37 253.04
  poly 10: 301.854 -387.448 304.589 295.755 -386.159 330.115 298.922 -382.585 330.691 305.021 -383.874 305.166 301.854 -387.448 304.589
  poly 11: 300.749 -382.793 304.091 294.65 -381.504 329.616 297.818 -377.93 330.192 303.916 -379.219 304.667 300.749 -382.793 304.091
  poly 12: 289.656 -384.871 355.64 283.558 -383.583 381.165 286.725 -380.009 381.741 292.824 -381.297 356.216 289.656 -384.871 355.64
  poly 13: 288.552 -380.216 355.141 282.453 -378.928 380.666 285.62 -375.354 381.242 291.719 -376.642 355.717 288.552 -380.216 355.141
  poly 14: 277.459 -382.294 406.69 271.36 -381.006 432.215 274.528 -377.432 432.792 280.626 -378.72 407.266 277.459 -382.294 406.69
  poly 15: 276.355 -377.639 406.191 270.256 -376.351 431.716 273.423 -372.777 432.293 279.522 -374.065 406.768 276.355 -377.639 406.191
  poly 16: 375.716 -398.809 9.27972 517.589 -246.633 9.27972 513.279 -246.633 24.3499 510.472 -249.891 23.547 503.284 -249.891 48.6791 506.794 -245.818 49.6827 508.001 -243.375 53.4264 502.61 -243.375 72.2754 499.606 -245.818 74.8148 496.097 -249.891 73.8111 488.909 -249.891 98.9432 492.419 -245.818 99.9468 493.626 -243.375 103.691 488.235 -243.375 122.54 485.231 -245.818 125.079 481.722 -249.891 124.075 474.535 -249.891 149.207 478.044 -245.818 150.211 479.251 -243.375 153.955 473.861 -243.375 172.804 470.857 -245.818 175.343 467.347 -249.891 174.339 460.16 -249.891 199.471 463.669 -245.818 200.475 464.876 -243.375 204.219 459.486 -243.375 223.068 456.482 -245.818 225.607 452.972 -249.891 224.603 445.785 -249.891 249.736 449.294 -245.818 250.739 450.502 -243.375 254.483 445.111 -243.375 273.332 442.107 -245.818 275.871 438.598 -249.891 274.868 431.41 -249.891 300 434.92 -245.818 301.003 436.127 -243.375 304.747 430.736 -243.375 323.596 427.732 -245.818 326.135 424.223 -249.891 325.132 417.035 -249.891 350.264 419.843 -246.633 351.067 415.055 -246.633 367.808 393.898 -264.28 384.258 392.943 -266.37 380.786 376.662 -279.95 393.444 377.857 -277.337 397.784 376.539 -277.467 401.97 364.329 -287.652 411.463 361.577 -290.917 410.442 360.382 -293.53 406.102 344.102 -307.109 418.76 345.296 -304.497 423.1 343.978 -304.627 427.286 331.768 -314.811 436.779 329.016 -318.076 435.758 327.821 -320.689 431.418 311.541 -334.269 444.076 312.736 -331.656 448.416 311.418 -331.786 452.602 299.207 -341.971 462.095 296.456 -345.236 461.074 295.261 -347.848 456.735 278.981 -361.428 469.393 279.936 -359.338 472.864 269.548 -368.003 480.941 264.356 -375.283 475.365 268.429 -376.143 458.317 262.094 -383.292 457.164 365.772 -405.194 23.2364 372.106 -398.046 24.3891 375.716 -398.809 9.27972
  poly 17: 371.188 -397.673 9.27972 512.684 -245.901 9.27972 508.745 -245.901 23.0532 508.717 -245.934 23.0452 501.558 -245.901 48.1852 505.067 -241.829 49.1889 506.274 -239.386 52.9326 500.884 -239.386 71.7816 497.88 -241.829 74.3209 494.37 -245.901 73.3173 487.183 -245.901 98.4494 490.692 -241.829 99.453 491.899 -239.386 103.197 486.509 -239.386 122.046 483.505 -241.829 124.585 479.995 -245.901 123.581 472.808 -245.901 148.713 476.317 -241.829 149.717 477.525 -239.386 153.461 472.134 -239.386 172.31 469.13 -241.829 174.849 465.621 -245.901 173.846 458.433 -245.901 198.978 461.943 -241.829 199.981 463.15 -239.386 203.725 457.759 -239.386 222.574 454.755 -241.829 225.113 451.246 -245.901 224.11 444.058 -245.901 249.242 447.568 -241.829 250.245 448.775 -239.386 253.989 443.384 -239.386 272.838 440.38 -241.829 275.377 436.871 -245.901 274.374 429.684 -245.901 299.506 433.193 -241.829 300.509 434.4 -239.386 304.253 429.01 -239.386 323.102 426.006 -241.829 325.642 422.496 -245.901 324.638 415.281 -245.934 349.762 415.309 -245.901 349.77 411.848 -245.901 361.872 389.814 -264.28 379.004 389.804 -264.301 378.969 373.533 -277.86 391.662 374.728 -275.247 396.002 373.41 -275.377 400.188 361.2 -285.562 409.681 358.448 -288.827 408.66 357.253 -291.44 404.32 340.973 -305.019 416.978 342.168 -302.407 421.318 340.849 -302.537 425.504 328.639 -312.721 434.997 325.887 -315.986 433.976 324.693 -318.599 429.636 308.412 -332.179 442.295 309.607 -329.566 446.634 308.289 -329.696 450.82 296.079 -339.881 460.313 293.327 -343.146 459.292 292.132 -345.758 454.953 275.842 -359.359 467.576 275.852 -359.338 467.611 266.46 -367.172 474.913 261.267 -374.452 469.337 264.157 -375.063 457.241 260.99 -378.637 456.665 364.667 -400.539 22.7376 367.834 -396.965 23.3139 371.188 -397.673 9.27972
element 30
  poly 0: -386.14 -470.902 401.803 -390.01 -470.902 378.218 -388.9 -466.491 378.036 -385.03 -466.491 401.621 -386.14 -470.902 401.803
  poly 1: -382.846 -473.997 401.263 -386.715 -473.997 377.678 -385.605 -469.586 377.496 -381.735 -469.586 401.081 -382.846 -473.997 401.263
  poly 2: -393.88 -470.902 354.633 -397.75 -470.902 331.048 -396.639 -466.491 330.866 -392.77 -466.491 354.451 -393.88 -470.902 354.633
  poly 3: -390.585 -473.997 354.093 -394.455 -473.997 330.508 -393.345 -469.586 330.326 -389.475 -469.586 353.911 -390.585 -473.997 354.093
  poly 4: -401.62 -470.902 307.463 -405.489 -470.902 283.878 -404.379 -466.491 283.696 -400.509 -466.491 307.281 -401.62 -470.902 307.463
  poly 5: -398.325 -473.997 306.923 -402.195 -473.997 283.338 -401.085 -469.586 283.156 -397.215 -469.586 306.741 -398.325 -473.997 306.923
  poly 6: -409.359 -470.902 260.293 -413.229 -470.902 236.708 -412.119 -466.491 236.526 -408.249 -466.491 260.111 -409.359 -470.902 260.293
  poly 7: -406.065 -473.997 259.753 -409.935 -473.997 236.168 -408.824 -469.586 235.985 -404.954 -469.586 259.571 -406.065 -473.997 259.753
  poly 8: -417.099 -470.902 213.123 -420.969 -470.902 189.538 -419.859 -466.491 189.356 -415.989 -466.491 212.941 -417.099 -470.902 213.123
  poly 9: -413.804 -473.997 212.583 -417.674 -473.997 188.998 -416.564 -469.586 188.815 -412.694 -469.586 212.4 -413.804 -473.997 212.583
  poly 10: -424.839 -470.902 165.953 -428.709 -470.902 142.368 -427.598 -466.491 142.186 -423.728 -466.491 165.771 -424.839 -470.902 165.953
  poly 11: -421.544 -473.997 165.413 -425.414 -473.997 141.828 -424.304 -469.586 141.645 -420.434 -469.586 165.23 -421.544 -473.997 165.413
  poly 12: -432.578 -470.902 118.783 -436.448 -470.902 95.1982 -435.338 -466.491 95.016 -431.468 -466.491 118.601 -432.578 -470.902 118.783
  poly 13: -429.284 -473.997 118.243 -433.154 -473.997 94.6576 -432.043 -469.586 94.4754 -428.174 -469.586 118.06 -429.284 -473.997 118.243
  poly 14: -440.318 -470.902 71.6132 -444.188 -470.902 48.0282 -443.078 -466.491 47.846 -439.208 -466.491 71.431 -440.318 -470.902 71.6132
  poly 15: -437.024 -473.997 71.0726 -440.893 -473.997 47.4876 -439.783 -469.586 47.3054 -435.913 -469.586 70.8904 -437.024 -473.997 71.0726
  poly 16: -355.264 -393.594 468.202 -364.487 -424.167 460.152 -364.83 -423.049 456.299 -355.607 -392.476 464.349 -355.264 -393.594 468.202
  poly 17: -351.399 -394.712 468.021 -360.622 -425.285 459.971 -360.966 -424.167 456.118 -351.743 -393.594 464.168 -351.399 -394.712 468.021
  poly 18: -411.742 -320.769 9.27972 -450.546 -470.902 9.27972 -448.058 -470.902 24.4432 -449.168 -475.313 24.6253 -383.381 -475.313 425.571 -382.27 -470.902 425.388 -378.585 -470.902 447.847 -373.71 -454.74 452.102 -373.367 -455.858 455.956 -345.698 -364.139 480.106 -346.041 -363.021 476.252 -342.027 -349.714 479.756 -341.251 -343.91 475.344 -345.485 -342.52 447.345 -345.497 -342.566 447.344 -349.248 -341.285 422.465 -347.734 -335.466 422.525 -347.297 -331.82 419.451 -350.119 -330.894 400.792 -351.497 -334.23 397.646 -353.011 -340.049 397.586 -356.774 -338.814 372.707 -355.26 -332.995 372.767 -354.822 -329.349 369.693 -357.645 -328.423 351.033 -359.023 -331.76 347.887 -360.537 -337.579 347.827 -364.3 -336.343 322.948 -362.786 -330.525 323.008 -362.348 -326.879 319.934 -365.171 -325.952 301.275 -366.549 -329.289 298.129 -368.063 -335.108 298.069 -371.826 -333.873 273.189 -370.312 -328.054 273.249 -369.874 -324.408 270.175 -372.696 -323.482 251.516 -374.075 -326.819 248.37 -375.589 -332.637 248.31 -379.352 -331.402 223.431 -377.838 -325.583 223.491 -377.4 -321.938 220.417 -380.222 -321.011 201.757 -381.601 -324.348 198.611 -383.115 -330.167 198.552 -386.878 -328.932 173.672 -385.364 -323.113 173.732 -384.926 -319.467 170.658 -387.748 -318.541 151.999 -389.127 -321.877 148.853 -390.641 -327.696 148.793 -394.404 -326.461 123.914 -392.89 -320.642 123.974 -392.452 -316.997 120.9 -395.274 -316.07 102.24 -396.653 -319.407 99.0942 -398.166 -325.226 99.0343 -401.929 -323.99 74.155 -400.416 -318.172 74.2149 -399.978 -314.526 71.141 -402.8 -313.599 52.4815 -404.179 -316.936 49.3356 -405.692 -322.755 49.2756 -409.467 -321.566 24.3958 -409.455 -321.52 24.3963 -411.742 -320.769 9.27972
  poly 19: -407.287 -319.718 9.27972 -446.022 -469.586 9.27972 -443.653 -469.586 23.7204 -445.874 -478.409 24.0848 -380.086 -478.409 425.03 -377.865 -469.586 424.666 -374.667 -469.586 444.159 -370.188 -454.74 448.068 -369.502 -456.976 455.775 -341.833 -365.258 479.925 -342.52 -363.021 472.218 -338.133 -348.479 476.047 -337.357 -342.675 471.634 -341.122 -341.439 446.738 -342.333 -346.094 446.69 -346.096 -344.859 421.811 -344.582 -339.04 421.871 -344.144 -335.394 418.797 -346.967 -334.468 400.138 -348.345 -337.805 396.992 -349.859 -343.623 396.932 -353.622 -342.388 372.052 -352.108 -336.569 372.112 -351.67 -332.924 369.039 -354.492 -331.997 350.379 -355.871 -335.334 347.233 -357.385 -341.153 347.173 -361.148 -339.917 322.294 -359.634 -334.099 322.354 -359.196 -330.453 319.28 -362.018 -329.527 300.62 -363.397 -332.863 297.475 -364.911 -338.682 297.415 -368.674 -337.447 272.535 -367.16 -331.628 272.595 -366.722 -327.982 269.521 -369.544 -327.056 250.862 -370.923 -330.393 247.716 -372.437 -336.212 247.656 -376.2 -334.976 222.777 -374.686 -329.157 222.837 -374.248 -325.512 219.763 -377.07 -324.585 201.103 -378.449 -327.922 197.957 -379.963 -333.741 197.897 -383.726 -332.506 173.018 -382.212 -326.687 173.078 -381.774 -323.041 170.004 -384.596 -322.115 151.345 -385.975 -325.452 148.199 -387.488 -331.27 148.139 -391.251 -330.035 123.259 -389.738 -324.216 123.319 -389.3 -320.571 120.245 -392.122 -319.644 101.586 -393.501 -322.981 98.44 -395.014 -328.8 98.3801 -398.777 -327.564 73.5007 -397.263 -321.746 73.5607 -396.826 -318.1 70.4868 -399.648 -317.174 51.8273 -401.026 -320.51 48.6814 -402.54 -326.329 48.6214 -406.303 -325.094 23.7421 -405.092 -320.439 23.7901 -407.287 -319.718 9.27972
element 31
  poly 0: 273.698 -414.834 479.791 280.024 -434.781 474.872 276.175 -435.906 474.481 269.848 -415.958 479.4 273.698 -414.834 479.791
  poly 1: 274.268 -413.709 475.964 280.594 -433.657 471.045 276.744 -434.781 470.654 270.418 -414.834 475.573 274.268 -413.709 475.964
  poly 2: 232.845 -478.604 462.415 208.813 -478.604 461.765 208.783 -474.193 462.89 232.814 -474.193 463.54 232.845 -478.604 462.415
  poly 3: 232.935 -475.509 459.078 208.904 -475.509 458.428 208.873 -471.097 459.553 232.904 -471.097 460.203 232.935 -475.509 459.078
  poly 4: 184.782 -478.604 461.116 160.751 -478.604 460.466 160.72 -474.193 461.59 184.752 -474.193 462.24 184.782 -478.604 461.116
  poly 5: 184.872 -475.509 457.778 160.841 -475.509 457.128 160.811 -471.097 458.253 184.842 -471.097 458.903 184.872 -475.509 457.778
  poly 6: 136.72 -478.604 459.816 112.688 -478.604 459.166 112.658 -474.193 460.291 136.689 -474.193 460.941 136.72 -478.604 459.816
  poly 7: 136.81 -475.509 456.479 112.779 -475.509 455.829 112.748 -471.097 456.953 136.779 -471.097 457.603 136.81 -475.509 456.479
  poly 8: 88.6572 -478.604 458.516 64.626 -478.604 457.866 64.5955 -474.193 458.991 88.6268 -474.193 459.641 88.6572 -478.604 458.516
  poly 9: 88.7474 -475.509 455.179 64.7162 -475.509 454.529 64.6858 -471.097 455.654 88.717 -471.097 456.304 88.7474 -475.509 455.179
  poly 10: 40.5947 -478.604 457.217 16.5635 -478.604 456.567 16.5331 -474.193 457.691 40.5643 -474.193 458.341 40.5947 -478.604 457.217
  poly 11: 40.685 -475.509 453.879 16.6538 -475.509 453.229 16.6234 -471.097 454.354 40.6546 -471.097 455.004 40.685 -475.509 453.879
  poly 12: -7.4677 -478.604 455.917 -31.4989 -478.604 455.267 -31.5293 -474.193 456.392 -7.49812 -474.193 457.042 -7.4677 -478.604 455.917
  poly 13: -7.37745 -475.509 452.579 -31.4087 -475.509 451.93 -31.4391 -471.097 453.054 -7.40787 -471.097 453.704 -7.37745 -475.509 452.579
  poly 14: -55.5301 -478.604 454.617 -79.5614 -478.604 453.967 -79.5918 -474.193 455.092 -55.5606 -474.193 455.742 -55.5301 -478.604 454.617
  poly 15: -55.4399 -475.509 451.28 -79.4711 -475.509 450.63 -79.5015 -471.097 451.755 -55.4703 -471.097 452.405 -55.4399 -475.509 451.28
  poly 16: -103.593 -478.604 453.318 -127.624 -478.604 452.668 -127.654 -474.193 453.792 -103.623 -474.193 454.442 -103.593 -478.604 453.318
  poly 17: -103.502 -475.509 449.98 -127.534 -475.509 449.33 -127.564 -471.097 450.455 -103.533 -471.097 451.105 -103.502 -475.509 449.98
  poly 18: -151.655 -478.604 452.018 -175.686 -478.604 451.368 -175.717 -474.193 452.493 -151.685 -474.193 453.143 -151.655 -478.604 452.018
  poly 19: -151.565 -475.509 448.68 -175.596 -475.509 448.031 -175.626 -471.097 449.155 -151.595 -471.097 449.805 -151.565 -475.509 448.68
  poly 20: -199.717 -478.604 450.718 -223.749 -478.604 450.068 -223.779 -474.193 451.193 -199.748 -474.193 451.843 -199.717 -478.604 450.718
  poly 21: -199.627 -475.509 447.381 -223.658 -475.509 446.731 -223.689 -471.097 447.856 -199.658 -471.097 448.506 -199.627 -475.509 447.381
  poly 22: -247.78 -478.604 449.419 -271.811 -478.604 448.769 -271.842 -474.193 449.893 -247.81 -474.193 450.543 -247.78 -478.604 449.419
  poly 23: -247.69 -475.509 446.081 -271.721 -475.509 445.431 -271.751 -471.097 446.556 -247.72 -471.097 447.206 -247.69 -475.509 446.081
  poly 24: -295.842 -478.604 448.119 -319.874 -478.604 447.469 -319.904 -474.193 448.594 -295.873 -474.193 449.244 -295.842 -478.604 448.119
  poly 25: -295.752 -475.509 444.781 -319.783 -475.509 444.132 -319.814 -471.097 445.256 -295.783 -471.097 445.906 -295.752 -475.509 444.781
  poly 26: 290.556 -467.99 466.684 286.35 -454.729 469.954 290.2 -453.605 470.345 271.222 -393.761 485.101 267.372 -394.886 484.71 261.666 -376.893 489.146 241.518 -375.904 488.854 241.307 -380.559 487.66 216.918 -379.361 487.306 217.182 -373.543 488.798 214.292 -369.902 489.649 196 -369.004 489.383 192.793 -372.345 488.444 192.529 -378.164 486.952 168.141 -376.966 486.598 168.405 -371.148 488.09 165.515 -367.507 488.941 147.223 -366.609 488.675 144.016 -369.95 487.736 143.752 -375.769 486.244 119.363 -374.572 485.89 119.627 -368.753 487.382 116.737 -365.112 488.233 98.4456 -364.214 487.967 95.2385 -367.555 487.028 94.9745 -373.374 485.536 70.5858 -372.177 485.182 70.8498 -366.358 486.674 67.9596 -362.717 487.525 49.6681 -361.819 487.259 46.4611 -365.16 486.32 46.197 -370.979 484.828 21.8083 -369.782 484.474 22.0723 -363.963 485.966 19.1822 -360.322 486.817 0.890625 -359.424 486.552 -2.31639 -362.766 485.612 -2.58043 -368.584 484.12 -26.9692 -367.387 483.766 -26.7051 -361.568 485.258 -29.5953 -357.927 486.109 -47.8868 -357.029 485.844 -51.0939 -360.371 484.904 -51.3579 -366.189 483.412 -75.7466 -364.992 483.058 -75.4826 -359.173 484.55 -78.3728 -355.532 485.401 -96.6643 -354.634 485.136 -99.8713 -357.976 484.196 -100.135 -363.795 482.704 -124.524 -362.597 482.351 -124.26 -356.778 483.842 -127.15 -353.137 484.693 -145.442 -352.239 484.428 -148.649 -355.581 483.488 -148.913 -361.4 481.997 -173.302 -360.202 481.643 -173.038 -354.383 483.134 -175.928 -350.742 483.985 -194.219 -349.844 483.72 -197.426 -353.186 482.78 -197.69 -359.005 481.289 -222.079 -357.807 480.935 -221.815 -351.989 482.426 -224.705 -348.348 483.277 -242.997 -347.45 483.012 -246.204 -350.791 482.072 -246.468 -356.61 480.581 -270.856 -355.412 480.227 -270.592 -349.594 481.718 -273.483 -345.953 482.569 -291.774 -345.055 482.304 -294.981 -348.396 481.364 -295.245 -354.215 479.873 -319.634 -353.018 479.519 -319.423 -348.363 480.712 -341.295 -347.289 480.395 -346.041 -363.021 476.252 -342.176 -364.139 476.071 -351.399 -394.712 468.021 -356.23 -393.315 468.247 -360.281 -396.298 467.377 -367.199 -419.227 461.339 -365.453 -423.888 460.197 -360.622 -425.285 459.971 -369.845 -455.858 451.921 -373.71 -454.74 452.102 -377.712 -468.007 448.609 -372.917 -474.193 447.16 -343.935 -474.193 447.944 -343.874 -483.015 445.694 256.906 -483.015 461.94 256.845 -474.193 464.19 285.841 -474.193 464.974 290.556 -467.99 466.684
  poly 27: 287.693 -469.306 462.141 283.07 -454.729 465.735 290.77 -452.48 466.517 271.792 -392.637 481.273 264.092 -394.886 480.491 258.682 -377.827 484.697 241.529 -376.985 484.449 241.527 -377.031 484.437 217.14 -375.787 484.095 217.404 -369.968 485.586 214.514 -366.328 486.437 196.223 -365.429 486.172 193.016 -368.771 485.232 192.752 -374.59 483.741 168.363 -373.392 483.387 168.627 -367.574 484.878 165.737 -363.933 485.729 147.445 -363.035 485.464 144.238 -366.376 484.524 143.974 -372.195 483.033 119.585 -370.997 482.679 119.849 -365.179 484.17 116.959 -361.538 485.021 98.6676 -360.64 484.756 95.4606 -363.981 483.816 95.1966 -369.8 482.325 70.8079 -368.603 481.971 71.0719 -362.784 483.462 68.1817 -359.143 484.313 49.8902 -358.245 484.048 46.6832 -361.586 483.109 46.4191 -367.405 481.617 22.0304 -366.208 481.263 22.2944 -360.389 482.755 19.4043 -356.748 483.605 1.11272 -355.85 483.34 -2.0943 -359.191 482.401 -2.35834 -365.01 480.909 -26.7471 -363.813 480.555 -26.483 -357.994 482.047 -29.3732 -354.353 482.897 -47.6647 -353.455 482.632 -50.8718 -356.797 481.693 -51.1358 -362.615 480.201 -75.5245 -361.418 479.847 -75.2605 -355.599 481.339 -78.1507 -351.958 482.189 -96.4422 -351.06 481.924 -99.6492 -354.402 480.985 -99.9133 -360.22 479.493 -124.302 -359.023 479.139 -124.038 -353.204 480.631 -126.928 -349.563 481.482 -145.22 -348.665 481.216 -148.427 -352.007 480.277 -148.691 -357.826 478.785 -173.079 -356.628 478.431 -172.815 -350.809 479.923 -175.706 -347.168 480.774 -193.997 -346.27 480.508 -197.204 -349.612 479.569 -197.468 -355.431 478.077 -221.857 -354.233 477.723 -221.593 -348.414 479.215 -224.483 -344.774 480.066 -242.775 -343.875 479.8 -245.982 -347.217 478.861 -246.246 -353.036 477.369 -270.634 -351.838 477.015 -270.37 -346.02 478.507 -273.261 -342.379 479.358 -291.552 -341.481 479.092 -294.759 -344.822 478.153 -295.023 -350.641 476.661 -319.414 -349.49 476.295 -319.412 -349.443 476.307 -338.146 -348.524 476.035 -342.52 -363.021 472.218 -342.481 -363.032 472.216 -351.743 -393.594 464.168 -356.573 -392.196 464.394 -360.625 -395.179 463.523 -367.542 -418.109 457.486 -365.796 -422.769 456.344 -360.966 -424.167 456.118 -370.15 -454.751 448.066 -370.188 -454.74 448.068 -374.588 -469.323 444.228 -369.793 -475.509 442.779 -343.815 -475.509 443.482 -343.784 -479.92 442.357 256.996 -479.92 458.603 256.966 -475.509 459.728 282.978 -475.509 460.431 287.693 -469.306 462.141
element 32
  poly 0: 385.585 -470.902 49.0716 380.016 -470.902 73.7403 378.919 -466.491 73.4925 384.487 -466.491 48.8239 385.585 -470.902 49.0716
  poly 1: 382.328 -473.997 48.3365 376.759 -473.997 73.0051 375.662 -469.586 72.7574 381.23 -469.586 48.0888 382.328 -473.997 48.3365
  poly 2: 374.448 -470.902 98.4089 368.879 -470.902 123.078 367.782 -466.491 122.83 373.35 -466.491 98.1611 374.448 -470.902 98.4089
  poly 3: 371.191 -473.997 97.6738 365.623 -473.997 122.342 364.525 -469.586 122.095 370.093 -469.586 97.426 371.191 -473.997 97.6738
  poly 4: 363.311 -470.902 147.746 357.742 -470.902 172.415 356.645 -466.491 172.167 362.213 -466.491 147.498 363.311 -470.902 147.746
  poly 5: 360.054 -473.997 147.011 354.486 -473.997 171.68 353.388 -469.586 171.432 358.957 -469.586 146.763 360.054 -473.997 147.011
  poly 6: 352.174 -470.902 197.083 346.605 -470.902 221.752 345.508 -466.491 221.504 351.076 -466.491 196.836 352.174 -470.902 197.083
  poly 7: 348.917 -473.997 196.348 343.349 -473.997 221.017 342.251 -469.586 220.769 347.82 -469.586 196.101 348.917 -473.997 196.348
  poly 8: 341.037 -470.902 246.421 335.469 -470.902 271.089 334.371 -466.491 270.842 339.939 -466.491 246.173 341.037 -470.902 246.421
  poly 9: 337.78 -473.997 245.686 332.212 -473.997 270.354 331.114 -469.586 270.106 336.683 -469.586 245.438 337.78 -473.997 245.686
  poly 10: 329.9 -470.902 295.758 324.332 -470.902 320.427 323.234 -466.491 320.179 328.803 -466.491 295.51 329.9 -470.902 295.758
  poly 11: 326.643 -473.997 295.023 321.075 -473.997 319.691 319.977 -469.586 319.444 325.546 -469.586 294.775 326.643 -473.997 295.023
  poly 12: 318.763 -470.902 345.095 313.195 -470.902 369.764 312.097 -466.491 369.516 317.666 -466.491 344.847 318.763 -470.902 345.095
  poly 13: 315.507 -473.997 344.36 309.938 -473.997 369.029 308.841 -469.586 368.781 314.409 -469.586 344.112 315.507 -473.997 344.36
  poly 14: 307.626 -470.902 394.432 302.058 -470.902 419.101 300.96 -466.491 418.853 306.529 -466.491 394.185 307.626 -470.902 394.432
  poly 15: 304.37 -473.997 393.697 298.801 -473.997 418.366 297.704 -469.586 418.118 303.272 -469.586 393.45 304.37 -473.997 393.697
  poly 16: 394.567 -470.902 9.27972 375.716 -398.809 9.27972 372.106 -398.046 24.3891 372.117 -398.092 24.3941 366.008 -396.758 49.9143 364.627 -390.939 49.2907 363.036 -387.286 52.1072 358.462 -386.32 71.2511 358.528 -389.65 74.8158 359.909 -395.469 75.4394 353.81 -394.181 100.965 352.43 -388.362 100.341 350.839 -384.71 103.157 346.265 -383.743 122.301 346.331 -387.074 125.866 347.712 -392.892 126.49 341.613 -391.604 152.015 340.232 -385.785 151.391 338.641 -382.133 154.208 334.067 -381.167 173.352 334.134 -384.497 176.916 335.514 -390.316 177.54 329.416 -389.027 203.065 328.035 -383.208 202.442 326.444 -379.556 205.258 321.87 -378.59 224.402 321.936 -381.92 227.967 323.317 -387.739 228.59 317.218 -386.45 254.115 315.838 -380.632 253.492 314.247 -376.979 256.308 309.673 -376.013 275.452 309.739 -379.343 279.017 311.12 -385.162 279.641 305.021 -383.874 305.166 303.64 -378.055 304.542 302.05 -374.403 307.359 297.476 -373.436 326.503 297.542 -376.767 330.067 298.922 -382.585 330.691 292.824 -381.297 356.216 291.443 -375.478 355.592 289.852 -371.826 358.409 285.278 -370.86 377.553 285.344 -374.19 381.118 286.725 -380.009 381.741 280.626 -378.72 407.266 279.246 -372.901 406.643 277.655 -369.249 409.459 273.081 -368.283 428.603 273.147 -371.613 432.168 274.528 -377.432 432.792 268.44 -376.19 458.322 268.429 -376.143 458.317 262.645 -374.922 482.524 263.106 -381.434 488.026 267.372 -394.886 484.71 267.942 -393.761 480.882 274.268 -413.709 475.964 273.556 -415.115 480.748 273.919 -418.451 483.003 278.663 -433.412 479.314 279.882 -435.062 475.829 280.594 -433.657 471.045 286.92 -453.605 466.126 286.35 -454.729 469.954 291.479 -470.902 465.966 296.49 -470.902 443.77 297.587 -475.313 444.017 392.25 -475.313 24.6508 391.153 -470.902 24.403 394.567 -470.902 9.27972
  poly 17: 389.991 -469.586 9.27972 371.188 -397.673 9.27972 367.834 -396.965 23.3139 368.939 -401.62 23.8128 362.84 -400.332 49.3379 361.46 -394.513 48.7143 359.869 -390.861 51.5308 355.295 -389.894 70.6747 355.361 -393.224 74.2395 356.742 -399.043 74.8631 350.643 -397.755 100.388 349.262 -391.936 99.7646 347.672 -388.284 102.581 343.098 -387.318 121.725 343.164 -390.648 125.29 344.544 -396.467 125.913 338.446 -395.178 151.439 337.065 -389.359 150.815 335.474 -385.707 153.631 330.9 -384.741 172.775 330.966 -388.071 176.34 332.347 -393.89 176.964 326.248 -392.601 202.489 324.868 -386.783 201.865 323.277 -383.13 204.682 318.703 -382.164 223.826 318.769 -385.494 227.39 320.15 -391.313 228.014 314.051 -390.025 253.539 312.67 -384.206 252.916 311.08 -380.554 255.732 306.506 -379.587 274.876 306.572 -382.917 278.441 307.952 -388.736 279.064 301.854 -387.448 304.589 300.473 -381.629 303.966 298.882 -377.977 306.782 294.308 -377.01 325.926 294.374 -380.341 329.491 295.755 -386.159 330.115 289.656 -384.871 355.64 288.276 -379.052 355.016 286.685 -375.4 357.833 282.111 -374.434 376.976 282.177 -377.764 380.541 283.558 -383.583 381.165 277.459 -382.294 406.69 276.078 -376.476 406.066 274.488 -372.823 408.883 269.914 -371.857 428.027 269.98 -375.187 431.592 271.36 -381.006 432.215 265.262 -379.718 457.74 264.157 -375.063 457.241 259.069 -373.988 478.536 259.53 -380.5 484.038 264.092 -394.886 480.491 264.098 -394.874 480.453 270.418 -414.834 475.573 269.706 -416.239 480.357 270.069 -419.576 482.612 274.814 -434.537 478.923 276.032 -436.187 475.438 276.744 -434.781 470.654 283.076 -454.718 465.697 283.07 -454.729 465.735 287.782 -469.586 462.072 292.135 -469.586 442.787 294.33 -478.409 443.282 388.994 -478.409 23.9156 386.799 -469.586 23.4201 389.991 -469.586 9.27972
element 33
  poly 0: -228.188 -597.226 522.918 -230.903 -598.485 497.983 -234.391 -595.26 498.207 -231.676 -594.001 523.142 -228.188 -597.226 522.918
  poly 1: -228.435 -591.583 522.668 -231.15 -592.842 497.733 -234.638 -589.617 497.956 -231.923 -588.358 522.892 -228.435 -591.583 522.668
  poly 2: -233.618 -599.744 473.047 -236.333 -601.003 448.112 -239.821 -597.778 448.336 -237.106 -596.519 473.271 -233.618 -599.744 473.047
  poly 3: -233.865 -594.101 472.797 -236.58 -595.36 447.862 -240.068 -592.135 448.085 -237.353 -590.876 473.021 -233.865 -594.101 472.797
  poly 4: -239.048 -602.262 423.176 -241.764 -603.521 398.241 -245.252 -600.297 398.465 -242.537 -599.038 423.4 -239.048 -602.262 423.176
  poly 5: -239.295 -596.619 422.926 -242.011 -597.878 397.991 -245.499 -594.654 398.214 -242.784 -593.395 423.15 -239.295 -596.619 422.926
  poly 6: -244.479 -604.78 373.305 -247.194 -606.04 348.37 -250.682 -602.815 348.594 -247.967 -601.556 373.529 -244.479 -604.78 373.305
  poly 7: -244.726 -599.137 373.055 -247.441 -600.397 348.12 -250.929 -597.172 348.343 -248.214 -595.913 373.279 -244.726 -599.137 373.055
  poly 8: -249.909 -607.299 323.434 -252.624 -608.558 298.499 -256.112 -605.333 298.722 -253.397 -604.074 323.658 -249.909 -607.299 323.434
  poly 9: -250.156 -601.656 323.184 -252.871 -602.915 298.249 -256.36 -599.69 298.472 -253.644 -598.431 323.408 -250.156 -601.656 323.184
  poly 10: -255.339 -609.817 273.563 -258.055 -611.076 248.628 -261.543 -607.851 248.851 -258.828 -606.592 273.787 -255.339 -609.817 273.563
  poly 11: -255.587 -604.174 273.313 -258.302 -605.433 248.378 -261.79 -602.208 248.601 -259.075 -600.949 273.537 -255.587 -604.174 273.313
  poly 12: -260.77 -612.335 223.692 -263.485 -613.594 198.757 -266.973 -610.369 198.98 -264.258 -609.11 223.916 -260.77 -612.335 223.692
  poly 13: -261.017 -606.692 223.442 -263.732 -607.951 198.507 -267.22 -604.726 198.73 -264.505 -603.467 223.666 -261.017 -606.692 223.442
  poly 14: -266.2 -614.853 173.821 -268.915 -616.112 148.886 -272.403 -612.888 149.109 -269.688 -611.628 174.045 -266.2 -614.853 173.821
  poly 15: -266.447 -609.21 173.571 -269.162 -610.469 148.636 -272.651 -607.245 148.859 -269.935 -605.985 173.795 -266.447 -609.21 173.571
  poly 16: -271.631 -617.371 123.95 -274.346 -618.63 99.0147 -277.834 -615.406 99.2384 -275.119 -614.147 124.174 -271.631 -617.371 123.95
  poly 17: -271.878 -611.728 123.7 -274.593 -612.987 98.7646 -278.081 -609.763 98.9883 -275.366 -608.504 123.924 -271.878 -611.728 123.7
  poly 18: -277.061 -619.89 74.0792 -279.776 -621.149 49.1437 -283.264 -617.924 49.3674 -280.549 -616.665 74.3029 -277.061 -619.89 74.0792
  poly 19: -277.308 -614.246 73.8291 -280.023 -615.506 48.8936 -283.511 -612.281 49.1172 -280.796 -611.022 74.0528 -277.308 -614.246 73.8291
  poly 20: -340.055 -501.671 477.699 -323.937 -514.305 491.767 -322.327 -516.327 488.107 -338.446 -503.693 474.038 -340.055 -501.671 477.699
  poly 21: -336.646 -499.649 475.609 -320.528 -512.283 489.678 -318.918 -514.305 486.017 -335.037 -501.671 471.949 -336.646 -499.649 475.609
  poly 22: -307.818 -526.939 505.836 -291.699 -539.574 519.905 -290.09 -541.596 516.245 -306.208 -528.962 502.176 -307.818 -526.939 505.836
  poly 23: -304.409 -524.917 503.746 -288.29 -537.552 517.815 -286.681 -539.574 514.155 -302.799 -526.939 500.086 -304.409 -524.917 503.746
  poly 24: -275.581 -552.208 533.974 -259.462 -564.843 548.043 -257.852 -566.865 544.382 -273.971 -554.23 530.314 -275.581 -552.208 533.974
  poly 25: -272.172 -550.186 531.884 -256.053 -562.821 545.953 -254.444 -564.843 542.293 -270.562 -552.208 528.224 -272.172 -550.186 531.884
  poly 26: -450.546 -470.902 9.27972 -287.634 -619.943 9.27972 -285.979 -619.183 24.4319 -279.003 -625.632 23.9846 -221.984 -599.192 547.63 -228.961 -592.742 548.078 -226.299 -592.436 566.342 -232.698 -585.821 571.403 -243.344 -577.477 562.111 -244.953 -575.455 565.772 -357.784 -487.014 467.29 -356.174 -489.036 463.63 -379.309 -470.902 443.437 -382.27 -470.902 425.388 -378.976 -473.997 424.848 -382.846 -473.997 401.263 -386.964 -470.128 401.938 -389.918 -467.807 399.396 -392.821 -467.807 381.707 -390.834 -470.128 378.353 -386.715 -473.997 377.678 -390.585 -473.997 354.093 -394.704 -470.128 354.768 -397.658 -467.807 352.226 -400.561 -467.807 334.537 -398.573 -470.128 331.183 -394.455 -473.997 330.508 -398.325 -473.997 306.923 -402.443 -470.128 307.598 -405.398 -467.807 305.056 -408.3 -467.807 287.367 -406.313 -470.128 284.013 -402.195 -473.997 283.338 -406.065 -473.997 259.753 -410.183 -470.128 260.428 -413.138 -467.807 257.886 -416.04 -467.807 240.197 -414.053 -470.128 236.843 -409.935 -473.997 236.168 -413.804 -473.997 212.583 -417.923 -470.128 213.258 -420.877 -467.807 210.716 -423.78 -467.807 193.027 -421.792 -470.128 189.673 -417.674 -473.997 188.998 -421.544 -473.997 165.413 -425.662 -470.128 166.088 -428.617 -467.807 163.546 -431.519 -467.807 145.857 -429.532 -470.128 142.503 -425.414 -473.997 141.828 -429.284 -473.997 118.243 -433.402 -470.128 118.918 -436.357 -467.807 116.376 -439.259 -467.807 98.6869 -437.272 -470.128 95.3333 -433.154 -473.997 94.6576 -437.024 -473.997 71.0726 -441.142 -470.128 71.7483 -444.096 -467.807 69.2056 -446.999 -467.807 51.5169 -445.012 -470.128 48.1633 -440.893 -473.997 47.4876 -444.763 -473.997 23.9026 -448.058 -470.902 24.4432 -450.546 -470.902 9.27972
  poly 27: -446.022 -469.586 9.27972 -283.636 -618.146 9.27972 -282.738 -616.765 23.9581 -279.25 -619.989 23.7344 -222.231 -593.549 547.38 -225.72 -590.324 547.604 -223.11 -591.001 558.996 -229.509 -584.387 564.056 -238.325 -577.477 556.361 -241.544 -573.433 563.682 -354.375 -484.992 465.2 -351.155 -489.036 457.88 -375.969 -469.586 436.221 -377.865 -469.586 424.666 -377.833 -469.617 424.66 -381.735 -469.586 401.081 -385.854 -465.717 401.756 -388.808 -463.395 399.214 -391.711 -463.395 381.525 -389.723 -465.717 378.171 -385.605 -469.586 377.496 -389.475 -469.586 353.911 -393.593 -465.717 354.586 -396.548 -463.395 352.044 -399.45 -463.395 334.355 -397.463 -465.717 331.001 -393.345 -469.586 330.326 -397.215 -469.586 306.741 -401.333 -465.717 307.416 -404.288 -463.395 304.874 -407.19 -463.395 287.185 -405.203 -465.717 283.831 -401.085 -469.586 283.156 -404.954 -469.586 259.571 -409.073 -465.717 260.246 -412.027 -463.395 257.704 -414.93 -463.395 240.015 -412.942 -465.717 236.661 -408.824 -469.586 235.985 -412.694 -469.586 212.4 -416.812 -465.717 213.076 -419.767 -463.395 210.534 -422.669 -463.395 192.845 -420.682 -465.717 189.491 -416.564 -469.586 188.815 -420.434 -469.586 165.23 -424.552 -465.717 165.906 -427.507 -463.395 163.363 -430.409 -463.395 145.675 -428.422 -465.717 142.321 -424.304 -469.586 141.645 -428.174 -469.586 118.06 -432.292 -465.717 118.736 -435.246 -463.395 116.193 -438.149 -463.395 98.5047 -436.162 -465.717 95.1512 -432.043 -469.586 94.4754 -435.913 -469.586 70.8904 -440.031 -465.717 71.5661 -442.986 -463.395 69.0235 -445.888 -463.395 51.3347 -443.901 -465.717 47.9811 -439.783 -469.586 47.3054 -443.62 -469.617 23.715 -443.653 -469.586 23.7204 -446.022 -469.586 9.27972
element 34
  poly 0: 250.159 -502.446 494.495 232.155 -515.87 508.493 228.877 -513.844 506.219 246.88 -500.42 492.221 250.159 -502.446 494.495
  poly 1: 248.763 -504.471 490.757 230.759 -517.895 504.755 227.481 -515.87 502.481 245.484 -502.446 488.483 248.763 -504.471 490.757
  poly 2: 214.151 -529.294 522.491 196.148 -542.718 536.489 192.869 -540.692 534.215 210.873 -527.268 520.217 214.151 -529.294 522.491
  poly 3: 212.755 -531.319 518.754 194.752 -544.743 532.752 191.473 -542.718 530.477 209.477 -529.294 516.479 212.755 -531.319 518.754
  poly 4: 103.974 -579.511 573.698 79.249 -580.725 574.34 78.96 -576.979 570.289 103.685 -575.765 569.648 103.974 -579.511 573.698
  poly 5: 104.247 -585.029 573.774 79.5218 -586.243 574.415 79.2328 -582.496 570.365 103.958 -581.282 569.723 104.247 -585.029 573.774
  poly 6: 54.5236 -581.939 574.981 29.7982 -583.153 575.622 29.5092 -579.407 571.572 54.2346 -578.193 570.931 54.5236 -581.939 574.981
  poly 7: 54.7965 -587.457 575.056 30.0711 -588.671 575.698 29.7821 -584.924 571.647 54.5075 -583.71 571.006 54.7965 -587.457 575.056
  poly 8: 5.07285 -584.367 576.264 -19.6525 -585.581 576.905 -19.9415 -581.835 572.855 4.78384 -580.621 572.213 5.07285 -584.367 576.264
  poly 9: 5.34572 -589.885 576.339 -19.3797 -591.099 576.98 -19.6687 -587.352 572.93 5.05671 -586.138 572.289 5.34572 -589.885 576.339
  poly 10: -44.3779 -586.795 577.546 -69.1033 -588.009 578.188 -69.3923 -584.263 574.137 -44.6669 -583.049 573.496 -44.3779 -586.795 577.546
  poly 11: -44.105 -592.313 577.622 -68.8304 -593.527 578.263 -69.1194 -589.78 574.213 -44.394 -588.566 573.571 -44.105 -592.313 577.622
  poly 12: -93.8287 -589.223 578.829 -118.554 -590.437 579.47 -118.843 -586.691 575.42 -94.1177 -585.477 574.779 -93.8287 -589.223 578.829
  poly 13: -93.5558 -594.741 578.904 -118.281 -595.955 579.546 -118.57 -592.208 575.495 -93.8448 -590.994 574.854 -93.5558 -594.741 578.904
  poly 14: -143.279 -591.651 580.112 -168.005 -592.865 580.753 -168.294 -589.119 576.703 -143.568 -587.905 576.061 -143.279 -591.651 580.112
  poly 15: -143.007 -597.169 580.187 -167.732 -598.383 580.828 -168.021 -594.637 576.778 -143.296 -593.423 576.137 -143.007 -597.169 580.187
  poly 16: 149.821 -577.26 572.509 178.144 -556.142 550.488 181.422 -558.167 552.762 271.441 -491.047 482.771 268.163 -489.022 480.497 279.25 -480.755 471.876 275.12 -474.193 464.684 256.845 -474.193 464.19 256.844 -474.224 464.223 232.814 -474.193 463.54 232.927 -470.324 459.368 229.991 -468.002 456.784 211.967 -468.002 456.297 208.896 -470.324 458.718 208.783 -474.193 462.89 184.752 -474.193 462.24 184.864 -470.324 458.069 181.928 -468.002 455.484 163.905 -468.002 454.997 160.833 -470.324 457.419 160.72 -474.193 461.59 136.689 -474.193 460.941 136.802 -470.324 456.769 133.866 -468.002 454.185 115.842 -468.002 453.697 112.771 -470.324 456.119 112.658 -474.193 460.291 88.6268 -474.193 459.641 88.7396 -470.324 455.469 85.8034 -468.002 452.885 67.7799 -468.002 452.398 64.7084 -470.324 454.819 64.5955 -474.193 458.991 40.5643 -474.193 458.341 40.6771 -470.324 454.17 37.7409 -468.002 451.585 19.7175 -468.002 451.098 16.6459 -470.324 453.52 16.5331 -474.193 457.691 -7.49812 -474.193 457.042 -7.38531 -470.324 452.87 -10.3215 -468.002 450.286 -28.3449 -468.002 449.798 -31.4165 -470.324 452.22 -31.5293 -474.193 456.392 -55.5606 -474.193 455.742 -55.4477 -470.324 451.57 -58.384 -468.002 448.986 -76.4074 -468.002 448.499 -79.479 -470.324 450.92 -79.5918 -474.193 455.092 -103.623 -474.193 454.442 -103.51 -470.324 450.271 -106.446 -468.002 447.686 -124.47 -468.002 447.199 -127.541 -470.324 449.621 -127.654 -474.193 453.792 -151.685 -474.193 453.143 -151.573 -470.324 448.971 -154.509 -468.002 446.387 -172.532 -468.002 445.899 -175.604 -470.324 448.321 -175.717 -474.193 452.493 -199.748 -474.193 451.843 -199.635 -470.324 447.671 -202.571 -468.002 445.087 -220.595 -468.002 444.6 -223.666 -470.324 447.021 -223.779 -474.193 451.193 -247.81 -474.193 450.543 -247.698 -470.324 446.372 -250.634 -468.002 443.787 -268.657 -468.002 443.3 -271.729 -470.324 445.722 -271.842 -474.193 449.893 -295.873 -474.193 449.244 -295.76 -470.324 445.072 -298.696 -468.002 442.488 -316.72 -468.002 442 -319.791 -470.324 444.422 -319.904 -474.193 448.594 -343.936 -474.224 447.977 -343.935 -474.193 447.944 -362.218 -474.193 447.45 -366.744 -480.751 454.404 -356.174 -489.036 463.63 -352.765 -487.014 461.54 -336.646 -499.649 475.609 -340.908 -502.176 478.221 -341.449 -505.272 481.547 -329.36 -514.748 492.098 -324.789 -514.811 492.29 -320.528 -512.283 489.678 -304.409 -524.917 503.746 -308.67 -527.445 506.359 -309.212 -530.541 509.684 -297.123 -540.017 520.236 -292.552 -540.079 520.427 -288.29 -537.552 517.815 -272.172 -550.186 531.884 -276.433 -552.714 534.496 -276.975 -555.81 537.822 -264.886 -565.285 548.374 -260.314 -565.348 548.565 -256.053 -562.821 545.953 -239.935 -575.455 560.022 -243.344 -577.477 562.111 -220.428 -595.439 582.113 -192.73 -594.079 581.394 -192.441 -597.826 585.445 128.989 -582.044 577.107 128.7 -578.297 573.057 149.821 -577.26 572.509
  poly 17: 142.275 -579.401 568.729 173.469 -556.142 544.476 180.026 -560.193 549.024 270.045 -493.073 479.033 263.488 -489.022 474.485 272.811 -482.071 467.237 268.68 -475.509 460.044 256.966 -475.509 459.728 256.876 -478.604 463.065 232.845 -478.604 462.415 232.957 -474.735 458.244 230.021 -472.414 455.659 211.998 -472.414 455.172 208.926 -474.735 457.594 208.813 -478.604 461.765 184.782 -478.604 461.116 184.895 -474.735 456.944 181.959 -472.414 454.36 163.935 -472.414 453.872 160.864 -474.735 456.294 160.751 -478.604 460.466 136.72 -478.604 459.816 136.832 -474.735 455.644 133.896 -472.414 453.06 115.873 -472.414 452.573 112.801 -474.735 454.994 112.688 -478.604 459.166 88.6572 -478.604 458.516 88.77 -474.735 454.344 85.8338 -472.414 451.76 67.8104 -472.414 451.273 64.7388 -474.735 453.695 64.626 -478.604 457.866 40.5947 -478.604 457.217 40.7075 -474.735 453.045 37.7713 -472.414 450.461 19.7479 -472.414 449.973 16.6763 -474.735 452.395 16.5635 -478.604 456.567 -7.4677 -478.604 455.917 -7.35489 -474.735 451.745 -10.2911 -472.414 449.161 -28.3145 -472.414 448.673 -31.3861 -474.735 451.095 -31.4989 -478.604 455.267 -55.5301 -478.604 454.617 -55.4173 -474.735 450.445 -58.3535 -472.414 447.861 -76.377 -472.414 447.374 -79.4486 -474.735 449.796 -79.5614 -478.604 453.967 -103.593 -478.604 453.318 -103.48 -474.735 449.146 -106.416 -472.414 446.562 -124.439 -472.414 446.074 -127.511 -474.735 448.496 -127.624 -478.604 452.668 -151.655 -478.604 452.018 -151.542 -474.735 447.846 -154.478 -472.414 445.262 -172.502 -472.414 444.774 -175.573 -474.735 447.196 -175.686 -478.604 451.368 -199.717 -478.604 450.718 -199.605 -474.735 446.546 -202.541 -472.414 443.962 -220.564 -472.414 443.475 -223.636 -474.735 445.897 -223.749 -478.604 450.068 -247.78 -478.604 449.419 -247.667 -474.735 445.247 -250.603 -472.414 442.663 -268.627 -472.414 442.175 -271.698 -474.735 444.597 -271.811 -478.604 448.769 -295.842 -478.604 448.119 -295.73 -474.735 443.947 -298.666 -472.414 441.363 -316.689 -472.414 440.875 -319.761 -474.735 443.297 -319.874 -478.604 447.469 -343.905 -478.604 446.819 -343.815 -475.509 443.482 -355.52 -475.509 443.165 -360.046 -482.067 450.119 -351.155 -489.036 457.88 -351.121 -489.016 457.859 -335.037 -501.671 471.949 -339.298 -504.198 474.561 -339.84 -507.294 477.887 -327.751 -516.77 488.438 -323.179 -516.833 488.63 -318.918 -514.305 486.017 -302.799 -526.939 500.086 -307.061 -529.467 502.698 -307.602 -532.563 506.024 -295.514 -542.039 516.576 -290.942 -542.101 516.767 -286.681 -539.574 514.155 -270.562 -552.208 528.224 -274.823 -554.736 530.836 -275.365 -557.832 534.162 -263.276 -567.308 544.714 -258.705 -567.37 544.905 -254.444 -564.843 542.293 -238.291 -577.457 556.341 -238.325 -577.477 556.361 -213.58 -596.873 577.96 -192.746 -595.851 577.42 -192.168 -603.343 585.52 129.262 -587.561 577.182 128.684 -580.068 569.082 142.275 -579.401 568.729
element 35
  poly 0: 299.394 -549.217 47.2638 292.525 -550.458 71.6095 296.379 -546.712 72.8879 303.248 -545.47 48.5422 299.394 -549.217 47.2638
  poly 1: 299.4 -543.699 47.5468 292.531 -544.941 71.8925 296.385 -541.195 73.1709 303.254 -539.953 48.8252 299.4 -543.699 47.5468
  poly 2: 285.657 -551.7 95.9551 278.788 -552.942 120.301 282.642 -549.195 121.579 289.511 -547.954 97.2335 285.657 -551.7 95.9551
  poly 3: 285.663 -546.183 96.2382 278.794 -547.424 120.584 282.648 -543.678 121.862 289.517 -542.436 97.5166 285.663 -546.183 96.2382
  poly 4: 271.92 -554.183 144.646 265.051 -555.425 168.992 268.906 -551.679 170.271 275.774 -550.437 145.925 271.92 -554.183 144.646
  poly 5: 271.926 -548.666 144.93 265.057 -549.907 169.275 268.911 -546.161 170.554 275.78 -544.919 146.208 271.926 -548.666 144.93
  poly 6: 258.183 -556.667 193.338 251.314 -557.908 217.683 255.169 -554.162 218.962 262.037 -552.92 194.616 258.183 -556.667 193.338
  poly 7: 258.189 -551.149 193.621 251.32 -552.391 217.967 255.174 -548.644 219.245 262.043 -547.403 194.899 258.189 -551.149 193.621
  poly 8: 244.446 -559.15 242.029 237.577 -560.391 266.375 241.432 -556.645 267.653 248.3 -555.403 243.308 244.446 -559.15 242.029
  poly 9: 244.452 -553.632 242.312 237.583 -554.874 266.658 241.437 -551.127 267.936 248.306 -549.886 243.591 244.452 -553.632 242.312
  poly 10: 230.709 -561.633 290.721 223.84 -562.875 315.066 227.695 -559.128 316.345 234.563 -557.887 291.999 230.709 -561.633 290.721
  poly 11: 230.715 -556.115 291.004 223.846 -557.357 315.349 227.7 -553.611 316.628 234.569 -552.369 292.282 230.715 -556.115 291.004
  poly 12: 216.972 -564.116 339.412 210.104 -565.358 363.758 213.958 -561.611 365.036 220.826 -560.37 340.69 216.972 -564.116 339.412
  poly 13: 216.978 -558.599 339.695 210.109 -559.84 364.041 213.963 -556.094 365.319 220.832 -554.852 340.973 216.978 -558.599 339.695
  poly 14: 203.235 -566.599 388.103 196.367 -567.841 412.449 200.221 -564.095 413.727 207.089 -562.853 389.382 203.235 -566.599 388.103
  poly 15: 203.241 -561.082 388.386 196.372 -562.324 412.732 200.226 -558.577 414.01 207.095 -557.336 389.665 203.241 -561.082 388.386
  poly 16: 189.498 -569.083 436.795 182.63 -570.324 461.14 186.484 -566.578 462.419 193.352 -565.336 438.073 189.498 -569.083 436.795
  poly 17: 189.504 -563.565 437.078 182.635 -564.807 461.423 186.489 -561.06 462.702 193.358 -559.819 438.356 189.504 -563.565 437.078
  poly 18: 175.761 -571.566 485.486 168.893 -572.808 509.832 172.747 -569.061 511.11 179.615 -567.82 486.764 175.761 -571.566 485.486
  poly 19: 175.767 -566.048 485.769 168.898 -567.29 510.115 172.752 -563.544 511.393 179.621 -562.302 487.047 175.767 -566.048 485.769
  poly 20: 314.325 -543.468 9.27972 394.567 -470.902 9.27972 391.153 -470.902 24.403 387.896 -473.997 23.6679 382.328 -473.997 48.3365 386.399 -470.128 49.2554 388.145 -467.807 52.8903 383.969 -467.807 71.3918 380.83 -470.128 73.924 376.759 -473.997 73.0051 371.191 -473.997 97.6738 375.262 -470.128 98.5927 377.008 -467.807 102.228 372.832 -467.807 120.729 369.693 -470.128 123.261 365.623 -473.997 122.342 360.054 -473.997 147.011 364.125 -470.128 147.93 365.871 -467.807 151.565 361.695 -467.807 170.066 358.556 -470.128 172.599 354.486 -473.997 171.68 348.917 -473.997 196.348 352.988 -470.128 197.267 354.735 -467.807 200.902 350.558 -467.807 219.404 347.42 -470.128 221.936 343.349 -473.997 221.017 337.78 -473.997 245.686 341.851 -470.128 246.604 343.598 -467.807 250.239 339.421 -467.807 268.741 336.283 -470.128 271.273 332.212 -473.997 270.354 326.643 -473.997 295.023 330.714 -470.128 295.942 332.461 -467.807 299.577 328.284 -467.807 318.078 325.146 -470.128 320.61 321.075 -473.997 319.691 315.507 -473.997 344.36 319.577 -470.128 345.279 321.324 -467.807 348.914 317.148 -467.807 367.415 314.009 -470.128 369.948 309.938 -473.997 369.029 304.37 -473.997 393.697 308.441 -470.128 394.616 310.187 -467.807 398.251 306.011 -467.807 416.753 302.872 -470.128 419.285 298.801 -473.997 418.366 293.233 -473.997 443.035 296.49 -470.902 443.77 292.464 -470.902 461.602 268.163 -489.022 480.497 266.767 -491.047 476.759 248.763 -504.471 490.757 250.508 -501.939 495.43 249.304 -502.098 499.983 235.802 -512.166 510.481 232.504 -515.363 509.428 230.759 -517.895 504.755 212.755 -531.319 518.754 214.5 -528.787 523.426 213.297 -528.946 527.979 199.794 -539.014 538.478 196.497 -542.212 537.424 194.752 -544.743 532.752 176.748 -558.167 546.75 178.144 -556.142 550.488 166.503 -564.821 559.538 160.788 -571.223 553.499 165.878 -570.303 535.456 158.17 -577.796 532.899 302.408 -551.722 21.6397 310.116 -544.229 24.1965 314.325 -543.468 9.27972
  poly 21: 310.196 -541.748 9.27972 389.991 -469.586 9.27972 386.799 -469.586 23.4201 386.766 -469.617 23.4128 381.23 -469.586 48.0888 385.301 -465.717 49.0077 387.048 -463.395 52.6426 382.871 -463.395 71.1441 379.733 -465.717 73.6763 375.662 -469.586 72.7574 370.093 -469.586 97.426 374.164 -465.717 98.3449 375.911 -463.395 101.98 371.734 -463.395 120.481 368.596 -465.717 123.014 364.525 -469.586 122.095 358.957 -469.586 146.763 363.027 -465.717 147.682 364.774 -463.395 151.317 360.598 -463.395 169.819 357.459 -465.717 172.351 353.388 -469.586 171.432 347.82 -469.586 196.101 351.891 -465.717 197.019 353.637 -463.395 200.654 349.461 -463.395 219.156 346.322 -465.717 221.688 342.251 -469.586 220.769 336.683 -469.586 245.438 340.754 -465.717 246.357 342.5 -463.395 249.992 338.324 -463.395 268.493 335.185 -465.717 271.025 331.114 -469.586 270.106 325.546 -469.586 294.775 329.617 -465.717 295.694 331.363 -463.395 299.329 327.187 -463.395 317.83 324.048 -465.717 320.363 319.977 -469.586 319.444 314.409 -469.586 344.112 318.48 -465.717 345.031 320.226 -463.395 348.666 316.05 -463.395 367.168 312.911 -465.717 369.7 308.841 -469.586 368.781 303.272 -469.586 393.45 307.343 -465.717 394.368 309.089 -463.395 398.003 304.913 -463.395 416.505 301.775 -465.717 419.037 297.704 -469.586 418.118 292.103 -469.617 442.779 292.135 -469.586 442.787 289.555 -469.586 454.218 263.488 -489.022 474.485 263.474 -489.042 474.448 245.484 -502.446 488.483 247.229 -499.914 493.155 246.026 -500.073 497.709 232.523 -510.141 508.207 229.226 -513.338 507.154 227.481 -515.87 502.481 209.477 -529.294 516.479 211.222 -526.762 521.152 210.018 -526.921 525.705 196.516 -536.989 536.203 193.218 -540.186 535.15 191.473 -542.718 530.477 173.455 -556.162 544.438 173.469 -556.142 544.476 164.7 -562.681 551.294 158.984 -569.082 545.255 162.03 -568.532 534.46 158.176 -572.278 533.182 302.414 -546.204 21.9228 306.268 -542.458 23.2012 310.196 -541.748 9.27972
element 36
  poly 0: -223.228 -641.016 582.863 -222.64 -655.566 583.065 -223.082 -655.587 579.075 -223.67 -641.037 578.873 -223.228 -641.016 582.863
  poly 1: -219.854 -640.924 582.776 -219.266 -655.474 582.978 -219.707 -655.496 578.988 -220.295 -640.946 578.786 -219.854 -640.924 582.776
  poly 2: -287.629 -619.948 9.27972 -286.506 -695.187 9.27972 -220.386 -695.924 569.38 -223.015 -684.564 583.506 -222.052 -670.116 583.267 -221.611 -670.095 587.257 -223.375 -626.444 586.651 -223.816 -626.466 582.661 -224.438 -598.826 582.265 -226.051 -591.393 574.795 -228.961 -592.742 548.078 -228.958 -592.799 548.08 -231.676 -594.001 523.142 -231.985 -586.947 522.829 -232.509 -582.873 519.525 -234.546 -583.817 500.823 -234.7 -588.206 497.894 -234.391 -595.26 498.207 -237.106 -596.519 473.271 -237.415 -589.466 472.958 -237.94 -585.391 469.654 -239.976 -586.335 450.952 -240.13 -590.725 448.023 -239.821 -597.778 448.336 -242.537 -599.038 423.4 -242.845 -591.984 423.087 -243.37 -587.909 419.783 -245.406 -588.853 401.081 -245.561 -593.243 398.152 -245.252 -600.297 398.465 -247.967 -601.556 373.529 -248.276 -594.502 373.216 -248.8 -590.427 369.912 -250.837 -591.371 351.21 -250.991 -595.761 348.281 -250.682 -602.815 348.594 -253.397 -604.074 323.658 -253.706 -597.02 323.345 -254.231 -592.945 320.041 -256.267 -593.89 301.339 -256.421 -598.279 298.41 -256.112 -605.333 298.722 -258.828 -606.592 273.787 -259.136 -599.538 273.474 -259.661 -595.463 270.17 -261.698 -596.408 251.468 -261.852 -600.797 248.539 -261.543 -607.851 248.851 -264.258 -609.11 223.916 -264.567 -602.056 223.603 -265.092 -597.982 220.299 -267.128 -598.926 201.597 -267.282 -603.316 198.668 -266.973 -610.369 198.98 -269.688 -611.628 174.045 -269.997 -604.575 173.732 -270.522 -600.5 170.428 -272.558 -601.444 151.726 -272.712 -605.834 148.797 -272.403 -612.888 149.109 -275.119 -614.147 124.174 -275.428 -607.093 123.861 -275.952 -603.018 120.557 -277.989 -603.962 101.855 -278.143 -608.352 98.9257 -277.834 -615.406 99.2384 -280.549 -616.665 74.3029 -280.858 -609.611 73.9902 -281.383 -605.536 70.6857 -283.419 -606.48 51.9841 -283.573 -610.87 49.0547 -283.264 -617.924 49.3674 -285.977 -619.239 24.4344 -285.979 -619.183 24.4319 -287.629 -619.948 9.27972
  poly 3: -284.337 -617.506 9.27972 -282.51 -693.298 9.27972 -220.14 -693.298 571.953 -219.426 -685.665 579.431 -219.119 -670.046 579.19 -218.236 -670.003 587.171 -220 -626.353 586.565 -220.883 -626.396 578.584 -220.893 -597.233 578.15 -223.234 -589.171 570.431 -225.72 -590.324 547.604 -225.473 -595.967 547.854 -228.188 -597.226 522.918 -228.497 -590.172 522.606 -229.021 -586.097 519.301 -231.058 -587.042 500.6 -231.212 -591.431 497.67 -230.903 -598.485 497.983 -233.618 -599.744 473.047 -233.927 -592.69 472.735 -234.452 -588.615 469.43 -236.488 -589.56 450.729 -236.642 -593.949 447.799 -236.333 -601.003 448.112 -239.048 -602.262 423.176 -239.357 -595.208 422.864 -239.882 -591.134 419.559 -241.918 -592.078 400.858 -242.072 -596.468 397.928 -241.764 -603.521 398.241 -244.479 -604.78 373.305 -244.788 -597.727 372.993 -245.312 -593.652 369.688 -247.349 -594.596 350.987 -247.503 -598.986 348.057 -247.194 -606.04 348.37 -249.909 -607.299 323.434 -250.218 -600.245 323.122 -250.743 -596.17 319.817 -252.779 -597.114 301.116 -252.933 -601.504 298.186 -252.624 -608.558 298.499 -255.339 -609.817 273.563 -255.648 -602.763 273.251 -256.173 -598.688 269.946 -258.209 -599.632 251.245 -258.364 -604.022 248.315 -258.055 -611.076 248.628 -260.77 -612.335 223.692 -261.079 -605.281 223.38 -261.603 -601.206 220.075 -263.64 -602.151 201.373 -263.794 -606.54 198.444 -263.485 -613.594 198.757 -266.2 -614.853 173.821 -266.509 -607.799 173.509 -267.034 -603.724 170.204 -269.07 -604.669 151.502 -269.224 -609.058 148.573 -268.915 -616.112 148.886 -271.631 -617.371 123.95 -271.939 -610.318 123.638 -272.464 -606.243 120.333 -274.501 -607.187 101.631 -274.655 -611.577 98.7021 -274.346 -618.63 99.0147 -277.061 -619.89 74.0792 -277.37 -612.836 73.7666 -277.894 -608.761 70.462 -279.931 -609.705 51.7604 -280.085 -614.095 48.8311 -279.776 -621.149 49.1437 -282.491 -622.408 24.2082 -282.738 -616.765 23.9581 -284.337 -617.506 9.27972
element 37
  poly 0: -162.678 -701.797 578.241 -139.604 -701.797 577.659 -139.606 -696.51 577.58 -162.68 -696.51 578.162 -162.678 -701.797 578.241
  poly 1: -162.576 -705.196 582.29 -139.502 -705.196 581.709 -139.504 -699.908 581.63 -162.578 -699.908 582.212 -162.576 -705.196 582.29
  poly 2: -116.53 -701.797 577.077 -93.4556 -701.797 576.496 -93.4575 -696.51 576.417 -116.532 -696.51 576.999 -116.53 -701.797 577.077
  poly 3: -116.428 -705.196 581.127 -93.3535 -705.196 580.546 -93.3555 -699.908 580.467 -116.43 -699.908 581.048 -116.428 -705.196 581.127
  poly 4: -70.3815 -701.797 575.914 -47.3075 -701.797 575.332 -47.3095 -696.51 575.254 -70.3835 -696.51 575.835 -70.3815 -701.797 575.914
  poly 5: -70.2794 -705.196 579.964 -47.2054 -705.196 579.382 -47.2074 -699.908 579.303 -70.2814 -699.908 579.885 -70.2794 -705.196 579.964
  poly 6: -24.2335 -701.797 574.751 -1.15941 -701.797 574.169 -1.1614 -696.51 574.09 -24.2354 -696.51 574.672 -24.2335 -701.797 574.751
  poly 7: -24.1314 -705.196 578.801 -1.05733 -705.196 578.219 -1.05931 -699.908 578.14 -24.1334 -699.908 578.722 -24.1314 -705.196 578.801
  poly 8: 21.9146 -701.797 573.588 44.9887 -701.797 573.006 44.9867 -696.51 572.927 21.9126 -696.51 573.509 21.9146 -701.797 573.588
  poly 9: 22.0167 -705.196 577.637 45.0907 -705.196 577.056 45.0888 -699.908 576.977 22.0147 -699.908 577.559 22.0167 -705.196 577.637
  poly 10: 68.0627 -701.797 572.424 91.1367 -701.797 571.843 91.1348 -696.51 571.764 68.0607 -696.51 572.345 68.0627 -701.797 572.424
  poly 11: 68.1648 -705.196 576.474 91.2388 -705.196 575.892 91.2368 -699.908 575.814 68.1628 -699.908 576.395 68.1648 -705.196 576.474
  poly 12: 155.111 -648.37 569.434 155.558 -625.794 569.086 151.374 -625.709 569.19 150.927 -648.286 569.538 155.111 -648.37 569.434
  poly 13: 153.978 -648.286 573.463 154.426 -625.709 573.115 150.242 -625.625 573.219 149.795 -648.201 573.567 153.978 -648.286 573.463
  poly 14: 150.164 -686.802 570.131 134.872 -701.797 570.74 114.211 -701.797 571.261 114.213 -707.084 571.34 -185.75 -707.084 578.901 -185.752 -701.797 578.822 -204.163 -701.797 579.286 -218.402 -687.789 579.437 -219.119 -670.046 579.19 -219.085 -670.045 579.189 -219.707 -655.496 578.988 -223.925 -655.61 579.096 -226.53 -653.86 579.136 -226.971 -642.948 578.984 -224.513 -641.06 578.894 -220.295 -640.946 578.786 -220.849 -626.395 578.583 -220.883 -626.396 578.584 -221.422 -613.06 578.399 -205.916 -596.497 577.761 -192.746 -595.851 577.42 -192.744 -595.906 577.42 -168.021 -594.637 576.778 -168.362 -587.74 576.684 -165.476 -583.45 576.547 -146.932 -582.539 576.066 -143.637 -586.526 576.043 -143.296 -593.423 576.137 -118.57 -592.208 575.495 -118.911 -585.312 575.401 -116.025 -581.022 575.265 -97.4812 -580.111 574.784 -94.1859 -584.098 574.76 -93.8448 -590.994 574.854 -69.1194 -589.78 574.213 -69.4605 -582.884 574.119 -66.5745 -578.594 573.982 -48.0305 -577.683 573.501 -44.7351 -581.67 573.477 -44.394 -588.566 573.571 -19.6687 -587.352 572.93 -20.0098 -580.455 572.836 -17.1237 -576.166 572.699 1.4203 -575.255 572.218 4.71563 -579.241 572.195 5.05671 -586.138 572.289 29.7821 -584.924 571.647 29.441 -578.027 571.553 32.327 -573.738 571.416 50.8711 -572.827 570.935 54.1664 -576.813 570.912 54.5075 -583.71 571.006 79.2328 -582.496 570.365 78.8918 -575.599 570.27 81.7778 -571.31 570.134 100.322 -570.399 569.653 103.617 -574.385 569.629 103.958 -581.282 569.723 128.686 -580.123 569.083 128.684 -580.068 569.082 142.124 -579.408 568.733 152.099 -589.099 568.626 151.821 -603.133 568.842 160.189 -603.302 568.634 158.847 -671.031 569.677 150.48 -670.862 569.886 150.164 -686.802 570.131
  poly 15: 153.253 -684.913 574.027 137.961 -699.908 574.636 114.311 -699.908 575.232 114.315 -710.483 575.39 -185.648 -710.483 582.951 -185.652 -699.908 582.793 -207.765 -699.908 583.351 -221.39 -686.505 583.494 -222.052 -670.116 583.267 -218.678 -670.024 583.18 -219.266 -655.474 582.978 -223.484 -655.589 583.086 -226.088 -653.839 583.126 -226.529 -642.926 582.974 -224.072 -641.039 582.884 -219.854 -640.924 582.776 -220.442 -626.374 582.574 -223.816 -626.466 582.661 -224.447 -610.854 582.444 -209.514 -594.903 581.83 -192.73 -594.079 581.394 -192.457 -599.597 581.47 -167.732 -598.383 580.828 -168.073 -591.486 580.734 -165.187 -587.196 580.598 -146.643 -586.286 580.117 -143.348 -590.272 580.093 -143.007 -597.169 580.187 -118.281 -595.955 579.546 -118.622 -589.058 579.452 -115.736 -584.768 579.315 -97.1922 -583.858 578.834 -93.8969 -587.844 578.81 -93.5558 -594.741 578.904 -68.8304 -593.527 578.263 -69.1715 -586.63 578.169 -66.2855 -582.34 578.032 -47.7414 -581.429 577.551 -44.4461 -585.416 577.527 -44.105 -592.313 577.622 -19.3797 -591.099 576.98 -19.7207 -584.202 576.886 -16.8347 -579.912 576.749 1.70931 -579.001 576.268 5.00463 -582.988 576.245 5.34572 -589.885 576.339 30.0711 -588.671 575.698 29.73 -581.774 575.603 32.616 -577.484 575.467 51.1601 -576.573 574.986 54.4554 -580.56 574.962 54.7965 -587.457 575.056 79.5218 -586.243 574.415 79.1808 -579.346 574.321 82.0668 -575.056 574.184 100.611 -574.145 573.703 103.906 -578.132 573.679 104.247 -585.029 573.774 128.973 -583.815 573.132 128.7 -578.297 573.057 145.213 -577.486 572.628 155.189 -587.177 572.521 154.873 -603.133 572.767 159.057 -603.217 572.663 157.715 -670.946 573.706 153.531 -670.862 573.81 153.253 -684.913 574.027
element 38
  poly 0: 162.872 -698.585 524.313 169.921 -698.585 499.255 169.997 -693.298 499.277 162.948 -693.298 524.334 162.872 -698.585 524.313
  poly 1: 166.771 -695.187 525.41 173.821 -695.187 500.352 173.897 -689.899 500.374 166.847 -689.899 525.431 166.771 -695.187 525.41
  poly 2: 176.971 -698.585 474.198 184.02 -698.585 449.14 184.096 -693.298 449.161 177.047 -693.298 474.219 176.971 -698.585 474.198
  poly 3: 180.871 -695.187 475.295 187.92 -695.187 450.237 187.996 -689.899 450.259 180.946 -689.899 475.316 180.871 -695.187 475.295
  poly 4: 191.07 -698.585 424.082 198.12 -698.585 399.025 198.195 -693.298 399.046 191.146 -693.298 424.104 191.07 -698.585 424.082
  poly 5: 194.97 -695.187 425.18 202.019 -695.187 400.122 202.095 -689.899 400.143 195.046 -689.899 425.201 194.97 -695.187 425.18
  poly 6: 205.169 -698.585 373.967 212.219 -698.585 348.909 212.295 -693.298 348.931 205.245 -693.298 373.988 205.169 -698.585 373.967
  poly 7: 209.069 -695.187 375.064 216.118 -695.187 350.007 216.194 -689.899 350.028 209.145 -689.899 375.086 209.069 -695.187 375.064
  poly 8: 219.268 -698.585 323.852 226.318 -698.585 298.794 226.394 -693.298 298.815 219.344 -693.298 323.873 219.268 -698.585 323.852
  poly 9: 223.168 -695.187 324.949 230.218 -695.187 299.891 230.293 -689.899 299.913 223.244 -689.899 324.97 223.168 -695.187 324.949
  poly 10: 233.367 -698.585 273.736 240.417 -698.585 248.679 240.493 -693.298 248.7 233.443 -693.298 273.758 233.367 -698.585 273.736
  poly 11: 237.267 -695.187 274.834 244.317 -695.187 249.776 244.393 -689.899 249.797 237.343 -689.899 274.855 237.267 -695.187 274.834
  poly 12: 247.467 -698.585 223.621 254.516 -698.585 198.564 254.592 -693.298 198.585 247.542 -693.298 223.643 247.467 -698.585 223.621
  poly 13: 251.366 -695.187 224.718 258.416 -695.187 199.661 258.492 -689.899 199.682 251.442 -689.899 224.74 251.366 -695.187 224.718
  poly 14: 261.566 -698.585 173.506 268.615 -698.585 148.448 268.691 -693.298 148.47 261.642 -693.298 173.527 261.566 -698.585 173.506
  poly 15: 265.465 -695.187 174.603 272.515 -695.187 149.545 272.591 -689.899 149.567 265.541 -689.899 174.624 265.465 -695.187 174.603
  poly 16: 275.665 -698.585 123.391 282.715 -698.585 98.3329 282.79 -693.298 98.3542 275.741 -693.298 123.412 275.665 -698.585 123.391
  poly 17: 279.565 -695.187 124.488 286.614 -695.187 99.43 286.69 -689.899 99.4514 279.64 -689.899 124.509 279.565 -695.187 124.488
  poly 18: 289.764 -698.585 73.2753 296.814 -698.585 48.2176 296.89 -693.298 48.2389 289.84 -693.298 73.2966 289.764 -698.585 73.2753
  poly 19: 293.664 -695.187 74.3724 300.713 -695.187 49.3147 300.789 -689.899 49.336 293.74 -689.899 74.3937 293.664 -695.187 74.3724
  poly 20: 307.85 -693.298 9.27972 303.939 -693.298 23.1813 303.787 -703.873 23.1386 155.746 -703.873 549.349 155.898 -693.298 549.392 151.795 -693.298 563.976 150.164 -686.802 570.131 150.48 -670.862 569.886 150.491 -670.863 569.845 150.927 -648.286 569.538 149.512 -648.18 574.574 148.718 -645.295 577.552 149.054 -628.362 577.292 149.959 -625.604 574.226 151.374 -625.709 569.19 151.833 -603.134 568.802 151.821 -603.133 568.842 152.176 -585.255 568.567 156.541 -569.524 553.917 162.03 -568.532 534.46 162.024 -574.049 534.177 168.893 -572.808 509.832 168.9 -565.911 510.185 169.763 -561.617 507.354 174.914 -560.686 489.095 175.768 -564.669 485.84 175.761 -571.566 485.486 182.63 -570.324 461.14 182.637 -563.427 461.494 183.5 -559.134 458.663 188.651 -558.203 440.404 189.505 -562.186 437.148 189.498 -569.083 436.795 196.367 -567.841 412.449 196.374 -560.944 412.803 197.237 -556.651 409.972 202.388 -555.72 391.712 203.242 -559.703 388.457 203.235 -566.599 388.103 210.104 -565.358 363.758 210.111 -558.461 364.111 210.974 -554.168 361.28 216.125 -553.236 343.021 216.979 -557.219 339.766 216.972 -564.116 339.412 223.84 -562.875 315.066 223.848 -555.978 315.42 224.711 -551.684 312.589 229.862 -550.753 294.33 230.716 -554.736 291.074 230.709 -561.633 290.721 237.577 -560.391 266.375 237.585 -553.494 266.729 238.448 -549.201 263.898 243.599 -548.27 245.638 244.453 -552.253 242.383 244.446 -559.15 242.029 251.314 -557.908 217.683 251.322 -551.011 218.037 252.185 -546.718 215.206 257.336 -545.787 196.947 258.19 -549.77 193.692 258.183 -556.667 193.338 265.051 -555.425 168.992 265.059 -548.528 169.346 265.922 -544.235 166.515 271.073 -543.303 148.256 271.927 -547.286 145 271.92 -554.183 144.646 278.788 -552.942 120.301 278.796 -546.045 120.655 279.659 -541.751 117.824 284.81 -540.82 99.5644 285.664 -544.803 96.3089 285.657 -551.7 95.9551 292.525 -550.458 71.6095 292.533 -543.562 71.9632 293.395 -539.268 69.1323 298.547 -538.337 50.8731 299.401 -542.32 47.6176 299.394 -549.217 47.2638 306.262 -547.975 22.9181 306.268 -542.458 23.2012 310.196 -541.748 9.27972 307.85 -693.298 9.27972
  poly 21: 311.977 -695.187 9.27972 307.763 -695.187 24.2571 307.687 -700.474 24.2357 159.646 -700.474 550.446 159.722 -695.187 550.468 154.809 -695.187 567.93 153.178 -688.69 574.085 153.531 -670.862 573.81 154.663 -670.946 569.781 155.111 -648.37 569.434 153.695 -648.265 574.47 152.902 -645.379 577.448 153.238 -628.447 577.187 154.143 -625.688 574.122 155.558 -625.794 569.086 156.005 -603.217 568.738 154.873 -603.133 572.767 155.189 -587.177 572.521 159.554 -571.446 557.871 165.878 -570.303 535.456 165.878 -570.358 535.453 172.747 -569.061 511.11 172.754 -562.164 511.464 173.617 -557.871 508.633 178.768 -556.94 490.374 179.622 -560.923 487.118 179.615 -567.82 486.764 186.484 -566.578 462.419 186.491 -559.681 462.772 187.354 -555.388 459.941 192.505 -554.456 441.682 193.359 -558.439 438.427 193.352 -565.336 438.073 200.221 -564.095 413.727 200.228 -557.198 414.081 201.091 -552.904 411.25 206.242 -551.973 392.991 207.096 -555.956 389.735 207.089 -562.853 389.382 213.958 -561.611 365.036 213.965 -554.715 365.39 214.828 -550.421 362.559 219.979 -549.49 344.299 220.833 -553.473 341.044 220.826 -560.37 340.69 227.695 -559.128 316.345 227.702 -552.231 316.698 228.565 -547.938 313.867 233.716 -547.007 295.608 234.57 -550.99 292.353 234.563 -557.887 291.999 241.432 -556.645 267.653 241.439 -549.748 268.007 242.302 -545.455 265.176 247.453 -544.524 246.917 248.307 -548.506 243.661 248.3 -555.403 243.308 255.169 -554.162 218.962 255.176 -547.265 219.316 256.039 -542.972 216.485 261.19 -542.04 198.225 262.044 -546.023 194.97 262.037 -552.92 194.616 268.906 -551.679 170.271 268.913 -544.782 170.624 269.776 -540.488 167.793 274.927 -539.557 149.534 275.781 -543.54 146.279 275.774 -550.437 145.925 282.642 -549.195 121.579 282.65 -542.298 121.933 283.513 -538.005 119.102 288.664 -537.074 100.843 289.518 -541.057 97.5873 289.511 -547.954 97.2335 296.379 -546.712 72.8879 296.387 -539.815 73.2416 297.25 -535.522 70.4107 302.401 -534.591 52.1514 303.255 -538.574 48.896 303.248 -545.47 48.5422 310.116 -544.284 24.1937 310.116 -544.229 24.1965 314.325 -543.468 9.27972 311.977 -695.187 9.27972
element 39
  poly 0: -187.022 -722.626 609.915 -176.106 -730.848 619.443 -174.172 -732.822 615.523 -185.088 -724.601 605.995 -187.022 -722.626 609.915
  poly 1: -183.399 -720.651 607.469 -172.483 -728.873 616.997 -170.55 -730.848 613.077 -181.466 -722.626 603.55 -183.399 -720.651 607.469
  poly 2: -286.506 -695.187 9.27972 -237.019 -736.452 9.27972 -155.881 -746.081 637.096 -165.19 -739.069 628.971 -167.124 -737.095 632.89 -199.872 -712.43 604.307 -197.938 -714.404 600.387 -223.453 -695.187 578.116 -286.506 -695.187 9.27972
  poly 3: -282.51 -693.298 9.27972 -229.718 -737.318 9.27972 -149.285 -746.863 631.637 -159.634 -739.069 622.605 -163.501 -735.12 630.444 -196.249 -710.455 601.861 -192.382 -714.404 594.022 -220.405 -693.298 569.562 -282.51 -693.298 9.27972
element 40
  poly 0: 109.821 -723.455 603.421 94.5032 -733.12 615.331 91.307 -731.028 612.918 106.625 -721.364 601.008 109.821 -723.455 603.421
  poly 1: 108.27 -725.547 599.729 92.952 -735.212 611.639 89.7558 -733.12 609.225 105.073 -723.455 597.316 108.27 -725.547 599.729
  poly 2: 79.1857 -742.785 627.24 63.8682 -752.449 639.15 60.672 -750.358 636.737 75.9895 -740.693 624.827 79.1857 -742.785 627.24
  poly 3: 77.6345 -744.876 623.548 62.317 -754.541 635.458 59.1208 -752.449 633.044 74.4383 -742.785 621.135 77.6345 -744.876 623.548
  poly 4: -155.881 -746.081 637.096 37.5752 -769.039 659.593 48.5506 -762.114 651.06 51.7468 -764.205 653.473 128.334 -715.883 593.925 125.138 -713.791 591.512 137.235 -706.159 582.107 133.126 -699.908 574.758 114.311 -699.908 575.232 114.312 -699.942 575.273 91.2368 -699.908 575.814 91.1092 -695.66 570.751 88.1484 -693.111 567.787 70.8429 -693.111 568.223 68.0352 -695.66 571.333 68.1628 -699.908 576.395 45.0888 -699.908 576.977 44.9612 -695.66 571.915 42.0003 -693.111 568.95 24.6948 -693.111 569.386 21.8871 -695.66 572.496 22.0147 -699.908 577.559 -1.05931 -699.908 578.14 -1.18692 -695.66 573.078 -4.14774 -693.111 570.113 -21.4533 -693.111 570.55 -24.261 -695.66 573.66 -24.1334 -699.908 578.722 -47.2074 -699.908 579.303 -47.335 -695.66 574.241 -50.2958 -693.111 571.277 -67.6013 -693.111 571.713 -70.409 -695.66 574.823 -70.2814 -699.908 579.885 -93.3555 -699.908 580.467 -93.4831 -695.66 575.405 -96.4439 -693.111 572.44 -113.749 -693.111 572.876 -116.557 -695.66 575.986 -116.43 -699.908 581.048 -139.504 -699.908 581.63 -139.631 -695.66 576.568 -142.592 -693.111 573.603 -159.897 -693.111 574.039 -162.705 -695.66 577.149 -162.578 -699.908 582.212 -185.651 -699.942 582.834 -185.652 -699.908 582.793 -204.729 -699.908 583.274 -209.02 -706.057 590.714 -197.938 -714.404 600.387 -194.315 -712.43 597.941 -183.399 -720.651 607.469 -187.927 -723.12 610.527 -189.279 -725.628 613.552 -181.092 -731.795 620.698 -177.011 -731.341 620.054 -172.483 -728.873 616.997 -161.567 -737.095 626.525 -165.19 -739.069 628.971 -155.881 -746.081 637.096
  poly 5: -149.285 -746.863 631.637 33.5794 -768.564 652.903 43.8033 -762.114 644.954 50.1957 -766.297 649.781 126.783 -717.974 590.233 120.391 -713.791 585.406 129.494 -708.047 578.328 125.386 -701.797 570.979 114.211 -701.797 571.261 114.313 -705.196 575.311 91.2388 -705.196 575.892 91.1112 -700.947 570.83 88.1504 -698.398 567.866 70.8449 -698.398 568.302 68.0372 -700.947 571.412 68.1648 -705.196 576.474 45.0907 -705.196 577.056 44.9631 -700.947 571.993 42.0023 -698.398 569.029 24.6968 -698.398 569.465 21.8891 -700.947 572.575 22.0167 -705.196 577.637 -1.05733 -705.196 578.219 -1.18493 -700.947 573.157 -4.14575 -698.398 570.192 -21.4513 -698.398 570.628 -24.259 -700.947 573.738 -24.1314 -705.196 578.801 -47.2054 -705.196 579.382 -47.333 -700.947 574.32 -50.2938 -698.398 571.355 -67.5994 -698.398 571.792 -70.407 -700.947 574.902 -70.2794 -705.196 579.964 -93.3535 -705.196 580.546 -93.4811 -700.947 575.483 -96.4419 -698.398 572.519 -113.747 -698.398 572.955 -116.555 -700.947 576.065 -116.428 -705.196 581.127 -139.502 -705.196 581.709 -139.629 -700.947 576.647 -142.59 -698.398 573.682 -159.896 -698.398 574.118 -162.703 -700.947 577.228 -162.576 -705.196 582.29 -185.65 -705.196 582.872 -185.752 -701.797 578.822 -196.665 -701.797 579.097 -200.957 -707.946 586.537 -192.382 -714.404 594.022 -192.345 -714.385 593.997 -181.466 -722.626 603.55 -185.993 -725.094 606.607 -187.346 -727.603 609.632 -179.159 -733.77 616.778 -175.077 -733.316 616.135 -170.55 -730.848 613.077 -159.597 -739.05 622.581 -159.634 -739.069 622.605 -149.285 -746.863 631.637
element 41
  poly 0: 197.091 -787.969 9.27972 311.977 -695.187 9.27972 307.763 -695.187 24.2571 303.863 -698.585 23.1599 296.814 -698.585 48.2176 301.688 -694.337 49.589 303.732 -691.788 53.544 298.445 -691.788 72.3373 294.639 -694.337 74.6466 289.764 -698.585 73.2753 282.715 -698.585 98.3329 287.589 -694.337 99.7043 289.633 -691.788 103.659 284.346 -691.788 122.453 280.54 -694.337 124.762 275.665 -698.585 123.391 268.615 -698.585 148.448 273.49 -694.337 149.82 275.534 -691.788 153.775 270.246 -691.788 172.568 266.44 -694.337 174.877 261.566 -698.585 173.506 254.516 -698.585 198.564 259.391 -694.337 199.935 261.434 -691.788 203.89 256.147 -691.788 222.683 252.341 -694.337 224.993 247.467 -698.585 223.621 240.417 -698.585 248.679 245.292 -694.337 250.05 247.335 -691.788 254.005 242.048 -691.788 272.799 238.242 -694.337 275.108 233.367 -698.585 273.736 226.318 -698.585 298.794 231.193 -694.337 300.166 233.236 -691.788 304.121 227.949 -691.788 322.914 224.143 -694.337 325.223 219.268 -698.585 323.852 212.219 -698.585 348.909 217.093 -694.337 350.281 219.137 -691.788 354.236 213.85 -691.788 373.029 210.044 -694.337 375.338 205.169 -698.585 373.967 198.12 -698.585 399.025 202.994 -694.337 400.396 205.038 -691.788 404.351 199.751 -691.788 423.144 195.945 -694.337 425.454 191.07 -698.585 424.082 184.02 -698.585 449.14 188.895 -694.337 450.511 190.939 -691.788 454.467 185.651 -691.788 473.26 181.845 -694.337 475.569 176.971 -698.585 474.198 169.921 -698.585 499.255 174.796 -694.337 500.627 176.839 -691.788 504.582 171.552 -691.788 523.375 167.746 -694.337 525.684 162.872 -698.585 524.313 155.822 -698.585 549.371 159.722 -695.187 550.468 154.625 -695.187 568.586 125.138 -713.791 591.512 123.587 -715.883 587.819 108.27 -725.547 599.729 110.208 -722.933 604.345 109.457 -722.572 608.603 97.969 -729.82 617.535 94.891 -732.597 616.254 92.952 -735.212 611.639 77.6345 -744.876 623.548 79.5735 -742.262 628.164 78.8221 -741.901 632.422 67.334 -749.149 641.354 64.2559 -751.926 640.073 62.317 -754.541 635.458 46.9995 -764.205 647.367 48.5506 -762.114 651.06 37.5752 -769.039 659.593 197.091 -787.969 9.27972
  poly 1: 191.454 -787.3 9.27972 307.85 -693.298 9.27972 303.939 -693.298 23.1813 303.9 -693.332 23.1703 296.89 -693.298 48.2389 301.764 -689.049 49.6103 303.808 -686.5 53.5654 298.521 -686.5 72.3586 294.715 -689.049 74.668 289.84 -693.298 73.2966 282.79 -693.298 98.3542 287.665 -689.049 99.7256 289.709 -686.5 103.681 284.421 -686.5 122.474 280.615 -689.049 124.783 275.741 -693.298 123.412 268.691 -693.298 148.47 273.566 -689.049 149.841 275.609 -686.5 153.796 270.322 -686.5 172.589 266.516 -689.049 174.899 261.642 -693.298 173.527 254.592 -693.298 198.585 259.467 -689.049 199.956 261.51 -686.5 203.911 256.223 -686.5 222.705 252.417 -689.049 225.014 247.542 -693.298 223.643 240.493 -693.298 248.7 245.368 -689.049 250.072 247.411 -686.5 254.027 242.124 -686.5 272.82 238.318 -689.049 275.129 233.443 -693.298 273.758 226.394 -693.298 298.815 231.268 -689.049 300.187 233.312 -686.5 304.142 228.025 -686.5 322.935 224.219 -689.049 325.245 219.344 -693.298 323.873 212.295 -693.298 348.931 217.169 -689.049 350.302 219.213 -686.5 354.257 213.926 -686.5 373.05 210.12 -689.049 375.36 205.245 -693.298 373.988 198.195 -693.298 399.046 203.07 -689.049 400.417 205.114 -686.5 404.373 199.826 -686.5 423.166 196.02 -689.049 425.475 191.146 -693.298 424.104 184.096 -693.298 449.161 188.971 -689.049 450.533 191.014 -686.5 454.488 185.727 -686.5 473.281 181.921 -689.049 475.59 177.047 -693.298 474.219 169.997 -693.298 499.277 174.872 -689.049 500.648 176.915 -686.5 504.603 171.628 -686.5 523.396 167.822 -689.049 525.706 162.948 -693.298 524.334 155.859 -693.332 549.381 155.898 -693.298 549.392 152.871 -693.298 560.153 120.391 -713.791 585.406 120.375 -713.812 585.369 105.073 -723.455 597.316 107.012 -720.841 601.931 106.261 -720.48 606.189 94.7729 -727.729 615.121 91.6948 -730.505 613.841 89.7558 -733.12 609.225 74.4383 -742.785 621.135 76.3773 -740.17 625.75 75.626 -739.809 630.008 64.1378 -747.058 638.94 61.0598 -749.835 637.66 59.1208 -752.449 633.044 43.7878 -762.135 644.917 43.8033 -762.114 644.954 33.5794 -768.564 652.903 191.454 -787.3 9.27972
