# Rhino

mtllib annen_polylines.mtl
usemtl Default
v -22128.794938727791 -2899.2847092820448 2.7303030947223306E-09
v -22089.689051000074 -2911.3352494724677 658.3563624832077
v -22012.266982345398 -2197.7431278502336 1119.4631272690031
v -22081.447868951705 -2216.0088800474186 2.7303030947223306E-09
cstype bspline
deg 1
curv 0 4 1 2 3 4 1
parm u 0 0 1 2 3 4 4
end
usemtl Default
v -22168.819409198666 -2897.1948334669287 2.7303030947223306E-09
v -22129.42754853746 -2909.3334966620605 663.17078075104473
v -22051.992157041372 -2195.6185796296631 1124.3568930977071
v -22121.47546991847 -2213.9641810972535 2.7303030947223306E-09
cstype bspline
deg 1
curv 0 4 5 6 7 8 5
parm u 0 0 1 2 3 4 4
end
usemtl Default
v -22231.62197228615 -2933.9747072762693 2.7303030947223306E-09
v -21471.15703333955 -2973.6823477635044 2.7303030947223306E-09
v -21435.483144781436 -2984.675312066247 600.57788919881023
v -22190.514597991518 -2946.6420086685685 692.05183629323892
cstype bspline
deg 1
curv 0 4 9 10 11 12 9
parm u 0 0 1 2 3 4 4
end
usemtl Default
v -22228.856114904971 -2894.0600197442691 2.7303030947223306E-09
v -21468.391175958372 -2933.7676602315041 2.7303030947223306E-09
v -21434.00444481711 -2944.3639849721512 578.90830632688721
v -22189.035898027192 -2906.3306815744727 670.382253421315
cstype bspline
deg 1
curv 0 4 13 14 15 16 13
parm u 0 0 1 2 3 4 4
end
usemtl Default
v -22190.51459799143 -2946.6420086661819 692.05183629194835
v -21435.483144781523 -2984.6753120685753 600.57788920006169
v -21353.821939611484 -2232.0114571226004 1086.9319065851514
v -22108.600258834907 -2191.645040931995 1179.9134573305273
cstype bspline
deg 1
curv 0 4 17 18 19 20 17
parm u 0 0 1 2 3 4 4
end
usemtl Default
v -22189.036216428118 -2906.3393616070971 670.38691942214246
v -21434.00476321821 -2944.3726650095196 578.91297233027035
v -21356.801599861894 -2232.7981734894565 1038.7159910953869
v -22111.579919085321 -2192.431757298822 1131.6975418407628
cstype bspline
deg 1
curv 0 4 21 22 23 24 21
parm u 0 0 1 2 3 4 4
end
usemtl Default
v -22105.595557716784 -2900.7666361126758 714.650903426902
v -21935.429330296043 -2917.8694580352749 1622.4115968381439
v -21811.786965656196 -2206.9830029490404 2128.599538339914
v -21996.369251351309 -2220.9217821520579 1150.8256928414366
cstype bspline
deg 1
curv 0 4 25 26 27 28 25
parm u 0 0 1 2 3 4 4
end
usemtl Default
v -22145.41911871203 -2899.2387596801273 719.16207895114349
v -21974.098647729705 -2916.4575906509999 1633.0801453717413
v -21850.424443813019 -2205.3880744375056 2139.398435868774
v -22036.196474158191 -2219.4166975165426 1155.322245606967
cstype bspline
deg 1
curv 0 4 29 30 31 32 29
parm u 0 0 1 2 3 4 4
end
usemtl Default
v -22211.49960907815 -2936.4403322256403 700.59067906337259
v -21454.851950168551 -2965.4699844438001 614.87834410278901
v -21295.215218533747 -2981.5145229802583 1466.4688882382598
v -22029.932249774232 -2954.6890426789469 1669.1713103718894
cstype bspline
deg 1
curv 0 4 33 34 35 36 33
parm u 0 0 1 2 3 4 4
end
usemtl Default
v -22205.154460204896 -2896.946945031319 725.9288422375048
v -21448.506801295294 -2925.9765972494788 640.21650727692213
v -21297.391078180801 -2941.1647185430338 1446.3512831309736
v -22032.108109421286 -2914.3392382417223 1649.0537052646032
cstype bspline
deg 1
curv 0 4 37 38 39 40 37
parm u 0 0 1 2 3 4 4
end
usemtl Default
v -21802.757242427862 -3660.2101977232669 2123.7441604957494
v -21463.402850323728 -3635.4778276949073 3036.7094016399687
v -21594.537977021821 -2968.5077778005507 2679.4150655869944
v -21940.636856742967 -2950.9526464850933 1748.0204850066339
cstype bspline
deg 1
curv 0 4 41 42 43 44 41
parm u 0 0 1 2 3 4 4
end
usemtl Default
v -21841.222896759864 -3660.0830778991804 2135.0646747210376
v -21499.964533339684 -3635.2119451961189 3053.1521705704581
v -21631.067460973052 -2968.4056638689945 2695.9455649657875
v -21979.116883302944 -2950.7515954184055 1759.3018347307325
cstype bspline
deg 1
curv 0 4 45 46 47 48 45
parm u 0 0 1 2 3 4 4
end
usemtl Default
v -22053.025353240228 -2949.6288950505259 1732.6588062520213
v -21321.904848600621 -2953.4488653179142 1518.3131614941294
v -21176.21019748961 -3702.9072387605847 1915.3329101092622
v -21907.057629797349 -3700.4919621048612 2130.4226803908041
cstype bspline
deg 1
curv 0 4 49 50 51 52 49
parm u 0 0 1 2 3 4 4
end
usemtl Default
v -22036.836923142913 -2950.4500188183447 1776.2238593168813
v -21305.716418503311 -2954.269989085733 1561.8782145589894
v -21168.079714477321 -3662.2780013135052 1936.9399564686264
v -21898.927146785063 -3659.8627246577526 2152.0297267501683
cstype bspline
deg 1
curv 0 4 53 54 55 56 53
parm u 0 0 1 2 3 4 4
end
usemtl Default
v -21907.057629797135 -3700.4919621037843 2130.4226803913698
v -21176.210197489811 -3702.9072387615743 1915.3329101087311
v -20852.380375986882 -3679.3063095914258 2786.5323934717917
v -21547.052353290132 -3674.2545421148243 3098.9450031510887
cstype bspline
deg 1
curv 0 4 57 58 59 60 57
parm u 0 0 1 2 3 4 4
end
usemtl Default
v -21898.93325813306 -3659.8932639760897 2152.0134856265659
v -21168.085825825732 -3662.3085406338796 1936.9237153439281
v -20860.13508056038 -3639.8648889245524 2765.4037142868956
v -21554.807057863625 -3634.8131214479508 3077.8163239661917
cstype bspline
deg 1
curv 0 4 61 62 63 64 61
parm u 0 0 1 2 3 4 4
end
usemtl Default
v -22046.639953811125 -3655.8571754154691 1175.2826248796791
v -21863.886516798797 -3633.9641191548435 2078.5596270553006
v -21916.139252667042 -2959.5298222498095 1697.9224048690266
v -22100.991547052203 -2941.6954099162249 777.08431796044079
cstype bspline
deg 1
curv 0 4 65 66 67 68 65
parm u 0 0 1 2 3 4 4
end
usemtl Default
v -22086.356163077195 -3654.435401600349 1180.5522413485023
v -21902.536468956729 -3632.414612437773 2089.0993251156351
v -21954.778493527814 -2958.1185679332702 1708.540129817894
v -22140.714916042256 -2940.1795597214368 782.30147984974974
cstype bspline
deg 1
curv 0 4 69 70 71 72 69
parm u 0 0 1 2 3 4 4
end
usemtl Default
v -21450.896814820131 -3677.1837826419214 1096.2383778473277
v -21284.137234429818 -3657.206719911017 1920.4641561502649
v -21336.550639755467 -2980.6986369976948 1538.6565306360153
v -21505.141012201409 -2964.433162838046 698.82688962080283
cstype bspline
deg 1
curv 0 4 73 74 75 76 73
parm u 0 0 1 2 3 4 4
end
usemtl Default
v -21490.613024086197 -3675.7620088268013 1101.5079943161509
v -21322.78718658775 -3655.6572131939465 1931.0038542106013
v -21375.189880616235 -2979.2873826811556 1549.2742555848818
v -21544.864381191459 -2962.9173126432579 704.04405151011179
cstype bspline
deg 1
curv 0 4 77 78 79 80 77
parm u 0 0 1 2 3 4 4
end
usemtl Default
v -22209.440758553428 -2937.0238878799719 744.59256103603366
v -21454.696747742426 -2965.8250415809744 645.46648513915989
v -21397.311097409351 -3719.8533029864775 1065.8933289804208
v -22151.919073464604 -3692.8396004997194 1166.0160418881223
cstype bspline
deg 1
curv 0 4 81 82 83 84 81
parm u 0 0 1 2 3 4 4
end
usemtl Default
v -22200.299969527332 -2937.9057844292838 790.12722268371363
v -21445.55595871633 -2966.7069381302572 691.00114678683894
v -21391.324565670096 -3679.2893132520257 1088.3188260883126
v -22145.932541725349 -3652.2756107653258 1188.4415389960286
cstype bspline
deg 1
curv 0 4 85 86 87 88 85
parm u 0 0 1 2 3 4 4
end
usemtl Default
v -22151.9190734646 -3692.8396004996903 1166.0160418881424
v -21397.311097409365 -3719.8533029865066 1065.8933289803663
v -21223.105608930862 -3698.9842532848124 1926.9212470751909
v -21957.454699931568 -3669.5436256603571 2127.1755102215675
cstype bspline
deg 1
curv 0 4 89 90 91 92 89
parm u 0 0 1 2 3 4 4
end
usemtl Default
v -22145.936654876539 -3652.3034809629316 1188.4261311665505
v -21391.328678821304 -3679.3171834497771 1088.3034182587753
v -21226.16230619292 -3659.5309799866518 1904.6546090597622
v -21960.511397193623 -3630.0903523621382 2104.9088722061379
cstype bspline
deg 1
curv 0 4 93 94 95 96 93
parm u 0 0 1 2 3 4 4
end
usemtl Default
v -22155.304672787839 -3654.9877678783087 40.000000002730303
v -22083.21566669138 -3633.436572824372 1121.6867979424696
v -22085.666293013677 -2952.7636032100127 734.60717455945905
v -22131.050535298644 -2939.8341379635676 40.000000002730303
cstype bspline
deg 1
curv 0 4 97 98 99 100 97
parm u 0 0 1 2 3 4 4
end
usemtl Default
v -22195.345955775403 -3652.9647746092523 40.000000002730303
v -22122.932242687762 -3631.3165075594443 1126.5589869846299
v -22125.382431905797 -2950.7649457074003 739.54840479029372
v -22171.089524282434 -2937.7435040649725 40.000000002730303
cstype bspline
deg 1
curv 0 4 101 102 103 104 101
parm u 0 0 1 2 3 4 4
end
usemtl Default
v -21554.685427974306 -3685.3326669140079 40.000000002730303
v -21487.467026745624 -3665.2375517981709 1048.6039623100532
v -21489.924209631892 -2982.7434657487902 660.48872109693639
v -21530.465700541776 -2971.1936464422033 40.000000002730303
cstype bspline
deg 1
curv 0 4 105 106 107 108 105
parm u 0 0 1 2 3 4 4
end
usemtl Default
v -21594.72671096187 -3683.3096736449515 40.000000002730303
v -21527.183602742007 -3663.1174865332723 1053.4761513522144
v -21529.640348524015 -2980.744808246207 665.42995132777105
v -21570.504689525565 -2969.1030125436373 40.000000002730303
cstype bspline
deg 1
curv 0 4 109 110 111 112 109
parm u 0 0 1 2 3 4 4
end
usemtl Default
v -22233.761527684052 -2933.8629904933041 2.7303030947223306E-09
v -21473.020736992017 -2973.5850345662329 2.7303030947223306E-09
v -21498.645660077014 -3729.1574299436761 2.7303030947223306E-09
v -22259.430036840466 -3690.7205578213034 2.7303030947223306E-09
cstype bspline
deg 1
curv 0 4 113 114 115 116 113
parm u 0 0 1 2 3 4 4
end
usemtl Default
v -22231.148007758122 -2934.6075532171235 40.000000002730303
v -21470.407217066087 -2974.3295972900523 40.000000002730303
v -21494.619151302104 -3688.2388288124057 40.000000002730303
v -22255.403528065555 -3649.8019566900039 40.000000002730303
cstype bspline
deg 1
curv 0 4 117 118 119 120 117
parm u 0 0 1 2 3 4 4
end
usemtl Default
v -22259.430036841019 -3690.7205578268913 -2.7457645046524704E-09
v -21498.645660076512 -3729.1574299385829 7.7202457759995013E-09
v -21427.749787928165 -3707.9629253681633 1063.7839676862004
v -22182.364731859459 -3667.6816853346245 1156.3555594872614
cstype bspline
deg 1
curv 0 4 121 122 123 124 121
parm u 0 0 1 2 3 4 4
end
usemtl Default
v -22255.4164067442 -3649.932833721221 39.872061092251897
v -21494.632029979693 -3688.3697058328835 39.872061102718817
v -21427.892162751043 -3668.4176496955624 1041.295678746812
v -22182.507106682337 -3628.1364096620819 1133.8672705478721
cstype bspline
deg 1
curv 0 4 125 126 127 128 125
parm u 0 0 1 2 3 4 4
end
usemtl Default
v -22209.35046765512 -4379.2788361965795 2.7303030947223306E-09
v -22167.287688858505 -4389.7738329912245 627.56674118372666
v -22086.838298414761 -3674.6249236848962 1065.4618056450472
v -22161.001466363996 -3695.6934338362189 2.7303030947223306E-09
cstype bspline
deg 1
curv 0 4 129 130 131 132 129
parm u 0 0 1 2 3 4 4
end
usemtl Default
v -22249.392535360981 -4377.1500545754388 2.7303030947223306E-09
v -22206.967202190004 -4387.7355115609244 632.97596695839275
v -22126.507329787441 -3672.4934236565605 1070.9280858983702
v -22201.05098689015 -3693.6700243845989 2.7303030947223306E-09
cstype bspline
deg 1
curv 0 4 133 134 135 136 133
parm u 0 0 1 2 3 4 4
end
usemtl Default
v -21608.719452067213 -4411.2105605137767 2.7303030947223306E-09
v -21572.094988886063 -4420.3486544459593 546.42835456373996
v -21491.802827824518 -3706.5974241098156 983.46760184519644
v -21560.258658471677 -3726.0445756108675 2.7303030947223306E-09
cstype bspline
deg 1
curv 0 4 137 138 139 140 137
parm u 0 0 1 2 3 4 4
end
usemtl Default
v -21648.761519773077 -4409.0817788926361 2.7303030947223306E-09
v -21611.774502217559 -4418.3103330156591 551.83758033840559
v -21531.471859197198 -3704.4659240814799 988.93388209851946
v -21600.308178997831 -3724.0211661592184 2.7303030947223306E-09
cstype bspline
deg 1
curv 0 4 141 142 143 144 141
parm u 0 0 1 2 3 4 4
end
usemtl Default
v -22312.278404521043 -4413.8667598031752 2.7303030947223306E-09
v -21551.479118109699 -4454.3136106049351 2.7303030947223306E-09
v -21513.901584185518 -4463.6895032436878 560.64794531420557
v -22267.812337484298 -4424.961396067607 663.42323502760337
cstype bspline
deg 1
curv 0 4 145 146 147 148 145
parm u 0 0 1 2 3 4 4
end
usemtl Default
v -22309.455636919774 -4373.9568821437133 2.7303030947223306E-09
v -21548.656350508427 -4414.4037329455023 2.7303030947223306E-09
v -21512.576619030646 -4423.4059119989106 538.30108599791083
v -22266.487372329422 -4384.6778048228298 641.07637571130908
cstype bspline
deg 1
curv 0 4 149 150 151 152 149
parm u 0 0 1 2 3 4 4
end
usemtl Default
v -22267.812337484371 -4424.9613960699062 663.42323502886029
v -21513.901584185445 -4463.6895032414468 560.64794531296684
v -21428.987711950926 -3708.8539130829158 1022.8436854012298
v -22182.699308031901 -3668.3554125447408 1126.7030102143744
cstype bspline
deg 1
curv 0 4 153 154 155 156 153
parm u 0 0 1 2 3 4 4
end
usemtl Default
v -22266.48775469941 -4384.6894302125438 641.08282476265776
v -21512.577001400485 -4423.4175373840553 538.30753504673521
v -21432.299280765488 -3709.7946741522755 975.26818146521055
v -22186.010876846471 -3669.2961736140714 1079.1275062783552
cstype bspline
deg 1
curv 0 4 157 158 159 160 157
parm u 0 0 1 2 3 4 4
end
usemtl Default
v -22184.785355247564 -4379.0503530882997 683.41677312833235
v -22002.814101393022 -4390.66939581919 1545.4935955451137
v -21871.883340700817 -3675.3974115977471 2024.7999278180214
v -22069.236852297116 -3697.5903798030631 1096.6288682867926
cstype bspline
deg 1
curv 0 4 161 162 163 164 161
parm u 0 0 1 2 3 4 4
end
usemtl Default
v -22224.540927245216 -4377.3976735600445 688.59327236220724
v -22041.151116652611 -4389.1072925275948 1557.3904138363305
v -21910.21681126847 -3673.8159437288705 2036.7097223822184
v -22109.032376719333 -3696.1733240819303 1101.6624939685489
cstype bspline
deg 1
curv 0 4 165 166 167 168 165
parm u 0 0 1 2 3 4 4
end
usemtl Default
v -21588.451775282745 -4403.8405460120703 605.76928462020169
v -21427.758872499144 -4414.1009451929422 1367.04132117686
v -21296.881282186027 -3699.1194296310132 1846.1530093550746
v -21472.303985963925 -3718.8462156199676 1021.1244830604501
cstype bspline
deg 1
curv 0 4 169 170 171 172 169
parm u 0 0 1 2 3 4 4
end
usemtl Default
v -21628.2073472804 -4402.187866483815 610.94578385407567
v -21466.095887758736 -4412.538841901347 1378.938139468075
v -21335.214752753673 -3697.5379617621365 1858.0628039192707
v -21512.099510386131 -3717.4291598988639 1026.1581087422055
cstype bspline
deg 1
curv 0 4 173 174 175 176 173
parm u 0 0 1 2 3 4 4
end
usemtl Default
v -22290.896076540928 -4414.5611559205863 672.3202760666054
v -21535.540208585495 -4445.9620669573196 573.96679062297198
v -21367.514692075565 -4456.6906607041601 1369.976601456081
v -22095.917982009196 -4427.0106981639983 1596.0161489826232
cstype bspline
deg 1
curv 0 4 177 178 179 180 177
parm u 0 0 1 2 3 4 4
end
usemtl Default
v -22284.174285241701 -4374.9186542676762 696.35802121302095
v -21528.818417286264 -4406.3195653044386 598.00453576938799
v -21370.261470632955 -4416.4435815950274 1349.1576209278492
v -22098.664760566586 -4386.7636190548656 1575.1971684543914
cstype bspline
deg 1
curv 0 4 181 182 183 184 181
parm u 0 0 1 2 3 4 4
end
usemtl Default
v -22095.917982008999 -4427.0106981668214 1596.0161489841066
v -21367.514692075754 -4456.6906607013952 1369.9766014546567
v -21229.062877995824 -3700.3313204481674 1876.8157189572585
v -21957.398818781236 -3670.2834309393947 2103.1018156769933
cstype bspline
deg 1
curv 0 4 185 186 187 188 185
parm u 0 0 1 2 3 4 4
end
usemtl Default
v -22098.662529270088 -4386.7963130506105 1575.2140803813327
v -21370.25923933684 -4416.4762755851843 1349.1745328518828
v -21239.381076334543 -3701.4916314343282 1828.2883175087791
v -21967.71701711995 -3671.4437419255846 2054.574414228513
cstype bspline
deg 1
curv 0 4 189 190 191 192 189
parm u 0 0 1 2 3 4 4
end
usemtl Default
v -22021.275617216084 -4381.6537864312413 1607.773664107307
v -21679.611846173935 -4388.8682245352247 2478.9742845313222
v -21472.924948296008 -3676.7898831123894 2987.4028592913446
v -21841.863513177639 -3702.3338314625435 2047.5201679929678
cstype bspline
deg 1
curv 0 4 193 194 195 196 193
parm u 0 0 1 2 3 4 4
end
usemtl Default
v -22059.833640519093 -4381.1001841092075 1619.0049082925489
v -21715.239439991266 -4388.3765000121784 2497.6777637101777
v -21508.601149152531 -3676.4656197114673 3005.9867701380444
v -21880.53691197095 -3702.2170830155665 2058.4686220690046
cstype bspline
deg 1
curv 0 4 197 198 199 200 197
parm u 0 0 1 2 3 4 4
end
usemtl Default
v -21442.905267670925 -4389.9578212613123 1439.3050013286793
v -21145.197938913934 -4396.244092380628 2198.422096848506
v -20937.781935448184 -3681.6538341259584 2708.6441965908689
v -21261.762531277971 -3704.0850581672566 1883.2933568524249
cstype bspline
deg 1
curv 0 4 201 202 203 204 201
parm u 0 0 1 2 3 4 4
end
usemtl Default
v -21481.463290973938 -4389.4042189393076 1450.5362455139202
v -21180.825532731265 -4395.7523678576108 2217.1255760273607
v -20973.458136304704 -3681.3295707250654 2727.2281074375678
v -21300.435930071282 -3703.9683097202796 1894.2418109284617
cstype bspline
deg 1
curv 0 4 205 206 207 208 205
parm u 0 0 1 2 3 4 4
end
usemtl Default
v -22128.178174601308 -4420.0550218311837 1610.0974586576122
v -21395.575731844103 -4430.5734659493028 1396.7038191380143
v -21084.9026128021 -4437.1335176078719 2188.8820861895347
v -21761.826895329614 -4427.7907516703708 2544.2481905924187
cstype bspline
deg 1
curv 0 4 209 210 211 212 209
parm u 0 0 1 2 3 4 4
end
usemtl Default
v -22117.670675473611 -4380.2697806262004 1635.8517745704112
v -21385.068232716407 -4390.7882247443195 1422.4581350508161
v -21091.774438128701 -4396.9813014082029 2170.32126093021
v -21768.698720656219 -4387.6385354707018 2525.687365333094
cstype bspline
deg 1
curv 0 4 213 214 215 216 213
parm u 0 0 1 2 3 4 4
end
usemtl Default
v -21761.826895329959 -4427.7907516683626 2544.2481905914847
v -21084.902612801765 -4437.1335176098219 2188.8820861904405
v -20865.379700121761 -3680.8324981915357 2728.8859411371841
v -21543.227516395673 -3674.6714935743366 3081.9802472244537
cstype bspline
deg 1
curv 0 4 217 218 219 220 217
parm u 0 0 1 2 3 4 4
end
usemtl Default
v -21768.69204422025 -4387.6775460228673 2525.705398410968
v -21091.767761692059 -4397.0203119643265 2170.3392940099238
v -20884.2676341634 -3682.1402292273415 2680.7683303208214
v -21562.115450437312 -3675.9792246101424 3033.862636408091
cstype bspline
deg 1
curv 0 4 221 222 223 224 221
parm u 0 0 1 2 3 4 4
end
usemtl Default
v -21688.818397494022 -4384.6990628631902 2543.9753081900308
v -21170.43828070052 -4385.923127533868 3388.1832862010688
v -20881.42491374426 -3680.1888567827409 3913.2000862417162
v -21440.872206829485 -3709.0617544429842 2999.7893605110012
cstype bspline
deg 1
curv 0 4 225 226 227 228 225
parm u 0 0 1 2 3 4 4
end
usemtl Default
v -21724.989407874164 -4385.9205372574797 2561.4792278058776
v -21201.940855435478 -4387.1556256286276 3413.2899870363626
v -20913.125662719613 -3681.9052714330319 3937.9467870997114
v -21477.314657788345 -3711.0228868313134 3016.7942749603662
cstype bspline
deg 1
curv 0 4 229 230 231 232 229
parm u 0 0 1 2 3 4 4
end
usemtl Default
v -21146.253241791936 -4366.3769469483232 2281.4165139523284
v -20697.899659676143 -4367.435656111862 3011.5827736716592
v -20405.913679113939 -3654.4426370284054 3541.9995733717906
v -20894.235442446581 -3679.6447686183674 2744.7156437705335
cstype bspline
deg 1
curv 0 4 233 234 235 236 233
parm u 0 0 1 2 3 4 4
end
usemtl Default
v -21182.424252172073 -4367.5984213426709 2298.9204335681743
v -20729.4022344111 -4368.6681542066508 3036.689474506953
v -20437.614428089291 -3656.1590516786964 3566.7462742297848
v -20930.677893405442 -3681.6059010066674 2761.7205582198985
cstype bspline
deg 1
curv 0 4 237 238 239 240 237
parm u 0 0 1 2 3 4 4
end
usemtl Default
v -21793.900089902414 -4427.6844031983637 2560.7954919093845
v -21106.650892679772 -4404.4763897062221 2228.2210192082957
v -20639.483516539884 -4405.5795243788161 2989.0264845940019
v -21238.032436502428 -4428.9969881800062 3466.0538004673035
cstype bspline
deg 1
curv 0 4 241 242 243 244 241
parm u 0 0 1 2 3 4 4
end
usemtl Default
v -21779.24592344437 -4387.7527488489868 2587.7351072296478
v -21091.996726221725 -4364.5447353568452 2255.1606345285581
v -20650.674040624101 -4365.5868422786007 2973.87672719688
v -21249.222960586645 -4389.0043060797907 3450.9040430701825
cstype bspline
deg 1
curv 0 4 245 246 247 248 245
parm u 0 0 1 2 3 4 4
end
usemtl Default
v -21449.968079123428 -5129.0006839113776 2906.6175477236948
v -20920.368186641088 -5096.2256582943082 3732.6940534310352
v -21121.610167673549 -4425.6459778359276 3443.6551102152589
v -21661.676966557941 -4425.0268293934059 2602.4912388761059
cstype bspline
deg 1
curv 0 4 249 250 251 252 249
parm u 0 0 1 2 3 4 4
end
usemtl Default
v -21485.542803071981 -5129.2459959718981 2925.2509195675584
v -20952.615236373244 -5096.2650326096627 3756.5179729465181
v -21153.500147248451 -4426.8751833720016 3467.9918808782877
v -21696.956969045335 -4426.2521485076577 2621.547987136556
cstype bspline
deg 1
curv 0 4 253 254 255 256 253
parm u 0 0 1 2 3 4 4
end
usemtl Default
v -20916.347219895135 -5125.3210030037735 2627.1169700657438
v -20436.662440658751 -5095.6350435639033 3375.3352606988065
v -20643.260474050036 -4407.2078947946429 3078.6035502698478
v -21132.476929247081 -4406.6470426798332 2316.6400149693663
cstype bspline
deg 1
curv 0 4 257 258 259 260 257
parm u 0 0 1 2 3 4 4
end
usemtl Default
v -20951.921943843692 -5125.566315064294 2645.7503419096083
v -20468.909490390906 -5095.6744178792578 3399.1591802142902
v -20675.150453624938 -4408.437100330746 3102.9403209328775
v -21167.756931734475 -4407.8723617941141 2335.6967632298165
cstype bspline
deg 1
curv 0 4 261 262 263 264 261
parm u 0 0 1 2 3 4 4
end
usemtl Default
v -21774.365615355371 -4428.0620526798011 2611.9916028874895
v -21104.045568094949 -4404.7809895093087 2249.9133859389522
v -20875.190472150054 -5165.7693729952734 2578.6707490997669
v -21551.110227172423 -5170.4303021453379 2932.7048141333744
cstype bspline
deg 1
curv 0 4 265 266 267 268 265
parm u 0 0 1 2 3 4 4
end
usemtl Default
v -21749.876972776419 -4428.0901271790208 2650.133109527229
v -21079.556925515997 -4404.8090640084993 2288.0548925786925
v -20863.004102107756 -5124.8899621172459 2599.1396639917239
v -21538.923857130125 -5129.5508912672813 2953.1737290253095
cstype bspline
deg 1
curv 0 4 269 270 271 272 269
parm u 0 0 1 2 3 4 4
end
usemtl Default
v -21551.11022717235 -5170.4303021451051 2932.7048141334908
v -20875.19047215012 -5165.7693729954772 2578.6707490996623
v -20376.488711505328 -5134.9065212229907 3356.5519640911971
v -20989.182656416288 -5135.6546332148137 3809.2064348853519
cstype bspline
deg 1
curv 0 4 273 274 275 276 273
parm u 0 0 1 2 3 4 4
end
usemtl Default
v -21538.943369377837 -5129.6163454746711 2953.1409551528313
v -20863.023614355607 -5124.9554163250432 2599.1068901190038
v -20388.291866060514 -5095.5759820908715 3339.5993814255853
v -21000.985810971477 -5096.3240940826945 3792.2538522197392
cstype bspline
deg 1
curv 0 4 277 278 279 280 277
parm u 0 0 1 2 3 4 4
end
usemtl Default
v -21875.579776295235 -5131.4226319011068 2017.6581579059712
v -21522.565210896155 -5103.3696743660839 2878.4166709093242
v -21645.515942546699 -4429.5452116243832 2545.8978461480456
v -22004.66588958948 -4422.0527487400395 1668.4543063081628
cstype bspline
deg 1
curv 0 4 281 282 283 284 281
parm u 0 0 1 2 3 4 4
end
usemtl Default
v -21913.848414235756 -5130.4286726490827 2029.7285329539627
v -21558.426351444774 -5102.1843988661713 2896.3572679771087
v -21681.251011195429 -4429.0508659714833 2564.1794032038079
v -22042.852919656445 -4421.5072511098697 1680.745447037596
cstype bspline
deg 1
curv 0 4 285 286 287 288 285
parm u 0 0 1 2 3 4 4
end
usemtl Default
v -21301.550207187425 -5146.3320206814969 1836.602532186077
v -20984.64810266687 -5121.1488068647159 2609.3077148925595
v -21109.489912815712 -4436.960396418086 2271.6744903115859
v -21431.86043858499 -4430.2352131924417 1484.0871953666592
cstype bspline
deg 1
curv 0 4 289 290 291 292 289
parm u 0 0 1 2 3 4 4
end
usemtl Default
v -21339.818845127942 -5145.3380614294729 1848.6729072340695
v -21020.509243215489 -5119.9635313648323 2627.248311960343
v -21145.224981464442 -4436.466050765157 2289.9560473673491
v -21470.047468651952 -4429.6897155622719 1496.3783360960924
cstype bspline
deg 1
curv 0 4 293 294 295 296 293
parm u 0 0 1 2 3 4 4
end
usemtl Default
v -22117.357135825838 -4420.3296903524024 1657.1028009267475
v -21391.803564553484 -4430.6941453254549 1423.5711270675083
v -21253.892981230649 -5188.5573413099046 1796.6469416801647
v -21980.997102100337 -5169.6721155225532 2025.9840675925971
cstype bspline
deg 1
curv 0 4 297 298 299 300 297
parm u 0 0 1 2 3 4 4
end
usemtl Default
v -22100.133464756895 -4420.6890046646586 1699.1821581317472
v -21374.579893484541 -4431.053459637682 1465.650484272508
v -21244.156682912573 -5147.7711241786892 1818.4714524402243
v -21971.260803782254 -5128.8858983913378 2047.8085783526567
cstype bspline
deg 1
curv 0 4 301 302 303 304 301
parm u 0 0 1 2 3 4 4
end
usemtl Default
v -21980.997102100195 -5169.672115521942 2025.9840675929117
v -21253.892981230783 -5188.5573413104867 1796.6469416798673
v -20923.669239353432 -5162.3154988599708 2601.8343896692168
v -21605.03090977719 -5139.7952643616591 2942.7057339571193
cstype bspline
deg 1
curv 0 4 305 306 307 308 305
parm u 0 0 1 2 3 4 4
end
usemtl Default
v -21971.273599354157 -5128.9395001767843 2047.7798962922307
v -21244.16947848475 -5147.824725965329 1818.4427703791871
v -20930.856391843943 -5122.9267201145994 2582.3968192908833
v -21612.218062267704 -5100.4064856162877 2923.2681635787849
cstype bspline
deg 1
curv 0 4 309 310 311 312 309
parm u 0 0 1 2 3 4 4
end
usemtl Default
v -22124.673526842224 -5132.4086375026673 1119.1268048392785
v -21934.53269912531 -5109.2087370487861 1977.2694307404035
v -21984.58080879414 -4431.813680553867 1619.6613680169939
v -22176.904012819206 -4419.6996646752232 744.81188533115255
cstype bspline
deg 1
curv 0 4 313 314 315 316 313
parm u 0 0 1 2 3 4 4
end
usemtl Default
v -22164.351370096432 -5130.6612760138523 1124.7676072152499
v -21972.891248492677 -5107.3004028367286 1988.8644636411027
v -22022.913805306911 -4430.2512011102226 1631.4389833746282
v -22216.574480898376 -4418.0529408374859 750.50554262505193
cstype bspline
deg 1
curv 0 4 317 318 319 320 317
parm u 0 0 1 2 3 4 4
end
usemtl Default
v -21529.505878029129 -5158.6190598348039 1034.5147691997108
v -21359.154458614827 -5137.8337502301438 1803.3439372299326
v -21409.585861102561 -4455.2508722083585 1442.9971376524927
v -21581.846991631635 -4444.4005222410487 659.40702592266189
cstype bspline
deg 1
curv 0 4 321 322 323 324 321
parm u 0 0 1 2 3 4 4
end
usemtl Default
v -21569.183721283334 -5156.8716983460181 1040.1555715756831
v -21397.513007982194 -5135.9254160180571 1814.9389701306318
v -21447.918857615332 -4453.6883927647141 1454.774753010126
v -21621.517459710805 -4442.7537984033406 665.10068321656036
cstype bspline
deg 1
curv 0 4 325 326 327 328 325
parm u 0 0 1 2 3 4 4
end
usemtl Default
v -22285.884235506765 -4414.9653193647391 714.44886052132097
v -21532.145342002506 -4446.2530722814845 606.26937193723097
v -21476.771836967964 -5201.849983870954 1003.1090469313003
v -22230.650858797992 -5168.6501155822771 1110.2842920740604
cstype bspline
deg 1
curv 0 4 329 330 331 332 329
parm u 0 0 1 2 3 4 4
end
usemtl Default
v -22276.080183017133 -4415.5828550808947 759.04602856590191
v -21522.341289512875 -4446.8706079976691 650.86653998181191
v -21469.99202815273 -5161.2003254869487 1026.0326749660544
v -22223.871049982758 -5128.0004571982427 1133.2079201088145
cstype bspline
deg 1
curv 0 4 333 334 335 336 333
parm u 0 0 1 2 3 4 4
end
usemtl Default
v -22230.650858798104 -5168.6501155829174 1110.2842920736703
v -21476.771836967855 -5201.8499838702846 1003.1090469316678
v -21298.703651747295 -5180.1231184688804 1806.765483528894
v -22027.516089727244 -5143.8647684391763 2027.0711086421597
cstype bspline
deg 1
curv 0 4 337 338 339 340 337
parm u 0 0 1 2 3 4 4
end
usemtl Default
v -22223.877882540444 -5128.0414231227187 1133.1848181283303
v -21469.998860710191 -5161.2412914100278 1026.0095729863287
v -21301.616634563776 -5140.6962515482737 1785.9513878788848
v -22030.429072543728 -5104.4379015185987 2006.2570129921505
cstype bspline
deg 1
curv 0 4 341 342 343 344 341
parm u 0 0 1 2 3 4 4
end
usemtl Default
v -22235.312433788866 -5134.1370710800984 40.000000002730303
v -22161.023441033769 -5112.7527526607446 1068.7014075781008
v -22163.649915890652 -4431.0173050521698 702.80440069553879
v -22210.652161470618 -4419.7959802014229 40.000000002730303
cstype bspline
deg 1
curv 0 4 345 346 347 348 345
parm u 0 0 1 2 3 4 4
end
usemtl Default
v -22275.366966175032 -5132.0703808424878 40.000000002730303
v -22200.687533404915 -5110.5736730462813 1074.1079446454296
v -22203.313458957979 -4428.9808043338126 708.28746186253011
v -22250.704531448613 -4417.6666508741037 40.000000002730303
cstype bspline
deg 1
curv 0 4 349 350 351 352 349
parm u 0 0 1 2 3 4 4
end
usemtl Default
v -21634.494447996381 -5165.1374246440828 40.000000002730303
v -21566.062055466587 -5145.4389468779264 987.60335156817564
v -21568.696769880771 -4461.5648158274707 620.55848319065535
v -21609.866611800662 -4451.7359201111831 40.000000002730303
cstype bspline
deg 1
curv 0 4 353 354 355 356 353
parm u 0 0 1 2 3 4 4
end
usemtl Default
v -21674.548980382548 -5163.0707344064722 40.000000002730303
v -21605.72614783773 -5143.2598672634631 993.00988863550356
v -21608.360312948098 -4459.5283151091135 626.04154435764758
v -21649.918981778657 -4449.6065907838638 40.000000002730303
cstype bspline
deg 1
curv 0 4 357 358 359 360 357
parm u 0 0 1 2 3 4 4
end
usemtl Default
v -22313.619654521121 -4413.7954540861247 2.7303030947223306E-09
v -21552.624624939177 -4454.2527113051619 2.7303030947223306E-09
v -21578.68196088024 -5209.062939728843 2.7303030947223306E-09
v -22339.718076217414 -5169.7958252151439 2.7303030947223306E-09
cstype bspline
deg 1
curv 0 4 361 362 363 364 361
parm u 0 0 1 2 3 4 4
end
usemtl Default
v -22310.783086415609 -4414.4726568831247 40.000000002730303
v -21549.788056833666 -4454.929914102162 40.000000002730303
v -21574.407414452151 -5168.0858172876178 40.000000002730303
v -22335.443529789329 -5128.8187027739186 40.000000002730303
cstype bspline
deg 1
curv 0 4 365 366 367 368 365
parm u 0 0 1 2 3 4 4
end
usemtl Default
v -22339.71807621737 -5169.7958252147364 3.124569047940895E-09
v -21578.681960880269 -5209.0629397291341 2.4624569050502032E-09
v -21506.413535038198 -5188.2602478018671 1000.7220266433633
v -22260.031290089966 -5146.857735126745 1103.4462309226019
cstype bspline
deg 1
curv 0 4 369 370 371 372 369
parm u 0 0 1 2 3 4 4
end
usemtl Default
v -22335.459676105966 -5128.9734863527119 39.848907325039818
v -21574.423560768868 -5168.2406008671387 39.848907324377706
v -21506.565916909865 -5148.7075662996795 979.4935459671824
v -22260.183671961633 -5107.3050536245282 1082.2177502464219
cstype bspline
deg 1
curv 0 4 373 374 375 376 373
parm u 0 0 1 2 3 4 4
end
usemtl Default
v -22291.530495027531 -5880.0000001279986 2.7303030947223306E-09
v -22249.195119153432 -5880.0000001279986 588.1262786484549
v -22166.126911248095 -5154.0215579732612 1008.8609420521634
v -22240.268171968739 -5174.9271333088982 2.7303030947223306E-09
cstype bspline
deg 1
curv 0 4 377 378 379 380 377
parm u 0 0 1 2 3 4 4
end
usemtl Default
v -22331.739302786853 -5880.0000001279986 2.7303030947223306E-09
v -22289.089424388425 -5880.0000001279986 592.49537176363719
v -22205.771357179492 -5151.8379010417266 1014.4955550653513
v -22280.326706001935 -5172.8602365986735 2.7303030947223306E-09
cstype bspline
deg 1
curv 0 4 381 382 383 384 381
parm u 0 0 1 2 3 4 4
end
usemtl Default
v -21688.398378637736 -5880.0000001279986 2.7303030947223306E-09
v -21650.780540628621 -5880.0000001279986 522.58988192072411
v -21571.460222277194 -5186.7764119459898 924.34174685435482
v -21639.390161470878 -5205.9305839624139 2.7303030947223306E-09
cstype bspline
deg 1
curv 0 4 385 386 387 388 385
parm u 0 0 1 2 3 4 4
end
usemtl Default
v -21728.607186397057 -5880.0000001279986 2.7303030947223306E-09
v -21690.674845863614 -5880.0000001279986 526.95897503590686
v -21611.104668208587 -5184.5927550144552 929.97635986754267
v -21679.44869550407 -5203.8636872521602 2.7303030947223306E-09
cstype bspline
deg 1
curv 0 4 389 390 391 392 389
parm u 0 0 1 2 3 4 4
end
usemtl Default
v -22394.960714441524 -5920.0000001279986 2.7303030947223306E-09
v -21630.993367014453 -5920.0000001279986 2.7303030947223306E-09
v -21592.181271503854 -5920.0000001279986 539.1805984454636
v -22350.173070968642 -5920.0000001279986 622.19336763352112
cstype bspline
deg 1
curv 0 4 393 394 395 396 393
parm u 0 0 1 2 3 4 4
end
usemtl Default
v -22392.052514425828 -5880.0000001279986 2.7303030947223306E-09
v -21628.085166998757 -5880.0000001279986 2.7303030947223306E-09
v -21590.939150532315 -5880.0000001279986 516.03530097399334
v -22348.930949997106 -5880.0000001279986 599.04807016205086
cstype bspline
deg 1
curv 0 4 397 398 399 400 397
parm u 0 0 1 2 3 4 4
end
usemtl Default
v -22350.173070968649 -5920.0000001282024 622.19336763364299
v -21592.181271503847 -5920.000000127824 539.18059844537675
v -21508.547668674477 -5189.080262903648 962.7789475966274
v -22261.792141370956 -5147.5907812048972 1069.8365948471846
cstype bspline
deg 1
curv 0 4 401 402 403 404 401
parm u 0 0 1 2 3 4 4
end
usemtl Default
v -22348.930975234605 -5880.0008128507761 599.04854042981788
v -21590.939175769803 -5880.0008128503978 516.03577124155163
v -21511.993553380104 -5190.0518973432481 915.88982733457397
v -22265.238026076579 -5148.5624156444974 1022.9474745851312
cstype bspline
deg 1
curv 0 4 405 406 407 408 405
parm u 0 0 1 2 3 4 4
end
usemtl Default
v -22272.267006291884 -5880.0000001279986 637.34425984664722
v -22088.841776928373 -5880.0000001279986 1459.9546231981994
v -21948.281686283477 -5150.8472824709024 1917.8754492929374
v -22145.019796581495 -5174.4531646908436 1041.1435875908446
cstype bspline
deg 1
curv 0 4 409 410 411 412 409
parm u 0 0 1 2 3 4 4
end
usemtl Default
v -22312.325370660994 -5880.0000001279986 641.73132017868284
v -22127.431182397981 -5880.0000001279986 1470.9295494321341
v -21986.50022659501 -5148.923426725989 1930.0585910222844
v -22184.764208174493 -5172.7123926286004 1046.5269284717915
cstype bspline
deg 1
curv 0 4 413 414 415 416 413
parm u 0 0 1 2 3 4 4
end
usemtl Default
v -21671.39154075519 -5880.0000001279986 571.53835486610842
v -21510.000694884278 -5880.0000001279986 1295.330729689189
v -21375.003581610457 -5179.7051186445751 1735.1283233527183
v -21548.853622686489 -5200.5647456246079 960.39347437663127
cstype bspline
deg 1
curv 0 4 417 418 419 420 417
parm u 0 0 1 2 3 4 4
end
usemtl Default
v -21711.4499051243 -5880.0000001279986 575.92541519814404
v -21548.590100353886 -5880.0000001279986 1306.3056559231227
v -21413.22212192199 -5177.7812628996326 1747.3114650820671
v -21588.59803427949 -5198.8239735623356 965.77681525757907
cstype bspline
deg 1
curv 0 4 421 422 423 424 421
parm u 0 0 1 2 3 4 4
end
usemtl Default
v -22379.62702141409 -5920.0000001279986 625.41906742591982
v -21618.518098400938 -5920.0000001279986 542.06492111723719
v -21449.394940826132 -5920.0000001279986 1300.5345307043835
v -22182.593644748653 -5920.0000001279986 1509.0581291491299
cstype bspline
deg 1
curv 0 4 425 426 427 428 425
parm u 0 0 1 2 3 4 4
end
usemtl Default
v -22372.412917214668 -5880.0000001279986 648.31191067673717
v -21611.303994201517 -5880.0000001279986 564.95776436805409
v -21452.117427617224 -5880.0000001279986 1278.8645689716868
v -22185.316131539748 -5880.0000001279986 1487.3881674164331
cstype bspline
deg 1
curv 0 4 429 430 431 432 429
parm u 0 0 1 2 3 4 4
end
usemtl Default
v -22182.593644748657 -5920.0000001279986 1509.058129149149
v -21449.394940826129 -5920.0000001279986 1300.534530704399
v -21306.996235350794 -5181.3095040432527 1764.4452506456828
v -22033.148501269956 -5144.7562448899553 1995.9249435032934
cstype bspline
deg 1
curv 0 4 433 434 435 436 433
parm u 0 0 1 2 3 4 4
end
usemtl Default
v -22185.31591210507 -5880.0032241609588 1487.389914033216
v -21452.117208182543 -5880.0032241609588 1278.866315588466
v -21317.675771143153 -5182.5909022619016 1716.853610758697
v -22043.828037062314 -5146.0376431086333 1948.3333036163076
cstype bspline
deg 1
curv 0 4 437 438 439 440 437
parm u 0 0 1 2 3 4 4
end
usemtl Default
v -22116.543668091301 -5880.0000001279986 1517.5870465083462
v -21772.719059537703 -5880.0000001279986 2344.6602028151137
v -21543.554469887382 -5145.2539293043374 2822.4555734795931
v -21911.048526108229 -5173.8863724825496 1941.3081066447912
cstype bspline
deg 1
curv 0 4 441 442 443 444 441
parm u 0 0 1 2 3 4 4
end
usemtl Default
v -22155.31080207332 -5880.0000001279986 1528.6125191886331
v -21808.555932529547 -5880.0000001279986 2362.7344443899283
v -21579.012375347098 -5144.0388859783416 2841.3199411937076
v -21949.530626506457 -5172.9069522592472 1952.9213048115889
cstype bspline
deg 1
curv 0 4 445 446 447 448 445
parm u 0 0 1 2 3 4 4
end
usemtl Default
v -21535.036658361048 -5880.0000001279986 1352.2049563040364
v -21235.165964660056 -5880.0000001279986 2073.5465791928964
v -21011.685887991705 -5163.4795791938668 2539.4900577678955
v -21333.817020134797 -5188.5776758321445 1767.1101341428503
cstype bspline
deg 1
curv 0 4 449 450 451 452 449
parm u 0 0 1 2 3 4 4
end
usemtl Default
v -21573.803792343067 -5880.0000001279986 1363.2304289843241
v -21271.002837651897 -5880.0000001279986 2091.6208207677118
v -21047.143793451418 -5162.2645358679001 2558.3544254820081
v -21372.299120533029 -5187.598255608842 1778.723332309647
cstype bspline
deg 1
curv 0 4 453 454 455 456 453
parm u 0 0 1 2 3 4 4
end
usemtl Default
v -22225.102413740464 -5920.0000001279986 1521.1477324561301
v -21488.526868082146 -5920.0000001279986 1311.663751530672
v -21174.905700249703 -5920.0000001279986 2066.0822623376398
v -21855.806287094587 -5920.0000001279986 2409.4928522594319
cstype bspline
deg 1
curv 0 4 457 458 459 460 457
parm u 0 0 1 2 3 4 4
end
usemtl Default
v -22213.461503046339 -5880.0000001279986 1545.1507282090643
v -21476.885957388025 -5880.0000001279986 1335.6667472836052
v -21181.415084672852 -5880.0000001279986 2046.4245616276467
v -21862.315671517736 -5880.0000001279986 2389.8351515494396
cstype bspline
deg 1
curv 0 4 461 462 463 464 461
parm u 0 0 1 2 3 4 4
end
usemtl Default
v -21855.806287094605 -5920.0000001278822 2409.4928522593782
v -21174.905700249685 -5920.0000001281733 2066.0822623377117
v -20939.045488223674 -5163.7864668149268 2557.8376317075008
v -21612.7456919582 -5140.7006436214724 2916.2606182756517
cstype bspline
deg 1
curv 0 4 465 466 467 468 465
parm u 0 0 1 2 3 4 4
end
usemtl Default
v -21862.314152794464 -5880.0093326434726 2389.8397379443504
v -21181.413565949544 -5880.0093326437636 2046.4291480226766
v -20958.499029802137 -5165.302144182846 2511.193506196726
v -21632.199233536663 -5142.2163209893915 2869.616492764877
cstype bspline
deg 1
curv 0 4 469 470 471 472 469
parm u 0 0 1 2 3 4 4
end
usemtl Default
v -21792.164377023968 -5880.0000001279986 2409.6988285625575
v -21273.345718539502 -5880.0000001279986 3203.2536777359746
v -20948.142575371876 -5138.2143775474397 3679.9990672239928
v -21501.335543470756 -5171.9827128011675 2834.8080715685192
cstype bspline
deg 1
curv 0 4 473 474 475 476 473
parm u 0 0 1 2 3 4 4
end
usemtl Default
v -21828.108154826616 -5880.0000001279986 2427.8269873241888
v -21304.890998668125 -5880.0000001279986 3228.1095227541027
v -20979.686774834525 -5138.2119125574827 3704.8564964904053
v -21537.391435701611 -5172.2556532533199 2852.7723508443241
cstype bspline
deg 1
curv 0 4 477 478 479 480 477
parm u 0 0 1 2 3 4 4
end
usemtl Default
v -21253.007709984238 -5880.0000001279986 2137.776447138097
v -20800.166516610134 -5880.0000001279986 2830.4160024640651
v -20474.979583432156 -5138.2513523969101 3307.1376282278134
v -20960.497160007882 -5167.8886060187651 2565.3438824314544
cstype bspline
deg 1
curv 0 4 481 482 483 484 481
parm u 0 0 1 2 3 4 4
end
usemtl Default
v -21288.951487786886 -5880.0000001279986 2155.9046058997274
v -20831.711796738757 -5880.0000001279986 2855.2718474821932
v -20506.523782894801 -5138.248887406924 3331.995057494225
v -20996.553052238738 -5168.1615464709466 2583.3081617072594
cstype bspline
deg 1
curv 0 4 485 486 487 488 485
parm u 0 0 1 2 3 4 4
end
usemtl Default
v -21898.454427887744 -5920.0000001279986 2431.0023405337306
v -21215.522649637416 -5920.0000001279986 2086.5673240627484
v -20742.56837524426 -5920.0000001279986 2809.9706784801183
v -21341.928697688068 -5920.0000001279986 3282.2317338246239
cstype bspline
deg 1
curv 0 4 489 490 491 492 489
parm u 0 0 1 2 3 4 4
end
usemtl Default
v -21882.023821530591 -5880.0000001279986 2455.0192254666345
v -21199.092043280267 -5880.0000001279986 2110.5842089956514
v -20752.861840471061 -5880.0000001279986 2793.1119776022633
v -21352.22216291487 -5880.0000001279986 3265.3730329467689
cstype bspline
deg 1
curv 0 4 493 494 495 496 493
parm u 0 0 1 2 3 4 4
end
usemtl Default
v -21341.928697688076 -5920.0000001279404 3282.2317338246085
v -20742.568375244242 -5920.0000001280569 2809.9706784801401
v -20399.081952456512 -5136.5103711724805 3313.5192199263647
v -20998.421742246828 -5136.4635363631824 3785.8103759881915
cstype bspline
deg 1
curv 0 4 497 498 499 500 497
parm u 0 0 1 2 3 4 4
end
usemtl Default
v -21352.217264291648 -5880.0190359846456 3265.3810559421054
v -20752.856941847822 -5880.019035984762 2793.120000597637
v -20427.66328423818 -5138.2550498818164 3269.8514843281964
v -21027.003074028496 -5138.2082150725473 3742.1426403900223
cstype bspline
deg 1
curv 0 4 501 502 503 504 501
parm u 0 0 1 2 3 4 4
end
usemtl Default
v -21278.929118694698 -5880.0000001279986 3272.1172506588937
v -20593.216636134188 -5880.0000001279986 3998.1911328636215
v -20174.758795660233 -5127.8354202151822 4456.3437160898366
v -20905.143288030522 -5166.9526001524064 3682.1849805463262
cstype bspline
deg 1
curv 0 4 505 506 507 508 505
parm u 0 0 1 2 3 4 4
end
usemtl Default
v -21310.476983498273 -5880.0000001279986 3296.975132250469
v -20619.468605175371 -5880.0000001279986 4028.6566294450704
v -20201.880596366464 -5129.3989148032852 4485.8568691236951
v -20937.662276985833 -5168.8051517866261 3705.9774748394193
cstype bspline
deg 1
curv 0 4 509 510 511 512 509
parm u 0 0 1 2 3 4 4
end
usemtl Default
v -20805.711146641108 -5880.0000001279986 2899.2490267852554
v -20199.437100516443 -5880.0000001279986 3541.2086841418768
v -19767.931785066747 -5104.3830013934057 4013.6464205819602
v -20417.358453700843 -5139.1643256388779 3325.2975661499322
cstype bspline
deg 1
curv 0 4 513 514 515 516 513
parm u 0 0 1 2 3 4 4
end
usemtl Default
v -20837.259011444679 -5880.0000001279986 2924.1069083768316
v -20225.689069557626 -5880.0000001279986 3571.6741807233266
v -19795.053585772981 -5105.9464959815086 4043.1595736158188
v -20449.877442656158 -5141.0168772730976 3349.0900604430244
cstype bspline
deg 1
curv 0 4 517 518 519 520 517
parm u 0 0 1 2 3 4 4
end
usemtl Default
v -21378.767138805873 -5920.0000001279986 3311.258281675764
v -20779.357707537991 -5920.0000001279986 2838.9585314358219
v -20146.623350780646 -5920.0000001279986 3508.935967313364
v -20645.410762562933 -5920.0000001279986 4087.7804023611116
cstype bspline
deg 1
curv 0 4 521 522 523 524 521
parm u 0 0 1 2 3 4 4
end
usemtl Default
v -21357.798780703633 -5880.0000001279986 3334.2619546378328
v -20758.389349435747 -5880.0000001279986 2861.9622043978916
v -20160.087376134445 -5880.0000001279986 3495.4805485054621
v -20658.874787916731 -5880.0000001279986 4074.3249835532097
cstype bspline
deg 1
curv 0 4 525 526 527 528 525
parm u 0 0 1 2 3 4 4
end
usemtl Default
v -20645.410762562977 -5920.0000001278822 4087.7804023610752
v -20146.62335078061 -5920.0000001281151 3508.9359673133968
v -19690.463713409736 -5100.067646542273 4008.3667247543244
v -20205.777926828152 -5129.7740437165485 4569.1166323976358
cstype bspline
deg 1
curv 0 4 529 530 531 532 529
parm u 0 0 1 2 3 4 4
end
usemtl Default
v -20658.864146694665 -5880.0316139189235 4074.3356179731363
v -20160.076734912305 -5880.0316139191564 3495.4911829254652
v -19727.249084007399 -5102.0377595112077 3969.3766910311715
v -20242.563297425815 -5131.7441566854832 4530.1265986744829
cstype bspline
deg 1
curv 0 4 533 534 535 536 533
parm u 0 0 1 2 3 4 4
end
usemtl Default
v -20583.598863030718 -5880.0000001279986 4066.2372648122846
v -19751.029015461761 -5880.0000001279986 4705.3135470843863
v -19245.83476824918 -5112.067389699776 5134.2496301635128
v -20132.849077790779 -5156.4560344581259 4451.0033846009273
cstype bspline
deg 1
curv 0 4 537 538 539 540 537
parm u 0 0 1 2 3 4 4
end
usemtl Default
v -20609.775413138472 -5880.0000001279986 4096.6152374729572
v -19771.704814561206 -5880.0000001279986 4739.9138675929407
v -19268.631323371279 -5115.2910956654232 5167.0493189615063
v -20161.207303277275 -5159.9580617624742 4479.5190496186351
cstype bspline
deg 1
curv 0 4 541 542 543 544 541
parm u 0 0 1 2 3 4 4
end
usemtl Default
v -20190.950611414417 -5880.0000001279986 3610.5676749021786
v -19440.892028970091 -5880.0000001279986 4186.3087394560462
v -18903.886441417708 -5063.7118002148636 4642.2542981935676
v -19707.475695493311 -5103.9256248928723 4023.2684093353164
cstype bspline
deg 1
curv 0 4 545 546 547 548 545
parm u 0 0 1 2 3 4 4
end
usemtl Default
v -20217.12716152217 -5880.0000001279986 3640.9456475628513
v -19461.567828069536 -5880.0000001279986 4220.9090599645997
v -18926.682996539806 -5066.9355061805109 4675.0539869915647
v -19735.833920979807 -5107.4276521972206 4051.7840743530242
cstype bspline
deg 1
curv 0 4 549 550 551 552 549
parm u 0 0 1 2 3 4 4
end
usemtl Default
v -20673.959237372823 -5920.0000001279986 4120.9110014546986
v -20176.6047853255 -5920.0000001279986 3543.7295209018939
v -19394.24152385084 -5920.0000001279986 4144.2674889647933
v -19787.081706740653 -5920.0000001279986 4801.6735786270892
cstype bspline
deg 1
curv 0 4 553 554 555 556 553
parm u 0 0 1 2 3 4 4
end
usemtl Default
v -20649.040238300106 -5880.0000001279986 4142.1821964639712
v -20151.685786252783 -5880.0000001279986 3565.0007159111647
v -19409.925889505175 -5880.0000001279986 4134.3717525108732
v -19802.766072394988 -5880.0000001279986 4791.7778421731691
cstype bspline
deg 1
curv 0 4 557 558 559 560 557
parm u 0 0 1 2 3 4 4
end
usemtl Default
v -2669.5611714846018 -5886.3496410477674 40.000000002730303
v -3536.4469186664355 -5886.3496410477674 40.000000002730303
v -3055.3065364587164 -5001.8335476104985 40.000000002730303
v -2380.3104477127599 -5354.5985561760026 40.000000002730303
cstype bspline
deg 1
curv 0 4 561 562 563 564 561
parm u 0 0 1 2 3 4 4
end
usemtl Default
v -2684.9904793054884 -5920.0000001279986 2.7303030947223306E-09
v -3551.8762264873221 -5920.0000001279986 2.7303030947223306E-09
v -3052.3555861656932 -5001.6941133071668 2.7303030947223306E-09
v -2377.3594974197367 -5354.4591218726709 2.7303030947223306E-09
cstype bspline
deg 1
curv 0 4 565 566 567 568 565
parm u 0 0 1 2 3 4 4
end
usemtl Default
v -2732.7719242142884 -5880.0000001279986 967.47534301321411
v -3606.6176689034219 -5880.0000001279986 1064.3065960650401
v -3533.5354916570031 -5880.0000001279986 47.547783852068733
v -2666.6497444751694 -5880.0000001279986 47.547783852068733
cstype bspline
deg 1
curv 0 4 569 570 571 572 569
parm u 0 0 1 2 3 4 4
end
usemtl Default
v -2756.0990365377511 -5920.0000001279986 989.30074217778929
v -3629.9447812268845 -5920.0000001279986 1086.1319952296144
v -3551.8762264873221 -5920.0000001279986 2.7257556212134659E-09
v -2684.9904793054884 -5920.0000001279986 2.7257556212134659E-09
cstype bspline
deg 1
curv 0 4 573 574 575 576 573
parm u 0 0 1 2 3 4 4
end
usemtl Default
v -3491.6379656548343 -5880.0000001279986 1051.5656417161135
v -3418.9290610099051 -5880.0000001279986 40.000000002730303
v -2966.4912616237089 -5048.2499961059657 40.000000002730303
v -3007.7157849104915 -5050.197881401924 598.79657999598749
cstype bspline
deg 1
curv 0 4 577 578 579 580 577
parm u 0 0 1 2 3 4 4
end
usemtl Default
v -3537.6298469542635 -5880.0000001279986 1056.6620234556831
v -3464.5546266510537 -5880.0000001279986 40.000000002730303
v -3002.0173715577075 -5029.6834167077614 40.000000002730303
v -3042.8697957459226 -5031.6137200814846 593.75279326161581
cstype bspline
deg 1
curv 0 4 581 582 583 584 581
parm u 0 0 1 2 3 4 4
end
usemtl Default
v -2801.7597461634396 -5880.0000001279986 975.11991562257026
v -2734.5455763926911 -5880.0000001279986 40.000000002730303
v -2433.5996126137616 -5326.7486870787106 40.000000002730303
v -2480.4056223786611 -5328.9603012082225 674.45338101131529
cstype bspline
deg 1
curv 0 4 585 586 587 588 585
parm u 0 0 1 2 3 4 4
end
usemtl Default
v -2847.7516274628724 -5880.0000001279986 980.21629736213981
v -2780.1711420338506 -5880.0000001279986 40.000000002730303
v -2469.1257225477639 -5308.1821076805354 40.000000002730303
v -2515.5596332141358 -5310.3761398878123 669.40959427695816
cstype bspline
deg 1
curv 0 4 589 590 591 592 589
parm u 0 0 1 2 3 4 4
end
usemtl Default
v -2758.4512752442024 -5882.4845364846115 1016.1236405628533
v -3656.6015923379964 -5882.4845364844077 1115.6480945772728
v -3083.6699069902606 -5002.7946128593467 629.01917680588122
v -2413.8714840029643 -5353.4103414420097 723.44914692607745
cstype bspline
deg 1
curv 0 4 593 594 595 596 593
parm u 0 0 1 2 3 4 4
end
usemtl Default
v -2772.6880771879478 -5920.000000128086 991.13898148131557
v -3670.8383942817345 -5920.0000001278822 1090.663435495735
v -3073.7809785883437 -5003.266983184847 583.54293321471232
v -2403.9825556010619 -5353.88271176751 677.9729033349231
cstype bspline
deg 1
curv 0 4 597 598 599 600 597
parm u 0 0 1 2 3 4 4
end
usemtl Default
v -2946.8794947149545 -5880.0000001279986 1867.2171652845118
v -3817.2449655179335 -5880.0000001279986 1842.110507120814
v -3655.658731752188 -5880.0000001279986 1117.3027534249377
v -2757.5084146583285 -5880.0000001279986 1017.7782994106392
cstype bspline
deg 1
curv 0 4 601 602 603 604 601
parm u 0 0 1 2 3 4 4
end
usemtl Default
v -2972.6761174450585 -5920.0000001279986 1888.2010569237837
v -3843.0415882480374 -5920.0000001279986 1863.0943987600849
v -3670.8383942817782 -5920.0000001279986 1090.6634354956714
v -2772.6880771879187 -5920.0000001279986 991.13898148137196
cstype bspline
deg 1
curv 0 4 605 606 607 608 605
parm u 0 0 1 2 3 4 4
end
usemtl Default
v -3702.7231930438502 -5880.0000001279986 1845.4140147739317
v -3536.8057697727018 -5880.0000001279986 1101.1783700809046
v -2995.5385355445542 -5048.9282613570685 641.44417287432043
v -3161.6353024802847 -5040.9942182865634 1405.2738545018346
cstype bspline
deg 1
curv 0 4 609 610 611 612 609
parm u 0 0 1 2 3 4 4
end
usemtl Default
v -3748.5319020334791 -5880.0000001279986 1844.0926117126846
v -3584.0768390934281 -5880.0000001279986 1106.4164992395627
v -3030.7910841228368 -5030.4748019579856 636.4741744469593
v -3195.5832770090419 -5022.6030752521474 1394.3045076266708
cstype bspline
deg 1
curv 0 4 613 614 615 616 613
parm u 0 0 1 2 3 4 4
end
usemtl Default
v -3015.5925581994015 -5880.0000001279986 1865.2350606926411
v -2827.739729961726 -5880.0000001279986 1022.6064327010208
v -2466.7503068703882 -5325.7301523433998 715.99414928501392
v -2652.4156845487851 -5316.8613638029783 1569.8140576293317
cstype bspline
deg 1
curv 0 4 617 618 619 620 617
parm u 0 0 1 2 3 4 4
end
usemtl Default
v -3061.4012671890378 -5880.0000001279986 1863.9136576313931
v -2875.0107992824669 -5880.0000001279986 1027.8445618596797
v -2502.0028554486635 -5307.2766929442878 711.02415085762368
v -2686.3636590775568 -5298.4702207685623 1558.8447107541615
cstype bspline
deg 1
curv 0 4 621 622 623 624 621
parm u 0 0 1 2 3 4 4
end
usemtl Default
v -2988.9825008319967 -5882.188829676772 1912.7266544900885
v -3896.2072942905688 -5882.1888296767138 1886.5567482482666
v -3231.9014488853427 -4998.7329437493463 1425.8256236115112
v -2583.0946296974871 -5342.4012735977012 1631.2220182782066
cstype bspline
deg 1
curv 0 4 625 626 627 628 625
parm u 0 0 1 2 3 4 4
end
usemtl Default
v -2998.6749597652379 -5920.0000001280569 1887.4510914567991
v -3905.89975322381 -5920.0000001279695 1861.2811852149771
v -3213.8238392622516 -4999.6128863808117 1381.2900540530845
v -2565.017020074396 -5343.2812162291957 1586.686448719779
cstype bspline
deg 1
curv 0 4 629 630 631 632 629
parm u 0 0 1 2 3 4 4
end
usemtl Default
v -3344.3646139015073 -5880.0000001279986 2768.8373926652866
v -4194.7832832348686 -5880.0000001279986 2606.2715192667565
v -3895.6462129947686 -5880.0000001279986 1888.0199110799595
v -2988.4214195361747 -5880.0000001279986 1914.1898173218351
cstype bspline
deg 1
curv 0 4 633 634 635 636 633
parm u 0 0 1 2 3 4 4
end
usemtl Default
v -3373.8331378532494 -5920.0000001279986 2788.2353523973952
v -4224.2518071866107 -5920.0000001279986 2625.6694789988651
v -3905.8997532238027 -5920.0000001279986 1861.2811852149389
v -2998.6749597652124 -5920.0000001279986 1887.4510914568145
cstype bspline
deg 1
curv 0 4 637 638 639 640 637
parm u 0 0 1 2 3 4 4
end
usemtl Default
v -4082.8860899015308 -5880.0000001279986 2627.6617657665638
v -3775.1897423841438 -5880.0000001279986 1888.8586603534495
v -3146.532130571155 -5043.9524608346401 1452.8514650150246
v -3455.866160832782 -5028.8953705297608 2214.9194324473337
cstype bspline
deg 1
curv 0 4 641 642 643 644 641
parm u 0 0 1 2 3 4 4
end
usemtl Default
v -4127.644967234879 -5880.0000001279986 2619.1056671666383
v -3822.9384157240856 -5880.0000001279986 1887.4812968670394
v -3180.6798578968373 -5025.8646540005284 1442.0411284536167
v -3487.3934820232316 -5010.9351141361403 2197.6535255898443
cstype bspline
deg 1
curv 0 4 645 646 647 648 645
parm u 0 0 1 2 3 4 4
end
usemtl Default
v -3411.5029299015077 -5880.0000001279986 2756.003244765403
v -3058.9596422852228 -5880.0000001279986 1909.5191126495929
v -2634.3162206859961 -5315.2695633465191 1615.0065134361039
v -2982.9563429761256 -5298.2992164345342 2473.9080353096633
cstype bspline
deg 1
curv 0 4 649 650 651 652 649
parm u 0 0 1 2 3 4 4
end
usemtl Default
v -3456.2618072348487 -5880.0000001279986 2747.4471461654784
v -3106.7083156251574 -5880.0000001279986 1908.1417491631828
v -2668.4639480116821 -5297.1817565124074 1604.1961768746933
v -3014.4836641665825 -5280.3389600408846 2456.6421284521693
cstype bspline
deg 1
curv 0 4 653 654 655 656 653
parm u 0 0 1 2 3 4 4
end
usemtl Default
v -3399.1161427896659 -5881.8105847067491 2807.3060735002855
v -4288.0579795197336 -5881.8105847062834 2637.376118643997
v -3526.8359619848452 -4990.0391232793627 2224.839384841388
v -2921.306510670056 -5322.0566836057114 2548.3618752591674
cstype bspline
deg 1
curv 0 4 657 658 659 660 657
parm u 0 0 1 2 3 4 4
end
usemtl Default
v -3403.8945937726967 -5920.0000001282024 2782.4888101197039
v -4292.8364305027644 -5920.0000001277367 2612.5588552634154
v -3500.0161570428354 -4991.2111873687536 2182.8977595888718
v -2894.4867057280499 -5323.2287476950733 2506.4202500066503
cstype bspline
deg 1
curv 0 4 661 662 663 664 661
parm u 0 0 1 2 3 4 4
end
usemtl Default
v -3935.9820185847493 -5880.0000001279986 3628.6662227941233
v -4738.5605199374768 -5880.0000001279986 3326.8524739857021
v -4287.8314301064638 -5880.0000001279986 2638.5527209526881
v -3398.8895933763379 -5880.0000001279986 2808.4826758092768
cstype bspline
deg 1
curv 0 4 665 666 667 668 665
parm u 0 0 1 2 3 4 4
end
usemtl Default
v -3969.1274850840309 -5920.0000001279986 3645.645123464531
v -4771.7059864367584 -5920.0000001279986 3343.8313746561098
v -4292.8364305027899 -5920.0000001279986 2612.5588552632371
v -3403.8945937726676 -5920.0000001279986 2782.4888101198258
cstype bspline
deg 1
curv 0 4 669 670 671 672 669
parm u 0 0 1 2 3 4 4
end
usemtl Default
v -4632.9580855489658 -5880.0000001279986 3366.56480935523
v -4169.5464214000094 -5880.0000001279986 2658.8977401941775
v -3447.1610341802661 -5033.7256443749648 2267.4081335805704
v -3914.7707569154481 -5013.2904262571828 2998.6704152339889
cstype bspline
deg 1
curv 0 4 673 674 675 676 673
parm u 0 0 1 2 3 4 4
end
usemtl Default
v -4675.1990593043702 -5880.0000001279986 3350.6798752074192
v -4216.3328338595093 -5880.0000001279986 2649.9540583596472
v -3479.0310053020985 -5016.2510359367297 2250.380634084896
v -3942.6752304929469 -4995.9891157709062 2975.4415502808142
cstype bspline
deg 1
curv 0 4 677 678 679 680 677
parm u 0 0 1 2 3 4 4
end
usemtl Default
v -3999.3434792178596 -5880.0000001279986 3604.8388215724062
v -3467.7502345075372 -5880.0000001279986 2793.0529677121312
v -2969.1114673528027 -5295.8447709483444 2522.8206260156576
v -3496.2036532530001 -5272.810083551245 3347.1033895315686
cstype bspline
deg 1
curv 0 4 681 682 683 684 681
parm u 0 0 1 2 3 4 4
end
usemtl Default
v -4041.584452973264 -5880.0000001279986 3588.9538874245955
v -3514.5366469670298 -5880.0000001279986 2784.1092858776019
v -3000.9814384746314 -5278.3701625101385 2505.7931265199877
v -3524.1081268304915 -5255.5087730649975 3323.8745245783975
cstype bspline
deg 1
curv 0 4 685 686 687 688 685
parm u 0 0 1 2 3 4 4
end
usemtl Default
v -3999.8881175934002 -5881.3960315258591 3657.5574928616679
v -4836.7027634133665 -5881.3960315253353 3342.869066885467
v -3986.3840712747588 -4976.500970336172 2996.5555613540282
v -3446.9111598157178 -5292.9271166700346 3432.3438282714442
cstype bspline
deg 1
curv 0 4 689 690 691 692 689
parm u 0 0 1 2 3 4 4
end
usemtl Default
v -3999.9798260993084 -5920.0000001282315 3634.0429428859097
v -4836.7944719192747 -5920.0000001277076 3319.3545169097069
v -3951.4400153710922 -4977.8204590460809 2958.7718220686447
v -3411.9671039120476 -5294.2466053799726 3394.5600889860607
cstype bspline
deg 1
curv 0 4 693 694 695 696 693
parm u 0 0 1 2 3 4 4
end
usemtl Default
v -4710.123971480014 -5880.0000001279986 4409.9604166921854
v -5440.7959708140152 -5880.0000001279986 3982.9552078103588
v -4836.6994469679739 -5880.0000001279986 3343.719421168943
v -3999.8848011480077 -5880.0000001279986 3658.4078471454695
cstype bspline
deg 1
curv 0 4 697 698 699 700 697
parm u 0 0 1 2 3 4 4
end
usemtl Default
v -4746.4577626573628 -5920.0000001279986 4423.9422257823844
v -5477.1297619913639 -5920.0000001279986 3996.9370169005579
v -4836.7944719192747 -5920.0000001279986 3319.3545169095351
v -3999.9798260993048 -5920.0000001279986 3634.0429428860616
cstype bspline
deg 1
curv 0 4 701 702 703 704 701
parm u 0 0 1 2 3 4 4
end
usemtl Default
v -5344.6549182700619 -5880.0000001279986 4039.1401037158648
v -4725.2837397437688 -5880.0000001279986 3383.7411618256046
v -3915.4007934511974 -5018.1359895906062 3053.8961227905338
v -4540.350029260193 -4994.5378857186879 3729.6310477088527
cstype bspline
deg 1
curv 0 4 705 706 707 708 705
parm u 0 0 1 2 3 4 4
end
usemtl Default
v -5383.1113392876432 -5880.0000001279986 4016.6661453536617
v -4769.3266158395782 -5880.0000001279986 3367.1786130900273
v -3943.7941045806183 -5001.48198188885 3030.9598982159296
v -4563.8468158519754 -4978.068770945858 3701.400388880691
cstype bspline
deg 1
curv 0 4 709 710 711 712 709
parm u 0 0 1 2 3 4 4
end
usemtl Default
v -4767.8086030063896 -5880.0000001279986 4376.2494791488789
v -4064.640598306567 -5880.0000001279986 3632.1793928592851
v -3489.5011265098583 -5267.9461051173566 3397.9394914095428
v -4187.8982303834964 -5241.5746073112532 4153.0909301313013
cstype bspline
deg 1
curv 0 4 713 714 715 716 713
parm u 0 0 1 2 3 4 4
end
usemtl Default
v -4806.2650240239673 -5880.0000001279986 4353.7755207866794
v -4108.6834744023763 -5880.0000001279986 3615.6168441237078
v -3517.8944376392719 -5251.2920974155713 3375.0032668349422
v -4211.3950169752716 -5225.1054925384233 4124.8602713031387
cstype bspline
deg 1
curv 0 4 717 718 719 720 717
parm u 0 0 1 2 3 4 4
end
usemtl Default
v -4778.7744081648416 -5881.0221604742983 4428.9350713585864
v -5535.7557351109099 -5881.022160473367 3986.5546736870401
v -4611.6453243198885 -4958.2615847101551 3714.2231316387315
v -4153.5360073852316 -5256.6970365977904 4244.6798829700219
cstype bspline
deg 1
curv 0 4 721 722 723 724 721
parm u 0 0 1 2 3 4 4
end
usemtl Default
v -4774.7805481201394 -5920.0000001284061 4407.3903708688176
v -5531.7618750662114 -5920.0000001274748 3965.0099731972678
v -4569.9688669129646 -4959.6118694399192 3681.573524496891
v -4111.8595499783114 -5258.0473213275254 4212.030275828185
cstype bspline
deg 1
curv 0 4 725 726 727 728 725
parm u 0 0 1 2 3 4 4
end
usemtl Default
v -5642.5406760211918 -5880.0000001279986 5092.8334202782662
v -6285.4227452101841 -5880.0000001279986 4562.8193363486807
v -5535.8604706580554 -5880.0000001279986 3987.1196649407666
v -4778.879143712089 -5880.0000001279986 4429.5000626128112
cstype bspline
deg 1
curv 0 4 729 730 731 732 729
parm u 0 0 1 2 3 4 4
end
usemtl Default
v -5681.2631063545268 -5920.0000001279986 5103.6123241741752
v -6324.1451755435228 -5920.0000001279986 4573.598240244597
v -5531.7618750661568 -5920.0000001279986 3965.0099731969858
v -4774.7805481201831 -5920.0000001279986 4407.3903708690377
cstype bspline
deg 1
curv 0 4 733 734 735 736 733
parm u 0 0 1 2 3 4 4
end
usemtl Default
v -6200.8329992642648 -5880.0000001279986 4632.5580316025716
v -5435.1292733490482 -5880.0000001279986 4044.4609536531734
v -4551.3677826179592 -4997.529407326947 3784.0200726033745
v -5322.3659425948827 -4972.5496680003707 4388.0250335948058
cstype bspline
deg 1
curv 0 4 737 738 739 740 737
parm u 0 0 1 2 3 4 4
end
usemtl Default
v -6234.6688976426267 -5880.0000001279986 4604.6625535010189
v -5474.9703958199352 -5880.0000001279986 4021.177774828373
v -4575.4787992987294 -4981.8222782802477 3756.1012962175209
v -5341.1630532645322 -4957.0147053658147 4355.9433087616362
cstype bspline
deg 1
curv 0 4 741 742 743 744 741
parm u 0 0 1 2 3 4 4
end
usemtl Default
v -5693.2945235887455 -5880.0000001279986 5050.9902031259244
v -4837.5124362856368 -5880.0000001279986 4393.7086360252306
v -4189.7025324063907 -5233.136343027727 4202.8017183912398
v -5040.4092825501357 -5205.5741075191763 4869.2509060924112
cstype bspline
deg 1
curv 0 4 745 746 747 748 745
parm u 0 0 1 2 3 4 4
end
usemtl Default
v -5727.1304219671147 -5880.0000001279986 5023.094725024368
v -4877.3535587565311 -5880.0000001279986 4370.4254572004265
v -4213.8135490871609 -5217.4292139809986 4174.8829420053789
v -5059.2063932197852 -5190.0391448845912 4837.169181259238
cstype bspline
deg 1
curv 0 4 749 750 751 752 749
parm u 0 0 1 2 3 4 4
end
usemtl Default
v -5712.663388678131 -5880.7263813116297 5102.9616923959493
v -6373.784652794875 -5880.7263813112804 4557.9105889961229
v -5391.5103335666208 -4936.0450994601706 4359.2130301121852
v -5020.7127614437923 -5215.2576902162691 4962.991729007621
cstype bspline
deg 1
curv 0 4 753 754 755 756 753
parm u 0 0 1 2 3 4 4
end
usemtl Default
v -5705.2734270998808 -5920.0000001281442 5083.8173901349528
v -6366.3946912166248 -5920.0000001277949 4538.7662867351264
v -5344.625152813951 -4937.3350373981812 4332.079509886391
v -4973.8275806911224 -5216.5476281542797 4935.8582087818268
cstype bspline
deg 1
curv 0 4 757 758 759 760 757
parm u 0 0 1 2 3 4 4
end
usemtl Default
v -6710.2593340981621 -5880.0000001279986 5670.1252243277759
v -7257.1192345013042 -5880.0000001279986 5060.1447317909024
v -6373.921333070266 -5880.0000001279986 4558.2646704724011
v -5712.8000689535875 -5880.0000001279986 5103.3157738724021
cstype bspline
deg 1
curv 0 4 761 762 763 764 761
parm u 0 0 1 2 3 4 4
end
usemtl Default
v -6750.5565788905769 -5920.0000001279986 5677.8029187078209
v -7297.4164792937227 -5920.0000001279986 5067.8224261709493
v -6366.3946912165775 -5920.0000001279986 4538.7662867350209
v -5705.273427099899 -5920.0000001279986 5083.8173901350219
cstype bspline
deg 1
curv 0 4 765 766 767 768 765
parm u 0 0 1 2 3 4 4
end
usemtl Default
v -7185.1639844482634 -5880.0000001279986 5140.4053229141682
v -6286.0397256831166 -5880.0000001279986 4629.4750575785692
v -5342.7211793399365 -4972.783598243841 4438.6575957563164
v -6246.1650586199103 -4947.9274173343147 4961.5011121464613
cstype bspline
deg 1
curv 0 4 769 770 771 772 769
parm u 0 0 1 2 3 4 4
end
usemtl Default
v -7213.946084469484 -5880.0000001279986 5108.3010864648622
v -6320.8355816892799 -5880.0000001279986 4600.7881573996365
v -5362.236841030608 -4958.0881987303728 4406.8797694986588
v -6260.291918096369 -4933.3802783224673 4926.6046635112198
cstype bspline
deg 1
curv 0 4 773 774 775 776 773
parm u 0 0 1 2 3 4 4
end
usemtl Default
v -6753.4324841299895 -5880.0000001279986 5621.9688696538105
v -5764.1018855906696 -5880.0000001279986 5059.7785602626009
v -5049.986253979805 -5193.2145909460378 4915.3249896211437
v -6034.2621664730323 -5166.1345025122864 5484.9478416750153
cstype bspline
deg 1
curv 0 4 777 778 779 780 777
parm u 0 0 1 2 3 4 4
end
usemtl Default
v -6782.2145841512029 -5880.0000001279986 5589.8646332045028
v -5798.8977415968329 -5880.0000001279986 5031.0916600836699
v -5069.5019156704802 -5178.5191914325405 4883.5471633634897
v -6048.389025949491 -5151.5873635004391 5450.051393039781
cstype bspline
deg 1
curv 0 4 781 782 783 784 781
parm u 0 0 1 2 3 4 4
end
usemtl Default
v -6780.1397451342491 -5880.5072919666127 5672.5971692050534
v -7338.8926288369184 -5880.5072919664381 5049.3509612526559
v -6311.1339033906406 -4911.2253369636601 4920.496841376269
v -6027.4538530690588 -5170.6472490395245 5578.2300032894145
cstype bspline
deg 1
curv 0 4 785 786 787 788 785
parm u 0 0 1 2 3 4 4
end
usemtl Default
v -6770.0116422090869 -5920.000000128086 5656.1022800313385
v -7328.7645259117708 -5920.0000001278822 5032.8560720789483
v -6260.3405313901858 -4912.3665229885373 4898.9035888157978
v -5976.660481068604 -5171.7884350644308 5556.6367507289433
cstype bspline
deg 1
curv 0 4 789 790 791 792 789
parm u 0 0 1 2 3 4 4
end
usemtl Default
v -7896.2192065931849 -5880.0000001279986 6139.4375912170381
v -8344.2979874364355 -5880.0000001279986 5469.9135709338334
v -7339.0227263711786 -5880.0000001279986 5049.5628414463408
v -6780.2698426685529 -5880.0000001279986 5672.8090493988093
cstype bspline
deg 1
curv 0 4 793 794 795 796 793
parm u 0 0 1 2 3 4 4
end
usemtl Default
v -7937.4550798506352 -5920.0000001279986 6144.2628064607088
v -8385.5338606938858 -5920.0000001279986 5474.7387861775023
v -7328.7645259117417 -5920.0000001279986 5032.8560720789119
v -6770.0116422091123 -5920.0000001279986 5656.1022800313785
cstype bspline
deg 1
curv 0 4 797 798 799 800 797
parm u 0 0 1 2 3 4 4
end
usemtl Default
v -8285.340253114955 -5880.0000001279986 5558.0088367605695
v -7264.8346158103559 -5880.0000001279986 5131.289603032963
v -6273.8075809799084 -4945.3597990788985 5007.0406784701026
v -7298.0986277434204 -4922.3468235282926 5442.486769113515
cstype bspline
deg 1
curv 0 4 801 802 803 804 801
parm u 0 0 1 2 3 4 4
end
usemtl Default
v -8308.9233468435486 -5880.0000001279986 5522.7707304298765
v -7294.242662321034 -5880.0000001279986 5098.487171035471
v -6288.7381099441991 -4931.7060142327973 4972.4231436325699
v -7307.7288406207699 -4908.8121220666508 5405.6159665875402
cstype bspline
deg 1
curv 0 4 805 806 807 808 805
parm u 0 0 1 2 3 4 4
end
usemtl Default
v -7931.5938471860754 -5880.0000001279986 6086.5804317210004
v -6823.7139181501989 -5880.0000001279986 5623.3260829953633
v -6049.8496465155004 -5150.1665717703872 5526.3037010331191
v -7153.6454345831698 -5125.3673454529198 5995.5488070031824
cstype bspline
deg 1
curv 0 4 809 810 811 812 809
parm u 0 0 1 2 3 4 4
end
usemtl Default
v -7955.1769409146618 -5880.0000001279986 6051.3423253903075
v -6853.121964660877 -5880.0000001279986 5590.5236509978749
v -6064.7801754797911 -5136.5127869243152 5491.6861661955863
v -7163.275647460523 -5111.832643991278 5958.6780044772095
cstype bspline
deg 1
curv 0 4 813 814 815 816 813
parm u 0 0 1 2 3 4 4
end
usemtl Default
v -7965.2003839355166 -5880.3503023610392 6134.8581087906368
v -8420.8253986953423 -5880.3503023600206 5454.0584265332673
v -7357.1064101097436 -4885.7867278609774 5391.5011995593923
v -7157.7018320542811 -5125.3495410888863 6087.3691848049093
cstype bspline
deg 1
curv 0 4 817 818 819 820 817
parm u 0 0 1 2 3 4 4
end
usemtl Default
v -7952.9389556084861 -5920.0000001284352 6121.126636684714
v -8408.5639703683191 -5920.0000001274166 5440.3269544273517
v -7303.3890920282756 -4886.6757018463977 5375.3317099576871
v -7103.9845139728131 -5126.2385150743066 6071.1996952032041
cstype bspline
deg 1
curv 0 4 821 822 823 824 821
parm u 0 0 1 2 3 4 4
end
usemtl Default
v -9188.6724765425097 -5880.0000001279986 6498.0718128082153
v -9538.7410491110459 -5880.0000001279986 5785.9431491463711
v -8420.9337275339603 -5880.0000001279986 5454.1797431030882
v -7965.3087127744511 -5880.0000001279986 6134.9794253608034
cstype bspline
deg 1
curv 0 4 825 826 827 828 825
parm u 0 0 1 2 3 4 4
end
usemtl Default
v -9230.459360613575 -5920.0000001279986 6500.2926277040078
v -9580.5279331821148 -5920.0000001279986 5788.1639640421654
v -8408.5639703681372 -5920.0000001279986 5440.3269544271443
v -7952.9389556086317 -5920.0000001279986 6121.1266366848613
cstype bspline
deg 1
curv 0 4 829 830 831 832 829
parm u 0 0 1 2 3 4 4
end
usemtl Default
v -9492.6793948257146 -5880.0000001279986 5879.6442891018723
v -8360.5000789115184 -5880.0000001279986 5543.6152983725024
v -7330.8689656287643 -4917.3081506541348 5483.0627765653753
v -8467.3344112506456 -4898.5006551840634 5825.151079965226
cstype bspline
deg 1
curv 0 4 833 834 835 836 833
parm u 0 0 1 2 3 4 4
end
usemtl Default
v -9511.1040565398434 -5880.0000001279986 5842.1638331196791
v -8384.4803428462947 -5880.0000001279986 5507.7837361484417
v -7341.3639434211509 -4904.699581536901 5446.4381457629879
v -8472.6763405134916 -4885.9773644509842 5786.9753262179238
cstype bspline
deg 1
curv 0 4 837 838 839 840 837
parm u 0 0 1 2 3 4 4
end
usemtl Default
v -9216.3094691137085 -5880.0000001279986 6441.8511288349109
v -8000.7961198897392 -5880.0000001279986 6081.0887317335309
v -7173.4442987428702 -5106.4366874129919 6032.4322386013137
v -8387.2054723079455 -5086.3500161802513 6397.7873861749231
cstype bspline
deg 1
curv 0 4 841 842 843 844 841
parm u 0 0 1 2 3 4 4
end
usemtl Default
v -9234.734130827841 -5880.0000001279986 6404.3706728527104
v -8024.7763838245191 -5880.0000001279986 6045.2571695094648
v -7183.9392765352604 -5093.8281182957289 5995.807607798919
v -8392.5474015707914 -5073.8267254471721 6359.6116324276118
cstype bspline
deg 1
curv 0 4 845 846 847 848 845
parm u 0 0 1 2 3 4 4
end
usemtl Default
v -9256.6169594735038 -5880.2405030406371 6486.1951386185847
v -9611.4588488953523 -5880.2405030396476 5764.3563323758444
v -8519.1899767574214 -4862.544204250531 5767.0704906362262
v -8400.6222129439011 -5082.6871647119406 6488.3221837733017
cstype bspline
deg 1
curv 0 4 849 850 851 852 849
parm u 0 0 1 2 3 4 4
end
usemtl Default
v -9242.7783890957653 -5920.0000001284352 6475.2325852502709
v -9597.6202785176065 -5920.0000001274457 5753.3937790075306
v -8463.2305568971024 -4863.0585724934936 5756.21260257008
v -8344.6627930835821 -5083.2015329549031 6477.4642957071555
cstype bspline
deg 1
curv 0 4 853 854 855 856 853
parm u 0 0 1 2 3 4 4
end
usemtl Default
v -10579.487258852889 -5880.0000001279986 6740.3842308637522
v -10834.237521748597 -5880.0000001279986 5999.3166521142575
v -9611.5425576118287 -5880.0000001279986 5764.4226442308081
v -9256.7006681903258 -5880.0000001279986 6486.2614504738121
cstype bspline
deg 1
curv 0 4 857 858 859 860 857
parm u 0 0 1 2 3 4 4
end
usemtl Default
v -10621.690423988868 -5920.0000001279986 6740.1377201328232
v -10876.440686884573 -5920.0000001279986 5999.0701413833249
v -9597.620278517421 -5920.0000001279986 5753.3937790073815
v -9242.7783890959108 -5920.0000001279986 6475.2325852503836
cstype bspline
deg 1
curv 0 4 861 862 863 864 861
parm u 0 0 1 2 3 4 4
end
usemtl Default
v -10800.717750314951 -5880.0000001279986 6096.8255440549765
v -9564.5110006331088 -5880.0000001279986 5859.3357640832819
v -8503.5889552030385 -4891.5103832586319 5861.9720292068905
v -9745.7365343968668 -4880.0928012068907 6102.9877404166709
cstype bspline
deg 1
curv 0 4 865 866 867 868 865
parm u 0 0 1 2 3 4 4
end
usemtl Default
v -10814.12565888841 -5880.0000001279986 6057.8219872786922
v -9583.1868895500993 -5880.0000001279986 5821.3442479652495
v -8509.8293638248106 -4879.923911655409 5824.0114137786313
v -9746.9683721547735 -4868.5523674253782 6064.0553046595578
cstype bspline
deg 1
curv 0 4 869 870 871 872 869
parm u 0 0 1 2 3 4 4
end
usemtl Default
v -10599.59912171308 -5880.0000001279986 6681.8788956993139
v -9284.3726668781928 -5880.0000001279986 6429.2085058538632
v -8409.9828258765301 -5065.3074573070917 6431.3812606308966
v -9727.2589680282363 -5053.1993079295789 6686.9742767734897
cstype bspline
deg 1
curv 0 4 873 874 875 876 873
parm u 0 0 1 2 3 4 4
end
usemtl Default
v -10613.007030286535 -5880.0000001279986 6642.8753389230296
v -9303.0485557951797 -5880.0000001279986 6391.216989735829
v -8416.223234498324 -5053.7209857038688 6393.4206452026392
v -9728.4908057861649 -5041.6588741480664 6648.0418410163766
cstype bspline
deg 1
curv 0 4 877 878 879 880 877
parm u 0 0 1 2 3 4 4
end
usemtl Default
v -10646.216485100769 -5880.1648156077717 6720.4154072663132
v -10903.939830334377 -5880.1648156065203 5970.6991429158606
v -9789.6792575784275 -4844.8241806532897 6040.770081685665
v -9749.1425815695729 -5046.6281298531976 6776.8284331807572
cstype bspline
deg 1
curv 0 4 881 882 883 884 881
parm u 0 0 1 2 3 4 4
end
usemtl Default
v -10631.310913096801 -5920.0000001285516 6712.1517526676525
v -10889.034258330415 -5920.0000001273002 5962.4354883172036
v -9731.8725716261033 -4844.7968162860489 6035.2042891509864
v -9691.3358956172451 -5046.6007654859568 6771.2626406460804
cstype bspline
deg 1
curv 0 4 885 886 887 888 885
parm u 0 0 1 2 3 4 4
end
usemtl Default
v -12045.491205345035 -5880.0000001279986 6855.2833394124864
v -12203.081073589321 -5880.0000001279986 6095.9178144370871
v -10904.001501166644 -5880.0000001279986 5970.7333332479338
v -10646.278155933502 -5880.0000001279986 6720.4495975986447
cstype bspline
deg 1
curv 0 4 889 890 891 892 889
parm u 0 0 1 2 3 4 4
end
usemtl Default
v -12086.528231266198 -5920.0000001279986 6852.3822888563609
v -12244.118099510484 -5920.0000001279986 6093.0167638809598
v -10889.034258330161 -5920.0000001279986 5962.4354883170563
v -10631.310913097019 -5920.0000001279986 6712.1517526677671
cstype bspline
deg 1
curv 0 4 893 894 895 896 893
parm u 0 0 1 2 3 4 4
end
usemtl Default
v -12182.345564609808 -5880.0000001279986 6195.83433088122
v -10869.851485142939 -5880.0000001279986 6069.3571743699504
v -9784.3454844193839 -4871.3773318637977 6137.6198647771253
v -11148.236073262731 -4872.0229665740626 6268.9391392250964
cstype bspline
deg 1
curv 0 4 897 898 899 900 897
parm u 0 0 1 2 3 4 4
end
usemtl Default
v -12190.63976820161 -5880.0000001279986 6155.8677243035709
v -10883.415871734247 -5880.0000001279986 6029.8984236146625
v -9786.4789936830093 -4860.756071379612 6098.8799515405462
v -11145.63135218872 -4861.3994631196256 6229.7430156625596
cstype bspline
deg 1
curv 0 4 901 902 903 904 901
parm u 0 0 1 2 3 4 4
end
usemtl Default
v -12057.932510732742 -5880.0000001279986 6795.3334295460118
v -10666.385686273239 -5880.0000001279986 6661.2384356993243
v -9752.3428454650129 -5030.6962391269044 6718.7185633258832
v -11187.306889372932 -5031.3755183904141 6856.8809926632075
cstype bspline
deg 1
curv 0 4 905 906 907 908 905
parm u 0 0 1 2 3 4 4
end
usemtl Default
v -12066.226714324548 -5880.0000001279986 6755.3668229683517
v -10679.950072864551 -5880.0000001279986 6621.7796849440256
v -9754.4763547286602 -5020.0749786426895 6679.9786500892969
v -11184.702168298922 -5020.7520149360062 6817.6848691006635
cstype bspline
deg 1
curv 0 4 909 910 911 912 909
parm u 0 0 1 2 3 4 4
end
usemtl Default
v -12109.322036705264 -5880.1243130016665 6825.2843565712446
v -12268.623131770008 -5880.1243130014918 6057.6730816153031
v -11183.935043799866 -4837.5682700538309 6206.0618794251968
v -11216.590594750025 -5022.0688315576699 6947.4128715867737
cstype bspline
deg 1
curv 0 4 913 914 915 916 913
parm u 0 0 1 2 3 4 4
end
usemtl Default
v -12093.341893743869 -5920.000000128086 6819.5498457435369
v -12252.642988808613 -5920.0000001279113 6051.9385707875954
v -11125.690623496921 -4836.8213319002825 6206.1092568422082
v -11158.346174447081 -5021.3218934040924 6947.4602490037869
cstype bspline
deg 1
curv 0 4 917 918 919 920 917
parm u 0 0 1 2 3 4 4
end
usemtl Default
v -13639.144087182165 -5880.0000001279986 6826.8710916464734
v -13705.384091247957 -5880.0000001279986 6059.1643779029455
v -12268.672950033553 -5880.0000001279986 6057.6909590130472
v -12109.371854968867 -5880.0000001279986 6825.302233969016
cstype bspline
deg 1
curv 0 4 921 922 923 924 921
parm u 0 0 1 2 3 4 4
end
usemtl Default
v -13679.200744263533 -5920.0000001279986 6821.1762230437889
v -13745.440748329325 -5920.0000001279986 6053.4695093002611
v -12252.642988808573 -5920.0000001279986 6051.9385707875845
v -12093.341893743884 -5920.0000001279986 6819.5498457435515
cstype bspline
deg 1
curv 0 4 925 926 927 928 925
parm u 0 0 1 2 3 4 4
end
usemtl Default
v -13696.6683012393 -5880.0000001279986 6160.1784191849893
v -12247.533124729136 -5880.0000001279986 6158.6922588276029
v -11188.23182681964 -4861.8446597254369 6303.6080626043477
v -12696.439775899791 -4881.1862216264999 6302.3812498629177
cstype bspline
deg 1
curv 0 4 929 930 931 932 929
parm u 0 0 1 2 3 4 4
end
usemtl Default
v -13700.154617242762 -5880.0000001279986 6119.7728026721725
v -12255.917392890446 -5880.0000001279986 6118.2916654088694
v -11186.513113611752 -4852.1341038568062 6264.589589332687
v -12690.142988437678 -4871.4169556134148 6263.3665005073326
cstype bspline
deg 1
curv 0 4 933 934 935 936 933
parm u 0 0 1 2 3 4 4
end
usemtl Default
v -13644.37356118736 -5880.0000001279986 6766.26266687725
v -12121.769102309452 -5880.0000001279986 6764.7011601086324
v -11214.012524938156 -5007.5029977547238 6888.8851616792854
v -12790.891587831411 -5027.7252118227771 6887.6024901967285
cstype bspline
deg 1
curv 0 4 937 938 939 940 937
parm u 0 0 1 2 3 4 4
end
usemtl Default
v -13647.859877190822 -5880.0000001279986 6725.8570503644314
v -12130.153370470765 -5880.0000001279986 6724.3005666898971
v -11212.293811730273 -4997.7924418861221 6849.8666884076192
v -12784.594800369319 -5017.955945809721 6848.5877408411379
cstype bspline
deg 1
curv 0 4 941 942 943 944 941
parm u 0 0 1 2 3 4 4
end
usemtl Default
v -13698.948744830137 -5880.0960594076605 6788.1393430206135
v -13765.858009939846 -5880.0960594062344 6012.6760446425051
v -12725.996342373226 -4848.5320078784134 6238.7748594246732
v -12829.584041462982 -5017.6684850175516 6977.1667253884461
cstype bspline
deg 1
curv 0 4 945 946 947 948 945
parm u 0 0 1 2 3 4 4
end
usemtl Default
v -13682.346290362606 -5920.000000128668 6784.720052906152
v -13749.255555472308 -5920.0000001272711 6009.2567545280417
v -12667.666267511864 -4847.0412953521591 6244.4284737252801
v -12771.25396660162 -5016.1777724912972 6982.8203396890513
cstype bspline
deg 1
curv 0 4 949 950 951 952 949
parm u 0 0 1 2 3 4 4
end
usemtl Default
v -15075.51721201299 -5880.0000001279986 6659.1146688975005
v -15053.911095566571 -5880.0000001279986 5891.9486174239792
v -13765.897976413435 -5880.0000001279986 6012.6842757729301
v -13698.988711304319 -5880.0000001279986 6788.1475741511586
cstype bspline
deg 1
curv 0 4 953 954 955 956 953
parm u 0 0 1 2 3 4 4
end
usemtl Default
v -15113.354538334854 -5920.0000001279986 6650.5803299853196
v -15091.748421888431 -5920.0000001279986 5883.4142785118001
v -13749.255555471998 -5920.0000001279986 6009.2567545279835
v -13682.346290362882 -5920.0000001279986 6784.720052906212
cstype bspline
deg 1
curv 0 4 957 958 959 960 957
parm u 0 0 1 2 3 4 4
end
usemtl Default
v -15056.754005625309 -5880.0000001279986 5992.8915189336512
v -13756.957327314823 -5880.0000001279986 6114.731743495011
v -12739.62630277975 -4870.7868075019796 6335.9316838935956
v -14135.859354516782 -4906.469636724476 6200.6024704982538
cstype bspline
deg 1
curv 0 4 961 962 963 964 961
parm u 0 0 1 2 3 4 4
end
usemtl Default
v -15055.616841601815 -5880.0000001279986 5952.514358329785
v -13760.478867583828 -5880.0000001279986 6073.9178856856252
v -12734.174318617166 -4861.884887652559 6297.0689541060292
v -14126.199853715705 -4897.4601874783984 6162.147552226339
cstype bspline
deg 1
curv 0 4 965 966 967 968 965
parm u 0 0 1 2 3 4 4
end
usemtl Default
v -15073.811465977746 -5880.0000001279986 6598.5489279916928
v -13704.134223279721 -5880.0000001279986 6726.9396106358672
v -12821.406065219082 -5004.3156052434351 6918.8726307070883
v -14280.75186653357 -5041.6113754159596 6777.4262445769309
cstype bspline
deg 1
curv 0 4 969 970 971 972 969
parm u 0 0 1 2 3 4 4
end
usemtl Default
v -15072.674301954248 -5880.0000001279986 6558.1717673878247
v -13707.655763548726 -5880.0000001279986 6686.1257528264759
v -12815.954081056414 -4995.4136853939854 6880.0099009195274
v -14271.092365732449 -5032.601926169853 6738.9713263050198
cstype bspline
deg 1
curv 0 4 973 974 975 976 973
parm u 0 0 1 2 3 4 4
end
usemtl Default
v -15129.585087648033 -5880.0831864016363 6614.7739512119151
v -15107.78077607193 -5880.083186401549 5840.570606601259
v -14161.277566670757 -4877.1207482036843 6133.8202353629495
v -14328.35421138805 -5031.0586239582335 6863.01469110787
cstype bspline
deg 1
curv 0 4 977 978 979 980 977
parm u 0 0 1 2 3 4 4
end
usemtl Default
v -15112.311058119609 -5920.0000001280569 6613.5295902780872
v -15090.50674654352 -5920.0000001279404 5839.3262456674329
v -14104.469515191595 -4875.1453225233126 6144.8244723687403
v -14271.546159908892 -5029.0831982778618 6874.0189281136609
cstype bspline
deg 1
curv 0 4 981 982 983 984 981
parm u 0 0 1 2 3 4 4
end
usemtl Default
v -16412.720439748897 -5880.0000001279986 6371.2835955259889
v -16306.33512974298 -5880.0000001279986 5613.1311332413297
v -15107.816774990977 -5880.0000001279986 5840.5731998380234
v -15129.621086567109 -5880.0000001279986 6614.7765444486886
cstype bspline
deg 1
curv 0 4 985 986 987 988 985
parm u 0 0 1 2 3 4 4
end
usemtl Default
v -16448.444302362062 -5920.0000001279986 6359.9724335485844
v -16342.058992356146 -5920.0000001279986 5601.8199712639271
v -15090.506746543502 -5920.0000001279986 5839.3262456674274
v -15112.311058119638 -5920.0000001279986 6613.5295902780908
cstype bspline
deg 1
curv 0 4 989 990 991 992 989
parm u 0 0 1 2 3 4 4
end
usemtl Default
v -16320.333196849024 -5880.0000001279986 5712.8880361735228
v -15110.571260924113 -5880.0000001279986 5942.4637900247963
v -14183.261335712505 -4897.3757318555727 6229.7668742767564
v -15483.123707895531 -4942.5767455159803 5977.9716930310296
cstype bspline
deg 1
curv 0 4 993 994 995 996 993
parm u 0 0 1 2 3 4 4
end
usemtl Default
v -16314.733970006604 -5880.0000001279986 5672.985275000643
v -15109.423665578008 -5880.0000001279986 5901.7162455715988
v -14174.467828095803 -4889.2737383948115 6191.3882187112304
v -15470.159079076358 -4934.3297067715903 5940.4010216349434
cstype bspline
deg 1
curv 0 4 997 998 999 1000 997
parm u 0 0 1 2 3 4 4
end
usemtl Default
v -16404.321599485273 -5880.0000001279986 6311.4294537666701
v -15127.785191115701 -5880.0000001279986 6553.6769568227046
v -14315.163949963 -5018.9056337670772 6805.4467077595855
v -15677.593140183086 -5066.2823266819178 6541.5317639722671
cstype bspline
deg 1
curv 0 4 1001 1002 1003 1004 1001
parm u 0 0 1 2 3 4 4
end
usemtl Default
v -16398.722372642856 -5880.0000001279986 6271.526692593794
v -15126.637595769596 -5880.0000001279986 6512.929412369509
v -14306.370442346302 -5010.8036403063161 6767.0680521940631
v -15664.628511363917 -5058.0352879375278 6503.9610925761845
cstype bspline
deg 1
curv 0 4 1005 1006 1007 1008 1005
parm u 0 0 1 2 3 4 4
end
usemtl Default
v -16460.848365497695 -5880.0753453602956 6321.8984870369804
v -16353.556849534776 -5880.0753453610523 5557.287968859795
v -15504.526190587669 -4917.1852939199016 5907.4165993638617
v -15732.298680776701 -5053.8233884894289 6622.34241173796
cstype bspline
deg 1
curv 0 4 1009 1010 1011 1012 1009
parm u 0 0 1 2 3 4 4
end
usemtl Default
v -16443.247935142688 -5920.0000001276203 6322.9406422060511
v -16335.956419179784 -5920.0000001283479 5558.3301240288656
v -15449.740424900232 -4914.9378680046357 5923.7934781940621
v -15677.512915089264 -5051.575962574163 6638.7192905681604
cstype bspline
deg 1
curv 0 4 1013 1014 1015 1016 1013
parm u 0 0 1 2 3 4 4
end
usemtl Default
v -17647.503591271987 -5880.0000001279986 5972.2372650039997
v -17453.21046900186 -5880.0000001279986 5233.2633156765933
v -16353.59006481327 -5880.0000001279986 5557.2860021195829
v -16460.881580775866 -5880.0000001279986 6321.8965202967829
cstype bspline
deg 1
curv 0 4 1017 1018 1019 1020 1017
parm u 0 0 1 2 3 4 4
end
usemtl Default
v -17681.025658468585 -5920.0000001279986 5958.207447365663
v -17486.732536198459 -5920.0000001279986 5219.2334980382584
v -16335.956419179933 -5920.0000001279986 5558.330124028862
v -16443.247935142528 -5920.0000001279986 6322.940642206062
cstype bspline
deg 1
curv 0 4 1021 1022 1023 1024 1021
parm u 0 0 1 2 3 4 4
end
usemtl Default
v -17478.775353511086 -5880.0000001279986 5330.4967300617809
v -16367.607718423191 -5880.0000001279986 5657.9220132215269
v -15534.496255086226 -4935.1639905737829 6001.4857852025616
v -16727.984425706902 -4984.1233545722498 5644.7213791514914
cstype bspline
deg 1
curv 0 4 1025 1026 1027 1028 1025
parm u 0 0 1 2 3 4 4
end
usemtl Default
v -17468.549399707394 -5880.0000001279986 5291.6033643077062
v -16361.960796530369 -5880.0000001279986 5617.6793543701078
v -15522.508229286803 -4927.9725119122304 5963.8581108670805
v -16711.579804677178 -4976.7506979997561 5608.4139390779783
cstype bspline
deg 1
curv 0 4 1029 1030 1031 1032 1029
parm u 0 0 1 2 3 4 4
end
usemtl Default
v -17632.16466056645 -5880.0000001279986 5913.8972163728849
v -16452.311546815479 -5880.0000001279986 6261.5618959927688
v -15714.316642077563 -5043.0361704971001 6565.9009002347393
v -16974.053741152748 -5094.713203160034 6189.3329802541612
cstype bspline
deg 1
curv 0 4 1033 1034 1035 1036 1033
parm u 0 0 1 2 3 4 4
end
usemtl Default
v -17621.938706762758 -5880.0000001279986 5875.0038506188157
v -16446.664624922661 -5880.0000001279986 6221.319237141357
v -15702.328616278144 -5035.8446918355476 6528.2732258992637
v -16957.649120123027 -5087.3405465875403 6153.0255401806517
cstype bspline
deg 1
curv 0 4 1037 1038 1039 1040 1037
parm u 0 0 1 2 3 4 4
end
usemtl Default
v -17688.95028444747 -5880.067629852856 5918.0342828956454
v -17493.143889049243 -5880.0676298524486 5173.3047545413247
v -16744.640811097899 -4963.3576207344886 5569.9433833615331
v -17034.999196759454 -5079.1577535729157 6264.5689470495872
cstype bspline
deg 1
curv 0 4 1041 1042 1043 1044 1041
parm u 0 0 1 2 3 4 4
end
usemtl Default
v -17671.410442892477 -5920.0000001282024 5921.6369617765886
v -17475.604047494249 -5920.0000001277949 5176.9074334222678
v -16692.579101295039 -4961.0102154304332 5591.8395160564851
v -16982.937486956595 -5076.8103482688311 6286.4650797445393
cstype bspline
deg 1
curv 0 4 1045 1046 1047 1048 1045
parm u 0 0 1 2 3 4 4
end
usemtl Default
v -18773.47477316088 -5880.0000001279986 5466.4429105807867
v -18484.697097578846 -5880.0000001279986 4760.4267641543775
v -17493.17359464004 -5880.0000001279986 5173.2986530207218
v -17688.979990038464 -5880.0000001279986 5918.0281813750007
cstype bspline
deg 1
curv 0 4 1049 1050 1051 1052 1049
parm u 0 0 1 2 3 4 4
end
usemtl Default
v -18804.553155829839 -5920.0000001279986 5449.7946193016887
v -18515.775480247808 -5920.0000001279986 4743.7784728752777
v -17475.604047494151 -5920.0000001279986 5176.9074334222878
v -17671.410442892575 -5920.0000001279986 5921.6369617765667
cstype bspline
deg 1
curv 0 4 1053 1054 1055 1056 1053
parm u 0 0 1 2 3 4 4
end
usemtl Default
v -18522.694160155435 -5880.0000001279986 4853.3236255262764
v -17518.852668083473 -5880.0000001279986 5271.324743730469
v -16782.845861842841 -4978.5944803185121 5661.3414838468052
v -17860.076328678631 -5027.1656187065237 5208.2795053947211
cstype bspline
deg 1
curv 0 4 1057 1058 1059 1060 1057
parm u 0 0 1 2 3 4 4
end
usemtl Default
v -18507.495335124797 -5880.0000001279986 4816.1648809775143
v -17508.547068325686 -5880.0000001279986 5232.1284527644402
v -16767.563841544867 -4972.4997364848969 5624.7822436526931
v -17839.973241275471 -5020.8534982532146 5173.7479113433528
cstype bspline
deg 1
curv 0 4 1061 1062 1063 1064 1061
parm u 0 0 1 2 3 4 4
end
usemtl Default
v -18750.676535614934 -5880.0000001279986 5410.7047937576517
v -17673.436664450244 -5880.0000001279986 5859.2691082208567
v -17012.07616631249 -5070.0156378224783 6209.7300867584272
v -18161.622639726007 -5121.8474255063629 5726.2534161652111
cstype bspline
deg 1
curv 0 4 1065 1066 1067 1068 1065
parm u 0 0 1 2 3 4 4
end
usemtl Default
v -18735.477710584295 -5880.0000001279986 5373.5460492088878
v -17663.131064692458 -5880.0000001279986 5820.0728172548261
v -16996.794146014512 -5063.9208939888922 6173.1708465643133
v -18141.519552322847 -5115.535305053083 5691.7218221138392
cstype bspline
deg 1
curv 0 4 1069 1070 1071 1072 1069
parm u 0 0 1 2 3 4 4
end
usemtl Default
v -18806.83870438287 -5880.0577663576696 5407.3655801699042
v -18516.112738196978 -5880.0577663579024 4696.5861686411754
v -17870.596413719963 -5011.6664648564765 5129.3785151093871
v -18228.66530993487 -5102.2606333339645 5795.0072408999858
cstype bspline
deg 1
curv 0 4 1073 1074 1075 1076 1073
parm u 0 0 1 2 3 4 4
end
usemtl Default
v -18789.876876398041 -5920.0000001278822 5413.9134168252695
v -18499.150910212134 -5920.0000001281442 4703.1340052965406
v -17822.226276194408 -5009.3561609823082 5156.9843412675655
v -18180.295172409315 -5099.9503294597962 5822.6130670581624
cstype bspline
deg 1
curv 0 4 1077 1078 1079 1080 1077
parm u 0 0 1 2 3 4 4
end
usemtl Default
v -19779.704755957609 -5880.0000001279986 4855.7073880447188
v -19388.886619887577 -5880.0000001279986 4201.6851321918666
v -18516.13726914486 -5880.0000001279986 4696.5766988694086
v -18806.863235330646 -5880.0000001279986 5407.3561103981865
cstype bspline
deg 1
curv 0 4 1081 1082 1083 1084 1081
parm u 0 0 1 2 3 4 4
end
usemtl Default
v -19807.95898502928 -5920.0000001279986 4836.611068426937
v -19417.14084895925 -5920.0000001279986 4182.5888125740839
v -18499.150910212193 -5920.0000001279986 4703.1340052965188
v -18789.876876397982 -5920.0000001279986 5413.9134168252967
cstype bspline
deg 1
curv 0 4 1085 1086 1087 1088 1085
parm u 0 0 1 2 3 4 4
end
usemtl Default
v -19440.310058844159 -5880.0000001279986 4287.740692172506
v -18554.323214429682 -5880.0000001279986 4790.1385651870569
v -17917.710742169293 -5023.5867501824687 5216.961242187097
v -18867.418597936463 -5068.9476660442597 4674.9435571327103
cstype bspline
deg 1
curv 0 4 1089 1090 1091 1092 1089
parm u 0 0 1 2 3 4 4
end
usemtl Default
v -19419.740683261527 -5880.0000001279986 4253.3184681802522
v -18539.02184778831 -5880.0000001279986 4752.7291224750261
v -17898.865010789559 -5018.8186360520776 5181.9281513560181
v -18843.303460065414 -5063.9278691431973 4642.9178242914468
cstype bspline
deg 1
curv 0 4 1093 1094 1095 1096 1093
parm u 0 0 1 2 3 4 4
end
usemtl Default
v -19748.850692583655 -5880.0000001279986 4804.0740520563322
v -18783.843714050272 -5880.0000001279986 5351.2802058675315
v -18200.396712865269 -5095.1084621383925 5742.457604653353
v -19229.145666002238 -5144.2446195606899 5155.3295497516738
cstype bspline
deg 1
curv 0 4 1097 1098 1099 1100 1097
parm u 0 0 1 2 3 4 4
end
usemtl Default
v -19728.281317001027 -5880.0000001279986 4769.6518280640812
v -18768.542347408904 -5880.0000001279986 5313.8707631555044
v -18181.55098148554 -5090.3403480080015 5707.4245138222759
v -19205.030528131188 -5139.2248226595984 5123.3038169104148
cstype bspline
deg 1
curv 0 4 1101 1102 1103 1104 1101
parm u 0 0 1 2 3 4 4
end
usemtl Default
v -19802.748311546842 -5880.0452958027599 4791.789048024666
v -19409.908128657175 -5880.0452958024107 4134.3829583622846
v -18869.69160873456 -5058.8762412663491 4593.0547649965702
v -19302.826156054427 -5120.1266546139377 5216.2488521585019
cstype bspline
deg 1
curv 0 4 1105 1106 1107 1108 1105
parm u 0 0 1 2 3 4 4
end
usemtl Default
v -19787.081706740581 -5920.0000001281733 4801.6735786271329
v -19394.241523850906 -5920.000000127824 4144.2674889647478
v -18826.312187344665 -5056.7054152659257 4626.4689123000589
v -19259.446734664532 -5117.9558286135143 5249.6629994619889
cstype bspline
deg 1
curv 0 4 1109 1110 1111 1112 1109
parm u 0 0 1 2 3 4 4
end
usemtl Default
v -20919.173269301486 -5127.91111107287 3808.538779990673
v -20316.645127779979 -5093.5361140838068 3341.4450148994283
v -19678.487354538869 -5059.3879841092566 4033.4299416827644
v -20209.465788114652 -5089.9343217463465 4578.1084694930041
cstype bspline
deg 1
curv 0 4 1113 1114 1115 1116 1113
parm u 0 0 1 2 3 4 4
end
usemtl Default
v -20933.107483221644 -5168.7108478104637 3789.3923856782285
v -20330.579341700133 -5134.3358508214005 3322.2986205869847
v -19662.350086281102 -5098.5785813440743 4046.8914905243619
v -20193.328519856885 -5129.1249189811351 4591.5700183346034
cstype bspline
deg 1
curv 0 4 1117 1118 1119 1120 1117
parm u 0 0 1 2 3 4 4
end
usemtl Default
v -21206.332566873425 -4435.1463198216516 3568.5273515939316
v -20617.166469005777 -4368.5416878384131 3090.2648172505978
v -20316.621106206127 -5093.4657782977156 3341.4780218941396
v -20919.149247727481 -5127.8407752863714 3808.5717869855744
cstype bspline
deg 1
curv 0 4 1121 1122 1123 1124 1121
parm u 0 0 1 2 3 4 4
end
usemtl Default
v -21237.091782136395 -4435.4919441746606 3535.3047192430322
v -20647.925684268743 -4368.8873121914221 3057.0421848996984
v -20330.579341700184 -5134.3358508216334 3322.2986205868965
v -20933.107483221589 -5168.71084781026 3789.3923856783167
cstype bspline
deg 1
curv 0 4 1125 1126 1127 1128 1125
parm u 0 0 1 2 3 4 4
end
usemtl Default
v -20395.873118630559 -5098.0563559723378 3402.9611370270222
v -19748.352937904107 -5063.4072390615474 4105.0981690262197
v -20033.922007300451 -4369.880788198876 3866.8792887347608
v -20694.688323988365 -4377.3054552046233 3153.1940980852487
cstype bspline
deg 1
curv 0 4 1129 1130 1131 1132 1129
parm u 0 0 1 2 3 4 4
end
usemtl Default
v -20364.161111182075 -5096.2471456044877 3378.3772546537812
v -19720.406704558012 -5061.7995370806311 4076.4308780888368
v -20006.739518127368 -4366.4182747469749 3837.5748899967739
v -20663.679581995329 -4373.7999482581508 3128.0223857513884
cstype bspline
deg 1
curv 0 4 1133 1134 1135 1136 1133
parm u 0 0 1 2 3 4 4
end
usemtl Default
v -20871.553230357837 -5125.19451149003 3771.7193726256264
v -20167.546438095509 -5087.5227687750012 4535.1075330869371
v -20441.659344896674 -4421.8184899771877 4306.4452698045625
v -21159.81945388388 -4429.8880594019429 3530.7697830931447
cstype bspline
deg 1
curv 0 4 1137 1138 1139 1140 1137
parm u 0 0 1 2 3 4 4
end
usemtl Default
v -20839.841222909348 -5123.38530112218 3747.1354902523854
v -20139.600204749418 -5085.915066794114 4506.4402421495524
v -20414.476855723591 -4418.3559765252867 4277.1408710665755
v -21128.810711890845 -4426.3825524554413 3505.5980707592835
cstype bspline
deg 1
curv 0 4 1141 1142 1143 1144 1141
parm u 0 0 1 2 3 4 4
end
usemtl Default
v -20124.929360676037 -5121.0477071835776 4581.763224845321
v -19607.600739218149 -5055.6246974483074 4024.4060560473981
v -18815.315737048644 -5016.5471964536409 4648.4808811436496
v -19261.031589560764 -5078.4380832255119 5262.246698511357
cstype bspline
deg 1
curv 0 4 1145 1146 1147 1148 1145
parm u 0 0 1 2 3 4 4
end
usemtl Default
v -20140.100746985954 -5161.7085979164403 4563.6374511315662
v -19622.77212552807 -5096.2855881811993 4006.2802823336388
v -18795.605571431937 -5055.487640786072 4657.8309505394882
v -19241.32142394406 -5117.3785275579139 5271.5967679071928
cstype bspline
deg 1
curv 0 4 1149 1150 1151 1152 1149
parm u 0 0 1 2 3 4 4
end
usemtl Default
v -20474.868659021973 -4437.6870664639573 4414.5222438837882
v -19982.480376782936 -4323.5694396282779 3845.2443668345441
v -19607.57402883131 -5055.5531108379655 4024.4379678593887
v -20124.902650288874 -5120.9761205722752 4581.7951366577163
cstype bspline
deg 1
curv 0 4 1153 1154 1155 1156 1153
parm u 0 0 1 2 3 4 4
end
usemtl Default
v -20510.575301867684 -4438.3777547497011 4386.5621096762752
v -20018.187019628647 -4324.2601279140508 3817.2842326270311
v -19622.772125528252 -5096.2855881816358 4006.2802823334187
v -20140.100746985787 -5161.7085979159747 4563.6374511317645
cstype bspline
deg 1
curv 0 4 1157 1158 1159 1160 1157
parm u 0 0 1 2 3 4 4
end
usemtl Default
v -19675.608480699717 -5064.2299393814174 4097.7912158632198
v -18873.962559747608 -5024.6907341867918 4729.2395413236063
v -19229.25222956299 -4322.7616952140525 4560.6979302078907
v -20047.26830865649 -4338.5849168435088 3920.1493506568095
cstype bspline
deg 1
curv 0 4 1161 1162 1163 1164 1161
parm u 0 0 1 2 3 4 4
end
usemtl Default
v -19648.380658517774 -5060.7866230795335 4068.4566280317213
v -18850.503830668025 -5021.433319093514 4696.9360772516302
v -19207.147517972808 -4316.8292116461671 4527.7521499963514
v -20021.353135907069 -4332.5787259574281 3890.1873571279084
cstype bspline
deg 1
curv 0 4 1165 1166 1167 1168 1165
parm u 0 0 1 2 3 4 4
end
usemtl Default
v -20084.025813428998 -5115.879683909181 4537.8100333357615
v -19225.843495941386 -5073.5519605856098 5213.7915024033773
v -19560.822903415778 -4411.7489487324201 5054.8846333810961
v -20435.99589989784 -4428.6777801348071 4369.5792535904247
cstype bspline
deg 1
curv 0 4 1169 1170 1171 1172 1169
parm u 0 0 1 2 3 4 4
end
usemtl Default
v -20056.797991247055 -5112.4363676073262 4508.4754455042603
v -19202.384766861804 -5070.2945454923611 5181.4880383313957
v -19538.718191825592 -4405.8164651645347 5021.9388531695531
v -20410.080727148415 -4422.6715892487555 4339.6172600615209
cstype bspline
deg 1
curv 0 4 1173 1174 1175 1176 1173
parm u 0 0 1 2 3 4 4
end
usemtl Default
v -19177.518451430238 -5107.4516307234881 5255.8037482272175
v -18746.581840580344 -5013.4364895245235 4632.4653981800056
v -17814.051265190534 -4969.7903216766426 5175.2663815250235
v -18177.41184827028 -5060.6426339792961 5837.9389210264071
cstype bspline
deg 1
curv 0 4 1177 1178 1179 1180 1177
parm u 0 0 1 2 3 4 4
end
usemtl Default
v -19193.655668221298 -5147.8594591381552 5238.4429455204317
v -18762.719057371403 -5053.8443179391325 4615.1045954732181
v -17791.70065391143 -5008.3967655057204 5180.3083090606924
v -18155.061236991176 -5099.2490778084029 5842.9808485620742
cstype bspline
deg 1
curv 0 4 1181 1182 1183 1184 1181
parm u 0 0 1 2 3 4 4
end
usemtl Default
v -19574.768345123775 -4432.7237888439558 5163.8907932304846
v -19183.233771583444 -4271.7966365463508 4531.4334106335091
v -18746.552474460703 -5013.3629563286086 4632.496990951915
v -19177.489085310626 -5107.3780975276604 5255.835340999105
cstype bspline
deg 1
curv 0 4 1185 1186 1187 1188 1185
parm u 0 0 1 2 3 4 4
end
usemtl Default
v -19614.213467872021 -4433.6738464325317 5141.1109158603886
v -19222.678894331693 -4272.7466941349558 4508.6535332634112
v -18762.719057371396 -5053.8443179391325 4615.1045954732199
v -19193.65566822132 -5147.8594591381843 5238.4429455204099
cstype bspline
deg 1
curv 0 4 1189 1190 1191 1192 1189
parm u 0 0 1 2 3 4 4
end
usemtl Default
v -18803.213308160204 -5025.8035929516482 4714.5247652145463
v -17861.861868227341 -4981.7445732954075 5262.4601367225732
v -18274.013161568182 -4269.831348339183 5169.4856346471188
v -19234.751478628223 -4292.9712618486956 4614.651487291002
cstype bspline
deg 1
curv 0 4 1193 1194 1195 1196 1193
parm u 0 0 1 2 3 4 4
end
usemtl Default
v -18780.532433904948 -5020.8554276254144 4681.7174836331196
v -17842.737627012619 -4976.9628726479132 5227.5826346435551
v -18256.974362174384 -4261.4474422972417 5134.1376914508674
v -19214.144395810312 -4284.5014117277751 4581.3642566280068
cstype bspline
deg 1
curv 0 4 1197 1198 1199 1200 1197
parm u 0 0 1 2 3 4 4
end
usemtl Default
v -19143.426421989119 -5100.0260728455905 5206.6339889360061
v -18148.725486448195 -5053.4700830080255 5785.6226679078773
v -18529.595152475194 -4395.5899389681872 5699.704782590894
v -19543.857720896907 -4420.0190136625897 5113.959947235986
cstype bspline
deg 1
curv 0 4 1201 1202 1203 1204 1201
parm u 0 0 1 2 3 4 4
end
usemtl Default
v -19120.745547733859 -5095.0779075193277 5173.8267073545794
v -18129.601245233473 -5048.6883823605313 5750.745165828861
v -18512.556353081396 -4387.2060329262458 5664.3568393946443
v -19523.250638078993 -4411.5491635416402 5080.6727165729917
cstype bspline
deg 1
curv 0 4 1205 1206 1207 1208 1205
parm u 0 0 1 2 3 4 4
end
usemtl Default
v -18096.545590273756 -5087.2432214891305 5823.8812885105599
v -17747.168079980311 -4968.8390662803431 5154.5319555065835
v -16688.210051441598 -4921.9651764606533 5606.8539759497853
v -16974.906541593562 -5037.5948088340228 6302.9768022459939
cstype bspline
deg 1
curv 0 4 1209 1210 1211 1212 1209
parm u 0 0 1 2 3 4 4
end
usemtl Default
v -18113.569017677146 -5127.311752107169 5807.146303048441
v -17764.191507383701 -5008.9075968983816 5137.7969700444646
v -16664.096710707188 -4960.2128225060296 5607.6900986686687
v -16950.79320085916 -5075.8424548794574 6303.8129249648737
cstype bspline
deg 1
curv 0 4 1213 1214 1215 1216 1213
parm u 0 0 1 2 3 4 4
end
usemtl Default
v -18527.030238909661 -4419.3377345677582 5805.3647201679414
v -18232.857968544082 -4215.2980253652204 5133.6368620226913
v -17747.13518507046 -4968.7616405850858 5154.564293050893
v -18096.5126953613 -5087.1657957877032 5823.9136260574396
cstype bspline
deg 1
curv 0 4 1217 1218 1219 1220 1217
parm u 0 0 1 2 3 4 4
end
usemtl Default
v -18569.265266076327 -4420.4259430700913 5787.5125692972979
v -18275.092995710747 -4216.3862338675826 5115.7847111520477
v -17764.191507385003 -5008.9075969014666 5137.7969700431804
v -18113.569017675843 -5127.311752104084 5807.1463030497271
cstype bspline
deg 1
curv 0 4 1221 1222 1223 1224 1221
parm u 0 0 1 2 3 4 4
end
usemtl Default
v -17793.058294744231 -4984.414996666892 5242.6386252239936
v -16725.933273830011 -4937.1796017729212 5698.4490846729714
v -17181.821407594256 -4214.0675216768286 5682.641302992819
v -18271.564846223762 -4242.1453555234475 5222.0221065154874
cstype bspline
deg 1
curv 0 4 1225 1226 1227 1228 1225
parm u 0 0 1 2 3 4 4
end
usemtl Default
v -17774.670004729127 -4978.1831990243518 5207.4097129604852
v -16710.843984874646 -4931.0938316480024 5661.8110411837006
v -17169.612537440855 -4203.4129429403984 5645.9033818620901
v -18256.082095151891 -4231.4064234601683 5186.6680087183722
cstype bspline
deg 1
curv 0 4 1229 1230 1231 1232 1229
parm u 0 0 1 2 3 4 4
end
usemtl Default
v -18068.882644970836 -5077.8919613051985 5771.0723091766577
v -16952.272608160511 -5028.4661536466447 6248.019737012075
v -17364.954459895325 -4373.8862027234572 6233.7101199537865
v -18503.806112301849 -4403.2293364728393 5752.3335734722586
cstype bspline
deg 1
curv 0 4 1233 1234 1235 1236 1233
parm u 0 0 1 2 3 4 4
end
usemtl Default
v -18050.494354955732 -5071.6601636626292 5735.8433969131493
v -16937.183319205145 -5022.3803835217259 6211.381693522806
v -17352.74558974192 -4363.2316239869979 6196.9721988230594
v -18488.323361229981 -4392.490404409531 5716.9794756751417
cstype bspline
deg 1
curv 0 4 1237 1238 1239 1240 1237
parm u 0 0 1 2 3 4 4
end
usemtl Default
v -16896.907668728622 -5062.3398710373149 6282.9772672046183
v -16622.507521660515 -4923.831393979257 5582.2503574548264
v -15449.153992559633 -4876.2929626500118 5936.6557640926076
v -15665.03280319252 -5012.4304471091309 6655.0587429229618
cstype bspline
deg 1
curv 0 4 1241 1242 1243 1244 1241
parm u 0 0 1 2 3 4 4
end
usemtl Default
v -16914.836136990572 -5102.007850151509 6266.8481270357424
v -16640.435989922466 -4963.4993730934802 5566.1212172859523
v -15424.007917027317 -4914.2157761415583 5933.5370686281876
v -15639.886727660203 -5050.3532606006484 6651.9400474585436
cstype bspline
deg 1
curv 0 4 1245 1246 1247 1248 1245
parm u 0 0 1 2 3 4 4
end
usemtl Default
v -17349.174507273172 -4398.6919843023061 6334.0020512338688
v -17145.36752468914 -4156.6177955151943 5641.2335874476248
v -16622.470304704388 -4923.7490488833864 5582.2838392611538
v -16896.87045177196 -5062.2575259402511 6283.0107490114187
cstype bspline
deg 1
curv 0 4 1249 1250 1251 1252 1249
parm u 0 0 1 2 3 4 4
end
usemtl Default
v -17393.493996362355 -4399.7792102562089 6320.8104722140397
v -17189.687013778323 -4157.7050214690971 5628.0420084277957
v -16640.43598992272 -4963.4993730940332 5566.1212172857213
v -16914.836136990307 -5102.007850150927 6266.8481270359789
cstype bspline
deg 1
curv 0 4 1253 1254 1255 1256 1253
parm u 0 0 1 2 3 4 4
end
usemtl Default
v -16658.521967154786 -4942.0525133295159 5674.4787034861347
v -15477.559099221853 -4894.2057895525068 6031.1824718334374
v -15965.156776709588 -4158.8594028562075 6091.6558710837708
v -17172.184232923879 -4188.4696624608478 5732.3873326826524
cstype bspline
deg 1
curv 0 4 1257 1258 1259 1260 1257
parm u 0 0 1 2 3 4 4
end
usemtl Default
v -16644.079854151274 -4934.7625934843672 5637.5983398150747
v -15466.197056556965 -4887.0406587915204 5993.3717887371058
v -15957.44283843799 -4146.1925633961218 6054.2976373810034
v -17161.457549629984 -4175.7289156825864 5695.925834588641
cstype bspline
deg 1
curv 0 4 1261 1262 1263 1264 1261
parm u 0 0 1 2 3 4 4
end
usemtl Default
v -16875.153662207518 -5051.4013110068918 6227.6841585520815
v -15647.989739195185 -5001.6827509676223 6598.3427182784635
v -16080.865850783575 -4348.86199475787 6652.0293766253435
v -17333.084482332331 -4379.5808641348849 6279.3098040928508
cstype bspline
deg 1
curv 0 4 1265 1266 1267 1268 1265
parm u 0 0 1 2 3 4 4
end
usemtl Default
v -16860.711549204003 -5044.111391161714 6190.8037948810143
v -15636.627696530297 -4994.5176202066068 6560.5320351821247
v -16073.151912511978 -4336.1951552977262 6614.6711429225688
v -17322.357799038433 -4366.8401173565944 6242.8483059988357
cstype bspline
deg 1
curv 0 4 1269 1270 1271 1272 1269
parm u 0 0 1 2 3 4 4
end
usemtl Default
v -15589.46339282814 -5036.2182009016105 6629.8247471898285
v -15384.219957718247 -4880.9780748785124 5908.1518195363224
v -14106.836890355364 -4836.79947705206 6156.8301873891687
v -14256.342959687656 -4990.1119129957515 6889.3539533731109
cstype bspline
deg 1
curv 0 4 1273 1274 1275 1276 1273
parm u 0 0 1 2 3 4 4
end
usemtl Default
v -15608.357768904141 -5075.4342231006012 6614.3730484630196
v -15403.114333794249 -4920.194097077474 5892.7001208095153
v -14081.233776972847 -4874.4765429729014 6150.0411704645685
v -14230.73984630514 -5027.788978916622 6882.5649364485107
cstype bspline
deg 1
curv 0 4 1277 1278 1279 1280 1277
parm u 0 0 1 2 3 4 4
end
usemtl Default
v -16054.797372935736 -4373.5997856741014 6746.4493392659151
v -15933.317135050696 -4099.1102070591587 6045.7615963062981
v -15384.178284365211 -4880.8915801918774 5908.185899735292
v -15589.421719473394 -5036.131706211454 6629.8588273901933
cstype bspline
deg 1
curv 0 4 1281 1282 1283 1284 1281
parm u 0 0 1 2 3 4 4
end
usemtl Default
v -16100.688578155183 -4374.5276024654158 6737.7166325893795
v -15979.208340270139 -4100.0380238504731 6037.0288896297643
v -15403.114333795122 -4920.1940970792784 5892.7001208088059
v -15608.357768903297 -5075.434223098855 6614.3730484637072
cstype bspline
deg 1
curv 0 4 1285 1286 1287 1288 1285
parm u 0 0 1 2 3 4 4
end
usemtl Default
v -15411.125673242306 -4901.4009487392032 6003.1282514266513
v -14126.508741583297 -4856.9721659920178 6253.2148934396864
v -14635.020669452515 -4108.6554616276117 6388.0538106090717
v -15949.301376877669 -4135.2272568769404 6137.9573519588685
cstype bspline
deg 1
curv 0 4 1289 1290 1291 1292 1289
parm u 0 0 1 2 3 4 4
end
usemtl Default
v -15400.323387184108 -4893.2304157906328 5965.1454657606464
v -14118.640001092128 -4848.9030904160463 6214.6610110194888
v -14631.447122683145 -4094.2656587798265 6350.6388577571779
v -15942.907680146884 -4120.7804369498335 6101.0790496978461
cstype bspline
deg 1
curv 0 4 1293 1294 1295 1296 1293
parm u 0 0 1 2 3 4 4
end
usemtl Default
v -15573.15996411529 -5023.9589429678745 6572.8700364168835
v -14244.539848950892 -4978.0082996317942 6831.523129742789
v -14688.623870992873 -4324.5025043442438 6949.2781033877181
v -16045.206827839549 -4351.9295557834557 6691.1318858743671
cstype bspline
deg 1
curv 0 4 1297 1298 1299 1300 1297
parm u 0 0 1 2 3 4 4
end
usemtl Default
v -15562.357678057095 -5015.7884100193041 6534.8872507508768
v -14236.671108459723 -4969.9392240558227 6792.9692473225896
v -14685.050324223521 -4310.1127014964586 6911.863150535808
v -16038.813131108764 -4337.4827358563489 6654.2535836133302
cstype bspline
deg 1
curv 0 4 1301 1302 1303 1304 1301
parm u 0 0 1 2 3 4 4
end
usemtl Default
v -14182.491431660197 -5014.0377370690403 6858.690110597101
v -14042.590255809286 -4843.9871925493935 6123.8807470984211
v -12671.173812683188 -4808.9453698957223 6256.8351055408584
v -12755.902841937808 -4977.5861802779837 6996.9932289959816
cstype bspline
deg 1
curv 0 4 1305 1306 1307 1308 1305
parm u 0 0 1 2 3 4 4
end
usemtl Default
v -14202.431692662984 -5052.7432417355885 6844.0572729038377
v -14062.530516812069 -4882.6926972159417 6109.2479094051596
v -12645.562998525489 -4846.4869737606787 6246.6182962572602
v -12730.292027780109 -5015.1277841429401 6986.7764197123815
cstype bspline
deg 1
curv 0 4 1309 1310 1311 1312 1309
parm u 0 0 1 2 3 4 4
end
usemtl Default
v -14654.641078940909 -4348.3491456754564 7038.2610883631878
v -14607.582456694978 -4047.4287211826886 6338.7522976749133
v -14042.545055594455 -4843.8994556273101 6123.9139165442484
v -14182.446231447931 -5013.9500001519627 6858.7232800410438
cstype bspline
deg 1
curv 0 4 1313 1314 1315 1316 1313
parm u 0 0 1 2 3 4 4
end
usemtl Default
v -14701.731892700016 -4348.9349694781122 7033.9010716761586
v -14654.673270454085 -4048.0145449853444 6334.3922809878841
v -14062.530516810788 -4882.6926972134388 6109.2479094061
v -14202.43169266425 -5052.7432417380624 6844.05727290291
cstype bspline
deg 1
curv 0 4 1317 1318 1319 1320 1317
parm u 0 0 1 2 3 4 4
end
usemtl Default
v -14060.892775096596 -4866.3595677368576 6220.5764204700681
v -12682.322369164063 -4831.1349502091762 6354.2243323112689
v -13201.935763806392 -4069.4598193651473 6561.5114150870122
v -14613.774380674706 -4087.0235138791031 6430.7929280286335
cstype bspline
deg 1
curv 0 4 1321 1322 1323 1324 1321
parm u 0 0 1 2 3 4 4
end
usemtl Default
v -14053.529555314653 -4857.4095390778966 6181.9022434438593
v -12677.862946571709 -4822.2591180837771 6315.268641603112
v -13202.202578843418 -4053.6560332996596 6524.4411415386003
v -14611.297611082817 -4071.1855968005257 6393.9766758871465
cstype bspline
deg 1
curv 0 4 1325 1326 1327 1328 1325
parm u 0 0 1 2 3 4 4
end
usemtl Default
v -14171.34107182574 -5000.6099976209225 6800.6890758633035
v -12749.213708049287 -4964.2724320898997 6938.5596929337353
v -13197.933538251171 -4306.5166103474912 7117.5655183132021
v -14650.925924553085 -4324.5922700575902 6983.0367101509528
cstype bspline
deg 1
curv 0 4 1329 1330 1331 1332 1329
parm u 0 0 1 2 3 4 4
end
usemtl Default
v -14163.977852043798 -4991.6599689619907 6762.0148988370947
v -12744.75428545694 -4955.3965999645297 6899.6040022255766
v -13198.200353288197 -4290.7128242820036 7080.4952447647975
v -14648.449154961181 -4308.7543529790419 6946.2204580094749
cstype bspline
deg 1
curv 0 4 1333 1334 1335 1336 1333
parm u 0 0 1 2 3 4 4
end
usemtl Default
v -12682.918744332728 -5002.9460797648062 6959.4729739945287
v -12607.958843902772 -4817.9235359087179 6218.239105180528
v -11127.71326072864 -4799.0628455692786 6219.9356336586625
v -11142.289195574773 -4983.3160013661836 6961.2387093113139
cstype bspline
deg 1
curv 0 4 1337 1338 1339 1340 1337
parm u 0 0 1 2 3 4 4
end
usemtl Default
v -12704.001664762302 -5041.0705421151943 6945.9083767097163
v -12629.041764332342 -4856.0479982591351 6204.6745078957156
v -11104.518709021962 -4836.6231422836136 6206.4217833534567
v -11119.094643868095 -5020.8762980805186 6947.7248590061063
cstype bspline
deg 1
curv 0 4 1341 1342 1343 1344 1341
parm u 0 0 1 2 3 4 4
end
usemtl Default
v -13158.026173164053 -4328.4540985282511 7202.348872685141
v -13178.82699432319 -4007.5136980994139 6510.0573502769821
v -12607.912722118126 -4817.8401334100927 6218.2687796004921
v -12682.872622546362 -5002.8626772630669 6959.5026484155915
cstype bspline
deg 1
curv 0 4 1345 1346 1347 1348 1345
parm u 0 0 1 2 3 4 4
end
usemtl Default
v -13206.074508508631 -4328.4540994232811 7202.5127822835293
v -13226.875329667768 -4007.5136989944731 6510.2212598753704
v -12629.041764333204 -4856.0479982606776 6204.6745078951735
v -12704.001664761439 -5041.0705421136518 6945.9083767102729
cstype bspline
deg 1
curv 0 4 1349 1350 1351 1352 1349
parm u 0 0 1 2 3 4 4
end
usemtl Default
v -12617.718038970106 -4842.2672829834046 6315.7699965310057
v -11129.631146892607 -4823.3066818583757 6317.4755120340051
v -11607.328930610311 -4049.7426689332351 6595.796749793948
v -13176.090044170684 -4049.7426981558674 6601.1483400675133
cstype bspline
deg 1
curv 0 4 1353 1354 1355 1356 1353
parm u 0 0 1 2 3 4 4
end
usemtl Default
v -12613.772781052943 -4832.5292543593969 6276.7576876460571
v -11128.863992427017 -4813.6091473427368 6278.4595606838648
v -11611.004316216658 -4032.8510689587565 6559.3691572216012
v -13177.184824231681 -4032.8510981332802 6564.711944151295
cstype bspline
deg 1
curv 0 4 1357 1358 1359 1360 1357
parm u 0 0 1 2 3 4 4
end
usemtl Default
v -12676.89690772754 -4988.3377123434038 6900.954629805221
v -11141.138463876396 -4968.7696995927254 6902.714782286097
v -11552.198146515169 -4303.1166685507051 7142.2106383791543
v -13159.668343255562 -4303.1166984943848 7147.6942788108063
cstype bspline
deg 1
curv 0 4 1361 1362 1363 1364 1361
parm u 0 0 1 2 3 4 4
end
usemtl Default
v -12672.95164981038 -4978.5996837193961 6861.9423209202796
v -11140.37130941081 -4959.0721650771156 6863.698830935964
v -11555.873532121466 -4286.2250685762556 7105.7830458068001
v -13160.763123316578 -4286.2250984718557 7111.2578828945807
cstype bspline
deg 1
curv 0 4 1365 1366 1367 1368 1365
parm u 0 0 1 2 3 4 4
end
usemtl Default
v -11074.570890168885 -5009.4132482715358 6917.7595326901373
v -11069.985517708308 -4807.6338465170702 6177.5250151739692
v -9728.7271626243783 -4807.5627103949082 6050.4518896338996
v -9672.3449883529429 -5009.3388786225696 6784.9102368169024
cstype bspline
deg 1
curv 0 4 1369 1370 1371 1372 1369
parm u 0 0 1 2 3 4 4
end
usemtl Default
v -11097.776314638235 -5046.9569179847022 6905.5435320361576
v -11093.190942177658 -4845.1775162302947 6165.3090145199913
v -9707.8279550192856 -4845.1040409372363 6034.0573402109603
v -9651.4457807478539 -5046.8802091648686 6768.5156873939613
cstype bspline
deg 1
curv 0 4 1373 1374 1375 1376 1373
parm u 0 0 1 2 3 4 4
end
usemtl Default
v -11507.260044707575 -4323.3821393524704 7222.1655869792867
v -11586.031333658313 -3989.4731263365538 6540.5616475182524
v -11069.93228341364 -4807.5477196385036 6177.5530392327
v -11074.517655873096 -5009.3271213911066 6917.7875567494721
cstype bspline
deg 1
curv 0 4 1377 1378 1379 1380 1377
parm u 0 0 1 2 3 4 4
end
usemtl Default
v -11554.679418277992 -4322.7145065480436 7226.9154851434705
v -11633.450707228731 -3988.805493532127 6545.311545682438
v -11093.190942178218 -4845.1775162311969 6165.3090145197002
v -11097.776314637689 -5046.956917983829 6905.5435320364577
cstype bspline
deg 1
curv 0 4 1381 1382 1383 1384 1381
parm u 0 0 1 2 3 4 4
end
usemtl Default
v -11070.481290595242 -4834.1837620956358 6274.9141028448994
v -9721.3084554833986 -4834.1122062143695 6147.0911458421888
v -10155.931303160476 -4053.3974396932172 6488.0344912177279
v -11575.666690375296 -4033.4085227860487 6630.2463763946853
cstype bspline
deg 1
curv 0 4 1385 1386 1387 1388 1385
parm u 0 0 1 2 3 4 4
end
usemtl Default
v -11070.239955202691 -4823.5637935822306 6235.9543913966972
v -9724.2759383397861 -4823.4924078865733 6108.4354433588796
v -10162.791544081436 -4035.7850644225546 6452.4324937210986
v -11579.8125476885 -4015.8343642062682 6594.3724848441161
cstype bspline
deg 1
curv 0 4 1389 1390 1391 1392 1389
parm u 0 0 1 2 3 4 4
end
usemtl Default
v -11074.101321483413 -4993.4832897965098 6859.3097745680225
v -9676.7962126375314 -4993.4091811309045 6726.926683091926
v -10053.027689345905 -4317.5830687528069 7022.0644536673044
v -11513.478830677355 -4297.0209014828142 7168.3547496533974
cstype bspline
deg 1
curv 0 4 1393 1394 1395 1396 1393
parm u 0 0 1 2 3 4 4
end
usemtl Default
v -11073.859986090865 -4982.8633212831046 6820.3500631198131
v -9679.7636954939189 -4982.7893828031374 6688.2709806086114
v -10059.887930266865 -4299.9706934821734 6986.4624561706623
v -11517.624687990541 -4279.4467429030337 7132.4808581028119
cstype bspline
deg 1
curv 0 4 1397 1398 1399 1400 1397
parm u 0 0 1 2 3 4 4
end
usemtl Default
v -9610.9489703723957 -5033.9238900861237 6737.238690381686
v -9676.9444492775583 -4814.3172792755358 6005.9667851380345
v -8453.9315299713271 -4826.224917352607 5770.9263997049002
v -8321.514383655056 -5046.4782303880784 6489.4332931788686
cstype bspline
deg 1
curv 0 4 1401 1402 1403 1404 1401
parm u 0 0 1 2 3 4 4
end
usemtl Default
v -9635.9125741563475 -5070.9668115062814 6726.7645276080602
v -9701.9080530615065 -4851.3602006957517 5995.492622364407
v -8437.1383591821068 -4863.6743958508305 5752.427359814119
v -8304.7212128658321 -5083.9277088863018 6470.9342532880855
cstype bspline
deg 1
curv 0 4 1405 1406 1407 1408 1405
parm u 0 0 1 2 3 4 4
end
usemtl Default
v -10002.50594947422 -4337.0844597717805 7096.340846652407
v -10136.585005098677 -3996.3430250060337 6427.4966088661622
v -9676.8898267339682 -4814.236226130859 6005.9897035202393
v -9610.8943478270085 -5033.8428369387402 6737.2616087646475
cstype bspline
deg 1
curv 0 4 1409 1410 1411 1412 1409
parm u 0 0 1 2 3 4 4
end
usemtl Default
v -10049.058376163328 -4335.8946192371077 7105.5890545057719
v -10183.137431787789 -3995.1531844713609 6436.7448167195271
v -9701.9080530624051 -4851.3602006970614 5995.4926223640305
v -9635.9125741554453 -5070.9668115049426 6726.7645276084386
cstype bspline
deg 1
curv 0 4 1413 1414 1415 1416 1413
parm u 0 0 1 2 3 4 4
end
usemtl Default
v -9668.1601041165195 -4843.2138666953833 6102.1674143266046
v -8436.5082212455054 -4855.2056164362293 5865.466780425153
v -8786.2621501401554 -4075.239616912062 6250.7491052336318
v -10118.943024095464 -4041.1774243173131 6515.5024296275024
cstype bspline
deg 1
curv 0 4 1417 1418 1419 1420 1417
parm u 0 0 1 2 3 4 4
end
usemtl Default
v -9671.6335503748633 -4831.6556240211357 6063.6794193138212
v -8443.4775447358334 -4843.6133368027804 5827.6506281370548
v -8796.1070886830385 -4057.23459453744 6216.1006761965782
v -10125.99981649674 -4023.2436645928246 6480.3001013229568
cstype bspline
deg 1
curv 0 4 1421 1422 1423 1424 1421
parm u 0 0 1 2 3 4 4
end
usemtl Default
v -9616.0584102413668 -5016.5875068089808 6679.4873395184495
v -8331.9683688905534 -5029.089810937905 6432.7090647467048
v -8638.5880719966299 -4345.3149525317422 6770.4755407893008
v -10013.091138076139 -4310.1838201850478 7043.5373541955942
cstype bspline
deg 1
curv 0 4 1425 1426 1427 1428 1425
parm u 0 0 1 2 3 4 4
end
usemtl Default
v -9619.5318564997106 -5005.0292641347623 6640.9993445056607
v -8338.9376923808813 -5017.4975313044561 6394.8929124586011
v -8648.4330105395384 -4327.309930157091 6735.8271117522527
v -10020.147930477433 -4292.2500604605302 7008.3350258910523
cstype bspline
deg 1
curv 0 4 1429 1430 1431 1432 1429
parm u 0 0 1 2 3 4 4
end
usemtl Default
v -8268.6465799634971 -5069.6993491277099 6437.376663195475
v -8409.4305207493162 -4831.1440062352049 5723.9827353202418
v -7288.8906197515062 -4850.0887129977345 5387.9703848925728
v -7077.9970668610913 -5089.8293827504094 6080.3407905087079
cstype bspline
deg 1
curv 0 4 1433 1434 1435 1436 1433
parm u 0 0 1 2 3 4 4
end
usemtl Default
v -8295.9400439553865 -5106.2874266128929 6429.2703529613282
v -8436.7239847412093 -4867.7320837203879 5715.876425086095
v -7276.0428104116363 -4887.3554496289871 5367.827052514589
v -7065.1492575212178 -5127.096119381662 6060.1974581307222
cstype bspline
deg 1
curv 0 4 1437 1438 1439 1440 1437
parm u 0 0 1 2 3 4 4
end
usemtl Default
v -8582.5643225043314 -4364.5783322427014 6839.2187203096491
v -8770.2987460771765 -4020.5950502996566 6185.9113933675635
v -8409.3707018501154 -4831.0638163948897 5724.00050186521
v -8268.5867610615605 -5069.6191592836403 6437.3944297412618
cstype bspline
deg 1
curv 0 4 1441 1442 1443 1444 1441
parm u 0 0 1 2 3 4 4
end
usemtl Default
v -8626.9246358985329 -4363.0570843851601 6852.8600140700528
v -8814.659059471378 -4019.0738024421444 6199.5526871279671
v -8436.7239847426245 -4867.7320837222214 5715.8764250857148
v -8295.9400439540259 -5106.2874266110302 6429.2703529617374
cstype bspline
deg 1
curv 0 4 1445 1446 1447 1448 1445
parm u 0 0 1 2 3 4 4
end
usemtl Default
v -8390.8100632614623 -4862.5344944988028 5817.8214938356232
v -7261.1414680553971 -4881.6335379651864 5479.071754052593
v -7527.9876924582786 -4107.6114690821269 5897.4444158632195
v -8745.5968482386306 -4065.8560084500932 6271.8728837546605
cstype bspline
deg 1
curv 0 4 1449 1450 1451 1452 1449
parm u 0 0 1 2 3 4 4
end
usemtl Default
v -8398.219744355687 -4849.978950136021 5780.2744450001574
v -7272.24112873384 -4869.0156079782173 5442.6312063885871
v -7541.0160355366825 -4089.3991457520169 5864.0277370632703
v -8755.4776073740504 -4047.7516251899069 6237.4882875998392
cstype bspline
deg 1
curv 0 4 1453 1454 1455 1456 1453
parm u 0 0 1 2 3 4 4
end
usemtl Default
v -8279.6648468481108 -5050.8676599402679 6381.0272263676616
v -7094.6465578787538 -5070.9024877699267 6025.6799690127027
v -7332.5625462822936 -4380.7963190334267 6398.6945978628301
v -8597.3854612074356 -4337.4217573524802 6787.6418260773735
cstype bspline
deg 1
curv 0 4 1457 1458 1459 1460 1457
parm u 0 0 1 2 3 4 4
end
usemtl Default
v -8287.0745279423354 -5038.3121155775152 6343.4801775321866
v -7105.7462185572003 -5058.2845577829285 5989.2394213486914
v -7345.5908893606902 -4362.5839957033459 6365.2779190628444
v -8607.2662203428699 -4319.3173740922939 6753.257229922523
cstype bspline
deg 1
curv 0 4 1461 1462 1463 1464 1461
parm u 0 0 1 2 3 4 4
end
usemtl Default
v -7033.7025027418167 -5111.3145601571305 6023.9197320327567
v -7251.3776266537789 -4853.376531826565 5338.1294692481097
v -6241.4798234388909 -4875.8316491732257 4908.0810028722371
v -5949.1404523603669 -5135.4298399740655 5562.0767168571201
cstype bspline
deg 1
curv 0 4 1465 1466 1467 1468 1465
parm u 0 0 1 2 3 4 4
end
usemtl Default
v -7062.854846797858 -5147.5060340699274 6018.7724618315042
v -7280.5299707098202 -4889.568005739362 5332.9821990468572
v -6232.4529573747059 -4912.8720393235853 4886.6757403202955
v -5940.1135862961819 -5172.4702301244542 5540.6714543051785
cstype bspline
deg 1
curv 0 4 1469 1470 1471 1472 1469
parm u 0 0 1 2 3 4 4
end
usemtl Default
v -7270.4150036669671 -4400.4768871926644 6461.064209510916
v -7517.217269949746 -4055.1036943989457 5829.0485103160554
v -7251.3155397022783 -4853.2994533494057 5338.1404316021162
v -7033.6404157942961 -5111.2374816849187 6023.930694386052
cstype bspline
deg 1
curv 0 4 1473 1474 1475 1476 1473
parm u 0 0 1 2 3 4 4
end
usemtl Default
v -7312.2750311237614 -4398.7853200751124 6479.2522915975223
v -7559.0772974065476 -4053.4121272813645 5847.2365924026471
v -7280.5299707078157 -4889.5680057368882 5332.9821990471919
v -7062.854846799848 -5147.5060340723721 6018.7724618311713
cstype bspline
deg 1
curv 0 4 1477 1478 1479 1480 1477
parm u 0 0 1 2 3 4 4
end
usemtl Default
v -7222.6477440654708 -4887.3177120786859 5428.3273783913501
v -6203.01411671803 -4909.989305857569 4994.1330705018299
v -6389.4916477891093 -4144.8067434884433 5436.324245626698
v -7484.7432875441227 -4100.5475355559902 5912.2084707364356
cstype bspline
deg 1
curv 0 4 1481 1482 1483 1484 1481
parm u 0 0 1 2 3 4 4
end
usemtl Default
v -7234.1043295342242 -4873.7420263770618 5392.2331540341384
v -6218.4003994063714 -4896.3262431838084 4959.7122434499943
v -6406.0129027877229 -4126.4864922752022 5404.5947601897151
v -7497.732880506388 -4082.3699990931491 5878.9444865682981
cstype bspline
deg 1
curv 0 4 1485 1486 1487 1488 1485
parm u 0 0 1 2 3 4 4
end
usemtl Default
v -7050.7989620341868 -5090.952997602697 5969.7407437495458
v -5972.2198763928864 -5114.9352459634829 5510.445476279363
v -6141.6728228100874 -4419.6105116871477 5912.2665271813694
v -7289.8993931103541 -4373.2105824984319 6411.1682332586734
cstype bspline
deg 1
curv 0 4 1489 1490 1491 1492 1489
parm u 0 0 1 2 3 4 4
end
usemtl Default
v -7062.2555475029367 -5077.3773119011021 5933.6465193923304
v -5987.6061590812278 -5101.2721832897805 5476.0246492275255
v -6158.1940778086937 -4401.2902604739065 5880.5370417443719
v -7302.8889860726049 -4355.0330460355908 6377.9042490905358
cstype bspline
deg 1
curv 0 4 1493 1494 1495 1496 1493
parm u 0 0 1 2 3 4 4
end
usemtl Default
v -5914.1238782613946 -5154.5792014965264 5501.0160167539525
v -6211.5101465370208 -4877.3352980229829 4854.5972079547264
v -5322.5216691753085 -4900.6957543544413 4336.7790438269858
v -4946.2163449151594 -5180.0134587916546 4937.2290670623315
cstype bspline
deg 1
curv 0 4 1497 1498 1499 1500 1497
parm u 0 0 1 2 3 4 4
end
usemtl Default
v -5944.5272377188048 -5190.4352718343725 5499.4318483680781
v -6241.9135059944347 -4913.1913683608291 4853.0130395688557
v -5317.2515793615821 -4937.4892362281098 4314.4157984563335
v -4940.9462551014367 -5216.8069406653231 4914.8658216916792
cstype bspline
deg 1
curv 0 4 1501 1502 1503 1504 1501
parm u 0 0 1 2 3 4 4
end
usemtl Default
v -6072.8490635460803 -4440.4104461123061 5967.1808514764361
v -6385.5507367323626 -4094.290088947746 5365.7245616513046
v -6211.4485422405705 -4877.262645262701 4854.6004178492967
v -5914.0622739675018 -5154.5065487392421 5501.0192266484028
cstype bspline
deg 1
curv 0 4 1505 1506 1507 1508 1505
parm u 0 0 1 2 3 4 4
end
usemtl Default
v -6111.6856442287099 -4438.6903255092329 5990.1706219683201
v -6424.3873174149921 -4092.5699683446728 5388.714332143174
v -6241.913505993165 -4913.1913683593448 4853.0130395689139
v -5944.5272377200963 -5190.4352718358859 5499.4318483680345
cstype bspline
deg 1
curv 0 4 1509 1510 1511 1512 1509
parm u 0 0 1 2 3 4 4
end
usemtl Default
v -6172.3021579670494 -4913.8168143439689 4939.606754856728
v -5273.0078107200316 -4937.4480838856543 4415.7856258316406
v -5381.1428169893479 -4182.4963593979192 4874.6487123880488
v -6344.4057797341775 -4139.8322412062262 5444.863547154624
cstype bspline
deg 1
curv 0 4 1513 1514 1515 1516 1513
parm u 0 0 1 2 3 4 4
end
usemtl Default
v -6187.9540668234877 -4899.2250299506122 4905.584712288246
v -5292.8133541021416 -4922.7471520731633 4384.1829930297808
v -5401.4765499925707 -4164.1078366833681 4845.2874140826734
v -6360.863762533445 -4121.6153803028574 5413.207952953273
cstype bspline
deg 1
curv 0 4 1517 1518 1519 1520 1517
parm u 0 0 1 2 3 4 4
end
usemtl Default
v -5937.5235251204285 -5132.6935802440566 5449.9373933839215
v -4975.9246599883299 -5157.9620610729326 4889.8251178595438
v -5076.1368219410433 -4458.3242001159233 5315.0681869687705
v -6097.5360377450052 -4413.0851547572238 5919.6974601744241
cstype bspline
deg 1
curv 0 4 1521 1522 1523 1524 1521
parm u 0 0 1 2 3 4 4
end
usemtl Default
v -5953.1754339768777 -5118.1017958507 5415.9153508154395
v -4995.7302033704473 -5143.2611292604124 4858.2224850576767
v -5096.470554944266 -4439.9356774013722 5285.7068886633879
v -6113.9940205442872 -4394.8682938537968 5888.0418659731313
cstype bspline
deg 1
curv 0 4 1525 1526 1527 1528 1525
parm u 0 0 1 2 3 4 4
end
usemtl Default
v -4921.7686926587412 -5196.2830835462082 4871.4548665419297
v -5301.3410185085559 -4900.2843094053096 4279.1334813254161
v -4545.7958228204589 -4922.853814724891 3681.246096927769
v -4085.382343399946 -5221.2674607436638 4209.5952589921635
cstype bspline
deg 1
curv 0 4 1529 1530 1531 1532 1529
parm u 0 0 1 2 3 4 4
end
usemtl Default
v -4952.6372435886879 -5231.8596772862657 4874.0028439816542
v -5332.2095694385098 -4935.860903145367 4281.6814587651443
v -4544.3047879734622 -4959.3970479823183 3658.1868860605809
v -4083.8913085529457 -5257.8106940011203 4186.5360481249681
cstype bspline
deg 1
curv 0 4 1533 1534 1535 1536 1533
parm u 0 0 1 2 3 4 4
end
usemtl Default
v -5000.2570346346183 -4480.8567107451381 5361.025332067964
v -5385.4348556678851 -4133.8064321241982 4803.6424354144892
v -5301.2824020854605 -4900.2167528596183 4279.1286429601987
v -4921.7100762352275 -5196.2155270000512 4871.4500281766759
cstype bspline
deg 1
curv 0 4 1537 1538 1539 1540 1537
parm u 0 0 1 2 3 4 4
end
usemtl Default
v -5035.2762503081649 -4479.2329272738716 5389.0834741232338
v -5420.4540713414317 -4132.1826486529317 4831.7005774697591
v -5332.2095694387172 -4935.8609031455999 4281.6814587651843
v -4952.6372435884914 -5231.8596772860037 4874.0028439816615
cstype bspline
deg 1
curv 0 4 1541 1542 1543 1544 1541
parm u 0 0 1 2 3 4 4
end
usemtl Default
v -5251.3310399367911 -4939.2334955811675 4357.018078749139
v -4485.2151018440782 -4962.1187681484153 3750.7657235151946
v -4515.598877980563 -4217.4537988252123 4220.6580954367546
v -5334.7535634266605 -4179.4709424690518 4876.9822902373107
cstype bspline
deg 1
curv 0 4 1545 1546 1547 1548 1545
parm u 0 0 1 2 3 4 4
end
usemtl Default
v -5271.3085307710135 -4923.6546127316542 4325.8432690009158
v -4509.447390234629 -4946.4127867789939 3722.9578728802244
v -4539.943315853081 -4198.9991864044277 4194.5846633892925
v -5355.026080323154 -4161.2051383311045 4847.6463483081807
cstype bspline
deg 1
curv 0 4 1549 1550 1551 1552 1549
parm u 0 0 1 2 3 4 4
end
usemtl Default
v -4951.6686774234076 -5172.9167383239837 4824.6402249724069
v -4121.7307759857758 -5197.7084886895609 4167.8834830397118
v -4150.4323098928035 -4494.2729851367185 4611.7595761486609
v -5030.6658099793494 -4453.4580045382027 5317.0214191742689
cstype bspline
deg 1
curv 0 4 1553 1554 1555 1556 1553
parm u 0 0 1 2 3 4 4
end
usemtl Default
v -4971.6461682576373 -5157.3378554744704 4793.465415224191
v -4145.9630643763267 -5182.0025073201396 4140.0756324047379
v -4174.7767477653251 -4475.8183727159922 4585.6861441012024
v -5050.9383268758393 -4435.1922004002845 5287.6854772451388
cstype bspline
deg 1
curv 0 4 1557 1558 1559 1560 1557
parm u 0 0 1 2 3 4 4
end
usemtl Default
v -4073.2964659295831 -5234.0557717357879 4139.7458802122201
v -4535.2157549833937 -4920.4105935925618 3619.5941034257539
v -3926.3907669262771 -4941.1205267053738 2953.4477327827135
v -3387.2589172648986 -5257.3921853594366 3389.1173217060823
cstype bspline
deg 1
curv 0 4 1561 1562 1563 1564 1561
parm u 0 0 1 2 3 4 4
end
usemtl Default
v -4103.6581761349807 -5269.4061331690755 4146.8590794986367
v -4565.5774651887914 -4955.7609550258785 3626.7073027121642
v -3928.8011291688344 -4977.4216877249128 2929.9779412831404
v -3389.6692795074487 -5293.6933463789755 3365.6475302065119
cstype bspline
deg 1
curv 0 4 1565 1566 1567 1568 1565
parm u 0 0 1 2 3 4 4
end
usemtl Default
v -4067.5337122789751 -4519.0901294303767 4646.6118969077306
v -4529.1738711039288 -4170.4957463640312 4151.2396708561901
v -4535.162753577617 -4920.3488836678735 3619.5816861555159
v -4073.2434645197536 -5233.9940618063556 4139.733462941027
cstype bspline
deg 1
curv 0 4 1569 1570 1571 1572 1569
parm u 0 0 1 2 3 4 4
end
usemtl Default
v -4097.6542283821691 -4517.6667098462931 4679.8544714486598
v -4559.2943872071264 -4169.0723267799476 4184.4822453971183
v -4565.5774651907777 -4955.7609550282068 3626.7073027126553
v -4103.6581761329217 -5269.4061331667181 4146.8590794981519
cstype bspline
deg 1
curv 0 4 1573 1574 1575 1576 1573
parm u 0 0 1 2 3 4 4
end
usemtl Default
v -4474.3844068769795 -4961.6814816376718 3687.9776900228107
v -3855.4523656550482 -4982.7352186335775 3010.7726786936773
v -3806.6426102467012 -4247.637912874925 3486.0351775646104
v -4468.4317449427544 -4216.3634283464344 4216.4202269155985
cstype bspline
deg 1
curv 0 4 1577 1578 1579 1580 1577
parm u 0 0 1 2 3 4 4
end
usemtl Default
v -4498.69594840633 -4945.1738406827499 3660.6012807185016
v -3883.8277261635303 -4966.0893418623018 2987.8427003292991
v -3834.8926085831845 -4229.1040242890012 3464.3258555757839
v -4492.728595407214 -4198.0163555534673 4190.3480044918424
cstype bspline
deg 1
curv 0 4 1581 1582 1583 1584 1581
parm u 0 0 1 2 3 4 4
end
usemtl Default
v -4109.7112839365873 -5209.2960959613556 4098.6238295876183
v -3429.8219580276345 -5232.4233702025376 3354.7223541595049
v -3382.892635199285 -4525.646241663635 3811.675007397107
v -4103.978987975679 -4491.5695202409406 4607.5035632720874
cstype bspline
deg 1
curv 0 4 1585 1586 1587 1588 1585
parm u 0 0 1 2 3 4 4
end
usemtl Default
v -4134.0228254659451 -5192.7884550064628 4071.2474202833
v -3458.1973185361276 -5215.7774934312911 3331.7923757951185
v -3411.1426335357755 -4507.1123530777404 3789.9656854082741
v -4128.2758384401495 -4473.2224474479735 4581.4313408483231
cstype bspline
deg 1
curv 0 4 1589 1590 1591 1592 1589
parm u 0 0 1 2 3 4 4
end
usemtl Default
v -3388.9213363383606 -5266.2606538635737 3317.3657819878244
v -3927.9323486107751 -4937.0106887509464 2889.2403070572282
v -3475.1120572379914 -4954.8776377469185 2173.1149095926321
v -2871.1992736641441 -5286.6884347385203 2498.5996512016382
cstype bspline
deg 1
curv 0 4 1593 1594 1595 1596 1593
parm u 0 0 1 2 3 4 4
end
usemtl Default
v -3417.7021267402706 -5301.4554442944063 3329.1806888505007
v -3956.7131390126815 -4972.2054791817791 2901.0552139199044
v -3481.5780189603029 -4990.9529052974249 2149.6394024390029
v -2877.6652353864556 -5322.7637022890267 2475.1241440480098
cstype bspline
deg 1
curv 0 4 1597 1598 1599 1600 1597
parm u 0 0 1 2 3 4 4
end
usemtl Default
v -3294.1191855464604 -4552.7827456519299 3832.7540327439574
v -3830.2935894254915 -4202.1761933592788 3420.0574295850938
v -3927.8880182633293 -4936.9564790761506 2889.2221088451715
v -3388.8770059876551 -5266.2064441847906 3317.3475837744354
cstype bspline
deg 1
curv 0 4 1601 1602 1603 1604 1601
parm u 0 0 1 2 3 4 4
end
usemtl Default
v -3318.1086043805735 -4551.6241507931554 3870.8894729894764
v -3854.2830082596047 -4201.0175985004753 3458.1928698306128
v -3956.713139014304 -4972.205479183729 2901.0552139205556
v -3417.7021267386153 -5301.4554442923691 3329.1806888498195
cstype bspline
deg 1
curv 0 4 1605 1606 1607 1608 1605
parm u 0 0 1 2 3 4 4
end
usemtl Default
v -3856.9729104191538 -4980.334509989596 2945.5141920009437
v -3395.649848873014 -4998.5369531405449 2215.9418492780269
v -3265.461138922401 -4272.1805741174612 2688.6087351987499
v -3759.7443257571977 -4248.3086344503972 3474.3596142112619
cstype bspline
deg 1
curv 0 4 1609 1610 1611 1612 1609
parm u 0 0 1 2 3 4 4
end
usemtl Default
v -3885.3419110652139 -4963.0055644573586 2922.9812722679771
v -3427.4347322190079 -4981.073226983106 2198.8110734038673
v -3297.039638747312 -4253.5653810845397 2672.2272612898314
v -3787.9640312245174 -4229.8556580139848 3452.6387403607896
cstype bspline
deg 1
curv 0 4 1613 1614 1615 1616 1613
parm u 0 0 1 2 3 4 4
end
usemtl Default
v -3431.4379007282623 -5240.2686929733318 3283.5079879953892
v -2918.8765986831313 -5260.4928455023619 2472.9034873904011
v -2791.7836415488564 -4551.4084696112841 2934.3308438324812
v -3336.4487437474381 -4525.103280997253 3800.1727219682543
cstype bspline
deg 1
curv 0 4 1617 1618 1619 1620 1617
parm u 0 0 1 2 3 4 4
end
usemtl Default
v -3459.8069013743225 -5222.9397474410944 3260.9750682624226
v -2950.6614820291252 -5243.0291193448938 2455.7727115162397
v -2823.3621413737637 -4532.7932765783626 2917.9493699235627
v -3364.6684492147615 -4506.6503045608115 3778.4518481177865
cstype bspline
deg 1
curv 0 4 1621 1622 1623 1624 1621
parm u 0 0 1 2 3 4 4
end
usemtl Default
v -2885.7950671345861 -5291.8088752599433 2428.7406931433898
v -3488.4395075630928 -4950.3110657712677 2109.1777727123281
v -3189.864173777627 -4963.8498501897557 1367.8660472593201
v -2542.4893585808313 -5307.3759414298693 1576.3710618706536
cstype bspline
deg 1
curv 0 4 1625 1626 1627 1628 1625
parm u 0 0 1 2 3 4 4
end
usemtl Default
v -2912.0566127182174 -5326.9589015842357 2444.9401172356929
v -3514.701053146724 -4985.4610920955602 2125.3771968046321
v -3200.3814892096671 -4999.7137926140567 1344.9752281234505
v -2553.0066740128677 -5343.2398838541703 1553.4802427347813
cstype bspline
deg 1
curv 0 4 1629 1630 1631 1632 1629
parm u 0 0 1 2 3 4 4
end
usemtl Default
v -2700.2136684286561 -4579.9372752335912 2939.2385302639259
v -3300.02538301405 -4227.5721563081606 2627.4695760495761
v -3488.4065210639528 -4950.2669146641565 2109.1574250032809
v -2885.7620806342602 -5291.7647241512313 2428.7203454336213
cstype bspline
deg 1
curv 0 4 1633 1634 1635 1636 1633
parm u 0 0 1 2 3 4 4
end
usemtl Default
v -2717.1044083489905 -4579.0552755323879 2981.3319101904326
v -3316.9161229343845 -4226.6901566069573 2669.5629559760828
v -3514.7010531473061 -4985.4610920963751 2125.3771968050078
v -2912.0566127175989 -5326.9589015834208 2444.9401172353264
cstype bspline
deg 1
curv 0 4 1637 1638 1639 1640 1637
parm u 0 0 1 2 3 4 4
end
usemtl Default
v -3409.1229594949546 -4995.2459506007726 2151.1728224747239
v -3104.6832770412038 -5009.0506516687165 1395.3009176029191
v -2894.1137650913588 -4291.0106820891087 1853.6030998203169
v -3221.1027889896504 -4273.9359877457318 2668.491806867255
cstype bspline
deg 1
curv 0 4 1641 1642 1643 1644 1641
parm u 0 0 1 2 3 4 4
end
usemtl Default
v -3440.8410879386065 -4977.27238168029 2134.3537213995041
v -3138.7556357357753 -4990.9703310771147 1384.3269694654782
v -2928.0139994538331 -4272.3434192139539 1843.0037783621328
v -3252.6718265994205 -4255.3904551706801 2652.0829145401794
cstype bspline
deg 1
curv 0 4 1645 1646 1647 1648 1645
parm u 0 0 1 2 3 4 4
end
usemtl Default
v -2933.3510328402554 -5264.849484407634 2403.4593386030028
v -2593.5978966226721 -5280.2554605424812 1559.9101396644974
v -2385.6102496543535 -4571.0196252158494 2012.5929216930099
v -2747.5672248432784 -4552.1189763710427 2914.6251917733262
cstype bspline
deg 1
curv 0 4 1649 1650 1651 1652 1649
parm u 0 0 1 2 3 4 4
end
usemtl Default
v -2965.0691612839073 -5246.8759154871805 2386.640237527783
v -2627.6702553172472 -5262.1751399509085 1548.9361915270583
v -2419.5104840168315 -4552.3523623407236 2001.9936002348268
v -2779.1362624530484 -4533.57344379602 2898.2162994462506
cstype bspline
deg 1
curv 0 4 1653 1654 1655 1656 1653
parm u 0 0 1 2 3 4 4
end
usemtl Default
v -2566.2946633319771 -5309.8403532312077 1511.8719516356832
v -3212.1042756797688 -4960.3642244444054 1307.0619173202267
v -3051.4691590805887 -4967.9459411934076 567.43770090458975
v -2382.2206278080885 -5318.528348905762 664.32617727968955
cstype bspline
deg 1
curv 0 4 1657 1658 1659 1660 1657
parm u 0 0 1 2 3 4 4
end
usemtl Default
v -2589.5233560021552 -5345.0718882983201 1531.7381710497812
v -3235.3329683499505 -4995.5957595115178 1326.9281367343219
v -3065.6833516597362 -5003.6029460318387 545.79778699388999
v -2396.4348203872323 -5354.185353744193 642.68626336899069
cstype bspline
deg 1
curv 0 4 1661 1662 1663 1664 1661
parm u 0 0 1 2 3 4 4
end
usemtl Default
v -2295.9155403359691 -4599.3466338336875 2000.7754782414131
v -2940.268225148393 -4246.0419077929982 1798.6001913014316
v -3212.0827138084933 -4960.3315210187284 1307.0434766411872
v -2566.2731014636884 -5309.8076498101 1511.8535109591994
cstype bspline
deg 1
curv 0 4 1665 1666 1667 1668 1665
parm u 0 0 1 2 3 4 4
end
usemtl Default
v -2305.510651972214 -4598.72710913216 2045.3544701809251
v -2949.8633367846342 -4245.4223830914707 1843.1791832409435
v -3235.3329683484699 -4995.5957595092477 1326.9281367330495
v -2589.523356003665 -5345.0718883006193 1531.7381710510617
cstype bspline
deg 1
curv 0 4 1669 1670 1671 1672 1669
parm u 0 0 1 2 3 4 4
end
usemtl Default
v -3127.1203705772605 -5006.3483483143791 1333.9693687653116
v -2963.4101418078935 -5014.0752053660981 580.18618463815528
v -2680.2848705396427 -4303.8414645977318 1011.220621667967
v -2855.4849771467634 -4292.5293717457098 1825.2022027408993
cstype bspline
deg 1
curv 0 4 1673 1674 1675 1676 1673
parm u 0 0 1 2 3 4 4
end
usemtl Default
v -3161.1103501744474 -4987.9548678518913 1323.1898932747217
v -2998.6337487169731 -4995.6234996970161 575.08679114472852
v -2715.4199147312938 -4285.1675949734345 1006.2560574706904
v -2889.3982763474123 -4273.9343861646194 1814.5613981651122
cstype bspline
deg 1
curv 0 4 1677 1678 1679 1680 1677
parm u 0 0 1 2 3 4 4
end
usemtl Default
v -2617.2706766194569 -5282.2505552513176 1495.6615011241529
v -2435.0560381717041 -5290.8507904021535 656.67708703955032
v -2153.2592076648179 -4583.9495089621923 1085.6890846271399
v -2346.7854891369498 -4571.4541554620664 1984.8142713777297
cstype bspline
deg 1
curv 0 4 1681 1682 1683 1684 1681
parm u 0 0 1 2 3 4 4
end
usemtl Default
v -2651.2606562166329 -5263.8570747888589 1484.8820256335657
v -2470.2796450807728 -5272.3990847331006 651.57769354612537
v -2188.3942518564581 -4565.2756393378659 1080.7245204298642
v -2380.6987883375914 -4552.859169880976 1974.1734668019462
cstype bspline
deg 1
curv 0 4 1685 1686 1687 1688 1685
parm u 0 0 1 2 3 4 4
end
usemtl Default
v -2404.2323230700713 -5320.8261684052995 608.34877581177534
v -3072.1926363943967 -4967.7335346378386 513.09379526810562
v -3034.1720718144279 -4966.0326096447825 2.7303030947223306E-09
v -2359.1533060731235 -5318.8094696129556 2.7303030947223306E-09
cstype bspline
deg 1
curv 0 4 1689 1690 1691 1692 1689
parm u 0 0 1 2 3 4 4
end
usemtl Default
v -2424.00769442397 -5356.6093406211294 631.03124589039271
v -3091.968007748299 -5003.5167068536684 535.77626534673936
v -3052.2666582389138 -5001.7405886296183 2.7303030947223306E-09
v -2377.2478924976094 -5354.5174485977914 2.7303030947223306E-09
cstype bspline
deg 1
curv 0 4 1693 1694 1695 1696 1693
parm u 0 0 1 2 3 4 4
end
usemtl Default
v -2074.800480872218 -4606.3131674027536 1059.0341774700291
v -2742.8286584689013 -4253.3677267101011 963.68635009560239
v -3072.1852294080127 -4967.7201318316802 513.08529941010966
v -2404.2249160853462 -5320.8127656021388 608.3402799556734
cstype bspline
deg 1
curv 0 4 1697 1698 1699 1700 1697
parm u 0 0 1 2 3 4 4
end
usemtl Default
v -2077.7527651743585 -4605.6055249404744 1104.7513677653515
v -2745.7809427710417 -4252.6600842478219 1009.4035403909411
v -3091.9680077474695 -5003.5167068521841 535.7762653457994
v -2424.0076944247921 -5356.6093406226137 631.03124589136314
cstype bspline
deg 1
curv 0 4 1701 1702 1703 1704 1701
parm u 0 0 1 2 3 4 4
end
usemtl Default
v -2984.3018680903915 -5014.1930356395023 525.61043059541225
v -2945.3538131642708 -5012.4506175353308 2.7303030947223306E-09
v -2591.8879593687743 -4314.9187158331333 2.7303030947223306E-09
v -2654.9302140482869 -4299.8079162749345 976.23211685538445
cstype bspline
deg 1
curv 0 4 1705 1706 1707 1708 1705
parm u 0 0 1 2 3 4 4
end
usemtl Default
v -3019.4576740548218 -4995.6092128096498 520.59701056658923
v -2980.8811166243104 -4993.8834143790882 2.7303030947223306E-09
v -2627.3714049112896 -4296.2649631664099 2.7303030947223306E-09
v -2690.0895918165188 -4281.2318404489779 971.21381015148563
cstype bspline
deg 1
curv 0 4 1709 1710 1711 1712 1709
parm u 0 0 1 2 3 4 4
end
usemtl Default
v -2456.9647786240312 -5292.9503780875239 600.81173102759567
v -2412.4442612632265 -5290.9586648786208 2.7303030947223306E-09
v -2059.6362762308709 -4594.7250058340724 2.7303030947223306E-09
v -2127.5395475245859 -4578.4490536638768 1051.5067174141295
cstype bspline
deg 1
curv 0 4 1713 1714 1715 1716 1713
parm u 0 0 1 2 3 4 4
end
usemtl Default
v -2492.1205845884542 -5274.3665552576713 595.79831099877265
v -2447.9715647232879 -5272.3914617224073 2.7303030947223306E-09
v -2095.1197217734079 -4576.071253167378 2.7303030947223306E-09
v -2162.6989252928215 -4559.8729778379493 1046.4884107102134
cstype bspline
deg 1
curv 0 4 1717 1718 1719 1720 1717
parm u 0 0 1 2 3 4 4
end
usemtl Default
v -1990.7655839133877 -4586.6611380712129 40.000000002730303
v -2664.8639973352474 -4232.2856008273084 40.000000002730303
v -2275.8776689729129 -3521.2897118733381 40.000000002730303
v -1601.7383666310634 -3875.590511647315 40.000000002730303
cstype bspline
deg 1
curv 0 4 1721 1722 1723 1724 1721
parm u 0 0 1 2 3 4 4
end
usemtl Default
v -2007.3749220065074 -4622.1989549116697 2.7303030947223306E-09
v -2681.473335428338 -4267.8234176677361 2.7303030947223306E-09
v -2272.9705584195508 -3521.1550288266444 2.7303030947223306E-09
v -1598.8312560777049 -3875.4558286006213 2.7303030947223306E-09
cstype bspline
deg 1
curv 0 4 1725 1726 1727 1728 1725
parm u 0 0 1 2 3 4 4
end
usemtl Default
v -2058.385616665164 -4570.8162630471925 1116.9830097456643
v -2726.8569096387182 -4217.7455671301577 1027.4659173092623
v -2664.7944864926867 -4232.1368734320858 40.167401839398735
v -1990.6960730667779 -4586.5124106672883 40.167401849197176
cstype bspline
deg 1
curv 0 4 1729 1730 1731 1732 1729
parm u 0 0 1 2 3 4 4
end
usemtl Default
v -2078.8614834055006 -4605.6223381808959 1137.219147595596
v -2747.3327763790548 -4252.5516422638902 1047.7020551591941
v -2681.4733354303025 -4267.823417671927 -1.9967956177424639E-09
v -2007.3749220043937 -4622.1989549071295 7.801190804457292E-09
cstype bspline
deg 1
curv 0 4 1733 1734 1735 1736 1733
parm u 0 0 1 2 3 4 4
end
usemtl Default
v -2638.9001605632475 -4264.2022376455716 1039.244482103526
v -2576.0868038096742 -4278.7676737189176 40.000000002730303
v -2187.1751291910841 -3567.9082381594053 40.000000002730303
v -2230.4610868313539 -3569.913626172056 635.58736203380431
cstype bspline
deg 1
curv 0 4 1737 1738 1739 1740 1737
parm u 0 0 1 2 3 4 4
end
usemtl Default
v -2674.0828601934336 -4245.6195694393828 1034.5330561858209
v -2611.5656676742256 -4260.1163296539162 40.000000002730303
v -2222.6561451038142 -3549.2608276449901 40.000000002730303
v -2265.5962741862822 -3551.2501938232454 630.82898010863028
cstype bspline
deg 1
curv 0 4 1741 1742 1743 1744 1741
parm u 0 0 1 2 3 4 4
end
usemtl Default
v -2111.159666110445 -4542.9422607379383 1109.9158708691057
v -2043.903845841367 -4558.5378346942016 40.000000002730303
v -1654.9598905001549 -3847.6193958756921 40.000000002730303
v -1703.4332765072759 -3849.8651114040113 706.96309091134208
cstype bspline
deg 1
curv 0 4 1745 1746 1747 1748 1745
parm u 0 0 1 2 3 4 4
end
usemtl Default
v -2146.3423657406383 -4524.3595925317786 1105.2044449513996
v -2079.3827097059257 -4539.886490629171 40.000000002730303
v -1690.4409064128922 -3828.9719853612769 40.000000002730303
v -1738.5684638622115 -3831.2016790552007 702.20470898615349
cstype bspline
deg 1
curv 0 4 1749 1750 1751 1752 1749
parm u 0 0 1 2 3 4 4
end
usemtl Default
v -2100.4162333070999 -4574.2816735728993 1169.3793607395764
v -2768.4959898967063 -4219.5968514498672 1078.9975451550199
v -2300.6656521908153 -3521.1713396750856 665.4102344771909
v -1634.291984970725 -3878.4031884549768 757.30032530010249
cstype bspline
deg 1
curv 0 4 1753 1754 1755 1756 1753
parm u 0 0 1 2 3 4 4
end
usemtl Default
v -2114.2573135292296 -4609.8297456300643 1144.0146695949043
v -2782.337070118836 -4255.1449235070613 1053.6328540103477
v -2291.000925888613 -3521.6275127503905 619.26513957890893
v -1624.6272586685227 -3878.8593615302816 711.15523040182052
cstype bspline
deg 1
curv 0 4 1757 1758 1759 1760 1757
parm u 0 0 1 2 3 4 4
end
usemtl Default
v -2285.9700167348965 -4564.7861249890411 2057.1853020225944
v -2932.8199448112391 -4211.1855529052555 1865.2321167092059
v -2768.4887577503323 -4219.5782771149243 1079.0107985395452
v -2100.4090011600565 -4574.2630992362392 1169.3926141253269
cstype bspline
deg 1
curv 0 4 1761 1762 1763 1764 1761
parm u 0 0 1 2 3 4 4
end
usemtl Default
v -2309.2769555117848 -4599.869700309122 2077.0609326396243
v -2956.1268835881274 -4246.2691282253363 1885.1077473262376
v -2782.3370701191416 -4255.1449235079053 1053.6328540097284
v -2114.2573135288658 -4609.8297456291912 1144.01466959551
cstype bspline
deg 1
curv 0 4 1765 1766 1767 1768 1765
parm u 0 0 1 2 3 4 4
end
usemtl Default
v -2847.708112169621 -4257.7119439689268 1890.4891147767557
v -2680.5784893384771 -4266.2475899213168 1090.8790424732051
v -2212.9849065039743 -3568.1755303040263 677.50103590126128
v -2384.2604701007258 -3560.0913592550496 1495.2714402348538
cstype bspline
deg 1
curv 0 4 1769 1770 1771 1772 1769
parm u 0 0 1 2 3 4 4
end
usemtl Default
v -2881.7528452262632 -4239.1013875434874 1880.3863155497365
v -2715.7405817906147 -4247.5799677043979 1086.1221048109137
v -2248.0572047787064 -3549.37385405245 672.66471533163894
v -2418.2133381669446 -3541.3425198769546 1485.0903006202834
cstype bspline
deg 1
curv 0 4 1773 1774 1775 1776 1773
parm u 0 0 1 2 3 4 4
end
usemtl Default
v -2337.0371163198652 -4536.8702903508674 2042.0311031820647
v -2153.1471025563042 -4546.261923174985 1162.233107407591
v -1686.9004323828267 -3850.2006740776123 750.04584444565444
v -1874.9674491074147 -3841.3239499265328 1647.9885344534305
cstype bspline
deg 1
curv 0 4 1777 1778 1779 1780 1777
parm u 0 0 1 2 3 4 4
end
usemtl Default
v -2371.0818493765146 -4518.2597339253989 2031.9283039550446
v -2188.309195008449 -4527.5943009580951 1157.4761697452986
v -1721.972730657566 -3831.3989978260361 745.20952387603211
v -1908.9203171736408 -3822.5751105484378 1637.8073948388583
cstype bspline
deg 1
curv 0 4 1781 1782 1783 1784 1781
parm u 0 0 1 2 3 4 4
end
usemtl Default
v -2348.9749008670879 -4559.6559963536565 2100.7601124216599
v -2995.8854996993177 -4205.1779589780781 1908.3159322475203
v -2443.1102491700804 -3514.6834756789613 1516.2425390864864
v -1802.0241937125538 -3876.4371916673554 1712.8179615373938
cstype bspline
deg 1
curv 0 4 1785 1786 1787 1788 1785
parm u 0 0 1 2 3 4 4
end
usemtl Default
v -2359.1608331271709 -4595.1892672567628 2074.9123635624201
v -3006.0714319594044 -4240.7112298811553 1882.4681833882805
v -2425.5469656384012 -3515.5540506640682 1470.7127780846695
v -1784.4609101808746 -3877.3077666524914 1667.2882005355768
cstype bspline
deg 1
curv 0 4 1789 1790 1791 1792 1789
parm u 0 0 1 2 3 4 4
end
usemtl Default
v -2694.8930553977661 -4546.6584450418304 2991.4772138373792
v -3301.3000676077427 -4193.6998032074189 2694.7424999408286
v -2995.8794712948729 -4205.1569290985353 1908.3312298835199
v -2348.9688724614825 -4559.6349664700974 2100.7754100605889
cstype bspline
deg 1
curv 0 4 1793 1794 1795 1796 1793
parm u 0 0 1 2 3 4 4
end
usemtl Default
v -2722.329301242542 -4581.5658675589657 3010.0155612646295
v -3328.7363134525222 -4228.6072257245251 2713.2808473680789
v -3006.0714319599792 -4240.7112298831635 1882.4681833868308
v -2359.1608331265925 -4595.1892672547256 2074.9123635639016
cstype bspline
deg 1
curv 0 4 1797 1798 1799 1800 1797
parm u 0 0 1 2 3 4 4
end
usemtl Default
v -3221.5096712643244 -4240.1417297645821 2733.7865412430056
v -2910.7491636780505 -4251.7991697027755 1933.6258172942307
v -2358.7568208204029 -3562.2826488353312 1542.1077262510826
v -2676.3582041684349 -3546.539816973469 2365.4341305422167
cstype bspline
deg 1
curv 0 4 1801 1802 1803 1804 1801
parm u 0 0 1 2 3 4 4
end
usemtl Default
v -3253.4258298016903 -4221.5649591416877 2718.1689247221366
v -2944.7970899325446 -4233.1424308937276 1923.4971762325531
v -2392.4981921602703 -3543.2429795727949 1531.7616513852445
v -2707.9926221936403 -3527.6045849505463 2349.6261452832769
cstype bspline
deg 1
curv 0 4 1805 1806 1807 1808 1805
parm u 0 0 1 2 3 4 4
end
usemtl Default
v -2742.7672932038113 -4518.7932891075616 2968.050789056073
v -2400.0302698606283 -4531.6502518382913 2085.5554332194115
v -1852.6362507223603 -3847.8776877735509 1697.2988492386385
v -2201.8419337903651 -3830.5682973175135 2602.5539094263067
cstype bspline
deg 1
curv 0 4 1809 1810 1811 1812 1809
parm u 0 0 1 2 3 4 4
end
usemtl Default
v -2774.6834517411735 -4500.2165184846672 2952.4331725352058
v -2434.0781961151151 -4512.9935130292433 2075.4267921577357
v -1886.3776220622203 -3828.8380185109854 1686.952774372804
v -2233.4763518155632 -3811.6330652945908 2586.7459241673723
cstype bspline
deg 1
curv 0 4 1813 1814 1815 1816 1813
parm u 0 0 1 2 3 4 4
end
usemtl Default
v -2772.3305918838269 -4538.2019332656637 3024.0862425445812
v -3379.7412397056833 -4184.7398890196055 2726.9111570901241
v -2730.7014034055501 -3502.5796255781897 2378.5933119720585
v -2136.8107067139608 -3870.2515424837184 2683.0241003593974
cstype bspline
deg 1
curv 0 4 1817 1818 1819 1820 1817
parm u 0 0 1 2 3 4 4
end
usemtl Default
v -2778.7837607618276 -4573.7086561136821 2998.0983568436641
v -3386.1944085836949 -4220.2466118676239 2700.9232713892034
v -2704.5225497802639 -3503.7891176207922 2335.0929176014306
v -2110.6318530886747 -3871.4610345263209 2639.5237059887695
cstype bspline
deg 1
curv 0 4 1821 1822 1823 1824 1821
parm u 0 0 1 2 3 4 4
end
usemtl Default
v -3291.9937660482465 -4520.9095689091191 3880.7039482600849
v -3840.6698561172634 -4169.3994070901244 3486.712900468915
v -3379.7371244695023 -4184.7172461050795 2726.9277297678318
v -2772.3264766481479 -4538.1792903539608 3024.1028152202434
cstype bspline
deg 1
curv 0 4 1825 1826 1827 1828 1825
parm u 0 0 1 2 3 4 4
end
usemtl Default
v -3324.0229784335897 -4555.5891215550655 3896.8513496937339
v -3872.6990685026067 -4204.0789597360999 3502.8603019025641
v -3386.1944085834475 -4220.2466118662269 2700.9232713902184
v -2778.7837607620968 -4573.7086561150791 2998.0983568426291
cstype bspline
deg 1
curv 0 4 1829 1830 1831 1832 1829
parm u 0 0 1 2 3 4 4
end
usemtl Default
v -3768.475633739763 -4215.6507441715803 3538.5538278098566
v -3299.7977766674703 -4231.2259712526284 2766.0018669922638
v -2652.5578906829687 -3550.957509381522 2418.6499946546028
v -3134.035938023022 -3528.7126901358133 3218.7035508524332
cstype bspline
deg 1
curv 0 4 1833 1834 1835 1836 1833
parm u 0 0 1 2 3 4 4
end
usemtl Default
v -3797.3533226907566 -4197.1502093390154 3517.8174568734839
v -3331.7667581316346 -4212.6227057658834 2750.3610730209057
v -2683.815295771994 -3531.6063558601891 2402.6273215815881
v -3162.2575536154072 -3509.5017934527423 3197.6364231130547
cstype bspline
deg 1
curv 0 4 1837 1838 1839 1840 1837
parm u 0 0 1 2 3 4 4
end
usemtl Default
v -3335.3102994747424 -4493.1587666602572 3849.5993918555196
v -2820.2630547048866 -4510.2749535543553 3000.6137765626754
v -2183.6968143475024 -3841.2248122016899 2658.9900907498732
v -2710.7117041372258 -3816.8761403817916 3534.7104669432338
cstype bspline
deg 1
curv 0 4 1841 1842 1843 1844 1841
parm u 0 0 1 2 3 4 4
end
usemtl Default
v -3364.1879884257542 -4474.6582318276633 3828.8630209191397
v -2852.232036169069 -4491.6716880675522 2984.97298259131
v -2214.9542194365386 -3821.873658680357 2642.9674176768531
v -2738.9333197296182 -3797.6652436987206 3513.6433392038471
cstype bspline
deg 1
curv 0 4 1845 1846 1847 1848 1845
parm u 0 0 1 2 3 4 4
end
usemtl Default
v -3379.4833074202652 -4510.921715248056 3900.7068447094589
v -3930.055270772089 -4158.8933753650053 3505.8483091934086
v -3184.7180635503901 -3484.778021517006 3224.338856163311
v -2659.5323938849106 -3859.7668284013635 3628.7856445947764
cstype bspline
deg 1
curv 0 4 1849 1850 1851 1852 1849
parm u 0 0 1 2 3 4 4
end
usemtl Default
v -3382.469956591216 -4546.3806201142143 3874.9064958626168
v -3933.0419199430398 -4194.3522802311636 3480.0479603465665
v -3150.0888223537113 -3486.2154807880579 3184.3312080966725
v -2624.9031526882318 -3861.2042876724154 3588.7779965281379
cstype bspline
deg 1
curv 0 4 1853 1854 1855 1856 1853
parm u 0 0 1 2 3 4 4
end
usemtl Default
v -4067.4614177074109 -4488.3414803850756 4690.623622342122
v -4548.4322331141884 -4138.5952687321114 4215.8528998334186
v -3930.0533929479607 -4158.8710809532786 3505.8645308901241
v -3379.4814295958786 -4510.8994208332151 3900.7230664084318
cstype bspline
deg 1
curv 0 4 1857 1858 1859 1860 1857
parm u 0 0 1 2 3 4 4
end
usemtl Default
v -4104.0354258921216 -4522.7214568125783 4703.3680429909818
v -4585.00624129891 -4172.975245159585 4228.5973204822794
v -3933.0419199431526 -4194.3522802327061 3480.0479603454323
v -3382.4699565910669 -4546.3806201126717 3874.9064958637464
cstype bspline
deg 1
curv 0 4 1861 1862 1863 1864 1861
parm u 0 0 1 2 3 4 4
end
usemtl Default
v -4485.1465995080434 -4184.6145071075298 4278.3227317424517
v -3857.5877381851715 -4205.1913199015544 3557.7943704441195
v -3115.6146859628316 -3534.1186540017661 3277.5555388516605
v -3764.4844981462629 -3507.1840780481871 4027.2039339597413
cstype bspline
deg 1
curv 0 4 1865 1866 1867 1868 1865
parm u 0 0 1 2 3 4 4
end
usemtl Default
v -4510.4608529505022 -4166.2068117573508 4253.3347989788399
v -3886.5652099407052 -4186.6635125394678 3537.0123422591341
v -3143.2560369978528 -3514.3824010078679 3256.2688657763192
v -3788.543597947275 -3487.5965242480452 4001.7786357888426
cstype bspline
deg 1
curv 0 4 1869 1870 1871 1872 1869
parm u 0 0 1 2 3 4 4
end
usemtl Default
v -4105.4327978711008 -4460.7299373598362 4653.1417231966961
v -3422.9256618521576 -4483.1084303331736 3869.5247932189668
v -2700.9944204374442 -3830.1624489105016 3596.8556349817682
v -3403.598001131053 -3800.9973850500246 4408.5834065231838
cstype bspline
deg 1
curv 0 4 1873 1874 1875 1876 1873
parm u 0 0 1 2 3 4 4
end
usemtl Default
v -4130.7470513135559 -4442.3222420097154 4628.153790433088
v -3451.9031336076841 -4464.580622971087 3848.7427650339823
v -2728.6357714724654 -3810.4261959165742 3575.5689619064306
v -3427.6571009320614 -3781.4098312498827 4383.1581083522924
cstype bspline
deg 1
curv 0 4 1877 1878 1879 1880 1877
parm u 0 0 1 2 3 4 4
end
usemtl Default
v -4160.8184310134529 -4478.7499829609587 4698.9160959411474
v -4644.1298824578625 -4127.9981916591059 4222.3928345628319
v -3812.1536078327154 -3461.693889641494 4025.2226612507093
v -3370.2174718510578 -3845.5819031301944 4511.5514644087943
cstype bspline
deg 1
curv 0 4 1881 1882 1883 1884 1881
parm u 0 0 1 2 3 4 4
end
usemtl Default
v -4160.787994019789 -4514.1119593580661 4673.510043330456
v -4644.0994454641987 -4163.3601680562133 4196.9867819521405
v -3769.9098501381304 -3463.2485111375863 3989.8124678820077
v -3327.9737141564729 -3847.1365246262867 4476.1412710400964
cstype bspline
deg 1
curv 0 4 1885 1886 1887 1888 1885
parm u 0 0 1 2 3 4 4
end
usemtl Default
v -5001.5031385847797 -4450.7644232732418 5401.4880916905331
v -5412.7660803545004 -4102.409225026553 4864.7541944617278
v -4644.1299008408678 -4127.9768341226736 4222.4081790302134
v -4160.8184493964691 -4478.7286254265346 4698.9314404070956
cstype bspline
deg 1
curv 0 4 1889 1890 1891 1892 1889
parm u 0 0 1 2 3 4 4
end
usemtl Default
v -5042.1663312625751 -4484.7941398327239 5410.0742047692602
v -5453.4292730322959 -4136.4389415860642 4873.3403075404622
v -4644.0994454642059 -4163.3601680552529 4196.9867819528499
v -4160.7879940198 -4514.1119593590847 4673.5100433297212
cstype bspline
deg 1
curv 0 4 1893 1894 1895 1896 1893
parm u 0 0 1 2 3 4 4
end
usemtl Default
v -5358.652535384801 -4148.2454353221983 4935.3770756760514
v -4580.5106666841639 -4174.1292378942308 4285.0871958572698
v -3754.0041162561829 -3512.2054703636968 4089.2132932451914
v -4563.0503530177411 -3482.4315880284412 4767.3841106963573
cstype bspline
deg 1
curv 0 4 1897 1898 1899 1900 1897
parm u 0 0 1 2 3 4 4
end
usemtl Default
v -5380.2979533726866 -4129.9109512039577 4907.1279231903154
v -4605.9481114969058 -4155.6686172992922 4260.0070242057391
v -3777.2639128867995 -3492.0008380748041 4063.6170404473978
v -4582.6232045578872 -3462.3626397886546 4738.6973317304783
cstype bspline
deg 1
curv 0 4 1901 1902 1903 1904 1901
parm u 0 0 1 2 3 4 4
end
usemtl Default
v -5033.9712655666008 -4423.2626970958663 5359.1143629619382
v -4198.9489944930901 -4451.0385468182503 4661.2897706300446
v -3405.1071667969773 -3815.2749546968844 4473.1570852121022
v -4269.4575799156519 -3783.4658116253559 5197.6857951845868
cstype bspline
deg 1
curv 0 4 1905 1906 1907 1908 1905
parm u 0 0 1 2 3 4 4
end
usemtl Default
v -5055.6166835544827 -4404.9282129776257 5330.8652104762132
v -4224.386439305832 -4432.5779262233118 4636.2095989785321
v -3428.3669634275975 -3795.0703224079916 4447.5608324143122
v -4289.0304314557943 -3763.3968633855693 5168.9990162187041
cstype bspline
deg 1
curv 0 4 1909 1910 1911 1912 1909
parm u 0 0 1 2 3 4 4
end
usemtl Default
v -5098.0591284024231 -4442.7627933812328 5399.9462085682408
v -5512.0605955154861 -4093.0037094713189 4860.4628649719034
v -4607.7432457914329 -3434.2857374294545 4757.8251352591778
v -4254.7161936602752 -3828.4594762119814 5304.2289205856523
cstype bspline
deg 1
curv 0 4 1913 1914 1915 1916 1913
parm u 0 0 1 2 3 4 4
end
usemtl Default
v -5095.4502217542795 -4477.9677400025248 5375.0269207934562
v -5509.4516888673388 -4128.20865609264 4835.5435771970897
v -4558.9576568540506 -3435.8549139060779 4727.6649109511072
v -4205.9306047228929 -3830.0286526886048 5274.0686962775817
cstype bspline
deg 1
curv 0 4 1917 1918 1919 1920 1917
parm u 0 0 1 2 3 4 4
end
usemtl Default
v -6074.8843938528917 -4410.5334657025523 6004.3765813646551
v -6419.7065524896716 -4063.0553959326935 5422.0881279608602
v -5512.0621529758755 -4092.9826928858238 4860.477741243345
v -5098.0606858629435 -4442.7417767939332 5399.9610848409739
cstype bspline
deg 1
curv 0 4 1921 1922 1923 1924 1921
parm u 0 0 1 2 3 4 4
end
usemtl Default
v -6119.0042000297908 -4444.2186154857045 6008.3570508245739
v -6463.8263586665707 -4096.7405457157874 5426.0685974207754
v -5509.4516888672806 -4128.2086560935131 4835.5435771964567
v -5095.450221754345 -4477.9677400016517 5375.0269207940819
cstype bspline
deg 1
curv 0 4 1925 1926 1927 1928 1925
parm u 0 0 1 2 3 4 4
end
usemtl Default
v -6374.3352158269336 -4108.7761945866223 5498.7050297245205
v -5457.5591826878517 -4139.0045842488762 4931.4443902269504
v -4561.2923178794372 -3486.1507030587527 4829.7203701705603
v -5518.5126879657182 -3455.3619451409031 5421.4930986111267
cstype bspline
deg 1
curv 0 4 1929 1930 1931 1932 1929
parm u 0 0 1 2 3 4 4
end
usemtl Default
v -6392.4837504920251 -4090.4878751250508 5468.0582690190586
v -5479.3487335886639 -4120.5962114116119 4903.0505300376844
v -4579.8726890442304 -3465.4047168070392 4800.962276206008
v -5533.5898294409417 -3434.7286394110415 5390.5692381663157
cstype bspline
deg 1
curv 0 4 1933 1934 1935 1936 1933
parm u 0 0 1 2 3 4 4
end
usemtl Default
v -6102.1071958505345 -4383.1009865101951 5958.4064403064567
v -5130.7159191756837 -4415.1301768079575 5357.3522930659547
v -4282.586750407474 -3797.3404968344257 5261.0917796388185
v -5292.3555658374062 -3764.8615310885652 5885.3510052832844
cstype bspline
deg 1
curv 0 4 1937 1938 1939 1940 1937
parm u 0 0 1 2 3 4 4
end
usemtl Default
v -6120.2557305156297 -4364.8126670486236 5927.7596796009948
v -5152.5054700764886 -4396.7218039706931 5328.958432876685
v -4301.1671215722745 -3776.5945105827122 5232.3336856742662
v -5307.4327073126296 -3744.2282253587036 5854.4271448384698
cstype bspline
deg 1
curv 0 4 1941 1942 1943 1944 1941
parm u 0 0 1 2 3 4 4
end
usemtl Default
v -6173.2105418266801 -4404.6214977355557 5994.7327513751752
v -6521.7766781102182 -4055.9377194378467 5408.7002295808288
v -5560.0618913907711 -3404.1377201478172 5404.7548809163509
v -5294.7243607643832 -3809.2294957617705 5991.1288406013391
cstype bspline
deg 1
curv 0 4 1945 1946 1947 1948 1945
parm u 0 0 1 2 3 4 4
end
usemtl Default
v -6168.3605627942343 -4439.6222063673777 5970.3468180139407
v -6516.9266990777687 -4090.9384280696686 5384.3142962195798
v -5505.7501185201545 -3405.6158110203978 5380.1660349816957
v -5240.4125878937666 -3810.7075866343512 5966.5399946666839
cstype bspline
deg 1
curv 0 4 1949 1950 1951 1952 1949
parm u 0 0 1 2 3 4 4
end
usemtl Default
v -7272.9324029464187 -4370.4720368589915 6495.301402709154
v -7556.6725029388217 -4023.8000193185871 5879.7623359193622
v -6521.7796769498782 -4055.9160777952347 5408.715307894252
v -6173.2135406667439 -4404.5998560900043 5994.7478296906356
cstype bspline
deg 1
curv 0 4 1953 1954 1955 1956 1953
parm u 0 0 1 2 3 4 4
end
usemtl Default
v -7319.8666814680728 -4403.8872617274465 6494.4721393356358
v -7603.6067814604758 -4057.215244187013 5878.9330725458458
v -6516.926699077565 -4090.9384280711238 5384.3142962185448
v -6168.3605627944271 -4439.6222063659516 5970.3468180149266
cstype bspline
deg 1
curv 0 4 1957 1958 1959 1960 1957
parm u 0 0 1 2 3 4 4
end
usemtl Default
v -7519.3382792556185 -4069.4147584686289 5960.7543183916951
v -6475.8823104975127 -4101.7965588530351 5485.8096471994158
v -5525.1490584136227 -3457.4392695707211 5481.9093492959455
v -6617.9965589793064 -3427.6975058546523 5976.6797720088289
cstype bspline
deg 1
curv 0 4 1961 1962 1963 1964 1961
parm u 0 0 1 2 3 4 4
end
usemtl Default
v -7534.2719687289064 -4051.1688628085831 5928.3575254027528
v -6494.2278966179147 -4083.4447810480196 5454.9658302628632
v -5539.1141916044871 -3436.1186498015304 5451.0475619440967
v -6628.7349051172059 -3406.464702855912 5944.3571048971098
cstype bspline
deg 1
curv 0 4 1965 1966 1967 1968 1965
parm u 0 0 1 2 3 4 4
end
usemtl Default
v -7295.3329371563414 -4343.1031933689665 6446.7062132257561
v -6200.6985186914681 -4377.0732259280048 5948.4669012475861
v -5315.6720605506744 -3777.2485661080282 5944.8361595735823
v -6456.9213669108358 -3746.1895508352609 6461.5197786845019
cstype bspline
deg 1
curv 0 4 1969 1970 1971 1972 1969
parm u 0 0 1 2 3 4 4
end
usemtl Default
v -7310.2666266296328 -4324.8572977089498 6414.3094202368065
v -6219.0441048118737 -4358.7214481229894 5917.6230843110279
v -5329.6371937415424 -3755.9279463388666 5913.9743722217263
v -6467.6597130487426 -3724.9567478365498 6429.1971115727792
cstype bspline
deg 1
curv 0 4 1973 1974 1975 1976 1973
parm u 0 0 1 2 3 4 4
end
usemtl Default
v -7372.3219010781213 -4366.8216660098406 6478.7940822416222
v -7661.9946100113739 -4020.0655538046558 5858.356787950057
v -6656.520059730974 -3373.5253527890309 5953.2499652066308
v -6473.4119127191952 -3788.80460490525 6563.6300682337624
cstype bspline
deg 1
curv 0 4 1977 1978 1979 1980 1977
parm u 0 0 1 2 3 4 4
end
usemtl Default
v -7365.4498448930608 -4401.6041800217645 6455.0151965357309
v -7655.122553826317 -4054.8480678165797 5834.5779022441657
v -6597.526574322259 -3374.7927476782643 5934.3901179993372
v -6414.4184273104802 -3790.0719997944834 6544.7702210264688
cstype bspline
deg 1
curv 0 4 1981 1982 1983 1984 1981
parm u 0 0 1 2 3 4 4
end
usemtl Default
v -8585.8563891212143 -4334.1476569912629 6870.8678723984813
v -8813.2907379076823 -3989.0661149098596 6230.3230821257876
v -7661.9991677891776 -4020.0424848765251 5858.3725589033947
v -7372.3264588554084 -4366.7985970843001 6478.8098531931846
cstype bspline
deg 1
curv 0 4 1985 1986 1987 1988 1985
parm u 0 0 1 2 3 4 4
end
usemtl Default
v -8635.0258949126219 -4367.4452767122129 6865.180169797799
v -8862.4602436990936 -4022.3637346307805 6224.6353795251052
v -7655.1225538265753 -4054.84806781527 5834.5779022450533
v -7365.4498448928134 -4401.6041800230159 6455.0151965348723
cstype bspline
deg 1
curv 0 4 1989 1990 1991 1992 1989
parm u 0 0 1 2 3 4 4
end
usemtl Default
v -8783.365165698935 -4034.4715809732152 6314.6052913721996
v -7623.8455278858346 -4065.6693333208968 5939.9965066254772
v -6632.4268824925821 -3428.1673596464389 6033.5631366575726
v -7849.4465906873374 -3402.0213445811532 6422.6367027606484
cstype bspline
deg 1
curv 0 4 1993 1994 1995 1996 1993
parm u 0 0 1 2 3 4 4
end
usemtl Default
v -8795.3353945824383 -4016.3093945478613 6280.8924076736257
v -7639.0914599347598 -4047.4190116257523 5907.3419121890875
v -6642.0641533879425 -3406.3105569034524 6001.4378680771897
v -7856.0571213974072 -3380.2295672391483 6389.5438043303693
cstype bspline
deg 1
curv 0 4 1997 1998 1999 2000 1997
parm u 0 0 1 2 3 4 4
end
usemtl Default
v -8603.811732446462 -4306.9043773532612 6820.2985468506358
v -7395.1565471520662 -4339.4241587479773 6429.8154231711578
v -6487.867819062234 -3756.0194007908285 6515.4421653631998
v -7750.2886300363789 -3728.8980047113728 6919.0301792146929
cstype bspline
deg 1
curv 0 4 2001 2002 2003 2004 2001
parm u 0 0 1 2 3 4 4
end
usemtl Default
v -8615.781961329958 -4288.7421909279074 6786.5856631520801
v -7410.4024792009768 -4321.1738370528328 6397.1608287347826
v -6497.5050899575872 -3734.162598047842 6483.3168967828315
v -7756.8991607464413 -3707.1062273693678 6885.9372807844302
cstype bspline
deg 1
curv 0 4 2005 2006 2007 2008 2005
parm u 0 0 1 2 3 4 4
end
usemtl Default
v -8685.5803396296687 -4332.6268557397998 6848.2714430730211
v -8922.901108235521 -3989.8480700876389 6201.1774491755732
v -7885.8308053600958 -3345.6213907014171 6392.6167908632196
v -7777.0478394213715 -3768.2476867472869 7015.9831818620551
cstype bspline
deg 1
curv 0 4 2009 2010 2011 2012 2009
parm u 0 0 1 2 3 4 4
end
usemtl Default
v -8676.8007914260088 -4367.2315154742973 6825.268646637147
v -8914.1215600318683 -4024.4527298221365 6178.174652739699
v -7822.813980226405 -3346.533926846314 6379.6259951197062
v -7714.031014287677 -3769.1602228921547 7002.9923861185398
cstype bspline
deg 1
curv 0 4 2013 2014 2015 2016 2013
parm u 0 0 1 2 3 4 4
end
usemtl Default
v -10007.771861876492 -4305.8699562009715 7125.5167084653331
v -10180.58919556969 -3964.3953025916999 6464.8979805352483
v -8922.9074323380046 -3989.8231435869238 6201.1940185978983
v -8685.5866637322761 -4332.6019292385899 6848.288012495681
cstype bspline
deg 1
curv 0 4 2017 2018 2019 2020 2017
parm u 0 0 1 2 3 4 4
end
usemtl Default
v -10058.672332583938 -4339.292802477139 7115.0120546640082
v -10231.489666277135 -3997.8181488678965 6454.3933267339216
v -8914.1215600318028 -4024.4527298223984 6178.1746527395244
v -8676.800791426067 -4367.2315154740645 6825.268646637307
cstype bspline
deg 1
curv 0 4 2021 2022 2023 2024 2021
parm u 0 0 1 2 3 4 4
end
usemtl Default
v -10157.850072715322 -4009.3261780666071 6551.8214973681479
v -8891.6360290203338 -4034.926524919254 6286.3285326573732
v -7871.5172572102492 -3401.2301138653711 6474.6386844156787
v -9202.4151143669114 -3381.9576037501974 6749.0006850579193
cstype bspline
deg 1
curv 0 4 2025 2026 2027 2028 2025
parm u 0 0 1 2 3 4 4
end
usemtl Default
v -10166.945721857068 -3991.35382787665 6517.0520906349866
v -8904.1265957890937 -4016.8855362007453 6252.2709540311826
v -7877.2426764702213 -3378.9866245998128 6441.8299269946892
v -9205.0737731920017 -3359.7585237315216 6715.5597209473799
cstype bspline
deg 1
curv 0 4 2029 2030 2031 2032 2029
parm u 0 0 1 2 3 4 4
end
usemtl Default
v -10021.415335589114 -4278.9114309160213 7073.3625983655966
v -8704.2775274888227 -4305.5413556969143 6797.1922120502204
v -7785.6359683112933 -3734.8824528489204 6966.77004573058
v -9162.5352319909798 -3714.9438040306559 7250.615146716058
cstype bspline
deg 1
curv 0 4 2033 2034 2035 2036 2033
parm u 0 0 1 2 3 4 4
end
usemtl Default
v -10030.510984730863 -4260.9390807260643 7038.5931916324207
v -8716.7680942575898 -4287.5003669784055 6763.134633424017
v -7791.3613875711962 -3712.638963583333 6933.9612883095779
v -9165.1938908160701 -3692.7447240119509 7217.1741826055168
cstype bspline
deg 1
curv 0 4 2037 2038 2039 2040 2037
parm u 0 0 1 2 3 4 4
end
usemtl Default
v -10106.604368399505 -4306.2966092637798 7097.7060588764289
v -10295.58726740121 -3971.2502402551181 6428.0002305889011
v -9238.2002171873028 -3324.3675047526194 6711.3741079507126
v -9194.8456972793392 -3748.5056440982444 7342.0523366195739
cstype bspline
deg 1
curv 0 4 2041 2042 2043 2044 2041
parm u 0 0 1 2 3 4 4
end
usemtl Default
v -10095.956962051743 -4340.8568069582689 7075.835297561789
v -10284.939861053448 -4005.8104379496071 6406.1294692742613
v -9171.6339691150824 -3324.7179650632897 6704.4892867360923
v -9128.2794492071189 -3748.8561044089147 7335.1675154049535
cstype bspline
deg 1
curv 0 4 2045 2046 2047 2048 2045
parm u 0 0 1 2 3 4 4
end
usemtl Default
v -11518.375006619714 -4290.9165179534466 7248.5066789456378
v -11629.18412525161 -3956.7203323089925 6570.4514653842289
v -10295.595397215093 -3971.2238518591039 6428.0169299815298
v -10106.61249821325 -4306.2702208682313 7097.7227582687719
cstype bspline
deg 1
curv 0 4 2049 2050 2051 2052 2049
parm u 0 0 1 2 3 4 4
end
usemtl Default
v -11568.346725156265 -4324.8437489102071 7233.0945390582838
v -11679.155843788165 -3990.6475632657821 6555.0393254968731
v -10284.939861053517 -4005.8104379493743 6406.1294692743995
v -10095.956962051674 -4340.8568069584726 7075.8352975616417
cstype bspline
deg 1
curv 0 4 2053 2054 2055 2056 2053
parm u 0 0 1 2 3 4 4
end
usemtl Default
v -11614.603978063202 -4000.693514630635 6659.6692566423189
v -10270.678857717769 -4015.3094481992594 6516.1307382759824
v -9232.4956750942038 -3380.1751546665328 6794.3580854071442
v -10689.339722774323 -3372.5051111786161 6945.0367115327954
cstype bspline
deg 1
curv 0 4 2057 2058 2059 2060 2057
parm u 0 0 1 2 3 4 4
end
usemtl Default
v -11620.436036938565 -3983.1042417020071 6623.9821401390891
v -10280.62532608624 -3997.6754287777294 6480.883063102965
v -9234.7774919314434 -3357.8520947009965 6761.1644944245691
v -10688.225678475759 -3350.1999298615265 6911.4918930517979
cstype bspline
deg 1
curv 0 4 2061 2062 2063 2064 2061
parm u 0 0 1 2 3 4 4
end
usemtl Default
v -11527.123094932762 -4264.532608560432 7194.9760041907793
v -10121.481832190686 -4279.8197395222087 7044.8458658712243
v -9198.2684225352241 -3715.0210541499255 7292.2619501457066
v -10706.050387252842 -3707.0828309350763 7448.2089887477196
cstype bspline
deg 1
curv 0 4 2065 2066 2067 2068 2065
parm u 0 0 1 2 3 4 4
end
usemtl Default
v -11532.955153808121 -4246.9433356318041 7159.2888876875477
v -10131.428300559157 -4262.1857201006787 7009.598190698207
v -9200.5502393724382 -3692.697994184331 7259.0683591631423
v -10704.936342954235 -3684.7776496179576 7414.664170266733
cstype bspline
deg 1
curv 0 4 2069 2070 2071 2072 2069
parm u 0 0 1 2 3 4 4
end
usemtl Default
v -11611.985327029321 -4293.0178739445691 7215.6582124381075
v -11747.946977723521 -3972.2091203424789 6524.0435398591162
v -10726.602709681876 -3315.9137082728848 6897.4269125027877
v -10736.71072276889 -3730.5839081882441 7535.6413894669058
cstype bspline
deg 1
curv 0 4 2073 2074 2075 2076 2073
parm u 0 0 1 2 3 4 4
end
usemtl Default
v -11598.978309725775 -4327.7510871909908 7195.5138789013727
v -11734.939960419975 -4006.9423335889005 6503.8992063223814
v -10658.902784186073 -3315.5023519138631 6897.2772302893318
v -10669.010797273088 -3730.1725518292224 7535.4917072534499
cstype bspline
deg 1
curv 0 4 2077 2078 2079 2080 2077
parm u 0 0 1 2 3 4 4
end
usemtl Default
v -13176.712374662384 -4294.3096958753304 7223.8650679903949
v -13216.694896263692 -3973.4198583207326 6531.748059203921
v -11747.958235729569 -3972.1790575913037 6524.0609754497236
v -11611.996585035307 -4292.9878111935395 7215.6756480286131
cstype bspline
deg 1
curv 0 4 2081 2082 2083 2084 2081
parm u 0 0 1 2 3 4 4
end
usemtl Default
v -13224.943129445612 -4329.1247155538294 7204.023864446337
v -13264.92565104692 -4008.2348779992608 6511.9068556598631
v -11734.939960420012 -4006.9423335888132 6503.899206322425
v -11598.978309725746 -4327.7510871910781 7195.5138789013145
cstype bspline
deg 1
curv 0 4 2085 2086 2087 2088 2085
parm u 0 0 1 2 3 4 4
end
usemtl Default
v -13211.434038158259 -4015.6422053673887 6622.8160866758208
v -11730.010425985096 -4014.3906865975587 6615.0626018693019
v -10727.932711403908 -3370.4755766828312 6981.4025015769821
v -12331.151994195927 -3380.217012025154 6984.9471644277492
cstype bspline
deg 1
curv 0 4 2089 2090 2091 2092 2089
parm u 0 0 1 2 3 4 4
end
usemtl Default
v -13213.538381400431 -3998.7532665487379 6586.3888756870783
v -11737.166302337406 -3997.5060153553495 6578.6618296283268
v -10727.400710715072 -3348.6508293188817 6947.8122659473283
v -12326.382881822472 -3358.3665192438639 6951.3475606894735
cstype bspline
deg 1
curv 0 4 2093 2094 2095 2096 2093
parm u 0 0 1 2 3 4 4
end
usemtl Default
v -13179.868889525645 -4268.9762876473542 7169.2242515072649
v -11622.672280700412 -4267.6607552309288 7161.0741854842345
v -10735.912721735771 -3697.8467871423345 7485.256036022367
v -12402.688679797011 -3707.9744037446799 7488.9412205024328
cstype bspline
deg 1
curv 0 4 2097 2098 2099 2100 2097
parm u 0 0 1 2 3 4 4
end
usemtl Default
v -13181.973232767818 -4252.0873488286743 7132.7970405185097
v -11629.828157052725 -4250.7760839886905 7124.6734132432466
v -10735.380721046931 -3676.022039778356 7451.6658003926823
v -12397.919567423578 -3686.1239109633607 7455.3416167641299
cstype bspline
deg 1
curv 0 4 2101 2102 2103 2104 2101
parm u 0 0 1 2 3 4 4
end
usemtl Default
v -13261.342981765436 -4296.5902120264363 7188.5276243732333
v -13334.587348996862 -3997.0031279749237 6477.4976633654296
v -12372.248073837309 -3328.0447048195638 6923.0326714960811
v -12431.306776563993 -3719.6006561326794 7572.8101710580704
cstype bspline
deg 1
curv 0 4 2105 2106 2107 2108 2105
parm u 0 0 1 2 3 4 4
end
usemtl Default
v -13246.114543882995 -4331.8123543739785 7170.9830070308271
v -13319.358911114417 -4032.2252703224658 6459.9530460230235
v -12304.689311672981 -3326.8900597715983 6929.7154675578986
v -12363.748014399665 -3718.4460110847431 7579.4929671198879
cstype bspline
deg 1
curv 0 4 2109 2110 2111 2112 2109
parm u 0 0 1 2 3 4 4
end
usemtl Default
v -14685.667619395957 -4312.3814673417364 7052.2274903757043
v -14644.149795365152 -4011.5194510569563 6352.181034516927
v -13334.601140455532 -3996.9712294490018 6477.5135524452344
v -13261.356773223961 -4296.5583135008637 7188.5435134528725
cstype bspline
deg 1
curv 0 4 2113 2114 2115 2116 2113
parm u 0 0 1 2 3 4 4
end
usemtl Default
v -14729.886259155104 -4348.2960792425729 7028.9761832226759
v -14688.368435124299 -4047.4340629578219 6328.9297273638986
v -13319.358911114512 -4032.225270322233 6459.9530460231308
v -13246.114543882941 -4331.8123543740949 7170.9830070307689
cstype bspline
deg 1
curv 0 4 2117 2118 2119 2120 2117
parm u 0 0 1 2 3 4 4
end
usemtl Default
v -14649.612666948153 -4051.1065584628377 6444.2924102878023
v -13324.903074937916 -4036.3899088458274 6571.075930753399
v -12380.018955775013 -3379.5652247291582 7008.5297109121129
v -13853.812898300865 -3404.7537986894313 6862.7445597412643
cstype bspline
deg 1
curv 0 4 2121 2122 2123 2124 2121
parm u 0 0 1 2 3 4 4
end
usemtl Default
v -14647.427518314955 -4035.2717155005084 6407.4478599794566
v -13328.758041634279 -4020.6221675799461 6533.6533012266973
v -12376.910602999902 -3358.9570167653146 6974.330895145722
v -13845.644224262549 -3384.0591049064242 6829.0463022137465
cstype bspline
deg 1
curv 0 4 2125 2126 2127 2128 2125
parm u 0 0 1 2 3 4 4
end
usemtl Default
v -14682.389896446155 -4288.6292028981843 6996.9606649131674
v -13267.07857449244 -4272.9060278341349 7132.4153736541339
v -12426.644247401353 -3688.6883441868995 7521.5119474084422
v -13976.343008874876 -3715.1742054346541 7368.2184226545705
cstype bspline
deg 1
curv 0 4 2129 2130 2131 2132 2129
parm u 0 0 1 2 3 4 4
end
usemtl Default
v -14680.204747812957 -4272.794359935855 6960.1161146048235
v -13270.933541188806 -4257.1382865682826 7094.9927441274322
v -12423.53589462629 -3668.080136223085 7487.313131642024
v -13968.174334836625 -3694.4795116516761 7334.5201651270236
cstype bspline
deg 1
curv 0 4 2133 2134 2135 2136 2133
parm u 0 0 1 2 3 4 4
end
usemtl Default
v -14757.951756757768 -4313.1217910992273 7016.0837778300265
v -14753.383863417395 -4040.6415740274533 6292.2058025662991
v -13895.776049244909 -3359.6923371660814 6785.3248133708257
v -14005.754384232358 -3715.8695059337479 7448.592458534391
cstype bspline
deg 1
curv 0 4 2137 2138 2139 2140 2137
parm u 0 0 1 2 3 4 4
end
usemtl Default
v -14740.584130097886 -4349.0607287188759 7001.9378735205337
v -14736.01623675751 -4076.580511647102 6278.0598982568063
v -13831.111493519104 -3358.0770370315295 6798.3743409238341
v -13941.089828506552 -3714.2542057991668 7461.6419860873993
cstype bspline
deg 1
curv 0 4 2141 2142 2143 2144 2141
parm u 0 0 1 2 3 4 4
end
usemtl Default
v -16095.970277723456 -4336.2261284031265 6751.074594695343
v -15966.2335372997 -4061.5813594822539 6051.9892244366074
v -14753.400201754484 -4040.6077650051157 6292.2191101158878
v -14757.968095095173 -4313.0879820762493 7016.0970853798735
cstype bspline
deg 1
curv 0 4 2145 2146 2147 2148 2145
parm u 0 0 1 2 3 4 4
end
usemtl Default
v -16135.893247122523 -4373.18988705636 6725.5644099570218
v -16006.156506698768 -4098.5451181354874 6026.479039698288
v -14736.016236757332 -4076.5805116474512 6278.0598982566607
v -14740.584130098021 -4349.0607287185849 7001.9378735206465
cstype bspline
deg 1
curv 0 4 2149 2150 2151 2152 2149
parm u 0 0 1 2 3 4 4
end
usemtl Default
v -15983.304161039669 -4097.7188290771155 6143.9741415759217
v -14753.941010144594 -4076.4593835817359 6387.4781421194766
v -13910.24688279588 -3406.5577541092061 6872.5968719449884
v -15273.593123814826 -3440.6137116870959 6597.4689577920508
cstype bspline
deg 1
curv 0 4 2153 2154 2155 2156 2153
parm u 0 0 1 2 3 4 4
end
usemtl Default
v -15976.475911543683 -4083.2638412391825 6107.1801747201916
v -14753.700594705675 -4062.1183195253543 6349.3793013160885
v -13904.458549375464 -3387.811587331933 6837.6880485153288
v -15261.972812345957 -3421.7218639441126 6563.7370473926858
cstype bspline
deg 1
curv 0 4 2157 2158 2159 2160 2157
parm u 0 0 1 2 3 4 4
end
usemtl Default
v -16085.727903479474 -4314.5436466461979 6695.8836444117587
v -14757.547241728436 -4291.5753444273432 6958.9607541701644
v -13997.071884101802 -3687.7502557678963 7396.2292233898788
v -15447.897795847686 -3723.9914278317301 7103.4476137825131
cstype bspline
deg 1
curv 0 4 2161 2162 2163 2164 2161
parm u 0 0 1 2 3 4 4
end
usemtl Default
v -16078.899653983488 -4300.0886588082649 6659.0896775560304
v -14757.30682628951 -4277.2342803709616 6920.8619133667798
v -13991.283550681386 -3669.0040889906231 7361.320399960221
v -15436.277484378799 -3705.0995800887176 7069.7157033831518
cstype bspline
deg 1
curv 0 4 2165 2166 2167 2168 2165
parm u 0 0 1 2 3 4 4
end
usemtl Default
v -16157.544495642189 -4334.7874287225422 6712.4827205550355
v -16066.340013745532 -4095.029135473218 5984.7796847205082
v -15311.422376210823 -3404.0342579134449 6507.4734630718212
v -15480.741481857993 -3715.2928078668192 7181.0910917008878
cstype bspline
deg 1
curv 0 4 2169 2170 2171 2172 2169
parm u 0 0 1 2 3 4 4
end
usemtl Default
v -16138.688980079616 -4371.5680184353259 6702.4710030911738
v -16047.484498182959 -4131.8097251860017 5974.7679672566446
v -15250.35975322167 -3402.1816331160371 6526.6853209454475
v -15419.67885886884 -3713.4401830693823 7200.3029495745122
cstype bspline
deg 1
curv 0 4 2173 2174 2175 2176 2173
parm u 0 0 1 2 3 4 4
end
usemtl Default
v -17398.34577411295 -4360.2006682717765 6327.3164427246884
v -17173.840986003823 -4117.7084455841396 5640.9937449857698
v -16066.357788864534 -4094.9944623635674 5984.7891227795481
v -16157.56227076281 -4334.7527556097193 6712.4921586149376
cstype bspline
deg 1
curv 0 4 2177 2178 2179 2180 2177
parm u 0 0 1 2 3 4 4
end
usemtl Default
v -17433.942152577438 -4398.1330795583781 6300.3862988473775
v -17209.437364468307 -4155.6408568707993 5614.0636011084607
v -16047.484498182152 -4131.8097251876025 5974.7679672562099
v -16138.688980080431 -4371.5680184337543 6702.4710030915994
cstype bspline
deg 1
curv 0 4 2181 2182 2183 2184 2181
parm u 0 0 1 2 3 4 4
end
usemtl Default
v -17203.381089702394 -4149.6153169904137 5731.2993631093213
v -16078.301447153892 -4126.5404385736038 6080.5571954242259
v -15333.701205901241 -3444.9893302757409 6596.1073615756522
v -16577.563224872076 -3482.7277946277754 6204.7566603928153
cstype bspline
deg 1
curv 0 4 2185 2186 2187 2188 2185
parm u 0 0 1 2 3 4 4
end
usemtl Default
v -17191.565048222965 -4136.8525684279157 5695.177115859904
v -16073.501211264782 -4113.9215810343158 6042.2570356433316
v -15324.789674025073 -3428.6073013308342 6560.6538021741235
v -16562.166140945217 -3466.1489956463629 6171.3436210038635
cstype bspline
deg 1
curv 0 4 2189 2190 2191 2192 2189
parm u 0 0 1 2 3 4 4
end
usemtl Default
v -17380.621711893811 -4341.0565454280004 6273.1330718505687
v -16150.304985490537 -4315.8233016625745 6655.059592137648
v -15467.374184043747 -3690.7197644494299 7127.9107525985983
v -16808.51948377494 -3731.4097793488763 6705.9522512270905
cstype bspline
deg 1
curv 0 4 2193 2194 2195 2196 2193
parm u 0 0 1 2 3 4 4
end
usemtl Default
v -17368.805670414382 -4328.2937968655024 6237.0108246011459
v -16145.504749601427 -4303.2044441233156 6616.7594323567446
v -15458.462652167578 -3674.3377355045232 7092.4571931970622
v -16793.122399848078 -3714.8309803674929 6672.5392118381333
cstype bspline
deg 1
curv 0 4 2197 2198 2199 2200 2197
parm u 0 0 1 2 3 4 4
end
usemtl Default
v -17449.427476033525 -4356.0829770576092 6285.1603608973437
v -17263.204247455258 -4154.369680622156 5565.9604621974668
v -16607.162732000066 -3455.4384973475244 6105.2825183077402
v -16847.196941136528 -3714.4807454250404 6780.2452033675308
cstype bspline
deg 1
curv 0 4 2201 2202 2203 2204 2201
parm u 0 0 1 2 3 4 4
end
usemtl Default
v -17429.897713994636 -4393.7337376760261 6279.9027863785577
v -17243.674485416399 -4192.0204412405146 5560.7028876786917
v -16550.486513568023 -3453.5142979828815 6130.5624978418891
v -16790.520722704485 -3712.5565460603684 6805.5251829016797
cstype bspline
deg 1
curv 0 4 2205 2206 2207 2208 2205
parm u 0 0 1 2 3 4 4
end
usemtl Default
v -18581.111039706539 -4379.9860243622679 5785.6750647615681
v -18256.570892741627 -4175.346909087617 5127.5249661490507
v -17263.222443200626 -4154.334601666691 5565.9653606435841
v -17449.445671780511 -4356.0478980990592 6285.1652593438994
cstype bspline
deg 1
curv 0 4 2209 2210 2211 2212 2209
parm u 0 0 1 2 3 4 4
end
usemtl Default
v -18612.443655288127 -4418.7481410988257 5757.955116104733
v -18287.903508323208 -4214.1090258241748 5099.8050174922173
v -17243.674485415595 -4192.0204412420571 5560.7028876784643
v -17429.89771399548 -4393.7337376744254 6279.9027863787778
cstype bspline
deg 1
curv 0 4 2213 2214 2215 2216 2213
parm u 0 0 1 2 3 4 4
end
usemtl Default
v -18299.273543658055 -4202.273108465859 5214.1236633349035
v -17287.673341910406 -4180.8747215896146 5660.6199474232635
v -16638.746180570652 -3489.5230036735011 6194.0933979208639
v -17753.734739477608 -3527.3776865721156 5696.7615587513901
cstype bspline
deg 1
curv 0 4 2217 2218 2219 2220 2217
parm u 0 0 1 2 3 4 4
end
usemtl Default
v -18282.192483291481 -4191.5026287145738 5179.4841844605598
v -17277.872119353811 -4170.2582323036913 5622.7673211757719
v -16626.112801142419 -3475.8892011431162 6158.5690460756105
v -17734.14835255103 -3513.5078243154276 5664.3385409774946
cstype bspline
deg 1
curv 0 4 2221 2222 2223 2224 2221
parm u 0 0 1 2 3 4 4
end
usemtl Default
v -18555.489449156677 -4363.8303047353111 5733.7158464500535
v -17434.691680259275 -4340.1220608782314 6228.4093411356644
v -16828.246871994175 -3694.0300416294485 6726.9586755996515
v -18047.530543376219 -3735.4256204225239 6183.106825359866
cstype bspline
deg 1
curv 0 4 2225 2226 2227 2228 2225
parm u 0 0 1 2 3 4 4
end
usemtl Default
v -18538.4083887901 -4353.0598249839968 5699.0763675757098
v -17424.890457702684 -4329.5055715923081 6190.556714888171
v -16815.613492565943 -3680.3962390990346 6691.4343237543999
v -18027.944156449645 -3721.5557581658068 6150.6838075859687
cstype bspline
deg 1
curv 0 4 2229 2230 2231 2232 2229
parm u 0 0 1 2 3 4 4
end
usemtl Default
v -18621.166896159193 -4373.1845181254321 5739.0859880889111
v -18332.963006052392 -4214.3487493239809 5044.7021703093269
v -17771.699728351869 -3509.5566000144172 5591.40074352189
v -18094.011504146649 -3711.222482627898 6252.5617705332897
cstype bspline
deg 1
curv 0 4 2233 2234 2235 2236 2233
parm u 0 0 1 2 3 4 4
end
usemtl Default
v -18601.960962102574 -4411.6490225137677 5739.0460642037906
v -18313.757071995773 -4252.8132537123165 5044.6622464242064
v -17720.36680722703 -3507.678453874425 5622.6541158306245
v -18042.67858302181 -3709.3443364879058 6283.8151428420242
cstype bspline
deg 1
curv 0 4 2237 2238 2239 2240 2237
parm u 0 0 1 2 3 4 4
end
usemtl Default
v -19629.621514945557 -4392.7756150206842 5130.2859333817214
v -19202.451810375489 -4231.2351911997539 4519.7967207012489
v -18332.980902153962 -4214.3129080743238 5044.7022075104251
v -18621.184792261258 -4373.1486768747563 5739.0860252900129
cstype bspline
deg 1
curv 0 4 2241 2242 2243 2244 2241
parm u 0 0 1 2 3 4 4
end
usemtl Default
v -19656.773137714572 -4432.1785538765835 5102.2487966974513
v -19229.603433144504 -4270.6381300556532 4491.759584016977
v -18313.75707199554 -4252.8132537127822 5044.6622464242027
v -18601.960962102836 -4411.6490225132438 5739.0460642037906
cstype bspline
deg 1
curv 0 4 2245 2246 2247 2248 2245
parm u 0 0 1 2 3 4 4
end
usemtl Default
v -19258.658350450496 -4252.4905101235781 4600.124248685519
v -18370.855297167203 -4235.2114332905039 5136.0969758553729
v -17814.109172535391 -3536.0915845688432 5678.3956154970729
v -18789.598645002156 -3571.7823605302256 5084.4817099916381
cstype bspline
deg 1
curv 0 4 2249 2250 2251 2252 2249
parm u 0 0 1 2 3 4 4
end
usemtl Default
v -19236.175734420496 -4243.988382554031 4567.9932374918171
v -18355.68667137215 -4226.8516559851996 5099.5504591300978
v -17797.145394861982 -3525.4775907470612 5643.5976667070081
v -18765.480417241975 -3560.9066028633388 5054.0396538203131
cstype bspline
deg 1
curv 0 4 2253 2254 2255 2256 2253
parm u 0 0 1 2 3 4 4
end
usemtl Default
v -19595.897590900546 -4380.0224236664071 5082.0894165911523
v -18598.384684092998 -4360.6080928697484 5684.2947267346044
v -18068.565837636532 -3695.301491895254 6200.3648473481717
v -19151.372061404902 -3734.9187255332363 5541.1125525615898
cstype bspline
deg 1
curv 0 4 2257 2258 2259 2260 2257
parm u 0 0 1 2 3 4 4
end
usemtl Default
v -19573.414974870553 -4371.5202960968891 5049.958405397454
v -18583.216058297949 -4352.2483155644732 5647.7482100093348
v -18051.602059963127 -3684.687498073501 6165.5668985581142
v -19127.253833644729 -3724.0429678663786 5510.6704963902721
cstype bspline
deg 1
curv 0 4 2261 2262 2263 2264 2261
parm u 0 0 1 2 3 4 4
end
usemtl Default
v -19657.656815283262 -4384.1142311498988 5078.6746084851857
v -19262.942005425313 -4271.5954547100991 4430.2614919847056
v -18793.114876933021 -3562.6506988424808 4977.6358244509047
v -19207.284183766416 -3704.5253016540664 5603.3833866451296
cstype bspline
deg 1
curv 0 4 2265 2266 2267 2268 2265
parm u 0 0 1 2 3 4 4
end
usemtl Default
v -19639.946149421194 -4423.2619229716947 5084.0581225576771
v -19245.231339563223 -4310.7431465319241 4435.6450060572042
v -18748.295545886489 -3560.8928216675704 5014.6024179360393
v -19162.464852719881 -3702.767424479156 5640.3499801302642
cstype bspline
deg 1
curv 0 4 2269 2270 2271 2272 2269
parm u 0 0 1 2 3 4 4
end
usemtl Default
v -20525.47648855946 -4397.4200958151778 4367.7040976545559
v -19998.179860293541 -4282.8627473128436 3827.9113812104642
v -19262.958939501077 -4271.5580235945818 4430.2563445308569
v -19657.673749357975 -4384.076800036768 5078.6694610316499
cstype bspline
deg 1
curv 0 4 2273 2274 2275 2276 2273
parm u 0 0 1 2 3 4 4
end
usemtl Default
v -20548.495488370758 -4437.2317366313364 4339.7102636111649
v -20021.198860104836 -4322.6743881290022 3799.9175471670742
v -19245.231339563747 -4310.74314653076 4435.6450060570442
v -19639.946149420648 -4423.2619229729171 5084.0581225578353
cstype bspline
deg 1
curv 0 4 2277 2278 2279 2280 2277
parm u 0 0 1 2 3 4 4
end
usemtl Default
v -20067.560995591688 -4297.9360826420889 3898.9367386373187
v -19314.852928814005 -4286.3624773558695 4515.6084084062886
v -18847.610838358469 -3581.318409738742 5059.9710300027746
v -19671.90746768938 -3613.6484824151848 4380.0983568474057
cstype bspline
deg 1
curv 0 4 2281 2282 2283 2284 2281
parm u 0 0 1 2 3 4 4
end
usemtl Default
v -20039.808541472426 -4291.9067485104024 3870.5265956665726
v -19294.078465137187 -4280.4404364904913 4481.4814022747787
v -18825.81245378829 -3573.8513253802375 5027.0369477820223
v -19643.166262274026 -3605.9090908622602 4352.890652728036
cstype bspline
deg 1
curv 0 4 2285 2286 2287 2288 2285
parm u 0 0 1 2 3 4 4
end
usemtl Default
v -20483.847807380571 -4388.3760946175898 4325.0888831984403
v -19626.469883966296 -4375.1930903365428 5027.5135003788691
v -19174.586606911143 -3693.3246751163097 5553.9822633140029
v -20103.025548919606 -3729.7393557090836 4788.2139186378845
cstype bspline
deg 1
curv 0 4 2289 2290 2291 2292 2289
parm u 0 0 1 2 3 4 4
end
usemtl Default
v -20456.095353261313 -4382.3467604859034 4296.6787402276987
v -19605.695420289474 -4369.2710494711937 4993.3864942473629
v -19152.788222340969 -3685.8575907578052 5521.0481810932542
v -20074.284343504256 -3721.999964156159 4761.0062145185184
cstype bspline
deg 1
curv 0 4 2293 2294 2295 2296 2293
parm u 0 0 1 2 3 4 4
end
usemtl Default
v -20540.386615373623 -4388.8007284190389 4311.0531753898267
v -20039.460343512153 -4323.0263809103053 3734.4882417229837
v -19659.04669668421 -3611.198840443365 4276.9443559014699
v -20169.563203850394 -3694.9183738474385 4839.8339605657202
cstype bspline
deg 1
curv 0 4 2297 2298 2299 2300 2297
parm u 0 0 1 2 3 4 4
end
usemtl Default
v -20525.412538322838 -4428.4468728752108 4321.6640580065596
v -20024.486266461368 -4362.6725253664772 3745.0991243397166
v -19622.026677207101 -3609.5927608916536 4318.991955790847
v -20132.543184373284 -3693.312294295727 4881.8815604550964
cstype bspline
deg 1
curv 0 4 2301 2302 2303 2304 2301
parm u 0 0 1 2 3 4 4
end
usemtl Default
v -21247.818168207952 -4394.7992590242357 3511.467280172079
v -20630.816685945763 -4328.0341496599431 3066.0992564237768
v -20039.475313462564 -4322.9867456917418 3734.4776337645717
v -20540.40158532538 -4388.7610931969248 4311.0425674304643
cstype bspline
deg 1
curv 0 4 2305 2306 2307 2308 2305
parm u 0 0 1 2 3 4 4
end
usemtl Default
v -21266.683841211296 -4434.774006217689 3483.8236266611475
v -20649.682358949107 -4368.0088968533673 3038.4556029128462
v -20024.48626646071 -4362.6725253681943 3745.0991243401795
v -20525.412538323526 -4428.4468728734064 4321.664058006073
cstype bspline
deg 1
curv 0 4 2309 2310 2311 2312 2309
parm u 0 0 1 2 3 4 4
end
usemtl Default
v -20712.00109150658 -4336.8190324710158 3124.7003121801326
v -20105.350347624357 -4331.6409551125544 3810.3824894746112
v -19726.219921311338 -3622.2145685228752 4351.0087775678185
v -20388.306838531782 -3650.9386014711054 3599.0057753951669
cstype bspline
deg 1
curv 0 4 2313 2314 2315 2316 2313
parm u 0 0 1 2 3 4 4
end
usemtl Default
v -20679.527329282253 -4333.3050793465809 3101.2598898775914
v -20078.985807000168 -4328.1791473491467 3780.0369666499
v -19699.350631460489 -3617.8082772910711 4321.3830089012818
v -20355.285995421185 -3646.2654307497432 3576.3669844184724
cstype bspline
deg 1
curv 0 4 2317 2318 2319 2320 2317
parm u 0 0 1 2 3 4 4
end
usemtl Default
v -21199.107524871466 -4389.5283293375687 3476.3066467182671
v -20500.818456987181 -4383.5680715639901 4265.5653318453151
v -20129.259269074118 -3688.3089369997615 4795.3953075659138
v -20883.6194851908 -3721.0361622914788 3938.5876400456109
cstype bspline
deg 1
curv 0 4 2321 2322 2323 2324 2321
parm u 0 0 1 2 3 4 4
end
usemtl Default
v -21166.633762647143 -4386.0143762131629 3452.8662244157267
v -20474.453916362996 -4380.1062638005824 4235.2198090206039
v -20102.38997922327 -3683.9026457679574 4765.7695388993761
v -20850.598642080204 -3716.3629915700876 3915.9488490689164
cstype bspline
deg 1
curv 0 4 2325 2326 2327 2328 2325
parm u 0 0 1 2 3 4 4
end
usemtl Default
v -21249.211485118853 -4389.045317093347 3450.9195785850188
v -20650.662565155639 -4365.6278532946017 2973.8922627126394
v -20358.362555650907 -3651.8680150530126 3504.8795220847969
v -20960.676786182645 -3684.4798934084538 3975.0668383867051
cstype bspline
deg 1
curv 0 4 2329 2330 2331 2332 2329
parm u 0 0 1 2 3 4 4
end
usemtl Default
v -21238.032436502755 -4428.9969881788129 3466.0538004668506
v -20639.483516539549 -4405.5795243800385 2989.0264845944566
v -20330.227802444995 -3650.4159893482574 3550.8151904877013
v -20932.542032976737 -3683.0278677037277 4021.0025067896095
cstype bspline
deg 1
curv 0 4 2333 2334 2335 2336 2333
parm u 0 0 1 2 3 4 4
end
usemtl Default
v -21264.238081779768 -3661.9898752605368 1965.2569613417081
v -20951.539288100281 -3639.2001826776541 2806.5106366131176
v -21083.125201704577 -2969.9373728425708 2447.9880742838786
v -21401.91648490326 -2953.7673614189844 1590.0815888692396
cstype bspline
deg 1
curv 0 4 2337 2338 2339 2340 2337
parm u 0 0 1 2 3 4 4
end
usemtl Default
v -21225.772427447759 -3662.1169950846233 1953.9364471164181
v -20914.977605084317 -3639.4660651764134 2790.0678676826283
v -21046.595717753342 -2970.039486774127 2431.4575749050837
v -21363.436458343276 -2953.9684124856722 1578.8002391451391
cstype bspline
deg 1
curv 0 4 2341 2342 2343 2344 2341
parm u 0 0 1 2 3 4 4
end
usemtl Default
v -21474.783729196941 -3670.9337430413871 3114.5500153695111
v -20790.833190307574 -3634.1119866222434 2780.8363330346701
v -20320.762928535689 -3609.9010181903141 3595.175443368048
v -20955.016138165127 -3644.1631137082877 4014.9836570670459
cstype bspline
deg 1
curv 0 4 2345 2346 2347 2348 2345
parm u 0 0 1 2 3 4 4
end
usemtl Default
v -21484.43129980805 -3711.483217833651 3093.7664402352102
v -20800.480760918683 -3674.6614614145074 2760.0527579003692
v -20307.58594579067 -3649.2749143814144 3613.9326092364327
v -20941.839155420108 -3683.5370098993881 4033.7408229354323
cstype bspline
deg 1
curv 0 4 2349 2350 2351 2352 2349
parm u 0 0 1 2 3 4 4
end
usemtl Default
v -21707.765202082883 -2971.4549963989703 2783.2421422283805
v -21023.701550023419 -2934.9728129105642 2449.6893134535985
v -20790.825760974534 -3634.080760569108 2780.8523379034032
v -21474.776299865112 -3670.9025169933157 3114.5660202356539
cstype bspline
deg 1
curv 0 4 2353 2354 2355 2356 2353
parm u 0 0 1 2 3 4 4
end
usemtl Default
v -21731.166574993684 -2970.7682102603721 2742.8944139814066
v -21047.102922934217 -2934.2860267719661 2409.3415852066246
v -20800.480760918086 -3674.6614614120044 2760.0527579016507
v -21484.431299808661 -3711.4832178362121 3093.7664402339014
cstype bspline
deg 1
curv 0 4 2357 2358 2359 2360 2357
parm u 0 0 1 2 3 4 4
end
usemtl Default
v -20880.809152160618 -3638.9560516840138 2824.7763968387762
v -20404.217298223768 -3614.4091886531969 3650.413366223177
v -20625.194915860888 -2954.110093953379 3335.8562397985233
v -21113.709925294403 -2939.7731002116343 2493.577843555544
cstype bspline
deg 1
curv 0 4 2361 2362 2363 2364 2361
parm u 0 0 1 2 3 4 4
end
usemtl Default
v -20844.811755376824 -3637.0180645040527 2807.2125188214131
v -20370.83555034854 -3612.6059204680496 3628.3181970811274
v -20591.878664196214 -2952.1111177639687 3313.6678381381435
v -21077.706575186006 -2937.8529852912179 2476.0224315147652
cstype bspline
deg 1
curv 0 4 2365 2366 2367 2368 2365
parm u 0 0 1 2 3 4 4
end
usemtl Default
v -21420.770103917625 -3668.0258593834296 3088.2345670992436
v -20904.943516352272 -3641.4582114305231 3981.8409033539674
v -21124.938690830953 -2984.0947367951158 3668.6822647042145
v -21653.760176920296 -2968.5748240183166 2756.9090241672138
cstype bspline
deg 1
curv 0 4 2369 2370 2371 2372 2369
parm u 0 0 1 2 3 4 4
end
usemtl Default
v -21384.77270713383 -3666.0878722034686 3070.6706890818814
v -20871.561768477044 -3639.6549432453758 3959.7457342119169
v -21091.622439166287 -2982.0957606056763 3646.4938630438373
v -21617.756826811907 -2966.6547090978711 2739.3536121264378
cstype bspline
deg 1
curv 0 4 2373 2374 2375 2376 2373
parm u 0 0 1 2 3 4 4
end
usemtl Default
v -20860.317101307221 -3683.6472270202648 4037.3976770130248
v -20247.247107104173 -3595.6398442907375 3593.9834459747344
v -19607.578473276131 -3570.4561706889654 4368.1802609332826
v -20164.892916219869 -3656.2684643830871 4879.0759470851299
cstype bspline
deg 1
curv 0 4 2377 2378 2379 2380 2377
parm u 0 0 1 2 3 4 4
end
usemtl Default
v -20870.828843137842 -3723.926415738475 4017.0562139501608
v -20257.758848934795 -3635.9190330089768 3573.6419829118677
v -19588.849434819847 -3609.5841535677027 4383.2291824661861
v -20146.163877763585 -3695.3964472618245 4894.1248686180334
cstype bspline
deg 1
curv 0 4 2381 2382 2383 2384 2381
parm u 0 0 1 2 3 4 4
end
usemtl Default
v -21188.307162865542 -2999.7874632076127 3773.5944659435736
v -20576.186835625409 -2909.8001447838906 3329.4163922492471
v -20247.24002502107 -3595.6127069650101 3593.9971506427337
v -20860.310019223485 -3683.6200896921218 4037.4113816822446
cstype bspline
deg 1
curv 0 4 2385 2386 2387 2388 2385
parm u 0 0 1 2 3 4 4
end
usemtl Default
v -21218.397867210031 -2999.2888900045655 3737.4971088959674
v -20606.277539969895 -2909.3015715808433 3293.3190352016409
v -20257.758848935104 -3635.919033010141 3573.6419829112801
v -20870.828843137519 -3723.9264157372527 4017.0562139507765
cstype bspline
deg 1
curv 0 4 2389 2390 2391 2392 2389
parm u 0 0 1 2 3 4 4
end
usemtl Default
v -20327.894485724169 -3607.2189864655375 3652.3512981569174
v -19680.909321031882 -3581.7472619645123 4435.4033775322077
v -19991.601543664736 -2932.6610851110308 4185.7598685929524
v -20656.728983946476 -2921.6405814185855 3387.8608756300782
cstype bspline
deg 1
curv 0 4 2393 2394 2395 2396 2393
parm u 0 0 1 2 3 4 4
end
usemtl Default
v -20295.627643924105 -3602.5870189534617 3629.0137070495275
v -19651.576981929586 -3577.2308254542877 4408.5141308926377
v -19962.398285321749 -2927.8749780700891 4158.7669046043675
v -20624.51212461805 -2916.9044067646901 3364.4830822777467
cstype bspline
deg 1
curv 0 4 2397 2398 2399 2400 2397
parm u 0 0 1 2 3 4 4
end
usemtl Default
v -20811.897112725179 -3676.6984991466743 4002.4151647677954
v -20120.894407566419 -3649.4938096177939 4838.7420771257766
v -20429.650418809597 -3004.4526907250402 4590.6543284217487
v -21139.981873872901 -2992.6832012267841 3738.5277759150767
cstype bspline
deg 1
curv 0 4 2401 2402 2403 2404 2401
parm u 0 0 1 2 3 4 4
end
usemtl Default
v -20779.63027092511 -3672.0665316345985 3979.0775736604037
v -20091.562068464118 -3644.9773731075693 4811.8528304862048
v -20400.447160466603 -2999.6665836841275 4563.6613644331646
v -21107.765014544475 -2987.9470265729178 3715.1499825627434
cstype bspline
deg 1
curv 0 4 2405 2406 2407 2408 2405
parm u 0 0 1 2 3 4 4
end
usemtl Default
v -20060.863619550197 -3695.4723672400578 4885.7057490851366
v -19535.480362923787 -3549.5656022935291 4354.2259774909844
v -18729.64592027769 -3523.9597104591667 5065.0716028416118
v -19201.052186331926 -3668.1513228768599 5644.1657547442428
cstype bspline
deg 1
curv 0 4 2409 2410 2411 2412 2409
parm u 0 0 1 2 3 4 4
end
usemtl Default
v -20071.814085909835 -3735.1771792049112 4865.2539810916223
v -19546.430829283428 -3589.2704142583825 4333.7742094974647
v -18705.816613471059 -3562.5593734472641 5075.2998955374223
v -19177.222879525296 -3706.7509858649282 5654.3940474400533
cstype bspline
deg 1
curv 0 4 2413 2414 2415 2416 2413
parm u 0 0 1 2 3 4 4
end
usemtl Default
v -20473.656436534664 -3032.4779782503319 4706.9688990752893
v -19951.793605086423 -2880.9172538331477 4173.9647322552892
v -19535.474483980852 -3549.5442860941694 4354.2369573682899
v -20060.857740606538 -3695.4510510380787 4885.7167289637891
cstype bspline
deg 1
curv 0 4 2417 2418 2419 2420 2417
parm u 0 0 1 2 3 4 4
end
usemtl Default
v -20509.535474079486 -3032.1771537613531 4675.7142635424334
v -19987.672642631242 -2880.616429344198 4142.7100967224333
v -19546.430829283792 -3589.2704142596922 4333.7742094967925
v -20071.814085909471 -3735.1771792035725 4865.2539810923063
cstype bspline
deg 1
curv 0 4 2421 2422 2423 2424 2421
parm u 0 0 1 2 3 4 4
end
usemtl Default
v -19604.590958928791 -3568.7632640971569 4424.1740925498052
v -18791.673060547982 -3542.9322910404589 5141.2682017761654
v -19183.722467856536 -2907.8750013093231 4972.988187518391
v -20020.459767119086 -2900.8594544143416 4244.0968594684446
cstype bspline
deg 1
curv 0 4 2425 2426 2427 2428 2425
parm u 0 0 1 2 3 4 4
end
usemtl Default
v -19576.939208580152 -3561.0839606789232 4396.2014729921093
v -18766.862204439865 -3535.3432588079304 5110.7895622023407
v -19159.166110676753 -2899.8737215471629 4942.4003089494563
v -19992.993302306015 -2892.8825741818582 4216.0440085831824
cstype bspline
deg 1
curv 0 4 2429 2430 2431 2432 2429
parm u 0 0 1 2 3 4 4
end
usemtl Default
v -20019.367214158352 -3683.9528153706633 4843.7633859152211
v -19163.835902169754 -3656.7677745280671 5598.4477953835139
v -19552.067825553298 -3027.8941977418435 5431.8063660524203
v -20432.456739315072 -3020.5126579015923 4664.8896227474015
cstype bspline
deg 1
curv 0 4 2433 2434 2435 2436 2433
parm u 0 0 1 2 3 4 4
end
usemtl Default
v -19991.715463809713 -3676.2735119524295 4815.7907663575224
v -19139.02504606163 -3649.1787422955676 5567.9691558096856
v -19527.511468373508 -3019.8929179796833 5401.2184874834802
v -20404.990274502001 -3012.5357776691089 4636.8367718621312
cstype bspline
deg 1
curv 0 4 2437 2438 2439 2440 2437
parm u 0 0 1 2 3 4 4
end
usemtl Default
v -19092.494266124526 -3704.2655333735165 5635.8428215925669
v -18661.277627855186 -3499.0654332130798 5043.0206740580234
v -17699.463615121149 -3473.4014719268598 5671.6263788306296
v -18083.498459509068 -3677.342626266618 6295.2847841058556
cstype bspline
deg 1
curv 0 4 2441 2442 2443 2444 2441
parm u 0 0 1 2 3 4 4
end
usemtl Default
v -19103.779109512634 -3743.0738781662949 5614.7775946967413
v -18672.562471243298 -3537.8737780058291 5021.9554471621977
v -17671.351452579107 -3511.1585914082825 5676.309563114899
v -18055.386296967026 -3715.0997457480698 6299.967968390125
cstype bspline
deg 1
curv 0 4 2445 2446 2447 2448 2445
parm u 0 0 1 2 3 4 4
end
usemtl Default
v -19574.688273935099 -3066.2915223899181 5552.0819285807502
v -19151.308370999737 -2850.7232826517138 4957.8983467090602
v -18661.272839435092 -3499.0489659346349 5043.0296125210825
v -19092.489477704097 -3704.2490660939366 5635.8517600562573
cstype bspline
deg 1
curv 0 4 2449 2450 2451 2452 2449
parm u 0 0 1 2 3 4 4
end
usemtl Default
v -19615.421800275428 -3066.1615407551872 5525.8926320719129
v -19192.041897340066 -2850.5933010169829 4931.7090502002211
v -18672.562471243458 -3537.8737780064112 5021.9554471618994
v -19103.77910951247 -3743.0738781657128 5614.7775946970596
cstype bspline
deg 1
curv 0 4 2453 2454 2455 2456 2453
parm u 0 0 1 2 3 4 4
end
usemtl Default
v -18717.999764760651 -3526.0649955997069 5121.0346297858614
v -17749.994515698501 -3500.2358343399828 5753.6866953142089
v -18210.103572382071 -2882.2686963898013 5677.0374691976685
v -19207.01625296491 -2879.0875247225049 5036.080396955329
cstype bspline
deg 1
curv 0 4 2457 2458 2459 2460 2457
parm u 0 0 1 2 3 4 4
end
usemtl Default
v -18695.304152220226 -3515.2649903281417 5089.8334641261063
v -17729.782155467561 -3489.5020893747278 5720.8625687207732
v -18190.352859304207 -2870.914918487164 5644.136437147783
v -19184.733100178841 -2867.7418278941768 5004.8075768568197
cstype bspline
deg 1
curv 0 4 2461 2462 2463 2464 2461
parm u 0 0 1 2 3 4 4
end
usemtl Default
v -19058.43395286709 -3688.0650746737083 5589.0521146821648
v -18053.179919162649 -3661.24200881875 6246.0485942157011
v -18506.364268550024 -3052.5753649293329 6170.552949945959
v -19541.263544755988 -3049.272977147426 5505.1726984329798
cstype bspline
deg 1
curv 0 4 2465 2466 2467 2468 2465
parm u 0 0 1 2 3 4 4
end
usemtl Default
v -19035.738340326661 -3677.265069402114 5557.8509490224114
v -18032.967558931708 -3650.508263853495 6213.2244676222672
v -18486.613555472162 -3041.2215870266955 6137.6519178960752
v -19518.980391969912 -3037.9272803190979 5473.8998783344705
cstype bspline
deg 1
curv 0 4 2469 2470 2471 2472 2469
parm u 0 0 1 2 3 4 4
end
usemtl Default
v -17973.778552752134 -3708.9382668732724 6274.0337389154811
v -17634.475605477273 -3447.0393995649065 5644.9500568909698
v -16529.7251843388 -3421.9453923493857 6176.4065815258782
v -16830.168448091426 -3682.9615759673179 6824.1842888777173
cstype bspline
deg 1
curv 0 4 2473 2474 2475 2476 2473
parm u 0 0 1 2 3 4 4
end
usemtl Default
v -17985.542215749418 -3746.5672237064282 6252.0442150978415
v -17646.239268474561 -3484.6683563980623 5622.9605330733302
v -16498.292677447589 -3458.5931637689355 6175.1972139201935
v -16798.735941200222 -3719.6093473868968 6822.974921272029
cstype bspline
deg 1
curv 0 4 2477 2478 2479 2480 2477
parm u 0 0 1 2 3 4 4
end
usemtl Default
v -18508.943152180625 -3098.718809637794 6288.6188938544219
v -18183.345408054585 -2821.1931006324594 5659.9085242852361
v -17634.471415652846 -3447.0259973854409 5644.9578888260094
v -17973.774362929227 -3708.9248646986962 6274.0415708476448
cstype bspline
deg 1
curv 0 4 2481 2482 2483 2484 2481
parm u 0 0 1 2 3 4 4
end
usemtl Default
v -18553.727700790259 -3098.7151248334849 6267.5208712645726
v -18228.129956664219 -2821.1894158281211 5638.8105016953868
v -17646.239268473812 -3484.6683563956467 5622.9605330747527
v -17985.5422157502 -3746.567223708902 6252.0442150964027
cstype bspline
deg 1
curv 0 4 2485 2486 2487 2488 2485
parm u 0 0 1 2 3 4 4
end
usemtl Default
v -17679.10509760819 -3481.4994217555213 5727.7317458287253
v -16569.257192727302 -3456.2896270359633 6261.6404903879647
v -17082.573860123986 -2857.8037360530288 6281.390380244271
v -18226.187216492224 -2857.7096412910323 5742.6335729127604
cstype bspline
deg 1
curv 0 4 2489 2490 2491 2492 2489
parm u 0 0 1 2 3 4 4
end
usemtl Default
v -17661.247047751309 -3467.715270844521 5694.6220783538847
v -16553.444389371893 -3442.5519331613323 6227.5469268431189
v -17067.506470736913 -2843.1969495279482 6247.3254965469878
v -18209.050493117164 -2843.103025027609 5709.5435534617372
cstype bspline
deg 1
curv 0 4 2493 2494 2495 2496 2493
parm u 0 0 1 2 3 4 4
end
usemtl Default
v -17946.975845461275 -3688.2616854200896 6224.3767579511677
v -16806.449243058327 -3662.3550351553713 6773.0439435604658
v -17308.584700929994 -3076.9055339292681 6792.3636357033447
v -18483.238067118044 -3076.8088852426445 6238.9838646779062
cstype bspline
deg 1
curv 0 4 2497 2498 2499 2500 2497
parm u 0 0 1 2 3 4 4
end
usemtl Default
v -17929.117795604398 -3674.4775345091184 6191.2670904763327
v -16790.636439702921 -3648.6173412807402 6738.9503800156272
v -17293.517311542924 -3062.2987474041875 6758.2987520060651
v -18466.101343742987 -3062.2022689792211 6205.8938452268903
cstype bspline
deg 1
curv 0 4 2501 2502 2503 2504 2501
parm u 0 0 1 2 3 4 4
end
usemtl Default
v -16721.419909771226 -3709.6806588180771 6792.2485887580933
v -16466.377414101924 -3396.3536743092409 6146.8658958464639
v -15232.312603331262 -3372.98173803385 6568.5418585716088
v -15455.185247598671 -3685.6994581747276 7224.9168858746107
cstype bspline
deg 1
curv 0 4 2505 2506 2507 2508 2505
parm u 0 0 1 2 3 4 4
end
usemtl Default
v -16733.952773007484 -3745.931939151691 6769.2678619926901
v -16478.910277338182 -3432.6049546428549 6123.8851690810588
v -15198.544983270891 -3408.3561341587338 6561.3818575074347
v -15421.4176275383 -3721.0738542996114 7217.7568848104402
cstype bspline
deg 1
curv 0 4 2509 2510 2511 2512 2509
parm u 0 0 1 2 3 4 4
end
usemtl Default
v -17294.335606318564 -3127.9994576782628 6904.1252747470007
v -17059.870313960098 -2793.7810218372615 6262.7605149834471
v -16466.373285946051 -3396.3417336271668 6146.8734653874653
v -16721.415781616619 -3709.668718139641 6792.2561582967846
cstype bspline
deg 1
curv 0 4 2513 2514 2515 2516 2513
parm u 0 0 1 2 3 4 4
end
usemtl Default
v -17342.519520454218 -3128.0713683266658 6888.0974458223918
v -17108.054228095752 -2793.8529324856936 6246.7326860588382
v -16478.910277337556 -3432.6049546410504 6123.8851690822139
v -16733.952773008124 -3745.9319391535246 6769.2678619915332
cstype bspline
deg 1
curv 0 4 2517 2518 2519 2520 2517
parm u 0 0 1 2 3 4 4
end
usemtl Default
v -16499.920038961562 -3437.5806136979372 6231.7900011028651
v -15261.637951261182 -3414.1288064734545 6654.9069937430486
v -15813.649024734823 -2835.8512037447945 6771.9540307103689
v -17090.72101032305 -2837.7571318163536 6347.1506149523302
cstype bspline
deg 1
curv 0 4 2521 2522 2523 2524 2521
parm u 0 0 1 2 3 4 4
end
usemtl Default
v -16486.496749715563 -3421.0897197764134 6197.822490949713
v -15249.907812089215 -3397.6699790976418 6620.360939674476
v -15802.996697172774 -2818.2632788853662 6737.6365130995073
v -17078.38073177787 -2820.1666878247343 6313.3945749647792
cstype bspline
deg 1
curv 0 4 2525 2526 2527 2528 2525
parm u 0 0 1 2 3 4 4
end
usemtl Default
v -16701.269377651603 -3684.9440225207654 6741.3026534002402
v -15437.590038840717 -3661.011217110994 7173.0978047717363
v -15973.433938165617 -3099.6700766362192 7286.7167948733713
v -17275.825188500788 -3101.6137916908192 6853.4912147656614
cstype bspline
deg 1
curv 0 4 2529 2530 2531 2532 2529
parm u 0 0 1 2 3 4 4
end
usemtl Default
v -16687.8460884056 -3668.4531285992416 6707.3351432470827
v -15425.859899668751 -3644.5523897351522 7138.5517507031564
v -15962.781610603564 -3082.08215177682 7252.3992772625043
v -17263.484909955605 -3084.0233476991998 6819.7351747781067
cstype bspline
deg 1
curv 0 4 2533 2534 2535 2536 2533
parm u 0 0 1 2 3 4 4
end
usemtl Default
v -15349.079344831007 -3707.7069679901761 7184.4494373676662
v -15168.393983989132 -3350.2721658019873 6536.4371289347418
v -13818.697570095734 -3330.4325858462253 6835.7212001960888
v -13969.403835635152 -3687.4267165974306 7490.3811262728468
cstype bspline
deg 1
curv 0 4 2537 2538 2539 2540 2537
parm u 0 0 1 2 3 4 4
end
usemtl Default
v -15362.742623663748 -3742.5094021699624 7160.6725158529389
v -15182.057262821858 -3385.0745999817445 6512.6602074200437
v -13783.577595798004 -3364.5179408065451 6822.7615635581515
v -13934.283861337419 -3721.5120715577505 7477.4214896349094
cstype bspline
deg 1
curv 0 4 2541 2542 2543 2544 2541
parm u 0 0 1 2 3 4 4
end
usemtl Default
v -15946.411412345729 -3152.7071237366472 7390.0399832467392
v -15793.312034861097 -2769.6420624141465 6751.5218128123361
v -15168.389387453746 -3350.2604577323364 6536.4451278537836
v -15349.074748296451 -3707.6952599226497 7184.4574362852381
cstype bspline
deg 1
curv 0 4 2545 2546 2547 2548 2545
parm u 0 0 1 2 3 4 4
end
usemtl Default
v -15997.451399457634 -3152.7986716917949 7379.1172465370837
v -15844.352021973002 -2769.7336103692942 6740.5990761026806
v -15182.057262821458 -3385.0745999807259 6512.6602074207422
v -15362.74262366417 -3742.5094021710393 7160.6725158522113
cstype bspline
deg 1
curv 0 4 2549 2550 2551 2552 2549
parm u 0 0 1 2 3 4 4
end
usemtl Default
v -15192.151443431911 -3397.3028119656665 6621.7056604797272
v -13838.527341877241 -3377.4054977872001 6921.860664153568
v -14415.38922873617 -2817.5377140018099 7134.7287141295474
v -15813.456689793289 -2820.0453599565953 6835.5373615537173
cstype bspline
deg 1
curv 0 4 2553 2554 2555 2556 2553
parm u 0 0 1 2 3 4 4
end
usemtl Default
v -15182.641687597967 -3378.4904539557465 6587.5997495095962
v -13830.595433164635 -3358.6163330108102 6887.4048785705691
v -14408.868283960881 -2797.3791516788478 7100.7935889485689
v -15805.398827820409 -2799.8840409395925 6801.9311420571576
cstype bspline
deg 1
curv 0 4 2557 2558 2559 2560 2557
parm u 0 0 1 2 3 4 4
end
usemtl Default
v -15334.797780941044 -3679.4881821142917 7133.2943250314729
v -13957.505972566254 -3659.2429694328748 7438.6974478983648
v -14513.203400365488 -3119.9161488462996 7643.7555918440376
v -15934.324619386414 -3122.4651452112012 7339.6306540019195
cstype bspline
deg 1
curv 0 4 2561 2562 2563 2564 2561
parm u 0 0 1 2 3 4 4
end
usemtl Default
v -15325.2880251071 -3660.6758241043717 7099.1884140613565
v -13949.574063853648 -3640.4538046564849 7404.2416623153786
v -14506.682455590202 -3099.7575865233375 7609.8204666630718
v -15926.266757413541 -3102.3038261942274 7306.0244345053707
cstype bspline
deg 1
curv 0 4 2565 2566 2567 2568 2565
parm u 0 0 1 2 3 4 4
end
usemtl Default
v -13867.743197862252 -3705.1504331547767 7443.5760723158564
v -13751.813197337571 -3313.0392777235247 6800.1238443714828
v -12301.199718245305 -3299.3177210660651 6962.2008976738343
v -12381.317853830875 -3691.0901270365575 7609.6543855170385
cstype bspline
deg 1
curv 0 4 2569 2570 2571 2572 2569
parm u 0 0 1 2 3 4 4
end
usemtl Default
v -13882.920568138801 -3738.6092814035364 7419.4809917007224
v -13766.990567614121 -3346.4981259722845 6776.0287637563488
v -12265.732760922107 -3332.2975175063766 6943.7643081055321
v -12345.850896507676 -3724.0699234768981 7591.2177959487362
cstype bspline
deg 1
curv 0 4 2573 2574 2575 2576 2573
parm u 0 0 1 2 3 4 4
end
usemtl Default
v -14477.842220590905 -3171.360323784902 7738.1800967777763
v -14395.460387579904 -2749.8980332632782 7110.9269349647911
v -13751.807571790465 -3313.0268760805775 6800.1327753001497
v -13867.737572313588 -3705.1380315083952 7443.5850032469953
cstype bspline
deg 1
curv 0 4 2577 2578 2579 2580 2577
parm u 0 0 1 2 3 4 4
end
usemtl Default
v -14531.228474180127 -3171.4077218606835 7732.5229079642104
v -14448.846641169122 -2749.9454313390888 7105.2697461512253
v -13766.990567614885 -3346.4981259739725 6776.0287637551337
v -13882.920568138012 -3738.6092814017902 7419.4809917019811
cstype bspline
deg 1
curv 0 4 2581 2582 2583 2584 2581
parm u 0 0 1 2 3 4 4
end
usemtl Default
v -13767.047556013913 -3364.6326655137236 6884.7907998586397
v -12311.741578190773 -3350.8667218516348 7047.3921460742331
v -12899.832759230525 -2804.0161064382701 7353.0962873900462
v -14406.300102449768 -2805.3535978055734 7193.4602457296332
cstype bspline
deg 1
curv 0 4 2585 2586 2587 2588 2585
parm u 0 0 1 2 3 4 4
end
usemtl Default
v -13760.945977039217 -3343.9952362805197 6850.9248931247057
v -12307.524834212585 -3330.2471215374244 7013.3156467140743
v -12897.294769051045 -2781.8354768524878 7319.8924452045921
v -14401.964216501823 -2783.1713719886611 7160.4469214236997
cstype bspline
deg 1
curv 0 4 2589 2590 2591 2592 2589
parm u 0 0 1 2 3 4 4
end
usemtl Default
v -13858.571240634385 -3674.1941040120728 7392.7794008678575
v -12374.992737863591 -3660.1607265652274 7558.5396364767839
v -12937.902611922782 -3136.7255502252374 7851.1539201720607
v -14471.338391668985 -3138.08698505949 7688.6601103188532
cstype bspline
deg 1
curv 0 4 2593 2594 2595 2596 2593
parm u 0 0 1 2 3 4 4
end
usemtl Default
v -13852.469661659688 -3653.5566747788398 7358.9134941339235
v -12370.775993885407 -3639.5411262509879 7524.463137116627
v -12935.364621743294 -3114.5449206394551 7817.9500779866048
v -14467.002505721037 -3115.9047592425777 7655.6467860129178
cstype bspline
deg 1
curv 0 4 2597 2598 2599 2600 2597
parm u 0 0 1 2 3 4 4
end
usemtl Default
v -12286.218949963048 -3705.0860199565941 7558.7505629841562
v -12228.847278694884 -3290.3263276745565 6920.73588425649
v -10665.595422556133 -3285.6572722465207 6924.7135083446792
v -10670.695436113947 -3700.2608417219599 7562.8611899560619
cstype bspline
deg 1
curv 0 4 2601 2602 2603 2604 2601
parm u 0 0 1 2 3 4 4
end
usemtl Default
v -12303.283993748671 -3737.5577125395066 7535.1876599822517
v -12245.912322480512 -3322.798020257469 6897.1729812545836
v -10633.415464166781 -3317.9818819113716 6901.2759070374977
v -10638.515477724599 -3732.5854513868107 7539.4235886488768
cstype bspline
deg 1
curv 0 4 2605 2606 2607 2608 2605
parm u 0 0 1 2 3 4 4
end
usemtl Default
v -12899.084466180477 -3181.9057427917433 7938.0580706086384
v -12878.912904846366 -2735.3909230186546 7323.0659684357233
v -12228.840050065315 -3290.3125728995947 6920.7458653323883
v -12286.211721334425 -3705.0722651834076 7558.7605440587486
cstype bspline
deg 1
curv 0 4 2609 2610 2611 2612 2609
parm u 0 0 1 2 3 4 4
end
usemtl Default
v -12954.32251629667 -3181.8117397451133 7938.105400030543
v -12934.150954962581 -2735.2969199719955 7323.1132978576279
v -12245.91232248005 -3322.7980202565959 6897.1729812552294
v -12303.283993749159 -3737.5577125404379 7535.1876599815896
cstype bspline
deg 1
curv 0 4 2613 2614 2615 2616 2613
parm u 0 0 1 2 3 4 4
end
usemtl Default
v -12236.372922289789 -3344.8999019223265 7004.6852432744327
v -10666.266476971632 -3340.2103734932898 7008.6803085567044
v -11207.053445432037 -2796.9925279070449 7402.5512143403048
v -12881.567057653512 -2794.1428729887703 7403.9859818795449
cstype bspline
deg 1
curv 0 4 2617 2618 2619 2620 2617
parm u 0 0 1 2 3 4 4
end
usemtl Default
v -12233.353360643934 -3323.0704444338044 6971.1055233413845
v -10665.998055205429 -3318.3891329945764 6975.093588471882
v -11208.461230936984 -2773.4875454624416 7370.1853248499301
v -12880.505396530625 -2770.6420930007298 7371.6179765020061
cstype bspline
deg 1
curv 0 4 2621 2622 2623 2624 2621
parm u 0 0 1 2 3 4 4
end
usemtl Default
v -12281.666346977589 -3672.3417642502754 7508.3810422699753
v -10670.29280346465 -3667.5289809739043 7512.4811098288701
v -11185.936662857403 -3149.5672645765007 7888.0395566956558
v -12897.491974496195 -3146.6545728096971 7889.5060625423866
cstype bspline
deg 1
curv 0 4 2625 2626 2627 2628 2625
parm u 0 0 1 2 3 4 4
end
usemtl Default
v -12278.646785331734 -3650.5123067617242 7474.8013223369271
v -10670.024381698448 -3645.7077404751908 7478.8943897440477
v -11187.34444836239 -3126.0622821318393 7855.6736672052812
v -12896.430313373348 -3123.1537928216276 7857.138057164846
cstype bspline
deg 1
curv 0 4 2629 2630 2631 2632 2629
parm u 0 0 1 2 3 4 4
end
usemtl Default
v -10590.07374535115 -3710.9065838002134 7513.221474112439
v -10592.694519801851 -3286.8426063934457 6878.1200218851973
v -9182.3471240474319 -3290.7261514575512 6726.9437742112768
v -9113.2082480292411 -3714.9732936971704 7354.9150987638477
cstype bspline
deg 1
curv 0 4 2633 2634 2635 2636 2633
parm u 0 0 1 2 3 4 4
end
usemtl Default
v -10610.109231617967 -3742.9277873543324 7491.2371726789806
v -10612.730006068668 -3318.8638099475647 6856.135720451739
v -9153.8612055241247 -3322.8809639810934 6699.758425198961
v -9084.7223295059339 -3747.1281062207127 7327.7297497515319
cstype bspline
deg 1
curv 0 4 2637 2638 2639 2640 2637
parm u 0 0 1 2 3 4 4
end
usemtl Default
v -11146.098910016193 -3184.8966533356579 7967.4018390324909
v -11182.524115216256 -2728.854785541509 7359.9117101293123
v -10592.683421578033 -3286.8248689410684 6878.1321996129864
v -10590.062647129125 -3710.8888463506883 7513.2336518382635
cstype bspline
deg 1
curv 0 4 2641 2642 2643 2644 2641
parm u 0 0 1 2 3 4 4
end
usemtl Default
v -11200.26384269847 -3184.6607482818363 7973.2730897001602
v -11236.689047898533 -2728.6188804876874 7365.7829607969798
v -10612.730006067781 -3318.8638099461386 6856.1357204527139
v -10610.10923161887 -3742.9277873557585 7491.2371726779929
cstype bspline
deg 1
curv 0 4 2645 2646 2647 2648 2645
parm u 0 0 1 2 3 4 4
end
usemtl Default
v -10592.319745099558 -3342.6405805894174 6961.6827935824367
v -9173.2499035187211 -3346.548143857508 6809.5715800734561
v -9661.4547025708744 -2795.4641486628389 7275.4866194942824
v -11177.731325058354 -2788.8602944618033 7439.8446218270983
cstype bspline
deg 1
curv 0 4 2649 2650 2651 2652 2649
parm u 0 0 1 2 3 4 4
end
usemtl Default
v -10592.457680596704 -3320.3214238837827 6928.2564013599222
v -9176.8887917302054 -3324.219346897502 6776.520457728584
v -9666.5884711596736 -2771.447935576929 7243.8621264068152
v -11179.648441121513 -2764.8580908936856 7407.8714571479832
cstype bspline
deg 1
curv 0 4 2653 2654 2655 2656 2653
parm u 0 0 1 2 3 4 4
end
usemtl Default
v -10590.250712642286 -3677.4279311737046 7463.0786769201532
v -9118.6665803464639 -3681.4800982572197 7305.3384152465514
v -9584.448173738987 -3155.7073449511372 7749.8540158066116
v -11148.974584110932 -3148.8933479835105 7919.4420920138327
cstype bspline
deg 1
curv 0 4 2657 2658 2659 2660 2657
parm u 0 0 1 2 3 4 4
end
usemtl Default
v -10590.388648139437 -3655.1087744680699 7429.6522846976277
v -9122.3054685579482 -3659.1513012972428 7272.2872929016667
v -9589.5819423277862 -3131.6911318652565 7718.2295227191153
v -11150.891700174096 -3124.8911444153928 7887.4689273347049
cstype bspline
deg 1
curv 0 4 2661 2662 2663 2664 2661
parm u 0 0 1 2 3 4 4
end
usemtl Default
v -9045.6334237376795 -3722.4889501275611 7309.2980359690355
v -9112.1680509455218 -3300.0454897681775 6676.5643169304458
v -7832.3683589518478 -3309.1449119933241 6398.2679121401834
v -7687.5135288131132 -3732.1452318359807 7013.9706606023483
cstype bspline
deg 1
curv 0 4 2665 2666 2667 2668 2665
parm u 0 0 1 2 3 4 4
end
usemtl Default
v -9068.3149801453474 -3754.5947253722989 7289.9142302457021
v -9134.849607353186 -3332.1512650129152 6657.1805112071143
v -7810.0567270105821 -3341.5705904390197 6369.1001983288097
v -7665.2018968718476 -3764.5709102816763 6984.80294679096
cstype bspline
deg 1
curv 0 4 2669 2670 2671 2672 2669
parm u 0 0 1 2 3 4 4
end
usemtl Default
v -9541.7431768130191 -3181.9446068534744 7821.8669413231637
v -9636.0456036800897 -2729.2482712253695 7217.8207690574
v -9112.1539541455495 -3300.0255357278511 6676.5763641474532
v -9045.6193269353826 -3722.468996083946 7309.3100831880311
cstype bspline
deg 1
curv 0 4 2673 2674 2675 2676 2673
parm u 0 0 1 2 3 4 4
end
usemtl Default
v -9594.2406052611477 -3181.6014549058164 7833.2599816940292
v -9688.543032128262 -2728.9051192776824 7229.2138094282946
v -9134.8496073543502 -3332.1512650145451 6657.1805112061211
v -9068.3149801441832 -3754.5947253706399 7289.9142302466971
cstype bspline
deg 1
curv 0 4 2677 2678 2679 2680 2677
parm u 0 0 1 2 3 4 4
end
usemtl Default
v -9103.3808700784248 -3355.6303875674203 6759.8116593137001
v -7813.3085128809616 -3364.8028488147247 6479.2814316746753
v -8203.2497689472657 -2798.0980100474262 6989.0466962742739
v -9623.6373896186706 -2788.8135785448248 7297.3005285660711
cstype bspline
deg 1
curv 0 4 2681 2682 2683 2684 2681
parm u 0 0 1 2 3 4 4
end
usemtl Default
v -9106.882692563333 -3333.3965212327312 6726.5098846275323
v -7820.9324513093306 -3342.539674086147 6446.8760238609193
v -8211.9660287811275 -2774.2473556245386 6958.0692663972823
v -9628.6006752432004 -2764.9874556170835 7265.5086247625823
cstype bspline
deg 1
curv 0 4 2685 2686 2687 2688 2685
parm u 0 0 1 2 3 4 4
end
usemtl Default
v -9050.8535328048274 -3689.1383825879893 7259.3382796064107
v -7698.9494364556449 -3698.7504697431577 6965.3625488816269
v -8072.5058714392508 -3155.8578263910604 7453.7081444292944
v -9549.1881052499084 -3146.2054224617896 7774.1790856179668
cstype bspline
deg 1
curv 0 4 2689 2690 2691 2692 2689
parm u 0 0 1 2 3 4 4
end
usemtl Default
v -9054.3553552897356 -3666.9045162533002 7226.0365049202319
v -7706.5733748840139 -3676.48729501458 6932.9571410678564
v -8081.2221312730981 -3132.0071719681728 7422.7307145522736
v -9554.1513908744819 -3122.37929953399 7742.3871818145071
cstype bspline
deg 1
curv 0 4 2693 2694 2695 2696 2693
parm u 0 0 1 2 3 4 4
end
usemtl Default
v -7631.6165438382341 -3737.9751706497918 6969.3745605385138
v -7770.5480487026653 -3323.048183285282 6343.9009454810857
v -6604.5168477094121 -3334.9632207428513 5949.7674002925432
v -6382.1205943653767 -3750.7430888910603 6547.0288567143089
cstype bspline
deg 1
curv 0 4 2697 2698 2699 2700 2697
parm u 0 0 1 2 3 4 4
end
usemtl Default
v -7657.3679025134115 -3770.4263489256846 6953.6099698489961
v -7796.2994073778427 -3355.4993615611747 6328.1363547915716
v -6588.1550924175099 -3367.8447299824329 5919.7680353597189
v -6365.7588390734891 -3783.6245981306129 6517.0294917815281
cstype bspline
deg 1
curv 0 4 2701 2702 2703 2704 2701
parm u 0 0 1 2 3 4 4
end
usemtl Default
v -8024.76749867732 -3176.0962256341882 7519.5207248854658
v -8182.7172322093684 -2733.991396929021 6920.6579990374976
v -7770.529513046029 -3323.0248251430457 6343.9122927285771
v -7631.598008184621 -3737.9518125113682 6969.385907784148
cstype bspline
deg 1
curv 0 4 2705 2706 2707 2708 2705
parm u 0 0 1 2 3 4 4
end
usemtl Default
v -8073.536981116049 -3175.7033921576804 7535.926516466463
v -8231.486714648112 -2733.5985634524841 6937.0637906185239
v -7796.2994073763657 -3355.4993615593121 6328.1363547924848
v -7657.3679025149577 -3770.4263489276054 6953.6099698480557
cstype bspline
deg 1
curv 0 4 2709 2710 2711 2712 2709
parm u 0 0 1 2 3 4 4
end
usemtl Default
v -7752.2324553462677 -3377.6441985141428 6426.1882302248941
v -6575.254182795732 -3389.6710981307551 6028.3544340322496
v -6867.3839622638479 -2802.5905635932286 6563.9759309720339
v -8161.9343725341168 -2792.1630849165085 6999.4557261227546
cstype bspline
deg 1
curv 0 4 2713 2714 2715 2716 2713
parm u 0 0 1 2 3 4 4
end
usemtl Default
v -7759.5446398125059 -3355.8059360212937 6393.2685662744134
v -6586.9592487611808 -3367.7879471756169 5996.9196205363642
v -6879.7948858728487 -2779.2888811777229 6533.8353112018031
v -8170.2475164041971 -2768.8944097215426 6967.9366352886518
cstype bspline
deg 1
curv 0 4 2717 2718 2719 2720 2717
parm u 0 0 1 2 3 4 4
end
usemtl Default
v -7642.5496883525484 -3705.2181359071401 6919.9831894822801
v -6399.678193313579 -3717.9183624583238 6499.8766364704879
v -6681.2201081285311 -3152.1157998259878 7016.0852275256129
v -8037.2372144824767 -3141.1932128416956 7472.242088634297
cstype bspline
deg 1
curv 0 4 2721 2722 2723 2724 2721
parm u 0 0 1 2 3 4 4
end
usemtl Default
v -7649.8618728188158 -3683.379873414262 6887.0635255318139
v -6411.3832592790568 -3696.0352115031274 6468.4418229746316
v -6693.6310317375319 -3128.8141174104821 6985.944607755353
v -8045.5503583525715 -3117.9245376467006 7440.7229978001797
cstype bspline
deg 1
curv 0 4 2725 2726 2727 2728 2725
parm u 0 0 1 2 3 4 4
end
usemtl Default
v -6335.5872039244532 -3755.3462066656502 6500.9282278805695
v -6552.3789056197202 -3350.8924402953126 5891.3627722815963
v -5509.2640050969276 -3364.2223881077953 5392.3688349559325
v -5206.3679012143184 -3769.7764811890374 5960.7446050782546
cstype bspline
deg 1
curv 0 4 2729 2730 2731 2732 2729
parm u 0 0 1 2 3 4 4
end
usemtl Default
v -6363.8164726140858 -3788.268465641595 6489.5883765384315
v -6580.6081743093455 -3383.8146992712282 5880.0229209394583
v -5498.4688455693176 -3397.6433395971835 5362.3609029658783
v -5195.5727416867085 -3803.1974326784257 5930.7366730882004
cstype bspline
deg 1
curv 0 4 2733 2734 2735 2736 2733
parm u 0 0 1 2 3 4 4
end
usemtl Default
v -6626.6636419530842 -3169.0596543207939 7075.0231558340838
v -6855.0683020902652 -2741.2179164278205 6488.359993902568
v -6552.3563253204011 -3350.8661061217426 5891.3718429111086
v -6335.5646236263274 -3755.3198724934482 6500.9372985096034
cstype bspline
deg 1
curv 0 4 2737 2738 2739 2740 2737
parm u 0 0 1 2 3 4 4
end
usemtl Default
v -6671.4716568725853 -3168.6648802996497 7096.3251880541884
v -6899.8763170097518 -2740.8231424066762 6509.6620261226581
v -6580.6081743087634 -3383.8146992705588 5880.0229209396839
v -6363.8164726146861 -3788.2684656422934 6489.5883765381786
cstype bspline
deg 1
curv 0 4 2741 2742 2743 2744 2741
parm u 0 0 1 2 3 4 4
end
usemtl Default
v -6523.8177978701424 -3404.1104996925278 5971.5515875601068
v -5469.4092545860622 -3417.5847687763744 5467.1551204983789
v -5666.3988595168194 -2807.7206890963716 6014.7385677270304
v -6825.0150573353749 -2797.5128819400561 6565.5525152093705
cstype bspline
deg 1
curv 0 4 2745 2746 2747 2748 2745
parm u 0 0 1 2 3 4 4
end
usemtl Default
v -6535.2278874329495 -3382.8234593572561 5939.469195160078
v -5485.3511547904127 -3396.2398165089544 5437.2406062813916
v -5682.7319268266438 -2785.1647147201293 5985.9114034345785
v -6837.036355237331 -2774.9948957351444 6534.6755066866408
cstype bspline
deg 1
curv 0 4 2749 2750 2751 2752 2749
parm u 0 0 1 2 3 4 4
end
usemtl Default
v -6352.6664544280065 -3723.4161047217203 6452.7874735599999
v -5230.2807515208406 -3737.7590527879074 5915.87283375281
v -5421.4028498697517 -3146.0603047395416 6447.1460321139984
v -6644.6955888060183 -3135.2826750134409 7028.7076430500401
cstype bspline
deg 1
curv 0 4 2753 2754 2755 2756 2753
parm u 0 0 1 2 3 4 4
end
usemtl Default
v -6364.0765439908282 -3702.1290643864195 6420.7050811600147
v -5246.2226517251984 -3716.4141005204583 5885.9583195358664
v -5437.7359171795688 -3123.5043303633283 6418.318867821532
v -6656.7168867079745 -3112.7646888085583 6997.8306345272958
cstype bspline
deg 1
curv 0 4 2757 2758 2759 2760 2757
parm u 0 0 1 2 3 4 4
end
usemtl Default
v -5168.8048899923742 -3773.1464656496246 5911.0081440759441
v -5468.0006303184309 -3379.9798261529941 5329.8778889861223
v -4558.8002258998349 -3393.6469712970138 4736.6780275562214
v -4173.2085727366029 -3788.1123183996242 5261.4400240376472
cstype bspline
deg 1
curv 0 4 2761 2762 2763 2764 2761
parm u 0 0 1 2 3 4 4
end
usemtl Default
v -5198.7184388903042 -3806.5652690741117 5904.7469287646582
v -5497.9141792163609 -3413.3986295774812 5323.6166736748401
v -4553.1360829660953 -3427.6005803328881 4707.2044580027086
v -4167.5444298028669 -3822.0659274354985 5231.966454484138
cstype bspline
deg 1
curv 0 4 2765 2766 2767 2768 2765
parm u 0 0 1 2 3 4 4
end
usemtl Default
v -5359.1208986714337 -3161.9054958612833 6498.2299302209085
v -5664.3104657939111 -2749.4919409959693 5935.5909774916599
v -5467.9745580982053 -3379.9506988032372 5329.8833461715785
v -5168.7788177753027 -3773.1173383033311 5911.0136012607636
cstype bspline
deg 1
curv 0 4 2769 2770 2771 2772 2769
parm u 0 0 1 2 3 4 4
end
usemtl Default
v -5399.5891906703109 -3161.5445689281041 6524.444816375204
v -5704.7787577928029 -2749.1310140627902 5961.8058636459555
v -5497.9141792148075 -3413.3986295757932 5323.6166736751566
v -5198.7184388918977 -3806.565269075887 5904.7469287643416
cstype bspline
deg 1
curv 0 4 2773 2774 2775 2776 2773
parm u 0 0 1 2 3 4 4
end
usemtl Default
v -5428.5974614756487 -3431.7128094740619 5406.3193596601577
v -4508.0644820625566 -3445.5503064421064 4805.7256586722087
v -4613.6250034097611 -2812.7695462509 5355.0135923322323
v -5624.1539438041 -2803.7568824256305 6009.6224186402342
cstype bspline
deg 1
curv 0 4 2777 2778 2779 2780 2777
parm u 0 0 1 2 3 4 4
end
usemtl Default
v -5444.3446057031178 -3411.0198284479266 5375.7335567605423
v -4528.3587795974672 -3424.7889723840926 4778.1066062258196
v -4634.0834264757614 -2791.0243644720758 5328.2485729342388
v -5640.2165526000317 -2782.0509058537427 5980.0098421808307
cstype bspline
deg 1
curv 0 4 2781 2782 2783 2784 2781
parm u 0 0 1 2 3 4 4
end
usemtl Default
v -5192.3902980637213 -3742.1075248660636 5865.1064031543156
v -4203.6500190389597 -3756.9703173125745 5220.0114453680671
v -4306.7486574197283 -3138.9472729333211 5756.4888833021487
v -5383.2148118653131 -3129.3465310035099 6453.8110655317523
cstype bspline
deg 1
curv 0 4 2785 2786 2787 2788 2785
parm u 0 0 1 2 3 4 4
end
usemtl Default
v -5208.1374422911758 -3721.4145438399282 5834.5206002547002
v -4223.9443165738703 -3736.2089832545316 5192.3923929216708
v -4327.2070804857431 -3117.2020911544678 5729.7238639041552
v -5399.2774206612303 -3107.6405544316221 6424.1984890723343
cstype bspline
deg 1
curv 0 4 2789 2790 2791 2792 2789
parm u 0 0 1 2 3 4 4
end
usemtl Default
v -4145.4870537829993 -3790.2207826602389 5206.8451937597038
v -4529.5905134814493 -3407.7223511668853 4670.3173554962577
v -3766.1405360897588 -3420.9064765451476 3995.6139713169196
v -3298.7458278579652 -3804.8432763613819 4458.5326813831725
cstype bspline
deg 1
curv 0 4 2793 2794 2795 2796 2793
parm u 0 0 1 2 3 4 4
end
usemtl Default
v -4176.0826878909975 -3824.1052025446552 5206.1201976602042
v -4560.1861475894511 -3441.6067710513016 4669.5923593967509
v -3765.1912209166585 -3455.3356506095442 3967.0109417325784
v -3297.796512684854 -3839.2724504257494 4429.9296517988278
cstype bspline
deg 1
curv 0 4 2797 2798 2799 2800 2797
parm u 0 0 1 2 3 4 4
end
usemtl Default
v -4236.5066048862827 -3155.3075160446751 5798.2611017835243
v -4622.760760600373 -2757.8122366248863 5275.7033740847055
v -4529.5617964606972 -3407.6905472962535 4670.318035976592
v -4145.4583367605082 -3790.1889787876862 5206.8458742400926
cstype bspline
deg 1
curv 0 4 2801 2802 2803 2804 2801
parm u 0 0 1 2 3 4 4
end
usemtl Default
v -4272.0380604116144 -3155.0063990348717 5829.4101255413789
v -4658.2922161257047 -2757.5111196150829 5306.8523978425746
v -4560.1861475902915 -3441.606771052262 4669.5923593966818
v -4176.0826878901098 -3824.1052025436657 5206.1201976601969
cstype bspline
deg 1
curv 0 4 2805 2806 2807 2808 2805
parm u 0 0 1 2 3 4 4
end
usemtl Default
v -4479.0172239439962 -3458.0516682622838 4740.8836410370986
v -3704.6412323750446 -3471.4244765209733 4056.524327904599
v -3722.6770826135362 -2817.3114434084273 4599.9476003492509
v -4571.9378453748213 -2810.1142470748746 5344.4609698345539
cstype bspline
deg 1
curv 0 4 2809 2810 2811 2812 2809
parm u 0 0 1 2 3 4 4
end
usemtl Default
v -4499.2331955071713 -3437.9201718678814 4712.6453337601615
v -3729.2409538609281 -3451.2172765306605 4032.160185269533
v -3747.2974830385501 -2796.3542724758736 4576.2065177099848
v -4592.2670114650391 -2789.1934428948734 5316.9579315346291
cstype bspline
deg 1
curv 0 4 2813 2814 2815 2816 2813
parm u 0 0 1 2 3 4 4
end
usemtl Default
v -4175.7776504962749 -3760.0241141780862 5164.4582501910318
v -3335.6454100867959 -3774.532476375869 4421.98646743057
v -3353.3710762383052 -3131.6690073966747 4956.0638399382788
v -4267.0003540216167 -3123.9263097746589 5757.0065443336152
cstype bspline
deg 1
curv 0 4 2817 2818 2819 2820 2817
parm u 0 0 1 2 3 4 4
end
usemtl Default
v -4195.9936220594391 -3739.892617783742 5136.2199429141165
v -3360.2451315726648 -3754.3252763855853 4397.6223247955186
v -3377.9914766633119 -3110.711836464121 4932.3227572990272
v -4287.3295201118162 -3103.0055055946868 5729.503506033705
cstype bspline
deg 1
curv 0 4 2821 2822 2823 2824 2821
parm u 0 0 1 2 3 4 4
end
usemtl Default
v -3282.4181355699293 -3805.6643236048694 4399.1215039468061
v -3750.1702753572536 -3432.343418267672 3926.2705306584648
v -3142.7175348301971 -3444.4020397577842 3186.8032816349105
v -2600.1687843465916 -3819.2077421120193 3568.602490303876
cstype bspline
deg 1
curv 0 4 2825 2826 2827 2828 2825
parm u 0 0 1 2 3 4 4
end
usemtl Default
v -3312.5344530173606 -3839.958334770723 4404.1016181990999
v -3780.2865928046922 -3466.6374294335255 3931.2506449107559
v -3146.134188288248 -3479.2260693439748 3159.28123438085
v -2603.5854378046351 -3854.0317716982099 3541.080443049822
cstype bspline
deg 1
curv 0 4 2829 2830 2831 2832 2829
parm u 0 0 1 2 3 4 4
end
usemtl Default
v -3275.6253145568335 -3149.611908936 4986.659570324382
v -3743.2660276223323 -2765.4827363401419 4523.48869013287
v -3750.1406110973257 -3432.309639022802 3926.2656252976394
v -3282.3884713104526 -3805.6305443605233 4399.1165985860662
cstype bspline
deg 1
curv 0 4 2833 2834 2835 2836 2833
parm u 0 0 1 2 3 4 4
end
usemtl Default
v -3305.4150673738113 -3149.3858957104094 5022.5916444522554
v -3773.0557804393102 -2765.2567231145222 4559.4207642607425
v -3780.2865928044666 -3466.6374294332636 3931.2506449107113
v -3312.5344530175935 -3839.9583347709849 4404.1016181991381
cstype bspline
deg 1
curv 0 4 2837 2838 2839 2840 2837
parm u 0 0 1 2 3 4 4
end
usemtl Default
v -3688.5946311568732 -3481.4651718594541 3988.4520841760441
v -3071.3295413455162 -3493.7185795412515 3237.0400196176652
v -3005.3432906792004 -2821.1577905401355 3768.5767210295407
v -3681.7343548505596 -2816.0260485237814 4584.4322270001694
cstype bspline
deg 1
curv 0 4 2841 2842 2843 2844 2841
parm u 0 0 1 2 3 4 4
end
usemtl Default
v -3713.2131648298673 -3461.8167031574703 3963.5651908450527
v -3099.8847387393871 -3473.9919636278355 3216.9453244245615
v -3033.847446953685 -2800.9109411663376 3748.8931755526219
v -3706.347023959268 -2795.8087236503197 4560.0548122532546
cstype bspline
deg 1
curv 0 4 2845 2846 2847 2848 2845
parm u 0 0 1 2 3 4 4
end
usemtl Default
v -3319.3166260619582 -3776.1922023888037 4361.7554841409737
v -2643.0015804373907 -3789.6178182419681 3538.4604475142305
v -2577.7809465618193 -3124.8605311470747 4063.8299031833958
v -3312.5443182198869 -3119.2859216258221 4950.0934482040102
cstype bspline
deg 1
curv 0 4 2849 2850 2851 2852 2849
parm u 0 0 1 2 3 4 4
end
usemtl Default
v -3343.935159734956 -3756.543733686849 4336.8685908099715
v -2671.5567778312688 -3769.891202328552 3518.3657523211205
v -2606.285102836322 -3104.6136817732477 4044.1463577064687
v -3337.1569873286026 -3099.0685967523605 4925.7160334570835
cstype bspline
deg 1
curv 0 4 2853 2854 2855 2856 2853
parm u 0 0 1 2 3 4 4
end
usemtl Default
v -2596.5010223844438 -3818.9005114390457 3505.9249224938012
v -3140.5948227686167 -3452.9020811210794 3116.3682127961874
v -2693.5557198987444 -3463.1015262063011 2333.8638578070095
v -2089.9016273890738 -3830.4588576246169 2619.1652849724542
cstype bspline
deg 1
curv 0 4 2857 2858 2859 2860 2857
parm u 0 0 1 2 3 4 4
end
usemtl Default
v -2624.969447090305 -3853.5478871029918 3516.3803181159301
v -3169.063247474478 -3487.5494567850546 3126.8236084183163
v -2701.0498274343699 -3498.2274425500655 2307.6054750968397
v -2097.3957349246994 -3865.5847739683522 2592.9069022622853
cstype bspline
deg 1
curv 0 4 2861 2862 2863 2864 2861
parm u 0 0 1 2 3 4 4
end
usemtl Default
v -2494.0243999515078 -3144.8460182611598 4081.1119640625557
v -3037.0714409819775 -2771.9608596031321 3697.4322653693043
v -3140.5670617532014 -3452.8682946948975 3116.3580172057355
v -2596.4732613727247 -3818.8667250173457 3505.9147269047116
cstype bspline
deg 1
curv 0 4 2865 2866 2867 2868 2865
parm u 0 0 1 2 3 4 4
end
usemtl Default
v -2517.2255285981082 -3144.6905012385978 4121.3065552521748
v -3060.2725696285779 -2771.8053425805701 3737.6268565589235
v -3169.063247472659 -3487.5494567828428 3126.8236084176551
v -2624.9694470921822 -3853.547887105291 3516.3803181166313
cstype bspline
deg 1
curv 0 4 2869 2870 2871 2872 2869
parm u 0 0 1 2 3 4 4
end
usemtl Default
v -3068.9809858433873 -3501.0602837522747 3167.5862072692289
v -2614.1275498316791 -3511.4380171824014 2371.4035192761476
v -2467.5402918510554 -2824.363307297288 2885.0262958631411
v -2965.6178829516539 -2821.0246962686651 3747.9164362499951
cstype bspline
deg 1
curv 0 4 2873 2874 2875 2876 2873
parm u 0 0 1 2 3 4 4
end
usemtl Default
v -3097.6175016529196 -3481.797208472417 3147.0832225480272
v -2645.8988178585023 -3492.1034207919729 2356.3876546884949
v -2499.2450216663929 -2804.7168371261214 2870.2435725553132
v -2994.1993061637804 -2801.3991616024286 3727.7227678977215
cstype bspline
deg 1
curv 0 4 2877 2878 2879 2880 2877
parm u 0 0 1 2 3 4 4
end
usemtl Default
v -2639.4332487003558 -3790.0064129506063 3475.1309780872825
v -2137.5585294293123 -3801.4569630389742 2596.6414880909724
v -1991.9693446209494 -3119.0603598646703 3106.7671454805895
v -2536.8965347697049 -3115.4077162618632 4050.8214615341394
cstype bspline
deg 1
curv 0 4 2881 2882 2883 2884 2881
parm u 0 0 1 2 3 4 4
end
usemtl Default
v -2668.069764509899 -3770.7433376707195 3454.6279933660735
v -2169.3297974561428 -3782.1223666485166 2581.6256235033125
v -2023.6740744362978 -3099.4138896935037 3091.9844221727581
v -2565.4779579818423 -3095.7821815956268 4030.6277931818577
cstype bspline
deg 1
curv 0 4 2885 2886 2887 2888 2885
parm u 0 0 1 2 3 4 4
end
usemtl Default
v -2098.4809935262965 -3829.5599183787126 2556.0945888529932
v -2704.1722866164273 -3469.1004304463277 2265.1723862816962
v -2411.2457249208819 -3476.3959769371431 1465.1232926574057
v -1766.0863393263353 -3837.8384460717207 1648.2491538779368
cstype bspline
deg 1
curv 0 4 2889 2890 2891 2892 2889
parm u 0 0 1 2 3 4 4
end
usemtl Default
v -2124.388640308498 -3864.5180903039582 2571.3573614989773
v -2730.0799333986288 -3504.0586023716023 2280.4351589276821
v -2422.5030545310037 -3511.719025538041 1440.3727155170554
v -1777.3436689364535 -3873.1614946726186 1623.4985767375865
cstype bspline
deg 1
curv 0 4 2893 2894 2895 2896 2893
parm u 0 0 1 2 3 4 4
end
usemtl Default
v -1905.1211284122837 -3140.8672872229072 3108.9924586280331
v -2509.8146714073155 -2776.8538395594223 2820.9236501440928
v -2704.1496218279062 -3469.0698479862185 2265.1590339491831
v -2098.4583287380228 -3829.5293359189527 2556.0812365206311
cstype bspline
deg 1
curv 0 4 2897 2898 2899 2900 2897
parm u 0 0 1 2 3 4 4
end
usemtl Default
v -1921.195400212262 -3140.7490858384408 3152.4551663516995
v -2525.8889432072901 -2776.7356381749851 2864.3863578677592
v -2730.0799333985051 -3504.0586023714277 2280.4351589275993
v -2124.3886403086217 -3864.5180903041619 2571.3573614990473
cstype bspline
deg 1
curv 0 4 2901 2902 2903 2904 2901
parm u 0 0 1 2 3 4 4
end
usemtl Default
v -2624.4620826293831 -3516.5296586495533 2303.413437590757
v -2326.3563320794892 -3523.9541965601093 1489.2188007127406
v -2104.2864596359032 -2827.1473010709742 1977.4658094458619
v -2430.2497315395449 -2824.7503458309511 2858.8274407340878
cstype bspline
deg 1
curv 0 4 2905 2906 2907 2908 2905
parm u 0 0 1 2 3 4 4
end
usemtl Default
v -2656.3405717393798 -3497.5581066531013 2288.1017427185634
v -2360.3120892160441 -3504.9309087109286 1479.5805974906079
v -2138.1942137865444 -2807.9733903064916 1967.9331464936586
v -2462.0757074866451 -2805.5917433223512 2843.665924498091
cstype bspline
deg 1
curv 0 4 2909 2910 2911 2912 2909
parm u 0 0 1 2 3 4 4
end
usemtl Default
v -2146.2847459794102 -3801.1029385961883 2533.0888606736844
v -1817.0199750311731 -3809.3035142979352 1633.7918490447346
v -1595.6701473762369 -3114.7559625382128 2120.4557537289129
v -1952.8600923329541 -3112.1293834599783 3086.250184274033
cstype bspline
deg 1
curv 0 4 2913 2914 2915 2916 2913
parm u 0 0 1 2 3 4 4
end
usemtl Default
v -2178.163235089407 -3782.1313865997363 2517.7771658014908
v -1850.9757321677243 -3790.2802264487545 1624.1536458226028
v -1629.5779015268781 -3095.5820517737302 2110.9230907767096
v -1984.686068280058 -3092.9707809513784 3071.0886680380381
cstype bspline
deg 1
curv 0 4 2917 2918 2919 2920 2917
parm u 0 0 1 2 3 4 4
end
usemtl Default
v -1784.4076280577865 -3837.304296823917 1587.4890129451005
v -2431.464463999062 -3480.7242061547295 1400.7564942083136
v -2274.1979244216454 -3484.0431778291822 608.63513542450437
v -1606.9240513893092 -3841.0499312431784 693.5383207622117
cstype bspline
deg 1
curv 0 4 2921 2922 2923 2924 2921
parm u 0 0 1 2 3 4 4
end
usemtl Default
v -1807.3369282777057 -3872.5334870649385 1606.6097907950216
v -2454.393764218974 -3515.9533963957801 1419.8772720582347
v -2288.7729372832218 -3519.4486779399449 585.67697218666308
v -1621.4990642508928 -3876.4554313539411 670.5801575243695
cstype bspline
deg 1
curv 0 4 2925 2926 2927 2928 2925
parm u 0 0 1 2 3 4 4
end
usemtl Default
v -1509.7237803518437 -3137.7447405707499 2107.3227571237639
v -2156.3229772133418 -2779.9991166080581 1921.4563837672322
v -2431.4485082944011 -3480.6996913832554 1400.7431887222428
v -1784.3916723526781 -3837.2797820517444 1587.4757074586614
cstype bspline
deg 1
curv 0 4 2929 2930 2931 2932 2929
parm u 0 0 1 2 3 4 4
end
usemtl Default
v -1518.7778120182484 -3137.619726698671 2152.7479074439443
v -2165.3770088797428 -2779.8741027359792 1966.8815340874116
v -2454.3937642191886 -3515.9533963961003 1419.8772720584038
v -1807.3369282774802 -3872.5334870645893 1606.6097907948224
cstype bspline
deg 1
curv 0 4 2933 2934 2935 2936 2933
parm u 0 0 1 2 3 4 4
end
usemtl Default
v -2346.3191285224784 -3527.6427716316248 1425.29494079904
v -2186.3987306016024 -3531.0177506468317 619.80660717946648
v -1897.5992765011324 -2829.4685169516597 1074.7156404136467
v -2071.2441355210394 -2827.0709092347533 1945.91248552467
cstype bspline
deg 1
curv 0 4 2937 2938 2939 2940 2937
parm u 0 0 1 2 3 4 4
end
usemtl Default
v -2380.3747514667702 -3508.8753984384821 1415.4669134971464
v -2221.5184081296247 -3512.2279215197486 615.33801847748146
v -1932.696885881327 -2810.6250800632988 1070.2818128569907
v -2105.2756721979677 -2808.2421921840869 1936.1300448216934
cstype bspline
deg 1
curv 0 4 2941 2942 2943 2944 2941
parm u 0 0 1 2 3 4 4
end
usemtl Default
v -1835.4847843581592 -3809.1533695283288 1572.7153503274058
v -1659.6035676813262 -3812.865187552612 686.83543770923643
v -1371.1351357983076 -3112.1200702769856 1141.2230537634932
v -1560.7710853672033 -3109.5016649947502 2092.6490960693072
cstype bspline
deg 1
curv 0 4 2945 2946 2947 2948 2945
parm u 0 0 1 2 3 4 4
end
usemtl Default
v -1869.5404073024474 -3790.3859963352152 1562.8873230255149
v -1694.7232452093449 -3794.0753584255581 682.36684900725231
v -1406.232745178495 -3093.2766333886248 1136.7892262068372
v -1594.8026220441243 -3090.6729479440837 2082.8666553663325
cstype bspline
deg 1
curv 0 4 2949 2950 2951 2952 2949
parm u 0 0 1 2 3 4 4
end
usemtl Default
v -1625.6893097477514 -3842.6529448067886 638.32420479090069
v -2293.7508688109447 -3487.9578274577798 551.98577067917768
v -2256.2119728347243 -3484.7442523286154 2.7303030947223306E-09
v -1582.2787959345442 -3838.9367207702307 2.7303030947223306E-09
cstype bspline
deg 1
curv 0 4 2953 2954 2955 2956 2953
parm u 0 0 1 2 3 4 4
end
usemtl Default
v -1645.3479218132343 -3878.4544905704679 660.33643256438972
v -2313.4094808764276 -3523.75937322143 573.99799845266716
v -2274.373599339182 -3520.4176463328185 2.7303030947223306E-09
v -1600.4404224390018 -3874.6101147744339 2.7303030947223306E-09
cstype bspline
deg 1
curv 0 4 2957 2958 2959 2960 2957
parm u 0 0 1 2 3 4 4
end
usemtl Default
v -1294.4721592078349 -3131.231436071248 1114.5250427968604
v -1963.0031913693711 -2777.5447028260969 1027.5116130438992
v -2293.7453301836431 -3487.947740712174 551.97956894301205
v -1625.6837711204207 -3842.6428580611537 638.31800305467368
cstype bspline
deg 1
curv 0 4 2961 2962 2963 2964 2961
parm u 0 0 1 2 3 4 4
end
usemtl Default
v -1297.2234099706402 -3130.7157486545038 1160.8603794421297
v -1965.75444213218 -2777.0290154093527 1073.8469496891685
v -2313.4094808764239 -3523.75937322143 573.99799845269627
v -1645.3479218131906 -3878.4544905703806 660.33643256437244
cstype bspline
deg 1
curv 0 4 2965 2966 2967 2968 2965
parm u 0 0 1 2 3 4 4
end
usemtl Default
v -2205.847154573843 -3534.6281625139527 563.33318760515886
v -2167.5365548215414 -3531.3485244920012 2.7303030947223306E-09
v -1813.348266040186 -2835.6455061378947 2.7303030947223306E-09
v -1875.0385818744435 -2824.0824308846786 1038.9607485377001
cstype bspline
deg 1
curv 0 4 2969 2970 2971 2972 2969
parm u 0 0 1 2 3 4 4
end
usemtl Default
v -2241.0082892613973 -3515.959998442966 558.78905949399814
v -2203.0067220268247 -3512.7068156266469 2.7303030947223306E-09
v -1848.8060357162758 -2816.9794458223332 2.7303030947223306E-09
v -1910.2244256724152 -2805.4673396612343 1034.3810943401895
cstype bspline
deg 1
curv 0 4 2973 2974 2975 2976 2973
parm u 0 0 1 2 3 4 4
end
usemtl Default
v -1678.4301342607869 -3814.6506235789857 631.4951092722531
v -1635.4840467424438 -3810.9741574721993 2.7303030947223306E-09
v -1281.4817208990644 -3115.6364108714042 2.7303030947223306E-09
v -1347.2509249047944 -3103.3087992361106 1107.6555615005864
cstype bspline
deg 1
curv 0 4 2977 2978 2979 2980 2977
parm u 0 0 1 2 3 4 4
end
usemtl Default
v -1713.5912689483303 -3795.9824595079699 626.95098116109239
v -1670.9542139477344 -3792.332448606845 2.7303030947223306E-09
v -1316.9394905751324 -3096.9703505558136 2.7303030947223306E-09
v -1382.4367687027916 -3084.6937080126954 1103.0759073030431
cstype bspline
deg 1
curv 0 4 2981 2982 2983 2984 2981
parm u 0 0 1 2 3 4 4
end
usemtl Default
v -1212.8420050624263 -3107.5256186748447 40.000000002730303
v -1886.4355328757301 -2752.9252720336663 40.000000002730303
v -1497.7031469103968 -2041.1228032130748 40.000000002730303
v -823.8835240093249 -2395.3091502816242 40.000000002730303
cstype bspline
deg 1
curv 0 4 2985 2986 2987 2988 2985
parm u 0 0 1 2 3 4 4
end
usemtl Default
v -1229.6699455067501 -3142.9117226951348 2.7303030947223306E-09
v -1903.2634733200539 -2788.3113760539563 2.7303030947223306E-09
v -1495.0310100612842 -2040.8025867394172 2.7303030947223306E-09
v -821.21138716021233 -2394.9889338079665 2.7303030947223306E-09
cstype bspline
deg 1
curv 0 4 2989 2990 2991 2992 2989
parm u 0 0 1 2 3 4 4
end
usemtl Default
v -1277.206945744867 -3096.2226141008141 1169.8432962221814
v -1946.3439367260362 -2742.3953785642516 1091.6975946642615
v -1886.3753020340009 -2752.79861750704 40.143168661890741
v -1212.7817742215339 -3107.3989641499647 40.143168659889398
cstype bspline
deg 1
curv 0 4 2993 2994 2995 2996 2993
parm u 0 0 1 2 3 4 4
end
usemtl Default
v -1297.6046818539398 -3131.1265403526195 1191.2406052212709
v -1966.7416728351091 -2777.2993048160279 1113.0949036633519
v -1903.263473319661 -2788.3113760530832 3.6952769733034074E-09
v -1229.6699455071866 -3142.911722696037 1.6948433767538518E-09
cstype bspline
deg 1
curv 0 4 2997 2998 2999 3000 2997
parm u 0 0 1 2 3 4 4
end
usemtl Default
v -1858.2995958074644 -2788.9515937664255 1101.9799238166188
v -1797.7364099878178 -2799.4579742510687 40.000000002730303
v -1409.0426702128898 -2087.7262699326093 40.000000002730303
v -1451.4776770089302 -2092.8114841273054 675.22205923855836
cstype bspline
deg 1
curv 0 4 3001 3002 3003 3004 3001
parm u 0 0 1 2 3 4 4
end
usemtl Default
v -1893.5173321748953 -2770.3291076855676 1097.8669921556757
v -1833.1887009253114 -2780.7947981119796 40.000000002730303
v -1444.5068608918955 -2069.0848832447955 40.000000002730303
v -1486.6649768815259 -2074.1369161308103 671.07719956946676
cstype bspline
deg 1
curv 0 4 3005 3006 3007 3008 3005
parm u 0 0 1 2 3 4 4
end
usemtl Default
v -1330.0335502960152 -3068.2888849794981 1163.6738987307654
v -1265.95204592542 -3079.4056163376081 40.000000002730303
v -877.07981002783345 -2367.3470702499035 40.000000002730303
v -923.6681789199065 -2372.9300040747039 737.39495427493512
cstype bspline
deg 1
curv 0 4 3009 3010 3011 3012 3009
parm u 0 0 1 2 3 4 4
end
usemtl Default
v -1365.2512866634497 -3049.6663988986402 1159.5609670698213
v -1301.4043368629282 -3060.7424401984899 40.000000002730303
v -912.54400070684642 -2348.7056835620606 40.000000002730303
v -958.85547879251681 -2354.2554360782087 733.2500946058417
cstype bspline
deg 1
curv 0 4 3013 3014 3015 3016 3013
parm u 0 0 1 2 3 4 4
end
usemtl Default
v -1318.8082896120395 -3102.7734996871732 1225.3795021974956
v -1985.9634512297816 -2744.9682549122372 1144.8494672974348
v -1521.3695840023138 -2043.8032839524967 706.32412636849949
v -853.85854388349981 -2401.0714369651978 786.51825123612343
cstype bspline
deg 1
curv 0 4 3017 3018 3019 3020 3017
parm u 0 0 1 2 3 4 4
end
usemtl Default
v -1333.2688300235677 -3137.9879505558347 1200.4615895437037
v -2000.4239916413098 -2780.1827057808987 1119.9315546436428
v -1512.3774882204307 -2043.6230209959613 659.26951323743288
v -844.8664481016167 -2400.8911740086623 739.46363810505682
cstype bspline
deg 1
curv 0 4 3021 3022 3023 3024 3021
parm u 0 0 1 2 3 4 4
end
usemtl Default
v -1496.5150131982809 -3104.6864341171458 2160.0494294306163
v -2146.7775990468945 -2746.6981735467562 1990.6742398835977
v -1985.9583541120155 -2744.9558423607086 1144.8582504778551
v -1318.8031924954557 -3102.7610871385259 1225.3882853758741
cstype bspline
deg 1
curv 0 4 3025 3026 3027 3028 3025
parm u 0 0 1 2 3 4 4
end
usemtl Default
v -1519.7541994577332 -3140.0083510077384 2181.2665132384409
v -2170.0167853063431 -2782.0200904373487 2011.8913236914241
v -2000.4239916407023 -2780.1827057794726 1119.9315546446569
v -1333.2688300241498 -3137.9879505572899 1200.461589542675
cstype bspline
deg 1
curv 0 4 3029 3030 3031 3032 3029
parm u 0 0 1 2 3 4 4
end
usemtl Default
v -2061.2167324878501 -2793.8018920428876 2012.9604490345255
v -1898.1716301281085 -2792.0354457031353 1155.4377400701296
v -1433.5391839866716 -2090.8122514541901 716.8759849037142
v -1600.909492399187 -2094.167494477093 1592.7057472875504
cstype bspline
deg 1
curv 0 4 3033 3034 3035 3036 3033
parm u 0 0 1 2 3 4 4
end
usemtl Default
v -2095.4410791114642 -2774.9604046444292 2004.0459653741545
v -1933.2850596868411 -2773.2035907148093 1151.199317180557
v -1468.6713439929226 -2072.0086644535477 712.65524148962959
v -1635.1469744686037 -2075.345972025767 1583.8032561234495
cstype bspline
deg 1
curv 0 4 3037 3038 3039 3040 3037
parm u 0 0 1 2 3 4 4
end
usemtl Default
v -1547.8515331336966 -3076.4242030195019 2146.6777039400631
v -1371.4701867472104 -3074.5132705277356 1219.0140834137101
v -906.55678389287641 -2372.8660564642341 780.18713611499516
v -1087.3472613579434 -2376.4903312467213 1726.2431147490561
cstype bspline
deg 1
curv 0 4 3041 3042 3043 3044 3041
parm u 0 0 1 2 3 4 4
end
usemtl Default
v -1582.0758797573144 -3057.5827156210726 2137.7632202796904
v -1406.583616305943 -3055.6814155394386 1214.7756605241366
v -941.68894389914203 -2354.0624694635335 775.96639270090873
v -1121.5847434273746 -2357.6688087953953 1717.3406235849534
cstype bspline
deg 1
curv 0 4 3045 3046 3047 3048 3045
parm u 0 0 1 2 3 4 4
end
usemtl Default
v -1559.9983395885938 -3104.0480370578007 2208.9839668955119
v -2206.3354379771408 -2740.2102554175071 2036.0911351380582
v -1659.273239657683 -2048.7273650207208 1615.9844100412938
v -1012.1497580446812 -2411.5711636245542 1788.2733527307155
cstype bspline
deg 1
curv 0 4 3049 3050 3051 3052 3049
parm u 0 0 1 2 3 4 4
end
usemtl Default
v -1571.3354356448253 -3138.9975033064256 2183.3524836260403
v -2217.6725340333687 -2775.1597216661321 2010.4596518685885
v -1642.8097537155409 -2048.5370850869222 1569.0039622573631
v -995.6862721025318 -2411.3808836907556 1741.2929049467848
cstype bspline
deg 1
curv 0 4 3053 3054 3055 3056 3053
parm u 0 0 1 2 3 4 4
end
usemtl Default
v -1893.6765792555962 -3110.2049612420087 3157.3423283943293
v -2507.8340364096148 -2745.772254283278 2892.9925618877769
v -2206.3315232407367 -2740.1981872523611 2036.099985773174
v -1559.9944248536995 -3104.0359688973112 2208.992817527218
cstype bspline
deg 1
curv 0 4 3057 3058 3059 3060 3057
parm u 0 0 1 2 3 4 4
end
usemtl Default
v -1921.1257917841685 -3145.4642981337383 3177.4827023789312
v -2535.2832489381908 -2781.0315911749785 2913.1329358723769
v -2217.6725340326229 -2775.1597216638329 2010.4596518702865
v -1571.335435645582 -3138.9975033087539 2183.3524836243314
cstype bspline
deg 1
curv 0 4 3061 3062 3063 3064 3061
parm u 0 0 1 2 3 4 4
end
usemtl Default
v -2427.023844678828 -2793.7239262515213 2927.7754259017938
v -2121.2814516640028 -2788.0714738890529 2058.8327957912006
v -1574.1254131296591 -2096.4699701001518 1638.6540077635855
v -1887.0306214706288 -2100.0864327703021 2531.5649534430822
cstype bspline
deg 1
curv 0 4 3065 3066 3067 3068 3065
parm u 0 0 1 2 3 4 4
end
usemtl Default
v -2459.3479213711362 -2774.5432574642182 2913.8622802961918
v -2155.2991936842482 -2768.9221169603697 2049.7331730669757
v -1608.1845437408629 -2077.372928068391 1629.5861686746721
v -1919.4046391812772 -2080.9699147191714 2517.688451175989
cstype bspline
deg 1
curv 0 4 3069 3070 3071 3072 3069
parm u 0 0 1 2 3 4 4
end
usemtl Default
v -1942.1626942940748 -3081.4339580610686 3136.4726099859154
v -1611.0153213601807 -3075.3118278192997 2195.3271366545969
v -1063.2384539614941 -2382.9256005768548 1774.6715940973399
v -1401.4203558107693 -2386.8342035376118 2739.7124874495348
cstype bspline
deg 1
curv 0 4 3073 3074 3075 3076 3073
parm u 0 0 1 2 3 4 4
end
usemtl Default
v -1974.4867709863902 -3062.2532892737363 3122.5594643803088
v -1645.0330633804333 -3056.1624708905874 2186.227513930372
v -1097.2975845727051 -2363.828558545094 1765.6037550084238
v -1433.7943735214212 -2367.7176854864811 2725.8359851824398
cstype bspline
deg 1
curv 0 4 3077 3078 3079 3080 3077
parm u 0 0 1 2 3 4 4
end
usemtl Default
v -1974.4423926159652 -3107.0241543435841 3197.4456698629092
v -2582.0963061645853 -2734.4814392543631 2928.4752969370911
v -1940.5066128026156 -2056.6751113228092 2548.4362119646639
v -1331.0955504344674 -2427.3614895641804 2816.3657557804663
cstype bspline
deg 1
curv 0 4 3081 3082 3083 3084 3081
parm u 0 0 1 2 3 4 4
end
usemtl Default
v -1982.5538639600345 -3141.6556026334874 3171.2777984401746
v -2590.2077775086509 -2769.1128875442664 2902.3074255143583
v -1915.624926913144 -2056.4509954059904 2502.725181705202
v -1306.2138645449959 -2427.1373736473615 2770.6547255210044
cstype bspline
deg 1
curv 0 4 3085 3086 3087 3088 3085
parm u 0 0 1 2 3 4 4
end
usemtl Default
v -2483.3989589227931 -3116.7498494430038 4126.3577733071816
v -3043.6685300487225 -2743.3006541992654 3770.9059950538567
v -2582.0937571811337 -2734.4705565199838 2928.4835200409307
v -1974.4398436322008 -3107.0132716078369 3197.4538929677647
cstype bspline
deg 1
curv 0 4 3089 3090 3091 3092 3089
parm u 0 0 1 2 3 4 4
end
usemtl Default
v -2515.7177285086073 -3151.8552263552556 4144.3578902538247
v -3075.9872996345366 -2778.4060311115172 3788.9061120005017
v -2590.2077775087855 -2769.1128875449358 2902.3074255138654
v -1982.5538639598526 -3141.6556026327889 3171.2777984406994
cstype bspline
deg 1
curv 0 4 3093 3094 3095 3096 3093
parm u 0 0 1 2 3 4 4
end
usemtl Default
v -2969.9488496374179 -2792.4387062050228 3817.6759658766614
v -2502.1313996402096 -2783.4891837822797 2963.8599489559574
v -1860.320946701544 -2105.4496347756067 2583.6900993088475
v -2341.4817669320946 -2109.7835773724655 3467.6477584051618
cstype bspline
deg 1
curv 0 4 3097 3098 3099 3100 3097
parm u 0 0 1 2 3 4 4
end
usemtl Default
v -2999.4367218019433 -2772.7834854027024 3798.9679775475388
v -2534.113184563892 -2763.8816724618664 2949.7036135388489
v -1892.3952131419719 -2085.939825394511 2569.5885443711741
v -2371.0830009141573 -2090.2514927348238 3449.0029075654656
cstype bspline
deg 1
curv 0 4 3101 3102 3103 3104 3101
parm u 0 0 1 2 3 4 4
end
usemtl Default
v -2527.6307671695831 -3087.2670182395668 4098.295790813494
v -2022.4046257850241 -3077.6018535884505 3176.204980212573
v -1379.2069500951184 -2398.0967754924495 2795.2134233739516
v -1897.4632572011687 -2402.7648469376436 3747.3205210005981
cstype bspline
deg 1
curv 0 4 3105 3106 3107 3108 3105
parm u 0 0 1 2 3 4 4
end
usemtl Default
v -2557.1186393340977 -3067.6117974372464 4079.5878024843769
v -2054.3864107086956 -3057.9943422680371 3162.04864479547
v -1411.2812165355353 -2378.5869661113538 2781.1118684362846
v -1927.0644911832205 -2383.2327622999728 3728.6756701609092
cstype bspline
deg 1
curv 0 4 3109 3110 3111 3112 3109
parm u 0 0 1 2 3 4 4
end
usemtl Default
v -2578.3268738750048 -3111.9538343309832 4154.7877716833063
v -3128.7373633459356 -2728.179667922057 3794.1060599230332
v -2391.465593547051 -2067.3833713142958 3478.6689511472478
v -1837.1287541451456 -2447.6384588708461 3837.670798682414
cstype bspline
deg 1
curv 0 4 3113 3114 3115 3116 3113
parm u 0 0 1 2 3 4 4
end
usemtl Default
v -2583.3173775522009 -3146.2171951178752 4128.2654400507454
v -3133.7278670231426 -2762.443028708949 3767.5837282904904
v -2357.8835079864584 -2067.0751871661923 3435.6435788103354
v -1803.5466685845531 -2447.3302747227426 3794.6454263455007
cstype bspline
deg 1
curv 0 4 3117 3118 3119 3120 3117
parm u 0 0 1 2 3 4 4
end
usemtl Default
v -3265.8595244898752 -3123.8443076451658 5030.2859941570423
v -3758.7305389589092 -2739.0743277456204 4596.3346802870983
v -3128.7361383977914 -2728.1712577808939 3794.1125699835811
v -2578.3256489271698 -3111.9454241920612 4154.7942817421172
cstype bspline
deg 1
curv 0 4 3121 3122 3123 3124 3121
parm u 0 0 1 2 3 4 4
end
usemtl Default
v -3303.2343751405642 -3158.6765207677963 5044.993164191832
v -3796.1053896095982 -2773.9065408682509 4611.0418503218834
v -3133.7278670229935 -2762.443028707843 3767.5837282913344
v -2583.3173775523755 -3146.2171951190103 4128.2654400498741
cstype bspline
deg 1
curv 0 4 3125 3126 3127 3128 3125
parm u 0 0 1 2 3 4 4
end
usemtl Default
v -3693.879089686674 -2789.7019566797826 4653.4335373752456
v -3056.3053864158646 -2778.6677146480361 3841.5600965059648
v -2318.5265357310127 -2117.4169354664919 3525.9060363492417
v -2979.0233311680458 -2123.478341088834 4372.1346155642714
cstype bspline
deg 1
curv 0 4 3129 3130 3131 3132 3129
parm u 0 0 1 2 3 4 4
end
usemtl Default
v -3719.8196693955688 -2769.4509051061177 4630.5939945399832
v -3085.2743595457832 -2758.4690743106185 3822.5768485185245
v -2347.702158857428 -2097.4035098055901 3507.0112022684452
v -3005.1892463073709 -2103.4372952168633 4349.3837432235441
cstype bspline
deg 1
curv 0 4 3133 3134 3135 3136 3133
parm u 0 0 1 2 3 4 4
end
usemtl Default
v -3304.7703940532047 -3093.4677302846685 4996.0266799041638
v -2621.7707894671039 -3081.6473197095038 4126.3088163175744
v -1880.8921888347541 -2417.6183203795226 3809.3285475612274
v -2586.5346040781442 -2424.0940291682491 4713.3977006752393
cstype bspline
deg 1
curv 0 4 3137 3138 3139 3140 3137
parm u 0 0 1 2 3 4 4
end
usemtl Default
v -3330.7109737621031 -3073.2166787110036 4973.1871370689023
v -2650.7397625970225 -3061.4486793720571 4107.325568330134
v -1910.0678119611694 -2397.6048947186791 3790.4337134804264
v -2612.7005192174765 -2404.0529832962784 4690.6468283345075
cstype bspline
deg 1
curv 0 4 3141 3142 3143 3144 3141
parm u 0 0 1 2 3 4 4
end
usemtl Default
v -3371.1222343783447 -3118.7149598150281 5046.1927154918758
v -3850.0486575522009 -2721.4714667416411 4607.1427473728781
v -3027.0607344270029 -2080.755768429226 4377.2305043082979
v -2540.040988714798 -2471.6984171571094 4814.0194988621279
cstype bspline
deg 1
curv 0 4 3145 3146 3147 3148 3145
parm u 0 0 1 2 3 4 4
end
usemtl Default
v -3373.2260703782704 -3152.553003228415 5019.458256934633
v -3852.1524935521265 -2755.3095101549989 4580.4082888156208
v -2985.14761447817 -2080.3255633351218 4338.1993439517992
v -2498.1278687659651 -2471.2682120630052 4774.9883385056255
cstype bspline
deg 1
curv 0 4 3149 3150 3151 3152 3149
parm u 0 0 1 2 3 4 4
end
usemtl Default
v -4228.4066916879128 -3131.3651962911827 5841.2624965640407
v -4646.4677811142028 -2733.223156298307 5345.7646473962977
v -3850.0483002704386 -2721.4657202314411 4607.1472875242162
v -3371.1218770966698 -3118.7092133059923 5046.1972556423043
cstype bspline
deg 1
curv 0 4 3153 3154 3155 3156 3153
parm u 0 0 1 2 3 4 4
end
usemtl Default
v -4270.566916403026 -3165.8003281388956 5851.6723633670645
v -4688.6280058293196 -2767.6582881459908 5356.1745141993251
v -3852.1524935520792 -2755.3095101544459 4580.4082888160647
v -3373.2260703783104 -3152.5530032289971 5019.4582569341528
cstype bspline
deg 1
curv 0 4 3157 3158 3159 3160 3157
parm u 0 0 1 2 3 4 4
end
usemtl Default
v -4591.4597430317954 -2785.6102668236708 5410.961732813108
v -3787.024505865782 -2773.7344952003041 4664.9103800333633
v -2962.9791889385524 -2132.1955906302319 4434.7027404338023
v -3802.0035240000252 -2140.8075131845253 5216.0354926786367
cstype bspline
deg 1
curv 0 4 3161 3162 3163 3164 3161
parm u 0 0 1 2 3 4 4
end
usemtl Default
v -4613.4629582647613 -2764.6554226135195 5384.8828986463795
v -3812.231159716961 -2752.8269429332286 4641.8024869744422
v -2988.6118071339333 -2111.6196617498354 4411.7138459836005
v -3824.4303730495085 -2120.1986796141719 5190.0612587988671
cstype bspline
deg 1
curv 0 4 3165 3166 3167 3168 3165
parm u 0 0 1 2 3 4 4
end
usemtl Default
v -4261.4115145373653 -3099.9329299759411 5802.1442453139443
v -3408.9246980981661 -3087.3477792065241 5011.5287759171097
v -2578.4899160078749 -2440.8345238364709 4779.5361571868179
v -3465.6007882578233 -2449.9400167401182 5605.6490008751807
cstype bspline
deg 1
curv 0 4 3169 3170 3171 3172 3169
parm u 0 0 1 2 3 4 4
end
usemtl Default
v -4283.4147297703203 -3078.9780857657897 5776.0654111472268
v -3434.1313519493306 -3066.4402269394486 4988.4208828581959
v -2604.1225342032521 -2420.2585949560744 4756.5472627366198
v -3488.0276373073029 -2429.3311831697647 5579.6747669954148
cstype bspline
deg 1
curv 0 4 3173 3174 3175 3176 3173
parm u 0 0 1 2 3 4 4
end
usemtl Default
v -4340.8710234773498 -3126.8220784421719 5845.0590778875867
v -4740.8389314617161 -2714.5218259693356 5345.5954830835635
v -3849.0644130516885 -2096.6152509750682 5214.8305237525401
v -3434.3479398778945 -2498.6962885968969 5712.1314692686883
cstype bspline
deg 1
curv 0 4 3177 3178 3179 3180 3177
parm u 0 0 1 2 3 4 4
end
usemtl Default
v -4340.3467673918385 -3160.1795308284636 5818.2139189907703
v -4740.3146753762048 -2747.8792783556273 5318.7503241867471
v -3799.5969873004942 -2096.060200017615 5180.8086049699432
v -3384.8805141267003 -2498.1412376394437 5678.109550486095
cstype bspline
deg 1
curv 0 4 3181 3182 3183 3184 3181
parm u 0 0 1 2 3 4 4
end
usemtl Default
v -5353.8622991722514 -3139.1786413817026 6540.9720041643359
v -5694.8360532345032 -2726.1585612185881 6000.9802969848297
v -4740.8389885134784 -2714.518195870507 5345.5984044871238
v -4340.8710805291339 -3126.818448341859 5845.0619992923257
cstype bspline
deg 1
curv 0 4 3185 3186 3187 3188 3185
parm u 0 0 1 2 3 4 4
end
usemtl Default
v -5400.2433552492112 -3173.1120480964601 6546.3472197001593
v -5741.2171093114666 -2760.0919679333165 6006.3555125206603
v -4740.3146753761903 -2747.879278356384 5318.7503241861359
v -4340.3467673918494 -3160.179530827736 5818.2139189913523
cstype bspline
deg 1
curv 0 4 3189 3190 3191 3192 3189
parm u 0 0 1 2 3 4 4
end
usemtl Default
v -5649.9710855947415 -2780.5033086084586 6072.0318374031758
v -4688.2062411859697 -2768.7681633110042 5411.3135949935622
v -3794.4964560551416 -2149.5206506621616 5280.2648586888663
v -4802.9945511533479 -2160.8365383354831 5973.8736277484695
cstype bspline
deg 1
curv 0 4 3193 3194 3195 3196 3193
parm u 0 0 1 2 3 4 4
end
usemtl Default
v -5667.9170726506418 -2758.765409652493 6043.6112212358366
v -4709.2571837115684 -2747.0681500230276 5385.0260373723195
v -3816.3236388537625 -2128.3584907873301 5254.0911247143358
v -4821.6792789322899 -2139.6391184356762 5945.5386260743599
cstype bspline
deg 1
curv 0 4 3197 3198 3199 3200 3197
parm u 0 0 1 2 3 4 4
end
usemtl Default
v -5380.7812797561128 -3106.5717929477687 6498.3410799133217
v -4372.4421033018625 -3094.2683626304788 5805.6269593122906
v -3467.0887140758241 -2466.953048784635 5672.8708683068853
v -4522.7236344691992 -2478.7978368326148 6398.8986528601945
cstype bspline
deg 1
curv 0 4 3201 3202 3203 3204 3201
parm u 0 0 1 2 3 4 4
end
usemtl Default
v -5398.7272668120168 -3084.8338939918031 6469.9204637459825
v -4393.4930458274648 -3072.5683493425022 5779.3394016910479
v -3488.9158968744377 -2445.7908889098326 5646.6971343323548
v -4541.4083622481412 -2457.600416932808 6370.5636511860885
cstype bspline
deg 1
curv 0 4 3205 3206 3207 3208 3205
parm u 0 0 1 2 3 4 4
end
usemtl Default
v -5471.1913656814213 -3135.5753120440932 6533.4580225367044
v -5791.0300927291864 -2707.7327008227294 5991.577046707107
v -4849.4624576022034 -2114.4709100681648 5966.0912334982131
v -4505.7832291463965 -2527.2921271483356 6507.3269082968327
cstype bspline
deg 1
curv 0 4 3209 3210 3211 3212 3209
parm u 0 0 1 2 3 4 4
end
usemtl Default
v -5468.2530301366642 -3168.4200559273595 6506.5994303716816
v -5788.0917571844257 -2740.5774447059957 5964.7184545420696
v -4793.3750816408829 -2113.8275711860042 5937.7940335627209
v -4449.695853185076 -2526.6487882661459 6479.0297083613386
cstype bspline
deg 1
curv 0 4 3213 3214 3215 3216 3213
parm u 0 0 1 2 3 4 4
end
usemtl Default
v -6625.800201031474 -3146.8966039612715 7117.4649630456133
v -6890.2647919150295 -2718.5109251992544 6547.5755541538856
v -5791.0302925947835 -2707.7304667231219 5991.5788736286431
v -5471.1915655469711 -3135.5730779450387 6533.459849457804
cstype bspline
deg 1
curv 0 4 3217 3218 3219 3220 3217
parm u 0 0 1 2 3 4 4
end
usemtl Default
v -6675.7054952136605 -3180.2618341557099 7117.3331390478252
v -6940.170086097216 -2751.8761553936929 6547.4437301560974
v -5788.0917571844511 -2740.5774447057338 5964.7184545422879
v -5468.2530301366423 -3168.4200559276214 6506.5994303714633
cstype bspline
deg 1
curv 0 4 3221 3222 3223 3224 3221
parm u 0 0 1 2 3 4 4
end
usemtl Default
v -6855.4668194303486 -2774.8774618784664 6622.5610026922768
v -5748.942444727676 -2764.0255098321359 6062.8770775285229
v -4804.241506489594 -2168.7894912629272 6037.3064538664566
v -5968.9058345160411 -2182.1485374663898 6624.9028386684186
cstype bspline
deg 1
curv 0 4 3225 3226 3227 3228 3225
parm u 0 0 1 2 3 4 4
end
usemtl Default
v -6869.3860084242187 -2752.3308472067583 6592.5668232769222
v -5765.776061940669 -2741.5074776625552 6034.3570261690693
v -4822.3298869346363 -2147.0620587850281 6008.8203657191607
v -5983.9989080874766 -2160.3867479278706 6594.9055584566377
cstype bspline
deg 1
curv 0 4 3229 3230 3231 3232 3229
parm u 0 0 1 2 3 4 4
end
usemtl Default
v -6646.678984522292 -3113.0766819537384 7072.4736939225659
v -5496.438186532796 -3101.7959923757589 6490.6778479203185
v -4532.9157998139708 -2494.7009784314432 6464.5977760758742
v -5742.5097309445264 -2508.5753805441782 7074.8620418451337
cstype bspline
deg 1
curv 0 4 3233 3234 3235 3236 3233
parm u 0 0 1 2 3 4 4
end
usemtl Default
v -6660.5981735161513 -3090.5300672820595 7042.4795145072276
v -5513.271803745778 -3079.2779602062074 6462.1577965608794
v -4551.0041802589949 -2472.9735459535732 6436.111687928591
v -5757.602804515951 -2486.8135910056881 7044.8647616333692
cstype bspline
deg 1
curv 0 4 3237 3238 3239 3240 3237
parm u 0 0 1 2 3 4 4
end
usemtl Default
v -6745.8725116635287 -3144.0127072431496 7099.3766840389089
v -6988.905361754365 -2701.848514432786 6530.0612806788358
v -6015.2508889925703 -2133.4929169080569 6610.3200432745889
v -5737.4727812080419 -2555.3751079918584 7182.4995133714419
cstype bspline
deg 1
curv 0 4 3241 3242 3243 3244 3241
parm u 0 0 1 2 3 4 4
end
usemtl Default
v -6740.6578038977823 -3176.3694590215164 7072.6592739158896
v -6983.6906539886186 -2734.2052662111528 6503.3438705558165
v -5953.4710752158935 -2132.8306711618789 6588.2653194961913
v -5675.6929674313615 -2554.7128622456803 7160.4447895930407
cstype bspline
deg 1
curv 0 4 3245 3246 3247 3248 3245
parm u 0 0 1 2 3 4 4
end
usemtl Default
v -8030.611809545444 -3153.6797034335614 7561.1624010138694
v -8219.5527528241073 -2711.1084359521919 6972.4042906709692
v -6988.9055955662661 -2701.8470636527927 6530.0624786076169
v -6745.8727454755281 -3144.0112564625451 7099.3778819681847
cstype bspline
deg 1
curv 0 4 3249 3250 3251 3252 3249
parm u 0 0 1 2 3 4 4
end
usemtl Default
v -8083.3131493915753 -3186.4737614210462 7555.2611269327444
v -8272.2540926702386 -2743.9024939396768 6966.5030165898443
v -6983.6906539885713 -2734.2052662114438 6503.3438705555836
v -6740.6578038978332 -3176.3694590211962 7072.6592739161515
cstype bspline
deg 1
curv 0 4 3253 3254 3255 3256 3253
parm u 0 0 1 2 3 4 4
end
usemtl Default
v -8194.6921023927061 -2769.3414974628831 7049.8724630844936
v -6956.924834306963 -2760.0265419761417 6604.9714099688808
v -5978.7011379682917 -2189.0037315243389 6685.6068156557412
v -7284.5620255901231 -2203.001844581886 7151.7849960177282
cstype bspline
deg 1
curv 0 4 3257 3258 3259 3260 3257
parm u 0 0 1 2 3 4 4
end
usemtl Default
v -8204.636362565263 -2746.0482728586358 7018.8851941191024
v -6969.7160369433732 -2736.7547423545911 6575.0074413710026
v -5993.3210383779951 -2166.7994056778261 6655.4921067032974
v -7296.2049049626221 -2180.7656067013741 7120.6075228281607
cstype bspline
deg 1
curv 0 4 3261 3262 3263 3264 3261
parm u 0 0 1 2 3 4 4
end
usemtl Default
v -8045.5281998042919 -3118.7398665271176 7514.6814975657162
v -6765.0567947607451 -3109.1035362996336 7054.4309389374048
v -5759.4026318226242 -2522.0686192220601 7137.3274499427171
v -7109.9188350025142 -2536.5454127897101 7619.4470938615596
cstype bspline
deg 1
curv 0 4 3265 3266 3267 3268 3265
parm u 0 0 1 2 3 4 4
end
usemtl Default
v -8055.4724599768415 -3095.4466419228411 7483.6942286003286
v -6777.8479973971516 -3085.831736678083 7024.4669703395302
v -5774.0225322323204 -2499.8642933755473 7107.2127409902769
v -7121.5617143750096 -2514.3091749091982 7588.2696206719975
cstype bspline
deg 1
curv 0 4 3269 3270 3271 3272 3269
parm u 0 0 1 2 3 4 4
end
usemtl Default
v -8150.7912768524766 -3150.8207037057145 7533.2556402545542
v -8322.8583167871584 -2698.0665290796896 6946.7083081662222
v -7331.7265333613177 -2152.490828684502 7129.8070544606344
v -7113.4036844538641 -2579.7831567632966 7724.8995475188767
cstype bspline
deg 1
curv 0 4 3273 3274 3275 3276 3273
parm u 0 0 1 2 3 4 4
end
usemtl Default
v -8143.3627414978473 -3182.8172060787911 7506.9675827388219
v -8315.4297814325218 -2730.0630314527953 6920.4202506504607
v -7265.1067578322545 -2151.9050823037396 7114.4538111126876
v -7046.7839089248009 -2579.197410382505 7709.5463041709281
cstype bspline
deg 1
curv 0 4 3277 3278 3279 3280 3277
parm u 0 0 1 2 3 4 4
end
usemtl Default
v -9557.929031196396 -3158.1238355015812 7861.4311259398182
v -9670.1578163250706 -2705.0590487293375 7260.928232928889
v -8322.8585780288267 -2698.0654038485081 6946.7092326467045
v -8150.7915380935156 -3150.8195784772397 7533.2565647328101
cstype bspline
deg 1
curv 0 4 3281 3282 3283 3284 3281
parm u 0 0 1 2 3 4 4
end
usemtl Default
v -9612.7120956521539 -3190.4443963113299 7849.6512806158335
v -9724.9408807808322 -2737.3796095390862 7249.1483876049042
v -8315.4297814328347 -2730.0630314514565 6920.4202506515521
v -8143.3627414975308 -3182.8172060801589 7506.9675827377014
cstype bspline
deg 1
curv 0 4 3285 3286 3287 3288 3285
parm u 0 0 1 2 3 4 4
end
usemtl Default
v -9655.3908709134048 -2764.6728364625305 7339.9417714829488
v -8300.215850673816 -2757.6383094818157 7023.8859703933813
v -7302.9998427156024 -2208.7135034317034 7208.1086982840807
v -8734.3765388668071 -2221.2987112416304 7537.9848433786174
cstype bspline
deg 1
curv 0 4 3289 3290 3291 3292 3289
parm u 0 0 1 2 3 4 4
end
usemtl Default
v -9661.2976490780711 -2740.82732136923 7308.3363560613161
v -8309.2720106701163 -2733.8091423960868 6993.0150581782491
v -7314.4905189738929 -2186.2244335328287 7176.7880407546982
v -8742.5327866192674 -2198.7803237803455 7505.8957309592315
cstype bspline
deg 1
curv 0 4 3293 3294 3295 3296 3293
parm u 0 0 1 2 3 4 4
end
usemtl Default
v -9566.7891984433918 -3122.3555628616596 7814.0230028073947
v -8164.373450729272 -3115.075815767661 7486.9496536203314
v -7130.6396988412816 -2546.049551914999 7677.9185612248257
v -8612.0328225798985 -2559.0745231616311 8019.3215296694289
cstype bspline
deg 1
curv 0 4 3297 3298 3299 3300 3297
parm u 0 0 1 2 3 4 4
end
usemtl Default
v -9572.6959766080581 -3098.5100477683882 7782.4175873857566
v -8173.4296107255759 -3091.2466486819321 7456.078741405192
v -7142.1303750995794 -2523.5604820160952 7646.5979036954304
v -8620.1890703323625 -2536.556135700288 7987.2324172500284
cstype bspline
deg 1
curv 0 4 3301 3302 3303 3304 3301
parm u 0 0 1 2 3 4 4
end
usemtl Default
v -9674.1035861262062 -3154.3006626671704 7825.2820374949315
v -9781.2844943684613 -2698.2193562287721 7225.8219466727405
v -8783.7274751573495 -2169.5708345288876 7506.7916875037281
v -8620.1014302107833 -2595.7394267051423 8122.1499927894238
cstype bspline
deg 1
curv 0 4 3305 3306 3307 3308 3305
parm u 0 0 1 2 3 4 4
end
usemtl Default
v -9664.4843692677023 -3186.2466611919226 7799.9569864824971
v -9771.6652775099428 -2730.1653547535534 7200.4968956602916
v -8713.0083712195774 -2169.137365656381 7498.6758978235757
v -8549.3823262730148 -2595.3059578326065 8114.0342031092714
cstype bspline
deg 1
curv 0 4 3309 3310 3311 3312 3309
parm u 0 0 1 2 3 4 4
end
usemtl Default
v -11178.692993692239 -3158.0017912532785 8002.1284921248025
v -11208.631115967684 -2701.7304184433306 7393.5894808915309
v -9781.2848308035827 -2698.2182389074587 7225.8228324243337
v -9674.103922561917 -3154.2995453439071 7825.2829232480672
cstype bspline
deg 1
curv 0 4 3313 3314 3315 3316 3313
parm u 0 0 1 2 3 4 4
end
usemtl Default
v -11232.422738475572 -3190.1047866585141 7984.2484705745792
v -11262.360860751021 -2733.8334138485661 7375.7094593413094
v -9771.6652775096663 -2730.1653547544847 7200.4968956595494
v -9664.4843692680006 -3186.2466611909331 7799.9569864832829
cstype bspline
deg 1
curv 0 4 3317 3318 3319 3320 3317
parm u 0 0 1 2 3 4 4
end
usemtl Default
v -11204.691889352496 -2761.7661253920232 7473.6604034222255
v -9767.179623499218 -2758.2289310789201 7304.698871466464
v -8762.1977324012187 -2225.6456492889265 7587.7598855676351
v -10323.420437329609 -2235.2150783111865 7766.9272450441731
cstype bspline
deg 1
curv 0 4 3321 3322 3323 3324 3321
parm u 0 0 1 2 3 4 4
end
usemtl Default
v -11206.26757999857 -2737.7518426125462 7441.6320344099349
v -9772.8207239332187 -2734.2246517927852 7273.1483403704933
v -8770.8096295036739 -2203.2157233849284 7555.37260634206
v -10327.602369339827 -2212.7579991788953 7734.0315789333417
cstype bspline
deg 1
curv 0 4 3325 3326 3327 3328 3325
parm u 0 0 1 2 3 4 4
end
usemtl Default
v -11181.056529661353 -3121.9803670840629 7954.085938606373
v -9682.563116989244 -3118.2931203708285 7777.9568379058601
v -8633.0192758644625 -2562.0945378491015 8073.5690739510665
v -10260.691457176337 -2572.07126529573 8260.3622367064363
cstype bspline
deg 1
curv 0 4 3329 3330 3331 3332 3329
parm u 0 0 1 2 3 4 4
end
usemtl Default
v -11182.632220307427 -3097.9660843045858 7922.057569594097
v -9688.2042174232411 -3094.2888410846645 7746.4063068099003
v -8641.6311729669105 -2539.6646119450743 8041.1817947255058
v -10264.873389186552 -2549.6141861634096 8227.4665705956177
cstype bspline
deg 1
curv 0 4 3333 3334 3335 3336 3333
parm u 0 0 1 2 3 4 4
end
usemtl Default
v -11282.18513593261 -3152.0018874387897 7959.7741739629801
v -11329.202477399333 -2705.3893854807829 7344.8625827568412
v -10375.499826937423 -2183.7409922305378 7723.0545464220941
v -10268.364908088122 -2597.4708785928669 8361.8058371720199
cstype bspline
deg 1
curv 0 4 3337 3338 3339 3340 3337
parm u 0 0 1 2 3 4 4
end
usemtl Default
v -11269.926965426828 -3184.3907564015535 7936.2662903019173
v -11316.944306893551 -2737.7782544435468 7321.3546990957639
v -10303.770077419613 -2183.6005884470942 7723.1301908532696
v -10196.635158570312 -2597.3304748093942 8361.8814816031972
cstype bspline
deg 1
curv 0 4 3341 3342 3343 3344 3341
parm u 0 0 1 2 3 4 4
end
usemtl Default
v -12948.456921690544 -3149.7538121981779 7962.0151021406782
v -12891.919708526784 -2703.2809024125745 7346.9643300168536
v -11329.203208473256 -2705.3874538175296 7344.8639847605609
v -11282.18586700617 -3151.9999557764968 7959.7755759660158
cstype bspline
deg 1
curv 0 4 3345 3346 3347 3348 3345
parm u 0 0 1 2 3 4 4
end
usemtl Default
v -12999.994508105094 -3182.058614767564 7938.591561171992
v -12943.457294941192 -2735.5857049818442 7323.5407890482402
v -11316.944306893725 -2737.7782544430811 7321.3546990960986
v -11269.926965426632 -3184.3907564020774 7936.2662903015244
cstype bspline
deg 1
curv 0 4 3349 3350 3351 3352 3349
parm u 0 0 1 2 3 4 4
end
usemtl Default
v -12899.358815521991 -2762.0273379106657 7427.8920631910514
v -11323.012464021143 -2764.1522624387871 7425.7733989409771
v -10361.403127088834 -2238.1791351729189 7807.1007688891896
v -12068.967934268589 -2241.5215218540106 7805.3000130047021
cstype bspline
deg 1
curv 0 4 3353 3354 3355 3356 3353
parm u 0 0 1 2 3 4 4
end
usemtl Default
v -12896.383172723909 -2738.5287637113943 7395.5209699213719
v -11325.487060940355 -2740.646341283049 7393.4096309827892
v -10367.041807028269 -2216.4038779959665 7773.4822799023514
v -12068.723219323754 -2219.7347485222272 7771.6877285015325
cstype bspline
deg 1
curv 0 4 3357 3358 3359 3360 3357
parm u 0 0 1 2 3 4 4
end
usemtl Default
v -12943.993457493394 -3114.505950899329 7913.4584622361581
v -11285.893510233054 -3116.7410797748307 7911.2299183137093
v -10276.822927997273 -2564.8079928274383 8311.3781036917753
v -12072.638658441127 -2568.3231218309375 8309.4842805522658
cstype bspline
deg 1
curv 0 4 3361 3362 3363 3364 3361
parm u 0 0 1 2 3 4 4
end
usemtl Default
v -12941.017814695337 -3091.0073767000868 7881.0873689664641
v -11288.368107152291 -3093.2351586190925 7878.8661503555068
v -10282.461607936712 -2543.0327356504276 8277.7596147049244
v -12072.393943496289 -2546.5363484991249 8275.8719960490835
cstype bspline
deg 1
curv 0 4 3365 3366 3367 3368 3365
parm u 0 0 1 2 3 4 4
end
usemtl Default
v -13033.78193112215 -3141.1233997042582 7920.0424738873771
v -13017.983201018058 -2719.3934002458118 7285.2404312501421
v -12123.868877913446 -2192.0196918337606 7743.1701534389376
v -12082.848142552757 -2580.2359767281741 8407.0728617996083
cstype bspline
deg 1
curv 0 4 3369 3370 3371 3372 3369
parm u 0 0 1 2 3 4 4
end
usemtl Default
v -13019.104420732223 -3174.5214647043031 7899.4839943965362
v -13003.305690628131 -2752.7914652458567 7264.6819517593012
v -12052.854505900319 -2192.1886955529626 7751.4651692176139
v -12011.833770539633 -2580.4049804473761 8415.3678775782846
cstype bspline
deg 1
curv 0 4 3373 3374 3375 3376 3373
parm u 0 0 1 2 3 4 4
end
usemtl Default
v -14543.14577170855 -3133.4313345830014 7746.4744849058243
v -14402.605234725852 -2712.3367916082498 7126.0171896246993
v -13017.984567732601 -2719.3902903436392 7285.2423455784046
v -13033.783297837708 -3141.1202897997864 7920.0443882170584
cstype bspline
deg 1
curv 0 4 3377 3378 3379 3380 3377
parm u 0 0 1 2 3 4 4
end
usemtl Default
v -14589.934521964766 -3166.5193826912437 7718.845590097997
v -14449.393984982067 -2745.424839716492 7098.3882948168721
v -13003.305690627636 -2752.7914652469917 7264.6819517586046
v -13019.104420732743 -3174.5214647031389 7899.4839943972602
cstype bspline
deg 1
curv 0 4 3381 3382 3383 3384 3381
parm u 0 0 1 2 3 4 4
end
usemtl Default
v -14421.097410644627 -2767.7439683154225 7207.6563074248352
v -13020.056765587597 -2774.8811132777773 7368.7696870850705
v -12118.471412734409 -2243.1007819514489 7830.5257729600653
v -13673.981549178039 -2239.3988975179091 7648.8304236960248
cstype bspline
deg 1
curv 0 4 3385 3386 3387 3388 3385
parm u 0 0 1 2 3 4 4
end
usemtl Default
v -14413.700540277114 -2745.5810976325301 7175.0006603047768
v -13019.22525347706 -2752.6847975169076 7335.3590532619546
v -12120.630398806021 -2222.6683459043852 7795.583525151611
v -13669.055474232784 -2218.9833228698699 7614.7157646032319
cstype bspline
deg 1
curv 0 4 3389 3390 3391 3392 3389
parm u 0 0 1 2 3 4 4
end
usemtl Default
v -14532.050466157281 -3100.187028558692 7697.4910142257231
v -13032.529447245674 -3107.8258496905328 7869.9291944318193
v -12086.086621660179 -2549.5873226575786 8354.6594900869113
v -13747.872673356855 -2545.6325172387296 8160.5503100879559
cstype bspline
deg 1
curv 0 4 3393 3394 3395 3396 3393
parm u 0 0 1 2 3 4 4
end
usemtl Default
v -14524.653595789772 -3078.0241578757996 7664.835367105663
v -13031.697935135133 -3085.6295339296921 7836.5185606087016
v -12088.245607731795 -2529.1548866104858 8319.7172422784552
v -13742.9465984116 -2525.2169425906613 8126.4356509951613
cstype bspline
deg 1
curv 0 4 3397 3398 3399 3400 3397
parm u 0 0 1 2 3 4 4
end
usemtl Default
v -14609.953769083295 -3122.4956108372135 7708.4739923687175
v -14523.457290212478 -2738.9769938479585 7054.6976920752659
v -13725.901301002887 -2194.1366079290747 7567.5848381631386
v -13765.353587875099 -2545.517574307567 8251.6140131144421
cstype bspline
deg 1
curv 0 4 3401 3402 3403 3404 3401
parm u 0 0 1 2 3 4 4
end
usemtl Default
v -14593.056242485458 -3157.2032505101524 7691.8043016761603
v -14506.559763614641 -2773.6846335208684 7038.028001382716
v -13658.72094362232 -2194.4941614645941 7583.2507050067052
v -13698.173230494533 -2545.8751278430864 8267.2798799580105
cstype bspline
deg 1
curv 0 4 3405 3406 3407 3408 3405
parm u 0 0 1 2 3 4 4
end
usemtl Default
v -16019.288362793941 -3110.9649223287415 7382.228780255462
v -15796.051527216005 -2728.5646064402827 6760.1066193562147
v -14523.459613851359 -2738.972221077187 7054.6999843836184
v -14609.956092722045 -3122.490838066733 7708.476284676939
cstype bspline
deg 1
curv 0 4 3409 3410 3411 3412 3409
parm u 0 0 1 2 3 4 4
end
usemtl Default
v -16061.018935936652 -3145.1978386776755 7351.9843915722286
v -15837.782100358712 -2762.7975227892166 6729.8622306729812
v -14506.559763614685 -2773.6846335207811 7038.0280013827596
v -14593.056242485385 -3157.2032505102979 7691.8043016760876
cstype bspline
deg 1
curv 0 4 3413 3414 3415 3416 3413
parm u 0 0 1 2 3 4 4
end
usemtl Default
v -15825.424795055209 -2778.8804374782485 6841.96479842191
v -14534.831529448053 -2789.4352722374024 7140.7253115165568
v -13731.092391380807 -2240.3709456104552 7657.5886769725275
v -15159.702739869139 -2232.767462971824 7324.4493433428852
cstype bspline
deg 1
curv 0 4 3417 3418 3419 3420 3417
parm u 0 0 1 2 3 4 4
end
usemtl Default
v -15813.675487919525 -2758.754105063068 6809.221526795629
v -14530.279083191675 -2769.2500818695407 7106.3160325537483
v -13729.015955229639 -2221.877210537903 7621.5871414487665
v -15149.993123690085 -2214.314353918744 7290.2277980807485
cstype bspline
deg 1
curv 0 4 3421 3422 3423 3424 3421
parm u 0 0 1 2 3 4 4
end
usemtl Default
v -16001.664402090413 -3080.7754237059562 7333.1138728160367
v -14603.118223293721 -3092.2131277554145 7656.8644959585563
v -13762.238933648343 -2517.7769716987095 8197.6117098288014
v -15305.346982554962 -2509.5640987681691 7837.772522274794
cstype bspline
deg 1
curv 0 4 3425 3426 3427 3428 3425
parm u 0 0 1 2 3 4 4
end
usemtl Default
v -15989.915094954733 -3060.6490912907757 7300.3706011897611
v -14598.56577703734 -3072.0279373875528 7622.4552169957551
v -13760.162497497175 -2499.2832366261864 8161.6101743050476
v -15295.637366375904 -2491.1109897150891 7803.5509770126664
cstype bspline
deg 1
curv 0 4 3429 3430 3431 3432 3429
parm u 0 0 1 2 3 4 4
end
usemtl Default
v -16072.804400980938 -3097.6318658664823 7344.8920461468533
v -15908.052113006153 -2762.8086180918617 6678.8107484404336
v -15202.713262514488 -2194.088290127751 7228.9200176573413
v -15331.168425764477 -2499.6448773983284 7923.3102405606533
cstype bspline
deg 1
curv 0 4 3433 3434 3435 3436 3433
parm u 0 0 1 2 3 4 4
end
usemtl Default
v -16054.439888419933 -3133.7445703099947 7332.9279067693806
v -15889.687600445148 -2798.9213225353742 6666.8466090629609
v -15140.105700752774 -2194.5274719316803 7251.4620045860811
v -15268.56086400276 -2500.0840592022869 7945.852227489393
cstype bspline
deg 1
curv 0 4 3437 3438 3439 3440 3437
parm u 0 0 1 2 3 4 4
end
usemtl Default
v -17369.130165439947 -3084.1224390654534 6880.4268451860098
v -17060.204714033887 -2750.8008841367264 6266.00227024181
v -15908.055707499101 -2762.8015497386223 6678.8130901859313
v -16072.807995472747 -3097.6247975154838 7344.8943878916016
cstype bspline
deg 1
curv 0 4 3441 3442 3443 3444 3441
parm u 0 0 1 2 3 4 4
end
usemtl Default
v -17405.806038580027 -3119.6688794223592 6848.7383051389315
v -17096.880587173968 -2786.3473244936322 6234.3137301947318
v -15889.687600445712 -2798.9213225342683 6666.8466090633283
v -16054.439888419354 -3133.7445703111298 7332.9279067690004
cstype bspline
deg 1
curv 0 4 3445 3446 3447 3448 3445
parm u 0 0 1 2 3 4 4
end
usemtl Default
v -17100.852799745207 -2794.658983469446 6346.8476090502572
v -15929.721436955911 -2806.8573673425417 6766.4597385519537
v -15219.615257678961 -2234.2931042423006 7320.2871522498808
v -16513.318701638331 -2225.2179862168268 6854.4864517787191
cstype bspline
deg 1
curv 0 4 3449 3450 3451 3452 3449
parm u 0 0 1 2 3 4 4
end
usemtl Default
v -17084.59356546068 -2777.1157437363581 6314.5094735268776
v -15921.050263904464 -2789.2350911437825 6731.4028281464653
v -15212.854459613172 -2218.2111785964516 7283.7402984128639
v -16498.6246312394 -2209.1917111786024 6820.7959896650627
cstype bspline
deg 1
curv 0 4 3453 3454 3455 3456 3453
parm u 0 0 1 2 3 4 4
end
usemtl Default
v -17344.74131401315 -3057.8075794658216 6831.9196419009368
v -16059.789032727636 -3071.1915103242791 7292.3133946342787
v -15321.027228665793 -2475.5219889295986 7868.4899598051234
v -16733.729757622303 -2465.61211178964 7359.8433834835796
cstype bspline
deg 1
curv 0 4 3457 3458 3459 3460 3457
parm u 0 0 1 2 3 4 4
end
usemtl Default
v -17328.482079728619 -3040.2643397327338 6799.5815063775572
v -16051.117859676186 -3053.5692341254908 7257.256484228792
v -15314.266430600004 -2459.4400632837787 7831.9431059681065
v -16719.035687223371 -2449.5858367514738 7326.1529213699232
cstype bspline
deg 1
curv 0 4 3461 3462 3463 3464 3461
parm u 0 0 1 2 3 4 4
end
usemtl Default
v -17411.483387374057 -3068.4035558317846 6840.9970674134838
v -17159.4377518291 -2790.1387670380645 6175.5707051993322
v -16543.527870000195 -2194.803067425295 6749.5007237224072
v -16769.201097222416 -2447.5764058908389 7439.5019746397757
cstype bspline
deg 1
curv 0 4 3465 3466 3467 3468 3465
parm u 0 0 1 2 3 4 4
end
usemtl Default
v -17392.565994340097 -3105.8432809724472 6834.3615334701444
v -17140.52035879514 -2827.5784921787272 6168.9351712559928
v -16486.31553019079 -2195.2270706189738 6778.5499874428097
v -16711.988757413012 -2448.0004090845177 7468.5512383601763
cstype bspline
deg 1
curv 0 4 3469 3470 3471 3472 3469
parm u 0 0 1 2 3 4 4
end
usemtl Default
v -18580.881111634721 -3053.9783867073711 6249.7489657934075
v -18182.606941291651 -2777.5161592447548 5658.256371032172
v -17159.442829109528 -2790.1287185084948 6175.5724861247745
v -17411.488464655868 -3068.39350729945 6840.9988483394009
cstype bspline
deg 1
curv 0 4 3473 3474 3475 3476 3473
parm u 0 0 1 2 3 4 4
end
usemtl Default
v -18612.619778076994 -3090.8036597909522 6217.4971652896347
v -18214.345607733921 -2814.3414323283068 5626.0045705283974
v -17140.520358794456 -2827.578492180066 6168.9351712557545
v -17392.565994340795 -3105.8432809710794 6834.3615334703809
cstype bspline
deg 1
curv 0 4 3477 3478 3479 3480 3477
parm u 0 0 1 2 3 4 4
end
usemtl Default
v -18235.011437389425 -2813.8927681214118 5736.084344027071
v -17192.591450289921 -2826.742694842309 6263.1363111558876
v -16573.22171568733 -2228.0627172234235 6840.2903620010075
v -17722.758486989696 -2219.5434491089836 6256.6191306354322
cstype bspline
deg 1
curv 0 4 3481 3482 3483 3484 3481
parm u 0 0 1 2 3 4 4
end
usemtl Default
v -18214.049638950317 -2799.3421245707432 5704.9531548291106
v -17179.325890524546 -2812.0971796427912 6228.1138710392152
v -16561.344177412477 -2214.7588573041721 6803.9745066895684
v -17702.922092437308 -2206.2985726274201 6224.3443426127833
cstype bspline
deg 1
curv 0 4 3485 3486 3487 3488 3485
parm u 0 0 1 2 3 4 4
end
usemtl Default
v -18549.438413976059 -3032.1524213813827 6203.0521819964688
v -17391.574846770578 -3046.4254228352511 6788.4729129059433
v -16751.384789810138 -2427.6206160119909 7385.0281916726144
v -18020.30440527555 -2418.2165963323205 6740.7409509751869
cstype bspline
deg 1
curv 0 4 3489 3490 3491 3492 3489
parm u 0 0 1 2 3 4 4
end
usemtl Default
v -18528.476615536951 -3017.6017778307141 6171.9209927985085
v -17378.309287005202 -3031.7799076357041 6753.4504727892727
v -16739.507251535284 -2414.3167560927686 7348.7123363611736
v -18000.468010723162 -2404.971719850786 6708.4661629525363
cstype bspline
deg 1
curv 0 4 3493 3494 3495 3496 3493
parm u 0 0 1 2 3 4 4
end
usemtl Default
v -18612.540853935512 -3036.5712165344739 6206.2712783333827
v -18265.598607347129 -2820.0985372839496 5560.3045250668401
v -17737.531818867195 -2198.0497136061022 6147.0903722544226
v -18066.389991846678 -2393.219828557747 6813.1520807135439
cstype bspline
deg 1
curv 0 4 3497 3498 3499 3500 3497
parm u 0 0 1 2 3 4 4
end
usemtl Default
v -18594.15179209919 -3075.1375913090305 6205.3448108232424
v -18247.209545510821 -2858.6649120584771 5559.3780575567016
v -17686.674647735766 -2198.3695073899871 6182.2423467802946
v -18015.532820715245 -2393.5396223416319 6848.3040552394177
cstype bspline
deg 1
curv 0 4 3501 3502 3503 3504 3501
parm u 0 0 1 2 3 4 4
end
usemtl Default
v -19639.385437326491 -3021.6287787664623 5499.5359003586091
v -19150.531468909234 -2807.2192608548503 4951.241892781909
v -18265.605242284968 -2820.0846221912943 5560.3048593445892
v -18612.547488873006 -3036.5573014425754 6206.27161261111
cstype bspline
deg 1
curv 0 4 3505 3506 3507 3508 3505
parm u 0 0 1 2 3 4 4
end
usemtl Default
v -19666.354080341618 -3059.549546284863 5467.3864513750323
v -19177.500111924357 -2845.140028373251 4919.0924437983322
v -18247.209545510996 -2858.6649120581569 5559.3780575567052
v -18594.151792099034 -3075.1375913094089 6205.3448108232242
cstype bspline
deg 1
curv 0 4 3509 3510 3511 3512 3509
parm u 0 0 1 2 3 4 4
end
usemtl Default
v -19214.854359490459 -2835.431039527437 5023.3858411472756
v -18311.237315117582 -2848.5681343901088 5645.3130268538243
v -17780.802631101342 -2223.7299918892095 6234.7300707358991
v -18775.374657816817 -2217.4760468763125 5547.2917062052184
cstype bspline
deg 1
curv 0 4 3513 3514 3515 3516 3513
parm u 0 0 1 2 3 4 4
end
usemtl Default
v -19189.125203257965 -2824.1463280583848 4994.5282618011279
v -18292.977196876054 -2837.1748354821466 5611.3147766819311
v -17763.494306207682 -2213.4578805759375 6199.674191343307
v -18750.399930603755 -2207.2521424875013 5517.5347683982745
cstype bspline
deg 1
curv 0 4 3517 3518 3519 3520 3517
parm u 0 0 1 2 3 4 4
end
usemtl Default
v -19600.79170297776 -3004.7017115629278 5456.2495313393974
v -18585.139088740449 -3019.4676180095412 6155.2867794321373
v -18040.427504506191 -2377.8116615878535 6760.5682616246704
v -19149.995566012694 -2370.8346127082186 5993.6457733092848
cstype bspline
deg 1
curv 0 4 3521 3522 3523 3524 3521
parm u 0 0 1 2 3 4 4
end
usemtl Default
v -19575.06254674527 -2993.4170000938757 5427.3919519932515
v -18566.878970498918 -3008.0743191015499 6121.2885292602459
v -18023.119179612531 -2367.5395502746105 6725.5123822320784
v -19125.020838799635 -2360.6107083194074 5963.8888355023391
cstype bspline
deg 1
curv 0 4 3525 3526 3527 3528 3525
parm u 0 0 1 2 3 4 4
end
usemtl Default
v -19659.981361462414 -3004.0611746186332 5451.0185450194494
v -19214.14934705339 -2851.3525477770891 4848.5503278161541
v -18773.057910668969 -2204.4086413152982 5438.2818837165232
v -19207.273101247545 -2340.0790017802792 6056.2815917333937
cstype bspline
deg 1
curv 0 4 3529 3530 3531 3532 3529
parm u 0 0 1 2 3 4 4
end
usemtl Default
v -19643.323039334362 -3043.4751559672004 5455.8389892422365
v -19197.491024925337 -2890.7665291256562 4853.3707720389411
v -18729.621806527008 -2204.5479474526364 5478.903755371377
v -19163.83699710558 -2340.2183079176175 6096.9034633882457
cstype bspline
deg 1
curv 0 4 3533 3534 3535 3536 3533
parm u 0 0 1 2 3 4 4
end
usemtl Default
v -20527.077191616369 -2988.5457044008945 4643.5827898906809
v -19951.992378807918 -2838.1471130550781 4161.4749551297709
v -19214.157240816283 -2851.3338709486998 4848.548043585879
v -19659.989255224857 -3004.0424977913499 5451.0162607893035
cstype bspline
deg 1
curv 0 4 3537 3538 3539 3540 3537
parm u 0 0 1 2 3 4 4
end
usemtl Default
v -20549.454427159115 -3027.2805691070971 4612.0482030314806
v -19974.369614350668 -2876.8819777613098 4129.9403682705715
v -19197.491024925559 -2890.7665291251615 4853.3707720388775
v -19643.323039334129 -3043.4751559677825 5455.838989242302
cstype bspline
deg 1
curv 0 4 3541 3542 3543 3544 3541
parm u 0 0 1 2 3 4 4
end
usemtl Default
v -20027.661433124824 -2857.9364013900631 4224.9101965456812
v -19272.798968536445 -2871.4274755487277 4927.8391547897481
v -18830.191488376677 -2222.2600045343861 5519.5976347713786
v -19658.89406532767 -2219.6022303793288 4744.5868370505468
cstype bspline
deg 1
curv 0 4 3545 3546 3547 3548 3545
parm u 0 0 1 2 3 4 4
end
usemtl Default
v -19997.393811398062 -2850.0206860560866 4199.5360999793184
v -19249.334125672773 -2863.3901793991099 4896.1303012527842
v -18807.338057293593 -2215.1194592467509 5487.0713343494372
v -19629.087144705987 -2212.4839859814092 4718.5635084114165
cstype bspline
deg 1
curv 0 4 3549 3550 3551 3552 3549
parm u 0 0 1 2 3 4 4
end
usemtl Default
v -20481.675759026224 -2976.6721313999151 4605.5216450411363
v -19624.771611491502 -2991.9869177928776 5403.4719578442182
v -19172.992954622918 -2329.3681838488556 6007.492141100478
v -20105.99787465288 -2326.3758963478904 5134.9367666375347
cstype bspline
deg 1
curv 0 4 3553 3554 3555 3556 3553
parm u 0 0 1 2 3 4 4
end
usemtl Default
v -20451.408137299462 -2968.7564160659385 4580.1475484747707
v -19601.30676862783 -2983.949621643289 5371.7631043072524
v -19150.139523539838 -2322.2276385611913 5974.9658406785402
v -20076.190954031201 -2319.2576519499708 5108.9134379984025
cstype bspline
deg 1
curv 0 4 3557 3558 3559 3560 3557
parm u 0 0 1 2 3 4 4
end
usemtl Default
v -20536.251746813417 -2973.2362747896113 4590.0618158653178
v -19993.928499145004 -2881.7721271157498 4058.3833640163884
v -19638.804618912654 -2213.0762330911821 4641.3932669763199
v -20174.274435265324 -2291.6354153828579 5184.3230554678757
cstype bspline
deg 1
curv 0 4 3561 3562 3563 3564 3561
parm u 0 0 1 2 3 4 4
end
usemtl Default
v -20522.493921288638 -3013.189678457391 4600.2143084223953
v -19980.17067362024 -2921.7255307834712 4068.5358565734441
v -19603.780474106934 -2212.9852996254049 4686.4588572732209
v -20139.250290459604 -2291.5444819170807 5229.3886457647786
cstype bspline
deg 1
curv 0 4 3565 3566 3567 3568 3565
parm u 0 0 1 2 3 4 4
end
usemtl Default
v -21227.608152539626 -2956.9322911950003 3703.9100476392314
v -20578.226915672378 -2867.9892019941472 3309.4547439983235
v -19993.936676626829 -2881.7483793053252 4058.3773295000183
v -20536.259924296355 -2973.2125269759563 4590.0557813481273
cstype bspline
deg 1
curv 0 4 3569 3570 3571 3572 3569
parm u 0 0 1 2 3 4 4
end
usemtl Default
v -21245.569736347468 -2996.1623045857414 3673.4012748656114
v -20596.188499480224 -2907.2192153848591 3278.9459712247035
v -19980.170673619683 -2921.7255307850719 4068.5358565738634
v -20522.49392128921 -3013.1896784557321 4600.2143084219724
cstype bspline
deg 1
curv 0 4 3573 3574 3575 3576 3573
parm u 0 0 1 2 3 4 4
end
usemtl Default
v -20663.671815260179 -2879.6922400468902 3361.3567576352871
v -20065.274466249346 -2893.7836190865783 4128.3613382879093
v -19709.261173695904 -2223.4129676032462 4712.8313970410018
v -20363.97057766631 -2225.1127948369249 3870.4163737328399
cstype bspline
deg 1
curv 0 4 3577 3578 3579 3580 3577
parm u 0 0 1 2 3 4 4
end
usemtl Default
v -20629.493855425058 -2875.0110248257988 3340.5959521805007
v -20036.73113742478 -2888.969716577587 4100.3782618746582
v -19681.078551782601 -2219.278273798438 4684.2561450151279
v -20330.036006862822 -2220.9631672014657 3849.2421581500148
cstype bspline
deg 1
curv 0 4 3581 3582 3583 3584 3581
parm u 0 0 1 2 3 4 4
end
usemtl Default
v -21176.341212786952 -2949.9104683633486 3672.768839457055
v -20493.424398617793 -2965.9921567213314 4548.1074844866434
v -20132.000502395378 -2285.433374675602 5141.4601774290713
v -20872.989139718549 -2287.357209369191 4188.029607475175
cstype bspline
deg 1
curv 0 4 3585 3586 3587 3588 3585
parm u 0 0 1 2 3 4 4
end
usemtl Default
v -21142.163252951828 -2945.2292531422572 3652.0080340022696
v -20464.881069793228 -2961.1782542123401 4520.1244080733923
v -20103.817880482078 -2281.2986808707647 5112.8849254031975
v -20839.05456891506 -2283.2075817336736 4166.8553918923508
cstype bspline
deg 1
curv 0 4 3589 3590 3591 3592 3589
parm u 0 0 1 2 3 4 4
end
usemtl Default
v -21225.770916534355 -2946.7774880421057 3646.4324326574078
v -20598.135180987141 -2908.4858451530454 3211.4850250088439
v -20326.672947588755 -2222.0739258458489 3777.9122722838019
v -20950.708999877963 -2251.2635088899697 4220.3707014596303
cstype bspline
deg 1
curv 0 4 3593 3594 3595 3596 3593
parm u 0 0 1 2 3 4 4
end
usemtl Default
v -21215.781693290977 -2986.9978063271265 3661.0345112278173
v -20588.145957743764 -2948.7061634380661 3226.0871035792534
v -20300.644810665501 -2221.738689183956 3825.9808025636821
v -20924.680862954709 -2250.9282722280768 4268.4392317395104
cstype bspline
deg 1
curv 0 4 3597 3598 3599 3600 3597
parm u 0 0 1 2 3 4 4
end
usemtl Default
v -21732.659964055802 -2929.6345167418476 2712.5705738828146
v -21027.638647723157 -2893.9558788753056 2420.1940982326814
v -20598.142026842717 -2908.4582811990113 3211.475017852269
v -21225.777762390462 -2946.749924085947 3646.4224255000618
cstype bspline
deg 1
curv 0 4 3601 3602 3603 3604 3601
parm u 0 0 1 2 3 4 4
end
usemtl Default
v -21746.403523441688 -2969.0808056129899 2683.4460755583314
v -21041.382207109047 -2933.4021677464189 2391.0695999081972
v -20588.145957743494 -2948.7061634391139 3226.0871035796417
v -21215.781693291239 -2986.9978063260496 3661.0345112274354
cstype bspline
deg 1
curv 0 4 3605 3606 3607 3608 3605
parm u 0 0 1 2 3 4 4
end
usemtl Default
v -21120.404610398509 -2898.650436489319 2458.6646871340154
v -20680.708163271549 -2913.4972466073232 3268.7372048708603
v -20408.782954468916 -2225.9146604569105 3836.1304866490445
v -20888.166630024629 -2232.0890164483571 2950.8090058194712
cstype bspline
deg 1
curv 0 4 3609 3610 3611 3612 3609
parm u 0 0 1 2 3 4 4
end
usemtl Default
v -21083.29822532837 -2896.7726134437253 2443.2764515734825
v -20647.674703505952 -2911.4818969816843 3245.845236047162
v -20375.938951716853 -2224.37836661248 3812.8432009029475
v -20851.160560671371 -2230.4991161042417 2935.2081874158612
cstype bspline
deg 1
curv 0 4 3613 3614 3615 3616 3613
parm u 0 0 1 2 3 4 4
end
usemtl Default
v -21677.000386450592 -2926.817782173428 2689.4882205420145
v -21176.210059755547 -2943.7274909917905 3612.1167372263362
v -20901.442995749869 -2248.9590681233385 4185.4397728404865
v -21443.257670323481 -2255.9375216101471 3184.8212818736338
cstype bspline
deg 1
curv 0 4 3617 3618 3619 3620 3617
parm u 0 0 1 2 3 4 4
end
usemtl Default
v -21639.894001380457 -2924.9399591278343 2674.0999849814825
v -21143.176599989951 -2941.7121413661516 3589.2247684026397
v -20868.59899299781 -2247.4227742788789 4162.1524870943922
v -21406.251600970223 -2254.3476212660025 3169.2204634700247
cstype bspline
deg 1
curv 0 4 3621 3622 3623 3624 3621
parm u 0 0 1 2 3 4 4
end
usemtl Default
v -21721.511168816105 -2926.8962837962026 2653.0589978362932
v -21028.359336992078 -2928.7278732298291 2332.435478306501
v -20835.455362812008 -2229.2532705857302 2872.2586678823154
v -21526.986590201326 -2221.5453292115417 3197.4172928121125
cstype bspline
deg 1
curv 0 4 3625 3626 3627 3628 3625
parm u 0 0 1 2 3 4 4
end
usemtl Default
v -21715.588003941353 -2967.2052137946011 2670.9507918969339
v -21022.436172117319 -2969.0368032282568 2350.3272723671489
v -20818.264805708121 -2228.7063564482087 2921.6811737242242
v -21509.796033097438 -2220.9984150740202 3246.8397986540203
cstype bspline
deg 1
curv 0 4 3629 3630 3631 3632 3629
parm u 0 0 1 2 3 4 4
end
usemtl Default
v -22049.876937490451 -2909.2832909082354 1708.4161907513453
v -21310.250303666464 -2913.6037760955514 1521.4913209514762
v -21028.363455050072 -2928.6998485985678 2332.4230391042865
v -21721.515286874095 -2926.8682591649704 2653.0465586340952
cstype bspline
deg 1
curv 0 4 3633 3634 3635 3636 3633
parm u 0 0 1 2 3 4 4
end
usemtl Default
v -22059.694156741105 -2948.7770698181121 1681.0266606842706
v -21320.067522917117 -2953.0975550054281 1494.1017908844005
v -21022.436172117319 -2969.0368032282277 2350.3272723671325
v -21715.588003941346 -2967.2052137946303 2670.9507918969412
cstype bspline
deg 1
curv 0 4 3637 3638 3639 3640 3637
parm u 0 0 1 2 3 4 4
end
usemtl Default
v -21407.569597590671 -2913.0352912024828 1546.0866985567218
v -21119.555969064117 -2928.4594751948607 2374.6439291578026
v -20926.446313784287 -2228.2390677733638 2915.0426974783422
v -21239.823771023464 -2238.2091089250171 2014.0888123001532
cstype bspline
deg 1
curv 0 4 3641 3642 3643 3644 3641
parm u 0 0 1 2 3 4 4
end
usemtl Default
v -21368.64188002099 -2913.2626851597161 1536.2485475146232
v -21083.074293704954 -2928.5558746387251 2357.7690070772906
v -20890.049933395378 -2228.6447488983104 2897.929085639933
v -21200.920546281664 -2238.5350352980604 2004.1823275447487
cstype bspline
deg 1
curv 0 4 3645 3646 3647 3648 3645
parm u 0 0 1 2 3 4 4
end
usemtl Default
v -21991.485361135925 -2909.6243818440707 1693.6589641881983
v -21666.781099451524 -2927.0134835367789 2627.7677603654965
v -21472.392019617961 -2222.1538508989615 3171.7468750544977
v -21823.37214215046 -2233.3202133293962 2162.6860836312417
cstype bspline
deg 1
curv 0 4 3649 3650 3651 3652 3649
parm u 0 0 1 2 3 4 4
end
usemtl Default
v -21952.557643566244 -2909.851775801304 1683.8208131460997
v -21630.299424092362 -2927.1098829806433 2610.8928382849836
v -21435.995639229048 -2222.5595320239372 3154.6332632160875
v -21784.46891740866 -2233.6461397024686 2152.7795988758353
cstype bspline
deg 1
curv 0 4 3653 3654 3655 3656 3653
parm u 0 0 1 2 3 4 4
end
usemtl Default
v -22032.106788483325 -2914.3637341178837 1649.0659184182969
v -21297.389757243058 -2941.1892144152371 1446.3634962826854
v -21174.268576068622 -2233.2993233889865 1950.4177291137339
v -21908.380661048257 -2202.9956816702324 2155.5967821620634
cstype bspline
deg 1
curv 0 4 3657 3658 3659 3660 3657
parm u 0 0 1 2 3 4 4
end
usemtl Default
v -22029.932249774123 -2954.689042680955 1669.171310372878
v -21295.215218533856 -2981.5145229782793 1466.4688882372666
v -21164.958091249235 -2232.5962397117983 1999.7374593956765
v -21899.07017622887 -2202.2925979930442 2204.916512444006
cstype bspline
deg 1
curv 0 4 3661 3662 3663 3664 3661
parm u 0 0 1 2 3 4 4
end
usemtl Default
v -21548.065703783403 -2922.1569061681221 651.49444608752492
v -21394.05888622476 -2937.6356014150952 1473.0519173677912
v -21270.862271460675 -2229.3120021102368 1977.4149729358833
v -21438.788132054899 -2241.9929670494457 1087.8739541239984
cstype bspline
deg 1
curv 0 4 3665 3666 3667 3668 3665
parm u 0 0 1 2 3 4 4
end
usemtl Default
v -21508.242142788156 -2923.6847826006706 646.98327056328344
v -21355.389568791095 -2939.0474687993701 1462.3833688341929
v -21232.224793303856 -2230.9069306217425 1966.6160754070243
v -21398.960909248017 -2243.4980516849901 1083.3774013584671
cstype bspline
deg 1
curv 0 4 3669 3670 3671 3672 3669
parm u 0 0 1 2 3 4 4
end
usemtl Default
v -21568.452352135559 -2928.5429706936993 2.7303030947223306E-09
v -21533.350085476613 -2939.3597888182267 590.9545067334966
v -21456.114536601821 -2227.486802938045 1050.9504056671476
v -21521.061455416973 -2244.6346653498185 2.7303030947223306E-09
cstype bspline
deg 1
curv 0 4 3673 3674 3675 3676 3673
parm u 0 0 1 2 3 4 4
end
usemtl Default
v -21528.427881664677 -2930.6328465088154 2.7303030947223306E-09
v -21493.61158793922 -2941.3615416286339 586.14008846565957
v -21416.389361905847 -2229.6113511586154 1046.0566398384426
v -21481.033854450208 -2246.6793643000128 2.7303030947223306E-09
cstype bspline
deg 1
curv 0 4 3677 3678 3679 3680 3677
parm u 0 0 1 2 3 4 4
end
usemtl Default
v -22176.161323387714 -2170.3339860483247 39.900354373553455
v -21415.760191740555 -2209.1769683416351 39.90035436425751
v -21352.838690356977 -2191.685190032731 1103.1985796473637
v -22108.359848746131 -2151.4856061246246 1185.6642994912208
cstype bspline
deg 1
curv 0 4 3681 3682 3683 3684 3681
parm u 0 0 1 2 3 4 4
end
usemtl Default
v -22179.946081205886 -2210.9773721296806 7.5001480581704527E-09
v -21419.544949558724 -2249.8203544229618 -1.7957972886506468E-09
v -21352.86090209856 -2231.2826121684921 1126.8807603100304
v -22108.382060487715 -2191.0830282603856 1209.3464801538867
cstype bspline
deg 1
curv 0 4 3685 3686 3687 3688 3685
parm u 0 0 1 2 3 4 4
end
usemtl Default
v -22150.649978406538 -1453.9303686810599 40.000000002730303
v -21390.313173378534 -1494.5801695382979 40.000000002730303
v -21415.75073982928 -2209.075467083836 40.000000002730303
v -22176.151871477323 -2170.2324848000135 40.000000002730303
cstype bspline
deg 1
curv 0 4 3689 3690 3691 3692 3689
parm u 0 0 1 2 3 4 4
end
usemtl Default
v -22152.965029615501 -1453.1283647693635 2.7303030947223306E-09
v -21392.628224587497 -1493.7781656266015 2.7303030947223306E-09
v -21419.544949558294 -2249.8203544183925 2.7303030947223306E-09
v -22179.946081206337 -2210.9773721345409 2.7303030947223306E-09
cstype bspline
deg 1
curv 0 4 3693 3694 3695 3696 3693
parm u 0 0 1 2 3 4 4
end
usemtl Default
v -21515.807075612182 -2204.0644103991508 40.000000002730303
v -21452.249369092391 -2186.3957710974501 1114.049332258398
v -21451.865782364421 -1502.5662057420996 705.06878666375815
v -21490.357489829585 -1489.2315115307574 40.000000002730303
cstype bspline
deg 1
curv 0 4 3697 3698 3699 3700 3697
parm u 0 0 1 2 3 4 4
end
usemtl Default
v -21475.785963420196 -2206.1087778882647 40.000000002730303
v -21412.485097598226 -2188.5115386715624 1109.7090312139844
v -21412.101474916057 -1504.6178768762329 700.69015121802204
v -21450.339763249165 -1491.3709747337853 40.000000002730303
cstype bspline
deg 1
curv 0 4 3701 3702 3703 3704 3701
parm u 0 0 1 2 3 4 4
end
usemtl Default
v -22116.123758491951 -2173.3988980624417 40.000000002730303
v -22048.713441504879 -2154.6592574857932 1179.1538479246001
v -22048.330394089884 -1471.7911387301865 770.74831834981069
v -22090.623388535903 -1457.1395634855726 40.000000002730303
cstype bspline
deg 1
curv 0 4 3705 3706 3707 3708 3705
parm u 0 0 1 2 3 4 4
end
usemtl Default
v -22076.102646299965 -2175.4432655515557 40.000000002730303
v -22008.949170010717 -2156.7750250599056 1174.8135468801865
v -22008.56608664152 -1473.8428098643199 766.36968290407367
v -22050.605661955484 -1459.2790266886004 40.000000002730303
cstype bspline
deg 1
curv 0 4 3709 3710 3711 3712 3709
parm u 0 0 1 2 3 4 4
end
usemtl Default
v -22074.978137004793 -2176.1800421367807 1242.6499249556327
v -21319.438747167886 -2204.8176042069681 1153.2676069912259
v -21162.739606747848 -2192.109423998394 2025.1179325814883
v -21901.857512585389 -2162.1400921597378 2205.866904716092
cstype bspline
deg 1
curv 0 4 3713 3714 3715 3716 3713
parm u 0 0 1 2 3 4 4
end
usemtl Default
v -22080.529752412091 -2216.4788847881719 1220.6067638350441
v -21324.990362575183 -2245.1164468583593 1131.2244458706373
v -21160.09340347835 -2231.7434298371372 2048.6861951313476
v -21899.211309315891 -2201.774097998481 2229.4351672659504
cstype bspline
deg 1
curv 0 4 3717 3718 3719 3720 3717
parm u 0 0 1 2 3 4 4
end
usemtl Default
v -22122.25631631654 -1456.5828929563286 819.02137604793734
v -21366.402778953056 -1490.0015460890427 732.45384033771825
v -21319.436143822368 -2204.7987066782662 1153.2779437960071
v -22074.975533659788 -2176.161144611804 1242.6602617583794
cstype bspline
deg 1
curv 0 4 3721 3722 3723 3724 3721
parm u 0 0 1 2 3 4 4
end
usemtl Default
v -22130.534295266825 -1455.4470342118584 772.56280971590695
v -21374.680757903341 -1488.8656873445725 685.99527400568786
v -21324.990362574932 -2245.1164468565257 1131.2244458716395
v -22080.529752412353 -2216.4788847900927 1220.6067638339973
cstype bspline
deg 1
curv 0 4 3725 3726 3727 3728 3725
parm u 0 0 1 2 3 4 4
end
usemtl Default
v -21418.848000127509 -2201.0491937583429 1165.0497180794555
v -21259.991962779102 -2188.1660908617487 2048.9006920728834
v -21305.429465878085 -1507.6173651157587 1644.2140926003603
v -21465.857191764044 -1485.6043548873567 743.84430556274674
cstype bspline
deg 1
curv 0 4 3729 3730 3731 3732 3729
parm u 0 0 1 2 3 4 4
end
usemtl Default
v -21379.082769083419 -2202.5564338672848 1160.3453855552334
v -21221.091020366599 -2189.743424116401 2039.3875882763259
v -21266.524434540821 -1509.2559410079848 1634.7374065852282
v -21426.075426639647 -1487.3632313680428 739.28811947273516
cstype bspline
deg 1
curv 0 4 3733 3734 3735 3736 3733
parm u 0 0 1 2 3 4 4
end
usemtl Default
v -22015.326465788821 -2178.4405921240395 1235.6147059427713
v -21843.506098966638 -2164.50609204176 2191.5972490212553
v -21889.00493593701 -1483.0387267320766 1786.3643828273343
v -22062.583668629952 -1459.2212076773285 812.18709691292042
cstype bspline
deg 1
curv 0 4 3737 3738 3739 3740 3737
parm u 0 0 1 2 3 4 4
end
usemtl Default
v -21975.561234744735 -2179.9478322329815 1230.9103734185501
v -21804.605156554135 -2166.0834252964123 2182.0841452246987
v -21850.099904599745 -1484.6773026243318 1776.8876968122031
v -22022.801903505559 -1460.9800841580145 807.63091082290885
cstype bspline
deg 1
curv 0 4 3741 3742 3743 3744 3741
parm u 0 0 1 2 3 4 4
end
usemtl Default
v -21845.138923544459 -2191.9941463578143 2256.9868091297985
v -21109.030659487762 -2198.2513161120005 2062.5217339808532
v -20814.396570643861 -2188.2867335278133 2955.5962826100467
v -21520.416141878559 -2181.0119582900079 3241.2641302090278
cstype bspline
deg 1
curv 0 4 3745 3746 3747 3748 3745
parm u 0 0 1 2 3 4 4
end
usemtl Default
v -21852.716698773154 -2232.2342979645182 2235.5710332007511
v -21116.608434716454 -2238.4914677187044 2041.1059580518058
v -20807.421800109376 -2228.0347151869209 2978.2911806693864
v -21513.441371344074 -2220.7599399491155 3263.9590282683666
cstype bspline
deg 1
curv 0 4 3749 3750 3751 3752 3749
parm u 0 0 1 2 3 4 4
end
usemtl Default
v -21970.574269360804 -1470.1369518646388 1848.5654000661461
v -21232.715611660999 -1486.4667849122779 1659.7996408467225
v -21109.027239351781 -2198.2331542127649 2062.5313997288413
v -21845.135503408921 -2191.9759844609362 2256.9964748765433
cstype bspline
deg 1
curv 0 4 3753 3754 3755 3756 3753
parm u 0 0 1 2 3 4 4
end
usemtl Default
v -21985.377816931024 -1468.8341443737154 1803.6238383794853
v -21247.519159231219 -1485.1639774213545 1614.8580791600625
v -21116.608434716232 -2238.4914677175402 2041.1059580524252
v -21852.71669877338 -2232.2342979657406 2235.5710332001127
cstype bspline
deg 1
curv 0 4 3757 3758 3759 3760 3757
parm u 0 0 1 2 3 4 4
end
usemtl Default
v -21205.880472195586 -2197.4277831916988 2088.1290608764075
v -20907.293882648428 -2187.3295262597094 2993.1841572941239
v -21025.962521310306 -1511.0579772929777 2607.0535105644658
v -21329.802277147817 -1484.3181226691813 1684.6372407440149
cstype bspline
deg 1
curv 0 4 3761 3762 3763 3764 3761
parm u 0 0 1 2 3 4 4
end
usemtl Default
v -21167.13793198203 -2197.7571079155896 2077.8940569213364
v -20870.1349578466 -2187.7124091669393 2978.149007420493
v -20988.744940880639 -1511.7751282321697 2592.2092176499136
v -21290.967610953092 -1485.1775875664025 1674.7022007850983
cstype bspline
deg 1
curv 0 4 3765 3766 3767 3768 3765
parm u 0 0 1 2 3 4 4
end
usemtl Default
v -21787.018575398917 -2192.487912333163 2241.6541202024846
v -21464.677754675817 -2181.586282650911 3218.7114053985824
v -21584.226227755331 -1500.3007132053608 2829.7179042827474
v -21912.322270068711 -1471.4261492105143 1833.6628401277694
cstype bspline
deg 1
curv 0 4 3769 3770 3771 3772 3769
parm u 0 0 1 2 3 4 4
end
usemtl Default
v -21748.276035185365 -2192.8172370570537 2231.4191162474135
v -21427.518829873996 -2181.969165558141 3203.6762555249534
v -21547.008647325663 -1501.0178641445236 2814.8736113681971
v -21873.487603873989 -1472.2856141077355 1823.7278001688537
cstype bspline
deg 1
curv 0 4 3773 3774 3775 3776 3773
parm u 0 0 1 2 3 4 4
end
usemtl Default
v -21445.410571542707 -2217.3026769834396 3284.0611184480358
v -20748.799332205665 -2187.2127974777832 2978.2319567383829
v -20292.903092740766 -2181.9798338668188 3868.350113286946
v -20945.924663280683 -2211.5693733150838 4259.2862626738852
cstype bspline
deg 1
curv 0 4 3777 3778 3779 3780 3777
parm u 0 0 1 2 3 4 4
end
usemtl Default
v -21454.602601607316 -2257.4026775180828 3263.3280700204159
v -20757.99136227027 -2227.3127980123973 2957.498908310763
v -20280.848339078348 -2221.8359551226022 3889.1005129041805
v -20933.869909618268 -2251.4254945708963 4280.0366622911215
cstype bspline
deg 1
curv 0 4 3781 3782 3783 3784 3781
parm u 0 0 1 2 3 4 4
end
usemtl Default
v -21663.423874932625 -1494.5618611219106 2908.9194625595374
v -20961.406594113985 -1482.3929765228531 2612.3926777107299
v -20748.795681256692 -2187.1968703045277 2978.240191622428
v -21445.406920593592 -2217.2867498095438 3284.0693533324029
cstype bspline
deg 1
curv 0 4 3785 3786 3787 3788 3785
parm u 0 0 1 2 3 4 4
end
usemtl Default
v -21685.155437104717 -1493.1214183986303 2866.6072217889669
v -20983.138156286084 -1480.9525337995728 2570.0804369401594
v -20757.991362270339 -2227.3127980127174 2957.4989083105993
v -21454.602601607239 -2257.4026775177335 3263.3280700205887
cstype bspline
deg 1
curv 0 4 3789 3790 3791 3792 3789
parm u 0 0 1 2 3 4 4
end
usemtl Default
v -20840.450279444631 -2191.1718954283861 3018.4890880189032
v -20378.826983601284 -2185.8731943205348 3919.7890803115433
v -20581.649901906145 -1515.2883734446368 3570.6607012322456
v -21053.777288958547 -1483.994145549048 2651.4093599276794
cstype bspline
deg 1
curv 0 4 3793 3794 3795 3796 3793
parm u 0 0 1 2 3 4 4
end
usemtl Default
v -20803.786530005858 -2189.5882175596489 3002.3928163499404
v -20344.457427257075 -2184.3158501390426 3899.2134935017039
v -20547.050112236982 -1514.4922399501083 3550.4814255899191
v -21016.829011020724 -1483.3536779385759 2635.8026870409003
cstype bspline
deg 1
curv 0 4 3797 3798 3799 3800 3797
parm u 0 0 1 2 3 4 4
end
usemtl Default
v -21390.406521026242 -2214.9270634591812 3259.9331630533588
v -20894.370328764373 -2209.2333570428309 4228.4228824591264
v -21100.646746943556 -1527.2303758625349 3873.3498358671604
v -21608.00145802589 -1493.6011597061879 2885.5094532293679
cstype bspline
deg 1
curv 0 4 3801 3802 3803 3804 3801
parm u 0 0 1 2 3 4 4
end
usemtl Default
v -21353.742771587473 -2213.3433855904441 3243.836891384396
v -20860.000772420171 -2207.6760128613387 4207.8472956492888
v -21066.046957274397 -1526.4342423679773 3853.1705602248339
v -21571.053180088071 -1492.9606920956867 2869.9027803425906
cstype bspline
deg 1
curv 0 4 3805 3806 3807 3808 3805
parm u 0 0 1 2 3 4 4
end
usemtl Default
v -20854.998082345843 -2251.9909369720554 4289.3503143625967
v -20221.143256557509 -2173.3204024675942 3875.312753882783
v -19590.233095230455 -2174.6813987317146 4734.9816199782326
v -20171.235270083336 -2253.4659467120655 5221.0354218897137
cstype bspline
deg 1
curv 0 4 3809 3810 3811 3812 3809
parm u 0 0 1 2 3 4 4
end
usemtl Default
v -20865.347782736328 -2291.800626837532 4269.1128443333264
v -20231.49295694799 -2213.1300923330709 3855.0752838535118
v -19572.845798653205 -2214.550922709197 4752.5381722896218
v -20153.84797350609 -2293.3354706895479 5238.5919742010992
cstype bspline
deg 1
curv 0 4 3813 3814 3815 3816 3813
parm u 0 0 1 2 3 4 4
end
usemtl Default
v -21171.45018211316 -1530.1693451479077 3969.2306905913792
v -20525.377822438822 -1479.3661190993735 3567.5523621323528
v -20221.140431604341 -2173.3095364033652 3875.3182777050188
v -20854.995257393581 -2251.9800709112606 4289.3558381830608
cstype bspline
deg 1
curv 0 4 3817 3818 3819 3820 3817
parm u 0 0 1 2 3 4 4
end
usemtl Default
v -21199.942990739648 -1528.6132309108507 3930.6370236754956
v -20553.870631065314 -1477.8100048622873 3528.9586952164691
v -20231.492956947557 -2213.130092331412 3855.0752838543649
v -20865.347782736797 -2291.8006268393074 4269.1128443324214
cstype bspline
deg 1
curv 0 4 3821 3822 3823 3824 3821
parm u 0 0 1 2 3 4 4
end
usemtl Default
v -20304.537611302501 -2183.6718049726915 3929.801730481744
v -19666.680749816354 -2185.0477866238798 4798.9360675981588
v -19955.929218338555 -1521.7935135997832 4506.8719249042715
v -20610.387343448601 -1486.0507541057304 3620.4047737716937
cstype bspline
deg 1
curv 0 4 3825 3826 3827 3828 3825
parm u 0 0 1 2 3 4 4
end
usemtl Default
v -20271.176830997727 -2179.5312505250622 3908.0102799303513
v -19636.101687981998 -2180.9012314669963 4773.3542885501884
v -19924.775793420951 -1518.9639879545139 4481.8701000471056
v -20576.38353504469 -1483.3769001032051 3599.2638091159588
cstype bspline
deg 1
curv 0 4 3829 3830 3831 3832 3829
parm u 0 0 1 2 3 4 4
end
usemtl Default
v -20804.949315874157 -2245.7801216867229 4256.6734887526882
v -20125.366677331796 -2247.2461139767547 5182.6627533177543
v -20423.230592102664 -1564.2363982786774 4881.8992977618218
v -21120.444469507296 -1526.1585641440761 3937.5192436077732
cstype bspline
deg 1
curv 0 4 3833 3834 3835 3836 3833
parm u 0 0 1 2 3 4 4
end
usemtl Default
v -20771.588535569379 -2241.6395672391227 4234.8820382012918
v -20094.787615497433 -2243.0995588199294 5157.080974269782
v -20392.077167185056 -1561.406872633379 4856.8974729046531
v -21086.440661103381 -1523.4847101414925 3916.3782789520346
cstype bspline
deg 1
curv 0 4 3837 3838 3839 3840 3837
parm u 0 0 1 2 3 4 4
end
usemtl Default
v -20069.092756479171 -2294.7027531938802 5235.6415620926837
v -19517.977144911973 -2159.6426964777056 4728.7269948862577
v -18709.605113678255 -2168.30087178963 5530.0443440053732
v -19204.35466645594 -2303.9646446164406 6092.8330620536781
cstype bspline
deg 1
curv 0 4 3841 3842 3843 3844 3841
parm u 0 0 1 2 3 4 4
end
usemtl Default
v -20080.286452021217 -2334.032637112512 5215.5744706802452
v -19529.170840454019 -2198.9725803963083 4708.6599034738192
v -18687.194994736317 -2207.9906737975834 5543.2878057815451
v -19181.944547514002 -2343.654446624394 6106.07652382985
cstype bspline
deg 1
curv 0 4 3845 3846 3847 3848 3845
parm u 0 0 1 2 3 4 4
end
usemtl Default
v -20480.212987744861 -1575.7174045256688 4990.6088374073479
v -19906.502461134878 -1480.1718934614619 4497.1612196613351
v -19517.975599780209 -2159.6372675420134 4728.7297648651529
v -20069.091211348303 -2294.6973242613603 5235.6443320699709
cstype bspline
deg 1
curv 0 4 3849 3850 3851 3852 3849
parm u 0 0 1 2 3 4 4
end
usemtl Default
v -20514.846251415627 -1574.0637237008486 4956.569520033665
v -19941.135724805648 -1478.5182126366417 4463.1219022876503
v -19529.170840453586 -2198.9725803947949 4708.6599034745977
v -20080.286452021679 -2334.0326371141127 5215.5744706794303
cstype bspline
deg 1
curv 0 4 3853 3854 3855 3856 3853
parm u 0 0 1 2 3 4 4
end
usemtl Default
v -19590.487678844074 -2177.4138066775049 4795.4309173351794
v -18774.703739043747 -2186.1513682141958 5604.0954911169883
v -19143.62104711173 -1532.7744293205324 5386.0804827796874
v -19981.990688320402 -1492.7436712330964 4562.0885377858094
cstype bspline
deg 1
curv 0 4 3857 3858 3859 3860 3857
parm u 0 0 1 2 3 4 4
end
usemtl Default
v -19561.481594024604 -2170.3053826398391 4768.7512032718278
v -18748.664288897555 -2179.0111696443637 5574.475032272343
v -19116.471498172948 -1527.6002890925447 5357.1160468220933
v -19951.795397446196 -1487.71496012446 4536.11761053602
cstype bspline
deg 1
curv 0 4 3861 3862 3863 3864 3861
parm u 0 0 1 2 3 4 4
end
usemtl Default
v -20025.578951136107 -2284.0401672428707 5195.6266282854976
v -19165.295491236648 -2293.2543467616779 6048.4023737867046
v -19550.864281193572 -1610.3865327404637 5820.547022143588
v -20434.920051433543 -1568.1743378626998 4951.6524465326602
cstype bspline
deg 1
curv 0 4 3865 3866 3867 3868 3865
parm u 0 0 1 2 3 4 4
end
usemtl Default
v -19996.572866316641 -2276.9317432052048 5168.9469142221442
v -19139.256041090455 -2286.1141481918457 6018.7819149420593
v -19523.714732254783 -1605.212392512447 5791.5825861859976
v -20404.724760559337 -1563.1456267540634 4925.6815192828708
cstype bspline
deg 1
curv 0 4 3869 3870 3871 3872 3869
parm u 0 0 1 2 3 4 4
end
usemtl Default
v -19096.099990916358 -2343.1994006154127 6091.6148215392604
v -18640.143461287611 -2149.0858215094777 5514.5677942648708
v -17660.829174954772 -2164.3642428825842 6232.7699702569098
v -18061.604611676517 -2359.338710061973 6850.285294126701
cstype bspline
deg 1
curv 0 4 3873 3874 3875 3876 3873
parm u 0 0 1 2 3 4 4
end
usemtl Default
v -19108.029789507505 -2381.8649878885772 6071.4175993956451
v -18652.073259878754 -2187.751408782613 5494.3705721212536
v -17634.10646588782 -2203.6328534214699 6240.9194346622535
v -18034.88190260957 -2398.6073206008587 6858.4347585320411
cstype bspline
deg 1
curv 0 4 3877 3878 3879 3880 3877
parm u 0 0 1 2 3 4 4
end
usemtl Default
v -19591.451494467721 -1628.8128245558473 5936.5651434008014
v -19099.168566178989 -1487.0883160882804 5370.8886720087976
v -18640.142951962898 -2149.0841707406798 5514.5686565547312
v -19096.099481591369 -2343.1977498457127 6091.6156838295956
cstype bspline
deg 1
curv 0 4 3881 3882 3883 3884 3881
parm u 0 0 1 2 3 4 4
end
usemtl Default
v -19631.392167196085 -1627.0841787547106 5907.5995116696595
v -19139.109238907353 -1485.3596702871437 5341.9230402776575
v -18652.073259878907 -2187.7514087831078 5494.3705721209935
v -19108.029789507364 -2381.8649878880824 6071.4175993959016
cstype bspline
deg 1
curv 0 4 3885 3886 3887 3888 3885
parm u 0 0 1 2 3 4 4
end
usemtl Default
v -18700.136069451899 -2174.6271080040315 5590.4962609312297
v -17713.562785049737 -2190.0187780377746 6314.0219865555682
v -18149.341564584076 -1549.6485546532203 6181.1251442660741
v -19163.942635690662 -1505.7362777287781 5445.319786665641
cstype bspline
deg 1
curv 0 4 3889 3890 3891 3892 3889
parm u 0 0 1 2 3 4 4
end
usemtl Default
v -18676.138357366224 -2164.4106038405735 5560.1253647588583
v -17692.469341011751 -2179.7569639756985 6281.5211800361049
v -18126.429178238672 -1542.0596483746776 6149.1790496791709
v -19138.033007885995 -1498.2770930725383 5415.5473408029047
cstype bspline
deg 1
curv 0 4 3893 3894 3895 3896 3893
parm u 0 0 1 2 3 4 4
end
usemtl Default
v -19060.101750736998 -2327.8746704561345 6046.0597035168339
v -18029.964445619538 -2343.9459889688587 6801.5340843475115
v -18493.027359765085 -1663.482148831099 6660.3165630696858
v -19552.587052760719 -1617.6240475715895 5891.9064746066979
cstype bspline
deg 1
curv 0 4 3897 3898 3899 3900 3897
parm u 0 0 1 2 3 4 4
end
usemtl Default
v -19036.104038651327 -2317.6581662926474 6015.6888073444607
v -18008.871001581552 -2333.6841749067826 6769.0332778280481
v -18470.114973419684 -1655.8932425525854 6628.370468482779
v -19526.677424956048 -1610.1648629153788 5862.1340287439616
cstype bspline
deg 1
curv 0 4 3901 3902 3903 3904 3901
parm u 0 0 1 2 3 4 4
end
usemtl Default
v -17951.25409105554 -2394.8701711320318 6834.42438829813
v -17594.836757115478 -2143.2716038526851 6211.4585958405405
v -16456.227835043697 -2163.2485098585312 6826.0676695145667
v -16760.930504617361 -2415.7544114905177 7476.9484917470509
cstype bspline
deg 1
curv 0 4 3905 3906 3907 3908 3905
parm u 0 0 1 2 3 4 4
end
usemtl Default
v -17963.965637872843 -2432.7317159693921 6813.9247944790714
v -17607.548303932785 -2181.1331486900162 6190.95900202148
v -16426.072257944481 -2201.8621588544047 6828.7072965558727
v -16730.774927518145 -2454.3680604863912 7479.5881187883588
cstype bspline
deg 1
curv 0 4 3909 3910 3911 3912 3909
parm u 0 0 1 2 3 4 4
end
usemtl Default
v -18517.444100296718 -1686.8705295007967 6778.7774737415748
v -18108.442280880998 -1501.0269013877551 6160.9798526072955
v -17594.836724470701 -2143.271506619727 6211.4586484859337
v -17951.25405841001 -2394.8700738968619 6834.4244409447219
cstype bspline
deg 1
curv 0 4 3913 3914 3915 3916 3913
parm u 0 0 1 2 3 4 4
end
usemtl Default
v -18561.838924591721 -1685.1134548041155 6755.1638966955161
v -18152.837105176 -1499.2698266910447 6137.3662755612349
v -17607.548303933141 -2181.1331486911222 6190.9590020208871
v -17963.965637872465 -2432.7317159682862 6813.9247944796607
cstype bspline
deg 1
curv 0 4 3917 3918 3919 3920 3917
parm u 0 0 1 2 3 4 4
end
usemtl Default
v -17641.733662765375 -2176.3766804593033 6293.4278395009114
v -16496.320291566542 -2196.4729705995996 6911.7098829662064
v -16983.915166505529 -1572.1169089951436 6869.0289349989343
v -18162.258309751483 -1525.4800103499729 6242.2690132828538
cstype bspline
deg 1
curv 0 4 3921 3922 3923 3924 3921
parm u 0 0 1 2 3 4 4
end
usemtl Default
v -17622.974855716031 -2163.1346506024711 6260.6401662135959
v -16480.283308957405 -2183.1831863031548 6877.4529975855476
v -16965.225858479305 -1562.223377482791 6835.0042172823305
v -18140.731898203288 -1515.6987667650974 6209.7533490126261
cstype bspline
deg 1
curv 0 4 3925 3926 3927 3928 3925
parm u 0 0 1 2 3 4 4
end
usemtl Default
v -17923.115768505522 -2375.0071283114667 6785.242938810632
v -16736.875030703653 -2395.819735045894 7425.5631636760718
v -17264.254786898873 -1720.5198816806078 7379.3997007480102
v -18485.154482974427 -1672.1986641234544 6730.0039773362441
cstype bspline
deg 1
curv 0 4 3929 3930 3931 3932 3929
parm u 0 0 1 2 3 4 4
end
usemtl Default
v -17904.356961456182 -2361.7650984546635 6752.4552655233219
v -16720.838048094516 -2382.5299507494783 7391.3062782954203
v -17245.565478872653 -1710.6263501682552 7345.3749830314136
v -18463.628071426236 -1662.4174205385789 6697.4883130660219
cstype bspline
deg 1
curv 0 4 3933 3934 3935 3936 3933
parm u 0 0 1 2 3 4 4
end
usemtl Default
v -16651.179858615607 -2446.7288339229708 7448.0456251876494
v -16392.74473998668 -2142.1951298220374 6800.7234563548736
v -15108.14482360689 -2164.0369746090728 7294.2551166581143
v -15317.987274849274 -2469.3968919810141 7960.2461484637533
cstype bspline
deg 1
curv 0 4 3937 3938 3939 3940 3937
parm u 0 0 1 2 3 4 4
end
usemtl Default
v -16664.799481311296 -2483.7102319045225 7427.2324547276185
v -16406.364362682365 -2179.1765278035891 6779.9102858948445
v -15075.442985290381 -2201.8059689066722 7291.2382322397698
v -15285.285436532766 -2507.1658862786135 7957.2292640454089
cstype bspline
deg 1
curv 0 4 3941 3942 3943 3944 3941
parm u 0 0 1 2 3 4 4
end
usemtl Default
v -17274.292014066479 -1747.1353017576621 7497.1273252040864
v -16945.944728168477 -1521.0948133020138 6844.2982853273006
v -16392.744653336515 -2142.1948945406184 6800.7235887715306
v -16651.179771966203 -2446.7285986436182 7448.0457576031349
cstype bspline
deg 1
curv 0 4 3945 3946 3947 3948 3945
parm u 0 0 1 2 3 4 4
end
usemtl Default
v -17322.368949299758 -1745.4304149488162 7479.0281636134259
v -16994.021663401756 -1519.389926493197 6826.1991237366383
v -16406.364362681998 -2179.1765278025996 6779.9102858954229
v -16664.799481311678 -2483.7102319055703 7427.2324547270418
cstype bspline
deg 1
curv 0 4 3949 3950 3951 3952 3949
parm u 0 0 1 2 3 4 4
end
usemtl Default
v -16426.749060094338 -2182.2653591597045 6885.8975414891665
v -15135.755672454576 -2204.2159111053916 7381.8855155799156
v -15660.686982555984 -1597.9463960411376 7430.312673552562
v -16989.148318418218 -1550.8369828356663 6930.1968432058311
cstype bspline
deg 1
curv 0 4 3953 3954 3955 3956 3953
parm u 0 0 1 2 3 4 4
end
usemtl Default
v -16413.147211745309 -2166.2372694701771 6851.8279536559075
v -15124.711332915504 -2188.1443365068699 7346.8333560111896
v -15646.111093605527 -1585.9535850977118 7394.9347134496675
v -16971.866882318318 -1538.9401150222111 6895.8374200544149
cstype bspline
deg 1
curv 0 4 3957 3958 3959 3960 3957
parm u 0 0 1 2 3 4 4
end
usemtl Default
v -16630.776785329766 -2422.6867045025283 7396.9413589879259
v -15301.420765540664 -2445.2895300832461 7907.6679091106762
v -15879.325316812799 -1777.8385601925256 7960.9820750958625
v -17248.369859916635 -1729.2900000374939 7445.5881904769722
cstype bspline
deg 1
curv 0 4 3961 3962 3963 3964 3961
parm u 0 0 1 2 3 4 4
end
usemtl Default
v -16617.17493698074 -2406.6586148130009 7362.8717711546797
v -15290.376426001596 -2429.2179554847244 7872.6157495419648
v -15864.749427862349 -1765.8457492490998 7925.6041149929806
v -17231.088423816745 -1717.3931322240096 7411.2287673255687
cstype bspline
deg 1
curv 0 4 3965 3966 3967 3968 3965
parm u 0 0 1 2 3 4 4
end
usemtl Default
v -15210.695979950062 -2495.3034059666097 7919.6122647127286
v -15045.406981460605 -2144.608289022086 7264.9588642721737
v -13628.164816328885 -2164.6354243304231 7620.0621530171102
v -13745.359163728386 -2516.0101697172504 8286.7661184163189
cstype bspline
deg 1
curv 0 4 3969 3970 3971 3972 3969
parm u 0 0 1 2 3 4 4
end
usemtl Default
v -15225.383529042774 -2531.402488441352 7898.6387454332817
v -15060.09453055331 -2180.7073714967992 7243.9853449927559
v -13593.758726668755 -2201.4282520028646 7611.3895044050132
v -13710.95307406826 -2552.8029973896919 8278.0934698042238
cstype bspline
deg 1
curv 0 4 3973 3974 3975 3976 3973
parm u 0 0 1 2 3 4 4
end
usemtl Default
v -15877.078001718204 -1806.3323634529952 8076.3263660750144
v -15625.653296599485 -1544.6925859333714 7401.4163901580814
v -15045.406547690196 -2144.607222900464 7264.9594836874257
v -15210.695546178715 -2495.3023398426885 7919.6128841293194
cstype bspline
deg 1
curv 0 4 3977 3978 3979 3980 3977
parm u 0 0 1 2 3 4 4
end
usemtl Default
v -15928.160106493022 -1804.804784751439 8063.9110504994187
v -15676.735401374302 -1543.1650072317861 7389.0010745824875
v -15060.094530553783 -2180.7073714979633 7243.985344992072
v -15225.383529042294 -2531.4024884401588 7898.6387454339801
cstype bspline
deg 1
curv 0 4 3981 3982 3983 3984 3981
parm u 0 0 1 2 3 4 4
end
usemtl Default
v -15067.154048653305 -2190.7524043448793 7351.097841734123
v -13643.585125197242 -2210.8689434602566 7707.7863589906883
v -14193.375743911482 -1622.9395481088141 7846.3705716528184
v -15658.735494641423 -1579.118872449093 7490.2203343576784
cstype bspline
deg 1
curv 0 4 3985 3986 3987 3988 3985
parm u 0 0 1 2 3 4 4
end
usemtl Default
v -15058.454627680348 -2172.294766610954 7316.6423996056237
v -13637.417001649894 -2192.375535808329 7672.696676601252
v -14182.867286843866 -1609.0875613457465 7810.1868333025759
v -15645.502615424648 -1565.3483578428277 7454.6987566778316
cstype bspline
deg 1
curv 0 4 3989 3990 3991 3992 3989
parm u 0 0 1 2 3 4 4
end
usemtl Default
v -15197.645363247677 -2467.6169703537889 7867.9294736615157
v -13736.106978407377 -2488.2700582393445 8234.1315948321771
v -14351.002599925705 -1830.71934955506 8389.1266469063521
v -15857.228682893045 -1785.6765915435681 8023.0439995552642
cstype bspline
deg 1
curv 0 4 3993 3994 3995 3996 3993
parm u 0 0 1 2 3 4 4
end
usemtl Default
v -15188.945942274717 -2449.1593326198636 7833.4740315330182
v -13729.938854860029 -2469.776650587417 8199.041912442739
v -14340.494142858086 -1816.8673627919925 8352.9429085561096
v -15843.995803676269 -1771.9060769372736 7987.5224218754174
cstype bspline
deg 1
curv 0 4 3997 3998 3999 4000 3997
parm u 0 0 1 2 3 4 4
end
usemtl Default
v -13642.389412250617 -2536.2004219918745 8235.3873997282008
v -13564.196078013847 -2148.229994269117 7585.3455107335412
v -12028.272243598502 -2161.7442430977244 7781.495751220089
v -12053.394539873516 -2550.1816309629648 8438.3152528969586
cstype bspline
deg 1
curv 0 4 4001 4002 4003 4004 4001
parm u 0 0 1 2 3 4 4
end
usemtl Default
v -13658.315050586752 -2571.5009832192736 8214.5797358340878
v -13580.12171634999 -2183.5305554965453 7564.5378468394283
v -11992.982736983802 -2197.4954348819156 7767.2286870442276
v -12018.105033258838 -2585.932822747156 8424.0481887211099
cstype bspline
deg 1
curv 0 4 4005 4006 4007 4008 4005
parm u 0 0 1 2 3 4 4
end
usemtl Default
v -14338.079858919282 -1860.1028220269654 8501.4453604733299
v -14161.64455570159 -1567.6072347167938 7813.8322516556964
v -13564.195359478959 -2148.2284015741025 7585.3464495362514
v -13642.388693715766 -2536.1988292969472 8235.3883385308527
cstype bspline
deg 1
curv 0 4 4009 4010 4011 4012 4009
parm u 0 0 1 2 3 4 4
end
usemtl Default
v -14391.542774660917 -1858.9256890927209 8494.9920716954002
v -14215.107471443229 -1566.4301017825492 7807.3789628777686
v -13580.121716349968 -2183.5305554964871 7564.5378468394574
v -13658.315050586774 -2571.5009832193318 8214.5797358340587
cstype bspline
deg 1
curv 0 4 4013 4014 4015 4016 4013
parm u 0 0 1 2 3 4 4
end
usemtl Default
v -13574.482295694936 -2199.2787556906405 7670.8776420418544
v -12031.5778088978 -2212.8544257116155 7867.9193698617728
v -12595.971153274917 -1641.0772422882437 8096.0958686882459
v -14184.859727177605 -1606.093496204965 7904.3076607106577
cstype bspline
deg 1
curv 0 4 4017 4018 4019 4020 4017
parm u 0 0 1 2 3 4 4
end
usemtl Default
v -13570.366857050922 -2178.8592594946385 7636.6649110421458
v -12030.2555827781 -2192.4103526660183 7833.3499224051047
v -12589.730760964248 -1625.6156787642394 8059.538074003025
v -14175.573658587196 -1590.6989916096791 7868.1174970886623
cstype bspline
deg 1
curv 0 4 4021 4022 4023 4024 4021
parm u 0 0 1 2 3 4 4
end
usemtl Default
v -13636.213875355723 -2505.5711986295937 8184.0686070376341
v -12051.411200693903 -2519.5155213946709 8386.461081711961
v -12689.577037934887 -1873.0006951481337 8644.4627889663534
v -14324.150756033679 -1837.011065134051 8447.1601150403767
cstype bspline
deg 1
curv 0 4 4025 4026 4027 4028 4025
parm u 0 0 1 2 3 4 4
end
usemtl Default
v -13632.098436711651 -2485.151702433679 8149.8558760379037
v -12050.088974574162 -2499.071448349132 8351.8916342552675
v -12683.336645624222 -1857.5391316241294 8607.9049942811343
v -14314.864687443271 -1821.6165605387941 8410.9699514183831
cstype bspline
deg 1
curv 0 4 4029 4030 4031 4032 4029
parm u 0 0 1 2 3 4 4
end
usemtl Default
v -11956.86910766123 -2563.9896698203811 8376.813011883025
v -11960.939563476742 -2150.025223003322 7738.1197714477839
v -10289.046340796292 -2150.9199258942099 7746.3122908703826
v -10226.09117502869 -2564.9158844845078 8385.2940749299796
cstype bspline
deg 1
curv 0 4 4033 4034 4035 4036 4033
parm u 0 0 1 2 3 4 4
end
usemtl Default
v -11974.200514866781 -2598.7115324460901 8356.7695110420264
v -11978.270970682293 -2184.7470856290311 7718.0762706067853
v -10256.373667840566 -2185.6685478813597 7726.5138172789557
v -10193.418502072927 -2599.6645064717159 8365.4956013385508
cstype bspline
deg 1
curv 0 4 4037 4038 4039 4040 4037
parm u 0 0 1 2 3 4 4
end
usemtl Default
v -12667.16957038637 -1901.789771618438 8753.653394344632
v -12568.903335010582 -1583.2316564995854 8060.6669447727818
v -11960.938947889736 -2150.0239897319989 7738.1204833645115
v -11956.868492072696 -2563.988436546002 8376.8137238015133
cstype bspline
deg 1
curv 0 4 4041 4042 4043 4044 4041
parm u 0 0 1 2 3 4 4
end
usemtl Default
v -12722.411119262415 -1901.1706185376679 8753.7215167008744
v -12624.144883886627 -1582.6125034188153 8060.7350671290242
v -11978.270970683036 -2184.7470856305154 7718.0762706059268
v -11974.200514865996 -2598.7115324445185 8356.7695110429286
cstype bspline
deg 1
curv 0 4 4045 4046 4047 4048 4045
parm u 0 0 1 2 3 4 4
end
usemtl Default
v -11960.402037627518 -2204.4942302014388 7822.1583652196859
v -10280.762766353186 -2205.3930783403048 7830.3888414045487
v -10807.646362618878 -1645.0324692563445 8149.6614941364915
v -12581.833102823184 -1625.1471979625931 8151.8493723480242
cstype bspline
deg 1
curv 0 4 4049 4050 4051 4052 4049
parm u 0 0 1 2 3 4 4
end
usemtl Default
v -11960.616272144402 -2182.7066277373524 7788.5429315125857
v -10284.076196130442 -2183.6038173618435 7796.7582211909066
v -10806.276906439347 -1628.2236344016565 8113.1932121841601
v -12576.661195698147 -1608.3809813774133 8115.3764013179407
cstype bspline
deg 1
curv 0 4 4053 4054 4055 4056 4053
parm u 0 0 1 2 3 4 4
end
usemtl Default
v -11957.188519874646 -2531.3082671622396 8326.389870826466
v -10231.061319694541 -2532.2319930168742 8334.848144609472
v -10828.188205311904 -1897.1649920768396 8696.685723421635
v -12659.411709698805 -1876.6404467406392 8698.9439377994713
cstype bspline
deg 1
curv 0 4 4057 4058 4059 4060 4057
parm u 0 0 1 2 3 4 4
end
usemtl Default
v -11957.402754391489 -2509.5206646981824 8292.7744371193512
v -10234.374749471757 -2510.442732038442 8301.2175243958136
v -10826.818749132373 -1880.3561572221515 8660.2174414693054
v -12654.239802573764 -1859.8742301554303 8662.4709667693896
cstype bspline
deg 1
curv 0 4 4061 4062 4063 4064 4061
parm u 0 0 1 2 3 4 4
end
usemtl Default
v -10144.695561101667 -2572.6403425363242 8320.6713256616949
v -10222.013853040989 -2145.9272165010334 7695.3852305916389
v -8704.8261979534473 -2133.0672096937196 7515.985828968096
v -8561.6029205490886 -2559.2217109874764 8133.4790086945595
cstype bspline
deg 1
curv 0 4 4065 4066 4067 4068 4065
parm u 0 0 1 2 3 4 4
end
usemtl Default
v -10164.407506033596 -2607.0284220266913 8302.0826077948168
v -10241.725797972947 -2180.3152959914587 7676.7965127247317
v -8675.3239205641439 -2167.0381389179965 7491.5777900658723
v -8532.1006431598034 -2593.1926402117242 8109.0709697923539
cstype bspline
deg 1
curv 0 4 4069 4070 4071 4072 4069
parm u 0 0 1 2 3 4 4
end
usemtl Default
v -10794.581458540993 -1923.9703791905486 8797.4211133992158
v -10783.481959743789 -1585.5095104618522 8107.2726758996578
v -10222.013574129625 -2145.9267299317871 7695.3854936100706
v -10144.695282189969 -2572.6398559664958 8320.6715886804323
cstype bspline
deg 1
curv 0 4 4073 4074 4075 4076 4073
parm u 0 0 1 2 3 4 4
end
usemtl Default
v -10848.701444025079 -1924.0156009040074 8804.0732972064598
v -10837.601945227874 -1585.554732175282 8113.9248597069036
v -10241.725797973093 -2180.3152959917206 7676.7965127246007
v -10164.407506033451 -2607.0284220264293 8302.0826077949623
cstype bspline
deg 1
curv 0 4 4077 4078 4079 4080 4077
parm u 0 0 1 2 3 4 4
end
usemtl Default
v -10211.839633635373 -2202.0736740116554 7777.65962692619
v -8685.9810298739249 -2189.1401703902811 7597.2349315636839
v -9172.7018771107214 -1628.6966752908193 7999.912366160037
v -10784.942420111838 -1630.0438352945785 8198.0816808338077
cstype bspline
deg 1
curv 0 4 4081 4082 4083 4084 4081
parm u 0 0 1 2 3 4 4
end
usemtl Default
v -10215.909017421687 -2179.6150884308736 7744.7498324488279
v -8693.5190971057273 -2166.7109861116915 7564.7352905254538
v -9176.2286394166549 -1610.8863803926797 7964.094063128794
v -10784.358235964617 -1612.2301053614938 8161.7580788601608
cstype bspline
deg 1
curv 0 4 4085 4086 4087 4088 4085
parm u 0 0 1 2 3 4 4
end
usemtl Default
v -10150.798876840479 -2538.9524577237025 8271.3065440866976
v -8572.9100213968086 -2525.5779345695337 8084.7295471372327
v -9119.8004425217223 -1895.8510987626505 8537.1869116288708
v -10793.705182320162 -1897.2497842909361 8742.9357104387309
cstype bspline
deg 1
curv 0 4 4089 4090 4091 4092 4089
parm u 0 0 1 2 3 4 4
end
usemtl Default
v -10154.868260626838 -2516.4938721428916 8238.396749609341
v -8580.4480886286474 -2503.1487502908858 8052.2299060990063
v -9123.3272048276558 -1878.0408038645401 8501.3686085976151
v -10793.120998172941 -1879.4360543578223 8706.6121084650695
cstype bspline
deg 1
curv 0 4 4093 4094 4095 4096 4093
parm u 0 0 1 2 3 4 4
end
usemtl Default
v -8494.5571253902745 -2562.4375637443154 8071.6132820700386
v -8640.4214863022935 -2134.4697075721924 7459.764140942616
v -7259.3265524601302 -2113.2352611077367 7127.8052983644102
v -7044.8694792627066 -2540.148498773051 7723.1675515729821
cstype bspline
deg 1
curv 0 4 4097 4098 4099 4100 4097
parm u 0 0 1 2 3 4 4
end
usemtl Default
v -8516.4001686756819 -2596.7715261540434 8055.2314346166477
v -8662.2645295877155 -2168.8036699819495 7443.3822934892105
v -7235.6793446612719 -2146.8698072227417 7100.4894515685392
v -7021.2222714638337 -2573.783044888085 7695.851704777082
cstype bspline
deg 1
curv 0 4 4101 4102 4103 4104 4101
parm u 0 0 1 2 3 4 4
end
usemtl Default
v -9075.1058822339328 -1920.0871453376894 8625.541851466598
v -9151.4531698051469 -1569.0367118879512 7947.3632452032762
v -8640.4214486727287 -2134.4696484241867 7459.7641691640474
v -8494.5570877604041 -2562.4375045958441 8071.6133102916956
cstype bspline
deg 1
curv 0 4 4105 4106 4107 4108 4105
parm u 0 0 1 2 3 4 4
end
usemtl Default
v -9127.4933788152193 -1920.625185294688 8638.3038199819584
v -9203.8406663864334 -1569.5747518449498 7960.1252137186348
v -8662.2645295878465 -2168.8036699821532 7443.3822934891086
v -8516.4001686755364 -2596.7715261538106 8055.2314346167568
cstype bspline
deg 1
curv 0 4 4109 4110 4111 4112 4109
parm u 0 0 1 2 3 4 4
end
usemtl Default
v -8621.2287173963741 -2190.7812662135111 7540.2705852869076
v -7231.1085165131226 -2169.4080555373512 7206.1424369444958
v -7631.6340354386193 -1599.7215982132475 7668.8056742226399
v -9141.4074740720935 -1615.2275583945157 8036.5972723431751
cstype bspline
deg 1
curv 0 4 4113 4114 4115 4116 4113
parm u 0 0 1 2 3 4 4
end
usemtl Default
v -8628.9057890233635 -2168.2566422044474 7508.0679989117816
v -7242.3957308919344 -2146.9389377654879 7174.8075815124412
v -7640.0820879625426 -1581.2907551141689 7634.1911880233438
v -9145.4257523653141 -1596.7512197918841 8000.9036614872039
cstype bspline
deg 1
curv 0 4 4117 4118 4119 4120 4117
parm u 0 0 1 2 3 4 4
end
usemtl Default
v -8506.072642991574 -2528.6506263494375 8023.3093809136899
v -7061.800300830917 -2506.4448221152707 7676.165268424922
v -7504.913247579796 -1876.1842446992814 8188.0229672119913
v -9081.1332996737656 -1892.3726374337857 8572.0014351826485
cstype bspline
deg 1
curv 0 4 4121 4122 4123 4124 4121
parm u 0 0 1 2 3 4 4
end
usemtl Default
v -8513.7497146185597 -2506.1260023403738 7991.1067945385712
v -7073.0875152097287 -2483.9757043434074 7644.8304129928965
v -7513.3613001037193 -1857.7534016002028 8153.4084810127006
v -9085.1515779669862 -1873.8962988311541 8536.3078243266846
cstype bspline
deg 1
curv 0 4 4125 4126 4127 4128 4125
parm u 0 0 1 2 3 4 4
end
usemtl Default
v -6991.2856724755111 -2541.2088827863336 7662.5012655530372
v -7203.0485190655199 -2118.4935026991006 7066.5566880390888
v -5948.9417913292127 -2092.3483784929267 6598.7834225252973
v -5664.0937102719327 -2513.5401063338504 7167.4677054953445
cstype bspline
deg 1
curv 0 4 4129 4130 4131 4132 4129
parm u 0 0 1 2 3 4 4
end
usemtl Default
v -7015.8137828515391 -2575.6373805296607 7649.2178610332921
v -7227.576629441548 -2152.9220004424278 7053.2732835193437
v -5931.1096222062188 -2125.8937657765055 6569.699922342983
v -5646.2615411489242 -2547.0854936174583 7138.3842053130011
cstype bspline
deg 1
curv 0 4 4133 4134 4135 4136 4133
parm u 0 0 1 2 3 4 4
end
usemtl Default
v -7450.3508889358891 -1898.6983214296924 8265.0047192783059
v -7616.5601789755565 -1539.7399353804649 7609.2730810011253
v -7203.0483395401716 -2118.4932507111516 7066.5567852625536
v -6991.2854929476598 -2541.2086307948921 7662.5013627778626
cstype bspline
deg 1
curv 0 4 4137 4138 4139 4140 4137
parm u 0 0 1 2 3 4 4
end
usemtl Default
v -7498.8654546925391 -1899.5557550622034 8283.2021608560626
v -7665.0747447322065 -1540.5973690129758 7627.4705225788821
v -7227.5766294427667 -2152.9220004441449 7053.2732835187035
v -7015.8137828502586 -2575.6373805278563 7649.2178610340125
cstype bspline
deg 1
curv 0 4 4141 4142 4143 4144 4141
parm u 0 0 1 2 3 4 4
end
usemtl Default
v -7175.1846323285718 -2174.1139400613029 7144.9703160902372
v -5911.4617806637689 -2147.7683426825388 6673.6103018634694
v -6222.464299392519 -1562.7189375895541 7180.8420215585702
v -7594.6905355492781 -1586.9713019659102 7695.5535597218241
cstype bspline
deg 1
curv 0 4 4145 4146 4147 4148 4145
parm u 0 0 1 2 3 4 4
end
usemtl Default
v -7186.3300453072588 -2151.8657621619932 7113.6048120106225
v -5926.4537849299522 -2125.6003570066823 6643.6795501282122
v -6235.6732228223773 -1543.9052346596727 7148.0031417391328
v -7603.4383929197902 -1568.0787553317205 7661.0413682335457
cstype bspline
deg 1
curv 0 4 4149 4150 4151 4152 4149
parm u 0 0 1 2 3 4 4
end
usemtl Default
v -7008.0034376483527 -2507.8366085511516 7615.452877283964
v -5686.5817166711931 -2480.2881278200948 7122.5715778924296
v -6024.3304479446924 -1844.9244815378333 7673.4252188499813
v -7463.4726749916554 -1870.359501478466 8213.236432045891
cstype bspline
deg 1
curv 0 4 4153 4154 4155 4156 4153
parm u 0 0 1 2 3 4 4
end
usemtl Default
v -7019.1488506270689 -2485.5884306517837 7584.0873732044074
v -5701.5737209373619 -2458.1201421442383 7092.6408261571869
v -6037.539371374547 -1826.1107786079228 7640.5863390305476
v -7472.2205323621638 -1851.4669548442762 8178.7242405576126
cstype bspline
deg 1
curv 0 4 4157 4158 4159 4160 4157
parm u 0 0 1 2 3 4 4
end
usemtl Default
v -5621.6558787797185 -2513.4534547339135 7106.3646884056579
v -5902.4548664663962 -2099.6668708353536 6532.9860967354343
v -4789.021464466372 -2072.2195065764827 5946.071717838242
v -4431.9785327946738 -2484.1265929682122 6479.2605083508479
cstype bspline
deg 1
curv 0 4 4161 4162 4163 4164 4161
parm u 0 0 1 2 3 4 4
end
usemtl Default
v -5648.392940891008 -2548.0610599792562 7096.9358899221406
v -5929.1919285776858 -2134.2744760806963 6523.557298251917
v -4776.8139895051645 -2105.8670859298436 5916.1144272632464
v -4419.7710578334736 -2517.7741723215731 6449.3032177758669
cstype bspline
deg 1
curv 0 4 4165 4166 4167 4168 4165
parm u 0 0 1 2 3 4 4
end
usemtl Default
v -5960.7274205413378 -1866.7648912611185 7738.9699304928545
v -6215.1825309229607 -1503.2218730687455 7116.4418553974174
v -5902.4534332366675 -2099.6650157082477 6532.9866021624966
v -5621.6544455512849 -2513.4515996084956 7106.36519383226
cstype bspline
deg 1
curv 0 4 4169 4170 4171 4172 4169
parm u 0 0 1 2 3 4 4
end
usemtl Default
v -6005.0637821523378 -1867.8113517717284 7762.3727729906168
v -6259.5188925339608 -1504.2683335793554 7139.8446978951797
v -5929.1919285770564 -2134.2744760799105 6523.5572982521335
v -5648.3929408916665 -2548.0610599801585 7096.9358899219078
cstype bspline
deg 1
curv 0 4 4173 4174 4175 4176 4173
parm u 0 0 1 2 3 4 4
end
usemtl Default
v -5865.5052560284821 -2154.1124154282152 6608.4293962442407
v -4742.0421313516708 -2126.4178074175143 6016.2281376425326
v -4961.2365533703814 -1522.250137024821 6554.1338891348114
v -6181.7015953464288 -1551.0564807256451 7198.3534442257733
cstype bspline
deg 1
curv 0 4 4177 4178 4179 4180 4177
parm u 0 0 1 2 3 4 4
end
usemtl Default
v -5880.2841501171497 -2132.3341741703916 6578.2515756299636
v -4760.8338645975455 -2104.7384870811075 5988.1655697208425
v -4979.0667753209709 -1503.221039417549 6523.7117609145371
v -6195.0939695770394 -1531.9226376629085 7165.588808694436
cstype bspline
deg 1
curv 0 4 4181 4182 4183 4184 4181
parm u 0 0 1 2 3 4 4
end
usemtl Default
v -5643.8218446985848 -2480.7860342955391 7061.0967054584416
v -4460.1661326635149 -2451.6076124635874 6437.1666564682619
v -4693.7832241115648 -1807.6866011340462 7010.4658124389407
v -5980.8159818872591 -1838.0641266669845 7689.8229771958358
cstype bspline
deg 1
curv 0 4 4185 4186 4187 4188 4185
parm u 0 0 1 2 3 4 4
end
usemtl Default
v -5658.6007387872523 -2459.0077930377156 7030.9188848441645
v -4478.9578659093604 -2429.9282921272097 6409.1040885465573
v -4711.613446062147 -1788.6575035267742 6980.04368421867
v -5994.2083561178697 -1818.9302836042189 7657.0583416645059
cstype bspline
deg 1
curv 0 4 4189 4190 4191 4192 4189
parm u 0 0 1 2 3 4 4
end
usemtl Default
v -4400.1306017762217 -2483.1533931570011 6416.3427874965146
v -4753.7649071393244 -2080.018716550112 5876.3232061961371
v -3794.6629813299951 -2053.9005354043329 5187.1424471411901
v -3364.096985245822 -2454.9402148268127 5671.8813126179757
cstype bspline
deg 1
curv 0 4 4193 4194 4195 4196 4193
parm u 0 0 1 2 3 4 4
end
usemtl Default
v -4428.3967288061976 -2517.971185376955 6411.4270170109248
v -4782.0310341692893 -2114.8365087700658 5871.4074357105401
v -3787.8236270255693 -2087.762338176195 5157.0009716267905
v -3357.2576309413962 -2488.8020175986749 5641.7398371035724
cstype bspline
deg 1
curv 0 4 4197 4198 4199 4200 4197
parm u 0 0 1 2 3 4 4
end
usemtl Default
v -4621.9551473621214 -1829.6053749007988 7064.4423696327995
v -4962.8701030896846 -1463.9439373068162 6487.2617021948845
v -4753.7607382986389 -2080.0135814345849 5876.3239312004534
v -4400.1264329319383 -2483.148258036992 6416.3435125014603
cstype bspline
deg 1
curv 0 4 4201 4202 4203 4204 4201
parm u 0 0 1 2 3 4 4
end
usemtl Default
v -4661.6604983312718 -1830.7388004265376 7092.9347416936598
v -5002.575454058835 -1465.0773628325551 6515.7540742557485
v -4782.0310341710501 -2114.8365087722486 5871.4074357102454
v -4428.3967288043568 -2517.9711853746558 6411.4270170112377
cstype bspline
deg 1
curv 0 4 4205 4206 4207 4208 4205
parm u 0 0 1 2 3 4 4
end
usemtl Default
v -4707.2282198026078 -2133.0625934298732 5947.3742051130048
v -3738.0095607926014 -2106.6689142757095 5250.9238768091909
v -3864.1843102650746 -1481.9747850848071 5806.9841352027706
v -4918.0128720729008 -1512.057284358656 6563.2065268577735
cstype bspline
deg 1
curv 0 4 4209 4210 4211 4212 4209
parm u 0 0 1 2 3 4 4
end
usemtl Default
v -4725.8405516641069 -2111.8449788716098 5918.9521218868267
v -3760.6709290075742 -2085.5615627271472 5225.4113049419921
v -3886.4446988308227 -1462.8526931371889 5779.704420160846
v -4935.9557644796223 -1492.8119455379201 6532.8285969926128
cstype bspline
deg 1
curv 0 4 4213 4214 4215 4216 4213
parm u 0 0 1 2 3 4 4
end
usemtl Default
v -4428.0432418803903 -2451.3268118035921 6373.7054535051375
v -3398.0890375682648 -2423.2791875039693 5633.6124548171738
v -3530.2784817789397 -1768.8061642987013 6216.1798608315275
v -4648.8694859721945 -1800.7373666696658 7018.8754748350602
cstype bspline
deg 1
curv 0 4 4217 4218 4219 4220 4217
parm u 0 0 1 2 3 4 4
end
usemtl Default
v -4446.6555737418748 -2430.1091972453287 6345.2833702790176
v -3420.7504057832157 -2402.1718359554361 5608.0998829499749
v -3552.5388703446733 -1749.6840723511123 6188.9001457896102
v -4666.8123783789088 -1781.492027848959 6988.4975449699141
cstype bspline
deg 1
curv 0 4 4221 4222 4223 4224 4221
parm u 0 0 1 2 3 4 4
end
usemtl Default
v -3343.1804407841046 -2453.2033445341222 5606.7366964727171
v -3771.7305954984258 -2061.1863683117263 5114.4322418455213
v -2978.9907374508875 -2038.1306878988398 4342.6546828900082
v -2476.8879359468119 -2428.0084928651631 4763.3514321421699
cstype bspline
deg 1
curv 0 4 4225 4226 4227 4228 4225
parm u 0 0 1 2 3 4 4
end
usemtl Default
v -3372.0860349955692 -2488.229900408769 5606.8220086345373
v -3800.6361897098941 -2096.212924186344 5114.5175540073451
v -2977.2282073635761 -2072.2653061907913 4312.8828232838405
v -2475.1254058594968 -2462.1431111571146 4733.5795725360022
cstype bspline
deg 1
curv 0 4 4229 4230 4231 4232 4229
parm u 0 0 1 2 3 4 4
end
usemtl Default
v -3451.2067168302565 -1791.2646430731111 6257.7299331295817
v -3875.4718314572056 -1425.5021983422339 5739.6046942753946
v -3771.7224992169758 -2061.1765575860627 5114.4322179500687
v -3343.1723445044263 -2453.1935338106123 5606.7366725772681
cstype bspline
deg 1
curv 0 4 4233 4234 4235 4236 4233
parm u 0 0 1 2 3 4 4
end
usemtl Default
v -3485.653100100044 -1792.4020836704003 6291.1541560008682
v -3909.9182147269967 -1426.6396389395231 5773.0289171466848
v -3800.6361897090464 -2096.2129241853254 5114.5175540073342
v -3372.0860349965005 -2488.2299004098459 5606.8220086345627
cstype bspline
deg 1
curv 0 4 4237 4238 4239 4240 4237
parm u 0 0 1 2 3 4 4
end
usemtl Default
v -3715.3327655569483 -2112.7672686883016 5179.1997472986968
v -2912.9245793582559 -2089.4303990786138 4398.0095183179128
v -2946.2105134935446 -1444.7874143260997 4960.2604353781408
v -3819.6474742694554 -1473.6288358067977 5807.7790678088259
cstype bspline
deg 1
curv 0 4 4241 4242 4243 4244 4241
parm u 0 0 1 2 3 4 4
end
usemtl Default
v -3737.8880368575883 -2092.1347962555883 5153.2889865287452
v -2939.35104259531 -2068.910514606745 4375.8675841467575
v -2972.5645789676237 -1425.66964492845 4936.8955909993874
v -3841.9772171445511 -1454.3781808209897 5780.5093183954614
cstype bspline
deg 1
curv 0 4 4245 4246 4247 4248 4245
parm u 0 0 1 2 3 4 4
end
usemtl Default
v -3377.003696047308 -2422.254355179728 5567.8611588481126
v -2516.5276308024004 -2397.2286661572871 4730.1385308854133
v -2550.8995313822488 -1731.5539552912815 5310.7331010596372
v -3484.7013311429182 -1762.3886605943553 6216.825309009515
cstype bspline
deg 1
curv 0 4 4249 4250 4251 4252 4249
parm u 0 0 1 2 3 4 4
end
usemtl Default
v -3399.5589673479335 -2401.6218827470148 5541.950398078161
v -2542.9540940394472 -2376.7087816853891 4707.9965967142653
v -2577.2535968563243 -1712.4361858936027 5287.3682566808875
v -3507.031074018003 -1743.1380056085181 6189.5555595961432
cstype bspline
deg 1
curv 0 4 4253 4254 4255 4256 4253
parm u 0 0 1 2 3 4 4
end
usemtl Default
v -2467.4080601734204 -2425.7405928003136 4696.5995101354438
v -2968.9834209216751 -2044.4703365845489 4268.526342005046
v -2349.7230035878856 -2025.38374128539 3437.9384811034188
v -1783.600173838815 -2404.6645413952647 3779.436853391333
cstype bspline
deg 1
curv 0 4 4257 4258 4259 4260 4257
parm u 0 0 1 2 3 4 4
end
usemtl Default
v -2495.9184084410881 -2460.9566963489633 4701.8913616015125
v -2997.4937691893392 -2079.6864401331986 4273.818193471111
v -2352.7150072493241 -2059.8133286889934 3409.0036539913644
v -1786.5921775002498 -2439.094128798868 3750.5020262792796
cstype bspline
deg 1
curv 0 4 4261 4262 4263 4264 4261
parm u 0 0 1 2 3 4 4
end
usemtl Default
v -2466.066294015036 -1754.6550118179584 5338.6896496945083
v -2967.6755340191266 -1390.4815181746089 4894.2579982410425
v -2968.9714608921495 -2044.4555635051802 4268.5241220847947
v -2467.3961001440039 -2425.7258197210904 4696.5972902152225
cstype bspline
deg 1
curv 0 4 4265 4266 4267 4268 4265
parm u 0 0 1 2 3 4 4
end
usemtl Default
v -2494.5209064708106 -1755.723989226768 5376.6704274843432
v -2996.1301464749049 -1391.5504955834185 4932.2387760308793
v -2997.4937691892992 -2079.6864401331404 4273.818193471112
v -2495.9184084411536 -2460.9566963490506 4701.8913616015398
cstype bspline
deg 1
curv 0 4 4269 4270 4271 4272 4269
parm u 0 0 1 2 3 4 4
end
usemtl Default
v -2902.974731444825 -2094.637107812945 4324.835755668887
v -2275.2331575682583 -2075.2891097209067 3482.8724774570983
v -2217.6529334310035 -1412.7018992832163 4039.7146538076786
v -2901.6743182291029 -1438.3990831277042 4952.7358471165062
cstype bspline
deg 1
curv 0 4 4273 4274 4275 4276 4273
parm u 0 0 1 2 3 4 4
end
usemtl Default
v -2929.3734346420933 -2074.5702522226493 4302.30558892518
v -2305.0290959760969 -2055.3269623467058 3464.8988789156292
v -2247.5293174007929 -1393.6654551566462 4020.9630888295942
v -2928.0748045451037 -1419.2320571464661 4929.3447075663262
cstype bspline
deg 1
curv 0 4 4277 4278 4279 4280 4277
parm u 0 0 1 2 3 4 4
end
usemtl Default
v -2506.9941834857818 -2395.6399416674976 4662.7882568245577
v -1828.2940814505928 -2374.7213203339488 3752.4764555791226
v -1769.5071738841507 -1698.2485611821758 4320.9881284789453
v -2505.667023489048 -1725.9044728461013 5303.6029403692264
cstype bspline
deg 1
curv 0 4 4281 4282 4283 4284 4281
parm u 0 0 1 2 3 4 4
end
usemtl Default
v -2533.3928866830465 -2375.5730860772019 4640.2580900808471
v -1858.0900198584313 -2354.759172959748 3734.5028570376535
v -1799.3835578539365 -1679.2121170555765 4302.2365635008609
v -2532.0675098050524 -1706.7374468648923 5280.2118008190446
cstype bspline
deg 1
curv 0 4 4285 4286 4287 4288 4285
parm u 0 0 1 2 3 4 4
end
usemtl Default
v -1785.4916324853839 -2402.2837429362407 3712.5970806114501
v -2352.3237793830303 -2030.708231775905 3364.5793725766316
v -1904.7165873883678 -2015.790139275894 2502.1105460059398
v -1288.022318879237 -2385.7038189112791 2754.0517693780721
cstype bspline
deg 1
curv 0 4 4289 4290 4291 4292 4289
parm u 0 0 1 2 3 4 4
end
usemtl Default
v -1812.5899193701553 -2437.658380279463 3722.9190762029275
v -2379.4220662677908 -2066.0828691190982 3374.9013681681117
v -1912.0904018994661 -2050.5073888276238 2474.4265782279972
v -1295.3961333903426 -2420.421068463038 2726.3678016001277
cstype bspline
deg 1
curv 0 4 4293 4294 4295 4296 4293
parm u 0 0 1 2 3 4 4
end
usemtl Default
v -1681.1546942543428 -1721.8842656974448 4334.1989209900948
v -2249.5442004336219 -1360.4656578762806 3976.9017031742142
v -2352.3097770471504 -2030.6899528509239 3364.5740389535149
v -1785.4776301526726 -2402.2654640153924 3712.5917469895448
cstype bspline
deg 1
curv 0 4 4297 4298 4299 4300 4297
parm u 0 0 1 2 3 4 4
end
usemtl Default
v -1702.9827349144252 -1722.8139708219387 4376.0123925868165
v -2271.372241093708 -1361.3953630007745 4018.7151747709349
v -2379.422066266241 -2066.08286911709 3374.9013681675151
v -1812.5899193717487 -2437.6583802815585 3722.919076203545
cstype bspline
deg 1
curv 0 4 4301 4302 4303 4304 4301
parm u 0 0 1 2 3 4 4
end
usemtl Default
v -2277.7293450069301 -2079.5993712178606 3410.3494854984692
v -1823.5726046897835 -2064.4629918595019 2535.2607069759615
v -1679.6679326823651 -1386.9338239888602 3075.5309154203933
v -2174.7561075152844 -1408.0207378527266 4023.9144949921028
cstype bspline
deg 1
curv 0 4 4305 4306 4307 4308 4305
parm u 0 0 1 2 3 4 4
end
usemtl Default
v -2307.5626158961495 -2060.0427653673105 3392.0327640226906
v -1856.0301977692179 -2044.9938508260529 2522.0006425879519
v -1712.2445662009995 -1368.0251468277129 3061.8239301506401
v -2204.6713446826179 -1388.9987058621482 4005.1093782649468
cstype bspline
deg 1
curv 0 4 4309 4310 4311 4312 4309
parm u 0 0 1 2 3 4 4
end
usemtl Default
v -1830.2302816687079 -2372.9484589760832 3685.1003076350817
v -1336.7087084983868 -2356.5001073611202 2734.1616727960591
v -1191.018429902957 -1670.5639814060414 3281.1356944666331
v -1726.0275500053394 -1693.3512177115481 4305.9912458993622
cstype bspline
deg 1
curv 0 4 4313 4314 4315 4316 4313
parm u 0 0 1 2 3 4 4
end
usemtl Default
v -1860.06355255792 -2353.3918531255331 3666.7835861593112
v -1369.1663015778031 -2337.0309663276712 2720.9016084080549
v -1223.5950634215769 -1651.6553042448941 3267.4287091968863
v -1755.9427871726657 -1674.3291857209697 4287.186129172218
cstype bspline
deg 1
curv 0 4 4317 4318 4319 4320 4317
parm u 0 0 1 2 3 4 4
end
usemtl Default
v -1299.9557089866939 -2383.9399553547555 2689.0105796144435
v -1918.1095592731217 -2020.370418715931 2431.9222687496094
v -1628.8380884757062 -2009.3151227752969 1564.408648472524
v -978.48427795243333 -2371.654050364712 1724.9305609959092
cstype bspline
deg 1
curv 0 4 4321 4322 4323 4324 4321
parm u 0 0 1 2 3 4 4
end
usemtl Default
v -1324.872643601695 -2419.4302070891426 2703.8052426826926
v -1943.0264938881228 -2055.8606704503181 2446.7169318178658
v -1640.1323240931015 -2044.2847460200428 1538.3493797902047
v -989.77851356982865 -2406.6236736094579 1698.8712923135899
cstype bspline
deg 1
curv 0 4 4325 4326 4327 4328 4325
parm u 0 0 1 2 3 4 4
end
usemtl Default
v -1102.1858723797777 -1694.4780266549205 3279.1443481358865
v -1721.8504155641276 -1336.1752505302138 3017.5478560835827
v -1918.0963562384641 -2020.3516130710486 2431.9144293242443
v -1299.9425059509886 -2383.9211497083888 2689.0027401884527
cstype bspline
deg 1
curv 0 4 4329 4330 4331 4332 4329
parm u 0 0 1 2 3 4 4
end
usemtl Default
v -1117.1345499286108 -1695.1885091369622 3323.7333351966627
v -1736.799093112968 -1336.8857330122264 3062.1368431443589
v -1943.0264938886176 -2055.8606704510166 2446.7169318181568
v -1324.872643601142 -2419.4302070883568 2703.8052426823651
cstype bspline
deg 1
curv 0 4 4333 4334 4335 4336 4333
parm u 0 0 1 2 3 4 4
end
usemtl Default
v -1836.7656308774312 -2068.2082138955011 2465.7259998939135
v -1543.2652186700361 -2056.9912974580948 1585.5299527519119
v -1320.7829385031291 -1368.1335668750689 2098.8648708755254
v -1640.3156072504134 -1383.3203526518773 3051.968447143091
cstype bspline
deg 1
curv 0 4 4337 4338 4339 4340 4337
parm u 0 0 1 2 3 4 4
end
usemtl Default
v -1869.3000440504147 -2049.0729751250474 2452.1950361642894
v -1577.494366592291 -2037.9208275849815 1577.0814310401593
v -1355.1069454874014 -1349.3568030810566 2090.1974801878023
v -1672.9295305758933 -1364.4623118032177 3038.2002107192911
cstype bspline
deg 1
curv 0 4 4341 4342 4343 4344 4341
parm u 0 0 1 2 3 4 4
end
usemtl Default
v -1348.7494332823699 -2355.2367954524525 2668.6904558383767
v -1029.8279998358485 -2343.0483455550275 1712.2577784282739
v -805.9228337387467 -1649.7850237850507 2228.8757311914433
v -1151.1067573680048 -1666.1909653819166 3258.4919935001799
cstype bspline
deg 1
curv 0 4 4345 4346 4347 4348 4345
parm u 0 0 1 2 3 4 4
end
usemtl Default
v -1381.2838464553715 -2336.1015566819988 2655.1594921087471
v -1064.0571477581252 -2323.9778756818851 1703.8092567165177
v -840.2468407230408 -1631.0082599910675 2220.2083405037147
v -1183.7206806935064 -1647.332924533257 3244.7237570763718
cstype bspline
deg 1
curv 0 4 4349 4350 4351 4352 4349
parm u 0 0 1 2 3 4 4
end
usemtl Default
v -997.99368414501805 -2371.3230448062241 1663.0816244855323
v -1649.9203180107652 -2013.5129176050832 1499.1230660896199
v -1495.8775917959283 -2005.9454501444125 649.85190283292559
v -827.63271788779821 -2362.9539312466222 723.84444307518424
cstype bspline
deg 1
curv 0 4 4353 4354 4355 4356 4353
parm u 0 0 1 2 3 4 4
end
usemtl Default
v -1020.3693615770535 -2406.8698459259758 1681.569549633432
v -1672.2959954428152 -2049.059718724835 1517.6109912375196
v -1510.5229905257438 -2041.1124953744875 625.72111467272862
v -842.27811661762098 -2398.1209764767264 699.71365491498636
cstype bspline
deg 1
curv 0 4 4357 4358 4359 4360 4357
parm u 0 0 1 2 3 4 4
end
usemtl Default
v -719.9483351610761 -1673.6771262825932 2212.5230342827817
v -1372.7245261472053 -1317.998658915807 2046.8855902080495
v -1649.9100305755055 -2013.4965746176313 1499.1145660862767
v -997.98339670958376 -2371.3067018185102 1663.0731244820436
cstype bspline
deg 1
curv 0 4 4361 4362 4363 4364 4361
parm u 0 0 1 2 3 4 4
end
usemtl Default
v -728.32364015134226 -1674.0855289388855 2258.7071753749215
v -1381.0998311374715 -1318.4070615720993 2093.0697313001901
v -1672.2959954429025 -2049.0597187249805 1517.6109912375923
v -1020.3693615769953 -2406.8698459258885 1681.5695496333883
cstype bspline
deg 1
curv 0 4 4365 4366 4367 4368 4365
parm u 0 0 1 2 3 4 4
end
usemtl Default
v -1564.136648338892 -2060.5930083938874 1520.6753378877665
v -1407.9506347027491 -2052.9202502894041 659.58776339111773
v -1117.9511538035295 -1356.563322790782 1137.4112879835948
v -1286.8329220700834 -1364.7984572535206 2068.6799907441973
cstype bspline
deg 1
curv 0 4 4369 4370 4371 4372 4369
parm u 0 0 1 2 3 4 4
end
usemtl Default
v -1598.4485764370984 -2041.7608964359679 1512.0459400774707
v -1443.1214175400237 -2034.1303302314191 655.69341916784015
v -1153.1685686288256 -1337.8853770983696 1133.4401096197698
v -1321.1895637009366 -1346.0785379184235 2059.9622305297371
cstype bspline
deg 1
curv 0 4 4373 4374 4375 4376 4373
parm u 0 0 1 2 3 4 4
end
usemtl Default
v -1049.4577268658904 -2343.0746877632046 1650.1163050422001
v -880.38889214371011 -2334.7690511595865 718.00292674026878
v -589.6899314241964 -1636.7325081768795 1196.9789634409517
v -771.48329760734487 -1645.5972472799767 2199.4463939610932
cstype bspline
deg 1
curv 0 4 4377 4378 4379 4380 4377
parm u 0 0 1 2 3 4 4
end
usemtl Default
v -1083.7696549640823 -2324.242575805285 1641.4869072319043
v -915.55967498097743 -2315.9791311016015 714.1085825169921
v -624.907346249478 -1618.0545624844672 1193.0077850771286
v -805.83993923819799 -1626.8773279448797 2190.7286337466339
cstype bspline
deg 1
curv 0 4 4381 4382 4383 4384 4381
parm u 0 0 1 2 3 4 4
end
usemtl Default
v -846.32044747175678 -2365.3520484418259 667.52561006780979
v -1515.2588341813171 -2010.4809874283383 592.14319277291634
v -1478.2045858324054 -2004.4249911971274 2.7303030947223306E-09
v -804.54903130655293 -2358.5250974135415 2.7303030947223306E-09
cstype bspline
deg 1
curv 0 4 4385 4386 4387 4388 4385
parm u 0 0 1 2 3 4 4
end
usemtl Default
v -865.83942001729156 -2401.2352924594015 688.88368069635089
v -1534.7778067268373 -2046.3642314458848 613.50126340144107
v -1496.387045076779 -2040.0898008954246 2.7303030947223306E-09
v -822.73149055091199 -2394.1899071118096 2.7303030947223306E-09
cstype bspline
deg 1
curv 0 4 4389 4390 4391 4392 4389
parm u 0 0 1 2 3 4 4
end
usemtl Default
v -513.41253605587553 -1655.9386261655309 1168.9295087325918
v -1182.9879843369126 -1302.4251199126593 1092.5875729629533
v -1515.2551307196118 -2010.4741790668922 592.13914036715323
v -846.31674401074997 -2365.3452400816604 667.52155766281976
cstype bspline
deg 1
curv 0 4 4393 4394 4395 4396 4393
parm u 0 0 1 2 3 4 4
end
usemtl Default
v -515.94304058374837 -1655.6189865545311 1215.8846092114809
v -1185.5184888647855 -1302.1054803016887 1139.5426734418425
v -1534.7778067265172 -2046.3642314453027 613.50126340108727
v -865.8394200176408 -2401.2352924600418 688.8836806967247
cstype bspline
deg 1
curv 0 4 4397 4398 4399 4400 4397
parm u 0 0 1 2 3 4 4
end
usemtl Default
v -1427.2400746723069 -2057.1744580786908 602.05313095991824
v -1389.5656970790078 -2051.0171104361361 2.7303030947223306E-09
v -1035.4628715638901 -1356.4460562191962 2.7303030947223306E-09
v -1094.8859516683588 -1348.9400549459097 1102.6325645115949
cstype bspline
deg 1
curv 0 4 4401 4402 4403 4404 4401
parm u 0 0 1 2 3 4 4
end
usemtl Default
v -1462.4473581833299 -2038.4970338148123 598.08563531273649
v -1425.0212525803654 -2032.3802627405385 2.7303030947223306E-09
v -1070.92022252678 -1337.812730313075 2.7303030947223306E-09
v -1130.1267647357745 -1330.3340809326328 1098.6145678921175
cstype bspline
deg 1
curv 0 4 4405 4406 4407 4408 4405
parm u 0 0 1 2 3 4 4
end
usemtl Default
v -899.13082200694771 -2337.3358220367227 661.56556566772542
v -857.73236455857841 -2330.5698258701304 2.7303030947223306E-09
v -503.60260712075251 -1635.945944811363 2.7303030947223306E-09
v -566.2737556570064 -1628.0296651455283 1162.902513803444
cstype bspline
deg 1
curv 0 4 4409 4410 4411 4412 4409
parm u 0 0 1 2 3 4 4
end
usemtl Default
v -934.33810551794886 -2318.6583977728442 657.59807002054367
v -893.18792005992145 -2311.9329781745328 2.7303030947223306E-09
v -539.05995808361331 -1617.3126189052418 2.7303030947223306E-09
v -601.51456872441486 -1609.4236911322514 1158.8845171839675
cstype bspline
deg 1
curv 0 4 4413 4414 4415 4416 4413
parm u 0 0 1 2 3 4 4
end
usemtl Default
v -434.27376783353975 -1628.1854728675971 40.000000002730303
v -1107.9113849379137 -1274.1796342734306 40.000000002730303
v -720.47618461315869 -561.29010172100971 40.000000002730303
v -46.113321952012484 -913.96147208532784 40.000000002730303
cstype bspline
deg 1
curv 0 4 4417 4418 4419 4420 4417
parm u 0 0 1 2 3 4 4
end
usemtl Default
v -451.21592807571869 -1663.4758656084596 2.7303030947223306E-09
v -1124.8535451800635 -1309.4700270142639 2.7303030947223306E-09
v -718.01688559566537 -560.88137055450352 2.7303030947223306E-09
v -43.654022934519162 -913.55274091882166 2.7303030947223306E-09
cstype bspline
deg 1
curv 0 4 4421 4422 4423 4424 4421
parm u 0 0 1 2 3 4 4
end
usemtl Default
v -496.55410749798466 -1620.8132608406304 1225.1950146871923
v -1166.4175564393663 -1267.247113692225 1153.4412096996384
v -1107.8584007768222 -1274.069268663181 40.125094229994829
v -434.22078367460927 -1628.0751072618586 40.125094224910754
cstype bspline
deg 1
curv 0 4 4425 4426 4427 4428 4425
parm u 0 0 1 2 3 4 4
end
usemtl Default
v -516.84520901726501 -1655.8300394347461 1247.7320632618748
v -1186.7086579586467 -1302.2638922863407 1175.978258274321
v -1124.8535451790231 -1309.4700270120811 5.2023096941411495E-09
v -451.21592807681009 -1663.4758656107588 0
cstype bspline
deg 1
curv 0 4 4429 4430 4431 4432 4429
parm u 0 0 1 2 3 4 4
end
usemtl Default
v -1078.2776289470785 -1313.7689751590951 1162.8824998295795
v -1019.2152923973335 -1320.6497508180328 40.000000002730303
v -631.74422899985075 -607.694229400513 40.000000002730303
v -673.1141231652291 -614.56983296838007 712.87294259479677
cstype bspline
deg 1
curv 0 4 4433 4434 4435 4436 4433
parm u 0 0 1 2 3 4 4
end
usemtl Default
v -1113.5335999439922 -1295.1602305723645 1159.1059837776029
v -1054.6699038237493 -1302.0178645759879 40.000000002730303
v -667.23701124517538 -589.1325783287175 40.000000002730303
v -708.37505459169188 -595.96964869872318 709.1019360239834
cstype bspline
deg 1
curv 0 4 4437 4438 4439 4440 4437
parm u 0 0 1 2 3 4 4
end
usemtl Default
v -549.43806399335153 -1592.9001439604908 1219.5302406092278
v -487.39612100105296 -1600.128044448531 40.000000002730303
v -99.352495319995796 -886.11899547762005 40.000000002730303
v -144.20015176833112 -893.57259701340809 769.43804115699913
cstype bspline
deg 1
curv 0 4 4441 4442 4443 4444 4441
parm u 0 0 1 2 3 4 4
end
usemtl Default
v -584.69403499026521 -1574.2913993737311 1215.7537245572503
v -522.85073242747603 -1581.4961582064861 40.000000002730303
v -134.84527756532043 -867.55734440579545 40.000000002730303
v -179.4610831947939 -874.97241274375119 765.66703458618576
cstype bspline
deg 1
curv 0 4 4445 4446 4447 4448 4445
parm u 0 0 1 2 3 4 4
end
usemtl Default
v -534.51272060618794 -1628.9047906833002 1282.3503689415611
v -1203.9886806420691 -1274.1523806591576 1209.8864952331442
v -746.39256835560809 -566.08348429037142 745.74479037065885
v -74.529358841966314 -917.14194443670567 815.78726666594957
cstype bspline
deg 1
curv 0 4 4449 4450 4451 4452 4449
parm u 0 0 1 2 3 4 4
end
usemtl Default
v -549.12353719492967 -1664.0487155627925 1257.9226166802055
v -1218.5994972308108 -1309.2963055386499 1185.4587429718031
v -738.00577340983 -565.64167541658389 697.99046181461745
v -66.142563896188221 -916.70013556288905 768.03293810990817
cstype bspline
deg 1
curv 0 4 4453 4454 4455 4456 4453
parm u 0 0 1 2 3 4 4
end
usemtl Default
v -708.76506323548529 -1639.9958110326261 2268.5566355659194
v -1363.0817255662114 -1284.2777268008213 2110.2990259039925
v -1203.984767314374 -1274.1429677907145 1209.8930379064459
v -534.50880727874755 -1628.8953778154391 1282.3569116144263
cstype bspline
deg 1
curv 0 4 4457 4458 4459 4460 4457
parm u 0 0 1 2 3 4 4
end
usemtl Default
v -731.6721095211542 -1675.6773840712849 2291.0525358745062
v -1385.9887718518803 -1319.9592998394801 2132.7949262125803
v -1218.5994972306944 -1309.2963055383589 1185.4587429720032
v -549.12353719506063 -1664.0487155631126 1257.9226166799835
cstype bspline
deg 1
curv 0 4 4461 4462 4463 4464 4461
parm u 0 0 1 2 3 4 4
end
usemtl Default
v -1276.9874278911157 -1331.0827378839604 2131.1223955963524
v -1115.8935622159042 -1320.8207723217783 1219.4149507938773
v -657.98951447222498 -612.27538694118266 754.9609056726722
v -821.03782226843032 -620.86462629993912 1683.3563787159355
cstype bspline
deg 1
curv 0 4 4465 4466 4467 4468 4465
parm u 0 0 1 2 3 4 4
end
usemtl Default
v -1311.4251469611481 -1312.3607334507105 2122.7930477194095
v -1151.1291390598781 -1302.1495928467775 1215.6010627039414
v -693.35073602557532 -593.79862588085234 751.27445955186795
v -855.60616960211337 -602.34609733324032 1675.1553145277676
cstype bspline
deg 1
curv 0 4 4469 4470 4471 4472 4469
parm u 0 0 1 2 3 4 4
end
usemtl Default
v -760.42164184054855 -1611.9128043827368 2256.0626137505033
v -587.3599095563186 -1600.888464446587 1276.6232721429296
v -127.57119117199181 -889.42680284619564 810.25759748474229
v -302.51261226317001 -898.64256080050836 1806.3723415384593
cstype bspline
deg 1
curv 0 4 4473 4474 4475 4476 4473
parm u 0 0 1 2 3 4 4
end
usemtl Default
v -794.85936091058102 -1593.190799949487 2247.7332658735613
v -622.59548640028515 -1582.2172849716153 1272.8093840529937
v -162.93241272533487 -870.95004178583622 806.57115136393804
v -337.08095959685306 -880.12403183380957 1798.1712773502923
cstype bspline
deg 1
curv 0 4 4477 4478 4479 4480 4477
parm u 0 0 1 2 3 4 4
end
usemtl Default
v -765.57636556358193 -1641.4115571767907 2320.0167122996991
v -1419.2987175982998 -1284.962925336702 2161.2891486538965
v -887.02117903873295 -577.47947090491652 1709.4079336697541
v -226.04811756362324 -924.2907301519881 1861.9799503422846
cstype bspline
deg 1
curv 0 4 4481 4482 4483 4484 4481
parm u 0 0 1 2 3 4 4
end
usemtl Default
v -776.96947357564932 -1676.4074304499663 2294.8652125405824
v -1430.6918256103745 -1319.9587986098486 2136.1376488947781
v -871.62706430820253 -576.87076666412759 1661.5152098647395
v -210.65400283308554 -923.68202591119916 1814.08722653727
cstype bspline
deg 1
curv 0 4 4485 4486 4487 4488 4485
parm u 0 0 1 2 3 4 4
end
usemtl Default
v -1095.4820920158018 -1662.3232738006627 3332.5891325874809
v -1718.8192037197878 -1303.9478597355483 3080.6021400184
v -1419.2959940016081 -1284.9545593452349 2161.2951612837214
v -765.57364196624985 -1641.4031911833736 2320.0227249309355
cstype bspline
deg 1
curv 0 4 4489 4490 4491 4492 4489
parm u 0 0 1 2 3 4 4
end
usemtl Default
v -1122.1548559297808 -1698.2962505626783 3354.3201083879776
v -1745.4919676337668 -1339.9208364976221 3102.3331158188967
v -1430.6918256106947 -1319.9587986108381 2136.1376488940905
v -776.96947357533645 -1676.4074304489477 2294.8652125413055
cstype bspline
deg 1
curv 0 4 4493 4494 4495 4496 4493
parm u 0 0 1 2 3 4 4
end
usemtl Default
v -1636.8011627061132 -1351.1025194809481 3113.7583232511706
v -1333.2761455848595 -1331.8554573531728 2182.1688590401318
v -800.05103937096283 -623.11253133215359 1729.4831990214016
v -1105.9905565907538 -635.20979608673952 2681.2934885852237
cstype bspline
deg 1
curv 0 4 4497 4498 4499 4500 4497
parm u 0 0 1 2 3 4 4
end
usemtl Default
v -1669.6083791115816 -1332.2406555828056 3100.4958499580644
v -1367.6825851657049 -1313.0950030459207 2173.8147767430537
v -834.83909523806506 -604.85930716127041 1721.4530928807444
v -1139.2028602266728 -616.89426452873158 2668.3610501107987
cstype bspline
deg 1
curv 0 4 4501 4502 4503 4504 4501
parm u 0 0 1 2 3 4 4
end
usemtl Default
v -1144.6929166240225 -1634.0304779533762 3312.6954226478138
v -817.17955187204643 -1613.2622719621577 2307.4800934963268
v -278.23020136429113 -896.91089389566332 1849.9347911312943
v -607.80600205184601 -909.94276945668389 2875.2800657016378
cstype bspline
deg 1
curv 0 4 4505 4506 4507 4508 4505
parm u 0 0 1 2 3 4 4
end
usemtl Default
v -1177.5001330294908 -1615.1686140552338 3299.4329493547029
v -851.5859914528919 -1594.5018176549056 2299.1260111992469
v -313.01825723140792 -878.65766972475103 1841.9046849906335
v -641.01830568777223 -891.62723789870506 2862.3476272272092
cstype bspline
deg 1
curv 0 4 4509 4510 4511 4512 4509
parm u 0 0 1 2 3 4 4
end
usemtl Default
v -1167.8205269884056 -1661.4329573577561 3376.5189268344966
v -1790.3626653396204 -1302.6870152177289 3124.3288716799671
v -1171.1722637491839 -596.05766010435764 2701.2627101221096
v -532.28901222794957 -936.15487928048242 2942.2875857023801
cstype bspline
deg 1
curv 0 4 4513 4514 4515 4516 4513
parm u 0 0 1 2 3 4 4
end
usemtl Default
v -1175.6905329955698 -1696.3597428774519 3350.9555636427831
v -1798.2326713467919 -1337.6138007374248 3098.7655084882499
v -1147.7436567366894 -595.26599992910633 2654.3143512355173
v -508.8604052154551 -935.36321910526021 2895.3392268157877
cstype bspline
deg 1
curv 0 4 4517 4518 4519 4520 4517
parm u 0 0 1 2 3 4 4
end
usemtl Default
v -1679.0382423829433 -1691.248166363599 4385.9876865161968
v -2252.9982580721662 -1329.6681870281172 4037.8663922929845
v -1790.3611431514219 -1302.6802598047943 3124.3338160534886
v -1167.8190048006581 -1661.4262019468297 3376.5238712065593
cstype bspline
deg 1
curv 0 4 4521 4522 4523 4524 4521
parm u 0 0 1 2 3 4 4
end
usemtl Default
v -1710.0641516437972 -1727.5324176704453 4406.1404867140873
v -2284.0241673330238 -1365.9524383349635 4058.0191924908759
v -1798.2326713465591 -1337.6138007364061 3098.7655084889411
v -1175.6905329957954 -1696.3597428784124 3350.9555636420109
cstype bspline
deg 1
curv 0 4 4525 4526 4527 4528 4525
parm u 0 0 1 2 3 4 4
end
usemtl Default
v -2177.4772033762201 -1377.2445000985754 4083.6718257434059
v -1708.4430697073622 -1349.8834029092977 3157.5075672874536
v -1087.1086780227051 -640.80729420646094 2732.9765095405655
v -1561.4709938495944 -656.83614960854175 3683.546564082787
cstype bspline
deg 1
curv 0 4 4529 4530 4531 4532 4529
parm u 0 0 1 2 3 4 4
end
usemtl Default
v -2207.6856252545986 -1358.2139748703921 4065.3496523632375
v -1741.2084454099604 -1331.0020375333843 3144.2344064897825
v -1120.7341123132937 -622.9074405656138 2720.2909897731852
v -1592.5733285751485 -638.85103962093126 3665.8050295116946
cstype bspline
deg 1
curv 0 4 4533 4534 4535 4536 4533
parm u 0 0 1 2 3 4 4
end
usemtl Default
v -1724.3508752005146 -1662.702378521295 4358.5044264459439
v -1216.9624341683593 -1633.1038835478248 3356.6049792525419
v -582.72716366383975 -909.30509881919716 2923.2593060513045
v -1094.9359729661664 -926.61279942284455 3949.6695826492505
cstype bspline
deg 1
curv 0 4 4537 4538 4539 4540 4537
parm u 0 0 1 2 3 4 4
end
usemtl Default
v -1754.5592970788857 -1643.6718532931118 4340.1822530657755
v -1249.7278098709576 -1614.2225181719114 3343.3318184548689
v -616.35259795442107 -891.40524517837912 2910.573786283926
v -1126.0383076917205 -908.62768943523406 3931.9280480781572
cstype bspline
deg 1
curv 0 4 4541 4542 4543 4544 4541
parm u 0 0 1 2 3 4 4
end
usemtl Default
v -1764.6617395854264 -1688.4615511244047 4418.9969622539265
v -2337.8671413414522 -1327.4020898967283 4071.3648631309425
v -1627.3585983767625 -621.52258578143665 3697.142739283091
v -1023.0539239577629 -951.68538942059968 4028.3949708009659
cstype bspline
deg 1
curv 0 4 4545 4546 4547 4548 4545
parm u 0 0 1 2 3 4 4
end
usemtl Default
v -1768.8976913774968 -1723.423325522599 4393.4596630792312
v -2342.1030931335226 -1362.3638642949227 4045.8275639562507
v -1595.3824864287744 -620.50822189258179 3652.5326850572346
v -991.07781200978206 -950.67102553174482 3983.7849165751095
cstype bspline
deg 1
curv 0 4 4549 4550 4551 4552 4549
parm u 0 0 1 2 3 4 4
end
usemtl Default
v -2469.6740390959603 -1725.1247623519448 5389.6530456171513
v -2976.7176139867734 -1360.6242413275468 4950.9301627718778
v -2337.8666171372934 -1327.3977633349423 4071.3680234025687
v -1764.6612153807073 -1688.4572245579911 4419.0001225289125
cstype bspline
deg 1
curv 0 4 4553 4554 4555 4556 4553
parm u 0 0 1 2 3 4 4
end
usemtl Default
v -2505.2872101767825 -1761.7227572517004 5407.3116313155442
v -3012.3307850675919 -1397.2222362272732 4968.5887484702707
v -2342.1030931337991 -1362.3638642971928 4045.8275639546018
v -1768.8976913772203 -1723.4233255202707 4393.4596630809456
cstype bspline
deg 1
curv 0 4 4557 4558 4559 4560 4557
parm u 0 0 1 2 3 4 4
end
usemtl Default
v -2910.001354132728 -1408.5848361991812 5008.6568578830902
v -2262.4408113968202 -1374.9053769384045 4117.1035236176649
v -1547.8448254269024 -664.96505994448671 3740.7285592196486
v -2206.7309166304694 -685.8666085403529 4659.9442632760647
cstype bspline
deg 1
curv 0 4 4561 4562 4563 4564 4561
parm u 0 0 1 2 3 4 4
end
usemtl Default
v -2936.6878580743432 -1389.4005982505041 4985.5661798386082
v -2292.6095167526473 -1355.9022474003432 4098.8070973481736
v -1579.6503346068421 -647.58807027924922 3723.2942312450286
v -2235.0690015451364 -668.3796233269386 4637.6725121416384
cstype bspline
deg 1
curv 0 4 4565 4566 4567 4568 4565
parm u 0 0 1 2 3 4 4
end
usemtl Default
v -2509.7037950083941 -1696.3484054289875 5355.0170285504209
v -1809.9102310592716 -1659.9523200090625 4391.5499176601143
v -1070.7621877276833 -925.6199049227871 4002.2434788390292
v -1781.6596429103083 -948.17138674118905 4994.0205302925515
cstype bspline
deg 1
curv 0 4 4569 4570 4571 4572 4569
parm u 0 0 1 2 3 4 4
end
usemtl Default
v -2536.3902989500166 -1677.1641674803395 5331.9263505059316
v -1840.0789364151133 -1640.9491904710303 4373.2534913906165
v -1102.5676969076303 -908.24291525757872 3984.8091508644029
v -1809.9977278249862 -930.68440152780386 4971.748779158117
cstype bspline
deg 1
curv 0 4 4573 4574 4575 4576 4573
parm u 0 0 1 2 3 4 4
end
usemtl Default
v -2564.7793747348733 -1721.4468278150016 5409.9366735125914
v -3071.5070137034745 -1358.7799077953387 4972.7391179715487
v -2275.1176358057128 -653.62284105981234 4666.1158561651073
v -1715.9776212369543 -969.88161191955442 5083.1337684166301
cstype bspline
deg 1
curv 0 4 4577 4578 4579 4580 4577
parm u 0 0 1 2 3 4 4
end
usemtl Default
v -2565.4796362784837 -1756.5621235483559 5384.9296647144311
v -3072.2072752470849 -1393.8952035286929 4947.7321091733866
v -2234.7275357450962 -652.35498093487695 4625.2883692772421
v -1675.5875211763341 -968.61375179461902 5042.3062815287631
cstype bspline
deg 1
curv 0 4 4581 4582 4583 4584 4581
parm u 0 0 1 2 3 4 4
end
usemtl Default
v -3462.1604888310685 -1762.1658470379189 6307.8395645865821
v -3888.4774568079811 -1395.8500838534092 5790.1847138069879
v -3071.5069741643238 -1358.7779250664753 4972.7405299522488
v -2564.7793351956789 -1721.4448450840719 5409.9380854947594
cstype bspline
deg 1
curv 0 4 4585 4586 4587 4588 4585
parm u 0 0 1 2 3 4 4
end
usemtl Default
v -3502.1904018143905 -1799.0678088506684 6322.1835600624163
v -3928.5073697913067 -1432.7520456661587 5804.5287092828221
v -3072.2072752471031 -1393.8952035297116 4947.7321091726899
v -2565.4796362784618 -1756.5621235473081 5384.9296647152005
cstype bspline
deg 1
curv 0 4 4589 4590 4591 4592 4589
parm u 0 0 1 2 3 4 4
end
usemtl Default
v -3832.3831189162847 -1444.0495263776975 5858.2971941727246
v -3004.829966291989 -1406.497151438205 5030.2642042238731
v -2201.5465812571929 -695.23583722556941 4720.9866340929366
v -3048.9522481901258 -721.83621338574449 5577.5689080532793
cstype bspline
deg 1
curv 0 4 4593 4594 4595 4596 4593
parm u 0 0 1 2 3 4 4
end
usemtl Default
v -3854.820854072972 -1424.769749367988 5831.0522020264252
v -3031.4998420273114 -1387.4094188057061 5007.2538065638637
v -2230.9750030766081 -678.59063875928405 4699.0383229218005
v -3074.1021917821308 -705.05671191122383 5551.2957867562127
cstype bspline
deg 1
curv 0 4 4597 4598 4599 4600 4597
parm u 0 0 1 2 3 4 4
end
usemtl Default
v -3495.8170915660776 -1733.2461815233692 6266.9720763671521
v -2604.7818302622036 -1692.8131409257185 5375.4201691239668
v -1760.120253966059 -944.91381422011182 5050.211301659936
v -2671.7030943101126 -973.52873550337972 5971.6657275092493
cstype bspline
deg 1
curv 0 4 4601 4602 4603 4604 4601
parm u 0 0 1 2 3 4 4
end
usemtl Default
v -3518.2548267227685 -1713.9664045136306 6239.7270842208509
v -2631.451705997526 -1673.7254082931904 5352.409771463952
v -1789.5486757854815 -928.26861575379735 5028.2629904887945
v -2696.8530379021213 -956.74923402888817 5945.3926062121718
cstype bspline
deg 1
curv 0 4 4605 4606 4607 4608 4605
parm u 0 0 1 2 3 4 4
end
usemtl Default
v -3563.0176058969737 -1758.6536331355746 6315.174548022851
v -3989.9054537501688 -1395.6886860501254 5800.2181047195427
v -3120.5644850793033 -691.67981682959362 5574.703071685386
v -2613.8373867254049 -989.98941867076792 6068.9484800059345
cstype bspline
deg 1
curv 0 4 4609 4610 4611 4612 4609
parm u 0 0 1 2 3 4 4
end
usemtl Default
v -3560.4618850167826 -1794.0404900135472 6291.1966495902252
v -3987.3497328699741 -1431.075542928098 5776.2402062869169
v -3072.4521227586993 -690.17403804243077 5538.9073619800674
v -2565.7250244047973 -988.48363988363417 6033.1527703006122
cstype bspline
deg 1
curv 0 4 4613 4614 4615 4616 4613
parm u 0 0 1 2 3 4 4
end
usemtl Default
v -4641.4700146320392 -1800.2242017339449 7112.6792524176362
v -4977.9096162268434 -1433.772754385689 6530.837263981417
v -3989.9054852675545 -1395.6882496560575 5800.2184004172395
v -3563.0176374143666 -1758.6531967413612 6315.174843720657
cstype bspline
deg 1
curv 0 4 4617 4618 4619 4620 4617
parm u 0 0 1 2 3 4 4
end
usemtl Default
v -4685.4447600021049 -1837.4051018410828 7123.1098814235211
v -5021.8843615969163 -1470.9536544928269 6541.2678929873018
v -3987.3497328699596 -1431.0755429281853 5776.2402062868514
v -3560.4618850167717 -1794.040490013489 6291.1966495902689
cstype bspline
deg 1
curv 0 4 4621 4622 4623 4624 4621
parm u 0 0 1 2 3 4 4
end
usemtl Default
v -4933.6412475959478 -1481.9900500894 6607.3954203546073
v -3933.7354326993191 -1443.4467722393165 5867.9753842848495
v -3053.8898668748479 -730.93108022975503 5639.7353622538812
v -4083.4560122218681 -763.15354420480435 6405.7349740726513
cstype bspline
deg 1
curv 0 4 4625 4626 4627 4628 4625
parm u 0 0 1 2 3 4 4
end
usemtl Default
v -4951.3485950483082 -1462.7031318079098 6576.7721578053297
v -3956.203214165289 -1424.3433539716643 5840.8724135846769
v -3080.5597141566286 -715.23057486969628 5613.7224460264824
v -4105.2236365139688 -747.29961334174732 6376.074792514979
cstype bspline
deg 1
curv 0 4 4629 4630 4631 4632 4629
parm u 0 0 1 2 3 4 4
end
usemtl Default
v -4668.0310358105744 -1771.2938243117533 7066.7443585937308
v -3596.718710709778 -1729.9980462540407 6274.5199447874202
v -2653.842157648076 -966.43866063066525 6029.9291056648417
v -3756.9416478403873 -1000.9625071501359 6850.637697437729
cstype bspline
deg 1
curv 0 4 4633 4634 4635 4636 4633
parm u 0 0 1 2 3 4 4
end
usemtl Default
v -4685.7383832629348 -1752.0069060302631 7036.1210960444423
v -3619.1864921757588 -1710.8946279863885 6247.4169740872403
v -2680.5120049298675 -950.73815527060651 6003.9161894374356
v -3778.7092721324952 -985.10857628710801 6820.9775158800494
cstype bspline
deg 1
curv 0 4 4637 4638 4639 4640 4637
parm u 0 0 1 2 3 4 4
end
usemtl Default
v -4745.3052191799907 -1797.5587806955737 7107.5895665829685
v -5083.7310242572166 -1436.0921601131267 6529.5786722182474
v -4157.3262433724158 -734.13365529564908 6392.5020112161856
v -3707.4824740456243 -1011.1762862698815 6954.0268048718772
cstype bspline
deg 1
curv 0 4 4641 4642 4643 4644 4641
parm u 0 0 1 2 3 4 4
end
usemtl Default
v -4739.8949768973107 -1833.3214094206633 7085.0772747747487
v -5078.3207819745403 -1471.8547888382163 6507.0663804100277
v -4102.5177322282725 -732.46606381243328 6362.6804417633157
v -3652.673962901481 -1009.5086947866657 6924.2052354190109
cstype bspline
deg 1
curv 0 4 4645 4646 4647 4648 4645
parm u 0 0 1 2 3 4 4
end
usemtl Default
v -5989.2379800219351 -1836.5019659388054 7783.8225258434813
v -6230.5314270058043 -1471.9944701560307 7153.0080527421942
v -5083.7310256057754 -1436.0921511989436 6529.5786778296551
v -4745.3052205286695 -1797.5587717805756 7107.5895721948855
cstype bspline
deg 1
curv 0 4 4649 4650 4651 4652 4649
parm u 0 0 1 2 3 4 4
end
usemtl Default
v -6036.5449210047336 -1873.9149946789839 7789.9686082175049
v -6277.8383679885956 -1509.4074988962093 7159.1541351162177
v -5078.3207819744785 -1471.8547888386238 6507.0663804097658
v -4739.8949768973762 -1833.3214094202267 7085.0772747750252
cstype bspline
deg 1
curv 0 4 4653 4654 4655 4656 4653
parm u 0 0 1 2 3 4 4
end
usemtl Default
v -6198.7822892447693 -1519.9559827590419 7236.0099570976254
v -5039.2013007331807 -1483.6535482157196 6605.6327354418645
v -4098.1362737241507 -770.58663305538357 6466.3868524866684
v -5297.3786122662241 -807.07451182312798 7118.9002658796453
cstype bspline
deg 1
curv 0 4 4657 4658 4659 4660 4657
parm u 0 0 1 2 3 4 4
end
usemtl Default
v -6211.481944349187 -1500.7713777178142 7202.8091953554485
v -5057.0131852109989 -1464.6289892377099 6575.2111094226766
v -4121.8122615834618 -756.00544195147813 6436.8329159784716
v -5315.6927791993803 -792.33018315673689 7086.4289373130741
cstype bspline
deg 1
curv 0 4 4661 4662 4663 4664 4661
parm u 0 0 1 2 3 4 4
end
usemtl Default
v -6008.2874626785597 -1807.7250583770219 7734.0213832302215
v -4772.023033566009 -1769.0219328853418 7061.9571257296539
v -3742.9964558345819 -989.30449961402337 6909.6959001095875
v -5022.6661082689061 -1028.2394418188778 7605.9701943781165
cstype bspline
deg 1
curv 0 4 4665 4666 4667 4668 4665
parm u 0 0 1 2 3 4 4
end
usemtl Default
v -6020.9871177829773 -1788.5404533357942 7700.8206214880483
v -4789.8349180438163 -1749.9973739073612 7031.5354997104641
v -3766.6724436938821 -974.72330851008883 6880.141963601387
v -5040.9802752020587 -1013.4951131525158 7573.498865811549
cstype bspline
deg 1
curv 0 4 4669 4670 4671 4672 4669
parm u 0 0 1 2 3 4 4
end
usemtl Default
v -6094.0274786870978 -1834.6455803495483 7766.6395782160052
v -6339.5788503170297 -1477.0681797897851 7140.626311475231
v -5371.323914505494 -778.49870001280215 7094.9365333543974
v -4981.7089743146425 -1032.1381722210208 7714.1517635043983
cstype bspline
deg 1
curv 0 4 4673 4674 4675 4676 4673
parm u 0 0 1 2 3 4 4
end
usemtl Default
v -6086.2185825061642 -1870.8697249986872 7745.9493365050967
v -6331.7699541360889 -1513.2923244389531 7119.9360697643224
v -5310.9571381360547 -776.80377018733998 7071.7662031920827
v -4921.3421979452032 -1030.4432423955586 7690.9814333420836
cstype bspline
deg 1
curv 0 4 4677 4678 4679 4680 4677
parm u 0 0 1 2 3 4 4
end
usemtl Default
v -7487.4899401885887 -1867.0500887916423 8304.749025766243
v -7630.8188539737457 -1507.0954923789832 7639.2608248718461
v -6339.5789860495861 -1477.0675501494843 7140.6266711085718
v -6094.027614419585 -1834.6449507095676 7766.6399378491569
cstype bspline
deg 1
curv 0 4 4681 4682 4683 4684 4681
parm u 0 0 1 2 3 4 4
end
usemtl Default
v -7537.5015292631942 -1904.6194887464226 8306.386836929054
v -7680.8304430483513 -1544.6648923337634 7640.8986360346607
v -6331.7699541361289 -1513.2923244387785 7119.9360697644242
v -6086.2185825061279 -1870.8697249988618 7745.9493365049948
cstype bspline
deg 1
curv 0 4 4685 4686 4687 4688 4685
parm u 0 0 1 2 3 4 4
end
usemtl Default
v -7611.959786370433 -1554.4579392753949 7726.8250618316342
v -6307.2685530100207 -1524.117183885246 7222.9964353852447
v -5320.0587907961744 -811.87231477705063 7176.4122215320294
v -6674.0520792694479 -849.88865002186503 7696.109866797824
cstype bspline
deg 1
curv 0 4 4689 4690 4691 4692 4689
parm u 0 0 1 2 3 4 4
end
usemtl Default
v -7619.5034134117595 -1535.5129605168186 7691.7993670477263
v -6320.1923094115737 -1505.2973206978932 7190.0483687146843
v -5340.5648402798979 -798.5228688713687 7143.8219462609813
v -6688.8302782527899 -836.37838213372743 7661.3210943533977
cstype bspline
deg 1
curv 0 4 4693 4694 4695 4696 4693
parm u 0 0 1 2 3 4 4
end
usemtl Default
v -7498.8053807505748 -1838.6326206537778 8252.2104835903629
v -6113.4122069867553 -1806.4151316958305 7717.2174354437666
v -5012.4680485402423 -1012.1140033624833 7665.2663505978162
v -6452.3790945192668 -1052.5426683437836 8217.9414534643092
cstype bspline
deg 1
curv 0 4 4697 4698 4699 4700 4697
parm u 0 0 1 2 3 4 4
end
usemtl Default
v -7506.3490077918941 -1819.6876418952597 8217.1847888064531
v -6126.3359633883083 -1787.5952685085067 7684.2693687732062
v -5032.9740980239694 -998.76455745677231 7632.6760753267699
v -6467.1572935026161 -1039.032400455646 8183.1526810198848
cstype bspline
deg 1
curv 0 4 4701 4702 4703 4704 4701
parm u 0 0 1 2 3 4 4
end
usemtl Default
v -7591.5547963692079 -1865.3669693293632 8275.1308544467556
v -7742.8692323260111 -1515.0072421059012 7615.057862231808
v -6745.2507672286156 -821.25920549285365 7662.1810122739389
v -6419.9147171912191 -1050.6035773270414 8330.4740273912266
cstype bspline
deg 1
curv 0 4 4705 4706 4707 4708 4705
parm u 0 0 1 2 3 4 4
end
usemtl Default
v -7581.8082303497213 -1902.1200243516068 8256.5546495048275
v -7733.1226663065245 -1551.7602971281449 7596.4816572898799
v -6680.4321104328919 -819.71489916415885 7646.2061729718571
v -6355.0960603954991 -1049.0592709983757 8314.4991880891448
cstype bspline
deg 1
curv 0 4 4709 4710 4711 4712 4709
parm u 0 0 1 2 3 4 4
end
usemtl Default
v -9120.3115589201952 -1886.6144331614196 8658.5359032980286
v -9163.6418325257764 -1534.7537525014486 7971.3810461171761
v -7742.8697293560399 -1515.0053678691911 7615.058809532793
v -7591.5552933995205 -1865.3650950915471 8275.1318017483081
cstype bspline
deg 1
curv 0 4 4713 4714 4715 4716 4713
parm u 0 0 1 2 3 4 4
end
usemtl Default
v -9172.4593608200412 -1924.2296859006165 8655.4816605085962
v -9215.7896344256224 -1572.3690052406455 7968.3268033277473
v -7733.1226663063935 -1551.7602971286396 7596.4816572896325
v -7581.8082303498813 -1902.1200243509957 8256.5546495051331
cstype bspline
deg 1
curv 0 4 4717 4718 4719 4720 4717
parm u 0 0 1 2 3 4 4
end
usemtl Default
v -9157.9404807355568 -1581.0512104830123 8061.7961589041261
v -7722.9566778375847 -1561.1052867015533 7701.9097021175385
v -6702.4433922236967 -851.43609652368468 7750.1143037367328
v -8195.7646248239253 -887.01451706298394 8118.1498030275707
cstype bspline
deg 1
curv 0 4 4721 4722 4723 4724 4721
parm u 0 0 1 2 3 4 4
end
usemtl Default
v -9160.2210214516235 -1562.5322272903577 8025.630113789337
v -7730.9205955196048 -1542.6653010582668 7667.1690183167429
v -6719.5663422256657 -839.36534011134063 7714.9409871516091
v -8206.7830147876084 -874.79831933535752 8081.4719911251668
cstype bspline
deg 1
curv 0 4 4725 4726 4727 4728 4725
parm u 0 0 1 2 3 4 4
end
usemtl Default
v -9123.7323699943008 -1858.8359583724523 8604.2868356258568
v -7603.4979126072794 -1837.7050713507633 8223.0199591294131
v -6445.599142194169 -1032.4974427085544 8277.7140525135492
v -8030.4887753686744 -1070.2574829775258 8668.3169815635792
cstype bspline
deg 1
curv 0 4 4729 4730 4731 4732 4729
parm u 0 0 1 2 3 4 4
end
usemtl Default
v -9126.0129107104112 -1840.3169751798268 8568.1207905110768
v -7611.4618302893214 -1819.2650857075059 8188.2792753286249
v -6462.7220921961343 -1020.4266862962395 8242.5407359284309
v -8041.5071653323539 -1058.0412852498994 8631.6391696611809
cstype bspline
deg 1
curv 0 4 4733 4734 4735 4736 4733
parm u 0 0 1 2 3 4 4
end
usemtl Default
v -9221.0653310205162 -1883.9261203884089 8616.0157521988458
v -9278.248149303683 -1545.4445626153029 7934.1020500082759
v -8261.1821365839787 -857.66606112619047 8075.6060158094388
v -8006.9518277053612 -1062.8966537612723 8784.9348523390963
cstype bspline
deg 1
curv 0 4 4737 4738 4739 4740 4737
parm u 0 0 1 2 3 4 4
end
usemtl Default
v -9209.8312436926863 -1921.2792332872341 8599.848887424474
v -9267.0140619758604 -1582.7976755141281 7917.9351852339041
v -8192.9366544271143 -856.46591276867548 8067.3711223754453
v -7938.7063455484968 -1061.6965054037573 8776.6999589051029
cstype bspline
deg 1
curv 0 4 4741 4742 4743 4744 4741
parm u 0 0 1 2 3 4 4
end
usemtl Default
v -10847.914097743324 -1888.1999046673882 8821.9195076736305
v -10793.143637807265 -1549.4240233224409 8125.836412136392
v -9278.2491043312039 -1545.4413871681318 7934.1034243790073
v -9221.0662860486991 -1883.9229449390259 8616.0171265705303
cstype bspline
deg 1
curv 0 4 4745 4746 4747 4748 4745
parm u 0 0 1 2 3 4 4
end
usemtl Default
v -10899.432595290749 -1925.7211711772252 8813.6936852653816
v -10844.662135354647 -1586.9452898322197 8117.6105897281541
v -9267.0140619755402 -1582.7976755152049 7917.9351852334385
v -9209.8312436930282 -1921.279233286099 8599.8488874249688
cstype bspline
deg 1
curv 0 4 4749 4750 4751 4752 4749
parm u 0 0 1 2 3 4 4
end
usemtl Default
v -10800.350277272548 -1593.9997971836419 8217.4262931281337
v -9270.7193764567673 -1589.9784193294181 8023.8281935254927
v -8227.7307801525822 -884.67008647290641 8168.9387574580778
v -9865.9634883699036 -913.47964619551203 8366.6173633655471
cstype bspline
deg 1
curv 0 4 4753 4754 4755 4756 4753
parm u 0 0 1 2 3 4 4
end
usemtl Default
v -10797.467621486416 -1576.1694876391557 8180.790340731437
v -9273.7289984718409 -1572.1636004993634 7987.9379986733347
v -8241.1113227251408 -873.86847633423167 8131.6056607986211
v -9872.5679581671138 -902.55887369831908 8328.4666266888689
cstype bspline
deg 1
curv 0 4 4757 4758 4759 4760 4757
parm u 0 0 1 2 3 4 4
end
usemtl Default
v -10843.590114064173 -1861.4544403507316 8766.9655790785873
v -9225.5750462306933 -1857.2007017801225 8562.1811163079019
v -8027.0226415641919 -1046.6942385532602 8728.9352073499267
v -9766.8964414118091 -1077.2912336535519 8938.8784135157148
cstype bspline
deg 1
curv 0 4 4761 4762 4763 4764 4761
parm u 0 0 1 2 3 4 4
end
usemtl Default
v -10840.707458278041 -1843.6241308062454 8730.3296266818961
v -9228.5846682457195 -1839.3858829500386 8526.290921455744
v -8040.4031841367541 -1035.8926284145564 8691.60211069047
v -9773.5009112090193 -1066.3704611563589 8900.7276768390366
cstype bspline
deg 1
curv 0 4 4765 4766 4767 4768 4765
parm u 0 0 1 2 3 4 4
end
usemtl Default
v -10939.77978035374 -1883.3877851403668 8765.1519343884083
v -10907.77915666483 -1564.0605834339804 8072.1900344129117
v -9921.1038655811099 -882.699400894664 8317.5510237470935
v -9754.0637394017904 -1064.5764790099638 9060.0092836160802
cstype bspline
deg 1
curv 0 4 4769 4770 4771 4772 4769
parm u 0 0 1 2 3 4 4
end
usemtl Default
v -10927.006374315199 -1921.3703339134518 8751.6735703388713
v -10895.005750626289 -1602.0431322070654 8058.7116703633674
v -9852.4747746530775 -882.11009542981628 8317.9625444734975
v -9685.4346484737616 -1063.9871735451161 9060.4208043424842
cstype bspline
deg 1
curv 0 4 4773 4774 4775 4776 4773
parm u 0 0 1 2 3 4 4
end
usemtl Default
v -12724.282653072307 -1863.2523605532479 8767.0693164963395
v -12575.248177515372 -1545.2454917461437 8073.9817454502427
v -10907.780277124621 -1564.0572516743268 8072.191216710331
v -10939.780900814061 -1883.3844533791416 8765.1531166863879
cstype bspline
deg 1
curv 0 4 4777 4778 4779 4780 4777
parm u 0 0 1 2 3 4 4
end
usemtl Default
v -12774.393010266554 -1900.5287969439814 8753.6572960016529
v -12625.358534709641 -1582.5219281369355 8060.5697249555396
v -10895.005750626027 -1602.0431322078512 8058.7116703630909
v -10927.006374315475 -1921.3703339126369 8751.673570339155
cstype bspline
deg 1
curv 0 4 4781 4782 4783 4784 4781
parm u 0 0 1 2 3 4 4
end
usemtl Default
v -12594.85797693074 -1587.0885007997276 8165.1774784826412
v -10911.98503590636 -1606.0740547337628 8163.3704077943166
v -9899.1249016101465 -906.63059538352536 8415.2429000456596
v -11700.923395622674 -922.10230985211092 8404.4387728881647
cstype bspline
deg 1
curv 0 4 4785 4786 4787 4788 4785
parm u 0 0 1 2 3 4 4
end
usemtl Default
v -12587.014057164597 -1570.3512971782766 8128.6991852696774
v -10910.300792554426 -1589.2673599071859 8126.8987288481967
v -9907.916487198534 -897.05811758799246 8376.1661495262251
v -11702.62915537419 -912.4689873647294 8365.4045111173964
cstype bspline
deg 1
curv 0 4 4789 4790 4791 4792 4789
parm u 0 0 1 2 3 4 4
end
usemtl Default
v -12712.516773423038 -1838.1465551210858 8712.3518766769193
v -10937.248686185307 -1858.1744771323283 8710.4455919859247
v -9767.2511177843699 -1050.2177623166353 9001.3941578369504
v -11675.336999349929 -1066.6021471627755 8989.9526994494772
cstype bspline
deg 1
curv 0 4 4793 4794 4795 4796 4793
parm u 0 0 1 2 3 4 4
end
usemtl Default
v -12704.672853656895 -1821.4093514996639 8675.873583463972
v -10935.564442833416 -1841.3677823057515 8673.9739130398211
v -9776.0427033727537 -1040.6452845211024 8962.317407317536
v -11677.042759101445 -1056.968824675394 8950.9184376787289
cstype bspline
deg 1
curv 0 4 4797 4798 4799 4800 4797
parm u 0 0 1 2 3 4 4
end
usemtl Default
v -12803.595295679443 -1856.9082952454046 8701.9417520120969
v -12684.65781846585 -1563.1643140416418 8007.4303632933097
v -11746.365840322487 -890.24035325896693 8347.2361043721085
v -11680.051904969168 -1051.1257816998987 9108.8369439223443
cstype bspline
deg 1
curv 0 4 4801 4802 4803 4804 4801
parm u 0 0 1 2 3 4 4
end
usemtl Default
v -12789.695085355233 -1895.4811043182563 8691.4213052835094
v -12670.757608141641 -1601.7371231144934 7996.9099165647222
v -11678.748650415575 -890.28843495046021 8356.1694507919401
v -11612.434715062253 -1051.1738633913919 9117.7702903421759
cstype bspline
deg 1
curv 0 4 4805 4806 4807 4808 4805
parm u 0 0 1 2 3 4 4
end
usemtl Default
v -14401.213676868207 -1819.0297104091733 8502.6435838299512
v -14170.492588033227 -1527.9358414795715 7822.0769376458975
v -12684.65891403316 -1563.1612738640106 8007.4311924791382
v -12803.596391247716 -1856.9052550650667 8701.9425811986657
cstype bspline
deg 1
curv 0 4 4809 4810 4811 4812 4809
parm u 0 0 1 2 3 4 4
end
usemtl Default
v -14447.485146535982 -1856.1790123468381 8484.6158957438183
v -14216.764057701002 -1565.0851434172655 7804.0492495597664
v -12670.757608141175 -1601.7371231158031 7996.909916564362
v -12789.695085355732 -1895.4811043168593 8691.4213052838913
cstype bspline
deg 1
curv 0 4 4813 4814 4815 4816 4813
parm u 0 0 1 2 3 4 4
end
usemtl Default
v -14200.850626037834 -1566.2376663387404 7911.6251805648517
v -12700.303418148298 -1601.8119201304507 8098.8149141315243
v -11737.640322512842 -911.40948858016054 8447.446741155034
v -13383.768656957258 -910.23894844314782 8229.9660282869681
cstype bspline
deg 1
curv 0 4 4817 4818 4819 4820 4817
parm u 0 0 1 2 3 4 4
end
usemtl Default
v -14188.707410835999 -1550.9169363950787 7875.8058833972573
v -12694.043550926741 -1586.3517105935607 8062.2616831462419
v -11741.130529636703 -902.94183445168892 8407.3624864418562
v -13380.167599945449 -901.7763368190499 8190.8186465666731
cstype bspline
deg 1
curv 0 4 4821 4822 4823 4824 4821
parm u 0 0 1 2 3 4 4
end
usemtl Default
v -14382.998854065456 -1796.0486154936953 8448.914638078566
v -12794.201426471973 -1833.7150631840341 8647.1133789105388
v -11685.287215654957 -1038.4243005072058 9048.7105618525911
v -13437.784512134374 -1037.1781228048785 8817.1767540912788
cstype bspline
deg 1
curv 0 4 4825 4826 4827 4828 4825
parm u 0 0 1 2 3 4 4
end
usemtl Default
v -14370.855638863573 -1780.7278855500044 8413.0953409110007
v -12787.941559250368 -1818.2548536471149 8610.5601479252855
v -11688.777422778814 -1029.9566463787341 9008.6263071394205
v -13434.183455122566 -1028.7155111807806 8778.029372370991
cstype bspline
deg 1
curv 0 4 4829 4830 4831 4832 4829
parm u 0 0 1 2 3 4 4
end
usemtl Default
v -14465.475724564749 -1811.9560161778936 8435.9941067249729
v -14268.482561266836 -1548.7162290078704 7747.9305802756408
v -13420.061091543183 -879.1512950079923 8162.8713392032514
v -13462.672847844446 -1020.5549661964469 8926.4387755245971
cstype bspline
deg 1
curv 0 4 4833 4834 4835 4836 4833
parm u 0 0 1 2 3 4 4
end
usemtl Default
v -14450.444927678829 -1851.0161234434345 8428.5911794731637
v -14253.451764380916 -1587.7763362734113 7740.5276530238316
v -13356.114773277826 -879.60780840803636 8179.3917145655687
v -13398.726529579089 -1021.011479596491 8942.9591508869144
cstype bspline
deg 1
curv 0 4 4837 4838 4839 4840 4837
parm u 0 0 1 2 3 4 4
end
usemtl Default
v -15941.975010560214 -1763.5500835262646 8065.5150918240379
v -15635.331808310817 -1503.9049398552452 7404.9646862106583
v -14268.483356855704 -1548.7141615335422 7747.930972116912
v -14465.476520152984 -1811.9539487052534 8435.9944985659222
cstype bspline
deg 1
curv 0 4 4841 4842 4843 4844 4841
parm u 0 0 1 2 3 4 4
end
usemtl Default
v -15984.156778296954 -1800.736639839597 8043.7559356703405
v -15677.513576047557 -1541.0914961686067 7383.2055300569609
v -14253.451764381229 -1587.7763362725964 7740.5276530239844
v -14450.444927678509 -1851.0161234442785 8428.5911794729964
cstype bspline
deg 1
curv 0 4 4845 4846 4847 4848 4845
parm u 0 0 1 2 3 4 4
end
usemtl Default
v -15675.679598080475 -1538.0687745487958 7491.8792132650469
v -14294.40023080181 -1583.3510831340682 7838.4664694383118
v -13425.667901582823 -897.75704121700255 8263.3407387192146
v -14937.116119884697 -886.96679740250693 7872.8617778596363
cstype bspline
deg 1
curv 0 4 4849 4850 4851 4852 4849
parm u 0 0 1 2 3 4 4
end
usemtl Default
v -15659.540482172612 -1524.4032406713814 7457.1134024432904
v -14284.032169575497 -1569.4963574934518 7802.2525996252407
v -13423.425177566965 -890.31474273340427 8223.152978912829
v -14928.091119510707 -879.57291765706032 7834.4262026087763
cstype bspline
deg 1
curv 0 4 4853 4854 4855 4856 4853
parm u 0 0 1 2 3 4 4
end
usemtl Default
v -15917.76633669842 -1743.0517827101285 8013.366375591404
v -14449.921149196467 -1791.1719677431975 8381.6745166343881
v -13459.308761820663 -1009.3915184710349 8866.1571358150195
v -15072.491125494507 -997.87499358417699 8449.3954066225542
cstype bspline
deg 1
curv 0 4 4857 4858 4859 4860 4857
parm u 0 0 1 2 3 4 4
end
usemtl Default
v -15901.627220790557 -1729.386248832714 7978.6005647696475
v -14439.553087970158 -1777.3172421026102 8345.4606468213151
v -13457.066037804805 -1001.9492199874367 8825.969376008632
v -15063.466125120518 -990.48111383873038 8410.9598313716924
cstype bspline
deg 1
curv 0 4 4861 4862 4863 4864 4861
parm u 0 0 1 2 3 4 4
end
usemtl Default
v -15993.100789810902 -1756.0208390284679 7997.1059741586978
v -15722.322197842732 -1527.9340128905897 7322.5886136342669
v -14963.900325531049 -858.22529774007853 7798.1011527945284
v -15113.257386319194 -979.09335737494985 8548.7469356495913
cstype bspline
deg 1
curv 0 4 4865 4866 4867 4868 4865
parm u 0 0 1 2 3 4 4
end
usemtl Default
v -15977.429874434303 -1795.5121018571954 7993.1479118620482
v -15706.651282466133 -1567.4252757193171 7318.6305513376174
v -14904.245746597269 -858.87769807834411 7821.7198051249143
v -15053.60280738541 -979.74575771321543 8572.365587979979
cstype bspline
deg 1
curv 0 4 4869 4870 4871 4872 4869
parm u 0 0 1 2 3 4 4
end
usemtl Default
v -17338.517988531941 -1703.3012606820266 7474.2465121153782
v -16955.935190752614 -1479.5953844856122 6843.1787996324565
v -15722.322432865731 -1527.933420624322 7322.5886729949143
v -15993.101024833417 -1756.0202467634226 7997.1060335192215
cstype bspline
deg 1
curv 0 4 4873 4874 4875 4876 4873
parm u 0 0 1 2 3 4 4
end
usemtl Default
v -17376.454717292094 -1740.6925379544555 7449.4551537760617
v -16993.871919512767 -1516.9866617580701 6818.38744129314
v -15706.651282466366 -1567.4252757187351 7318.6305513376792
v -15977.429874434052 -1795.5121018578357 7993.1479118619864
cstype bspline
deg 1
curv 0 4 4877 4878 4879 4880 4877
parm u 0 0 1 2 3 4 4
end
usemtl Default
v -17006.275032565682 -1509.0303681956721 6926.2140249591503
v -15757.950327707356 -1557.9448790990864 7411.3412943110707
v -14983.552570371594 -874.12898979731835 7896.8703347491337
v -16346.983520300593 -859.21810066135367 7357.0559205260779
cstype bspline
deg 1
curv 0 4 4881 4882 4883 4884 4881
parm u 0 0 1 2 3 4 4
end
usemtl Default
v -16986.139095840455 -1497.2563747116365 6892.9999348284782
v -15743.698822866863 -1545.9403093022993 7375.8403805993075
v -14975.691672435376 -867.7675129744166 7857.3626619672959
v -16332.413499541875 -852.92999681460788 7320.2045474318529
cstype bspline
deg 1
curv 0 4 4885 4886 4887 4888 4885
parm u 0 0 1 2 3 4 4
end
usemtl Default
v -17308.3140834441 -1685.6402704560023 7424.4253769193583
v -15971.722900314813 -1738.0134260509803 7943.8549999876232
v -15101.466039414863 -969.55114214064088 8489.4854264768255
v -16565.533831681434 -953.53965836204588 7909.8265169395454
cstype bspline
deg 1
curv 0 4 4889 4890 4891 4892 4889
parm u 0 0 1 2 3 4 4
end
usemtl Default
v -17288.178146718874 -1673.8662769719667 7391.2112867886772
v -15957.471395474317 -1726.0088562541641 7908.3540862758546
v -15093.605141478645 -963.18966531773913 8449.9777536949805
v -16550.963810922713 -947.25155451530009 7872.975143845315
cstype bspline
deg 1
curv 0 4 4893 4894 4895 4896 4893
parm u 0 0 1 2 3 4 4
end
usemtl Default
v -17376.661797451627 -1695.2254782248638 7404.2138315557986
v -17030.509978084454 -1506.834730418137 6752.7398280940852
v -16363.557087894289 -834.16175669291988 7276.5350147527606
v -16619.867901524605 -931.94098248606315 7998.566155100305
cstype bspline
deg 1
curv 0 4 4897 4898 4899 4900 4897
parm u 0 0 1 2 3 4 4
end
usemtl Default
v -17360.972017645596 -1735.0968344619614 7404.0550766239794
v -17014.820198278416 -1546.7060866552347 6752.581073162266
v -16309.003418469245 -834.83590937175904 7306.8982331367351
v -16565.314232099565 -932.61513516487321 8028.9293734842777
cstype bspline
deg 1
curv 0 4 4901 4902 4903 4904 4901
parm u 0 0 1 2 3 4 4
end
usemtl Default
v -18578.336775766504 -1642.5439582006657 6743.8690431721298
v -18118.261362640609 -1459.1476279102208 6154.9983668262012
v -17030.509983430504 -1506.8347168325854 6752.7398281481819
v -17376.661802796119 -1695.2254646432702 7404.2138316098808
cstype bspline
deg 1
curv 0 4 4905 4906 4907 4908 4905
parm u 0 0 1 2 3 4 4
end
usemtl Default
v -18611.858213142856 -1680.2579049287015 6716.6677225509557
v -18151.782800016961 -1496.8615746382566 6127.7970462050253
v -17014.820198279169 -1546.7060866533429 6752.5810731622714
v -17360.972017644785 -1735.0968344640278 7404.0550766239721
cstype bspline
deg 1
curv 0 4 4909 4910 4911 4912 4909
parm u 0 0 1 2 3 4 4
end
usemtl Default
v -18178.797601209804 -1483.2787240010803 6232.4813505559287
v -17076.056257420682 -1531.6229739139671 6838.4601016703
v -16397.282194950909 -847.02744429730228 7371.5391121669109
v -17600.064651099561 -832.16393422728288 6702.1002500454179
cstype bspline
deg 1
curv 0 4 4913 4914 4915 4916 4913
parm u 0 0 1 2 3 4 4
end
usemtl Default
v -18154.583105782127 -1473.6262855647365 6201.4881570640428
v -17057.837740611685 -1521.7076713976567 6804.1719962251045
v -16383.792152128262 -841.88116925553186 7333.5374732012533
v -17579.928387963279 -827.09979054855648 6667.7977323476371
cstype bspline
deg 1
curv 0 4 4917 4918 4919 4920 4917
parm u 0 0 1 2 3 4 4
end
usemtl Default
v -18542.015032624993 -1628.0653005461791 6697.3792529343009
v -17349.334009555605 -1680.3525116590899 7352.7816833483048
v -16599.632837290639 -924.22156992342207 7941.5636966518196
v -17902.108598143848 -908.12608940788778 7216.6380155121569
cstype bspline
deg 1
curv 0 4 4921 4922 4923 4924 4921
parm u 0 0 1 2 3 4 4
end
usemtl Default
v -18517.800537197312 -1618.4128621098062 6666.3860594424114
v -17331.115492746612 -1670.4372091427213 7318.4935779031075
v -16586.142794467989 -919.07529488170985 7903.5620576861638
v -17881.972335007562 -903.06194572919048 7182.3354978143798
cstype bspline
deg 1
curv 0 4 4925 4926 4927 4928 4925
parm u 0 0 1 2 3 4 4
end
usemtl Default
v -18603.417119104975 -1634.277572627092 6672.6983485320525
v -18178.384745121257 -1489.5317021497758 6057.6239534487086
v -17605.163217659225 -811.58504019537941 6617.8697336035511
v -17968.277940767668 -883.101168389956 7293.460178692143
cstype bspline
deg 1
curv 0 4 4929 4930 4931 4932 4929
parm u 0 0 1 2 3 4 4
end
usemtl Default
v -18588.490323849459 -1674.4639398718427 6676.6213662845221
v -18163.45794986574 -1529.7180693945265 6061.5469712011782
v -17556.727647236552 -812.14072160155047 6654.5430040701413
v -17919.842370344995 -883.65684979612706 7330.1334491587331
cstype bspline
deg 1
curv 0 4 4933 4934 4935 4936 4933
parm u 0 0 1 2 3 4 4
end
usemtl Default
v -19645.920050721557 -1584.5051539000415 5890.3339326389305
v -19108.570079051904 -1445.1215489426395 5359.5502527562421
v -18178.385219752861 -1489.5304243323044 6057.6238287073811
v -18603.41759373598 -1634.2762948112795 6672.6982237908778
cstype bspline
deg 1
curv 0 4 4937 4938 4939 4940 4937
parm u 0 0 1 2 3 4 4
end
usemtl Default
v -19674.833076499694 -1622.5997760448081 5861.3563547439535
v -19137.48310483004 -1483.2161710874643 5330.5726748612633
v -18163.457949866028 -1529.7180693937698 6061.5469712011018
v -18588.490323849146 -1674.4639398727159 6676.6213662845967
cstype bspline
deg 1
curv 0 4 4941 4942 4943 4944 4941
parm u 0 0 1 2 3 4 4
end
usemtl Default
v -19179.274022692651 -1463.4614969633403 5429.3902106355417
v -18234.309037397361 -1508.5760049668315 6138.5557919059047
v -17652.94147069981 -820.99505706308992 6706.763213220469
v -18682.688878271008 -809.18118799032527 5927.0840464308567
cstype bspline
deg 1
curv 0 4 4945 4946 4947 4948 4945
parm u 0 0 1 2 3 4 4
end
usemtl Default
v -19150.992445236356 -1456.1255177550483 5401.4542274838259
v -18211.938912450783 -1500.9578012574057 6106.1834553226417
v -17633.830169483579 -817.23105031601153 6671.2058213737055
v -18657.174111508408 -805.49064557344536 5896.3750753181976
cstype bspline
deg 1
curv 0 4 4949 4950 4951 4952 4949
parm u 0 0 1 2 3 4 4
end
usemtl Default
v -19603.497684537113 -1573.5011850875744 5848.4299579113485
v -18569.860911596086 -1622.849060608045 6624.1408406548853
v -17939.610988943317 -877.45515826932387 7240.1240909219869
v -19065.410379710069 -864.53932424349478 6387.7186131207854
cstype bspline
deg 1
curv 0 4 4953 4954 4955 4956 4953
parm u 0 0 1 2 3 4 4
end
usemtl Default
v -19575.216107080814 -1566.1652058793115 5820.4939747596291
v -18547.490786649505 -1615.2308568986482 6591.7685040716224
v -17920.499687727086 -873.69115152224549 7204.5666990752215
v -19039.895612947468 -860.84878182661487 6357.0096420081245
cstype bspline
deg 1
curv 0 4 4957 4958 4959 4960 4957
parm u 0 0 1 2 3 4 4
end
usemtl Default
v -19658.157789910656 -1576.9804508190718 5818.896560545254
v -19151.963802562135 -1478.0791051109554 5257.9547642644466
v -18674.739735344752 -793.20969918870833 5841.7441937335534
v -19141.869943281716 -836.05019374430412 6450.4728118914554
cstype bspline
deg 1
curv 0 4 4961 4962 4963 4964 4961
parm u 0 0 1 2 3 4 4
end
usemtl Default
v -19644.891714758396 -1617.3895944829274 5826.9733832050551
v -19138.697727409875 -1518.4882487748109 5266.0315869242495
v -18633.548143910328 -793.54263324779458 5883.9823723221434
v -19100.678351847291 -836.38312780339038 6492.7109904800473
cstype bspline
deg 1
curv 0 4 4965 4966 4967 4968 4965
parm u 0 0 1 2 3 4 4
end
usemtl Default
v -20525.123355607549 -1531.8966403552331 4935.1244768856141
v -19915.603003837525 -1438.3679056951369 4479.5121486536091
v -19151.96534589029 -1478.0744040544378 5257.9538246355314
v -19658.159333238102 -1576.9757497646788 5818.89562091677
cstype bspline
deg 1
curv 0 4 4969 4970 4971 4972 4969
parm u 0 0 1 2 3 4 4
end
usemtl Default
v -20549.250962969905 -1570.3660635834385 4905.0820627062003
v -19939.730611199884 -1476.8373289233132 4449.4697344741935
v -19138.697727410217 -1518.4882487737632 5266.0315869240439
v -19644.891714758029 -1617.3895944840333 5826.9733832052825
cstype bspline
deg 1
curv 0 4 4973 4974 4975 4976 4973
parm u 0 0 1 2 3 4 4
end
usemtl Default
v -19995.803050123057 -1450.6743181504135 4539.4611392104534
v -19218.56516733543 -1491.0879808299651 5331.7666964563577
v -18736.204236389091 -798.84660636706394 5921.8400645438069
v -19582.692633117564 -792.00480181240709 5053.8442714920311
cstype bspline
deg 1
curv 0 4 4977 4978 4979 4980 4977
parm u 0 0 1 2 3 4 4
end
usemtl Default
v -19963.723031608843 -1445.751753168297 4515.4815429877144
v -19191.923378527536 -1485.882646845188 5302.2434440206143
v -18711.618435971352 -796.59184349572752 5889.8017162197029
v -19552.315190901601 -789.79685031069675 5027.7447177635222
cstype bspline
deg 1
curv 0 4 4981 4982 4983 4984 4981
parm u 0 0 1 2 3 4 4
end
usemtl Default
v -20477.003327836232 -1524.5127928821021 4899.1550825515042
v -19618.191999453804 -1569.1679906011559 5774.6154829924526
v -19104.991242655109 -832.66804943728494 6402.4152894053022
v -20038.354266356957 -825.1240743380331 5445.337577419652
cstype bspline
deg 1
curv 0 4 4985 4986 4987 4988 4985
parm u 0 0 1 2 3 4 4
end
usemtl Default
v -20444.923309322021 -1519.5902278999565 4875.1754863287697
v -19591.550210645917 -1563.9626566164079 5745.0922305567165
v -19080.405442237377 -830.41328656594851 6370.3769410812056
v -20007.976824140998 -822.91612283632276 5419.2380236911467
cstype bspline
deg 1
curv 0 4 4989 4990 4991 4992 4989
parm u 0 0 1 2 3 4 4
end
usemtl Default
v -20525.616737906887 -1526.7109442119836 4864.4540928259612
v -19940.748178562826 -1472.451900909713 4378.1957547998991
v -19560.238216974485 -779.81117277577869 4970.8421032791757
v -20123.137128534934 -794.0789559960831 5491.3182880127933
cstype bspline
deg 1
curv 0 4 4993 4994 4995 4996 4993
parm u 0 0 1 2 3 4 4
end
usemtl Default
v -20514.869252495177 -1567.2314447834215 4876.4211073308561
v -19930.000693151131 -1512.9724014810927 4390.1627693047794
v -19527.259563804248 -779.86436952347867 5017.4342832844068
v -20090.158475364697 -794.13215274378308 5537.9104680180244
cstype bspline
deg 1
curv 0 4 4997 4998 4999 5000 4997
parm u 0 0 1 2 3 4 4
end
usemtl Default
v -21204.655617641569 -1487.1532953862334 3908.1641394903199
v -20534.369347010674 -1437.8691012527561 3542.1995957379231
v -19940.750726334136 -1472.4422952238237 4378.192917930146
v -20525.619285678542 -1526.7013385247556 4864.4512559558189
cstype bspline
deg 1
curv 0 4 5001 5002 5003 5004 5001
parm u 0 0 1 2 3 4 4
end
usemtl Default
v -21223.922476819997 -1525.9351750793576 3877.8611902938401
v -20553.636206189101 -1476.6509809458803 3511.8966465414433
v -19930.000693150949 -1512.972401481733 4390.1627693049741
v -20514.869252495355 -1567.2314447826939 4876.4211073306469
cstype bspline
deg 1
curv 0 4 5005 5006 5007 5008 5005
parm u 0 0 1 2 3 4 4
end
usemtl Default
v -20622.564908935794 -1444.3538636387384 3590.3528251790276
v -20017.699533554536 -1479.5820846227871 4442.1849561652925
v -19634.303863232439 -781.68851267316495 5039.3258117967562
v -20292.824677594595 -780.62627506646095 4108.9688271870536
cstype bspline
deg 1
curv 0 4 5009 5010 5011 5012 5009
parm u 0 0 1 2 3 4 4
end
usemtl Default
v -20587.286684165745 -1441.7599586843571 3571.0915334025867
v -19986.916977799629 -1476.7263455016655 4416.5924120585996
v -19604.677604729259 -780.93757671423373 5011.9323283897247
v -20258.46583339819 -779.88297308111214 4088.2615320658406
cstype bspline
deg 1
curv 0 4 5013 5014 5015 5016 5013
parm u 0 0 1 2 3 4 4
end
usemtl Default
v -21151.738280486501 -1483.2624379546323 3879.2722018256572
v -20479.437869878217 -1522.418171439349 4826.073117765709
v -20078.697740780164 -792.95255205765716 5450.2280629022425
v -20808.207340540692 -791.77580484721693 4419.578254005266
cstype bspline
deg 1
curv 0 4 5017 5018 5019 5020 5017
parm u 0 0 1 2 3 4 4
end
usemtl Default
v -21116.460055716452 -1480.668533000251 3860.0109100492145
v -20448.655314123302 -1519.5624323182565 4800.4805736590133
v -20049.071482276981 -792.20161609866773 5422.8345794952093
v -20773.848496344282 -791.03250286180992 4398.8709588840511
cstype bspline
deg 1
curv 0 4 5021 5022 5023 5024 5021
parm u 0 0 1 2 3 4 4
end
usemtl Default
v -21195.509784668495 -1486.2414178510371 3839.1096815301444
v -20541.757975905697 -1470.7998928569141 3446.5270460459815
v -20255.282457135705 -770.57926118571777 4032.1096902366244
v -20898.442543544214 -760.13186363157001 4446.3427927812518
cstype bspline
deg 1
curv 0 4 5025 5026 5027 5028 5025
parm u 0 0 1 2 3 4 4
end
usemtl Default
v -21187.862426183896 -1526.7720435779484 3854.3620390253363
v -20534.110617421098 -1511.3305185838253 3461.7794035411807
v -20230.958797934894 -770.34867327881511 4081.4499597134354
v -20874.118884343403 -759.90127572466736 4495.6830622580619
cstype bspline
deg 1
curv 0 4 5029 5030 5031 5032 5029
parm u 0 0 1 2 3 4 4
end
usemtl Default
v -21685.057946938898 -1452.3799954545393 2846.3134925758686
v -20970.087872067848 -1441.1710992142907 2577.8805761487884
v -20541.760667607618 -1470.7856269685144 3446.5216775517465
v -21195.512476370826 -1486.2271519604255 3839.1043130350899
cstype bspline
deg 1
curv 0 4 5033 5034 5035 5036 5033
parm u 0 0 1 2 3 4 4
end
usemtl Default
v -21699.589731821485 -1491.3912357794761 2816.5867920686233
v -20984.619656950439 -1480.1823395391693 2548.1538756415403
v -20534.110617420898 -1511.3305185848731 3461.7794035415754
v -21187.862426184111 -1526.7720435768424 3854.3620390249189
cstype bspline
deg 1
curv 0 4 5037 5038 5039 5040 5037
parm u 0 0 1 2 3 4 4
end
usemtl Default
v -21064.162881919299 -1442.6459539827192 2613.2006967312973
v -20627.772348854975 -1472.8179799912032 3498.1941067588241
v -20339.908784294719 -769.20460361280129 4086.6140458346017
v -20814.981923840587 -773.70828950876603 3122.9335184571446
cstype bspline
deg 1
curv 0 4 5041 5042 5043 5044 5041
parm u 0 0 1 2 3 4 4
end
usemtl Default
v -21026.53287797872 -1442.0560120753362 2599.0726484982943
v -20593.364358920138 -1472.0052681495144 3477.5318627858824
v -20306.058253431111 -769.75446664198535 4064.8123035954104
v -20777.764610920294 -774.22623549695709 3107.9612558030431
cstype bspline
deg 1
curv 0 4 5045 5046 5047 5048 5045
parm u 0 0 1 2 3 4 4
end
usemtl Default
v -21628.612941028026 -1451.4950825934648 2825.1214202263618
v -21143.892197877572 -1485.0086576164758 3808.1277663529499
v -20847.666747248804 -760.95665817530244 4413.6401794224639
v -21373.24161764497 -765.93909968598746 3347.5174582686768
cstype bspline
deg 1
curv 0 4 5049 5050 5051 5052 5049
parm u 0 0 1 2 3 4 4
end
usemtl Default
v -21590.982937087443 -1450.9051406861108 2810.9933719933597
v -21109.484207942733 -1484.1959457748162 3787.4655223800091
v -20813.816216385203 -761.50652120448649 4391.8384371832744
v -21336.024304724677 -766.45704567417852 3332.5451956145753
cstype bspline
deg 1
curv 0 4 5053 5054 5055 5056 5053
parm u 0 0 1 2 3 4 4
end
usemtl Default
v -21668.946474089098 -1456.9836638393463 2779.6484702620819
v -20962.853698115105 -1470.474319684261 2492.2684116807086
v -20763.061890028996 -763.94801031300449 3055.3453764676333
v -21465.034044265958 -735.88554746523732 3354.3386598501047
cstype bspline
deg 1
curv 0 4 5057 5058 5059 5060 5057
parm u 0 0 1 2 3 4 4
end
usemtl Default
v -21664.532924148512 -1497.4658132866316 2797.4156788077835
v -20958.440148174519 -1510.9564691315463 2510.0356202264102
v -20747.067867154856 -763.47798619073001 3105.7500470428668
v -21449.040021391818 -735.41552334296284 3404.7433304253382
cstype bspline
deg 1
curv 0 4 5061 5062 5063 5064 5061
parm u 0 0 1 2 3 4 4
end
usemtl Default
v -21982.778160202128 -1428.5502542086469 1787.0403207985491
v -21239.997453312262 -1445.3629287290969 1615.6991551759493
v -20962.855523648457 -1470.4575754500402 2492.2610628045923
v -21668.948299622793 -1456.9669196019822 2779.6411213845877
cstype bspline
deg 1
curv 0 4 5065 5066 5067 5068 5065
parm u 0 0 1 2 3 4 4
end
usemtl Default
v -21992.958641015539 -1467.7275223348115 1758.6501869151161
v -21250.177934125677 -1484.5401968552906 1587.3090212925163
v -20958.440148174352 -1510.9564691331179 2510.0356202270978
v -21664.532924148683 -1497.4658132850309 2797.4156788070923
cstype bspline
deg 1
curv 0 4 5069 5070 5071 5072 5069
parm u 0 0 1 2 3 4 4
end
usemtl Default
v -21337.731756850404 -1443.1507347132429 1638.2440453894487
v -21055.756071168915 -1468.6830683614244 2530.0944602497921
v -20855.426647165441 -760.2555809909245 3094.6865979653267
v -21162.622699704898 -769.28330066465423 2126.5676980418384
cstype bspline
deg 1
curv 0 4 5073 5074 5075 5076 5073
parm u 0 0 1 2 3 4 4
end
usemtl Default
v -21298.63803543515 -1444.035612319567 1629.2260893040502
v -21018.593293486119 -1469.3931028797233 2514.9691940085404
v -20818.480744310866 -761.73255271976814 3078.9501093662493
v -21123.667493872446 -770.70122403046116 2117.1634659039819
cstype bspline
deg 1
curv 0 4 5077 5078 5079 5080 5077
parm u 0 0 1 2 3 4 4
end
usemtl Default
v -21924.137578079244 -1429.8775706181186 1773.5133866704491
v -21613.197736410861 -1458.0325505867077 2756.9734538685771
v -21409.615189984092 -738.10100505850278 3330.7339269514887
v -21746.950787191701 -748.01445017725928 2267.631180109669
cstype bspline
deg 1
curv 0 4 5081 5082 5083 5084 5081
parm u 0 0 1 2 3 4 4
end
usemtl Default
v -21885.043856663986 -1430.762448224501 1764.4954305850488
v -21576.034958728065 -1458.7425851050357 2741.8481876273254
v -21372.669287129516 -739.57797678731731 3314.9974383524113
v -21707.995581359246 -749.43237354309531 2258.2269479718125
cstype bspline
deg 1
curv 0 4 5085 5086 5087 5088 5085
parm u 0 0 1 2 3 4 4
end
usemtl Default
v -21962.393795228727 -1438.603696333128 1723.416202665112
v -21223.145458742576 -1469.7117492615653 1541.6769210747971
v -21098.137846772261 -758.85114961559884 2069.5283281737011
v -21836.214021156535 -721.07755175366765 2256.21712767792
cstype bspline
deg 1
curv 0 4 5089 5090 5091 5092 5089
parm u 0 0 1 2 3 4 4
end
usemtl Default
v -21960.947316783233 -1479.0202712443424 1743.0226472668819
v -21221.698980297086 -1510.1283241727506 1561.2833656765524
v -21089.469342920886 -758.1993989283219 2119.6301659160199
v -21827.545517305163 -720.4258010663907 2306.3189654202388
cstype bspline
deg 1
curv 0 4 5093 5094 5095 5096 5093
parm u 0 0 1 2 3 4 4
end
usemtl Default
v -22127.61499451517 -1415.3065241903532 758.56548233801914
v -21370.712807843774 -1448.9021395016753 679.91981443975692
v -21223.146043002402 -1469.6954242474749 1541.6690016633993
v -21962.394379488411 -1438.5873713229958 1723.4082832556396
cstype bspline
deg 1
curv 0 4 5097 5098 5099 5100 5097
parm u 0 0 1 2 3 4 4
end
usemtl Default
v -22134.061067028335 -1454.6272210488096 732.08611469986772
v -21377.158880356939 -1488.2228363601025 653.44044680160459
v -21221.698980297155 -1510.1283241708297 1561.2833656756275
v -21960.94731678316 -1479.0202712463506 1743.0226472678678
cstype bspline
deg 1
curv 0 4 5101 5102 5103 5104 5101
parm u 0 0 1 2 3 4 4
end
usemtl Default
v -21470.305200826853 -1444.4816638028133 690.26792863689661
v -21320.412189427669 -1465.6027344638424 1565.6017538556416
v -21195.253132875456 -753.8809393706324 2094.0926438979404
v -21359.110629756637 -766.20073965439224 1147.0362818818658
cstype bspline
deg 1
curv 0 4 5105 5106 5107 5108 5105
parm u 0 0 1 2 3 4 4
end
usemtl Default
v -21430.468243633622 -1446.249854082329 686.12868295804128
v -21281.504382244151 -1467.2400004072115 1556.0365285089329
v -21156.407018434176 -755.86902346860734 2084.2669176082454
v -21319.297805681312 -768.116140659753 1142.7979014663233
cstype bspline
deg 1
curv 0 4 5109 5110 5111 5112 5109
parm u 0 0 1 2 3 4 4
end
usemtl Default
v -22067.859558725322 -1417.9588096096704 752.35661381973568
v -21904.029297180423 -1441.0437453128397 1709.0801340562894
v -21777.944849494619 -724.05967790068826 2241.4785382433765
v -21956.302990886536 -737.46972457389347 1210.6119881149916
cstype bspline
deg 1
curv 0 4 5113 5114 5115 5116 5113
parm u 0 0 1 2 3 4 4
end
usemtl Default
v -22028.022601532088 -1419.7269998892152 748.21736814087944
v -21865.121489996902 -1442.681011256238 1699.5149087095779
v -21739.09873505334 -726.04776199869229 2231.6528119536797
v -21916.490166811207 -739.38512557928334 1206.3736076994501
cstype bspline
deg 1
curv 0 4 5117 5118 5119 5120 5117
parm u 0 0 1 2 3 4 4
end
usemtl Default
v -22110.643198470334 -1427.2130675657245 700.572687502392
v -21354.938035707561 -1466.2203356280515 618.30546954614147
v -21277.913268177093 -753.47860615336685 1101.2063423221098
v -22033.366331153742 -712.13855548974243 1185.0540805532019
cstype bspline
deg 1
curv 0 4 5121 5122 5123 5124 5121
parm u 0 0 1 2 3 4 4
end
usemtl Default
v -22112.285051746461 -1467.5391843674297 721.63529884849595
v -21356.579888983688 -1506.5464524297568 639.36808089224542
v -21275.113731460806 -752.70672180608381 1150.1139076023819
v -22030.566794437451 -711.36667114248849 1233.961645833474
cstype bspline
deg 1
curv 0 4 5125 5126 5127 5128 5125
parm u 0 0 1 2 3 4 4
end
usemtl Default
v -22148.994635787494 -1413.2777672556695 2.7303030947223306E-09
v -21388.7858702472 -1453.9207227521983 2.7303030947223306E-09
v -21354.937785433824 -1466.2141885697201 618.30225889480425
v -22110.642948196364 -1427.2069205015723 700.56947684800525
cstype bspline
deg 1
curv 0 4 5129 5130 5131 5132 5129
parm u 0 0 1 2 3 4 4
end
usemtl Default
v -22151.789958041478 -1453.1911874883808 2.7303030947223306E-09
v -21391.581192501184 -1493.8341429849388 2.7303030947223306E-09
v -21356.579888983804 -1506.546452432638 639.36808089373881
v -22112.285051746341 -1467.5391843644611 721.63529884693889
cstype bspline
deg 1
curv 0 4 5133 5134 5135 5136 5133
parm u 0 0 1 2 3 4 4
end
usemtl Default
v -21488.813339397238 -1448.5729654500319 2.7303030947223306E-09
v -21454.372276879531 -1461.08179799153 629.13417024469982
v -21377.314986989812 -748.03912580289762 1112.2389394577795
v -21440.981083031322 -765.59305274375947 2.7303030947223306E-09
cstype bspline
deg 1
curv 0 4 5137 5138 5139 5140 5137
parm u 0 0 1 2 3 4 4
end
usemtl Default
v -21448.80235173722 -1450.7120683708927 2.7303030947223306E-09
v -21414.598320944679 -1463.1348121003539 624.80431666785262
v -21337.554299464722 -750.21491794308531 1107.8259006035114
v -21400.967787055328 -767.69919603521703 2.7303030947223306E-09
cstype bspline
deg 1
curv 0 4 5141 5142 5143 5144 5141
parm u 0 0 1 2 3 4 4
end
usemtl Default
v -22088.978154297467 -1416.4864216369751 2.7303030947223306E-09
v -22050.981615902285 -1430.2865863588813 694.08197389741781
v -21973.72529986611 -715.40224370002397 1178.4345222717993
v -22041.18052267118 -734.0009033716924 2.7303030947223306E-09
cstype bspline
deg 1
curv 0 4 5145 5146 5147 5148 5145
parm u 0 0 1 2 3 4 4
end
usemtl Default
v -22048.967166637456 -1418.6255245578359 2.7303030947223306E-09
v -22011.207659967436 -1432.3396004677052 689.7521203205697
v -21933.964612341024 -717.57803584021167 1174.0214834175322
v -22001.167226695186 -736.10704666314996 2.7303030947223306E-09
cstype bspline
deg 1
curv 0 4 5149 5150 5151 5152 5149
parm u 0 0 1 2 3 4 4
end
usemtl Default
v -22096.964272154211 -690.25209839950548 39.910607773394077
v -21336.747941180591 -730.26691063877661 39.910607763375992
v -21273.43861159221 -712.53312349587213 1160.7197694607057
v -22029.082829851577 -671.23760153818876 1241.6630656921416
cstype bspline
deg 1
curv 0 4 5153 5154 5155 5156 5153
parm u 0 0 1 2 3 4 4
end
usemtl Default
v -22100.726654582315 -730.86662804638036 7.9116944107227027E-09
v -21340.510323608694 -770.88144028568058 -2.1059349819552153E-09
v -21273.542652674194 -752.12290296534775 1185.5753268719491
v -22029.186870933558 -710.82738100766437 1266.518623103384
cstype bspline
deg 1
curv 0 4 5157 5158 5159 5160 5157
parm u 0 0 1 2 3 4 4
end
usemtl Default
v -22070.925454073495 -1.2799864634871483E-07 40.000000002730303
v -21309.199908560578 -1.2799864634871483E-07 40.000000002730303
v -21336.739514153054 -730.17594174706028 40.000000002730303
v -22096.955845127621 -690.1611295180046 40.000000002730303
cstype bspline
deg 1
curv 0 4 5161 5162 5163 5164 5161
parm u 0 0 1 2 3 4 4
end
usemtl Default
v -22073.160998791558 -1.2799864634871483E-07 2.7303030947223306E-09
v -21311.435453278638 -1.2799864634871483E-07 2.7303030947223306E-09
v -21340.510323608236 -770.88144028076204 2.7303030947223306E-09
v -22100.726654582802 -730.86662805167725 2.7303030947223306E-09
cstype bspline
deg 1
curv 0 4 5165 5166 5167 5168 5165
parm u 0 0 1 2 3 4 4
end
usemtl Default
v -21436.771356427991 -725.00038937371573 40.000000002730303
v -21372.865482415815 -707.09950218565064 1171.3702031753683
v -21371.007240257131 -1.2799864634871483E-07 727.43359871887333
v -21409.426954022805 -1.2799864634871483E-07 40.000000002730303
cstype bspline
deg 1
curv 0 4 5169 5170 5171 5172 5169
parm u 0 0 1 2 3 4 4
end
usemtl Default
v -21396.759970587245 -727.1064321231388 40.000000002730303
v -21333.094734086375 -709.27295070973923 1167.1100296895038
v -21331.230780152095 -1.2799864634871483E-07 721.80887419749433
v -21369.336135837915 -1.2799864634871483E-07 40.000000002730303
cstype bspline
deg 1
curv 0 4 5173 5174 5175 5176 5173
parm u 0 0 1 2 3 4 4
end
usemtl Default
v -22036.942144039192 -693.4097481322824 40.000000002730303
v -21969.426707357416 -674.49777432432165 1235.2728054633435
v -21967.654141832616 -1.2799864634871483E-07 811.80446653956187
v -22010.789226796158 -1.2799864634871483E-07 40.000000002730303
cstype bspline
deg 1
curv 0 4 5177 5178 5179 5180 5177
parm u 0 0 1 2 3 4 4
end
usemtl Default
v -21996.930758198447 -695.51579088173457 40.000000002730303
v -21929.655959027979 -676.67122284841025 1231.0126319774781
v -21927.877681727587 -1.2799864634871483E-07 806.17974201818288
v -21970.698408611272 -1.2799864634871483E-07 40.000000002730303
cstype bspline
deg 1
curv 0 4 5181 5182 5183 5184 5181
parm u 0 0 1 2 3 4 4
end
usemtl Default
v -21999.285437838727 -693.59503397159278 1299.0178734586443
v -21243.485412323411 -730.03112578665605 1215.0034661259979
v -21085.190025145319 -718.02391913611791 2134.9535560273507
v -21824.813471929578 -680.36078257142799 2312.9798314455311
cstype bspline
deg 1
curv 0 4 5185 5186 5187 5188 5185
parm u 0 0 1 2 3 4 4
end
usemtl Default
v -22005.064256115089 -733.83061098720646 1277.540998317555
v -21249.264230599772 -770.26670280229882 1193.5265909849104
v -21083.028606513049 -757.65720402487204 2159.6221926927001
v -21822.652053297308 -719.99406746021123 2337.6484681108814
cstype bspline
deg 1
curv 0 4 5189 5190 5191 5192 5189
parm u 0 0 1 2 3 4 4
end
usemtl Default
v -22036.796876308523 -1.2799864634871483E-07 869.14143075197171
v -21282.967581606099 -1.2799864634871483E-07 762.54365639873504
v -21243.483042030821 -730.01462239693501 1215.0122752761617
v -21999.28306754541 -693.57853057680768 1299.0266826115203
cstype bspline
deg 1
curv 0 4 5193 5194 5195 5196 5193
parm u 0 0 1 2 3 4 4
end
usemtl Default
v -22044.755192312496 -1.2799864634871483E-07 822.70720067209004
v -21290.925897610072 -1.2799864634871483E-07 716.10942631885337
v -21249.264230600129 -770.26670280474355 1193.5265909835816
v -22005.064256114718 -733.83061098464532 1277.5409983189256
cstype bspline
deg 1
curv 0 4 5197 5198 5199 5200 5197
parm u 0 0 1 2 3 4 4
end
usemtl Default
v -21342.929534516843 -725.23665668809554 1226.0768787069119
v -21182.508899722197 -713.06824327234062 2158.3780659507956
v -21221.396390151967 -1.2799864634871483E-07 1714.548556055287
v -21382.15564669852 -1.2799864634871483E-07 776.5696793399502
cstype bspline
deg 1
curv 0 4 5201 5202 5203 5204 5201
parm u 0 0 1 2 3 4 4
end
usemtl Default
v -21303.150585805561 -727.15434573098901 1221.6550677943642
v -21143.581349891443 -715.0505136178399 2149.0082619814184
v -21182.57694430682 -1.2799864634871483E-07 1703.9449430018749
v -21342.480420661552 -1.2799864634871483E-07 770.95927016346468
cstype bspline
deg 1
curv 0 4 5205 5206 5207 5208 5205
parm u 0 0 1 2 3 4 4
end
usemtl Default
v -21939.613765186041 -696.47132104457705 1292.4040423951346
v -21766.422147183446 -683.334188089706 2298.9251254914643
v -21803.688077829189 -1.2799864634871483E-07 1873.6027518564597
v -21977.284037253066 -1.2799864634871483E-07 860.72581698724207
cstype bspline
deg 1
curv 0 4 5209 5210 5211 5212 5209
parm u 0 0 1 2 3 4 4
end
usemtl Default
v -21899.834816474766 -698.38901008747052 1287.982231482586
v -21727.494597352699 -685.31645843520528 2289.5553215220862
v -21764.868631984042 -1.2799864634871483E-07 1862.9991388030476
v -21937.608811216098 -1.2799864634871483E-07 855.11540781075564
cstype bspline
deg 1
curv 0 4 5213 5214 5215 5216 5213
parm u 0 0 1 2 3 4 4
end
usemtl Default
v -21776.021043461187 -705.19360571500147 2364.1351510703753
v -21037.813254224158 -732.18428291392047 2179.6938077908726
v -20740.567687859133 -723.29182818959816 3124.559202579183
v -21448.0114717162 -695.38080917255138 3406.7912192203557
cstype bspline
deg 1
curv 0 4 5217 5218 5219 5220 5217
parm u 0 0 1 2 3 4 4
end
usemtl Default
v -21784.421175856161 -745.35742368115461 2343.3701643896129
v -21046.213386619133 -772.34810088007362 2158.9288211101093
v -20734.938542415664 -763.03594361984869 3148.3895964301455
v -21442.382326272731 -735.12492460277281 3430.6216130713201
cstype bspline
deg 1
curv 0 4 5221 5222 5223 5224 5221
parm u 0 0 1 2 3 4 4
end
usemtl Default
v -21875.698781536033 -1.2799864634871483E-07 1941.9476660397595
v -21141.306275392584 -1.2799864634871483E-07 1741.3468126547405
v -21037.810079765462 -732.16910477445344 2179.7016549996133
v -21776.017869003219 -705.1784275790269 2364.1429982773061
cstype bspline
deg 1
curv 0 4 5225 5226 5227 5228 5225
parm u 0 0 1 2 3 4 4
end
usemtl Default
v -21889.781614081541 -1.2799864634871483E-07 1897.1193818583752
v -21155.389107938092 -1.2799864634871483E-07 1696.5185284733561
v -21046.213386618772 -772.34810087838559 2158.9288211109906
v -21784.421175856536 -745.35742368298816 2343.3701643886689
cstype bspline
deg 1
curv 0 4 5229 5230 5231 5232 5229
parm u 0 0 1 2 3 4 4
end
usemtl Default
v -21134.940560500232 -728.63271953619551 2203.9792451739349
v -20833.652396261383 -719.6193256873521 3161.6949942424953
v -20935.575455905615 -1.2799864634871483E-07 2730.2144652332936
v -21237.936868306195 -1.2799864634871483E-07 1767.7416617843492
cstype bspline
deg 1
curv 0 4 5233 5234 5235 5236 5233
parm u 0 0 1 2 3 4 4
end
usemtl Default
v -21096.087518961376 -730.05328149403795 2194.2718060541629
v -20796.418512900484 -721.08832668824471 3146.8406775771691
v -20898.549634045168 -1.2799864634871483E-07 2714.4793421381373
v -21199.284631140748 -1.2799864634871483E-07 1757.183722132505
cstype bspline
deg 1
curv 0 4 5237 5238 5239 5240 5237
parm u 0 0 1 2 3 4 4
end
usemtl Default
v -21717.736183583052 -707.32429016867536 2349.5908319704977
v -21392.160646674856 -697.58431067390484 3384.5097442223696
v -21490.962783812269 -1.2799864634871483E-07 2966.2413116606185
v -21817.720425787866 -1.2799864634871483E-07 1926.110756561995
cstype bspline
deg 1
curv 0 4 5241 5242 5243 5244 5241
parm u 0 0 1 2 3 4 4
end
usemtl Default
v -21678.8831420442 -708.74485212648869 2339.8833928507265
v -21354.926763313953 -699.05331167479744 3369.6554275570443
v -21453.936961951822 -1.2799864634871483E-07 2950.5061885654632
v -21779.068188622419 -1.2799864634871483E-07 1915.5528169101526
cstype bspline
deg 1
curv 0 4 5245 5246 5247 5248 5245
parm u 0 0 1 2 3 4 4
end
usemtl Default
v -21385.369944104768 -724.82288133719703 3450.426681509769
v -20682.298170047863 -734.69818614303949 3158.1529384955875
v -20221.169139067664 -730.22689781512599 4103.9158087304659
v -20876.794424883086 -719.89153321078629 4493.5009849598673
cstype bspline
deg 1
curv 0 4 5249 5250 5251 5252 5249
parm u 0 0 1 2 3 4 4
end
usemtl Default
v -21396.344212094889 -764.90633633488324 3430.7058616541608
v -20693.272438037988 -774.78164114069659 3138.4321186399793
v -20211.695579318395 -770.11208263816661 4126.1329172064752
v -20867.320865133817 -759.77671803382691 4515.7180934358748
cstype bspline
deg 1
curv 0 4 5253 5254 5255 5256 5253
parm u 0 0 1 2 3 4 4
end
usemtl Default
v -21558.056319526702 -1.2799864634871483E-07 3045.602127381474
v -20857.337390770706 -1.2799864634871483E-07 2747.8126916563433
v -20682.294622672278 -734.68522937275702 3158.1593131489954
v -21385.366396729005 -724.80992456627428 3450.4330561634943
cstype bspline
deg 1
curv 0 4 5257 5258 5259 5260 5257
parm u 0 0 1 2 3 4 4
end
usemtl Default
v -21578.587323969063 -1.2799864634871483E-07 3003.4797268056045
v -20877.868395213067 -1.2799864634871483E-07 2705.6902910804738
v -20693.272438038068 -774.78164114101673 3138.432118639832
v -21396.344212094795 -764.90633633453399 3430.7058616543309
cstype bspline
deg 1
curv 0 4 5261 5262 5263 5264 5261
parm u 0 0 1 2 3 4 4
end
usemtl Default
v -20774.800994897385 -733.39873975029332 3196.6235855465238
v -20307.435624043377 -728.86698141982197 4155.1770161290715
v -20480.556669543712 -1.2799864634871483E-07 3749.1787272960082
v -20949.537249817549 -1.2799864634871483E-07 2786.9955121464909
cstype bspline
deg 1
curv 0 4 5265 5266 5267 5268 5265
parm u 0 0 1 2 3 4 4
end
usemtl Default
v -20737.797217315463 -733.91849263480981 3181.2407569667939
v -20272.929030053092 -729.41094797794358 4134.6725331696307
v -20446.179278908327 -1.2799864634871483E-07 3728.3712404998605
v -20912.657306198813 -1.2799864634871483E-07 2771.3223839504326
cstype bspline
deg 1
curv 0 4 5269 5270 5271 5272 5269
parm u 0 0 1 2 3 4 4
end
usemtl Default
v -21329.857658626257 -725.60244648254593 3427.366014242466
v -20825.034533897655 -720.70748304799781 4462.7442605207016
v -20996.217529074478 -1.2799864634871483E-07 4061.291029238243
v -21502.736404098599 -1.2799864634871483E-07 3022.0924350873847
cstype bspline
deg 1
curv 0 4 5273 5274 5275 5276 5273
parm u 0 0 1 2 3 4 4
end
usemtl Default
v -21292.853881044332 -726.12219936706242 3411.983185662737
v -20790.52793990737 -721.25144960611942 4442.2397775612599
v -20961.840138439093 -1.2799864634871483E-07 4040.4835424420935
v -21465.856460479859 -1.2799864634871483E-07 3006.4193068913255
cstype bspline
deg 1
curv 0 4 5277 5278 5279 5280 5277
parm u 0 0 1 2 3 4 4
end
usemtl Default
v -20802.212601302181 -752.90829615807161 4526.0005660110919
v -20155.313073352765 -738.78007920007803 4124.5529668459712
v -19513.116759815188 -739.93227378465235 5041.929016279928
v -20097.181527546665 -754.17322553871782 5533.1359349564536
cstype bspline
deg 1
curv 0 4 5281 5282 5283 5284 5281
parm u 0 0 1 2 3 4 4
end
usemtl Default
v -20815.567339545982 -792.89917278761277 4507.6052967120968
v -20168.667811596566 -778.7709558296483 4106.157697546977
v -19499.783413198449 -779.9710327614157 5061.6576186697239
v -20083.848180929923 -794.21198451548116 5552.8645373462514
cstype bspline
deg 1
curv 0 4 5285 5286 5287 5288 5285
parm u 0 0 1 2 3 4 4
end
usemtl Default
v -21055.336947883232 -1.2799864634871483E-07 4151.5894212342764
v -20403.687469392225 -1.2799864634871483E-07 3757.1677484775719
v -20155.31019934524 -738.77147296027397 4124.5569256013787
v -20802.209727293866 -752.89968991588103 4526.0045247675826
cstype bspline
deg 1
curv 0 4 5289 5290 5291 5292 5289
parm u 0 0 1 2 3 4 4
end
usemtl Default
v -21082.142510853108 -1.2799864634871483E-07 4113.2985519377098
v -20430.493032362101 -1.2799864634871483E-07 3718.8768791810053
v -20168.66781159693 -778.77095583075425 4106.1576975464723
v -20815.567339545549 -792.89917278636131 4507.6052967126761
cstype bspline
deg 1
curv 0 4 5293 5294 5295 5296 5293
parm u 0 0 1 2 3 4 4
end
usemtl Default
v -20240.425661360125 -740.63906546952785 4177.3832631335472
v -19589.967387148277 -741.80608322599437 5106.5615055794697
v -19836.996962517998 -1.2799864634871483E-07 4741.0457494023467
v -20489.430821825255 -1.2799864634871483E-07 3809.0653369981901
cstype bspline
deg 1
curv 0 4 5297 5298 5299 5300 5297
parm u 0 0 1 2 3 4 4
end
usemtl Default
v -20206.378317783925 -739.89547510331613 4156.2544421247376
v -19559.227136215042 -741.0565594494692 5080.7085098596544
v -19806.007111932689 -1.2799864634871483E-07 4715.5620722365202
v -20455.133480852041 -1.2799864634871483E-07 3788.3063015899424
cstype bspline
deg 1
curv 0 4 5301 5302 5303 5304 5301
parm u 0 0 1 2 3 4 4
end
usemtl Default
v -20751.135815003159 -751.79292096264544 4494.3155782656822
v -20051.071151146811 -753.04893987390096 5494.3564413767272
v -20301.844721297603 -1.2799864634871483E-07 5123.3009068897518
v -21003.890936423417 -1.2799864634871483E-07 4120.4508681219058
cstype bspline
deg 1
curv 0 4 5305 5306 5307 5308 5305
parm u 0 0 1 2 3 4 4
end
usemtl Default
v -20717.088471426956 -751.04933059643372 4473.1867572568735
v -20020.330900213576 -752.2994160973758 5468.5034456569101
v -20270.854870712294 -1.2799864634871483E-07 5097.8172297239234
v -20969.593595450206 -1.2799864634871483E-07 4099.6918327136573
cstype bspline
deg 1
curv 0 4 5309 5310 5311 5312 5309
parm u 0 0 1 2 3 4 4
end
usemtl Default
v -20014.957424275624 -788.8043604354898 5552.2473089558644
v -19443.793958825408 -746.81247546884697 5050.3761130830972
v -18614.561398324531 -753.83048627659446 5908.0435773708414
v -19111.339663695053 -796.45191253593657 6486.8506884160088
cstype bspline
deg 1
curv 0 4 5313 5314 5315 5316 5313
parm u 0 0 1 2 3 4 4
end
usemtl Default
v -20030.448410617631 -828.69989070075098 5535.3904102590441
v -19459.284945167416 -786.70800573410816 5033.5192143862769
v -18597.808222032363 -793.99890727555612 5924.5365138370707
v -19094.586487402881 -836.62033353492734 6503.3436248822381
cstype bspline
deg 1
curv 0 4 5317 5318 5319 5320 5317
parm u 0 0 1 2 3 4 4
end
usemtl Default
v -20349.473223438043 -1.2799864634871483E-07 5222.6514655011324
v -19760.501688994285 -1.2799864634871483E-07 4738.3264313319505
v -19443.792439089702 -746.80856153715285 5050.3777668209823
v -20014.955904537797 -788.80044649835327 5552.2489626960542
cstype bspline
deg 1
curv 0 4 5321 5322 5323 5324 5321
parm u 0 0 1 2 3 4 4
end
usemtl Default
v -20381.886428738835 -1.2799864634871483E-07 5189.1210703855104
v -19792.914894295078 -1.2799864634871483E-07 4704.7960362163285
v -19459.284945168445 -786.7080057367275 5033.5192143851691
v -20030.448410616526 -828.69989069789881 5535.3904102602482
cstype bspline
deg 1
curv 0 4 5325 5326 5327 5328 5325
parm u 0 0 1 2 3 4 4
end
usemtl Default
v -19518.943855361173 -752.33775049721589 5116.4150971962335
v -18679.926959557495 -759.43856867912109 5984.2024077715232
v -18996.668516870373 -1.2799864634871483E-07 5672.3810379088445
v -19837.997943526359 -1.2799864634871483E-07 4802.0534095121056
cstype bspline
deg 1
curv 0 4 5329 5330 5331 5332 5329
parm u 0 0 1 2 3 4 4
end
usemtl Default
v -19488.88262033771 -750.12765128846513 5090.000823729004
v -18653.780735064309 -757.19533571813372 5953.7388756112505
v -18969.586699781667 -1.2799864634871483E-07 5642.8385650729124
v -19806.999441713528 -1.2799864634871483E-07 4776.5626182400447
cstype bspline
deg 1
curv 0 4 5333 5334 5335 5336 5333
parm u 0 0 1 2 3 4 4
end
usemtl Default
v -19969.862380713083 -785.48923862882657 5512.6291992046954
v -19072.120326955275 -793.08706309442641 6441.1553901756015
v -19402.895773200948 -1.2799864634871483E-07 6115.5181304478556
v -20302.9754707188 -1.2799864634871483E-07 5184.4152785930382
cstype bspline
deg 1
curv 0 4 5337 5338 5339 5340 5337
parm u 0 0 1 2 3 4 4
end
usemtl Default
v -19939.80114568962 -783.2791394200467 5486.2149257374658
v -19045.974102462089 -790.84383013338083 6410.6918580153306
v -19375.813956112244 -1.2799864634871483E-07 6085.9756576119216
v -20271.976968905969 -1.2799864634871483E-07 5158.9244873209773
cstype bspline
deg 1
curv 0 4 5341 5342 5343 5344 5341
parm u 0 0 1 2 3 4 4
end
usemtl Default
v -19026.423208428405 -830.80742187789292 6492.5304239695179
v -18544.944541293753 -760.65080012925318 5906.5795814550474
v -17533.084844928162 -772.52452613846981 6676.0441670751334
v -17933.448189005867 -843.63300032730331 7323.6788266915573
cstype bspline
deg 1
curv 0 4 5345 5346 5347 5348 5345
parm u 0 0 1 2 3 4 4
end
usemtl Default
v -19043.804847976557 -870.62364245316712 6477.3799755164564
v -18562.326180841905 -800.46702070449828 5891.429133001986
v -17513.669400141338 -812.77254422369879 6688.8759115600242
v -17914.032744219043 -883.88101841253228 7336.5105711764481
cstype bspline
deg 1
curv 0 4 5349 5350 5351 5352 5349
parm u 0 0 1 2 3 4 4
end
usemtl Default
v -19436.406236583429 -1.2799864634871483E-07 6220.6494501712186
v -18920.306945066757 -1.2799864634871483E-07 5657.657341837581
v -18544.944223791033 -760.65007282394799 5906.5798582015941
v -19026.422890924383 -830.80669456961914 6492.5307007171959
cstype bspline
deg 1
curv 0 4 5353 5354 5355 5356 5353
parm u 0 0 1 2 3 4 4
end
usemtl Default
v -19473.436910497468 -1.2799864634871483E-07 6192.4686402889165
v -18957.33761898079 -1.2799864634871483E-07 5629.4765319552807
v -18562.326180842538 -800.46702070592437 5891.4291330014403
v -19043.80484797588 -870.62364245159552 6477.3799755170494
cstype bspline
deg 1
curv 0 4 5357 5358 5359 5360 5357
parm u 0 0 1 2 3 4 4
end
usemtl Default
v -18608.29631714501 -769.8819425534748 5983.6788938926384
v -17585.764232306807 -781.88090432120953 6761.2592538667686
v -17962.939711931325 -1.2799864634871483E-07 6511.9824830460293
v -18988.214746582107 -1.2799864634871483E-07 5731.7352508288477
cstype bspline
deg 1
curv 0 4 5361 5362 5363 5364 5361
parm u 0 0 1 2 3 4 4
end
usemtl Default
v -18582.955334664388 -766.18948877722141 5952.8393758654438
v -17564.692477355347 -778.13835304809618 6727.1732191501123
v -17940.062568762969 -1.2799864634871483E-07 6479.0896365642893
v -18961.051625975968 -1.2799864634871483E-07 5702.104087232341
cstype bspline
deg 1
curv 0 4 5365 5366 5367 5368 5365
parm u 0 0 1 2 3 4 4
end
usemtl Default
v -18988.411054354372 -825.2687491971592 6446.2716643004806
v -17901.840556578682 -838.01917341764783 7272.5497746165784
v -18306.096859456709 -1.2799864634871483E-07 7005.3751802720981
v -19395.661555674218 -1.2799864634871483E-07 6176.2027047764586
cstype bspline
deg 1
curv 0 4 5369 5370 5371 5372 5369
parm u 0 0 1 2 3 4 4
end
usemtl Default
v -18963.070071873746 -821.57629542090581 6415.4321462732933
v -17880.768801627222 -834.27662214456359 7238.4637398999275
v -18283.219716288353 -1.2799864634871483E-07 6972.4823337903617
v -19368.498435068082 -1.2799864634871483E-07 6146.5715411799538
cstype bspline
deg 1
curv 0 4 5373 5374 5375 5376 5373
parm u 0 0 1 2 3 4 4
end
usemtl Default
v -17849.470068803847 -876.79605265308055 7317.4262397288003
v -17464.70639917225 -780.59592314570909 6666.8179032897642
v -16281.112519991424 -795.11610270792153 7324.6671444714739
v -16582.16680536282 -892.34316832225886 8021.8017057279903
cstype bspline
deg 1
curv 0 4 5377 5378 5379 5380 5377
parm u 0 0 1 2 3 4 4
end
usemtl Default
v -17868.488129627513 -916.5700797259633 7304.1209569637322
v -17483.724459995916 -820.36995021856274 6653.5126205246961
v -16259.847917745825 -835.3843123811821 7333.751230052274
v -16560.902203117224 -932.61137799551943 8030.8857913087886
cstype bspline
deg 1
curv 0 4 5381 5382 5383 5384 5381
parm u 0 0 1 2 3 4 4
end
usemtl Default
v -18324.594657644499 -1.2799864634871483E-07 7112.8885962578188
v -17887.701354377234 -1.2799864634871483E-07 6484.7216854022008
v -17464.706350386652 -780.59582111641066 6666.8179374207994
v -17849.470020018744 -876.79595062480075 7317.4262738595007
cstype bspline
deg 1
curv 0 4 5385 5386 5387 5388 5385
parm u 0 0 1 2 3 4 4
end
usemtl Default
v -18365.165864830713 -1.2799864634871483E-07 7090.3048286682042
v -17928.272561563448 -1.2799864634871483E-07 6462.1379178125844
v -17483.724459995705 -820.36995021812618 6653.5126205248471
v -17868.488129627767 -916.57007972648717 7304.1209569635557
cstype bspline
deg 1
curv 0 4 5389 5390 5391 5392 5389
parm u 0 0 1 2 3 4 4
end
usemtl Default
v -17515.333093037665 -793.25383620831417 6752.4243215795686
v -16320.724925961345 -807.90913765720325 7416.395376215758
v -16747.360890150958 -1.2799864634871483E-07 7234.1395519222206
v -17945.187315333456 -1.2799864634871483E-07 6567.375226304257
cstype bspline
deg 1
curv 0 4 5393 5394 5395 5396 5393
parm u 0 0 1 2 3 4 4
end
usemtl Default
v -17495.082373583315 -788.19067149737384 6718.1817775564905
v -16304.879963573378 -802.79192367746145 7379.7040835180433
v -16728.813659130563 -1.2799864634871483E-07 7198.6026490050353
v -17922.192930950965 -1.2799864634871483E-07 6534.3138099434345
cstype bspline
deg 1
curv 0 4 5397 5398 5399 5400 5397
parm u 0 0 1 2 3 4 4
end
usemtl Default
v -17819.093884852879 -869.20130687204073 7266.06248192573
v -16558.39936178087 -884.66734735271893 7966.764766681421
v -17025.569355456861 -1.2799864634871483E-07 7767.1930956800024
v -18290.103081070767 -1.2799864634871483E-07 7063.2964717165869
cstype bspline
deg 1
curv 0 4 5401 5402 5403 5404 5401
parm u 0 0 1 2 3 4 4
end
usemtl Default
v -17798.843165398528 -864.1381421611004 7231.8199379026501
v -16542.554399392895 -879.55013337300625 7930.0734739837135
v -17007.022124436469 -1.2799864634871483E-07 7731.6561927628136
v -18267.108696688279 -1.2799864634871483E-07 7030.2350553557626
cstype bspline
deg 1
curv 0 4 5405 5406 5407 5408 5405
parm u 0 0 1 2 3 4 4
end
usemtl Default
v -16500.821495485372 -924.27711072200327 8005.0694884960449
v -16214.418747795848 -804.89399242083891 7308.5918895318664
v -14872.398670634389 -818.88049216748914 7835.366536862377
v -15075.078816490484 -939.13616533519235 8564.7072388493361
cstype bspline
deg 1
curv 0 4 5409 5410 5411 5412 5409
parm u 0 0 1 2 3 4 4
end
usemtl Default
v -16521.189986271034 -964.05808189007803 7993.7081868817932
v -16234.787238581506 -844.67496358891367 7297.2305879176165
v -14849.940985197605 -859.10779667517636 7840.8155231566434
v -15052.6211310537 -979.36346984290867 8570.1562251436026
cstype bspline
deg 1
curv 0 4 5413 5414 5415 5416 5413
parm u 0 0 1 2 3 4 4
end
usemtl Default
v -17029.7340313161 -1.2799864634871483E-07 7874.7901950411469
v -16675.014660940964 -1.2799864634871483E-07 7195.1400729282668
v -16214.417708335022 -804.89196228707442 7308.5924693307334
v -16500.820456024194 -924.27508058751118 8005.0700682951156
cstype bspline
deg 1
curv 0 4 5417 5418 5419 5420 5417
parm u 0 0 1 2 3 4 4
end
usemtl Default
v -17072.869261839041 -1.2799864634871483E-07 7857.8207575259821
v -16718.149891463905 -1.2799864634871483E-07 7178.1706354131038
v -16234.787238581674 -844.67496358926292 7297.2305879175201
v -16521.18998627086 -964.05808188972878 7993.708186881895
cstype bspline
deg 1
curv 0 4 5421 5422 5423 5424 5421
parm u 0 0 1 2 3 4 4
end
usemtl Default
v -16252.101105454931 -820.60232053895015 7400.2345480757667
v -14899.067110878612 -834.70360705797793 7931.3324187027665
v -15365.056847620577 -1.2799864634871483E-07 7818.2677088098662
v -16721.688262306114 -1.2799864634871483E-07 7284.5677205746997
cstype bspline
deg 1
curv 0 4 5425 5426 5427 5428 5425
parm u 0 0 1 2 3 4 4
end
usemtl Default
v -16237.027276629204 -814.31899852311471 7363.5778323407958
v -14888.399734780924 -828.37436110179988 7892.9460659666111
v -15350.856045247485 -1.2799864634871483E-07 7780.7386835752768
v -16703.018821760055 -1.2799864634871483E-07 7248.7966615161258
cstype bspline
deg 1
curv 0 4 5429 5430 5431 5432 5429
parm u 0 0 1 2 3 4 4
end
usemtl Default
v -16478.208537840805 -914.85215077668545 7950.0852841003507
v -15059.07775234395 -929.64229640088161 8507.1277097451039
v -15578.068883217002 -1.2799864634871483E-07 8381.203087328704
v -17001.729870497009 -1.2799864634871483E-07 7821.1336064532898
cstype bspline
deg 1
curv 0 4 5433 5434 5435 5436 5433
parm u 0 0 1 2 3 4 4
end
usemtl Default
v -16463.134709015078 -908.56882876085001 7913.4285683653816
v -15048.410376246258 -923.31305044467445 8468.7413570089502
v -15563.868080843906 -1.2799864634871483E-07 8343.6740620941164
v -16983.06042995095 -1.2799864634871483E-07 7785.3625473947159
cstype bspline
deg 1
curv 0 4 5437 5438 5439 5440 5437
parm u 0 0 1 2 3 4 4
end
usemtl Default
v -14996.64088873754 -970.2868052488484 8537.6762806414245
v -14807.561007891822 -829.91523105325177 7811.8745151616549
v -13320.440123385019 -839.23578324893606 8188.9845237808167
v -13426.803921565537 -980.12578171919449 8935.7617613770708
cstype bspline
deg 1
curv 0 4 5441 5442 5443 5444 5441
parm u 0 0 1 2 3 4 4
end
usemtl Default
v -15018.03016834948 -1010.1233896358171 8528.2898977640198
v -14828.950287503754 -869.75181544022053 7802.4881322842539
v -13297.185300208181 -879.35217521211598 8190.9191694511737
v -13403.549098388696 -1020.2421736824035 8937.696407047426
cstype bspline
deg 1
curv 0 4 5445 5446 5447 5448 5445
parm u 0 0 1 2 3 4 4
end
usemtl Default
v -15569.355620412283 -1.2799864634871483E-07 8488.2764899780359
v -15297.42008398426 -1.2799864634871483E-07 7769.6216322691325
v -14807.558018636977 -829.90966369872331 7811.8758269538685
v -14996.6378994814 -970.28123789190431 8537.6775924342019
cstype bspline
deg 1
curv 0 4 5449 5450 5451 5452 5449
parm u 0 0 1 2 3 4 4
end
usemtl Default
v -15614.265097955787 -1.2799864634871483E-07 8476.8602636374289
v -15342.329561527764 -1.2799864634871483E-07 7758.2054059285274
v -14828.950287504354 -869.75181544132647 7802.4881322839883
v -15018.030168348792 -1010.1233896345366 8528.2898977643144
cstype bspline
deg 1
curv 0 4 5453 5454 5455 5456 5453
parm u 0 0 1 2 3 4 4
end
usemtl Default
v -14832.433640841013 -848.38521450379631 7907.3763447213405
v -13334.435359987714 -857.77394094236661 8287.2446866224254
v -13831.673031252791 -1.2799864634871483E-07 8245.8778398166924
v -15333.201075619523 -1.2799864634871483E-07 7864.1814819676692
cstype bspline
deg 1
curv 0 4 5457 5458 5459 5460 5457
parm u 0 0 1 2 3 4 4
end
usemtl Default
v -14822.482068165067 -840.99723691455438 7869.1762518013147
v -13328.837265346639 -850.35867786497693 8247.940621485779
v -13821.776428614467 -1.2799864634871483E-07 8206.9313817804123
v -15318.888678965417 -1.2799864634871483E-07 7826.3575420882516
cstype bspline
deg 1
curv 0 4 5461 5462 5463 5464 5461
parm u 0 0 1 2 3 4 4
end
usemtl Default
v -14981.70723098021 -959.20487834242522 8480.377738521709
v -13418.406779603916 -969.00288710309542 8876.8056636721067
v -13980.122070827605 -1.2799864634871483E-07 8830.0747103608428
v -15547.887025431126 -1.2799864634871483E-07 8431.5405801589131
cstype bspline
deg 1
curv 0 4 5465 5466 5467 5468 5465
parm u 0 0 1 2 3 4 4
end
usemtl Default
v -14971.755658304264 -951.81690075321239 8442.1776456016833
v -13412.808684962834 -961.58762402573484 8837.5015985354585
v -13970.225468189285 -1.2799864634871483E-07 8791.1282523245627
v -15533.57462877702 -1.2799864634871483E-07 8393.7166402794956
cstype bspline
deg 1
curv 0 4 5469 5470 5471 5472 5469
parm u 0 0 1 2 3 4 4
end
usemtl Default
v -13351.117357382107 -1010.874603066768 8896.7423678103751
v -13258.098016630356 -850.09099888926721 8156.1383691326791
v -11639.151312052392 -849.5388724434597 8362.0550836252751
v -11649.656236731131 -1010.2943358605844 9113.1542378309368
cstype bspline
deg 1
curv 0 4 5473 5474 5475 5476 5473
parm u 0 0 1 2 3 4 4
end
usemtl Default
v -13373.152656442548 -1050.7996188695251 8889.2590405106203
v -13280.133315690811 -890.01601469205343 8148.6550418329189
v -11615.211323900116 -889.44820880985935 8360.4194349822192
v -11625.716248578869 -1050.203672226955 9111.5185891878791
cstype bspline
deg 1
curv 0 4 5477 5478 5479 5480 5477
parm u 0 0 1 2 3 4 4
end
usemtl Default
v -13959.9310690481 -1.2799864634871483E-07 8937.8630402109284
v -13770.075827973003 -1.2799864634871483E-07 8190.7188484387752
v -13258.092992020815 -850.08189496854902 8156.1400755219438
v -13351.112332769226 -1010.8654991399962 8896.7440742007748
cstype bspline
deg 1
curv 0 4 5481 5482 5483 5484 5481
parm u 0 0 1 2 3 4 4
end
usemtl Default
v -14006.022703532002 -1.2799864634871483E-07 8932.002406318652
v -13816.167462456906 -1.2799864634871483E-07 8184.8582145464989
v -13280.133315692379 -890.01601469490561 8148.6550418323895
v -13373.15265644079 -1050.7996188663528 8889.2590405112205
cstype bspline
deg 1
curv 0 4 5485 5486 5487 5488 5485
parm u 0 0 1 2 3 4 4
end
usemtl Default
v -13270.326898057432 -871.24673269822961 8253.5875999105629
v -11640.533538983804 -870.6909071036207 8460.8839197049692
v -12162.825611343051 -1.2799864634871483E-07 8496.5684118609897
v -13795.056780746039 -1.2799864634871483E-07 8289.0272947245867
cstype bspline
deg 1
curv 0 4 5489 5490 5491 5492 5489
parm u 0 0 1 2 3 4 4
end
usemtl Default
v -13265.431143281403 -862.78443774150219 8214.6084420853749
v -11639.980648211244 -862.23009323954466 8421.3523852730941
v -12157.197422354435 -1.2799864634871483E-07 8456.6901185006027
v -13785.064399636824 -1.2799864634871483E-07 8249.7039162102628
cstype bspline
deg 1
curv 0 4 5493 5494 5495 5496 5493
parm u 0 0 1 2 3 4 4
end
usemtl Default
v -13343.763219698023 -998.18115704887896 8838.2749672883947
v -11648.826900572265 -997.60311506449943 9053.8569361831251
v -12247.248446172289 -1.2799864634871483E-07 9094.7428122667807
v -13944.942497384276 -1.2799864634871483E-07 8878.8779724394444
cstype bspline
deg 1
curv 0 4 5497 5498 5499 5500 5497
parm u 0 0 1 2 3 4 4
end
usemtl Default
v -13338.867464921994 -989.71886209215154 8799.2958094632068
v -11648.274009799723 -989.14230120042339 9014.3254017512463
v -12241.620257183673 -1.2799864634871483E-07 9054.8645189063955
v -13934.95011627506 -1.2799864634871483E-07 8839.5545939251206
cstype bspline
deg 1
curv 0 4 5501 5502 5503 5504 5501
parm u 0 0 1 2 3 4 4
end
usemtl Default
v -11576.641154554953 -1041.2563281772018 9058.1247806943393
v -11580.872196202719 -857.96790682448773 8316.5888505535277
v -9810.2805263026785 -841.10610942708445 8320.499383286553
v -9728.747493192408 -1023.6583641408943 9062.2060427790711
cstype bspline
deg 1
curv 0 4 5505 5506 5507 5508 5505
parm u 0 0 1 2 3 4 4
end
usemtl Default
v -11598.915984920994 -1081.2690793716174 9052.3898848283425
v -11603.147026568742 -897.98065801893244 8310.8539546875327
v -9787.5621069645422 -880.69037839511293 8314.8638596127585
v -9706.0290738542717 -1063.2426331089518 9056.5705191052784
cstype bspline
deg 1
curv 0 4 5509 5510 5511 5512 5509
parm u 0 0 1 2 3 4 4
end
usemtl Default
v -12216.129920369396 -1.2799864634871483E-07 9206.3305854220416
v -12107.791955360633 -1.2799864634871483E-07 8438.7065487335967
v -11580.866219112424 -857.95717005018378 8316.5903894200328
v -11576.635177467411 -1041.2455914078164 9058.1263195601368
cstype bspline
deg 1
curv 0 4 5513 5514 5515 5516 5513
parm u 0 0 1 2 3 4 4
end
usemtl Default
v -12262.991681983091 -1.2799864634871483E-07 9206.2908390609664
v -12154.653716974328 -1.2799864634871483E-07 8438.6668023725215
v -11603.147026567465 -897.98065801663324 8310.8539546878583
v -11598.915984922452 -1081.2690793742659 9052.3898848279623
cstype bspline
deg 1
curv 0 4 5517 5518 5519 5520 5517
parm u 0 0 1 2 3 4 4
end
usemtl Default
v -11580.30298207447 -882.08468534809072 8414.1593952806925
v -9799.5524956302761 -865.1261429420847 8418.0923647987202
v -10296.070405528128 -1.2799864634871483E-07 8541.2584352036993
v -12122.046950756525 -1.2799864634871483E-07 8539.7097114557564
cstype bspline
deg 1
curv 0 4 5521 5522 5523 5524 5521
parm u 0 0 1 2 3 4 4
end
usemtl Default
v -11580.525668476697 -872.43792632955592 8375.1311884311763
v -9803.8437078992283 -855.51812953609624 8379.05517219385
v -10294.847334389709 -1.2799864634871483E-07 8500.8533712595545
v -12116.344952598167 -1.2799864634871483E-07 8499.3084463668929
cstype bspline
deg 1
curv 0 4 5525 5526 5527 5528 5525
parm u 0 0 1 2 3 4 4
end
usemtl Default
v -11576.962686041308 -1026.7860706265492 8999.5824980234356
v -9735.1843115958764 -1009.2463440319116 9003.6502538717687
v -10314.416472604447 -1.2799864634871483E-07 9147.3343943658929
v -12207.576923131863 -1.2799864634871483E-07 9145.7286877887418
cstype bspline
deg 1
curv 0 4 5529 5530 5531 5532 5529
parm u 0 0 1 2 3 4 4
end
usemtl Default
v -11577.185372443513 -1017.1393116080144 8960.5542911739158
v -9739.4755238648286 -999.63833062592312 8964.6130612668949
v -10313.193401466026 -1.2799864634871483E-07 9106.9293304217445
v -12201.874924973512 -1.2799864634871483E-07 9105.3274226998747
cstype bspline
deg 1
curv 0 4 5533 5534 5535 5536 5533
parm u 0 0 1 2 3 4 4
end
usemtl Default
v -9663.9813037225467 -1052.8872174517019 8993.459555351541
v -9760.4257974994689 -844.86196634470252 8265.0212339415248
v -8147.3197339517828 -815.71095141393016 8067.610309883019
v -7978.1425646718599 -1022.4218244044168 8787.147651373145
cstype bspline
deg 1
curv 0 4 5537 5538 5539 5540 5537
parm u 0 0 1 2 3 4 4
end
usemtl Default
v -9687.1202469296913 -1092.8540545142023 8989.121798379867
v -9783.5647407066135 -884.82880340720294 8260.6834769698507
v -8125.6600841512845 -854.86821712637902 8057.790128759576
v -7956.4829148713579 -1061.5790901168657 8777.3274702497001
cstype bspline
deg 1
curv 0 4 5541 5542 5543 5544 5541
parm u 0 0 1 2 3 4 4
end
usemtl Default
v -10271.798196401814 -1.2799864634871483E-07 9260.7051148154624
v -10248.149871653961 -1.2799864634871483E-07 8479.4651332700578
v -9760.4187406947312 -844.84977744900971 8265.0225568499973
v -9663.9742469166013 -1052.8750285539427 8993.4608782602372
cstype bspline
deg 1
curv 0 4 5545 5546 5547 5548 5545
parm u 0 0 1 2 3 4 4
end
usemtl Default
v -10318.024057555431 -1.2799864634871483E-07 9266.5136440837032
v -10294.375732807581 -1.2799864634871483E-07 8485.2736625383004
v -9783.5647407071665 -884.82880340816337 8260.6834769697434
v -9687.1202469290656 -1092.8540545131254 8989.1217983799816
cstype bspline
deg 1
curv 0 4 5549 5550 5551 5552 5549
parm u 0 0 1 2 3 4 4
end
usemtl Default
v -9747.721784596517 -872.23345785334823 8360.8666745561368
v -8125.0595800991614 -842.90975049161352 8162.2862758685696
v -8591.3109813175615 -1.2799864634871483E-07 8373.6781151271807
v -10251.261493331309 -1.2799864634871483E-07 8582.259867683928
cstype bspline
deg 1
curv 0 4 5553 5554 5555 5556 5553
parm u 0 0 1 2 3 4 4
end
usemtl Default
v -9752.7978105849143 -861.28476042664261 8322.5278155345786
v -8133.9636416402209 -832.030230860546 8124.4158894743578
v -8594.197089844798 -1.2799864634871483E-07 8333.07927332707
v -10250.016844660367 -1.2799864634871483E-07 8541.1419739183839
cstype bspline
deg 1
curv 0 4 5557 5558 5559 5560 5557
parm u 0 0 1 2 3 4 4
end
usemtl Default
v -9671.5813947707829 -1036.4639192535833 8935.9495598795984
v -7991.4986569834218 -1006.102544957801 8730.3420717818135
v -8548.0193534090176 -1.2799864634871483E-07 8982.6607421288973
v -10269.931223395404 -1.2799864634871483E-07 9199.0282741671344
cstype bspline
deg 1
curv 0 4 5561 5562 5563 5564 5561
parm u 0 0 1 2 3 4 4
end
usemtl Default
v -9676.6574207591475 -1025.5152218269359 8897.6107008580329
v -8000.4027185244631 -995.22302532676258 8692.471685387598
v -8550.9054619362578 -1.2799864634871483E-07 8942.0619003287902
v -10268.686574724466 -1.2799864634871483E-07 9157.9103804015958
cstype bspline
deg 1
curv 0 4 5565 5566 5567 5568 5565
parm u 0 0 1 2 3 4 4
end
usemtl Default
v -7923.2639494447321 -1047.318581296684 8710.1757674053024
v -8106.1736314674308 -814.55642938893288 8006.7039145844992
v -6634.34279325022 -779.36758936880506 7643.5783278762592
v -6385.1731274287267 -1010.5455837028276 8330.7027208752788
cstype bspline
deg 1
curv 0 4 5569 5570 5571 5572 5569
parm u 0 0 1 2 3 4 4
end
usemtl Default
v -7946.9293920701202 -1087.0605665392068 8707.0527782747758
v -8129.8390740928262 -854.29841463142657 8003.5809254539745
v -6615.697405240091 -818.09799840860069 7630.0165404819018
v -6366.5277394185941 -1049.2759927426232 8317.1409334809232
cstype bspline
deg 1
curv 0 4 5573 5574 5575 5576 5573
parm u 0 0 1 2 3 4 4
end
usemtl Default
v -8493.9785501968763 -1.2799864634871483E-07 9093.6788426601051
v -8550.0463301871678 -1.2799864634871483E-07 8304.9742917299172
v -8106.1666272559451 -814.54466703676735 8006.7048388890526
v -7923.2569452323369 -1047.3068189430342 8710.1766917099703
cstype bspline
deg 1
curv 0 4 5577 5578 5579 5580 5577
parm u 0 0 1 2 3 4 4
end
usemtl Default
v -8539.3144887859562 -1.2799864634871483E-07 9105.1119314685002
v -8595.3822687762477 -1.2799864634871483E-07 8316.4073805383141
v -8129.8390740932446 -854.29841463212506 8003.5809254539236
v -7946.9293920696655 -1087.060566538421 8707.0527782748395
cstype bspline
deg 1
curv 0 4 5581 5582 5583 5584 5581
parm u 0 0 1 2 3 4 4
end
usemtl Default
v -8082.0933265484928 -845.18271174372057 8099.2627335809939
v -6601.5573109052893 -809.78574651802774 7733.9894322182354
v -6991.4000680783756 -1.2799864634871483E-07 8017.5429086670283
v -8542.6689907147629 -1.2799864634871483E-07 8408.7512063259946
cstype bspline
deg 1
curv 0 4 5585 5586 5587 5588 5585
parm u 0 0 1 2 3 4 4
end
usemtl Default
v -8091.7201519181945 -832.9320721696422 8062.237899222031
v -6614.6715038432594 -797.61848365832702 7697.8249904814475
v -6998.6567618918998 -1.2799864634871483E-07 7977.1179947027285
v -8545.6199265037249 -1.2799864634871483E-07 8367.2404404875688
cstype bspline
deg 1
curv 0 4 5589 5590 5591 5592 5589
parm u 0 0 1 2 3 4 4
end
usemtl Default
v -7937.690946002931 -1028.9423053550709 8654.6352489655092
v -6404.8444168356909 -992.2946894133056 8276.4560582700924
v -6882.5496608754838 -1.2799864634871483E-07 8623.9166181315686
v -8498.4049538803229 -1.2799864634871483E-07 9031.4126939024518
cstype bspline
deg 1
curv 0 4 5593 5594 5595 5596 5593
parm u 0 0 1 2 3 4 4
end
usemtl Default
v -7947.3177713726327 -1016.6916657810216 8617.6104146065409
v -6417.9586097736574 -980.127426553634 8240.291616533299
v -6889.806354689008 -1.2799864634871483E-07 8583.4917041672652
v -8501.3558896692848 -1.2799864634871483E-07 8989.9019280640223
cstype bspline
deg 1
curv 0 4 5597 5598 5599 5600 5597
parm u 0 0 1 2 3 4 4
end
usemtl Default
v -6342.5573415834879 -1031.6128385548363 8247.4424681530109
v -6602.6887682346824 -774.31270233570831 7578.4550987467755
v -5267.7462473233463 -737.00814421183895 7066.5835874601635
v -4940.6404341700072 -992.43670180122717 7709.8902403566408
cstype bspline
deg 1
curv 0 4 5601 5602 5603 5604 5601
parm u 0 0 1 2 3 4 4
end
usemtl Default
v -6367.5218477261114 -1070.9684961848252 8245.8318374874543
v -6627.6532743773059 -813.66835996569716 7576.8444680812208
v -5252.3144459725263 -775.23493945467635 7049.4833618171779
v -4925.2086328191872 -1030.6634970440355 7692.7900147136534
cstype bspline
deg 1
curv 0 4 5605 5606 5607 5608 5605
parm u 0 0 1 2 3 4 4
end
usemtl Default
v -6817.1041502615808 -1.2799864634871483E-07 8731.6654953274156
v -6958.8744488971206 -1.2799864634871483E-07 7941.9047210264744
v -6602.684486305865 -774.3059520269162 7578.4553750032337
v -6342.5530596557292 -1031.6060882477032 8247.4427444093944
cstype bspline
deg 1
curv 0 4 5609 5610 5611 5612 5609
parm u 0 0 1 2 3 4 4
end
usemtl Default
v -6860.1801149292623 -1.2799864634871483E-07 8748.530801054816
v -7001.9504135648058 -1.2799864634871483E-07 7958.7700267538767
v -6627.653274376833 -813.66835996491136 7576.8444680812609
v -6367.5218477266826 -1070.9684961856983 8245.8318374874198
cstype bspline
deg 1
curv 0 4 5613 5614 5615 5616 5613
parm u 0 0 1 2 3 4 4
end
usemtl Default
v -6568.453655543246 -808.16777960545733 7666.4769560302648
v -5224.7060087505379 -770.61716494726716 7151.2291996833846
v -5535.7969837978198 -1.2799864634871483E-07 7495.9540796807323
v -6940.2204622345489 -1.2799864634871483E-07 8045.8206123818618
cstype bspline
deg 1
curv 0 4 5617 5618 5619 5620 5617
parm u 0 0 1 2 3 4 4
end
usemtl Default
v -6582.1447832616359 -794.62566717289155 7631.2670944825313
v -5241.9221041796591 -757.17355665311334 7117.3709547940962
v -5547.586019717608 -1.2799864634871483E-07 7456.0820234367111
v -6947.682056899579 -1.2799864634871483E-07 8004.2542558397072
cstype bspline
deg 1
curv 0 4 5621 5622 5623 5624 5621
parm u 0 0 1 2 3 4 4
end
usemtl Default
v -6363.0867397673755 -1011.2994660942641 8194.6248792462429
v -4966.4645773136872 -972.27128935992368 7659.1028730227044
v -5358.9614450010013 -1.2799864634871483E-07 8094.0349233410343
v -6828.2965422591224 -1.2799864634871483E-07 8669.3159605141827
cstype bspline
deg 1
curv 0 4 5625 5626 5627 5628 5625
parm u 0 0 1 2 3 4 4
end
usemtl Default
v -6376.7778674857655 -997.75735366169829 8159.4150176985131
v -4983.680672742812 -958.82768106576987 7625.2446281334214
v -5370.7504809207858 -1.2799864634871483E-07 8054.1628670970167
v -6835.7581369241525 -1.2799864634871483E-07 8627.7496039720318
cstype bspline
deg 1
curv 0 4 5629 5630 5631 5632 5629
parm u 0 0 1 2 3 4 4
end
usemtl Default
v -4910.3662736067818 -1009.7225112443848 7622.3391724818157
v -5245.2736657312271 -729.15837854938582 6998.209081569521
v -4064.0510522426521 -693.28041529559414 6355.6712648488301
v -3660.9073124189053 -971.77196561079472 6942.6835141527463
cstype bspline
deg 1
curv 0 4 5633 5634 5635 5636 5633
parm u 0 0 1 2 3 4 4
end
usemtl Default
v -4936.3737246053315 -1048.5453407306341 7622.61432580568
v -5271.2811167297768 -767.98120803566417 6998.4842348933835
v -4052.1694696764171 -730.95241907090531 6335.3363006331438
v -3649.0257298526667 -1009.4439693861059 6922.3485499370599
cstype bspline
deg 1
curv 0 4 5637 5638 5639 5640 5637
parm u 0 0 1 2 3 4 4
end
usemtl Default
v -5281.7008473595852 -1.2799864634871483E-07 8196.7234107313561
v -5513.4276682591299 -1.2799864634871483E-07 7412.9930956301705
v -5245.2723245762609 -729.15637652965961 6998.2090673803705
v -4910.3649324531434 -1009.7205092266086 7622.3391582926797
cstype bspline
deg 1
curv 0 4 5641 5642 5643 5644 5641
parm u 0 0 1 2 3 4 4
end
usemtl Default
v -5321.9879018614374 -1.2799864634871483E-07 8219.0842659362934
v -5553.7147227609821 -1.2799864634871483E-07 7435.3539508351096
v -5271.2811167291729 -767.98120803470374 6998.4842348933835
v -4936.3737246060336 -1048.5453407316818 7622.6143258056782
cstype bspline
deg 1
curv 0 4 5645 5646 5647 5648 5645
parm u 0 0 1 2 3 4 4
end
usemtl Default
v -5201.2048491388305 -766.07464939710917 7080.3303444028625
v -4011.0058233184791 -729.92404033706407 6432.9097187046082
v -4241.2206216221784 -1.2799864634871483E-07 6826.9152865090855
v -5482.9372970881413 -1.2799864634871483E-07 7516.1155055119016
cstype bspline
deg 1
curv 0 4 5649 5650 5651 5652 5649
parm u 0 0 1 2 3 4 4
end
usemtl Default
v -5218.8315539873765 -751.30811609735247 7047.4813922495268
v -4032.2239148881417 -715.2665903204761 6402.0143371622926
v -4257.8158185982611 -1.2799864634871483E-07 6788.1079626300107
v -5495.1334455565375 -1.2799864634871483E-07 7474.8665415592077
cstype bspline
deg 1
curv 0 4 5653 5654 5655 5656 5653
parm u 0 0 1 2 3 4 4
end
usemtl Default
v -4936.8042764106031 -987.57264889319777 7573.0646267029133
v -3692.7344497734121 -949.78579058591276 6896.3404418392765
v -3992.2926669809967 -1.2799864634871483E-07 7409.0251446952152
v -5299.9950700621848 -1.2799864634871483E-07 8134.8499648023117
cstype bspline
deg 1
curv 0 4 5657 5658 5659 5660 5657
parm u 0 0 1 2 3 4 4
end
usemtl Default
v -4954.4309812591491 -972.80611559344106 7540.215674549574
v -3713.9525413430856 -935.12834056932479 6865.4450602969646
v -4008.8878639570758 -1.2799864634871483E-07 7370.2178208161367
v -5312.191218530581 -1.2799864634871483E-07 8093.6010008496178
cstype bspline
deg 1
curv 0 4 5661 5662 5663 5664 5661
parm u 0 0 1 2 3 4 4
end
usemtl Default
v -3643.3977597190897 -985.08092612065957 6852.7870495184416
v -4050.9847292991617 -683.63910388483782 6284.699569531922
v -3039.4267220088805 -651.55965328565799 5530.9316766986904
v -2563.8743331509831 -950.8460941251833 6048.3743587543377
cstype bspline
deg 1
curv 0 4 5665 5666 5667 5668 5665
parm u 0 0 1 2 3 4 4
end
usemtl Default
v -3670.084746209679 -1023.2760979641171 6855.4345105772354
v -4077.671715789751 -721.83427572829532 6287.3470305907194
v -3031.5161348386937 -688.65763530202094 5507.7985695572661
v -2555.9637459808037 -987.94407614157535 6025.241251612917
cstype bspline
deg 1
curv 0 4 5669 5670 5671 5672 5669
parm u 0 0 1 2 3 4 4
end
usemtl Default
v -3902.771701597987 -1.2799864634871483E-07 7504.5249493511983
v -4230.9883845162512 -1.2799864634871483E-07 6737.001000410728
v -4050.984724951144 -683.63909766179859 6284.6995691005814
v -3643.3977553668665 -985.08091989165405 6852.7870490866862
cstype bspline
deg 1
curv 0 4 5673 5674 5675 5676 5673
parm u 0 0 1 2 3 4 4
end
usemtl Default
v -3939.5155658020885 -1.2799864634871483E-07 7532.4426649452525
v -4267.7322487203528 -1.2799864634871483E-07 6764.9187160047804
v -4077.6717157917592 -721.8342757311766 6287.3470305909086
v -3670.0847462074962 -1023.276097961003 6855.4345105770135
cstype bspline
deg 1
curv 0 4 5677 5678 5679 5680 5677
parm u 0 0 1 2 3 4 4
end
usemtl Default
v -3997.3548589429993 -723.30250135911047 6359.4479177371959
v -2976.8540392644172 -690.93944813293638 5599.0162401270627
v -3124.1864933679972 -1.2799864634871483E-07 6029.8638337205557
v -4187.8019788691126 -1.2799864634871483E-07 6837.9909936923668
cstype bspline
deg 1
curv 0 4 5681 5682 5683 5684 5681
parm u 0 0 1 2 3 4 4
end
usemtl Default
v -4018.8068047106717 -707.43714229407487 6329.5485766855072
v -3001.8831123621931 -675.18753019403084 5571.7824147557167
v -3145.8567066793221 -1.2799864634871483E-07 5992.8076194871173
v -4205.0765411279644 -1.2799864634871483E-07 6797.5949963797193
cstype bspline
deg 1
curv 0 4 5685 5686 5687 5688 5685
parm u 0 0 1 2 3 4 4
end
usemtl Default
v -3675.5756724279017 -961.28288733464433 6807.9380335126534
v -2601.4179427976633 -927.21821721681044 6007.5236206973041
v -2799.1332936980834 -1.2799864634871483E-07 6585.7070472222549
v -3928.6835449862774 -1.2799864634871483E-07 7443.9309533822016
cstype bspline
deg 1
curv 0 4 5689 5690 5691 5692 5689
parm u 0 0 1 2 3 4 4
end
usemtl Default
v -3697.0276181955778 -945.41752826960874 6778.0386924609611
v -2626.44701589545 -911.46629927787581 5980.2897953259617
v -2820.8035070094047 -1.2799864634871483E-07 6548.6508329888147
v -3945.9581072451292 -1.2799864634871483E-07 7403.5349560695522
cstype bspline
deg 1
curv 0 4 5693 5694 5695 5696 5693
parm u 0 0 1 2 3 4 4
end
usemtl Default
v -2559.1370177264616 -960.20066793449223 5958.6846485371207
v -3035.99911966734 -641.31562098427094 5458.3697117269603
v -2206.7358186840866 -614.24875794074615 4617.0779651564799
v -1665.8355935489235 -931.04362302954542 5052.4259072312707
cstype bspline
deg 1
curv 0 4 5697 5698 5699 5700 5697
parm u 0 0 1 2 3 4 4
end
usemtl Default
v -2585.9933201031708 -997.74660249249428 5964.2036056439465
v -3062.8554220440492 -678.86155554227298 5463.8886688337861
v -2203.2088707859148 -650.80299387537525 4591.7729636244285
v -1662.3086456507517 -967.59785896417452 5027.1209056992193
cstype bspline
deg 1
curv 0 4 5701 5702 5703 5704 5701
parm u 0 0 1 2 3 4 4
end
usemtl Default
v -2697.6070209939317 -1.2799864634871483E-07 6670.7678916049445
v -3128.4824728694039 -1.2799864634871483E-07 5933.9678969189481
v -3035.9980793843824 -641.31416663678829 5458.3694979492811
v -2559.1359774416705 -960.19921358441934 5958.6844347590904
cstype bspline
deg 1
curv 0 4 5705 5706 5707 5708 5705
parm u 0 0 1 2 3 4 4
end
usemtl Default
v -2729.8791005671083 -1.2799864634871483E-07 6704.132195159511
v -3160.7545524425805 -1.2799864634871483E-07 5967.3322004735146
v -3062.8554220449296 -678.86155554349534 5463.8886688339499
v -2585.9933201022141 -997.7466024911555 5964.2036056437446
cstype bspline
deg 1
curv 0 4 5709 5710 5711 5712 5709
parm u 0 0 1 2 3 4 4
end
usemtl Default
v -2973.2528620945268 -683.27413918456296 5524.1993622590817
v -2135.5647364294673 -655.93229282082757 4674.3605891136849
v -2198.8525869866717 -1.2799864634871483E-07 5128.4356708963533
v -3071.7883344647416 -1.2799864634871483E-07 6030.9152646407838
cstype bspline
deg 1
curv 0 4 5713 5714 5715 5716 5713
parm u 0 0 1 2 3 4 4
end
usemtl Default
v -2998.3508674599543 -666.49071566088242 5497.866997163921
v -2164.0331693313201 -639.25887886880082 4651.4475395307963
v -2225.7122798672899 -1.2799864634871483E-07 5093.980299204597
v -3094.4659898266109 -1.2799864634871483E-07 5992.1363175520437
cstype bspline
deg 1
curv 0 4 5717 5718 5719 5720 5717
parm u 0 0 1 2 3 4 4
end
usemtl Default
v -2596.7827816131467 -935.02549203994568 5919.1848386864167
v -1708.5382429016972 -906.03350210146164 5018.0563328569515
v -1795.9571937774163 -1.2799864634871483E-07 5645.2662462726439
v -2731.6235040367246 -1.2799864634871483E-07 6612.5994709718489
cstype bspline
deg 1
curv 0 4 5721 5722 5723 5724 5721
parm u 0 0 1 2 3 4 4
end
usemtl Default
v -2621.8807869785742 -918.24206851626514 5892.8524735912561
v -1737.0066758035537 -889.36008814943489 4995.1432832740647
v -1822.8168866580381 -1.2799864634871483E-07 5610.8108745808859
v -2754.3011593985975 -1.2799864634871483E-07 6573.8205238831051
cstype bspline
deg 1
curv 0 4 5725 5726 5727 5728 5725
parm u 0 0 1 2 3 4 4
end
usemtl Default
v -1672.974576054854 -936.93845461352612 4965.6780825280275
v -2212.8216055731282 -604.67290565383155 4544.3057062392681
v -1570.9826219895476 -582.92803765740246 3644.2197227323304
v -976.01925740892329 -913.32629986599204 3988.2994416400961
cstype bspline
deg 1
curv 0 4 5729 5730 5731 5732 5729
parm u 0 0 1 2 3 4 4
end
usemtl Default
v -1699.375242134367 -973.88565890106838 4974.4411792954852
v -2239.2222716526376 -641.62010994140292 4553.0688030067304
v -1572.1271080414299 -619.01958762222785 3617.5646940489651
v -977.16374346081284 -949.41784983081743 3961.644412956728
cstype bspline
deg 1
curv 0 4 5733 5734 5735 5736 5733
parm u 0 0 1 2 3 4 4
end
usemtl Default
v -1684.0891391654004 -1.2799864634871483E-07 5715.9799408191266
v -2219.9933156249026 -1.2799864634871483E-07 5028.5268983310616
v -2212.8179812480084 -604.66783348331228 4544.3045032275131
v -1672.9709517306765 -936.93338244428742 4965.6768795165754
cstype bspline
deg 1
curv 0 4 5737 5738 5739 5740 5737
parm u 0 0 1 2 3 4 4
end
usemtl Default
v -1710.931926418496 -1.2799864634871483E-07 5754.3358921194358
v -2246.8361028780055 -1.2799864634871483E-07 5066.8828496313708
v -2239.2222716521792 -641.62010994076263 4553.0688030065703
v -1699.3752421348327 -973.88565890170867 4974.4411792956289
cstype bspline
deg 1
curv 0 4 5741 5742 5743 5744 5741
parm u 0 0 1 2 3 4 4
end
usemtl Default
v -2141.7854186555523 -648.3919320552377 4599.7442750416058
v -1492.6979687552594 -626.40149321116041 3689.4933699570338
v -1472.8343781803196 -1.2799864634871483E-07 4152.1155012233803
v -2149.479608196023 -1.2799864634871483E-07 5118.9812460268531
cstype bspline
deg 1
curv 0 4 5745 5746 5747 5748 5745
parm u 0 0 1 2 3 4 4
end
usemtl Default
v -2170.1984202090971 -630.90427158365492 4577.5667815526504
v -1524.0118300489776 -609.01211098965723 3671.3839110671488
v -1504.6996678671931 -1.2799864634871483E-07 4121.1632998535561
v -2177.6850911675829 -1.2799864634871483E-07 5082.7995069485332
cstype bspline
deg 1
curv 0 4 5749 5750 5751 5752 5749
parm u 0 0 1 2 3 4 4
end
usemtl Default
v -1715.5903953523957 -910.70683912865934 4932.4066773758914
v -1022.9900493495006 -887.24222653370816 3961.1352533052732
v -994.85503287726897 -1.2799864634871483E-07 4616.3985217707359
v -1726.3973636227165 -1.2799864634871483E-07 5661.7073322016531
cstype bspline
deg 1
curv 0 4 5753 5754 5755 5756 5753
parm u 0 0 1 2 3 4 4
end
usemtl Default
v -1744.0033969059441 -893.21917865710566 4910.2291838869351
v -1054.3039106432188 -869.85284431223408 3943.0257944153882
v -1026.7203225641424 -1.2799864634871483E-07 4585.446320400908
v -1754.60284659428 -1.2799864634871483E-07 5625.5255931233278
cstype bspline
deg 1
curv 0 4 5757 5758 5759 5760 5757
parm u 0 0 1 2 3 4 4
end
usemtl Default
v -993.06336951062258 -916.74757946719183 3906.798822989027
v -1585.7359741818145 -575.03613236526144 3572.9509864395141
v -1125.2284815419698 -558.3446032871434 2645.3881069030112
v -490.69063473604183 -898.53860514090047 2894.9101829217198
cstype bspline
deg 1
curv 0 4 5761 5762 5763 5764 5761
parm u 0 0 1 2 3 4 4
end
usemtl Default
v -1018.3810508912284 -953.19211962434929 3918.9369808700931
v -1611.0536555624203 -611.4806725224189 3585.089144320581
v -1131.092005526858 -594.08400913258083 2618.3413339385734
v -496.55415872092999 -934.2780109863379 2867.8634099572828
cstype bspline
deg 1
curv 0 4 5765 5766 5767 5768 5765
parm u 0 0 1 2 3 4 4
end
usemtl Default
v -876.08544614446873 -1.2799864634871483E-07 4669.2264502635171
v -1512.3589521178874 -1.2799864634871483E-07 4051.1851307995958
v -1585.7299703903554 -575.02748996962328 3572.9481080176138
v -993.05736571610032 -916.73893706712988 3906.7959445656397
cstype bspline
deg 1
curv 0 4 5769 5770 5771 5772 5769
parm u 0 0 1 2 3 4 4
end
usemtl Default
v -896.75786303855421 -1.2799864634871483E-07 4711.6847527918435
v -1533.0313690119729 -1.2799864634871483E-07 4093.643433327923
v -1611.0536555639119 -611.48067252457258 3585.0891443212986
v -1018.3810508896713 -953.19211962210829 3918.9369808693391
cstype bspline
deg 1
curv 0 4 5773 5774 5775 5776 5773
parm u 0 0 1 2 3 4 4
end
usemtl Default
v -1507.7478128936855 -619.99798640975496 3616.8684156798317
v -1041.7366595938292 -603.10697195210378 2678.2199590107357
v -942.78895436242601 -1.2799864634871483E-07 3134.6376569079785
v -1428.6387539634961 -1.2799864634871483E-07 4132.5063570448428
cstype bspline
deg 1
curv 0 4 5777 5778 5779 5780 5777
parm u 0 0 1 2 3 4 4
end
usemtl Default
v -1538.9411078765042 -602.01317340438254 3599.2974769143384
v -1075.1333883730767 -585.20202448611963 2665.0872181676486
v -979.12322746932477 -1.2799864634871483E-07 3107.9548573105067
v -1462.1268332252512 -1.2799864634871483E-07 4099.9778665467493
cstype bspline
deg 1
curv 0 4 5781 5782 5783 5784 5781
parm u 0 0 1 2 3 4 4
end
usemtl Default
v -1039.8483881512875 -889.77018149016658 3880.4324971623128
v -540.78572790492763 -871.68118394192425 2875.2110716570896
v -397.77485775876266 -1.2799864634871483E-07 3534.8796508701389
v -926.31756503709767 -1.2799864634871483E-07 4620.4337145163672
cstype bspline
deg 1
curv 0 4 5785 5786 5787 5788 5785
parm u 0 0 1 2 3 4 4
end
usemtl Default
v -1071.0416831341063 -871.78536848479416 3862.8615583968194
v -574.18245668417512 -853.7762364759401 2862.0783308140026
v -434.1091308656687 -1.2799864634871483E-07 3508.1968512726671
v -959.80564429885271 -1.2799864634871483E-07 4587.9052240182737
cstype bspline
deg 1
curv 0 4 5789 5790 5791 5792 5789
parm u 0 0 1 2 3 4 4
end
usemtl Default
v -514.81117435570923 -900.8007029867731 2820.0004092990803
v -1146.8439576527235 -552.82445040979655 2577.2697777895464
v -849.85932033372228 -540.71446402426227 1651.1464905787361
v -190.7533410056858 -887.58676712322631 1809.4514846886341
cstype bspline
deg 1
curv 0 4 5793 5794 5795 5796 5793
parm u 0 0 1 2 3 4 4
end
usemtl Default
v -538.54688113677548 -936.84873215213884 2835.3894800389917
v -1170.5796644338043 -588.87247957519139 2592.6588485294651
v -860.17286797529232 -576.21518486450077 1624.6796112736592
v -201.06688864725584 -923.08748796346481 1782.9846053835572
cstype bspline
deg 1
curv 0 4 5797 5798 5799 5800 5797
parm u 0 0 1 2 3 4 4
end
usemtl Default
v -277.02782268256851 -1.2799864634871483E-07 3567.7792563534776
v -1000.913893554738 -1.2799864634871483E-07 3036.1790533260573
v -1146.8369849972441 -552.81386085835402 2577.2652570609516
v -514.80420169845456 -900.79011343262391 2819.9958885693359
cstype bspline
deg 1
curv 0 4 5801 5802 5803 5804 5801
parm u 0 0 1 2 3 4 4
end
usemtl Default
v -291.25231618025282 -1.2799864634871483E-07 3613.1066081341469
v -1015.1383870524296 -1.2799864634871483E-07 3081.5064051067275
v -1170.5796644346628 -588.87247957650106 2592.6588485300254
v -538.54688113587326 -936.84873215077096 2835.3894800384096
cstype bspline
deg 1
curv 0 4 5805 5806 5807 5808 5805
parm u 0 0 1 2 3 4 4
end
usemtl Default
v -1063.6775264787357 -598.61062724032672 2609.1948501655124
v -763.13484936951136 -586.35555653728079 1671.9760950668788
v -592.78884447743621 -1.2799864634871483E-07 2109.1221972877574
v -905.66572633471515 -1.2799864634871483E-07 3106.1264484612466
cstype bspline
deg 1
curv 0 4 5809 5810 5811 5812 5809
parm u 0 0 1 2 3 4 4
end
usemtl Default
v -1096.9424098102099 -580.29608763102442 2596.4195537704518
v -797.82463775519136 -568.09911953209667 1663.6442532716228
v -632.7824303174275 -1.2799864634871483E-07 2087.1796201800553
v -943.76499322272866 -1.2799864634871483E-07 3078.1474904071711
cstype bspline
deg 1
curv 0 4 5813 5814 5815 5816 5813
parm u 0 0 1 2 3 4 4
end
usemtl Default
v -564.7042765065562 -873.32872137997765 2800.8242960914322
v -242.78802358421672 -860.20211161539191 1796.9537219957465
v 7.1149431224184809 -1.2799864634871483E-07 2438.2608539032817
v -334.17672301457787 -1.2799864634871483E-07 3525.8108192723685
cstype bspline
deg 1
curv 0 4 5817 5818 5819 5820 5817
parm u 0 0 1 2 3 4 4
end
usemtl Default
v -597.96915983803774 -855.01418177070445 2788.0489996963697
v -277.477811969904 -841.94567461020779 1788.6218802004878
v -32.878642717565526 -1.2799864634871483E-07 2416.3182767955805
v -372.27598990258412 -1.2799864634871483E-07 3497.8318612182975
cstype bspline
deg 1
curv 0 4 5821 5822 5823 5824 5821
parm u 0 0 1 2 3 4 4
end
usemtl Default
v -218.81221215370169 -889.94933331583161 1741.3910061866864
v -875.85782195838692 -538.12439244787674 1587.1193686803836
v -716.94274797937396 -530.10860594551195 685.84430137083291
v -45.628634881679318 -881.21383361544576 759.19317967115512
cstype bspline
deg 1
curv 0 4 5825 5826 5827 5828 5825
parm u 0 0 1 2 3 4 4
end
usemtl Default
v -240.64545272682153 -925.70292445240193 1759.7367238756942
v -897.69106253149221 -573.87798358444707 1605.465086369406
v -731.12235288558441 -565.47614239304676 660.78299146873633
v -59.808239787889761 -916.58137006298057 734.13186976905763
cstype bspline
deg 1
curv 0 4 5829 5830 5831 5832 5829
parm u 0 0 1 2 3 4 4
end
usemtl Default
v 124.37489531689062 -1.2799864634871483E-07 2451.2993780042307
v -668.34241420457693 -1.2799864634871483E-07 2016.3731186191189
v -875.85130377647874 -538.11371842952212 1587.1138916773434
v -218.80569397348154 -889.93865930021275 1741.3855291850432
cstype bspline
deg 1
curv 0 4 5833 5834 5835 5836 5833
parm u 0 0 1 2 3 4 4
end
usemtl Default
v 116.32665069060022 -1.2799864634871483E-07 2498.1801200567634
v -676.39065883086732 -1.2799864634871483E-07 2063.2538606716516
v -897.6910625306773 -573.87798358310829 1605.4650863687075
v -240.64545272766554 -925.70292445379891 1759.7367238764073
cstype bspline
deg 1
curv 0 4 5837 5838 5839 5840 5837
parm u 0 0 1 2 3 4 4
end
usemtl Default
v -789.40200256065145 -584.41702426137635 1607.4043751362333
v -628.61194362441165 -576.30666221788852 695.49546956824361
v -397.55822617416561 -1.2799864634871483E-07 1103.8643102622373
v -564.03750505701464 -1.2799864634871483E-07 2073.6002580118939
cstype bspline
deg 1
curv 0 4 5841 5842 5843 5844 5841
parm u 0 0 1 2 3 4 4
end
usemtl Default
v -823.98335044507985 -565.89992211040226 1599.284815267295
v -663.94426536640094 -557.82743970892625 691.63500228927933
v -440.29926507516939 -1.2799864634871483E-07 1086.9095319691714
v -605.7594687160381 -1.2799864634871483E-07 2050.7094022547853
cstype bspline
deg 1
curv 0 4 5845 5846 5847 5848 5845
parm u 0 0 1 2 3 4 4
end
usemtl Default
v -270.68178429428372 -862.17355652555125 1729.1977731703137
v -98.627117494659615 -853.49499985203147 753.40247875270779
v 243.55735734086193 -1.2799864634871483E-07 1358.1859846582292
v 61.79194982835179 -1.2799864634871483E-07 2416.9630943685643
cstype bspline
deg 1
curv 0 4 5849 5850 5851 5852 5849
parm u 0 0 1 2 3 4 4
end
usemtl Default
v -305.26313217869756 -843.65645437457715 1721.0782133013781
v -133.95943923662708 -835.01577734309831 749.54201147374533
v 200.8163184398727 -1.2799864634871483E-07 1341.231206365168
v 20.069986169342883 -1.2799864634871483E-07 2394.0722386114612
cstype bspline
deg 1
curv 0 4 5853 5854 5855 5856 5853
parm u 0 0 1 2 3 4 4
end
usemtl Default
v -68.758220723131672 -884.89902871137019 699.6776093647095
v -738.708376732131 -531.50370208799723 628.12833255944588
v -699.72707661229651 -525.2748436932452 2.7303030947223306E-09
v -25.33661169197876 -877.96064920385834 2.7303030947223306E-09
cstype bspline
deg 1
curv 0 4 5857 5858 5859 5860 5857
parm u 0 0 1 2 3 4 4
end
usemtl Default
v -88.150369348768436 -920.81401019007899 720.56286483819622
v -758.10052535778232 -567.41868356673513 649.01358803294897
v -717.82309772785811 -560.98271574522369 2.7303030947223306E-09
v -43.432632807525806 -913.66852125580772 2.7303030947223306E-09
cstype bspline
deg 1
curv 0 4 5861 5862 5863 5864 5861
parm u 0 0 1 2 3 4 4
end
usemtl Default
v 342.64733307173447 -1.2799864634871483E-07 1349.1718150456327
v -491.60255058269831 -1.2799864634871483E-07 1018.2364381321486
v -738.70571580275282 -531.49877394770738 628.12546675068188
v -68.755559795834415 -884.89410057492205 699.6747435581874
cstype bspline
deg 1
curv 0 4 5865 5866 5867 5868 5865
parm u 0 0 1 2 3 4 4
end
usemtl Default
v 339.95232377696811 -1.2799864634871483E-07 1396.4245330537551
v -494.29755987746466 -1.2799864634871483E-07 1065.489156140271
v -758.10052535672003 -567.41868356478517 649.0135880318212
v -88.15036934978707 -920.81401019197074 720.56286483931217
cstype bspline
deg 1
curv 0 4 5869 5870 5871 5872 5869
parm u 0 0 1 2 3 4 4
end
usemtl Default
v -650.55664099229762 -578.0030233458674 637.53627495386263
v -610.99148912279634 -571.68087073412607 2.7303030947223306E-09
v -321.27528618604265 -1.2799864634871483E-07 2.7303030947223306E-09
v -381.83282904922817 -1.2799864634871483E-07 1061.780566673393
cstype bspline
deg 1
curv 0 4 5873 5874 5875 5876 5873
parm u 0 0 1 2 3 4 4
end
usemtl Default
v -685.81717551905604 -559.40326931304298 633.77052354280659
v -646.48572411857458 -553.11845991775044 2.7303030947223306E-09
v -366.17657231049088 -1.2799864634871483E-07 2.7303030947223306E-09
v -425.74071766261477 -1.2799864634871483E-07 1044.3629152568947
cstype bspline
deg 1
curv 0 4 5877 5878 5879 5880 5877
parm u 0 0 1 2 3 4 4
end
usemtl Default
v -121.64862309069576 -856.9993338380591 694.02254611987973
v -78.577964185686142 -850.1170329793531 2.7303030947223306E-09
v 352.24400568085548 -1.2799864634871483E-07 2.7303030947223306E-09
v 276.78550015165092 -1.2799864634871483E-07 1323.0453379208866
cstype bspline
deg 1
curv 0 4 5881 5882 5883 5884 5881
parm u 0 0 1 2 3 4 4
end
usemtl Default
v -156.90915761746146 -838.39957980520558 690.25679470882278
v -114.07219918147894 -831.55462216297747 2.7303030947223306E-09
v 307.34271955639269 -1.2799864634871483E-07 2.7303030947223306E-09
v 232.87761153826432 -1.2799864634871483E-07 1305.6276865043874
cstype bspline
deg 1
curv 0 4 5885 5886 5887 5888 5885
parm u 0 0 1 2 3 4 4
end
