# type_plates_name_top_to_side_and_side_to_side_outofplane_annen_grid_full_arch.xml
v 10864.4484729732 2121.6016944029 -3942.99888332938
v 10907.2854154007 2128.44664948713 -4633.25542008218
v 11328.6996897573 2960.00000000035 -4633.25542008218
v 11254.2346497867 2960.00000000035 -3327.62892668648
v 10864.4484729732 2121.6016944029 -3942.99888332938
cstype bspline
deg 1
curv 0 5 1 2 3 4 5
parm u 0 0 1 2 3 4
end
v 10899.7090074999 2103.00194037007 -3939.23313191832
v 10942.7796503965 2109.88423867078 -4633.25542008218
v 11373.6009758817 2960.00000000035 -4633.25542008218
v 11298.1425384001 2960.00000000035 -3310.21127526999
v 10899.7090074999 2103.00194037007 -3939.23313191832
cstype bspline
deg 1
curv 0 5 6 7 8 9 10
parm u 0 0 1 2 3 4
end
v 10335.5404550716 2400.59800489506 -3999.48515449539
v 10374.8718904636 2406.88281173236 -4633.25542008218
v 10655.1803978904 2960.00000000035 -4633.25542008218
v 10595.6163205858 2960.00000000035 -3588.89369793398
v 10335.5404550716 2400.59800489506 -3999.48515449539
cstype bspline
deg 1
curv 0 5 11 12 13 14 15
parm u 0 0 1 2 3 4
end
v 10370.8009895983 2381.99825086226 -3995.71940308434
v 10410.3661254594 2388.32040091601 -4633.25542008218
v 10700.0816840149 2960.00000000035 -4633.25542008218
v 10639.5242091992 2960.00000000035 -3571.47604651748
v 10370.8009895983 2381.99825086226 -3995.71940308434
cstype bspline
deg 1
curv 0 5 16 17 18 19 20
parm u 0 0 1 2 3 4
end
v 11361.3093620254 2960.00000000035 -3236.83208013712
v 10527.059478371 2960.00000000035 -3567.7674570506
v 10263.2571052339 2392.58259064335 -3984.24209000638
v 10933.2072612408 2039.1872640161 -3912.69281319888
v 11361.3093620254 2960.00000000035 -3236.83208013712
cstype bspline
deg 1
curv 0 5 21 22 23 24 25
parm u 0 0 1 2 3 4
end
v 11364.0043713202 2960.00000000035 -3284.08479814524
v 10529.7544876657 2960.00000000035 -3615.02017505873
v 10282.6519147879 2428.50250026042 -4005.13021128752
v 10952.6020707948 2075.10717363318 -3933.58093448001
v 11364.0043713202 2960.00000000035 -3284.08479814524
cstype bspline
deg 1
curv 0 5 26 27 28 29 30
parm u 0 0 1 2 3 4
end
v 10933.2072612419 2039.18726401808 -3912.69281320003
v 10263.2571052329 2392.58259064142 -3984.24209000526
v 10303.5345168543 2399.01855590491 -4633.25542008218
v 10977.9249817747 2046.3327503943 -4633.25542008218
v 10933.2072612419 2039.18726401808 -3912.69281320003
cstype bspline
deg 1
curv 0 5 31 32 33 34 35
parm u 0 0 1 2 3 4
end
v 10952.5994098675 2075.10224549679 -3933.5780686735
v 10282.6492538585 2428.4975721201 -4005.12734547873
v 10321.6305379699 2434.72642795686 -4633.25542008218
v 10996.0210028902 2082.04062244628 -4633.25542008218
v 10952.5994098675 2075.10224549679 -3933.5780686735
cstype bspline
deg 1
curv 0 5 36 37 38 39 40
parm u 0 0 1 2 3 4
end
v 10716.0946077433 2116.34478054085 -2912.17774822504
v 10887.3982506077 2124.98545504638 -3883.71366604104
v 11222.1735142442 2960.00000000035 -3292.02534432545
v 11041.4272499293 2960.00000000035 -2239.18470791819
v 10716.0946077433 2116.34478054085 -2912.17774822504
cstype bspline
deg 1
curv 0 5 41 42 43 44 45
parm u 0 0 1 2 3 4
end
v 10750.6759556277 2097.82767838991 -2904.05818835611
v 10922.7305723497 2106.50623253747 -3879.85319876207
v 11264.9145531452 2960.00000000035 -3275.07056603239
v 11083.1492135883 2960.00000000035 -2216.29385216108
v 10750.6759556277 2097.82767838991 -2904.05818835611
cstype bspline
deg 1
curv 0 5 46 47 48 49 50
parm u 0 0 1 2 3 4
end
v 10197.3743894769 2394.10131280503 -3033.97114625912
v 10357.4134244779 2402.17379268055 -3941.6206752255
v 10581.0579307292 2960.00000000035 -3546.34701872144
v 10415.597795044 2960.00000000035 -2582.54754427486
v 10197.3743894769 2394.10131280503 -3033.97114625912
cstype bspline
deg 1
curv 0 5 51 52 53 54 55
parm u 0 0 1 2 3 4
end
v 10231.9557373613 2375.58421065408 -3025.85158639019
v 10392.7457462199 2383.69457017162 -3937.76020794654
v 10623.7989696302 2960.00000000035 -3529.39224042838
v 10457.319758703 2960.00000000035 -2559.65668851776
v 10231.9557373613 2375.58421065408 -3025.85158639019
cstype bspline
deg 1
curv 0 5 56 57 58 59 60
parm u 0 0 1 2 3 4
end
v 11137.6839144506 2960.00000000035 -2135.07682647288
v 10344.9666049291 2960.00000000035 -2570.003085858
v 10123.6666773913 2386.12325133232 -3027.7908751577
v 10780.7122871943 2034.29831046166 -2873.51923765
v 11137.6839144506 2960.00000000035 -2135.07682647288
cstype bspline
deg 1
curv 0 5 61 62 63 64 65
parm u 0 0 1 2 3 4
end
v 11145.7321590769 2960.00000000035 -2181.95756852542
v 10353.0148495554 2960.00000000035 -2616.88382791053
v 10145.5064361455 2421.88751648591 -3046.14206984908
v 10802.5520459485 2070.06257561524 -2891.87043234138
v 11145.7321590769 2960.00000000035 -2181.95756852542
cstype bspline
deg 1
curv 0 5 66 67 68 69 70
parm u 0 0 1 2 3 4
end
v 10780.7122871952 2034.29831046305 -2873.51923765073
v 10123.6666773905 2386.12325133098 -3027.79087515701
v 10290.2353369587 2394.52508999643 -3972.47268604604
v 10961.5494500564 2043.41986232653 -3899.12380774572
v 10780.7122871952 2034.29831046305 -2873.51923765073
cstype bspline
deg 1
curv 0 5 71 72 73 74 75
parm u 0 0 1 2 3 4
end
v 10802.5455277683 2070.05190159963 -2891.86495533973
v 10145.4999179636 2421.87684246755 -3046.13659284604
v 10304.414941865 2429.89262644397 -3947.41137614395
v 10975.7290549626 2078.78739877403 -3874.06249784363
v 10802.5455277683 2070.05190159963 -2891.86495533973
cstype bspline
deg 1
curv 0 5 76 77 78 79 80
parm u 0 0 1 2 3 4
end
v 10423.3902061527 2104.98619271006 -1845.20668151784
v 10743.8815248956 2118.05469868291 -2844.63371018873
v 10988.4805857374 2960.00000000035 -2216.93759179946
v 10649.0832772725 2960.00000000035 -1135.42413076143
v 10423.3902061527 2104.98619271006 -1845.20668151784
cstype bspline
deg 1
curv 0 5 81 82 83 84 85
parm u 0 0 1 2 3 4
end
v 10456.6550894842 2086.67165310076 -1832.43138512278
v 10778.5713132813 2099.7982616777 -2836.30186839348
v 11028.4741715773 2960.00000000035 -2194.99501469176
v 10687.1825441606 2960.00000000035 -1107.44517270736
v 10456.6550894842 2086.67165310076 -1832.43138512278
cstype bspline
deg 1
curv 0 5 86 87 88 89 90
parm u 0 0 1 2 3 4
end
v 9924.41695618057 2379.70428684977 -2036.83612744376
v 10223.5346991103 2391.90125376105 -2969.6113371176
v 10388.5767981375 2960.00000000035 -2546.07624841498
v 10077.5942739524 2960.00000000035 -1555.10850157255
v 9924.41695618057 2379.70428684977 -2036.83612744376
cstype bspline
deg 1
curv 0 5 91 92 93 94 95
parm u 0 0 1 2 3 4
end
v 9957.68183951205 2361.38974724044 -2024.0608310487
v 10258.224487496 2373.64481675581 -2961.27949532234
v 10428.5703839775 2960.00000000035 -2524.13367130728
v 10115.6935408404 2960.00000000035 -1527.12954351848
v 9957.68183951205 2361.38974724044 -2024.0608310487
cstype bspline
deg 1
curv 0 5 96 97 98 99 100
parm u 0 0 1 2 3 4
end
v 10730.1069509949 2960.00000000035 -1020.14938384558
v 10006.2208801227 2960.00000000035 -1551.749586873
v 9850.77970155613 2371.12789490426 -2040.5968326842
v 10482.8124848549 2023.15164232999 -1797.86620117581
v 10730.1069509949 2960.00000000035 -1020.14938384558
cstype bspline
deg 1
curv 0 5 101 102 103 104 105
parm u 0 0 1 2 3 4
end
v 10744.3314444926 2960.00000000035 -1065.47673562625
v 10020.4453736204 2960.00000000035 -1597.07693865367
v 9874.52238099355 2407.18651362241 -2055.99042415327
v 10506.5551642923 2059.21026104814 -1813.25979264489
v 10744.3314444926 2960.00000000035 -1065.47673562625
cstype bspline
deg 1
curv 0 5 106 107 108 109 110
parm u 0 0 1 2 3 4
end
v 10482.812484854 2023.15164232859 -1797.86620117522
v 9850.77970155698 2371.12789490557 -2040.59683268476
v 10161.1864688902 2383.78518842859 -3008.57597911556
v 10820.2924482182 2036.91288532966 -2850.27098500567
v 10482.812484854 2023.15164232859 -1797.86620117522
cstype bspline
deg 1
curv 0 5 111 112 113 114 115
parm u 0 0 1 2 3 4
end
v 10506.5481916351 2059.19967149399 -1813.25527191514
v 9874.51540833805 2407.17592407094 -2055.98590342466
v 10171.5000165318 2419.28590926883 -2982.10909981049
v 10830.6059958598 2072.4136061699 -2823.80410570059
v 10506.5481916351 2059.19967149399 -1813.25527191514
cstype bspline
deg 1
curv 0 5 116 117 118 119 120
parm u 0 0 1 2 3 4
end
v 9950.31779373948 2088.21495973933 -770.394182233589
v 10447.1769799923 2106.22409029119 -1771.17732885065
v 10587.2502522214 2960.00000000035 -1125.05905558482
v 10061.5537907111 2960.00000000035 -45.3507894817785
v 9950.31779373948 2088.21495973933 -770.394182233589
cstype bspline
deg 1
curv 0 5 121 122 123 124 125
parm u 0 0 1 2 3 4
end
v 9981.51108872232 2070.23014673396 -752.823243468088
v 10480.5737087716 2088.3191428252 -1758.04458800756
v 10623.5845253283 2960.00000000035 -1098.37625598734
v 10095.0418699729 2960.00000000035 -12.8222989836731
v 9981.51108872232 2070.23014673396 -752.823243468088
cstype bspline
deg 1
curv 0 5 126 127 128 129 130
parm u 0 0 1 2 3 4
end
v 9482.41836899708 2357.98715481974 -1033.95826371607
v 9946.22604830341 2374.79830228101 -1968.168441497
v 10042.2361556177 2960.00000000035 -1525.30104954698
v 9559.23260178473 2960.00000000035 -533.278146953302
v 9482.41836899708 2357.98715481974 -1033.95826371607
cstype bspline
deg 1
curv 0 5 131 132 133 134 135
parm u 0 0 1 2 3 4
end
v 9513.6116639799 2340.00234181437 -1016.38732495057
v 9979.62277708266 2356.89335481502 -1955.03570065391
v 10078.5704287246 2960.00000000035 -1498.61824994951
v 9592.7206810465 2960.00000000035 -500.749656455205
v 9513.6116639799 2340.00234181437 -1016.38732495057
cstype bspline
deg 1
curv 0 5 136 137 138 139 140
parm u 0 0 1 2 3 4
end
v 10124.6015719714 2960.00000000035 78.4287392917959
v 9488.32806599802 2960.00000000035 -539.612580172117
v 9410.30582130968 2348.51965569955 -1048.16659630911
v 10002.9784259839 2006.80820860201 -714.318759761059
v 10124.6015719714 2960.00000000035 78.4287392917959
cstype bspline
deg 1
curv 0 5 141 142 143 144 145
parm u 0 0 1 2 3 4
end
v 10145.2739888655 2960.00000000035 35.9704367634695
v 9509.0004828921 2960.00000000035 -582.070882700445
v 9435.62950648326 2384.97283825453 -1060.30763261281
v 10028.3021111575 2043.26139115699 -726.459796064759
v 10145.2739888655 2960.00000000035 35.9704367634695
cstype bspline
deg 1
curv 0 5 146 147 148 149 150
parm u 0 0 1 2 3 4
end
v 10002.9784259824 2006.80820859977 -714.318759760311
v 9410.30582131118 2348.5196557017 -1048.16659630982
v 9890.26743114964 2365.91631763455 -2014.91432572607
v 10524.8052779556 2025.72231578079 -1765.39224970737
v 10002.9784259824 2006.80820859977 -714.318759760311
cstype bspline
deg 1
curv 0 5 151 152 153 154 155
parm u 0 0 1 2 3 4
end
v 10028.296107363 2043.25274875693 -726.456917641379
v 9435.62350269178 2384.96419585886 -1060.30475419089
v 9896.13095513453 2401.65572348001 -1987.86755276164
v 10530.6688019405 2061.46172162626 -1738.34547674293
v 10028.296107363 2043.25274875693 -726.456917641379
cstype bspline
deg 1
curv 0 5 156 157 158 159 160
parm u 0 0 1 2 3 4
end
v 9277.35753816107 2066.78027422488 276.974457808663
v 9967.05711520122 2090.14661164521 -690.229058965056
v 9994.64072053631 2960.00000000035 -47.8081310879234
v 9266.7580819788 2960.00000000035 992.271305283912
v 9277.35753816107 2066.78027422488 276.974457808663
cstype bspline
deg 1
curv 0 5 161 162 163 164 165
parm u 0 0 1 2 3 4
end
v 9305.77053971462 2049.29261375335 299.151951297617
v 9998.37097649495 2072.75722942373 -672.119600075171
v 10026.5060102232 2960.00000000035 -16.8559297180991
v 9294.96356495035 2960.00000000035 1028.45304436224
v 9305.77053971462 2049.29261375335 299.151951297617
cstype bspline
deg 1
curv 0 5 166 167 168 169 170
parm u 0 0 1 2 3 4
end
v 8851.16251485792 2329.09518129835 -55.6879445256181
v 9497.34919579547 2350.98734496778 -961.870942313291
v 9516.66137523326 2960.00000000035 -512.091151635276
v 8843.6758374055 2960.00000000035 449.545219109117
v 8851.16251485792 2329.09518129835 -55.6879445256181
cstype bspline
deg 1
curv 0 5 171 172 173 174 175
parm u 0 0 1 2 3 4
end
v 8879.57551641146 2311.60752082677 -33.5104510366637
v 9528.66305708919 2333.59796274628 -943.761483423407
v 9548.52666492014 2960.00000000035 -481.138950265448
v 8871.88132037706 2960.00000000035 485.726958187444
v 8879.57551641146 2311.60752082677 -33.5104510366637
cstype bspline
deg 1
curv 0 5 176 177 178 179 180
parm u 0 0 1 2 3 4
end
v 9310.42900215458 2960.00000000035 1121.08160428001
v 8774.52482569508 2960.00000000035 433.628561791955
v 8782.13866341484 2318.37934294125 -80.1859230717091
v 9321.98569293217 1986.11379398027 341.186453217353
v 9310.42900215458 2960.00000000035 1121.08160428001
cstype bspline
deg 1
curv 0 5 181 182 183 184 185
parm u 0 0 1 2 3 4
end
v 9337.27178940767 2960.00000000035 1082.7256529797
v 8801.36761294818 2960.00000000035 395.272610491646
v 8808.542953819 2355.33161939867 -88.9502228507627
v 9348.38998333634 2023.06607043772 332.422153438292
v 9337.27178940767 2960.00000000035 1082.7256529797
cstype bspline
deg 1
curv 0 5 186 187 188 189 190
parm u 0 0 1 2 3 4
end
v 9321.98569293265 1986.11379398094 341.186453217208
v 8782.13866341437 2318.37934294061 -80.1859230715509
v 9449.23391780301 2340.97986833521 -1015.69015933148
v 10044.1972823836 2010.58160612662 -671.610440423717
v 9321.98569293265 1986.11379398094 341.186453217208
cstype bspline
deg 1
curv 0 5 191 192 193 194 195
parm u 0 0 1 2 3 4
end
v 9348.38635901216 2023.06099826848 332.423356449752
v 8808.53932949388 2355.32654722815 -88.9490198390067
v 9450.37840385489 2377.07141830004 -989.035130648114
v 10045.3417684355 2046.67315609145 -644.955411740349
v 9348.38635901216 2023.06099826848 332.423356449752
cstype bspline
deg 1
curv 0 5 196 197 198 199 200
parm u 0 0 1 2 3 4
end
v 8399.48080237824 2041.75689949933 1259.59867284045
v 9284.35512082094 2070.63888663129 361.889272249167
v 9198.54481103544 2960.00000000035 977.557573362184
v 8267.06028111646 2960.00000000035 1940.56748854683
v 8399.48080237824 2041.75689949933 1259.59867284045
cstype bspline
deg 1
curv 0 5 201 202 203 204 205
parm u 0 0 1 2 3 4
end
v 8424.57880774366 2024.97347597565 1285.93103793561
v 9312.82355372279 2053.96547267927 384.80232183205
v 9225.40450391606 2960.00000000035 1012.01294505394
v 8289.73793647833 2960.00000000035 1979.34643563557
v 8424.57880774366 2024.97347597565 1285.93103793561
cstype bspline
deg 1
curv 0 5 206 207 208 209 210
parm u 0 0 1 2 3 4
end
v 8023.01072189686 2293.50825235472 864.613196413125
v 8857.32862729318 2320.74009591193 18.1935285059026
v 8795.64941782619 2960.00000000035 460.726997985897
v 7926.89545068845 2960.00000000035 1358.88328221577
v 8023.01072189686 2293.50825235472 864.613196413125
cstype bspline
deg 1
curv 0 5 211 212 213 214 215
parm u 0 0 1 2 3 4
end
v 8048.10872726229 2276.72482883101 890.945561508279
v 8885.79706019503 2304.06668195987 41.1065780887875
v 8822.50911070681 2960.00000000035 495.18236967765
v 7949.57310605032 2960.00000000035 1397.66222930451
v 8048.10872726229 2276.72482883101 890.945561508279
cstype bspline
deg 1
curv 0 5 216 217 218 219 220
parm u 0 0 1 2 3 4
end
v 8291.48233994795 2960.00000000035 2070.87915982323
v 7860.60688807248 2960.00000000035 1334.07916513724
v 7958.50616731188 2281.1374124721 830.634868083165
v 8435.3682692546 1962.25236552441 1330.94980489295
v 8291.48233994795 2960.00000000035 2070.87915982323
cstype bspline
deg 1
curv 0 5 221 222 223 224 225
parm u 0 0 1 2 3 4
end
v 8323.75441952113 2960.00000000035 2037.51485626867
v 7892.87896764566 2960.00000000035 1300.71486158267
v 7985.36350997243 2318.68480137881 825.115697198496
v 8462.22561191515 1999.79975443115 1325.43063400829
v 8323.75441952113 2960.00000000035 2037.51485626867
cstype bspline
deg 1
curv 0 5 226 227 228 229 230
parm u 0 0 1 2 3 4
end
v 8435.36826925364 1962.25236552311 1330.94980489315
v 7958.50616731276 2281.1374124733 830.634868082983
v 8818.15292583858 2309.19598090532 -41.4810474004707
v 9359.05315097374 1992.40111581658 393.866894674324
v 8435.36826925364 1962.25236552311 1330.94980489315
cstype bspline
deg 1
curv 0 5 231 232 233 234 235
parm u 0 0 1 2 3 4
end
v 8462.22457163036 1999.79830008111 1325.43084778632
v 7985.36246968947 2318.6833470313 825.115910976157
v 8814.62597794041 2345.75021683995 -16.1760458684166
v 9355.52620307557 2028.95535175121 419.171896206375
v 8462.22457163036 1999.79830008111 1325.43084778632
cstype bspline
deg 1
curv 0 5 236 237 238 239 240
parm u 0 0 1 2 3 4
end
v 7324.33397348035 2014.5813286617 2144.7854268081
v 8394.91483353459 2048.53256582757 1347.03633760624
v 8200.55810039404 2960.00000000035 1915.39808303283
v 7075.40318342453 2960.00000000035 2770.28244676555
v 7324.33397348035 2014.5813286617 2144.7854268081
cstype bspline
deg 1
curv 0 5 241 242 243 244 245
parm u 0 0 1 2 3 4
end
v 7345.78591924803 1998.71596959667 2174.68476785979
v 8419.94390663236 2032.78064788863 1374.27016297759
v 8222.22831370537 2960.00000000035 1952.45429726628
v 7092.67774568339 2960.00000000035 2810.67844407821
v 7345.78591924803 1998.71596959667 2174.68476785979
cstype bspline
deg 1
curv 0 5 246 247 248 249 250
parm u 0 0 1 2 3 4
end
v 7002.55478696526 2252.56171463724 1696.29531103265
v 8019.47873706784 2284.81133491144 938.528957036004
v 7875.50490072413 2960.00000000035 1359.55486953114
v 6816.2847495417 2960.00000000035 2164.34248707573
v 7002.55478696526 2252.56171463724 1696.29531103265
cstype bspline
deg 1
curv 0 5 251 252 253 254 255
parm u 0 0 1 2 3 4
end
v 7024.00673273293 2236.69635557217 1726.19465208434
v 8044.50781016561 2269.05941697248 965.76278240735
v 7897.17511403545 2960.00000000035 1396.61108376458
v 6833.55931180055 2960.00000000035 2204.73848438837
v 7024.00673273293 2236.69635557217 1726.19465208434
cstype bspline
deg 1
curv 0 5 256 257 258 259 260
parm u 0 0 1 2 3 4
end
v 7081.84572486757 2960.00000000035 2899.19015564125
v 6753.62904194931 2960.00000000035 2131.66620670078
v 6943.68987588417 2238.16458120014 1654.09376493804
v 7351.27684546842 1936.72275897031 2222.18124492415
v 7081.84572486757 2960.00000000035 2899.19015564125
cstype bspline
deg 1
curv 0 5 261 262 263 264 265
parm u 0 0 1 2 3 4
end
v 7118.58958907167 2960.00000000035 2871.27244004719
v 6790.37290615341 2960.00000000035 2103.74849110673
v 6970.37686672478 2276.35975926949 1651.44630344772
v 7377.96383630907 1974.91793703963 2219.53378343381
v 7118.58958907167 2960.00000000035 2871.27244004719
cstype bspline
deg 1
curv 0 5 266 267 268 269 270
parm u 0 0 1 2 3 4
end
v 7351.27684546624 1936.7227589672 2222.18124492437
v 6943.68987588618 2238.16458120302 1654.09376493785
v 7989.84571459133 2271.34122980342 874.545111837546
v 8465.39810344922 1972.0547889639 1391.98779389319
v 7351.27684546624 1936.7227589672 2222.18124492437
cstype bspline
deg 1
curv 0 5 271 272 273 274 275
parm u 0 0 1 2 3 4
end
v 7377.96383195683 1974.91793081068 2219.53378386558
v 6970.37686237676 2276.3597530465 1651.44630387906
v 7981.93512742115 2308.43921181982 897.67821897897
v 8457.48751627904 2009.15277098026 1415.12090103462
v 7377.96383195683 1974.91793081068 2219.53378386558
cstype bspline
deg 1
curv 0 5 276 277 278 279 280
parm u 0 0 1 2 3 4
end
v 6066.93007622228 1987.19303712208 2906.96213958031
v 7307.40872223866 2024.8708184062 2232.19141321738
v 7012.47313432881 2960.00000000035 2736.96462778228
v 5709.1695273054 2960.00000000035 3460.34794793511
v 6066.93007622228 1987.19303712208 2906.96213958031
cstype bspline
deg 1
curv 0 5 281 282 283 284 285
parm u 0 0 1 2 3 4
end
v 6084.55678107083 1972.42650382235 2939.81109173364
v 7328.62681380833 2010.21336838964 2263.08679475969
v 7029.06833130489 2960.00000000035 2775.77195166135
v 5721.36567577379 2960.00000000035 3501.59691188779
v 6084.55678107083 1972.42650382235 2939.81109173364
cstype bspline
deg 1
curv 0 5 286 287 288 289 290
parm u 0 0 1 2 3 4
end
v 5802.52950349405 2208.69103661817 2414.22785728026
v 6989.1373486936 2244.73256865505 1768.7606900827
v 6763.54517968763 2960.00000000035 2154.85476959615
v 5526.22730027944 2960.00000000035 2841.61348864469
v 5802.52950349405 2208.69103661817 2414.22785728026
cstype bspline
deg 1
curv 0 5 291 292 293 294 295
parm u 0 0 1 2 3 4
end
v 5820.1562083426 2193.92450331844 2447.07680943359
v 7010.35544026327 2230.07511863849 1799.65607162501
v 6780.14037666371 2960.00000000035 2193.66209347522
v 5538.42344874784 2960.00000000035 2882.86245259739
v 5820.1562083426 2193.92450331844 2447.07680943359
cstype bspline
deg 1
curv 0 5 296 297 298 299 300
parm u 0 0 1 2 3 4
end
v 5699.37284397454 2960.00000000035 3585.83121302178
v 5467.64602307499 2960.00000000035 2802.10089792059
v 5750.07994075228 2192.01794468082 2365.2306999241
v 6084.9873328754 1911.45381198384 2989.3607908364
v 5699.37284397454 2960.00000000035 3585.83121302178
cstype bspline
deg 1
curv 0 5 301 302 303 304 305
parm u 0 0 1 2 3 4
end
v 5739.65989847639 2960.00000000035 3563.47035781684
v 5507.93307757684 2960.00000000035 2779.74004271565
v 5776.08873290517 2230.84277618586 2364.95553241109
v 6110.9961250283 1950.27864348891 2989.0856233234
v 5739.65989847639 2960.00000000035 3563.47035781684
cstype bspline
deg 1
curv 0 5 306 307 308 309 310
parm u 0 0 1 2 3 4
end
v 6084.9873328761 1911.45381198492 2989.36079083641
v 5750.07994075166 2192.01794467989 2365.23069992411
v 6969.19179390533 2229.04673990465 1702.08265355355
v 7372.33553372908 1950.55518958945 2289.09490285747
v 6084.9873328761 1911.45381198492 2989.36079083641
cstype bspline
deg 1
curv 0 5 311 312 313 314 315
parm u 0 0 1 2 3 4
end
v 6110.99478387465 1950.27664147117 2989.08563751255
v 5776.08739175021 2230.84077416616 2364.95554660025
v 6957.31021133909 2266.71874367996 1722.41761776924
v 7360.45395116284 1988.22719336476 2309.42986707316
v 6110.99478387465 1950.27664147117 2989.08563751255
cstype bspline
deg 1
curv 0 5 316 317 318 319 320
parm u 0 0 1 2 3 4
end
v 4644.58285674706 1962.24197554737 3526.16134202206
v 6037.68022612812 2001.17165302351 2991.99088549358
v 5650.61014907636 2960.00000000035 3420.9094224005
v 4185.6022786778 2960.00000000035 3994.49624321654
v 4644.58285674706 1962.24197554737 3526.16134202206
cstype bspline
deg 1
curv 0 5 321 322 323 324 325
parm u 0 0 1 2 3 4
end
v 4658.27398446545 1948.69986311474 3561.37120356979
v 6054.89632155724 1987.7280447293 3025.84913038287
v 5662.39918499615 2960.00000000035 3460.78147864453
v 4193.06387334283 2960.00000000035 4036.0625997587
v 4658.27398446545 1948.69986311474 3561.37120356979
cstype bspline
deg 1
curv 0 5 326 327 328 329 330
parm u 0 0 1 2 3 4
end
v 4439.21594097119 2165.37366203617 2998.01341880607
v 5779.43879469127 2202.82577743617 2484.11721215425
v 5473.77461027955 2960.00000000035 2822.8285787402
v 4073.67835870238 2960.00000000035 3371.00089508422
v 4439.21594097119 2165.37366203617 2998.01341880607
cstype bspline
deg 1
curv 0 5 331 332 333 334 335
parm u 0 0 1 2 3 4
end
v 4452.90706868958 2151.83154960358 3033.22328035381
v 5796.65489012039 2189.38216914199 2517.97545704355
v 5485.56364619933 2960.00000000035 2862.70063498422
v 4081.13995336741 2960.00000000035 3412.56725162638
v 4452.90706868958 2151.83154960358 3033.22328035381
cstype bspline
deg 1
curv 0 5 336 337 338 339 340
parm u 0 0 1 2 3 4
end
v 4161.1803006727 2960.00000000035 4115.27744029932
v 4019.41000203716 2960.00000000035 3325.5166659984
v 4393.70744985599 2146.33096924413 2943.59079240481
v 4653.83887650616 1889.0308330234 3612.57816181096
v 4161.1803006727 2960.00000000035 4115.27744029932
cstype bspline
deg 1
curv 0 5 341 342 343 344 345
parm u 0 0 1 2 3 4
end
v 4204.25626534038 2960.00000000035 4098.41213457192
v 4062.48596670484 2960.00000000035 3308.651360271
v 4418.67623792696 2185.69337718212 2945.20169932678
v 4678.80766457713 1928.39324096139 3614.18906873294
v 4204.25626534038 2960.00000000035 4098.41213457192
cstype bspline
deg 1
curv 0 5 346 347 348 349 350
parm u 0 0 1 2 3 4
end
v 4653.83887650671 1889.03083302424 3612.578161811
v 4393.70744985552 2146.33096924337 2943.59079240478
v 5769.04645289841 2184.76439463461 2416.22961917735
v 6096.15226605174 1929.33583704522 3059.53627207381
v 4653.83887650671 1889.03083302424 3612.578161811
cstype bspline
deg 1
curv 0 5 351 352 353 354 355
parm u 0 0 1 2 3 4
end
v 4678.80338264934 1928.38649065423 3614.18879247655
v 4418.67195599815 2185.68662687336 2945.20142307033
v 5753.61465154759 2222.99118987742 2433.32984482033
v 6080.72046470092 1967.56263228806 3076.63649771679
v 4678.80338264934 1928.38649065423 3614.18879247655
cstype bspline
deg 1
curv 0 5 356 357 358 359 360
parm u 0 0 1 2 3 4
end
v 3074.04230409177 1943.30829676436 3984.35510810788
v 4603.40147638942 1979.87253624751 3607.03630739509
v 4131.5537135042 2960.00000000035 3950.23640809951
v 2520.00416531455 2960.00000000035 4356.64663532748
v 3074.04230409177 1943.30829676436 3984.35510810788
cstype bspline
deg 1
curv 0 5 361 362 363 364 365
parm u 0 0 1 2 3 4
end
v 3083.66912946146 1931.05765719025 4021.37994246685
v 4616.51566932739 1967.70527338781 3643.20074913188
v 4138.81040731773 2960.00000000035 3990.66132206381
v 2522.95510110351 2960.00000000035 4398.15740116591
v 3083.66912946146 1931.05765719025 4021.37994246685
cstype bspline
deg 1
curv 0 5 366 367 368 369 370
parm u 0 0 1 2 3 4
end
v 2929.6399235462 2127.06789037571 3428.98259272337
v 4406.68858231982 2162.38147914282 3064.56968134324
v 4022.70330630131 2960.00000000035 3343.86269863497
v 2475.74012848012 2960.00000000035 3733.98514775103
v 2929.6399235462 2127.06789037571 3428.98259272337
cstype bspline
deg 1
curv 0 5 371 372 373 374 375
parm u 0 0 1 2 3 4
end
v 2939.2667489159 2114.81725080163 3466.00742708234
v 4419.80277525779 2150.21421628312 3100.73412308003
v 4029.96000011484 2960.00000000035 3384.28761259927
v 2478.69106426908 2960.00000000035 3775.49591358946
v 2939.2667489159 2114.81725080163 3466.00742708234
cstype bspline
deg 1
curv 0 5 376 377 378 379 380
parm u 0 0 1 2 3 4
end
v 2482.04556619788 2960.00000000035 4471.85663873196
v 2425.97778620759 2960.00000000035 3683.15208780177
v 2891.52100137114 2105.7015479132 3370.32561895526
v 3074.43068339473 1872.93939600693 4073.79747177618
v 2482.04556619788 2960.00000000035 4471.85663873196
cstype bspline
deg 1
curv 0 5 381 382 383 384 385
parm u 0 0 1 2 3 4
end
v 2527.38150478696 2960.00000000035 4460.42354992356
v 2471.31372479667 2960.00000000035 3671.71899899337
v 2915.19344820844 2145.45529550855 3373.44953239038
v 3098.10313023203 1912.69314360229 4076.92138521131
v 2527.38150478696 2960.00000000035 4460.42354992356
cstype bspline
deg 1
curv 0 5 386 387 388 389 390
parm u 0 0 1 2 3 4
end
v 3074.43068339427 1872.93939600614 4073.79747177611
v 2891.52100137157 2105.70154791392 3370.32561895531
v 4405.66268092299 2141.90196439254 2996.76123134369
v 4654.83234674449 1910.72397005852 3683.88562434271
v 3074.43068339427 1872.93939600614 4073.79747177611
cstype bspline
deg 1
curv 0 5 391 392 393 394 395
parm u 0 0 1 2 3 4
end
v 3098.09612601967 1912.68138124867 4076.92046090664
v 2915.18644399696 2145.44353315645 3373.44860808583
v 4387.01729291286 2180.63237343234 3010.32301873805
v 4636.18695873435 1949.45437909832 3697.44741173707
v 3098.09612601967 1912.68138124867 4076.92046090664
cstype bspline
deg 1
curv 0 5 396 397 398 399 400
parm u 0 0 1 2 3 4
end
v 1344.70227902735 1934.48552491493 4264.35266636991
v 3020.95672022066 1964.77771669772 4059.21368284556
v 2470.45438718509 2960.00000000035 4308.80371172793
v 752.673556081449 2960.00000000035 4524.65215640555
v 1344.70227902735 1934.48552491493 4264.35266636991
cstype bspline
deg 1
curv 0 5 401 402 403 404 405
parm u 0 0 1 2 3 4
end
v 1349.77830501573 1923.53682748828 4302.69152539147
v 3029.8607817617 1953.89819706668 4097.08406923977
v 2473.34049571232 2960.00000000035 4349.40255352804
v 751.428907410511 2960.00000000035 4565.77005017109
v 1349.77830501573 1923.53682748828 4302.69152539147
cstype bspline
deg 1
curv 0 5 406 407 408 409 410
parm u 0 0 1 2 3 4
end
v 1268.56188920162 2098.71598631519 3689.26978104645
v 2887.3957971049 2127.97051116393 3491.15788693231
v 2427.16275927655 2960.00000000035 3699.82108472621
v 771.343286145544 2960.00000000035 3907.88374992234
v 1268.56188920162 2098.71598631519 3689.26978104645
cstype bspline
deg 1
curv 0 5 411 412 413 414 415
parm u 0 0 1 2 3 4
end
v 1273.63791518998 2087.76728888851 3727.60864006801
v 2896.29985864596 2117.09099153287 3529.02827332652
v 2430.04886780378 2960.00000000035 3740.41992652632
v 770.098637474603 2960.00000000035 3949.00164368788
v 1273.63791518998 2087.76728888851 3727.60864006801
cstype bspline
deg 1
curv 0 5 416 417 418 419 420
parm u 0 0 1 2 3 4
end
v 703.336073250481 2960.00000000035 4633.25542008766
v 726.984397998338 2960.00000000035 3852.01543854226
v 1237.79495907935 2075.1719433337 3627.42544248162
v 1334.23945285743 1867.14669222871 4355.86376389185
v 703.336073250481 2960.00000000035 4633.25542008766
cstype bspline
deg 1
curv 0 5 421 422 423 424 425
parm u 0 0 1 2 3 4
end
v 749.561934404101 2960.00000000035 4627.44689081942
v 773.210259151954 2960.00000000035 3846.20690927401
v 1260.9409590918 2115.15096929285 3631.76452236187
v 1357.38545286988 1907.12571818786 4360.2028437721
v 749.561934404101 2960.00000000035 4627.44689081942
cstype bspline
deg 1
curv 0 5 426 427 428 429 430
parm u 0 0 1 2 3 4
end
v 1334.23945285681 1867.14669222763 4355.86376389173
v 1237.79495907993 2075.17194333469 3627.42544248173
v 2895.69935459384 2105.13252489813 3424.53212621754
v 3064.8765238738 1898.42165190759 4144.06946770765
v 1334.23945285681 1867.14669222763 4355.86376389173
cstype bspline
deg 1
curv 0 5 431 432 433 434 435
parm u 0 0 1 2 3 4
end
v 1357.37839606396 1907.1135292901 4360.20152086341
v 1260.93390228707 2115.13878039716 3631.7631994534
v 2874.03970479334 2144.28979061055 3434.35230734099
v 3043.2168740733 1937.57891762003 4153.88964883109
v 1357.37839606396 1907.1135292901 4360.20152086341
cstype bspline
deg 1
curv 0 5 436 437 438 439 440
parm u 0 0 1 2 3 4
end
v -555.825327467686 1942.86072989093 4327.29870371476
v 1281.88450366295 1960.36171070684 4331.35747376921
v 708.166649710012 2960.00000000035 4473.67373705788
v -1180.51485458939 2960.00000000035 4472.0718293523
v -555.825327467686 1942.86072989093 4327.29870371476
cstype bspline
deg 1
curv 0 5 441 442 443 444 445
parm u 0 0 1 2 3 4
end
v -555.602641065481 1933.21397087234 4366.32691056428
v 1286.17571593192 1950.75369730085 4370.39466637408
v 706.94357857159 2960.00000000035 4514.07880100202
v -1186.21685274774 2960.00000000035 4512.47309444116
v -555.602641065481 1933.21397087234 4366.32691056428
cstype bspline
deg 1
curv 0 5 446 447 448 449 450
parm u 0 0 1 2 3 4
end
v -559.165623500852 2087.56211516939 3741.87560097202
v 1217.51631962855 2104.48191179667 3745.79958469616
v 726.512716786328 2960.00000000035 3867.59777789568
v -1094.98488221405 2960.00000000035 3866.05285301931
v -559.165623500852 2087.56211516939 3741.87560097202
cstype bspline
deg 1
curv 0 5 451 452 453 454 455
parm u 0 0 1 2 3 4
end
v -558.942937098662 2077.91535615083 3780.90380782154
v 1221.80753189748 2094.87389839071 3784.83677730103
v 725.289645647907 2960.00000000035 3908.00284183983
v -1100.68688037241 2960.00000000035 3906.45411810818
v -558.942937098662 2077.91535615083 3780.90380782154
cstype bspline
deg 1
curv 0 5 456 457 458 459 460
parm u 0 0 1 2 3 4
end
v -1241.63161159897 2960.00000000035 4573.03524571339
v -1133.29364659021 2960.00000000035 3805.41120902494
v -581.786981591616 2062.01938348229 3677.5983672287
v -577.555939946611 1878.73096212465 4419.13429736881
v -1241.63161159897 2960.00000000035 4573.03524571339
cstype bspline
deg 1
curv 0 5 461 462 463 464 465
parm u 0 0 1 2 3 4
end
v -1194.76984998528 2960.00000000035 4573.07499207446
v -1086.43188497651 2960.00000000035 3805.45095538602
v -559.50617413659 2102.04287144871 3683.33480196087
v -555.27513249157 1918.7544500911 4424.87073210098
v -1194.76984998528 2960.00000000035 4573.07499207446
cstype bspline
deg 1
curv 0 5 466 467 468 469 470
parm u 0 0 1 2 3 4
end
v -577.555939945138 1878.7309621273 4419.13429736919
v -581.786981592904 2062.01938347999 3677.59836722837
v 1233.79792056324 2079.30966293762 3681.60827211507
v 1315.33095367351 1896.75740822384 4423.31493160759
v -577.555939945138 1878.7309621273 4419.13429736919
cstype bspline
deg 1
curv 0 5 471 472 473 474 475
parm u 0 0 1 2 3 4
end
v -555.2811095791 1918.74371332175 4424.86919323518
v -559.512151226882 2102.0321346744 3683.33326309437
v 1211.0795012251 2118.89393190565 3687.24379578886
v 1292.61253433535 1936.34167719187 4428.95045528138
v -555.2811095791 1918.74371332175 4424.86919323518
cstype bspline
deg 1
curv 0 5 476 477 478 479 480
parm u 0 0 1 2 3 4
end
v -2317.50745916488 1970.28106859603 4166.04070923466
v -626.91396840581 1970.85762949992 4381.0703060554
v -1220.2602574368 2960.00000000035 4421.609426056
v -2913.59015234001 2960.00000000035 4206.29949652119
v -2317.50745916488 1970.28106859603 4166.04070923466
cstype bspline
deg 1
curv 0 5 481 482 483 484 485
parm u 0 0 1 2 3 4
end
v -2322.40321394092 1961.8187736393 4205.01986705984
v -627.466859178352 1962.39681563582 4420.60184048728
v -1225.88844642542 2960.00000000035 4461.48771941638
v -2923.58253344922 2960.00000000035 4245.62287503551
v -2322.40321394092 1961.8187736393 4205.01986705984
cstype bspline
deg 1
curv 0 5 486 487 488 489 490
parm u 0 0 1 2 3 4
end
v -2244.0711375243 2097.21549294668 3581.35334185683
v -618.620606817327 2097.7698374608 3788.09728957726
v -1135.83742260756 2960.00000000035 3823.43502565021
v -2763.70443570177 2960.00000000035 3616.44881880633
v -2244.0711375243 2097.21549294668 3581.35334185683
cstype bspline
deg 1
curv 0 5 491 492 493 494 495
parm u 0 0 1 2 3 4
end
v -2248.96689230031 2088.75319798995 3620.33249968202
v -619.173497589887 2089.30902359672 3827.62882400913
v -1141.46561159618 2960.00000000035 3863.31331901059
v -2773.69681681099 2960.00000000035 3655.77219732066
v -2248.96689230031 2088.75319798995 3620.33249968202
cstype bspline
deg 1
curv 0 5 496 497 498 499 500
parm u 0 0 1 2 3 4
end
v -2984.66273959695 2960.00000000035 4298.74730891472
v -2794.80749852185 2960.00000000035 3551.60311714257
v -2258.77330993529 2069.98391599325 3515.39994160384
v -2351.79265068369 1909.20031182183 4256.00394028267
v -2984.66273959695 2960.00000000035 4298.74730891472
cstype bspline
deg 1
curv 0 5 501 502 503 504 505
parm u 0 0 1 2 3 4
end
v -2938.57110511305 2960.00000000035 4304.607942807
v -2748.71586403795 2960.00000000035 3557.46375103484
v -2236.73298626371 2109.91803571963 3522.8849752934
v -2329.75232701211 1949.13443154821 4263.48897397223
v -2938.57110511305 2960.00000000035 4304.607942807
cstype bspline
deg 1
curv 0 5 506 507 508 509 510
parm u 0 0 1 2 3 4
end
v -2351.79265068544 1909.20031181865 4256.00394028207
v -2258.77330993368 2069.98391599616 3515.39994160438
v -593.851282506217 2070.55172189052 3727.16433928638
v -604.356207184974 1909.79625847339 4478.26349349204
v -2351.79265068544 1909.20031181865 4256.00394028207
cstype bspline
deg 1
curv 0 5 511 512 513 514 515
parm u 0 0 1 2 3 4
end
v -2329.75735162502 1949.12532762144 4263.48726758182
v -2236.73801087326 2109.90893179894 3522.88326890413
v -617.791270658479 2110.46105825689 3728.79998792944
v -628.296195337218 1949.70559483976 4479.8991421351
v -2329.75735162502 1949.12532762144 4263.48726758182
cstype bspline
deg 1
curv 0 5 516 517 518 519 520
parm u 0 0 1 2 3 4
end
v -3950.3954587452 2008.18321342766 3808.92163579967
v -2391.44855261095 1998.41249057636 4204.24557169079
v -2948.86526947882 2960.00000000035 4157.87223100048
v -4512.21436189737 2960.00000000035 3760.46063628438
v -3950.3954587452 2008.18321342766 3808.92163579967
cstype bspline
deg 1
curv 0 5 521 522 523 524 525
parm u 0 0 1 2 3 4
end
v -3960.34703142114 2000.79523583842 3847.1217287197
v -2397.04664725203 1990.99722749897 4243.54963682743
v -2958.76187211715 2960.00000000035 4196.81868903676
v -4526.52675855148 2960.00000000035 3798.2845761638
v -3960.34703142114 2000.79523583842 3847.1217287197
cstype bspline
deg 1
curv 0 5 526 527 528 529 530
parm u 0 0 1 2 3 4
end
v -3801.121868606 2119.00287726629 3235.92024199931
v -2307.47713299475 2109.64143673709 3614.68459464111
v -2800.41622990401 2960.00000000035 3573.67536045633
v -4297.52841208577 2960.00000000035 3193.10153809314
v -3801.121868606 2119.00287726629 3235.92024199931
cstype bspline
deg 1
curv 0 5 531 532 533 534 535
parm u 0 0 1 2 3 4
end
v -3811.07344128194 2111.61489967705 3274.12033491933
v -2313.07522763583 2102.2261736597 3653.98865977775
v -2810.31283254232 2960.00000000035 3612.62181849261
v -4311.84080873988 2960.00000000035 3230.92547797255
v -3811.07344128194 2111.61489967705 3274.12033491933
cstype bspline
deg 1
curv 0 5 536 537 538 539 540
parm u 0 0 1 2 3 4
end
v -4592.90483107614 2960.00000000035 3843.60425964231
v -4320.96929464812 2960.00000000035 3124.94940193341
v -3807.5900879453 2090.24829873952 3169.23212248197
v -3996.66996878973 1949.87672454634 3895.03388796231
v -4592.90483107614 2960.00000000035 3843.60425964231
cstype bspline
deg 1
curv 0 5 541 542 543 544 545
parm u 0 0 1 2 3 4
end
v -4547.99535353263 2960.00000000035 3855.02048598292
v -4276.05981710461 2960.00000000035 3136.36562827401
v -3786.19781907789 2130.09045048215 3178.61981715186
v -3975.27769992232 1989.71887628897 3904.4215826322
v -4547.99535353263 2960.00000000035 3855.02048598292
cstype bspline
deg 1
curv 0 5 546 547 548 549 550
parm u 0 0 1 2 3 4
end
v -3996.66996879041 1949.87672454506 3895.03388796201
v -3807.59008794469 2090.24829874065 3169.23212248224
v -2275.82516785629 2080.64793938995 3557.6631426065
v -2382.18896603681 1939.75794091969 4304.44038020276
v -3996.66996879041 1949.87672454506 3895.03388796201
cstype bspline
deg 1
curv 0 5 551 552 553 554 555
parm u 0 0 1 2 3 4
end
v -3975.28068917847 1989.713308932 3904.42027083941
v -3786.20080833275 2130.08488312762 3178.61850535964
v -2299.07999103313 2120.76433135316 3555.72849693614
v -2405.44378921364 1979.8743328829 4302.5057345324
v -3975.28068917847 1989.713308932 3904.42027083941
cstype bspline
deg 1
curv 0 5 556 557 558 559 560
parm u 0 0 1 2 3 4
end
v -5441.77445465086 2051.43125825014 3280.17264140971
v -4027.05018281227 2036.68703720131 3835.48540613672
v -4542.50783855146 2960.00000000035 3710.41812307658
v -5961.70012586841 2960.00000000035 3152.10663268546
v -5441.77445465086 2051.43125825014 3280.17264140971
cstype bspline
deg 1
curv 0 5 561 562 563 564 565
parm u 0 0 1 2 3 4
end
v -5456.84828347658 2045.14793623428 3316.82935714468
v -4037.71755890996 2030.35779124513 3873.87175887287
v -4556.70864092456 2960.00000000035 3747.94714831117
v -5980.36956641447 2960.00000000035 3187.87769174403
v -5456.84828347658 2045.14793623428 3316.82935714468
cstype bspline
deg 1
curv 0 5 566 567 568 569 570
parm u 0 0 1 2 3 4
end
v -5215.66702226499 2145.68108848788 2730.32190538512
v -3867.03954134693 2131.62572654421 3259.69011509438
v -4329.49580295504 2960.00000000035 3147.48274455774
v -5681.65851767751 2960.00000000035 2615.54074680687
v -5215.66702226499 2145.68108848788 2730.32190538512
cstype bspline
deg 1
curv 0 5 571 572 573 574 575
parm u 0 0 1 2 3 4
end
v -5230.74085109072 2139.39776647202 2766.97862112009
v -3877.70691744462 2125.29648058803 3298.07646783053
v -4343.69660532813 2960.00000000035 3185.01176979233
v -5700.32795822357 2960.00000000035 2651.31180586544
v -5230.74085109072 2139.39776647202 2766.97862112009
cstype bspline
deg 1
curv 0 5 576 577 578 579 580
parm u 0 0 1 2 3 4
end
v -6051.5089577565 2960.00000000035 3224.56484281673
v -5696.78958738136 2960.00000000035 2544.91472070385
v -5213.42698421747 2115.3251234217 2663.97466096185
v -5499.82973190664 1995.94200512127 3360.45225992622
v -6051.5089577565 2960.00000000035 3224.56484281673
cstype bspline
deg 1
curv 0 5 581 582 583 584 585
parm u 0 0 1 2 3 4
end
v -6008.37372723356 2960.00000000035 3241.53428033189
v -5653.65435685842 2960.00000000035 2561.88415821901
v -5193.05745397082 2155.10812472389 2675.33654237506
v -5479.46020165999 2035.72500642342 3371.81414133943
v -6008.37372723356 2960.00000000035 3241.53428033189
cstype bspline
deg 1
curv 0 5 586 587 588 589 590
parm u 0 0 1 2 3 4
end
v -5499.82973190682 1995.94200512089 3360.45225992612
v -5213.42698421729 2115.32512342205 2663.97466096194
v -3828.58079176362 2100.89229097081 3207.55957228441
v -4031.26093761971 1980.6366178031 3936.90027427137
v -5499.82973190682 1995.94200512089 3360.45225992612
cstype bspline
deg 1
curv 0 5 591 592 593 594 595
parm u 0 0 1 2 3 4
end
v -5479.46124112116 2035.72297628899 3371.81356154037
v -5193.05849343163 2155.10609459016 2675.33596257619
v -3851.0384772004 2141.11959547852 3202.11058599015
v -4053.71862305649 2020.86392231082 3931.45128797711
v -5479.46124112116 2035.72297628899 3371.81356154037
cstype bspline
deg 1
curv 0 5 596 597 598 599 600
parm u 0 0 1 2 3 4
end
v -6777.48368286218 2095.86171710514 2598.56547047824
v -5521.19479428415 2080.44972438953 3296.81907468584
v -5985.66259450743 2960.00000000035 3098.40176134871
v -7245.74929048332 2960.00000000035 2396.98055507124
v -6777.48368286218 2095.86171710514 2598.56547047824
cstype bspline
deg 1
curv 0 5 601 602 603 604 605
parm u 0 0 1 2 3 4
end
v -6797.73440231653 2090.79855239423 2632.80801450132
v -5537.03975667211 2075.33251040982 3333.51036738355
v -6004.20982552782 2960.00000000035 3133.9386642659
v -7268.74367486581 2960.00000000035 2430.04197143207
v -6797.73440231653 2090.79855239423 2632.80801450132
cstype bspline
deg 1
curv 0 5 606 607 608 609 610
parm u 0 0 1 2 3 4
end
v -6473.72289104696 2171.80918776887 2084.92731013207
v -5283.52035846463 2157.20793408505 2746.44968422017
v -5707.45412920152 2960.00000000035 2565.34821759093
v -6900.83352474601 2960.00000000035 1901.05930965891
v -6473.72289104696 2171.80918776887 2084.92731013207
cstype bspline
deg 1
curv 0 5 611 612 613 614 615
parm u 0 0 1 2 3 4
end
v -6493.97361050131 2166.74602305796 2119.16985415515
v -5299.36532085259 2152.09072010536 2783.14097691788
v -5726.00136022192 2960.00000000035 2600.88512050811
v -6923.8279091285 2960.00000000035 1934.12072601973
v -6493.97361050131 2166.74602305796 2119.16985415515
cstype bspline
deg 1
curv 0 5 616 617 618 619 620
parm u 0 0 1 2 3 4
end
v -7343.80645862576 2960.00000000035 2457.05032838369
v -6906.91315535849 2960.00000000035 1828.88341752806
v -6462.36497745935 2139.62990904812 2020.25815310043
v -6847.12864709141 2043.42977953976 2670.86648953916
v -7343.80645862576 2960.00000000035 2457.05032838369
cstype bspline
deg 1
curv 0 5 621 622 623 624 625
parm u 0 0 1 2 3 4
end
v -7303.23525143954 2960.00000000035 2479.6340959733
v -6866.34194817228 2960.00000000035 1851.46718511768
v -6443.34686785031 2179.40403814983 2033.56346999638
v -6828.11053748239 2083.20390864144 2684.17180643509
v -7303.23525143954 2960.00000000035 2479.6340959733
cstype bspline
deg 1
curv 0 5 626 627 628 629 630
parm u 0 0 1 2 3 4
end
v -6847.12864709117 2043.42977954028 2670.86648953932
v -6462.36497745957 2139.62990904765 2020.25815310028
v -5238.48831263707 2124.61554538136 2700.4968307544
v -5539.54259800847 2027.38847976702 3397.63139201092
v -6847.12864709117 2043.42977954028 2670.86648953932
cstype bspline
deg 1
curv 0 5 631 632 633 634 635
parm u 0 0 1 2 3 4
end
v -6828.1105862675 2083.20380661314 2684.17177230439
v -6443.3469166359 2179.40393612057 2033.56343586535
v -5259.75291488267 2164.88375505462 2691.4127451736
v -5560.80720025407 2067.65668944025 3388.54730643012
v -6828.1105862675 2083.20380661314 2684.17177230439
cstype bspline
deg 1
curv 0 5 636 637 638 639 640
parm u 0 0 1 2 3 4
end
v -7941.70977099394 2138.42374185624 1782.17641592009
v -6859.408543699 2125.72341563663 2605.20797688437
v -7261.85944019658 2960.00000000035 2339.22658277916
v -8347.13811585622 2960.00000000035 1513.31582298369
v -7941.70977099394 2138.42374185624 1782.17641592009
cstype bspline
deg 1
curv 0 5 641 642 643 644 645
parm u 0 0 1 2 3 4
end
v -7967.05075347456 2134.73128807999 1813.01593394728
v -6880.48029865045 2121.98086436352 2639.29401160103
v -7284.73658336494 2960.00000000035 2372.1194292609
v -8374.30123646236 2960.00000000035 1542.9469865802
v -7967.05075347456 2134.73128807999 1813.01593394728
cstype bspline
deg 1
curv 0 5 646 647 648 649 650
parm u 0 0 1 2 3 4
end
v -7561.59503378458 2193.81054849993 1319.58364551224
v -6543.33221942712 2181.86168473307 2093.91745613456
v -6918.70229267121 2960.00000000035 1845.83388555309
v -7939.69130676411 2960.00000000035 1068.84836903608
v -7561.59503378458 2193.81054849993 1319.58364551224
cstype bspline
deg 1
curv 0 5 651 652 653 654 655
parm u 0 0 1 2 3 4
end
v -7586.9360162652 2190.11809472367 1350.42316353944
v -6564.40397437858 2178.11913345996 2128.00349085122
v -6941.57943583956 2960.00000000035 1878.72673203483
v -7966.85442737025 2960.00000000035 1098.47953263258
v -7586.9360162652 2190.11809472367 1350.42316353944
cstype bspline
deg 1
curv 0 5 656 657 658 659 660
parm u 0 0 1 2 3 4
end
v -8452.07659128561 2960.00000000035 1559.21292209265
v -7935.97729976893 2960.00000000035 996.220813759015
v -7540.96587996273 2159.53301657122 1258.17340264824
v -8022.44454709608 2089.37639482555 1844.12424516384
v -8452.07659128561 2960.00000000035 1559.21292209265
cstype bspline
deg 1
curv 0 5 661 662 663 664 665
parm u 0 0 1 2 3 4
end
v -8415.04591737157 2960.00000000035 1587.39373197496
v -7898.9466258549 2960.00000000035 1024.40162364132
v -7523.58392291123 2199.3499644532 1273.32412784838
v -8005.06259004458 2129.19334270753 1859.27497036399
v -8415.04591737157 2960.00000000035 1587.39373197496
cstype bspline
deg 1
curv 0 5 666 667 668 669 670
parm u 0 0 1 2 3 4
end
v -8022.44454709675 2089.37639482401 1844.12424516326
v -7540.9658799621 2159.53301657265 1258.17340264878
v -6492.30914221311 2147.2274935575 2055.62014854447
v -6892.67248629082 2076.11901936863 2703.2548081609
v -8022.44454709675 2089.37639482401 1844.12424516326
cstype bspline
deg 1
curv 0 5 671 672 673 674 675
parm u 0 0 1 2 3 4
end
v -8005.0629075486 2129.19261539925 1859.27469361632
v -7523.58424041395 2199.34923714789 1273.32385110184
v -6511.72458699994 2187.4755116427 2042.78840405958
v -6912.08793107764 2116.36703745386 2690.42306367601
v -8005.0629075486 2129.19261539925 1859.27469361632
cstype bspline
deg 1
curv 0 5 676 677 678 679 680
parm u 0 0 1 2 3 4
end
v -8918.44127345808 2176.72084793792 852.959658279042
v -8024.6142076089 2169.15615703314 1777.43661395426
v -8354.45406666508 2960.00000000035 1452.7204082288
v -9250.61710209013 2960.00000000035 525.669214526504
v -8918.44127345808 2176.72084793792 852.959658279042
cstype bspline
deg 1
curv 0 5 681 682 683 684 685
parm u 0 0 1 2 3 4
end
v -8948.50250848154 2174.51074872917 879.373931746271
v -8050.76043210209 2166.91292407212 1807.90014611453
v -8381.53588375379 2960.00000000035 1482.26288106474
v -9281.61560390296 2960.00000000035 551.160005798567
v -8948.50250848154 2174.51074872917 879.373931746271
cstype bspline
deg 1
curv 0 5 686 687 688 689 690
parm u 0 0 1 2 3 4
end
v -8467.52274810617 2209.87233606953 456.74555627058
v -7632.42084021113 2202.80465144842 1320.48363155018
v -7948.2268103345 2960.00000000035 1009.5833156898
v -8785.63957489768 2960.00000000035 143.307345445572
v -8467.52274810617 2209.87233606953 456.74555627058
cstype bspline
deg 1
curv 0 5 691 692 693 694 695
parm u 0 0 1 2 3 4
end
v -8497.58398312963 2207.66223686075 483.15982973781
v -7658.56706470431 2200.5614184874 1350.94716371045
v -7975.30862742321 2960.00000000035 1039.12578852573
v -8816.63807671051 2960.00000000035 168.798136717633
v -8497.58398312963 2207.66223686075 483.15982973781
cstype bspline
deg 1
curv 0 5 696 697 698 699 700
parm u 0 0 1 2 3 4
end
v -9360.52656192299 2960.00000000035 555.865797591037
v -8771.55502747923 2960.00000000035 71.5407634218554
v -8437.92507293691 2173.29198162124 400.263946926731
v -9009.08853838499 2131.3000966601 902.135142801817
v -9360.52656192299 2960.00000000035 555.865797591037
cstype bspline
deg 1
curv 0 5 701 702 703 704 705
parm u 0 0 1 2 3 4
end
v -9328.1133566222 2960.00000000035 589.396192706659
v -8739.14182217844 2960.00000000035 105.071158537477
v -8422.43256685816 2213.19142582081 417.122499362544
v -8993.59603230625 2171.19954085967 918.99369523763
v -9328.1133566222 2960.00000000035 589.396192706659
cstype bspline
deg 1
curv 0 5 706 707 708 709 710
parm u 0 0 1 2 3 4
end
v -9009.08853838609 2131.30009665721 902.135142800618
v -8437.92507293587 2173.29198162389 400.263946927853
v -7576.44832717917 2166.00107989099 1291.281269776
v -8073.2265925497 2123.37965363162 1870.08838082117
v -9009.08853838609 2131.30009665721 902.135142800618
cstype bspline
deg 1
curv 0 5 711 712 713 714 715
parm u 0 0 1 2 3 4
end
v -8993.59755204408 2171.1956269225 918.992041497437
v -8422.43408659387 2213.18751188915 417.120845624671
v -7593.20150347134 2206.16950088996 1274.78833330977
v -8089.97976884187 2163.54807463061 1853.59544435494
v -8993.59755204408 2171.1956269225 918.992041497437
cstype bspline
deg 1
curv 0 5 716 717 718 719 720
parm u 0 0 1 2 3 4
end
v -9695.72811182293 2208.95067638249 -160.068857484772
v -8998.97057107731 2207.70059093621 835.247787392134
v -9249.4945392765 2960.00000000035 464.561574861627
v -9948.23323354299 2960.00000000035 -533.563778621209
v -9695.72811182293 2208.95067638249 -160.068857484772
cstype bspline
deg 1
curv 0 5 721 722 723 724 725
parm u 0 0 1 2 3 4
end
v -9729.77545539913 2208.20708601628 -138.940036475963
v -9029.71082201054 2206.95106715968 861.100783111951
v -9280.48438986181 2960.00000000035 490.045252027454
v -9982.5305745162 2960.00000000035 -512.804743212962
v -9729.77545539913 2208.20708601628 -138.940036475963
cstype bspline
deg 1
curv 0 5 726 727 728 729 730
parm u 0 0 1 2 3 4
end
v -9185.01795817989 2220.10453187567 -477.00117261691
v -8537.86680707877 2218.94344758417 447.452851594877
v -8784.6467804969 2960.00000000035 82.3064173742205
v -9433.77311894482 2960.00000000035 -844.949309744923
v -9185.01795817989 2220.10453187567 -477.00117261691
cstype bspline
deg 1
curv 0 5 731 732 733 734 735
parm u 0 0 1 2 3 4
end
v -9219.06530175609 2219.36094150943 -455.872351608102
v -8568.60705801201 2218.19392380762 473.305847314692
v -8815.6366310822 2960.00000000035 107.790094540045
v -9468.07045991803 2960.00000000035 -824.190274336678
v -9219.06530175609 2219.36094150943 -455.872351608102
cstype bspline
deg 1
curv 0 5 736 737 738 739 740
parm u 0 0 1 2 3 4
end
v -10060.7821489459 2960.00000000035 -519.957059397157
v -9409.13267045488 2960.00000000035 -914.378732153862
v -9147.30745199289 2181.2290511482 -527.097917195177
v -9794.20697994152 2167.10083419259 -125.650318028966
v -10060.7821489459 2960.00000000035 -519.957059397157
cstype bspline
deg 1
curv 0 5 741 742 743 744 745
parm u 0 0 1 2 3 4
end
v -10033.976585976 2960.00000000035 -481.66619010059
v -9382.32710748501 2960.00000000035 -876.087862857295
v -9133.94983974121 2221.22853401868 -508.69868914027
v -9780.84936768984 2207.10031706304 -107.251089974074
v -10033.976585976 2960.00000000035 -481.66619010059
cstype bspline
deg 1
curv 0 5 746 747 748 749 750
parm u 0 0 1 2 3 4
end
v -9794.20697994195 2167.10083419131 -125.650318029551
v -9147.30745199254 2181.2290511493 -527.097917194671
v -8478.42308406218 2180.02897427219 428.401960404946
v -9062.48785179365 2165.78802251813 919.608879081472
v -9794.20697994195 2167.10083419131 -125.650318029551
cstype bspline
deg 1
curv 0 5 751 752 753 754 755
parm u 0 0 1 2 3 4
end
v -9780.85224169815 2207.09171082088 -107.255048730556
v -9133.95271374873 2221.21992777885 -508.702647895676
v -8491.75643067892 2220.06773324893 408.673358015152
v -9075.82119841039 2205.82678149489 899.880276691676
v -9780.85224169815 2207.09171082088 -107.255048730556
cstype bspline
deg 1
curv 0 5 756 757 758 759 760
parm u 0 0 1 2 3 4
end
v -10271.493896191 2233.87780161921 -1221.27220903166
v -9769.16795093226 2238.74855142011 -191.015608679463
v -9940.48014925072 2960.00000000035 -592.771843298498
v -10444.4964754221 2960.00000000035 -1626.83608732391
v -10271.493896191 2233.87780161921 -1221.27220903166
cstype bspline
deg 1
curv 0 5 761 762 763 764 765
parm u 0 0 1 2 3 4
end
v -10308.4976737729 2234.39755450372 -1205.88938045193
v -9803.67454492254 2239.29251797823 -170.511125720023
v -9974.8575398861 2960.00000000035 -571.964356502352
v -10481.3764190409 2960.00000000035 -1611.16295912785
v -10308.4976737729 2234.39755450372 -1205.88938045193
cstype bspline
deg 1
curv 0 5 766 767 768 769 770
parm u 0 0 1 2 3 4
end
v -9716.43723246214 2226.0815083514 -1452.01463772761
v -9251.56904107798 2230.58905304826 -498.582853071095
v -9424.81928971995 2960.00000000035 -904.884145240733
v -9891.29732114109 2960.00000000035 -1861.93301026481
v -9716.43723246214 2226.0815083514 -1452.01463772761
cstype bspline
deg 1
curv 0 5 771 772 773 774 775
parm u 0 0 1 2 3 4
end
v -9753.44101004406 2226.60126123592 -1436.63180914788
v -9286.07563506826 2231.13301960638 -478.078370111653
v -9459.19668035534 2960.00000000035 -884.076658444586
v -9928.17726475982 2960.00000000035 -1846.25988206875
v -9753.44101004406 2226.60126123592 -1436.63180914788
cstype bspline
deg 1
curv 0 5 776 777 778 779 780
parm u 0 0 1 2 3 4
end
v -10557.2273389113 2960.00000000035 -1629.77566740963
v -9856.50841015534 2960.00000000035 -1927.56510313477
v -9671.91245318474 2185.21835984522 -1494.82327605457
v -10374.9842272415 2195.09366465171 -1202.54953304007
v -10557.2273389113 2960.00000000035 -1629.77566740963
cstype bspline
deg 1
curv 0 5 781 782 783 784 785
parm u 0 0 1 2 3 4
end
v -10536.696334469 2960.00000000035 -1587.65326683376
v -9835.97740571299 2960.00000000035 -1885.4427025589
v -9660.93463781894 2225.31477161351 -1475.09608154539
v -10364.0064118757 2235.19007642 -1182.8223385309
v -10536.696334469 2960.00000000035 -1587.65326683376
cstype bspline
deg 1
curv 0 5 786 787 788 789 790
parm u 0 0 1 2 3 4
end
v -10374.9842272416 2195.09366465136 -1202.54953304024
v -9671.91245318466 2185.21835984552 -1494.82327605442
v -9190.33559034328 2189.88791838803 -507.122469034249
v -9845.9608761587 2200.22328299237 -117.537292804851
v -10374.9842272416 2195.09366465136 -1202.54953304024
cstype bspline
deg 1
curv 0 5 791 792 793 794 795
parm u 0 0 1 2 3 4
end
v -10364.0099592514 2235.17711964904 -1182.82871318463
v -9660.93818519454 2225.30181484317 -1475.10245619881
v -9199.80915009255 2229.77310321108 -529.339577510259
v -9855.43443590797 2240.10846781541 -139.75440128086
v -10364.0099592514 2235.17711964904 -1182.82871318463
cstype bspline
deg 1
curv 0 5 796 797 798 799 800
parm u 0 0 1 2 3 4
end
v -10657.522284323 2251.25511832084 -2293.37223006015
v -10333.5659394232 2260.94665776045 -1263.60030289202
v -10432.5761424083 2960.00000000035 -1682.74956028705
v -10757.7073350968 2960.00000000035 -2717.70282377097
v -10657.522284323 2251.25511832084 -2293.37223006015
cstype bspline
deg 1
curv 0 5 801 802 803 804 805
parm u 0 0 1 2 3 4
end
v -10696.3753258619 2252.67568027865 -2283.66479094038
v -10370.7998227841 2262.41565876134 -1248.74598622669
v -10469.6019642688 2960.00000000035 -1667.0144371919
v -10796.3595722622 2960.00000000035 -2707.14488411912
v -10696.3753258619 2252.67568027865 -2283.66479094038
cstype bspline
deg 1
curv 0 5 806 807 808 809 810
parm u 0 0 1 2 3 4
end
v -10074.7266612402 2229.94668895326 -2438.98381685671
v -9775.05768900976 2238.91164274697 -1486.41505287189
v -9877.18881450166 2960.00000000035 -1918.77640671438
v -10177.9237776151 2960.00000000035 -2876.07191854862
v -10074.7266612402 2229.94668895326 -2438.98381685671
cstype bspline
deg 1
curv 0 5 811 812 813 814 815
parm u 0 0 1 2 3 4
end
v -10113.579702779 2231.36725091111 -2429.27637773694
v -9812.29157237066 2240.38064374786 -1471.56073620656
v -9914.21463636211 2960.00000000035 -1903.04128361922
v -10216.5760147806 2960.00000000035 -2865.51397889677
v -10113.579702779 2231.36725091111 -2429.27637773694
cstype bspline
deg 1
curv 0 5 816 817 818 819 820
parm u 0 0 1 2 3 4
end
v -10868.4207605559 2960.00000000035 -2736.13625882274
v -10134.0282544125 2960.00000000035 -2936.73711220776
v -10024.8525288976 2187.65186956892 -2474.3268017999
v -10763.0603181353 2214.64254676437 -2289.88545852219
v -10868.4207605559 2960.00000000035 -2736.13625882274
cstype bspline
deg 1
curv 0 5 821 822 823 824 825
parm u 0 0 1 2 3 4
end
v -10854.3379280104 2960.00000000035 -2691.30797464136
v -10119.945421867 2960.00000000035 -2891.90882802638
v -10016.4492220443 2227.83086567282 -2453.55396791128
v -10754.657011282 2254.82154286827 -2269.11262463358
v -10854.3379280104 2960.00000000035 -2691.30797464136
cstype bspline
deg 1
curv 0 5 826 827 828 829 830
parm u 0 0 1 2 3 4
end
v -10763.060318135 2214.64254676615 -2289.88545852126
v -10024.8525288979 2187.65186956723 -2474.32680180076
v -9713.57771852495 2196.9640258154 -1484.86613401891
v -10421.021502382 2224.87504483247 -1202.63411737774
v -10763.060318135 2214.64254676615 -2289.88545852126
cstype bspline
deg 1
curv 0 5 831 832 833 834 835
parm u 0 0 1 2 3 4
end
v -10754.66018574 2254.8063647323 -2269.1204718405
v -10016.452396503 2227.81568753338 -2453.56181512
v -9719.20686396842 2236.70814124562 -1508.69652786988
v -10426.6506478255 2264.61916026269 -1226.4645112287
v -10754.66018574 2254.8063647323 -2269.1204718405
cstype bspline
deg 1
curv 0 5 836 837 838 839 840
parm u 0 0 1 2 3 4
end
v -10878.4748719923 2261.61099493157 -3345.27317732537
v -10706.1346506989 2274.68354674854 -2343.70007466698
v -10743.5086850546 2960.00000000035 -2770.25625423943
v -10916.2488664691 2960.00000000035 -3778.13999796591
v -10878.4748719923 2261.61099493157 -3345.27317732537
cstype bspline
deg 1
curv 0 5 841 842 843 844 845
parm u 0 0 1 2 3 4
end
v -10918.2538207036 2263.52868397447 -3340.85136641282
v -10745.0622005297 2276.66581709404 -2334.3302706976
v -10782.3281308997 2960.00000000035 -2759.65264118602
v -10955.9240925061 2960.00000000035 -3772.52958878942
v -10918.2538207036 2263.52868397447 -3340.85136641282
cstype bspline
deg 1
curv 0 5 846 847 848 849 850
parm u 0 0 1 2 3 4
end
v -10281.7906413231 2232.84565928802 -3411.60034101359
v -10122.2214032377 2244.94949156587 -2484.24713420765
v -10161.2169973774 2960.00000000035 -2929.3104500406
v -10321.1204759146 2960.00000000035 -3862.2961356132
v -10281.7906413231 2232.84565928802 -3411.60034101359
cstype bspline
deg 1
curv 0 5 851 852 853 854 855
parm u 0 0 1 2 3 4
end
v -10321.5695900344 2234.76334833095 -3407.17853010104
v -10161.1489530684 2246.93176191143 -2474.87733023827
v -10200.0364432225 2960.00000000035 -2918.70683698719
v -10360.7957019516 2960.00000000035 -3856.68572643672
v -10321.5695900344 2234.76334833095 -3407.17853010104
cstype bspline
deg 1
curv 0 5 856 857 858 859 860
parm u 0 0 1 2 3 4
end
v -11023.3952475655 2960.00000000035 -3810.54820510458
v -10269.5659528631 2960.00000000035 -3917.14597945781
v -10227.9042861177 2189.73330221427 -3439.72881782438
v -10983.7043116323 2226.1693940344 -3355.71441048902
v -11023.3952475655 2960.00000000035 -3810.54820510458
cstype bspline
deg 1
curv 0 5 861 862 863 864 865
parm u 0 0 1 2 3 4
end
v -11015.4369315616 2960.00000000035 -3764.1139750247
v -10261.6076368591 2960.00000000035 -3870.71174937793
v -10222.1230975484 2229.98538262211 -3418.24313353179
v -10977.923123063 2266.42147444221 -3334.22872619644
v -11015.4369315616 2960.00000000035 -3764.1139750247
cstype bspline
deg 1
curv 0 5 866 867 868 869 870
parm u 0 0 1 2 3 4
end
v -10983.7043116326 2226.16939403181 -3355.7144104904
v -10227.9042861173 2189.73330221677 -3439.72881782304
v -10061.6686598593 2202.34280115887 -2473.63320349637
v -10801.2921066435 2240.00593772353 -2295.60692807819
v -10983.7043116326 2226.16939403181 -3355.7144104904
cstype bspline
deg 1
curv 0 5 871 872 873 874 875
parm u 0 0 1 2 3 4
end
v -10977.9254933563 2266.40497104742 -3334.23753534931
v -10222.125467841 2229.96887923239 -3418.25194268195
v -10063.8300784916 2241.97608604765 -2498.30184016172
v -10803.4535252758 2279.63922261228 -2320.27556474354
v -10977.9254933563 2266.40497104742 -3334.23753534931
cstype bspline
deg 1
curv 0 5 876 877 878 879 880
parm u 0 0 1 2 3 4
end
v -10975.570311364 2264.48418814462 -4593.25542008218
v -10908.2955146047 2283.32875550253 -3402.24283079326
v -10906.517237247 2960.00000000035 -3827.075734425
v -10949.3379609809 2960.00000000035 -4593.25542008218
v -10975.570311364 2264.48418814462 -4593.25542008218
cstype bspline
deg 1
curv 0 5 881 882 883 884 885
parm u 0 0 1 2 3 4
end
v -11015.5816972048 2266.59023089404 -4593.25542008218
v -10948.0662629341 2285.50220402665 -3397.98265730739
v -10946.2936973521 2960.00000000035 -3821.45100990362
v -10989.4287791658 2960.00000000035 -4593.25542008218
v -11015.5816972048 2266.59023089404 -4593.25542008218
cstype bspline
deg 1
curv 0 5 886 887 888 889 890
parm u 0 0 1 2 3 4
end
v -10375.3995237528 2232.89354690321 -4593.25542008218
v -10311.7342896631 2250.72702764123 -3466.14543308123
v -10309.8703356716 2960.00000000035 -3911.44660224568
v -10347.9756882076 2960.00000000035 -4593.25542008218
v -10375.3995237528 2232.89354690321 -4593.25542008218
cstype bspline
deg 1
curv 0 5 891 892 893 894 895
parm u 0 0 1 2 3 4
end
v -10415.4109095936 2234.99958965264 -4593.25542008218
v -10351.5050379925 2252.90047616532 -3461.88525959537
v -10349.6467957766 2960.00000000035 -3905.82187772431
v -10388.0665063925 2960.00000000035 -4593.25542008218
v -10415.4109095936 2234.99958965264 -4593.25542008218
cstype bspline
deg 1
curv 0 5 896 897 898 899 900
parm u 0 0 1 2 3 4
end
v -11051.8005511612 2960.00000000035 -4633.25542008218
v -10290.0750056483 2960.00000000035 -4633.25542008218
v -10319.1498767738 2189.11853874559 -4633.25542008218
v -11079.3662077484 2229.13335097468 -4633.25542008218
v -11051.8005511612 2960.00000000035 -4633.25542008218
cstype bspline
deg 1
curv 0 5 901 902 903 904 905
parm u 0 0 1 2 3 4
end
v -11049.5650064432 2960.00000000035 -4593.25542008218
v -10287.8394609303 2960.00000000035 -4593.25542008218
v -10315.3790673186 2229.82403727926 -4593.25542008218
v -11075.5953982932 2269.83884950835 -4593.25542008218
v -11049.5650064432 2960.00000000035 -4593.25542008218
cstype bspline
deg 1
curv 0 5 906 907 908 909 910
parm u 0 0 1 2 3 4
end
v -11079.3662077479 2229.13335097997 -4633.255420077
v -10319.1498767743 2189.11853874067 -4633.25542008702
v -10252.1822082509 2207.87707538562 -3447.68013589879
v -11007.8264265102 2249.17259734331 -3366.73683966735
v -11079.3662077479 2229.13335097997 -4633.255420077
cstype bspline
deg 1
curv 0 5 911 912 913 914 915
parm u 0 0 1 2 3 4
end
v -11075.6038253198 2269.74788062685 -4593.34481231152
v -10315.3874943462 2229.73306838758 -4593.34481232154
v -10252.0781671689 2247.4668548551 -3472.53569331003
v -11007.7223854283 2288.76237681275 -3391.59239707859
v -11075.6038253198 2269.74788062685 -4593.34481231152
cstype bspline
deg 1
curv 0 5 916 917 918 919 920
parm u 0 0 1 2 3 4
end
v -11027.6076023785 1541.37450132208 -4633.25542008218
v -10989.848092855 1527.66042437582 -3943.50324763944
v -10912.6050450688 2242.42199048138 -3459.23388354106
v -10979.807662464 2223.89297881996 -4633.25542008218
v -11027.6076023785 1541.37450132208 -4633.25542008218
cstype bspline
deg 1
curv 0 5 921 922 923 924 925
parm u 0 0 1 2 3 4
end
v -11067.6185900385 1543.51360424294 -4633.25542008218
v -11029.6220487898 1529.71343848467 -3939.1733940626
v -10952.3657325939 2244.59778262157 -3454.82084468679
v -11019.82095844 2225.99912211145 -4633.25542008218
v -11067.6185900385 1543.51360424294 -4633.25542008218
cstype bspline
deg 1
curv 0 5 926 927 928 929 930
parm u 0 0 1 2 3 4
end
v -10427.4427874783 1509.28795750902 -4633.25542008218
v -10393.2387538322 1496.86521274317 -4008.45105129216
v -10316.1947321925 2209.78510837851 -3525.42946635508
v -10379.6082228242 2192.30082944792 -4633.25542008218
v -10427.4427874783 1509.28795750902 -4633.25542008218
cstype bspline
deg 1
curv 0 5 931 932 933 934 935
parm u 0 0 1 2 3 4
end
v -10467.4537751383 1511.42706042988 -4633.25542008218
v -10433.0127097671 1498.91822685202 -4004.12119771531
v -10355.9554197176 2211.96090051872 -3521.01642750081
v -10419.6215188002 2194.40697273938 -4633.25542008218
v -10467.4537751383 1511.42706042988 -4633.25542008218
cstype bspline
deg 1
curv 0 5 936 937 938 939 940
parm u 0 0 1 2 3 4
end
v -11130.4303937825 1506.80883839153 -4633.25542008218
v -10370.2216282422 1466.16588289497 -4633.25542008218
v -10335.2203218713 1453.45357241089 -3993.88728706627
v -11090.9254846339 1492.46084047906 -3911.62006911307
v -11130.4303937825 1506.80883839153 -4633.25542008218
cstype bspline
deg 1
curv 0 5 941 942 943 944 945
parm u 0 0 1 2 3 4
end
v -11127.6350715285 1546.72225862424 -4633.25542008218
v -10367.4263059882 1506.07930312771 -4633.25542008218
v -10333.5782183214 1493.7858362738 -4014.95310906521
v -11089.2833810839 1532.79310434195 -3932.68589111201
v -11127.6350715285 1546.72225862424 -4633.25542008218
cstype bspline
deg 1
curv 0 5 946 947 948 949 950
parm u 0 0 1 2 3 4
end
v -11090.925484634 1492.46084047609 -3911.62006911152
v -10335.2203218712 1453.45357241377 -3993.88728706775
v -10253.7541641886 2207.29330451551 -3483.14145935621
v -11009.2072271653 2248.63335517913 -3399.29372112511
v -11090.925484634 1492.46084047609 -3911.62006911152
cstype bspline
deg 1
curv 0 5 951 952 953 954 955
parm u 0 0 1 2 3 4
end
v -11089.2836313579 1532.7869572778 -3932.68268045762
v -10333.5784685951 1493.7796892155 -4014.94989841388
v -10256.5537009049 2206.52142016825 -3532.04902463648
v -11012.0067638816 2247.86147083185 -3448.20128640539
v -11089.2836313579 1532.7869572778 -3932.68268045762
cstype bspline
deg 1
curv 0 5 956 957 958 959 960
parm u 0 0 1 2 3 4
end
v -11006.6627210944 1540.27300758465 -3885.03803474852
v -10843.7616056993 1517.31899567376 -2933.74047163888
v -10717.7388504994 2233.95224638871 -2401.60256731259
v -10895.1302862733 2220.61488250617 -3426.88179477812
v -11006.6627210944 1540.27300758465 -3885.03803474852
cstype bspline
deg 1
curv 0 5 961 962 963 964 965
parm u 0 0 1 2 3 4
end
v -11046.4996782876 1542.04119786422 -3880.89878906967
v -10882.6694128828 1518.95626161716 -2924.17524629217
v -10756.5849649407 2235.94033048669 -2391.77684102289
v -10934.9431103486 2222.53028351153 -3422.64341436258
v -11046.4996782876 1542.04119786422 -3880.89878906967
cstype bspline
deg 1
curv 0 5 966 967 968 969 970
parm u 0 0 1 2 3 4
end
v -10409.108363196 1513.75015339151 -3947.12671993136
v -10260.1444979465 1492.76000652276 -3077.21885183953
v -10135.0471338803 2204.13098491877 -2548.98846165802
v -10297.9379251434 2191.88386742567 -3490.45750101125
v -10409.108363196 1513.75015339151 -3947.12671993136
cstype bspline
deg 1
curv 0 5 971 972 973 974 975
parm u 0 0 1 2 3 4
end
v -10448.9453203892 1515.51834367108 -3942.9874742525
v -10299.0523051301 1494.39727246616 -3067.65362649282
v -10173.8932483216 2206.11906901677 -2539.16273536833
v -10337.7507492187 2193.79926843106 -3486.2191205957
v -10448.9453203892 1515.51834367108 -3942.9874742525
cstype bspline
deg 1
curv 0 5 976 977 978 979 980
parm u 0 0 1 2 3 4
end
v -11112.7011865907 1505.37278642505 -3901.16928818953
v -10355.7989999193 1471.77717111376 -3979.8149560878
v -10200.3390959996 1449.87168275917 -3071.97201467283
v -10939.5874324856 1480.97973568362 -2890.23273308059
v -11112.7011865907 1505.37278642505 -3901.16928818953
cstype bspline
deg 1
curv 0 5 981 982 983 984 985
parm u 0 0 1 2 3 4
end
v -11106.2551140775 1544.69348328351 -3874.68992055138
v -10349.3529274061 1511.09786797222 -3953.33558844964
v -10201.7861587048 1490.3045826825 -3091.58637868506
v -10941.0344951908 1521.41263560698 -2909.84709709282
v -11106.2551140775 1544.69348328351 -3874.68992055138
cstype bspline
deg 1
curv 0 5 986 987 988 989 990
parm u 0 0 1 2 3 4
end
v -10939.5874324856 1480.97973568566 -2890.23273308158
v -10200.3390959995 1449.87168275722 -3071.9720146719
v -10068.109458367 2201.80060945905 -2513.62521335025
v -10806.1856327513 2239.57420732095 -2326.93641384603
v -10939.5874324856 1480.97973568566 -2890.23273308158
cstype bspline
deg 1
curv 0 5 991 992 993 994 995
parm u 0 0 1 2 3 4
end
v -10941.0339109311 1521.39631059684 -2909.83917768332
v -10201.785574445 1490.28825766841 -3091.57845927365
v -10076.7779622184 2201.14885877175 -2563.72705109257
v -10814.8541366026 2238.92245663368 -2377.03825158835
v -10941.0339109311 1521.39631059684 -2909.83917768332
cstype bspline
deg 1
curv 0 5 996 997 998 999 1000
parm u 0 0 1 2 3 4
end
v -10863.6832801728 1529.23753989476 -2868.76011188703
v -10554.6744084427 1501.25740538709 -1891.40743773009
v -10351.3087397875 2220.42200329632 -1318.25819530021
v -10686.635006748 2210.56760734192 -2375.02859974261
v -10863.6832801728 1529.23753989476 -2868.76011188703
cstype bspline
deg 1
curv 0 5 1001 1002 1003 1004 1005
parm u 0 0 1 2 3 4
end
v -10902.7770015881 1530.12241750112 -2859.74215580163
v -10591.8371861255 1501.96743990542 -1876.28217148884
v -10388.2546426421 2221.89897502513 -1302.52170670113
v -10725.5902125804 2211.98553070775 -2365.62436760475
v -10902.7770015881 1530.12241750112 -2859.74215580163
cstype bspline
deg 1
curv 0 5 1006 1007 1008 1009 1010
parm u 0 0 1 2 3 4
end
v -10277.277458944 1515.96437579964 -3004.02945316803
v -9997.23274320076 1490.60688761238 -2118.28643134888
v -9797.12019696882 2198.26742736387 -1554.30552428637
v -10102.3069192612 2189.29875685452 -2516.09208181044
v -10277.277458944 1515.96437579964 -3004.02945316803
cstype bspline
deg 1
curv 0 5 1011 1012 1013 1014 1015
parm u 0 0 1 2 3 4
end
v -10316.3711803592 1516.84925340599 -2995.01149708263
v -10034.3955208836 1491.3169221307 -2103.16116510762
v -9834.0660998234 2199.74439909268 -1538.56903568729
v -10141.2621250936 2190.71668022036 -2506.68784967258
v -10316.3711803592 1516.84925340599 -2995.01149708263
cstype bspline
deg 1
curv 0 5 1016 1017 1018 1019 1020
parm u 0 0 1 2 3 4
end
v -10971.5980645244 1492.27246578442 -2874.60535555696
v -10228.8173576345 1475.45979126394 -3045.94652117956
v -9937.07959788899 1449.04352135898 -2123.22000513032
v -10643.1723738633 1462.53417720707 -1835.83994655032
v -10971.5980645244 1492.27246578442 -2874.60535555696
cstype bspline
deg 1
curv 0 5 1021 1022 1023 1024 1025
parm u 0 0 1 2 3 4
end
v -10961.417583711 1531.44973391062 -2846.21522167353
v -10218.6368768211 1514.63705939014 -3017.55638729613
v -9941.4949733631 1489.54241504209 -2140.99456255282
v -10647.5877493374 1503.03307089015 -1853.61450397283
v -10961.417583711 1531.44973391062 -2846.21522167353
cstype bspline
deg 1
curv 0 5 1026 1027 1028 1029 1030
parm u 0 0 1 2 3 4
end
v -10643.1723738632 1462.5341772055 -1835.83994654963
v -9937.07959788916 1449.04352136058 -2123.22000513102
v -9725.70731981281 2196.52199389291 -1527.50558660975
v -10427.6794740498 2224.58445674067 -1228.51230322728
v -10643.1723738632 1462.5341772055 -1835.83994654963
cstype bspline
deg 1
curv 0 5 1031 1032 1033 1034 1035
parm u 0 0 1 2 3 4
end
v -10647.5859238037 1503.01632665278 -1853.60715509533
v -9941.49314782974 1489.52567080784 -2140.98721367671
v -9741.70134268695 2196.05196977063 -1577.91025718499
v -10443.6734969239 2224.1144326184 -1278.91697380251
v -10647.5859238037 1503.01632665278 -1853.60715509533
cstype bspline
deg 1
curv 0 5 1036 1037 1038 1039 1040
parm u 0 0 1 2 3 4
end
v -10569.6227121523 1509.0948622486 -1822.26211529806
v -10088.1239983346 1475.8040582196 -845.789995994284
v -9792.45600942888 2198.49347630818 -241.417086611563
v -10314.6640817527 2193.54295199033 -1300.71029569273
v -10569.6227121523 1509.0948622486 -1822.26211529806
cstype bspline
deg 1
curv 0 5 1041 1042 1043 1044 1045
parm u 0 0 1 2 3 4
end
v -10607.2527160929 1508.50492034119 -1808.13406706505
v -10122.5319882694 1474.99134637788 -825.127752021344
v -9826.30654029249 2199.04333933734 -219.615344372372
v -10351.881394673 2194.06089797852 -1285.73803303863
v -10607.2527160929 1508.50492034119 -1808.13406706505
cstype bspline
deg 1
curv 0 5 1046 1047 1048 1049 1050
parm u 0 0 1 2 3 4
end
v -10005.1726530436 1517.94399085932 -2034.18283879312
v -9572.00414931201 1487.99473584487 -1155.72365558841
v -9284.69804647479 2190.24553087068 -568.443220199426
v -9756.40438794834 2185.77376216755 -1525.29423550426
v -10005.1726530436 1517.94399085932 -2034.18283879312
cstype bspline
deg 1
curv 0 5 1051 1052 1053 1054 1055
parm u 0 0 1 2 3 4
end
v -10042.8026569842 1517.35404895197 -2020.05479056012
v -9606.41213924685 1487.18202400318 -1135.06141161547
v -9318.5485773384 2190.79539389984 -546.641477960235
v -9793.62170086864 2186.29170815571 -1510.32197285016
v -10042.8026569842 1517.35404895197 -2020.05479056012
cstype bspline
deg 1
curv 0 5 1056 1057 1058 1059 1060
parm u 0 0 1 2 3 4
end
v -10678.2295068864 1468.60876715524 -1816.66869522279
v -9963.25943201533 1479.81766339549 -2085.10161164987
v -9512.75040781277 1448.66948540948 -1171.47611483272
v -10166.502216576 1433.22796041757 -778.893479349374
v -10678.2295068864 1468.60876715524 -1816.66869522279
cstype bspline
deg 1
curv 0 5 1061 1062 1063 1064 1065
parm u 0 0 1 2 3 4
end
v -10663.6977220038 1507.62000748015 -1786.94199471554
v -9948.72764713274 1518.82890372042 -2055.37491114263
v -9520.40045799949 1489.2143770259 -1186.73384082255
v -10174.1522667627 1473.77285203396 -794.151205339202
v -10663.6977220038 1507.62000748015 -1786.94199471554
cstype bspline
deg 1
curv 0 5 1066 1067 1068 1069 1070
parm u 0 0 1 2 3 4
end
v -10166.5022165758 1433.22796041644 -778.893479348946
v -9512.75040781297 1448.66948541053 -1171.4761148331
v -9209.59859097857 2189.65132423386 -551.805564081403
v -9852.75867738709 2200.098721788 -137.572461536774
v -10166.5022165758 1433.22796041644 -778.893479348946
cstype bspline
deg 1
curv 0 5 1071 1072 1073 1074 1075
parm u 0 0 1 2 3 4
end
v -10174.1495750604 1473.75858614338 -794.14583684416
v -9520.39776629757 1489.20011113747 -1186.72847232832
v -9233.92225017939 2189.42073632692 -601.145833558213
v -9877.0823365879 2199.86813388107 -186.912731013584
v -10174.1495750604 1473.75858614338 -794.14583684416
cstype bspline
deg 1
curv 0 5 1076 1077 1078 1079 1080
parm u 0 0 1 2 3 4
end
v -10095.0994071269 1479.33151143984 -773.244839076789
v -9427.29474233336 1440.43761659475 167.224716376082
v -9027.71093024009 2167.79839685792 789.578691446792
v -9752.48786346052 2168.96750996436 -234.38481494406
v -10095.0994071269 1479.33151143984 -773.244839076789
cstype bspline
deg 1
curv 0 5 1081 1082 1083 1084 1085
parm u 0 0 1 2 3 4
end
v -10130.3776318969 1476.73760648543 -753.983547300346
v -9458.07729808827 1437.58187747363 192.817260482778
v -9057.33718874327 2167.04746089896 816.972174853825
v -9786.84670765693 2168.22420797899 -213.677519822846
v -10130.3776318969 1476.73760648543 -753.983547300346
cstype bspline
deg 1
curv 0 5 1086 1087 1088 1089 1090
parm u 0 0 1 2 3 4
end
v -9565.92603557618 1518.24008575577 -1062.16421572342
v -8965.55640600968 1483.27370341134 -216.663445224332
v -8583.31705269236 2179.06243624238 378.676440341307
v -9237.10520051443 2180.11703974509 -544.994241762271
v -9565.92603557618 1518.24008575577 -1062.16421572342
cstype bspline
deg 1
curv 0 5 1091 1092 1093 1094 1095
parm u 0 0 1 2 3 4
end
v -9601.20426034623 1515.64618080136 -1042.90292394698
v -8996.33896176459 1480.41796429025 -191.07090111764
v -8612.94331119554 2178.31150028342 406.069923748337
v -9271.46404471083 2179.37373775971 -524.286946641058
v -9601.20426034623 1515.64618080136 -1042.90292394698
cstype bspline
deg 1
curv 0 5 1096 1097 1098 1099 1100
parm u 0 0 1 2 3 4
end
v -10202.5618282304 1434.06486936071 -755.394558832163
v -9532.27555759954 1483.34906349418 -1121.35910258456
v -8908.640121361 1447.02764743127 -243.093087977958
v -9493.50868070541 1392.76860413031 243.165250047716
v -10202.5618282304 1434.06486936071 -755.394558832163
cstype bspline
deg 1
curv 0 5 1101 1102 1103 1104 1105
parm u 0 0 1 2 3 4
end
v -10183.294969052 1472.84674905386 -725.091609635684
v -9513.00869842111 1522.13094318734 -1091.05615338808
v -8919.39015454419 1487.55775368921 -255.062939352786
v -9504.25871388859 1433.29871038825 231.195398672888
v -10183.294969052 1472.84674905386 -725.091609635684
cstype bspline
deg 1
curv 0 5 1106 1107 1108 1109 1110
parm u 0 0 1 2 3 4
end
v -9493.50868070522 1392.76860412958 243.165250047925
v -8908.64012136119 1447.02764743191 -243.093087978159
v -8505.89901176735 2180.13564343314 384.178395235989
v -9068.7979233278 2165.86786021283 904.654579969605
v -9493.50868070522 1392.76860412958 243.165250047925
cstype bspline
deg 1
curv 0 5 1111 1112 1113 1114 1115
parm u 0 0 1 2 3 4
end
v -9504.25616611693 1433.28910470099 231.198235543037
v -8919.38760677289 1487.54814800332 -255.060102483047
v -8538.87766493759 2180.18884018084 337.586215230758
v -9101.77657649804 2165.92105696053 858.062399964374
v -9504.25616611693 1433.28910470099 231.198235543037
cstype bspline
deg 1
curv 0 5 1116 1117 1118 1119 1120
parm u 0 0 1 2 3 4
end
v -9423.56329154028 1440.40976790898 241.920087285116
v -8570.19018809232 1396.03733894444 1111.83683637743
v -8059.04541787972 2129.58671158392 1737.12154910882
v -8986.61680486531 2137.08387535464 785.982626507681
v -9423.56329154028 1440.40976790898 241.920087285116
cstype bspline
deg 1
curv 0 5 1121 1122 1123 1124 1125
parm u 0 0 1 2 3 4
end
v -9455.64331005449 1435.48720292689 265.899683507856
v -8596.83197690021 1390.83200495972 1141.36008881317
v -8083.63121829746 2127.33194871258 1769.15989743293
v -9016.99424708127 2134.87592385293 812.082180236192
v -9455.64331005449 1435.48720292689 265.899683507856
cstype bspline
deg 1
curv 0 5 1126 1127 1128 1129 1130
parm u 0 0 1 2 3 4
end
v -8942.3630138271 1514.24824264066 -117.773856055938
v -8170.56335597394 1474.11734871563 668.988049841329
v -7690.2584116137 2163.40815465414 1256.54632424733
v -8530.95517162591 2170.20314788027 394.489320580058
v -8942.3630138271 1514.24824264066 -117.773856055938
cstype bspline
deg 1
curv 0 5 1131 1132 1133 1134 1135
parm u 0 0 1 2 3 4
end
v -8974.44303234132 1509.32567765855 -93.7942598331983
v -8197.20514478183 1468.91201473089 698.511302277071
v -7714.84421203144 2161.15339178281 1288.58467257143
v -8561.33261384187 2167.99519637856 420.588874308571
v -8974.44303234132 1509.32567765855 -93.7942598331983
cstype bspline
deg 1
curv 0 5 1136 1137 1138 1139 1140
parm u 0 0 1 2 3 4
end
v -9527.89094518817 1389.63393222555 271.826663662545
v -8918.37059341815 1483.16266688568 -183.785664569458
v -8117.33770485662 1441.51174678712 632.776192744759
v -8623.53169220443 1342.61040107685 1193.717989026
v -9527.89094518817 1389.63393222555 271.826663662545
cstype bspline
deg 1
curv 0 5 1141 1142 1143 1144 1145
parm u 0 0 1 2 3 4
end
v -9503.76333782581 1428.10335545373 301.86907784196
v -8894.24298605579 1521.63209011385 -153.743250390044
v -8130.60532333669 1481.92559150644 624.698430456243
v -8636.79931068451 1383.02424579617 1185.64022673748
v -9503.76333782581 1428.10335545373 301.86907784196
cstype bspline
deg 1
curv 0 5 1146 1147 1148 1149 1150
parm u 0 0 1 2 3 4
end
v -8623.5316922048 1342.61040107792 1193.71798902577
v -8117.33770485628 1441.51174678604 632.776192744963
v -7612.18811955267 2166.45736490207 1250.72698034977
v -8079.31832748963 2123.61687034648 1859.45559850767
v -8623.5316922048 1342.61040107792 1193.71798902577
cstype bspline
deg 1
curv 0 5 1151 1152 1153 1154 1155
parm u 0 0 1 2 3 4
end
v -8636.79776735706 1383.01954474178 1185.64116636597
v -8130.60378000854 1481.9208904499 624.69937008516
v -7653.3797109871 2166.79029896116 1208.48880176118
v -8120.50991892406 2123.94980440557 1817.21741991908
v -8636.79776735706 1383.01954474178 1185.64116636597
cstype bspline
deg 1
curv 0 5 1156 1157 1158 1159 1160
parm u 0 0 1 2 3 4
end
v -8553.85451277823 1393.83519588233 1187.23702522371
v -7526.12951598962 1344.76956031437 1958.51131165236
v -6899.13859548265 2086.30905467953 2571.30933227921
v -8018.5341701234 2099.1514203531 1723.75254065549
v -8553.85451277823 1393.83519588233 1187.23702522371
cstype bspline
deg 1
curv 0 5 1161 1162 1163 1164 1165
parm u 0 0 1 2 3 4
end
v -8582.13609023452 1386.49921667404 1215.17300837543
v -7548.4996409362 1337.15135660494 1990.88364823562
v -6918.24989669889 2082.54504793245 2606.86672412597
v -8044.04893688601 2095.46087793622 1754.46151176815
v -8582.13609023452 1386.49921667404 1215.17300837543
cstype bspline
deg 1
curv 0 5 1166 1167 1168 1169 1170
parm u 0 0 1 2 3 4
end
v -8129.63085093377 1503.87488400657 768.197277947911
v -7190.5776417909 1459.04261595555 1472.92626290338
v -6612.46907723915 2142.76915588576 2037.94845457769
v -7635.81266868434 2154.5095566063 1263.11797396557
v -8129.63085093377 1503.87488400657 768.197277947911
cstype bspline
deg 1
curv 0 5 1171 1172 1173 1174 1175
parm u 0 0 1 2 3 4
end
v -8157.91242839007 1496.53890479828 796.133261099631
v -7212.94776673748 1451.42441224615 1505.29859948664
v -6631.58037845538 2139.00514913868 2073.50584642445
v -7661.32743544694 2150.81901418942 1293.82694507823
v -8157.91242839007 1496.53890479828 796.133261099631
cstype bspline
deg 1
curv 0 5 1176 1177 1178 1179 1180
parm u 0 0 1 2 3 4
end
v -8653.4714821971 1337.40062571681 1228.09940520804
v -8116.12151052746 1476.78423067421 697.315725325352
v -7142.09667920614 1430.28234781924 1428.28977878184
v -7567.12905318926 1285.53647734027 2043.36417386533
v -8653.4714821971 1337.40062571681 1228.09940520804
cstype bspline
deg 1
curv 0 5 1181 1182 1183 1184 1185
parm u 0 0 1 2 3 4
end
v -8624.55845641897 1375.49524786163 1257.07698310301
v -8087.20848474933 1514.87885281898 726.293303220327
v -7157.02394909297 1470.46999288068 1424.36663628812
v -7582.05632307609 1325.72412240173 2039.44103137161
v -8624.55845641897 1375.49524786163 1257.07698310301
cstype bspline
deg 1
curv 0 5 1186 1187 1188 1189 1190
parm u 0 0 1 2 3 4
end
v -7567.12905318958 1285.53647734114 2043.36417386525
v -7142.09667920584 1430.28234781843 1428.28977878192
v -6535.36655499212 2147.85948460022 2021.28563727413
v -6898.48127810056 2076.34335640565 2696.87608236272
v -7567.12905318958 1285.53647734114 2043.36417386525
cstype bspline
deg 1
curv 0 5 1191 1192 1193 1194 1195
parm u 0 0 1 2 3 4
end
v -7582.0558484451 1325.72284458589 2039.44115611278
v -7157.02347446137 1470.46871506321 1424.36676102945
v -6583.8021254148 2148.41516600639 1984.61236680753
v -6946.91684852324 2076.89903781182 2660.20281189612
v -7582.0558484451 1325.72284458589 2039.44115611278
cstype bspline
deg 1
curv 0 5 1196 1197 1198 1199 1200
parm u 0 0 1 2 3 4
end
v -7496.44145086064 1341.58675550285 2033.1318675841
v -6309.75616879581 1289.56239805292 2685.23951661858
v -5564.7832831329 2040.92450130536 3270.30814356494
v -6860.61308705496 2056.93785371265 2549.08143710099
v -7496.44145086064 1341.58675550285 2033.1318675841
cstype bspline
deg 1
curv 0 5 1201 1202 1203 1204 1205
parm u 0 0 1 2 3 4
end
v -7520.65594628831 1331.93431706654 2064.12506107599
v -6327.97468560481 1279.64709553661 2719.52762206378
v -5578.27332595555 2035.77822626362 3308.3097825306
v -6880.74935019125 2051.87371003395 2583.38395479878
v -7520.65594628831 1331.93431706654 2064.12506107599
cstype bspline
deg 1
curv 0 5 1206 1207 1208 1209 1210
parm u 0 0 1 2 3 4
end
v -7133.22401944545 1486.37333204795 1568.23396520574
v -6036.47841666089 1438.29193579804 2170.91793494058
v -5362.43264079317 2118.11862693151 2700.28355908004
v -6558.56914001069 2132.90000889328 2034.54367163426
v -7133.22401944545 1486.37333204795 1568.23396520574
cstype bspline
deg 1
curv 0 5 1211 1212 1213 1214 1215
parm u 0 0 1 2 3 4
end
v -7157.43851487313 1476.72089361164 1599.22715869763
v -6054.69693346988 1428.3766332817 2205.20604038579
v -5375.92268361582 2112.97235188974 2738.2851980457
v -6578.70540314697 2127.83586521455 2068.84618933204
v -7157.43851487313 1476.72089361164 1599.22715869763
cstype bspline
deg 1
curv 0 5 1216 1217 1218 1219 1220
parm u 0 0 1 2 3 4
end
v -7590.49912680618 1279.74171268402 2083.41353069265
v -7130.42371368029 1463.13804297443 1494.54285434672
v -5993.46087432837 1413.29352054233 2119.32701187776
v -6339.61269369398 1224.90277273164 2770.80101533946
v -7590.49912680618 1279.74171268402 2083.41353069265
cstype bspline
deg 1
curv 0 5 1221 1222 1223 1224 1225
parm u 0 0 1 2 3 4
end
v -7556.97768942983 1317.45565941202 2110.61485131383
v -7096.90227630394 1500.85198970247 1521.7441749679
v -6009.1506594797 1453.16489036308 2119.48576686367
v -6355.30247884532 1264.7741425524 2770.95977032537
v -7556.97768942983 1317.45565941202 2110.61485131383
cstype bspline
deg 1
curv 0 5 1226 1227 1228 1229 1230
parm u 0 0 1 2 3 4
end
v -6339.61269369479 1224.90277273374 2770.80101533947
v -5993.46087432761 1413.29352054041 2119.32701187775
v -5287.64390713416 2125.16388681531 2673.64431901552
v -5543.95472076448 2027.38466102217 3395.67545936306
v -6339.61269369479 1224.90277273374 2770.80101533947
cstype bspline
deg 1
curv 0 5 1231 1232 1233 1234 1235
parm u 0 0 1 2 3 4
end
v -6355.30247350083 1264.77412897084 2770.95977027129
v -6009.15065413365 1453.1648767775 2119.48576680957
v -5342.1975765592 2125.83803949415 2643.28110063155
v -5598.50839018952 2028.05881370101 3365.31224097909
v -6355.30247350083 1264.77412897084 2770.95977027129
cstype bspline
deg 1
curv 0 5 1236 1237 1238 1239 1240
parm u 0 0 1 2 3 4
end
v -6266.81885057261 1286.13328473832 2757.95710346831
v -4936.11188021452 1233.99069687034 3275.09998810797
v -4072.24538825731 1996.81009793375 3816.72380472334
v -5529.60430752322 2012.74821146831 3239.72109596333
v -6266.81885057261 1286.13328473832 2757.95710346831
cstype bspline
deg 1
curv 0 5 1241 1242 1243 1244 1245
parm u 0 0 1 2 3 4
end
v -6286.95478729784 1274.35929125428 2791.17119359899
v -4950.36338505502 1221.98612707356 3310.60090181974
v -4080.10628619353 1990.44862111087 3856.23147750519
v -5544.17432828194 2006.46010762162 3276.57246905756
v -6286.95478729784 1274.35929125428 2791.17119359899
cstype bspline
deg 1
curv 0 5 1246 1247 1248 1249 1250
parm u 0 0 1 2 3 4
end
v -5964.7797996942 1462.74318699862 2259.74575150811
v -4722.33930760706 1414.05924382218 2742.58628243142
v -3954.33191921404 2092.23225027707 3224.10871299566
v -5311.05399614238 2107.069769169 2686.95049954986
v -5964.7797996942 1462.74318699862 2259.74575150811
cstype bspline
deg 1
curv 0 5 1251 1252 1253 1254 1255
parm u 0 0 1 2 3 4
end
v -5984.91573641943 1450.96919351458 2292.95984163879
v -4736.59081244756 1402.05467402539 2778.08719614319
v -3962.19281715026 2085.8707734542 3263.6163857775
v -5325.6240169011 2100.78166532228 2723.8018726441
v -5984.91573641943 1450.96919351458 2292.95984163879
cstype bspline
deg 1
curv 0 5 1256 1257 1258 1259 1260
parm u 0 0 1 2 3 4
end
v -6355.09542114583 1219.3070237558 2816.20097045569
v -5972.5126233665 1443.01289995218 2185.13325797277
v -4685.29176720657 1392.57427740577 2685.37645316979
v -4956.07035917425 1164.48745126667 3359.8938136941
v -6355.09542114583 1219.3070237558 2816.20097045569
cstype bspline
deg 1
curv 0 5 1261 1262 1263 1264 1265
parm u 0 0 1 2 3 4
end
v -6317.15869238568 1256.69830102823 2840.99232879501
v -5934.57589460635 1480.40417722467 2209.92461631209
v -4700.96291760594 1432.06613250021 2689.33457482703
v -4971.74150957362 1203.97930636109 3363.85193535134
v -6317.15869238568 1256.69830102823 2840.99232879501
cstype bspline
deg 1
curv 0 5 1266 1267 1268 1269 1270
parm u 0 0 1 2 3 4
end
v -4956.0703591745 1164.48745126728 3359.89381369416
v -4685.29176720634 1392.57427740519 2685.37645316973
v -3882.88599337593 2101.12206517314 3188.46585615327
v -4032.24305416408 1980.25400553827 3939.11163900834
v -4956.0703591745 1164.48745126728 3359.89381369416
cstype bspline
deg 1
curv 0 5 1271 1272 1273 1274 1275
parm u 0 0 1 2 3 4
end
v -4971.74127455111 1203.97871409604 3363.85187599081
v -4700.96268258294 1432.06554023392 2689.33451546638
v -3942.54057230971 2101.77446551141 3164.84720382289
v -4091.89763309785 1980.90640587654 3915.49298667795
v -4971.74127455111 1203.97871409604 3363.85187599081
cstype bspline
deg 1
curv 0 5 1276 1277 1278 1279 1280
parm u 0 0 1 2 3 4
end
v -4880.26736499084 1230.61359030521 3345.34555425257
v -3418.19316418301 1182.68259480648 3712.20565336347
v -2435.70601829497 1958.05069246495 4192.71442936626
v -4042.10618551109 1969.51879918406 3777.70486408724
v -4880.26736499084 1230.61359030521 3345.34555425257
cstype bspline
deg 1
curv 0 5 1281 1282 1283 1284 1285
parm u 0 0 1 2 3 4
end
v -4896.40648089871 1216.94805642779 3380.11136507433
v -3428.56122540932 1168.82786916589 3748.41952317655
v -2437.94874231083 1950.60839398135 4232.90218917265
v -4051.13118588507 1962.12491943862 3816.14043933811
v -4896.40648089871 1216.94805642779 3380.11136507433
cstype bspline
deg 1
curv 0 5 1286 1287 1288 1289 1290
parm u 0 0 1 2 3 4
end
v -4638.1806263729 1435.59659846654 2823.85839192622
v -3262.67224578835 1390.50347941564 3168.99760616741
v -2402.06515805713 2069.68516971898 3589.89803227046
v -3906.73117990128 2080.42699536573 3201.17123532433
v -4638.1806263729 1435.59659846654 2823.85839192622
cstype bspline
deg 1
curv 0 5 1291 1292 1293 1294 1295
parm u 0 0 1 2 3 4
end
v -4654.31974228076 1421.93106458909 2858.62420274797
v -3273.04030701466 1376.64875377502 3205.21147598048
v -2404.30788207299 2062.24287123539 3630.08579207684
v -3915.75618027526 2073.03311562029 3239.60681057519
v -4654.31974228076 1421.93106458909 2858.62420274797
cstype bspline
deg 1
curv 0 5 1296 1297 1298 1299 1300
parm u 0 0 1 2 3 4
end
v -4962.79692249724 1159.26319929829 3410.50092515326
v -4656.15372024785 1418.90834296928 2749.95051953989
v -3232.09184059408 1372.22350063649 3107.27265956615
v -3429.08500389136 1108.98371346478 3795.33618601516
v -4962.79692249724 1159.26319929829 3410.50092515326
cstype bspline
deg 1
curv 0 5 1301 1302 1303 1304 1305
parm u 0 0 1 2 3 4
end
v -4920.6151547605 1196.44975561165 3432.26008130696
v -4613.97195251111 1456.09489928267 2771.70967569358
v -3247.12343306855 1411.28567537555 3114.67597865908
v -3444.11659636583 1148.04588820384 3802.73950510809
v -4920.6151547605 1196.44975561165 3432.26008130696
cstype bspline
deg 1
curv 0 5 1306 1307 1308 1309 1310
parm u 0 0 1 2 3 4
end
v -3429.08500389169 1108.98371346566 3795.33618601533
v -3232.09184059377 1372.22350063571 3107.27265956601
v -2334.75475376799 2080.39210404435 3546.1367679232
v -2377.36651006926 1938.9884328559 4309.70420424454
v -3429.08500389169 1108.98371346566 3795.33618601533
cstype bspline
deg 1
curv 0 5 1311 1312 1313 1314 1315
parm u 0 0 1 2 3 4
end
v -3444.11580077761 1148.0438207312 3802.73911326714
v -3247.12263747969 1411.28360790125 3114.67558681782
v -2398.70107203335 2080.8486174444 3529.61639256088
v -2441.31282833461 1939.44494625594 4293.18382888223
v -3444.11580077761 1148.0438207312 3802.73911326714
cstype bspline
deg 1
curv 0 5 1316 1317 1318 1319 1320
parm u 0 0 1 2 3 4
end
v -3349.49602139682 1179.27157399812 3779.84118468249
v -1766.58173419414 1141.74460097958 3977.30601759307
v -667.417253698695 1930.04305497493 4375.37230139669
v -2412.82353625226 1931.28419035082 4144.77533357141
v -3349.49602139682 1179.27157399812 3779.84118468249
cstype bspline
deg 1
curv 0 5 1321 1322 1323 1324 1325
parm u 0 0 1 2 3 4
end
v -3361.63923659863 1163.95084405446 3815.66048185007
v -1772.84160141572 1126.28439144269 4013.85924857834
v -663.927046574834 1921.57540084646 4415.45655610985
v -2416.42459326407 1922.8215787267 4183.92271529169
v -3361.63923659863 1163.95084405446 3815.66048185007
cstype bspline
deg 1
curv 0 5 1326 1327 1328 1329 1330
parm u 0 0 1 2 3 4
end
v -3167.34779336918 1409.08252315308 3242.55172716878
v -1672.68372587047 1373.64774403317 3429.00755281406
v -719.77036055658 2057.05786690197 3774.10848069912
v -2358.80768107514 2058.22336471255 3557.5646077671
v -3167.34779336918 1409.08252315308 3242.55172716878
cstype bspline
deg 1
curv 0 5 1331 1332 1333 1334 1335
parm u 0 0 1 2 3 4
end
v -3179.49100857101 1393.76179320941 3278.37102433637
v -1678.94359309205 1358.18753449628 3465.56078379933
v -716.280153432719 2048.5902127735 3814.1927354123
v -2362.40873808695 2049.76075308843 3596.71198948739
v -3179.49100857101 1393.76179320941 3278.37102433637
cstype bspline
deg 1
curv 0 5 1336 1337 1338 1339 1340
parm u 0 0 1 2 3 4
end
v -3426.12552906916 1103.82044720132 3851.36173951533
v -3195.40444023418 1394.91431613089 3170.79509333127
v -1649.39778308494 1358.26233151092 3363.65578623216
v -1768.33526029951 1064.51835030987 4058.16717495169
v -3426.12552906916 1103.82044720132 3851.36173951533
cstype bspline
deg 1
curv 0 5 1341 1342 1343 1344 1345
parm u 0 0 1 2 3 4
end
v -3379.85405940138 1140.96974913898 3869.38942760146
v -3149.1329705664 1432.06361806858 3188.8227814174
v -1663.29908897692 1396.83818076272 3374.17706214693
v -1782.2365661915 1103.09419956166 4068.68845086646
v -3379.85405940138 1140.96974913898 3869.38942760146
cstype bspline
deg 1
curv 0 5 1346 1347 1348 1349 1350
parm u 0 0 1 2 3 4
end
v -1768.335260299 1064.51835030844 4058.1671749513
v -1649.39778308541 1358.26233151223 3363.65578623252
v -657.388481335453 2069.7112664032 3722.9154450492
v -591.07454598213 1908.82583796227 4484.51628459945
v -1768.335260299 1064.51835030844 4058.1671749513
cstype bspline
deg 1
curv 0 5 1351 1352 1353 1354 1355
parm u 0 0 1 2 3 4
end
v -1782.23547062321 1103.09115938129 4068.68762167989
v -1663.29799340962 1396.83514058508 3374.17623296111
v -725.005671242368 2069.7593480947 3713.98209862937
v -658.691735889046 1908.87391965376 4475.58293817961
v -1782.23547062321 1103.09115938129 4068.68762167989
cstype bspline
deg 1
curv 0 5 1356 1357 1358 1359 1360
parm u 0 0 1 2 3 4
end
v -1683.31264065016 1138.59100513195 4042.61738638958
v 85.7956389719438 1118.63257580606 4040.71771610632
v 1245.31715529687 1919.35491950149 4329.06115489588
v -655.682749503376 1903.0313806432 4317.66218616208
v -1683.31264065016 1138.59100513195 4042.61738638958
cstype bspline
deg 1
curv 0 5 1361 1362 1363 1364 1365
parm u 0 0 1 2 3 4
end
v -1691.1565604163 1121.85380151056 4079.09567960254
v 84.1113956200061 1101.82588097948 4077.18939505243
v 1254.10874088526 1909.78244170596 4368.13790541529
v -653.97698975186 1893.39805815581 4356.69644793283
v -1691.1565604163 1121.85380151056 4079.09567960254
cstype bspline
deg 1
curv 0 5 1366 1367 1368 1369 1370
parm u 0 0 1 2 3 4
end
v -1565.65384415782 1389.64905945334 3495.44298819529
v 111.059289250912 1370.73299820462 3493.6425319147
v 1113.44337147109 2062.9420864346 3742.90989710457
v -681.269145776121 2047.53121795386 3732.14825960075
v -1565.65384415782 1389.64905945334 3495.44298819529
cstype bspline
deg 1
curv 0 5 1371 1372 1373 1374 1375
parm u 0 0 1 2 3 4
end
v -1573.49776392401 1372.91185583192 3531.92128140824
v 109.375045898953 1353.92630337802 3530.1142108608
v 1122.23495705948 2053.36960863907 3781.98664762399
v -679.563386024602 2037.89789546651 3771.1825213715
v -1573.49776392401 1372.91185583192 3531.92128140824
cstype bspline
deg 1
curv 0 5 1376 1377 1378 1379 1380
parm u 0 0 1 2 3 4
end
v -1753.0327972598 1059.47155968763 4120.40109892727
v -1603.99832170291 1377.47842849471 3427.31352788116
v 126.354331179278 1357.95722590396 3425.4554734296
v 94.3537074898304 1038.63002419917 4118.41737340565
v -1753.0327972598 1059.47155968763 4120.40109892727
cstype bspline
deg 1
curv 0 5 1381 1382 1383 1384 1385
parm u 0 0 1 2 3 4
end
v -1702.92244006557 1096.7479960784 4133.81311942196
v -1553.88796450864 1414.75486488547 3440.72554837586
v 113.579804680692 1395.94310643745 3438.93501977683
v 81.5791809912444 1076.61590473267 4131.89691975289
v -1702.92244006557 1096.7479960784 4133.81311942196
cstype bspline
deg 1
curv 0 5 1386 1387 1388 1389 1390
parm u 0 0 1 2 3 4
end
v 94.3537074901142 1038.63002419833 4118.41737340535
v 126.354331179024 1357.95722590471 3425.45547342986
v 1168.88508401655 2077.89010859278 3684.70629205184
v 1335.92521019587 1896.01303047751 4427.16455192083
v 94.3537074901142 1038.63002419833 4118.41737340535
cstype bspline
deg 1
curv 0 5 1391 1392 1393 1394 1395
parm u 0 0 1 2 3 4
end
v 81.5803014515659 1076.61257297144 4131.89573745491
v 113.580925140475 1395.93977467783 3438.93383747942
v 1100.25599308851 2077.30080312793 3684.29477132543
v 1267.29611926783 1895.42372501266 4426.75303119442
v 81.5803014515659 1076.61257297144 4131.89573745491
cstype bspline
deg 1
curv 0 5 1396 1397 1398 1399 1400
parm u 0 0 1 2 3 4
end
v 180.652407640482 1116.37475587826 4097.07649439106
v 1792.77556562608 1120.61300470177 3893.03774259482
v 2980.95769736473 1924.10669718895 4058.34902193399
v 1247.85954714912 1893.62885700585 4267.47463914148
v 180.652407640482 1116.37475587826 4097.07649439106
cstype bspline
deg 1
curv 0 5 1401 1402 1403 1404 1405
parm u 0 0 1 2 3 4
end
v 177.76975185435 1098.54444633375 4133.71244678775
v 1795.78518764113 1102.79818587171 3928.92793744697
v 2994.33823993728 1913.30508705025 4095.68211859345
v 1254.46401694633 1882.70808450866 4305.62537581815
v 177.76975185435 1098.54444633375 4133.71244678775
cstype bspline
deg 1
curv 0 5 1406 1407 1408 1409 1410
parm u 0 0 1 2 3 4
end
v 223.892244432103 1383.82939904532 3547.53720844062
v 1747.63123539996 1387.83528715247 3354.68481981242
v 2780.24955877634 2086.13084926928 3498.35257204215
v 1148.79250019103 2057.44044446389 3695.21358899132
v 223.892244432103 1383.82939904532 3547.53720844062
cstype bspline
deg 1
curv 0 5 1411 1412 1413 1414 1415
parm u 0 0 1 2 3 4
end
v 221.009588645997 1365.99908950084 3584.17316083732
v 1750.64085741503 1370.02046832241 3390.57501466459
v 2793.6301013489 2075.3292391306 3535.68566870162
v 1155.39696998824 2046.5196719667 3733.364325668
v 221.009588645997 1365.99908950084 3584.17316083732
cstype bspline
deg 1
curv 0 5 1416 1417 1418 1419 1420
parm u 0 0 1 2 3 4
end
v 121.927270627773 1034.27771550725 4180.44055297456
v 176.69773056385 1373.05359685223 3484.35745743734
v 1754.34617189623 1377.20121213663 3284.68200637255
v 1811.52899017875 1038.7196543657 3966.59570856405
v 121.927270627773 1034.27771550725 4180.44055297456
cstype bspline
deg 1
curv 0 5 1421 1422 1423 1424 1425
parm u 0 0 1 2 3 4
end
v 173.445768175156 1071.79898201703 4188.6663753828
v 228.216228111254 1410.57486336201 3492.58327984557
v 1743.11112954057 1414.5575004837 3300.85024551812
v 1800.29394782308 1076.07594271278 3982.76394770962
v 173.445768175156 1071.79898201703 4188.6663753828
cstype bspline
deg 1
curv 0 5 1426 1427 1428 1429 1430
parm u 0 0 1 2 3 4
end
v 1811.52899017909 1038.7196543646 3966.59570856357
v 1754.34617189592 1377.20121213768 3284.682006373
v 2828.42422707437 2103.53341283483 3434.11803361898
v 3082.65453595299 1898.30282019972 4143.44687014864
v 1811.52899017909 1038.7196543646 3966.59570856357
cstype bspline
deg 1
curv 0 5 1431 1432 1433 1434 1435
parm u 0 0 1 2 3 4
end
v 1800.29490285126 1076.07276726342 3982.76257333795
v 1743.1120845681 1414.5543250365 3300.84887114737
v 2760.17874491751 2102.33326447732 3442.35292705297
v 3014.40905379612 1897.10267184221 4151.68176358263
v 1800.29490285126 1076.07276726342 3982.76257333795
cstype bspline
deg 1
curv 0 5 1436 1437 1438 1439 1440
parm u 0 0 1 2 3 4
end
v 1895.34742694993 1119.68065597824 3934.86999682956
v 3409.89923439538 1140.73255555605 3555.02829931319
v 4558.64014412278 1939.57176972661 3609.28981525589
v 2979.854290084 1901.95715216795 3998.38844144547
v 1895.34742694993 1119.68065597824 3934.86999682956
cstype bspline
deg 1
curv 0 5 1441 1442 1443 1444 1445
parm u 0 0 1 2 3 4
end
v 1897.62796766598 1101.16167278559 3971.03604194434
v 3417.86315207736 1122.29256991274 3589.76898311398
v 4575.76309412474 1927.50101331429 3644.46313184102
v 2990.87268004768 1889.74095444029 4035.06625334787
v 1897.62796766598 1101.16167278559 3971.03604194434
cstype bspline
deg 1
curv 0 5 1446 1447 1448 1449 1450
parm u 0 0 1 2 3 4
end
v 1861.13931620865 1397.46540386765 3392.3793201078
v 3290.44046916498 1417.33234020523 3033.9180423013
v 4301.79589409324 2120.63311591154 3081.69006647907
v 2814.57844062875 2085.20011808249 3448.22126290945
v 1861.13931620865 1397.46540386765 3392.3793201078
cstype bspline
deg 1
curv 0 5 1451 1452 1453 1454 1455
parm u 0 0 1 2 3 4
end
v 1863.41985692476 1378.94642067506 3428.5453652226
v 3298.40438684705 1398.89235456198 3068.6587261021
v 4318.91884409522 2108.56235949919 3116.8633830642
v 2825.59683059243 2072.98392035486 3484.89907481186
v 1863.41985692476 1378.94642067506 3428.5453652226
cstype bspline
deg 1
curv 0 5 1456 1457 1458 1459 1460
parm u 0 0 1 2 3 4
end
v 1848.90097684024 1035.76794525739 4022.23086682707
v 1805.57070323465 1387.62862591736 3335.07600964622
v 3288.23839837824 1408.23734413486 2963.23068127419
v 3439.55283433475 1057.87761691253 3623.30367348972
v 1848.90097684024 1035.76794525739 4022.23086682707
cstype bspline
deg 1
curv 0 5 1461 1462 1463 1464 1465
parm u 0 0 1 2 3 4
end
v 1901.04877874013 1073.38319799665 4025.2851096165
v 1857.71850513455 1425.24387865662 3338.13025243565
v 3278.4913353286 1444.99227339431 2981.80783351736
v 3429.80577128511 1094.63254617198 3641.88082573288
v 1901.04877874013 1073.38319799665 4025.2851096165
cstype bspline
deg 1
curv 0 5 1466 1467 1468 1469 1470
parm u 0 0 1 2 3 4
end
v 3439.55283433493 1057.87761691189 3623.30367348938
v 3288.23839837811 1408.23734413536 2963.23068127444
v 4340.93012588602 2140.28355685869 3012.95525229932
v 4666.26617592341 1910.9391850245 3681.24826741661
v 3439.55283433493 1057.87761691189 3623.30367348938
cstype bspline
deg 1
curv 0 5 1471 1472 1473 1474 1475
parm u 0 0 1 2 3 4
end
v 3429.80626831544 1094.63067193414 3641.87987843133
v 3278.49183235863 1444.9903991576 2981.80688621638
v 4276.1114690903 2138.73925052999 3028.9300916014
v 4601.44751912769 1909.39487869581 3697.22310671869
v 3429.80626831544 1094.63067193414 3641.87987843133
cstype bspline
deg 1
curv 0 5 1476 1477 1478 1479 1480
parm u 0 0 1 2 3 4
end
v 3515.01069518473 1140.3132195244 3583.92777635627
v 4895.02349499271 1172.40558722307 3051.01245077777
v 5988.38501564497 1961.23604957442 2999.41917359752
v 4554.2020805703 1920.96821388695 3549.89567934085
v 3515.01069518473 1140.3132195244 3583.92777635627
cstype bspline
deg 1
curv 0 5 1481 1482 1483 1484 1485
parm u 0 0 1 2 3 4
end
v 3522.55432222605 1121.36824076585 3618.95347114019
v 4907.94725139426 1153.58572403569 3083.96051744833
v 6008.8910651287 1947.88660366874 3032.00944886857
v 4568.98027955364 1907.45794599885 3584.68445178529
v 3522.55432222605 1121.36824076585 3618.95347114019
cstype bspline
deg 1
curv 0 5 1486 1487 1488 1489 1490
parm u 0 0 1 2 3 4
end
v 3401.85628956487 1424.48790090281 3058.54235459756
v 4701.16714896945 1454.70353503365 2556.79145071925
v 5680.79427338904 2161.47773815985 2510.56504453174
v 4332.52909582012 2123.6222322089 3028.06409267438
v 3401.85628956487 1424.48790090281 3058.54235459756
cstype bspline
deg 1
curv 0 5 1491 1492 1493 1494 1495
parm u 0 0 1 2 3 4
end
v 3409.39991660619 1405.54292214426 3093.56804938147
v 4714.090905371 1435.8836718463 2589.73951738981
v 5701.30032287277 2148.12829225414 2543.15531980278
v 4347.30729480346 2110.11196432076 3062.8528651188
v 3409.39991660619 1405.54292214426 3093.56804938147
cstype bspline
deg 1
curv 0 5 1496 1497 1498 1499 1500
parm u 0 0 1 2 3 4
end
v 3483.85817371343 1055.38137267323 3673.12982447888
v 3340.52925992827 1415.33596908589 3007.64162358449
v 4689.58950424489 1446.70853129277 2486.67915176899
v 4935.14087587488 1089.13113073271 3112.69241850958
v 3483.85817371343 1055.38137267323 3673.12982447888
cstype bspline
deg 1
curv 0 5 1501 1502 1503 1504 1505
parm u 0 0 1 2 3 4
end
v 3533.86976278804 1092.95077262801 3671.49201331607
v 3390.54084900288 1452.90536904067 3006.00381242168
v 4681.78047233144 1482.93330558203 2507.36975311314
v 4927.33184396143 1125.35590502198 3133.38301985373
v 3533.86976278804 1092.95077262801 3671.49201331607
cstype bspline
deg 1
curv 0 5 1506 1507 1508 1509 1510
parm u 0 0 1 2 3 4
end
v 4935.14087587486 1089.13113073283 3112.69241850965
v 4689.58950424493 1446.70853129259 2486.67915176889
v 5710.40197553288 2183.19683684382 2438.50930146284
v 6100.01691572373 1929.55736463564 3057.72453161284
v 4935.14087587486 1089.13113073283 3112.69241850965
cstype bspline
deg 1
curv 0 5 1511 1512 1513 1514 1515
parm u 0 0 1 2 3 4
end
v 4927.33197969391 1125.35527538203 3133.38266022059
v 4681.78060806399 1482.93267594176 2507.36939347981
v 5650.03519916345 2181.50190701836 2461.67963162515
v 6039.65013935429 1927.86243481017 3080.89486177515
v 4927.33197969391 1125.35527538203 3133.38266022059
cstype bspline
deg 1
curv 0 5 1516 1517 1518 1519 1520
parm u 0 0 1 2 3 4
end
v 5000.37294462475 1171.45952190191 3067.56524447874
v 6231.52515099666 1210.002601538 2398.28011909543
v 7254.68763295484 1985.27667270022 2246.88658186058
v 5980.37979449009 1946.50486784615 2940.24348785585
v 5000.37294462475 1171.45952190191 3067.56524447874
cstype bspline
deg 1
curv 0 5 1521 1522 1523 1524 1525
parm u 0 0 1 2 3 4
end
v 5013.07259972917 1152.27491686068 3100.76600622091
v 6249.33703547447 1190.97804255999 2428.70174511461
v 7278.36362081415 1970.69548159631 2276.44051836878
v 5998.69396142325 1931.76053917976 2972.71481642242
v 5013.07259972917 1152.27491686068 3100.76600622091
cstype bspline
deg 1
curv 0 5 1526 1527 1528 1529 1530
parm u 0 0 1 2 3 4
end
v 4809.87811805854 1459.22859751989 2569.55381834613
v 5964.34688382948 1495.37098620765 1941.95572880763
v 6899.54781506527 2203.9945392588 1803.57753423766
v 5705.66729049277 2167.66979784187 2453.17355935737
v 4809.87811805854 1459.22859751989 2569.55381834613
cstype bspline
deg 1
curv 0 5 1531 1532 1533 1534 1535
parm u 0 0 1 2 3 4
end
v 4822.57777316296 1440.04399247866 2602.75458008832
v 5982.1587683073 1476.34642722964 1972.37735482683
v 6923.22380292458 2189.41334815489 1833.13147074587
v 5723.98145742593 2152.92546917548 2485.64488792395
v 4822.57777316296 1440.04399247866 2602.75458008832
cstype bspline
deg 1
curv 0 5 1536 1537 1538 1539 1540
parm u 0 0 1 2 3 4
end
v 4984.815141403 1086.08498055872 3156.71323120819
v 4743.52169441913 1450.5924763415 2525.89875810689
v 5943.03928706601 1488.14518660671 1873.81099979471
v 6281.46509214309 1126.67856602516 2451.82189415998
v 4984.815141403 1086.08498055872 3156.71323120819
cstype bspline
deg 1
curv 0 5 1541 1542 1543 1544 1545
parm u 0 0 1 2 3 4
end
v 5032.12208238579 1123.4980092989 3150.56714883417
v 4790.82863540192 1488.00550508167 2519.75267573287
v 5937.62904343471 1523.90782424639 1896.3232972146
v 6276.0548485118 1162.44120366481 2474.33419157984
v 5032.12208238579 1123.4980092989 3150.56714883417
cstype bspline
deg 1
curv 0 5 1546 1547 1548 1549 1550
parm u 0 0 1 2 3 4
end
v 6281.46509214316 1126.67856602467 2451.82189415968
v 5943.03928706594 1488.14518660714 1873.81099979499
v 6918.84234442046 2227.53391739787 1729.4250600225
v 7368.68611374725 1950.49128642367 2290.9498536782
v 6281.46509214316 1126.67856602467 2451.82189415968
cstype bspline
deg 1
curv 0 5 1551 1552 1553 1554 1555
parm u 0 0 1 2 3 4
end
v 6276.05484986048 1162.44119474979 2474.33418596791
v 5937.62904478326 1523.90781533223 1896.32329160321
v 6864.03383327631 2225.86632591466 1759.24662947537
v 7313.8776026031 1948.82369494042 2320.77142313107
v 6276.05484986048 1162.44119474979 2474.33418596791
cstype bspline
deg 1
curv 0 5 1556 1557 1558 1559 1560
parm u 0 0 1 2 3 4
end
v 6335.62132649336 1207.99346026086 2402.86509457594
v 7402.17312720355 1249.10573482097 1614.16103945158
v 8340.84753467308 2009.26214293233 1370.6602754965
v 7242.65036053932 1974.8917248286 2187.72153269567
v 6335.62132649336 1207.99346026086 2402.86509457594
cstype bspline
deg 1
curv 0 5 1561 1562 1563 1564 1565
parm u 0 0 1 2 3 4
end
v 6353.32867394571 1188.70654197937 2433.48835712521
v 7424.64090866952 1230.00231655332 1641.26401015175
v 8367.51738195487 1993.56163757225 1396.67319172389
v 7264.41798483142 1959.03779396557 2217.38171425333
v 6353.32867394571 1188.70654197937 2433.48835712521
cstype bspline
deg 1
curv 0 5 1566 1567 1568 1569 1570
parm u 0 0 1 2 3 4
end
v 6070.01111470798 1497.29723448315 1943.51615633681
v 7065.15640521401 1535.65700883567 1207.61647894901
v 7940.79982544632 2244.76972333324 980.466532085535
v 6916.13599615783 2212.70068777396 1742.81880933059
v 6070.01111470798 1497.29723448315 1943.51615633681
cstype bspline
deg 1
curv 0 5 1571 1572 1573 1574 1575
parm u 0 0 1 2 3 4
end
v 6087.71846216034 1478.01031620166 1974.1394188861
v 7087.62418667998 1516.55359056802 1234.71944964919
v 7967.46967272811 2229.06921797319 1006.47944831294
v 6937.90362044994 2196.84675691093 1772.47899088827
v 6087.71846216034 1478.01031620166 1974.1394188861
cstype bspline
deg 1
curv 0 5 1576 1577 1578 1579 1580
parm u 0 0 1 2 3 4
end
v 6335.91494975419 1122.59526445001 2489.85387995502
v 5999.47534815938 1489.04671179829 1908.01189151879
v 7034.00988650935 1528.92481987915 1142.98427165118
v 7460.89773436253 1165.95987279384 1657.94071495462
v 6335.91494975419 1122.59526445001 2489.85387995502
cstype bspline
deg 1
curv 0 5 1581 1582 1583 1584 1585
parm u 0 0 1 2 3 4
end
v 6379.88969512425 1159.77616455714 2479.42325094913
v 6043.45009352945 1526.2276119054 1897.5812625129
v 7031.45413411175 1564.31211315125 1166.96246578158
v 7458.34198196494 1201.34716606597 1681.918909085
v 6379.88969512425 1159.77616455714 2479.42325094913
cstype bspline
deg 1
curv 0 5 1586 1587 1588 1589 1590
parm u 0 0 1 2 3 4
end
v 7460.89773436253 1165.95987279378 1657.94071495457
v 7034.00988650933 1528.92481987926 1142.98427165126
v 7948.90741684425 2269.82626016048 905.65144803912
v 8455.63451519816 1971.51665831931 1399.89685635967
v 7460.89773436253 1165.95987279378 1657.94071495457
cstype bspline
deg 1
curv 0 5 1591 1592 1593 1594 1595
parm u 0 0 1 2 3 4
end
v 7458.34201348234 1201.34672967176 1681.91861338721
v 7031.45416562913 1564.31167675724 1166.9621700839
v 7900.79505452365 2268.32048137335 941.447157744442
v 8407.52215287756 1970.01087953217 1435.69256606499
v 7458.34201348234 1201.34672967176 1681.91861338721
cstype bspline
deg 1
curv 0 5 1596 1597 1598 1599 1600
parm u 0 0 1 2 3 4
end
v 7503.10440348708 1246.03429652852 1606.47067364773
v 8389.90737035338 1286.27528576722 719.15351483897
v 9231.81030027884 2031.73198950861 395.00677247583
v 8324.50609370573 2003.2513761161 1312.13623097129
v 7503.10440348708 1246.03429652852 1606.47067364773
cstype bspline
deg 1
curv 0 5 1601 1602 1603 1604 1605
parm u 0 0 1 2 3 4
end
v 7525.54213864376 1226.75451951881 1633.71566579403
v 8416.57724608871 1267.18755313472 742.163912498983
v 9261.23872209827 2015.0867910423 416.955083646973
v 8349.65603729774 1986.4718746416 1338.40935226837
v 7525.54213864376 1226.75451951881 1633.71566579403
cstype bspline
deg 1
curv 0 5 1606 1607 1608 1609 1610
parm u 0 0 1 2 3 4
end
v 7166.53837613687 1535.2309516742 1197.7957914533
v 7989.8592343236 1572.59127525473 373.997549938882
v 8790.38397298772 2281.40996650312 65.7821049088379
v 7947.25693982572 2254.94389823376 918.03941151533
v 7166.53837613687 1535.2309516742 1197.7957914533
cstype bspline
deg 1
curv 0 5 1611 1612 1613 1614 1615
parm u 0 0 1 2 3 4
end
v 7188.97611129356 1515.95117466449 1225.0407835996
v 8016.52911005893 1553.50354262223 397.007947598891
v 8819.81239480713 2264.76476803684 87.7304160799722
v 7972.40688341773 2238.16439675924 944.312532812397
v 7188.97611129356 1515.95117466449 1225.0407835996
cstype bspline
deg 1
curv 0 5 1616 1617 1618 1619 1620
parm u 0 0 1 2 3 4
end
v 7519.16882839545 1160.93289219149 1688.9271494893
v 7092.85186041853 1527.24865537602 1171.27229870969
v 7949.1518011038 1566.10549053072 314.475852547699
v 8455.87944007245 1203.4385705131 751.673408090219
v 7519.16882839545 1160.93289219149 1688.9271494893
cstype bspline
deg 1
curv 0 5 1621 1622 1623 1624 1625
parm u 0 0 1 2 3 4
end
v 7559.19874137878 1197.83485400426 1674.58315401346
v 7132.88177340186 1564.15061718877 1156.92830323386
v 7949.85210218659 1601.22276899396 339.484273327262
v 8456.57974115523 1238.55584897636 776.681828869778
v 7559.19874137878 1197.83485400426 1674.58315401346
cstype bspline
deg 1
curv 0 5 1626 1627 1628 1629 1630
parm u 0 0 1 2 3 4
end
v 8455.87944007243 1203.43857051208 751.673408089457
v 7949.15180110382 1566.10549053174 314.475852548403
v 8786.63144031922 2307.64562432753 -7.96784873572506
v 9345.77145488798 1991.38685346779 409.050063515797
v 8455.87944007243 1203.43857051208 751.673408089457
cstype bspline
deg 1
curv 0 5 1631 1632 1633 1634 1635
parm u 0 0 1 2 3 4
end
v 8456.57970161604 1238.55386624541 776.680416887617
v 7949.85206264744 1601.22078626507 339.482861346574
v 8746.24134025861 2306.3777642026 32.8596381521402
v 9305.38135482736 1990.11899334285 449.877550403662
v 8456.57970161604 1238.55386624541 776.680416887617
cstype bspline
deg 1
curv 0 5 1636 1637 1638 1639 1640
parm u 0 0 1 2 3 4
end
v 8484.96926977496 1282.83617569899 698.670517515422
v 9181.28057004144 1319.05114946974 -260.002255869481
v 9918.79178027972 2051.75739560468 -648.446580979725
v 9211.36181136655 2029.31591130138 338.492960811589
v 8484.96926977496 1282.83617569899 698.670517515422
cstype bspline
deg 1
curv 0 5 1641 1642 1643 1644 1645
parm u 0 0 1 2 3 4
end
v 8511.65577371657 1263.65193775034 721.761195559904
v 9211.44927539726 1300.04801993168 -241.70582959999
v 9950.59728945965 2034.38040593945 -631.012253005104
v 9239.69989628122 2011.828926088 360.764711946014
v 8511.65577371657 1263.65193775034 721.761195559904
cstype bspline
deg 1
curv 0 5 1646 1647 1648 1649 1650
parm u 0 0 1 2 3 4
end
v 8084.67171065063 1570.59974492877 352.310346848097
v 8728.74998970389 1604.0980925404 -534.448649911927
v 9441.70914258051 2312.41224058295 -909.961500599103
v 8786.2905376464 2291.62068950219 4.41669379510677
v 8084.67171065063 1570.59974492877 352.310346848097
cstype bspline
deg 1
curv 0 5 1651 1652 1653 1654 1655
parm u 0 0 1 2 3 4
end
v 8111.35821459225 1551.41550698015 375.401024892582
v 8758.91869505972 1585.09496300237 -516.15222364243
v 9473.51465176045 2295.03525091778 -892.527172624478
v 8814.62862256107 2274.13370428883 26.6884449295367
v 8111.35821459225 1551.41550698015 375.401024892582
cstype bspline
deg 1
curv 0 5 1656 1657 1658 1659 1660
parm u 0 0 1 2 3 4
end
v 8516.0723585482 1198.2775859276 774.05579832504
v 8009.02878365738 1562.77810695203 335.33291547975
v 8679.25641332274 1597.63647564355 -587.428183305501
v 9252.46181507933 1236.57701442044 -239.796084179147
v 8516.0723585482 1198.2775859276 774.05579832504
cstype bspline
deg 1
curv 0 5 1661 1662 1663 1664 1665
parm u 0 0 1 2 3 4
end
v 8551.68552962902 1234.87558082733 756.397212626644
v 8044.6419547382 1599.37610185178 317.674329781361
v 8683.49288931924 1632.60257660583 -561.887723857534
v 9256.69829107583 1271.54311538272 -214.255624731184
v 8551.68552962902 1234.87558082733 756.397212626644
cstype bspline
deg 1
curv 0 5 1666 1667 1668 1669 1670
parm u 0 0 1 2 3 4
end
v 9252.46181507905 1236.57701441814 -239.79608418086
v 8679.25641332301 1597.63647564582 -587.428183303851
v 9425.97699075856 2339.49208896965 -980.723046786899
v 10030.2816651776 2009.32928533046 -649.470815269014
v 9252.46181507905 1236.57701441814 -239.79608418086
cstype bspline
deg 1
curv 0 5 1671 1672 1673 1674 1675
parm u 0 0 1 2 3 4
end
v 9256.69776687112 1271.53878881634 -214.258785006168
v 8683.49236511509 1632.59825004402 -561.890884129152
v 9394.00087881058 2338.4777250808 -936.112992561042
v 9998.30555322959 2008.3149214416 -604.860761043157
v 9256.69776687112 1271.53878881634 -214.258785006168
cstype bspline
deg 1
curv 0 5 1676 1677 1678 1679 1680
parm u 0 0 1 2 3 4
end
v 9266.79776487986 1316.33002666055 -293.074976873828
v 9771.62899951324 1345.77934704782 -1289.92491274592
v 10405.0041264736 2068.59652308814 -1722.68288686999
v 9895.31866596679 2051.37408725286 -701.329124506248
v 9266.79776487986 1316.33002666055 -293.074976873828
cstype bspline
deg 1
curv 0 5 1681 1682 1683 1684 1685
parm u 0 0 1 2 3 4
end
v 9297.00618675824 1297.29950143237 -274.752803493657
v 9804.39437521583 1326.89798167194 -1276.65175194824
v 10438.6295607642 2050.69666944732 -1709.99736710261
v 9926.42100069235 2033.38897726525 -683.587589935153
v 9297.00618675824 1297.29950143237 -274.752803493657
cstype bspline
deg 1
curv 0 5 1686 1687 1688 1689 1690
parm u 0 0 1 2 3 4
end
v 8813.67143670416 1601.78790508327 -567.907577576361
v 9280.14836397423 1628.99982768632 -1489.022324711
v 9900.62261211476 2337.09432770091 -1912.96568338073
v 9428.78364508335 2321.15073706716 -967.452143072712
v 8813.67143670416 1601.78790508327 -567.907577576361
cstype bspline
deg 1
curv 0 5 1691 1692 1693 1694 1695
parm u 0 0 1 2 3 4
end
v 8843.87985858252 1582.75737985512 -549.585404196201
v 9312.91373967682 1610.11846231043 -1475.74916391333
v 9934.24804640534 2319.19447406006 -1900.28016361335
v 9459.88597980891 2303.16562707955 -949.710608501618
v 8843.87985858252 1582.75737985512 -549.585404196201
cstype bspline
deg 1
curv 0 5 1696 1697 1698 1699 1700
parm u 0 0 1 2 3 4
end
v 9311.29291031495 1232.46946228322 -227.116743225515
v 8737.33289462572 1594.04944161867 -575.238037448732
v 9223.12413803762 1622.38806448333 -1534.49122271185
v 9845.6662763884 1263.64212234129 -1282.30116755877
v 9311.29291031495 1232.46946228322 -227.116743225515
cstype bspline
deg 1
curv 0 5 1701 1702 1703 1704 1705
parm u 0 0 1 2 3 4
end
v 9342.31881957581 1268.75371359009 -247.269543423407
v 8768.35880388658 1630.33369292555 -595.390837646622
v 9230.99566623276 1657.32160541494 -1508.9229151473
v 9853.53780458354 1298.5756632729 -1256.73285999423
v 9342.31881957581 1268.75371359009 -247.269543423407
cstype bspline
deg 1
curv 0 5 1706 1707 1708 1709 1710
parm u 0 0 1 2 3 4
end
v 9845.66627638861 1263.64212234228 -1282.30116755801
v 9223.12413803739 1622.38806448231 -1534.49122271254
v 9873.61306769136 2364.73576833741 -1978.94232191839
v 10512.4963192126 2024.63854916126 -1737.91744633813
v 9845.66627638861 1263.64212234228 -1282.30116755801
cstype bspline
deg 1
curv 0 5 1711 1712 1713 1714 1715
parm u 0 0 1 2 3 4
end
v 9853.53628239579 1298.56890786198 -1256.73780436628
v 9230.99414404457 1657.314850002 -1508.92785952082
v 9850.18446067887 2363.94410816216 -1931.9939630318
v 10489.0677122001 2023.84688898604 -1690.96908745153
v 9853.53628239579 1298.56890786198 -1256.73780436628
cstype bspline
deg 1
curv 0 5 1716 1717 1718 1719 1720
parm u 0 0 1 2 3 4
end
v 9843.86014904637 1344.83125030616 -1333.82237526746
v 10169.7743021341 1365.49804743644 -2334.12934875332
v 10708.3420391025 2081.34219901761 -2791.3506772939
v 10380.3419793039 2068.3726303952 -1770.90769977054
v 9843.86014904637 1344.83125030616 -1333.82237526746
cstype bspline
deg 1
curv 0 5 1721 1722 1723 1724 1725
parm u 0 0 1 2 3 4
end
v 9876.66736545182 1325.96938640802 -1320.55990197436
v 10204.1807417149 1346.73759312916 -2325.77526645624
v 10743.1300949696 2063.08897484673 -2783.32057115324
v 10413.5542829398 2050.05709883719 -1757.97526129611
v 9876.66736545182 1325.96938640802 -1320.55990197436
cstype bspline
deg 1
curv 0 5 1726 1727 1728 1729 1730
parm u 0 0 1 2 3 4
end
v 9351.75190296426 1627.75920877862 -1532.75947466411
v 9653.67770842128 1646.90486204546 -2459.44058320952
v 10186.5212010958 2355.14056158115 -2911.80226940379
v 9882.15742476497 2343.1056037652 -1964.89427688695
v 9351.75190296426 1627.75920877862 -1532.75947466411
cstype bspline
deg 1
curv 0 5 1731 1732 1733 1734 1735
parm u 0 0 1 2 3 4
end
v 9384.55911936974 1608.89734488045 -1519.497001371
v 9688.08414800213 1628.14440773817 -2451.08650091244
v 10221.3092569629 2336.88733741024 -2903.77216326313
v 9915.36972840089 2324.79007220719 -1951.96183841252
v 9384.55911936974 1608.89734488045 -1519.497001371
cstype bspline
deg 1
curv 0 5 1736 1737 1738 1739 1740
parm u 0 0 1 2 3 4
end
v 9899.20542614607 1261.70361379872 -1278.93521623419
v 9275.86831444208 1620.0790278638 -1530.92220880328
v 9590.66846797629 1640.04106648051 -2497.11771105848
v 10244.3908200117 1283.59243464237 -2338.39014741126
v 9899.20542614607 1261.70361379872 -1278.93521623419
cstype bspline
deg 1
curv 0 5 1741 1742 1743 1744 1745
parm u 0 0 1 2 3 4
end
v 9925.87819006005 1297.67659056076 -1300.66619203469
v 9302.54107835605 1656.05200462588 -1552.65318460377
v 9602.06429958537 1675.04530574614 -2471.96019866885
v 10255.7866516207 1318.596673908 -2313.23263502163
v 9925.87819006005 1297.67659056076 -1300.66619203469
cstype bspline
deg 1
curv 0 5 1746 1747 1748 1749 1750
parm u 0 0 1 2 3 4
end
v 10244.3908200113 1283.59243464141 -2338.39014741199
v 9590.66846797661 1640.0410664815 -2497.11771105779
v 10149.7332320256 2383.1291020783 -2971.7401524198
v 10810.7062935008 2036.31784283117 -2819.16813574727
v 10244.3908200113 1283.59243464141 -2338.39014741199
cstype bspline
deg 1
curv 0 5 1751 1752 1753 1754 1755
parm u 0 0 1 2 3 4
end
v 10255.7839280234 1318.58830791459 -2313.23864765287
v 9602.06157598868 1675.03693975467 -2471.96621129868
v 10134.3391172951 2382.52039783751 -2923.84742861478
v 10795.3121787702 2035.70913859038 -2771.27541194225
v 10255.7839280234 1318.58830791459 -2313.23864765287
cstype bspline
deg 1
curv 0 5 1756 1757 1758 1759 1760
parm u 0 0 1 2 3 4
end
v 10226.5015723895 1366.80871776218 -2385.52193958603
v 10398.7654674584 1377.78223404969 -3360.44593775808
v 10858.4285443709 2089.04948224511 -3826.68417373098
v 10684.2799770691 2079.87549112091 -2835.08393141483
v 10226.5015723895 1366.80871776218 -2385.52193958603
cstype bspline
deg 1
curv 0 5 1761 1762 1763 1764 1765
parm u 0 0 1 2 3 4
end
v 10260.9392914595 1348.0867133289 -2377.19259170908
v 10434.0010443024 1359.11105457469 -3356.63204966815
v 10893.7897659243 2070.57272118476 -3822.99772761018
v 10718.8483244028 2061.35696215421 -2826.88286722666
v 10260.9392914595 1348.0867133289 -2377.19259170908
cstype bspline
deg 1
curv 0 5 1766 1767 1768 1769 1770
parm u 0 0 1 2 3 4
end
v 9709.93578633889 1647.63878426095 -2510.46215774018
v 9870.23181479885 1657.8499261745 -3417.65425910713
v 10328.0102210707 2366.20089815007 -3881.98086554305
v 10165.7547670639 2357.65342562145 -2958.09989423735
v 9709.93578633889 1647.63878426095 -2510.46215774018
cstype bspline
deg 1
curv 0 5 1771 1772 1773 1774 1775
parm u 0 0 1 2 3 4
end
v 9744.37350540892 1628.9167798277 -2502.13280986324
v 9905.46739164281 1639.1787466995 -3413.8403710172
v 10363.371442624 2347.72413708977 -3878.29441942225
v 10200.3231143975 2339.13489665478 -2949.89883004919
v 9744.37350540892 1628.9167798277 -2502.13280986324
cstype bspline
deg 1
curv 0 5 1776 1777 1778 1779 1780
parm u 0 0 1 2 3 4
end
v 10289.6888237789 1284.32213364038 -2342.20266958508
v 9635.37216144817 1640.04021787216 -2500.46027924701
v 9802.76145662804 1650.70321348292 -3447.79657883907
v 10472.2374166637 1295.95080345817 -3375.33270513109
v 10289.6888237789 1284.32213364038 -2342.20266958508
cstype bspline
deg 1
curv 0 5 1781 1782 1783 1784 1785
parm u 0 0 1 2 3 4
end
v 10312.5958700646 1320.00370667904 -2364.69856989367
v 9658.27920773383 1675.72179091081 -2522.95617955559
v 9817.37618654436 1685.85655123056 -3423.36228390463
v 10486.85214658 1331.10414120584 -3350.89841019665
v 10312.5958700646 1320.00370667904 -2364.69856989367
cstype bspline
deg 1
curv 0 5 1786 1787 1788 1789 1790
parm u 0 0 1 2 3 4
end
v 10472.2374166638 1295.95080345849 -3375.3327051309
v 9802.76145662791 1650.70321348263 -3447.79657883927
v 10283.3551836864 2394.35784861437 -3935.2648632803
v 10955.2183932001 2043.29938846806 -3865.22238698501
v 10472.2374166638 1295.95080345849 -3375.3327051309
cstype bspline
deg 1
curv 0 5 1791 1792 1793 1794 1795
parm u 0 0 1 2 3 4
end
v 10486.8482332525 1331.09472833798 -3350.90495286954
v 9817.37227321665 1685.84713836212 -3423.36882657793
v 10274.9683887407 2393.91603974058 -3887.51053472426
v 10946.8315982543 2042.85757959425 -3817.46805842897
v 10486.8482332525 1331.09472833798 -3350.90495286954
cstype bspline
deg 1
curv 0 5 1796 1797 1798 1799 1800
parm u 0 0 1 2 3 4
end
v 10436.6658573202 1385.70868183827 -3417.50171198302
v 10498.5091590175 1378.5039231063 -4593.25542008218
v 10886.5146137133 2092.44273660096 -4593.25542008218
v 10841.8988090941 2085.02766843094 -3867.58840193008
v 10436.6658573202 1385.70868183827 -3417.50171198302
cstype bspline
deg 1
curv 0 5 1801 1802 1803 1804 1805
parm u 0 0 1 2 3 4
end
v 10471.9218283171 1367.09993725148 -3413.72519593105
v 10533.9637704439 1359.87203686428 -4593.25542008218
v 10922.0073959586 2073.88108552917 -4593.25542008218
v 10877.1597405205 2066.42748416128 -3863.81739535927
v 10471.9218283171 1367.09993725148 -3413.72519593105
cstype bspline
deg 1
curv 0 5 1806 1807 1808 1809 1810
parm u 0 0 1 2 3 4
end
v 9907.8262923665 1664.83985063963 -3474.14945276267
v 9966.68998762121 1657.9822167368 -4593.25542008218
v 10354.1228800335 2370.86750267807 -4593.25542008218
v 10312.9848376972 2364.03043247596 -3924.15350049228
v 9907.8262923665 1664.83985063963 -3474.14945276267
cstype bspline
deg 1
curv 0 5 1811 1812 1813 1814 1815
parm u 0 0 1 2 3 4
end
v 9943.08226336342 1646.23110605284 -3470.37293671069
v 10002.1445990476 1639.35033049478 -4593.25542008218
v 10389.6156622788 2352.30585160624 -4593.25542008218
v 10348.2457691236 2345.43024820628 -3920.38249392147
v 9943.08226336342 1646.23110605284 -3470.37293671069
cstype bspline
deg 1
curv 0 5 1816 1817 1818 1819 1820
parm u 0 0 1 2 3 4
end
v 10504.5146832932 1304.17004177722 -3385.5233732784
v 9834.65123435185 1657.7361889256 -3457.27717826595
v 9896.50634626594 1650.5300543007 -4633.25542007971
v 10570.1439633681 1296.52421570205 -4633.2554200848
v 10504.5146832932 1304.17004177722 -3385.5233732784
cstype bspline
deg 1
curv 0 5 1821 1822 1823 1824 1825
parm u 0 0 1 2 3 4
end
v 10524.8057848125 1339.18682037134 -3408.06042185308
v 9854.94233587113 1692.75296751974 -3479.81422684064
v 9913.50149066814 1685.9308126496 -4593.13032585492
v 10587.1391077703 1331.92497405095 -4593.13032586
v 10524.8057848125 1339.18682037134 -3408.06042185308
cstype bspline
deg 1
curv 0 5 1826 1827 1828 1829 1830
parm u 0 0 1 2 3 4
end
v 10570.1439633692 1296.52421570435 -4633.25542008218
v 9896.50634626491 1650.53005429855 -4633.25542008218
v 10303.343005683 2399.11871045225 -4633.25542008218
v 10977.7058683441 2046.44734008794 -4633.25542008218
v 10570.1439633692 1296.52421570435 -4633.25542008218
cstype bspline
deg 1
curv 0 5 1831 1832 1833 1834 1835
parm u 0 0 1 2 3 4
end
v 10587.0861236114 1331.81460844519 -4593.25542008218
v 9913.44850650704 1685.82044703935 -4593.25542008218
v 10300.8837066655 2398.70997928578 -4593.25542008218
v 10975.2465693266 2046.03860892146 -4593.25542008218
v 10587.0861236114 1331.81460844519 -4593.25542008218
cstype bspline
deg 1
curv 0 5 1836 1837 1838 1839 1840
parm u 0 0 1 2 3 4
end
v 10087.0196607528 641.342811712588 -3975.6576069584
v 10128.1698301353 648.06822868358 -4633.25542008218
v 10482.2977919954 1342.68858772484 -4633.25542008218
v 10419.8431953753 1350.57751372681 -3474.3711630649
v 10087.0196607528 641.342811712588 -3975.6576069584
cstype bspline
deg 1
curv 0 5 1841 1842 1843 1844 1845
parm u 0 0 1 2 3 4
end
v 10122.2269442639 622.665387448709 -3971.69011131122
v 10163.6253856367 629.431380988011 -4633.25542008218
v 10517.7551429583 1324.05526181869 -4633.25542008218
v 10455.0840084428 1331.9715397135 -3470.35316644544
v 10122.2269442639 622.665387448709 -3971.69011131122
cstype bspline
deg 1
curv 0 5 1846 1847 1848 1849 1850
parm u 0 0 1 2 3 4
end
v 9558.91040808746 921.50417567062 -4035.17004166622
v 9596.33649761489 927.620944117574 -4633.25542008218
v 9950.43752755222 1622.18847631701 -4633.25542008218
v 9891.23099936399 1629.66712392643 -3534.64111235675
v 9558.91040808746 921.50417567062 -4035.17004166622
cstype bspline
deg 1
curv 0 5 1851 1852 1853 1854 1855
parm u 0 0 1 2 3 4
end
v 9594.11769159848 902.826751406741 -4031.20254601902
v 9631.79205311626 908.984096422006 -4633.25542008218
v 9985.8948785151 1603.55515041086 -4633.25542008218
v 9926.47181243141 1611.06114991312 -3530.62311573729
v 9594.11769159848 902.826751406741 -4031.20254601902
cstype bspline
deg 1
curv 0 5 1856 1857 1858 1859 1860
parm u 0 0 1 2 3 4
end
v 10505.414723516 1304.38221830453 -3417.37107103738
v 9835.83927523499 1657.89572455737 -3493.71300680704
v 9486.57995954428 913.636978040158 -4019.7544135779
v 10155.5183462532 558.76591702539 -3944.37199628221
v 10505.414723516 1304.38221830453 -3417.37107103738
cstype bspline
deg 1
curv 0 5 1861 1862 1863 1864 1865
parm u 0 0 1 2 3 4
end
v 10507.9452280439 1304.06257869353 -3464.32617151627
v 9838.36977976286 1657.5760849464 -3540.66810728593
v 9506.10263555117 949.52703041854 -4041.1165366118
v 10175.0410222601 594.655969403771 -3965.73411931613
v 10507.9452280439 1304.06257869353 -3464.32617151627
cstype bspline
deg 1
curv 0 5 1866 1867 1868 1869 1870
parm u 0 0 1 2 3 4
end
v 10155.5183462535 558.76591702603 -3944.37199628259
v 9486.57995954398 913.636978039576 -4019.75441357754
v 9524.97070511848 919.911405962688 -4633.25542008218
v 10198.6262596444 565.811299746303 -4633.25542008218
v 10155.5183462535 558.76591702603 -3944.37199628259
cstype bspline
deg 1
curv 0 5 1871 1872 1873 1874 1875
parm u 0 0 1 2 3 4
end
v 10175.037318799 594.649161043606 -3965.73006691113
v 9506.09893208948 949.520222057123 -4041.11248420606
v 9543.15316436285 955.576215660985 -4633.25542008218
v 10216.8087188887 601.476109444571 -4633.25542008218
v 10175.037318799 594.649161043606 -3965.73006691113
cstype bspline
deg 1
curv 0 5 1876 1877 1878 1879 1880
parm u 0 0 1 2 3 4
end
v 9937.58891864225 635.758232408814 -2991.76888314038
v 10105.7988617719 644.021675302036 -3919.14700467419
v 10396.4511885024 1341.94623911433 -3440.24780541101
v 10215.5186324495 1333.12347545504 -2442.52716041729
v 9937.58891864225 635.758232408814 -2991.76888314038
cstype bspline
deg 1
curv 0 5 1881 1882 1883 1884 1885
parm u 0 0 1 2 3 4
end
v 9971.90084674046 616.926120450837 -2983.13948533009
v 10140.9696446092 625.231755244022 -3915.25266045092
v 10431.6686033277 1323.26829342192 -3436.27662704718
v 10249.8752740803 1314.40355611994 -2433.80940020283
v 9971.90084674046 616.926120450837 -2983.13948533009
cstype bspline
deg 1
curv 0 5 1886 1887 1888 1889 1890
parm u 0 0 1 2 3 4
end
v 9422.90999716924 918.239911778131 -3121.20985029482
v 9578.23711921287 925.870476172218 -3977.56216802335
v 9868.18996612309 1622.11542450043 -3499.81548086837
v 9700.16900798674 1613.92226548147 -2573.29356363418
v 9422.90999716924 918.239911778131 -3121.20985029482
cstype bspline
deg 1
curv 0 5 1891 1892 1893 1894 1895
parm u 0 0 1 2 3 4
end
v 9457.22192526744 899.407799820183 -3112.58045248452
v 9613.40790205014 907.080556114233 -3973.66782380007
v 9903.40738094839 1603.43747880802 -3495.84430250454
v 9734.5256496176 1595.20234614637 -2564.57580341972
v 9457.22192526744 899.407799820183 -3112.58045248452
cstype bspline
deg 1
curv 0 5 1896 1897 1898 1899 1900
parm u 0 0 1 2 3 4
end
v 10293.0349315363 1285.915274461 -2374.548618789
v 9640.25874055021 1641.59374182782 -2540.18606286373
v 9349.06257816343 910.94108948909 -3115.64479913469
v 10000.9892120294 553.130962288211 -2951.68624073892
v 10293.0349315363 1285.915274461 -2374.548618789
cstype bspline
deg 1
curv 0 5 1901 1902 1903 1904 1905
parm u 0 0 1 2 3 4
end
v 10301.4102365266 1286.3236771173 -2420.73275988114
v 9648.63404554048 1642.00214448414 -2586.37020395587
v 9371.44854303085 946.504233596468 -3134.14122428603
v 10023.3751768968 588.69410639556 -2970.18266589025
v 10301.4102365266 1286.3236771173 -2420.73275988114
cstype bspline
deg 1
curv 0 5 1906 1907 1908 1909 1910
parm u 0 0 1 2 3 4
end
v 10000.9892120293 553.130962288094 -2951.68624073886
v 9349.06257816352 910.941089489235 -3115.64479913477
v 9510.83554622715 918.88831102915 -4007.53447251846
v 10179.0804201353 561.879829926911 -3933.5419322762
v 10000.9892120293 553.130962288094 -2951.68624073886
cstype bspline
deg 1
curv 0 5 1911 1912 1913 1914 1915
parm u 0 0 1 2 3 4
end
v 10023.3648894613 588.677763407875 -2970.17416588678
v 9371.43825559559 946.487890609016 -3134.13272428267
v 9525.48094495696 954.055356259225 -3983.40368435826
v 10193.7258188651 597.046875157015 -3909.411144116
v 10023.3648894613 588.677763407875 -2970.17416588678
cstype bspline
deg 1
curv 0 5 1916 1917 1918 1919 1920
parm u 0 0 1 2 3 4
end
v 9640.06886988715 623.902754371578 -1978.09897632971
v 9957.29518678228 636.02642078005 -2929.44806671258
v 10181.1054724468 1328.99597030267 -2413.04903223377
v 9837.6320177364 1312.67132407115 -1388.53476481659
v 9640.06886988715 623.902754371578 -1978.09897632971
cstype bspline
deg 1
curv 0 5 1921 1922 1923 1924 1925
parm u 0 0 1 2 3 4
end
v 9672.60328306014 604.767515601125 -1964.56801260008
v 9991.52433470454 616.955950906937 -2920.99954500082
v 10215.4294794311 1310.21920650869 -2404.38164154605
v 9870.24594106188 1293.81328322252 -1374.76652839279
v 9672.60328306014 604.767515601125 -1964.56801260008
cstype bspline
deg 1
curv 0 5 1926 1927 1928 1929 1930
parm u 0 0 1 2 3 4
end
v 9152.05267229209 910.93133592853 -2181.06343227417
v 9443.8579679481 922.083468876983 -3056.17589238894
v 9666.24536768246 1610.64742721265 -2543.05989254968
v 9348.423167854 1595.54193680119 -1595.05831117368
v 9152.05267229209 910.93133592853 -2181.06343227417
cstype bspline
deg 1
curv 0 5 1931 1932 1933 1934 1935
parm u 0 0 1 2 3 4
end
v 9184.5870854651 891.796097158076 -2167.53246854454
v 9478.08711587038 903.012999003869 -3047.72737067718
v 9700.56937466674 1591.87066341867 -2534.39250186196
v 9381.03709117949 1576.68389595253 -1581.29007474988
v 9184.5870854651 891.796097158076 -2167.53246854454
cstype bspline
deg 1
curv 0 5 1936 1937 1938 1939 1940
parm u 0 0 1 2 3 4
end
v 9904.21814850129 1264.81573946748 -1309.52518669631
v 9284.55360531693 1623.11851559216 -1571.12167874861
v 9078.3262224539 904.14364060256 -2186.5415366203
v 9696.48007274139 540.57410396522 -1929.45322575609
v 9904.21814850129 1264.81573946748 -1309.52518669631
cstype bspline
deg 1
curv 0 5 1941 1942 1943 1944 1945
parm u 0 0 1 2 3 4
end
v 9919.16682605012 1265.52622194952 -1354.11417375708
v 9299.50228286577 1623.8289980742 -1615.71066580939
v 9103.25636010408 939.652697982558 -2201.34403911422
v 9721.41021039154 576.083161345188 -1944.25572825001
v 9919.16682605012 1265.52622194952 -1354.11417375708
cstype bspline
deg 1
curv 0 5 1946 1947 1948 1949 1950
parm u 0 0 1 2 3 4
end
v 9696.48007274083 540.574103964434 -1929.45322575577
v 9078.32622245439 904.143640603259 -2186.54153662059
v 9381.2200104473 915.719550441892 -3094.90794363889
v 10031.5738209706 553.380622852477 -2934.3860311155
v 9696.48007274083 540.574103964434 -1929.45322575577
cstype bspline
deg 1
curv 0 5 1951 1952 1953 1954 1955
parm u 0 0 1 2 3 4
end
v 9721.39700735582 576.064355698792 -1944.24788882401
v 9103.24315706936 939.633892337617 -2201.33619968883
v 9392.51424606469 950.689173686667 -3068.84867495657
v 10042.868056588 588.350246097252 -2908.32676243319
v 9721.39700735582 576.064355698792 -1944.24788882401
cstype bspline
deg 1
curv 0 5 1956 1957 1958 1959 1960
parm u 0 0 1 2 3 4
end
v 9161.29887393837 606.606586470589 -966.470372330783
v 9652.19633432799 622.967480247753 -1912.35275358131
v 9797.76758198314 1308.34318705313 -1365.82561713013
v 9265.41964586418 1285.66929653182 -346.067790346054
v 9161.29887393837 606.606586470589 -966.470372330783
cstype bspline
deg 1
curv 0 5 1961 1962 1963 1964 1965
parm u 0 0 1 2 3 4
end
v 9191.13214482758 587.049980620039 -948.153650855009
v 9684.65392740742 603.498339214304 -1899.09268919331
v 9830.34421550176 1289.43450989199 -1352.11863186038
v 9295.3348830315 1266.64726454124 -327.262673618906
v 9191.13214482758 587.049980620039 -948.153650855009
cstype bspline
deg 1
curv 0 5 1966 1967 1968 1969 1970
parm u 0 0 1 2 3 4
end
v 8713.79981060014 899.955674228841 -1241.2211944674
v 9165.33243813659 915.004595749371 -2111.25371940141
v 9309.11807920371 1591.97334447032 -1571.43039617638
v 8816.69108835422 1570.99977639067 -628.144541253324
v 8713.79981060014 899.955674228841 -1241.2211944674
cstype bspline
deg 1
curv 0 5 1971 1972 1973 1974 1975
parm u 0 0 1 2 3 4
end
v 8743.63308148935 880.39906837829 -1222.90447299163
v 9197.79003121601 895.535454715951 -2097.99365501341
v 9341.69471272234 1573.06466730917 -1557.72341090663
v 8846.60632552155 1551.97774440006 -609.339424526176
v 8743.63308148935 880.39906837829 -1222.90447299163
cstype bspline
deg 1
curv 0 5 1976 1977 1978 1979 1980
parm u 0 0 1 2 3 4
end
v 9318.37969812242 1237.18451143088 -257.241526931451
v 8749.99019194313 1598.60311925207 -614.53874474734
v 8641.94036023006 893.915570479061 -1258.35259032257
v 9208.77250712453 522.340059314563 -910.334882286537
v 9318.37969812242 1237.18451143088 -257.241526931451
cstype bspline
deg 1
curv 0 5 1981 1982 1983 1984 1985
parm u 0 0 1 2 3 4
end
v 9340.20773878251 1238.11421655538 -299.054998528172
v 8771.81823260321 1599.53282437654 -656.352216344061
v 8669.05264944914 929.308486745227 -1268.67991953657
v 9235.88479634362 557.73297558073 -920.662211500538
v 9340.20773878251 1238.11421655538 -299.054998528172
cstype bspline
deg 1
curv 0 5 1986 1987 1988 1989 1990
parm u 0 0 1 2 3 4
end
v 9208.77250712614 522.340059316659 -910.334882287161
v 8641.94036022849 893.915570477024 -1258.35259032199
v 9109.27223400632 909.4910577478 -2158.82778376137
v 9725.96650251546 539.577378112386 -1906.88656038923
v 9208.77250712614 522.340059316659 -910.334882287161
cstype bspline
deg 1
curv 0 5 1991 1992 1993 1994 1995
parm u 0 0 1 2 3 4
end
v 9235.87079401091 557.714696659881 -920.656877878638
v 8669.03864711326 929.290207820246 -1268.67458591346
v 9116.64604851743 944.208307299559 -2131.14381598343
v 9733.34031702657 574.294627664145 -1879.20259261129
v 9235.87079401091 557.714696659881 -920.656877878638
cstype bspline
deg 1
curv 0 5 1996 1997 1998 1999 2000
parm u 0 0 1 2 3 4
end
v 8487.96609036915 584.427726554452 7.00175775362004
v 9163.26881964033 605.241635432263 -898.753290794963
v 9221.9752783876 1280.78865385489 -331.019615831474
v 8489.29146717494 1253.26332933284 646.955433631188
v 8487.96609036915 584.427726554452 7.00175775362004
cstype bspline
deg 1
curv 0 5 2001 2002 2003 2004 2005
parm u 0 0 1 2 3 4
end
v 8514.36479356642 564.360870964156 29.5319244973307
v 9193.06475804818 585.279488058062 -880.779692253497
v 9251.85166235739 1261.75220972832 -312.268050853393
v 8515.69195349094 1234.09630335163 670.346573181363
v 8514.36479356642 564.360870964156 29.5319244973307
cstype bspline
deg 1
curv 0 5 2006 2007 2008 2009 2010
parm u 0 0 1 2 3 4
end
v 8091.98554241008 885.430560409033 -330.950743402062
v 8716.32974352265 904.673846045334 -1168.357268917
v 8773.82951884073 1566.33531575385 -612.293090502751
v 8093.28417243488 1540.76871905124 296.088340378456
v 8091.98554241008 885.430560409033 -330.950743402062
cstype bspline
deg 1
curv 0 5 2011 2012 2013 2014 2015
parm u 0 0 1 2 3 4
end
v 8118.38424560735 865.363704818737 -308.420576658355
v 8746.12568193049 884.711698671133 -1150.38367037553
v 8803.70590281052 1547.29887162725 -593.541525524669
v 8119.68465875088 1521.60169307003 319.479479928632
v 8118.38424560735 865.363704818737 -308.420576658355
cstype bspline
deg 1
curv 0 5 2016 2017 2018 2019 2020
parm u 0 0 1 2 3 4
end
v 8526.83807050918 1204.27678697096 743.414060296476
v 8025.2288305051 1568.45028061428 298.982408843021
v 8023.86520786291 880.314372498513 -359.438138856109
v 8525.44056861104 499.044116282632 68.6350292742936
v 8526.83807050918 1204.27678697096 743.414060296476
cstype bspline
deg 1
curv 0 5 2021 2022 2023 2024 2025
parm u 0 0 1 2 3 4
end
v 8555.29268296496 1205.34576437977 705.433282506641
v 8053.68344296088 1569.51925802309 261.001631053186
v 8052.38751616005 915.545249126444 -364.732210242419
v 8553.96287690818 534.274992910563 63.3409578879837
v 8555.29268296496 1205.34576437977 705.433282506641
cstype bspline
deg 1
curv 0 5 2026 2027 2028 2029 2030
parm u 0 0 1 2 3 4
end
v 8525.4405686111 499.04411628269 68.6350292742754
v 8023.86520786285 880.314372498455 -359.438138856116
v 8668.64383224944 900.187479703018 -1224.25249384125
v 9234.76666199851 520.906679593172 -882.754121553343
v 8525.4405686111 499.04411628269 68.6350292742754
cstype bspline
deg 1
curv 0 5 2031 2032 2033 2034 2035
parm u 0 0 1 2 3 4
end
v 8553.95091687877 534.260219831311 63.3431778082104
v 8052.37555613052 915.530476047075 -364.729990322181
v 8671.63583591088 934.61706710665 -1195.3176667292
v 9237.75866565995 555.336266996776 -853.819294441293
v 8553.95091687877 534.260219831311 63.3431778082104
cstype bspline
deg 1
curv 0 5 2036 2037 2038 2039 2040
parm u 0 0 1 2 3 4
end
v 7621.80120689167 558.378000010707 908.695125390175
v 8478.40610222196 583.291101712763 74.7413025867827
v 8444.10659899324 1247.56370548066 654.112969510101
v 7514.32909893865 1216.8618850098 1556.30029463895
v 7621.80120689167 558.378000010707 908.695125390175
cstype bspline
deg 1
curv 0 5 2041 2042 2043 2044 2045
parm u 0 0 1 2 3 4
end
v 7644.35647819231 537.745527577936 934.605886160138
v 8504.83256545903 562.771217240865 96.8832367579525
v 8470.46066446733 1228.44593608301 677.477813888869
v 7536.65884181375 1197.61123002396 1583.57004405234
v 7644.35647819231 537.745527577936 934.605886160138
cstype bspline
deg 1
curv 0 5 2046 2047 2048 2049 2050
parm u 0 0 1 2 3 4
end
v 7283.47213738202 867.865086502105 520.033713840763
v 8082.00915366611 891.089368791436 -257.387709980714
v 8048.79561688194 1534.33024644584 303.640303828604
v 7179.3829558121 1505.62170979736 1147.25405343827
v 7283.47213738202 867.865086502105 520.033713840763
cstype bspline
deg 1
curv 0 5 2051 2052 2053 2054 2055
parm u 0 0 1 2 3 4
end
v 7306.02740868267 847.232614069362 545.944474610726
v 8108.43561690317 870.569484319509 -235.245775809552
v 8075.14968235604 1515.21247704816 327.005148207376
v 7201.71269868721 1486.37105481152 1174.52380285165
v 7306.02740868267 847.232614069362 545.944474610726
cstype bspline
deg 1
curv 0 5 2056 2057 2058 2059 2060
parm u 0 0 1 2 3 4
end
v 7535.70707285661 1167.59780694795 1657.89889104367
v 7111.44195822967 1533.36025167882 1139.7736521895
v 7220.72398453056 863.786958572367 481.262281319352
v 7649.27413924311 471.769982347818 973.566735946566
v 7535.70707285661 1167.59780694795 1657.89889104367
cstype bspline
deg 1
curv 0 5 2061 2062 2063 2064 2065
parm u 0 0 1 2 3 4
end
v 7570.1534561264 1168.73524754524 1624.47466817239
v 7145.88834149946 1534.49769227611 1106.34942931821
v 7249.63767502263 898.82332517163 481.176945262116
v 7678.18782973518 506.806348947081 973.481399889301
v 7570.1534561264 1168.73524754524 1624.47466817239
cstype bspline
deg 1
curv 0 5 2066 2067 2068 2069 2070
parm u 0 0 1 2 3 4
end
v 7649.27413924403 471.769982348924 973.566735946551
v 7220.72398452971 863.78695857132 481.262281319363
v 8044.13198889784 887.73457720736 -320.372470843631
v 8546.23479040191 497.856772241066 100.324278408531
v 7649.27413924403 471.769982348924 973.566735946551
cstype bspline
deg 1
curv 0 5 2071 2072 2073 2074 2075
parm u 0 0 1 2 3 4
end
v 7678.1797334555 506.796538223571 973.481423784724
v 7249.62957874118 898.813514445967 481.176969157535
v 8042.36945881053 921.869195499283 -290.600611237463
v 8544.4722603146 531.991390533018 130.096138014691
v 7678.1797334555 506.796538223571 973.481423784724
cstype bspline
deg 1
curv 0 5 2076 2077 2078 2079 2080
parm u 0 0 1 2 3 4
end
v 6574.70470257326 529.890540250402 1712.02830200391
v 7600.60992065107 557.827902905148 974.844778660841
v 7468.82145112627 1210.31569108312 1555.64506337425
v 6354.54788964987 1178.50773405973 2355.2425009044
v 6574.70470257326 529.890540250402 1712.02830200391
cstype bspline
deg 1
curv 0 5 2081 2082 2083 2084 2085
parm u 0 0 1 2 3 4
end
v 6593.31703443476 508.672925692139 1740.45038523008
v 7623.27128886604 536.720551356586 1000.35735052805
v 7491.08183969202 1191.1935991355 1582.92477841619
v 6372.4907820566 1159.26239523897 2385.62043076957
v 6593.31703443476 508.672925692139 1740.45038523008
cstype bspline
deg 1
curv 0 5 2086 2087 2088 2089 2090
parm u 0 0 1 2 3 4
end
v 6295.51972465104 848.154758624121 1285.69705361177
v 7260.68939742673 874.438176133437 592.156200652866
v 7134.91562264012 1497.14707029701 1146.4493377455
v 6085.40450354917 1467.18781637074 1899.57355292711
v 6295.51972465104 848.154758624121 1285.69705361177
cstype bspline
deg 1
curv 0 5 2091 2092 2093 2094 2095
parm u 0 0 1 2 3 4
end
v 6314.13205651252 826.937144065887 1314.11913683794
v 7283.35076564169 853.330824584875 617.668772520068
v 7157.17601120587 1478.02497834942 1173.72905278742
v 6103.34739595588 1447.94247755001 1929.95148279227
v 6314.13205651252 826.937144065887 1314.11913683794
cstype bspline
deg 1
curv 0 5 2096 2097 2098 2099 2100
parm u 0 0 1 2 3 4
end
v 6359.69976969751 1129.26096148216 2459.67969762815
v 6018.78481396994 1494.92239907614 1882.49903019024
v 6239.32924214407 845.163228723512 1238.15236743518
v 6592.96354751079 442.028552121075 1778.17194873618
v 6359.69976969751 1129.26096148216 2459.67969762815
cstype bspline
deg 1
curv 0 5 2101 2102 2103 2104 2105
parm u 0 0 1 2 3 4
end
v 6399.40512066666 1130.39438700789 2431.18732556729
v 6058.49016493909 1496.05582460188 1854.00665812938
v 6267.59953801649 879.986156061175 1243.06886292539
v 6621.23384338319 476.851479458768 1783.0884442264
v 6399.40512066666 1130.39438700789 2431.18732556729
cstype bspline
deg 1
curv 0 5 2106 2107 2108 2109 2110
parm u 0 0 1 2 3 4
end
v 6592.96354750894 442.028552118805 1778.17194873585
v 6239.32924214585 845.163228725665 1238.15236743547
v 7233.53669940872 872.237400684389 523.745867337657
v 7664.10269549289 471.197721261909 1008.48473281444
v 6592.96354750894 442.028552118805 1778.17194873585
cstype bspline
deg 1
curv 0 5 2111 2112 2113 2114 2115
parm u 0 0 1 2 3 4
end
v 6621.22967453891 476.84634433873 1783.08771922145
v 6267.59536917581 879.981020945619 1243.06813792107
v 7226.69734510429 906.099203456251 553.887342852067
v 7657.26334118846 505.059524033772 1038.62620832885
v 6621.22967453891 476.84634433873 1783.08771922145
cstype bspline
deg 1
curv 0 5 2116 2117 2118 2119 2120
parm u 0 0 1 2 3 4
end
v 5362.76155831101 500.988889760745 2397.66806153931
v 6542.40504243706 530.068405739265 1775.8529430398
v 6309.74931582389 1171.33959802991 2346.79289812752
v 5027.15372978132 1141.06680199731 3023.8079123914
v 5362.76155831101 500.988889760745 2397.66806153931
cstype bspline
deg 1
curv 0 5 2121 2122 2123 2124 2125
parm u 0 0 1 2 3 4
end
v 5377.54045239964 479.210648502951 2427.8458821536
v 6561.19677568294 508.389085402829 1803.91551096149
v 6327.57953777448 1152.31050042264 2377.21502634779
v 5040.54610401193 1121.93295893454 3056.57254792273
v 5377.54045239964 479.210648502951 2427.8458821536
cstype bspline
deg 1
curv 0 5 2126 2127 2128 2129 2130
parm u 0 0 1 2 3 4
end
v 5141.07814698109 827.662508628098 1945.00075232515
v 6260.52904374891 855.258210785338 1354.91442421407
v 6042.29598656507 1456.77606213911 1890.46097482339
v 4826.26811632215 1428.07444793862 2532.33837942133
v 5141.07814698109 827.662508628098 1945.00075232515
cstype bspline
deg 1
curv 0 5 2131 2132 2133 2134 2135
parm u 0 0 1 2 3 4
end
v 5155.85704106975 805.884267370275 1975.17857293941
v 6279.32077699479 833.578890448902 1382.97699213576
v 6060.12620851566 1437.74696453183 1920.88310304366
v 4839.66049055276 1408.94060487585 2565.10301495267
v 5155.85704106975 805.884267370275 1975.17857293941
cstype bspline
deg 1
curv 0 5 2136 2137 2138 2139 2140
parm u 0 0 1 2 3 4
end
v 5016.29830374685 1092.18573382977 3129.12234371751
v 4761.84319336523 1455.72875202214 2506.59426862208
v 5092.17036852118 825.722206718579 1890.3064749473
v 5372.96935620657 411.935622818331 2463.68506661706
v 5016.29830374685 1092.18573382977 3129.12234371751
cstype bspline
deg 1
curv 0 5 2141 2142 2143 2144 2145
parm u 0 0 1 2 3 4
end
v 5060.63466535785 1093.23219434038 3105.71950121975
v 4806.17955497623 1456.77521253275 2483.19142612432
v 5118.90886386156 860.331667090242 1899.73577885765
v 5399.70785154695 446.545083189994 2473.11437052741
v 5060.63466535785 1093.23219434038 3105.71950121975
cstype bspline
deg 1
curv 0 5 2146 2147 2148 2149 2150
parm u 0 0 1 2 3 4
end
v 5372.96935620722 411.935622819234 2463.68506661729
v 5092.17036852055 825.722206717764 1890.30647494708
v 6244.54891884129 854.129611936572 1282.8632817565
v 6601.59185051298 442.222525544843 1816.05207226908
v 5372.96935620722 411.935622819234 2463.68506661729
cstype bspline
deg 1
curv 0 5 2151 2152 2153 2154 2155
parm u 0 0 1 2 3 4
end
v 5399.70641831851 446.543228064576 2473.11386510081
v 5118.90743063184 860.329811963165 1899.73527343059
v 6232.34144388009 887.777191289933 1312.82057233148
v 6589.38437555177 475.870104898204 1846.00936284406
v 5399.70641831851 446.543228064576 2473.11386510081
cstype bspline
deg 1
curv 0 5 2156 2157 2158 2159 2160
parm u 0 0 1 2 3 4
end
v 4002.21181041956 474.410341598734 2950.83368418289
v 5319.78715240279 501.878634532099 2459.38705795164
v 4983.8214035573 1133.88818319142 3007.33273132471
v 3549.13999636327 1108.53200260369 3545.47072520191
v 4002.21181041956 474.410341598734 2950.83368418289
cstype bspline
deg 1
curv 0 5 2161 2162 2163 2164 2165
parm u 0 0 1 2 3 4
end
v 4013.35722339823 452.162163699424 2982.19918826246
v 5334.77915666896 479.710648856242 2489.31780968687
v 4997.03032698715 1115.07448026154 3040.17161114413
v 3557.88785373377 1089.6394559695 3579.98291669017
v 4013.35722339823 452.162163699424 2982.19918826246
cstype bspline
deg 1
curv 0 5 2166 2167 2168 2169 2170
parm u 0 0 1 2 3 4
end
v 3835.03061573935 808.133010088553 2480.35112298914
v 5094.90708841019 834.398419669684 2010.42578192267
v 4785.68755210947 1416.0937271397 2514.74953403328
v 3417.92213580564 1391.92020211625 3027.78785287783
v 3835.03061573935 808.133010088553 2480.35112298914
cstype bspline
deg 1
curv 0 5 2171 2172 2173 2174 2175
parm u 0 0 1 2 3 4
end
v 3846.17602871806 785.884832189215 2511.71662706869
v 5109.89909267637 812.230433993827 2040.35653365794
v 4798.89647553932 1397.28002420979 2547.58841385272
v 3426.66999317615 1373.02765548209 3062.30004436611
v 3846.17602871806 785.884832189215 2511.71662706869
cstype bspline
deg 1
curv 0 5 2176 2177 2178 2179 2180
parm u 0 0 1 2 3 4
end
v 3522.49507403289 1060.44320238574 3649.94864550035
v 3356.28578399323 1419.40158843499 2994.21700722318
v 3793.78403160385 807.076771806402 2420.01959449719
v 4005.54687819636 384.36139172269 3015.96417201249
v 3522.49507403289 1060.44320238574 3649.94864550035
cstype bspline
deg 1
curv 0 5 2181 2182 2183 2184 2185
parm u 0 0 1 2 3 4
end
v 3571.00963978954 1061.30063601825 3631.75120392259
v 3404.80034974988 1420.2590220675 2976.01956564542
v 3818.31232150645 841.505521539366 2433.30309624104
v 4030.07516809896 418.790141455655 3029.24767375634
v 3571.00963978954 1061.30063601825 3631.75120392259
cstype bspline
deg 1
curv 0 5 2186 2187 2188 2189 2190
parm u 0 0 1 2 3 4
end
v 4005.54687819508 384.361391720886 3015.96417201178
v 3793.78403160508 807.076771808119 2420.01959449783
v 5090.25125113393 834.105010899832 1936.44615413741
v 5375.09933219123 412.913283058879 2505.13043710744
v 4005.54687819508 384.361391720886 3015.96417201178
cstype bspline
deg 1
curv 0 5 2191 2192 2193 2194 2195
parm u 0 0 1 2 3 4
end
v 4030.07498857111 418.789889464213 3029.24757653152
v 3818.3121419811 841.505269551446 2433.30299901758
v 5072.41908201093 867.650398183439 1965.52965431975
v 5357.26716306822 446.458670342487 2534.21393728979
v 4030.07498857111 418.789889464213 3029.24757653152
cstype bspline
deg 1
curv 0 5 2196 2197 2198 2199 2200
parm u 0 0 1 2 3 4
end
v 2507.6098041333 453.875544537703 3357.84916312526
v 3948.27175563624 476.025838723057 3011.57284116605
v 3507.99816570544 1102.24786416086 3520.15068397597
v 1936.20819203158 1086.10497005406 3903.04995318724
v 2507.6098041333 453.875544537703 3357.84916312526
cstype bspline
deg 1
curv 0 5 2201 2202 2203 2204 2205
parm u 0 0 1 2 3 4
end
v 2515.28687576029 431.35092052861 3390.05174950037
v 3959.55897001505 453.556720951194 3042.90769659806
v 3516.44621822936 1083.81702106178 3554.76517017525
v 1940.2264703248 1067.62863145143 3938.7435640432
v 2515.28687576029 431.35092052861 3390.05174950037
cstype bspline
deg 1
curv 0 5 2206 2207 2208 2209 2210
parm u 0 0 1 2 3 4
end
v 2392.4537297285 791.7449046736 2874.81036749846
v 3778.96353995403 813.062605300976 2541.55000968558
v 3381.27737784662 1378.7105106469 3000.9333909866
v 1875.93401763325 1363.2500490933 3367.64579034775
v 2392.4537297285 791.7449046736 2874.81036749846
cstype bspline
deg 1
curv 0 5 2211 2212 2213 2214 2215
parm u 0 0 1 2 3 4
end
v 2400.13080135549 769.220280664536 2907.01295387359
v 3790.25075433284 790.593487529113 2572.88486511763
v 3389.72543037054 1360.27966754782 3035.5478771859
v 1879.95229592647 1344.7737104907 3403.33940120372
v 2400.13080135549 769.220280664536 2907.01295387359
cstype bspline
deg 1
curv 0 5 2216 2217 2218 2219 2220
parm u 0 0 1 2 3 4
end
v 1893.86639118335 1039.37608359053 4005.0459488425
v 1817.51910361213 1390.42651704027 3326.86734257916
v 2359.09498916401 791.197876895923 2810.12466207578
v 2504.95935007632 363.230020724237 3421.97380320344
v 1893.86639118335 1039.37608359053 4005.0459488425
cstype bspline
deg 1
curv 0 5 2221 2222 2223 2224 2225
parm u 0 0 1 2 3 4
end
v 1946.25388776463 1039.9141235475 3992.28398032714
v 1869.90660019342 1390.96455699723 3314.10537406381
v 2380.93807007911 825.531898453861 2826.50653775071
v 2526.80243099145 397.564042282203 3438.35567887838
v 1946.25388776463 1039.9141235475 3992.28398032714
cstype bspline
deg 1
curv 0 5 2226 2227 2228 2229 2230
parm u 0 0 1 2 3 4
end
v 2504.95935007616 363.230020723975 3421.97380320331
v 2359.09498916415 791.197876896156 2810.12466207589
v 3785.67992618468 813.131735843752 2467.23187974166
v 4000.13699938213 386.218498178408 3062.59413295022
v 2504.95935007616 363.230020723975 3421.97380320331
cstype bspline
deg 1
curv 0 5 2231 2232 2233 2234 2235
parm u 0 0 1 2 3 4
end
v 2526.80239336158 397.563983133732 3438.35565065672
v 2380.93803244958 825.531839305913 2826.5065095293
v 3762.03271838581 846.766281958786 2494.54772653754
v 3976.48979158327 419.853044293413 3089.90997974609
v 2526.80239336158 397.563983133732 3438.35565065672
cstype bspline
deg 1
curv 0 5 2236 2237 2238 2239 2240
parm u 0 0 1 2 3 4
end
v 866.491393940101 443.508287889767 3605.13816449847
v 2440.9112323454 456.853406914161 3418.97136043372
v 1898.0325019247 1081.96090912915 3868.10974376741
v 228.239103940505 1080.5656589662 4073.35319503887
v 866.491393940101 443.508287889767 3605.13816449847
cstype bspline
deg 1
curv 0 5 2241 2242 2243 2244 2245
parm u 0 0 1 2 3 4
end
v 870.560777726438 421.049702308956 3638.04795897583
v 2448.44929957722 434.424222635542 3451.47100147195
v 1901.55926423063 1064.15061423104 3903.92804679868
v 227.654919793284 1062.75192903311 4109.67679701254
v 870.560777726438 421.049702308956 3638.04795897583
cstype bspline
deg 1
curv 0 5 2246 2247 2248 2249 2250
parm u 0 0 1 2 3 4
end
v 805.45063714527 780.387071601785 3111.49124733792
v 2327.84022386833 793.291171093384 2931.47674486014
v 1845.1310673357 1349.11533260098 3330.83519829859
v 237.001866148828 1347.77160796255 3528.49916543396
v 805.45063714527 780.387071601785 3111.49124733792
cstype bspline
deg 1
curv 0 5 2251 2252 2253 2254 2255
parm u 0 0 1 2 3 4
end
v 809.520020931588 757.928486020974 3144.4010418153
v 2335.37829110015 770.861986814736 2963.97638589839
v 1848.65782964163 1331.30503770287 3366.65350132984
v 236.417682001607 1329.95787802947 3564.82276740762
v 809.520020931588 757.928486020974 3144.4010418153
cstype bspline
deg 1
curv 0 5 2256 2257 2258 2259 2260
parm u 0 0 1 2 3 4
end
v 172.658658088367 1035.98611242004 4170.81438378026
v 183.758156885571 1374.44698114874 3480.66594628071
v 779.633856593853 779.686864040938 3043.53792761371
v 856.95214853351 352.973738006229 3668.82402268408
v 172.658658088367 1035.98611242004 4170.81438378026
cstype bspline
deg 1
curv 0 5 2261 2262 2263 2264 2265
parm u 0 0 1 2 3 4
end
v 226.778643572452 1036.0313341335 4164.16219997302
v 237.878142369656 1374.49220286217 3474.01376247346
v 799.346080437335 814.075430100871 3062.12690849918
v 876.664372376978 387.362304066162 3687.41300356955
v 226.778643572452 1036.0313341335 4164.16219997302
cstype bspline
deg 1
curv 0 5 2266 2267 2268 2269 2270
parm u 0 0 1 2 3 4
end
v 856.952148533335 352.973738005938 3668.82402268393
v 779.633856594013 779.686864041199 3043.53792761386
v 2346.03540040993 792.96401828705 2858.31924440057
v 2489.25867781425 366.809516993351 3475.81242412707
v 856.952148533335 352.973738005938 3668.82402268393
cstype bspline
deg 1
curv 0 5 2271 2272 2273 2274 2275
parm u 0 0 1 2 3 4
end
v 876.664093465279 387.361817496334 3687.41274055081
v 799.345801525942 814.074943531596 3062.12664548073
v 2316.53312302061 826.934947511327 2882.7272833028
v 2459.75640042497 400.780446217599 3500.22046302926
v 876.664093465279 387.361817496334 3687.41274055081
cstype bspline
deg 1
curv 0 5 2276 2277 2278 2279 2280
parm u 0 0 1 2 3 4
end
v -936.042697031738 450.478173115931 3659.52081033394
v 786.985473222299 449.556105687196 3667.96389842057
v 194.541223741402 1079.64294619681 4026.96396687624
v -1632.88003255126 1100.12487553709 4029.21749242647
v -936.042697031738 450.478173115931 3659.52081033394
cstype bspline
deg 1
curv 0 5 2281 2282 2283 2284 2285
parm u 0 0 1 2 3 4
end
v -935.828462514917 428.690570651874 3693.13624404107
v 790.298902999533 427.766844708764 3701.59451863424
v 193.171767561867 1062.83411134212 4063.43224882857
v -1638.0519396763 1083.35865895191 4065.69046345656
v -935.828462514917 428.690570651874 3693.13624404107
cstype bspline
deg 1
curv 0 5 2286 2287 2288 2289 2290
parm u 0 0 1 2 3 4
end
v -939.256214784673 777.292210076732 3155.28930472718
v 737.284026563637 776.395020363765 3163.50459521566
v 215.083066434421 1331.7754690173 3479.9397375911
v -1555.30142567565 1351.61812431514 3482.12292697503
v -939.256214784673 777.292210076732 3155.28930472718
cstype bspline
deg 1
curv 0 5 2291 2292 2293 2294 2295
parm u 0 0 1 2 3 4
end
v -939.041980267848 755.504607612704 3188.9047384343
v 740.597456340853 754.605759385362 3197.13521542933
v 213.71361025489 1314.96663416261 3516.40801954343
v -1560.47333280068 1334.85190772996 3518.59589800511
v -939.041980267848 755.504607612704 3188.9047384343
cstype bspline
deg 1
curv 0 5 2296 2297 2298 2299 2300
parm u 0 0 1 2 3 4
end
v -1701.05134923992 1058.82848715488 4120.46804235796
v -1602.78511386413 1377.38660227373 3427.48159278611
v -956.910913323325 775.251752183598 3084.82264382054
v -952.84045750627 361.287305369595 3723.51588425753
v -1701.05134923992 1058.82848715488 4120.46804235796
cstype bspline
deg 1
curv 0 5 2301 2302 2303 2304 2305
parm u 0 0 1 2 3 4
end
v -1645.80980036387 1058.20933407408 4120.39992000172
v -1547.54356498809 1376.76744919294 3427.41347042987
v -939.578890530025 809.974848082114 3104.86685657912
v -935.50843471297 396.010401268111 3743.56009701611
v -1645.80980036387 1058.20933407408 4120.39992000172
cstype bspline
deg 1
curv 0 5 2306 2307 2308 2309 2310
parm u 0 0 1 2 3 4
end
v -952.840457507042 361.287305368052 3723.51588425664
v -956.910913322583 775.251752185082 3084.8226438214
v 764.986554853494 774.330289844278 3093.26019130372
v 827.941720621151 360.334331253922 3732.2419753633
v -952.840457507042 361.287305368052 3723.51588425664
cstype bspline
deg 1
curv 0 5 2311 2312 2313 2314 2315
parm u 0 0 1 2 3 4
end
v -935.509050301505 396.009167993732 3743.55938509762
v -939.579506117032 809.973614810791 3104.8661446624
v 732.31388189775 809.078911831457 3113.05866489516
v 795.269047665384 395.082953241101 3752.04044895475
v -935.509050301505 396.009167993732 3743.55938509762
cstype bspline
deg 1
curv 0 5 2316 2317 2318 2319 2320
parm u 0 0 1 2 3 4
end
v -2610.73858943683 474.847312026832 3516.60210743299
v -1028.72899246839 460.927564925019 3718.63788286939
v -1661.97690092286 1102.46012216029 3974.6513388746
v -3293.50508975951 1138.38269648264 3777.71627826596
v -2610.73858943683 474.847312026832 3516.60210743299
cstype bspline
deg 1
curv 0 5 2321 2322 2323 2324 2325
parm u 0 0 1 2 3 4
end
v -2614.85402808086 454.427815830859 3550.81483843271
v -1030.05121858813 440.483491879451 3753.20733032607
v -1668.21729323353 1086.99855863629 4011.20913355982
v -3302.79115834991 1122.98819188736 3813.90644188796
v -2614.85402808086 454.427815830859 3550.81483843271
cstype bspline
deg 1
curv 0 5 2326 2327 2328 2329 2330
parm u 0 0 1 2 3 4
end
v -2549.0070097761 781.139754965814 3003.41114243723
v -1008.89560067232 767.588660608104 3200.09617101922
v -1568.37101626289 1334.38357502021 3426.2844185965
v -3154.21406090343 1369.30026541173 3234.86382393625
v -2549.0070097761 781.139754965814 3003.41114243723
cstype bspline
deg 1
curv 0 5 2331 2332 2333 2334 2335
parm u 0 0 1 2 3 4
end
v -2553.12244842013 760.720258769899 3037.62387343696
v -1010.21782679208 747.144587562565 3234.66561847591
v -1574.61140857355 1318.92201149621 3462.84221328172
v -3163.50012949384 1353.90576081644 3271.05398755824
v -2553.12244842013 760.720258769899 3037.62387343696
cstype bspline
deg 1
curv 0 5 2336 2337 2338 2339 2340
parm u 0 0 1 2 3 4
end
v -3370.18317697716 1101.07356792872 3861.73839854299
v -3193.74787375946 1393.56915523889 3174.12528972535
v -2558.76186907513 776.468458963995 2931.28407823455
v -2636.95520331195 388.498031241121 3581.32596722915
v -3370.18317697716 1101.07356792872 3861.73839854299
cstype bspline
deg 1
curv 0 5 2341 2342 2343 2344 2345
parm u 0 0 1 2 3 4
end
v -3316.72026123552 1099.89643499447 3868.19168732092
v -3140.28495801783 1392.39202230467 3180.57857850327
v -2542.83551220412 811.770612886379 2952.09268093136
v -2621.02884644093 423.800185163534 3602.13456992596
v -3316.72026123552 1099.89643499447 3868.19168732092
cstype bspline
deg 1
curv 0 5 2346 2347 2348 2349 2350
parm u 0 0 1 2 3 4
end
v -2636.95520331191 388.498031241208 3581.3259672292
v -2558.76186907516 776.468458963936 2931.28407823452
v -971.62275487803 762.503578392236 3133.97493565835
v -996.745051153081 374.066190526995 3790.79443733525
v -2636.95520331191 388.498031241208 3581.3259672292
cstype bspline
deg 1
curv 0 5 2351 2352 2353 2354 2355
parm u 0 0 1 2 3 4
end
v -2621.02956497578 423.798592468607 3602.13363112331
v -2542.83623073901 811.769020191365 2952.09174212865
v -1006.91226149271 798.254770176398 3148.2419998342
v -1032.03455776774 409.817382311157 3805.0615015111
v -2621.02956497578 423.798592468607 3602.13363112331
cstype bspline
deg 1
curv 0 5 2356 2357 2358 2359 2360
parm u 0 0 1 2 3 4
end
v -4167.58613416562 510.840162920038 3200.21955337897
v -2708.57897755121 490.222843974625 3565.78745162734
v -3319.13438420379 1143.13225865556 3719.68847764963
v -4822.63611950127 1188.09354673754 3354.26797286702
v -4167.58613416562 510.840162920038 3200.21955337897
cstype bspline
deg 1
curv 0 5 2361 2362 2363 2364 2365
parm u 0 0 1 2 3 4
end
v -4176.28555513857 492.382525186084 3234.67499550748
v -2714.74710109855 471.729436322668 3600.87713401678
v -3329.6428412714 1129.28027189249 3755.87221599987
v -4835.86899871804 1174.32303213124 3389.78955054686
v -4176.28555513857 492.382525186084 3234.67499550748
cstype bspline
deg 1
curv 0 5 2366 2367 2368 2369 2370
parm u 0 0 1 2 3 4
end
v -4037.09481957125 787.704728928918 2683.38792145158
v -2616.05712434107 767.623958753684 3039.44221578585
v -3161.50752818957 1350.91206010181 3176.93240239609
v -4624.14293124965 1394.65126583198 2821.44430766943
v -4037.09481957125 787.704728928918 2683.38792145158
cstype bspline
deg 1
curv 0 5 2371 2372 2373 2374 2375
parm u 0 0 1 2 3 4
end
v -4045.79424054421 769.247091194993 2717.84336358008
v -2622.22524788841 749.130551101727 3074.53189817529
v -3172.01598525718 1337.06007333871 3213.11614074634
v -4637.37581046642 1380.88075122569 2856.96588534928
v -4045.79424054421 769.247091194993 2717.84336358008
cstype bspline
deg 1
curv 0 5 2376 2377 2378 2379 2380
parm u 0 0 1 2 3 4
end
v -4906.80042231802 1155.1948389234 3430.65660149102
v -4655.3757171993 1416.834616443 2755.74662557408
v -4038.73472244467 779.292124041938 2610.73086683802
v -4204.02372093319 428.597007099714 3265.38426727993
v -4906.80042231802 1155.1948389234 3430.65660149102
cstype bspline
deg 1
curv 0 5 2381 2382 2383 2384 2385
parm u 0 0 1 2 3 4
end
v -4855.71831754321 1153.66726022182 3443.07191706662
v -4604.29361242449 1415.30703774144 2768.16194114968
v -4024.0467395811 815.392272639408 2631.70500553336
v -4189.33573806962 464.697155697184 3286.35840597527
v -4855.71831754321 1153.66726022182 3443.07191706662
cstype bspline
deg 1
curv 0 5 2386 2387 2388 2389 2390
parm u 0 0 1 2 3 4
end
v -4204.02372093368 428.59700709852 3265.38426727925
v -4038.7347224442 779.292124043073 2610.73086683869
v -2572.39884935992 758.571242559119 2978.13504358961
v -2689.59319675943 407.196497172321 3644.83900898882
v -4204.02372093368 428.59700709852 3265.38426727925
cstype bspline
deg 1
curv 0 5 2391 2392 2393 2394 2395
parm u 0 0 1 2 3 4
end
v -4189.33617184096 464.696089573263 3286.35778655868
v -4024.04717335149 815.391206517816 2631.70438611812
v -2606.80493902005 795.36407023159 2986.8076922017
v -2723.99928641956 443.989324844762 3653.51165760092
v -4189.33617184096 464.696089573263 3286.35778655868
cstype bspline
deg 1
curv 0 5 2396 2397 2398 2399 2400
parm u 0 0 1 2 3 4
end
v -5595.81385331368 553.342608158651 2729.61375177266
v -4269.01553745651 530.783270804561 3239.35765519584
v -4843.38826988207 1194.15516585595 3292.34599579031
v -6209.72705942009 1242.60777556116 2777.97072583092
v -5595.81385331368 553.342608158651 2729.61375177266
cstype bspline
deg 1
curv 0 5 2401 2402 2403 2404 2405
parm u 0 0 1 2 3 4
end
v -5609.41570166271 537.314518469124 2763.68333960591
v -4280.05987699559 514.711696206039 3274.40981476456
v -4857.96415883252 1182.16235491249 3327.7239558932
v -6227.00849551998 1230.71090774768 2812.33014898233
v -5609.41570166271 537.314518469124 2763.68333960591
cstype bspline
deg 1
curv 0 5 2406 2407 2408 2409 2410
parm u 0 0 1 2 3 4
end
v -5391.78612807826 793.763953501475 2218.5699342739
v -4103.35044437043 771.856889782415 2713.57526166508
v -4624.74993562525 1374.04733000734 2761.67659424701
v -5950.50551792167 1421.06079276296 2262.57937855978
v -5391.78612807826 793.763953501475 2218.5699342739
cstype bspline
deg 1
curv 0 5 2411 2412 2413 2414 2415
parm u 0 0 1 2 3 4
end
v -5405.38797642728 777.735863811948 2252.63952210714
v -4114.3947839095 755.785315183894 2748.62742123379
v -4639.32582457571 1362.05451906388 2797.05455434989
v -5967.78695402156 1409.16392494951 2296.93880171118
v -5405.38797642728 777.735863811948 2252.63952210714
cstype bspline
deg 1
curv 0 5 2416 2417 2418 2419 2420
parm u 0 0 1 2 3 4
end
v -6301.00758490311 1214.57049283633 2845.77012211879
v -5972.6602990051 1440.61098129197 2192.94108224199
v -5385.00327901495 780.824695169053 2146.65226651342
v -5643.43839764464 476.290991066053 2793.97443534504
v -6301.00758490311 1214.57049283633 2845.77012211879
cstype bspline
deg 1
curv 0 5 2421 2422 2423 2424 2425
parm u 0 0 1 2 3 4
end
v -6252.93064966983 1212.86560602751 2863.86928370945
v -5924.58336377182 1438.90609448316 2211.04024383266
v -5371.38356966946 817.806328431034 2167.46556938953
v -5629.81868829915 513.272624328034 2814.78773822114
v -6252.93064966983 1212.86560602751 2863.86928370945
cstype bspline
deg 1
curv 0 5 2426 2427 2428 2429 2430
parm u 0 0 1 2 3 4
end
v -5643.43839764425 476.29099106713 2793.97443534561
v -5385.00327901532 780.824695168063 2146.65226651283
v -4054.08209674531 758.195257382613 2657.98013789366
v -4263.92454798769 452.835340010672 3323.97116969931
v -5643.43839764425 476.29099106713 2793.97443534561
cstype bspline
deg 1
curv 0 5 2431 2432 2433 2434 2435
parm u 0 0 1 2 3 4
end
v -5629.81877494856 513.272389048652 2814.78760580564
v -5371.38365631963 817.806093149615 2167.46543697286
v -4086.78393506182 795.964251680212 2660.997022312
v -4296.6263863042 490.604334308271 3326.98805411765
v -5629.81877494856 513.272389048652 2814.78760580564
cstype bspline
deg 1
curv 0 5 2436 2437 2438 2439 2440
parm u 0 0 1 2 3 4
end
v -6882.99742978034 598.234538655961 2119.20074428153
v -5699.47844180242 577.469685051998 2758.0517973307
v -6224.20594529156 1249.37337873827 2712.12049570203
v -7442.26861562166 1297.58231144625 2064.23378436736
v -6882.99742978034 598.234538655961 2119.20074428153
cstype bspline
deg 1
curv 0 5 2441 2442 2443 2444 2445
parm u 0 0 1 2 3 4
end
v -6901.75623682968 584.992508799158 2151.98841756884
v -5715.51542441156 564.179900755582 2792.30868271135
v -6242.89525331778 1239.47984722591 2746.14521341863
v -7463.79502716985 1287.80106786135 2096.74944863759
v -6901.75623682968 584.992508799158 2151.98841756884
cstype bspline
deg 1
curv 0 5 2446 2447 2448 2449 2450
parm u 0 0 1 2 3 4
end
v -6601.61532404019 796.864986508124 1627.38564497181
v -5458.92370266531 776.816449498292 2244.19851662083
v -5943.86632489821 1397.7763514237 2201.74972995296
v -7119.37244239871 1444.30096521968 1576.49882031397
v -6601.61532404019 796.864986508124 1627.38564497181
cstype bspline
deg 1
curv 0 5 2451 2452 2453 2454 2455
parm u 0 0 1 2 3 4
end
v -6620.37413108953 783.622956651321 1660.17331825913
v -5474.96068527445 763.526665201876 2278.45540200148
v -5962.55563292444 1387.88281991135 2235.77444766956
v -7140.89885394691 1434.5197216348 1609.0144845842
v -6620.37413108953 783.622956651321 1660.17331825913
cstype bspline
deg 1
curv 0 5 2456 2457 2458 2459 2460
parm u 0 0 1 2 3 4
end
v -7540.47946878714 1274.88627718069 2121.90936799686
v -7131.47764937142 1460.72990529373 1504.11174686258
v -6586.18877225729 778.866488419473 1557.70448077909
v -6942.60610619661 527.267921142309 2180.67027323788
v -7540.47946878714 1274.88627718069 2121.90936799686
cstype bspline
deg 1
curv 0 5 2461 2462 2463 2464 2465
parm u 0 0 1 2 3 4
end
v -7496.08464449214 1273.12920248401 2145.52294504292
v -7087.08282507642 1458.97283059702 1527.72532390864
v -6573.47719279484 816.728130490897 1578.20412724416
v -6929.89452673417 565.129563213733 2201.16991970294
v -7496.08464449214 1273.12920248401 2145.52294504292
cstype bspline
deg 1
curv 0 5 2466 2467 2468 2469 2470
parm u 0 0 1 2 3 4
end
v -6942.606106197 527.267921141174 2180.67027323728
v -6586.18877225694 778.86648842055 1557.70448077969
v -5404.71265165239 758.137476947013 2195.45281559115
v -5709.41532122605 505.631575315056 2846.33363782363
v -6942.606106197 527.267921141174 2180.67027323728
cstype bspline
deg 1
curv 0 5 2471 2472 2473 2474 2475
parm u 0 0 1 2 3 4
end
v -6929.8945593797 565.129465978534 2201.16986705634
v -6573.47722543963 816.72803325791 1578.20407459875
v -5434.8682287516 796.751125942887 2192.81318854984
v -5739.57089832527 544.245224310929 2843.69401078233
v -6929.8945593797 565.129465978534 2201.16986705634
cstype bspline
deg 1
curv 0 5 2476 2477 2478 2479 2480
parm u 0 0 1 2 3 4
end
v -8014.74228651177 642.342560216988 1382.43122792504
v -6987.50945593199 626.316554824327 2135.77554697454
v -7448.75329844549 1304.10729713796 1995.11277706863
v -8505.31553688156 1349.83566755211 1228.87649187365
v -8014.74228651177 642.342560216988 1382.43122792504
cstype bspline
deg 1
curv 0 5 2481 2482 2483 2484 2485
parm u 0 0 1 2 3 4
end
v -8038.73999859744 632.126056053501 1412.80212409741
v -7008.60289996998 616.054740762251 2168.276353494
v -7471.66568479089 1296.51839085945 2027.05887165554
v -8531.22516468623 1342.37648289592 1258.64893773638
v -8038.73999859744 632.126056053501 1412.80212409741
cstype bspline
deg 1
curv 0 5 2486 2487 2488 2489 2490
parm u 0 0 1 2 3 4
end
v -7654.77660522667 795.590122669033 926.867785339437
v -6671.10779536219 780.243765755382 1648.2634491826
v -7105.06750326448 1417.94089131584 1515.92135826502
v -8116.67111981151 1461.72343739492 782.289803932585
v -7654.77660522667 795.590122669033 926.867785339437
cstype bspline
deg 1
curv 0 5 2491 2492 2493 2494 2495
parm u 0 0 1 2 3 4
end
v -7678.77431731234 785.373618505546 957.23868151181
v -6692.20123940018 769.981951693306 1680.76425570206
v -7127.97988960988 1410.3519850373 1547.86745285193
v -8142.58074761618 1454.26425273874 812.062249795323
v -7678.77431731234 785.373618505546 957.23868151181
cstype bspline
deg 1
curv 0 5 2496 2497 2498 2499 2500
parm u 0 0 1 2 3 4
end
v -8610.0302791216 1332.91635171275 1274.34197479935
v -8117.74735083286 1474.64086018034 708.665503407334
v -7630.71150773934 772.249317726528 861.112992701579
v -8086.6680373678 578.135738621524 1438.16001997646
v -8610.0302791216 1332.91635171275 1274.34197479935
cstype bspline
deg 1
curv 0 5 2501 2502 2503 2504 2505
parm u 0 0 1 2 3 4
end
v -8570.08960639324 1331.18770591161 1303.30760653049
v -8077.8066781045 1472.9122143792 737.631135138476
v -7618.78119982334 810.916555768927 881.311077135302
v -8074.7377294518 616.802976663923 1458.35810441018
v -8570.08960639324 1331.18770591161 1303.30760653049
cstype bspline
deg 1
curv 0 5 2506 2507 2508 2509 2510
parm u 0 0 1 2 3 4
end
v -8086.66803736795 578.135738621058 1438.16001997623
v -7630.71150773919 772.249317726993 861.112992701828
v -6612.74492023826 756.36787630961 1607.66170380874
v -7013.52035696001 561.393409130251 2225.17702767854
v -8086.66803736795 578.135738621058 1438.16001997623
cstype bspline
deg 1
curv 0 5 2511 2512 2513 2514 2515
parm u 0 0 1 2 3 4
end
v -8074.7382387768 616.801325894194 1458.35724211984
v -7618.78170914805 810.914905000129 881.310214845444
v -6639.46762930521 795.636486848525 1599.5122394034
v -7040.24306602696 600.662019669107 2217.0275632732
v -8074.7382387768 616.801325894194 1458.35724211984
cstype bspline
deg 1
curv 0 5 2516 2517 2518 2519 2520
parm u 0 0 1 2 3 4
end
v -8975.2123675902 683.068367888249 535.691077657131
v -8117.89558867427 673.885963397595 1385.52603247094
v -8502.35426250955 1354.7876883861 1158.32671395564
v -9383.36424326895 1396.8544518743 292.425693782279
v -8975.2123675902 683.068367888249 535.691077657131
cstype bspline
deg 1
curv 0 5 2521 2522 2523 2524 2525
parm u 0 0 1 2 3 4
end
v -9004.21845240966 675.959943850554 562.370791720481
v -8143.93503882046 666.745764827763 1415.14649131558
v -8529.50381144833 1349.61354815812 1187.29114991323
v -9413.55953414316 1391.82574076566 318.396621032065
v -9004.21845240966 675.959943850554 562.370791720481
cstype bspline
deg 1
curv 0 5 2526 2527 2528 2529 2530
parm u 0 0 1 2 3 4
end
v -8540.12109529817 789.694728453644 135.495366706815
v -7727.30383648137 780.988941945106 941.219149801233
v -8095.11102842771 1432.39979180603 723.86017459174
v -8930.43488015582 1472.28511850393 -97.1382149645733
v -8540.12109529817 789.694728453644 135.495366706815
cstype bspline
deg 1
curv 0 5 2531 2532 2533 2534 2535
parm u 0 0 1 2 3 4
end
v -8569.12718011763 782.58630441592 162.175080770165
v -7753.34328662756 773.848743375245 970.839608645872
v -8122.2605773665 1427.22565157802 752.824610549327
v -8960.63017103002 1467.25640739527 -71.1672877147857
v -8569.12718011763 782.58630441592 162.175080770165
cstype bspline
deg 1
curv 0 5 2536 2537 2538 2539 2540
parm u 0 0 1 2 3 4
end
v -9493.48573412525 1385.93635492754 323.313694533075
v -8919.77520751527 1481.48186599172 -170.133923212945
v -8507.81034172714 761.027530698688 75.4040669095921
v -9058.92595329524 625.967473979341 582.31863411441
v -9493.48573412525 1385.93635492754 323.313694533075
cstype bspline
deg 1
curv 0 5 2541 2542 2543 2544 2545
parm u 0 0 1 2 3 4
end
v -9458.85247045448 1384.28267410269 357.353011906758
v -8885.1419438445 1479.82818516687 -136.09460583926
v -8496.61510105377 800.362843551411 95.4739283001327
v -9047.73071262187 665.302786832093 602.388495504965
v -9458.85247045448 1384.28267410269 357.353011906758
cstype bspline
deg 1
curv 0 5 2546 2547 2548 2549 2550
parm u 0 0 1 2 3 4
end
v -9058.92595329478 625.967473980942 582.318634115232
v -8507.81034172758 761.027530697145 75.4040669088026
v -7665.83454232013 752.009437791887 910.031923310431
v -8160.58409509782 616.345664965047 1472.82064135874
v -9058.92595329478 625.967473980942 582.318634115232
cstype bspline
deg 1
curv 0 5 2551 2552 2553 2554 2555
parm u 0 0 1 2 3 4
end
v -9047.73225775274 665.297357899573 602.385725527674
v -8496.61664618553 800.357414615777 95.4711583212411
v -7688.24466126207 791.699239799869 896.788461534252
v -8182.99421403976 656.03546697303 1459.57717958256
v -9047.73225775274 665.297357899573 602.385725527674
cstype bspline
deg 1
curv 0 5 2556 2557 2558 2559 2560
parm u 0 0 1 2 3 4
end
v -9750.22785062756 718.360512199695 -398.373799289211
v -9073.4269838382 716.900520733849 523.825064177214
v -9370.71652452415 1398.59318169326 223.641573920848
v -10065.0799638446 1436.51534120334 -716.877546078701
v -9750.22785062756 718.360512199695 -398.373799289211
cstype bspline
deg 1
curv 0 5 2561 2562 2563 2564 2565
parm u 0 0 1 2 3 4
end
v -9783.58863093233 714.219957752124 -376.582348737818
v -9104.00604567256 712.753965577023 549.406843225184
v -9401.86994944176 1395.76365604799 248.643398778016
v -10099.0837722486 1433.84148720076 -695.736581422964
v -9783.58863093233 714.219957752124 -376.582348737818
cstype bspline
deg 1
curv 0 5 2566 2567 2568 2569 2570
parm u 0 0 1 2 3 4
end
v -9249.81614605591 780.468828913756 -725.245557560153
v -8614.74105632276 779.098848086782 140.09837845762
v -8903.41515076005 1441.03606637215 -151.385798936699
v -9555.02283778595 1476.62315124166 -1033.99201591478
v -9249.81614605591 780.468828913756 -725.245557560153
cstype bspline
deg 1
curv 0 5 2571 2572 2573 2574 2575
parm u 0 0 1 2 3 4
end
v -9283.17692636068 776.328274466156 -703.454107008758
v -8645.32011815712 774.952292929898 165.680157505594
v -8934.56857567765 1438.20654072688 -126.383974079529
v -9589.02664618986 1473.9492972391 -1012.85105125904
v -9283.17692636068 776.328274466156 -703.454107008758
cstype bspline
deg 1
curv 0 5 2576 2577 2578 2579 2580
parm u 0 0 1 2 3 4
end
v -10178.5822934809 1431.38682043398 -702.61880135524
v -9532.50993380657 1482.19004648257 -1104.29712981427
v -9210.13227200574 746.869987107435 -778.180553636128
v -9843.98709779498 668.19945259954 -364.142993158086
v -10178.5822934809 1431.38682043398 -702.61880135524
cstype bspline
deg 1
curv 0 5 2581 2582 2583 2584 2585
parm u 0 0 1 2 3 4
end
v -10150.0894848544 1429.83070619692 -664.025134439356
v -9504.01712518008 1480.63393224549 -1065.70346289838
v -9199.77974666252 786.690543035482 -757.937559785489
v -9833.63457245176 708.020008527586 -343.899999307432
v -10150.0894848544 1429.83070619692 -664.025134439356
cstype bspline
deg 1
curv 0 5 2586 2587 2588 2589 2590
parm u 0 0 1 2 3 4
end
v -9843.98709779451 668.199452601315 -364.142993157178
v -9210.13227200617 746.869987105747 -778.180553636992
v -8551.48516699397 745.449156844581 119.282262197052
v -9132.48734184685 666.66460886423 605.336064108531
v -9843.98709779451 668.199452601315 -364.142993157178
cstype bspline
deg 1
curv 0 5 2591 2592 2593 2594 2595
parm u 0 0 1 2 3 4
end
v -9833.63739740402 708.009142466792 -343.905523127908
v -9199.78257161568 786.679676971224 -757.943083607722
v -8568.87246357122 785.318680822063 101.725709885663
v -9149.8746384241 706.534132841713 587.779511797144
v -9833.63739740402 708.009142466792 -343.905523127908
cstype bspline
deg 1
curv 0 5 2596 2597 2598 2599 2600
parm u 0 0 1 2 3 4
end
v -10332.3831293705 746.656597099616 -1389.41835146037
v -9838.64110494128 752.323970118683 -425.407897872592
v -10044.6872923307 1433.56574899395 -780.084637660931
v -10549.6935410041 1467.03930098031 -1763.35246789327
v -10332.3831293705 746.656597099616 -1389.41835146037
cstype bspline
deg 1
curv 0 5 2601 2602 2603 2604 2605
parm u 0 0 1 2 3 4
end
v -10369.0468788093 745.072919230908 -1373.3220797914
v -9873.01066128548 750.76662593722 -404.832311062753
v -10079.2870819998 1432.76961549942 -759.905362018604
v -10586.641818942 1466.39883336984 -1747.74579500649
v -10369.0468788093 745.072919230908 -1373.3220797914
cstype bspline
deg 1
curv 0 5 2606 2607 2608 2609 2610
parm u 0 0 1 2 3 4
end
v -9782.42688778891 770.411765130382 -1630.86242649482
v -9323.09775977819 775.684132840979 -734.041700020176
v -9525.69044729325 1445.50775141182 -1082.77377229585
v -9995.4693719368 1476.64631513745 -1997.45256119496
v -9782.42688778891 770.411765130382 -1630.86242649482
cstype bspline
deg 1
curv 0 5 2611 2612 2613 2614 2615
parm u 0 0 1 2 3 4
end
v -9819.09063722769 768.828087261703 -1614.76615482586
v -9357.46731612239 774.126788659516 -713.466113210338
v -9560.29023696241 1444.71161791729 -1062.59449665352
v -10032.4176498746 1476.00584752698 -1981.84588830818
v -9819.09063722769 768.828087261703 -1614.76615482586
cstype bspline
deg 1
curv 0 5 2616 2617 2618 2619 2620
parm u 0 0 1 2 3 4
end
v -10663.7957980208 1466.87857467739 -1766.64802644689
v -9961.77851720215 1479.04745927642 -2063.1748112957
v -9736.63172005339 732.687184677372 -1675.75633453416
v -10433.2429593903 702.597305172356 -1369.92717282418
v -10663.7957980208 1466.87857467739 -1766.64802644689
cstype bspline
deg 1
curv 0 5 2621 2622 2623 2624 2625
parm u 0 0 1 2 3 4
end
v -10642.0642358487 1465.43813195411 -1724.33578567632
v -9940.04695503006 1477.60701655314 -2020.86257052513
v -9727.43603903975 772.803112385533 -1655.01505122234
v -10424.0472783767 742.713232880487 -1349.18588951238
v -10642.0642358487 1465.43813195411 -1724.33578567632
cstype bspline
deg 1
curv 0 5 2626 2627 2628 2629 2630
parm u 0 0 1 2 3 4
end
v -10433.2429593904 702.597305172007 -1369.92717282435
v -9736.63172005333 732.687184677663 -1675.756334534
v -9259.48867159946 738.16402785739 -744.154680617698
v -9912.51024213937 708.574488409155 -353.218531230758
v -10433.2429593904 702.597305172007 -1369.92717282435
cstype bspline
deg 1
curv 0 5 2631 2632 2633 2634 2635
parm u 0 0 1 2 3 4
end
v -10424.0509293258 742.697305706621 -1349.19412439673
v -9727.43968998872 772.787185212277 -1655.02328610638
v -9271.54342526187 778.020149113203 -764.905080234936
v -9924.56499580179 748.430609664967 -373.968930847995
v -10424.0509293258 742.697305706621 -1349.19412439673
cstype bspline
deg 1
curv 0 5 2636 2637 2638 2639 2640
parm u 0 0 1 2 3 4
end
v -10726.9157097804 767.182760695665 -2401.83637766896
v -10406.1585158927 778.030831808224 -1429.57927301786
v -10525.6483329212 1458.98213081056 -1818.38191579785
v -10852.1272778045 1487.71437982074 -2809.52769158369
v -10726.9157097804 767.182760695665 -2401.83637766896
cstype bspline
deg 1
curv 0 5 2641 2642 2643 2644 2645
parm u 0 0 1 2 3 4
end
v -10765.658249994 767.512085419556 -2391.60137371389
v -10443.3174406945 778.413714715483 -1414.54412314423
v -10562.8659133509 1459.69928174975 -1803.53762288329
v -10890.9619439992 1488.57384471799 -2799.59265162477
v -10765.658249994 767.512085419556 -2391.60137371389
cstype bspline
deg 1
curv 0 5 2646 2647 2648 2649 2650
parm u 0 0 1 2 3 4
end
v -10145.7776065771 762.242889837129 -2555.36143699504
v -9848.77464386529 772.287588199426 -1655.10652112232
v -9967.38462647621 1448.22486672294 -2041.04630951613
v -10269.6072848836 1474.82240636207 -2958.55329096745
v -10145.7776065771 762.242889837129 -2555.36143699504
cstype bspline
deg 1
curv 0 5 2651 2652 2653 2654 2655
parm u 0 0 1 2 3 4
end
v -10184.5201467907 762.57221456102 -2545.12643303996
v -9885.93356866711 772.670471106685 -1640.07137124869
v -10004.6022069059 1448.94201766211 -2026.20201660158
v -10308.4419510783 1475.68187125932 -2948.61825100853
v -10184.5201467907 762.57221456102 -2545.12643303996
cstype bspline
deg 1
curv 0 5 2656 2657 2658 2659 2660
parm u 0 0 1 2 3 4
end
v -10964.0174908615 1491.16584955476 -2829.63165337306
v -10226.1588331617 1474.83601650712 -3018.39741259248
v -10095.2481093113 721.508530035208 -2592.14953586394
v -10831.3563733685 727.765699786978 -2397.68446071627
v -10964.0174908615 1491.16584955476 -2829.63165337306
cstype bspline
deg 1
curv 0 5 2661 2662 2663 2664 2665
parm u 0 0 1 2 3 4
end
v -10949.2139432913 1489.86304206384 -2784.6900916864
v -10211.3552855915 1473.53320901623 -2973.45585090582
v -10087.6669139469 761.766843539983 -2570.72409418751
v -10823.775178004 768.024013291782 -2376.25901903983
v -10949.2139432913 1489.86304206384 -2784.6900916864
cstype bspline
deg 1
curv 0 5 2666 2667 2668 2669 2670
parm u 0 0 1 2 3 4
end
v -10831.3563733682 727.7656997882 -2397.68446071562
v -10095.2481093115 721.508530034014 -2592.14953586457
v -9786.06148612806 731.965282179444 -1654.96434787343
v -10492.0810573628 739.24005741725 -1369.29650027445
v -10831.3563733682 727.7656997882 -2397.68446071562
cstype bspline
deg 1
curv 0 5 2671 2672 2673 2674 2675
parm u 0 0 1 2 3 4
end
v -10823.7785981395 768.005851394904 -2376.26868478657
v -10087.6703340828 761.748681640718 -2570.73375993552
v -9793.03625666255 771.713263838552 -1677.65924593277
v -10499.0558278972 778.988039076357 -1391.99139833379
v -10823.7785981395 768.005851394904 -2376.26868478657
cstype bspline
deg 1
curv 0 5 2676 2677 2678 2679 2680
parm u 0 0 1 2 3 4
end
v -10954.2010795082 780.05216375232 -3402.34505959752
v -10783.2450036933 793.916570496222 -2451.17130100961
v -10828.7397517277 1475.32269299994 -2856.367749322
v -11001.4417482235 1499.01991113558 -3825.62452178594
v -10954.2010795082 780.05216375232 -3402.34505959752
cstype bspline
deg 1
curv 0 5 2681 2682 2683 2684 2685
parm u 0 0 1 2 3 4
end
v -10993.9663105523 781.559403861262 -3397.6407270733
v -10822.1459461058 795.493903750874 -2441.65819721305
v -10867.6447830649 1476.96126889216 -2846.89106330687
v -11041.2235133479 1500.77878761623 -3821.06833569593
v -10993.9663105523 781.559403861262 -3397.6407270733
cstype bspline
deg 1
curv 0 5 2686 2687 2688 2689 2690
parm u 0 0 1 2 3 4
end
v -10357.7226138469 757.443562117987 -3472.91004746084
v -10199.7308675058 770.256571676233 -2593.86785795798
v -10245.1642816688 1450.74405461631 -2998.51803954898
v -10404.7152713576 1472.63676392558 -3893.96731313611
v -10357.7226138469 757.443562117987 -3472.91004746084
cstype bspline
deg 1
curv 0 5 2691 2692 2693 2694 2695
parm u 0 0 1 2 3 4
end
v -10397.4878448909 758.950802226958 -3468.20571493662
v -10238.6318099183 771.833904930885 -2584.35475416142
v -10284.069313006 1452.38263050851 -2989.04135353384
v -10444.497036482 1474.3956404062 -3889.4111270461
v -10397.4878448909 758.950802226958 -3468.20571493662
cstype bspline
deg 1
curv 0 5 2696 2697 2698 2699 2700
parm u 0 0 1 2 3 4
end
v -11109.1741399848 1504.55296108173 -3860.69262289294
v -10353.3206026213 1471.13430794902 -3947.26015860316
v -10303.6302073384 714.883549128746 -3502.03098714443
v -11059.1695971758 743.521111195179 -3412.64866918207
v -11109.1741399848 1504.55296108173 -3860.69262289294
cstype bspline
deg 1
curv 0 5 2701 2702 2703 2704 2705
parm u 0 0 1 2 3 4
end
v -11100.8961610345 1503.41710233726 -3814.23405656091
v -10345.042623671 1469.99844920455 -3900.80159227113
v -10298.0759885858 755.201289307006 -3479.97748922006
v -11053.6153784232 783.838851373468 -3390.59517125769
v -11100.8961610345 1503.41710233726 -3814.23405656091
cstype bspline
deg 1
curv 0 5 2706 2707 2708 2709 2710
parm u 0 0 1 2 3 4
end
v -11059.1695971755 743.5211111971 -3412.64866918103
v -10303.6302073386 714.883549126913 -3502.03098714543
v -10138.7332506175 728.256565955438 -2584.56925110296
v -10877.8511564551 758.225897794095 -2403.82027896836
v -11059.1695971755 743.5211111971 -3412.64866918103
cstype bspline
deg 1
curv 0 5 2711 2712 2713 2714 2715
parm u 0 0 1 2 3 4
end
v -11053.6179817682 783.819953848521 -3390.60550806044
v -10298.0785919313 755.182391778333 -3479.98782602485
v -10141.379453887 767.890571794211 -2608.13751365282
v -10880.4973597246 797.859903632867 -2427.38854151821
v -11053.6179817682 783.819953848521 -3390.60550806044
cstype bspline
deg 1
curv 0 5 2716 2717 2718 2719 2720
parm u 0 0 1 2 3 4
end
v -11054.7426130357 784.556735223829 -4593.25542008218
v -10987.5891366652 803.224975738092 -3458.44187183103
v -10987.206053296 1486.15719091339 -3866.88573579501
v -11029.2456286902 1500.72097411691 -4593.25542008218
v -11054.7426130357 784.556735223829 -4593.25542008218
cstype bspline
deg 1
curv 0 5 2721 2722 2723 2724 2725
parm u 0 0 1 2 3 4
end
v -11094.7637252277 786.601102712943 -4593.25542008218
v -11027.3534081594 805.340743312205 -3454.10157078662
v -11026.9703607444 1488.20886204753 -3862.50710034927
v -11069.2633552706 1502.86043731991 -4593.25542008218
v -11094.7637252277 786.601102712943 -4593.25542008218
cstype bspline
deg 1
curv 0 5 2726 2727 2728 2729 2730
parm u 0 0 1 2 3 4
end
v -10454.425930156 753.89122288712 -4593.25542008218
v -10391.1250642527 771.488462126406 -3523.54638749723
v -10390.7414415705 1455.38212390145 -3932.56526748106
v -10428.9797299839 1468.62902607169 -4593.25542008218
v -10454.425930156 753.89122288712 -4593.25542008218
cstype bspline
deg 1
curv 0 5 2731 2732 2733 2734 2735
parm u 0 0 1 2 3 4
end
v -10494.4470423479 755.935590376233 -4593.25542008218
v -10430.8893357469 773.604229700519 -3519.20608645282
v -10430.5057490189 1457.43379503561 -3928.18663203533
v -10468.9974565643 1470.76848927472 -4593.25542008218
v -10494.4470423479 755.935590376233 -4593.25542008218
cstype bspline
deg 1
curv 0 5 2736 2737 2738 2739 2740
parm u 0 0 1 2 3 4
end
v -11131.6049963502 1506.87163603614 -4633.25542008218
v -10371.2681913222 1466.22183517891 -4633.25542008218
v -10398.1849162941 710.179646356992 -4633.25542008218
v -11158.5860479421 749.022628640843 -4633.25542008218
v -11131.6049963502 1506.87163603614 -4633.25542008218
cstype bspline
deg 1
curv 0 5 2741 2742 2743 2744 2745
parm u 0 0 1 2 3 4
end
v -11129.2899451412 1506.06963212442 -4593.25542008218
v -10368.9531401132 1465.41983126718 -4593.25542008218
v -10394.390706565 750.924533691548 -4593.25542008218
v -11154.7918382131 789.7675159754 -4593.25542008218
v -11129.2899451412 1506.06963212442 -4593.25542008218
cstype bspline
deg 1
curv 0 5 2746 2747 2748 2749 2750
parm u 0 0 1 2 3 4
end
v -11158.5860479416 749.022628645704 -4633.25542007741
v -10398.1849162945 710.179646352422 -4633.25542008671
v -10331.500868753 728.717388629506 -3506.37465840119
v -11087.0220271422 768.916972537583 -3423.90893855733
v -11158.5860479416 749.022628645704 -4633.25542007741
cstype bspline
deg 1
curv 0 5 2751 2752 2753 2754 2755
parm u 0 0 1 2 3 4
end
v -11154.8012901235 789.66601472706 -4593.35506571136
v -10394.4001584763 750.823032433749 -4593.35506572066
v -10331.4786570114 768.314810765238 -3530.05683906385
v -11086.9998154006 808.514394673373 -3447.59111922
v -11154.8012901235 789.66601472706 -4593.35506571136
cstype bspline
deg 1
curv 0 5 2756 2757 2758 2759 2760
parm u 0 0 1 2 3 4
end
v -11107.4338657651 60.7152372198761 -4633.25542008218
v -11068.3279853754 48.6646992907044 -3974.89918114016
v -10990.9059170626 762.256817762012 -3513.79241839043
v -11060.0867959087 743.991067613737 -4633.25542008218
v -11107.4338657651 60.7152372198761 -4633.25542008218
cstype bspline
deg 1
curv 0 5 2761 2762 2763 2764 2765
parm u 0 0 1 2 3 4
end
v -11147.4583362359 62.8051130349922 -4633.25542008218
v -11108.0664829128 50.6664521011116 -3970.08476287232
v -11030.6310917586 764.381365982583 -3508.89865256172
v -11100.1143968754 746.035766563931 -4633.25542008218
v -11147.4583362359 62.8051130349922 -4633.25542008218
cstype bspline
deg 1
curv 0 5 2766 2767 2768 2769 2770
parm u 0 0 1 2 3 4
end
v -10507.066808702 29.3670999931055 -4633.25542008218
v -10472.2505223146 18.6384071345383 -4047.1154551577
v -10395.0282966231 730.388594453601 -3587.19890582099
v -10459.6727814072 713.320583361172 -4633.25542008218
v -10507.066808702 29.3670999931055 -4633.25542008218
cstype bspline
deg 1
curv 0 5 2771 2772 2773 2774 2775
parm u 0 0 1 2 3 4
end
v -10547.0912791728 31.4569758082216 -4633.25542008218
v -10511.989019852 20.6401599449455 -4042.30103688987
v -10434.7534713191 732.513142674143 -3582.30513999228
v -10499.7003823739 715.365282311337 -4633.25542008218
v -10547.0912791728 31.4569758082216 -4633.25542008218
cstype bspline
deg 1
curv 0 5 2776 2777 2778 2779 2780
parm u 0 0 1 2 3 4
end
v -11210.2608993234 26.0252392256516 -4633.25542008218
v -10449.7959603768 -13.6824012615543 -4633.25542008218
v -10414.1220791568 -24.6753633030748 -4032.67765442455
v -11169.1535323669 13.3579400946037 -3941.20370733012
v -11210.2608993234 26.0252392256516 -4633.25542008218
cstype bspline
deg 1
curv 0 5 2781 2782 2783 2784 2785
parm u 0 0 1 2 3 4
end
v -11207.4950419423 65.9399267576518 -4633.25542008218
v -10447.0301029956 26.2322862704459 -4633.25542008218
v -10412.6433791925 15.6359637910209 -4054.34723729648
v -11167.6748324026 53.6692671886703 -3962.87329020205
v -11207.4950419423 65.9399267576518 -4633.25542008218
cstype bspline
deg 1
curv 0 5 2786 2787 2788 2789 2790
parm u 0 0 1 2 3 4
end
v -11169.1535323668 13.3579400970193 -3941.20370733143
v -10414.1220791569 -24.675363305374 -4032.67765442332
v -10332.4608743287 727.988488489616 -3546.32363907428
v -11087.2391935521 768.354904680251 -3453.3420883289
v -11169.1535323668 13.3579400970193 -3941.20370733143
cstype bspline
deg 1
curv 0 5 2791 2792 2793 2794 2795
parm u 0 0 1 2 3 4
end
v -11167.6751508035 53.6605871560751 -3962.86862420121
v -10412.6436975936 15.6272837536526 -4054.34257129308
v -10335.4405345791 727.20177212276 -3594.53955456404
v -11090.2188538026 767.568188313424 -3501.55800381867
v -11167.6751508035 53.6605871560751 -3962.86862420121
cstype bspline
deg 1
curv 0 5 2796 2797 2798 2799 2800
parm u 0 0 1 2 3 4
end
v -11084.2361437201 59.2333882605308 -3918.60444507311
v -10914.0698979834 42.1305644970853 -3010.84365395453
v -10790.4275328383 753.017022488202 -2504.65571038433
v -10975.0098374127 739.078241859504 -3482.42965589061
v -11084.2361437201 59.2333882605308 -3918.60444507311
cstype bspline
deg 1
curv 0 5 2801 2802 2803 2804 2805
parm u 0 0 1 2 3 4
end
v -11124.0597047153 60.7612646930793 -3914.09326954887
v -10952.7392154171 43.5424318813602 -3000.17510542093
v -10829.0650109951 754.611950999708 -2493.85681285547
v -11014.8370602196 740.58332649502 -3477.93310312508
v -11124.0597047153 60.7612646930793 -3914.09326954887
cstype bspline
deg 1
curv 0 5 2806 2807 2808 2809 2810
parm u 0 0 1 2 3 4
end
v -10486.8827287914 36.315241772536 -3986.27207793673
v -10334.0301364784 20.952553732961 -3170.87188195848
v -10210.865360486 729.0930948155 -2666.63917331722
v -10377.6014953094 716.501972326572 -3549.87794737358
v -10486.8827287914 36.315241772536 -3986.27207793673
cstype bspline
deg 1
curv 0 5 2811 2812 2813 2814 2815
parm u 0 0 1 2 3 4
end
v -10526.7062897867 37.8431182050845 -3981.76090241248
v -10372.6994539121 22.364421117265 -3160.20333342488
v -10249.5028386428 730.688023327006 -2655.84027578837
v -10417.4287181163 718.007056962117 -3545.38139460805
v -10526.7062897867 37.8431182050845 -3981.76090241248
cstype bspline
deg 1
curv 0 5 2816 2817 2818 2819 2820
parm u 0 0 1 2 3 4
end
v -11190.1401950814 23.5596921475953 -3932.66466943664
v -10433.4925361718 -5.46996007056441 -4018.37700439722
v -10273.8557862211 -21.5145004478982 -3166.78636255441
v -11008.5728174616 5.3109798534133 -2964.08394042078
v -11190.1401950814 23.5596921475953 -3932.66466943664
cstype bspline
deg 1
curv 0 5 2821 2822 2823 2824 2825
parm u 0 0 1 2 3 4
end
v -11183.7950462082 63.0530793418584 -3907.32650626251
v -10427.1473872986 34.0234271237568 -3993.03884122309
v -10276.0316458682 18.8353039893263 -3186.9039676617
v -11010.7486771086 45.6607842906087 -2984.20154552807
v -11183.7950462082 63.0530793418584 -3907.32650626251
cstype bspline
deg 1
curv 0 5 2826 2827 2828 2829 2830
parm u 0 0 1 2 3 4
end
v -11008.5728174615 5.31097985140514 -2964.08394041981
v -10273.8557862212 -21.5145004459191 -3166.78636255539
v -10143.5986584313 727.403785725444 -2633.51778932857
v -10877.710743411 757.707427444169 -2428.33873628024
v -11008.5728174615 5.31097985140514 -2964.08394041981
cstype bspline
deg 1
curv 0 5 2831 2832 2833 2834 2835
parm u 0 0 1 2 3 4
end
v -11010.7473561707 45.6362884144764 -2984.18933237439
v -10276.0303249304 18.8108081171231 -3186.89175450996
v -10152.9091432507 726.700702048256 -2682.83751961051
v -10887.0212282304 757.004343766981 -2477.65846656218
v -11010.7473561707 45.6362884144764 -2984.18933237439
cstype bspline
deg 1
curv 0 5 2836 2837 2838 2839 2840
parm u 0 0 1 2 3 4
end
v -10931.1974691642 50.1482235766016 -2949.43463940718
v -10608.9392577629 32.8901168295706 -2022.3626374914
v -10414.635473181 737.440466765547 -1478.62221334803
v -10763.1087430874 726.353859350231 -2480.47585390296
v -10931.1974691642 50.1482235766016 -2949.43463940718
cstype bspline
deg 1
curv 0 5 2841 2842 2843 2844 2845
parm u 0 0 1 2 3 4
end
v -10970.1251867339 50.3756175338058 -2939.59648836508
v -10645.420933122 32.986516273435 -2005.48771541089
v -10451.0318535699 737.846147890523 -1461.50860150962
v -10802.0119678292 726.679785723274 -2470.56936914755
v -10970.1251867339 50.3756175338058 -2939.59648836508
cstype bspline
deg 1
curv 0 5 2846 2847 2848 2849 2850
parm u 0 0 1 2 3 4
end
v -10347.2817056189 46.7373142181605 -3097.00690503865
v -10061.7141273755 31.4441251714597 -2275.48646869909
v -9868.68976734736 731.355249891203 -1735.32639092419
v -10179.5603719604 721.464963754668 -2629.07312523405
v -10347.2817056189 46.7373142181605 -3097.00690503865
cstype bspline
deg 1
curv 0 5 2851 2852 2853 2854 2855
parm u 0 0 1 2 3 4
end
v -10386.2094231886 46.9647081753646 -3087.16875399655
v -10098.1958027346 31.5405246153241 -2258.61154661858
v -9905.08614773628 731.760931016121 -1718.21277908578
v -10218.4635967022 721.790890127682 -2619.16664047864
v -10386.2094231886 46.9647081753646 -3087.16875399655
cstype bspline
deg 1
curv 0 5 2856 2857 2858 2859 2860
parm u 0 0 1 2 3 4
end
v -11038.333982339 11.2229295597645 -2952.228791869
v -10298.7073485151 6.90244437244837 -3139.15366166888
v -10001.0760057878 -9.03680341804284 -2282.92820340925
v -10694.2278376118 -7.20521398444544 -1962.30468387944
v -11038.333982339 11.2229295597645 -2952.228791869
cstype bspline
deg 1
curv 0 5 2861 2862 2863 2864 2865
parm u 0 0 1 2 3 4
end
v -11028.5167630884 50.7167084696412 -2924.83926180193
v -10288.8901292644 46.396223282296 -3111.7641316018
v -10007.0032887206 31.300151211617 -2300.8324366721
v -10700.1551205446 33.1317406452436 -1980.20891714229
v -11028.5167630884 50.7167084696412 -2924.83926180193
cstype bspline
deg 1
curv 0 5 2866 2867 2868 2869 2870
parm u 0 0 1 2 3 4
end
v -10694.2278376118 -7.20521398441633 -1962.30468387945
v -10001.0760057878 -9.03680341804284 -2282.92820340924
v -9796.90463966011 731.293642341276 -1711.57430283989
v -10488.4358670494 739.001583715493 -1386.4156779101
v -10694.2278376118 -7.20521398441633 -1962.30468387945
cstype bspline
deg 1
curv 0 5 2871 2872 2873 2874 2875
parm u 0 0 1 2 3 4
end
v -10700.1510024866 33.1037160140113 -1980.1964779401
v -10006.9991706626 31.2721265803557 -2300.81999746988
v -9814.095196764 730.746728203754 -1760.9968086818
v -10505.6264241533 738.454669577972 -1435.83818375201
v -10700.1510024866 33.1037160140113 -1980.1964779401
cstype bspline
deg 1
curv 0 5 2876 2877 2878 2879 2880
parm u 0 0 1 2 3 4
end
v -10618.5341748559 35.0600298971403 -1959.15534411436
v -10121.8167493826 18.2878468456329 -1044.03051632439
v -9847.23914127022 712.577216765523 -471.102795295165
v -10384.8917738525 705.65236946143 -1464.03486436883
v -10618.5341748559 35.0600298971403 -1959.15534411436
cstype bspline
deg 1
curv 0 5 2881 2882 2883 2884 2885
parm u 0 0 1 2 3 4
end
v -10655.640559926 33.1822068515175 -1943.76710855382
v -10154.8502091482 16.272497219994 -1021.13854750069
v -9880.08314402229 711.040922921064 -447.815509549068
v -10421.8978432058 704.062469117285 -1448.43404596522
v -10655.640559926 33.1822068515175 -1943.76710855382
cstype bspline
deg 1
curv 0 5 2886 2887 2888 2889 2890
parm u 0 0 1 2 3 4
end
v -10061.9383988038 63.2273755812494 -2189.97887752236
v -9626.31485289861 48.5180912301003 -1387.41004867986
v -9354.57909998927 735.621624431922 -820.412081486608
v -9829.80073355367 729.500874623191 -1698.047140423
v -10061.9383988038 63.2273755812494 -2189.97887752236
cstype bspline
deg 1
curv 0 5 2891 2892 2893 2894 2895
parm u 0 0 1 2 3 4
end
v -10099.044783874 61.3495525356557 -2174.59064196182
v -9659.34831266421 46.5027416044613 -1364.51807985616
v -9387.42310274133 734.085330587492 -797.124795740512
v -9866.80680290692 727.910974279075 -1682.44632201939
v -10099.044783874 61.3495525356557 -2174.59064196182
cstype bspline
deg 1
curv 0 5 2896 2897 2898 2899 2900
parm u 0 0 1 2 3 4
end
v -10725.0436969171 -9.0808165880153 -1949.80925353751
v -10020.0223805845 26.5978212785558 -2242.18572918764
v -9566.78610713615 11.2938247726706 -1407.16818114738
v -10194.4218426839 -26.9978181142651 -972.220773499589
v -10725.0436969171 -9.0808165880153 -1949.80925353751
cstype bspline
deg 1
curv 0 5 2901 2902 2903 2904 2905
parm u 0 0 1 2 3 4
end
v -10711.3001375313 30.3654722830979 -1920.68475521302
v -10006.2788211986 66.044110149669 -2213.06123086316
v -9576.78217623537 51.5417070128024 -1421.78026687475
v -10204.4179117831 13.2500641258375 -986.832859226963
v -10711.3001375313 30.3654722830979 -1920.68475521302
cstype bspline
deg 1
curv 0 5 2906 2907 2908 2909 2910
parm u 0 0 1 2 3 4
end
v -10194.4218426836 -26.9978181153128 -972.220773499212
v -9566.78610713642 11.2938247737184 -1407.16818114777
v -9279.28495893792 738.261301860446 -807.274479825872
v -9903.32101122713 709.071718816325 -364.816050650045
v -10194.4218426836 -26.9978181153128 -972.220773499212
cstype bspline
deg 1
curv 0 5 2911 2912 2913 2914 2915
parm u 0 0 1 2 3 4
end
v -10204.411065927 13.2225001697079 -986.822852069621
v -9576.7753303798 51.5141430587391 -1421.77025971818
v -9305.31309586117 737.926065198553 -855.343010105753
v -9929.34914815038 708.736482154432 -412.884580929926
v -10204.411065927 13.2225001697079 -986.822852069621
cstype bspline
deg 1
curv 0 5 2916 2917 2918 2919 2920
parm u 0 0 1 2 3 4
end
v -10120.8039148179 14.7706500420172 -981.246956143742
v -9443.52161497084 -1.17835377590382 -113.130432505435
v -9082.45841818975 678.701233631524 479.630097087833
v -9817.69522574078 676.792332459328 -466.399589692282
v -10120.8039148179 14.7706500420172 -981.246956143742
cstype bspline
deg 1
curv 0 5 2921 2922 2923 2924 2925
parm u 0 0 1 2 3 4
end
v -10154.981874653 10.0894348209258 -960.486150688956
v -9472.0649437954 -5.99225628489512 -85.1473560921831
v -9110.64104010305 674.566539826686 508.205349113707
v -9851.62979654426 672.64270482384 -445.225374109458
v -10154.981874653 10.0894348209258 -960.486150688956
cstype bspline
deg 1
curv 0 5 2926 2927 2928 2929 2930
parm u 0 0 1 2 3 4
end
v -9608.13451729115 84.9888783585047 -1292.65903796551
v -9015.37168260239 71.0301838588493 -532.876578704168
v -8659.71908949027 740.72164070388 51.0013166997614
v -9308.67666368854 739.036746991595 -784.012823434618
v -9608.13451729115 84.9888783585047 -1292.65903796551
cstype bspline
deg 1
curv 0 5 2931 2932 2933 2934 2935
parm u 0 0 1 2 3 4
end
v -9642.31247712627 80.3076631374133 -1271.89823251073
v -9043.91501142695 66.2162813498871 -504.89350229092
v -8687.90171140357 736.586946899042 79.5765687256335
v -9342.61123449202 734.887119356106 -762.838607851796
v -9642.31247712627 80.3076631374133 -1271.89823251073
cstype bspline
deg 1
curv 0 5 2936 2937 2938 2939 2940
parm u 0 0 1 2 3 4
end
v -10224.2103982136 -36.1624014014378 -959.853715280398
v -9574.82916134632 52.7806877994153 -1354.30901892131
v -8958.81121879729 38.2743696513644 -564.718984004961
v -9501.13446646682 -53.1897780192667 -33.0405321568496
v -10224.2103982136 -36.1624014014378 -959.853715280398
cstype bspline
deg 1
curv 0 5 2941 2942 2943 2944 2945
parm u 0 0 1 2 3 4
end
v -10206.2488144057 3.06761198930326 -929.344942506778
v -9556.86757753848 92.0107011901564 -1323.80024614769
v -8972.57722180444 78.2515211311402 -574.877511078808
v -9514.90046947397 -13.2126265394909 -43.1990592306984
v -10206.2488144057 3.06761198930326 -929.344942506778
cstype bspline
deg 1
curv 0 5 2946 2947 2948 2949 2950
parm u 0 0 1 2 3 4
end
v -9501.13446646624 -53.1897780209547 -33.0405321564322
v -8958.81121879784 38.2743696529651 -564.718984005376
v -8582.4210118146 747.014614876884 53.2040289578563
v -9117.89082816728 668.455432585237 596.133817449416
v -9501.13446646624 -53.1897780209547 -33.0405321564322
cstype bspline
deg 1
curv 0 5 2951 2952 2953 2954 2955
parm u 0 0 1 2 3 4
end
v -9514.89229199102 -13.2363743531751 -43.1930247135024
v -8972.56904432262 78.2277733207156 -574.871476562446
v -8617.44515662032 746.923681411106 8.13843866095522
v -9152.914972973 668.36449911946 551.068227152515
v -9514.89229199102 -13.2363743531751 -43.1930247135024
cstype bspline
deg 1
curv 0 5 2956 2957 2958 2959 2960
parm u 0 0 1 2 3 4
end
v -9430.04827804625 -8.75646475827671 -53.1077151136715
v -8579.94686741801 -23.9496710854874 738.507879788856
v -8128.77961855909 637.772317527328 1341.7106212018
v -9054.83109193658 640.742304276093 475.658178414145
v -9430.04827804625 -8.75646475827671 -53.1077151136715
cstype bspline
deg 1
curv 0 5 2961 2962 2963 2964 2965
parm u 0 0 1 2 3 4
end
v -9460.31589977301 -16.6721800922824 -27.7336185473068
v -8603.41171028168 -31.9869672351051 770.216733325822
v -8151.63304964217 630.631772239722 1374.23692162374
v -9084.63801255826 633.624059878202 501.681507053278
v -9460.31589977301 -16.6721800922824 -27.7336185473068
cstype bspline
deg 1
curv 0 5 2966 2967 2968 2969 2970
parm u 0 0 1 2 3 4
end
v -8976.03395214485 109.979265251546 -433.719163609124
v -8227.97422446295 96.6097711586626 262.875076734388
v -7785.97815231285 744.880496841768 853.816114872701
v -8607.72728261136 747.515970244684 85.3082488271593
v -8976.03395214485 109.979265251546 -433.719163609124
cstype bspline
deg 1
curv 0 5 2971 2972 2973 2974 2975
parm u 0 0 1 2 3 4
end
v -9006.3015738716 102.06354991757 -408.345067042757
v -8251.43906732662 88.5724750090449 294.583930271354
v -7808.83158339594 737.739951554162 886.342415294641
v -8637.53420323304 740.397725846793 111.331577466291
v -9006.3015738716 102.06354991757 -408.345067042757
cstype bspline
deg 1
curv 0 5 2976 2977 2978 2979 2980
parm u 0 0 1 2 3 4
end
v -9528.0945679059 -67.2806177994644 -21.2070605569597
v -8953.00975509745 83.1179735463229 -503.314895317871
v -8176.13112371574 69.2334214326402 220.115547520481
v -8621.96313812431 -83.4752054100099 822.583764723908
v -9528.0945679059 -67.2806177994644 -21.2070605569597
cstype bspline
deg 1
curv 0 5 2981 2982 2983 2984 2985
parm u 0 0 1 2 3 4
end
v -9505.71733236315 -28.5457530932617 10.3275263022406
v -8930.6325195547 121.852838252555 -471.780308458671
v -8192.79733960646 108.666079609073 215.292819067483
v -8638.62935401504 -44.0425472335482 817.761036270909
v -9505.71733236315 -28.5457530932617 10.3275263022406
cstype bspline
deg 1
curv 0 5 2986 2987 2988 2989 2990
parm u 0 0 1 2 3 4
end
v -8621.96313812455 -83.4752054093988 822.58376472384
v -8176.13112371553 69.2334214321454 220.115547520545
v -7708.26190154626 755.452008635883 845.648535894639
v -8142.47709212484 619.781648170931 1463.64824391151
v -8621.96313812455 -83.4752054093988 822.58376472384
cstype bspline
deg 1
curv 0 5 2991 2992 2993 2994 2995
parm u 0 0 1 2 3 4
end
v -8638.62146025261 -44.0612240608316 817.763320501053
v -8192.78944584359 108.647402780713 215.295103297758
v -7751.69800568822 755.591314773221 805.026664239789
v -8185.9131962668 619.920954308269 1423.02637225666
v -8638.62146025261 -44.0612240608316 817.763320501053
cstype bspline
deg 1
curv 0 5 2996 2997 2998 2999 3000
parm u 0 0 1 2 3 4
end
v -8553.70049405283 -33.4161198074289 794.134281143426
v -7545.51750035876 -48.0734303457721 1488.03045746059
v -7001.75778370809 592.461251033441 2092.25422794197
v -8103.65884494936 599.39008922872 1330.63109450649
v -8553.70049405283 -33.4161198074289 794.134281143426
cstype bspline
deg 1
curv 0 5 3001 3002 3003 3004 3005
parm u 0 0 1 2 3 4
end
v -8579.42965028532 -44.7008312764519 822.991860489567
v -7563.77761860028 -59.4667292537051 1522.02870763248
v -7019.06610860175 582.189139720227 2127.31010733456
v -8128.63357216242 589.166184839938 1360.38803231343
v -8579.42965028532 -44.7008312764519 822.991860489567
cstype bspline
deg 1
curv 0 5 3006 3007 3008 3009 3010
parm u 0 0 1 2 3 4
end
v -8167.76315056552 135.854552228091 361.270590951299
v -7271.61572673589 122.826053273689 978.05670488227
v -6742.13291030324 746.542920732143 1566.4160370532
v -7729.03793675348 752.748655060655 884.277027402421
v -8167.76315056552 135.854552228091 361.270590951299
cstype bspline
deg 1
curv 0 5 3011 3012 3013 3014 3015
parm u 0 0 1 2 3 4
end
v -8193.49230679801 124.569840759039 390.128170297441
v -7289.87584497742 111.432754365698 1012.05495505416
v -6759.44123519689 736.270809418871 1601.47191644578
v -7754.01266396653 742.524750671844 914.033965209359
v -8193.49230679801 124.569840759039 390.128170297441
cstype bspline
deg 1
curv 0 5 3016 3017 3018 3019 3020
parm u 0 0 1 2 3 4
end
v -8644.99202764917 -99.5486659983872 834.128780525196
v -8156.13805923192 114.860851913225 285.834772948507
v -7225.84807537084 101.335976697679 926.11998575705
v -7572.79032195887 -115.136702553573 1572.08673902356
v -8644.99202764917 -99.5486659983872 834.128780525196
cstype bspline
deg 1
curv 0 5 3021 3022 3023 3024 3025
parm u 0 0 1 2 3 4
end
v -8618.02338463405 -61.6278984799865 866.278229508775
v -8129.1694162168 152.781619431626 317.984221932085
v -7244.24377214481 139.916266564513 927.046787544936
v -7591.18601873284 -76.5564126867393 1573.01354081144
v -8618.02338463405 -61.6278984799865 866.278229508775
cstype bspline
deg 1
curv 0 5 3026 3027 3028 3029 3030
parm u 0 0 1 2 3 4
end
v -7572.79032195904 -115.136702553224 1572.08673902357
v -7225.84807537065 101.33597669733 926.119985757055
v -6665.31325183132 761.631293918093 1548.98419249019
v -6994.1714248108 566.461178966449 2215.0459009493
v -7572.79032195904 -115.136702553224 1572.08673902357
cstype bspline
deg 1
curv 0 5 3031 3032 3033 3034 3035
parm u 0 0 1 2 3 4
end
v -7591.17938379535 -76.5703277786961 1573.0132065337
v -7244.23713720697 139.902351471887 927.046453267194
v -6716.17042296275 761.951087701978 1513.83221796432
v -7045.02859594223 566.780972750334 2179.89392642343
v -7591.17938379535 -76.5703277786961 1573.0132065337
cstype bspline
deg 1
curv 0 5 3036 3037 3038 3039 3040
parm u 0 0 1 2 3 4
end
v -7507.1159312896 -57.601334614621 1538.66462472471
v -6356.94883711924 -71.7794615306193 2120.19398622136
v -5718.14684391655 545.683649157028 2715.45581040693
v -6979.10736074596 555.028683602868 2075.20976005453
v -7507.1159312896 -57.601334614621 1538.66462472471
cstype bspline
deg 1
curv 0 5 3041 3042 3043 3044 3045
parm u 0 0 1 2 3 4
end
v -7528.07772972872 -72.1519781652896 1569.79581392268
v -6370.21439688462 -86.4249767301662 2155.21642633804
v -5730.0243821914 532.379789237748 2751.77166571838
v -6998.94375529835 541.783807121275 2107.48454807719
v -7528.07772972872 -72.1519781652896 1569.79581392268
cstype bspline
deg 1
curv 0 5 3046 3047 3048 3049 3050
parm u 0 0 1 2 3 4
end
v -7192.68895470297 160.65831864535 1071.69678675531
v -6157.96544063859 147.903266462294 1594.85738447131
v -5539.98376979374 745.241547945596 2170.71798073533
v -6681.5614424601 753.701830826234 1591.08793971478
v -7192.68895470297 160.65831864535 1071.69678675531
cstype bspline
deg 1
curv 0 5 3051 3052 3053 3054 3055
parm u 0 0 1 2 3 4
end
v -7213.65075314208 146.107675094681 1102.82797595327
v -6171.23100040396 133.257751262747 1629.87982458798
v -5551.8613080686 731.937688026374 2207.03383604677
v -6701.3978370125 740.456954344671 1623.36272773743
v -7213.65075314208 146.107675094681 1102.82797595327
cstype bspline
deg 1
curv 0 5 3056 3057 3058 3059 3060
parm u 0 0 1 2 3 4
end
v -7591.25909382965 -130.803216574859 1584.24079721584
v -7192.98492348658 145.659010887757 992.748202454601
v -6119.1599089085 132.421953924961 1535.67868468784
v -6371.20554445484 -145.842834865995 2201.10504690247
v -7591.25909382965 -130.803216574859 1584.24079721584
cstype bspline
deg 1
curv 0 5 3061 3062 3063 3064 3065
parm u 0 0 1 2 3 4
end
v -7559.52042738738 -93.977943491278 1616.49259771961
v -7161.24625704431 182.484283971338 1025.00000295837
v -6138.08237922357 169.87172759659 1542.31599955687
v -6390.12801476991 -108.393061194394 2207.74236177149
v -7559.52042738738 -93.977943491278 1616.49259771961
cstype bspline
deg 1
curv 0 5 3066 3067 3068 3069 3070
parm u 0 0 1 2 3 4
end
v -6371.20554445413 -145.842834867392 2201.10504690223
v -6119.15990890917 132.421953926329 1535.67868468809
v -5464.95512257205 764.773334630765 2145.29346148857
v -5690.62834979427 511.999996165221 2835.29471240594
v -6371.20554445413 -145.842834867392 2201.10504690223
cstype bspline
deg 1
curv 0 5 3071 3072 3073 3074 3075
parm u 0 0 1 2 3 4
end
v -6390.12293748809 -108.403109726729 2207.74058084557
v -6138.07730194315 169.86167906702 1542.31421863143
v -5522.16746238146 765.197337824444 2116.24419776817
v -5747.84068960368 512.4239993589 2806.24544868554
v -6390.12293748809 -108.403109726729 2207.74058084557
cstype bspline
deg 1
curv 0 5 3076 3077 3078 3079 3080
parm u 0 0 1 2 3 4
end
v -6307.12049588422 -80.2626802404993 2166.3230275227
v -5029.75699356437 -93.5675671574136 2623.99774821294
v -4292.90574518499 500.561457987031 3198.68422902286
v -5697.67425142326 510.41567925553 2692.89431460244
v -6307.12049588422 -80.2626802404993 2166.3230275227
cstype bspline
deg 1
curv 0 5 3081 3082 3083 3084 3085
parm u 0 0 1 2 3 4
end
v -6323.37973016875 -97.8059199735872 2198.66116304608
v -5038.42816661582 -111.189843356202 2659.05465861843
v -4299.66654325078 484.479532341182 3235.23108285987
v -5712.36832182219 494.389404217334 2726.58477671609
v -6323.37973016875 -97.8059199735872 2198.66116304608
cstype bspline
deg 1
curv 0 5 3086 3087 3088 3089 3090
parm u 0 0 1 2 3 4
end
v -6063.23198161627 182.885915755876 1681.25099467201
v -4899.68939779264 170.766575824295 2098.14409213061
v -4191.49377419816 741.790342674329 2650.48142146761
v -5477.26319543929 750.809804828343 2187.53738289757
v -6063.23198161627 182.885915755876 1681.25099467201
cstype bspline
deg 1
curv 0 5 3091 3092 3093 3094 3095
parm u 0 0 1 2 3 4
end
v -6079.4912159008 165.342676022789 1713.58913019539
v -4908.3605708441 153.144299625506 2133.2010025361
v -4198.25457226394 725.708417028509 2687.02827530462
v -5491.95726583822 734.783529790177 2221.22784501122
v -6079.4912159008 165.342676022789 1713.58913019539
cstype bspline
deg 1
curv 0 5 3096 3097 3098 3099 3100
parm u 0 0 1 2 3 4
end
v -6384.44445473563 -159.667219930125 2215.47982628407
v -6075.51900332957 173.654334998602 1601.05525133987
v -4868.3267343339 161.080344433809 2033.58787304748
v -5033.07902230754 -173.742903343082 2699.66917075315
v -6384.44445473563 -159.667219930125 2215.47982628407
cstype bspline
deg 1
curv 0 5 3101 3102 3103 3104 3105
parm u 0 0 1 2 3 4
end
v -6347.76858159554 -124.120779573219 2247.16836633115
v -6038.84313018949 209.200775355508 1632.74379138695
v -4886.69484138729 197.200117229426 2045.55435417008
v -5051.44712936093 -137.623130547436 2711.63565187575
v -6347.76858159554 -124.120779573219 2247.16836633115
cstype bspline
deg 1
curv 0 5 3106 3107 3108 3109 3110
parm u 0 0 1 2 3 4
end
v -5033.07902230812 -173.742903341918 2699.66917075353
v -4868.32673433332 161.080344432703 2033.58787304712
v -4118.74501533776 765.474049339129 2618.20312764083
v -4247.20017858774 459.917462068552 3312.59335054414
v -5033.07902230812 -173.742903341918 2699.66917075353
cstype bspline
deg 1
curv 0 5 3111 3112 3113 3114 3115
parm u 0 0 1 2 3 4
end
v -5051.44353486911 -137.630198898434 2711.63331013099
v -4886.69124689433 197.193048876215 2045.55201242459
v -4181.35257709947 765.913231143059 2595.66114071209
v -4309.80774034946 460.356643872481 3290.0513636154
v -5051.44353486911 -137.630198898434 2711.63331013099
cstype bspline
deg 1
curv 0 5 3116 3117 3118 3119 3120
parm u 0 0 1 2 3 4
end
v -4968.55504311674 -100.649081043608 2667.11516464264
v -3577.20572881769 -112.027927110787 2989.19977961102
v -2738.80245052237 460.716772800195 3528.35473611978
v -4274.2773155634 468.889019690861 3170.29553972232
v -4968.55504311674 -100.649081043608 2667.11516464264
cstype bspline
deg 1
curv 0 5 3121 3122 3123 3124 3125
parm u 0 0 1 2 3 4
end
v -4980.30435025242 -120.775413458789 2699.85843626892
v -3581.75817507406 -132.213117478677 3023.60905857383
v -2740.87888667354 442.223037727643 3564.35627164354
v -4283.98693174246 450.435910637752 3204.51708498445
v -4980.30435025242 -120.775413458789 2699.85843626892
cstype bspline
deg 1
curv 0 5 3126 3127 3128 3129 3130
parm u 0 0 1 2 3 4
end
v -4792.31543608153 201.245905184129 2175.96609024851
v -3508.91903497202 190.749928407255 2473.06059516902
v -2707.65590825484 738.122798888478 2988.3317032635
v -4128.63307287758 745.685655487207 2656.9723607904
v -4792.31543608153 201.245905184129 2175.96609024851
cstype bspline
deg 1
curv 0 5 3131 3132 3133 3134 3135
parm u 0 0 1 2 3 4
end
v -4804.06474321721 181.119572768948 2208.70936187479
v -3513.4714812284 170.564738039393 2507.46987413182
v -2709.73234440601 719.629063815897 3024.33323878726
v -4138.34268905663 727.232546434097 2691.19390605254
v -4804.06474321721 181.119572768948 2208.70936187479
cstype bspline
deg 1
curv 0 5 3136 3137 3138 3139 3140
parm u 0 0 1 2 3 4
end
v -5039.65888409865 -185.197828430508 2718.7289550251
v -4816.42204852072 197.202487457951 2096.60679412586
v -3485.19971539505 186.315376756014 2404.77256399802
v -3571.69619426573 -197.203240233503 3058.54886429135
v -5039.65888409865 -185.197828430508 2718.7289550251
cstype bspline
deg 1
curv 0 5 3141 3142 3143 3144 3145
parm u 0 0 1 2 3 4
end
v -4997.92831095594 -150.964912081574 2748.97334370833
v -4774.69147537801 231.435403806885 2126.85118280909
v -3502.09956563169 221.027789199579 2421.44454699886
v -3588.59604450239 -162.490827789938 3075.2208472922
v -4997.92831095594 -150.964912081574 2748.97334370833
cstype bspline
deg 1
curv 0 5 3146 3147 3148 3149 3150
parm u 0 0 1 2 3 4
end
v -3571.69619426581 -197.203240233357 3058.54886429142
v -3485.19971539499 186.315376755898 2404.77256399796
v -2637.36089664752 765.505847961758 2949.99526682143
v -2676.81318351973 414.124881583295 3634.02444177273
v -3571.69619426581 -197.203240233357 3058.54886429142
cstype bspline
deg 1
curv 0 5 3151 3152 3153 3154 3155
parm u 0 0 1 2 3 4
end
v -3588.59372086364 -162.495600560447 3075.21855498396
v -3502.09724199283 221.023016428837 2421.44225469053
v -2704.54125402808 765.863401497278 2934.32939997787
v -2743.99354090029 414.482435118814 3618.35857492916
v -3588.59372086364 -162.495600560447 3075.21855498396
cstype bspline
deg 1
curv 0 5 3156 3157 3158 3159 3160
parm u 0 0 1 2 3 4
end
v -3503.29405403343 -118.025668380142 3031.58217284651
v -2010.33794588059 -125.63104671365 3203.26541780983
v -1066.88541464335 430.843720832461 3686.46420387519
v -2721.58688824457 434.781666001567 3493.18255618302
v -3503.29405403343 -118.025668380142 3031.58217284651
cstype bspline
deg 1
curv 0 5 3161 3162 3163 3164 3165
parm u 0 0 1 2 3 4
end
v -3510.69092440094 -140.188539063034 3064.23781996657
v -2011.16945799113 -147.82736247452 3236.67605163295
v -1064.72642857174 410.411284785398 3721.40645168364
v -2726.51296318982 414.366091353528 3527.29721527581
v -3510.69092440094 -140.188539063034 3064.23781996657
cstype bspline
deg 1
curv 0 5 3166 3167 3168 3169 3170
parm u 0 0 1 2 3 4
end
v -3392.34099852077 214.417391863128 2541.74746604561
v -1997.86526422252 207.313689699105 2702.10591046307
v -1099.27020571758 737.330261538591 3162.33048674833
v -2647.69576406575 741.015285722387 2981.46266979108
v -3392.34099852077 214.417391863128 2541.74746604561
cstype bspline
deg 1
curv 0 5 3171 3172 3173 3174 3175
parm u 0 0 1 2 3 4
end
v -3399.73786888829 192.254521180235 2574.40311316568
v -1998.69677633305 185.117373938265 2735.5165442862
v -1097.11121964596 716.897825491498 3197.2727345568
v -2652.62183901101 720.599711074319 3015.57732888388
v -3399.73786888829 192.254521180235 2574.40311316568
cstype bspline
deg 1
curv 0 5 3176 3177 3178 3179 3180
parm u 0 0 1 2 3 4
end
v -3568.57498020843 -206.520893195615 3085.59239583883
v -3428.03444322572 214.573649779195 2465.13510055769
v -1981.94570137309 207.207021969021 2631.42880895971
v -1997.7444314782 -214.522977487097 3266.23085159838
v -3568.57498020843 -206.520893195615 3085.59239583883
cstype bspline
deg 1
curv 0 5 3181 3182 3183 3184 3185
parm u 0 0 1 2 3 4
end
v -3521.78622995221 -173.432845087344 3113.22129064666
v -3381.24569296951 247.661697887437 2492.76399536552
v -1996.62457847805 240.608196872374 2651.98920277951
v -2012.42330858316 -181.121802583773 3286.79124541818
v -3521.78622995221 -173.432845087344 3113.22129064666
cstype bspline
deg 1
curv 0 5 3186 3187 3188 3189 3190
parm u 0 0 1 2 3 4
end
v -1997.74443147768 -214.52297748829 3266.23085159765
v -1981.94570137358 207.207021970156 2631.42880896041
v -1031.49431281188 767.809911890014 3118.21213081432
v -990.47357745119 379.593626995571 3782.114839175
v -1997.74443147768 -214.52297748829 3266.23085159765
cstype bspline
deg 1
curv 0 5 3191 3192 3193 3194 3195
parm u 0 0 1 2 3 4
end
v -2012.4219418676 -181.124912488245 3286.7893310885
v -1996.62321176351 240.605086970201 2651.98728845125
v -1102.508684825 767.978915609216 3109.91711503564
v -1061.48794946431 379.762630714773 3773.81982339633
v -2012.4219418676 -181.124912488245 3286.7893310885
cstype bspline
deg 1
curv 0 5 3196 3197 3198 3199 3200
parm u 0 0 1 2 3 4
end
v -1919.65754045289 -131.005573600909 3247.82946515056
v -267.008251089377 -133.233354956203 3245.60824710165
v 738.898005356157 416.968935224082 3644.50161518032
v -1051.03387878925 413.465323259006 3642.61399700053
v -1919.65754045289 -131.005573600909 3247.82946515056
cstype bspline
deg 1
curv 0 5 3201 3202 3203 3204 3205
parm u 0 0 1 2 3 4
end
v -1922.63318325097 -154.504147800151 3280.20055842025
v -264.53365417014 -156.739276111941 3277.97201505985
v 744.536685295596 395.19367804713 3678.12010416717
v -1051.27859373409 391.678549927194 3676.22628150371
v -1922.63318325097 -154.504147800151 3280.20055842025
cstype bspline
deg 1
curv 0 5 3206 3207 3208 3209 3210
parm u 0 0 1 2 3 4
end
v -1875.02289848146 221.473039387754 2762.26306610547
v -304.127204877492 219.355462379812 2760.15172772893
v 654.317806264597 743.597792878572 3140.22428037774
v -1047.36315461672 740.266923235904 3138.42972945298
v -1875.02289848146 221.473039387754 2762.26306610547
cstype bspline
deg 1
curv 0 5 3211 3212 3213 3214 3215
parm u 0 0 1 2 3 4
end
v -1877.9985412795 197.974465188541 2794.63415937516
v -301.652607958229 195.849541224103 2792.51549568713
v 659.956486204035 721.822535701591 3173.84276936458
v -1047.60786956155 718.48014990412 3172.04201395615
v -1877.9985412795 197.974465188541 2794.63415937516
cstype bspline
deg 1
curv 0 5 3216 3217 3218 3219 3220
parm u 0 0 1 2 3 4
end
v -1978.6342338626 -222.056811668328 3305.3336573561
v -1922.0970206988 224.416098117305 2690.28288523232
v -295.584450830855 222.223549219838 2688.09679584226
v -248.567109363754 -224.388952739188 3303.00838704767
v -1978.6342338626 -222.056811668328 3305.3336573561
cstype bspline
deg 1
curv 0 5 3221 3222 3223 3224 3225
parm u 0 0 1 2 3 4
end
v -1927.09664744815 -189.752009099029 3328.75719832474
v -1870.5594342843 256.720900686661 2713.70642620098
v -307.843352410371 254.61434984536 2711.6060815067
v -260.826010943278 -191.998152113636 3326.51767271215
v -1927.09664744815 -189.752009099029 3328.75719832474
cstype bspline
deg 1
curv 0 5 3226 3227 3228 3229 3230
parm u 0 0 1 2 3 4
end
v -248.56710936395 -224.388952738664 3303.00838704807
v -295.584450830673 222.223549219343 2688.0967958419
v 717.589535873252 776.401082427474 3089.87219132866
v 824.72445472256 362.671196065145 3728.62348207859
v -248.56710936395 -224.388952738664 3303.00838704807
cstype bspline
deg 1
curv 0 5 3231 3232 3233 3234 3235
parm u 0 0 1 2 3 4
end
v -260.825279869725 -192.0000837759 3326.51627070913
v -307.842621336447 254.612418182107 2711.60467950298
v 645.859786355442 776.26067864403 3089.79654689749
v 752.99470520475 362.530792281701 3728.54783764741
v -260.825279869725 -192.0000837759 3326.51627070913
cstype bspline
deg 1
curv 0 5 3236 3237 3238 3239 3240
parm u 0 0 1 2 3 4
end
v -161.272056851172 -137.967875320086 3288.80453839652
v 1333.15624925813 -134.29063135403 3113.15323997201
v 2379.7295152961 420.333715211222 3407.92879029782
v 756.4869686604 410.384138967609 3594.21360408678
v -161.272056851172 -137.967875320086 3288.80453839652
cstype bspline
deg 1
curv 0 5 3241 3242 3243 3244 3245
parm u 0 0 1 2 3 4
end
v -159.696366205095 -161.982158099563 3320.8329074088
v 1338.79734969213 -158.294910640165 3144.70377106798
v 2388.34141239855 397.903789307195 3440.31606952338
v 760.668900670618 387.927059835318 3627.1092701976
v -159.696366205095 -161.982158099563 3320.8329074088
cstype bspline
deg 1
curv 0 5 3246 3247 3248 3249 3250
parm u 0 0 1 2 3 4
end
v -184.907416542312 222.246366371983 2808.37900321237
v 1248.53974274816 225.77355793785 2639.89527353262
v 2250.55105875934 756.782603771368 2922.11960191439
v 693.757988507128 747.240325952152 3100.77861242452
v -184.907416542312 222.246366371983 2808.37900321237
cstype bspline
deg 1
curv 0 5 3251 3252 3253 3254 3255
parm u 0 0 1 2 3 4
end
v -183.331725896238 198.232083592506 2840.40737222465
v 1254.18084318216 201.769278651715 2671.44580462858
v 2259.16295586179 734.352677867369 2954.50688113995
v 697.939920517347 724.783246819832 3133.67427853534
v -183.331725896238 198.232083592506 2840.40737222465
cstype bspline
deg 1
curv 0 5 3256 3257 3258 3259 3260
parm u 0 0 1 2 3 4
end
v -211.062575019318 -230.106577674014 3350.99543937699
v -241.000697294767 226.164795135934 2742.45642814371
v 1249.69518917171 229.83285497615 2567.24382882163
v 1356.87609741337 -226.248451460269 3166.70391964541
v -211.062575019318 -230.106577674014 3350.99543937699
cstype bspline
deg 1
curv 0 5 3261 3262 3263 3264 3265
parm u 0 0 1 2 3 4
end
v -157.332830235981 -198.003582268779 3368.87546092721
v -187.270952511426 258.267790541198 2760.33644969393
v 1240.07563587778 261.779970823205 2592.56976558643
v 1347.25654411945 -194.301335613243 3192.02985641019
v -157.332830235981 -198.003582268779 3368.87546092721
cstype bspline
deg 1
curv 0 5 3266 3267 3268 3269 3270
parm u 0 0 1 2 3 4
end
v 1356.87609741368 -226.248451461288 3166.70391964461
v 1249.69518917142 229.83285497711 2567.24382882239
v 2308.35231704343 790.860961499915 2865.42289339587
v 2471.97836199 364.692369323719 3480.78119868158
v 1356.87609741368 -226.248451461288 3166.70391964461
cstype bspline
deg 1
curv 0 5 3271 3272 3273 3274 3275
parm u 0 0 1 2 3 4
end
v 1347.25688055517 -194.302452936536 3192.02897065703
v 1240.07597231292 261.778853501863 2592.56887983481
v 2237.63321310566 790.427492627408 2873.53868307602
v 2401.25925805223 364.258900451212 3488.89698836173
v 1347.25688055517 -194.302452936536 3192.02897065703
cstype bspline
deg 1
curv 0 5 3276 3277 3278 3279 3280
parm u 0 0 1 2 3 4
end
v 1448.66408397968 -138.510106809583 3149.16224572556
v 2847.93045767694 -131.246707682556 2822.82339792242
v 3879.22969934388 436.439462308568 3013.34256132865
v 2401.17099583715 423.443808551616 3353.97707679007
v 1448.66408397968 -138.510106809583 3149.16224572556
cstype bspline
deg 1
curv 0 5 3281 3282 3283 3284 3285
parm u 0 0 1 2 3 4
end
v 1454.57086214435 -162.355621902854 3180.7676611472
v 2856.98661767325 -155.075874768285 2853.69431013757
v 3890.72037560217 413.950392409664 3044.66321885804
v 2409.32724358961 400.925421090273 3386.06618920946
v 1454.57086214435 -162.355621902854 3180.7676611472
cstype bspline
deg 1
curv 0 5 3286 3287 3288 3289 3290
parm u 0 0 1 2 3 4
end
v 1360.06241150967 219.172619589575 2675.08101440112
v 2712.0880577324 226.190798603289 2359.75971469548
v 3706.86955546957 773.775510791835 2543.53269838791
v 2278.82727955024 761.219620471587 2872.64039049927
v 1360.06241150967 219.172619589575 2675.08101440112
cstype bspline
deg 1
curv 0 5 3291 3292 3293 3294 3295
parm u 0 0 1 2 3 4
end
v 1365.96918967434 195.327104496304 2706.68642982275
v 2721.14421772871 202.36163151756 2390.63062691061
v 3718.36023172785 751.286440892931 2574.8533559173
v 2286.9835273027 738.701233010244 2904.72950291865
v 1365.96918967434 195.327104496304 2706.68642982275
cstype bspline
deg 1
curv 0 5 3296 3297 3298 3299 3300
parm u 0 0 1 2 3 4
end
v 1408.64796493559 -230.444455352525 3216.39593895565
v 1296.41917980691 222.62033141969 2615.89304594472
v 2705.9302869697 229.936909547891 2287.16490716879
v 2877.997326905 -222.817265080812 2873.71223925493
v 1408.64796493559 -230.444455352525 3216.39593895565
cstype bspline
deg 1
curv 0 5 3301 3302 3303 3304 3305
parm u 0 0 1 2 3 4
end
v 1463.43102939135 -198.123894542776 3228.17578427964
v 1351.20224426267 254.940892229468 2627.6728912687
v 2698.5014903737 261.934537150868 2313.45388916396
v 2870.568530309 -190.819637477834 2900.0012212501
v 1463.43102939135 -198.123894542776 3228.17578427964
cstype bspline
deg 1
curv 0 5 3306 3307 3308 3309 3310
parm u 0 0 1 2 3 4
end
v 2877.99732690467 -222.817265079415 2873.71223925608
v 2705.93028697 229.936909546581 2287.16490716772
v 3756.2533166112 808.094862020924 2481.19846874592
v 3974.57616551866 380.8025339421 3076.29096180416
v 2877.99732690467 -222.817265079415 2873.71223925608
cstype bspline
deg 1
curv 0 5 3311 3312 3313 3314 3315
parm u 0 0 1 2 3 4
end
v 2870.56879155006 -190.820762706368 2900.00029677178
v 2698.50175161537 261.933411919657 2313.45296468345
v 3689.63354108214 807.509115640161 2496.55171209386
v 3907.9563899896 380.216787561338 3091.6442051521
v 2870.56879155006 -190.820762706368 2900.00029677178
cstype bspline
deg 1
curv 0 5 3316 3317 3318 3319 3320
parm u 0 0 1 2 3 4
end
v 2965.88742634988 -135.44626794121 2850.43831117368
v 4243.51184323651 -125.831363040314 2391.21106933672
v 5247.33727905097 460.136063129408 2473.9568375681
v 3899.79814468909 445.691182107956 2955.01370019259
v 2965.88742634988 -135.44626794121 2850.43831117368
cstype bspline
deg 1
curv 0 5 3321 3322 3323 3324 3325
parm u 0 0 1 2 3 4
end
v 2975.83168652244 -158.739492545457 2881.42558013908
v 4256.30304587292 -149.103162661835 2421.1750379346
v 5261.95717946068 437.931737282895 2504.07154652055
v 3911.44102406159 423.454944227415 2986.19117338217
v 2975.83168652244 -158.739492545457 2881.42558013908
cstype bspline
deg 1
curv 0 5 3326 3327 3328 3329 3330
parm u 0 0 1 2 3 4
end
v 2816.72352376147 213.952101123024 2385.62927669245
v 4051.64380369029 223.245631283207 1941.75154036819
v 5028.0387729053 793.200950827159 2022.23620328113
v 3725.15495410148 779.23475031578 2487.35160234876
v 2816.72352376147 213.952101123024 2385.62927669245
cstype bspline
deg 1
curv 0 5 3331 3332 3333 3334 3335
parm u 0 0 1 2 3 4
end
v 2826.66778393402 190.658876518748 2416.61654565785
v 4064.43500632669 199.973831661628 1971.71550896608
v 5042.658673315 770.996624980617 2052.35091223358
v 3736.79783347399 756.998512435239 2518.52907553833
v 2826.66778393402 190.658876518748 2416.61654565785
cstype bspline
deg 1
curv 0 5 3336 3337 3338 3339 3340
parm u 0 0 1 2 3 4
end
v 2938.04673693515 -226.473387439386 2922.00520950609
v 2749.10579365649 216.097880041983 2333.2470991632
v 4037.66918664509 225.795107426326 1870.08796955276
v 4280.70203673584 -216.369085383427 2439.40337291334
v 2938.04673693515 -226.473387439386 2922.00520950609
cstype bspline
deg 1
curv 0 5 3341 3342 3343 3344 3345
parm u 0 0 1 2 3 4
end
v 2990.74807678128 -193.679329451901 2927.90648358722
v 2801.80713350262 248.891938029468 2339.14837324432
v 4032.45424506739 258.153309985006 1896.80657760482
v 4275.48709515814 -184.010882824776 2466.12198096538
v 2990.74807678128 -193.679329451901 2927.90648358722
cstype bspline
deg 1
curv 0 5 3346 3347 3348 3349 3350
parm u 0 0 1 2 3 4
end
v 4280.70203673589 -216.369085383747 2439.40337291308
v 4037.66918664504 225.795107426617 1870.08796955299
v 5067.88873606741 827.169685343077 1955.00941607402
v 5345.66684385193 405.287494259275 2527.18888617087
v 4280.70203673589 -216.369085383747 2439.40337291308
cstype bspline
deg 1
curv 0 5 3351 3352 3353 3354 3355
parm u 0 0 1 2 3 4
end
v 4275.48732897015 -184.01233360538 2466.1207830361
v 4032.45447887929 258.151859205012 1896.80537967604
v 5006.10892229073 826.507439596899 1977.06413985242
v 5283.88703007525 404.625248513097 2549.24360994927
v 4275.48732897015 -184.01233360538 2466.1207830361
cstype bspline
deg 1
curv 0 5 3356 3357 3358 3359 3360
parm u 0 0 1 2 3 4
end
v 4360.76162065572 -130.529659348889 2409.22355191199
v 5508.08793771228 -119.277552789979 1828.90186062847
v 6470.35553850393 487.026847162924 1802.85575261048
v 5263.75696842365 473.186802732205 2411.60879898204
v 4360.76162065572 -130.529659348889 2409.22355191199
cstype bspline
deg 1
curv 0 5 3361 3362 3363 3364 3365
parm u 0 0 1 2 3 4
end
v 4374.68080964959 -153.076274020568 2439.21773132734
v 5524.92155492528 -141.79558495956 1857.42191198792
v 6488.44391894897 465.299414685025 1831.34184075778
v 5278.85004199508 451.425013193686 2441.60607919383
v 4374.68080964959 -153.076274020568 2439.21773132734
cstype bspline
deg 1
curv 0 5 3366 3367 3368 3369 3370
parm u 0 0 1 2 3 4
end
v 4151.97378574766 207.669560726383 1959.31086068169
v 5255.58367951739 218.492929753615 1401.10109023667
v 6199.0298318283 812.93833433144 1375.56443040106
v 5037.36086485213 799.613645810023 1961.64959580532
v 4151.97378574766 207.669560726383 1959.31086068169
cstype bspline
deg 1
curv 0 5 3371 3372 3373 3374 3375
parm u 0 0 1 2 3 4
end
v 4165.89297474152 185.122946054704 1989.30504009704
v 5272.41729673038 195.974897584034 1429.62114159612
v 6217.11821227333 791.210901853541 1404.05051854835
v 5052.45393842356 777.851856271503 1991.6468760171
v 4165.89297474152 185.122946054704 1989.30504009704
cstype bspline
deg 1
curv 0 5 3376 3377 3378 3379 3380
parm u 0 0 1 2 3 4
end
v 4345.65429895821 -220.261426222569 2484.07717645259
v 4081.18970807466 208.124252539477 1914.18776756086
v 5233.26798427361 219.422962710465 1331.46251860988
v 5553.10671132142 -208.419648511423 1873.34349443905
v 4345.65429895821 -220.261426222569 2484.07717645259
cstype bspline
deg 1
curv 0 5 3381 3382 3383 3384 3385
parm u 0 0 1 2 3 4
end
v 4395.5595931404 -186.896196028101 2484.20900045038
v 4131.09500225685 241.489482733945 1914.31959155865
v 5230.32944886329 252.269940693048 1358.32293769622
v 5550.16817591109 -175.57267052884 1900.20391352539
v 4395.5595931404 -186.896196028101 2484.20900045038
cstype bspline
deg 1
curv 0 5 3386 3387 3388 3389 3390
parm u 0 0 1 2 3 4
end
v 5553.1067113214 -208.419648511161 1873.34349443927
v 5233.26798427364 219.422962710174 1331.46251860965
v 6227.98463712204 846.172821930493 1304.53809824461
v 6571.66386557785 433.351604850293 1845.77377304323
v 5553.1067113214 -208.419648511161 1873.34349443927
cstype bspline
deg 1
curv 0 5 3391 3392 3393 3394 3395
parm u 0 0 1 2 3 4
end
v 5550.16837577663 -175.574904627865 1900.20208660432
v 5230.32964872888 252.267706593469 1358.3211107747
v 6171.89726116073 845.529483048333 1332.8352981801
v 6515.57648961653 432.708265968133 1874.07097297872
v 5550.16837577663 -175.574904627865 1900.20208660432
cstype bspline
deg 1
curv 0 5 3396 3397 3398 3399 3400
parm u 0 0 1 2 3 4
end
v 5622.63201858927 -124.832972637203 1836.66383922921
v 6627.86610798951 -112.567429593473 1146.08286757076
v 7532.44322404639 514.210008045629 1013.44060503578
v 6479.95089184619 502.400481516903 1737.30703029755
v 5622.63201858927 -124.832972637203 1836.66383922921
cstype bspline
deg 1
curv 0 5 3401 3402 3403 3404 3405
parm u 0 0 1 2 3 4
end
v 5640.57800564518 -146.570871593169 1865.08445539655
v 6648.91705051512 -134.267442881421 1172.37042519201
v 7554.27040684501 493.047848170798 1039.61433901031
v 6498.63561962514 481.203061617096 1765.64203197167
v 5640.57800564518 -146.570871593169 1865.08445539655
cstype bspline
deg 1
curv 0 5 3406 3407 3408 3409 3410
parm u 0 0 1 2 3 4
end
v 5353.44221275064 201.235511702136 1410.35459671907
v 6312.1019701054 212.932769726031 751.769503252028
v 7205.03548206707 831.642406168161 620.834595417757
v 6199.67997516205 820.361780014064 1312.28200518583
v 5353.44221275064 201.235511702136 1410.35459671907
cstype bspline
deg 1
curv 0 5 3411 3412 3413 3414 3415
parm u 0 0 1 2 3 4
end
v 5371.38819980655 179.49761274617 1438.77521288641
v 6333.15291263101 191.232756438054 778.057060873281
v 7226.86266486569 810.480246293329 647.008329392291
v 6218.36470294099 799.164360114257 1340.61700685994
v 5371.38819980655 179.49761274617 1438.77521288641
cstype bspline
deg 1
curv 0 5 3416 3417 3418 3419 3420
parm u 0 0 1 2 3 4
end
v 5621.11593015207 -213.11112674186 1913.09059518338
v 5280.14217608982 199.908953421284 1373.09888800388
v 6281.04447844077 212.121641392703 685.493790065848
v 6681.01238642511 -200.178611078649 1184.95738487106
v 5621.11593015207 -213.11112674186 1913.09059518338
cstype bspline
deg 1
curv 0 5 3421 3422 3423 3424 3425
parm u 0 0 1 2 3 4
end
v 5667.49698622903 -179.177720027074 1907.71537964756
v 5326.52323216678 233.842360136041 1367.72367246806
v 6280.52016530349 245.482723878551 712.341870366807
v 6680.48807328783 -166.817528592801 1211.80546517202
v 5667.49698622903 -179.177720027074 1907.71537964756
cstype bspline
deg 1
curv 0 5 3426 3427 3428 3429 3430
parm u 0 0 1 2 3 4
end
v 6681.01238642513 -200.178611079406 1184.95738487045
v 6281.04447844076 212.121641393431 685.493790066444
v 7221.76213362033 863.940696937876 547.55207567336
v 7636.47860679412 461.859659316047 1044.85302118951
v 6681.01238642513 -200.178611079406 1184.95738487045
cstype bspline
deg 1
curv 0 5 3431 3432 3433 3434 3435
parm u 0 0 1 2 3 4
end
v 6680.48813033961 -166.821158693085 1211.8025437673
v 6280.52022235525 245.479093779752 712.338948963275
v 7172.29470786914 863.385645980394 581.573994455954
v 7587.01118104293 461.304608358565 1078.8749399721
v 6680.48813033961 -166.821158693085 1211.8025437673
cstype bspline
deg 1
curv 0 5 3436 3437 3438 3439 3440
parm u 0 0 1 2 3 4
end
v 6737.94261213429 -118.975510447955 1142.8067861738
v 7587.22559627726 -106.437657433446 355.162622990625
v 8417.23436167559 539.74393379601 123.289017493062
v 7533.32965253596 530.671349626034 946.416154876559
v 6737.94261213429 -118.975510447955 1142.8067861738
cstype bspline
deg 1
curv 0 5 3441 3442 3443 3444 3445
parm u 0 0 1 2 3 4
end
v 6759.94582736725 -139.930354658136 1168.88562034052
v 7612.43225012843 -127.345209700521 378.270516049546
v 8442.86697987097 519.168004915555 146.277911943267
v 7555.75650158544 510.062516055652 972.390388756332
v 6759.94582736725 -139.930354658136 1168.88562034052
cstype bspline
deg 1
curv 0 5 3446 3447 3448 3449 3450
parm u 0 0 1 2 3 4
end
v 6407.89438363985 195.347152704344 751.624273672955
v 7209.12578850963 207.175626572804 8.54422710687504
v 8032.74508874491 848.38286700219 -221.544399259954
v 7196.92691679376 839.803853181598 556.802646680015
v 6407.89438363985 195.347152704344 751.624273672955
cstype bspline
deg 1
curv 0 5 3451 3452 3453 3454 3455
parm u 0 0 1 2 3 4
end
v 6429.89759887281 174.392308494163 777.703107839672
v 7234.33244236081 186.268074305728 31.6521201657852
v 8058.37770694029 827.806938121794 -198.555504809759
v 7219.35376584323 819.195019611245 582.776880559781
v 6429.89759887281 174.392308494163 777.703107839672
cstype bspline
deg 1
curv 0 5 3456 3457 3458 3459 3460
parm u 0 0 1 2 3 4
end
v 6750.79042550157 -205.797752821061 1218.41373839363
v 6332.72933607529 192.344287171843 722.915889225893
v 7169.20445467451 204.693059351557 -52.8499710515061
v 7648.13087784828 -192.550433722965 386.199997066575
v 6750.79042550157 -205.797752821061 1218.41373839363
cstype bspline
deg 1
curv 0 5 3461 3462 3463 3464 3465
parm u 0 0 1 2 3 4
end
v 6792.95065021669 -171.362620973348 1208.0038715906
v 6374.8895607904 226.779419019556 712.506022422869
v 7171.30864795615 238.536849274591 -26.1109723433583
v 7650.23507112992 -158.70664379996 412.938995774726
v 6792.95065021669 -171.362620973348 1208.0038715906
cstype bspline
deg 1
curv 0 5 3466 3467 3468 3469 3470
parm u 0 0 1 2 3 4
end
v 7648.13087784831 -192.550433722412 386.199997067057
v 7169.20445467447 204.693059351004 -52.8499710519463
v 8036.20928140067 879.676965416933 -295.058901291763
v 8523.22902711287 488.73431668902 141.730093262067
v 7648.13087784831 -192.550433722412 386.199997067057
cstype bspline
deg 1
curv 0 5 3471 3472 3473 3474 3475
parm u 0 0 1 2 3 4
end
v 7650.23471384824 -158.712390309025 412.9344556243
v 7171.30829067439 238.531102764362 -26.1155124947036
v 7994.29616145184 879.246760322858 -256.027740935264
v 8481.31590716404 488.304111594945 180.761253618566
v 7650.23471384824 -158.712390309025 412.9344556243
cstype bspline
deg 1
curv 0 5 3476 3477 3478 3479 3480
parm u 0 0 1 2 3 4
end
v 7690.64877303566 -113.216445058235 339.931453610434
v 8370.61994927891 -101.448446323688 -525.930070659578
v 9111.29189753178 562.395336193964 -842.821924489739
v 8408.65922498184 555.947247934848 57.3911458985458
v 7690.64877303566 -113.216445058235 339.931453610434
cstype bspline
deg 1
curv 0 5 3481 3482 3483 3484 3485
parm u 0 0 1 2 3 4
end
v 7716.58935274456 -133.4674966319 362.770996445695
v 8399.58892240883 -121.647086661105 -506.946822672137
v 9140.4675206582 542.381910533062 -823.927090408943
v 8434.82514012116 535.906202062877 80.142018239274
v 7716.58935274456 -133.4674966319 362.770996445695
cstype bspline
deg 1
curv 0 5 3486 3487 3488 3489 3490
parm u 0 0 1 2 3 4
end
v 7301.54007740219 190.54932854668 -2.66168891848974
v 7936.08535233014 201.531158737809 -810.678790471189
v 8673.65755063552 862.596721106995 -1126.24443570173
v 8016.17049789194 856.562936014234 -283.871939212429
v 7301.54007740219 190.54932854668 -2.66168891848974
cstype bspline
deg 1
curv 0 5 3491 3492 3493 3494 3495
parm u 0 0 1 2 3 4
end
v 7327.4806571111 170.298276973015 20.1778539167844
v 7965.05432546007 181.332518400392 -791.695542483741
v 8702.83317376195 842.583295446151 -1107.34960162092
v 8042.33641303127 836.521890142292 -261.121066871687
v 7327.4806571111 170.298276973015 20.1778539167844
cstype bspline
deg 1
curv 0 5 3496 3497 3498 3499 3500
parm u 0 0 1 2 3 4
end
v 7718.12537165721 -198.676287114999 411.737480733369
v 7225.25435718817 186.093692784547 -22.2138331365777
v 7887.63184485294 197.557204340555 -865.671910698374
v 8438.04233432357 -186.216962070612 -504.990198939831
v 7718.12537165721 -198.676287114999 411.737480733369
cstype bspline
deg 1
curv 0 5 3501 3502 3503 3504 3505
parm u 0 0 1 2 3 4
end
v 7755.5002223079 -163.844073992368 397.030310698581
v 7262.62920783886 220.925905907177 -36.9210031713674
v 7892.62357347814 231.828975267534 -839.143069006127
v 8443.03406294877 -151.945191143634 -478.461357247588
v 7755.5002223079 -163.844073992368 397.030310698581
cstype bspline
deg 1
curv 0 5 3506 3507 3508 3509 3510
parm u 0 0 1 2 3 4
end
v 8438.04233432374 -186.216962069477 -504.990198938947
v 7887.63184485277 197.55720433945 -865.671910699235
v 8663.4762015065 892.925043746422 -1197.61205915983
v 9217.81304090841 512.669956189871 -838.610211624659
v 8438.04233432374 -186.216962069477 -504.990198938947
cstype bspline
deg 1
curv 0 5 3511 3512 3513 3514 3515
parm u 0 0 1 2 3 4
end
v 8443.03283800095 -151.953601282585 -478.467867306392
v 7892.62234853 231.820565126371 -839.14957906667
v 8629.89411594591 892.616859598318 -1154.58668682292
v 9184.23095534782 512.361772041768 -795.584839287746
v 8443.03283800095 -151.953601282585 -478.467867306392
cstype bspline
deg 1
curv 0 5 3516 3517 3518 3519 3520
parm u 0 0 1 2 3 4
end
v 8464.23848903114 -107.6098525977 -553.669468591446
v 8966.97047090581 -97.9924021489278 -1471.20817593433
v 9610.07565592873 581.414964341035 -1852.14494687347
v 9094.29262596586 576.769170356361 -904.581594668015
v 8464.23848903114 -107.6098525977 -553.669468591446
cstype bspline
deg 1
curv 0 5 3521 3522 3523 3524 3525
parm u 0 0 1 2 3 4
end
v 8493.72636119566 -127.265073399991 -534.961480262322
v 8998.95225582949 -117.599913469341 -1457.05184051722
v 9642.14992236917 561.90515495991 -1838.04339193579
v 9123.89385994793 557.237085718662 -885.936743828316
v 8493.72636119566 -127.265073399991 -534.961480262322
cstype bspline
deg 1
curv 0 5 3526 3527 3528 3529 3530
parm u 0 0 1 2 3 4
end
v 8021.9204065633 187.218459436874 -834.289293528277
v 8487.24369705062 196.120267657301 -1683.55320719094
v 9128.9616593223 874.062105057907 -2063.66827093857
v 8650.27411623493 869.75043992151 -1184.25435726345
v 8021.9204065633 187.218459436874 -834.289293528277
cstype bspline
deg 1
curv 0 5 3531 3532 3533 3534 3535
parm u 0 0 1 2 3 4
end
v 8051.40827872782 167.563238634582 -815.58130519916
v 8519.22548197429 176.512756336888 -1669.39687177384
v 9161.03592576272 854.552295676782 -2049.56671600091
v 8679.87535021698 850.218355283869 -1165.60950642376
v 8051.40827872782 167.563238634582 -815.58130519916
cstype bspline
deg 1
curv 0 5 3536 3537 3538 3539 3540
parm u 0 0 1 2 3 4
end
v 8505.63939985663 -191.85328151568 -488.899380821999
v 7945.3698287307 181.595913728088 -844.351159075318
v 8431.14910410572 190.889052574232 -1730.94939521593
v 9038.80301765465 -181.65366251365 -1461.9790222891
v 8505.63939985663 -191.85328151568 -488.899380821999
cstype bspline
deg 1
curv 0 5 3541 3542 3543 3544 3545
parm u 0 0 1 2 3 4
end
v 8537.95816944244 -156.747904603457 -506.899497768642
v 7977.68859831652 216.70129064034 -862.351276021961
v 8439.26312443337 225.531383599184 -1704.77330068886
v 9046.9170379823 -147.011331488698 -1435.80292776203
v 8537.95816944244 -156.747904603457 -506.899497768642
cstype bspline
deg 1
curv 0 5 3546 3547 3548 3549 3550
parm u 0 0 1 2 3 4
end
v 9038.80301765447 -181.653662514349 -1461.97902228962
v 8431.14910410585 190.889052574872 -1730.94939521544
v 9105.73194555113 903.550935046398 -2130.53163360455
v 9715.14300791928 532.864556805027 -1862.60208978875
v 9038.80301765447 -181.653662514349 -1461.97902228962
cstype bspline
deg 1
curv 0 5 3551 3552 3553 3554 3555
parm u 0 0 1 2 3 4
end
v 9046.91448899853 -147.022214224446 -1435.81115086689
v 8439.26057544992 225.520500864775 -1704.78152379271
v 9080.85025966166 903.326819129579 -2084.82060334509
v 9690.2613220298 532.640440888208 -1816.89105952929
v 9046.91448899853 -147.022214224446 -1435.81115086689
cstype bspline
deg 1
curv 0 5 3556 3557 3558 3559 3560
parm u 0 0 1 2 3 4
end
v 9046.87132809464 -102.252133911126 -1510.69679368074
v 9376.32493369266 -96.1613174138474 -2447.02845421656
v 9924.0604100076 596.172591780778 -2867.65221122421
v 9587.5637225517 592.283466012421 -1907.42027067162
v 9046.87132809464 -102.252133911126 -1510.69679368074
cstype bspline
deg 1
curv 0 5 3561 3562 3563 3564 3565
parm u 0 0 1 2 3 4
end
v 9079.19540478696 -121.432802698429 -1496.78364807513
v 9410.34267571292 -115.31067434256 -2437.92883149234
v 9958.11954061882 577.075549748959 -2858.58437213529
v 9619.93774026237 573.166947961232 -1893.54376840452
v 9079.19540478696 -121.432802698429 -1496.78364807513
cstype bspline
deg 1
curv 0 5 3566 3567 3568 3569 3570
parm u 0 0 1 2 3 4
end
v 8562.01017770988 185.457897898421 -1719.39397776487
v 8866.05880338884 191.079036516399 -2583.52279507996
v 9413.17345083943 882.628222257481 -3003.66979755797
v 9101.95345689184 879.031236779731 -2115.56780467807
v 8562.01017770988 185.457897898421 -1719.39397776487
cstype bspline
deg 1
curv 0 5 3571 3572 3573 3574 3575
parm u 0 0 1 2 3 4
end
v 8594.33425440221 166.277229111118 -1705.48083215925
v 8900.07654540911 171.929679587687 -2574.42317235573
v 9447.23258145065 863.53118022572 -2994.60195846905
v 9134.3274746025 859.9147187286 -2101.69130241097
v 8594.33425440221 166.277229111118 -1705.48083215925
cstype bspline
deg 1
curv 0 5 3576 3577 3578 3579 3580
parm u 0 0 1 2 3 4
end
v 9100.23230729685 -185.463142771128 -1455.77355568212
v 8486.07485014283 178.969564187631 -1720.12332218867
v 8803.68546304048 184.841431812907 -2622.79631627665
v 9450.02256142752 -178.996349832014 -2449.90348452261
v 9100.23230729685 -185.463142771128 -1455.77355568212
cstype bspline
deg 1
curv 0 5 3581 3582 3583 3584 3585
parm u 0 0 1 2 3 4
end
v 9127.68151982542 -150.203805879399 -1475.91392966673
v 8513.5240626714 214.228901079361 -1740.26369617328
v 8815.02647383236 219.802966224379 -2597.15598237376
v 9461.36357221939 -144.034815420571 -2424.26315061972
v 9127.68151982542 -150.203805879399 -1475.91392966673
cstype bspline
deg 1
curv 0 5 3586 3587 3588 3589 3590
parm u 0 0 1 2 3 4
end
v 9450.02256142827 -178.996349829657 -2449.9034845209
v 8803.68546303972 184.841431810608 -2622.79631627835
v 9378.54824086476 911.46406523895 -3064.25200397527
v 10025.6717224778 548.620266635116 -2891.96306128585
v 9450.02256142827 -178.996349829657 -2449.9034845209
cstype bspline
deg 1
curv 0 5 3591 3592 3593 3594 3595
parm u 0 0 1 2 3 4
end
v 9461.3596574845 -144.046883581032 -2424.27200125143
v 8815.02255909595 219.790898059262 -2597.16483300888
v 9362.08475492261 911.273785305151 -3017.27155619134
v 10009.2082365356 548.429986701318 -2844.98261350192
v 9461.3596574845 -144.046883581032 -2424.27200125143
cstype bspline
deg 1
curv 0 5 3596 3597 3598 3599 3600
parm u 0 0 1 2 3 4
end
v 9439.28430826358 -97.5827937173599 -2495.49216279474
v 9614.77657540618 -95.6814935957373 -3418.47974196401
v 10079.6712478907 605.937452597485 -3857.28900986064
v 9899.77544464806 602.331113191176 -2915.91475953927
v 9439.28430826358 -97.5827937173599 -2495.49216279474
cstype bspline
deg 1
curv 0 5 3601 3602 3603 3604 3605
parm u 0 0 1 2 3 4
end
v 9473.50865488719 -116.424281115789 -2486.57767913437
v 9649.89000496491 -114.513348584034 -3414.24131907444
v 10114.803407897 587.133865596814 -3853.06826644656
v 9934.01292671747 583.509590739879 -2907.01226837517
v 9473.50865488719 -116.424281115789 -2486.57767913437
cstype bspline
deg 1
curv 0 5 3606 3607 3608 3609 3610
parm u 0 0 1 2 3 4
end
v 8925.91910890943 185.039517259254 -2629.20941770028
v 9088.07513202528 186.796331228834 -3482.05608530759
v 9552.68884779697 887.991257607529 -3920.60016107192
v 9386.21321360683 884.653949960804 -3049.45212700077
v 8925.91910890943 185.039517259254 -2629.20941770028
cstype bspline
deg 1
curv 0 5 3611 3612 3613 3614 3615
parm u 0 0 1 2 3 4
end
v 8960.14345553304 166.198029860825 -2620.29493403991
v 9123.18856158401 167.964476240537 -3477.81766241802
v 9587.82100780322 869.187670606858 -3916.37941765784
v 9420.45069567624 865.832427509507 -3040.54963583667
v 8960.14345553304 166.198029860825 -2620.29493403991
cstype bspline
deg 1
curv 0 5 3616 3617 3618 3619 3620
parm u 0 0 1 2 3 4
end
v 9501.60598856317 -180.008429104055 -2451.98886983599
v 8851.34340271454 177.979831466335 -2621.36405938301
v 9020.93620007142 179.8172161642 -3513.32384784349
v 9688.09136168798 -177.988028613618 -3432.79381294547
v 9501.60598856317 -180.008429104055 -2451.98886983599
cstype bspline
deg 1
curv 0 5 3621 3622 3623 3624 3625
parm u 0 0 1 2 3 4
end
v 9524.84517482262 -144.686512213462 -2473.20595364382
v 8874.582588974 213.301748356898 -2642.58114319084
v 9035.40183760011 215.044079582964 -3488.3971520103
v 9702.55699921667 -142.761165194825 -3407.86711711228
v 9524.84517482262 -144.686512213462 -2473.20595364382
cstype bspline
deg 1
curv 0 5 3626 3627 3628 3629 3630
parm u 0 0 1 2 3 4
end
v 9688.09136168856 -177.988028612162 -3432.79381294445
v 9020.93620007081 179.817216162774 -3513.32384784451
v 9508.98270356945 916.376901065087 -3973.98588932412
v 10176.4937436883 559.108748052386 -3893.79176445649
v 9688.09136168856 -177.988028612162 -3432.79381294445
cstype bspline
deg 1
curv 0 5 3631 3632 3633 3634 3635
parm u 0 0 1 2 3 4
end
v 9702.55190210008 -142.773577743501 -3407.87590029065
v 9035.39674048234 215.031667031435 -3488.40593519072
v 9499.99060778757 916.196638108522 -3926.93127619305
v 10167.5016479064 558.928485095821 -3846.73715132543
v 9702.55190210008 -142.773577743501 -3407.87590029065
cstype bspline
deg 1
curv 0 5 3636 3637 3638 3639 3640
parm u 0 0 1 2 3 4
end
v 9656.10333757344 -89.6635318790504 -3473.69508619198
v 9719.95025126479 -100.739566914737 -4593.25542008218
v 10108.8105855889 611.297186367243 -4593.25542008218
v 10062.49915013 605.747438959312 -3900.00596357121
v 9656.10333757344 -89.6635318790504 -3473.69508619198
cstype bspline
deg 1
curv 0 5 3641 3642 3643 3644 3645
parm u 0 0 1 2 3 4
end
v 9691.32107394087 -108.286017959937 -3469.58215453104
v 9755.4025422023 -119.402743053855 -4593.25542008218
v 10144.274776268 592.6557996794 -4593.25542008218
v 10097.6864500026 587.072870962817 -3895.86110390211
v 9691.32107394087 -108.286017959937 -3469.58215453104
cstype bspline
deg 1
curv 0 5 3646 3647 3648 3649 3650
parm u 0 0 1 2 3 4
end
v 9127.83729206199 189.673759334051 -3535.38906110613
v 9188.16588720242 179.208075171744 -4593.25542008218
v 9576.84772540388 890.917986684508 -4593.25542008218
v 9534.68965204099 885.865958906681 -3962.17885860758
v 9127.83729206199 189.673759334051 -3535.38906110613
cstype bspline
deg 1
curv 0 5 3651 3652 3653 3654 3655
parm u 0 0 1 2 3 4
end
v 9163.05502842942 171.051273253193 -3531.27612944518
v 9223.6181781399 160.544899032655 -4593.25542008218
v 9612.31191608289 872.276599996694 -4593.25542008218
v 9569.87695191359 867.191390910186 -3958.03399893849
v 9163.05502842942 171.051273253193 -3531.27612944518
cstype bspline
deg 1
curv 0 5 3656 3657 3658 3659 3660
parm u 0 0 1 2 3 4
end
v 9723.74994238295 -171.12367333303 -3442.01544804053
v 9054.61295140178 182.703562203562 -3520.16114959845
v 9118.09111480806 171.691497230669 -4633.25542008122
v 9791.68464262053 -182.908849412284 -4633.25542008322
v 9723.74994238295 -171.12367333303 -3442.01544804053
cstype bspline
deg 1
curv 0 5 3661 3662 3663 3664 3665
parm u 0 0 1 2 3 4
end
v 9744.14767849202 -136.219747081224 -3463.41275703962
v 9075.01068751085 217.607488455338 -3541.55845859754
v 9134.97928609372 207.204255776713 -4593.11225142302
v 9808.57281390619 -147.396090866241 -4593.11225142502
v 9744.14767849202 -136.219747081224 -3463.41275703962
cstype bspline
deg 1
curv 0 5 3666 3667 3668 3669 3670
parm u 0 0 1 2 3 4
end
v 9791.68464262098 -182.908849411382 -4633.25542008218
v 9118.09111480767 171.691497229796 -4633.25542008218
v 9526.3235762345 919.200283189886 -4633.25542008218
v 10200.1431991356 565.013936121337 -4633.25542008218
v 9791.68464262098 -182.908849411382 -4633.25542008218
cstype bspline
deg 1
curv 0 5 3671 3672 3673 3674 3675
parm u 0 0 1 2 3 4
end
v 9808.51258306528 -147.522745391121 -4593.25542008218
v 9134.91905525198 207.077601250057 -4593.25542008218
v 9523.65143938538 918.880066716229 -4593.25542008218
v 10197.4710622865 564.693719647679 -4593.25542008218
v 9808.51258306528 -147.522745391121 -4593.25542008218
cstype bspline
deg 1
curv 0 5 3676 3677 3678 3679 3680
parm u 0 0 1 2 3 4
end
v 9307.77269952089 -835.984541979968 -4006.30393198579
v 9350.40978899684 -832.334528127511 -4633.25542008218
v 9704.42451098637 -136.972432793118 -4633.25542008218
v 9638.92720252296 -124.695784563926 -3530.17900188058
v 9307.77269952089 -835.984541979968 -4006.30393198579
cstype bspline
deg 1
curv 0 5 3681 3682 3683 3684 3685
parm u 0 0 1 2 3 4
end
v 9342.93383420845 -854.652706050954 -4001.75980387464
v 9385.87995620214 -850.976236992836 -4633.25542008218
v 9739.88228066246 -155.63849310868 -4633.25542008218
v 9674.11304632094 -143.310875787342 -3525.59934768305
v 9342.93383420845 -854.652706050954 -4001.75980387464
cstype bspline
deg 1
curv 0 5 3686 3687 3688 3689 3690
parm u 0 0 1 2 3 4
end
v 8780.35567920786 -555.962080914935 -4074.46585365285
v 8818.35728091775 -552.708895147312 -4633.25542008218
v 9172.55796584524 143.018471940391 -4633.25542008218
v 9111.13954555335 154.530583787535 -3598.87381484341
v 8780.35567920786 -555.962080914935 -4074.46585365285
cstype bspline
deg 1
curv 0 5 3691 3692 3693 3694 3695
parm u 0 0 1 2 3 4
end
v 8815.5168138954 -574.630244985921 -4069.9217255417
v 8853.82744812304 -571.350604012667 -4633.25542008218
v 9208.01573552133 124.35241162483 -4633.25542008218
v 9146.32538935133 135.915492564091 -3594.2941606459
v 8815.5168138954 -574.630244985921 -4069.9217255417
cstype bspline
deg 1
curv 0 5 3696 3697 3698 3699 3700
parm u 0 0 1 2 3 4
end
v 9724.1405612551 -170.717825205735 -3472.39452974149
v 9055.60952909358 182.968908039416 -3559.40795949444
v 8707.95448759281 -563.761455693428 -4059.25691469419
v 9376.01604665604 -918.456573042378 -3972.91848058251
v 9724.1405612551 -170.717825205735 -3472.39452974149
cstype bspline
deg 1
curv 0 5 3701 3702 3703 3704 3705
parm u 0 0 1 2 3 4
end
v 9726.8918120179 -171.233512622479 -3518.72986638676
v 9058.36077985639 182.453220622672 -3605.7432961397
v 8727.6186382856 -527.949823184143 -4081.27534420384
v 9395.68019734882 -882.644940533093 -3994.93691009217
v 9726.8918120179 -171.233512622479 -3518.72986638676
cstype bspline
deg 1
curv 0 5 3706 3707 3708 3709 3710
parm u 0 0 1 2 3 4
end
v 9376.016046656 -918.456573042437 -3972.91848058247
v 8707.95448759281 -563.761455693399 -4059.2569146942
v 8746.9904036054 -560.419725853484 -4633.25542008218
v 9420.92358050558 -914.61219429507 -4633.25542008218
v 9376.016046656 -918.456573042437 -3972.91848058247
cstype bspline
deg 1
curv 0 5 3711 3712 3713 3714 3715
parm u 0 0 1 2 3 4
end
v 9395.67465872148 -882.655027278757 -3994.93070835596
v 8727.6130996583 -527.959909929748 -4081.26914246769
v 8765.15203010985 -524.746331849281 -4633.25542008218
v 9439.08520701003 -878.938800290867 -4633.25542008218
v 9395.67465872148 -882.655027278757 -3994.93070835596
cstype bspline
deg 1
curv 0 5 3716 3717 3718 3719 3720
parm u 0 0 1 2 3 4
end
v 9151.81734731664 -830.384733510757 -3070.36875830335
v 9326.6344378186 -834.074094090232 -3950.8888717308
v 9615.12493933422 -133.27536544649 -3496.46649219243
v 9426.5551341955 -130.671680992324 -2550.3894228954
v 9151.81734731664 -830.384733510757 -3070.36875830335
cstype bspline
deg 1
curv 0 5 3721 3722 3723 3724 3725
parm u 0 0 1 2 3 4
end
v 9185.87297026092 -849.15210670387 -3060.54073100145
v 9361.75411534663 -852.863923217286 -3946.42028302881
v 9650.22254871441 -152.118802334851 -3492.03266463577
v 9460.58667087243 -149.50039804299 -2540.60698219242
v 9185.87297026092 -849.15210670387 -3060.54073100145
cstype bspline
deg 1
curv 0 5 3726 3727 3728 3729 3730
parm u 0 0 1 2 3 4
end
v 8640.98300315231 -548.874135614024 -3217.78916783171
v 8799.83927489832 -552.226657184423 -4017.91770226057
v 9088.66079863139 149.376187878835 -3562.97390554228
v 8916.08208404167 151.759074767702 -2697.12603344003
v 8640.98300315231 -548.874135614024 -3217.78916783171
cstype bspline
deg 1
curv 0 5 3731 3732 3733 3734 3735
parm u 0 0 1 2 3 4
end
v 8675.0386260966 -567.641508807137 -3207.96114052982
v 8834.95895242634 -571.016486311477 -4013.44911355858
v 9123.75840801158 130.532750990475 -3558.54007798562
v 8950.1136207186 132.930357717036 -2687.34359273706
v 8675.0386260966 -567.641508807137 -3207.96114052982
cstype bspline
deg 1
curv 0 5 3736 3737 3738 3739 3740
parm u 0 0 1 2 3 4
end
v 9502.5799442214 -177.618459746911 -2480.50817081778
v 8855.9807473599 180.127164215781 -2666.37454417431
v 8566.96399039989 -555.952133571642 -3213.37880927044
v 9214.02082634161 -912.532224240131 -3026.64629053404
v 9502.5799442214 -177.618459746911 -2480.50817081778
cstype bspline
deg 1
curv 0 5 3741 3742 3743 3744 3745
parm u 0 0 1 2 3 4
end
v 9511.6339758878 -177.74347361899 -2525.93332113796
v 8865.03477902631 180.002150343702 -2711.79969449449
v 8589.90924632468 -520.698428558797 -3232.5128926066
v 9236.9660822664 -877.278519227286 -3045.7803738702
v 9511.6339758878 -177.74347361899 -2525.93332113796
cstype bspline
deg 1
curv 0 5 3746 3747 3748 3749 3750
parm u 0 0 1 2 3 4
end
v 9214.02082634138 -912.53222424048 -3026.64629053384
v 8566.96399040011 -555.952133571293 -3213.37880927062
v 8732.58474574473 -559.44741360459 -4047.57874855139
v 9399.85861877705 -916.454167018615 -3962.67556321368
v 9214.02082634138 -912.53222424048 -3026.64629053384
cstype bspline
deg 1
curv 0 5 3751 3752 3753 3754 3755
parm u 0 0 1 2 3 4
end
v 9236.9501265613 -877.303033999458 -3045.76706838376
v 8589.89329062002 -520.722943330242 -3232.49958712055
v 8747.1597586063 -524.041913493827 -4024.62058531354
v 9414.43363163863 -881.048666907853 -3939.71739997584
v 9236.9501265613 -877.303033999458 -3045.76706838376
cstype bspline
deg 1
curv 0 5 3756 3757 3758 3759 3760
parm u 0 0 1 2 3 4
end
v 8843.19842213684 -822.132345386781 -2115.47748035516
v 9170.38603005385 -830.281187850778 -3009.10128710018
v 9391.78385826839 -135.583020788967 -2522.3318474806
v 9036.67558629192 -132.97174919289 -1562.16598570938
v 8843.19842213684 -822.132345386781 -2115.47748035516
cstype bspline
deg 1
curv 0 5 3761 3762 3763 3764 3765
parm u 0 0 1 2 3 4
end
v 8875.07691124684 -841.103897383233 -2100.16578548297
v 9204.34178719041 -849.304475699959 -2999.46308387805
v 9425.69161241904 -154.756931553478 -2512.7991845284
v 9068.50156223903 -152.130351701519 -1547.00446947338
v 8875.07691124684 -841.103897383233 -2100.16578548297
cstype bspline
deg 1
curv 0 5 3766 3767 3768 3769 3770
parm u 0 0 1 2 3 4
end
v 8365.02108548686 -537.559065440175 -2345.15290343809
v 8661.04967300553 -544.931870112952 -3153.67433543218
v 8883.16754600871 152.025640678243 -2665.32179176365
v 8559.28594708532 154.407288436138 -1789.58872924933
v 8365.02108548686 -537.559065440175 -2345.15290343809
cstype bspline
deg 1
curv 0 5 3771 3772 3773 3774 3775
parm u 0 0 1 2 3 4
end
v 8396.89957459686 -556.530617436598 -2329.8412085659
v 8695.00543014209 -563.955157962133 -3144.03613221005
v 8917.07530015937 132.85172991376 -2655.78912881145
v 8591.11192303243 135.248685927538 -1774.42721301333
v 8396.89957459686 -556.530617436598 -2329.8412085659
cstype bspline
deg 1
curv 0 5 3776 3777 3778 3779 3780
parm u 0 0 1 2 3 4
end
v 9100.16625435971 -180.750054079981 -1480.79948739572
v 8495.47271136469 183.263393583504 -1768.86829587966
v 8291.28172382774 -544.05956115853 -2352.81948722903
v 8896.97301691762 -904.519049091236 -2061.89728465759
v 9100.16625435971 -180.750054079981 -1480.79948739572
cstype bspline
deg 1
curv 0 5 3781 3782 3783 3784 3785
parm u 0 0 1 2 3 4
end
v 9116.24052615968 -180.868255464418 -1524.26219511939
v 8511.54698316467 183.145192199037 -1812.33100360332
v 8317.21203539835 -509.070806773292 -2368.09561220746
v 8922.90332848822 -869.530294706026 -2077.17340963601
v 9116.24052615968 -180.868255464418 -1524.26219511939
cstype bspline
deg 1
curv 0 5 3786 3787 3788 3789 3790
parm u 0 0 1 2 3 4
end
v 8896.97301691775 -904.519049091061 -2061.89728465768
v 8291.28172382763 -544.059561158676 -2352.81948722897
v 8598.85870769058 -551.719986940094 -3192.88221740573
v 9244.01809328513 -913.162456074671 -3009.7563561852
v 8896.97301691775 -904.519049091061 -2061.89728465768
cstype bspline
deg 1
curv 0 5 3791 3792 3793 3794 3795
parm u 0 0 1 2 3 4
end
v 8922.88066369995 -869.560877165757 -2077.16005730366
v 8317.18937060982 -509.101389233372 -2368.08225987495
v 8610.1160373007 -516.396938339167 -3168.13164026538
v 9255.27542289524 -877.839407473744 -2985.00577904485
v 8922.88066369995 -869.560877165757 -2077.16005730366
cstype bspline
deg 1
curv 0 5 3796 3797 3798 3799 3800
parm u 0 0 1 2 3 4
end
v 8353.29302185087 -810.745180961705 -1178.6254646438
v 8852.03328889114 -822.124216783879 -2051.62835960774
v 8997.68900554348 -139.415769674262 -1541.26958324923
v 8455.88482310672 -135.784059572936 -602.625694428676
v 8353.29302185087 -810.745180961705 -1178.6254646438
cstype bspline
deg 1
curv 0 5 3801 3802 3803 3804 3805
parm u 0 0 1 2 3 4
end
v 8381.9295376604 -830.008256241621 -1158.1224799226
v 8883.80455691796 -841.458813174337 -2036.61249502009
v 9029.39373535882 -159.0622398454 -1526.4868599414
v 8484.46624631885 -155.409594239143 -582.432026076405
v 8381.9295376604 -830.008256241621 -1158.1224799226
cstype bspline
deg 1
curv 0 5 3806 3807 3808 3809 3810
parm u 0 0 1 2 3 4
end
v 7923.74528470783 -521.799051763403 -1486.17023546185
v 8375.46426848877 -532.105270927335 -2276.86632842256
v 8522.11805831338 155.281282893091 -1763.01043286668
v 8027.16347492478 158.598960420233 -905.530719712823
v 7923.74528470783 -521.799051763403 -1486.17023546185
cstype bspline
deg 1
curv 0 5 3811 3812 3813 3814 3815
parm u 0 0 1 2 3 4
end
v 7952.38180051738 -541.062127043289 -1465.66725074064
v 8407.23553651561 -551.439867317793 -2261.85046383491
v 8553.82278812872 135.634812721924 -1748.22770955884
v 8055.74489813691 138.973425754026 -885.337051360541
v 7952.38180051738 -541.062127043289 -1465.66725074064
cstype bspline
deg 1
curv 0 5 3816 3817 3818 3819 3820
parm u 0 0 1 2 3 4
end
v 8504.13725249045 -184.692379215907 -511.946932358369
v 7961.09021145999 188.192779442121 -895.62663105161
v 7852.29953888811 -527.551300073857 -1506.42984959222
v 8396.39333926858 -893.549730396306 -1116.87313989325
v 8504.13725249045 -184.692379215907 -511.946932358369
cstype bspline
deg 1
curv 0 5 3821 3822 3823 3824 3825
parm u 0 0 1 2 3 4
end
v 8527.33838113705 -184.847896238469 -552.141523547988
v 7984.29134010659 188.037262419559 -935.821222241229
v 7880.79572460757 -492.870137985912 -1516.89544080414
v 8424.88952498803 -858.86856830836 -1127.33873110517
v 8527.33838113705 -184.847896238469 -552.141523547988
cstype bspline
deg 1
curv 0 5 3826 3827 3828 3829 3830
parm u 0 0 1 2 3 4
end
v 8396.39333927046 -893.549730394006 -1116.87313989395
v 7852.29953888629 -527.551300076069 -1506.42984959155
v 8320.31325891292 -538.229292685428 -2325.64850801421
v 8923.96735142258 -905.586624103744 -2040.34708084877
v 8396.39333927046 -893.549730394006 -1116.87313989395
cstype bspline
deg 1
curv 0 5 3831 3832 3833 3834 3835
parm u 0 0 1 2 3 4
end
v 8424.86176397632 -858.90235473006 -1127.32853551608
v 7880.76796359215 -492.903924412123 -1516.88524521368
v 8327.80736644855 -503.103376341693 -2299.39012530404
v 8931.46145895821 -870.460707760009 -2014.0886981386
v 8424.86176397632 -858.90235473006 -1127.32853551608
cstype bspline
deg 1
curv 0 5 3836 3837 3838 3839 3840
parm u 0 0 1 2 3 4
end
v 7677.42420134766 -796.543186969531 -296.387521588496
v 8349.80247373966 -809.890653437324 -1114.89022676607
v 8415.0741501545 -144.613118409965 -589.109609943192
v 7684.20237391716 -139.068034210388 292.459935231493
v 7677.42420134766 -796.543186969531 -296.387521588496
cstype bspline
deg 1
curv 0 5 3841 3842 3843 3844 3845
parm u 0 0 1 2 3 4
end
v 7702.04273502066 -816.191655671515 -271.500628257499
v 8378.35767113354 -829.617269350711 -1094.79553157296
v 8443.578306429 -164.859967783763 -569.426064466264
v 7708.81504302588 -159.285359083849 316.837349978421
v 7702.04273502066 -816.191655671515 -271.500628257499
cstype bspline
deg 1
curv 0 5 3846 3847 3848 3849 3850
parm u 0 0 1 2 3 4
end
v 7308.14619625276 -501.816156440182 -669.69092155341
v 7921.47451283156 -513.991414736607 -1416.31065466262
v 7987.51180603714 159.089622196974 -884.362792097031
v 7315.0123372865 164.191838891653 -73.2012859723336
v 7308.14619625276 -501.816156440182 -669.69092155341
cstype bspline
deg 1
curv 0 5 3851 3852 3853 3854 3855
parm u 0 0 1 2 3 4
end
v 7332.76472992574 -521.464625142107 -644.804028222425
v 7950.02971022542 -533.718030649965 -1396.21595946952
v 8016.01596231161 138.842772823176 -864.679246620116
v 7339.6250063952 143.974514018191 -48.8238712254215
v 7332.76472992574 -521.464625142107 -644.804028222425
cstype bspline
deg 1
curv 0 5 3856 3857 3858 3859 3860
parm u 0 0 1 2 3 4
end
v 7715.94429387196 -189.385333168437 389.33554622667
v 7248.30358080646 194.74383942748 -73.8353339648447
v 7241.07276827817 -506.636882715975 -702.005467487754
v 7708.82490806502 -879.957788053696 -229.154494199356
v 7715.94429387196 -189.385333168437 389.33554622667
cstype bspline
deg 1
curv 0 5 3861 3862 3863 3864 3865
parm u 0 0 1 2 3 4
end
v 7745.73404668894 -189.611346394027 353.403472098798
v 7278.09333362343 194.51782620186 -109.767408092717
v 7271.21874998531 -472.309092305484 -706.990487100811
v 7738.97088977216 -845.629997643235 -234.139513812443
v 7745.73404668894 -189.611346394027 353.403472098798
cstype bspline
deg 1
curv 0 5 3866 3867 3868 3869 3870
parm u 0 0 1 2 3 4
end
v 7708.82490806526 -879.957788053405 -229.154494199366
v 7241.07276827793 -506.636882716208 -702.00546748771
v 7875.22506328269 -519.225520452717 -1473.97474470633
v 8417.7738137663 -894.031222806982 -1092.17553603736
v 7708.82490806526 -879.957788053405 -229.154494199366
cstype bspline
deg 1
curv 0 5 3871 3872 3873 3874 3875
parm u 0 0 1 2 3 4
end
v 7738.94122551269 -845.663776887552 -234.134608451659
v 7271.18908572537 -472.342871550354 -706.98558174
v 7878.64171674074 -484.401490866556 -1446.45269745227
v 8421.19046722435 -859.207193220791 -1064.65348878331
v 7738.94122551269 -845.663776887552 -234.134608451659
cstype bspline
deg 1
curv 0 5 3876 3877 3878 3879 3880
parm u 0 0 1 2 3 4
end
v 6825.3687396337 -779.894923740969 502.967757559087
v 7661.11773228396 -794.327591014735 -235.63030434943
v 7643.37138956212 -150.714237003296 299.070056781853
v 6734.03285454788 -143.007901968027 1096.25123645276
v 6825.3687396337 -779.894923740969 502.967757559087
cstype bspline
deg 1
curv 0 5 3881 3882 3883 3884 3885
parm u 0 0 1 2 3 4
end
v 6845.58471119688 -800.026420135342 531.206064836006
v 7685.71745376984 -814.534791005077 -211.266161714371
v 7667.99178998713 -171.67140793585 322.811139421119
v 6754.36202063809 -163.928706147999 1123.75427475271
v 6845.58471119688 -800.026420135342 531.206064836006
cstype bspline
deg 1
curv 0 5 3886 3887 3888 3889 3890
parm u 0 0 1 2 3 4
end
v 6522.12916618596 -477.922477825108 79.3931484051427
v 7292.1219099957 -491.21959115981 -601.092443875419
v 7274.06538318688 163.64332698498 -57.0461828071966
v 6429.09536319466 170.804160731786 683.705661953696
v 6522.12916618596 -477.922477825108 79.3931484051427
cstype bspline
deg 1
curv 0 5 3891 3892 3893 3894 3895
parm u 0 0 1 2 3 4
end
v 6542.34513774914 -498.053974219511 107.631455682069
v 7316.72163148158 -511.426791150152 -576.728301240353
v 7298.68578361189 142.686156052398 -33.3051001679232
v 6449.42452928487 149.883356551814 711.208700253635
v 6542.34513774914 -498.053974219511 107.631455682069
cstype bspline
deg 1
curv 0 5 3896 3897 3898 3899 3900
parm u 0 0 1 2 3 4
end
v 6749.32431424809 -195.008795408183 1196.15785596049
v 6363.07015853401 202.486484011577 673.600128261656
v 6461.17621410286 -481.609077009489 36.3401740416666
v 6845.27967380303 -864.107508500892 572.868012305182
v 6749.32431424809 -195.008795408183 1196.15785596049
cstype bspline
deg 1
curv 0 5 3901 3902 3903 3904 3905
parm u 0 0 1 2 3 4
end
v 6784.85576977342 -195.309912417986 1165.00883220261
v 6398.60161405934 202.185367001774 642.451104503787
v 6491.80056523246 -447.692853253509 37.0658506215623
v 6875.90402493263 -830.191284744913 573.593688885063
v 6784.85576977342 -195.309912417986 1165.00883220261
cstype bspline
deg 1
curv 0 5 3906 3907 3908 3909 3910
parm u 0 0 1 2 3 4
end
v 6845.27967380215 -864.107508501882 572.868012305174
v 6461.17621410369 -481.609077008528 36.3401740417321
v 7256.17164293998 -495.337965238694 -666.24168741237
v 7723.56635117177 -879.274765054899 -203.322977346117
v 6845.27967380215 -864.107508501882 572.868012305174
cstype bspline
deg 1
curv 0 5 3911 3912 3913 3914 3915
parm u 0 0 1 2 3 4
end
v 6875.87530791014 -830.223088617466 573.593008404681
v 6491.77184821169 -447.724657124112 37.065170141228
v 7255.22232776687 -460.908791174326 -637.638657828022
v 7722.61703599867 -844.845590990531 -174.719947761776
v 6875.87530791014 -830.223088617466 573.593008404681
cstype bspline
deg 1
curv 0 5 3916 3917 3918 3919 3920
parm u 0 0 1 2 3 4
end
v 5813.22362242992 -761.415882481786 1201.26715897416
v 6797.41704233362 -776.210326318629 559.138759701804
v 6694.15428904016 -157.203497870389 1096.47017543106
v 5622.08366446942 -147.641958611086 1790.94498482713
v 5813.22362242992 -761.415882481786 1201.26715897416
cstype bspline
deg 1
curv 0 5 3921 3922 3923 3924 3925
parm u 0 0 1 2 3 4
end
v 5828.97076665738 -782.108863507892 1231.8529618738
v 6817.71133986853 -796.971660376643 586.757812148197
v 6714.61271210615 -178.948679649213 1123.23519482905
v 5638.14627326535 -169.347935182945 1820.55756128656
v 5828.97076665738 -782.108863507892 1231.8529618738
cstype bspline
deg 1
curv 0 5 3926 3927 3928 3929 3930
parm u 0 0 1 2 3 4
end
v 5577.01645901797 -451.021167089784 742.480115480015
v 6493.00257931002 -464.790315448132 144.852973005949
v 6387.27794305012 168.974228812003 694.994884461114
v 5381.14453253062 177.947689966793 1346.75633793564
v 5577.01645901797 -451.021167089784 742.480115480015
cstype bspline
deg 1
curv 0 5 3931 3932 3933 3934 3935
parm u 0 0 1 2 3 4
end
v 5592.76360324543 -471.71414811592 773.065918379616
v 6513.29687684492 -485.551649506175 172.472025452331
v 6407.73636611613 147.229047033179 721.759903859107
v 5397.20714132653 156.241713394935 1376.36891439505
v 5592.76360324543 -471.71414811592 773.065918379616
cstype bspline
deg 1
curv 0 5 3936 3937 3938 3939 3940
parm u 0 0 1 2 3 4
end
v 5621.77189446033 -201.545973107539 1891.19131213002
v 5316.58232733784 210.867581757775 1328.55235940078
v 5523.44688550628 -453.399968217622 690.363232394644
v 5822.6426258292 -846.566607717745 1271.4934874838
v 5621.77189446033 -201.545973107539 1891.19131213002
cstype bspline
deg 1
curv 0 5 3941 3942 3943 3944 3945
parm u 0 0 1 2 3 4
end
v 5662.24018645924 -201.906900040747 1864.9764259757
v 5357.05061933674 210.506654824596 1302.33747324648
v 5553.38650662288 -419.952037445066 696.629904891066
v 5852.5822469458 -813.118676945189 1277.76015998022
v 5662.24018645924 -201.906900040747 1864.9764259757
cstype bspline
deg 1
curv 0 5 3946 3947 3948 3949 3950
parm u 0 0 1 2 3 4
end
v 5822.64262583079 -846.56660771594 1271.49348748413
v 5523.44688550473 -453.399968219339 690.363232394309
v 6468.22527594139 -467.601923396986 73.9508247828344
v 6853.81692910462 -862.067270499567 598.712821264275
v 5822.64262583079 -846.56660771594 1271.49348748413
cstype bspline
deg 1
curv 0 5 3951 3952 3953 3954 3955
parm u 0 0 1 2 3 4
end
v 5852.55617472873 -813.147804291453 1277.75470279542
v 5553.36043440266 -419.981164794852 696.624447705595
v 6462.56113300765 -433.648314361111 103.424394336351
v 6848.15278617089 -828.113661463693 628.186390817784
v 5852.55617472873 -813.147804291453 1277.75470279542
cstype bspline
deg 1
curv 0 5 3956 3957 3958 3959 3960
parm u 0 0 1 2 3 4
end
v 4657.28355946292 -742.129171574721 1787.44982281545
v 5775.13747457523 -756.414208000671 1252.70305026216
v 5583.6242110929 -163.504443948797 1785.06359306606
v 4364.6432198271 -152.764802202495 2364.57537010597
v 4657.28355946292 -742.129171574721 1787.44982281545
cstype bspline
deg 1
curv 0 5 3961 3962 3963 3964 3965
parm u 0 0 1 2 3 4
end
v 4668.69364902574 -763.416211909993 1819.53221521545
v 5791.07937477959 -777.75916026812 1282.61756447913
v 5599.95727840271 -186.060418325011 1813.89075735855
v 4376.66451772907 -175.282788407407 2395.45237862867
v 4668.69364902574 -763.416211909993 1819.53221521545
cstype bspline
deg 1
curv 0 5 3966 3967 3968 3969 3970
parm u 0 0 1 2 3 4
end
v 4486.1322160208 -422.823566545529 1306.21393681555
v 5536.00897151001 -436.239923989167 803.985337007696
v 5338.62820144583 174.835171694373 1352.65612867907
v 4184.32375129775 185.004990870861 1901.42024226527
v 4486.1322160208 -422.823566545529 1306.21393681555
cstype bspline
deg 1
curv 0 5 3971 3972 3973 3974 3975
parm u 0 0 1 2 3 4
end
v 4497.54230558359 -444.1106068808 1338.29632921554
v 5551.95087171438 -457.584876256617 833.899851224669
v 5354.96126875564 152.279197318159 1381.48329297157
v 4196.34504919971 162.487004665978 1932.29725078798
v 4497.54230558359 -444.1106068808 1338.29632921554
cstype bspline
deg 1
curv 0 5 3976 3977 3978 3979 3980
parm u 0 0 1 2 3 4
end
v 4349.8884496625 -208.664993693616 2463.06992363283
v 4121.48378952533 219.176744199329 1876.40676170128
v 4440.75192914498 -423.814806458831 1246.76766259514
v 4657.54363083905 -828.268572830566 1856.33311819365
v 4349.8884496625 -208.664993693616 2463.06992363283
cstype bspline
deg 1
curv 0 5 3981 3982 3983 3984 3985
parm u 0 0 1 2 3 4
end
v 4394.696464582 -209.059767714731 2441.76789141277
v 4166.29180444482 218.781970178214 1855.10472948119
v 4469.00377813333 -390.866213309986 1258.11658456657
v 4685.79547982741 -795.319979681721 1867.68204016506
v 4394.696464582 -209.059767714731 2441.76789141277
cstype bspline
deg 1
curv 0 5 3986 3987 3988 3989 3990
parm u 0 0 1 2 3 4
end
v 4657.54363083966 -828.268572829867 1856.3331181939
v 4440.75192914439 -423.81480645953 1246.76766259492
v 5522.89128073111 -437.643447077397 729.105633692212
v 5825.78738461373 -843.197540158639 1297.48140381453
v 4657.54363083966 -828.268572829867 1856.3331181939
cstype bspline
deg 1
curv 0 5 3991 3992 3993 3994 3995
parm u 0 0 1 2 3 4
end
v 4685.77289952929 -795.346313853923 1867.67296953604
v 4468.98119783402 -390.892547483585 1258.10751393706
v 5512.09612120351 -404.222495588037 759.113565682252
v 5814.99222508612 -809.77658866928 1327.48933580457
v 4685.77289952929 -795.346313853923 1867.67296953604
cstype bspline
deg 1
curv 0 5 3996 3997 3998 3999 4000
parm u 0 0 1 2 3 4
end
v 3371.49811809448 -723.379708972789 2253.80785775626
v 4609.97669858176 -736.035046723904 1835.18616637124
v 4327.72892081234 -168.813941958098 2352.68896088959
v 2975.80962502938 -157.924362442631 2807.46734056272
v 3371.49811809448 -723.379708972789 2253.80785775626
cstype bspline
deg 1
curv 0 5 4001 4002 4003 4004 4005
parm u 0 0 1 2 3 4
end
v 3378.81030256072 -745.217971465638 2286.72752170677
v 4621.68176454724 -757.918197679071 1866.62097986711
v 4340.13984442137 -192.115624373604 2382.82958065984
v 2984.1227688995 -181.193037637655 2838.98643139682
v 3378.81030256072 -745.217971465638 2286.72752170677
cstype bspline
deg 1
curv 0 5 4006 4007 4008 4009 4010
parm u 0 0 1 2 3 4
end
v 3261.81535110077 -395.80577157982 1760.01289849888
v 4434.40070909965 -407.787782396394 1363.66396393299
v 4141.56506667704 180.711294274661 1900.57966433606
v 2851.11246697777 191.105765482498 2334.68097805115
v 3261.81535110077 -395.80577157982 1760.01289849888
cstype bspline
deg 1
curv 0 5 4011 4012 4013 4014 4015
parm u 0 0 1 2 3 4
end
v 3269.127535567 -417.644034072669 1792.93256244937
v 4446.10577506511 -429.670933351561 1395.09877742884
v 4153.97599028604 157.409611859155 1930.72028410629
v 2859.42561084786 167.837090287503 2366.20006888526
v 3269.127535567 -417.644034072669 1792.93256244937
cstype bspline
deg 1
curv 0 5 4016 4017 4018 4019 4020
parm u 0 0 1 2 3 4
end
v 2947.8230022659 -215.70321695364 2902.67085922902
v 2789.87326873387 226.401611751528 2303.80813338105
v 3225.06058353692 -395.499197117839 1694.88068701696
v 3363.99208839832 -810.426184486161 2320.35430207253
v 2947.8230022659 -215.70321695364 2902.67085922902
cstype bspline
deg 1
curv 0 5 4021 4022 4023 4024 4025
parm u 0 0 1 2 3 4
end
v 2996.59248470466 -216.096050430177 2886.26506764796
v 2838.64275117258 226.00877827502 2287.40234180002
v 3250.83047786725 -363.024660701572 1710.65662495304
v 3389.76198272867 -777.951648069895 2336.13024000863
v 2996.59248470466 -216.096050430177 2886.26506764796
cstype bspline
deg 1
curv 0 5 4026 4027 4028 4029 4030
parm u 0 0 1 2 3 4
end
v 3363.99208839987 -810.426184484211 2320.35430207347
v 3225.06058353544 -395.499197119701 1694.88068701604
v 4433.20486544332 -407.84456520321 1286.51237875636
v 4655.60111878734 -823.62443335139 1883.77383517817
v 3363.99208839987 -810.426184484211 2320.35430207347
cstype bspline
deg 1
curv 0 5 4031 4032 4033 4034 4035
parm u 0 0 1 2 3 4
end
v 3389.74344707505 -777.975006208319 2336.11889276299
v 3250.81194221061 -363.048018843809 1710.64527770556
v 4416.84311015143 -374.963055963628 1316.51174368918
v 4639.23936349547 -790.742924111837 1913.77320011095
v 3389.74344707505 -777.975006208319 2336.11889276299
cstype bspline
deg 1
curv 0 5 4036 4037 4038 4039 4040
parm u 0 0 1 2 3 4
end
v 1967.00463346803 -706.904153120122 2592.78054112849
v 3314.78654657337 -716.486931402906 2299.70119191078
v 2940.13777235031 -172.006782438257 2789.47478870932
v 1467.20857402245 -162.378910404572 3109.13124267392
v 1967.00463346803 -706.904153120122 2592.78054112849
cstype bspline
deg 1
curv 0 5 4041 4042 4043 4044 4045
parm u 0 0 1 2 3 4
end
v 1970.50645595294 -729.13801945484 2626.08231581466
v 3322.41048500174 -738.750106131483 2332.10659972455
v 2948.85403218416 -195.857436861144 2820.45221858632
v 1472.17185964703 -186.205033332342 3140.92314647741
v 1970.50645595294 -729.13801945484 2626.08231581466
cstype bspline
deg 1
curv 0 5 4046 4047 4048 4049 4050
parm u 0 0 1 2 3 4
end
v 1914.47729619444 -373.396158099553 2093.2539208358
v 3200.42747014805 -382.539310474473 1813.62007470385
v 2809.3938748423 185.753033905377 2324.81334055431
v 1392.75928965374 195.012933512335 2632.252685622
v 1914.47729619444 -373.396158099553 2093.2539208358
cstype bspline
deg 1
curv 0 5 4051 4052 4053 4054 4055
parm u 0 0 1 2 3 4
end
v 1917.97911867934 -395.630024434242 2126.55569552198
v 3208.05140857638 -404.802485203021 1846.02548251766
v 2818.11013467613 161.90237948249 2355.79077043135
v 1397.72257527829 171.186810584564 2664.04458942549
v 1917.97911867934 -395.630024434242 2126.55569552198
cstype bspline
deg 1
curv 0 5 4056 4057 4058 4059 4060
parm u 0 0 1 2 3 4
end
v 1427.11935963577 -221.601065776369 3200.00404255346
v 1332.81693276871 231.095269851707 2595.95787028768
v 1886.51038140342 -372.150901881396 2023.92454741438
v 1953.04500861358 -794.594362237462 2656.65826645495
v 1427.11935963577 -221.601065776369 3200.00404255346
cstype bspline
deg 1
curv 0 5 4061 4062 4063 4064 4065
parm u 0 0 1 2 3 4
end
v 1479.61678808392 -221.944217724056 3188.61100218257
v 1385.31436121687 230.75211790402 2584.56482991682
v 1909.20603461222 -340.025172594673 2043.32040035572
v 1975.74066182239 -762.468632950768 2676.05411939628
v 1479.61678808392 -221.944217724056 3188.61100218257
cstype bspline
deg 1
curv 0 5 4066 4067 4068 4069 4070
parm u 0 0 1 2 3 4
end
v 1953.04500861242 -794.594362239121 2656.65826645395
v 1886.51038140458 -372.150901879737 2023.92454741538
v 3211.30319444678 -381.570226827316 1735.84424917177
v 3356.15802458553 -804.570546670002 2351.54699763389
v 1953.04500861242 -794.594362239121 2656.65826645395
cstype bspline
deg 1
curv 0 5 4071 4072 4073 4074 4075
parm u 0 0 1 2 3 4
end
v 1975.72656502009 -762.488586994383 2676.04207217729
v 1909.19193781224 -340.045126635028 2043.30835313871
v 3188.9915625055 -349.144548381621 1765.01196298315
v 3333.84639264425 -772.144868224306 2380.71471144527
v 1975.72656502009 -762.488586994383 2676.04207217729
cstype bspline
deg 1
curv 0 5 4076 4077 4078 4079 4080
parm u 0 0 1 2 3 4
end
v 430.97138960654 -695.107449958799 2796.39488114725
v 1899.05436144743 -699.149976215907 2639.02991161917
v 1431.77779897394 -171.689706655539 3084.97222609037
v -129.531768001671 -164.889720036968 3254.21161001639
v 430.97138960654 -695.107449958799 2796.39488114725
cstype bspline
deg 1
curv 0 5 4081 4082 4083 4084 4085
parm u 0 0 1 2 3 4
end
v 431.109325103691 -717.426606664405 2829.82127336978
v 1902.69324965891 -721.478773175913 2672.08103396406
v 1436.91156756277 -195.705919741449 3116.59671917787
v -127.614651938511 -188.891923605086 3286.18477469552
v 431.109325103691 -717.426606664405 2829.82127336978
cstype bspline
deg 1
curv 0 5 4086 4087 4088 4089 4090
parm u 0 0 1 2 3 4
end
v 428.902357149273 -360.320099374512 2294.99899780956
v 1844.47103827518 -364.218021816225 2143.2630764461
v 1354.77127014203 188.553489632788 2610.6048297781
v -158.288508949092 195.143333484739 2774.61413982968
v 428.902357149273 -360.320099374512 2294.99899780956
cstype bspline
deg 1
curv 0 5 4091 4092 4093 4094 4095
parm u 0 0 1 2 3 4
end
v 429.040292646427 -382.639256080118 2328.42539003207
v 1848.10992648666 -386.546818776173 2176.31419879097
v 1359.90503873083 164.537276546907 2642.22932286558
v -156.371392885932 171.141129916621 2806.5873045088
v 429.040292646427 -382.639256080118 2328.42539003207
cstype bspline
deg 1
curv 0 5 4096 4097 4098 4099 4100
parm u 0 0 1 2 3 4
end
v -178.903910526049 -224.659323903441 3340.01577238185
v -215.329115726116 231.382543890737 2732.52564347867
v 408.630031678204 -358.862485436868 2222.87831690234
v 411.250806127111 -782.926462846488 2857.97976912762
v -178.903910526049 -224.659323903441 3340.01577238185
cstype bspline
deg 1
curv 0 5 4101 4102 4103 4104 4105
parm u 0 0 1 2 3 4
end
v -124.738977843772 -224.895228957263 3334.14452171418
v -161.164183043838 231.146638836886 2726.654392811
v 428.676616167948 -326.823544431769 2244.87479606261
v 431.297390616855 -750.887521841418 2879.97624828789
v -124.738977843772 -224.895228957263 3334.14452171418
cstype bspline
deg 1
curv 0 5 4106 4107 4108 4109 4110
parm u 0 0 1 2 3 4
end
v 411.250806128013 -782.926462845033 2857.97976912861
v 408.630031677316 -358.862485438265 2222.87831690137
v 1867.49862448126 -362.879638899787 2066.50104391647
v 1936.63750049945 -787.126781139406 2694.47236846904
v 411.250806128013 -782.926462845033 2857.97976912861
cstype bspline
deg 1
curv 0 5 4111 4112 4113 4114 4115
parm u 0 0 1 2 3 4
end
v 431.286292394831 -750.905259290943 2879.96407056207
v 428.665517944133 -326.841281884175 2244.86261833482
v 1839.01270595795 -330.724826376245 2093.68639292878
v 1908.15158197614 -754.971968615864 2721.65771748135
v 431.286292394831 -750.905259290943 2879.96407056207
cstype bspline
deg 1
curv 0 5 4116 4117 4118 4119 4120
parm u 0 0 1 2 3 4
end
v -1257.28688387093 -690.513351057336 2841.54750886381
v 351.335651389832 -685.708784377668 2845.64057660585
v -165.984335076453 -166.063406592468 3222.41979565681
v -1875.07031823737 -163.154917081149 3223.88418571761
v -1257.28688387093 -690.513351057336 2841.54750886381
cstype bspline
deg 1
curv 0 5 4121 4122 4123 4124 4125
parm u 0 0 1 2 3 4
end
v -1260.30644551678 -712.342808545887 2875.12722879687
v 351.067229623633 -707.530024876382 2879.22729669069
v -164.576549571484 -189.5683890371 3254.78568514718
v -1876.13197936021 -186.655697069247 3256.25219109515
v -1260.30644551678 -712.342808545887 2875.12722879687
cstype bspline
deg 1
curv 0 5 4126 4127 4128 4129 4130
parm u 0 0 1 2 3 4
end
v -1211.99345918313 -363.071488729416 2337.85170986828
v 355.361977882843 -358.390176897054 2341.8397753337
v -187.101117651084 186.511330076988 2736.93145330147
v -1859.1454013947 189.356782739749 2738.36410505478
v -1211.99345918313 -363.071488729416 2337.85170986828
cstype bspline
deg 1
curv 0 5 4131 4132 4133 4134 4135
parm u 0 0 1 2 3 4
end
v -1215.01302082898 -384.900946217938 2371.43142980132
v 355.093556116644 -380.211417395738 2375.42649541851
v -185.693332146118 163.006347632327 2769.29734279184
v -1860.20706251753 165.85600275168 2770.73211043231
v -1215.01302082898 -384.900946217938 2371.43142980132
cstype bspline
deg 1
curv 0 5 4136 4137 4138 4139 4140
parm u 0 0 1 2 3 4
end
v -1932.96252116073 -221.812864004663 3304.85152858332
v -1912.79095982662 224.701955768454 2689.85942641041
v -1224.55242101925 -362.799064552208 2263.91916778213
v -1281.92409228836 -777.55875683605 2901.93384650849
v -1932.96252116073 -221.812864004663 3304.85152858332
cstype bspline
deg 1
curv 0 5 4141 4142 4143 4144 4145
parm u 0 0 1 2 3 4
end
v -1877.72447104451 -221.906867051293 3304.80419916142
v -1857.55290971042 224.607952721795 2689.8120969885
v -1207.48014860451 -330.313617195206 2287.49205185928
v -1264.85181987362 -745.073309479048 2925.50673058564
v -1877.72447104451 -221.906867051293 3304.80419916142
cstype bspline
deg 1
curv 0 5 4146 4147 4148 4149 4150
parm u 0 0 1 2 3 4
end
v -1281.92409228787 -777.558756835118 2901.93384650915
v -1224.55242101971 -362.79906455311 2263.91916778148
v 387.944568921499 -357.982925813849 2268.02209389931
v 382.844555363681 -772.586495289288 2906.1697755107
v -1281.92409228787 -777.558756835118 2901.93384650915
cstype bspline
deg 1
curv 0 5 4151 4152 4153 4154 4155
parm u 0 0 1 2 3 4
end
v -1264.85904850224 -745.087064252206 2925.49674951105
v -1207.48737723408 -330.327371970168 2287.48207078339
v 355.764610532147 -325.658316148998 2291.4596952065
v 350.664596974333 -740.261885624437 2929.60737681788
v -1264.85904850224 -745.087064252206 2925.49674951105
cstype bspline
deg 1
curv 0 5 4156 4157 4158 4159 4160
parm u 0 0 1 2 3 4
end
v -2831.10929008015 -693.555573205784 2725.65626658433
v -1349.41572290181 -679.540025629482 2891.20589832745
v -1914.00444035683 -154.543736703927 3184.6928857722
v -3445.64222837869 -155.903575221862 3022.38960396669
v -2831.10929008015 -693.555573205784 2725.65626658433
cstype bspline
deg 1
curv 0 5 4161 4162 4163 4164 4165
parm u 0 0 1 2 3 4
end
v -2837.21086905484 -714.193002438988 2759.52217331827
v -1353.63246687999 -700.159625943692 2925.28239768761
v -1916.54243053632 -176.724366289709 3217.89672795766
v -3449.97811432663 -178.085801038775 3055.40292827262
v -2837.21086905484 -714.193002438988 2759.52217331827
cstype bspline
deg 1
curv 0 5 4166 4167 4168 4169 4170
parm u 0 0 1 2 3 4
end
v -2739.58560545968 -383.994134707435 2217.66766557511
v -1286.16456322899 -370.246020915889 2380.0584079249
v -1875.93458766458 178.16570708307 2686.63525299019
v -3380.60393915947 176.829812032112 2527.18973937747
v -2739.58560545968 -383.994134707435 2217.66766557511
cstype bspline
deg 1
curv 0 5 4171 4172 4173 4174 4175
parm u 0 0 1 2 3 4
end
v -2745.68718443438 -404.631563940697 2251.53357230907
v -1290.38130720718 -390.865621230158 2414.13490728508
v -1878.47257784406 155.985077497258 2719.83909517567
v -3384.93982510742 154.647586215142 2560.20306368343
v -2745.68718443438 -404.631563940697 2251.53357230907
cstype bspline
deg 1
curv 0 5 4176 4177 4178 4179 4180
parm u 0 0 1 2 3 4
end
v -3509.86819683778 -211.406537839968 3099.26572591799
v -3427.48636382677 210.055752681685 2472.01256410499
v -2745.63019603534 -386.497024400916 2142.77153620554
v -2861.56019655847 -778.608179828734 2786.2237641524
v -3509.86819683778 -211.406537839968 3099.26572591799
cstype bspline
deg 1
curv 0 5 4181 4182 4183 4184 4185
parm u 0 0 1 2 3 4
end
v -3456.48194324856 -211.359139764158 3104.92291473156
v -3374.10011023755 210.103150757466 2477.66975291856
v -2730.44720021093 -353.025774507492 2166.87554775056
v -2846.37720073405 -745.13692993531 2810.32777569741
v -3456.48194324856 -211.359139764158 3104.92291473156
cstype bspline
deg 1
curv 0 5 4186 4187 4188 4189 4190
parm u 0 0 1 2 3 4
end
v -2861.56019655927 -778.60817983048 2786.22376415114
v -2745.63019603458 -386.497024399199 2142.77153620676
v -1244.37248993851 -372.296416884841 2310.50706931635
v -1324.49062552407 -764.068822855363 2957.96055715957
v -2861.56019655927 -778.60817983048 2786.22376415114
cstype bspline
deg 1
curv 0 5 4191 4192 4193 4194 4195
parm u 0 0 1 2 3 4
end
v -2846.38282628272 -745.149331581692 2810.31884476628
v -2730.45282575803 -353.03817615044 2166.86661682189
v -1279.83944726171 -339.31662044453 2328.94365888465
v -1359.95758284728 -731.089026415051 2976.39714672787
v -2846.38282628272 -745.149331581692 2810.31884476628
cstype bspline
deg 1
curv 0 5 4196 4197 4198 4199 4200
parm u 0 0 1 2 3 4
end
v -4303.92798586106 -700.675837200019 2465.9330179509
v -2928.21402349848 -680.453817735834 2770.98626645086
v -3485.3224142432 -139.757600565266 2976.56507043256
v -4904.90671714691 -142.303840238106 2672.76903804366
v -4303.92798586106 -700.675837200019 2465.9330179509
cstype bspline
deg 1
curv 0 5 4201 4202 4203 4204 4205
parm u 0 0 1 2 3 4
end
v -4313.43774169501 -719.488195209909 2500.03892892103
v -2936.14593221108 -699.242982512194 2805.44205203386
v -3491.84335901849 -159.916162888258 3010.50019561354
v -4912.96457911978 -162.46515925508 2706.37525754022
v -4313.43774169501 -719.488195209909 2500.03892892103
cstype bspline
deg 1
curv 0 5 4206 4207 4208 4209 4210
parm u 0 0 1 2 3 4
end
v -4161.28164835193 -418.490467051393 1954.34435339916
v -2809.23539280947 -398.616346090159 2254.14948270608
v -3387.50824261389 162.620834279194 2467.53819271808
v -4784.03878755378 160.1159450165 2168.67574559547
v -4161.28164835193 -418.490467051393 1954.34435339916
cstype bspline
deg 1
curv 0 5 4211 4212 4213 4214 4215
parm u 0 0 1 2 3 4
end
v -4170.79140418587 -437.302825061313 1988.45026436927
v -2817.16730152207 -417.40551086652 2288.60526828905
v -3394.02918738917 142.462271956232 2501.47331789904
v -4792.09664952665 139.954625999526 2202.281965092
v -4170.79140418587 -437.302825061313 1988.45026436927
cstype bspline
deg 1
curv 0 5 4216 4217 4218 4219 4220
parm u 0 0 1 2 3 4
end
v -4976.091359191 -192.798685735674 2745.86185007538
v -4822.99198170637 190.266375586827 2107.343679641
v -4160.69722357543 -425.074613076373 1879.40481131031
v -4341.38258441812 -782.509415266657 2527.41711974177
v -4976.091359191 -192.798685735674 2745.86185007538
cstype bspline
deg 1
curv 0 5 4221 4222 4223 4224 4225
parm u 0 0 1 2 3 4
end
v -4925.0513720791 -192.707137780526 2756.78458678503
v -4771.95199459447 190.357923541975 2118.26641635065
v -4147.02934820771 -390.260470827983 1903.18973174335
v -4327.71470905042 -747.695273018297 2551.20204017479
v -4925.0513720791 -192.707137780526 2756.78458678503
cstype bspline
deg 1
curv 0 5 4226 4227 4228 4229 4230
parm u 0 0 1 2 3 4
end
v -4341.38258441771 -782.509415265609 2527.41711974249
v -4160.69722357584 -425.074613077421 1879.4048113096
v -2762.21755544283 -404.517953885894 2189.50616769366
v -2912.92382098225 -761.51208463707 2844.1660937704
v -4341.38258441771 -782.509415265609 2527.41711974249
cstype bspline
deg 1
curv 0 5 4231 4232 4233 4234 4235
parm u 0 0 1 2 3 4
end
v -4327.71930558498 -747.706981085852 2551.19404125719
v -4147.0339447431 -390.272178897634 1903.18173282431
v -2797.33752974057 -370.432598925574 2202.4658043316
v -2948.04379527998 -727.42672967675 2857.12573040834
v -4327.71930558498 -747.706981085852 2551.19404125719
cstype bspline
deg 1
curv 0 5 4236 4237 4238 4239 4240
parm u 0 0 1 2 3 4
end
v -5666.48727165299 -708.454638551426 2074.08283358638
v -4404.50092787342 -684.553896750993 2505.29949402006
v -4941.42254011241 -122.083762184717 2619.14699965219
v -6242.12599403109 -124.024958337774 2186.48284575296
v -5666.48727165299 -708.454638551426 2074.08283358638
cstype bspline
deg 1
curv 0 5 4241 4242 4243 4244 4245
parm u 0 0 1 2 3 4
end
v -5679.91056089899 -724.94553247295 2108.05034373953
v -4416.23106704539 -701.012724126806 2539.84554808863
v -4952.07486767447 -139.671687044145 2653.46451726305
v -6254.46627257626 -141.615402329422 2220.23888574051
v -5679.91056089899 -724.94553247295 2108.05034373953
cstype bspline
deg 1
curv 0 5 4246 4247 4248 4249 4250
parm u 0 0 1 2 3 4
end
v -5465.13793296295 -461.091229728598 1564.57018128901
v -4228.54884029389 -437.671486113453 1987.10868299137
v -4781.63762668162 141.735110706708 2104.38423548919
v -6057.02181585335 139.831701536663 1680.14224593964
v -5465.13793296295 -461.091229728598 1564.57018128901
cstype bspline
deg 1
curv 0 5 4251 4252 4253 4254 4255
parm u 0 0 1 2 3 4
end
v -5478.56122220895 -477.582123650092 1598.53769144216
v -4240.27897946585 -454.130313489295 2021.65473705995
v -4792.28995424367 124.14718584728 2138.70175310005
v -6069.36209439853 122.241257545043 1713.89828592719
v -5478.56122220895 -477.582123650092 1598.53769144216
cstype bspline
deg 1
curv 0 5 4256 4257 4258 4259 4260
parm u 0 0 1 2 3 4
end
v -6321.1606045297 -168.072978965269 2254.84511679724
v -6086.69531217123 166.145456875733 1613.48035703369
v -5457.55146058496 -472.606464593264 1490.63285942151
v -5712.59395625551 -785.933449105709 2136.01555233083
v -6321.1606045297 -168.072978965269 2254.84511679724
cstype bspline
deg 1
curv 0 5 4261 4262 4263 4264 4265
parm u 0 0 1 2 3 4
end
v -6272.97669039404 -168.001068316866 2270.87294572185
v -6038.51139803558 166.217367524136 1629.5081859583
v -5445.01446919345 -436.34324357938 1513.62115572676
v -5700.056964864 -749.670228091825 2159.00384863608
v -6272.97669039404 -168.001068316866 2270.87294572185
cstype bspline
deg 1
curv 0 5 4266 4267 4268 4269 4270
parm u 0 0 1 2 3 4
end
v -5712.59395625487 -785.933449103875 2136.01555233198
v -5457.55146058557 -472.606464595039 1490.63285942035
v -4177.18601147556 -448.357641174545 1928.12960082433
v -4400.05865574297 -761.075361315423 2584.50462812733
v -5712.59395625487 -785.933449103875 2136.01555233198
cstype bspline
deg 1
curv 0 5 4271 4272 4273 4274 4275
parm u 0 0 1 2 3 4
end
v -5700.06109301861 -749.682168770261 2158.99627909739
v -5445.01859734931 -436.355184261454 1513.61358618576
v -4210.95363153593 -412.98324504972 1935.2896018885
v -4433.82627580335 -725.700965190568 2591.6646291915
v -5700.06109301861 -749.682168770261 2158.99627909739
cstype bspline
deg 1
curv 0 5 4276 4277 4278 4279 4280
parm u 0 0 1 2 3 4
end
v -6907.75848213321 -714.478099746775 1558.01302840619
v -5769.2770423446 -688.61790461294 2105.69635830063
v -6272.15788361096 -102.299346382788 2125.04472911474
v -7444.74200068612 -102.202867950808 1572.63978235087
v -6907.75848213321 -714.478099746775 1558.01302840619
cstype bspline
deg 1
curv 0 5 4281 4282 4283 4284 4285
parm u 0 0 1 2 3 4
end
v -6925.61653199009 -728.262250657746 1591.12269588103
v -5785.08984570001 -702.355598487571 2139.78992184547
v -6287.22527299803 -116.906132907869 2159.10961281202
v -7461.87872406118 -116.80948421426 1605.72980180189
v -6925.61653199009 -728.262250657746 1591.12269588103
cstype bspline
deg 1
curv 0 5 4286 4287 4288 4289 4290
parm u 0 0 1 2 3 4
end
v -6639.88773428012 -507.715836082178 1061.36801628374
v -5532.08499201358 -482.552496493503 1594.29290512812
v -6046.14704280495 116.802451493451 1614.07147365567
v -7187.69115006029 116.896376000775 1076.28949058572
v -6639.88773428012 -507.715836082178 1061.36801628374
cstype bspline
deg 1
curv 0 5 4291 4292 4293 4294 4295
parm u 0 0 1 2 3 4
end
v -6657.745784137 -521.499986993178 1094.47768375858
v -5547.89779536898 -496.290190368134 1628.38646867296
v -6061.21443219202 102.195664968371 1648.13635735294
v -7204.82787343535 102.289759737352 1109.37951003674
v -6657.745784137 -521.499986993178 1094.47768375858
cstype bspline
deg 1
curv 0 5 4296 4297 4298 4299 4300
parm u 0 0 1 2 3 4
end
v -7532.36835773339 -138.7157238051 1634.26680838855
v -7206.77061360735 138.809985200263 1005.55643881936
v -6624.87995500262 -524.668921633303 989.706471004589
v -6964.18290227901 -786.567788946559 1618.79015302625
v -7532.36835773339 -138.7157238051 1634.26680838855
cstype bspline
deg 1
curv 0 5 4301 4302 4303 4304 4305
parm u 0 0 1 2 3 4
end
v -7487.58380912376 -138.71940860941 1655.3648309784
v -7161.98606499771 138.806300395925 1026.65446140921
v -6613.11210218164 -487.026562623068 1011.70382675586
v -6952.41504945803 -748.925429936324 1640.78750877751
v -7487.58380912376 -138.71940860941 1655.3648309784
cstype bspline
deg 1
curv 0 5 4306 4307 4308 4309 4310
parm u 0 0 1 2 3 4
end
v -6964.18290227823 -786.567788944085 1618.79015302769
v -6624.87995500337 -524.668921635719 989.706471003181
v -5476.93328008927 -498.593727101135 1541.94319220519
v -5777.3765438419 -759.609910719097 2189.72089955703
v -6964.18290227823 -786.567788944085 1618.79015302769
cstype bspline
deg 1
curv 0 5 4311 4312 4313 4314 4315
parm u 0 0 1 2 3 4
end
v -6952.41923928094 -748.938832110929 1640.77967684533
v -6613.11629200608 -487.039964802592 1011.69599482082
v -5508.36578698048 -461.945955681556 1543.15255981087
v -5808.80905073311 -722.962139299518 2190.93026716271
v -6952.41923928094 -748.938832110929 1640.77967684533
cstype bspline
deg 1
curv 0 5 4316 4317 4318 4319 4320
parm u 0 0 1 2 3 4
end
v -8014.37963547017 -717.265707441606 924.597372601456
v -7011.60870734086 -690.508897977677 1579.9709871014
v -7465.25467660278 -81.2222577883804 1504.39844191952
v -8497.62166274135 -77.9279506032763 840.646306147548
v -8014.37963547017 -717.265707441606 924.597372601456
cstype bspline
deg 1
curv 0 5 4321 4322 4323 4324 4325
parm u 0 0 1 2 3 4
end
v -8037.0752480106 -728.065712713229 955.79853826121
v -7031.82106757181 -701.242642942962 1612.79511369484
v -7485.00538968064 -92.5760356910178 1537.29947396941
v -8519.90481552742 -89.2736474316043 871.919126246057
v -8037.0752480106 -728.065712713229 955.79853826121
cstype bspline
deg 1
curv 0 5 4326 4327 4328 4329 4330
parm u 0 0 1 2 3 4
end
v -7673.94544736374 -555.265628367604 456.579887705157
v -6708.42330387672 -529.50272349891 1087.60908819992
v -7168.99398043483 89.0844107511512 1010.88296117124
v -8163.37437095028 92.2575018216157 371.554004669901
v -7673.94544736374 -555.265628367604 456.579887705157
cstype bspline
deg 1
curv 0 5 4331 4332 4333 4334 4335
parm u 0 0 1 2 3 4
end
v -7696.64105990416 -566.065633639198 487.781053364912
v -6728.63566410766 -540.236468464165 1120.43321479335
v -7188.74469351269 77.7306328485138 1043.78399322112
v -8185.65752373635 80.9118049932877 402.826824768414
v -7696.64105990416 -566.065633639198 487.781053364912
cstype bspline
deg 1
curv 0 5 4336 4337 4338 4339 4340
parm u 0 0 1 2 3 4
end
v -8594.06307104685 -106.162211039366 892.639059884983
v -8170.68316811149 109.406028698839 298.455478013295
v -7651.20376638697 -577.874416045903 388.701870740937
v -8082.42040465596 -783.074516205175 981.524018276112
v -8594.06307104685 -106.162211039366 892.639059884983
cstype bspline
deg 1
curv 0 5 4341 4342 4343 4344 4345
parm u 0 0 1 2 3 4
end
v -8553.32954470652 -106.292192674096 918.828356393824
v -8129.94964177116 109.276047064108 324.644774522132
v -7639.9141345786 -539.049603974156 409.776036100106
v -8071.1307728476 -744.249704133428 1002.59818363529
v -8553.32954470652 -106.292192674096 918.828356393824
cstype bspline
deg 1
curv 0 5 4346 4347 4348 4349 4350
parm u 0 0 1 2 3 4
end
v -8082.42040465614 -783.074516205757 981.524018275781
v -7651.2037663868 -577.87441604535 388.701870741235
v -6649.99260098826 -551.159225532494 1043.05608259403
v -7034.02744537618 -755.100379872252 1666.71448786925
v -8082.42040465614 -783.074516205757 981.524018275781
cstype bspline
deg 1
curv 0 5 4351 4352 4353 4354 4355
parm u 0 0 1 2 3 4
end
v -8071.13556126803 -744.266171413008 1002.58924517161
v -7639.91892299869 -539.066071252542 409.767097637061
v -6678.1047635303 -513.402106051042 1038.37289830976
v -7062.13960791822 -717.34326039083 1662.03130358498
v -8071.13556126803 -744.266171413008 1002.58924517161
cstype bspline
deg 1
curv 0 5 4356 4357 4358 4359 4360
parm u 0 0 1 2 3 4
end
v -8970.35535616721 -716.273494685825 182.535283844843
v -8117.66494475928 -689.17872523042 934.713667704207
v -8506.15136763913 -59.8928999945056 767.962999134208
v -9383.630167273 -52.5357597383845 3.58128917039812
v -8970.35535616721 -716.273494685825 182.535283844843
cstype bspline
deg 1
curv 0 5 4361 4362 4363 4364 4365
parm u 0 0 1 2 3 4
end
v -8998.00710651585 -723.952798104059 210.507903402544
v -8142.4758008674 -696.767757462949 965.192307278037
v -8530.70772481892 -67.8941797566949 798.55087770315
v -9411.09663208608 -60.512639970897 31.6341400556676
v -8998.00710651585 -723.952798104059 210.507903402544
cstype bspline
deg 1
curv 0 5 4366 4367 4368 4369 4370
parm u 0 0 1 2 3 4
end
v -8555.57910093764 -601.083943412319 -237.054009520573
v -7745.50210313751 -575.343241742783 477.53407409686
v -8137.80600994237 60.1262964380148 309.144820600181
v -8971.63319507702 67.1174437488662 -417.211474108557
v -8555.57910093764 -601.083943412319 -237.054009520573
cstype bspline
deg 1
curv 0 5 4371 4372 4373 4374 4375
parm u 0 0 1 2 3 4
end
v -8583.23085128628 -608.763246830553 -209.081389962875
v -7770.31295924563 -582.932273975312 508.012713670683
v -8162.36236712216 52.1250166758255 339.732699169119
v -8999.09965989009 59.1405635163537 -389.158623223292
v -8583.23085128628 -608.763246830553 -209.081389962875
cstype bspline
deg 1
curv 0 5 4376 4377 4378 4379 4380
parm u 0 0 1 2 3 4
end
v -9488.17536685048 -72.1771358306578 42.4587808506967
v -8966.31253540224 79.3835885865265 -490.545385969303
v -8525.07072164128 -629.270396993088 -299.481273015874
v -9050.45397826696 -775.177161936968 231.998498579625
v -9488.17536685048 -72.1771358306578 42.4587808506967
cstype bspline
deg 1
curv 0 5 4381 4382 4383 4384 4385
parm u 0 0 1 2 3 4
end
v -9452.29632930566 -72.4779603196075 73.7134163835526
v -8930.43349785742 79.0827640975767 -459.290750436445
v -8514.11437633835 -589.544268827594 -279.018525144391
v -9039.49763296402 -735.451033771446 252.461246451108
v -9452.29632930566 -72.4779603196075 73.7134163835526
cstype bspline
deg 1
curv 0 5 4386 4387 4388 4389 4390
parm u 0 0 1 2 3 4
end
v -9050.45397826733 -775.177161938307 231.998498578936
v -8525.07072164092 -629.270396991808 -299.481273015211
v -7684.4565121687 -602.559356382146 442.044407431946
v -8155.86277822293 -746.75096879981 1021.13855933457
v -9050.45397826733 -775.177161938307 231.998498578936
cstype bspline
deg 1
curv 0 5 4391 4392 4393 4394 4395
parm u 0 0 1 2 3 4
end
v -9039.50351190769 -735.472349973454 252.450266572452
v -8514.12025528128 -589.565585026925 -279.029505021696
v -7708.28581897534 -563.959693394019 431.816114736132
v -8179.69208502957 -708.151305811713 1010.91026663876
v -9039.50351190769 -735.472349973454 252.450266572452
cstype bspline
deg 1
curv 0 5 4396 4397 4398 4399 4400
parm u 0 0 1 2 3 4
end
v -9758.26943533288 -712.066418148839 -654.17841756174
v -9070.20130468751 -684.97726244916 178.596752344949
v -9379.08639984897 -39.6664664261043 -69.5947162463508
v -10086.4041801755 -27.9469105369062 -918.106009643263
v -9758.26943533288 -712.066418148839 -654.17841756174
cstype bspline
deg 1
curv 0 5 4401 4402 4403 4404 4405
parm u 0 0 1 2 3 4
end
v -9790.53627713295 -716.698385660915 -630.840826454349
v -9099.53364378981 -689.493698959384 205.485998984521
v -9408.28965819197 -44.452573467046 -42.6017522577649
v -10118.6210395039 -32.6830851908016 -894.728216290931
v -9790.53627713295 -716.698385660915 -630.840826454349
cstype bspline
deg 1
curv 0 5 4406 4407 4408 4409 4410
parm u 0 0 1 2 3 4
end
v -9274.26680833187 -642.586905467673 -1004.24228417262
v -8630.21621815298 -617.230714795907 -224.741947248621
v -8941.03752470412 32.1251391878759 -474.489176075149
v -9603.15129024903 43.0957092712924 -1268.77290992826
v -9274.26680833187 -642.586905467673 -1004.24228417262
cstype bspline
deg 1
curv 0 5 4411 4412 4413 4414 4415
parm u 0 0 1 2 3 4
end
v -9306.53365013194 -647.218872979749 -980.904693065224
v -8659.54855725528 -621.747151306132 -197.852700609045
v -8970.24078304711 27.3390321469633 -447.496212086559
v -9635.36814957746 38.3595346174261 -1245.39511657593
v -9306.53365013194 -647.218872979749 -980.904693065224
cstype bspline
deg 1
curv 0 5 4416 4417 4418 4419 4420
parm u 0 0 1 2 3 4
end
v -10197.037032841 -39.2887739685539 -895.758883310038
v -9584.91670560088 50.6985444551974 -1339.93695700436
v -9236.39801334287 -675.918919524382 -1059.61400831087
v -9849.46800754529 -763.926302251464 -616.199777271344
v -10197.037032841 -39.2887739685539 -895.758883310038
cstype bspline
deg 1
curv 0 5 4421 4422 4423 4424 4425
parm u 0 0 1 2 3 4
end
v -10166.9463284965 -39.7873471716011 -859.661526262432
v -9554.8260012564 50.1999712521501 -1303.83959995676
v -9225.87918942884 -635.612593479251 -1039.2588405794
v -9838.94918363126 -723.619976206362 -595.84460953989
v -10166.9463284965 -39.7873471716011 -859.661526262432
cstype bspline
deg 1
curv 0 5 4426 4427 4428 4429 4430
parm u 0 0 1 2 3 4
end
v -9849.46800754561 -763.926302252716 -616.19977727198
v -9236.39801334256 -675.918919523217 -1059.61400831027
v -8567.48867104325 -649.584042909293 -250.026895675067
v -9124.80311398699 -735.396336603415 260.868790476781
v -9849.46800754561 -763.926302252716 -616.19977727198
cstype bspline
deg 1
curv 0 5 4431 4432 4433 4434 4435
parm u 0 0 1 2 3 4
end
v -9838.95626571499 -723.647113534505 -595.858314209116
v -9225.88627151195 -635.639730804978 -1039.27254524741
v -8586.21770949953 -610.456060030585 -265.075817207971
v -9143.53215244327 -696.268353724707 245.819868943876
v -9838.95626571499 -723.647113534505 -595.858314209116
cstype bspline
deg 1
curv 0 5 4436 4437 4438 4439 4440
parm u 0 0 1 2 3 4
end
v -10363.412482612 -706.08786246035 -1562.5848181413
v -9850.20155693199 -679.654934170598 -673.509795492002
v -10070.2622279462 -22.0957505599363 -986.761667122629
v -10596.3966022605 -6.65469944340293 -1893.90189505475
v -10363.412482612 -706.08786246035 -1562.5848181413
cstype bspline
deg 1
curv 0 5 4441 4442 4443 4444 4445
parm u 0 0 1 2 3 4
end
v -10399.4098793958 -708.02584964034 -1545.02094012394
v -9883.58330480722 -681.458202355774 -651.414626349952
v -10103.5784796108 -24.0947267494048 -964.57326546225
v -10632.3999523689 -8.57481436384842 -1876.34648301397
v -10399.4098793958 -708.02584964034 -1545.02094012394
cstype bspline
deg 1
curv 0 5 4446 4447 4448 4449 4450
parm u 0 0 1 2 3 4
end
v -9823.45153085496 -677.018054760934 -1826.04298840177
v -9349.47533880349 -652.605911393272 -1004.93733262279
v -9570.51845297611 7.8888922817423 -1319.58769202832
v -10056.3463506346 22.1470243632502 -2157.23307566642
v -9823.45153085496 -677.018054760934 -1826.04298840177
cstype bspline
deg 1
curv 0 5 4451 4452 4453 4454 4455
parm u 0 0 1 2 3 4
end
v -9859.44892763876 -678.956041940866 -1808.47911038441
v -9382.85708667872 -654.409179578419 -982.842163480739
v -9603.83470464078 5.88991609230288 -1297.39929036794
v -10092.349700743 20.2269094428048 -2139.67766362564
v -9859.44892763876 -678.956041940866 -1808.47911038441
cstype bspline
deg 1
curv 0 5 4456 4457 4458 4459 4460
parm u 0 0 1 2 3 4
end
v -10709.8063504423 -10.7682006059331 -1890.36109319977
v -10025.7426983828 25.713982882502 -2223.91392197456
v -9779.12053639623 -714.661451668915 -1873.20274932155
v -10463.0710752868 -751.483208093094 -1539.48906698928
v -10709.8063504423 -10.7682006059331 -1890.36109319977
cstype bspline
deg 1
curv 0 5 4461 4462 4463 4464 4465
parm u 0 0 1 2 3 4
end
v -10686.4049775315 -11.4549867445312 -1850.0133649528
v -10002.341325472 25.027196743933 -2183.56619372758
v -9769.46553645267 -674.08075082599 -1852.40316931978
v -10453.4160753432 -710.902507250197 -1518.68948698753
v -10686.4049775315 -11.4549867445312 -1850.0133649528
cstype bspline
deg 1
curv 0 5 4466 4467 4468 4469 4470
parm u 0 0 1 2 3 4
end
v -10463.0710752862 -751.483208090503 -1539.48906698797
v -9779.12053639682 -714.66145167136 -1873.20274932281
v -9286.22573424562 -689.274905306665 -1019.32292046748
v -9920.47894387506 -723.537000824639 -599.514706768487
v -10463.0710752862 -751.483208090503 -1539.48906698797
cstype bspline
deg 1
curv 0 5 4471 4472 4473 4474 4475
parm u 0 0 1 2 3 4
end
v -10453.4235046751 -710.93373329824 -1518.70549185367
v -9769.47296578571 -674.111976879096 -1852.41917418852
v -9299.40271699064 -649.901009115536 -1038.08008633587
v -9933.65592662007 -684.16310463351 -618.271872636873
v -10453.4235046751 -710.93373329824 -1518.70549185367
cstype bspline
deg 1
curv 0 5 4476 4477 4478 4479 4480
parm u 0 0 1 2 3 4
end
v -10781.3972955585 -700.21019726753 -2509.51123043517
v -10442.0428985511 -675.477826881805 -1596.54597609949
v -10573.1780251662 -8.50777740922058 -1953.84031192653
v -10919.2769099107 9.04735416104086 -2885.23490602515
v -10781.3972955585 -700.21019726753 -2509.51123043517
cstype bspline
deg 1
curv 0 5 4481 4482 4483 4484 4485
parm u 0 0 1 2 3 4
end
v -10819.8629498906 -700.083077443443 -2498.19071620988
v -10478.604581567 -675.211944383045 -1580.103207169
v -10609.7075091175 -8.40566347766435 -1937.30981254773
v -10957.7569364706 9.24840522772865 -2873.95355630105
v -10819.8629498906 -700.083077443443 -2498.19071620988
cstype bspline
deg 1
curv 0 5 4486 4487 4488 4489 4490
parm u 0 0 1 2 3 4
end
v -10204.4124805784 -702.116994628916 -2679.3189438145
v -9893.61765331166 -679.46606436334 -1843.18751005683
v -10025.2357658978 -10.0394863827969 -2201.79780260844
v -10342.076511511 6.03158816046198 -3054.45515188664
v -10204.4124805784 -702.116994628916 -2679.3189438145
cstype bspline
deg 1
curv 0 5 4491 4492 4493 4494 4495
parm u 0 0 1 2 3 4
end
v -10242.8781349105 -701.9898748048 -2667.99842958921
v -9930.17933632762 -679.200181864551 -1826.74474112634
v -10061.765249849 -9.93737245124066 -2185.26730322964
v -10380.556538071 6.23263922714978 -3043.17380216254
v -10242.8781349105 -701.9898748048 -2667.99842958921
cstype bspline
deg 1
curv 0 5 4496 4497 4498 4499 4500
parm u 0 0 1 2 3 4
end
v -11031.6654064079 10.3711055955791 -2900.59658477976
v -10300.5449017683 6.55113532819087 -3114.94222953765
v -10154.8502506203 -742.907238304848 -2717.92248082166
v -10885.697682928 -740.491961649124 -2502.83271054012
v -11031.6654064079 10.3711055955791 -2900.59658477976
cstype bspline
deg 1
curv 0 5 4501 4502 4503 4504 4505
parm u 0 0 1 2 3 4
end
v -11015.4769763106 9.54998182778945 -2857.0315317149
v -10284.356471671 5.73001156040118 -3071.37717647279
v -10146.719767608 -702.278000857768 -2696.3154344623
v -10877.5671999157 -699.862724202074 -2481.22566418074
v -11015.4769763106 9.54998182778945 -2857.0315317149
cstype bspline
deg 1
curv 0 5 4506 4507 4508 4509 4510
parm u 0 0 1 2 3 4
end
v -10885.6976829278 -740.491961648077 -2502.83271053955
v -10154.8502506205 -742.907238305837 -2717.92248082219
v -9831.02042421423 -719.306308778323 -1846.72298426766
v -10525.6924015175 -714.254541301751 -1534.31037458837
v -10885.6976829278 -740.491961648077 -2502.83271053955
cstype bspline
deg 1
curv 0 5 4511 4512 4513 4514 4515
parm u 0 0 1 2 3 4
end
v -10877.5733112637 -699.893263520382 -2481.24190530435
v -10146.7258789564 -702.308540178172 -2696.33167558699
v -9838.77512878772 -679.864888111479 -1867.85166345256
v -10533.447106091 -674.813120634906 -1555.43905377326
v -10877.5733112637 -699.893263520382 -2481.24190530435
cstype bspline
deg 1
curv 0 5 4516 4517 4518 4519 4520
parm u 0 0 1 2 3 4
end
v -11025.2795331063 -695.857188703405 -3457.97284493091
v -10842.5261061555 -673.964133648115 -2554.69589248535
v -10894.7788421248 0.470164561527781 -2935.33311540791
v -11079.6311262798 18.3045759080851 -3856.17115135517
v -11025.2795331063 -695.857188703405 -3457.97284493091
cstype bspline
deg 1
curv 0 5 4521 4522 4523 4524 4525
parm u 0 0 1 2 3 4
end
v -11064.9957423724 -694.435414888285 -3452.70322846208
v -10881.1760583134 -672.414626931015 -2544.15619442501
v -10933.4180829856 1.88141887803795 -2924.71539045904
v -11119.3544952699 19.8204261028732 -3850.95398946586
v -11064.9957423724 -694.435414888285 -3452.70322846208
cstype bspline
deg 1
curv 0 5 4526 4527 4528 4529 4530
parm u 0 0 1 2 3 4
end
v -10429.5363941153 -717.183795929857 -3537.01709196326
v -10262.7768237865 -697.206734404288 -2712.79136339038
v -10315.1902292132 -20.6986501863867 -3094.59898964092
v -10483.780591429 -4.43317701373599 -3934.42857969481
v -10429.5363941153 -717.183795929857 -3537.01709196326
cstype bspline
deg 1
curv 0 5 4531 4532 4533 4534 4535
parm u 0 0 1 2 3 4
end
v -10469.2526033814 -715.762022114737 -3531.74747549443
v -10301.4267759444 -695.657227687188 -2702.25166533005
v -10353.829470074 -19.2873958698474 -3083.98126469205
v -10523.5039604191 -2.91732681894791 -3929.2114178055
v -10469.2526033814 -715.762022114737 -3531.74747549443
cstype bspline
deg 1
curv 0 5 4536 4537 4538 4539 4540
parm u 0 0 1 2 3 4
end
v -11188.080337781 22.9760979443672 -3888.66290827957
v -10433.33632697 -5.82505575660616 -3987.78898417645
v -10375.9506767045 -759.853316274384 -3567.36214083018
v -11130.5586527598 -732.839613787684 -3467.23942792246
v -11188.080337781 22.9760979443672 -3888.66290827957
cstype bspline
deg 1
curv 0 5 4541 4542 4543 4544 4545
parm u 0 0 1 2 3 4
end
v -11178.9395487549 22.0942013950844 -3843.12824663189
v -10424.1955379439 -6.70695230588899 -3942.25432252877
v -10369.9641449653 -719.289326539991 -3544.93664372226
v -11124.5721210205 -692.275624053233 -3444.81393081457
v -11178.9395487549 22.0942013950844 -3843.12824663189
cstype bspline
deg 1
curv 0 5 4546 4547 4548 4549 4550
parm u 0 0 1 2 3 4
end
v -11130.5586527598 -732.839613787626 -3467.23942792244
v -10375.9506767045 -759.853316274442 -3567.36214083022
v -10201.7451982876 -738.984267778083 -2706.33427246545
v -10936.0942892883 -709.543640153628 -2506.08000931908
v -11130.5586527598 -732.839613787626 -3467.23942792244
cstype bspline
deg 1
curv 0 5 4551 4552 4553 4554 4555
parm u 0 0 1 2 3 4
end
v -11124.5762341717 -692.303494250868 -3444.82933864403
v -10369.9682581165 -719.317196737713 -3544.95205155181
v -10204.8018955496 -699.530994479894 -2728.60091048088
v -10939.1509865503 -670.090366855409 -2528.34664733451
v -11124.5762341717 -692.303494250868 -3444.82933864403
cstype bspline
deg 1
curv 0 5 4556 4557 4558 4559 4560
parm u 0 0 1 2 3 4
end
v -11133.9445465538 -694.987771807093 -4593.25542008218
v -11061.8555411086 -673.436576947832 -3511.56863191367
v -11064.3061674317 7.23639291001018 -3898.64825543514
v -11109.6904090692 20.1658579719951 -4593.25542008218
v -11133.9445465538 -694.987771807093 -4593.25542008218
cstype bspline
deg 1
curv 0 5 4561 4562 4563 4564 4565
parm u 0 0 1 2 3 4
end
v -11173.9858295414 -692.964778538037 -4593.25542008218
v -11101.5721171049 -671.316511682933 -3506.69644287151
v -11104.0223063239 9.23505041262251 -3893.7070252043
v -11149.729398053 22.2564918705903 -4593.25542008218
v -11173.9858295414 -692.964778538037 -4593.25542008218
cstype bspline
deg 1
curv 0 5 4566 4567 4568 4569 4570
parm u 0 0 1 2 3 4
end
v -10533.3253017403 -725.332670842792 -4593.25542008218
v -10466.1069011628 -705.237555921631 -3584.65146754608
v -10468.56408405 -22.7434696287673 -3972.76670889766
v -10509.1055743124 -11.1936505066406 -4593.25542008218
v -10533.3253017403 -725.332670842792 -4593.25542008218
cstype bspline
deg 1
curv 0 5 4571 4572 4573 4574 4575
parm u 0 0 1 2 3 4
end
v -10573.3665847279 -723.309677573736 -4593.25542008218
v -10505.8234771592 -703.117490656732 -3579.77927850392
v -10508.2802229421 -20.7448121261841 -3967.82547866683
v -10549.1445632961 -9.10301660807454 -4593.25542008218
v -10573.3665847279 -723.309677573736 -4593.25542008218
cstype bspline
deg 1
curv 0 5 4576 4577 4578 4579 4580
parm u 0 0 1 2 3 4
end
v -11212.4014014546 26.1370054422587 -4633.25542008218
v -10451.6606107626 -13.5850386306702 -4633.25542008218
v -10477.285533843 -769.157433872431 -4633.25542008218
v -11238.0699106064 -730.720561750088 -4633.25542008218
v -11212.4014014546 26.1370054422587 -4633.25542008218
cstype bspline
deg 1
curv 0 5 4581 4582 4583 4584 4585
parm u 0 0 1 2 3 4
end
v -11209.7878815287 25.3924427184393 -4593.25542008218
v -10449.0470908367 -14.3296013544896 -4593.25542008218
v -10473.2590250681 -728.23883274119 -4593.25542008218
v -11234.0434018315 -689.801960618817 -4593.25542008218
v -11209.7878815287 25.3924427184393 -4593.25542008218
cstype bspline
deg 1
curv 0 5 4586 4587 4588 4589 4590
parm u 0 0 1 2 3 4
end
v -11238.069910607 -730.720561755676 -4633.25542008766
v -10477.2855338425 -769.157433867367 -4633.25542007719
v -10406.3896623454 -747.962929491623 -3569.47146216993
v -11161.0046062766 -707.681689458113 -3476.89987036887
v -11238.069910607 -730.720561755676 -4633.25542008766
cstype bspline
deg 1
curv 0 5 4591 4592 4593 4594 4595
parm u 0 0 1 2 3 4
end
v -11234.0562805102 -689.932837650005 -4593.38335899266
v -10473.2719037457 -728.369709761668 -4593.3833589822
v -10406.5320371682 -708.417653819022 -3591.95975110932
v -11161.1469810995 -668.136413785542 -3499.38815930826
v -11234.0562805102 -689.932837650005 -4593.38335899266
cstype bspline
deg 1
curv 0 5 4596 4597 4598 4599 4600
parm u 0 0 1 2 3 4
end
v -11187.9904471823 -1419.27883471479 -4633.25542008218
v -11145.9276681552 -1429.77383156694 -4005.6886754621
v -11065.4782777048 -714.624922201358 -3567.79361096451
v -11139.6414458959 -735.693432421453 -4633.25542008218
v -11187.9904471823 -1419.27883471479 -4633.25542008218
cstype bspline
deg 1
curv 0 5 4601 4602 4603 4604 4605
parm u 0 0 1 2 3 4
end
v -11228.0325148882 -1417.15005309365 -4633.25542008218
v -11185.6071814867 -1427.73551013664 -4000.27944968743
v -11105.1473090775 -712.493422173022 -3562.32733071118
v -11179.6909664221 -733.670022969804 -4633.25542008218
v -11228.0325148882 -1417.15005309365 -4633.25542008218
cstype bspline
deg 1
curv 0 5 4606 4607 4608 4609 4610
parm u 0 0 1 2 3 4
end
v -10587.3594315944 -1451.21055903198 -4633.25542008218
v -10550.7349681827 -1460.34865302168 -4086.82706208209
v -10470.4428071145 -746.597422626277 -3649.78781476436
v -10538.8986380036 -766.044574196072 -4633.25542008218
v -10587.3594315944 -1451.21055903198 -4633.25542008218
cstype bspline
deg 1
curv 0 5 4611 4612 4613 4614 4615
parm u 0 0 1 2 3 4
end
v -10627.4014993002 -1449.08177741084 -4633.25542008218
v -10590.4144815142 -1458.31033159138 -4081.41783630742
v -10510.1118384872 -744.465922597941 -3644.32153451103
v -10578.9481585297 -764.021164744423 -4633.25542008218
v -10627.4014993002 -1449.08177741084 -4633.25542008218
cstype bspline
deg 1
curv 0 5 4616 4617 4618 4619 4620
parm u 0 0 1 2 3 4
end
v -11290.9183840482 -1453.86675832138 -4633.25542008218
v -10530.1190976369 -1494.31360912317 -4633.25542008218
v -10492.5415634822 -1503.6895018194 -4072.60747133162
v -11246.452316781 -1464.96139464335 -3969.83218161822
v -11290.9183840482 -1453.86675832138 -4633.25542008218
cstype bspline
deg 1
curv 0 5 4621 4622 4623 4624 4625
parm u 0 0 1 2 3 4
end
v -11288.0956164469 -1413.95688066195 -4633.25542008218
v -10527.2963300356 -1454.40373146371 -4633.25542008218
v -10491.2165983273 -1463.40591057463 -4094.95433064791
v -11245.1273516261 -1424.67780339855 -3992.17904093452
v -11288.0956164469 -1413.95688066195 -4633.25542008218
cstype bspline
deg 1
curv 0 5 4626 4627 4628 4629 4630
parm u 0 0 1 2 3 4
end
v -11246.452316781 -1464.96139464565 -3969.83218161694
v -10492.5415634821 -1503.68950181716 -4072.60747133288
v -10407.6276912409 -748.853911599406 -3610.41173120832
v -11161.3392873219 -708.355411061202 -3506.55240639518
v -11246.452316781 -1464.96139464565 -3969.83218161694
cstype bspline
deg 1
curv 0 5 4631 4632 4633 4634 4635
parm u 0 0 1 2 3 4
end
v -11245.1277339961 -1424.68942878829 -3992.17259188316
v -10491.2169806972 -1463.4175359598 -4094.94788159908
v -10410.9392600555 -749.794672668766 -3657.98723514434
v -11164.6508561365 -709.296172130562 -3554.1279103312
v -11245.1277339961 -1424.68942878829 -3992.17259188316
cstype bspline
deg 1
curv 0 5 4636 4637 4638 4639 4640
parm u 0 0 1 2 3 4
end
v -11163.4246285978 -1419.05038125813 -3949.83873559173
v -10981.4533990326 -1430.66942243811 -3087.76202824432
v -10850.5226384011 -715.397438548272 -2608.4556961936
v -11047.8761249632 -737.590403938404 -3536.6266379869
v -11163.4246285978 -1419.05038125813 -3949.83873559173
cstype bspline
deg 1
curv 0 5 4641 4642 4643 4644 4645
parm u 0 0 1 2 3 4
end
v -11203.1802005954 -1417.39770172987 -3944.66223635786
v -11019.7904142922 -1429.10731914654 -3075.8652099531
v -10888.8561089688 -713.815970679396 -2596.5459016294
v -11087.6716493855 -736.173348217271 -3531.59301230515
v -11203.1802005954 -1417.39770172987 -3944.66223635786
cstype bspline
deg 1
curv 0 5 4646 4647 4648 4649 4650
parm u 0 0 1 2 3 4
end
v -10567.091048633 -1443.8405741819 -4027.48622409986
v -10406.3981701387 -1454.10097181186 -3266.21430261257
v -10275.5205798863 -739.119456581509 -2787.10261465654
v -10450.94325863 -758.846239755308 -3612.13102321325
v -10567.091048633 -1443.8405741819 -4027.48622409986
cstype bspline
deg 1
curv 0 5 4651 4652 4653 4654 4655
parm u 0 0 1 2 3 4
end
v -10606.8466206306 -1442.18789465365 -4022.30972486599
v -10444.7351853983 -1452.53886852026 -3254.31748432136
v -10313.854050454 -737.537988712633 -2775.19282009235
v -10490.7387830523 -757.429184034176 -3607.09739753149
v -10606.8466206306 -1442.18789465365 -4022.30972486599
cstype bspline
deg 1
curv 0 5 4656 4657 4658 4659 4660
parm u 0 0 1 2 3 4
end
v -11269.5353498911 -1454.56118409039 -3960.93523265346
v -10514.1794819357 -1485.96209512712 -4059.28871809709
v -10346.1539897152 -1496.69068732305 -3263.27902233335
v -11074.5572796488 -1467.01072478289 -3037.23947480681
v -11269.5353498911 -1454.56118409039 -3960.93523265346
cstype bspline
deg 1
curv 0 5 4661 4662 4663 4664 4665
parm u 0 0 1 2 3 4
end
v -11262.8135585919 -1414.91868243751 -3936.89748750704
v -10507.4576906365 -1446.31959347427 -4035.25097295068
v -10348.9007682726 -1456.44360821394 -3284.09800286158
v -11077.3040582062 -1426.76364567378 -3058.05845533504
v -11262.8135585919 -1414.91868243751 -3936.89748750704
cstype bspline
deg 1
curv 0 5 4666 4667 4668 4669 4670
parm u 0 0 1 2 3 4
end
v -11074.5572796486 -1467.01072478574 -3037.23947480534
v -10346.1539897154 -1496.69068732031 -3263.27902233478
v -10207.7021756961 -740.331347398664 -2756.43990505436
v -10936.0381164815 -710.283457889891 -2530.15380833463
v -11074.5572796486 -1467.01072478574 -3037.23947480534
cstype bspline
deg 1
curv 0 5 4671 4672 4673 4674 4675
parm u 0 0 1 2 3 4
end
v -11077.3018269097 -1426.79633966953 -3058.04154340812
v -10348.8985369764 -1456.4763022041 -3284.08109093755
v -10218.0203740348 -741.491658384854 -2804.96730650284
v -10946.3563148202 -711.443768876081 -2578.68120978311
v -11077.3018269097 -1426.79633966953 -3058.04154340812
cstype bspline
deg 1
curv 0 5 4676 4677 4678 4679 4680
parm u 0 0 1 2 3 4
end
v -10999.9152925189 -1421.65379030531 -3025.48183717714
v -10658.2515426631 -1428.86822796194 -2154.2812707758
v -10451.5646444338 -716.789885328384 -1645.85269515133
v -10820.5031876463 -742.333832178265 -2585.73533124696
v -10999.9152925189 -1421.65379030531 -3025.48183717714
cstype bspline
deg 1
curv 0 5 4681 4682 4683 4684 4685
parm u 0 0 1 2 3 4
end
v -11038.4733158219 -1421.10018798331 -3014.25059299189
v -10693.8791364804 -1428.37650343889 -2135.57779159695
v -10487.2408452903 -716.465621927491 -1627.26878430463
v -10859.1765864396 -742.217083731288 -2574.78687717092
v -11038.4733158219 -1421.10018798331 -3014.25059299189
cstype bspline
deg 1
curv 0 5 4686 4687 4688 4689 4690
parm u 0 0 1 2 3 4
end
v -10421.5449429737 -1429.95782513541 -3193.95049995576
v -10123.8376354031 -1436.24409580737 -2434.83345845862
v -9916.42163158593 -721.653836341982 -1924.6113578518
v -10240.4022057466 -744.085058882949 -2749.96214238751
v -10421.5449429737 -1429.95782513541 -3193.95049995576
cstype bspline
deg 1
curv 0 5 4691 4692 4693 4694 4695
parm u 0 0 1 2 3 4
end
v -10460.1029662767 -1429.40422281338 -3182.71925577052
v -10159.4652292204 -1435.7523712843 -2416.12997927977
v -9952.09783244245 -721.32957294106 -1906.02744700511
v -10279.0756045399 -743.968310436001 -2739.01368831147
v -10460.1029662767 -1429.40422281338 -3182.71925577052
cstype bspline
deg 1
curv 0 5 4696 4697 4698 4699 4700
parm u 0 0 1 2 3 4
end
v -11106.8178499041 -1460.05502570525 -3023.15804262683
v -10374.2154071469 -1470.57346982337 -3236.55168214643
v -10063.5423092913 -1477.13352103459 -2444.37346911759
v -10740.4665918188 -1467.79075509708 -2089.00736471471
v -11106.8178499041 -1460.05502570525 -3023.15804262683
cstype bspline
deg 1
curv 0 5 4701 4702 4703 4704 4705
parm u 0 0 1 2 3 4
end
v -11096.3103507764 -1420.2697845003 -2997.40372671403
v -10363.7079080192 -1430.78822861842 -3210.79736623363
v -10070.4141346179 -1436.98130483495 -2462.93429437692
v -10747.3384171454 -1427.63853889742 -2107.56818997403
v -11096.3103507764 -1420.2697845003 -2997.40372671403
cstype bspline
deg 1
curv 0 5 4706 4707 4708 4709 4710
parm u 0 0 1 2 3 4
end
v -10740.4665918191 -1467.79075509508 -2089.00736471564
v -10063.5423092909 -1477.13352103654 -2444.37346911668
v -9844.01939625951 -720.83250040753 -1904.36961330549
v -10521.8672125334 -714.671495790331 -1551.27530721822
v -10740.4665918191 -1467.79075509508 -2089.00736471564
cstype bspline
deg 1
curv 0 5 4711 4712 4713 4714 4715
parm u 0 0 1 2 3 4
end
v -10747.3317407094 -1427.67754944961 -2107.55015689614
v -10070.4074581812 -1437.02031539107 -2462.91626129718
v -9862.90733030115 -722.140231443336 -1952.48722412185
v -10540.7551465751 -715.979226826137 -1599.39291803458
v -10747.3317407094 -1427.67754944961 -2107.55015689614
cstype bspline
deg 1
curv 0 5 4716 4717 4718 4719 4720
parm u 0 0 1 2 3 4
end
v -10667.4584819966 -1424.6990671395 -2089.28004877537
v -10149.0783483686 -1425.92313184991 -1245.07204334854
v -9860.06498212701 -720.188862843817 -720.055244606059
v -10419.5122923109 -749.061761386518 -1633.46599825382
v -10667.4584819966 -1424.6990671395 -2089.28004877537
cstype bspline
deg 1
curv 0 5 4721 4722 4723 4724 4725
parm u 0 0 1 2 3 4
end
v -10703.6294923768 -1425.92054153382 -2071.77612915952
v -10180.5809231036 -1427.15562994473 -1219.96534251324
v -9891.76573110236 -721.905277494108 -695.308543748061
v -10455.9547432698 -751.022893774818 -1616.46108380446
v -10703.6294923768 -1425.92054153382 -2071.77612915952
cstype bspline
deg 1
curv 0 5 4726 4727 4728 4729 4730
parm u 0 0 1 2 3 4
end
v -10124.8933262945 -1406.37695122467 -2351.83884301307
v -9676.53972734427 -1407.43566042793 -1621.67255587795
v -9384.55374749669 -694.442643089511 -1091.25575747598
v -9872.87552792801 -719.644775561901 -1888.53971499429
v -10124.8933262945 -1406.37695122467 -2351.83884301307
cstype bspline
deg 1
curv 0 5 4731 4732 4733 4734 4735
parm u 0 0 1 2 3 4
end
v -10161.0643366747 -1407.59842561898 -2334.33492339722
v -9708.04230207923 -1408.66815852275 -1596.56585504265
v -9416.25449647204 -696.159057739802 -1066.50905661799
v -9909.31797888687 -721.60590795023 -1871.53480054492
v -10161.0643366747 -1407.59842561898 -2334.33492339722
cstype bspline
deg 1
curv 0 5 4736 4737 4738 4739 4740
parm u 0 0 1 2 3 4
end
v -10772.540174405 -1467.68440747465 -2072.45986505601
v -10085.2909771824 -1444.47639398254 -2405.0343377571
v -9618.12358420801 -1445.57952869489 -1644.2288449556
v -10216.6725041706 -1468.99699249608 -1167.2015290823
v -10772.540174405 -1467.68440747465 -2072.45986505601
cstype bspline
deg 1
curv 0 5 4741 4742 4743 4744 4745
parm u 0 0 1 2 3 4
end
v -10757.886007947 -1427.7527531253 -2045.52024973575
v -10070.6368107243 -1404.54473963319 -2378.09472243684
v -9629.31410829223 -1405.58684659467 -1659.37860235272
v -10227.8630282548 -1429.00431039586 -1182.35128647942
v -10757.886007947 -1427.7527531253 -2045.52024973575
cstype bspline
deg 1
curv 0 5 4746 4747 4748 4749 4750
parm u 0 0 1 2 3 4
end
v -10216.6725041709 -1468.99699249485 -1167.20152908276
v -9618.12358420767 -1445.57952869608 -1644.22884495515
v -9308.86787082775 -690.415995409334 -1082.44014036007
v -9911.18210135949 -723.027873764804 -612.252824058163
v -10216.6725041709 -1468.99699249485 -1167.20152908276
cstype bspline
deg 1
curv 0 5 4751 4752 4753 4754 4755
parm u 0 0 1 2 3 4
end
v -10227.851552787 -1429.04532140942 -1182.33575096459
v -9629.30263282376 -1405.62785761064 -1659.36306683697
v -9337.00262403366 -691.868021114089 -1128.37580876297
v -9939.3168545654 -724.479899469559 -658.188492461068
v -10227.851552787 -1429.04532140942 -1182.33575096459
cstype bspline
deg 1
curv 0 5 4756 4757 4758 4759 4760
parm u 0 0 1 2 3 4
end
v -10145.2737521124 -1426.01437991497 -1180.38917011934
v -9453.09389916926 -1420.10626744555 -398.035577987967
v -9081.02996257971 -723.90265044244 132.514151106279
v -9829.23863214178 -756.362996535492 -717.306546339923
v -10145.2737521124 -1426.01437991497 -1180.38917011934
cstype bspline
deg 1
curv 0 5 4761 4762 4763 4764 4765
parm u 0 0 1 2 3 4
end
v -10177.7475143367 -1429.5283330394 -1156.9487478168
v -9479.45843979345 -1423.56807520898 -367.690055163254
v -9107.89925243056 -728.308941674215 162.139919772819
v -9862.25947525238 -761.036167256825 -694.667755363227
v -10177.7475143367 -1429.5283330394 -1156.9487478168
cstype bspline
deg 1
curv 0 5 4766 4767 4768 4769 4770
parm u 0 0 1 2 3 4
end
v -9658.16731874752 -1373.30508304841 -1531.99550465747
v -9057.62578980644 -1368.17915099411 -853.218420358667
v -8677.99061481693 -657.808281965554 -311.87237889181
v -9333.92598548277 -686.265435715119 -1056.88841099036
v -9658.16731874752 -1373.30508304841 -1531.99550465747
cstype bspline
deg 1
curv 0 5 4771 4772 4773 4774 4775
parm u 0 0 1 2 3 4
end
v -9690.64108097185 -1376.81903617282 -1508.55508235493
v -9083.99033043063 -1371.64095875755 -822.872897533953
v -8704.85990466778 -662.214573197329 -282.24661022527
v -9366.94682859337 -690.938606436452 -1034.24962001367
v -9690.64108097185 -1376.81903617282 -1508.55508235493
cstype bspline
deg 1
curv 0 5 4776 4777 4778 4779 4780
parm u 0 0 1 2 3 4
end
v -10245.3238306766 -1474.77400991952 -1149.43176787392
v -9628.32234841438 -1408.0089005552 -1594.79979162221
v -9003.12624926699 -1402.67252901319 -888.156262668382
v -9504.0525211298 -1468.4468765184 -311.591329002496
v -10245.3238306766 -1474.77400991952 -1149.43176787392
cstype bspline
deg 1
curv 0 5 4781 4782 4783 4784 4785
parm u 0 0 1 2 3 4
end
v -10226.4581576732 -1434.79926272607 -1121.78811436298
v -9609.45667541104 -1368.03415336175 -1567.15613811128
v -9018.11529626884 -1362.98674933673 -898.777753243989
v -9519.04156813165 -1428.76109684192 -322.212819578102
v -10226.4581576732 -1434.79926272607 -1121.78811436298
cstype bspline
deg 1
curv 0 5 4786 4787 4788 4789 4790
parm u 0 0 1 2 3 4
end
v -9504.05252112911 -1468.4468765202 -311.591329002003
v -9003.12624926765 -1402.67252901147 -888.156262668846
v -8600.66666056355 -649.592765566136 -314.26343200224
v -9111.18316772973 -733.312298970181 248.626172662005
v -9504.05252112911 -1468.4468765202 -311.591329002003
cstype bspline
deg 1
curv 0 5 4791 4792 4793 4794 4795
parm u 0 0 1 2 3 4
end
v -9519.02659817989 -1428.80073206403 -322.202211618736
v -9018.10032631844 -1363.0263845553 -898.767145285579
v -8637.68668004066 -651.198845117877 -356.311031891617
v -9148.20318720684 -734.918378521892 206.578572772629
v -9519.02659817989 -1428.80073206403 -322.202211618736
cstype bspline
deg 1
curv 0 5 4796 4797 4798 4799 4800
parm u 0 0 1 2 3 4
end
v -9434.73557454213 -1422.34681841038 -336.576406313071
v -8584.33557438342 -1409.2711063626 360.131402750823
v -8131.42838629363 -725.857662525523 887.793078110768
v -9052.92457430516 -762.000038545753 127.75105640019
v -9434.73557454213 -1422.34681841038 -336.576406313071
cstype bspline
deg 1
curv 0 5 4801 4802 4803 4804 4805
parm u 0 0 1 2 3 4
end
v -9462.48802866138 -1428.3761525421 -308.166263342328
v -8605.11003806024 -1415.19314722798 394.25840888233
v -8153.22677086381 -733.324746884027 920.727160331518
v -9081.66577972051 -769.739430098678 154.958760519556
v -9462.48802866138 -1428.3761525421 -308.166263342328
cstype bspline
deg 1
curv 0 5 4806 4807 4808 4809 4810
parm u 0 0 1 2 3 4
end
v -9018.44876275324 -1331.90680643485 -762.728550874196
v -8272.71861923113 -1320.4404933819 -151.773689221761
v -7804.45261774096 -613.851397147955 393.781844799538
v -8621.80649307493 -645.909165251855 -280.364505390292
v -9018.44876275324 -1331.90680643485 -762.728550874196
cstype bspline
deg 1
curv 0 5 4811 4812 4813 4814 4815
parm u 0 0 1 2 3 4
end
v -9046.2012168725 -1337.93614056657 -734.31840790345
v -8293.49308290796 -1326.36253424731 -117.646683090253
v -7826.25100231113 -621.31848150646 426.71592702029
v -8650.54769849028 -653.648556804779 -253.156801270924
v -9046.2012168725 -1337.93614056657 -734.31840790345
cstype bspline
deg 1
curv 0 5 4816 4817 4818 4819 4820
parm u 0 0 1 2 3 4
end
v -9527.13570965157 -1477.23179455579 -293.544882929607
v -8999.83908138565 -1362.67444605348 -833.337599373695
v -8223.8714936577 -1350.74320342217 -197.610085439495
v -8618.5863035146 -1463.26197986433 450.803031061294
v -9527.13570965157 -1477.23179455579 -293.544882929607
cstype bspline
deg 1
curv 0 5 4821 4822 4823 4824 4825
parm u 0 0 1 2 3 4
end
v -9504.11670984027 -1437.42015373966 -265.551048886215
v -8976.82008157435 -1322.86280523732 -805.343765330306
v -8241.59909359502 -1311.55808048599 -202.998746965682
v -8636.31390345192 -1424.07685692818 445.414369535107
v -9504.11670984027 -1437.42015373966 -265.551048886215
cstype bspline
deg 1
curv 0 5 4826 4827 4828 4829 4830
parm u 0 0 1 2 3 4
end
v -8618.58630351512 -1463.26197986316 450.803031061143
v -8223.87149365717 -1350.74320342336 -197.610085439337
v -7726.93570983916 -600.892893435288 381.347314953553
v -8141.10501667255 -742.767496246874 1007.09487714778
v -8618.58630351512 -1463.26197986316 450.803031061143
cstype bspline
deg 1
curv 0 5 4831 4832 4833 4834 4835
parm u 0 0 1 2 3 4
end
v -8636.29696937724 -1424.11428804128 445.419516988637
v -8241.58215951926 -1311.59551160151 -202.993599511836
v -7771.75504088569 -602.650770610198 344.38072146842
v -8185.92434771908 -744.525373421784 970.128283662641
v -8636.29696937724 -1424.11428804128 445.419516988637
cstype bspline
deg 1
curv 0 5 4836 4837 4838 4839 4840
parm u 0 0 1 2 3 4
end
v -8552.05659683127 -1411.52092670594 416.705368978308
v -7561.85713766422 -1392.24893561317 1014.49550115814
v -7030.24327250423 -724.688285353099 1532.31405998795
v -8105.89557694466 -764.043774565158 877.417334674592
v -8552.05659683127 -1411.52092670594 416.705368978308
cstype bspline
deg 1
curv 0 5 4841 4842 4843 4844 4845
parm u 0 0 1 2 3 4
end
v -8574.53921286127 -1420.02305427546 448.836380172012
v -7577.02576345927 -1400.60871291845 1051.04201788341
v -7047.20705017764 -735.302279174852 1567.11200877801
v -8130.01380470484 -774.919532232016 907.859390845917
v -8574.53921286127 -1420.02305427546 448.836380172012
cstype bspline
deg 1
curv 0 5 4846 4847 4848 4849 4850
parm u 0 0 1 2 3 4
end
v -8214.81735638121 -1283.98901316311 -65.2597989273245
v -7334.32775073842 -1266.8522760339 466.297750278904
v -6775.78660740309 -565.478378026688 1010.34482813685
v -7744.12216054191 -600.907409562147 420.786492104638
v -8214.81735638121 -1283.98901316311 -65.2597989273245
cstype bspline
deg 1
curv 0 5 4851 4852 4853 4854 4855
parm u 0 0 1 2 3 4
end
v -8237.29997241122 -1292.49114073263 -33.1287877336217
v -7349.49637653347 -1275.21205333917 502.844267004179
v -6792.7503850765 -576.092371848441 1045.14277692692
v -7768.24038830209 -611.783167229005 451.228548275963
v -8237.29997241122 -1292.49114073263 -33.1287877336217
cstype bspline
deg 1
curv 0 5 4856 4857 4858 4859 4860
parm u 0 0 1 2 3 4
end
v -8635.41475967529 -1472.17918448563 468.995760278303
v -8208.24505510522 -1310.6387606647 -141.493452402162
v -7292.39815136181 -1292.81387376145 411.409537573007
v -7580.60204146911 -1451.64964256191 1105.79335535259
v -8635.41475967529 -1472.17918448563 468.995760278303
cstype bspline
deg 1
curv 0 5 4861 4862 4863 4864 4865
parm u 0 0 1 2 3 4
end
v -8608.26313690627 -1432.77624562974 497.032896962573
v -8181.09343233621 -1271.2358218088 -113.456315717894
v -7311.62198152023 -1254.31352812299 411.449498659229
v -7599.82587162753 -1413.14929692342 1105.83331643881
v -8608.26313690627 -1432.77624562974 497.032896962573
cstype bspline
deg 1
curv 0 5 4866 4867 4868 4869 4870
parm u 0 0 1 2 3 4
end
v -7580.60204146885 -1451.64964256244 1105.7933553526
v -7292.39815136203 -1292.81387376101 411.409537573016
v -6699.00801976813 -547.679241154052 989.401277260466
v -7021.31979556291 -749.345123767504 1650.56230427186
v -7580.60204146885 -1451.64964256244 1105.7933553526
cstype bspline
deg 1
curv 0 5 4871 4872 4873 4874 4875
parm u 0 0 1 2 3 4
end
v -7599.80797552545 -1413.1851381741 1105.83327923772
v -7311.60408541865 -1254.34936937268 411.449461458136
v -6750.34094089297 -549.557387294044 958.147904951731
v -7072.65271668775 -751.223269907496 1619.30893196312
v -7599.80797552545 -1413.1851381741 1105.83327923772
cstype bspline
deg 1
curv 0 5 4876 4877 4878 4879 4880
parm u 0 0 1 2 3 4
end
v -7517.04778077787 -1393.05947043467 1065.81980761972
v -6403.53008924592 -1369.50522211028 1557.30004919809
v -5794.25303091222 -720.395790327195 2058.17773468016
v -7006.58346599537 -761.555301626038 1517.42732056641
v -7517.04778077787 -1393.05947043467 1065.81980761972
cstype bspline
deg 1
curv 0 5 4881 4882 4883 4884 4885
parm u 0 0 1 2 3 4
end
v -7534.12884114444 -1403.82995018596 1100.45928649406
v -6413.33131180251 -1380.1217113962 1595.15267544558
v -5806.88641034046 -734.02959285758 2093.70208652541
v -7026.16985292194 -775.425163882726 1549.8503383403
v -7534.12884114444 -1403.82995018596 1100.45928649406
cstype bspline
deg 1
curv 0 5 4886 4887 4888 4889 4890
parm u 0 0 1 2 3 4
end
v -7260.83187527925 -1231.50227416522 546.22762450457
v -6256.51175089704 -1210.25788282169 989.510655485694
v -5604.7523394887 -515.888752371247 1525.31245700137
v -6712.78766209675 -553.507367775601 1031.08205395793
v -7260.83187527925 -1231.50227416522 546.22762450457
cstype bspline
deg 1
curv 0 5 4891 4892 4893 4894 4895
parm u 0 0 1 2 3 4
end
v -7277.91293564582 -1242.27275391654 580.867103378914
v -6266.31297345363 -1220.87437210759 1027.36328173319
v -5617.38571891694 -529.522554901661 1560.83680884662
v -6732.37404902333 -567.377230032318 1063.50507173183
v -7277.91293564582 -1242.27275391654 580.867103378914
cstype bspline
deg 1
curv 0 5 4896 4897 4898 4899 4900
parm u 0 0 1 2 3 4
end
v -7591.08304727589 -1458.74778654947 1124.69855614875
v -7266.54290031097 -1254.10867127485 466.548457536222
v -6222.31411695882 -1232.02009176006 927.446221988379
v -6408.53734553871 -1433.7333881924 1646.6461206887
v -7591.08304727589 -1458.74778654947 1124.69855614875
cstype bspline
deg 1
curv 0 5 4901 4902 4903 4904 4905
parm u 0 0 1 2 3 4
end
v -7559.7504316943 -1419.98566981292 1152.41850480558
v -7235.21028472938 -1215.34655453829 494.268406193056
v -6241.86207474385 -1194.33425218466 932.708694953501
v -6428.08530332374 -1396.04754861703 1651.90859365382
v -7559.7504316943 -1419.98566981292 1152.41850480558
cstype bspline
deg 1
curv 0 5 4906 4907 4908 4909 4910
parm u 0 0 1 2 3 4
end
v -6408.53734553787 -1433.733388194 1646.64612068849
v -6222.31411695963 -1232.02009175849 927.446221988605
v -5529.1260519143 -493.513849211013 1497.30590876764
v -5769.16026105077 -752.556097288558 2172.26859382744
v -6408.53734553787 -1433.733388194 1646.64612068849
cstype bspline
deg 1
curv 0 5 4911 4912 4913 4914 4915
parm u 0 0 1 2 3 4
end
v -6428.06710757674 -1396.08262757561 1651.90369520727
v -6241.8438789985 -1194.3693311401 932.703796507387
v -5585.80227034635 -495.438048575656 1472.02592923349
v -5825.83647948281 -754.480296653201 2146.98861429329
v -6428.06710757674 -1396.08262757561 1651.90369520727
cstype bspline
deg 1
curv 0 5 4916 4917 4918 4919 4920
parm u 0 0 1 2 3 4
end
v -6347.44471415584 -1368.29281347356 1603.75262159758
v -5124.14433385234 -1343.20347181699 1983.50106156314
v -4437.10191967734 -714.33647327713 2459.19904171034
v -5771.76116770001 -754.829702980584 2039.2812175565
v -6347.44471415584 -1368.29281347356 1603.75262159758
cstype bspline
deg 1
curv 0 5 4921 4922 4923 4924 4925
parm u 0 0 1 2 3 4
end
v -6359.26075563527 -1381.05556203605 1639.87486884701
v -5128.94456974146 -1355.82232935622 2021.80122134405
v -4446.01345155351 -730.718502222036 2494.65260111187
v -5787.15825162687 -771.408501961996 2072.69425694546
v -6359.26075563527 -1381.05556203605 1639.87486884701
cstype bspline
deg 1
curv 0 5 4926 4927 4928 4929 4930
parm u 0 0 1 2 3 4
end
v -6170.20409196443 -1176.85158503597 1061.91891285634
v -5052.1407955157 -1153.92060872796 1408.99866484972
v -4303.42894153484 -468.606039103412 1927.39565068739
v -5540.80490879715 -506.147718259454 1538.08562672222
v -6170.20409196443 -1176.85158503597 1061.91891285634
cstype bspline
deg 1
curv 0 5 4931 4932 4933 4934 4935
parm u 0 0 1 2 3 4
end
v -6182.02013344386 -1189.61433359847 1098.04116010576
v -5056.94103140481 -1166.53946626725 1447.29882463062
v -4312.34047341101 -484.988068048347 1962.84921008893
v -5556.20199272401 -522.726517240895 1571.49866611118
v -6182.02013344386 -1189.61433359847 1098.04116010576
cstype bspline
deg 1
curv 0 5 4936 4937 4938 4939 4940
parm u 0 0 1 2 3 4
end
v -6412.5811963189 -1438.13209616646 1667.12809584383
v -6188.07640820977 -1195.63987347882 980.805398104894
v -5026.12408243307 -1171.80875288125 1341.5095964626
v -5117.32856433135 -1411.56704612743 2069.212632298
v -6412.5811963189 -1438.13209616646 1667.12809584383
cstype bspline
deg 1
curv 0 5 4941 4942 4943 4944 4945
parm u 0 0 1 2 3 4
end
v -6376.98481785442 -1400.19968487983 1694.05823972113
v -6152.48002974528 -1157.70746219219 1007.73554198221
v -5044.99737311545 -1134.99349005721 1351.53075198594
v -5136.20185501373 -1374.75178330339 2079.23378782134
v -6376.98481785442 -1400.19968487983 1694.05823972113
cstype bspline
deg 1
curv 0 5 4946 4947 4948 4949 4950
parm u 0 0 1 2 3 4
end
v -5117.32856433054 -1411.567046129 2069.21263229758
v -5026.12408243388 -1171.80875287965 1341.50959646304
v -4228.99902073143 -442.180370888644 1893.42716945872
v -4398.31812637861 -753.438920842018 2567.04479808779
v -5117.32856433054 -1411.567046129 2069.21263229758
cstype bspline
deg 1
curv 0 5 4951 4952 4953 4954 4955
parm u 0 0 1 2 3 4
end
v -5136.18407989311 -1374.78645641622 2079.22434976144
v -5044.97959799645 -1135.02816316686 1351.5213139269
v -4290.06164372059 -444.032995686081 1874.21531158509
v -4459.38074936776 -755.291545639426 2547.83294021417
v -5136.18407989311 -1374.78645641622 2079.22434976144
cstype bspline
deg 1
curv 0 5 4956 4957 4958 4959 4960
parm u 0 0 1 2 3 4
end
v -5057.53928981639 -1340.08798499315 2025.83254265763
v -3735.94676915391 -1317.23361186535 2287.60471765364
v -2969.92323498042 -709.003215181554 2728.06335292051
v -4414.91689687367 -745.098699490074 2436.45871119445
v -5057.53928981639 -1340.08798499315 2025.83254265763
cstype bspline
deg 1
curv 0 5 4961 4962 4963 4964 4965
parm u 0 0 1 2 3 4
end
v -5064.36753931238 -1354.54297283111 2062.62650951336
v -3736.18718459283 -1331.57467592176 2325.70355845703
v -2975.71156840084 -727.749381958798 2762.97217635017
v -4426.53720834253 -763.990547233057 2470.19062159381
v -5064.36753931238 -1354.54297283111 2062.62650951336
cstype bspline
deg 1
curv 0 5 4966 4967 4968 4969 4970
parm u 0 0 1 2 3 4
end
v -4955.11554737658 -1123.26316742404 1473.92303982179
v -3732.34053757007 -1102.11765101974 1716.12210560295
v -2883.09823367455 -427.810713522893 2204.4310014756
v -4240.61222484082 -461.720983345469 1930.48005520397
v -4955.11554737658 -1123.26316742404 1473.92303982179
cstype bspline
deg 1
curv 0 5 4971 4972 4973 4974 4975
parm u 0 0 1 2 3 4
end
v -4961.94379687257 -1137.718155262 1510.71700667753
v -3732.58095300899 -1116.45871507615 1754.22094640635
v -2888.88656709492 -446.556880300108 2239.33982490528
v -4252.23253630969 -480.612831088452 1964.21196560335
v -4961.94379687257 -1137.718155262 1510.71700667753
cstype bspline
deg 1
curv 0 5 4976 4977 4978 4979 4980
parm u 0 0 1 2 3 4
end
v -5114.53288295542 -1413.18921324128 2092.30727505862
v -4984.79614253167 -1138.5444443204 1393.22190479989
v -3714.65617962173 -1116.57984314187 1644.80270254353
v -3719.22407296242 -1389.060060213 2368.6806778075
v -5114.53288295542 -1413.18921324128 2092.30727505862
cstype bspline
deg 1
curv 0 5 4981 4982 4983 4984 4985
parm u 0 0 1 2 3 4
end
v -5074.60991355636 -1376.22545458801 2117.81745979694
v -4944.8731731326 -1101.58068566717 1418.73208953821
v -3732.04014461888 -1080.60709649953 1658.96191440275
v -3736.60803795957 -1353.08731357064 2382.83988966673
v -5074.60991355636 -1376.22545458801 2117.81745979694
cstype bspline
deg 1
curv 0 5 4986 4987 4988 4989 4990
parm u 0 0 1 2 3 4
end
v -3719.22407296228 -1389.06006021329 2368.68067780739
v -3714.65617962191 -1116.57984314152 1644.80270254367
v -2809.75117781814 -398.076163222431 2165.11729388413
v -2919.72951280564 -754.253331990127 2828.38493904766
v -3719.22407296228 -1389.06006021329 2368.68067780739
cstype bspline
deg 1
curv 0 5 4991 4992 4993 4994 4995
parm u 0 0 1 2 3 4
end
v -3736.59169962217 -1353.12112259364 2382.82658211688
v -3732.02380628179 -1080.64090552187 1658.94860685316
v -2874.41573354394 -399.691463357012 2152.06776633112
v -2984.39406853144 -755.868632124679 2815.33541149465
v -3736.59169962217 -1353.12112259364 2382.82658211688
cstype bspline
deg 1
curv 0 5 4996 4997 4998 4999 5000
parm u 0 0 1 2 3 4
end
v -3658.84454699535 -1312.79323740897 2326.85808292033
v -2249.57376850406 -1297.13716879766 2461.73467146778
v -1402.17562837049 -708.07867535259 2854.05528749136
v -2946.81370989735 -734.478044650925 2701.26235645671
v -3658.84454699535 -1312.79323740897 2326.85808292033
cstype bspline
deg 1
curv 0 5 5001 5002 5003 5004 5005
parm u 0 0 1 2 3 4
end
v -3661.02969562855 -1328.62808037133 2363.70263322868
v -2245.7188018077 -1312.90491006355 2499.15730099448
v -1405.28398114557 -728.686883316404 2888.25410325777
v -2954.9823839356 -755.172738433932 2734.96061398425
v -3661.02969562855 -1328.62808037133 2363.70263322868
cstype bspline
deg 1
curv 0 5 5006 5007 5008 5009 5010
parm u 0 0 1 2 3 4
end
v -3626.06731749735 -1075.27059297363 1774.18982829497
v -2307.39826894953 -1060.62104980936 1900.39522856704
v -1355.5503367442 -398.955555894849 2341.07305099503
v -2824.28359932329 -424.057637905702 2195.78849354341
v -3626.06731749735 -1075.27059297363 1774.18982829497
cstype bspline
deg 1
curv 0 5 5011 5012 5013 5014 5015
parm u 0 0 1 2 3 4
end
v -3628.25246613055 -1091.10543593598 1811.03437860332
v -2303.54330225317 -1076.38879107524 1937.81785809375
v -1358.65868951926 -419.563763858663 2375.27186676145
v -2832.45227336154 -444.752331688709 2229.48675107096
v -3628.25246613055 -1091.10543593598 1811.03437860332
cstype bspline
deg 1
curv 0 5 5016 5017 5018 5019 5020
parm u 0 0 1 2 3 4
end
v -3708.52605833749 -1388.29495671572 2395.71815153818
v -3667.00823430669 -1087.43294043094 1695.6716956794
v -2297.99913842976 -1072.22415255164 1826.69497336347
v -2224.75477119819 -1371.81123660348 2537.72493437111
v -3708.52605833749 -1388.29495671572 2395.71815153818
cstype bspline
deg 1
curv 0 5 5021 5022 5023 5024 5025
parm u 0 0 1 2 3 4
end
v -3664.30741857835 -1352.38034481485 2418.96945869121
v -3622.78959454755 -1051.5183285301 1718.92300283243
v -2313.24136777078 -1036.97011167838 1844.25547978557
v -2239.99700053921 -1336.55719573025 2555.28544079322
v -3664.30741857835 -1352.38034481485 2418.96945869121
cstype bspline
deg 1
curv 0 5 5026 5027 5028 5029 5030
parm u 0 0 1 2 3 4
end
v -2224.75477119824 -1371.81123660336 2537.72493437117
v -2297.99913842967 -1072.22415255185 1826.69497336336
v -1283.32904541718 -366.888598901074 2296.45762340723
v -1342.38774814389 -758.444550214248 2946.23512296923
v -2224.75477119824 -1371.81123660336 2537.72493437117
cstype bspline
deg 1
curv 0 5 5031 5032 5033 5034 5035
parm u 0 0 1 2 3 4
end
v -2239.98320908069 -1336.58909425582 2555.26955171358
v -2313.22757631211 -1037.00201020431 1844.23959070577
v -1350.88780758151 -368.04324394904 2289.77482734542
v -1409.94651030821 -759.599195262184 2939.55232690741
v -2239.98320908069 -1336.58909425582 2555.26955171358
cstype bspline
deg 1
curv 0 5 5036 5037 5038 5039 5040
parm u 0 0 1 2 3 4
end
v -2160.61327947013 -1292.08660524953 2499.54001690837
v -608.468426123443 -1290.77534059741 2491.41639079694
v 285.97934830255 -716.021078924998 2818.40890166615
v -1376.55931155649 -726.12294897667 2822.08471762522
v -2160.61327947013 -1292.08660524953 2499.54001690837
cstype bspline
deg 1
curv 0 5 5041 5042 5043 5044 5045
parm u 0 0 1 2 3 4
end
v -2158.50893622796 -1308.97554406821 2535.96722789713
v -601.31254977113 -1307.66001183965 2527.81716303793
v 285.447347613812 -737.845826288947 2851.99913729585
v -1381.32842392987 -747.97344175796 2855.68432136353
v -2158.50893622796 -1308.97554406821 2535.96722789713
cstype bspline
deg 1
curv 0 5 5046 5047 5048 5049 5050
parm u 0 0 1 2 3 4
end
v -2192.17842810275 -1038.75252296956 1953.13185207693
v -715.806571408124 -1037.50527196404 1945.40480718202
v 293.959358634413 -388.649868465494 2314.5553672208
v -1305.02262595538 -398.365557257173 2318.09066155056
v -2192.17842810275 -1038.75252296956 1953.13185207693
cstype bspline
deg 1
curv 0 5 5051 5052 5053 5054 5055
parm u 0 0 1 2 3 4
end
v -2190.07408486057 -1055.64146178824 1989.55906306568
v -708.650695055814 -1054.38994320628 1981.80557942299
v 293.427357945628 -410.474615829444 2348.14560285048
v -1309.79173832879 -420.216050038463 2351.69026528886
v -2190.07408486057 -1055.64146178824 1989.55906306568
cstype bspline
deg 1
curv 0 5 5056 5057 5058 5059 5060
parm u 0 0 1 2 3 4
end
v -2203.58317614792 -1369.12397197471 2570.76684083622
v -2243.56569774924 -1048.23413442011 1878.64983204973
v -713.58022949073 -1046.94159019753 1870.64218387612
v -577.61857879646 -1367.75034379979 2562.25685645503
v -2203.58317614792 -1369.12397197471 2570.76684083622
cstype bspline
deg 1
curv 0 5 5061 5062 5063 5064 5065
parm u 0 0 1 2 3 4
end
v -2155.3524213647 -1334.30895229618 2590.60804438028
v -2195.33494296601 -1013.41911474158 1898.49103559378
v -726.598504800288 -1012.17831419999 1890.80395300342
v -590.636854106022 -1332.98706780226 2582.41862558233
v -2155.3524213647 -1334.30895229618 2590.60804438028
cstype bspline
deg 1
curv 0 5 5066 5067 5068 5069 5070
parm u 0 0 1 2 3 4
end
v -577.61857879649 -1367.75034379971 2562.25685645509
v -713.580229490693 -1046.94159019762 1870.64218387608
v 362.457285163386 -355.501391060534 2264.02033156279
v 352.349272076422 -770.171590975864 2902.23480852695
v -577.61857879649 -1367.75034379971 2562.25685645509
cstype bspline
deg 1
curv 0 5 5071 5072 5073 5074 5075
parm u 0 0 1 2 3 4
end
v -590.625596100035 -1333.01713055329 2582.40118999182
v -726.587246794239 -1012.2083769512 1890.78651741281
v 294.757359667583 -355.912747419556 2264.17001377624
v 284.64934658062 -770.582947334886 2902.38449074041
v -590.625596100035 -1333.01713055329 2582.40118999182
cstype bspline
deg 1
curv 0 5 5076 5077 5078 5079 5080
parm u 0 0 1 2 3 4
end
v -511.595741556266 -1286.94142435119 2526.02959003962
v 889.930664643907 -1302.18380395818 2376.33894079752
v 1820.80955862889 -732.69556855681 2625.80933244779
v 316.423824022429 -724.77522593303 2781.40510538896
v -511.595741556266 -1286.94142435119 2526.02959003962
cstype bspline
deg 1
curv 0 5 5081 5082 5083 5084 5085
parm u 0 0 1 2 3 4
end
v -505.763682680903 -1304.53069727981 2561.71670654286
v 899.877133012385 -1319.81782337968 2411.58661597055
v 1823.09137546611 -755.018628522404 2659.00292343037
v 315.309779723844 -747.080407250149 2814.94992386996
v -505.763682680903 -1304.53069727981 2561.71670654286
cstype bspline
deg 1
curv 0 5 5086 5087 5088 5089 5090
parm u 0 0 1 2 3 4
end
v -599.07662468671 -1023.10233042139 1990.72284249118
v 740.733639116832 -1037.6735126352 1847.6238132023
v 1786.58230606991 -397.849669073446 2127.90546770924
v 333.134488500906 -390.197506176599 2278.23282817405
v -599.07662468671 -1023.10233042139 1990.72284249118
cstype bspline
deg 1
curv 0 5 5091 5092 5093 5094 5095
parm u 0 0 1 2 3 4
end
v -593.244565811347 -1040.69160335005 2026.40995899439
v 750.680107485303 -1055.30753205673 1882.8714883753
v 1788.86412290717 -420.172729039012 2161.09905869179
v 332.020444202342 -412.502687493688 2311.77764665502
v -593.244565811347 -1040.69160335005 2026.40995899439
cstype bspline
deg 1
curv 0 5 5096 5097 5098 5099 5100
parm u 0 0 1 2 3 4
end
v -546.987312904414 -1364.84183762956 2599.83524141035
v -657.796431536306 -1030.64565198516 1921.78002784896
v 736.419104149558 -1045.80852180684 1772.87021937373
v 925.402003151394 -1380.85489081594 2442.57604766095
v -546.987312904414 -1364.84183762956 2599.83524141035
cstype bspline
deg 1
curv 0 5 5101 5102 5103 5104 5105
parm u 0 0 1 2 3 4
end
v -497.015594367858 -1330.9146066728 2615.24738129771
v -607.824712999754 -996.718421028374 1937.19216773632
v 725.763567987982 -1011.2219357166 1794.75768008086
v 914.746466989818 -1346.2683047257 2464.46350836808
v -497.015594367858 -1330.9146066728 2615.24738129771
cstype bspline
deg 1
curv 0 5 5106 5107 5108 5109 5110
parm u 0 0 1 2 3 4
end
v 925.402003151325 -1380.85489081574 2442.5760476611
v 736.419104149627 -1045.80852180708 1772.8702193736
v 1849.72582888629 -364.715539435769 2071.23026002075
v 1893.08034879423 -788.853678781394 2701.90848868961
v 925.402003151325 -1380.85489081574 2442.5760476611
cstype bspline
deg 1
curv 0 5 5111 5112 5113 5114 5115
parm u 0 0 1 2 3 4
end
v 914.754596803563 -1346.29469312125 2464.44680897574
v 725.771697801865 -1011.24832411259 1794.74098068823
v 1783.15958081407 -364.365079125098 2078.11508123537
v 1826.51410072201 -788.503218470723 2708.79330990423
v 914.754596803563 -1346.29469312125 2464.44680897574
cstype bspline
deg 1
curv 0 5 5116 5117 5118 5119 5120
parm u 0 0 1 2 3 4
end
v 990.849408316291 -1300.93976647465 2405.33909844877
v 2304.59242834945 -1327.50105534642 2129.88051307494
v 3229.99887685819 -752.639812330977 2300.70712030187
v 1856.16625657689 -732.745571064792 2583.92003872464
v 990.849408316291 -1300.93976647465 2405.33909844877
cstype bspline
deg 1
curv 0 5 5121 5122 5123 5124 5125
parm u 0 0 1 2 3 4
end
v 999.945057458041 -1318.91211666461 2440.10850518193
v 2317.08299511822 -1345.54204406493 2163.93809170113
v 3235.72429611816 -774.883301596536 2333.51587772287
v 1858.82491540195 -754.944651083468 2617.3610028352
v 999.945057458041 -1318.91211666461 2440.10850518193
cstype bspline
deg 1
curv 0 5 5126 5127 5128 5129 5130
parm u 0 0 1 2 3 4
end
v 854.414671190079 -1031.35451362524 1883.79799745131
v 2117.23392681794 -1056.88622456879 1619.01683368209
v 3144.11758795921 -418.987473347399 1808.57575898697
v 1816.28637420098 -399.759370784333 2082.30557706649
v 854.414671190079 -1031.35451362524 1883.79799745131
cstype bspline
deg 1
curv 0 5 5131 5132 5133 5134 5135
parm u 0 0 1 2 3 4
end
v 863.510320331832 -1049.32686381519 1918.5674041845
v 2129.72449358672 -1074.92721328727 1653.0744123083
v 3149.84300721916 -441.230962612957 1841.38451640798
v 1818.94503302607 -421.958450803009 2115.74654117705
v 863.510320331832 -1049.32686381519 1918.5674041845
cstype bspline
deg 1
curv 0 5 5136 5137 5138 5139 5140
parm u 0 0 1 2 3 4
end
v 962.688060463213 -1379.29348822573 2481.75796148034
v 789.870726770016 -1037.81883461645 1821.13923355026
v 2107.23896257523 -1064.45341819042 1544.92053239044
v 2344.55973118098 -1407.23220384211 2192.01452628821
v 962.688060463213 -1379.29348822573 2481.75796148034
cstype bspline
deg 1
curv 0 5 5141 5142 5143 5144 5145
parm u 0 0 1 2 3 4
end
v 1013.58853117066 -1345.87064194953 2492.26261528166
v 840.771197477465 -1004.39598834029 1831.64388735158
v 2098.45309026903 -1029.82383195497 1567.9398982488
v 2335.77385887477 -1372.60261760664 2215.03389214658
v 1013.58853117066 -1345.87064194953 2492.26261528166
cstype bspline
deg 1
curv 0 5 5146 5147 5148 5149 5150
parm u 0 0 1 2 3 4
end
v 2344.55973118103 -1407.23220384232 2192.01452628806
v 2107.23896257517 -1064.45341819018 1544.9205323906
v 3198.546284203 -386.534775593958 1746.37182711198
v 3307.32925014175 -809.16107163977 2369.73821811082
v 2344.55973118103 -1407.23220384232 2192.01452628806
cstype bspline
deg 1
curv 0 5 5151 5152 5153 5154 5155
parm u 0 0 1 2 3 4
end
v 2335.78018297738 -1372.62754410782 2215.01732272394
v 2098.45941437152 -1029.84875845569 1567.92332882647
v 3135.52945906931 -385.622239449061 1759.36262285549
v 3244.31242500806 -808.248535494873 2382.72901385434
v 2335.78018297738 -1372.62754410782 2215.01732272394
cstype bspline
deg 1
curv 0 5 5156 5157 5158 5159 5160
parm u 0 0 1 2 3 4
end
v 2405.57726975922 -1328.74095445679 2153.32794815179
v 3610.95652890336 -1361.17259458211 1763.90318577474
v 4523.85429994153 -774.161110075482 1850.05928985524
v 3264.46043519001 -747.104743823409 2252.679607988
v 2405.57726975922 -1328.74095445679 2153.32794815179
cstype bspline
deg 1
curv 0 5 5161 5162 5163 5164 5165
parm u 0 0 1 2 3 4
end
v 2417.54749864271 -1346.90314088212 2187.04083185036
v 3626.20246095228 -1379.42291627725 1796.55778021112
v 4533.49157083689 -796.017912818439 1882.18455843562
v 3271.07096590007 -768.896521165443 2285.77250641827
v 2417.54749864271 -1346.90314088212 2187.04083185036
cstype bspline
deg 1
curv 0 5 5166 5167 5168 5169 5170
parm u 0 0 1 2 3 4
end
v 2226.02383650675 -1056.30815807672 1647.63469267335
v 3382.26754816959 -1087.41776915503 1274.08426922906
v 4379.29523651118 -446.309068931092 1368.18026114961
v 3165.30247453905 -420.22808369319 1756.28613153395
v 2226.02383650675 -1056.30815807672 1647.63469267335
cstype bspline
deg 1
curv 0 5 5171 5172 5173 5174 5175
parm u 0 0 1 2 3 4
end
v 2237.99406539024 -1074.47034450204 1681.34757637191
v 3397.51348021851 -1105.66809085017 1306.73886366543
v 4388.93250740653 -468.165871674049 1400.30552972998
v 3171.91300524911 -442.019861035224 1789.37902996421
v 2237.99406539024 -1074.47034450204 1681.34757637191
cstype bspline
deg 1
curv 0 5 5176 5177 5178 5179 5180
parm u 0 0 1 2 3 4
end
v 2386.33333617655 -1407.44404024107 2231.92245479752
v 2158.89898739008 -1062.36249815967 1591.37766452483
v 3366.23645427778 -1094.84682534455 1201.32025928504
v 3655.90916321153 -1441.60293755232 1821.75755357481
v 2386.33333617655 -1407.44404024107 2231.92245479752
cstype bspline
deg 1
curv 0 5 5181 5182 5183 5184 5185
parm u 0 0 1 2 3 4
end
v 2435.50284196797 -1374.14642052012 2237.6101573982
v 2208.0684931815 -1029.06487843872 1597.06536712551
v 3359.35984031519 -1060.04124240583 1225.11491594335
v 3649.03254924894 -1406.79735461361 1845.55221023312
v 2435.50284196797 -1374.14642052012 2237.6101573982
cstype bspline
deg 1
curv 0 5 5186 5187 5188 5189 5190
parm u 0 0 1 2 3 4
end
v 3655.90916321128 -1441.60293755104 1821.75755357568
v 3366.23645427804 -1094.84682534586 1201.32025928413
v 4423.83281557686 -414.791259705875 1301.13251107175
v 4606.94096258864 -830.070511822094 1911.51261409889
v 3655.90916321128 -1441.60293755104 1821.75755357568
cstype bspline
deg 1
curv 0 5 5191 5192 5193 5194 5195
parm u 0 0 1 2 3 4
end
v 3649.03710702622 -1406.82042353912 1845.53643928158
v 3359.36439809298 -1060.06431133393 1225.09914499002
v 4364.83933016815 -413.523864816671 1319.99235827905
v 4547.94747717992 -828.80311693289 1930.37246130618
v 3649.03710702622 -1406.82042353912 1845.53643928158
cstype bspline
deg 1
curv 0 5 5196 5197 5198 5199 5200
parm u 0 0 1 2 3 4
end
v 3711.09403068739 -1364.85804456871 1781.05532647863
v 4802.31669218841 -1398.72219931756 1284.36892697391
v 5691.72342392273 -795.92881907805 1280.72021562032
v 4553.70077251066 -764.957616980508 1795.94301477988
v 3711.09403068739 -1364.85804456871 1781.05532647863
cstype bspline
deg 1
curv 0 5 5201 5202 5203 5204 5205
parm u 0 0 1 2 3 4
end
v 3726.02772016068 -1383.10394022873 1813.45211946758
v 4820.66227830882 -1417.07397712258 1315.21274391047
v 5705.68855711359 -817.249438847182 1311.58200297218
v 4564.43911864857 -786.19041997919 1828.26568189161
v 3726.02772016068 -1383.10394022873 1813.45211946758
cstype bspline
deg 1
curv 0 5 5206 5207 5208 5209 5210
parm u 0 0 1 2 3 4
end
v 3487.08868858812 -1091.16960966834 1295.10343164458
v 4527.13290038237 -1123.44553224259 821.711672925756
v 5482.24642605978 -476.119522540714 817.793405342698
v 4392.6255804422 -446.46557199987 1311.10300810422
v 3487.08868858812 -1091.16960966834 1295.10343164458
cstype bspline
deg 1
curv 0 5 5211 5212 5213 5214 5215
parm u 0 0 1 2 3 4
end
v 3502.02237806141 -1109.41550532839 1327.50022463352
v 4545.47848650277 -1141.79731004761 852.5554898623
v 5496.21155925065 -497.440142309846 848.655192694539
v 4403.3639265801 -467.698374998581 1343.42567521593
v 3502.02237806141 -1109.41550532839 1327.50022463352
cstype bspline
deg 1
curv 0 5 5216 5217 5218 5219 5220
parm u 0 0 1 2 3 4
end
v 3701.49397584895 -1443.88800858721 1861.21804557746
v 3417.75387585654 -1097.2159910468 1245.67897878767
v 4504.43409792272 -1130.93917926576 751.06013888143
v 4853.00023420586 -1479.62295756055 1337.09266067781
v 3701.49397584895 -1443.88800858721 1861.21804557746
cstype bspline
deg 1
curv 0 5 5221 5222 5223 5224 5225
parm u 0 0 1 2 3 4
end
v 3748.4282543706 -1410.47278371875 1862.04730895098
v 3464.6881543782 -1063.80076617835 1246.50824216119
v 4499.58112005041 -1095.91682898981 775.461150557136
v 4848.14725633354 -1444.60060728461 1361.49367235352
v 3748.4282543706 -1410.47278371875 1862.04730895098
cstype bspline
deg 1
curv 0 5 5226 5227 5228 5229 5230
parm u 0 0 1 2 3 4
end
v 4853.00023420606 -1479.62295756198 1337.09266067683
v 4504.43409792251 -1130.93917926424 751.060138882465
v 5515.61049914411 -445.616683759581 746.911878380293
v 5780.9480297705 -850.708459373534 1333.28583806528
v 4853.00023420606 -1479.62295756198 1337.09266067683
cstype bspline
deg 1
curv 0 5 5231 5232 5233 5234 5235
parm u 0 0 1 2 3 4
end
v 4848.15025517361 -1444.62224893016 1361.47859403806
v 4499.58411889006 -1095.93847063242 775.446072243714
v 5461.2987262735 -444.138592887 771.500724314947
v 5726.63625689989 -849.230368500925 1357.87468399993
v 4848.15025517361 -1444.62224893016 1361.47859403806
cstype bspline
deg 1
curv 0 5 5236 5237 5238 5239 5240
parm u 0 0 1 2 3 4
end
v 4901.10413199382 -1404.81248208613 1294.50394977915
v 5868.85435563438 -1436.72161779486 695.70272582418
v 6720.19273657275 -816.594300781377 599.077974940566
v 5713.9271862384 -784.228016696201 1221.17141221607
v 4901.10413199382 -1404.81248208613 1294.50394977915
cstype bspline
deg 1
curv 0 5 5241 5242 5243 5244 5245
parm u 0 0 1 2 3 4
end
v 4919.25266665893 -1423.1008015477 1325.15071048462
v 5890.6439065352 -1455.12999063212 724.096586013457
v 6738.77310773755 -837.34028703309 627.83606890513
v 5729.00432771363 -804.861322426033 1252.09527266089
v 4919.25266665893 -1423.1008015477 1325.15071048462
cstype bspline
deg 1
curv 0 5 5246 5247 5248 5249 5250
parm u 0 0 1 2 3 4
end
v 4628.87611201742 -1130.48769016255 834.802539197211
v 5542.01109212221 -1160.59602523578 269.794822985175
v 6441.48716910079 -505.404507005675 167.706565472308
v 5487.77006411009 -474.72843074851 757.313505543912
v 4628.87611201742 -1130.48769016255 834.802539197211
cstype bspline
deg 1
curv 0 5 5251 5252 5253 5254 5255
parm u 0 0 1 2 3 4
end
v 4647.02464668252 -1148.77600962413 865.449299902673
v 5563.80064302302 -1179.00439807304 298.188683174445
v 6460.06754026559 -526.150493257388 196.464659436857
v 5502.84720558531 -495.361736478371 788.23736598872
v 4647.02464668252 -1148.77600962413 865.449299902673
cstype bspline
deg 1
curv 0 5 5256 5257 5258 5259 5260
parm u 0 0 1 2 3 4
end
v 4902.35566247965 -1484.21843052318 1375.10132100272
v 4557.53350384288 -1136.74036075332 792.812867598936
v 5511.90813684359 -1168.20846991771 202.287870143951
v 5925.90960395652 -1517.96755382579 741.771213741566
v 4902.35566247965 -1484.21843052318 1375.10132100272
cstype bspline
deg 1
curv 0 5 5261 5262 5263 5264 5265
parm u 0 0 1 2 3 4
end
v 4946.47546865655 -1450.53328074006 1371.1208515428
v 4601.65331001978 -1103.0552109702 788.832398139013
v 5509.297672735 -1132.98250670999 227.22203419084
v 5923.29913984792 -1482.7415906181 766.705377788461
v 4946.47546865655 -1450.53328074006 1371.1208515428
cstype bspline
deg 1
curv 0 5 5266 5267 5268 5269 5270
parm u 0 0 1 2 3 4
end
v 5925.9096039566 -1517.96755382672 741.771213740933
v 5511.90813684353 -1168.2084699168 202.287870144581
v 6462.40220129097 -475.854704104713 94.4092002174075
v 6815.42925342212 -870.02844288724 640.812985543871
v 5925.9096039566 -1517.96755382672 741.771213740933
cstype bspline
deg 1
curv 0 5 5271 5272 5273 5274 5275
parm u 0 0 1 2 3 4
end
v 5923.30069730845 -1482.7626072054 766.690501515732
v 5509.29923019538 -1133.00352329548 227.20715791938
v 6413.61661235359 -474.28552762809 124.569424525474
v 6766.64366448473 -868.459266410646 670.973209851942
v 5923.30069730845 -1482.7626072054 766.690501515732
cstype bspline
deg 1
curv 0 5 5276 5277 5278 5279 5280
parm u 0 0 1 2 3 4
end
v 5965.74345889721 -1444.92829460607 697.609916359401
v 6796.9737200552 -1472.57800841425 2.95429073066043
v 7592.99318622291 -835.07041237579 -185.694473532258
v 6732.32970175395 -803.396952748299 535.743724053355
v 5965.74345889721 -1444.92829460607 697.609916359401
cstype bspline
deg 1
curv 0 5 5281 5282 5283 5284 5285
parm u 0 0 1 2 3 4
end
v 5987.3888768851 -1463.26277872431 725.85906884514
v 6822.41116486795 -1491.03862900918 28.0344623821838
v 7616.25298285353 -855.275044664653 -160.098220734457
v 6751.90255329409 -823.465900988114 564.430503019244
v 5987.3888768851 -1463.26277872431 725.85906884514
cstype bspline
deg 1
curv 0 5 5286 5287 5288 5289 5290
parm u 0 0 1 2 3 4
end
v 5641.06218907901 -1169.9110328324 273.872629073507
v 6415.41204786412 -1195.66869949023 -373.248284042129
v 7244.0962367637 -532.000928042602 -569.638265499176
v 6438.73692865186 -502.362729151384 105.442039565121
v 5641.06218907901 -1169.9110328324 273.872629073507
cstype bspline
deg 1
curv 0 5 5291 5292 5293 5294 5295
parm u 0 0 1 2 3 4
end
v 5662.70760706689 -1188.24551695064 302.121781559239
v 6440.84949267686 -1214.12932008517 -348.168112390606
v 7267.35603339432 -552.205560331466 -544.042012701382
v 6458.309780192 -522.4316773912 134.128818531004
v 5662.70760706689 -1188.24551695064 302.121781559239
cstype bspline
deg 1
curv 0 5 5296 5297 5298 5299 5300
parm u 0 0 1 2 3 4
end
v 5979.19381118912 -1524.79422146117 776.818910652451
v 5567.93086941939 -1176.43902321448 240.085013423657
v 6377.26071389683 -1203.36025024613 -436.268526295022
v 6860.57216534123 -1554.11204154999 40.2547350818531
v 5979.19381118912 -1524.79422146117 776.818910652451
cstype bspline
deg 1
curv 0 5 5301 5302 5303 5304 5305
parm u 0 0 1 2 3 4
end
v 6019.85700386691 -1490.76450490172 768.232797573724
v 5608.59406209719 -1142.40930665503 231.498900344923
v 6377.23025852016 -1167.97691631361 -410.847129217655
v 6860.54170996456 -1518.72870761747 65.6761321592276
v 6019.85700386691 -1490.76450490172 768.232797573724
cstype bspline
deg 1
curv 0 5 5306 5307 5308 5309 5310
parm u 0 0 1 2 3 4
end
v 6860.57216534123 -1554.11204154897 40.2547350825844
v 6377.26071389683 -1203.36025024715 -436.268526295746
v 7251.45029951237 -503.248601105355 -643.442838064566
v 7693.38643549402 -887.136614594056 -157.114034906474
v 6860.57216534123 -1554.11204154897 40.2547350825844
cstype bspline
deg 1
curv 0 5 5311 5312 5313 5314 5315
parm u 0 0 1 2 3 4
end
v 6860.54172834757 -1518.75006515186 65.6607876932612
v 6377.23027690317 -1167.99827385004 -410.862473685054
v 7209.20654181778 -501.693979609263 -608.032644695864
v 7651.14267779944 -885.581993097992 -121.703841537776
v 6860.54172834757 -1518.75006515186 65.6607876932612
cstype bspline
deg 1
curv 0 5 5316 5317 5318 5319 5320
parm u 0 0 1 2 3 4
end
v 6890.61443283146 -1482.32328770356 -5.10020997736683
v 7569.45855866088 -1504.58167548905 -784.511474332422
v 8292.7258448852 -850.427317091671 -1057.68524878888
v 7593.70431190215 -821.41094397672 -250.09586720951
v 6890.61443283146 -1482.32328770356 -5.10020997736683
cstype bspline
deg 1
curv 0 5 5321 5322 5323 5324 5325
parm u 0 0 1 2 3 4
end
v 6915.92868627392 -1500.73098305371 19.8877227862558
v 7598.43603041643 -1523.10948285114 -763.729446147431
v 8320.36719592024 -870.16357008557 -1036.39857571354
v 7617.76341170317 -840.998497776833 -224.670569038604
v 6915.92868627392 -1500.73098305371 19.8877227862558
cstype bspline
deg 1
curv 0 5 5326 5327 5328 5329 5330
parm u 0 0 1 2 3 4
end
v 6510.90063119451 -1206.20785745123 -379.919201431614
v 7134.79648232787 -1226.66456505741 -1096.24189710727
v 7878.10557935982 -554.383522182936 -1376.98534491899
v 7232.81781488694 -527.597636974882 -631.475339772953
v 6510.90063119451 -1206.20785745123 -379.919201431614
cstype bspline
deg 1
curv 0 5 5331 5332 5333 5334 5335
parm u 0 0 1 2 3 4
end
v 6536.21488463698 -1224.61555280138 -354.931268667995
v 7163.77395408341 -1245.19237241952 -1075.45986892228
v 7905.74693039485 -574.119775176863 -1355.69867184365
v 7256.87691468795 -547.185190774995 -606.050041602054
v 6536.21488463698 -1224.61555280138 -354.931268667995
cstype bspline
deg 1
curv 0 5 5336 5337 5338 5339 5340
parm u 0 0 1 2 3 4
end
v 6917.32605825289 -1562.72250250643 70.1140425805279
v 6436.3552428461 -1212.97629085346 -404.656679928175
v 7088.31977232542 -1234.35333275064 -1153.20627902098
v 7638.89173567751 -1586.38167263061 -758.347743502662
v 6917.32605825289 -1562.72250250643 70.1140425805279
cstype bspline
deg 1
curv 0 5 5341 5342 5343 5344 5345
parm u 0 0 1 2 3 4
end
v 6953.90006643761 -1528.34252607895 57.3696219316698
v 6472.92925103083 -1178.59631442599 -417.401100577036
v 7091.30829932061 -1198.87213347122 -1127.38970847628
v 7641.8802626727 -1550.90047335118 -732.531172957973
v 6953.90006643761 -1528.34252607895 57.3696219316698
cstype bspline
deg 1
curv 0 5 5346 5347 5348 5349 5350
parm u 0 0 1 2 3 4
end
v 7638.89173567736 -1586.38167263215 -758.347743503798
v 7088.31977232553 -1234.3533327491 -1153.20627901985
v 7871.27279400396 -526.216601963126 -1448.92300259863
v 8396.45846366945 -901.205408847454 -1044.47621416717
v 7638.89173567736 -1586.38167263215 -758.347743503798
cstype bspline
deg 1
curv 0 5 5351 5352 5353 5354 5355
parm u 0 0 1 2 3 4
end
v 7641.87838484831 -1550.92276776602 -732.547394656927
v 7091.30642149648 -1198.89442788297 -1127.40593017299
v 7836.64355280728 -524.779142692074 -1408.915354532
v 8361.82922247277 -899.767949576431 -1004.46856610053
v 7641.87838484831 -1550.92276776602 -732.547394656927
cstype bspline
deg 1
curv 0 5 5356 5357 5358 5359 5360
parm u 0 0 1 2 3 4
end
v 7657.17027856189 -1514.65709201671 -804.393676581921
v 8169.12604038665 -1531.67054192809 -1648.28340100852
v 8806.4039009542 -861.87246646898 -1990.28898944776
v 8282.4249876739 -837.664060127543 -1119.61337867272
v 7657.17027856189 -1514.65709201671 -804.393676581921
cstype bspline
deg 1
curv 0 5 5361 5362 5363 5364 5365
parm u 0 0 1 2 3 4
end
v 7686.04796751289 -1533.15762684928 -783.657305645544
v 8201.09502185082 -1550.27380741487 -1632.64260703716
v 8837.66130604322 -881.223619990313 -1974.26631637474
v 8310.64660326629 -856.874956810614 -1098.54625093333
v 7686.04796751289 -1533.15762684928 -783.657305645544
cstype bspline
deg 1
curv 0 5 5366 5367 5368 5369 5370
parm u 0 0 1 2 3 4
end
v 7224.00494429687 -1237.14906952801 -1115.43924062758
v 7689.59131842407 -1252.62155962639 -1882.89531057893
v 8337.54282461873 -571.605163648783 -2230.62908554303
v 7859.10075378811 -549.500609881536 -1435.62029476352
v 7224.00494429687 -1237.14906952801 -1115.43924062758
cstype bspline
deg 1
curv 0 5 5371 5372 5373 5374 5375
parm u 0 0 1 2 3 4
end
v 7252.88263324787 -1255.6496043606 -1094.7028696912
v 7721.56029988824 -1271.2248251132 -1867.25451660757
v 8368.80022970776 -590.956317170174 -2214.60641247001
v 7887.32236938049 -568.711506564636 -1414.55316702414
v 7252.88263324787 -1255.6496043606 -1094.7028696912
cstype bspline
deg 1
curv 0 5 5376 5377 5378 5379 5380
parm u 0 0 1 2 3 4
end
v 7697.33528855404 -1595.58798174412 -736.405347807327
v 7148.65919848502 -1244.07781992512 -1130.3963955985
v 7635.16366797226 -1260.24546572677 -1932.33311220962
v 8242.57431579362 -1613.70750997565 -1635.1580267572
v 7697.33528855404 -1595.58798174412 -736.405347807327
cstype bspline
deg 1
curv 0 5 5381 5382 5383 5384 5385
parm u 0 0 1 2 3 4
end
v 7729.36450093939 -1560.90842909814 -752.552749240976
v 7180.68841087037 -1209.39826727915 -1146.54379703215
v 7641.62095208621 -1224.71609996562 -1906.328653832
v 8249.03159990756 -1578.1781442145 -1609.15356837959
v 7729.36450093939 -1560.90842909814 -752.552749240976
cstype bspline
deg 1
curv 0 5 5386 5387 5388 5389 5390
parm u 0 0 1 2 3 4
end
v 8242.57431579389 -1613.70750997422 -1635.15802675617
v 7635.16366797202 -1260.24546572813 -1932.33311221063
v 8316.83557061047 -543.787925409415 -2298.16348952318
v 8910.72626730206 -911.459842314973 -1993.73270113584
v 8242.57431579389 -1613.70750997422 -1635.15802675617
cstype bspline
deg 1
curv 0 5 5391 5392 5393 5394 5395
parm u 0 0 1 2 3 4
end
v 8249.0274846719 -1578.2007871262 -1609.17014105525
v 7641.61683685003 -1224.73874288014 -1906.34522650971
v 8290.65671698518 -542.578433366783 -2254.66309515255
v 8884.54741367677 -910.250350272341 -1950.23230676521
v 8249.0274846719 -1578.2007871262 -1609.17014105525
cstype bspline
deg 1
curv 0 5 5396 5397 5398 5399 5400
parm u 0 0 1 2 3 4
end
v 8246.67603256414 -1540.21619146271 -1680.82252237138
v 8587.28125067769 -1552.99318460008 -2557.82880615989
v 9134.98183012501 -868.837683343445 -2946.30282777098
v 8787.88313744752 -851.632731964783 -2046.50977408911
v 8246.67603256414 -1540.21619146271 -1680.82252237138
cstype bspline
deg 1
curv 0 5 5401 5402 5403 5404 5405
parm u 0 0 1 2 3 4
end
v 8278.59219110151 -1558.7929620856 -1665.20490585051
v 8621.32917693218 -1571.64992340913 -2547.70016509821
v 9168.72320146487 -887.877352605981 -2935.95675290514
v 8819.51755547272 -870.567963987734 -2030.70178883017
v 8278.59219110151 -1558.7929620856 -1665.20490585051
cstype bspline
deg 1
curv 0 5 5406 5407 5408 5409 5410
parm u 0 0 1 2 3 4
end
v 7767.93365450363 -1261.56463211973 -1915.08677018444
v 8076.56235686028 -1273.14210246457 -2709.75842208506
v 8628.86126002697 -583.242644405225 -3101.49395075853
v 8313.36686706945 -567.604251620738 -2283.6295529732
v 7767.93365450363 -1261.56463211973 -1915.08677018444
cstype bspline
deg 1
curv 0 5 5411 5412 5413 5414 5415
parm u 0 0 1 2 3 4
end
v 7799.849813041 -1280.14140274262 -1899.46915366358
v 8110.61028311476 -1291.79884127364 -2699.62978102339
v 8662.60263136683 -602.282313667762 -3091.1478758927
v 8345.00128509465 -586.53948364369 -2267.82156771427
v 7799.849813041 -1280.14140274262 -1899.46915366358
cstype bspline
deg 1
curv 0 5 5416 5417 5418 5419 5420
parm u 0 0 1 2 3 4
end
v 8299.03018306279 -1621.56554053701 -1623.24013364195
v 7692.62317085281 -1268.60689870256 -1919.9748475385
v 8015.28801483284 -1280.71090145403 -2750.78741493079
v 8662.19861366623 -1635.18893882559 -2558.34323475371
v 8299.03018306279 -1621.56554053701 -1623.24013364195
cstype bspline
deg 1
curv 0 5 5421 5422 5423 5424 5425
parm u 0 0 1 2 3 4
end
v 8326.46642890756 -1586.65811801987 -1641.7784810692
v 7720.05941669758 -1233.69947618546 -1938.51319496576
v 8025.47997549794 -1245.15660066938 -2724.9243684341
v 8672.39057433134 -1599.63463804097 -2532.48018825703
v 8326.46642890756 -1586.65811801987 -1641.7784810692
cstype bspline
deg 1
curv 0 5 5426 5427 5428 5429 5430
parm u 0 0 1 2 3 4
end
v 8662.19861366565 -1635.1889388276 -2558.3432347552
v 8015.28801483342 -1280.71090145202 -2750.78741492934
v 8595.81248654884 -555.553715496528 -3162.54282405911
v 9236.89854200636 -917.307431484922 -2965.9674016082
v 8662.19861366565 -1635.1889388276 -2558.3432347552
cstype bspline
deg 1
curv 0 5 5431 5432 5433 5434 5435
parm u 0 0 1 2 3 4
end
v 8672.38454592574 -1599.6556679245 -2532.49548589596
v 8025.4739470935 -1245.17763054892 -2724.9396660701
v 8578.24920301716 -554.683140511392 -3117.01306305729
v 9219.33525847469 -916.436856499815 -2920.43764060638
v 8672.38454592574 -1599.6556679245 -2532.49548589596
cstype bspline
deg 1
curv 0 5 5436 5437 5438 5439 5440
parm u 0 0 1 2 3 4
end
v 8650.27050923976 -1558.25553152585 -2601.32939734604
v 8833.04291130761 -1567.59008567303 -3475.78032445807
v 9299.37939593404 -871.394752271561 -3888.04698825202
v 9112.43206218578 -862.570876924525 -2995.45032415152
v 8650.27050923976 -1558.25553152585 -2601.32939734604
cstype bspline
deg 1
curv 0 5 5441 5442 5443 5444 5445
parm u 0 0 1 2 3 4
end
v 8684.3152422964 -1576.86608795132 -2591.22659811902
v 8868.20500375975 -1586.25770788995 -3471.02338679578
v 9334.4516942088 -890.196428523108 -3883.21066768241
v 9146.384930252 -881.31971630262 -2985.26918453695
v 8684.3152422964 -1576.86608795132 -2591.22659811902
cstype bspline
deg 1
curv 0 5 5446 5447 5448 5449 5450
parm u 0 0 1 2 3 4
end
v 8139.59951339 -1279.09718514391 -2752.87138575135
v 8305.61152452544 -1287.57575241936 -3547.13438939246
v 8773.29492181292 -589.369608497946 -3960.59179679643
v 8603.13904119247 -581.338286253012 -3148.1674183701
v 8139.59951339 -1279.09718514391 -2752.87138575135
cstype bspline
deg 1
curv 0 5 5451 5452 5453 5454 5455
parm u 0 0 1 2 3 4
end
v 8173.64424644666 -1297.70774156938 -2742.76858652433
v 8340.77361697759 -1306.24337463628 -3542.37745173017
v 8808.36722008766 -608.171284749522 -3955.7554762268
v 8637.0919092587 -600.087125631137 -3137.98627875552
v 8173.64424644666 -1297.70774156938 -2742.76858652433
cstype bspline
deg 1
curv 0 5 5456 5457 5458 5459 5460
parm u 0 0 1 2 3 4
end
v 8712.07540310448 -1639.86549790954 -2556.19676866147
v 8065.22547502814 -1286.26492582576 -2748.14995397485
v 8239.01503619692 -1295.14070822284 -3579.62364019364
v 8907.09479278719 -1649.82553034415 -3489.24182460786
v 8712.07540310448 -1639.86549790954 -2556.19676866147
cstype bspline
deg 1
curv 0 5 5461 5462 5463 5464 5465
parm u 0 0 1 2 3 4
end
v 8735.38234188137 -1604.78192258949 -2576.07239927849
v 8088.53241380503 -1251.18135050571 -2768.02558459188
v 8252.86334856573 -1259.57406182992 -3554.24569566383
v 8920.94310515601 -1614.2588839512 -3463.86388007805
v 8735.38234188137 -1604.78192258949 -2576.07239927849
cstype bspline
deg 1
curv 0 5 5466 5467 5468 5469 5470
parm u 0 0 1 2 3 4
end
v 8907.09479278683 -1649.82553034503 -3489.24182460847
v 8239.01503619723 -1295.14070822202 -3579.62364019302
v 8730.35120070302 -561.623267195886 -4013.99137254916
v 9396.72486792309 -918.855115975806 -3922.10128172623
v 8907.09479278683 -1649.82553034503 -3489.24182460847
cstype bspline
deg 1
curv 0 5 5471 5472 5473 5474 5475
parm u 0 0 1 2 3 4
end
v 8920.93587300896 -1614.27745828783 -3463.8771334638
v 8252.85611641936 -1259.59263616483 -3554.25894904835
v 8720.68647440082 -561.167094120581 -3967.84627765087
v 9387.06014162089 -918.398942900501 -3875.95618682795
v 8920.93587300896 -1614.27745828783 -3463.8771334638
cstype bspline
deg 1
curv 0 5 5476 5477 5478 5479 5480
parm u 0 0 1 2 3 4
end
v 8875.01935915738 -1564.36047919412 -3528.05075029774
v 8941.97902932547 -1579.88738056883 -4593.25542008218
v 9330.9208327212 -868.972875113192 -4593.25542008218
v 9282.79325876847 -871.202569571702 -3931.05048402218
v 8875.01935915738 -1564.36047919412 -3528.05075029774
cstype bspline
deg 1
curv 0 5 5481 5482 5483 5484 5485
parm u 0 0 1 2 3 4
end
v 8910.20205878757 -1582.94314740028 -3523.33932438003
v 8977.45789319002 -1598.53872463384 -4593.25542008218
v 9366.40184863392 -887.620285627607 -4593.25542008218
v 9317.92844612341 -889.866001920484 -3926.29210209702
v 8910.20205878757 -1582.94314740028 -3523.33932438003
cstype bspline
deg 1
curv 0 5 5486 5487 5488 5489 5490
parm u 0 0 1 2 3 4
end
v 8347.27886470458 -1285.62045610172 -3598.72213906332
v 8409.79607135716 -1300.11721959355 -4593.25542008218
v 8798.70559403027 -589.261717396905 -4593.25542008218
v 8755.76544844438 -591.251084339747 -4002.42621289971
v 8347.27886470458 -1285.62045610172 -3598.72213906332
cstype bspline
deg 1
curv 0 5 5491 5492 5493 5494 5495
parm u 0 0 1 2 3 4
end
v 8382.46156433478 -1304.20312430788 -3594.01071314561
v 8445.27493522172 -1318.76856365855 -4593.25542008218
v 8834.186609943 -607.90912791132 -4593.25542008218
v 8790.90063579933 -609.914516688528 -3997.66783097454
v 8382.46156433478 -1304.20312430788 -3594.01071314561
cstype bspline
deg 1
curv 0 5 5496 5497 5498 5499 5500
parm u 0 0 1 2 3 4
end
v 8942.50024149251 -1645.62322484324 -3496.03604765354
v 8274.02894851897 -1292.55252892623 -3585.55314008995
v 8339.88840360109 -1307.82430761159 -4633.25542008691
v 9013.98681702699 -1662.19984484679 -4633.25542007711
v 8942.50024149251 -1645.62322484324 -3496.03604765354
cstype bspline
deg 1
curv 0 5 5501 5502 5503 5504 5505
parm u 0 0 1 2 3 4
end
v 8962.97610823285 -1610.8171497095 -3516.27218550348
v 8294.5048152593 -1257.7464537925 -3605.78927793988
v 8356.5672525387 -1272.13776337172 -4593.08801824551
v 9030.66566596461 -1626.51330060692 -4593.08801823572
v 8962.97610823285 -1610.8171497095 -3516.27218550348
cstype bspline
deg 1
curv 0 5 5506 5507 5508 5509 5510
parm u 0 0 1 2 3 4
end
v 9013.98681702489 -1662.1998448513 -4633.25542008218
v 8339.88840360304 -1307.8243076074 -4633.25542008218
v 8748.39118071454 -561.155918578559 -4633.25542008218
v 9422.53048305638 -915.456718352536 -4633.25542008218
v 9013.98681702489 -1662.1998448513 -4633.25542008218
cstype bspline
deg 1
curv 0 5 5511 5512 5513 5514 5515
parm u 0 0 1 2 3 4
end
v 9030.59615511798 -1626.66202801088 -4593.25542008218
v 8356.49774169614 -1272.28649076694 -4593.25542008218
v 8745.48407016118 -561.290601625282 -4593.25542008218
v 9419.62337250302 -915.59140139923 -4593.25542008218
v 9030.59615511798 -1626.66202801088 -4593.25542008218
cstype bspline
deg 1
curv 0 5 5516 5517 5518 5519 5520
parm u 0 0 1 2 3 4
end
v 8529.24151719047 -2314.3676418777 -4037.45681591037
v 8573.39055878012 -2312.39254737057 -4633.25542008218
v 8926.24239916529 -1616.07234387679 -4633.25542008218
v 8858.66317669497 -1599.87406400498 -3586.76671591318
v 8529.24151719047 -2314.3676418777 -4037.45681591037
cstype bspline
deg 1
curv 0 5 5521 5522 5523 5524 5525
parm u 0 0 1 2 3 4
end
v 8564.39732315488 -2332.95146470756 -4032.44339588156
v 8608.91786224019 -2330.95975052682 -4633.25542008218
v 8961.72584470779 -1634.72609654354 -4633.25542008218
v 8893.8225544632 -1618.45013983091 -3581.74840920926
v 8564.39732315488 -2332.95146470756 -4032.44339588156
cstype bspline
deg 1
curv 0 5 5526 5527 5528 5529 5530
parm u 0 0 1 2 3 4
end
v 8001.90442772411 -2035.61029942971 -4112.65811634255
v 8040.48100687909 -2033.88450002728 -4633.25542008218
v 8393.99071602738 -1336.26605387585 -4633.25542008218
v 8331.27251017124 -1321.23292661604 -3662.04131647194
v 8001.90442772411 -2035.61029942971 -4112.65811634255
cstype bspline
deg 1
curv 0 5 5531 5532 5533 5534 5535
parm u 0 0 1 2 3 4
end
v 8037.06023368852 -2054.19412225956 -4107.64469631375
v 8076.00831033916 -2052.4517031835 -4633.25542008218
v 8429.47416156991 -1354.91980654257 -4633.25542008218
v 8366.4318879395 -1339.80900244194 -3657.023009768
v 8037.06023368852 -2054.19412225956 -4107.64469631375
cstype bspline
deg 1
curv 0 5 5536 5537 5538 5539 5540
parm u 0 0 1 2 3 4
end
v 8943.60933681342 -1645.60661110756 -3528.50375885805
v 8275.58115921675 -1292.66117041485 -3623.85158623246
v 7929.39409403145 -2043.51779347225 -4097.47886156335
v 8597.35440735411 -2396.6104272427 -4002.2238810178
v 8943.60933681342 -1645.60661110756 -3528.50375885805
cstype bspline
deg 1
curv 0 5 5541 5542 5543 5544 5545
parm u 0 0 1 2 3 4
end
v 8946.56162111556 -1646.31425356981 -3574.22094915341
v 8278.53344351889 -1293.36881287713 -3669.5687765278
v 7949.17687237088 -2007.72121845177 -4120.16982749906
v 8617.13718569358 -2360.8138522222 -4024.91484695349
v 8946.56162111556 -1646.31425356981 -3574.22094915341
cstype bspline
deg 1
curv 0 5 5546 5547 5548 5549 5550
parm u 0 0 1 2 3 4
end
v 8597.35440735495 -2396.61042724119 -4002.22388101878
v 7929.39409403062 -2043.51779347373 -4097.47886156242
v 7969.09546526451 -2041.74167427779 -4633.25542008218
v 8644.11423100579 -2394.51853424599 -4633.25542008218
v 8597.35440735495 -2396.61042724119 -4002.22388101878
cstype bspline
deg 1
curv 0 5 5551 5552 5553 5554 5555
parm u 0 0 1 2 3 4
end
v 8617.12977870885 -2360.82725502536 -4024.9063510974
v 7949.16946538452 -2007.7346212579 -4120.16133164105
v 7987.19005168899 -2006.03369529295 -4633.25542008218
v 8662.20881743028 -2358.81055526115 -4633.25542008218
v 8617.12977870885 -2360.82725502536 -4024.9063510974
cstype bspline
deg 1
curv 0 5 5556 5557 5558 5559 5560
parm u 0 0 1 2 3 4
end
v 8370.10242686613 -2303.85871819765 -3148.37243125852
v 8551.08354823193 -2312.40073334458 -3981.67727088589
v 8832.96893354278 -1605.27730780069 -3552.53045604973
v 8640.66428789344 -1592.86083129514 -2659.08100248098
v 8370.10242686613 -2303.85871819765 -3148.37243125852
cstype bspline
deg 1
curv 0 5 5561 5562 5563 5564 5565
parm u 0 0 1 2 3 4
end
v 8404.09240646332 -2322.25219866014 -3137.59295576793
v 8586.30715514101 -2330.85243901366 -3976.57787739246
v 8868.10397773443 -1623.95117742498 -3547.56589185246
v 8674.5775870941 -1611.45581687623 -2648.4401979052
v 8404.09240646332 -2322.25219866014 -3137.59295576793
cstype bspline
deg 1
curv 0 5 5566 5567 5568 5569 5570
parm u 0 0 1 2 3 4
end
v 7860.25273290832 -2027.95651126074 -3310.06456361735
v 8022.72944459575 -2035.62514830852 -4058.16817328728
v 8305.94327066796 -1325.16926343626 -3626.99891900891
v 8131.96479988363 -1313.93604757881 -2818.69307111781
v 7860.25273290832 -2027.95651126074 -3310.06456361735
cstype bspline
deg 1
curv 0 5 5571 5572 5573 5574 5575
parm u 0 0 1 2 3 4
end
v 7894.2427125055 -2046.34999172317 -3299.28508812677
v 8057.95305150482 -2054.07685397757 -4053.06877979386
v 8341.07831485961 -1343.84313306052 -3622.03435481163
v 8165.87809908428 -1332.53103315987 -2808.05226654203
v 7894.2427125055 -2046.34999172317 -3299.28508812677
cstype bspline
deg 1
curv 0 5 5576 5577 5578 5579 5580
parm u 0 0 1 2 3 4
end
v 8715.85242425882 -1638.72877054629 -2587.89999910201
v 8071.49973944642 -1285.42404450566 -2790.07528604198
v 7786.03011473431 -2035.59740291807 -3306.32632015902
v 8431.83972707908 -2385.07353170944 -3101.51628584101
v 8715.85242425882 -1638.72877054629 -2587.89999910201
cstype bspline
deg 1
curv 0 5 5581 5582 5583 5584 5585
parm u 0 0 1 2 3 4
end
v 8725.44753589506 -1639.34829524785 -2632.47899104152
v 8081.09485108266 -1286.04356920719 -2834.65427798149
v 7809.28036927429 -2000.33316442755 -3326.21098025089
v 8455.08998161906 -2349.80929321892 -3121.40094593287
v 8725.44753589506 -1639.34829524785 -2632.47899104152
cstype bspline
deg 1
curv 0 5 5586 5587 5588 5589 5590
parm u 0 0 1 2 3 4
end
v 8431.83972708061 -2385.07353170717 -3101.5162858423
v 7786.03011473282 -2035.59740292031 -3306.32632015775
v 7955.67984165299 -2043.60459464332 -4087.45717743812
v 8624.92837292547 -2394.18700235567 -3990.56870106302
v 8431.83972708061 -2385.07353170717 -3101.5162858423
cstype bspline
deg 1
curv 0 5 5591 5592 5593 5594 5595
parm u 0 0 1 2 3 4
end
v 8455.06841975078 -2349.84199664003 -3121.3825052564
v 7809.258807403 -2000.36586785322 -3326.19253957185
v 7969.89403423213 -2007.94758980491 -4065.81726352742
v 8639.14256550462 -2358.52999751724 -3968.92878715232
v 8455.06841975078 -2349.84199664003 -3121.3825052564
cstype bspline
deg 1
curv 0 5 5596 5597 5598 5599 5600
parm u 0 0 1 2 3 4
end
v 8056.2887454556 -2286.87470315289 -2246.61631690134
v 8393.687492644 -2302.17392041688 -3084.3199686827
v 8601.84727555314 -1592.3511032211 -2631.26253470868
v 8242.22165434171 -1573.57219288635 -1735.04022731683
v 8056.2887454556 -2286.87470315289 -2246.61631690134
cstype bspline
deg 1
curv 0 5 5601 5602 5603 5604 5605
parm u 0 0 1 2 3 4
end
v 8088.00687389924 -2304.84827207337 -2229.79721582612
v 8427.75985133858 -2320.25424100849 -3073.34602054526
v 8635.74750991561 -1611.01836609622 -2620.6632132505
v 8273.79069195148 -1592.11772546137 -1718.63133498976
v 8088.00687389924 -2304.84827207337 -2229.79721582612
cstype bspline
deg 1
curv 0 5 5606 5607 5608 5609 5610
parm u 0 0 1 2 3 4
end
v 7580.51681880089 -2017.27116934603 -2498.90283302962
v 7882.60211222547 -2030.96911154312 -3248.92919074428
v 8093.34376011613 -1312.34216009433 -2790.25235658138
v 7768.68609019533 -1295.38920426101 -1981.17361222291
v 7580.51681880089 -2017.27116934603 -2498.90283302962
cstype bspline
deg 1
curv 0 5 5611 5612 5613 5614 5615
parm u 0 0 1 2 3 4
end
v 7612.23494724453 -2035.24473826651 -2482.0837319544
v 7916.67447092004 -2049.04943213472 -3237.95524260684
v 8127.2439944786 -1331.00942296948 -2779.6530351232
v 7800.25512780509 -1313.93473683603 -1964.76471989584
v 7612.23494724453 -2035.24473826651 -2482.0837319544
cstype bspline
deg 1
curv 0 5 5616 5617 5618 5619 5620
parm u 0 0 1 2 3 4
end
v 8304.25350844575 -1619.05402462269 -1651.92461657266
v 7704.44179386037 -1266.68890569729 -1963.693570787
v 7506.65685359219 -2025.45987976209 -2507.87935762413
v 8109.30129402188 -2366.95768924916 -2188.3164371938
v 8304.25350844575 -1619.05402462269 -1651.92461657266
cstype bspline
deg 1
curv 0 5 5621 5622 5623 5624 5625
parm u 0 0 1 2 3 4
end
v 8321.14424836609 -1619.93602432389 -1694.01799649916
v 7721.3325337807 -1267.57090539849 -2005.78695071351
v 7532.95138567553 -1990.2657023299 -2524.09912942583
v 8135.59582610522 -2331.76351181697 -2204.53620899552
v 8321.14424836609 -1619.93602432389 -1694.01799649916
cstype bspline
deg 1
curv 0 5 5626 5627 5628 5629 5630
parm u 0 0 1 2 3 4
end
v 8109.30129402127 -2366.95768924995 -2188.31643719344
v 7506.65685359278 -2025.45987976133 -2507.87935762449
v 7820.97625875158 -2039.71257308006 -3288.28093208631
v 8468.35107394837 -2383.23866432015 -3079.77591747498
v 8109.30129402127 -2366.95768924995 -2188.31643719344
cstype bspline
deg 1
curv 0 5 5631 5632 5633 5634 5635
parm u 0 0 1 2 3 4
end
v 8135.56283960491 -2331.80766292568 -2204.51586128574
v 7532.91839917641 -1990.30985343701 -2524.07878171679
v 7831.49357418362 -2003.84863065573 -3265.39011295043
v 8478.86838938041 -2347.37472189585 -3056.88509833911
v 8135.56283960491 -2331.80766292568 -2204.51586128574
cstype bspline
deg 1
curv 0 5 5636 5637 5638 5639 5640
parm u 0 0 1 2 3 4
end
v 7561.55440951365 -2262.94052000029 -1372.27934709278
v 8070.69998117106 -2283.02989791389 -2177.4819447174
v 8197.99931262391 -1572.79410649056 -1715.30531972101
v 7656.69285501624 -1546.65112723986 -854.802603446073
v 7561.55440951365 -2262.94052000029 -1372.27934709278
cstype bspline
deg 1
curv 0 5 5641 5642 5643 5644 5645
parm u 0 0 1 2 3 4
end
v 7589.92341015971 -2280.2694655325 -1349.74642735982
v 8102.48486451706 -2300.49362407133 -2160.35116884324
v 8229.57781244881 -1591.40929952348 -1698.92384581209
v 7684.91256048356 -1565.10410367633 -833.0817295956
v 7589.92341015971 -2280.2694655325 -1349.74642735982
cstype bspline
deg 1
curv 0 5 5646 5647 5648 5649 5650
parm u 0 0 1 2 3 4
end
v 7136.01939982276 -2003.00633701653 -1710.27314308724
v 7593.92673098118 -2021.07400555207 -2434.44358282978
v 7724.32181525035 -1293.56621099677 -1961.02742835475
v 7233.39727300647 -1269.85648069304 -1180.61571120307
v 7136.01939982276 -2003.00633701653 -1710.27314308724
cstype bspline
deg 1
curv 0 5 5651 5652 5653 5654 5655
parm u 0 0 1 2 3 4
end
v 7164.38840046883 -2020.3352825488 -1687.74022335427
v 7625.71161432717 -2038.53773170954 -2417.31280695562
v 7755.90031507526 -1312.18140402969 -1944.64595444583
v 7261.61697847379 -1288.30945712951 -1158.8948373526
v 7164.38840046883 -2020.3352825488 -1687.74022335427
cstype bspline
deg 1
curv 0 5 5656 5657 5658 5659 5660
parm u 0 0 1 2 3 4
end
v 7703.25269985042 -1591.62497347224 -762.364978574382
v 7167.07829597138 -1241.01842117956 -1175.06158173325
v 7064.64817187369 -2012.2062517429 -1732.19920143465
v 7603.65918414937 -2341.45621685154 -1304.0737265054
v 7703.25269985042 -1591.62497347224 -762.364978574382
cstype bspline
deg 1
curv 0 5 5661 5662 5663 5664 5665
parm u 0 0 1 2 3 4
end
v 7727.24211868453 -1592.78356833104 -800.500418819901
v 7191.06771480549 -1242.17701603833 -1213.19702197877
v 7093.47329262467 -1976.95725163532 -1744.03230651004
v 7632.48430490033 -2306.20721674396 -1315.90683158079
v 7727.24211868453 -1592.78356833104 -800.500418819901
cstype bspline
deg 1
curv 0 5 5666 5667 5668 5669 5670
parm u 0 0 1 2 3 4
end
v 7603.65918414771 -2341.45621685358 -1304.0737265047
v 7064.64817187529 -2012.20625174095 -1732.19920143531
v 7539.78344423987 -2030.95368386639 -2483.61525379465
v 8143.69622781374 -2362.76448085799 -2158.13051218563
v 7603.65918414771 -2341.45621685358 -1304.0737265047
cstype bspline
deg 1
curv 0 5 5671 5672 5673 5674 5675
parm u 0 0 1 2 3 4
end
v 7632.43997454962 -2306.26142642277 -1315.88863336738
v 7093.42896227719 -1977.01146131015 -1744.01410829798
v 7546.24940596219 -1994.87841631591 -2460.13974664102
v 8150.16218953605 -2326.68921330752 -2134.655005032
v 7632.43997454962 -2306.26142642277 -1315.88863336738
cstype bspline
deg 1
curv 0 5 5676 5677 5678 5679 5680
parm u 0 0 1 2 3 4
end
v 6887.33720715431 -2232.78844584015 -562.00801479022
v 7563.16271185918 -2255.77748418931 -1301.46305684398
v 7610.21739692817 -1547.11234280205 -843.289746562511
v 6893.08419418814 -1513.22243727458 -51.8240935111517
v 6887.33720715431 -2232.78844584015 -562.00801479022
cstype bspline
deg 1
curv 0 5 5681 5682 5683 5684 5685
parm u 0 0 1 2 3 4
end
v 6911.64874868366 -2249.29608679508 -534.631605485903
v 7591.53807236767 -2272.42336096059 -1278.53307847959
v 7638.46739526466 -1565.64623138797 -821.580424573679
v 6917.38104465261 -1531.56951006755 -25.751871087391
v 6911.64874868366 -2249.29608679508 -534.631605485903
cstype bspline
deg 1
curv 0 5 5686 5687 5688 5689 5690
parm u 0 0 1 2 3 4
end
v 6522.66408421391 -1985.17383151644 -972.654154355027
v 7137.53230423177 -2006.08933262029 -1645.41273230981
v 7186.46742188075 -1269.10401401334 -1168.92957639501
v 6528.63143722107 -1238.01634538008 -442.907429867641
v 6522.66408421391 -1985.17383151644 -972.654154355027
cstype bspline
deg 1
curv 0 5 5691 5692 5693 5694 5695
parm u 0 0 1 2 3 4
end
v 6546.97562574327 -2001.68147247136 -945.277745050706
v 7165.90766474026 -2022.73520939157 -1622.48275394542
v 7214.71742021725 -1287.63790259924 -1147.22025440617
v 6552.92828768554 -1256.36341817304 -416.835207443874
v 6546.97562574327 -2001.68147247136 -945.277745050706
cstype bspline
deg 1
curv 0 5 5696 5697 5698 5699 5700
parm u 0 0 1 2 3 4
end
v 6923.70580424612 -1557.6666996729 46.599037089185
v 6462.06564542117 -1209.07231660656 -448.773188962359
v 6455.78256742946 -1995.7609458619 -1006.54813236086
v 6917.70185648733 -2309.40612400038 -486.396355575351
v 6923.70580424612 -1557.6666996729 46.599037089185
cstype bspline
deg 1
curv 0 5 5701 5702 5703 5704 5705
parm u 0 0 1 2 3 4
end
v 6953.82632034932 -1559.09011925699 13.3564625482559
v 6492.18616152437 -1210.49573619064 -482.015763503288
v 6486.19727904262 -1960.34887450159 -1013.67374891805
v 6948.11656810048 -2273.99405264005 -493.521972132505
v 6953.82632034932 -1559.09011925699 13.3564625482559
cstype bspline
deg 1
curv 0 5 5706 5707 5708 5709 5710
parm u 0 0 1 2 3 4
end
v 6917.70185648527 -2309.40612400277 -486.396355574885
v 6455.78256743146 -1995.7609458596 -1006.54813236135
v 7092.55890122647 -2017.42167848293 -1703.27749135596
v 7631.69075088785 -2333.69333713697 -1267.60790243258
v 6917.70185648527 -2309.40612400277 -486.396355574885
cstype bspline
deg 1
curv 0 5 5711 5712 5713 5714 5715
parm u 0 0 1 2 3 4
end
v 6948.06356669067 -2274.05576256948 -493.509554861302
v 6486.14427763685 -1960.41058442628 -1013.66133164777
v 7094.96926346903 -1981.12051746342 -1679.80769985639
v 7634.10111313041 -2297.39217611746 -1244.13811093301
v 6948.06356669067 -2274.05576256948 -493.509554861302
cstype bspline
deg 1
curv 0 5 5716 5717 5718 5719 5720
parm u 0 0 1 2 3 4
end
v 6049.71475235227 -2197.33853743994 160.211360073121
v 6875.39804252236 -2222.0031948504 -493.178570162672
v 6846.58436404363 -1515.81918059016 -47.568134404657
v 5970.42260665126 -1475.19300000783 654.431341582498
v 6049.71475235227 -2197.33853743994 160.211360073121
cstype bspline
deg 1
curv 0 5 5721 5722 5723 5724 5725
parm u 0 0 1 2 3 4
end
v 6069.6922431865 -2212.91742028945 191.386169821351
v 6899.63033091291 -2237.7091762198 -465.370719527691
v 6870.92880191615 -1534.27379301091 -21.4947023571913
v 5990.69512354775 -1493.45880414578 683.767283511635
v 6069.6922431865 -2212.91742028945 191.386169821351
cstype bspline
deg 1
curv 0 5 5726 5727 5728 5729 5730
parm u 0 0 1 2 3 4
end
v 5750.05238983888 -1963.65529469709 -307.410786150154
v 6511.91371666404 -1986.41347430923 -910.296329687189
v 6481.41779595586 -1238.99999427862 -438.669615116571
v 5666.33485320394 -1201.20593793865 214.39221264554
v 5750.05238983888 -1963.65529469709 -307.410786150154
cstype bspline
deg 1
curv 0 5 5731 5732 5733 5734 5735
parm u 0 0 1 2 3 4
end
v 5770.02988067311 -1979.23417754663 -276.235976401935
v 6536.1460050546 -2002.11945567865 -882.488479052223
v 6505.76223382838 -1257.45460669941 -412.596183069116
v 5686.60737010042 -1219.47174207662 243.72815457467
v 5770.02988067311 -1979.23417754663 -276.235976401935
cstype bspline
deg 1
curv 0 5 5736 5737 5738 5739 5740
parm u 0 0 1 2 3 4
end
v 5986.08468321893 -1519.23372688142 755.829338460593
v 5600.90686218566 -1172.18344826048 198.446441807111
v 5689.15135117119 -1975.86158511107 -351.572596385908
v 6068.72367702143 -2271.86035925147 240.748788830599
v 5986.08468321893 -1519.23372688142 755.829338460593
cstype bspline
deg 1
curv 0 5 5741 5742 5743 5744 5745
parm u 0 0 1 2 3 4
end
v 6021.10389889248 -1520.85751035268 727.771196405323
v 5635.92607785921 -1173.80723173174 170.388299751838
v 5720.07851852445 -1940.21743482508 -354.125412190879
v 6099.65084437467 -2236.21620896549 238.195973025599
v 6021.10389889248 -1520.85751035268 727.771196405323
cstype bspline
deg 1
curv 0 5 5746 5747 5748 5749 5750
parm u 0 0 1 2 3 4
end
v 6068.72367702121 -2271.8603592517 240.748788830591
v 5689.15135117139 -1975.86158511083 -351.57259638593
v 6477.05631892521 -1999.39773551258 -975.067316506829
v 6937.46979834573 -2297.81138153136 -446.718154442438
v 6068.72367702121 -2271.8603592517 240.748788830591
cstype bspline
deg 1
curv 0 5 5751 5752 5753 5754 5755
parm u 0 0 1 2 3 4
end
v 6099.59222795116 -2236.28376551167 238.200811390863
v 5720.01990210134 -1940.28499137075 -354.120573825654
v 6475.56528407822 -1962.8545022551 -952.008105639645
v 6935.97876349873 -2261.26814827393 -423.658943575247
v 6099.59222795116 -2236.28376551167 238.200811390863
cstype bspline
deg 1
curv 0 5 5756 5757 5758 5759 5760
parm u 0 0 1 2 3 4
end
v 5068.18521788295 -2158.102360611 782.661247818556
v 6025.63060928814 -2183.26169824609 224.968288398704
v 5924.89027816201 -1479.93638914396 652.452605236111
v 4907.36666252092 -1434.8689989509 1254.78767136443
v 5068.18521788295 -2158.102360611 782.661247818556
cstype bspline
deg 1
curv 0 5 5761 5762 5763 5764 5765
parm u 0 0 1 2 3 4
end
v 5083.83712673939 -2172.69414500432 816.683290387042
v 6045.43615267026 -2197.96263005858 256.570921200568
v 5945.22401116524 -1498.32491185848 681.813903541497
v 4923.8246453202 -1453.08585985433 1286.44326556572
v 5083.83712673939 -2172.69414500432 816.683290387042
cstype bspline
deg 1
curv 0 5 5766 5767 5768 5769 5770
parm u 0 0 1 2 3 4
end
v 4833.40658503634 -1939.22559471091 272.330609291355
v 5728.54745855644 -1962.74772105884 -249.071203629203
v 5619.8842831137 -1204.10854842598 212.033130655393
v 4660.49692053175 -1161.6160853999 779.9537583446
v 4833.40658503634 -1939.22559471091 272.330609291355
cstype bspline
deg 1
curv 0 5 5771 5772 5773 5774 5775
parm u 0 0 1 2 3 4
end
v 4849.05849389278 -1953.81737910424 306.352651859837
v 5748.35300193856 -1977.4486528713 -217.468570827343
v 5640.21801611693 -1222.4970711405 241.394428960772
v 4676.95490333102 -1179.83294630333 811.609352545907
v 4849.05849389278 -1953.81737910424 306.352651859837
cstype bspline
deg 1
curv 0 5 5776 5777 5778 5779 5780
parm u 0 0 1 2 3 4
end
v 4909.67503883648 -1478.69103060631 1356.9164273596
v 4596.9733656502 -1132.57067344172 755.460137534516
v 4779.44714586667 -1953.19193311961 219.758936572041
v 5076.83341413974 -2230.43583659618 866.177745371104
v 4909.67503883648 -1478.69103060631 1356.9164273596
cstype bspline
deg 1
curv 0 5 5781 5782 5783 5784 5785
parm u 0 0 1 2 3 4
end
v 4948.51161951911 -1480.41115120941 1333.9266568677
v 4635.80994633283 -1134.29079404482 732.470367042617
v 4809.91210961925 -1917.26321002297 221.346314852424
v 5107.29837789232 -2194.50711349951 867.765123651501
v 4948.51161951911 -1480.41115120941 1333.9266568677
cstype bspline
deg 1
curv 0 5 5786 5787 5788 5789 5790
parm u 0 0 1 2 3 4
end
v 5076.83341414102 -2230.43583659464 866.177745371187
v 4779.44714586539 -1953.19193312112 219.758936571972
v 5704.109233297 -1977.48980521379 -318.838398202643
v 6080.41455755715 -2256.80750965097 281.6116250327
v 5076.83341414102 -2230.43583659464 866.177745371187
cstype bspline
deg 1
curv 0 5 5791 5792 5793 5794 5795
parm u 0 0 1 2 3 4
end
v 5107.23677359843 -2194.57976625679 867.761913757062
v 4809.8505053228 -1917.33586278325 221.343104957843
v 5698.83914348328 -1940.69632334012 -296.47515283199
v 6075.14446774342 -2220.0140277773 303.974870403355
v 5107.23677359843 -2194.57976625679 867.761913757062
cstype bspline
deg 1
curv 0 5 5796 5797 5798 5799 5800
parm u 0 0 1 2 3 4
end
v 3959.10300504279 -2117.37554215937 1300.3863943648
v 5033.75188122188 -2141.27040215832 842.764742330139
v 4863.16381454888 -1441.2878722701 1247.2774856679
v 3718.46936664304 -1395.03067643492 1744.64449298954
v 3959.10300504279 -2117.37554215937 1300.3863943648
cstype bspline
deg 1
curv 0 5 5801 5802 5803 5804 5805
parm u 0 0 1 2 3 4
end
v 3970.55959051154 -2130.95122786096 1336.48061872201
v 5049.13816391022 -2154.93346483202 877.185569381967
v 4879.68506954748 -1459.60812348334 1279.00697110488
v 3731.45895960528 -1413.20821289773 1777.9084771577
v 3970.55959051154 -2130.95122786096 1336.48061872201
cstype bspline
deg 1
curv 0 5 5806 5807 5808 5809 5810
parm u 0 0 1 2 3 4
end
v 3787.2542230115 -1913.74025663533 758.973029006602
v 4802.95764089673 -1936.32446205238 326.452336552602
v 4615.34498956985 -1166.48410407139 771.335204113224
v 3523.62547220925 -1122.36762949248 1245.68473046731
v 3787.2542230115 -1913.74025663533 758.973029006602
cstype bspline
deg 1
curv 0 5 5811 5812 5813 5814 5815
parm u 0 0 1 2 3 4
end
v 3798.71080848026 -1927.31594233692 795.067253363815
v 4818.34392358508 -1949.98752472608 360.873163604436
v 4631.86624456845 -1184.80435528464 803.064689550207
v 3536.61506517151 -1140.54516595532 1278.94871463546
v 3798.71080848026 -1927.31594233692 795.067253363815
cstype bspline
deg 1
curv 0 5 5816 5817 5818 5819 5820
parm u 0 0 1 2 3 4
end
v 3709.08332159186 -1438.78295047441 1845.99253549652
v 3462.28105530907 -1093.40975768067 1213.97683630168
v 3740.82858183789 -1929.56623599512 699.722074019686
v 3958.50370574588 -2187.50426433067 1385.51233680361
v 3709.08332159186 -1438.78295047441 1845.99253549652
cstype bspline
deg 1
curv 0 5 5821 5822 5823 5824 5825
parm u 0 0 1 2 3 4
end
v 3750.94334904867 -1440.47451759197 1827.80445340994
v 3504.14108276587 -1095.10132479822 1195.78875421508
v 3770.04301284343 -1893.29768360767 704.880306574567
v 3987.71813675143 -2151.23571194318 1390.67056935853
v 3750.94334904867 -1440.47451759197 1827.80445340994
cstype bspline
deg 1
curv 0 5 5826 5827 5828 5829 5830
parm u 0 0 1 2 3 4
end
v 3958.50370574787 -2187.50426432819 1385.51233680397
v 3740.82858183591 -1929.56623599763 699.722074019317
v 4788.9050829284 -1952.87025819215 253.415833422898
v 5081.24445400693 -2212.46844899299 907.411547407784
v 3958.50370574787 -2187.50426432819 1385.51233680397
cstype bspline
deg 1
curv 0 5 5831 5832 5833 5834 5835
parm u 0 0 1 2 3 4
end
v 3987.65604980391 -2151.31279041542 1390.65960700522
v 3769.98092589195 -1893.37476208486 704.869344220573
v 4779.87821686422 -1915.82986804176 274.821095974843
v 5072.21758794274 -2175.42805884263 928.816809959728
v 3987.65604980391 -2151.31279041542 1390.65960700522
cstype bspline
deg 1
curv 0 5 5836 5837 5838 5839 5840
parm u 0 0 1 2 3 4
end
v 2734.28571798987 -2078.31245434715 1710.22577091345
v 3915.61412697457 -2098.28489823648 1355.98498486339
v 3675.76950822989 -1402.5844871602 1732.02340095757
v 2414.09409228844 -1359.31786263565 2120.00273794318
v 2734.28571798987 -2078.31245434715 1710.22577091345
cstype bspline
deg 1
curv 0 5 5841 5842 5843 5844 5845
parm u 0 0 1 2 3 4
end
v 2741.6953990841 -2090.86799870993 1747.77281974892
v 3926.71378765301 -2110.90282822348 1392.42553252739
v 3688.79785130828 -1420.79681049028 1765.44007975754
v 2423.97485142385 -1377.42224589581 2154.38733409803
v 2741.6953990841 -2090.86799870993 1747.77281974892
cstype bspline
deg 1
curv 0 5 5846 5847 5848 5849 5850
parm u 0 0 1 2 3 4
end
v 2623.14050157652 -1889.97928890566 1147.02003838142
v 3749.11921679793 -1909.01594843177 809.376769903281
v 3480.3443620539 -1129.3996372089 1230.77321895797
v 2265.88270525725 -1087.75211373324 1604.23379562049
v 2623.14050157652 -1889.97928890566 1147.02003838142
cstype bspline
deg 1
curv 0 5 5851 5852 5853 5854 5855
parm u 0 0 1 2 3 4
end
v 2630.55018267074 -1902.53483326844 1184.56708721689
v 3760.21887747637 -1921.63387841874 845.817317567287
v 3493.3727051323 -1147.61196053898 1264.18989775795
v 2275.76346439266 -1105.85649699342 1638.61839177533
v 2630.55018267074 -1902.53483326844 1184.56708721689
cstype bspline
deg 1
curv 0 5 5856 5857 5858 5859 5860
parm u 0 0 1 2 3 4
end
v 2394.43567673277 -1403.05757292852 2219.60552209072
v 2206.70125315992 -1059.07429098547 1566.29819514864
v 2584.63626118959 -1907.73242249188 1082.62201846696
v 2725.42020197816 -2146.28776538066 1796.01594634302
v 2394.43567673277 -1403.05757292852 2219.60552209072
cstype bspline
deg 1
curv 0 5 5861 5862 5863 5864 5865
parm u 0 0 1 2 3 4
end
v 2438.79599012698 -1404.57882078606 2205.96422833029
v 2251.06156655413 -1060.59553884302 1552.6569013882
v 2611.98954408209 -1871.06415516452 1090.74609524645
v 2752.77348487066 -2109.6194980533 1804.14002312252
v 2438.79599012698 -1404.57882078606 2205.96422833029
cstype bspline
deg 1
curv 0 5 5866 5867 5868 5869 5870
parm u 0 0 1 2 3 4
end
v 2725.42020197682 -2146.28776538253 1796.01594634259
v 2584.636261191 -1907.73242249005 1082.62201846735
v 3745.31753512013 -1927.35579008254 734.572616029278
v 3956.21108801055 -2167.09645983519 1426.94302164542
v 2725.42020197682 -2146.28776538253 1796.01594634259
cstype bspline
deg 1
curv 0 5 5871 5872 5873 5874 5875
parm u 0 0 1 2 3 4
end
v 2752.71366596871 -2109.69968789734 1804.12225657674
v 2611.92972518289 -1871.14434500487 1090.7283287015
v 3732.46972578026 -1890.08905345129 754.715948407262
v 3943.36327867068 -2129.82972320396 1447.08635402341
v 2752.71366596871 -2109.69968789734 1804.12225657674
cstype bspline
deg 1
curv 0 5 5876 5877 5878 5879 5880
parm u 0 0 1 2 3 4
end
v 1401.82777326181 -2045.02787916103 2007.73931299984
v 2682.42151852376 -2057.49614225264 1761.6329614493
v 2372.92585582465 -1367.30777276552 2102.56754028221
v 1001.21126994717 -1332.24791160724 2375.07538805583
v 1401.82777326181 -2045.02787916103 2007.73931299984
cstype bspline
deg 1
curv 0 5 5881 5882 5883 5884 5885
parm u 0 0 1 2 3 4
end
v 1405.30121952016 -2056.58612183528 2046.22730801263
v 2689.39084201409 -2069.08842188609 1799.4491137374
v 2382.77079436756 -1385.31279514017 2137.21596931925
v 1008.26806234847 -1350.18167133175 2410.27771636036
v 1405.30121952016 -2056.58612183528 2046.22730801263
cstype bspline
deg 1
curv 0 5 5886 5887 5888 5889 5890
parm u 0 0 1 2 3 4
end
v 1349.72607938666 -1871.65423904741 1430.41938780799
v 2577.88166616881 -1883.61194775093 1194.39067712774
v 2225.25177768113 -1097.23243714584 1582.84110472655
v 895.359383927847 -1063.24151573953 1847.04046348775
v 1349.72607938666 -1871.65423904741 1430.41938780799
cstype bspline
deg 1
curv 0 5 5891 5892 5893 5894 5895
parm u 0 0 1 2 3 4
end
v 1353.199525645 -1883.21248172165 1468.90738282078
v 2584.85098965914 -1895.20422738438 1232.20682941585
v 2235.09671622403 -1115.23745952049 1617.48953376358
v 902.416176329141 -1081.17527546405 1882.24279179227
v 1353.199525645 -1883.21248172165 1468.90738282078
cstype bspline
deg 1
curv 0 5 5896 5897 5898 5899 5900
parm u 0 0 1 2 3 4
end
v 972.300824261278 -1375.89247038381 2472.32941667055
v 838.221768636817 -1035.1510356181 1803.48517888428
v 1319.45157669911 -1891.35881572336 1362.23259085819
v 1385.44705560607 -2110.96542653124 2093.50449610261
v 972.300824261278 -1375.89247038381 2472.32941667055
cstype bspline
deg 1
curv 0 5 5901 5902 5903 5904 5905
parm u 0 0 1 2 3 4
end
v 1018.85325095039 -1377.08231091851 2463.08120881718
v 884.774195325928 -1036.3408761528 1794.23697103091
v 1344.46980302754 -1854.23484115716 1372.7296720144
v 1410.46528193452 -2073.84145196501 2104.00157725882
v 1018.85325095039 -1377.08231091851 2463.08120881718
cstype bspline
deg 1
curv 0 5 5906 5907 5908 5909 5910
parm u 0 0 1 2 3 4
end
v 1385.44705560517 -2110.96542653255 2093.50449610223
v 1319.45157670001 -1891.35881572202 1362.23259085858
v 2584.22085172254 -1903.67300679898 1119.16740880481
v 2716.63799803881 -2123.92631983443 1837.67430227877
v 1385.44705560517 -2110.96542653255 2093.50449610223
cstype bspline
deg 1
curv 0 5 5911 5912 5913 5914 5915
parm u 0 0 1 2 3 4
end
v 1410.41065938912 -2073.92250511239 2103.97865887586
v 1344.41518048396 -1854.31589430184 1372.70675363221
v 2567.42768093331 -1866.22352830079 1137.66644869559
v 2699.84482724959 -2086.47684133623 1856.17334216955
v 1410.41065938912 -2073.92250511239 2103.97865887586
cstype bspline
deg 1
curv 0 5 5916 5917 5918 5919 5920
parm u 0 0 1 2 3 4
end
v -52.4999237708689 -2022.86259994956 2187.09199726949
v 1341.59614891429 -2022.78866148114 2055.01293540362
v 961.471649782994 -1339.96949729227 2353.20461834368
v -496.264923606079 -1319.44554930841 2499.22300181142
v -52.4999237708689 -2022.86259994956 2187.09199726949
cstype bspline
deg 1
curv 0 5 5921 5922 5923 5924 5925
parm u 0 0 1 2 3 4
end
v -52.7412591634129 -2033.48256846299 2226.0517087177
v 1344.56363177068 -2033.40845980894 2093.66863788694
v 968.331890703954 -1357.58187256291 2388.80661584032
v -492.119066292889 -1337.01970788819 2535.09689336201
v -52.7412591634129 -2033.48256846299 2226.0517087177
cstype bspline
deg 1
curv 0 5 5926 5927 5928 5929 5930
parm u 0 0 1 2 3 4
end
v -48.8798928826982 -1863.56307224871 1602.69632554637
v 1297.08390606842 -1863.49168656461 1475.17739815389
v 858.568035968423 -1075.78386823265 1819.17465589411
v -558.452783304052 -1055.83317061164 1961.11462855272
v -48.8798928826982 -1863.56307224871 1602.69632554637
cstype bspline
deg 1
curv 0 5 5931 5932 5933 5934 5935
parm u 0 0 1 2 3 4
end
v -49.1212282752422 -1874.18304076209 1641.65603699457
v 1300.05138892481 -1874.11148489238 1513.8331006372
v 865.428276889383 -1093.39624350329 1854.77665339075
v -554.306925990848 -1073.40732919142 1996.9885201033
v -49.1212282752422 -1874.18304076209 1641.65603699457
cstype bspline
deg 1
curv 0 5 5936 5937 5938 5939 5940
parm u 0 0 1 2 3 4
end
v -533.319653893526 -1362.71331295345 2593.65762885208
v -612.090942844286 -1028.80429993753 1912.05368939104
v -71.8308798582257 -1885.17679489768 1532.05094866938
v -76.4162523176892 -2086.95619665031 2272.28546618613
v -533.319653893526 -1362.71331295345 2593.65762885208
cstype bspline
deg 1
curv 0 5 5941 5942 5943 5944 5945
parm u 0 0 1 2 3 4
end
v -485.900280323112 -1363.38094575785 2588.90773068789
v -564.671569273869 -1029.47193274193 1907.30379122686
v -48.5722210936328 -1847.54699830496 1544.29497338238
v -53.1575935531109 -2049.32640005762 2284.52949089913
v -485.900280323112 -1363.38094575785 2588.90773068789
cstype bspline
deg 1
curv 0 5 5946 5947 5948 5949 5950
parm u 0 0 1 2 3 4
end
v -76.4162523182422 -2086.95619665121 2272.28546618583
v -71.8308798576618 -1885.17679489678 1532.05094866966
v 1313.53188938892 -1885.10331961527 1400.79929500597
v 1369.91406366036 -2086.8794878429 2135.25764218897
v -76.4162523182422 -2086.95619665121 2272.28546618583
cstype bspline
deg 1
curv 0 5 5951 5952 5953 5954 5955
parm u 0 0 1 2 3 4
end
v -53.2108278488886 -2049.41252693799 2284.50146683981
v -48.6254553883118 -1847.63312518355 1544.26694932364
v 1292.63268178383 -1847.56198907294 1417.19384442891
v 1349.01485605527 -2049.33815730058 2151.65219161191
v -53.2108278488886 -2049.41252693799 2284.50146683981
cstype bspline
deg 1
curv 0 5 5956 5957 5958 5959 5960
parm u 0 0 1 2 3 4
end
v -1651.59173344358 -2018.60000339226 2228.68818201702
v -119.011288673664 -1999.07248342014 2230.44469215232
v -534.513365489336 -1326.22562317559 2472.52882202031
v -2139.40304143266 -1326.22565307119 2478.00365939719
v -1651.59173344358 -2018.60000339226 2228.68818201702
cstype bspline
deg 1
curv 0 5 5961 5962 5963 5964 5965
parm u 0 0 1 2 3 4
end
v -1655.53699136074 -2028.33803201627 2267.70049090196
v -119.77844313925 -2008.77001793575 2269.46064350245
v -530.837979883006 -1343.11722315004 2508.95641459265
v -2138.30826137168 -1343.11725309372 2514.44005531341
v -1655.53699136074 -2028.33803201627 2267.70049090196
cstype bspline
deg 1
curv 0 5 5966 5967 5968 5969 5970
parm u 0 0 1 2 3 4
end
v -1592.41286468614 -1872.52957403226 1643.50354874279
v -107.503971689875 -1853.60946568576 1645.20542190022
v -589.644149584528 -1072.85162355809 1926.1149334351
v -2155.82474234778 -1072.85165273261 1931.4577206539
v -1592.41286468614 -1872.52957403226 1643.50354874279
cstype bspline
deg 1
curv 0 5 5971 5972 5973 5974 5975
parm u 0 0 1 2 3 4
end
v -1596.3581226033 -1882.26760265627 1682.51585762774
v -108.271126155461 -1863.30700020137 1684.22137325036
v -585.968763978181 -1089.74322353257 1962.54252600746
v -2154.72996228679 -1089.7432527552 1967.89411657013
v -1596.3581226033 -1882.26760265627 1682.51585762774
cstype bspline
deg 1
curv 0 5 5976 5977 5978 5979 5980
parm u 0 0 1 2 3 4
end
v -2184.71442662475 -1368.45465402261 2569.25855878613
v -2205.51524778385 -1047.51425359384 1876.96703637795
v -1607.68184796639 -1896.04831793354 1571.42036899189
v -1682.64174839464 -2081.07086178652 2312.654237807
v -2184.71442662475 -1368.45465402261 2569.25855878613
cstype bspline
deg 1
curv 0 5 5981 5982 5983 5984 5985
parm u 0 0 1 2 3 4
end
v -2136.66609128017 -1368.45465312758 2569.09464918774
v -2157.46691243927 -1047.51425269878 1876.80312677956
v -1586.55280575131 -1857.84045308296 1585.01464069721
v -1661.51270617955 -2042.8629969359 2326.24850951233
v -2136.66609128017 -1368.45465312758 2569.09464918774
cstype bspline
deg 1
curv 0 5 5986 5987 5988 5989 5990
parm u 0 0 1 2 3 4
end
v -1682.64174839549 -2081.07086178806 2312.65423780645
v -1607.68184796553 -1896.048317932 1571.42036899245
v -83.1586882848169 -1876.62346062664 1573.1676445698
v -97.7346231309493 -2060.87661642351 2314.47072022246
v -1682.64174839549 -2081.07086178806 2312.65423780645
cstype bspline
deg 1
curv 0 5 5991 5992 5993 5994 5995
parm u 0 0 1 2 3 4
end
v -1661.55882796592 -2042.94639943767 2326.21883509126
v -1586.59892753596 -1857.92385558158 1584.98496627726
v -106.353239991498 -1839.0631639123 1586.68149487501
v -120.929174837627 -2023.31631970921 2327.98457052766
v -1661.55882796592 -2042.94639943767 2326.21883509126
cstype bspline
deg 1
curv 0 5 5996 5997 5998 5999 6000
parm u 0 0 1 2 3 4
end
v -3142.61753069454 -2031.65963406125 2128.75803215937
v -1723.3940727231 -1995.3962678391 2266.34712501794
v -2176.84031733746 -1330.71223301909 2447.23843808047
v -3627.08901638771 -1348.75376043946 2312.96366082672
v -3142.61753069454 -2031.65963406125 2128.75803215937
cstype bspline
deg 1
curv 0 5 6001 6002 6003 6004 6005
parm u 0 0 1 2 3 4
end
v -3149.98075047648 -2040.60966272015 2167.43220918558
v -1727.85349531545 -2004.27209996447 2305.3028157261
v -2176.57350230049 -1346.51601908455 2484.30871162888
v -3629.56578597963 -1364.59167751801 2349.77991296821
v -3149.98075047648 -2040.60966272015 2167.43220918558
cstype bspline
deg 1
curv 0 5 6006 6007 6008 6009 6010
parm u 0 0 1 2 3 4
end
v -3032.16923396539 -1897.40920417715 1548.64537676614
v -1656.50273383787 -1862.25878595834 1682.01176439548
v -2180.84254289268 -1093.65544203675 1891.18433485428
v -3589.93747250935 -1111.18500426097 1760.71987870439
v -3032.16923396539 -1897.40920417715 1548.64537676614
cstype bspline
deg 1
curv 0 5 6011 6012 6013 6014 6015
parm u 0 0 1 2 3 4
end
v -3039.53245374734 -1906.35923283611 1587.31955379234
v -1660.96215643022 -1871.13461808374 1720.96745510363
v -2180.57572785565 -1109.45922810223 1928.25460840268
v -3592.41424210124 -1127.02292133952 1797.53613084587
v -3039.53245374734 -1906.35923283611 1587.31955379234
cstype bspline
deg 1
curv 0 5 6016 6017 6018 6019 6020
parm u 0 0 1 2 3 4
end
v -3680.37175412658 -1388.9343769385 2400.64427449341
v -3633.31313188061 -1088.01395244576 1701.13548380513
v -3041.1701954615 -1922.69236231266 1475.99104272839
v -3181.07137131501 -2092.74290683735 2210.80040622517
v -3680.37175412658 -1388.9343769385 2400.64427449341
cstype bspline
deg 1
curv 0 5 6021 6022 6023 6024 6025
parm u 0 0 1 2 3 4
end
v -3633.28094036747 -1388.34855313585 2405.00429118044
v -3586.2223181215 -1087.42812864311 1705.49550049216
v -3021.18473424518 -1883.89912072654 1490.65704986654
v -3161.08591009867 -2053.94966525122 2225.46641336332
v -3633.28094036747 -1388.34855313585 2405.00429118044
cstype bspline
deg 1
curv 0 5 6026 6027 6028 6029 6030
parm u 0 0 1 2 3 4
end
v -3181.07137131372 -2092.74290683484 2210.80040622612
v -3041.1701954628 -1922.69236231517 1475.99104272744
v -1624.20278579165 -1886.48664163522 1613.36141904962
v -1708.93181504627 -2055.12745201748 2353.51954250475
v -3181.07137131372 -2092.74290683484 2210.80040622612
cstype bspline
deg 1
curv 0 5 6031 6032 6033 6034 6035
parm u 0 0 1 2 3 4
end
v -3161.13111031093 -2054.03740216829 2225.43324391938
v -3021.22993446003 -1883.98685764862 1490.6238804207
v -1649.81359994935 -1848.94503777026 1623.57822833322
v -1734.54262920397 -2017.58584815252 2363.73635178834
v -3161.13111031093 -2054.03740216829 2225.43324391938
cstype bspline
deg 1
curv 0 5 6036 6037 6038 6039 6040
parm u 0 0 1 2 3 4
end
v -4540.99767763285 -2055.78844431083 1901.63199067537
v -3215.31109567739 -2009.9392579199 2159.71398965294
v -3663.69029334688 -1350.11276198781 2278.60788806821
v -5017.45311211253 -1377.48279658786 2020.998318885
v -4540.99767763285 -2055.78844431083 1901.63199067537
cstype bspline
deg 1
curv 0 5 6041 6042 6043 6044 6045
parm u 0 0 1 2 3 4
end
v -4551.79996369105 -2063.9589772594 1939.61477634138
v -3223.17983616855 -2018.00833349591 2198.26787207314
v -3667.26384011623 -1364.50256483559 2316.02284092011
v -5023.84680884332 -1391.92961651497 2057.87662114602
v -4551.79996369105 -2063.9589772594 1939.61477634138
cstype bspline
deg 1
curv 0 5 6046 6047 6048 6049 6050
parm u 0 0 1 2 3 4
end
v -4378.96338675987 -1933.23045008213 1331.89020568515
v -3097.27998830979 -1888.90312428016 1581.40575334984
v -3610.08709180654 -1134.26571927109 1717.38359528959
v -4921.54766115067 -1160.78049768132 1467.82378496952
v -4378.96338675987 -1933.23045008213 1331.89020568515
cstype bspline
deg 1
curv 0 5 6051 6052 6053 6054 6055
parm u 0 0 1 2 3 4
end
v -4389.76567281807 -1941.40098303073 1369.87299135115
v -3105.14872880096 -1896.97219985613 1619.95963577004
v -3613.6606385759 -1148.65552211888 1754.79854814149
v -4927.94135788146 -1175.22731760843 1504.70208723054
v -4389.76567281807 -1941.40098303073 1369.87299135115
cstype bspline
deg 1
curv 0 5 6056 6057 6058 6059 6060
parm u 0 0 1 2 3 4
end
v -5079.32855915895 -1414.52766319693 2104.46136786104
v -4957.84832127393 -1140.03808458199 1403.77362490143
v -4381.75433337088 -1960.19413137078 1259.44486073332
v -4586.99776847904 -2115.43425739033 1981.11778838822
v -5079.32855915895 -1414.52766319693 2104.46136786104
cstype bspline
deg 1
curv 0 5 6061 6062 6063 6064 6065
parm u 0 0 1 2 3 4
end
v -5033.43735393951 -1413.59984640562 2113.19407453757
v -4911.95711605448 -1139.11026779067 1412.50633157797
v -4362.81828394098 -1920.89161448341 1274.93063965979
v -4568.06171904915 -2076.13174050295 1996.60356731469
v -5033.43735393951 -1413.59984640562 2113.19407453757
cstype bspline
deg 1
curv 0 5 6066 6067 6068 6069 6070
parm u 0 0 1 2 3 4
end
v -4586.99776847991 -2115.43425739213 1981.11778838752
v -4381.75433337001 -1960.194131369 1259.44486073403
v -3059.87376419052 -1914.47657683704 1516.78591279493
v -3209.3798335228 -2067.78901278073 2249.30967877886
v -4586.99776847991 -2115.43425739213 1981.11778838752
cstype bspline
deg 1
curv 0 5 6071 6072 6073 6074 6075
parm u 0 0 1 2 3 4
end
v -4568.1033924039 -2076.21823519317 1996.56948711432
v -4362.85995729401 -1920.97810917001 1274.89655946083
v -3085.47687757303 -1876.79951091617 1523.57492971953
v -3234.98294690532 -2030.11194685989 2256.09869570345
v -4568.1033924039 -2076.21823519317 1996.56948711432
cstype bspline
deg 1
curv 0 5 6076 6077 6078 6079 6080
parm u 0 0 1 2 3 4
end
v -5839.35127231381 -2084.11127445244 1557.54778500257
v -4615.26746889683 -2034.51750549296 1927.27601042594
v -5051.79174321926 -1376.19495260037 1981.41512540199
v -6300.99758156567 -1406.83991347731 1609.59230281892
v -5839.35127231381 -2084.11127445244 1557.54778500257
cstype bspline
deg 1
curv 0 5 6081 6082 6083 6084 6085
parm u 0 0 1 2 3 4
end
v -5853.79338531733 -2091.40119429759 1594.42814867364
v -4626.62951156171 -2041.68263625397 1965.08669352228
v -5059.50568149086 -1388.86179206046 2018.77335910477
v -6311.72426485957 -1419.58066025557 1646.05380091294
v -5853.79338531733 -2091.40119429759 1594.42814867364
cstype bspline
deg 1
curv 0 5 6086 6087 6088 6089 6090
parm u 0 0 1 2 3 4
end
v -5622.71957726108 -1974.76247677507 1004.34232993663
v -4444.83682892349 -1927.04054407787 1360.11576398092
v -4936.08266914527 -1186.19236069871 1421.04161986043
v -6140.09733215722 -1215.72871180327 1062.66983140873
v -5622.71957726108 -1974.76247677507 1004.34232993663
cstype bspline
deg 1
curv 0 5 6091 6092 6093 6094 6095
parm u 0 0 1 2 3 4
end
v -5637.16169026459 -1982.05239662022 1041.22269360769
v -4456.19887158837 -1934.20567483886 1397.92644707725
v -4943.79660741687 -1198.85920015883 1458.39985356319
v -6150.82401545111 -1228.46945858153 1099.13132950273
v -5637.16169026459 -1982.05239662022 1041.22269360769
cstype bspline
deg 1
curv 0 5 6096 6097 6098 6099 6100
parm u 0 0 1 2 3 4
end
v -6372.13377888959 -1439.77900637686 1687.55446903413
v -6168.32679630556 -1197.70481758978 994.78600524787
v -5619.07571303255 -2003.49925638479 932.865207407245
v -5893.47586010012 -2142.00773344163 1633.59211715754
v -6372.13377888959 -1439.77900637686 1687.55446903413
cstype bspline
deg 1
curv 0 5 6101 6102 6103 6104 6105
parm u 0 0 1 2 3 4
end
v -6327.81428980041 -1438.69178042296 1700.74604805396
v -6124.00730721638 -1196.61759163588 1007.9775842677
v -5601.11002781419 -1963.74893217409 949.0278293827
v -5875.51017488177 -2102.25740923095 1649.75473913298
v -6327.81428980041 -1438.69178042296 1700.74604805396
cstype bspline
deg 1
curv 0 5 6106 6107 6108 6109 6110
parm u 0 0 1 2 3 4
end
v -5893.47586010039 -2142.00773344224 1633.5921171573
v -5619.07571303227 -2003.49925638418 932.865207407498
v -4402.64768939384 -1954.21566142791 1300.281043872
v -4618.52650002673 -2090.35314588703 2018.68402270236
v -5893.47586010039 -2142.00773344224 1633.5921171573
cstype bspline
deg 1
curv 0 5 6111 6112 6113 6114 6115
parm u 0 0 1 2 3 4
end
v -5875.54739183843 -2102.33975432804 1649.72125732617
v -5601.14724477032 -1963.83127726999 948.994347576372
v -4427.79376492615 -1916.29284793636 1303.39973933641
v -4643.67257555905 -2052.43033239548 2021.80271816678
v -5875.54739183843 -2102.33975432804 1649.72125732617
cstype bspline
deg 1
curv 0 5 6116 6117 6118 6119 6120
parm u 0 0 1 2 3 4
end
v -7029.13521564547 -2111.66047078831 1102.58971376281
v -5915.82401724016 -2062.38068344761 1578.12807984861
v -6331.38614576009 -1403.23214917452 1563.71859007325
v -7466.96407866434 -1432.49093375602 1083.72579869698
v -7029.13521564547 -2111.66047078831 1102.58971376281
cstype bspline
deg 1
curv 0 5 6121 6122 6123 6124 6125
parm u 0 0 1 2 3 4
end
v -7047.52350566057 -2117.89226843085 1137.81862602632
v -5930.91330619553 -2068.46645357253 1614.76612333788
v -6343.59501591349 -1413.88672791093 1600.45651120398
v -7482.44682973621 -1443.2298658193 1119.0798964941
v -7047.52350566057 -2117.89226843085 1137.81862602632
cstype bspline
deg 1
curv 0 5 6126 6127 6128 6129 6130
parm u 0 0 1 2 3 4
end
v -6753.31086541887 -2018.18350615003 574.156029810154
v -5689.48468290966 -1971.09413157389 1028.55742750951
v -6148.25309345902 -1243.4134681279 1012.64977311229
v -7234.72281258626 -1271.40695280666 553.414331740218
v -6753.31086541887 -2018.18350615003 574.156029810154
cstype bspline
deg 1
curv 0 5 6131 6132 6133 6134 6135
parm u 0 0 1 2 3 4
end
v -6771.69915543397 -2024.41530379257 609.384942073664
v -5704.57397186503 -1977.17990169881 1065.19547099878
v -6160.46196361243 -1254.06804686435 1049.38769424302
v -7250.20556365813 -1282.14588486994 588.768429537336
v -6771.69915543397 -2024.41530379257 609.384942073664
cstype bspline
deg 1
curv 0 5 6136 6137 6138 6139 6140
parm u 0 0 1 2 3 4
end
v -7547.90598351069 -1460.42647241658 1154.25889231914
v -7253.73371314511 -1256.38676321408 482.531034173897
v -6742.83236807475 -2048.90790402715 504.543286892855
v -7092.20987836557 -2167.31205922973 1173.8926198994
v -7547.90598351069 -1460.42647241658 1154.25889231914
cstype bspline
deg 1
curv 0 5 6141 6142 6143 6144 6145
parm u 0 0 1 2 3 4
end
v -7505.67095634403 -1459.33826391425 1172.11104318978
v -7211.49868597845 -1255.29855471171 500.38318504454
v -6725.7760457602 -2008.76194771077 521.310609900567
v -7075.15355605104 -2127.16610291338 1190.65994290711
v -7505.67095634403 -1459.33826391425 1172.11104318978
cstype bspline
deg 1
curv 0 5 6146 6147 6148 6149 6150
parm u 0 0 1 2 3 4
end
v -7092.20987836688 -2167.31205923285 1173.89261989811
v -6742.83236807344 -2048.90790402406 504.543286894137
v -5642.7374087422 -2000.21312243195 974.436484994478
v -5929.43389889417 -2115.84275480534 1670.55931129068
v -7092.20987836688 -2167.31205923285 1173.89261989811
cstype bspline
deg 1
curv 0 5 6151 6152 6153 6154 6155
parm u 0 0 1 2 3 4
end
v -7075.18645096349 -2127.24352861478 1190.62760536023
v -6725.80894067005 -2008.83937340602 521.278272356254
v -5666.85074947661 -1961.96547638654 973.600362275596
v -5953.54723962858 -2077.59510875991 1669.7231885718
v -7075.18645096349 -2127.24352861478 1190.62760536023
cstype bspline
deg 1
curv 0 5 6156 6157 6158 6159 6160
parm u 0 0 1 2 3 4
end
v -8099.3867274602 -2135.07817478606 540.573060150191
v -7108.24223276207 -2088.68864063165 1117.49163049761
v -7491.19722791431 -1427.20648585778 1031.10332948568
v -8501.89170573922 -1451.54962111756 447.419095304687
v -8099.3867274602 -2135.07817478606 540.573060150191
cstype bspline
deg 1
curv 0 5 6161 6162 6163 6164 6165
parm u 0 0 1 2 3 4
end
v -8122.06760171546 -2140.02634011232 573.380341731621
v -7127.3664739768 -2093.47034127914 1152.36913257663
v -7508.23602730811 -1435.59039189972 1066.45127268193
v -8522.49878855714 -1460.01947123848 480.706325967685
v -8122.06760171546 -2140.02634011232 573.380341731621
cstype bspline
deg 1
curv 0 5 6166 6167 6168 6169 6170
parm u 0 0 1 2 3 4
end
v -7759.17361363129 -2060.85569489212 48.4638364287312
v -6821.37861454122 -2016.963130919 594.329099312308
v -7235.61523700729 -1301.44789522878 500.884181541902
v -8192.78546347054 -1324.50186930367 -51.8893646402976
v -7759.17361363129 -2060.85569489212 48.4638364287312
cstype bspline
deg 1
curv 0 5 6171 6172 6173 6174 6175
parm u 0 0 1 2 3 4
end
v -7781.85448788655 -2065.80386021838 81.2711180101596
v -6840.50285575594 -2021.74483156652 629.206601391325
v -7252.65403640109 -1309.83180127072 536.23212473815
v -8213.39254628845 -1332.97171942459 -18.6021339773024
v -7781.85448788655 -2065.80386021838 81.2711180101596
cstype bspline
deg 1
curv 0 5 6176 6177 6178 6179 6180
parm u 0 0 1 2 3 4
end
v -8592.85453553225 -1473.67430400845 507.857294592086
v -8201.31996199192 -1312.74715171088 -124.600088004894
v -7741.36023709772 -2093.84458520584 -18.149051731154
v -8172.29684794765 -2187.85972640489 605.189298316036
v -8592.85453553225 -1473.67430400845 507.857294592086
cstype bspline
deg 1
curv 0 5 6181 6182 6183 6184 6185
parm u 0 0 1 2 3 4
end
v -8553.40941278401 -1472.72424641985 530.637171962184
v -8161.87483924367 -1311.7970941223 -101.820210634796
v -7725.19365418704 -2053.36322359534 -0.756656252473476
v -8156.13026503697 -2147.37836479439 622.581693794717
v -8553.40941278401 -1472.72424641985 530.637171962184
cstype bspline
deg 1
curv 0 5 6186 6187 6188 6189 6190
parm u 0 0 1 2 3 4
end
v -8172.29684794764 -2187.85972640489 605.189298316045
v -7741.36023709774 -2093.84458520589 -18.1490517311704
v -6770.34164144003 -2048.39702377684 547.054773729444
v -7133.70222451978 -2139.24933607952 1209.72731323083
v -8172.29684794764 -2187.85972640489 605.189298316045
cstype bspline
deg 1
curv 0 5 6191 6192 6193 6194 6195
parm u 0 0 1 2 3 4
end
v -8156.15963115658 -2147.45189799025 622.550101022834
v -7725.22302030669 -2053.43675679126 -0.788249024384641
v -6792.69225271913 -2009.79057994773 542.012846193777
v -7156.05283579888 -2100.64289225041 1204.68538569516
v -8156.15963115658 -2147.45189799025 622.550101022834
cstype bspline
deg 1
curv 0 5 6196 6197 6198 6199 6200
parm u 0 0 1 2 3 4
end
v -9035.43785587376 -2152.4363561678 -124.780070943751
v -8181.02464386985 -2110.29453466352 548.232512130728
v -8517.35807328154 -1445.81644554817 388.683324858897
v -9388.72059608714 -1462.67156939028 -293.6382584475
v -9035.43785587376 -2152.4363561678 -124.780070943751
cstype bspline
deg 1
curv 0 5 6201 6202 6203 6204 6205
parm u 0 0 1 2 3 4
end
v -9062.66567805571 -2155.87967246966 -95.4454831122493
v -8204.48337294944 -2113.55194975677 580.535976202711
v -8539.46278487173 -1451.74892911606 421.629105070442
v -9414.63576883656 -1468.67776027636 -263.676264918593
v -9062.66567805571 -2155.87967246966 -95.4454831122493
cstype bspline
deg 1
curv 0 5 6206 6207 6208 6209 6210
parm u 0 0 1 2 3 4
end
v -8627.02052314448 -2100.78661164001 -564.798888416292
v -7829.14370767608 -2061.43330826468 63.6805510509585
v -8185.78739942876 -1356.82919202981 -105.503378314304
v -8999.99300484579 -1372.57870609892 -743.068161381112
v -8627.02052314448 -2100.78661164001 -564.798888416292
cstype bspline
deg 1
curv 0 5 6211 6212 6213 6214 6215
parm u 0 0 1 2 3 4
end
v -8654.24834532644 -2104.22992794189 -535.464300584792
v -7852.60243675566 -2064.69072335795 95.9840151229455
v -8207.89211101894 -1362.76167559772 -72.5575981027578
v -9025.90817759521 -1378.58489698503 -713.106167852206
v -8654.24834532644 -2104.22992794189 -535.464300584792
cstype bspline
deg 1
curv 0 5 6216 6217 6218 6219 6220
parm u 0 0 1 2 3 4
end
v -9489.21517080641 -1478.37773489126 -246.69340883274
v -8996.82688856736 -1364.26010805555 -815.97128588199
v -8601.41199015497 -2136.28557674211 -626.975234114587
v -9118.7406116125 -2201.70858647645 -69.6180653162482
v -9489.21517080641 -1478.37773489126 -246.69340883274
cstype bspline
deg 1
curv 0 5 6221 6222 6223 6224 6225
parm u 0 0 1 2 3 4
end
v -9453.5085279607 -1477.68704660548 -218.733274625225
v -8961.12024572165 -1363.5694197698 -788.011151674477
v -8586.21389345803 -2095.55309939844 -608.817548588624
v -9103.54251491557 -2160.97610913275 -51.4603797902928
v -9453.5085279607 -1477.68704660548 -218.733274625225
cstype bspline
deg 1
curv 0 5 6226 6227 6228 6229 6230
parm u 0 0 1 2 3 4
end
v -9118.74061161267 -2201.70858647692 -69.6180653164465
v -8601.41199015478 -2136.28557674168 -626.975234114375
v -7774.24544843999 -2095.48762995724 24.5754243388174
v -8219.96130095211 -2157.37851672908 638.341241706526
v -9118.74061161267 -2201.70858647692 -69.6180653164465
cstype bspline
deg 1
curv 0 5 6231 6232 6233 6234 6235
parm u 0 0 1 2 3 4
end
v -9103.56922530275 -2161.04769574406 -51.4922916026881
v -8586.24060384486 -2095.62468600878 -608.849460400619
v -7793.9556140567 -2056.5471856248 15.2253549429788
v -8239.67146656882 -2118.43807239665 628.991172310692
v -9103.56922530275 -2161.04769574406 -51.4922916026881
cstype bspline
deg 1
curv 0 5 6236 6237 6238 6239 6240
parm u 0 0 1 2 3 4
end
v -9818.48140321754 -2163.38531390106 -886.119754446792
v -9118.24035819192 -2125.91507813538 -126.814973417869
v -9393.11700371741 -1458.35600109914 -356.114339955609
v -10107.4508871818 -1466.38257733601 -1127.65716974621
v -9818.48140321754 -2163.38531390106 -886.119754446792
cstype bspline
deg 1
curv 0 5 6241 6242 6243 6244 6245
parm u 0 0 1 2 3 4
end
v -9850.19341066602 -2165.19452426888 -861.535872073554
v -9146.18659153801 -2127.52278011627 -98.1476824804904
v -9420.29949289048 -1461.81851455101 -326.809941217626
v -10138.4596291748 -1469.88808428249 -1102.48545741235
v -9850.19341066602 -2165.19452426888 -861.535872073554
cstype bspline
deg 1
curv 0 5 6246 6247 6248 6249 6250
parm u 0 0 1 2 3 4
end
v -9342.80129149027 -2136.2471583834 -1254.8779900454
v -8699.04685800051 -2101.79954842193 -556.824337478585
v -8985.37966612118 -1406.41829932082 -795.680321025408
v -9642.3197572863 -1413.7999731387 -1505.23285475411
v -9342.80129149027 -2136.2471583834 -1254.8779900454
cstype bspline
deg 1
curv 0 5 6251 6252 6253 6254 6255
parm u 0 0 1 2 3 4
end
v -9374.51329893875 -2138.05636875122 -1230.29410767216
v -8726.9930913466 -2103.40725040279 -528.157046541207
v -9012.56215529426 -1409.8808127727 -766.375922287425
v -9673.32849927933 -1417.3054800852 -1480.06114242025
v -9374.51329893875 -2138.05636875122 -1230.29410767216
cstype bspline
deg 1
curv 0 5 6256 6257 6258 6259 6260
parm u 0 0 1 2 3 4
end
v -10215.7319574274 -1475.49196905523 -1097.95052126246
v -9626.56585955972 -1408.88733707197 -1576.2130556058
v -9309.21952200839 -2174.33586360051 -1310.95662411229
v -9911.74766352977 -2208.71086058914 -843.862859020854
v -10215.7319574274 -1475.49196905523 -1097.95052126246
cstype bspline
deg 1
curv 0 5 6261 6262 6263 6264 6265
parm u 0 0 1 2 3 4
end
v -10184.9727421644 -1475.14634470223 -1064.72788891156
v -9595.80664429675 -1408.54171271899 -1542.9904232549
v -9295.26128651431 -2133.4657910766 -1291.77722280503
v -9897.78942803569 -2167.84078806525 -824.683457713596
v -10184.9727421644 -1475.14634470223 -1064.72788891156
cstype bspline
deg 1
curv 0 5 6266 6267 6268 6269 6270
parm u 0 0 1 2 3 4
end
v -9911.74766352984 -2208.71086058934 -843.862859020944
v -9309.21952200833 -2174.33586360028 -1310.95662411219
v -8640.9902397236 -2138.57859268534 -586.363725043059
v -9171.96867329939 -2169.12493032243 -41.6851972328168
v -9911.74766352984 -2208.71086058934 -843.862859020944
cstype bspline
deg 1
curv 0 5 6271 6272 6273 6274 6275
parm u 0 0 1 2 3 4
end
v -9897.81344960968 -2167.91112385175 -824.716464708503
v -9295.28530808817 -2133.53612686269 -1291.81022979975
v -8657.12750798137 -2099.38799545055 -599.825273884659
v -9188.10594155715 -2129.93433308761 -55.1467460744143
v -9897.81344960968 -2167.91112385175 -824.716464708503
cstype bspline
deg 1
curv 0 5 6276 6277 6278 6279 6280
parm u 0 0 1 2 3 4
end
v -10428.6079620303 -2169.00068329234 -1726.63790963468
v -9899.00807620453 -2136.22565808721 -900.561414310298
v -10100.2500579513 -1465.64597524874 -1189.60035855196
v -10640.3168500544 -1465.02682681399 -2030.76421932917
v -10428.6079620303 -2169.00068329234 -1726.63790963468
cstype bspline
deg 1
curv 0 5 6281 6282 6283 6284 6285
parm u 0 0 1 2 3 4
end
v -10464.1826859789 -2169.24599535283 -1708.00453779081
v -9931.25512593669 -2136.26503240253 -876.737494794817
v -10132.1400375262 -1466.87518078482 -1165.26358788893
v -10675.5968525418 -1466.25214592824 -2011.70747106872
v -10464.1826859789 -2169.24599535283 -1708.00453779081
cstype bspline
deg 1
curv 0 5 6286 6287 6288 6289 6290
parm u 0 0 1 2 3 4
end
v -9894.98710280203 -2165.32100238474 -2006.13848729262
v -9415.3023302222 -2135.6350433568 -1257.92020704253
v -9621.90036432775 -1447.20789220746 -1554.65191849737
v -10111.1168127435 -1446.64704010042 -2316.61544323591
v -9894.98710280203 -2165.32100238474 -2006.13848729262
cstype bspline
deg 1
curv 0 5 6291 6292 6293 6294 6295
parm u 0 0 1 2 3 4
end
v -9930.56182675059 -2165.56631444526 -1987.50511544876
v -9447.54937995435 -2135.67441767218 -1234.09628752705
v -9653.79034390265 -1448.43709774353 -1530.31514783434
v -10146.3968152309 -1447.87235921464 -2297.55869497546
v -9930.56182675059 -2165.56631444526 -1987.50511544876
cstype bspline
deg 1
curv 0 5 6296 6297 6298 6299 6300
parm u 0 0 1 2 3 4
end
v -10753.0054988518 -1468.06205010039 -2021.26385531778
v -10082.6854515914 -1444.78098692987 -2383.34207226632
v -9853.83035505695 -2205.76937237621 -2054.5847082586
v -10529.7501100793 -2210.4303015263 -1700.55064322499
v -10753.0054988518 -1468.06205010039 -2021.26385531778
cstype bspline
deg 1
curv 0 5 6301 6302 6303 6304 6305
parm u 0 0 1 2 3 4
end
v -10728.5168562729 -1468.09012459961 -1983.12234867805
v -10058.1968090124 -1444.80906142906 -2345.20056562658
v -9841.64398501465 -2164.88996149818 -2034.11579336665
v -10517.563740037 -2169.55089064824 -1680.08172833305
v -10728.5168562729 -1468.09012459961 -1983.12234867805
cstype bspline
deg 1
curv 0 5 6306 6307 6308 6309 6310
parm u 0 0 1 2 3 4
end
v -10529.7501100792 -2210.43030152604 -1700.55064322488
v -9853.83035505702 -2205.76937237644 -2054.58470825871
v -9355.12860106877 -2174.90652101589 -1276.70350365014
v -9967.82254597973 -2175.65463300771 -824.049032855982
v -10529.7501100792 -2210.43030152604 -1700.55064322488
cstype bspline
deg 1
curv 0 5 6311 6312 6313 6314 6315
parm u 0 0 1 2 3 4
end
v -10517.5832522847 -2169.61634485557 -1680.11450220554
v -9841.6634972625 -2164.955415706 -2034.14856723937
v -9366.93175562396 -2135.57598188377 -1293.65608631575
v -9979.62570053492 -2136.32409387559 -841.001615521594
v -10517.5832522847 -2169.61634485557 -1680.11450220554
cstype bspline
deg 1
curv 0 5 6316 6317 6318 6319 6320
parm u 0 0 1 2 3 4
end
v -10854.2192773853 -2171.42264353807 -2615.59740505384
v -10501.2047404833 -2143.36968826762 -1754.83896153527
v -10624.1554736262 -1469.54521734756 -2087.35779033243
v -10983.3053916455 -1462.05275506867 -2964.80125926481
v -10854.2192773853 -2171.42264353807 -2615.59740505384
cstype bspline
deg 1
curv 0 5 6321 6322 6323 6324 6325
parm u 0 0 1 2 3 4
end
v -10892.4879153258 -2170.42868428605 -2603.52703000585
v -10537.0658810319 -2142.18441276773 -1736.89836446748
v -10659.8905422749 -1469.05087169464 -2069.07623327667
v -11021.4924217125 -1461.5072574385 -2952.51011853538
v -10892.4879153258 -2170.42868428605 -2603.52703000585
cstype bspline
deg 1
curv 0 5 6326 6327 6328 6329 6330
parm u 0 0 1 2 3 4
end
v -10280.1897082775 -2186.33203231846 -2796.65303077373
v -9963.28763225405 -2161.14882076628 -2023.94791755203
v -10088.1294438952 -1476.96040214121 -2361.58114616889
v -10410.499940641 -1470.23521952107 -3149.16837020632
v -10280.1897082775 -2186.33203231846 -2796.65303077373
cstype bspline
deg 1
curv 0 5 6331 6332 6333 6334 6335
parm u 0 0 1 2 3 4
end
v -10318.458346218 -2185.33807306644 -2784.58265572574
v -9999.14877280266 -2159.96354526636 -2006.00732048425
v -10123.8645125439 -1476.46605648828 -2343.29958911313
v -10448.686970708 -1469.6897218909 -3136.87722947688
v -10318.458346218 -2185.33807306644 -2784.58265572574
cstype bspline
deg 1
curv 0 5 6336 6337 6338 6339 6340
parm u 0 0 1 2 3 4
end
v -11095.9966378819 -1460.329696681 -2976.15276464623
v -10370.4430666095 -1470.69415165405 -3209.68443850547
v -10232.5324823207 -2228.55735294687 -2836.60862127964
v -10959.6366031904 -2209.67212715952 -2607.27149536723
v -11095.9966378819 -1460.329696681 -2976.15276464623
cstype bspline
deg 1
curv 0 5 6341 6342 6343 6344 6345
parm u 0 0 1 2 3 4
end
v -11078.7729668129 -1460.68901099326 -2934.07340744123
v -10353.2193955406 -1471.05346596631 -3167.60508130047
v -10222.7961840026 -2187.77113581565 -2814.78411051958
v -10949.9003048723 -2168.88591002827 -2585.44698460718
v -11078.7729668129 -1460.68901099326 -2934.07340744123
cstype bspline
deg 1
curv 0 5 6346 6347 6348 6349 6350
parm u 0 0 1 2 3 4
end
v -10959.6366031902 -2209.6721271589 -2607.2714953669
v -10232.5324823208 -2228.55735294745 -2836.60862127994
v -9902.30876894061 -2202.3155127615 -2031.42124277537
v -10583.6704393644 -2179.79527826319 -1690.54989848747
v -10959.6366031902 -2209.6721271589 -2607.2714953669
cstype bspline
deg 1
curv 0 5 6351 6352 6353 6354 6355
parm u 0 0 1 2 3 4
end
v -10949.9131004442 -2168.93951181378 -2585.47566666758
v -10222.8089795748 -2187.82473760232 -2814.81279258062
v -9909.49592143112 -2162.92673401616 -2050.85881315371
v -10590.8575918549 -2140.40649951785 -1709.98746886581
v -10949.9131004442 -2168.93951181378 -2585.47566666758
cstype bspline
deg 1
curv 0 5 6356 6357 6358 6359 6360
parm u 0 0 1 2 3 4
end
v -11103.3140295438 -2172.40861321322 -3514.12853724929
v -10913.1731835847 -2149.2087105336 -2655.98582901799
v -10963.2212929003 -1471.81365882084 -3013.5938892168
v -11155.5445154188 -1459.69964177735 -3888.44345602658
v -11103.3140295438 -2172.40861321322 -3514.12853724929
cstype bspline
deg 1
curv 0 5 6361 6362 6363 6364 6365
parm u 0 0 1 2 3 4
end
v -11142.991872798 -2170.66125172444 -3508.48773487332
v -10951.5317329521 -2147.30037632151 -2644.39079611729
v -11001.554289413 -1470.2511793772 -3001.81627385916
v -11195.2149834979 -1458.05291793958 -3882.74979873268
v -11142.991872798 -2170.66125172444 -3508.48773487332
cstype bspline
deg 1
curv 0 5 6366 6367 6368 6369 6370
parm u 0 0 1 2 3 4
end
v -10508.1463807307 -2198.61903554539 -3598.74057288885
v -10337.7949430743 -2177.83372371492 -2829.91132252846
v -10388.2263452087 -1495.25085047534 -3190.2581195813
v -10560.4874942312 -1484.40049934317 -3973.84831543507
v -10508.1463807307 -2198.61903554539 -3598.74057288885
cstype bspline
deg 1
curv 0 5 6371 6372 6373 6374 6375
parm u 0 0 1 2 3 4
end
v -10547.8242239849 -2196.8716740566 -3593.09977051288
v -10376.1534924416 -2175.92538950284 -2818.31628962776
v -10426.5593417214 -1493.68837103169 -3178.48050422367
v -10600.1579623104 -1482.75377550547 -3968.15465814117
v -10547.8242239849 -2196.8716740566 -3593.09977051288
cstype bspline
deg 1
curv 0 5 6376 6377 6378 6379 6380
parm u 0 0 1 2 3 4
end
v -11264.5247381063 -1454.96529646683 -3918.80648083641
v -10510.7858446021 -1486.25304938361 -4026.9859694205
v -10455.4123396695 -2241.84995958154 -3630.14629515727
v -11209.2913614995 -2208.65009129283 -3522.97105001451
v -11264.5247381063 -1454.96529646683 -3918.80648083641
cstype bspline
deg 1
curv 0 5 6381 6382 6383 6384 6385
parm u 0 0 1 2 3 4
end
v -11254.7206856167 -1455.58283218302 -3874.20931279183
v -10500.9817921124 -1486.87058509976 -3982.38880137592
v -10448.6325308543 -2201.20030119753 -3607.22266712251
v -11202.5115526843 -2168.00043290883 -3500.04742197975
v -11254.7206856167 -1455.58283218302 -3874.20931279183
cstype bspline
deg 1
curv 0 5 6386 6387 6388 6389 6390
parm u 0 0 1 2 3 4
end
v -11209.2913614997 -2208.6500912935 -3522.9710500149
v -10455.4123396694 -2241.84995958087 -3630.1462951569
v -10277.3441362067 -2220.12309195366 -2826.4897762295
v -11006.1565741867 -2183.86474192396 -2606.18415111623
v -11209.2913614997 -2208.6500912935 -3522.9710500149
cstype bspline
deg 1
curv 0 5 6391 6392 6393 6394 6395
parm u 0 0 1 2 3 4
end
v -11202.518385242 -2168.0413988333 -3500.07052396023
v -10448.6393634117 -2201.24126712061 -3607.24576910224
v -10280.2571190232 -2180.69622503305 -2847.30387187951
v -11009.0695570032 -2144.43787500338 -2626.99824676624
v -11202.518385242 -2168.0413988333 -3500.07052396023
cstype bspline
deg 1
curv 0 5 6396 6397 6398 6399 6400
parm u 0 0 1 2 3 4
end
v -11213.9526471525 -2174.13705757295 -4593.25542008218
v -11139.6636518698 -2152.75273842606 -3564.5539775074
v -11142.2901267232 -1471.01729174046 -3930.45098389458
v -11189.2923748202 -1459.7959662888 -4593.25542008218
v -11213.9526471525 -2174.13705757295 -4593.25542008218
cstype bspline
deg 1
curv 0 5 6401 6402 6403 6404 6405
parm u 0 0 1 2 3 4
end
v -11254.0071795386 -2172.07036733534 -4593.25542008218
v -11179.327744241 -2150.57365881157 -3559.14744044008
v -11181.9536697905 -1468.9807910221 -3924.96792272759
v -11229.3447447982 -1457.66663696148 -4593.25542008218
v -11254.0071795386 -2172.07036733534 -4593.25542008218
cstype bspline
deg 1
curv 0 5 6406 6407 6408 6409 6410
parm u 0 0 1 2 3 4
end
v -10613.13466136 -2205.13741113694 -4593.25542008218
v -10544.7022663027 -2185.43893264327 -3645.65203351733
v -10547.3369807133 -1501.56480251576 -4012.69690139947
v -10588.5068251503 -1491.73590619856 -4593.25542008218
v -10613.13466136 -2205.13741113694 -4593.25542008218
cstype bspline
deg 1
curv 0 5 6411 6412 6413 6414 6415
parm u 0 0 1 2 3 4
end
v -10653.1891937461 -2203.07072089933 -4593.25542008218
v -10584.3663586738 -2183.25985302878 -3640.24549645
v -10587.0005237806 -1499.5283017974 -4007.21384023248
v -10628.5591951283 -1489.60657687124 -4593.25542008218
v -10653.1891937461 -2203.07072089933 -4593.25542008218
cstype bspline
deg 1
curv 0 5 6416 6417 6418 6419 6420
parm u 0 0 1 2 3 4
end
v -11292.2598678707 -1453.7954401735 -4633.25542008218
v -10531.2648382888 -1494.25269739251 -4633.25542008218
v -10557.3221742438 -2249.06292622173 -4633.25542008218
v -11318.358289581 -2209.795811708 -4633.25542008218
v -11292.2598678707 -1453.7954401735 -4633.25542008218
cstype bspline
deg 1
curv 0 5 6421 6422 6423 6424 6425
parm u 0 0 1 2 3 4
end
v -11289.4232997652 -1454.4726429705 -4593.25542008218
v -10528.4282701833 -1494.92990018951 -4593.25542008218
v -10553.0476278157 -2208.0858037805 -4593.25542008218
v -11314.0837431529 -2168.81868926677 -4593.25542008218
v -11289.4232997652 -1454.4726429705 -4593.25542008218
cstype bspline
deg 1
curv 0 5 6426 6427 6428 6429 6430
parm u 0 0 1 2 3 4
end
v -11318.358289581 -2209.79581170759 -4633.25542008179
v -10557.3221742439 -2249.06292622199 -4633.25542008245
v -10485.0537458743 -2228.26023356715 -3632.53335844214
v -11238.671500926 -2186.85772089206 -3529.8091541629
v -11318.358289581 -2209.79581170759 -4633.25542008179
cstype bspline
deg 1
curv 0 5 6431 6432 6433 6434 6435
parm u 0 0 1 2 3 4
end
v -11314.0998894696 -2168.9734728456 -4593.40651275987
v -10553.0637741325 -2208.24058735999 -4593.40651276054
v -10485.2061277459 -2188.70755206497 -3653.76183911832
v -11238.8238827977 -2147.30503938987 -3551.03763483908
v -11314.0998894696 -2168.9734728456 -4593.40651275987
cstype bspline
deg 1
curv 0 5 6436 6437 6438 6439 6440
parm u 0 0 1 2 3 4
end
v -11270.1707564677 -2919.99999999965 -4633.25542008218
v -11227.8353781895 -2919.99999999965 -4045.12910803749
v -11144.7671683741 -2194.02154115224 -3624.39443495968
v -11218.9084322602 -2214.92711738043 -4633.25542008218
v -11270.1707564677 -2919.99999999965 -4633.25542008218
cstype bspline
deg 1
curv 0 5 6441 6442 6443 6444 6445
parm u 0 0 1 2 3 4
end
v -11310.3795642271 -2919.99999999965 -4633.25542008218
v -11267.7296834245 -2919.99999999965 -4040.76001492231
v -11184.4116143055 -2191.8378842207 -3618.75982194649
v -11258.9669662934 -2212.86022067018 -4633.25542008218
v -11310.3795642271 -2919.99999999965 -4633.25542008218
cstype bspline
deg 1
curv 0 5 6446 6447 6448 6449 6450
parm u 0 0 1 2 3 4
end
v -10667.038640078 -2919.99999999965 -4633.25542008218
v -10629.4207996647 -2919.99999999965 -4110.66550476522
v -10550.1004794032 -2226.77639512494 -3708.91363015749
v -10618.0304217623 -2245.93056803392 -4633.25542008218
v -10667.038640078 -2919.99999999965 -4633.25542008218
cstype bspline
deg 1
curv 0 5 6451 6452 6453 6454 6455
parm u 0 0 1 2 3 4
end
v -10707.2474478373 -2919.99999999965 -4633.25542008218
v -10669.3151048997 -2919.99999999965 -4106.29641165004
v -10589.7449253346 -2224.59273819343 -3703.2790171443
v -10658.0889557955 -2243.86367132369 -4633.25542008218
v -10707.2474478373 -2919.99999999965 -4633.25542008218
cstype bspline
deg 1
curv 0 5 6456 6457 6458 6459 6460
parm u 0 0 1 2 3 4
end
v -11373.6009758817 -2959.99999999965 -4633.25542008218
v -10609.6336284547 -2959.99999999965 -4633.25542008218
v -10570.8215305399 -2959.99999999965 -4094.07478824048
v -11328.8133300047 -2959.99999999965 -4011.06201905242
v -11373.6009758817 -2959.99999999965 -4633.25542008218
cstype bspline
deg 1
curv 0 5 6461 6462 6463 6464 6465
parm u 0 0 1 2 3 4
end
v -11370.692775866 -2919.99999999965 -4633.25542008218
v -10606.725428439 -2919.99999999965 -4633.25542008218
v -10569.5794095684 -2919.99999999965 -4117.22008571195
v -11327.5712090331 -2919.99999999965 -4034.20731652389
v -11370.692775866 -2919.99999999965 -4633.25542008218
cstype bspline
deg 1
curv 0 5 6466 6467 6468 6469 6470
parm u 0 0 1 2 3 4
end
v -11328.8133300047 -2959.99999999985 -4011.0620190523
v -10570.8215305399 -2959.99999999951 -4094.07478824056
v -10487.1879258005 -2229.08024608259 -3670.47642941521
v -11240.432398497 -2187.59076438384 -3563.41878216465
v -11328.8133300047 -2959.99999999985 -4011.0620190523
cstype bspline
deg 1
curv 0 5 6471 6472 6473 6474 6475
parm u 0 0 1 2 3 4
end
v -11327.5712342707 -2920.00081272243 -4034.20684625612
v -10569.5794348059 -2920.00081272208 -4117.21961544439
v -10490.6338105061 -2230.05188052219 -3717.36554967727
v -11243.8782832026 -2188.56239882344 -3610.30790242671
v -11327.5712342707 -2920.00081272243 -4034.20684625612
cstype bspline
deg 1
curv 0 5 6476 6477 6478 6479 6480
parm u 0 0 1 2 3 4
end
v -11250.9064688132 -2919.99999999965 -3995.91121407097
v -11067.481257475 -2919.99999999965 -3173.30093155775
v -10926.9211713809 -2190.84730594978 -2715.38012028877
v -11123.6592629553 -2214.45318592314 -3592.11189855193
v -11250.9064688132 -2919.99999999965 -3995.91121407097
cstype bspline
deg 1
curv 0 5 6481 6482 6483 6484 6485
parm u 0 0 1 2 3 4
end
v -11290.9648331823 -2919.99999999965 -3991.52415373894
v -11106.0706629446 -2919.99999999965 -3162.32600532381
v -10965.1397116924 -2188.92345020489 -2703.19697855942
v -11163.4036745483 -2212.71241386089 -3586.72855767098
v -11290.9648331823 -2919.99999999965 -3991.52415373894
cstype bspline
deg 1
curv 0 5 6486 6487 6488 6489 6490
parm u 0 0 1 2 3 4
end
v -10650.0310032765 -2919.99999999965 -4061.71711905151
v -10488.6401754309 -2919.99999999965 -3337.92482506676
v -10353.6430667079 -2219.70514212345 -2898.12724622899
v -10527.4930890602 -2240.5647668569 -3672.86201176614
v -10650.0310032765 -2919.99999999965 -4061.71711905151
cstype bspline
deg 1
curv 0 5 6491 6492 6493 6494 6495
parm u 0 0 1 2 3 4
end
v -10690.0893676456 -2919.99999999965 -4057.33005871947
v -10527.2295809005 -2919.99999999965 -3326.94989883283
v -10391.8616070194 -2217.78128637854 -2885.94410449964
v -10567.2375006532 -2238.82399479466 -3667.47867088519
v -10690.0893676456 -2919.99999999965 -4057.33005871947
cstype bspline
deg 1
curv 0 5 6496 6497 6498 6499 6500
parm u 0 0 1 2 3 4
end
v -11358.2664839354 -2959.99999999965 -4007.8364064917
v -10597.1575609222 -2959.99999999965 -4091.19055280038
v -10428.0344213727 -2959.99999999965 -3332.72102405157
v -11161.2331252953 -2959.99999999965 -3124.19742560682
v -11358.2664839354 -2959.99999999965 -4007.8364064917
cstype bspline
deg 1
curv 0 5 6501 6502 6503 6504 6505
parm u 0 0 1 2 3 4
end
v -11351.052379736 -2919.99999999965 -3984.94356324088
v -10589.9434567228 -2919.99999999965 -4068.29770954956
v -10430.7569081638 -2919.99999999965 -3354.39098578426
v -11163.9556120863 -2919.99999999965 -3145.86738733952
v -11351.052379736 -2919.99999999965 -3984.94356324088
cstype bspline
deg 1
curv 0 5 6506 6507 6508 6509 6510
parm u 0 0 1 2 3 4
end
v -11161.2331252952 -2959.99999999965 -3124.1974256068
v -10428.0344213727 -2959.99999999965 -3332.72102405156
v -10285.6357204482 -2221.30952752216 -2868.81031893603
v -11011.7879863674 -2184.75626836883 -2637.33062607842
v -11161.2331252952 -2959.99999999965 -3124.1974256068
cstype bspline
deg 1
curv 0 5 6511 6512 6513 6514 6515
parm u 0 0 1 2 3 4
end
v -11163.9553926517 -2920.00322403261 -3145.86564072273
v -10430.7566887291 -2920.00322403261 -3354.3892391675
v -10296.3152562406 -2222.59092574081 -2916.40195882301
v -11022.4675221597 -2186.03766658751 -2684.9222659654
v -11163.9553926517 -2920.00322403261 -3145.86564072273
cstype bspline
deg 1
curv 0 5 6516 6517 6518 6519 6520
parm u 0 0 1 2 3 4
end
v -11095.1835049725 -2919.99999999965 -3115.66840690513
v -10751.3589052767 -2919.99999999965 -2288.59527190588
v -10522.1943167719 -2185.25393284889 -1810.79990362984
v -10889.688363851 -2213.88637531485 -2691.94734854531
v -11095.1835049725 -2919.99999999965 -3115.66840690513
cstype bspline
deg 1
curv 0 5 6521 6522 6523 6524 6525
parm u 0 0 1 2 3 4
end
v -11133.9506389545 -2919.99999999965 -3104.64293422485
v -10787.1957782685 -2919.99999999965 -2270.52103033106
v -10557.6522222316 -2184.03888952293 -1791.93553591573
v -10928.1704642492 -2212.90695509157 -2680.33415037851
v -11133.9506389545 -2919.99999999965 -3104.64293422485
cstype bspline
deg 1
curv 0 5 6526 6527 6528 6529 6530
parm u 0 0 1 2 3 4
end
v -10513.6764952422 -2919.99999999965 -3281.05049710944
v -10213.805810399 -2919.99999999965 -2559.70889552809
v -9990.32573487624 -2203.47958273842 -2093.76541934154
v -10312.4568578776 -2228.57767866444 -2866.14532104725
v -10513.6764952422 -2919.99999999965 -3281.05049710944
cstype bspline
deg 1
curv 0 5 6531 6532 6533 6534 6535
parm u 0 0 1 2 3 4
end
v -10552.4436292242 -2919.99999999965 -3270.02502442916
v -10249.6426833909 -2919.99999999965 -2541.63465395328
v -10025.7836403359 -2202.26453941248 -2074.90105162743
v -10350.9389582758 -2227.59825844117 -2854.53212288045
v -10552.4436292242 -2919.99999999965 -3270.02502442916
cstype bspline
deg 1
curv 0 5 6536 6537 6538 6539 6540
parm u 0 0 1 2 3 4
end
v -11203.7422506216 -2959.99999999965 -3112.10772095735
v -10467.1667049633 -2959.99999999965 -3321.59170188281
v -10153.5455459887 -2959.99999999965 -2567.17321238335
v -10834.4461328336 -2959.99999999965 -2223.76262246156
v -11203.7422506216 -2959.99999999965 -3112.10772095735
cstype bspline
deg 1
curv 0 5 6541 6542 6543 6544 6545
parm u 0 0 1 2 3 4
end
v -11192.1013399275 -2919.99999999965 -3088.10472520442
v -10455.5257942692 -2919.99999999965 -3297.58870612988
v -10160.0549304118 -2919.99999999965 -2586.83091309335
v -10840.9555172567 -2919.99999999965 -2243.42032317155
v -11192.1013399275 -2919.99999999965 -3088.10472520442
cstype bspline
deg 1
curv 0 5 6546 6547 6548 6549 6550
parm u 0 0 1 2 3 4
end
v -10834.4461328336 -2959.99999999953 -2223.76262246162
v -10153.5455459886 -2959.99999999983 -2567.17321238327
v -9917.68533510821 -2203.78647035948 -2075.41784540194
v -10591.3855388427 -2180.70064716606 -1716.99485883379
v -10834.4461328336 -2959.99999999953 -2223.76262246162
cstype bspline
deg 1
curv 0 5 6551 6552 6553 6554 6555
parm u 0 0 1 2 3 4
end
v -10840.9539985334 -2920.00933251512 -2243.41573677665
v -10160.0534116885 -2920.00933251542 -2586.8263266983
v -9937.13887668667 -2205.3021477274 -2122.06197091271
v -10610.8390804212 -2182.21632453398 -1763.63898434456
v -10840.9539985334 -2920.00933251512 -2243.41573677665
cstype bspline
deg 1
curv 0 5 6556 6557 6558 6559 6560
parm u 0 0 1 2 3 4
end
v -10770.80452404 -2919.99999999965 -2223.55649421005
v -10251.9858419443 -2919.99999999965 -1430.00160892229
v -9926.7826987709 -2178.21437740588 -953.256219425765
v -10479.9756910886 -2211.98271413796 -1798.4472520838
v -10770.80452404 -2919.99999999965 -2223.55649421005
cstype bspline
deg 1
curv 0 5 6561 6562 6563 6564 6565
parm u 0 0 1 2 3 4
end
v -10806.7483018427 -2919.99999999965 -2205.42833544842
v -10283.531122073 -2919.99999999965 -1405.14576390416
v -9958.32689823355 -2178.21191241589 -928.398790159353
v -10516.0315833195 -2212.25565459012 -1780.482972808
v -10806.7483018427 -2919.99999999965 -2205.42833544842
cstype bspline
deg 1
curv 0 5 6566 6567 6568 6569 6570
parm u 0 0 1 2 3 4
end
v -10231.6478570003 -2919.99999999965 -2495.47887563451
v -9778.80664001496 -2919.99999999965 -1802.8392841942
v -9453.61970683118 -2178.25135225532 -1326.11765842194
v -9939.13730762576 -2207.88860735559 -2067.91144122086
v -10231.6478570003 -2919.99999999965 -2495.47887563451
cstype bspline
deg 1
curv 0 5 6571 6572 6573 6574 6575
parm u 0 0 1 2 3 4
end
v -10267.5916348029 -2919.99999999965 -2477.35071687288
v -9810.35192014358 -2919.99999999965 -1777.98343917607
v -9485.16390629383 -2178.24888726536 -1301.26022915553
v -9975.19319985662 -2208.16154780774 -2049.94716194506
v -10267.5916348029 -2919.99999999965 -2477.35071687288
cstype bspline
deg 1
curv 0 5 6576 6577 6578 6579 6580
parm u 0 0 1 2 3 4
end
v -10877.0945749038 -2959.99999999965 -2202.25298223888
v -10194.1627966535 -2959.99999999965 -2546.68799870986
v -9721.20849864909 -2959.99999999965 -1823.28460817814
v -10320.5688210929 -2959.99999999965 -1351.02355283364
v -10877.0945749038 -2959.99999999965 -2202.25298223888
cstype bspline
deg 1
curv 0 5 6581 6582 6583 6584 6585
parm u 0 0 1 2 3 4
end
v -10860.6639685466 -2919.99999999965 -2178.23609730598
v -10177.7321902963 -2919.99999999965 -2522.67111377696
v -9731.50196387589 -2919.99999999965 -1840.143309056
v -10330.8622863197 -2919.99999999965 -1367.88225371149
v -10860.6639685466 -2919.99999999965 -2178.23609730598
cstype bspline
deg 1
curv 0 5 6586 6587 6588 6589 6590
parm u 0 0 1 2 3 4
end
v -10320.5688210929 -2959.99999999959 -1351.02355283366
v -9721.20849864906 -2959.99999999968 -1823.28460817812
v -9377.72207585554 -2176.51037103089 -1319.73606672339
v -9977.06186564585 -2176.46353622162 -847.444910661567
v -10320.5688210929 -2959.99999999959 -1351.02355283366
cstype bspline
deg 1
curv 0 5 6591 6592 6593 6594 6595
parm u 0 0 1 2 3 4
end
v -10330.8573876965 -2920.01903585633 -1367.87423071615
v -9731.49706525264 -2920.01903585641 -1840.13528606061
v -9406.30340763721 -2178.25504974026 -1363.40380232156
v -10005.6431974275 -2178.20821493096 -891.112646259735
v -10330.8573876965 -2920.01903585633 -1367.87423071615
cstype bspline
deg 1
curv 0 5 6596 6597 6598 6599 6600
parm u 0 0 1 2 3 4
end
v -10257.5688321116 -2919.99999999965 -1361.13835904601
v -9571.85638994903 -2919.99999999965 -635.06451961709
v -9153.39854283986 -2167.8354081602 -176.911929126241
v -9883.78299403951 -2206.95258589249 -951.07062103163
v -10257.5688321116 -2919.99999999965 -1361.13835904601
cstype bspline
deg 1
curv 0 5 6601 6602 6603 6604 6605
parm u 0 0 1 2 3 4
end
v -10289.1166969152 -2919.99999999965 -1336.28047745444
v -9598.10835899021 -2919.99999999965 -604.59902303564
v -9180.52034354609 -2169.39890274833 -147.398776092383
v -9916.30198299482 -2208.80513752674 -927.278126738537
v -10289.1166969152 -2919.99999999965 -1336.28047745444
cstype bspline
deg 1
curv 0 5 6606 6607 6608 6609 6610
parm u 0 0 1 2 3 4
end
v -9784.35086005799 -2919.99999999965 -1734.00658291965
v -9178.07685433128 -2919.99999999965 -1092.04696833883
v -8746.57153224637 -2144.38298933845 -619.609224634117
v -9395.99815970983 -2179.16431137896 -1307.95803542802
v -9784.35086005799 -2919.99999999965 -1734.00658291965
cstype bspline
deg 1
curv 0 5 6611 6612 6613 6614 6615
parm u 0 0 1 2 3 4
end
v -9815.89872486156 -2919.99999999965 -1709.14870132807
v -9204.32882337247 -2919.99999999965 -1061.58147175738
v -8773.6933329526 -2145.94648392656 -590.096071600259
v -9428.51714866514 -2181.01686301321 -1284.16554113493
v -9815.89872486156 -2919.99999999965 -1709.14870132807
cstype bspline
deg 1
curv 0 5 6616 6617 6618 6619 6620
parm u 0 0 1 2 3 4
end
v -10357.4068522228 -2959.99999999965 -1321.99732802914
v -9757.99742095487 -2959.99999999965 -1794.29707826908
v -9125.26310459549 -2959.99999999965 -1124.31968516735
v -9624.05051637778 -2959.99999999965 -545.4752501196
v -10357.4068522228 -2959.99999999965 -1321.99732802914
cstype bspline
deg 1
curv 0 5 6621 6622 6623 6624 6625
parm u 0 0 1 2 3 4
end
v -10336.4384941205 -2919.99999999965 -1298.99365506707
v -9737.02906285263 -2919.99999999965 -1771.29340530701
v -9138.72712994929 -2919.99999999965 -1137.77510397525
v -9637.51454173157 -2919.99999999965 -558.930668927501
v -10336.4384941205 -2919.99999999965 -1298.99365506707
cstype bspline
deg 1
curv 0 5 6626 6627 6628 6629 6630
parm u 0 0 1 2 3 4
end
v -9624.05051637782 -2959.99999999953 -545.475250119634
v -9125.26310459545 -2959.99999999977 -1124.31968516731
v -8669.10346058936 -2140.06763448735 -624.888920461754
v -9184.41767400777 -2169.7740316616 -64.1390128184421
v -9624.05051637782 -2959.99999999953 -545.475250119634
cstype bspline
deg 1
curv 0 5 6631 6632 6633 6634 6635
parm u 0 0 1 2 3 4
end
v -9637.50390050951 -2920.03161379058 -558.920034507573
v -9138.71648872715 -2920.03161379081 -1137.76446955524
v -8705.88883118702 -2142.03774745628 -663.878954184907
v -9221.20304460544 -2171.74414463053 -103.129046541595
v -9637.50390050951 -2920.03161379058 -558.920034507573
cstype bspline
deg 1
curv 0 5 6636 6637 6638 6639 6640
parm u 0 0 1 2 3 4
end
v -9562.23893212171 -2919.99999999965 -567.018021789412
v -8729.66906038202 -2919.99999999965 72.0582790360168
v -8224.47482248821 -2152.06740373664 500.994354203027
v -9111.48915646823 -2196.45604971796 -182.251910183897
v -9562.23893212171 -2919.99999999965 -567.018021789412
cstype bspline
deg 1
curv 0 5 6641 6642 6643 6644 6645
parm u 0 0 1 2 3 4
end
v -9588.41548222947 -2919.99999999965 -536.640049128739
v -8750.34485948147 -2919.99999999965 106.658599544571
v -8247.27137761031 -2155.29110970232 533.79404300102
v -9139.84738195472 -2199.95807702234 -153.73624516619
v -9588.41548222947 -2919.99999999965 -536.640049128739
cstype bspline
deg 1
curv 0 5 6646 6647 6648 6649 6650
parm u 0 0 1 2 3 4
end
v -9169.59068050541 -2919.99999999965 -1022.68761169952
v -8419.53207389034 -2919.99999999965 -446.946528592322
v -7882.52649565674 -2103.7118142517 8.99902223307981
v -8686.11577417076 -2143.92564015268 -609.986885449511
v -9169.59068050541 -2919.99999999965 -1022.68761169952
cstype bspline
deg 1
curv 0 5 6651 6652 6653 6654 6655
parm u 0 0 1 2 3 4
end
v -9195.76723061316 -2919.99999999965 -992.309639038847
v -8440.20787298979 -2919.99999999965 -412.346208083769
v -7905.32305077883 -2106.93552021738 41.7987110310751
v -8714.47399965725 -2147.42766745703 -581.471220431804
v -9195.76723061316 -2919.99999999965 -992.309639038847
cstype bspline
deg 1
curv 0 5 6656 6657 6658 6659 6660
parm u 0 0 1 2 3 4
end
v -9652.59930646382 -2959.99999999965 -512.344285146999
v -9155.24485441649 -2959.99999999965 -1089.5257656998
v -8372.8815687711 -2959.99999999965 -488.987779083571
v -8765.72175166091 -2959.99999999965 168.41831057872
v -9652.59930646382 -2959.99999999965 -512.344285146999
cstype bspline
deg 1
curv 0 5 6661 6662 6663 6664 6665
parm u 0 0 1 2 3 4
end
v -9627.6803073911 -2919.99999999965 -491.073090137728
v -9130.32585534378 -2919.99999999965 -1068.25457069053
v -8388.56593442543 -2919.99999999965 -498.883515537493
v -8781.40611731525 -2919.99999999965 158.5225741248
v -9627.6803073911 -2919.99999999965 -491.073090137728
cstype bspline
deg 1
curv 0 5 6666 6667 6668 6669 6670
parm u 0 0 1 2 3 4
end
v -8765.72175166084 -2959.99999999983 168.418310578767
v -8372.88156877116 -2959.99999999948 -488.987779083618
v -7804.95224158369 -2096.70542930282 -6.78636366042792
v -8238.08678890356 -2157.95584265038 616.407723501505
v -8765.72175166084 -2959.99999999983 168.418310578767
cstype bspline
deg 1
curv 0 5 6671 6672 6673 6674 6675
parm u 0 0 1 2 3 4
end
v -8781.3883564671 -2920.04529567441 158.5337799763
v -8388.54817357743 -2920.04529567406 -498.872309686081
v -7848.33166297359 -2098.87625530324 -40.2005109639149
v -8281.46621029345 -2160.1266686508 582.993576198018
v -8781.3883564671 -2920.04529567441 158.5337799763
cstype bspline
deg 1
curv 0 5 6676 6677 6678 6679 6680
parm u 0 0 1 2 3 4
end
v -8706.92158579403 -2919.99999999965 136.396934659941
v -7747.1825355982 -2919.99999999965 680.615915457611
v -7160.19122390575 -2130.34042083466 1074.16962976476
v -8183.67085117649 -2179.22489933716 490.048886838515
v -8706.92158579403 -2919.99999999965 136.396934659941
cstype bspline
deg 1
curv 0 5 6681 6682 6683 6684 6685
parm u 0 0 1 2 3 4
end
v -8727.49096137666 -2919.99999999965 170.819158652197
v -7762.48390223957 -2919.99999999965 718.025358169643
v -7179.03695528548 -2135.10853496505 1109.20272059585
v -8207.78598904754 -2184.24469623825 522.074619679781
v -8727.49096137666 -2919.99999999965 170.819158652197
cstype bspline
deg 1
curv 0 5 6686 6687 6688 6689 6690
parm u 0 0 1 2 3 4
end
v -8398.38095205453 -2919.99999999965 -379.936425223887
v -7517.6620359776 -2919.99999999965 119.474274777134
v -6877.50525320977 -2058.81870887874 548.673267298509
v -7821.94378311072 -2103.92794582073 9.66289421954934
v -8398.38095205453 -2919.99999999965 -379.936425223887
cstype bspline
deg 1
curv 0 5 6691 6692 6693 6694 6695
parm u 0 0 1 2 3 4
end
v -8418.95032763717 -2919.99999999965 -345.51420123163
v -7532.96340261897 -2919.99999999965 156.883717489167
v -6896.3509845895 -2063.58682300916 583.706358129592
v -7846.05892098177 -2108.94774272185 41.6886270608138
v -8418.95032763717 -2919.99999999965 -345.51420123163
cstype bspline
deg 1
curv 0 5 6696 6697 6698 6699 6700
parm u 0 0 1 2 3 4
end
v -8786.59925382228 -2959.99999999965 203.356175022796
v -8395.78111775225 -2959.99999999965 -450.666080830055
v -7477.79109840149 -2959.99999999965 69.879157598627
v -7768.51706458727 -2959.99999999965 780.658569127407
v -8786.59925382228 -2959.99999999965 203.356175022796
cstype bspline
deg 1
curv 0 5 6701 6702 6703 6704 6705
parm u 0 0 1 2 3 4
end
v -8758.34502475061 -2919.99999999965 222.45249464058
v -8367.52688868058 -2919.99999999965 -431.56976121227
v -7494.77745733415 -2919.99999999965 63.3218511715168
v -7785.50342351994 -2919.99999999965 774.101262700293
v -8758.34502475061 -2919.99999999965 222.45249464058
cstype bspline
deg 1
curv 0 5 6706 6707 6708 6709 6710
parm u 0 0 1 2 3 4
end
v -7768.51706458733 -2959.99999999953 780.658569127376
v -7477.79109840143 -2959.9999999998 69.8791575986506
v -6800.86651861462 -2049.35623380897 523.729457210058
v -7158.93541482952 -2139.95040228649 1189.35818300065
v -7768.51706458733 -2959.99999999953 780.658569127376
cstype bspline
deg 1
curv 0 5 6711 6712 6713 6714 6715
parm u 0 0 1 2 3 4
end
v -7785.47889257218 -2920.05776622929 774.110732472007
v -7494.75292638626 -2920.05776622958 63.331320943289
v -6849.23665614017 -2051.66653768314 496.123631051883
v -7207.30555235508 -2142.26070616065 1161.75235684247
v -7785.47889257218 -2920.05776622929 774.110732472007
cstype bspline
deg 1
curv 0 5 6716 6717 6718 6719 6720
parm u 0 0 1 2 3 4
end
v -7714.11750965328 -2919.99999999965 740.290250172829
v -6641.77091366337 -2919.99999999965 1186.81699743953
v -5975.43394423505 -2103.92083170533 1539.9150536421
v -7120.15930137733 -2155.53524055265 1058.4660498699
v -7714.11750965328 -2919.99999999965 740.290250172829
cstype bspline
deg 1
curv 0 5 6721 6722 6723 6724 6725
parm u 0 0 1 2 3 4
end
v -7729.31633468391 -2919.99999999965 777.448994721592
v -6652.07651342116 -2919.99999999965 1226.01328840556
v -5990.71596453303 -2110.01557553891 1576.47429383622
v -7140.26238878049 -2161.84736100596 1092.99764392128
v -7729.31633468391 -2919.99999999965 777.448994721592
cstype bspline
deg 1
curv 0 5 6726 6727 6728 6729 6730
parm u 0 0 1 2 3 4
end
v -7486.13513419378 -2919.99999999965 182.909081941456
v -6487.1869172966 -2919.99999999965 598.872632949138
v -5746.2036397654 -2012.49967420133 991.526450730482
v -6818.61299032996 -2060.85343375278 540.492139099419
v -7486.13513419378 -2919.99999999965 182.909081941456
cstype bspline
deg 1
curv 0 5 6731 6732 6733 6734 6735
parm u 0 0 1 2 3 4
end
v -7501.33395922441 -2919.99999999965 220.067826490216
v -6497.49251705439 -2919.99999999965 638.068923915167
v -5761.48566006338 -2018.59441803492 1028.08569092459
v -6838.71607773312 -2067.16555420612 575.023733150785
v -7501.33395922441 -2919.99999999965 220.067826490216
cstype bspline
deg 1
curv 0 5 6736 6737 6738 6739 6740
parm u 0 0 1 2 3 4
end
v -7783.19295489882 -2959.99999999965 816.538820265627
v -7494.41527931679 -2959.99999999965 110.522673839225
v -6454.24389646507 -2959.99999999965 543.651613606993
v -6650.05029186348 -2959.99999999965 1288.38114196126
v -7783.19295489882 -2959.99999999965 816.538820265627
cstype bspline
deg 1
curv 0 5 6741 6742 6743 6744 6745
parm u 0 0 1 2 3 4
end
v -7752.11457222986 -2919.99999999965 833.187111544725
v -7463.33689664783 -2919.99999999965 127.170965118323
v -6471.81344361096 -2919.99999999965 540.042833205425
v -6667.61983900938 -2919.99999999965 1284.7723615597
v -7752.11457222986 -2919.99999999965 833.187111544725
cstype bspline
deg 1
curv 0 5 6746 6747 6748 6749 6750
parm u 0 0 1 2 3 4
end
v -6650.0502918634 -2959.99999999985 1288.38114196128
v -6454.24389646517 -2959.99999999945 543.651613606971
v -5671.21889951558 -2001.01015314687 958.583723134278
v -5961.57728517713 -2116.81028598527 1653.20928682232
v -6650.0502918634 -2959.99999999985 1288.38114196128
cstype bspline
deg 1
curv 0 5 6751 6752 6753 6754 6755
parm u 0 0 1 2 3 4
end
v -6667.59013341838 -2920.06762972454 1284.77846308034
v -6471.78373802015 -2920.06762972413 540.04893472603
v -5723.28060931844 -2003.35755845092 936.687590439326
v -6013.63899497999 -2119.15769128932 1631.31315412737
v -6667.59013341838 -2920.06762972454 1284.77846308034
cstype bspline
deg 1
curv 0 5 6756 6757 6758 6759 6760
parm u 0 0 1 2 3 4
end
v -6600.57850217639 -2919.99999999965 1241.74782710387
v -5425.30449137991 -2919.99999999965 1588.06319269215
v -4680.96838435325 -2075.8445801315 1895.01722202151
v -5936.28881967472 -2127.34043207249 1519.76955678631
v -6600.57850217639 -2919.99999999965 1241.74782710387
cstype bspline
deg 1
curv 0 5 6761 6762 6763 6764 6765
parm u 0 0 1 2 3 4
end
v -6610.80445598008 -2919.99999999965 1280.64119285795
v -5430.95141327273 -2919.99999999965 1628.30585154357
v -4692.95641015267 -2083.03605879305 1932.64489635699
v -5952.69344070444 -2134.71308864502 1556.07699685982
v -6610.80445598008 -2919.99999999965 1280.64119285795
cstype bspline
deg 1
curv 0 5 6766 6767 6768 6769 6770
parm u 0 0 1 2 3 4
end
v -6447.18919512102 -2919.99999999965 658.347340792767
v -5340.60066298762 -2919.99999999965 984.423309920907
v -4501.14799736191 -1967.97240020821 1330.60210698933
v -5690.21950422887 -2016.75058348474 975.15795568364
v -6447.18919512102 -2919.99999999965 658.347340792767
cstype bspline
deg 1
curv 0 5 6771 6772 6773 6774 6775
parm u 0 0 1 2 3 4
end
v -6457.41514892472 -2919.99999999965 697.240706546843
v -5346.24758488044 -2919.99999999965 1024.66596877233
v -4513.13602316133 -1975.16387886976 1368.22978132481
v -5706.6241252586 -2024.12324005726 1011.46539575715
v -6457.41514892472 -2919.99999999965 697.240706546843
cstype bspline
deg 1
curv 0 5 6776 6777 6778 6779 6780
parm u 0 0 1 2 3 4
end
v -6659.66545388221 -2959.99999999965 1324.95142385072
v -6465.37233161208 -2959.99999999965 585.977474523321
v -5314.59628563718 -2959.99999999965 925.074079579659
v -5421.88780159977 -2959.99999999965 1689.68459775686
v -6659.66545388221 -2959.99999999965 1324.95142385072
cstype bspline
deg 1
curv 0 5 6781 6782 6783 6784 6785
parm u 0 0 1 2 3 4
end
v -6626.14338668562 -2919.99999999965 1338.98124148906
v -6431.85026441549 -2919.99999999965 600.007292161657
v -5332.22993127052 -2919.99999999965 924.029957670382
v -5439.52144723311 -2919.99999999965 1688.64047584758
v -6626.14338668562 -2919.99999999965 1338.98124148906
cstype bspline
deg 1
curv 0 5 6786 6787 6788 6789 6790
parm u 0 0 1 2 3 4
end
v -5421.88780159993 -2959.99999999927 1689.68459775685
v -5314.59628563701 -2960.00000000003 925.074079579665
v -4428.38019297534 -1954.93775630061 1290.53747431631
v -4656.15268316437 -2091.57585087011 2005.4632866904
v -5421.88780159993 -2959.99999999927 1689.68459775685
cstype bspline
deg 1
curv 0 5 6791 6792 6793 6794 6795
parm u 0 0 1 2 3 4
end
v -5439.48823195494 -2920.07534523195 1688.64244258778
v -5332.19671599202 -2920.0753452327 924.031924410594
v -4483.16595866278 -1957.18518221588 1274.16059548611
v -4710.93844885181 -2093.82327678538 1989.0864078602
v -5439.48823195494 -2920.07534523195 1688.64244258778
cstype bspline
deg 1
curv 0 5 6796 6797 6798 6799 6800
parm u 0 0 1 2 3 4
end
v -5377.36243336438 -2919.99999999965 1638.27203256453
v -4105.2775716978 -2919.99999999965 1879.67476843142
v -3285.01056391152 -2050.80379450228 2133.8133631341
v -4643.26871237938 -2098.03544489626 1870.70638812599
v -5377.36243336438 -2919.99999999965 1638.27203256453
cstype bspline
deg 1
curv 0 5 6801 6802 6803 6804 6805
parm u 0 0 1 2 3 4
end
v -5382.9616602068 -2919.99999999965 1678.17479373741
v -4106.42516704391 -2919.99999999965 1920.42231288462
v -3293.80407152822 -2058.90578796304 2172.19201869963
v -4656.23334119855 -2106.28248364065 1908.27705952207
v -5382.9616602068 -2919.99999999965 1678.17479373741
cstype bspline
deg 1
curv 0 5 6806 6807 6808 6809 6810
parm u 0 0 1 2 3 4
end
v -5293.37403072814 -2919.99999999965 1039.73061497139
v -4088.06364150621 -2919.99999999965 1268.46160163352
v -3153.10794966102 -1929.27389259078 1558.13352965127
v -4448.79928009183 -1974.32986373032 1307.14631718475
v -5293.37403072814 -2919.99999999965 1039.73061497139
cstype bspline
deg 1
curv 0 5 6811 6812 6813 6814 6815
parm u 0 0 1 2 3 4
end
v -5298.97325757055 -2919.99999999965 1079.63337614427
v -4089.21123685232 -2919.99999999965 1309.20914608671
v -3161.90145727772 -1937.37588605154 1596.5121852168
v -4461.763908911 -1982.57690247471 1344.71698858084
v -5298.97325757055 -2919.99999999965 1079.63337614427
cstype bspline
deg 1
curv 0 5 6816 6817 6818 6819 6820
parm u 0 0 1 2 3 4
end
v -5427.08436308359 -2959.99999999965 1726.71777351932
v -5320.69905307767 -2959.99999999965 968.56531123467
v -4069.14672247171 -2959.99999999965 1206.07160172935
v -4090.95103404784 -2959.99999999965 1980.27494634
v -5427.08436308359 -2959.99999999965 1726.71777351932
cstype bspline
deg 1
curv 0 5 6821 6822 6823 6824 6825
parm u 0 0 1 2 3 4
end
v -5391.36050047043 -2919.99999999965 1738.02893549673
v -5284.97519046451 -2919.99999999965 979.876473212073
v -4086.45675091918 -2919.99999999965 1207.31855589994
v -4108.26106249532 -2919.99999999965 1981.5219005106
v -5391.36050047043 -2919.99999999965 1738.02893549673
cstype bspline
deg 1
curv 0 5 6826 6827 6828 6829 6830
parm u 0 0 1 2 3 4
end
v -4090.95103404781 -2959.99999999971 1980.27494634
v -4069.14672247172 -2959.99999999959 1206.07160172935
v -3083.10963675681 -1915.14547671928 1511.56978330878
v -3250.18628147411 -2069.08335247383 2240.7642390537
v -4090.95103404781 -2959.99999999971 1980.27494634
cstype bspline
deg 1
curv 0 5 6831 6832 6833 6834 6835
parm u 0 0 1 2 3 4
end
v -4108.22506357624 -2920.08318627329 1981.51930727383
v -4086.42075200013 -2920.0831862732 1207.31596266318
v -3139.91768823598 -1917.12090239962 1500.56554630299
v -3306.99433295327 -2071.05877815417 2229.76000204791
v -4108.22506357624 -2920.08318627329 1981.51930727383
cstype bspline
deg 1
curv 0 5 6836 6837 6838 6839 6840
parm u 0 0 1 2 3 4
end
v -4051.31424490314 -2919.99999999965 1924.91595245679
v -2686.29575205484 -2919.99999999965 2052.869933625
v -1794.59398181093 -2035.41359821422 2246.75410079803
v -3249.73222534186 -2072.60183793856 2105.71553017149
v -4051.31424490314 -2919.99999999965 1924.91595245679
cstype bspline
deg 1
curv 0 5 6841 6842 6843 6844 6845
parm u 0 0 1 2 3 4
end
v -4052.45140892664 -2919.99999999965 1965.29311306066
v -2682.77421178584 -2919.99999999965 2093.6837914344
v -1800.04596597354 -2044.31551806364 2285.6168305856
v -3259.39172614297 -2081.61128718464 2144.17044844341
v -4052.45140892664 -2919.99999999965 1965.29311306066
cstype bspline
deg 1
curv 0 5 6846 6847 6848 6849 6850
parm u 0 0 1 2 3 4
end
v -4034.25678455071 -2919.99999999965 1319.25854339875
v -2739.11885608994 -2919.99999999965 1440.66206648415
v -1712.81421937162 -1901.88480047276 1663.81315398454
v -3104.83971332508 -1937.46009924708 1528.89175609282
v -4034.25678455071 -2919.99999999965 1319.25854339875
cstype bspline
deg 1
curv 0 5 6851 6852 6853 6854 6855
parm u 0 0 1 2 3 4
end
v -4035.3939485742 -2919.99999999965 1359.63570400262
v -2735.59731582094 -2919.99999999965 1481.47592429354
v -1718.26620353425 -1910.78672032221 1702.6758837721
v -3114.4992141262 -1946.46954849319 1567.34667436473
v -4035.3939485742 -2919.99999999965 1359.63570400262
cstype bspline
deg 1
curv 0 5 6856 6857 6858 6859 6860
parm u 0 0 1 2 3 4
end
v -4091.99448128375 -2959.99999999965 2017.32451505429
v -4070.38836483733 -2959.99999999965 1250.15846358077
v -2727.89554397811 -2959.99999999965 1376.00093532651
v -2660.986278869 -2959.99999999965 2151.46423370474
v -4091.99448128375 -2959.99999999965 2017.32451505429
cstype bspline
deg 1
curv 0 5 6861 6862 6863 6864 6865
parm u 0 0 1 2 3 4
end
v -4054.15715496188 -2919.99999999965 2025.85885396647
v -4032.55103851546 -2919.99999999965 1258.69280249295
v -2744.53796491955 -2919.99999999965 1379.42845657146
v -2677.62869981044 -2919.99999999965 2154.89175494969
v -4054.15715496188 -2919.99999999965 2025.85885396647
cstype bspline
deg 1
curv 0 5 6866 6867 6868 6869 6870
parm u 0 0 1 2 3 4
end
v -2660.98627886871 -2960.00000000032 2151.46423370468
v -2727.89554397841 -2959.99999999892 1376.00093532657
v -1646.30616826636 -1887.04120817239 1611.17267360379
v -1749.89386735614 -2056.17768531156 2349.56453956755
v -2660.98627886871 -2960.00000000032 2151.46423370468
cstype bspline
deg 1
curv 0 5 6871 6872 6873 6874 6875
parm u 0 0 1 2 3 4
end
v -2677.58873333625 -2920.09605927928 2154.88352381914
v -2744.49799844595 -2920.09605927789 1379.42022544103
v -1704.63624312772 -1888.53192069868 1605.51905930318
v -1808.2239422175 -2057.66839783781 2343.91092526695
v -2677.58873333625 -2920.09605927928 2154.88352381914
cstype bspline
deg 1
curv 0 5 6876 6877 6878 6879 6880
parm u 0 0 1 2 3 4
end
v -2626.49983741094 -2919.99999999965 2092.60155899129
v -1108.79333933241 -2919.99999999965 2091.04507532562
v -190.93376276709 -2037.79242462528 2216.61119948184
v -1763.23474332898 -2057.9559284453 2215.33225192193
v -2626.49983741094 -2919.99999999965 2092.60155899129
cstype bspline
deg 1
curv 0 5 6881 6882 6883 6884 6885
parm u 0 0 1 2 3 4
end
v -2623.01352140748 -2919.99999999965 2133.00717550411
v -1100.4090711711 -2919.99999999965 2131.44566874436
v -192.652475974974 -2047.50298049391 2255.6296727535
v -1769.53153079107 -2067.72519445838 2254.34700127752
v -2623.01352140748 -2919.99999999965 2133.00717550411
cstype bspline
deg 1
curv 0 5 6886 6887 6888 6889 6890
parm u 0 0 1 2 3 4
end
v -2678.79457746288 -2919.99999999965 1486.51731129903
v -1234.55736175209 -2919.99999999965 1485.0361740446
v -165.15306464853 -1892.13408659594 1631.33410040691
v -1668.78293139729 -1911.41693824896 1630.11101158813
v -2678.79457746288 -2919.99999999965 1486.51731129903
cstype bspline
deg 1
curv 0 5 6891 6892 6893 6894 6895
parm u 0 0 1 2 3 4
end
v -2675.30826145942 -2919.99999999965 1526.92292781185
v -1226.17309359078 -2919.99999999965 1525.43676746333
v -166.871777856435 -1901.84464246457 1670.35257367857
v -1675.0797188594 -1921.18620426208 1669.12576094371
v -2675.30826145942 -2919.99999999965 1526.92292781185
cstype bspline
deg 1
curv 0 5 6896 6897 6898 6899 6900
parm u 0 0 1 2 3 4
end
v -2657.84070448366 -2959.99999999965 2187.92073167065
v -2724.08070854945 -2959.99999999965 1420.21401792713
v -1231.28295767022 -2959.99999999965 1418.68307942331
v -1071.98186260553 -2959.99999999965 2186.29435437927
v -2657.84070448366 -2959.99999999965 2187.92073167065
cstype bspline
deg 1
curv 0 5 6901 6902 6903 6904 6905
parm u 0 0 1 2 3 4
end
v -2617.78404740229 -2919.99999999965 2193.61560027333
v -2684.02405146807 -2919.99999999965 1425.90888652981
v -1247.3129188952 -2919.99999999965 1424.43546764877
v -1088.01182383051 -2919.99999999965 2192.04674260474
v -2617.78404740229 -2919.99999999965 2193.61560027333
cstype bspline
deg 1
curv 0 5 6906 6907 6908 6909 6910
parm u 0 0 1 2 3 4
end
v -1071.9818626055 -2959.99999999974 2186.29435437926
v -1231.28295767026 -2959.99999999956 1418.68307942332
v -104.330574533738 -1876.82131463947 1572.85376791643
v -136.986125483858 -2061.32187614325 2314.20476007801
v -1071.9818626055 -2959.99999999974 2186.29435437926
cstype bspline
deg 1
curv 0 5 6911 6912 6913 6914 6915
parm u 0 0 1 2 3 4
end
v -1087.9620055669 -2920.12431287332 2192.02886520697
v -1247.26310063166 -2920.12431287314 1424.41759025103
v -162.574994836679 -1877.56825279302 1572.80639049942
v -195.230545786799 -2062.06881429683 2314.157382661
v -1087.9620055669 -2920.12431287332 2192.02886520697
cstype bspline
deg 1
curv 0 5 6916 6917 6918 6919 6920
parm u 0 0 1 2 3 4
end
v -1044.86611992052 -2919.99999999965 2122.11404576672
v 341.410870042379 -2919.99999999965 1988.52687415927
v 1266.88383228536 -2060.07568086952 2046.72579176976
v -163.342294611222 -2060.75271731112 2184.43204094908
v -1044.86611992052 -2919.99999999965 2122.11404576672
cstype bspline
deg 1
curv 0 5 6921 6922 6923 6924 6925
parm u 0 0 1 2 3 4
end
v -1036.57191632872 -2919.99999999965 2162.08065234438
v 354.975256633694 -2919.99999999965 2027.98562491456
v 1269.01734154903 -2070.69694135367 2085.46570500635
v -165.947015685211 -2071.37622076552 2223.62816451163
v -1036.57191632872 -2919.99999999965 2162.08065234438
cstype bspline
deg 1
curv 0 5 6926 6927 6928 6929 6930
parm u 0 0 1 2 3 4
end
v -1169.27917379759 -2919.99999999965 1522.61494710193
v 137.945071172679 -2919.99999999965 1396.6456128299
v 1234.88119333101 -1900.75677360641 1465.627093221
v -124.271478501021 -1901.40016549476 1596.49018751097
v -1169.27917379759 -2919.99999999965 1522.61494710193
cstype bspline
deg 1
curv 0 5 6931 6932 6933 6934 6935
parm u 0 0 1 2 3 4
end
v -1160.98497020578 -2919.99999999965 1562.58155367959
v 151.509457763994 -2919.99999999965 1436.10436358519
v 1237.01470259462 -1911.37803409062 1504.36700645759
v -126.876199575054 -1912.0236689492 1635.68631107351
v -1160.98497020578 -2919.99999999965 1562.58155367959
cstype bspline
deg 1
curv 0 5 6936 6937 6938 6939 6940
parm u 0 0 1 2 3 4
end
v -1065.16763686217 -2959.99999999965 2219.12951165473
v -1222.75750510646 -2959.99999999965 1459.76398667933
v 132.326684576768 -2959.99999999965 1329.1826775323
v 390.050029809914 -2959.99999999965 2078.89894188301
v -1065.16763686217 -2959.99999999965 2219.12951165473
cstype bspline
deg 1
curv 0 5 6941 6942 6943 6944 6945
parm u 0 0 1 2 3 4
end
v -1024.13061094101 -2919.99999999965 2222.03056221086
v -1181.72047918529 -2919.99999999965 1462.66503723546
v 117.359441740286 -2919.99999999965 1337.48052246317
v 375.082786973431 -2919.99999999965 2087.19678681389
v -1024.13061094101 -2919.99999999965 2222.03056221086
cstype bspline
deg 1
curv 0 5 6946 6947 6948 6949 6950
parm u 0 0 1 2 3 4
end
v 390.050029810121 -2960.0000000002 2078.89894188289
v 132.326684576521 -2959.99999999898 1329.18267753244
v 1289.4876153879 -1884.79751851285 1401.95143083146
v 1330.02429139678 -2086.60146771278 2138.00978232654
v 390.050029810121 -2960.0000000002 2078.89894188289
cstype bspline
deg 1
curv 0 5 6951 6952 6953 6954 6955
parm u 0 0 1 2 3 4
end
v 375.144457806153 -2920.16481547942 2087.16259648155
v 117.421112572545 -2920.16481547817 1337.44633213111
v 1231.68092943557 -1884.82488288009 1407.51722336614
v 1272.21760544445 -2086.62883207999 2143.57557486122
v 375.144457806153 -2920.16481547942 2087.16259648155
cstype bspline
deg 1
curv 0 5 6956 6957 6958 6959 6960
parm u 0 0 1 2 3 4
end
v 408.35304462814 -2919.99999999965 2009.62000315198
v 1718.31153050727 -2919.99999999965 1757.96165177706
v 2605.13682492239 -2093.72101062199 1760.16530717706
v 1292.86924280754 -2081.65889896665 2014.78650509158
v 408.35304462814 -2919.99999999965 2009.62000315198
cstype bspline
deg 1
curv 0 5 6961 6962 6963 6964 6965
parm u 0 0 1 2 3 4
end
v 421.760953201596 -2919.99999999965 2048.62355992827
v 1736.98741942426 -2919.99999999965 1795.95316789509
v 2611.37723354416 -2105.30748222521 1798.12592260533
v 1294.10108056545 -2093.19933274816 2053.7189408487
v 421.760953201596 -2919.99999999965 2048.62355992827
cstype bspline
deg 1
curv 0 5 6966 6967 6968 6969 6970
parm u 0 0 1 2 3 4
end
v 207.234416026266 -2919.99999999965 1424.56665150765
v 1438.17319675235 -2919.99999999965 1188.08891000648
v 2511.5306955959 -1919.9239365735 1190.75607575306
v 1274.39167643891 -1908.55239224396 1430.79996873477
v 207.234416026266 -2919.99999999965 1424.56665150765
cstype bspline
deg 1
curv 0 5 6971 6972 6973 6974 6975
parm u 0 0 1 2 3 4
end
v 220.642324599725 -2919.99999999965 1463.57020828393
v 1456.84908566934 -2919.99999999965 1226.08042612451
v 2517.77110421767 -1931.51040817672 1228.71669118133
v 1275.62351419682 -1920.09282602547 1469.73240449189
v 220.642324599725 -2919.99999999965 1463.57020828393
cstype bspline
deg 1
curv 0 5 6976 6977 6978 6979 6980
parm u 0 0 1 2 3 4
end
v 399.669650925814 -2959.99999999965 2106.88238436178
v 144.919388030103 -2959.99999999965 1365.81480561228
v 1423.73980778503 -2959.99999999965 1120.13844104861
v 1778.58169720654 -2959.99999999965 1841.97724729162
v 399.669650925814 -2959.99999999965 2106.88238436178
cstype bspline
deg 1
curv 0 5 6981 6982 6983 6984 6985
parm u 0 0 1 2 3 4
end
v 441.872816061787 -2919.99999999965 2107.12889509271
v 187.122553166078 -2919.99999999965 1366.06131634321
v 1409.81752869062 -2919.99999999965 1131.16730627204
v 1764.65941811213 -2919.99999999965 1853.00611251504
v 441.872816061787 -2919.99999999965 2107.12889509271
cstype bspline
deg 1
curv 0 5 6986 6987 6988 6989 6990
parm u 0 0 1 2 3 4
end
v 1778.58169720669 -2960.00000000009 1841.9772472915
v 1423.73980778484 -2959.99999999913 1120.13844104876
v 2558.12950252361 -1903.05859741161 1122.95726454451
v 2676.69726633711 -2123.20155787302 1844.20895768159
v 1778.58169720669 -2960.00000000009 1841.9772472915
cstype bspline
deg 1
curv 0 5 6991 6992 6993 6994 6995
parm u 0 0 1 2 3 4
end
v 1764.74312682893 -2920.24050291226 1852.93980065982
v 1409.90123740708 -2920.2405029113 1131.10099441708
v 2502.17008266329 -1902.54422916862 1133.81515261065
v 2620.73784647679 -2122.68718963003 1855.06684574774
v 1764.74312682893 -2920.24050291226 1852.93980065982
cstype bspline
deg 1
curv 0 5 6996 6997 6998 6999 7000
parm u 0 0 1 2 3 4
end
v 1786.62529240952 -2919.99999999965 1771.11398605063
v 2996.58285165161 -2919.99999999965 1412.00053843461
v 3837.42041469956 -2133.82769203887 1362.55094992093
v 2628.81246382026 -2113.82630207244 1726.35492212673
v 1786.62529240952 -2919.99999999965 1771.11398605063
cstype bspline
deg 1
curv 0 5 7001 7002 7003 7004 7005
parm u 0 0 1 2 3 4
end
v 1805.04995412366 -2919.99999999965 1808.59444203283
v 3020.56311558639 -2919.99999999965 1447.83210065868
v 3847.91539249195 -2146.43626115614 1399.17558072332
v 2634.15439308311 -2126.34959280552 1764.53067587404
v 1805.04995412366 -2919.99999999965 1808.59444203283
cstype bspline
deg 1
curv 0 5 7006 7007 7008 7009 7010
parm u 0 0 1 2 3 4
end
v 1510.25536669753 -2919.99999999965 1208.90714631759
v 2636.87889262984 -2919.99999999965 874.527105073586
v 3679.99574781366 -1944.69915528002 813.181487884998
v 2548.68352487756 -1925.97694107625 1153.71861591704
v 1510.25536669753 -2919.99999999965 1208.90714631759
cstype bspline
deg 1
curv 0 5 7011 7012 7013 7014 7015
parm u 0 0 1 2 3 4
end
v 1528.68002841165 -2919.99999999965 1246.38760229979
v 2660.85915656461 -2919.99999999965 910.358667297651
v 3690.49072560606 -1957.30772439728 849.806118687397
v 2554.02545414041 -1938.50023180933 1191.89436966435
v 1528.68002841165 -2919.99999999965 1246.38760229979
cstype bspline
deg 1
curv 0 5 7016 7017 7018 7019 7020
parm u 0 0 1 2 3 4
end
v 1790.90006262379 -2959.99999999965 1867.03594090193
v 1440.83149005525 -2959.99999999965 1154.90727724007
v 2612.79526510799 -2959.99999999965 807.070323352287
v 3068.4202798675 -2959.99999999965 1487.87000561001
v 1790.90006262379 -2959.99999999965 1867.03594090193
cstype bspline
deg 1
curv 0 5 7021 7022 7023 7024 7025
parm u 0 0 1 2 3 4
end
v 1832.68694669486 -2919.99999999965 1864.81512600613
v 1482.61837412632 -2919.99999999965 1152.68646234428
v 2600.42550794217 -2919.99999999965 820.923112028231
v 3056.05052270168 -2919.99999999965 1501.72279428595
v 1832.68694669486 -2919.99999999965 1864.81512600613
cstype bspline
deg 1
curv 0 5 7026 7027 7028 7029 7030
parm u 0 0 1 2 3 4
end
v 3068.42027986764 -2960.00000000009 1487.87000560987
v 2612.79526510782 -2959.99999999907 807.070323352498
v 3717.97059920654 -1926.67527558954 742.075052079699
v 3917.37517726201 -2166.23808881745 1437.94303732522
v 3068.42027986764 -2960.00000000009 1487.87000560987
cstype bspline
deg 1
curv 0 5 7031 7032 7033 7034 7035
parm u 0 0 1 2 3 4
end
v 3056.15885154061 -2920.35030223269 1501.60147771579
v 2600.5338367808 -2920.35030223167 820.801795458414
v 3664.25328112507 -1925.78630160412 758.244541681403
v 3863.65785918054 -2165.34911483203 1454.11252692692
v 3056.15885154061 -2920.35030223269 1501.60147771579
cstype bspline
deg 1
curv 0 5 7036 7037 7038 7039 7040
parm u 0 0 1 2 3 4
end
v 3066.18278832018 -2919.99999999965 1418.0864320949
v 4168.23768635101 -2919.99999999965 957.267790410999
v 4956.57966994984 -2176.51260344006 858.430281233801
v 3858.08426914675 -2151.83246210622 1325.42208925642
v 3066.18278832018 -2919.99999999965 1418.0864320949
cstype bspline
deg 1
curv 0 5 7041 7042 7043 7044 7045
parm u 0 0 1 2 3 4
end
v 3089.76588204877 -2919.99999999965 1453.3245384256
v 4197.64573286169 -2919.99999999965 990.070222408493
v 4971.51019891413 -2190.16638828616 893.047816071336
v 3867.7144820241 -2165.36716356783 1362.2928917824
v 3089.76588204877 -2919.99999999965 1453.3245384256
cstype bspline
deg 1
curv 0 5 7046 7047 7048 7049 7050
parm u 0 0 1 2 3 4
end
v 2712.43638239129 -2919.99999999965 889.514837134469
v 3727.11698869085 -2919.99999999965 465.231310448593
v 4732.62173548543 -1971.70583074857 339.167258670786
v 3713.6310759865 -1948.81194018159 772.360051366753
v 2712.43638239129 -2919.99999999965 889.514837134469
cstype bspline
deg 1
curv 0 5 7051 7052 7053 7054 7055
parm u 0 0 1 2 3 4
end
v 2736.01947611988 -2919.99999999965 924.752943465171
v 3756.52503520153 -2919.99999999965 498.033742446094
v 4747.55226444973 -1985.35961559467 373.784793508323
v 3723.26128886385 -1962.34664164323 809.230853892735
v 2736.01947611988 -2919.99999999965 924.752943465171
cstype bspline
deg 1
curv 0 5 7056 7057 7058 7059 7060
parm u 0 0 1 2 3 4
end
v 3083.90464938421 -2959.99999999965 1511.00691316531
v 2635.82586854095 -2959.99999999965 841.482892882101
v 3692.59512510014 -2959.99999999965 399.600211492039
v 4251.34800880277 -2959.99999999965 1022.84641944451
v 3083.90464938421 -2959.99999999965 1511.00691316531
cstype bspline
deg 1
curv 0 5 7061 7062 7063 7064 7065
parm u 0 0 1 2 3 4
end
v 3125.14052264166 -2919.99999999965 1506.18169792164
v 2677.0617417984 -2919.99999999965 836.65767763843
v 3682.33692464071 -2919.99999999965 416.306980859468
v 4241.08980834333 -2919.99999999965 1039.55318881194
v 3125.14052264166 -2919.99999999965 1506.18169792164
cstype bspline
deg 1
curv 0 5 7066 7067 7068 7069 7070
parm u 0 0 1 2 3 4
end
v 4251.3480088028 -2959.99999999974 1022.84641944447
v 3692.59512510011 -2959.99999999953 399.600211492078
v 4761.01931403945 -1952.36633950431 265.647703854012
v 5044.69936436103 -2211.7882515802 923.380865767162
v 4251.3480088028 -2959.99999999974 1022.84641944447
cstype bspline
deg 1
curv 0 5 7071 7072 7073 7074 7075
parm u 0 0 1 2 3 4
end
v 4241.21990587764 -2920.50729183826 1039.34130861818
v 3682.46702217495 -2920.50729183806 416.0951006658
v 4710.22594203899 -1951.22515347943 287.240956414484
v 4993.90599236057 -2210.64706555533 944.974118327635
v 4241.21990587764 -2920.50729183826 1039.34130861818
cstype bspline
deg 1
curv 0 5 7076 7077 7078 7079 7080
parm u 0 0 1 2 3 4
end
v 4239.1437178944 -2919.99999999965 956.607267948672
v 5222.46019607994 -2919.99999999965 397.834501881605
v 5951.85694782147 -2218.51830092128 250.289817884601
v 4972.97016404583 -2191.58648197216 816.793858605968
v 4239.1437178944 -2919.99999999965 956.607267948672
cstype bspline
deg 1
curv 0 5 7081 7082 7083 7084 7085
parm u 0 0 1 2 3 4
end
v 4267.92581791562 -2919.99999999965 988.711504397976
v 5257.2560520861 -2919.99999999965 426.521402060538
v 5971.37260951215 -2233.21370043478 282.067644142251
v 4987.09702352229 -2206.13362098401 851.690307241202
v 4267.92581791562 -2919.99999999965 988.711504397976
cstype bspline
deg 1
curv 0 5 7086 7087 7088 7089 7090
parm u 0 0 1 2 3 4
end
v 3807.41221757612 -2919.99999999965 475.043721209031
v 4700.52235598749 -2919.99999999965 -32.4690008024281
v 5659.12202246134 -1998.08730821911 -226.37757598023
v 4761.06727189895 -1973.37939679419 293.347129077407
v 3807.41221757612 -2919.99999999965 475.043721209031
cstype bspline
deg 1
curv 0 5 7091 7092 7093 7094 7095
parm u 0 0 1 2 3 4
end
v 3836.19431759734 -2919.99999999965 507.147957658333
v 4735.31821199365 -2919.99999999965 -3.78210062349535
v 5678.63768415202 -2012.78270773258 -194.59974972258
v 4775.19413137541 -1987.92653580607 328.243577712641
v 3836.19431759734 -2919.99999999965 507.147957658333
cstype bspline
deg 1
curv 0 5 7096 7097 7098 7099 7100
parm u 0 0 1 2 3 4
end
v 4270.80172315502 -2959.99999999965 1044.54555345198
v 3723.94182275188 -2959.99999999965 434.565060915113
v 4654.96324646019 -2959.99999999965 -94.4908714670455
v 5316.08451057686 -2959.99999999965 450.560231932956
v 4270.80172315502 -2959.99999999965 1044.54555345198
cstype bspline
deg 1
curv 0 5 7101 7102 7103 7104 7105
parm u 0 0 1 2 3 4
end
v 4311.09896794744 -2919.99999999965 1036.86785907194
v 3764.2390675443 -2919.99999999965 426.887366535067
v 4647.4366046065 -2919.99999999965 -74.9924877296653
v 5308.55786872318 -2919.99999999965 470.058615670336
v 4311.09896794744 -2919.99999999965 1036.86785907194
cstype bspline
deg 1
curv 0 5 7106 7107 7108 7109 7110
parm u 0 0 1 2 3 4
end
v 5316.08451057689 -2959.9999999998 450.560231932883
v 4654.96324646014 -2959.99999999945 -94.4908714669436
v 5676.733710678 -1977.33414688689 -301.177835592509
v 6047.53128280082 -2256.54673764299 302.600863302938
v 5316.08451057689 -2959.9999999998 450.560231932883
cstype bspline
deg 1
curv 0 5 7111 7112 7113 7114 7115
parm u 0 0 1 2 3 4
end
v 5308.69454899864 -2920.72638118328 469.704534193879
v 4647.57328488189 -2920.72638118293 -75.3465692059472
v 5629.84852992533 -1976.04420894888 -274.044315366711
v 6000.64610204815 -2255.25679970498 329.734383528732
v 5308.69454899864 -2920.72638118328 469.704534193879
cstype bspline
deg 1
curv 0 5 7116 7117 7118 7119 7120
parm u 0 0 1 2 3 4
end
v 5294.22845798658 -2919.99999999965 389.838343667805
v 6144.00511425855 -2919.99999999965 -262.830765217383
v 6807.54566598369 -2257.42867258866 -458.373440154039
v 5962.15300496701 -2230.03860942507 203.912655645596
v 5294.22845798658 -2919.99999999965 389.838343667805
cstype bspline
deg 1
curv 0 5 7121 7122 7123 7124 7125
parm u 0 0 1 2 3 4
end
v 5328.06435636496 -2919.99999999965 417.733821769365
v 6183.84623672945 -2919.99999999965 -239.547586392575
v 6831.65668266446 -2273.13580163536 -430.454663768178
v 5980.95011563667 -2245.57357205963 235.994380478769
v 5328.06435636496 -2919.99999999965 417.733821769365
cstype bspline
deg 1
curv 0 5 7126 7127 7128 7129 7130
parm u 0 0 1 2 3 4
end
v 4786.68998231107 -2919.99999999965 -28.5938278555404
v 5546.38827719514 -2919.99999999965 -612.078447589436
v 6445.88041577211 -2021.82173688791 -877.155085941893
v 5680.19634492227 -1997.01416990627 -277.313216852013
v 4786.68998231107 -2919.99999999965 -28.5938278555404
cstype bspline
deg 1
curv 0 5 7131 7132 7133 7134 7135
parm u 0 0 1 2 3 4
end
v 4820.52588068943 -2919.99999999965 -0.698349753984076
v 5586.22939966604 -2919.99999999965 -588.795268764632
v 6469.99143245289 -2037.52886593461 -849.236309556036
v 5698.99345559192 -2012.54913254085 -245.231492018836
v 4820.52588068943 -2919.99999999965 -0.698349753984076
cstype bspline
deg 1
curv 0 5 7136 7137 7138 7139 7140
parm u 0 0 1 2 3 4
end
v 5340.09577359917 -2959.99999999965 470.355942817612
v 4697.21370441018 -2959.99999999965 -59.6581411119623
v 5489.59679794893 -2959.99999999965 -668.246249220816
v 6246.5781248949 -2959.99999999965 -225.865851548771
v 5340.09577359917 -2959.99999999965 470.355942817612
cstype bspline
deg 1
curv 0 5 7141 7142 7143 7144 7145
parm u 0 0 1 2 3 4
end
v 5378.81820393251 -2919.99999999965 459.5770389217
v 4735.93613474352 -2919.99999999965 -70.437045007875
v 5485.49820235703 -2919.99999999965 -646.136557477043
v 6242.479529303 -2919.99999999965 -203.756159804994
v 5378.81820393251 -2919.99999999965 459.5770389217
cstype bspline
deg 1
curv 0 5 7146 7147 7148 7149 7150
parm u 0 0 1 2 3 4
end
v 6246.57812489494 -2960.00000000006 -225.865851548995
v 5489.59679794888 -2959.99999999913 -668.246249220534
v 6451.39034815789 -1999.61132804758 -951.682857662523
v 6909.49966509253 -2298.04677993519 -421.226106331233
v 6246.57812489494 -2960.00000000006 -225.865851548995
cstype bspline
deg 1
curv 0 5 7151 7152 7153 7154 7155
parm u 0 0 1 2 3 4
end
v 6242.58426485024 -2921.02216034595 -204.321151059226
v 5485.60293790418 -2921.02216034502 -646.701548730765
v 6409.71389075096 -1998.26104331782 -919.033250520679
v 6867.82320768561 -2296.69649520545 -388.576499189392
v 6242.58426485024 -2921.02216034595 -204.321151059226
cstype bspline
deg 1
curv 0 5 7156 7157 7158 7159 7160
parm u 0 0 1 2 3 4
end
v 6215.09441838136 -2919.99999999965 -279.480251998952
v 6912.67588033051 -2919.99999999965 -1017.63883588973
v 7503.465162694 -2291.29183592336 -1258.25251320538
v 6809.96466020284 -2265.10523394786 -508.395591826717
v 6215.09441838136 -2919.99999999965 -279.480251998952
cstype bspline
deg 1
curv 0 5 7161 7162 7163 7164 7165
parm u 0 0 1 2 3 4
end
v 6253.55083939894 -2919.99999999965 -257.006293636752
v 6956.71875642633 -2919.99999999965 -1001.07628715415
v 7531.85847382342 -2307.94584362514 -1235.31628863078
v 6833.46144679462 -2281.57434872072 -480.164932998552
v 6253.55083939894 -2919.99999999965 -257.006293636752
cstype bspline
deg 1
curv 0 5 7166 7167 7168 7169 7170
parm u 0 0 1 2 3 4
end
v 5638.24810311769 -2919.99999999965 -616.589627431966
v 6252.03273889331 -2919.99999999965 -1266.07706692341
v 7077.56549575266 -2041.48172039664 -1602.29588182439
v 6457.51286132614 -2018.0685123553 -931.855474249163
v 5638.24810311769 -2919.99999999965 -616.589627431966
cstype bspline
deg 1
curv 0 5 7171 7172 7173 7174 7175
parm u 0 0 1 2 3 4
end
v 5676.70452413526 -2919.99999999965 -594.115669069766
v 6296.07561498913 -2919.99999999965 -1249.51451818783
v 7105.95880688208 -2058.13572809842 -1579.35965724979
v 6481.00964791792 -2034.53762712816 -903.624815420998
v 5676.70452413526 -2919.99999999965 -594.115669069766
cstype bspline
deg 1
curv 0 5 7176 7177 7178 7179 7180
parm u 0 0 1 2 3 4
end
v 6274.90167974796 -2959.99999999965 -209.313547003247
v 5544.22968041397 -2959.99999999965 -636.31875588507
v 6184.56488281361 -2959.99999999965 -1313.9011631039
v 7021.37952863358 -2959.99999999965 -999.212737127375
v 6274.90167974796 -2959.99999999965 -209.313547003247
cstype bspline
deg 1
curv 0 5 7181 7182 7183 7184 7185
parm u 0 0 1 2 3 4
end
v 6311.23547092531 -2919.99999999965 -223.295356093446
v 5580.56347159131 -2919.99999999965 -650.300564975272
v 6184.65990776492 -2919.99999999965 -1289.53625884449
v 7021.47455358488 -2919.99999999965 -974.847832867968
v 6311.23547092531 -2919.99999999965 -223.295356093446
cstype bspline
deg 1
curv 0 5 7186 7187 7188 7189 7190
parm u 0 0 1 2 3 4
end
v 7021.37952863358 -2959.99999999988 -999.212737127526
v 6184.56488281361 -2959.99999999936 -1313.90116310373
v 7069.91958496218 -2017.82019755387 -1674.48395797168
v 7609.39249642122 -2334.24634388776 -1238.69569105426
v 7021.37952863358 -2959.99999999988 -999.212737127526
cstype bspline
deg 1
curv 0 5 7191 7192 7193 7194 7195
parm u 0 0 1 2 3 4
end
v 7021.47123713949 -2921.39603139751 -975.698187151767
v 6184.65659131952 -2921.39603139699 -1290.38661312797
v 7034.97552905851 -2016.50070884396 -1636.7002186863
v 7574.44844051756 -2332.92685517782 -1200.91195176887
v 7021.47123713949 -2921.39603139751 -975.698187151767
cstype bspline
deg 1
curv 0 5 7196 7197 7198 7199 7200
parm u 0 0 1 2 3 4
end
v 6979.77676162337 -2919.99999999965 -1044.30109317757
v 7506.82469338661 -2919.99999999965 -1849.14588676569
v 8020.37948919121 -2318.37064584548 -2127.46182247124
v 7497.25269112335 -2295.50925160578 -1309.38025284189
v 6979.77676162337 -2919.99999999965 -1044.30109317757
cstype bspline
deg 1
curv 0 5 7201 7202 7203 7204 7205
parm u 0 0 1 2 3 4
end
v 7022.01773537877 -2919.99999999965 -1028.41615902976
v 7553.61110584611 -2919.99999999965 -1840.20220493116
v 8052.24946031305 -2335.84525428372 -2110.43432297556
v 7525.15716470086 -2312.81056209205 -1286.15138788871
v 7022.01773537877 -2919.99999999965 -1028.41615902976
cstype bspline
deg 1
curv 0 5 7206 7207 7208 7209 7210
parm u 0 0 1 2 3 4
end
v 6346.16215529226 -2919.99999999965 -1282.57510539475
v 6805.02850649414 -2919.99999999965 -1983.30111428364
v 7542.32992236374 -2056.25151927207 -2382.87431490632
v 7078.68558746091 -2035.98959431166 -1657.81322713947
v 6346.16215529226 -2919.99999999965 -1282.57510539475
cstype bspline
deg 1
curv 0 5 7211 7212 7213 7214 7215
parm u 0 0 1 2 3 4
end
v 6388.40312904767 -2919.99999999965 -1266.69017124694
v 6851.81491895363 -2919.99999999965 -1974.35743244912
v 7574.19989348557 -2073.72612771031 -2365.84681541065
v 7106.5900610384 -2053.29090479796 -1634.58436218629
v 6388.40312904767 -2919.99999999965 -1266.69017124694
cstype bspline
deg 1
curv 0 5 7216 7217 7218 7219 7220
parm u 0 0 1 2 3 4
end
v 7052.23372951259 -2959.99999999965 -987.60985713764
v 6249.65522815987 -2959.99999999965 -1289.42360594606
v 6728.52490985085 -2959.99999999965 -2020.69631738006
v 7617.46674658098 -2959.99999999965 -1850.76636252347
v 7052.23372951259 -2959.99999999965 -987.60985713764
cstype bspline
deg 1
curv 0 5 7221 7222 7223 7224 7225
parm u 0 0 1 2 3 4
end
v 7085.37919601188 -2919.99999999965 -1004.58875780805
v 6282.80069465916 -2919.99999999965 -1306.40250661646
v 6733.52991024718 -2919.99999999965 -1994.7024516906
v 7622.4717469773 -2919.99999999965 -1824.77249683402
v 7085.37919601188 -2919.99999999965 -1004.58875780805
cstype bspline
deg 1
curv 0 5 7226 7227 7228 7229 7230
parm u 0 0 1 2 3 4
end
v 7617.46674658094 -2959.99999999985 -1850.76636252359
v 6728.52490985087 -2959.99999999939 -2020.69631737988
v 7521.34477062301 -2031.2116707041 -2450.35718940235
v 8126.87422193779 -2363.22923103042 -2126.83469898457
v 7617.46674658094 -2959.99999999985 -1850.76636252359
cstype bspline
deg 1
curv 0 5 7231 7232 7233 7234 7235
parm u 0 0 1 2 3 4
end
v 7622.24519756397 -2921.8105845784 -1825.94909914301
v 6733.3033608339 -2921.81058457794 -1995.8790539993
v 7494.524965681 -2030.03960661471 -2408.41556414983
v 8100.05441699578 -2362.05716694103 -2084.89307373206
v 7622.24519756397 -2921.8105845784 -1825.94909914301
cstype bspline
deg 1
curv 0 5 7236 7237 7238 7239 7240
parm u 0 0 1 2 3 4
end
v 7565.09778844061 -2919.99999999965 -1885.80835999017
v 7914.65124997422 -2919.99999999965 -2725.11368477743
v 8352.89575440745 -2337.18157442837 -3029.05935195764
v 8006.87606461274 -2320.33877923994 -2176.61346532047
v 7565.09778844061 -2919.99999999965 -1885.80835999017
cstype bspline
deg 1
curv 0 5 7241 7242 7243 7244 7245
parm u 0 0 1 2 3 4
end
v 7609.85666577396 -2919.99999999965 -1877.25226139024
v 7962.39992331416 -2919.99999999965 -2723.73632129101
v 8387.04348173315 -2355.26938126248 -3018.24901539622
v 8038.40338580319 -2338.29903563359 -2159.34755846297
v 7609.85666577396 -2919.99999999965 -1877.25226139024
cstype bspline
deg 1
curv 0 5 7246 7247 7248 7249 7250
parm u 0 0 1 2 3 4
end
v 6893.71462844059 -2919.99999999965 -2014.14983898901
v 7198.4211498753 -2919.99999999965 -2745.77413707357
v 7840.67984452231 -2065.86447191649 -3191.21440037871
v 7533.96624675609 -2050.93493333517 -2435.60206818279
v 6893.71462844059 -2919.99999999965 -2014.14983898901
cstype bspline
deg 1
curv 0 5 7251 7252 7253 7254 7255
parm u 0 0 1 2 3 4
end
v 6938.47350577394 -2919.99999999965 -2005.59374038908
v 7246.16982321524 -2919.99999999965 -2744.39677358716
v 7874.827571848 -2083.95227875063 -3180.4040638173
v 7565.49356794655 -2068.89518972888 -2418.3361613253
v 6938.47350577394 -2919.99999999965 -2005.59374038908
cstype bspline
deg 1
curv 0 5 7256 7257 7258 7259 7260
parm u 0 0 1 2 3 4
end
v 7647.52645782221 -2959.99999999965 -1845.02015375825
v 6797.10778848886 -2959.99999999965 -2007.58602715678
v 7115.45981237558 -2959.99999999965 -2771.97424872567
v 8022.68460583417 -2959.99999999965 -2745.80434248379
v 7647.52645782221 -2959.99999999965 -1845.02015375825
cstype bspline
deg 1
curv 0 5 7261 7262 7263 7264 7265
parm u 0 0 1 2 3 4
end
v 7676.99498177395 -2919.99999999965 -1864.41811349036
v 6826.5763124406 -2919.99999999965 -2026.98398688889
v 7125.71335260462 -2919.99999999965 -2745.23552286065
v 8032.9381460632 -2919.99999999965 -2719.06561661877
v 7676.99498177395 -2919.99999999965 -1864.41811349036
cstype bspline
deg 1
curv 0 5 7266 7267 7268 7269 7270
parm u 0 0 1 2 3 4
end
v 8022.68460583414 -2959.99999999971 -2745.80434248381
v 7115.45981237557 -2959.99999999962 -2771.97424872563
v 7807.5358631569 -2039.6127042968 -3251.96547477924
v 8456.34268234475 -2383.28103414515 -3046.56908011255
v 8022.68460583414 -2959.99999999971 -2745.80434248381
cstype bspline
deg 1
curv 0 5 7271 7272 7273 7274 7275
parm u 0 0 1 2 3 4
end
v 8032.37706476738 -2922.18882954842 -2720.52877945052
v 7125.15227130881 -2922.18882954837 -2746.69868569234
v 7789.4582535338 -2038.73276166531 -3207.42990522082
v 8438.26507272166 -2382.40109151369 -3002.03351055412
v 8032.37706476738 -2922.18882954842 -2720.52877945052
cstype bspline
deg 1
curv 0 5 7276 7277 7278 7279 7280
parm u 0 0 1 2 3 4
end
v 7959.96181172677 -2919.99999999965 -2769.3416749637
v 8146.35237645591 -2919.99999999965 -3605.41120504066
v 8519.35952454599 -2347.27791461558 -3922.23094016474
v 8334.99863454152 -2338.47143831389 -3074.40998305261
v 7959.96181172677 -2919.99999999965 -2769.3416749637
cstype bspline
deg 1
curv 0 5 7281 7282 7283 7284 7285
parm u 0 0 1 2 3 4
end
v 8005.77052071639 -2919.99999999965 -2768.02027190245
v 8193.62344577663 -2919.99999999965 -3610.64933419932
v 8554.61207312424 -2365.73137401469 -3917.26094173737
v 8368.94660907028 -2356.86258134831 -3063.44063617744
v 8005.77052071639 -2919.99999999965 -2768.02027190245
cstype bspline
deg 1
curv 0 5 7286 7287 7288 7289 7290
parm u 0 0 1 2 3 4
end
v 7272.8311768823 -2919.99999999965 -2789.16272088241
v 7437.28633664492 -2919.99999999965 -3526.83926766078
v 7990.5712958718 -2070.47602362928 -3996.78091657542
v 7825.77901661002 -2062.60429279751 -3238.9501861801
v 7272.8311768823 -2919.99999999965 -2789.16272088241
cstype bspline
deg 1
curv 0 5 7291 7292 7293 7294 7295
parm u 0 0 1 2 3 4
end
v 7318.63988587194 -2919.99999999965 -2787.84131782116
v 7484.55740596566 -2919.99999999965 -3532.07739681944
v 8025.82384445008 -2088.92948302839 -3991.81091814802
v 7859.72699113879 -2080.99543583195 -3227.98083930493
v 7318.63988587194 -2919.99999999965 -2787.84131782116
cstype bspline
deg 1
curv 0 5 7296 7297 7298 7299 7300
parm u 0 0 1 2 3 4
end
v 8048.68696147075 -2959.99999999965 -2745.05427567131
v 7178.32149066776 -2959.99999999965 -2770.16093383501
v 7350.52478145659 -2959.99999999965 -3542.59233140467
v 8248.67509855046 -2959.99999999965 -3642.11678541897
v 8048.68696147075 -2959.99999999965 -2745.05427567131
cstype bspline
deg 1
curv 0 5 7301 7302 7303 7304 7305
parm u 0 0 1 2 3 4
end
v 8074.48358420085 -2919.99999999965 -2766.03816731058
v 7204.11811339786 -2919.99999999965 -2791.14482547428
v 7365.70444398618 -2919.99999999965 -3515.9530134754
v 8263.85476108005 -2919.99999999965 -3615.4774674897
v 8074.48358420085 -2919.99999999965 -2766.03816731058
cstype bspline
deg 1
curv 0 5 7306 7307 7308 7309 7310
parm u 0 0 1 2 3 4
end
v 8248.67509855043 -2959.99999999974 -3642.11678541903
v 7350.52478145663 -2959.99999999953 -3542.5923314046
v 7947.58140140628 -2043.26820485617 -4049.71215780763
v 8617.37982439359 -2393.88393343883 -3955.28218768744
v 8248.67509855043 -2959.99999999974 -3642.11678541903
cstype bspline
deg 1
curv 0 5 7311 7312 7313 7314 7315
parm u 0 0 1 2 3 4
end
v 8262.91190049417 -2922.48453635626 -3617.13212633749
v 7364.76158340037 -2922.48453635606 -3517.60767232307
v 7937.69247300436 -2042.79583453067 -4004.23591421647
v 8607.49089599167 -2393.41156311333 -3909.80594409629
v 8262.91190049417 -2922.48453635626 -3617.13212633749
cstype bspline
deg 1
curv 0 5 7316 7317 7318 7319 7320
parm u 0 0 1 2 3 4
end
v 8173.61128819532 -2919.99999999965 -3653.03944071859
v 8241.19175076756 -2919.99999999965 -4593.25542008218
v 8552.23654008408 -2348.1832660397 -4593.25542008218
v 8505.80260620008 -2350.37729934402 -3963.84551109387
v 8173.61128819532 -2919.99999999965 -3653.03944071859
cstype bspline
deg 1
curv 0 5 7321 7322 7323 7324 7325
parm u 0 0 1 2 3 4
end
v 8219.60316949474 -2919.99999999965 -3658.13582245816
v 8286.81731640871 -2919.99999999965 -4593.25542008218
v 8587.76265001807 -2366.74984543788 -4593.25542008218
v 8540.95661703551 -2368.96146066446 -3958.8017243595
v 8219.60316949474 -2919.99999999965 -3658.13582245816
cstype bspline
deg 1
curv 0 5 7326 7327 7328 7329 7330
parm u 0 0 1 2 3 4
end
v 7483.73306870391 -2919.99999999965 -3576.59371462505
v 7556.80826615034 -2919.99999999965 -4593.25542008218
v 8019.34489107412 -2069.68457506693 -4593.25542008218
v 7978.49244366826 -2071.61487953769 -4039.50231210922
v 7483.73306870391 -2919.99999999965 -3576.59371462505
cstype bspline
deg 1
curv 0 5 7331 7332 7333 7334 7335
parm u 0 0 1 2 3 4
end
v 7529.72495000334 -2919.99999999965 -3581.69009636462
v 7602.43383179149 -2919.99999999965 -4593.25542008218
v 8054.87100100812 -2088.25115446514 -4593.25542008218
v 8013.64645450371 -2090.19904085813 -4034.45852537484
v 7529.72495000334 -2919.99999999965 -3581.69009636462
cstype bspline
deg 1
curv 0 5 7336 7337 7338 7339 7340
parm u 0 0 1 2 3 4
end
v 8265.26387912042 -2959.99999999965 -3643.95499590294
v 7391.4181344313 -2959.99999999965 -3547.12374285112
v 7469.48666631409 -2959.99999999965 -4633.25542008219
v 8336.37241349591 -2959.99999999965 -4633.25542008219
v 8265.26387912042 -2959.99999999965 -3643.95499590294
cstype bspline
deg 1
curv 0 5 7341 7342 7343 7344 7345
parm u 0 0 1 2 3 4
end
v 8288.59099144388 -2919.99999999965 -3665.78039506752
v 7414.74524675477 -2919.99999999965 -3568.94914201569
v 7487.82740114441 -2919.99999999965 -4585.70763623284
v 8354.71314832623 -2919.99999999965 -4585.70763623284
v 8288.59099144388 -2919.99999999965 -3665.78039506752
cstype bspline
deg 1
curv 0 5 7346 7347 7348 7349 7350
parm u 0 0 1 2 3 4
end
v 8336.37241349591 -2959.99999999965 -4633.25542008218
v 7469.4866663141 -2959.99999999965 -4633.25542008218
v 7969.00667646615 -2041.69527166634 -4633.25542008218
v 8644.00276521209 -2394.46028023184 -4633.25542008218
v 8336.37241349591 -2959.99999999965 -4633.25542008218
cstype bspline
deg 1
curv 0 5 7351 7352 7353 7354 7355
parm u 0 0 1 2 3 4
end
v 8351.8017213168 -2926.34964091942 -4593.25542008218
v 7484.91597413498 -2926.34964091942 -4593.25542008218
v 7966.05572617312 -2041.83470596967 -4593.25542008218
v 8641.05181491907 -2394.59971453517 -4593.25542008218
v 8351.8017213168 -2926.34964091942 -4593.25542008218
cstype bspline
deg 1
curv 0 5 7356 7357 7358 7359 7360
parm u 0 0 1 2 3 4
end
