# type_plates_name_cross_vda_single_arch.xml
v 1641.49728993324 -87.085168004345 -398.045769629515
v 1337.67602292879 -51.342834545477 -143.68418351966
v 1337.67602544463 51.0717360762453 -143.684196849208
v 1641.49726717064 86.8140610207104 -398.045769629515
v 1641.49728993324 -87.085168004345 -398.045769629515
cstype bspline
deg 1
curv 0 5 1 2 3 4 5
parm u 0 0 1 2 3 4
end
v 1703.80879390945 -104.362256653579 -398.045769629515
v 1360.45402601647 -63.9690981043971 -110.586421504421
v 1360.45402915094 63.6285399308206 -110.586438111618
v 1703.80876663296 104.021688640847 -398.045769629515
v 1703.80879390945 -104.362256653579 -398.045769629515
cstype bspline
deg 1
curv 0 5 6 7 8 9 10
parm u 0 0 1 2 3 4
end
v 1563.56326234001 -151.924566195731 -398.045769629515
v 1257.06128353999 -195.634932997222 -213.095956525162
v 990.27204151819 -207.065545686859 -28.477916842731
v 1022.44412060662 -112.808525964404 31.7228570227774
v 1337.62594565799 -51.3122003930289 -143.772029563304
v 1642.18747725328 -87.2765359982452 -398.045769629515
v 1563.56326234001 -151.924566195731 -398.045769629515
cstype bspline
deg 1
curv 0 7 11 12 13 14 15 16 17
parm u 0 0 1 2 3 4 5 6
end
v 1626.44198812029 -168.862699270711 -398.045769629515
v 1273.1137212835 -219.25098128192 -184.839978359293
v 1005.68940340856 -230.708803862224 0.217533537873635
v 1041.36587650675 -126.184690913187 66.9757708093916
v 1360.39295563571 -63.9381031824348 -110.660173333328
v 1704.61488489825 -104.585761216684 -398.045769629515
v 1626.44198812029 -168.862699270711 -398.045769629515
cstype bspline
deg 1
curv 0 7 18 19 20 21 22 23 24
parm u 0 0 1 2 3 4 5 6
end
v 1641.85715236746 86.9134450911667 -398.045769629515
v 1337.37015814551 51.0056814990753 -143.586949967701
v 1022.33525141344 112.543318562536 32.0138475886891
v 990.10842251219 206.956299021379 -28.304437573755
v 1255.40924358106 195.501191813465 -212.044942063971
v 1563.39222297891 151.472547508614 -398.045769629515
v 1641.85715236746 86.9134450911667 -398.045769629515
cstype bspline
deg 1
curv 0 7 25 26 27 28 29 30 31
parm u 0 0 1 2 3 4 5 6
end
v 1704.31147900862 104.16051514053 -398.045769629515
v 1360.64523338745 63.6323923092766 -110.844973280801
v 1041.62826868373 125.947868377208 66.9754276934833
v 1005.98206830171 230.378373482493 0.257176071878007
v 1274.73327522865 218.774286185663 -185.872976651207
v 1626.0521902243 168.550421294973 -398.045769629515
v 1704.31147900862 104.16051514053 -398.045769629515
cstype bspline
deg 1
curv 0 7 32 33 34 35 36 37 38
parm u 0 0 1 2 3 4 5 6
end
v 1338.27823906478 -51.6792431915258 -142.809128481527
v 1022.81309074272 -112.24893506427 30.209324159106
v 707.255773521424 -57.4957120450238 203.278304635114
v 707.255777100705 57.4943128212328 203.278280078372
v 1021.67803158408 112.09004620621 30.8318089611341
v 1338.27823748837 51.3106266759135 -142.809147852768
v 1338.27823906478 -51.6792431915258 -142.809128481527
cstype bspline
deg 1
curv 0 7 39 40 41 42 43 44 45
parm u 0 0 1 2 3 4 5 6
end
v 1361.07154515097 -64.3085080571507 -109.689130321162
v 1040.02591835468 -125.949658579081 66.3899639014032
v 720.950227301376 -70.5859527835662 241.388614008913
v 720.95023167556 69.9415770795429 241.388583998499
v 1041.01077207648 125.516332624412 65.8497665356468
v 1361.07154318591 64.0725700504515 -109.689154468205
v 1361.07154515097 -64.3085080571507 -109.689130321162
cstype bspline
deg 1
curv 0 7 46 47 48 49 50 51 52
parm u 0 0 1 2 3 4 5 6
end
v 989.8953239634 -206.975377970638 -29.1801685723779
v 665.13332988984 -244.089239268268 64.1651430772906
v 343.510076088442 -239.51914260816 190.03320168624
v 353.46260139184 -132.558817381827 272.764825375946
v 706.199568429692 -56.4791714355949 200.309455087895
v 1023.55348124955 -113.313761082754 33.7903177030799
v 989.8953239634 -206.975377970638 -29.1801685723779
cstype bspline
deg 1
curv 0 7 53 54 55 56 57 58 59
parm u 0 0 1 2 3 4 5 6
end
v 1005.52604009749 -229.985247521951 -0.085468657181309
v 671.792498972957 -268.124378891047 95.8385063543828
v 349.322667871652 -263.542252814398 222.037875090759
v 360.159769538589 -147.075337788248 312.122651533382
v 719.812385733979 -69.5040984209675 238.246744223938
v 1042.43340135806 -127.281968155166 68.9638992557394
v 1005.52604009749 -229.985247521951 -0.085468657181309
cstype bspline
deg 1
curv 0 7 60 61 62 63 64 65 66
parm u 0 0 1 2 3 4 5 6
end
v 1023.00282162779 113.008352092328 33.2235559728697
v 705.722091087798 56.4102944501644 200.414651919224
v 353.48231910609 132.586712610283 273.33773535542
v 343.521584250274 239.349651426121 190.598217604056
v 662.862876294643 243.523957382419 65.116864777413
v 989.587956216349 205.815061487893 -29.2347857250346
v 1023.00282162779 113.008352092328 33.2235559728697
cstype bspline
deg 1
curv 0 7 67 68 69 70 71 72 73
parm u 0 0 1 2 3 4 5 6
end
v 1042.48181126607 126.539685733893 68.5221832660704
v 720.256989584365 69.0596774136964 238.318568273107
v 360.367131025471 146.890525994281 312.825424883535
v 349.466151881142 263.73136015614 222.275704358373
v 674.087647738677 267.974686896085 94.7195584054377
v 1005.32285751708 229.745255457491 -0.934527147492759
v 1042.48181126607 126.539685733893 68.5221832660704
cstype bspline
deg 1
curv 0 7 74 75 76 77 78 79 80
parm u 0 0 1 2 3 4 5 6
end
v 707.410120250382 -57.6471294059479 203.707836305516
v 353.284125085793 -131.541640665728 270.107344690674
v 8.27402244851783e-05 -59.598198480553 336.348973441778
v 8.27402257073118e-05 59.5175135077375 336.348964137356
v 352.952203781931 131.436053434673 270.169560216747
v 707.410128855089 57.4513224651705 203.707825701489
v 707.410120250382 -57.6471294059479 203.707836305516
cstype bspline
deg 1
curv 0 7 81 82 83 84 85 86 87
parm u 0 0 1 2 3 4 5 6
end
v 721.110976316006 -70.7349314186536 241.835962604064
v 359.51332711735 -146.18853246763 309.636424778156
v 7.78130136325217e-05 -72.9765625909045 377.046045188427
v 7.78130147693901e-05 72.4089478143014 377.046033832008
v 359.783763043389 145.719506920542 309.585694569468
v 721.110986859784 70.3009718701662 241.835949610418
v 721.110976316006 -70.7349314186536 241.835962604064
cstype bspline
deg 1
curv 0 7 88 89 90 91 92 93 94
parm u 0 0 1 2 3 4 5 6
end
v 343.447307406426 -239.202533172364 189.698378139124
v 9.56241859739748e-05 -259.248400192686 173.87546906953
v -343.447198220028 -239.202533014882 189.698303125284
v -353.615612373475 -132.80464845351 273.681701365903
v 4.99425783857532e-05 -58.3237181596917 332.472022756659
v 353.615857832585 -132.804663831423 273.681766590372
v 343.447307406426 -239.202533172364 189.698378139124
cstype bspline
deg 1
curv 0 7 95 96 97 98 99 100 101
parm u 0 0 1 2 3 4 5 6
end
v 349.251226803916 -263.304121130697 221.633738511306
v 6.95382624371632e-05 -283.688745070161 205.543436670767
v -349.251118950813 -263.30412401877 221.633659823748
v -360.316876677115 -147.516824703481 313.028436230158
v 4.52128557526521e-05 -71.6244296460911 372.932874573462
v 360.317132298737 -147.516843924664 313.028499887084
v 349.251226803916 -263.304121130697 221.633738511306
cstype bspline
deg 1
curv 0 7 102 103 104 105 106 107 108
parm u 0 0 1 2 3 4 5 6
end
v 353.524769335837 132.667869036354 273.582621816059
v 4.84186242317719e-05 58.2613957505589 332.38354508652
v -353.524532731271 132.667854858772 273.582555555126
v -343.385197497522 238.528400033473 189.924487420838
v 7.73875274262537e-05 258.568675368955 174.087361735382
v 343.385280284478 238.528399628356 189.924562984225
v 353.524769335837 132.667869036354 273.582621816059
cstype bspline
deg 1
curv 0 7 109 110 111 112 113 114 115
parm u 0 0 1 2 3 4 5 6
end
v 360.434264447241 147.038362539367 313.208787226721
v 4.33419316436812e-05 71.1776443005454 373.15895117643
v -360.434018832017 147.038344626167 313.208722403903
v -349.298139821324 263.303385271809 221.328327532354
v 7.3940936431427e-05 283.688745070161 205.218493716941
v 349.298216734807 263.303384727861 221.328404501109
v 360.434264447241 147.038362539367 313.208787226721
cstype bspline
deg 1
curv 0 7 116 117 118 119 120 121 122
parm u 0 0 1 2 3 4 5 6
end
v 8.27402246841302e-05 -59.5981803240231 336.348971875215
v -353.283912096246 -131.541628359329 270.107262050117
v -707.409660630272 -57.6471212862809 203.707721117489
v -707.409660630272 57.4513119758965 203.70772111749
v -352.952012613543 131.436051420744 270.16949410576
v 8.27402247409736e-05 59.5174976350199 336.348971875215
v 8.27402246841302e-05 -59.5981803240231 336.348971875215
cstype bspline
deg 1
curv 0 7 123 124 125 126 127 128 129
parm u 0 0 1 2 3 4 5 6
end
v 7.78130137746302e-05 -72.9765441522363 377.046042489427
v -359.513102743901 -146.188515827818 309.636343400816
v -721.110516057317 -70.7349157258864 241.835845002068
v -721.110516057317 70.3009557880416 241.835845002068
v -359.78356357116 145.71950179393 309.585631260157
v 7.78130139167388e-05 72.4089321593294 377.046042489427
v 7.78130137746302e-05 -72.9765441522363 377.046042489427
cstype bspline
deg 1
curv 0 7 130 131 132 133 134 135 136
parm u 0 0 1 2 3 4 5 6
end
v -343.509971223589 -239.519139187484 190.033153994741
v -665.133495498785 -244.089233875765 64.165019241331
v -989.895106593127 -206.975394717778 -29.1801849678435
v -1023.55321630597 -113.313753298259 33.7902394653696
v -706.199112769803 -56.4791717226501 200.309361195676
v -353.462350861386 -132.55880319528 272.764726031266
v -343.509971223589 -239.519139187484 190.033153994741
cstype bspline
deg 1
curv 0 7 137 138 139 140 141 142 143
parm u 0 0 1 2 3 4 5 6
end
v -349.322565393758 -263.542240448436 222.03783327368
v -671.792505152773 -268.124362238644 95.8384517981476
v -1005.52583236147 -229.985233091119 -0.0854644391512238
v -1042.43313282246 -127.281950850027 68.9638195087775
v -719.811928949828 -69.5040903301594 238.246645606921
v -360.159508055003 -147.075317927419 312.12255020204
v -349.322565393758 -263.542240448436 222.03783327368
cstype bspline
deg 1
curv 0 7 144 145 146 147 148 149 150
parm u 0 0 1 2 3 4 5 6
end
v -353.48208056244 132.586710851319 273.3376542743
v -705.721608062265 56.4103024242643 200.414588466589
v -1023.0024746171 113.008355698307 33.223500679806
v -989.587659448996 205.815065431126 -29.2347735180466
v -662.862837770579 243.523961985669 65.116809738817
v -343.52150641585 239.349657990007 190.598168695878
v -353.48208056244 132.586710851319 273.3376542743
cstype bspline
deg 1
curv 0 7 151 152 153 154 155 156 157
parm u 0 0 1 2 3 4 5 6
end
v -360.366882925132 146.890519497047 312.825341986986
v -720.256531521757 69.059672247289 238.318495142154
v -1042.4814601745 126.539670572246 68.5221348433241
v -1005.32256141659 229.745243120448 -0.934502155439361
v -674.087613063941 267.974675272293 94.7195153340481
v -349.466080797988 263.731350571833 222.275666123086
v -360.366882925132 146.890519497047 312.825341986986
cstype bspline
deg 1
curv 0 7 158 159 160 161 162 163 164
parm u 0 0 1 2 3 4 5 6
end
v -707.255320353659 -57.4957117633737 203.27820741169
v -1022.81288047892 -112.24892643308 30.2091697569306
v -1338.27792975098 -51.6792520643742 -142.809139982098
v -1338.27792524398 51.3106371627539 -142.809146531027
v -1021.67772185361 112.090057585459 30.8317332462211
v -707.255317330297 57.4943222252091 203.278198997972
v -707.255320353659 -57.4957117633737 203.27820741169
cstype bspline
deg 1
curv 0 7 165 166 167 168 169 170 171
parm u 0 0 1 2 3 4 5 6
end
v -720.949773465354 -70.5859447479043 241.388514286661
v -1040.02571876249 -125.949643598464 66.3898016288583
v -1361.07122709874 -64.3085142805467 -109.689137479679
v -1361.07122148059 64.0725621502565 -109.689145643184
v -1041.0104580136 125.516324647107 65.8496946842836
v -720.949769770551 69.9415679403478 241.388504004387
v -720.949773465354 -70.5859447479043 241.388514286661
cstype bspline
deg 1
curv 0 7 172 173 174 175 176 177 178
parm u 0 0 1 2 3 4 5 6
end
v -990.271853850516 -207.065463054778 -28.4778774996227
v -1257.06205682769 -195.634694145259 -213.096465896493
v -1563.56277583025 -151.924782411021 -398.045769629515
v -1642.18744886492 -87.2763293976857 -398.045769629515
v -1337.62579220615 -51.3121714029046 -143.77214816134
v -1022.44386111541 -112.808548737975 31.7227885332062
v -990.271853850516 -207.065463054778 -28.4778774996227
cstype bspline
deg 1
curv 0 7 179 180 181 182 183 184 185
parm u 0 0 1 2 3 4 5 6
end
v -1005.68922425501 -230.708693491286 0.217591222278941
v -1273.1147176659 -219.25070522342 -184.840617602126
v -1626.44144597722 -168.862960104606 -398.045769629515
v -1704.61488489825 -104.585530413432 -398.045769629515
v -1360.39279344482 -63.9380706572149 -110.660289975144
v -1041.36561358811 -126.184709494399 66.975701209501
v -1005.68922425501 -230.708693491286 0.217591222278941
cstype bspline
deg 1
curv 0 7 186 187 188 189 190 191 192
parm u 0 0 1 2 3 4 5 6
end
v -1022.33491297372 112.54334207619 32.0138071182409
v -1337.36998472721 51.0056541361394 -143.587056233435
v -1641.85718292651 86.9132594172754 -398.045769629515
v -1563.39188746644 151.47272157726 -398.045769629515
v -1255.40873354622 195.501143997982 -212.044644623683
v -990.108123163124 206.956345249301 -28.3044303957737
v -1022.33491297372 112.54334207619 32.0138071182409
cstype bspline
deg 1
curv 0 7 193 194 195 196 197 198 199
parm u 0 0 1 2 3 4 5 6
end
v -1041.6279266496 125.947873988026 66.9753948325496
v -1360.64505596088 63.6323468887133 -110.84507137532
v -1704.31155794537 104.160294121258 -398.045769629515
v -1626.0518233187 168.550625498416 -398.045769629515
v -1274.73273990805 218.774232900238 -185.872655877564
v -1005.98176595532 230.378414619505 0.257189269521405
v -1041.6279266496 125.947873988026 66.9753948325496
cstype bspline
deg 1
curv 0 7 200 201 202 203 204 205 206
parm u 0 0 1 2 3 4 5 6
end
v -1337.67571096751 -51.3427812075786 -143.684199316917
v -1641.497229397 -87.0849528447718 -398.045769629515
v -1641.49723216611 86.8138575218188 -398.045769629515
v -1337.67571156365 51.0716895030066 -143.684198450683
v -1337.67571096751 -51.3427812075786 -143.684199316917
cstype bspline
deg 1
curv 0 5 207 208 209 210 211
parm u 0 0 1 2 3 4
end
v -1360.45370498172 -63.9690414884103 -110.586433458791
v -1703.80876406078 -104.362017988359 -398.045769629515
v -1703.80876737901 104.021446420935 -398.045769629515
v -1360.45370572446 63.6284739960979 -110.586432379556
v -1360.45370498172 -63.9690414884103 -110.586433458791
cstype bspline
deg 1
curv 0 5 212 213 214 215 216
parm u 0 0 1 2 3 4
end
v 1580.43584507794 -97.4635072444664 -268.673109461669
v 1579.65487121906 -97.0575527475196 -269.66446831807
v 1544.82342923812 -128.145037876372 -271.837660715008
v 1495.29548167046 -102.400138977346 -334.707843759296
v 1530.12692365141 -71.3126538484939 -332.534651362358
v 1530.90789751029 -71.7186083454408 -331.543292505957
v 1550.86493644443 -32.8993268989605 -348.251489065213
v 1600.39288401209 -58.6442257979859 -285.381306020925
v 1580.43584507794 -97.4635072444664 -268.673109461669
cstype bspline
deg 1
curv 0 9 217 218 219 220 221 222 223 224 225
parm u 0 0 1 2 3 4 5 6 7 8
end
v 1575.12195802093 -91.9598385068455 -262.233215458517
v 1574.34098416205 -91.5538840098986 -263.224574314918
v 1539.5095421811 -122.641369138751 -265.397766711856
v 1489.98159461345 -96.8964702397252 -328.267949756144
v 1524.81303659439 -65.808985110873 -326.094757359205
v 1525.59401045327 -66.2149396078198 -325.103398502805
v 1545.55104938742 -27.3956581613393 -341.811595062061
v 1595.07899695507 -53.1405570603649 -278.941412017773
v 1575.12195802093 -91.9598385068455 -262.233215458517
cstype bspline
deg 1
curv 0 9 226 227 228 229 230 231 232 233 234
parm u 0 0 1 2 3 4 5 6 7 8
end
v 1512.61006887533 -89.484304424976 -211.888829071657
v 1511.75422170957 -89.0394303722953 -212.975231206441
v 1476.92277972862 -120.126915501148 -215.148423603379
v 1427.39483216097 -94.3820166021221 -278.018606647667
v 1462.22627414192 -63.2945314732697 -275.845414250729
v 1463.08212130767 -63.7394055259504 -274.759012115945
v 1483.03916024181 -24.9201240794698 -291.467208675202
v 1532.56710780947 -50.6650229784955 -228.597025630914
v 1512.61006887533 -89.484304424976 -211.888829071657
cstype bspline
deg 1
curv 0 9 235 236 237 238 239 240 241 242 243
parm u 0 0 1 2 3 4 5 6 7 8
end
v 1507.29618181831 -83.9806356873548 -205.448935068505
v 1506.44033465256 -83.5357616346744 -206.535337203288
v 1471.60889267161 -114.623246763527 -208.708529600227
v 1422.08094510396 -88.8783478645009 -271.578712644515
v 1456.9123870849 -57.7908627356487 -269.405520247576
v 1457.76823425066 -58.2357367883294 -268.319118112793
v 1477.7252731848 -19.4164553418489 -285.02731467205
v 1527.25322075246 -45.1613542408745 -222.157131627762
v 1507.29618181831 -83.9806356873548 -205.448935068505
cstype bspline
deg 1
curv 0 9 244 245 246 247 248 249 250 251 252
parm u 0 0 1 2 3 4 5 6 7 8
end
v 1444.78429267271 -81.5051016054849 -155.104548681646
v 1443.85357220008 -81.0213079970706 -156.285994094811
v 1409.02213021913 -112.108793125923 -158.45918649175
v 1359.49418265148 -86.3638942268974 -221.329369536038
v 1394.32562463242 -55.276409098045 -219.156177139099
v 1395.25634510505 -55.7602027064593 -217.974731725934
v 1415.2133840392 -16.9409212599792 -234.68292828519
v 1464.74133160686 -42.6858201590048 -171.812745240902
v 1444.78429267271 -81.5051016054849 -155.104548681646
cstype bspline
deg 1
curv 0 9 253 254 255 256 257 258 259 260 261
parm u 0 0 1 2 3 4 5 6 7 8
end
v 1439.4704056157 -76.001432867864 -148.664654678494
v 1438.53968514307 -75.5176392594497 -149.846100091659
v 1403.70824316212 -106.605124388302 -152.019292488598
v 1354.18029559446 -80.8602254892764 -214.889475532886
v 1389.01173757541 -49.7727403604238 -212.716283135947
v 1389.94245804804 -50.2565339688383 -211.534837722782
v 1409.89949698219 -11.4372525223582 -228.243034282038
v 1459.42744454984 -37.1821514213837 -165.37285123775
v 1439.4704056157 -76.001432867864 -148.664654678494
cstype bspline
deg 1
curv 0 9 262 263 264 265 266 267 268 269 270
parm u 0 0 1 2 3 4 5 6 7 8
end
v 1374.66453920181 -3.40260576346509 -96.3997398952467
v 1375.69126242179 -3.40260552909876 -94.8968501685114
v 1349.92480485528 -37.6019856495325 -80.765100734193
v 1304.58093885737 -37.6019960000158 -147.13822744732
v 1330.34739642388 -3.40261587958207 -161.269976881639
v 1329.3206732039 -3.40261611394817 -162.772866608375
v 1351.85366715995 30.7967632683938 -181.63767276857
v 1397.19753315786 30.7967736188773 -115.264546055442
v 1374.66453920181 -3.40260576346509 -96.3997398952467
cstype bspline
deg 1
curv 0 9 271 272 273 274 275 276 277 278 279
parm u 0 0 1 2 3 4 5 6 7 8
end
v 1368.38926426587 3.09678613447272 -92.1126861942317
v 1369.41598748585 3.09678636883882 -90.6097964674964
v 1343.64952991934 -31.1025937515947 -76.478047033178
v 1298.30566392143 -31.1026041020782 -142.851173746305
v 1324.07212148794 3.09677601835574 -156.982923180624
v 1323.04539826796 3.09677578398941 -158.48581290736
v 1345.57839222401 37.2961551663313 -177.350619067555
v 1390.92225822192 37.2961655168149 -110.977492354427
v 1368.38926426587 3.09678613447272 -92.1126861942317
cstype bspline
deg 1
curv 0 9 280 281 282 283 284 285 286 287 288
parm u 0 0 1 2 3 4 5 6 7 8
end
v 1574.18456387461 91.1641845884917 -263.439507607694
v 1575.21617679151 91.7003028005265 -262.130694724072
v 1540.38953278138 122.791735602149 -264.295558938396
v 1490.84553392693 97.0442486835866 -327.152298074372
v 1525.67217793706 65.9528158819646 -324.987433860048
v 1524.64056502016 65.4166976699298 -326.29624674367
v 1544.59385074491 26.5957394617483 -343.001292577723
v 1594.13784959936 52.3432263803102 -280.144553441747
v 1574.18456387461 91.1641845884917 -263.439507607694
cstype bspline
deg 1
curv 0 9 289 290 291 292 293 294 295 296 297
parm u 0 0 1 2 3 4 5 6 7 8
end
v 1579.49743772566 96.6668039342155 -269.881134093215
v 1580.52905064256 97.2029221462503 -268.572321209593
v 1545.70240663243 128.294354947873 -270.737185423917
v 1496.15840777798 102.54686802931 -333.593924559893
v 1530.98505178811 71.4554352276884 -331.429060345569
v 1529.95343887121 70.9193170156536 -332.737873229191
v 1549.90672459595 32.0983588074719 -349.442919063244
v 1599.4507234504 57.845845726034 -286.586179927268
v 1579.49743772566 96.6668039342155 -269.881134093215
cstype bspline
deg 1
curv 0 9 298 299 300 301 302 303 304 305 306
parm u 0 0 1 2 3 4 5 6 7 8
end
v 1506.35878963423 83.1849827888755 -206.655227111652
v 1507.34175606012 83.6958199392288 -205.408132294115
v 1472.51511204999 114.787252740851 -207.572996508439
v 1422.97111319554 89.0397658222887 -270.429735644415
v 1457.79775720567 57.9483330206667 -268.264871430091
v 1456.81479077978 57.4374958703136 -269.511966247628
v 1476.76807650452 18.6165376621318 -286.217012081681
v 1526.31207535897 44.3640245806939 -223.360272945705
v 1506.35878963423 83.1849827888755 -206.655227111652
cstype bspline
deg 1
curv 0 9 307 308 309 310 311 312 313 314 315
parm u 0 0 1 2 3 4 5 6 7 8
end
v 1511.67166348527 88.6876021345993 -213.096853597173
v 1512.65462991116 89.1984392849524 -211.849758779636
v 1477.82798590103 120.289872086574 -214.01462299396
v 1428.28398704658 94.5423851680123 -276.871362129936
v 1463.11063105671 63.4509523663905 -274.706497915612
v 1462.12766463082 62.9401152160372 -275.953592733149
v 1482.08095035557 24.1191570078556 -292.658638567202
v 1531.62494921002 49.8666439264175 -229.801899431226
v 1511.67166348527 88.6876021345993 -213.096853597173
cstype bspline
deg 1
curv 0 9 316 317 318 319 320 321 322 323 324
parm u 0 0 1 2 3 4 5 6 7 8
end
v 1438.53301539385 75.2057809892585 -149.87094661561
v 1439.46733532872 75.6913370779307 -148.685569864159
v 1404.64069131859 106.782769879553 -150.850434078482
v 1355.09669246414 81.0352829609908 -213.707173214458
v 1389.92333647427 49.9438501593688 -211.542309000135
v 1388.9890165394 49.4582940706966 -212.727685751586
v 1408.94230226414 10.6373358625149 -229.432731585639
v 1458.48630111859 36.384822781077 -166.575992449663
v 1438.53301539385 75.2057809892585 -149.87094661561
cstype bspline
deg 1
curv 0 9 325 326 327 328 329 330 331 332 333
parm u 0 0 1 2 3 4 5 6 7 8
end
v 1443.84588924489 80.7084003349823 -156.312573101131
v 1444.78020917977 81.1939564236545 -155.12719634968
v 1409.95356516964 112.285389225277 -157.292060564003
v 1360.40956631519 86.5379023067146 -220.148799699979
v 1395.23621032532 55.4464695050924 -217.983935485656
v 1394.30189039044 54.9609134164202 -219.169312237107
v 1414.25517611518 16.1399552082387 -235.87435807116
v 1463.79917496963 41.8874421268006 -173.017618935184
v 1443.84588924489 80.7084003349823 -156.312573101131
cstype bspline
deg 1
curv 0 9 334 335 336 337 338 339 340 341 342
parm u 0 0 1 2 3 4 5 6 7 8
end
v 1030.34248254227 -196.910988263941 42.6991602146511
v 1030.73406303061 -197.520058519766 43.4192475795932
v 987.332887694404 -205.800087115447 53.2085024579628
v 956.475514081542 -157.804058202296 -3.53591028784604
v 999.87668941775 -149.524029606615 -13.3251651662156
v 999.485108929404 -148.91495935079 -14.0452525311575
v 1039.20428202417 -134.907888387359 -30.6054354068497
v 1070.06165563704 -182.903917300509 26.1389773389589
v 1030.34248254227 -196.910988263941 42.6991602146511
cstype bspline
deg 1
curv 0 9 343 344 345 346 347 348 349 350 351
parm u 0 0 1 2 3 4 5 6 7 8
end
v 1030.34248254227 -189.27589981953 49.1571339251905
v 1030.73406303061 -189.884970075355 49.8772212901326
v 987.332887694404 -198.164998671036 59.6664761685022
v 956.475514081542 -150.168969757885 2.92206342269333
v 999.87668941775 -141.888941162204 -6.86719145567628
v 999.485108929404 -141.279870906379 -7.58727882061811
v 1039.20428202417 -127.272799942947 -24.1474616963104
v 1070.06165563704 -175.268828856098 32.5969510494982
v 1030.34248254227 -189.27589981953 49.1571339251905
cstype bspline
deg 1
curv 0 9 352 353 354 355 356 357 358 359 360
parm u 0 0 1 2 3 4 5 6 7 8
end
v 1288.78556713303 -83.4438770274398 -45.2310176213015
v 1287.85243204488 -82.877456126829 -46.7211880543414
v 1312.22693604258 -46.1795890493024 -60.0895140725682
v 1269.69781650475 -20.3640533390626 -128.006407652927
v 1245.32331250705 -57.0619204165889 -114.6380816347
v 1246.25644759521 -57.6283413171998 -113.14791120166
v 1212.05729905759 -88.3625659606316 -115.469055008654
v 1254.58641859542 -114.178101670871 -47.5521614282959
v 1288.78556713303 -83.4438770274398 -45.2310176213015
cstype bspline
deg 1
curv 0 9 361 362 363 364 365 366 367 368 369
parm u 0 0 1 2 3 4 5 6 7 8
end
v 1294.45345412132 -89.3141885510256 -51.0115452532773
v 1293.52031903317 -88.7477676504147 -52.5017156863171
v 1317.89482303087 -52.0499005728882 -65.8700417045441
v 1275.36570349304 -26.2343648626484 -133.786935284903
v 1250.99119949534 -62.9322319401747 -120.418609266676
v 1251.9243345835 -63.4986528407856 -118.928438833636
v 1217.72518604588 -94.2328774842174 -121.24958264063
v 1260.25430558371 -120.048413194457 -53.3326890602717
v 1294.45345412132 -89.3141885510256 -51.0115452532773
cstype bspline
deg 1
curv 0 9 370 371 372 373 374 375 376 377 378
parm u 0 0 1 2 3 4 5 6 7 8
end
v 1209.50467916681 -98.9126845356288 -1.08701544399008
v 1208.26297812605 -98.1589614887509 -3.06995039209352
v 1232.63748212375 -61.4610944112246 -16.4382764103203
v 1190.10836258593 -35.6455587009843 -84.355169990679
v 1165.73385858822 -72.3434257785109 -70.9868439724522
v 1166.97555962898 -73.0971488253888 -69.0039090243484
v 1132.77641109137 -103.83137346882 -71.3250528313427
v 1175.30553062919 -129.64690917906 -3.40815925098428
v 1209.50467916681 -98.9126845356288 -1.08701544399008
cstype bspline
deg 1
curv 0 9 379 380 381 382 383 384 385 386 387
parm u 0 0 1 2 3 4 5 6 7 8
end
v 1215.1725661551 -104.782996059215 -6.86754307596584
v 1213.93086511434 -104.029273012337 -8.85047802406928
v 1238.30536911204 -67.3314059348104 -22.218804042296
v 1195.77624957422 -41.5158702245701 -90.1356976226547
v 1171.40174557651 -78.2137373020967 -76.7673716044279
v 1172.64344661727 -78.9674603489746 -74.7844366563243
v 1138.44429807966 -109.701684992406 -77.1055804633185
v 1180.97341761748 -135.517220702646 -9.18868688296004
v 1215.1725661551 -104.782996059215 -6.86754307596584
cstype bspline
deg 1
curv 0 9 388 389 390 391 392 393 394 395 396
parm u 0 0 1 2 3 4 5 6 7 8
end
v 1130.22379120058 -114.381492043817 43.0569867333215
v 1128.67352420722 -113.440466850673 40.5812872701545
v 1153.04802820493 -76.7425997731468 27.2129612519277
v 1110.5189086671 -50.9270640629068 -40.7039323284308
v 1086.1444046694 -87.6249311404333 -27.3356063102041
v 1087.69467166275 -88.5659563335776 -24.8599068470368
v 1053.49552312514 -119.30018097701 -27.1810506540313
v 1096.02464266296 -145.115716687249 40.7358429263271
v 1130.22379120058 -114.381492043817 43.0569867333215
cstype bspline
deg 1
curv 0 9 397 398 399 400 401 402 403 404 405
parm u 0 0 1 2 3 4 5 6 7 8
end
v 1135.89167818887 -120.251803567403 37.2764591013458
v 1134.34141119551 -119.310778374259 34.8007596381787
v 1158.71591519322 -82.6129112967326 21.4324336199519
v 1116.18679565539 -56.7973755864925 -46.4844599604066
v 1091.81229165769 -93.4952426640191 -33.1161339421798
v 1093.36255865104 -94.4362678571633 -30.6404344790125
v 1059.16341011343 -125.170492500595 -32.961578286007
v 1101.69252965125 -150.986028210835 34.9553152943514
v 1135.89167818887 -120.251803567403 37.2764591013458
cstype bspline
deg 1
curv 0 9 406 407 408 409 410 411 412 413 414
parm u 0 0 1 2 3 4 5 6 7 8
end
v 1293.23732736969 88.2665090378182 -52.972789817298
v 1294.7753158935 89.1998227461152 -50.5181121877346
v 1319.14668589583 52.5005146640822 -63.8847049291514
v 1276.59934155354 26.68106340587 -131.791592878781
v 1252.22797155121 63.3803714879027 -118.425000137364
v 1250.6899830274 62.447057779606 -120.879677766928
v 1216.49488344567 93.1849289971319 -123.192063681114
v 1259.04222778796 119.004380255344 -55.2851757314841
v 1293.23732736969 88.2665090378182 -52.972789817298
cstype bspline
deg 1
curv 0 9 415 416 417 418 419 420 421 422 423
parm u 0 0 1 2 3 4 5 6 7 8
end
v 1287.57032871118 82.3971175700729 -47.1904572427421
v 1289.10831723499 83.3304312783698 -44.7357796131786
v 1313.47968723732 46.6311231963368 -58.1023723545955
v 1270.93234289503 20.8116719381246 -126.009260304225
v 1246.5609728927 57.5109800201574 -112.642667562808
v 1245.02298436889 56.5776663118606 -115.097345192372
v 1210.82788478716 87.3155375293866 -117.409731106558
v 1253.37522912945 113.134988787599 -49.5028431569281
v 1287.57032871118 82.3971175700729 -47.1904572427421
cstype bspline
deg 1
curv 0 9 424 425 426 427 428 429 430 431 432
parm u 0 0 1 2 3 4 5 6 7 8
end
v 1213.97837396067 103.748631023416 -8.79376392445397
v 1215.18571969398 104.481297298947 -6.8668024960557
v 1239.55708969631 67.7819892169146 -20.2333952374722
v 1197.00974535402 41.9625379587023 -88.1402831871018
v 1172.63837535169 78.6618460407349 -74.7736904456851
v 1171.43102961838 77.9291797652029 -76.7006518740835
v 1137.23593003666 108.667050982729 -79.0130377882695
v 1179.78327437895 134.486502240941 -11.1061498386399
v 1213.97837396067 103.748631023416 -8.79376392445397
cstype bspline
deg 1
curv 0 9 433 434 435 436 437 438 439 440 441
parm u 0 0 1 2 3 4 5 6 7 8
end
v 1208.31137530216 97.87923955567 -3.01143134989798
v 1209.51872103547 98.6119058312013 -1.08446992149976
v 1233.8900910378 61.9125977491692 -14.4510626629163
v 1191.34274669551 36.093146490957 -82.3579506125458
v 1166.97137669318 72.7924545729895 -68.9913578711291
v 1165.76403095987 72.0597882974575 -70.9183192995276
v 1131.56893137814 102.797659514983 -73.2307052137135
v 1174.11627572043 128.617110773195 -5.32381726408403
v 1208.31137530216 97.87923955567 -3.01143134989798
cstype bspline
deg 1
curv 0 9 442 443 444 445 446 447 448 449 450
parm u 0 0 1 2 3 4 5 6 7 8
end
v 1134.71942055166 119.230753009012 35.3852619683901
v 1135.59612349446 119.762771851779 36.7845071956236
v 1159.96749349679 83.0634637697458 23.4179144542067
v 1117.4201491545 57.2440125115338 -44.4889734954227
v 1093.04877915217 93.9433205935666 -31.1223807540059
v 1092.17207620936 93.4113017507993 -32.5216259812394
v 1057.97697662764 124.149172968325 -34.8340118954252
v 1100.52432096993 149.968624226537 33.0728760542043
v 1134.71942055166 119.230753009012 35.3852619683901
cstype bspline
deg 1
curv 0 9 451 452 453 454 455 456 457 458 459
parm u 0 0 1 2 3 4 5 6 7 8
end
v 1129.05242189314 113.361361541266 41.1675945429461
v 1129.92912483595 113.893380384033 42.5668397701796
v 1154.30049483828 77.1940723020004 29.2002470287626
v 1111.75315049599 51.3746210437885 -38.7066409208667
v 1087.38178049366 88.0739291258212 -25.34004817945
v 1086.50507755085 87.541910283054 -26.7392934066835
v 1052.30997796913 118.27978150058 -29.0516793208692
v 1094.85732231142 144.099232758792 38.8552086287602
v 1129.05242189314 113.361361541266 41.1675945429461
cstype bspline
deg 1
curv 0 9 460 461 462 463 464 465 466 467 468
parm u 0 0 1 2 3 4 5 6 7 8
end
v 1028.15174637423 190.617858166581 49.8606515749087
v 1027.87911500138 190.19459949595 49.3609691241406
v 991.426314952258 215.904610629172 42.4564361121099
v 960.499283236329 167.890568101527 -14.2270440059046
v 996.952083285447 142.180556968305 -7.32251099387395
v 997.224714658303 142.603815638937 -6.82282854310591
v 1030.96152393528 112.67724413108 -4.8961999852645
v 1061.88855565121 160.691286658725 51.7872801327501
v 1028.15174637423 190.617858166581 49.8606515749087
cstype bspline
deg 1
curv 0 9 469 470 471 472 473 474 475 476 477
parm u 0 0 1 2 3 4 5 6 7 8
end
v 1033.09196368901 195.73451181403 42.8311346402391
v 1032.81933231616 195.311253143399 42.331452189471
v 996.366532267037 221.021264276621 35.4269191774403
v 965.439500551108 173.007221748976 -21.2565609405742
v 1001.89230060023 147.297210615754 -14.3520279285436
v 1002.16493197308 147.720469286386 -13.8523454777755
v 1035.90174125005 117.79389777853 -11.9257169199341
v 1066.82877296598 165.807940306174 44.7577631980805
v 1033.09196368901 195.73451181403 42.8311346402391
cstype bspline
deg 1
curv 0 9 478 479 480 481 482 483 484 485 486
parm u 0 0 1 2 3 4 5 6 7 8
end
v 973.526337373016 -119.57277794172 125.672540215474
v 974.329548926758 -120.206741510509 127.377982036107
v 955.482570686875 -157.385105946543 104.466395264441
v 921.331633762876 -130.430252335464 31.9544452399516
v 940.178612002759 -93.2518878994292 54.8660320116169
v 939.375400449018 -92.6179243306403 53.1605901909845
v 945.777905633831 -45.6173125514968 49.6490949178271
v 979.928842557829 -72.572166162576 122.161044942317
v 973.526337373016 -119.57277794172 125.672540215474
cstype bspline
deg 1
curv 0 9 487 488 489 490 491 492 493 494 495
parm u 0 0 1 2 3 4 5 6 7 8
end
v 964.818904787924 -118.037612852294 130.344144428619
v 965.622116341665 -118.671576421083 132.049586249252
v 946.775138101782 -155.849940857117 109.137999477587
v 912.624201177784 -128.895087246038 36.6260494530967
v 931.471179417667 -91.7167228100038 59.537636224762
v 930.667967863926 -91.0827592412149 57.8321944041296
v 937.070473048739 -44.0821474620714 54.3206991309722
v 971.221409972737 -71.0370010731506 126.832649155462
v 964.818904787924 -118.037612852294 130.344144428619
cstype bspline
deg 1
curv 0 9 496 497 498 499 500 501 502 503 504
parm u 0 0 1 2 3 4 5 6 7 8
end
v 894.21837035031 -105.80874327089 169.169389272622
v 894.309105175625 -105.880358990811 169.362044576146
v 875.462126935742 -143.058723426845 146.450457804481
v 841.311190011744 -116.103869815765 73.9385077799911
v 860.158168251627 -78.9255053797317 96.8500945516562
v 860.067433426312 -78.8538896598106 96.6574392481324
v 866.469938611125 -31.8532778806668 93.145943974975
v 900.620875535123 -58.8081314917461 165.657893999465
v 894.21837035031 -105.80874327089 169.169389272622
cstype bspline
deg 1
curv 0 9 505 506 507 508 509 510 511 512 513
parm u 0 0 1 2 3 4 5 6 7 8
end
v 885.510937765217 -104.273578181464 173.840993485767
v 885.601672590532 -104.345193901386 174.033648789291
v 866.754694350649 -141.523558337419 151.122062017626
v 832.603757426651 -114.56870472634 78.6101119931362
v 851.450735666534 -77.3903402903063 101.521698764801
v 851.360000841219 -77.3187245703853 101.329043461278
v 857.762506026032 -30.3181127912412 97.8175481881202
v 891.91344295003 -57.2729664023207 170.32949821261
v 885.510937765217 -104.273578181464 173.840993485767
cstype bspline
deg 1
curv 0 9 514 515 516 517 518 519 520 521 522
parm u 0 0 1 2 3 4 5 6 7 8
end
v 814.910403327604 -92.0447086000593 212.66623832977
v 814.288661424493 -91.5539764711125 211.346107116186
v 795.44168318461 -128.732340907147 188.43452034452
v 761.290746260611 -101.777487296067 115.92257032003
v 780.137724500495 -64.599122860033 138.834157091696
v 780.759466403606 -65.0898549889796 140.15428830528
v 787.161971588419 -18.089243209836 136.642793032123
v 821.312908512417 -45.0440968209152 209.154743056613
v 814.910403327604 -92.0447086000593 212.66623832977
cstype bspline
deg 1
curv 0 9 523 524 525 526 527 528 529 530 531
parm u 0 0 1 2 3 4 5 6 7 8
end
v 806.202970742511 -90.5095435106339 217.337842542915
v 805.5812288394 -90.0188113816869 216.017711329331
v 786.734250599517 -127.197175817721 193.106124557665
v 752.583313675519 -100.242322206642 120.594174533176
v 771.430291915402 -63.0639577706077 143.505761304841
v 772.052033818513 -63.5546898995542 144.825892518425
v 778.454539003326 -16.5540781204106 141.314397245268
v 812.605475927324 -43.5089317314898 213.826347269758
v 806.202970742511 -90.5095435106339 217.337842542915
cstype bspline
deg 1
curv 0 9 532 533 534 535 536 537 538 539 540
parm u 0 0 1 2 3 4 5 6 7 8
end
v 730.921609916469 -3.64379304651789 258.730295400646
v 731.462854390081 -3.64379284386791 260.243489432351
v 700.192785751873 -35.860442125952 266.106707393671
v 672.909260021504 -35.8604523412967 189.828296597854
v 704.179328659712 -3.64380305921259 183.965078636534
v 703.6380841861 -3.64380326186256 182.451884604829
v 731.533074730768 28.5728447565441 167.15273098654
v 758.816600461137 28.5728549718888 243.431141782357
v 730.921609916469 -3.64379304651789 258.730295400646
cstype bspline
deg 1
curv 0 9 541 542 543 544 545 546 547 548 549
parm u 0 0 1 2 3 4 5 6 7 8
end
v 724.180593935339 3.33797350536702 261.141444370977
v 724.72183840895 3.33797370801699 262.654638402682
v 693.451769770743 -28.8786755740671 268.517856364003
v 666.168244040374 -28.8786857894117 192.239445568186
v 697.438312678582 3.33796349267232 186.376227606865
v 696.89706820497 3.33796329002234 184.86303357516
v 724.792058749638 35.554611308429 169.563879956871
v 752.075584480007 35.5546215237737 245.842290752688
v 724.180593935339 3.33797350536702 261.141444370977
cstype bspline
deg 1
curv 0 9 550 551 552 553 554 555 556 557 558
parm u 0 0 1 2 3 4 5 6 7 8
end
v 965.896179270335 115.165060307192 129.857292523646
v 967.178385176839 116.176070820176 132.572874825279
v 930.588469881928 144.245446371568 123.808135880517
v 896.368632721804 117.263340809588 51.3339851333804
v 932.958548016715 89.1939652581952 60.0987240781429
v 931.676342110212 88.1829547452116 57.3831417765093
v 957.452743312721 51.5871979205283 43.245952615307
v 991.672580472845 78.5693034825083 115.720103362443
v 965.896179270335 115.165060307192 129.857292523646
cstype bspline
deg 1
curv 0 9 559 560 561 562 563 564 565 566 567
parm u 0 0 1 2 3 4 5 6 7 8
end
v 971.863314342268 121.345307345979 124.738909422229
v 973.145520248771 122.356317858963 127.454491723862
v 936.555604953861 150.425693410356 118.6897527791
v 902.335767793737 123.443587848376 46.2156020319636
v 938.925683088648 95.3742122969827 54.980340976726
v 937.643477182144 94.3632017839991 52.2647586750925
v 963.419878384654 57.7674449593158 38.1275695138902
v 997.639715544777 84.7495505212958 110.601720261026
v 971.863314342268 121.345307345979 124.738909422229
cstype bspline
deg 1
curv 0 9 568 569 570 571 572 573 574 575 576
parm u 0 0 1 2 3 4 5 6 7 8
end
v 886.588747981334 101.401238343113 173.353853163735
v 887.228696670537 101.905833470365 174.709199700153
v 850.638781375626 129.975209021758 165.944460755391
v 816.418944215503 102.993103459777 93.470310008254
v 853.008859510414 74.9237279083843 102.235048953016
v 852.368910821211 74.4191327811329 100.879702416599
v 878.14531202372 37.8233759564494 86.7425132553961
v 912.365149183843 64.80548151843 159.216664002533
v 886.588747981334 101.401238343113 173.353853163735
cstype bspline
deg 1
curv 0 9 577 578 579 580 581 582 583 584 585
parm u 0 0 1 2 3 4 5 6 7 8
end
v 892.555883053267 107.581485381901 168.235470062318
v 893.19583174247 108.086080509152 169.590816598736
v 856.605916447559 136.155456060545 160.826077653974
v 822.386079287436 109.173350498565 88.3519269068371
v 858.975994582347 81.1039749471718 97.1166658515996
v 858.336045893143 80.5993798199204 95.7613193151817
v 884.112447095653 44.0036229952368 81.6241301539793
v 918.332284255776 70.9857285572175 154.098280901116
v 892.555883053267 107.581485381901 168.235470062318
cstype bspline
deg 1
curv 0 9 586 587 588 589 590 591 592 593 594
parm u 0 0 1 2 3 4 5 6 7 8
end
v 807.281316692333 87.6374163790349 216.850413803824
v 807.279008164236 87.6355961205538 216.845524575026
v 770.689092869325 115.704971671947 208.080785630264
v 736.469255709202 88.7228661099664 135.606634883128
v 773.059171004113 60.6534905585738 144.37137382789
v 773.06147953221 60.6553108170547 144.376263056688
v 798.837880734719 24.0595539923713 130.239073895486
v 833.057717894843 51.0416595543516 202.713224642622
v 807.281316692333 87.6374163790349 216.850413803824
cstype bspline
deg 1
curv 0 9 595 596 597 598 599 600 601 602 603
parm u 0 0 1 2 3 4 5 6 7 8
end
v 813.248451764266 93.8176634178224 211.732030702407
v 813.246143236169 93.8158431593413 211.72714147361
v 776.656227941258 121.885218710734 202.962402528847
v 742.436390781134 94.9031131487538 130.488251781711
v 779.026306076045 66.8337375973613 139.252990726473
v 779.028614604142 66.8355578558421 139.257879955271
v 804.805015806652 30.2398010311588 125.120690794069
v 839.024852966775 57.221906593139 197.594841541205
v 813.248451764266 93.8176634178224 211.732030702407
cstype bspline
deg 1
curv 0 9 604 605 606 607 608 609 610 611 612
parm u 0 0 1 2 3 4 5 6 7 8
end
v 357.386573367147 -224.607345926212 277.287816869273
v 357.428606100162 -224.788787131247 277.514950800645
v 311.9606617389 -224.788784694572 277.514947750337
v 300.393440286141 -174.856970874148 215.008698569287
v 345.861384647403 -174.856973310823 215.008701619594
v 345.819351914388 -174.675532105788 214.781567688222
v 389.425151861896 -166.637281920253 204.71902778363
v 400.992373314654 -216.569095740677 267.22527696468
v 357.386573367147 -224.607345926212 277.287816869273
cstype bspline
deg 1
curv 0 9 613 614 615 616 617 618 619 620 621
parm u 0 0 1 2 3 4 5 6 7 8
end
v 357.386573367147 -216.794197367857 283.529187680647
v 357.428606100162 -216.975638572892 283.756321612019
v 311.9606617389 -216.975636136217 283.756318561712
v 300.393440286141 -167.043822315793 221.250069380661
v 345.861384647403 -167.043824752468 221.250072430969
v 345.819351914388 -166.862383547433 221.022938499597
v 389.425151861896 -158.824133361898 210.960398595005
v 400.992373314654 -208.755947182322 273.466647776055
v 357.386573367147 -216.794197367857 283.529187680647
cstype bspline
deg 1
curv 0 9 622 623 624 625 626 627 628 629 630
parm u 0 0 1 2 3 4 5 6 7 8
end
v 631.757627701793 -92.8646225840939 279.6221720008
v 631.581625340755 -92.6375838777637 278.97147461709
v 662.42156285 -59.3333121132944 273.188907224567
v 641.468516919361 -32.3043994685215 195.72351365028
v 610.628579410116 -65.6086712329909 201.506081042803
v 610.804581771154 -65.8357099393213 202.156778426513
v 575.86235027051 -93.8481235985896 192.772776736281
v 596.815396201148 -120.877036243362 270.238170310568
v 631.757627701793 -92.8646225840939 279.6221720008
cstype bspline
deg 1
curv 0 9 631 632 633 634 635 636 637 638 639
parm u 0 0 1 2 3 4 5 6 7 8
end
v 638.117963839764 -99.4521135841353 275.603330558743
v 637.941961478726 -99.2250748778051 274.952633175033
v 668.781898987971 -65.9208031133358 269.17006578251
v 647.828853057332 -38.8918904685631 191.704672208224
v 616.988915548087 -72.1961622330323 197.487239600746
v 617.164917909125 -72.4232009393629 198.137936984456
v 582.222686408481 -100.435614598631 188.753935294225
v 603.17573233912 -127.464527243403 266.219328868512
v 638.117963839764 -99.4521135841353 275.603330558743
cstype bspline
deg 1
curv 0 9 640 641 642 643 644 645 646 647 648
parm u 0 0 1 2 3 4 5 6 7 8
end
v 542.679992374567 -112.07404650486 297.922096217207
v 542.092713089954 -111.316470707316 295.750869128259
v 572.9326505992 -78.0121989428465 289.968301735737
v 551.979604668561 -50.9832862980738 212.50290816145
v 521.139667159316 -84.287558062543 218.285475553972
v 521.726946443928 -85.0451338600874 220.456702642921
v 486.784714943284 -113.057547519356 211.072700952689
v 507.737760873923 -140.086460164129 288.538094526975
v 542.679992374567 -112.07404650486 297.922096217207
cstype bspline
deg 1
curv 0 9 649 650 651 652 653 654 655 656 657
parm u 0 0 1 2 3 4 5 6 7 8
end
v 549.040328512539 -118.661537504902 293.903254775151
v 548.453049227926 -117.903961707357 291.732027686203
v 579.292986737171 -84.5996899428881 285.94946029368
v 558.339940806532 -57.5707772981152 208.484066719393
v 527.500003297287 -90.8750490625844 214.266634111916
v 528.087282581899 -91.6326248601288 216.437861200864
v 493.145051081255 -119.645038519397 207.053859510632
v 514.098097011894 -146.67395116417 284.519253084919
v 549.040328512539 -118.661537504902 293.903254775151
cstype bspline
deg 1
curv 0 9 658 659 660 661 662 663 664 665 666
parm u 0 0 1 2 3 4 5 6 7 8
end
v 453.602357047342 -131.283470425626 316.222020433614
v 452.603800839154 -129.995357536868 312.530263639429
v 483.443738348399 -96.6910857723985 306.747696246906
v 462.49069241776 -69.6621731276257 229.282302672619
v 431.650754908515 -102.966444892095 235.064870065142
v 432.649311116703 -104.254557780854 238.756626859328
v 397.707079616059 -132.266971440122 229.372625169096
v 418.660125546697 -159.295884084895 306.838018743383
v 453.602357047342 -131.283470425626 316.222020433614
cstype bspline
deg 1
curv 0 9 667 668 669 670 671 672 673 674 675
parm u 0 0 1 2 3 4 5 6 7 8
end
v 459.962693185313 -137.870961425668 312.203178991558
v 458.964136977125 -136.582848536909 308.511422197372
v 489.80407448637 -103.27857677244 302.72885480485
v 468.851028555731 -76.2496641276673 225.263461230563
v 438.011091046487 -109.553935892137 231.046028623086
v 439.009647254674 -110.842048780895 234.737785417271
v 404.06741575403 -138.854462440164 225.35378372704
v 425.020461684669 -165.883375084936 302.819177301326
v 459.962693185313 -137.870961425668 312.203178991558
cstype bspline
deg 1
curv 0 9 676 677 678 679 680 681 682 683 684
parm u 0 0 1 2 3 4 5 6 7 8
end
v 637.482832880318 98.2992147606765 273.121133138236
v 638.708347109155 99.8765925308533 277.635181567708
v 669.542281875553 66.5701740434156 271.853744907486
v 648.51506119285 39.5057224907366 194.40226350859
v 617.681126426451 72.8121409781747 200.183700168812
v 616.455612197614 71.234763207998 195.669651739341
v 581.512891031449 99.252701009623 186.316820384992
v 602.540111714152 126.317152562302 263.768301783887
v 637.482832880318 98.2992147606765 273.121133138236
cstype bspline
deg 1
curv 0 9 685 686 687 688 689 690 691 692 693
parm u 0 0 1 2 3 4 5 6 7 8
end
v 631.125012479412 91.7143293454531 277.14821692408
v 632.35052670825 93.2917071156296 281.662265353552
v 663.184461474648 59.9852886281919 275.88082869333
v 642.157240791944 32.9208370755132 198.429347294434
v 611.323306025546 66.2272555629511 204.210783954657
v 610.097791796709 64.6498777927743 199.696735525185
v 575.155070630543 92.6678155943994 190.343904170836
v 596.182291313247 119.732267147078 267.795385569731
v 631.125012479412 91.7143293454531 277.14821692408
cstype bspline
deg 1
curv 0 9 694 695 696 697 698 699 700 701 702
parm u 0 0 1 2 3 4 5 6 7 8
end
v 548.442144837869 117.555687654785 291.554726047438
v 549.218603997633 118.555079901112 294.414728949248
v 580.052538764032 85.248661413674 288.633292289025
v 559.025318081328 58.1842098609952 211.18181089013
v 528.19138331493 91.4906283484333 216.963247550352
v 527.414924155165 90.4912361021063 214.103244648542
v 492.472202989 118.509173903732 204.750413294193
v 513.499423671704 145.57362545641 282.201894693088
v 548.442144837869 117.555687654785 291.554726047438
cstype bspline
deg 1
curv 0 9 703 704 705 706 707 708 709 710 711
parm u 0 0 1 2 3 4 5 6 7 8
end
v 542.084324436963 110.970802239562 295.581809833282
v 542.860783596728 111.970194485888 298.441812735092
v 573.694718363126 78.6637759984503 292.660376074869
v 552.667497680422 51.5993244457716 215.208894675974
v 521.833562914025 84.9057429332097 220.990331336196
v 521.05710375426 83.9063506868829 218.130328434386
v 486.114382588095 111.924288488508 208.777497080037
v 507.141603270798 138.988740041186 286.228978478933
v 542.084324436963 110.970802239562 295.581809833282
cstype bspline
deg 1
curv 0 9 712 713 714 715 716 717 718 719 720
parm u 0 0 1 2 3 4 5 6 7 8
end
v 459.40145679542 136.812160548893 309.988318956639
v 459.728860886112 137.23356727137 311.194276330787
v 490.56279565251 103.927148783932 305.412839670565
v 469.535574969806 76.8626972312534 227.961358271669
v 438.701640203408 110.169115718692 233.742794931892
v 438.374236112716 109.747708996215 232.536837557743
v 403.431514946551 137.76564679784 223.184006203394
v 424.458735629255 164.830098350519 300.63548760229
v 459.40145679542 136.812160548893 309.988318956639
cstype bspline
deg 1
curv 0 9 721 722 723 724 725 726 727 728 729
parm u 0 0 1 2 3 4 5 6 7 8
end
v 453.043636394515 130.22727513367 314.015402742483
v 453.371040485206 130.648681856146 315.221360116631
v 484.204975251604 97.3422633687087 309.439923456409
v 463.177754568901 70.27781181603 231.988442057514
v 432.343819802503 103.584230303468 237.769878717736
v 432.016415711811 103.162823580991 236.563921343587
v 397.073694545646 131.180761382617 227.211089989238
v 418.10091522835 158.245212935295 304.662571388134
v 453.043636394515 130.22727513367 314.015402742483
cstype bspline
deg 1
curv 0 9 730 731 732 733 734 735 736 737 738
parm u 0 0 1 2 3 4 5 6 7 8
end
v 354.731515902037 218.133966577444 284.084045518746
v 354.552630137114 217.365125390353 283.123228038014
v 317.329119159326 237.619523631674 267.116846439277
v 305.699387078878 187.635574254101 204.652122743062
v 342.922898056666 167.38117601278 220.658504341799
v 343.101783821589 168.150017199872 221.619321822531
v 378.829330458495 141.466046431171 229.59069465528
v 390.459062538944 191.449995808744 292.055418351495
v 354.731515902037 218.133966577444 284.084045518746
cstype bspline
deg 1
curv 0 9 739 740 741 742 743 744 745 746 747
parm u 0 0 1 2 3 4 5 6 7 8
end
v 360.408538289723 224.013739764691 278.322128817139
v 360.2296525248 223.244898577599 277.361311336408
v 323.006141547013 243.49929681892 261.354929737671
v 311.376409466565 193.515347441348 198.890206041456
v 348.599920444352 173.260949200027 214.896587640193
v 348.778806209275 174.029790387118 215.857405120924
v 384.506352846182 147.345819618417 223.828777953674
v 396.13608492663 197.32976899599 286.293501649889
v 360.408538289723 224.013739764691 278.322128817139
cstype bspline
deg 1
curv 0 9 748 749 750 751 752 753 754 755 756
parm u 0 0 1 2 3 4 5 6 7 8
end
v 274.976534851887 -138.480421047095 345.835817334531
v 274.960627599066 -138.426941668589 345.683227138362
v 240.134334981713 -163.222732627771 326.111078422123
v 231.811820944087 -135.242861851563 246.27742870965
v 266.63811356144 -110.447070892381 265.849577425889
v 266.654020814262 -110.500550270888 266.002167622059
v 298.81137864393 -76.7319356995215 259.972580614914
v 307.133892681556 -104.711806475729 339.806230327387
v 274.976534851887 -138.480421047095 345.835817334531
cstype bspline
deg 1
curv 0 9 757 758 759 760 761 762 763 764 765
parm u 0 0 1 2 3 4 5 6 7 8
end
v 268.369819384544 -131.637751455918 348.922754910761
v 268.353912131722 -131.584272077411 348.770164714592
v 233.527619514369 -156.380063036594 329.198015998353
v 225.205105476743 -128.400192260386 249.36436628588
v 260.031398094096 -103.604401301204 268.936515002119
v 260.047305346918 -103.65788067971 269.089105198288
v 292.204663176586 -69.8892661083444 263.059518191144
v 300.527177214212 -97.8691368845521 342.893167903617
v 268.369819384544 -131.637751455918 348.922754910761
cstype bspline
deg 1
curv 0 9 766 767 768 769 770 771 772 773 774
parm u 0 0 1 2 3 4 5 6 7 8
end
v 185.889598576091 -120.333361202486 362.539837476596
v 185.679349238959 -119.62651357722 360.523022382384
v 150.853056621605 -144.422304536402 340.950873666145
v 142.53054258398 -116.442433760194 261.117223953672
v 177.356835201333 -91.6466428010119 280.689372669911
v 177.567084538465 -92.3534904262776 282.706187764123
v 209.724442368134 -58.5848758549114 276.676600756979
v 218.046956405759 -86.5647466311195 356.510250469452
v 185.889598576091 -120.333361202486 362.539837476596
cstype bspline
deg 1
curv 0 9 775 776 777 778 779 780 781 782 783
parm u 0 0 1 2 3 4 5 6 7 8
end
v 179.282883108747 -113.490691611308 365.626775052826
v 179.072633771615 -112.783843986043 363.609959958614
v 144.246341154262 -137.579634945225 344.037811242375
v 135.923827116636 -109.599764169017 264.204161529902
v 170.750119733989 -84.8039732098346 283.776310246141
v 170.960369071121 -85.5108208351005 285.793125340353
v 203.11772690079 -51.742206263734 279.763538333209
v 211.440240938416 -79.7220770399424 359.597188045682
v 179.282883108747 -113.490691611308 365.626775052826
cstype bspline
deg 1
curv 0 9 784 785 786 787 788 789 790 791 792
parm u 0 0 1 2 3 4 5 6 7 8
end
v 96.8026623002942 -102.186301357876 379.243857618661
v 96.3980708788518 -100.826085485852 375.362817626406
v 61.5717782614984 -125.621876445034 355.790668910167
v 53.2492642238723 -97.6420056688257 275.957019197694
v 88.0755568412257 -72.8462147096432 295.529167913933
v 88.4801482626685 -74.2064305816682 299.410207906188
v 120.637506092337 -40.4378160103022 293.380620899044
v 128.960020129963 -68.4176867865101 373.214270611517
v 96.8026623002942 -102.186301357876 379.243857618661
cstype bspline
deg 1
curv 0 9 793 794 795 796 797 798 799 800 801
parm u 0 0 1 2 3 4 5 6 7 8
end
v 90.1959468329505 -95.343631766699 382.33079519489
v 89.7913554115082 -93.983415894674 378.449755202636
v 54.9650627941548 -118.779206853857 358.877606486397
v 46.6425487565287 -90.7993360776484 279.043956773924
v 81.4688413738821 -66.0035451184658 298.616105490163
v 81.8734327953248 -67.3637609904911 302.497145482418
v 114.030790624993 -33.5951464191248 296.467558475274
v 122.353304662619 -61.575017195333 376.301208187746
v 90.1959468329505 -95.343631766699 382.33079519489
cstype bspline
deg 1
curv 0 9 802 803 804 805 806 807 808 809 810
parm u 0 0 1 2 3 4 5 6 7 8
end
v 3.4730482349035 -3.74992062104093 396.74338409996
v 3.47304808468323 -3.74992057017494 398.045769629515
v -28.9000169429684 -35.0066739237279 391.975731894849
v -28.9000075547813 -35.0066771026763 310.581590579004
v 3.47305747287038 -3.74992374912313 316.65162831367
v 3.47305762309063 -3.74992379998957 315.349242784116
v 35.8461240510058 27.5068290794186 309.279210075876
v 35.8461146628187 27.5068322583672 390.67335139172
v 3.4730482349035 -3.74992062104093 396.74338409996
cstype bspline
deg 1
curv 0 9 811 812 813 814 815 816 817 818 819
parm u 0 0 1 2 3 4 5 6 7 8
end
v -3.47289690209212 3.44409398513312 396.743383017828
v -3.47289705231242 3.44409403599911 398.045768547382
v -35.8459620799641 -27.8126593175541 391.975730812717
v -35.8459526917769 -27.8126624965023 310.581589496872
v -3.47288766412527 3.4440908570507 316.651627231537
v -3.47288751390499 3.44409080618448 315.349241701983
v 28.9001789140102 34.7008436855926 309.279208993743
v 28.900169525823 34.7008468645413 390.673350309588
v -3.47289690209212 3.44409398513312 396.743383017828
cstype bspline
deg 1
curv 0 9 820 821 822 823 824 825 826 827 828
parm u 0 0 1 2 3 4 5 6 7 8
end
v 268.181744247014 130.708749988477 347.109836402509
v 268.548705896061 131.943355013547 350.629203677424
v 233.719494018996 156.72852721002 331.042302321498
v 225.395334967801 128.722743442752 251.208965426328
v 260.224546844866 103.937571246279 270.795866782254
v 259.857585195819 102.702966221209 267.276499507339
v 292.015770416151 68.9313973779351 261.246762638123
v 300.339929467346 96.9371811452036 341.080099533293
v 268.181744247014 130.708749988477 347.109836402509
cstype bspline
deg 1
curv 0 9 829 830 831 832 833 834 835 836 837
parm u 0 0 1 2 3 4 5 6 7 8
end
v 274.787976377983 137.550918981266 344.020755551207
v 275.154938027029 138.785524006335 347.540122826122
v 240.325726149964 163.570696202808 327.953221470196
v 232.001567098769 135.56491243554 248.119884575025
v 266.830778975834 110.779740239067 267.706785930952
v 266.463817326788 109.545135213997 264.187418656036
v 298.622002547119 75.7735663707238 258.15768178682
v 306.946161598314 103.779350137992 337.991018681991
v 274.787976377983 137.550918981266 344.020755551207
cstype bspline
deg 1
curv 0 9 838 839 840 841 842 843 844 845 846
parm u 0 0 1 2 3 4 5 6 7 8
end
v 179.094828826403 112.56197802059 363.813855469175
v 179.268862521764 113.147496631003 365.482935858854
v 144.439650644699 137.932668827476 345.896034502927
v 136.115491593504 109.926885060208 266.062697607758
v 170.944703470569 85.1417128637347 285.649598963684
v 170.770669775208 84.5561942533218 283.980518574005
v 202.928854995539 50.7846254100482 277.950781704789
v 211.253014046735 78.790409177316 357.784118599959
v 179.094828826403 112.56197802059 363.813855469175
cstype bspline
deg 1
curv 0 9 847 848 849 850 851 852 853 854 855
parm u 0 0 1 2 3 4 5 6 7 8
end
v 185.701060957371 119.404147013378 360.724774617873
v 185.875094652733 119.989665623791 362.393855007551
v 151.045882775667 144.774837820264 342.806953651625
v 142.721723724472 116.769054052996 262.973616756455
v 177.550935601538 91.9838818565233 282.560518112381
v 177.376901906176 91.3983632461102 280.891437722703
v 209.535087126507 57.6267944028368 274.861700853486
v 217.859246177703 85.6325781701046 354.695037748657
v 185.701060957371 119.404147013378 360.724774617873
cstype bspline
deg 1
curv 0 9 856 857 858 859 860 861 862 863 864
parm u 0 0 1 2 3 4 5 6 7 8
end
v 90.007913405791 94.4152060527024 380.517874535841
v 89.9890191474673 94.3516382484593 380.336668040283
v 55.159807270402 119.136810444932 360.749766684357
v 46.8356482192067 91.1310266776643 280.916429789187
v 81.664860096272 66.3458544811913 300.503331145113
v 81.6837543545958 66.4094222854344 300.684537640671
v 113.841939574927 32.637853442161 294.654800771455
v 122.166098626122 60.6436372094288 374.488137666625
v 90.007913405791 94.4152060527024 380.517874535841
cstype bspline
deg 1
curv 0 9 865 866 867 868 869 870 871 872 873
parm u 0 0 1 2 3 4 5 6 7 8
end
v 96.6141455367594 101.257375045491 377.428793684539
v 96.5952512784357 101.193807241248 377.247587188981
v 61.7660394013703 125.978979437721 357.660685833055
v 53.441880350175 97.9731956704529 277.827348937885
v 88.2710922272404 73.1880234739799 297.414250293811
v 88.2899864855642 73.251591278223 297.595456789369
v 120.448171705896 39.4800224349494 291.565719920153
v 128.772330757091 67.4858062022174 371.399056815323
v 96.6141455367594 101.257375045491 377.428793684539
cstype bspline
deg 1
curv 0 9 874 875 876 877 878 879 880 881 882
parm u 0 0 1 2 3 4 5 6 7 8
end
v -357.428445589758 -224.788775896456 277.514881471723
v -357.386412099379 -224.607331668899 277.287743606721
v -400.992210539261 -216.569082060929 267.225197782609
v -389.424978325681 -166.637289695188 204.718934197297
v -345.8191798858 -174.675539303158 214.781480021409
v -345.861213376178 -174.856983530715 215.008617886412
v -300.393269252851 -174.856985967388 215.00862093672
v -311.960501466431 -224.78877833313 277.514884522032
v -357.428445589758 -224.788775896456 277.514881471723
cstype bspline
deg 1
curv 0 9 883 884 885 886 887 888 889 890 891
parm u 0 0 1 2 3 4 5 6 7 8
end
v -357.428445589758 -216.975625328952 283.75624976798
v -357.386412099379 -216.794181101395 283.529111902978
v -400.992210539261 -208.755931493425 273.466566078866
v -389.424978325681 -158.824139127685 210.960302493554
v -345.8191798858 -166.862388735655 221.022848317666
v -345.861213376178 -167.043832963212 221.249986182669
v -300.393269252851 -167.043835399885 221.249989232977
v -311.960501466431 -216.975627765626 283.756252818289
v -357.428445589758 -216.975625328952 283.75624976798
cstype bspline
deg 1
curv 0 9 892 893 894 895 896 897 898 899 900
parm u 0 0 1 2 3 4 5 6 7 8
end
v -96.7632036452035 -94.7064846075832 380.193201598965
v -96.6668841875415 -94.3826641281626 379.269259987315
v -63.3915042474175 -63.8134162905415 385.50848422201
v -55.0689724308972 -35.8335427713216 305.67483849546
v -88.3443523710213 -66.4027906089425 299.435614260765
v -88.4406718286831 -66.7266110883636 300.359555872414
v -120.255177522662 -92.3844836935702 280.106937686334
v -128.577709339182 -120.36435721279 359.940583412885
v -96.7632036452035 -94.7064846075832 380.193201598965
cstype bspline
deg 1
curv 0 9 901 902 903 904 905 906 907 908 909
parm u 0 0 1 2 3 4 5 6 7 8
end
v -89.9267908682796 -101.787054983683 378.424308302972
v -89.8304714106176 -101.463234504263 377.500366691322
v -56.5550914704936 -70.8939866666412 383.739590926017
v -48.2325596539733 -42.9141131474216 303.905945199467
v -81.5079395940974 -73.4833609850423 297.666720964772
v -81.6042590517592 -73.8071814644636 298.590662576421
v -113.418764745738 -99.4650540696703 278.338044390341
v -121.741296562258 -127.44492758889 358.171690116891
v -89.9267908682796 -101.787054983683 378.424308302972
cstype bspline
deg 1
curv 0 9 910 911 912 913 914 915 916 917 918
parm u 0 0 1 2 3 4 5 6 7 8
end
v -186.04446311438 -113.506912612707 365.353386890387
v -185.753801187964 -112.529723925743 362.565220768425
v -152.47842124784 -81.9604760881223 368.80444500312
v -144.155889431319 -53.9806025689027 288.97079927657
v -177.431269371443 -84.5498504065235 282.731575041875
v -177.72193129786 -85.5270390934872 285.519741163836
v -209.536436991839 -111.184911698694 265.267122977756
v -217.858968808359 -139.164785217914 345.100768704306
v -186.04446311438 -113.506912612707 365.353386890387
cstype bspline
deg 1
curv 0 9 919 920 921 922 923 924 925 926 927
parm u 0 0 1 2 3 4 5 6 7 8
end
v -179.208050337456 -120.587482988807 363.584493594394
v -178.91738841104 -119.610294301843 360.796327472432
v -145.642008470916 -89.0410464642221 367.035551707127
v -137.319476654395 -61.0611729450025 287.201905980577
v -170.594856594519 -91.6304207826236 280.962681745882
v -170.885518520936 -92.6076094695873 283.750847867842
v -202.700024214915 -118.265482074794 263.498229681763
v -211.022556031435 -146.245355594014 343.331875408313
v -179.208050337456 -120.587482988807 363.584493594394
cstype bspline
deg 1
curv 0 9 928 929 930 931 932 933 934 935 936
parm u 0 0 1 2 3 4 5 6 7 8
end
v -275.325722583558 -132.307340617831 350.513572181808
v -274.840718188386 -130.676783723324 345.861181549535
v -241.565338248262 -100.107535885703 352.10040578423
v -233.242806431742 -72.1276623664833 272.26676005768
v -266.518186371866 -102.696910204105 266.027535822985
v -267.003190767038 -104.327467098611 270.679926455258
v -298.817696461016 -129.985339703817 250.427308269178
v -307.140228277536 -157.965213223037 330.260953995729
v -275.325722583558 -132.307340617831 350.513572181808
cstype bspline
deg 1
curv 0 9 937 938 939 940 941 942 943 944 945
parm u 0 0 1 2 3 4 5 6 7 8
end
v -268.489309806634 -139.387910993931 348.744678885815
v -268.004305411462 -137.757354099424 344.092288253542
v -234.728925471338 -107.188106261803 350.331512488237
v -226.406393654818 -79.208232742583 270.497866761687
v -259.681773594942 -109.777480580204 264.258642526991
v -260.166777990114 -111.408037474711 268.911033159264
v -291.981283684092 -137.065910079917 248.658414973185
v -300.303815500613 -165.045783599137 328.492060699735
v -268.489309806634 -139.387910993931 348.744678885815
cstype bspline
deg 1
curv 0 9 946 947 948 949 950 951 952 953 954
parm u 0 0 1 2 3 4 5 6 7 8
end
v -89.6231669470121 100.469337050222 375.502034397415
v -90.1435106398917 102.219976307637 380.492410268505
v -56.8661157930113 71.6507841577825 386.732012303697
v -48.5419385036745 43.6450030791766 306.898675107774
v -81.8193333505548 74.214195229031 300.659073072583
v -81.2989896576757 72.4635559716155 295.668697201493
v -113.113589701157 98.1113355178034 275.400106266973
v -121.437766990494 126.117116596409 355.233443462895
v -89.6231669470121 100.469337050222 375.502034397415
cstype bspline
deg 1
curv 0 9 955 956 957 958 959 960 961 962 963
parm u 0 0 1 2 3 4 5 6 7 8
end
v -96.459317922878 93.3890378252174 377.273023589809
v -96.9796616157575 95.1396770826329 382.263399460899
v -63.7022667688772 64.5704849327785 388.503001496091
v -55.3780894795404 36.5647038541726 308.669664300168
v -88.6554843264207 67.1338960040271 302.430062264977
v -88.1351406335416 65.3832567466113 297.439686393886
v -119.949740677023 91.0310362927992 277.171095459367
v -128.27391796636 119.036817371406 357.004432655289
v -96.459317922878 93.3890378252174 377.273023589809
cstype bspline
deg 1
curv 0 9 964 965 966 967 968 969 970 971 972
parm u 0 0 1 2 3 4 5 6 7 8
end
v -178.902993814513 119.265195271798 360.648282780023
v -179.230409413397 120.366749126954 363.788374467212
v -145.953014566517 89.7975569770995 370.027976502403
v -137.62883727718 61.7917758984934 290.194639306481
v -170.906232124061 92.360968048348 283.955037271289
v -170.578816525176 91.259414193192 280.8149455841
v -202.393416568658 116.90719373938 260.546354649581
v -210.717593857994 144.912974817986 340.379691845503
v -178.902993814513 119.265195271798 360.648282780023
cstype bspline
deg 1
curv 0 9 973 974 975 976 977 978 979 980 981
parm u 0 0 1 2 3 4 5 6 7 8
end
v -185.739144790378 112.184896046794 362.419271972417
v -186.066560389263 113.28644990195 365.559363659606
v -152.789165542383 82.7172577520955 371.798965694797
v -144.464988253046 54.7114766734892 291.965628498874
v -177.742383099927 85.2806688233441 285.726026463683
v -177.414967501042 84.1791149681878 282.585934776494
v -209.229567544524 109.826894514376 262.317343841975
v -217.55374483386 137.832675592982 342.150681037897
v -185.739144790378 112.184896046794 362.419271972417
cstype bspline
deg 1
curv 0 9 982 983 984 985 986 987 988 989 990
parm u 0 0 1 2 3 4 5 6 7 8
end
v -268.182820682012 138.061053493375 345.79453116263
v -268.317308186902 138.513521946271 347.084338665918
v -235.039913340022 107.944329796417 353.32394070111
v -226.715736050686 79.9385487178108 273.490603505187
v -259.993130897566 110.507740867665 267.251001469996
v -259.858643392676 110.055272414769 265.961193966708
v -291.673243436158 135.703051960957 245.692603032188
v -299.997420725494 163.708833039563 325.525940228111
v -268.182820682012 138.061053493375 345.79453116263
cstype bspline
deg 1
curv 0 9 991 992 993 994 995 996 997 998 999
parm u 0 0 1 2 3 4 5 6 7 8
end
v -275.018971657878 130.980754268371 347.565520355024
v -275.153459162768 131.433222721267 348.855327858312
v -241.876064315888 100.864030571413 355.094929893504
v -233.551887026551 72.8582494928069 275.261592697581
v -266.829281873432 103.427441642661 269.02199066239
v -266.694794368542 102.974973189765 267.732183159102
v -298.509394412024 128.622752735953 247.463592224582
v -306.83357170136 156.628533814559 327.296929420504
v -275.018971657878 130.980754268371 347.565520355024
cstype bspline
deg 1
curv 0 9 1000 1001 1002 1003 1004 1005 1006 1007 1008
parm u 0 0 1 2 3 4 5 6 7 8
end
v -360.689637335376 217.567159777397 282.963488616454
v -360.614063254773 217.242346975225 282.557571241823
v -394.048230378668 233.443806602332 256.640521277797
v -382.41848678329 183.459875926713 194.17578535038
v -348.984319659396 167.258416299606 220.092835314407
v -349.059893739999 167.583229101778 220.498752689037
v -314.13004759716 144.953432015398 238.382332767478
v -325.759791192537 194.937362691017 300.847068694894
v -360.689637335376 217.567159777397 282.963488616454
cstype bspline
deg 1
curv 0 9 1009 1010 1011 1012 1013 1014 1015 1016 1017
parm u 0 0 1 2 3 4 5 6 7 8
end
v -354.346824350214 224.136501797743 278.887648966153
v -354.271250269611 223.811688995571 278.481731591522
v -387.705417393506 240.013148622678 252.564681627496
v -376.075673798128 190.029217947059 190.099945700079
v -342.641506674233 173.827758319952 216.016995664106
v -342.717080754837 174.152571122125 216.422913038736
v -307.787234611998 151.522774035745 234.306493117176
v -319.416978207375 201.506704711363 296.771229044593
v -354.346824350214 224.136501797743 278.887648966153
cstype bspline
deg 1
curv 0 9 1018 1019 1020 1021 1022 1023 1024 1025 1026
parm u 0 0 1 2 3 4 5 6 7 8
end
v -452.929787458557 -137.668647055579 312.468996729283
v -452.703977176615 -137.377357768529 311.634155164307
v -480.014650483535 -161.148513628807 282.033258721007
v -459.061595550967 -134.11962734281 204.567870428761
v -431.750922244047 -110.348471482533 234.168766872061
v -431.976732525988 -110.639760769581 235.003608437038
v -398.364226538756 -78.7394075460688 241.306044722415
v -419.317281471325 -105.768293832066 318.771433014661
v -452.929787458557 -137.668647055579 312.468996729283
cstype bspline
deg 1
curv 0 9 1027 1028 1029 1030 1031 1032 1033 1034 1035
parm u 0 0 1 2 3 4 5 6 7 8
end
v -459.861930668348 -130.48892730258 313.099087823771
v -459.636120386407 -130.197638015532 312.264246258794
v -486.946793693326 -153.968793875809 282.663349815494
v -465.993738760758 -126.939907589812 205.197961523248
v -438.683065453839 -103.168751729535 234.798857966548
v -438.908875735779 -103.460041016583 235.633699531525
v -405.296369748547 -71.5596877930707 241.936135816902
v -426.249424681116 -98.5885740790679 319.401524109148
v -459.861930668348 -130.48892730258 313.099087823771
cstype bspline
deg 1
curv 0 9 1036 1037 1038 1039 1040 1041 1042 1043 1044
parm u 0 0 1 2 3 4 5 6 7 8
end
v -542.418642690824 -118.989760063992 295.689592998809
v -541.781558279837 -118.167938035912 293.334232817163
v -569.092231586757 -141.93909389619 263.733336373863
v -548.139176654189 -114.910207610193 186.267948081618
v -520.828503347269 -91.1390517499151 215.868844524918
v -521.465587758255 -91.9608737779945 218.224204706563
v -487.853081771023 -60.0605205544819 224.526640991941
v -508.806136703592 -87.0894068404791 301.992029284187
v -542.418642690824 -118.989760063992 295.689592998809
cstype bspline
deg 1
curv 0 9 1045 1046 1047 1048 1049 1050 1051 1052 1053
parm u 0 0 1 2 3 4 5 6 7 8
end
v -549.350785900615 -111.810040310994 296.319684093296
v -548.713701489628 -110.988218282914 293.964323911651
v -576.024374796548 -134.759374143192 264.363427468351
v -555.07131986398 -107.730487857195 186.898039176105
v -527.76064655706 -83.9593319969172 216.498935619405
v -528.397730968047 -84.7811540249963 218.85429580105
v -494.785224980815 -52.8808008014837 225.156732086428
v -515.738279913383 -79.9096870874812 302.622120378674
v -549.350785900615 -111.810040310994 296.319684093296
cstype bspline
deg 1
curv 0 9 1054 1055 1056 1057 1058 1059 1060 1061 1062
parm u 0 0 1 2 3 4 5 6 7 8
end
v -631.907497923091 -100.310873072405 278.910189268334
v -630.859139383059 -98.9585183032948 275.03431047002
v -658.169812689979 -122.729674163572 245.433414026721
v -637.21675775741 -95.7007878775755 167.968025734475
v -609.906084450491 -71.9296320172975 197.568922177775
v -610.954442990523 -73.2819867864077 201.444800976089
v -577.341937003291 -41.3816335628951 207.747237261466
v -598.294991935859 -68.4105198488926 285.212625553712
v -631.907497923091 -100.310873072405 278.910189268334
cstype bspline
deg 1
curv 0 9 1063 1064 1065 1066 1067 1068 1069 1070 1071
parm u 0 0 1 2 3 4 5 6 7 8
end
v -638.839641132882 -93.1311533194068 279.540280362822
v -637.791282592851 -91.7787985502969 275.664401564507
v -665.10195589977 -115.549954410574 246.063505121208
v -644.148900967202 -88.5210681245774 168.598116828962
v -616.838227660282 -64.7499122642996 198.199013272262
v -617.886586200314 -66.1022670334098 202.074892070576
v -584.274080213082 -34.201913809897 208.377328355954
v -605.22713514565 -61.2308000958944 285.842716648199
v -638.839641132882 -93.1311533194068 279.540280362822
cstype bspline
deg 1
curv 0 9 1072 1073 1074 1075 1076 1077 1078 1079 1080
parm u 0 0 1 2 3 4 5 6 7 8
end
v -724.336825908264 -3.64379649217813 261.579438899763
v -724.564672968319 -3.64379646587236 262.216446410097
v -752.459667446723 -35.8604463014892 246.917307035417
v -725.176141474234 -35.8604494515118 170.638899279544
v -697.281146995829 -3.6437996158943 185.938038654223
v -697.053299935774 -3.64379964220029 185.301031143889
v -665.783233890899 28.5728498037474 191.164253569561
v -693.066759863389 28.5728529537698 267.442661325435
v -724.336825908264 -3.64379649217813 261.579438899763
cstype bspline
deg 1
curv 0 9 1081 1082 1083 1084 1085 1086 1087 1088 1089
parm u 0 0 1 2 3 4 5 6 7 8
end
v -731.077841671462 3.33796983399134 259.16828866656
v -731.305688731517 3.33796986029733 259.805296176894
v -759.200683209922 -28.8786799753198 244.506156802215
v -731.917157237432 -28.8786831253421 168.227749046341
v -704.022162759027 3.33796671027517 183.52688842102
v -703.794315698972 3.3379666839694 182.889880910687
v -672.524249654098 35.5546161299171 188.753103336359
v -699.807775626587 35.5546192799395 265.031511092232
v -731.077841671462 3.33796983399134 259.16828866656
cstype bspline
deg 1
curv 0 9 1090 1091 1092 1093 1094 1095 1096 1097 1098
parm u 0 0 1 2 3 4 5 6 7 8
end
v -459.400751583698 129.559526407737 311.255673357347
v -460.303466246327 130.721422163471 314.580722795776
v -487.578176080757 154.464639325244 284.904931881338
v -466.550943913058 127.400215956577 207.453452022412
v -439.276234078628 103.656998794803 237.12924293685
v -438.373519415999 102.49510303907 233.804193498421
v -404.75357722732 70.5848549795373 240.108024091793
v -425.780809395019 97.6492783482045 317.559503950719
v -459.400751583698 129.559526407737 311.255673357347
cstype bspline
deg 1
curv 0 9 1099 1100 1101 1102 1103 1104 1105 1106 1107
parm u 0 0 1 2 3 4 5 6 7 8
end
v -452.468467576239 136.739391986891 310.628801197183
v -453.371182238867 137.901287742625 313.953850635611
v -480.645892073297 161.644504904398 284.278059721173
v -459.618659905598 134.580081535731 206.826579862248
v -432.343950071168 110.836864373958 236.502370776686
v -431.44123540854 109.674968618224 233.177321338257
v -397.82129321986 77.764720558692 239.481151931629
v -418.848525387559 104.829143927359 316.932631790555
v -452.468467576239 136.739391986891 310.628801197183
cstype bspline
deg 1
curv 0 9 1108 1109 1110 1111 1112 1113 1114 1115 1116
parm u 0 0 1 2 3 4 5 6 7 8
end
v -548.890432206276 110.881034846954 294.476114863944
v -549.344095624781 111.464950919566 296.147133799808
v -576.618805459211 135.20816808134 266.47134288537
v -555.591573291512 108.143744712673 189.019863026445
v -528.316863457082 84.4005275508994 218.695653940883
v -527.863200038577 83.8166114782864 217.024635005019
v -494.243257849898 51.9063634187544 223.328465598391
v -515.270490017597 78.9707867874213 300.779945457317
v -548.890432206276 110.881034846954 294.476114863944
cstype bspline
deg 1
curv 0 9 1117 1118 1119 1120 1121 1122 1123 1124 1125
parm u 0 0 1 2 3 4 5 6 7 8
end
v -541.958148198816 118.060900426108 293.84924270378
v -542.411811617321 118.644816498721 295.520261639644
v -569.686521451751 142.388033660494 265.844470725206
v -548.659289284052 115.323610291827 188.392990866281
v -521.384579449622 91.5803931300538 218.068781780719
v -520.930916031117 90.9964770574411 216.397762844854
v -487.310973842438 59.0862289979088 222.701593438227
v -508.338206010137 86.150652366576 300.153073297153
v -541.958148198816 118.060900426108 293.84924270378
cstype bspline
deg 1
curv 0 9 1126 1127 1128 1129 1130 1131 1132 1133 1134
parm u 0 0 1 2 3 4 5 6 7 8
end
v -638.380112828854 92.2025432861701 277.696556370542
v -638.384725003235 92.2084796756624 277.713544803841
v -665.659434837665 115.951696837436 248.037753889403
v -644.632202669966 88.8872734687686 170.586274030477
v -617.357492835536 65.1440563069955 200.262064944915
v -617.352880661155 65.1381199175032 200.245076511616
v -583.732938472476 33.227871857971 206.548907104989
v -604.760170640175 60.2922952266383 284.000386963914
v -638.380112828854 92.2025432861701 277.696556370542
cstype bspline
deg 1
curv 0 9 1135 1136 1137 1138 1139 1140 1141 1142 1143
parm u 0 0 1 2 3 4 5 6 7 8
end
v -631.447828821394 99.3824088653248 277.069684210378
v -631.452440995775 99.3883452548168 277.086672643677
v -658.727150830206 123.13156241659 247.410881729239
v -637.699918662506 96.0671390479231 169.959401870313
v -610.425208828076 72.3239218861499 199.635192784751
v -610.420596653695 72.3179854966577 199.618204351452
v -576.800654465016 40.4077374371254 205.922034944824
v -597.827886632715 67.4721608057928 283.37351480375
v -631.447828821394 99.3824088653248 277.069684210378
cstype bspline
deg 1
curv 0 9 1144 1145 1146 1147 1148 1149 1150 1151 1152
parm u 0 0 1 2 3 4 5 6 7 8
end
v -1030.73386669811 -197.520041636699 43.4192022454916
v -1030.34228620414 -196.910971939207 42.6991147515806
v -1070.06145700357 -182.903907190066 26.1389210762219
v -1039.20407561621 -134.907910871248 -30.60551531472
v -999.484904816788 -148.914975620389 -14.0453216393614
v -999.876485310756 -149.52404531788 -13.3252341454501
v -956.475311251182 -157.804071446937 -3.53597145623394
v -987.332692638539 -205.800067765755 53.2084649347083
v -1030.73386669811 -197.520041636699 43.4192022454916
cstype bspline
deg 1
curv 0 9 1153 1154 1155 1156 1157 1158 1159 1160 1161
parm u 0 0 1 2 3 4 5 6 7 8
end
v -1030.73386669811 -189.884949702991 49.8771718307277
v -1030.34228620414 -189.275880005499 49.1570843368166
v -1070.06145700357 -175.268815256359 32.596890661458
v -1039.20407561621 -127.27281893754 -24.1475457294839
v -999.484904816788 -141.279883686681 -7.58735205412529
v -999.876485310756 -141.888953384173 -6.86726456021404
v -956.475311251182 -150.168979513229 2.92199812900208
v -987.332692638539 -198.164975832047 59.6664345199443
v -1030.73386669811 -189.884949702991 49.8771718307277
cstype bspline
deg 1
curv 0 9 1162 1163 1164 1165 1166 1167 1168 1169 1170
parm u 0 0 1 2 3 4 5 6 7 8
end
v -813.981985419473 -87.6540736808845 214.616673243266
v -813.442422300888 -87.2282043563953 213.471030024529
v -783.492644536308 -56.9478147712821 229.897125220382
v -749.341719821161 -29.9929864330609 157.385172557611
v -779.291497585741 -60.2733760181734 140.959077361757
v -779.831060704327 -60.6992453426631 142.104720580494
v -803.59210139678 -86.0949547382652 112.538207859801
v -837.743026111927 -113.049783076487 185.050160522573
v -813.981985419473 -87.6540736808845 214.616673243266
cstype bspline
deg 1
curv 0 9 1171 1172 1173 1174 1175 1176 1177 1178 1179
parm u 0 0 1 2 3 4 5 6 7 8
end
v -807.04838948114 -94.8352980455873 215.21271350007
v -806.508826362554 -94.4094287210978 214.067070281332
v -776.559048597974 -64.1290391359846 230.493165477186
v -742.408123882828 -37.1742107977632 157.981212814415
v -772.357901647408 -67.4546003828762 141.555117618561
v -772.897464765994 -67.8804697073656 142.700760837298
v -796.658505458447 -93.2761791029677 113.134248116605
v -830.809430173593 -120.23100744119 185.646200779376
v -807.04838948114 -94.8352980455873 215.21271350007
cstype bspline
deg 1
curv 0 9 1180 1181 1182 1183 1184 1185 1186 1187 1188
parm u 0 0 1 2 3 4 5 6 7 8
end
v -894.002485951437 -101.980455648486 172.632610144407
v -892.750442033764 -100.992235588435 169.974171169556
v -862.800664269185 -70.7118460033221 186.400266365409
v -828.649739554038 -43.7570176651004 113.888313702638
v -858.599517318618 -74.0374072502134 97.4622185067837
v -859.85156123629 -75.0256273102641 100.120657481636
v -883.612601928744 -100.421336705866 70.5541447609427
v -917.76352664389 -127.376165044088 143.066097423714
v -894.002485951437 -101.980455648486 172.632610144407
cstype bspline
deg 1
curv 0 9 1189 1190 1191 1192 1193 1194 1195 1196 1197
parm u 0 0 1 2 3 4 5 6 7 8
end
v -887.068890013104 -109.161680013189 173.228650401211
v -885.816846095431 -108.173459953138 170.570211426359
v -855.867068330851 -77.8930703680246 186.996306622213
v -821.716143615705 -50.938242029803 114.484353959441
v -851.665921380285 -81.2186316149161 98.0582587635874
v -852.917965297957 -82.2068516749666 100.71669773844
v -876.679005990411 -107.602561070569 71.1501850177465
v -910.829930705557 -134.557389408791 143.662137680518
v -887.068890013104 -109.161680013189 173.228650401211
cstype bspline
deg 1
curv 0 9 1198 1199 1200 1201 1202 1203 1204 1205 1206
parm u 0 0 1 2 3 4 5 6 7 8
end
v -974.0229864834 -116.306837616087 130.648547045549
v -972.058461766641 -114.756266820476 126.477312314582
v -942.108684002062 -84.4758772353628 142.903407510436
v -907.957759286915 -57.5210488971409 70.3914548476647
v -937.907537051495 -87.8014384822541 53.9653596518106
v -939.872061768253 -89.3520092778651 58.1365943827778
v -963.633102460707 -114.747718673468 28.5700816620842
v -997.784027175853 -141.70254701169 101.082034324856
v -974.0229864834 -116.306837616087 130.648547045549
cstype bspline
deg 1
curv 0 9 1207 1208 1209 1210 1211 1212 1213 1214 1215
parm u 0 0 1 2 3 4 5 6 7 8
end
v -967.089390545066 -123.48806198079 131.244587302353
v -965.124865828308 -121.937491185178 127.073352571386
v -935.175088063728 -91.6571016000655 143.49944776724
v -901.024163348582 -64.7022732618432 70.9874951044684
v -930.973941113162 -94.9826628469566 54.5613999086144
v -932.93846582992 -96.5332336425679 58.7326346395815
v -956.699506522374 -121.928943038171 29.1661219188879
v -990.85043123752 -148.883771376392 101.67807458166
v -967.089390545066 -123.48806198079 131.244587302353
cstype bspline
deg 1
curv 0 9 1216 1217 1218 1219 1220 1221 1222 1223 1224
parm u 0 0 1 2 3 4 5 6 7 8
end
v -805.848802295771 93.569816425646 212.581505820445
v -807.74437384103 95.0644602990951 216.59613579579
v -777.793881664997 64.773734170845 233.02262811938
v -743.574052936471 37.7916571885876 160.548470914271
v -773.524545112505 68.0823833168379 144.121978590681
v -771.628973567246 66.5877394433885 140.107348615336
v -795.342635722682 91.9607721174702 110.471877282521
v -829.562464451207 118.942849099728 182.94603448763
v -805.848802295771 93.569816425646 212.581505820445
cstype bspline
deg 1
curv 0 9 1225 1226 1227 1228 1229 1230 1231 1232 1233
parm u 0 0 1 2 3 4 5 6 7 8
end
v -812.782223934978 86.3887725850382 211.981277753591
v -814.677795480238 87.8834164584873 215.995907728936
v -784.727303304204 57.5926903302372 232.422400052526
v -750.507474575679 30.6106133479798 159.948242847417
v -780.457966751712 60.9013394762301 143.521750523827
v -778.562395206453 59.4066956027807 139.507120548482
v -802.276057361889 84.7797282768624 109.871649215667
v -836.495886090414 111.76180525912 182.345806420776
v -812.782223934978 86.3887725850382 211.981277753591
cstype bspline
deg 1
curv 0 9 1234 1235 1236 1237 1238 1239 1240 1241 1242
parm u 0 0 1 2 3 4 5 6 7 8
end
v -885.798528827596 107.840053437947 170.445180956379
v -887.051843792787 108.828282839738 173.099576059738
v -857.101351616753 78.5375567114884 189.526068383328
v -822.881522888228 51.5554797292307 117.051911178219
v -852.832015064261 81.846205857481 100.625418854628
v -851.578700099071 80.8579764556896 97.97102375127
v -875.292362254507 106.231009129771 68.3355524184548
v -909.512190983032 133.213086112029 140.809709623564
v -885.798528827596 107.840053437947 170.445180956379
cstype bspline
deg 1
curv 0 9 1243 1244 1245 1246 1247 1248 1249 1250 1251
parm u 0 0 1 2 3 4 5 6 7 8
end
v -892.731950466803 100.659009597339 169.844952889525
v -893.985265431994 101.64723899913 172.499347992884
v -864.03477325596 71.3565128708806 188.925840316474
v -829.814944527435 44.3744358886229 116.451683111365
v -859.765436703469 74.6651620168732 100.025190787775
v -858.512121738278 73.6769326150818 97.3707956844161
v -882.225783893714 99.0499652891633 67.7353243516009
v -916.445612622239 126.032042271421 140.20948155671
v -892.731950466803 100.659009597339 169.844952889525
cstype bspline
deg 1
curv 0 9 1252 1253 1254 1255 1256 1257 1258 1259 1260
parm u 0 0 1 2 3 4 5 6 7 8
end
v -965.74825535942 122.110290450248 128.308856092313
v -966.359313744543 122.592105380382 129.603016323686
v -936.408821568509 92.3013792521315 146.029508647277
v -902.188992839983 65.319302269874 73.5553514421671
v -932.139485016017 95.6100283981241 57.1288591185769
v -931.528426630895 95.1282134679907 55.834698887204
v -955.242088786331 120.501246142072 26.1992275543886
v -989.461917514857 147.48332312433 98.6733847594981
v -965.74825535942 122.110290450248 128.308856092313
cstype bspline
deg 1
curv 0 9 1261 1262 1263 1264 1265 1266 1267 1268 1269
parm u 0 0 1 2 3 4 5 6 7 8
end
v -972.681676998628 114.92924660964 127.70862802546
v -973.29273538375 115.411061539774 129.002788256833
v -943.342243207716 85.1203354115237 145.429280580423
v -909.122414479191 58.1382584292662 72.9551233753132
v -939.072906655225 88.4289845575163 56.528631051723
v -938.461848270103 87.9471696273829 55.2344708203502
v -962.175510425539 113.320202301465 25.5989994875347
v -996.395339154064 140.302279283722 98.0731566926442
v -972.681676998628 114.92924660964 127.70862802546
cstype bspline
deg 1
curv 0 9 1270 1271 1272 1273 1274 1275 1276 1277 1278
parm u 0 0 1 2 3 4 5 6 7 8
end
v -1033.99850068331 189.65950822023 47.4549013939616
v -1033.74065136988 189.259199009924 46.9823116015117
v -1060.47974132324 204.485060954301 13.9116339479831
v -1029.55270199083 156.471054138225 -42.7718720312315
v -1002.81361203748 141.245192193848 -9.70119437770296
v -1003.0714613509 141.645501404154 -9.22860458525315
v -973.30840970037 121.724960606777 18.2997141925845
v -1004.23544903278 169.738967422853 74.9832201717992
v -1033.99850068331 189.65950822023 47.4549013939616
cstype bspline
deg 1
curv 0 9 1279 1280 1281 1282 1283 1284 1285 1286 1287
parm u 0 0 1 2 3 4 5 6 7 8
end
v -1027.22987829326 196.66986712421 45.2097691087034
v -1026.97202897983 196.269557913904 44.7371793162536
v -1053.71111893319 211.495419858281 11.666501662725
v -1022.78407960078 163.481413042205 -45.0170043164896
v -996.044989647428 148.255551097828 -11.9463266629612
v -996.302838960852 148.655860308134 -11.4737368705113
v -966.53978731032 128.735319510757 16.0545819073263
v -997.466826642727 176.749326326833 72.7380878865411
v -1027.22987829326 196.66986712421 45.2097691087034
cstype bspline
deg 1
curv 0 9 1288 1289 1290 1291 1292 1293 1294 1295 1296
parm u 0 0 1 2 3 4 5 6 7 8
end
v -1129.20626765243 -120.611078595344 40.2888523859457
v -1128.50132194469 -120.183170696931 39.1630887542185
v -1146.17617580089 -145.114709569738 4.12386439296864
v -1103.64706597689 -119.299186747865 -63.7930327586068
v -1085.97221212069 -94.3676478750579 -28.753808397357
v -1086.67715782842 -94.7955557734713 -27.6280447656297
v -1057.18851458583 -62.6929486422566 -11.4548611479177
v -1099.71762440983 -88.5084714641296 56.4620360036578
v -1129.20626765243 -120.611078595344 40.2888523859457
cstype bspline
deg 1
curv 0 9 1297 1298 1299 1300 1301 1302 1303 1304 1305
parm u 0 0 1 2 3 4 5 6 7 8
end
v -1136.06336124839 -113.509088799522 38.6944846880236
v -1135.35841554066 -113.081180901108 37.5687210562963
v -1153.03326939686 -138.012719773915 2.52949669504648
v -1110.50415957286 -112.197196952042 -65.387400456529
v -1092.82930571666 -87.265658079235 -30.3481760952792
v -1093.53425142439 -87.6935659776484 -29.2224124635519
v -1064.04560818179 -55.5909588464338 -13.0492288458398
v -1106.5747180058 -81.4064816683065 54.8676683057357
v -1136.06336124839 -113.509088799522 38.6944846880236
cstype bspline
deg 1
curv 0 9 1306 1307 1308 1309 1310 1311 1312 1313 1314
parm u 0 0 1 2 3 4 5 6 7 8
end
v -1208.79570660799 -105.329575674015 -3.36235472226576
v -1207.78218573734 -104.714360089322 -4.98089771595073
v -1225.45703959354 -129.645898962129 -40.0201220772007
v -1182.92792976954 -103.830376140256 -107.937019228776
v -1165.25307591334 -78.8988372674487 -72.8977948675263
v -1166.26659678399 -79.5140528521417 -71.2792518738415
v -1136.7779535414 -47.4114457209271 -55.1060682561292
v -1179.3070633654 -73.2269685428003 12.8108288954462
v -1208.79570660799 -105.329575674015 -3.36235472226576
cstype bspline
deg 1
curv 0 9 1315 1316 1317 1318 1319 1320 1321 1322 1323
parm u 0 0 1 2 3 4 5 6 7 8
end
v -1215.65280020396 -98.227585878192 -4.95672242018787
v -1214.63927933331 -97.6123702934988 -6.5752654138729
v -1232.31413318951 -122.543909166306 -41.6144897751228
v -1189.78502336551 -96.7283863444331 -109.531386926698
v -1172.1101695093 -71.7968474716258 -74.4921625654484
v -1173.12369037996 -72.4120630563189 -72.8736195717636
v -1143.63504713736 -40.3094559251042 -56.7004359540514
v -1186.16415696137 -66.1249787469774 11.2164611975241
v -1215.65280020396 -98.227585878192 -4.95672242018787
cstype bspline
deg 1
curv 0 9 1324 1325 1326 1327 1328 1329 1330 1331 1332
parm u 0 0 1 2 3 4 5 6 7 8
end
v -1288.38514556356 -90.0480727526849 -47.0135618304778
v -1287.06304952999 -89.2455494817123 -49.1248841861196
v -1304.73790338619 -114.177088354519 -84.1641085473698
v -1262.20879356219 -88.3615655326466 -152.081005698945
v -1244.53393970598 -63.4300266598391 -117.041781337695
v -1245.85603573956 -64.232549930812 -114.930458982053
v -1216.36739249697 -32.1299427995973 -98.7572753643411
v -1258.89650232097 -57.9454656214705 -30.8403782127654
v -1288.38514556356 -90.0480727526849 -47.0135618304778
cstype bspline
deg 1
curv 0 9 1333 1334 1335 1336 1337 1338 1339 1340 1341
parm u 0 0 1 2 3 4 5 6 7 8
end
v -1295.24223915953 -82.946082956862 -48.6079295283999
v -1293.92014312595 -82.1435596858894 -50.7192518840418
v -1311.59499698216 -107.075098558697 -85.7584762452919
v -1269.06588715815 -81.2595757368238 -153.675373396867
v -1251.39103330195 -56.3280368640162 -118.636149035617
v -1252.71312933553 -57.1305601349891 -116.524826679975
v -1223.22448609293 -25.0279530037744 -100.351643062263
v -1265.75359591694 -50.8434758256476 -32.4347459106875
v -1295.24223915953 -82.946082956862 -48.6079295283999
cstype bspline
deg 1
curv 0 9 1342 1343 1344 1345 1346 1347 1348 1349 1350
parm u 0 0 1 2 3 4 5 6 7 8
end
v -1368.99556019441 -3.40260975936053 -91.2247341471814
v -1368.80904506436 -3.40260977041999 -91.4977501478128
v -1391.34205023913 -37.601987798105 -110.362545299675
v -1345.99820623346 -37.6019904866851 -176.735685860827
v -1323.46520105869 -3.40261245900024 -157.870890708966
v -1323.65171618874 -3.40261244794101 -157.597874708334
v -1297.88524940786 30.7967653880214 -143.466136631524
v -1343.22909341353 30.7967680766021 -77.0929960703711
v -1368.99556019441 -3.40260975936053 -91.2247341471814
cstype bspline
deg 1
curv 0 9 1351 1352 1353 1354 1355 1356 1357 1358 1359
parm u 0 0 1 2 3 4 5 6 7 8
end
v -1375.27083558686 3.09678261138856 -95.5117864631664
v -1375.08432045681 3.09678260032911 -95.7848024637978
v -1397.61732563158 -31.1025954273562 -114.64959761566
v -1352.27348162591 -31.1025981159362 -181.022738176812
v -1329.74047645114 3.09677991174885 -162.157943024951
v -1329.92699158119 3.09677992280808 -161.884927024319
v -1304.16052480031 37.2961577587705 -147.753188947509
v -1349.50436880598 37.296160447351 -81.3800483863561
v -1375.27083558686 3.09678261138856 -95.5117864631664
cstype bspline
deg 1
curv 0 9 1360 1361 1362 1363 1364 1365 1366 1367 1368
parm u 0 0 1 2 3 4 5 6 7 8
end
v -1135.06253230685 112.592507626483 37.0769357983726
v -1136.44229454715 113.429802544 39.2790801787145
v -1154.10169338694 138.357764735779 4.22596876043292
v -1111.5543592011 112.538340470292 -63.6809286306732
v -1093.8949603613 87.6103782785128 -28.6278172123915
v -1092.515198121 86.773083360996 -30.8299615927336
v -1063.02652120569 54.6666420651604 -14.6567538830311
v -1105.57385539153 80.4860663306479 53.2501435080751
v -1135.06253230685 112.592507626483 37.0769357983726
cstype bspline
deg 1
curv 0 9 1369 1370 1371 1372 1373 1374 1375 1376 1377
parm u 0 0 1 2 3 4 5 6 7 8
end
v -1128.2056210485 119.694308572631 38.6729280654004
v -1129.5853832888 120.531603490148 40.8750724457424
v -1147.24478212859 145.459565681927 5.8219610274607
v -1104.69744794275 119.64014141644 -62.0849363636453
v -1087.03804910295 94.7121792246605 -27.0318249453637
v -1085.65828686265 93.8748843071437 -29.2339693257058
v -1056.16960994734 61.7684430113081 -13.0607616160033
v -1098.71694413318 87.5878672767956 54.8461357751029
v -1128.2056210485 119.694308572631 38.6729280654004
cstype bspline
deg 1
curv 0 9 1378 1379 1380 1381 1382 1383 1384 1385 1386
parm u 0 0 1 2 3 4 5 6 7 8
end
v -1214.6521283881 97.31103283997 -6.57435480917741
v -1215.70124214627 97.9476770326855 -4.89993591335593
v -1233.36064098607 122.875639224465 -39.9530473316376
v -1190.81330680022 97.0562149589773 -107.859944722744
v -1173.15390796043 72.1282527671981 -72.8068333044619
v -1172.10479420226 71.4916085744826 -74.4812522002836
v -1142.61611728694 39.385167278647 -58.3080444905809
v -1185.16345147278 65.2045915441347 9.59885290052529
v -1214.6521283881 97.31103283997 -6.57435480917741
cstype bspline
deg 1
curv 0 9 1387 1388 1389 1390 1391 1392 1393 1394 1395
parm u 0 0 1 2 3 4 5 6 7 8
end
v -1207.79521712975 104.412833786118 -4.97836254214957
v -1208.84433088792 105.049477978833 -3.30394364632815
v -1226.50372972772 129.977440170612 -38.3570550646098
v -1183.95639554187 104.158015905125 -106.263952455716
v -1166.29699670208 79.2300537133458 -71.2108410374341
v -1165.24788294391 78.5934095206303 -72.8852599332557
v -1135.75920602859 46.4869682247947 -56.7120522235531
v -1178.30654021444 72.3063924902824 11.1948451675531
v -1207.79521712975 104.412833786118 -4.97836254214957
cstype bspline
deg 1
curv 0 9 1396 1397 1398 1399 1400 1401 1402 1403 1404
parm u 0 0 1 2 3 4 5 6 7 8
end
v -1294.24172446936 82.0295580534569 -50.2256454167273
v -1294.9601897454 82.4655515213706 -49.0789520054267
v -1312.6195885852 107.39351371315 -84.1320634237083
v -1270.07225439935 81.5740894476623 -152.038960814814
v -1252.41285555956 56.6461272558831 -116.985849396533
v -1251.69439028351 56.2101337879692 -118.132542807833
v -1222.20571336819 24.1036924921341 -101.959335098131
v -1264.75304755404 49.9231167576213 -34.0524377070246
v -1294.24172446936 82.0295580534569 -50.2256454167273
cstype bspline
deg 1
curv 0 9 1405 1406 1407 1408 1409 1410 1411 1412 1413
parm u 0 0 1 2 3 4 5 6 7 8
end
v -1287.38481321101 89.1313589996046 -48.6296531496995
v -1288.10327848705 89.5673524675183 -47.4829597383988
v -1305.76267732685 114.495314659298 -82.5360711566805
v -1263.215343141 88.6758903938101 -150.442968547787
v -1245.55594430121 63.7479282020308 -115.389857129505
v -1244.83747902516 63.3119347341169 -116.536550540806
v -1215.34880210984 31.2054934382818 -100.363342831103
v -1257.89613629569 57.024917703769 -32.4564454399969
v -1287.38481321101 89.1313589996046 -48.6296531496995
cstype bspline
deg 1
curv 0 9 1414 1415 1416 1417 1418 1419 1420 1421 1422
parm u 0 0 1 2 3 4 5 6 7 8
end
v -1445.79304470492 -75.4210582121975 -152.729868403432
v -1444.26477666495 -74.6266562078961 -154.669834635955
v -1418.972723128 -42.771817567005 -133.495144296974
v -1369.44479462891 -17.0269320890318 -196.365338753949
v -1394.73684816587 -48.8817707299231 -217.54002909293
v -1396.26511620584 -49.6761727342248 -215.600062860407
v -1411.16590006014 -76.1295731147698 -249.965313866899
v -1460.69382855922 -101.874458592743 -187.095119409924
v -1445.79304470492 -75.4210582121975 -152.729868403432
cstype bspline
deg 1
curv 0 9 1423 1424 1425 1426 1427 1428 1429 1430 1431
parm u 0 0 1 2 3 4 5 6 7 8
end
v -1439.05862581492 -82.395992062553 -150.280807359439
v -1437.53035777496 -81.6015900582513 -152.220773591962
v -1412.238304238 -49.7467514173602 -131.046083252981
v -1362.71037573892 -24.001865939387 -193.916277709956
v -1388.00242927587 -55.8567045802783 -215.090968048937
v -1389.53069731584 -56.6511065845802 -213.151001816414
v -1404.43148117014 -83.104506965125 -247.516252822906
v -1453.95940966923 -108.849392443098 -184.646058365931
v -1439.05862581492 -82.395992062553 -150.280807359439
cstype bspline
deg 1
curv 0 9 1432 1433 1434 1435 1436 1437 1438 1439 1440
parm u 0 0 1 2 3 4 5 6 7 8
end
v -1513.69373128245 -83.4391418743064 -209.419086565228
v -1512.0905902149 -82.6058204647575 -211.454095775439
v -1486.79853667795 -50.7509818238661 -190.279405436458
v -1437.27060817886 -25.0060963458934 -253.149599893433
v -1462.56266171582 -56.8609349867847 -274.324290232414
v -1464.16580278336 -57.6942563963337 -272.289281022203
v -1479.06658663767 -84.1476567768784 -306.654532028695
v -1528.59451513675 -109.892542254851 -243.78433757172
v -1513.69373128245 -83.4391418743064 -209.419086565228
cstype bspline
deg 1
curv 0 9 1441 1442 1443 1444 1445 1446 1447 1448 1449
parm u 0 0 1 2 3 4 5 6 7 8
end
v -1506.95931239245 -90.4140757246616 -206.970025521235
v -1505.35617132491 -89.5807543151127 -209.005034731446
v -1480.06411778795 -57.7259156742216 -187.830344392465
v -1430.53618928887 -31.9810301962489 -250.70053884944
v -1455.82824282582 -63.83586883714 -271.875229188421
v -1457.43138389336 -64.6691902466889 -269.84021997821
v -1472.33216774767 -91.1225906272339 -304.205470984701
v -1521.86009624675 -116.867476105207 -241.335276527726
v -1506.95931239245 -90.4140757246616 -206.970025521235
cstype bspline
deg 1
curv 0 9 1450 1451 1452 1453 1454 1455 1456 1457 1458
parm u 0 0 1 2 3 4 5 6 7 8
end
v -1581.59441785997 -91.4572255364153 -266.108304727024
v -1579.91640376485 -90.5849847216189 -268.238356914923
v -1554.6243502279 -58.7301460807273 -247.063666575942
v -1505.09642172881 -32.985260602755 -309.933861032917
v -1530.38847526577 -64.8400992436459 -331.108551371898
v -1532.06648936089 -65.7123400584426 -328.978499183999
v -1546.96727321519 -92.1657404389875 -363.343750190491
v -1596.49520171428 -117.91062591696 -300.473555733516
v -1581.59441785997 -91.4572255364153 -266.108304727024
cstype bspline
deg 1
curv 0 9 1459 1460 1461 1462 1463 1464 1465 1466 1467
parm u 0 0 1 2 3 4 5 6 7 8
end
v -1574.85999896997 -98.4321593867705 -263.65924368303
v -1573.18198487485 -97.5599185719741 -265.789295870929
v -1547.8899313379 -65.7050799310825 -244.614605531948
v -1498.36200283881 -39.9601944531103 -307.484799988923
v -1523.65405637577 -71.8150330940011 -328.659490327904
v -1525.33207047089 -72.6872739087978 -326.529438140005
v -1540.23285432519 -99.140674289343 -360.894689146497
v -1589.76078282428 -124.885559767316 -298.024494689522
v -1574.85999896997 -98.4321593867705 -263.65924368303
cstype bspline
deg 1
curv 0 9 1468 1469 1470 1471 1472 1473 1474 1475 1476
parm u 0 0 1 2 3 4 5 6 7 8
end
v -1437.52642345673 81.2906688143087 -152.241433114607
v -1439.05212647579 82.0835598426661 -150.305764155657
v -1413.76122607433 50.2242311068576 -129.132040079444
v -1364.21724629414 24.4767713549275 -191.988796974404
v -1389.50814669561 56.3361000907357 -213.162521050617
v -1387.98244367654 55.5432090623785 -215.098190009567
v -1402.86625536611 81.9940885994522 -249.475452599442
v -1452.41023514629 107.741548351382 -186.618695704482
v -1437.52642345673 81.2906688143087 -152.241433114607
cstype bspline
deg 1
curv 0 9 1477 1478 1479 1480 1481 1482 1483 1484 1485
parm u 0 0 1 2 3 4 5 6 7 8
end
v -1444.26051936948 74.3160694761013 -154.692334236508
v -1445.78622238854 75.1089605044588 -152.756665277558
v -1420.49532198708 43.2496317686503 -131.582941201345
v -1370.9513422069 17.5021720167199 -194.439698096304
v -1396.24224260836 49.3615007525284 -215.613422172517
v -1394.71653958929 48.5686097241712 -217.549091131467
v -1409.60035127886 75.0194892612446 -251.926353721342
v -1459.14433105905 100.766949013175 -189.069596826383
v -1444.26051936948 74.3160694761013 -154.692334236508
cstype bspline
deg 1
curv 0 9 1486 1487 1488 1489 1490 1491 1492 1493 1494
parm u 0 0 1 2 3 4 5 6 7 8
end
v -1505.4008874052 89.2951161465728 -208.963969997399
v -1506.87793956078 90.0627238578613 -207.090024693124
v -1481.58703915932 58.2033951220533 -185.916300616911
v -1432.04305937913 32.4559353701229 -248.773057511871
v -1457.33395978059 64.3152641059314 -269.946781588084
v -1455.85690762502 63.5476563946427 -271.820726892359
v -1470.74071931459 89.9985359317166 -306.197989482234
v -1520.28469909477 115.745995683647 -243.341232587274
v -1505.4008874052 89.2951161465728 -208.963969997399
cstype bspline
deg 1
curv 0 9 1495 1496 1497 1498 1499 1500 1501 1502 1503
parm u 0 0 1 2 3 4 5 6 7 8
end
v -1512.13498331796 82.3205168083655 -211.4148711193
v -1513.61203547353 83.088124519654 -209.540925815025
v -1488.32113507207 51.228795783846 -188.367201738811
v -1438.77715529188 25.4813360319156 -251.223958633771
v -1464.06805569335 57.3406647677241 -272.397682709984
v -1462.59100353777 56.5730570564353 -274.271628014259
v -1477.47481522734 83.0239365935092 -308.648890604134
v -1527.01879500752 108.771396345439 -245.792133709174
v -1512.13498331796 82.3205168083655 -211.4148711193
cstype bspline
deg 1
curv 0 9 1504 1505 1506 1507 1508 1509 1510 1511 1512
parm u 0 0 1 2 3 4 5 6 7 8
end
v -1573.27535135368 97.2995634788369 -265.686506880191
v -1574.70375264577 98.0418878730572 -263.87428523059
v -1549.4128522443 66.1825591372487 -242.700561154378
v -1499.86887246412 40.4350993853186 -305.557318049337
v -1525.15977286558 72.2944281211267 -326.731042125551
v -1523.7313715735 71.5521037269068 -328.543263775151
v -1538.61518326307 98.0029832639809 -362.920526365026
v -1588.15916304325 123.750443015911 -300.063769470066
v -1573.27535135368 97.2995634788369 -265.686506880191
cstype bspline
deg 1
curv 0 9 1513 1514 1515 1516 1517 1518 1519 1520 1521
parm u 0 0 1 2 3 4 5 6 7 8
end
v -1580.00944726643 90.3249641406296 -268.137408002091
v -1581.43784855852 91.0672885348497 -266.325186352491
v -1556.14694815706 59.2079597990414 -245.151462276278
v -1506.60296837687 33.4605000471113 -308.008219171238
v -1531.89386877833 65.3198287829193 -329.181943247451
v -1530.46546748625 64.5775043886995 -330.994164897051
v -1545.34927917582 91.0283839257736 -365.371427486926
v -1594.893258956 116.775843677704 -302.514670591966
v -1580.00944726643 90.3249641406296 -268.137408002091
cstype bspline
deg 1
curv 0 9 1522 1523 1524 1525 1526 1527 1528 1529 1530
parm u 0 0 1 2 3 4 5 6 7 8
end
