# type_plates_name_cross_vda_hexshell.xml
v -564.319640255329 -561.588623069641 -230.266319352364
v -595.905511713594 -496.896861135566 -198.483511624885
v -543.033965843762 -493.266521885651 -147.192691887092
v -474.549066273463 -603.570047011275 -188.130577849317
v -564.319640255329 -561.588623069641 -230.266319352364
cstype bspline
deg 1
curv 0 5 1 2 3 4 5
parm u 0 0 1 2 3 4
end
v -575.836365230865 -573.104423759043 -218.752736238477
v -608.066839461731 -507.09243581309 -186.321306673572
v -554.116309681966 -503.38800987676 -133.983761928708
v -484.23378134787 -615.942591518946 -175.757101652444
v -575.836365230865 -573.104423759043 -218.752736238477
cstype bspline
deg 1
curv 0 5 6 7 8 9 10
parm u 0 0 1 2 3 4
end
v -356.172548097187 -644.205767351104 -147.549886719417
v -293.840064827131 -572.304362347851 -56.9392724134689
v -153.09876696221 -581.352401534477 -22.0823589291815
v -72.3626350229461 -688.592941245082 -103.147768884656
v -356.172548097187 -644.205767351104 -147.549886719417
cstype bspline
deg 1
curv 0 5 11 12 13 14 15
parm u 0 0 1 2 3 4
end
v -363.441356056919 -657.407632671998 -134.348212553194
v -299.836733027243 -584.038796382869 -41.888331876735
v -156.223194086995 -593.271487481837 -6.32006031781043
v -73.8393344191264 -702.700678130659 -89.0399181716987
v -363.441356056919 -657.407632671998 -134.348212553194
cstype bspline
deg 1
curv 0 5 16 17 18 19 20
parm u 0 0 1 2 3 4
end
v 74.7205649162206 -688.582514369413 -103.139886987023
v 149.494035251031 -582.390882218595 -22.8673686150635
v 296.830992984815 -573.302595833487 -59.6706959860078
v 344.566874424559 -646.2459622079 -145.518371231314
v 74.7205649162206 -688.582514369413 -103.139886987023
cstype bspline
deg 1
curv 0 5 21 22 23 24 25
parm u 0 0 1 2 3 4
end
v 76.2453855554886 -702.690038501929 -89.031875449544
v 152.544896226054 -594.331157549419 -7.12108751031178
v 302.888709462371 -585.057397238819 -44.6754979029777
v 351.598832107174 -659.489464167509 -132.27523763434
v 76.2453855554886 -702.690038501929 -89.031875449544
cstype bspline
deg 1
curv 0 5 26 27 28 29 30
parm u 0 0 1 2 3 4
end
v 495.816454120068 -594.424701896805 -197.240063256219
v 539.234979028177 -485.581863467134 -138.929438178964
v 597.482884659847 -492.033375422277 -196.94789786246
v 564.624791573708 -561.943655601357 -229.942421735834
v 495.816454120068 -594.424701896805 -197.240063256219
cstype bspline
deg 1
curv 0 5 31 32 33 34 35
parm u 0 0 1 2 3 4
end
v 505.935196509701 -606.610607220034 -185.052494569727
v 550.239797790662 -495.546526413116 -125.551878186429
v 609.676402771736 -502.129698176108 -184.754354780567
v 576.147744223577 -573.466702030458 -218.422228385092
v 505.935196509701 -606.610607220034 -185.052494569727
cstype bspline
deg 1
curv 0 5 36 37 38 39 40
parm u 0 0 1 2 3 4
end
v -474.390108144846 -603.826069025479 -188.225597478222
v -543.033965843748 -493.266521885616 -147.192691887116
v -516.076420862002 -422.350479367938 -78.4525547685319
v -381.214007738843 -424.806913535667 0.314797639011658
v -293.840064827138 -572.304362347862 -56.9392724134434
v -355.963634176333 -643.964782175379 -147.246195646729
v -474.390108144846 -603.826069025479 -188.225597478222
cstype bspline
deg 1
curv 0 7 41 42 43 44 45 46 47
parm u 0 0 1 2 3 4 5 6
end
v -484.071578216586 -616.203840017235 -175.854061030832
v -554.116309681962 -503.388009876773 -133.983761928705
v -526.608602477147 -431.024679498419 -63.8407438475608
v -388.993787189338 -433.531246943192 16.5341686373229
v -299.836733027241 -584.038796382865 -41.8883318767241
v -363.228179318125 -657.161730275224 -134.038324766827
v -484.071578216586 -616.203840017235 -175.854061030832
cstype bspline
deg 1
curv 0 7 48 49 50 51 52 53 54
parm u 0 0 1 2 3 4 5 6
end
v -72.3613213744291 -688.594686143847 -103.149087890795
v -153.098766962216 -581.352401534463 -22.0823589291815
v -81.5882935057944 -479.947549729095 54.5717301424972
v 81.4928670861618 -479.947549729085 54.5717301424827
v 149.494035251047 -582.390882218566 -22.8673686150416
v 74.7119943179804 -688.594686143853 -103.149087890785
v -72.3613213744291 -688.594686143847 -103.149087890795
cstype bspline
deg 1
curv 0 7 55 56 57 58 59 60 61
parm u 0 0 1 2 3 4 5 6
end
v -73.8379950159534 -702.702457238918 -89.0412630375615
v -156.223194086983 -593.271487481859 -6.32006031782498
v -83.2533463895725 -489.797181770129 71.8983730750931
v 83.1559736561907 -489.797181770125 71.898373075089
v 152.544896226058 -594.331157549412 -7.12108751030451
v 76.236641061756 -702.702457238923 -89.0412630375561
v -73.8379950159534 -702.702457238918 -89.0412630375615
cstype bspline
deg 1
curv 0 7 62 63 64 65 66 67 68
parm u 0 0 1 2 3 4 5 6
end
v 344.523061097709 -646.179012746495 -145.439577834366
v 296.830992984836 -573.302595833516 -59.6706959860551
v 383.956397956892 -439.949910373183 -8.88271231065869
v 513.589079423149 -435.045332875572 -83.9731015899363
v 539.23497902817 -485.58186346709 -138.929438178972
v 495.598799689174 -594.970324441605 -197.532370881656
v 344.523061097709 -646.179012746495 -145.439577834366
cstype bspline
deg 1
curv 0 7 69 70 71 72 73 74 75
parm u 0 0 1 2 3 4 5 6
end
v 351.55412508787 -659.42114908899 -132.19483703088
v 302.888709462366 -585.057397238815 -44.6754979029522
v 391.792146009979 -448.983286431848 7.14895313412285
v 524.070498995225 -443.978611483118 -69.4739548126511
v 550.239797790658 -495.546526413134 -125.55187818644
v 505.713099741715 -607.167365946534 -185.350768207462
v 351.55412508787 -659.42114908899 -132.19483703088
cstype bspline
deg 1
curv 0 7 76 77 78 79 80 81 82
parm u 0 0 1 2 3 4 5 6
end
v -516.076420862013 -422.350479367927 -78.4525547684882
v -543.03396584377 -493.266521885653 -147.19269188708
v -596.012261646407 -496.904190947174 -198.587070003438
v -661.373835820141 -292.096301067347 -132.933449965471
v -604.011195437684 -294.031668088873 -80.9080250564732
v -516.076420862013 -422.350479367927 -78.4525547684882
cstype bspline
deg 1
curv 0 6 83 84 85 86 87 88
parm u 0 0 1 2 3 4 5
end
v -526.608602477154 -431.024679498387 -63.8407438475026
v -554.116309681962 -503.388009876762 -133.98376192869
v -608.175768007237 -507.099915215633 -186.426978529749
v -674.871247669664 -298.112285604995 -119.433492902134
v -616.337941726257 -300.087149893493 -66.3463251439809
v -526.608602477154 -431.024679498387 -63.8407438475026
cstype bspline
deg 1
curv 0 6 89 90 91 92 93 94
parm u 0 0 1 2 3 4 5
end
v -293.840064827135 -572.304362347848 -56.9392724134725
v -381.214007738825 -424.806913535667 0.314797638982554
v -333.955347701449 -339.342794082778 61.2315964981842
v -164.606818925731 -341.888656064529 107.811805901927
v -81.5882935057908 -479.947549729095 54.5717301425263
v -153.098766962226 -581.352401534455 -22.0823589292106
v -293.840064827135 -572.304362347848 -56.9392724134725
cstype bspline
deg 1
curv 0 7 95 96 97 98 99 100 101
parm u 0 0 1 2 3 4 5 6
end
v -299.836733027238 -584.03879638288 -41.8883318767168
v -388.993787189338 -433.531246943184 16.5341686373229
v -340.770682982478 -346.322994845806 78.6941439098098
v -167.966095545802 -348.920812686989 126.224960545261
v -83.2533463895616 -489.797181770114 71.8983730751004
v -156.22319408697 -593.27148748183 -6.32006031781043
v -299.836733027238 -584.03879638288 -41.8883318767168
cstype bspline
deg 1
curv 0 7 102 103 104 105 106 107 108
parm u 0 0 1 2 3 4 5 6
end
v 149.49403525106 -582.39088221858 -22.8673686150707
v 81.492867086159 -479.947549729088 54.57173014249
v 165.868573328657 -347.399080065061 105.686804147446
v 332.947028456823 -344.435502333632 59.7898132808712
v 383.956397956899 -439.949910373183 -8.88271231064414
v 296.830992984862 -573.302595833473 -59.6706959860442
v 149.49403525106 -582.39088221858 -22.8673686150707
cstype bspline
deg 1
curv 0 7 109 110 111 112 113 114 115
parm u 0 0 1 2 3 4 5 6
end
v 152.544896226067 -594.331157549433 -7.12108751029723
v 83.1559736561885 -489.797181770129 71.8983730751004
v 169.253599540281 -354.543693996715 124.056591532784
v 339.741785483893 -351.519635682653 77.2229366063054
v 391.792146009971 -448.983286431878 7.14895313412285
v 302.888709462371 -585.057397238834 -44.6754979029413
v 152.544896226067 -594.331157549433 -7.12108751029723
cstype bspline
deg 1
curv 0 7 116 117 118 119 120 121 122
parm u 0 0 1 2 3 4 5 6
end
v 513.589079423149 -435.045332875575 -83.9731015899436
v 604.616706037075 -294.011238672858 -81.457196886897
v 661.373835820155 -292.096301067338 -132.933449965464
v 597.563852318173 -492.04234336386 -197.028546578839
v 539.234979028173 -485.58186346711 -138.929438179019
v 513.589079423149 -435.045332875575 -83.9731015899436
cstype bspline
deg 1
curv 0 6 123 124 125 126 127 128
parm u 0 0 1 2 3 4 5
end
v 524.070498995236 -443.978611483131 -69.4739548126656
v 616.955810944408 -300.066303508112 -66.9067057052218
v 674.871247669671 -298.112285605002 -119.433492902126
v 609.759022872913 -502.138849141538 -184.836649430616
v 550.239797790651 -495.546526413116 -125.551878186418
v 524.070498995236 -443.978611483131 -69.4739548126656
cstype bspline
deg 1
curv 0 6 129 130 131 132 133 134
parm u 0 0 1 2 3 4 5
end
v -516.076420861977 -422.350479367949 -78.4525547685028
v -604.011195437666 -294.031668088882 -80.9080250564859
v -560.12790317183 -187.302370623376 -13.7795714940132
v -411.359177962073 -188.571823873859 73.6657015758917
v -333.955347701442 -339.342794082768 61.2315964981769
v -381.214007738825 -424.806913535671 0.314797639018934
v -516.076420861977 -422.350479367949 -78.4525547685028
cstype bspline
deg 1
curv 0 7 135 136 137 138 139 140 141
parm u 0 0 1 2 3 4 5 6
end
v -526.608602477103 -431.024679498423 -63.8407438475317
v -616.337941726229 -300.087149893497 -66.3463251440028
v -571.559052284352 -191.179655385855 2.15212712044899
v -419.754208933406 -192.475016030759 91.3820103599953
v -340.770682982457 -346.322994845788 78.6941439097807
v -388.993787189334 -433.531246943181 16.5341686372938
v -526.608602477103 -431.024679498423 -63.8407438475317
cstype bspline
deg 1
curv 0 7 142 143 144 145 146 147 148
parm u 0 0 1 2 3 4 5 6
end
v -81.5882935057867 -479.947549729085 54.5717301424827
v -164.606818925697 -341.888656064529 107.811805901869
v -91.9939476639138 -215.690563199026 156.477964571671
v 92.0326378745313 -215.690563199033 156.477964571694
v 165.868573328664 -347.39908006505 105.686804147446
v 81.492867086159 -479.947549729088 54.5717301424827
v -81.5882935057867 -479.947549729085 54.5717301424827
cstype bspline
deg 1
curv 0 7 149 150 151 152 153 154 155
parm u 0 0 1 2 3 4 5 6
end
v -83.2533463895536 -489.797181770125 71.898373075089
v -167.966095545789 -348.920812686981 126.224960545232
v -93.8713666564163 -220.147314066929 175.884280856722
v 93.910845177168 -220.147314066932 175.884280856727
v 169.253599540281 -354.543693996726 124.056591532799
v 83.1559736561866 -489.797181770129 71.8983730751004
v -83.2533463895536 -489.797181770125 71.898373075089
cstype bspline
deg 1
curv 0 7 156 157 158 159 160 161 162
parm u 0 0 1 2 3 4 5 6
end
v 383.956397956896 -439.949910373176 -8.88271231065869
v 332.947028456823 -344.435502333628 59.789813280813
v 413.940646613686 -195.923550157629 71.272846539601
v 558.003631684489 -193.555761233776 -13.4141316605148
v 604.616706037068 -294.011238672807 -81.4571968869479
v 513.589079423127 -435.045332875561 -83.9731015899654
v 383.956397956896 -439.949910373176 -8.88271231065869
cstype bspline
deg 1
curv 0 7 163 164 165 166 167 168 169
parm u 0 0 1 2 3 4 5 6
end
v 391.792146009964 -448.983286431863 7.14895313414468
v 339.741785483897 -351.519635682663 77.2229366062909
v 422.388361170724 -199.97677866221 88.9403212463601
v 569.391427503342 -197.560667181096 2.52502541065928
v 616.955810944437 -300.066303508061 -66.9067057052218
v 524.070498995232 -443.978611483115 -69.4739548126729
v 391.792146009964 -448.983286431863 7.14895313414468
cstype bspline
deg 1
curv 0 7 170 171 172 173 174 175 176
parm u 0 0 1 2 3 4 5 6
end
v -560.127903171826 -187.302370623389 -13.7795714940351
v -604.011195437659 -294.031668088872 -80.9080250564714
v -661.486092233765 -292.092513630789 -133.035261659969
v -692.309690515784 -57.6151887152553 -102.036738963745
v -630.249948231864 -58.0539788783858 -45.3332658135389
v -560.127903171826 -187.302370623389 -13.7795714940351
cstype bspline
deg 1
curv 0 6 177 178 179 180 181 182
parm u 0 0 1 2 3 4 5
end
v -571.559052284374 -191.179655385878 2.15212712044899
v -616.337941726244 -300.087149893497 -66.3463251439591
v -674.985795296259 -298.108420864853 -119.537382627341
v -706.438455398555 -58.8457775229906 -87.9062281749414
v -643.112169603799 -59.2935227157982 -30.0455246960721
v -571.559052284374 -191.179655385878 2.15212712044899
cstype bspline
deg 1
curv 0 6 183 184 185 186 187 188
parm u 0 0 1 2 3 4 5
end
v -333.955347701434 -339.342794082771 61.2315964981769
v -411.359177962087 -188.571823873852 73.6657015759208
v -352.83366272365 -67.8678619825803 117.170833978956
v -171.816044048228 -68.4077264370178 167.452423811564
v -91.9939476639193 -215.690563199034 156.477964571715
v -164.606818925682 -341.888656064529 107.811805901927
v -333.955347701434 -339.342794082771 61.2315964981769
cstype bspline
deg 1
curv 0 7 189 190 191 192 193 194 195
parm u 0 0 1 2 3 4 5 6
end
v -340.770682982457 -346.322994845781 78.6941439097661
v -419.75420893342 -192.475016030785 91.3820103600244
v -360.034328738733 -69.307776685642 135.774977843985
v -175.322510593611 -69.8586586697309 187.082712114114
v -93.8713666564218 -220.147314066938 175.884280856708
v -167.966095545786 -348.920812686985 126.224960545247
v -340.770682982457 -346.322994845781 78.6941439097661
cstype bspline
deg 1
curv 0 7 196 197 198 199 200 201 202
parm u 0 0 1 2 3 4 5 6
end
v 165.868573328658 -347.399080065042 105.686804147432
v 92.0326378745248 -215.690563199026 156.477964571715
v 173.163765570371 -69.6240625814714 167.361791177531
v 352.002330066061 -68.9942684259629 117.651156467977
v 413.940646613693 -195.923550157593 71.2728465395573
v 332.94702845682 -344.435502333614 59.7898132807984
v 165.868573328658 -347.399080065042 105.686804147432
cstype bspline
deg 1
curv 0 7 203 204 205 206 207 208 209
parm u 0 0 1 2 3 4 5 6
end
v 169.253599540272 -354.543693996715 124.05659153277
v 93.9108451771698 -220.147314066926 175.884280856708
v 176.697736399221 -71.0998172399993 186.9902298912
v 359.186029967241 -70.4571702747496 136.265102870044
v 422.388361170717 -199.976778662198 88.9403212463164
v 339.741785483882 -351.519635682642 77.2229366062618
v 169.253599540272 -354.543693996715 124.05659153277
cstype bspline
deg 1
curv 0 7 210 211 212 213 214 215 216
parm u 0 0 1 2 3 4 5 6
end
v 558.003631684489 -193.555761233794 -13.4141316605439
v 630.516108018008 -58.0520970095347 -45.5764538083733
v 692.309690515805 -57.6151887152544 -102.036738963745
v 661.486092233772 -292.092513630781 -133.035261659961
v 604.616706037083 -294.011238672838 -81.4571968869661
v 558.003631684489 -193.555761233794 -13.4141316605439
cstype bspline
deg 1
curv 0 6 217 218 219 220 221 222
parm u 0 0 1 2 3 4 5
end
v 569.391427503349 -197.560667181102 2.52502541065928
v 643.383760786495 -59.2916024445437 -30.2936753129964
v 706.438455398562 -58.8457775229947 -87.9062281749486
v 674.985795296267 -298.108420864857 -119.537382627334
v 616.955810944444 -300.066303508103 -66.9067057052728
v 569.391427503349 -197.560667181102 2.52502541065928
cstype bspline
deg 1
curv 0 6 223 224 225 226 227 228
parm u 0 0 1 2 3 4 5
end
v -560.127903171848 -187.302370623376 -13.7795714940205
v -630.249948231856 -58.0539788784115 -45.3332658135243
v -569.391325195542 66.5639385684817 -0.161254869314007
v -417.669713606305 67.0025945817172 89.1499030446228
v -352.833662723642 -67.8678619825827 117.170833978927
v -411.359177962091 -188.571823873859 73.6657015759135
v -560.127903171848 -187.302370623376 -13.7795714940205
cstype bspline
deg 1
curv 0 7 229 230 231 232 233 234 235
parm u 0 0 1 2 3 4 5 6
end
v -571.559052284389 -191.179655385864 2.15212712046355
v -643.112169603799 -59.2935227157902 -30.045524696083
v -581.011566843325 67.8675499819966 16.0483395352219
v -426.193573970009 68.31515822198 107.182187011503
v -360.034328738722 -69.3077766856432 135.77497784397
v -419.754208933406 -192.475016030759 91.3820103600171
v -571.559052284389 -191.179655385864 2.15212712046355
cstype bspline
deg 1
curv 0 7 236 237 238 239 240 241 242
parm u 0 0 1 2 3 4 5 6
end
v -91.9939476639204 -215.690563199033 156.477964571694
v -171.816044048221 -68.4077264370151 167.452423811535
v -94.211223469989 76.2980353629862 178.23485793327
v 94.2815229661333 76.2980353629861 178.23485793328
v 173.16376557036 -69.6240625814916 167.36179117756
v 92.0326378745248 -215.690563199034 156.477964571715
v -91.9939476639204 -215.690563199033 156.477964571694
cstype bspline
deg 1
curv 0 7 243 244 245 246 247 248 249
parm u 0 0 1 2 3 4 5 6
end
v -93.8713666564247 -220.147314066932 175.884280856727
v -175.322510593616 -69.8586586697236 187.082712114114
v -96.1339057206188 77.8003051503758 198.085197641057
v 96.2056399748334 77.8003051503758 198.08519764106
v 176.697736399223 -71.099817239994 186.990229891171
v 93.9108451771698 -220.147314066931 175.884280856708
v -93.8713666564247 -220.147314066932 175.884280856727
cstype bspline
deg 1
curv 0 7 250 251 252 253 254 255 256
parm u 0 0 1 2 3 4 5 6
end
v 413.94064661369 -195.923550157611 71.2728465395282
v 352.002330066072 -68.9942684259838 117.651156467991
v 420.277522525455 69.5157922724575 88.2193552685874
v 567.386594350832 68.7075413102941 1.49040643413332
v 630.516108018008 -58.0520970095288 -45.5764538083806
v 558.003631684489 -193.555761233774 -13.4141316605585
v 413.94064661369 -195.923550157611 71.2728465395282
cstype bspline
deg 1
curv 0 7 257 258 259 260 261 262 263
parm u 0 0 1 2 3 4 5 6
end
v 422.388361170724 -199.976778662203 88.940321246331
v 359.186029967241 -70.4571702747615 136.265102870015
v 428.854603615935 70.8796464701527 106.232648392581
v 578.9659229645 70.0549004718953 17.7337082952524
v 643.383760786495 -59.2916024445385 -30.2936753130109
v 569.391427503357 -197.560667181094 2.52502541066656
v 422.388361170724 -199.976778662203 88.940321246331
cstype bspline
deg 1
curv 0 7 264 265 266 267 268 269 270
parm u 0 0 1 2 3 4 5 6
end
v -569.391325195549 66.5639385684837 -0.161254869306731
v -630.249948231827 -58.0539788783875 -45.3332658135389
v -692.335795027011 -57.6150041446738 -102.060590439722
v -681.90762687023 182.222204953849 -112.55060230135
v -621.368743756606 183.486837473766 -57.3779617555431
v -569.391325195549 66.5639385684837 -0.161254869306731
cstype bspline
deg 1
curv 0 6 271 272 273 274 275 276
parm u 0 0 1 2 3 4 5
end
v -581.011566843332 67.8675499819967 16.0483395352219
v -643.112169603799 -59.2935227157992 -30.0455246960976
v -706.465092354618 -58.8455891877886 -87.9305661413221
v -695.824103559669 185.886277066825 -98.6346607627549
v -634.049787624162 187.176717273346 -42.3360977107316
v -581.011566843332 67.8675499819967 16.0483395352219
cstype bspline
deg 1
curv 0 6 277 278 279 280 281 282
parm u 0 0 1 2 3 4 5
end
v -352.833662723646 -67.8678619825812 117.170833978956
v -417.669713606312 67.00259458171 89.1499030446373
v -346.413616545688 212.154538839828 98.1370810537426
v -169.362752484714 213.742885906126 147.159495822789
v -94.2112234699908 76.2980353629903 178.234857933299
v -171.816044048221 -68.4077264370185 167.45242381155
v -352.833662723646 -67.8678619825812 117.170833978956
cstype bspline
deg 1
curv 0 7 283 284 285 286 287 288 289
parm u 0 0 1 2 3 4 5 6
end
v -360.034328738733 -69.3077766856429 135.774977843999
v -426.193573970017 68.315158221984 107.182187011518
v -353.483244706975 216.42944030507 116.35278011366
v -172.819166396879 218.050202001378 166.375633307611
v -96.1339057206151 77.8003051503713 198.085197641043
v -175.322510593622 -69.8586586697318 187.082712114099
v -360.034328738733 -69.3077766856429 135.774977843999
cstype bspline
deg 1
curv 0 7 290 291 292 293 294 295 296
parm u 0 0 1 2 3 4 5 6
end
v 173.16376557036 -69.6240625814815 167.361791177574
v 94.2815229661318 76.2980353629895 178.23485793327
v 170.678692109575 217.27375517566 146.361189879151
v 345.512870338833 215.422177387223 97.9501654781141
v 420.277522525452 69.5157922724595 88.2193552685874
v 352.002330066094 -68.9942684259609 117.651156467991
v 173.16376557036 -69.6240625814815 167.361791177574
cstype bspline
deg 1
curv 0 7 297 298 299 300 301 302 303
parm u 0 0 1 2 3 4 5 6
end
v 176.697736399226 -71.099817239993 186.990229891171
v 96.2056399748325 77.8003051503745 198.085197641087
v 174.161961397529 221.653129145436 165.561035560089
v 352.564115623867 219.763764780182 116.162050024644
v 428.854603615946 70.879646470172 106.232648392581
v 359.186029967252 -70.4571702747506 136.265102870029
v 176.697736399226 -71.099817239993 186.990229891171
cstype bspline
deg 1
curv 0 7 304 305 306 307 308 309 310
parm u 0 0 1 2 3 4 5 6
end
v 567.386594350854 68.7075413102992 1.49040643417698
v 621.746762824321 183.478940809979 -57.7224727387495
v 681.907626870237 182.22220495384 -112.550602301335
v 692.335795027018 -57.6150041446733 -102.060590439715
v 630.516108018004 -58.0520970095327 -45.5764538083915
v 567.386594350854 68.7075413102992 1.49040643417698
cstype bspline
deg 1
curv 0 6 311 312 313 314 315 316
parm u 0 0 1 2 3 4 5
end
v 578.965922964508 70.0549004718711 17.7337082952452
v 634.435523355121 187.168659411618 -42.6876413424527
v 695.824103559669 185.886277066819 -98.6346607627477
v 706.465092354618 -58.8455891877891 -87.9305661413293
v 643.383760786497 -59.2916024445417 -30.2936753130073
v 578.965922964508 70.0549004718711 17.7337082952452
cstype bspline
deg 1
curv 0 6 317 318 319 320 321 322
parm u 0 0 1 2 3 4 5
end
v -569.391325195535 66.5639385684837 -0.161254869328559
v -621.3687437566 183.486837473793 -57.3779617555758
v -542.065798798718 313.981854509573 -40.3160096606937
v -399.028582156705 315.948024136746 43.5300304884092
v -346.413616545695 212.154538839852 98.1370810537644
v -417.669713606309 67.0025945817181 89.1499030446373
v -569.391325195535 66.5639385684837 -0.161254869328559
cstype bspline
deg 1
curv 0 7 323 324 325 326 327 328 329
parm u 0 0 1 2 3 4 5 6
end
v -581.011566843317 67.8675499819976 16.0483395352001
v -634.049787624168 187.176717273395 -42.3360977107716
v -553.12847263378 320.334803443268 -24.9259548647808
v -407.171955407324 322.341101369042 60.6313307891921
v -353.483244706971 216.42944030507 116.352780113653
v -426.193573970009 68.3151582219746 107.18218701146
v -581.011566843317 67.8675499819976 16.0483395352001
cstype bspline
deg 1
curv 0 7 330 331 332 333 334 335 336
parm u 0 0 1 2 3 4 5 6
end
v -94.2112234699918 76.2980353629861 178.23485793328
v -169.362752484714 213.742885906128 147.159495822789
v -87.7000410420079 358.708985801819 114.383629501151
v 87.6803222601999 358.708985801821 114.383629501163
v 170.678692109575 217.273755175662 146.36118987918
v 94.2815229661337 76.2980353629848 178.234857933285
v -94.2112234699918 76.2980353629861 178.23485793328
cstype bspline
deg 1
curv 0 7 337 338 339 340 341 342 343
parm u 0 0 1 2 3 4 5 6
end
v -96.1339057206158 77.8003051503758 198.08519764106
v -172.819166396883 218.050202001381 166.375633307625
v -89.489830494269 365.974862097621 132.930856297791
v 89.4697067461457 365.974862097621 132.930856297812
v 174.161961397523 221.653129145434 165.561035560133
v 96.2056399748289 77.8003051503749 198.085197641057
v -96.1339057206158 77.8003051503758 198.08519764106
cstype bspline
deg 1
curv 0 7 344 345 346 347 348 349 350
parm u 0 0 1 2 3 4 5 6
end
v 420.277522525492 69.515792272454 88.219355268631
v 345.512870338829 215.422177387223 97.9501654780995
v 401.61608787467 327.601319504658 38.3193547704084
v 539.751485685167 323.838369190635 -42.4099622022825
v 621.746762824321 183.478940809957 -57.7224727387277
v 567.386594350854 68.7075413103032 1.49040643417698
v 420.277522525492 69.515792272454 88.219355268631
cstype bspline
deg 1
curv 0 7 351 352 353 354 355 356 357
parm u 0 0 1 2 3 4 5 6
end
v 428.854603615964 70.879646470152 106.232648392581
v 352.564115623882 219.763764780155 116.162050024644
v 409.81226855671 334.232220706275 55.314313997327
v 550.766928791138 330.392470784147 -27.0626409701347
v 634.435523355136 187.168659411644 -42.6876413424527
v 578.965922964522 70.0549004718934 17.7337082952379
v 428.854603615964 70.879646470152 106.232648392581
cstype bspline
deg 1
curv 0 7 358 359 360 361 362 363 364
parm u 0 0 1 2 3 4 5 6
end
v -542.065798798736 313.981854509555 -40.3160096606937
v -621.36874375663 183.486837473764 -57.3779617555685
v -681.833088201052 182.223762036176 -112.482670833362
v -631.946803299896 406.373455576486 -162.627280729828
v -578.9406619493 408.755762458387 -114.866062504831
v -542.065798798736 313.981854509555 -40.3160096606937
cstype bspline
deg 1
curv 0 6 365 366 367 368 369 370
parm u 0 0 1 2 3 4 5
end
v -553.128472633773 320.334803443231 -24.9259548648026
v -634.04978762419 187.176717273338 -42.3360977107861
v -695.748043255542 185.887865935485 -98.5653425394323
v -644.843684183168 414.611983366591 -149.733298477038
v -590.75589606527 417.04290375762 -100.997461727097
v -553.128472633773 320.334803443231 -24.9259548648026
cstype bspline
deg 1
curv 0 6 371 372 373 374 375 376
parm u 0 0 1 2 3 4 5
end
v -346.413616545684 212.154538839834 98.1370810537862
v -399.028582156701 315.948024136753 43.5300304884165
v -316.162845321964 467.372351010472 8.61139144069762
v -157.827348171824 470.732779352449 51.7068662554464
v -87.7000410420169 358.708985801808 114.383629501151
v -169.362752484713 213.742885906137 147.159495822818
v -346.413616545684 212.154538839834 98.1370810537862
cstype bspline
deg 1
curv 0 7 377 378 379 380 381 382 383
parm u 0 0 1 2 3 4 5 6
end
v -353.483244706968 216.429440305066 116.352780113631
v -407.171955407317 322.34110136905 60.6313307891776
v -322.615081229946 476.855720365198 25.0000665153582
v -161.04822813673 480.284729286348 68.9750460600569
v -89.4898304942854 365.974862097614 132.930856297835
v -172.819166396886 218.050202001374 166.375633307611
v -353.483244706968 216.429440305066 116.352780113631
cstype bspline
deg 1
curv 0 7 384 385 386 387 388 389 390
parm u 0 0 1 2 3 4 5 6
end
v 170.678692109559 217.273755175658 146.361189879137
v 87.680322260192 358.708985801826 114.383629501122
v 159.029024277586 477.723866942484 47.7953870256549
v 315.067620388258 473.81987916389 5.46915457362206
v 401.616087874652 327.601319504618 38.319354770452
v 345.512870338807 215.422177387209 97.950165478085
v 170.678692109559 217.273755175658 146.361189879137
cstype bspline
deg 1
curv 0 7 391 392 393 394 395 396 397
parm u 0 0 1 2 3 4 5 6
end
v 174.161961397505 221.653129145434 165.561035560075
v 89.4697067461365 365.974862097628 132.930856297776
v 162.274429467599 487.418492831956 64.9837403326617
v 321.497506565163 483.434831336967 21.7937018361642
v 409.81226855671 334.232220706279 55.3143139973488
v 352.564115623882 219.763764780171 116.162050024615
v 174.161961397505 221.653129145434 165.561035560075
cstype bspline
deg 1
curv 0 7 398 399 400 401 402 403 404
parm u 0 0 1 2 3 4 5 6
end
v 539.751485685138 323.838369190664 -42.409962202297
v 579.898766068949 408.712701447356 -115.729362846489
v 631.946803299896 406.373455576497 -162.627280729843
v 681.833088201081 182.22376203617 -112.482670833348
v 621.746762824312 183.478940809978 -57.722472738724
v 539.751485685138 323.838369190664 -42.409962202297
cstype bspline
deg 1
curv 0 6 405 406 407 408 409 410
parm u 0 0 1 2 3 4 5
end
v 550.766928791145 330.392470784151 -27.0626409701274
v 591.733556348681 416.998963814775 -101.878383162903
v 644.84368418319 414.611983366595 -149.733298477038
v 695.748043255549 185.887865935482 -98.5653425394323
v 634.435523355149 187.168659411619 -42.6876413424636
v 550.766928791145 330.392470784151 -27.0626409701274
cstype bspline
deg 1
curv 0 6 411 412 413 414 415 416
parm u 0 0 1 2 3 4 5
end
v -542.06579879874 313.981854509573 -40.316009660701
v -578.940661949306 408.755762458404 -114.866062504842
v -485.511908511351 528.902533554931 -126.135470623585
v -364.624278389692 543.88820876434 -62.6754751341416
v -316.162845321975 467.372351010476 8.61139144070489
v -399.028582156712 315.94802413676 43.5300304884238
v -542.06579879874 313.981854509573 -40.316009660701
cstype bspline
deg 1
curv 0 7 417 418 419 420 421 422 423
parm u 0 0 1 2 3 4 5 6
end
v -553.128472633787 320.33480344326 -24.9259548648099
v -590.755896065279 417.042903757614 -100.997461727069
v -495.420389815499 539.641705788843 -112.496863020604
v -372.065583316125 554.933221255382 -47.7417225966112
v -322.615081229953 476.855720365206 25.0000665153727
v -407.171955407332 322.341101369053 60.6313307892067
v -553.128472633787 320.33480344326 -24.9259548648099
cstype bspline
deg 1
curv 0 7 424 425 426 427 428 429 430
parm u 0 0 1 2 3 4 5 6
end
v -87.7000410420229 358.708985801821 114.383629501163
v -157.827348171837 470.732779352464 51.7068662554027
v -74.4565331330851 597.332609169458 -19.1251178159785
v 74.3168455777706 597.332609169462 -19.125117815983
v 159.029024277583 477.723866942488 47.7953870256767
v 87.6803222601883 358.708985801819 114.383629501151
v -87.7000410420229 358.708985801821 114.383629501163
cstype bspline
deg 1
curv 0 7 431 432 433 434 435 436 437
parm u 0 0 1 2 3 4 5 6
end
v -89.4898304942935 365.974862097621 132.930856297812
v -161.048228136724 480.284729286341 68.975046060006
v -75.976056236541 609.468094948792 -3.30241364996459
v 75.8335263006561 609.468094948792 -3.30241364997096
v 162.274429467598 487.418492831963 64.9837403326762
v 89.4697067461329 365.974862097621 132.930856297806
v -89.4898304942935 365.974862097621 132.930856297812
cstype bspline
deg 1
curv 0 7 438 439 440 441 442 443 444
parm u 0 0 1 2 3 4 5 6
end
v 401.616087874605 327.601319504651 38.3193547704084
v 315.067620388228 473.819879163904 5.46915457357841
v 362.977869529746 553.957552261032 -69.762745737162
v 486.006638124192 539.083412752243 -134.980916402912
v 579.898766068934 408.712701447341 -115.729362846503
v 539.751485685112 323.838369190626 -42.4099622022716
v 401.616087874605 327.601319504651 38.3193547704084
cstype bspline
deg 1
curv 0 7 445 446 447 448 449 450 451
parm u 0 0 1 2 3 4 5 6
end
v 409.812268556696 334.232220706272 55.3143139973342
v 321.497506565141 483.434831336981 21.793701836106
v 370.385571909646 565.208060846955 -54.9736313397209
v 495.925223262828 550.030356400708 -121.522833618247
v 591.733556348696 416.998963814793 -101.878383162888
v 550.766928791141 330.392470784151 -27.0626409701274
v 409.812268556696 334.232220706272 55.3143139973342
cstype bspline
deg 1
curv 0 7 452 453 454 455 456 457 458
parm u 0 0 1 2 3 4 5 6
end
v -485.511908511326 528.902533554969 -126.135470623585
v -578.940661949313 408.75576245839 -114.866062504849
v -631.812782044526 406.379479024931 -162.506520790272
v -563.817830320073 566.746551763932 -230.745309347824
v -518.356850918452 589.980982558671 -207.228254737775
v -485.511908511326 528.902533554969 -126.135470623585
cstype bspline
deg 1
curv 0 6 459 460 461 462 463 464
parm u 0 0 1 2 3 4 5
end
v -495.42038981547 539.641705788881 -112.496863020608
v -590.755896065264 417.042903757622 -100.997461727084
v -644.706927908486 414.618129737679 -149.610074146533
v -575.324322947887 578.25800261572 -219.241492206302
v -528.935601988847 601.966588329579 -195.244515052642
v -495.42038981547 539.641705788881 -112.496863020608
cstype bspline
deg 1
curv 0 6 465 466 467 468 469 470
parm u 0 0 1 2 3 4 5
end
v -316.162845321978 467.372351010472 8.61139144068306
v -364.624278389685 543.888208764329 -62.6754751341343
v -286.054037258156 665.856584929858 -131.420490357499
v -146.647707413347 688.53061915081 -108.247981821374
v -74.4565331330878 597.332609169455 -19.1251178159785
v -157.827348171857 470.732779352435 51.7068662554173
v -316.162845321978 467.372351010472 8.61139144068306
cstype bspline
deg 1
curv 0 7 471 472 473 474 475 476 477
parm u 0 0 1 2 3 4 5 6
end
v -322.615081229949 476.855720365191 25.0000665153436
v -372.065583316115 554.933221255375 -47.7417225966039
v -291.891916081266 679.390673123246 -117.88965513696
v -149.640632221403 702.527430842933 -94.2442504183621
v -75.9760562365428 609.468094948789 -3.30241364997187
v -161.048228136737 480.284729286334 68.9750460600278
v -322.615081229949 476.855720365191 25.0000665153436
cstype bspline
deg 1
curv 0 7 478 479 480 481 482 483 484
parm u 0 0 1 2 3 4 5 6
end
v 159.029024277577 477.723866942488 47.7953870256695
v 74.3168455777795 597.332609169444 -19.125117815993
v 141.007239209546 688.652227647381 -108.366823202863
v 286.433696417242 664.997706355778 -132.498817709389
v 362.97786952975 553.957552261043 -69.762745737162
v 315.067620388232 473.81987916389 5.46915457362934
v 159.029024277577 477.723866942488 47.7953870256695
cstype bspline
deg 1
curv 0 7 485 486 487 488 489 490 491
parm u 0 0 1 2 3 4 5 6
end
v 162.274429467594 487.418492831963 64.9837403326617
v 75.8335263006574 609.468094948785 -3.30241364997914
v 143.885052061354 702.651521089847 -94.3655170797776
v 292.279324063587 678.514266191222 -118.989989307955
v 370.385571909643 565.208060846952 -54.9736313396845
v 321.497506565134 483.434831336974 21.7937018361715
v 162.274429467594 487.418492831963 64.9837403326617
cstype bspline
deg 1
curv 0 7 492 493 494 495 496 497 498
parm u 0 0 1 2 3 4 5 6
end
v 486.006638124196 539.083412752236 -134.98091640292
v 519.745993985282 589.271012186833 -207.946861195296
v 563.817830320087 566.746551763935 -230.745309347821
v 631.812782044519 406.379479024934 -162.506520790279
v 579.898766068933 408.712701447349 -115.729362846505
v 486.006638124196 539.083412752236 -134.98091640292
cstype bspline
deg 1
curv 0 6 499 500 501 502 503 504
parm u 0 0 1 2 3 4 5
end
v 495.92522326281 550.030356400708 -121.522833618268
v 530.353094622023 601.242128915812 -195.977786796915
v 575.324322947895 578.258002615724 -219.241492206301
v 644.706927908479 414.618129737679 -149.610074146547
v 591.733556348683 416.998963814777 -101.878383162906
v 495.92522326281 550.030356400708 -121.522833618268
cstype bspline
deg 1
curv 0 6 505 506 507 508 509 510
parm u 0 0 1 2 3 4 5
end
v -485.511908511304 528.902533554934 -126.135470623571
v -518.341404362127 589.952258145324 -207.19011783866
v -286.132541589559 665.734718868549 -131.351803009971
v -364.624278389681 543.88820876434 -62.6754751341343
v -485.511908511304 528.902533554934 -126.135470623571
cstype bspline
deg 1
curv 0 5 511 512 513 514 515
parm u 0 0 1 2 3 4
end
v -495.420389815448 539.641705788843 -112.496863020582
v -528.919840417486 601.937278114321 -195.205600394611
v -291.972023152452 679.2663190516 -117.819565472621
v -372.065583316107 554.933221255375 -47.7417225966258
v -495.420389815448 539.641705788843 -112.496863020582
cstype bspline
deg 1
curv 0 5 516 517 518 519 520
parm u 0 0 1 2 3 4
end
v -74.4565331330907 597.332609169462 -19.125117815983
v -146.783485551419 688.70214560282 -108.415605310735
v 141.043694115462 688.702145602817 -108.415605310737
v 74.3168455777822 597.332609169444 -19.1251178160003
v -74.4565331330907 597.332609169462 -19.125117815983
cstype bspline
deg 1
curv 0 5 521 522 523 524 525
parm u 0 0 1 2 3 4
end
v -75.9760562365457 609.468094948792 -3.30241364997096
v -149.7791808702 702.702457238924 -94.4152942129497
v 143.922250550457 702.702457238917 -94.4152942129572
v 75.8335263006592 609.468094948785 -3.30241364997914
v -75.9760562365457 609.468094948792 -3.30241364997096
cstype bspline
deg 1
curv 0 5 526 527 528 529 530
parm u 0 0 1 2 3 4
end
v 362.977869529743 553.957552261029 -69.7627457371693
v 286.594985655985 664.763729278279 -132.36662406384
v 519.712623191012 589.221372826138 -207.874692315096
v 486.006638124197 539.08341275224 -134.980916402926
v 362.977869529743 553.957552261029 -69.7627457371693
cstype bspline
deg 1
curv 0 5 531 532 533 534 535
parm u 0 0 1 2 3 4
end
v 370.385571909621 565.208060846952 -54.9736313397063
v 292.443905518019 678.275513202989 -118.855097342317
v 530.319043064086 601.191476912918 -195.904145672705
v 495.925223262811 550.030356400708 -121.522833618243
v 370.385571909621 565.208060846952 -54.9736313397063
cstype bspline
deg 1
curv 0 5 536 537 538 539 540
parm u 0 0 1 2 3 4
end
v -620.301567836329 -485.390793261217 -134.066846537656
v -590.376881902237 -554.905675950835 -159.993555862108
v -531.541843016417 -505.658604871237 -224.127510904543
v -561.466528950509 -436.143722181619 -198.200801580092
v -620.301567836329 -485.390793261217 -134.066846537656
cstype bspline
deg 1
curv 0 5 541 542 543 544 545
parm u 0 0 1 2 3 4
end
v -607.397640405474 -484.504766861308 -121.548715124466
v -577.472954471382 -554.019649550926 -147.475424448917
v -518.637915585563 -504.772578471328 -211.609379491353
v -548.562601519655 -435.25769578171 -185.682670166902
v -607.397640405474 -484.504766861308 -121.548715124466
cstype bspline
deg 1
curv 0 5 546 547 548 549 550
parm u 0 0 1 2 3 4
end
v -509.584551453411 -561.490339162453 -104.36334341955
v -566.308632925876 -576.529887481139 -158.73420480205
v -516.894655936369 -521.01780009301 -225.64210442454
v -460.170574463904 -505.978251774324 -171.27124304204
v -509.584551453411 -561.490339162453 -104.36334341955
cstype bspline
deg 1
curv 0 5 551 552 553 554 555
parm u 0 0 1 2 3 4
end
v -500.529416108569 -576.074770858285 -109.776187034157
v -557.253497581034 -591.114319176972 -164.147048416657
v -507.839520591527 -535.602231788843 -231.054948039147
v -451.115439119062 -520.562683470156 -176.684086656647
v -500.529416108569 -576.074770858285 -109.776187034157
cstype bspline
deg 1
curv 0 5 556 557 558 559 560
parm u 0 0 1 2 3 4
end
v -378.221330678789 -621.344619250527 -67.9822033940326
v -312.840895649837 -666.536494205342 -77.0977480016548
v -280.121183099367 -604.774183388001 -148.615839231194
v -345.501618128318 -559.582308433186 -139.500294623572
v -378.221330678789 -621.344619250527 -67.9822033940326
cstype bspline
deg 1
curv 0 5 561 562 563 564 565
parm u 0 0 1 2 3 4
end
v -369.682504774639 -611.494960935646 -55.5696016015514
v -304.302069745688 -656.68683589046 -64.6851462091737
v -271.582357195217 -594.924525073119 -136.203237438713
v -336.962792224168 -549.732650118305 -127.087692831091
v -369.682504774639 -611.494960935646 -55.5696016015514
cstype bspline
deg 1
curv 0 5 566 567 568 569 570
parm u 0 0 1 2 3 4
end
v -247.373886521652 -573.139518935419 20.4555790094093
v -240.029121654017 -637.854621000518 -25.9988071531798
v -217.003140740969 -579.396170699582 -103.796067975171
v -224.347905608604 -514.681068634482 -57.3416818125816
v -247.373886521652 -573.139518935419 20.4555790094093
cstype bspline
deg 1
curv 0 5 571 572 573 574 575
parm u 0 0 1 2 3 4
end
v -229.935691048392 -574.260593182722 24.7744366324876
v -222.590926180757 -638.975695247821 -21.6799495301016
v -199.564945267709 -580.517244946884 -99.4772103520925
v -206.909710135344 -515.802142881785 -53.0228241895034
v -229.935691048392 -574.260593182722 24.7744366324876
cstype bspline
deg 1
curv 0 5 576 577 578 579 580
parm u 0 0 1 2 3 4
end
v -88.7942193823523 -648.101508096382 -4.00058844925775
v -156.821046525167 -674.565641132496 -36.7420064321186
v -145.933253534005 -609.535838151836 -111.925652845937
v -77.9064263911898 -583.071705115722 -79.1842348630764
v -88.7942193823523 -648.101508096382 -4.00058844925775
cstype bspline
deg 1
curv 0 5 581 582 583 584 585
parm u 0 0 1 2 3 4
end
v -79.5268339238234 -660.411228170918 -13.3057675689527
v -147.553661066638 -686.875361207033 -46.0471855518135
v -136.665868075476 -621.845558226373 -121.230831965632
v -68.639040932661 -595.381425190258 -88.4894139827713
v -79.5268339238234 -660.411228170918 -13.3057675689527
cstype bspline
deg 1
curv 0 5 586 587 588 589 590
parm u 0 0 1 2 3 4
end
v 78.5599295511381 -661.623871655935 -14.2961227400948
v 147.760205360318 -686.589259014714 -45.7294054506164
v 136.839399684869 -621.86878519655 -121.174725200429
v 67.6391238756899 -596.90339783777 -89.7414424899072
v 78.5599295511381 -661.623871655935 -14.2961227400948
cstype bspline
deg 1
curv 0 5 591 592 593 594 595
parm u 0 0 1 2 3 4
end
v 87.3752013620923 -649.104615814235 -4.83254962688432
v 156.575477171272 -674.070003173015 -36.2658323374059
v 145.654671495824 -609.349529354851 -111.711152087218
v 76.4543956866442 -584.384141996071 -80.2778693766967
v 87.3752013620923 -649.104615814235 -4.83254962688432
cstype bspline
deg 1
curv 0 5 596 597 598 599 600
parm u 0 0 1 2 3 4
end
v 229.762976931913 -575.244950046651 23.0012142494867
v 222.168357135455 -639.977912339125 -23.3880662255151
v 199.129812669306 -581.523812691344 -101.184876592319
v 206.724432465764 -516.79085039887 -54.7955961173174
v 229.762976931913 -575.244950046651 23.0012142494867
cstype bspline
deg 1
curv 0 5 601 602 603 604 605
parm u 0 0 1 2 3 4
end
v 247.195215566616 -574.169665360709 18.6468119912043
v 239.600595770158 -638.902627653183 -27.7424684837974
v 216.562051304009 -580.448528005402 -105.539278850601
v 224.156671100467 -515.715565712928 -59.1499983755997
v 247.195215566616 -574.169665360709 18.6468119912043
cstype bspline
deg 1
curv 0 5 606 607 608 609 610
parm u 0 0 1 2 3 4
end
v 367.981057485658 -615.244659191026 -58.8283966087027
v 299.135976418108 -655.813519728031 -62.6392190306168
v 266.393891497675 -593.572467994965 -133.730761102969
v 335.238972565226 -553.00360745796 -129.919938681055
v 367.981057485658 -615.244659191026 -58.8283966087027
cstype bspline
deg 1
curv 0 5 611 612 613 614 615
parm u 0 0 1 2 3 4
end
v 375.003965500862 -625.97609877915 -71.4583200992234
v 306.158884433311 -666.544959316156 -75.2691425211375
v 273.416799512879 -604.30390758309 -146.36068459349
v 342.26188058043 -563.735047046085 -142.549862171576
v 375.003965500862 -625.97609877915 -71.4583200992234
cstype bspline
deg 1
curv 0 5 616 617 618 619 620
parm u 0 0 1 2 3 4
end
v 507.237085632444 -575.239621850469 -114.853710240175
v 571.437190168238 -575.278112041347 -162.585723565598
v 521.843420472831 -519.735053246821 -229.334705783657
v 457.643315937037 -519.696563055943 -181.602692458235
v 507.237085632444 -575.239621850469 -114.853710240175
cstype bspline
deg 1
curv 0 5 621 622 623 624 625
parm u 0 0 1 2 3 4
end
v 513.208025840502 -560.271492098432 -106.83479729901
v 577.408130376296 -560.30998228931 -154.566810624433
v 527.814360680889 -504.766923494784 -221.315792842492
v 463.614256145095 -504.728433303907 -173.58377951707
v 513.208025840502 -560.271492098432 -106.83479729901
cstype bspline
deg 1
curv 0 5 626 627 628 629 630
parm u 0 0 1 2 3 4
end
v 607.190175733078 -477.480588640931 -117.502522755749
v 575.878137715192 -547.184083070638 -141.187520949845
v 516.894717147841 -498.735441344388 -205.791585938485
v 548.206755165727 -429.031946914681 -182.10658774439
v 607.190175733078 -477.480588640931 -117.502522755749
cstype bspline
deg 1
curv 0 5 631 632 633 634 635
parm u 0 0 1 2 3 4
end
v 619.904104653774 -478.888779782115 -130.166369292619
v 588.592066635887 -548.592274211822 -153.851367486714
v 529.608646068537 -500.143632485572 -218.455432475355
v 560.920684086423 -430.440138055865 -194.77043428126
v 619.904104653774 -478.888779782115 -130.166369292619
cstype bspline
deg 1
curv 0 5 636 637 638 639 640
parm u 0 0 1 2 3 4
end
v -590.662733651216 -466.325953055381 -93.4752312774453
v -526.164191142043 -509.543679530161 -74.1836234506329
v -473.187359614856 -461.759588580482 -144.255985858738
v -537.685902124028 -418.541862105701 -163.54759368555
v -590.662733651216 -466.325953055381 -93.4752312774453
cstype bspline
deg 1
curv 0 5 641 642 643 644 645
parm u 0 0 1 2 3 4
end
v -585.923027090891 -453.85741267312 -81.3892607968446
v -521.424484581719 -497.075139147901 -62.0976529700322
v -468.447653054531 -449.291048198222 -132.170015378137
v -532.946195563703 -406.073321723441 -151.461623204949
v -585.923027090891 -453.85741267312 -81.3892607968446
cstype bspline
deg 1
curv 0 5 646 647 648 649 650
parm u 0 0 1 2 3 4
end
v -487.654894070494 -408.79858985966 10.3355077488237
v -471.3026214398 -481.030983350256 -19.9148560577689
v -425.176733896647 -438.075729750898 -97.5502132513263
v -441.529006527341 -365.843336260302 -67.2998494447337
v -487.654894070494 -408.79858985966 10.3355077488237
cstype bspline
deg 1
curv 0 5 651 652 653 654 655
parm u 0 0 1 2 3 4
end
v -472.113694704155 -409.081663152722 19.4124561218426
v -455.761422073461 -481.314056643318 -10.83790768475
v -409.635534530308 -438.35880304396 -88.4732648783074
v -425.987807161001 -366.126409553365 -58.2229010717148
v -472.113694704155 -409.081663152722 19.4124561218426
cstype bspline
deg 1
curv 0 5 656 657 658 659 660
parm u 0 0 1 2 3 4
end
v -326.540415621706 -505.601577841196 35.0174473190798
v -391.109225770114 -527.633297815075 -6.76139985280179
v -357.21517335255 -476.820518900656 -85.9400251863458
v -292.646363204142 -454.788798926777 -44.1611780144642
v -326.540415621706 -505.601577841196 35.0174473190798
cstype bspline
deg 1
curv 0 5 661 662 663 664 665
parm u 0 0 1 2 3 4
end
v -317.83889921341 -520.290756982862 29.3155504118924
v -382.407709361818 -542.322476956742 -12.4632967599891
v -348.513656944253 -491.509698042322 -91.6419220935331
v -283.944846795845 -469.477978068443 -49.8630749216516
v -317.83889921341 -520.290756982862 29.3155504118924
cstype bspline
deg 1
curv 0 5 666 667 668 669 670
parm u 0 0 1 2 3 4
end
v -162.348490082942 -545.188174549907 60.3377042818053
v -93.303789362969 -582.89259753618 45.8047833860722
v -81.1639312803284 -528.626508867463 -37.308485508445
v -150.208632000301 -490.92208588119 -22.7755646127119
v -162.348490082942 -545.188174549907 60.3377042818053
cstype bspline
deg 1
curv 0 5 671 672 673 674 675
parm u 0 0 1 2 3 4
end
v -153.523129187685 -532.673442396077 69.7978567217168
v -84.4784284677125 -570.37786538235 55.2649358259838
v -72.3385703850719 -516.111776713633 -27.8483330685334
v -141.383271105044 -478.40735372736 -13.3154121728004
v -153.523129187685 -532.673442396077 69.7978567217168
cstype bspline
deg 1
curv 0 5 676 677 678 679 680
parm u 0 0 1 2 3 4
end
v -9.04771260930753 -469.299489985618 117.711406942956
v -9.04771260930884 -539.209856087642 78.8200105745934
v -9.04771381032028 -490.595609577649 -8.56794646907269
v -9.04771381031897 -420.685243475625 30.3234498992895
v -9.04771260930753 -469.299489985618 117.711406942956
cstype bspline
deg 1
curv 0 5 681 682 683 684 685
parm u 0 0 1 2 3 4
end
v 8.95228739069247 -469.299489880523 117.711406754038
v 8.95228739069116 -539.209855982547 78.8200103856761
v 8.95228618967972 -490.595609472554 -8.56794665798998
v 8.95228618968103 -420.68524337053 30.3234497103722
v 8.95228739069247 -469.299489880523 117.711406754038
cstype bspline
deg 1
curv 0 5 686 687 688 689 690
parm u 0 0 1 2 3 4
end
v 152.365463807564 -534.022250534903 68.8928715585728
v 82.3357478629237 -570.229650254423 55.2964348833282
v 70.1980454024001 -515.626392599393 -27.5960281783891
v 140.227761347041 -479.418992879873 -13.9995915031445
v 152.365463807564 -534.022250534903 68.8928715585728
cstype bspline
deg 1
curv 0 5 691 692 693 694 695
parm u 0 0 1 2 3 4
end
v 160.788856934819 -546.712039348275 59.3003897058011
v 90.7591409901782 -582.919439067794 45.7039530305565
v 78.6214385296546 -528.316181412764 -37.1885100311608
v 148.651154474295 -492.108781693245 -23.5920733559162
v 160.788856934819 -546.712039348275 59.3003897058011
cstype bspline
deg 1
curv 0 5 696 697 698 699 700
parm u 0 0 1 2 3 4
end
v 321.341242096944 -527.598307440135 23.8453828608813
v 383.993858486831 -552.028195828349 -19.4885554881891
v 350.066175657533 -500.011028416485 -97.8666559517794
v 287.413559267646 -475.581140028271 -54.532717602709
v 321.341242096944 -527.598307440135 23.8453828608813
cstype bspline
deg 1
curv 0 5 701 702 703 704 705
parm u 0 0 1 2 3 4
end
v 330.721215284225 -513.241477790164 29.3132476550768
v 393.373831674112 -537.671366178378 -14.0206906939936
v 359.446148844814 -485.654198766513 -92.3987911575839
v 296.793532454927 -461.224310378299 -49.0648528085135
v 330.721215284225 -513.241477790164 29.3132476550768
cstype bspline
deg 1
curv 0 5 706 707 708 709 710
parm u 0 0 1 2 3 4
end
v 471.959276028251 -424.146872616354 12.437549803461
v 456.191757513155 -495.797143117738 -19.4626711511748
v 410.018947152126 -451.437348663634 -96.2759526808302
v 425.786465667222 -379.78707816225 -64.3757317261943
v 471.959276028251 -424.146872616354 12.437549803461
cstype bspline
deg 1
curv 0 5 711 712 713 714 715
parm u 0 0 1 2 3 4
end
v 487.526530227897 -423.557894585103 3.42013878020589
v 471.7590117128 -495.208165086487 -28.48008217443
v 425.586201351771 -450.848370632383 -105.293363704085
v 441.353719866868 -379.198100130999 -73.3931427494495
v 487.526530227897 -423.557894585103 3.42013878020589
cstype bspline
deg 1
curv 0 5 716 717 718 719 720
parm u 0 0 1 2 3 4
end
v 581.323329171481 -455.079110873457 -77.7118369554075
v 518.666636100937 -502.656023333619 -63.2005925490259
v 465.653072340296 -454.024984508671 -132.659818863482
v 528.30976541084 -406.448072048508 -147.171063269863
v 581.323329171481 -455.079110873457 -77.7118369554075
cstype bspline
deg 1
curv 0 5 721 722 723 724 725
parm u 0 0 1 2 3 4
end
v 587.170986111005 -466.602211834001 -90.2427209055024
v 524.514293040461 -514.179124294163 -75.7314764991208
v 471.50072927982 -465.548085469215 -145.190702813577
v 534.157422350364 -417.971173009052 -159.701947219958
v 587.170986111005 -466.602211834001 -90.2427209055024
cstype bspline
deg 1
curv 0 5 726 727 728 729 730
parm u 0 0 1 2 3 4
end
v -679.029432878261 -269.675144637359 -68.3609882307347
v -664.330182510139 -345.971942049703 -87.4064796456342
v -599.684517788811 -316.003131058125 -157.569207646252
v -614.383768156933 -239.706333645781 -138.523716231353
v -679.029432878261 -269.675144637359 -68.3609882307347
cstype bspline
deg 1
curv 0 5 731 732 733 734 735
parm u 0 0 1 2 3 4
end
v -665.700517980876 -270.124849768265 -56.2722416888677
v -651.001267612754 -346.421647180608 -75.3177331037672
v -586.355602891426 -316.45283618903 -145.480461104385
v -601.054853259548 -240.156038776686 -126.434969689486
v -665.700517980876 -270.124849768265 -56.2722416888677
cstype bspline
deg 1
curv 0 5 736 737 738 739 740
parm u 0 0 1 2 3 4
end
v -568.451589079829 -351.820195299182 -15.8859250666544
v -617.291542463039 -386.306552907283 -69.0399474210546
v -561.809920300311 -349.715700415765 -143.758747706768
v -512.969966917101 -315.229342807664 -90.6047253523677
v -568.451589079829 -351.820195299182 -15.8859250666544
cstype bspline
deg 1
curv 0 5 741 742 743 744 745
parm u 0 0 1 2 3 4
end
v -558.277695999324 -366.666447041056 -15.6018321182062
v -607.117649382534 -401.152804649157 -68.7558544726064
v -551.636027219807 -364.561952157639 -143.47465475832
v -502.796073836597 -330.075594549538 -90.3206324039195
v -558.277695999324 -366.666447041056 -15.6018321182062
cstype bspline
deg 1
curv 0 5 746 747 748 749 750
parm u 0 0 1 2 3 4
end
v -412.970425005519 -387.083876299292 63.7630230367125
v -346.142417139127 -430.202406985724 72.4122817363212
v -309.589415937677 -390.431028961198 -11.7430246513155
v -376.417423804069 -347.312498274766 -20.3922833509242
v -412.970425005519 -387.083876299292 63.7630230367125
cstype bspline
deg 1
curv 0 5 751 752 753 754 755
parm u 0 0 1 2 3 4
end
v -405.579939502582 -373.718678657244 73.2894187885114
v -338.751931636191 -416.837209343676 81.9386774881201
v -302.198930434741 -377.06583131915 -2.21662889951665
v -369.026938301132 -333.947300632718 -10.8658875991254
v -405.579939502582 -373.718678657244 73.2894187885114
cstype bspline
deg 1
curv 0 5 756 757 758 759 760
parm u 0 0 1 2 3 4
end
v -273.782425797882 -320.214063725091 140.77520236115
v -267.505117717607 -395.284955303992 113.850183497383
v -242.133369634251 -360.756504712268 23.4949927282327
v -248.410677714526 -285.685613133366 50.4200115919994
v -273.782425797882 -320.214063725091 140.77520236115
cstype bspline
deg 1
curv 0 5 761 762 763 764 765
parm u 0 0 1 2 3 4
end
v -256.428796992866 -320.474945435033 145.548409671871
v -250.151488912591 -395.545837013934 118.623390808105
v -224.779740829234 -361.01738642221 28.268200038954
v -231.057048909509 -285.946494843309 55.1932189027207
v -256.428796992866 -320.474945435033 145.548409671871
cstype bspline
deg 1
curv 0 5 766 767 768 769 770
parm u 0 0 1 2 3 4
end
v -99.0262044465949 -408.507189502922 141.156403682025
v -168.116067201208 -440.66751059308 116.819094629323
v -155.976364911774 -398.682312373546 26.8753857954622
v -86.886502157161 -366.521991283388 51.212694848164
v -99.0262044465949 -408.507189502922 141.156403682025
cstype bspline
deg 1
curv 0 5 771 772 773 774 775
parm u 0 0 1 2 3 4
end
v -90.2187475196951 -423.153893420068 135.508150248947
v -159.308610274308 -455.314214510226 111.170841196245
v -147.168907984874 -413.329016290692 21.2271323623844
v -78.0790452302611 -381.168695200534 45.5644414150862
v -90.2187475196951 -423.153893420068 135.508150248947
cstype bspline
deg 1
curv 0 5 776 777 778 779 780
parm u 0 0 1 2 3 4
end
v 91.1104180905253 -425.233822094022 134.778421676196
v 159.203676225987 -458.902242031551 109.683687260235
v 147.059238661589 -416.552471826047 19.911700539514
v 78.9659805261273 -382.884051888517 45.0064349554743
v 91.1104180905253 -425.233822094022 134.778421676196
cstype bspline
deg 1
curv 0 5 781 782 783 784 785
parm u 0 0 1 2 3 4
end
v 100.302201753229 -410.794157968083 140.3468337504
v 168.39545988869 -444.462577905613 115.25209933444
v 156.251022324292 -402.112807700108 25.4801126137186
v 88.1577641888306 -368.444387762578 50.5748470296789
v 100.302201753229 -410.794157968083 140.3468337504
cstype bspline
deg 1
curv 0 5 786 787 788 789 790
parm u 0 0 1 2 3 4
end
v 256.52146965914 -326.152106808405 143.891666941954
v 250.324330913798 -401.059025314286 116.495517005799
v 224.939657060731 -365.990303014798 26.3522807112499
v 231.136795806074 -291.083384508917 53.7484306474053
v 256.52146965914 -326.152106808405 143.891666941954
cstype bspline
deg 1
curv 0 5 791 792 793 794 795
parm u 0 0 1 2 3 4
end
v 273.875944724747 -325.844279383858 139.12433671698
v 267.678805979404 -400.751197889739 111.728186780825
v 242.294132126337 -365.682475590251 21.5849504862758
v 248.49127087168 -290.77555708437 48.9811004224312
v 273.875944724747 -325.844279383858 139.12433671698
cstype bspline
deg 1
curv 0 5 796 797 798 799 800
parm u 0 0 1 2 3 4
end
v 406.808721879595 -384.670618963746 67.7148560502333
v 339.489372869265 -426.978456469475 76.5552256360675
v 302.933929703683 -386.306332247943 -7.16739906165822
v 370.253278714014 -343.998494742214 -16.0077686474924
v 406.808721879595 -384.670618963746 67.7148560502333
cstype bspline
deg 1
curv 0 5 801 802 803 804 805
parm u 0 0 1 2 3 4
end
v 413.969496710032 -398.079080458847 58.0745000317979
v 346.650147699701 -440.386917964576 66.9148696176321
v 310.09470453412 -399.714793743043 -16.8077550800936
v 377.414053544451 -357.406956237315 -25.6481246659278
v 413.969496710032 -398.079080458847 58.0745000317979
cstype bspline
deg 1
curv 0 5 806 807 808 809 810
parm u 0 0 1 2 3 4
end
v 556.709120853086 -374.834223299745 -18.9259855520421
v 607.201499916555 -406.471238994724 -72.3078073121382
v 551.736608808314 -369.344138551617 -146.774069921714
v 501.244229744846 -337.707122856637 -93.3922481616183
v 556.709120853086 -374.834223299745 -18.9259855520421
cstype bspline
deg 1
curv 0 5 811 812 813 814 815
parm u 0 0 1 2 3 4
end
v 566.469176651896 -359.712432996782 -18.6562285552167
v 616.961555715364 -391.349448691761 -72.0380503153127
v 561.496664607124 -354.222348248654 -146.504312924889
v 511.004285543655 -322.585332553674 -93.1224911647929
v 566.469176651896 -359.712432996782 -18.6562285552167
cstype bspline
deg 1
curv 0 5 816 817 818 819 820
parm u 0 0 1 2 3 4
end
v 666.059404966905 -270.112741192917 -56.5977670418348
v 651.360137917883 -346.409538089663 -75.6432476479572
v 586.714471271671 -316.440727104197 -145.80597387766
v 601.413738320693 -240.143930207451 -126.760493271538
v 666.059404966905 -270.112741192917 -56.5977670418348
cstype bspline
deg 1
curv 0 5 821 822 823 824 825
parm u 0 0 1 2 3 4
end
v 679.38831874979 -269.663040126471 -68.6865149637355
v 664.689051700768 -345.959837023218 -87.7319955698579
v 600.043385054556 -315.991026037751 -157.894721799561
v 614.742652103578 -239.694229141005 -138.849241193438
v 679.38831874979 -269.663040126471 -68.6865149637355
cstype bspline
deg 1
curv 0 5 826 827 828 829 830
parm u 0 0 1 2 3 4
end
v -643.796682674115 -238.584413877637 -28.2016039654347
v -584.020009759781 -282.244982383958 2.13820705898468
v -526.2591210664 -257.139742655535 -75.5367997033539
v -586.035793980735 -213.479174149214 -105.876610727773
v -643.796682674115 -238.584413877637 -28.2016039654347
cstype bspline
deg 1
curv 0 5 831 832 833 834 835
parm u 0 0 1 2 3 4
end
v -637.879977543106 -224.194296056712 -19.1507968471381
v -578.103304628772 -267.854864563034 11.1890141772814
v -520.342415935391 -242.749624834611 -66.4859925850573
v -580.119088849726 -199.08905632829 -96.8258036094767
v -637.879977543106 -224.194296056712 -19.1507968471381
cstype bspline
deg 1
curv 0 5 836 837 838 839 840
parm u 0 0 1 2 3 4
end
v -522.063788825892 -158.187970453657 74.4046096069563
v -514.797839291657 -236.704990643715 60.9033682625455
v -464.94068446287 -217.553813189738 -23.6394996477915
v -472.206633997105 -139.036792999681 -10.1382583033807
v -522.063788825892 -158.187970453657 74.4046096069563
cstype bspline
deg 1
curv 0 5 841 842 843 844 845
parm u 0 0 1 2 3 4
end
v -506.546396671069 -158.320381307497 83.5256297296843
v -499.280447136833 -236.837401497554 70.0243883852735
v -449.423292308047 -217.686224043578 -14.5184795250635
v -456.689241842282 -139.16920385352 -1.01723818065273
v -506.546396671069 -158.320381307497 83.5256297296843
cstype bspline
deg 1
curv 0 5 846 847 848 849 850
parm u 0 0 1 2 3 4
end
v -363.282191758165 -254.215013064278 130.679936596988
v -427.835687323166 -284.354589194818 94.2869130758405
v -390.231176760635 -257.729497308293 5.53441864674494
v -325.677681195635 -227.589921177753 41.9274421678927
v -363.282191758165 -254.215013064278 130.679936596988
cstype bspline
deg 1
curv 0 5 851 852 853 854 855
parm u 0 0 1 2 3 4
end
v -355.08334890289 -270.185120648337 129.362879427345
v -419.636844467891 -300.324696778877 92.9698559061977
v -382.03233390536 -273.699604892352 4.21736147710214
v -317.478838340359 -243.560028761812 40.6103849982499
v -355.08334890289 -270.185120648337 129.362879427345
cstype bspline
deg 1
curv 0 5 856 857 858 859 860
parm u 0 0 1 2 3 4
end
v -174.027342766683 -281.035740010771 177.806686289227
v -104.344885721318 -320.27078421169 175.57812471886
v -91.0874331862902 -291.340466696398 80.7768764109079
v -160.769890231654 -252.105422495479 83.0054379812756
v -174.027342766683 -281.035740010771 177.806686289227
cstype bspline
deg 1
curv 0 5 861 862 863 864 865
parm u 0 0 1 2 3 4
end
v -165.513333403312 -266.238752567164 183.512894062713
v -95.8308763579481 -305.473796768083 181.284332492345
v -82.57342382292 -276.543479252792 86.4830841843938
v -152.255880868284 -237.308435051873 88.7116457547614
v -165.513333403312 -266.238752567164 183.512894062713
cstype bspline
deg 1
curv 0 5 866 867 868 869 870
parm u 0 0 1 2 3 4
end
v -8.98065489469869 -187.636216146731 214.036227327529
v -8.98065489469704 -265.686694583484 196.482799861819
v -8.98065489469692 -243.744910251336 98.9197018158802
v -8.98065489469857 -165.694431814583 116.47312928159
v -8.98065489469869 -187.636216146731 214.036227327529
cstype bspline
deg 1
curv 0 5 871 872 873 874 875
parm u 0 0 1 2 3 4
end
v 9.01934510530131 -187.63621614673 214.036227327529
v 9.01934510530296 -265.686694583484 196.482799861819
v 9.01934510530308 -243.744910251336 98.9197018158802
v 9.01934510530143 -165.694431814583 116.47312928159
v 9.01934510530131 -187.63621614673 214.036227327529
cstype bspline
deg 1
curv 0 5 876 877 878 879 880
parm u 0 0 1 2 3 4
end
v 166.454288418014 -269.399575405302 182.336328058188
v 96.3639969239709 -307.912755596413 180.314944906211
v 83.1042294887373 -278.808374364455 85.5673140088197
v 153.19452098278 -240.295194173344 87.588697160796
v 166.454288418014 -269.399575405302 182.336328058188
cstype bspline
deg 1
curv 0 5 881 882 883 884 885
parm u 0 0 1 2 3 4
end
v 174.796981714446 -284.281268899622 176.597454710327
v 104.706690220403 -322.794449090733 174.576071558351
v 91.4469227851693 -293.690067858775 79.8284406609589
v 161.537214279212 -255.176887667663 81.8498238129351
v 174.796981714446 -284.281268899622 176.597454710327
cstype bspline
deg 1
curv 0 5 886 887 888 889 890
parm u 0 0 1 2 3 4
end
v 356.20344264806 -275.850796090334 127.592634324545
v 419.712949452653 -307.639564133901 90.7685013176471
v 382.085739998484 -280.274670059015 2.2509568365532
v 318.576233193892 -248.485902015448 39.0750898434507
v 356.20344264806 -275.850796090334 127.592634324545
cstype bspline
deg 1
curv 0 5 891 892 893 894 895
parm u 0 0 1 2 3 4
end
v 364.801935072025 -260.084382432209 128.811702983773
v 428.311441876618 -291.873150475776 91.987569976876
v 390.684232422449 -264.508256400891 3.47002549578212
v 327.174725617857 -232.719488357324 40.2941585026796
v 364.801935072025 -260.084382432209 128.811702983773
cstype bspline
deg 1
curv 0 5 896 897 898 899 900
parm u 0 0 1 2 3 4
end
v 506.71274445116 -165.583867611938 82.7881292755287
v 499.627906649709 -243.986076273017 68.5438760345942
v 449.71564214303 -224.150459720831 -15.808445615791
v 456.800479944481 -145.748251059752 -1.56419237485647
v 506.71274445116 -165.583867611938 82.7881292755287
cstype bspline
deg 1
curv 0 5 901 902 903 904 905
parm u 0 0 1 2 3 4
end
v 522.228636155148 -165.328851670555 73.6671604947608
v 515.143798353697 -243.731060331633 59.4229072538262
v 465.231533847019 -223.895443779447 -24.929414396559
v 472.31637164847 -145.493235118368 -10.6851611556244
v 522.228636155148 -165.328851670555 73.6671604947608
cstype bspline
deg 1
curv 0 5 906 907 908 909 910
parm u 0 0 1 2 3 4
end
v 636.29987190391 -226.446300447839 -18.1687205806413
v 577.648707504685 -272.873809411585 10.1954703303702
v 519.865190638477 -247.208985297075 -67.2795706941033
v 578.516355037702 -200.781476333328 -95.6437616051148
v 636.29987190391 -226.446300447839 -18.1687205806413
cstype bspline
deg 1
curv 0 5 911 912 913 914 915
parm u 0 0 1 2 3 4
end
v 642.755147083095 -240.358014609537 -27.5917578534213
v 584.10398268387 -286.785523573283 0.772433057590206
v 526.320465817661 -261.120699458773 -76.7026079668833
v 584.971630216887 -214.693190495027 -105.066798877895
v 642.755147083095 -240.358014609537 -27.5917578534213
cstype bspline
deg 1
curv 0 5 916 917 918 919 920
parm u 0 0 1 2 3 4
end
v -703.098349064153 -20.9270673504728 -40.9734609040715
v -700.099452413797 -100.775649496595 -44.8735311770947
v -632.749558679048 -94.6481453233267 -118.537942574489
v -635.748455329404 -14.7995631772049 -114.637872301466
v -703.098349064153 -20.9270673504728 -40.9734609040715
cstype bspline
deg 1
curv 0 5 921 922 923 924 925
parm u 0 0 1 2 3 4
end
v -689.810081935588 -21.021021414649 -28.8320800372296
v -686.811185285232 -100.869603560771 -32.7321503102528
v -619.461291550483 -94.7420993875029 -106.396561707647
v -622.460188200838 -14.8935172413811 -102.496491434624
v -689.810081935588 -21.021021414649 -28.8320800372296
cstype bspline
deg 1
curv 0 5 926 927 928 929 930
parm u 0 0 1 2 3 4
end
v -602.448418846287 -101.348033505808 31.0515415797153
v -655.240298127403 -141.014942316777 -14.1098780984843
v -596.322120876192 -128.538980061982 -93.940941947163
v -543.530241595076 -88.8720712510141 -48.7795222689634
v -602.448418846287 -101.348033505808 31.0515415797153
cstype bspline
deg 1
curv 0 5 931 932 933 934 935
parm u 0 0 1 2 3 4
end
v -594.055730527483 -116.817369439781 34.8281046396033
v -646.847609808599 -156.484278250749 -10.3333150385962
v -587.929432557387 -144.008315995955 -90.1643788872749
v -535.137553276272 -104.341407184987 -45.0029592090754
v -594.055730527483 -116.817369439781 34.8281046396033
cstype bspline
deg 1
curv 0 5 936 937 938 939 940
parm u 0 0 1 2 3 4
end
v -438.161447038752 -123.008437915449 127.207479583575
v -372.341687075485 -162.833259968482 149.15611842115
v -333.501537792797 -148.837792958988 58.0761002674157
v -399.321297756063 -109.012970905955 36.127461429841
v -438.161447038752 -123.008437915449 127.207479583575
cstype bspline
deg 1
curv 0 5 941 942 943 944 945
parm u 0 0 1 2 3 4
end
v -430.691302892941 -107.601892897452 132.760435287454
v -364.871542929674 -147.426714950485 154.709074125029
v -326.031393646986 -133.431247940991 63.6290559712944
v -391.851153610252 -93.606425887958 41.6804171337197
v -430.691302892941 -107.601892897452 132.760435287454
cstype bspline
deg 1
curv 0 5 946 947 948 949 950
parm u 0 0 1 2 3 4
end
v -285.005153190648 -31.7686609178235 190.725368165983
v -283.703623841662 -111.565829457376 185.182993726817
v -256.987831075447 -104.455203147806 89.0804161840773
v -258.289360424433 -24.6580346082531 94.6227906232431
v -285.005153190648 -31.7686609178235 190.725368165983
cstype bspline
deg 1
curv 0 5 951 952 953 954 955
parm u 0 0 1 2 3 4
end
v -267.66187569642 -31.8203852717936 195.542841606429
v -266.360346347434 -111.617553811347 190.000467167263
v -239.644553581219 -104.506927501776 93.8978896245236
v -240.946082930205 -24.7097589622232 99.4402640636894
v -267.66187569642 -31.8203852717936 195.542841606429
cstype bspline
deg 1
curv 0 5 956 957 958 959 960
parm u 0 0 1 2 3 4
end
v -108.025705768069 -123.097626933392 218.988167389784
v -177.600611477325 -159.700702763556 204.171037596218
v -164.342683801945 -145.209231865756 106.118885019273
v -94.7677780926894 -108.606156035592 120.936014812839
v -108.025705768069 -123.097626933392 218.988167389784
cstype bspline
deg 1
curv 0 5 961 962 963 964 965
parm u 0 0 1 2 3 4
end
v -99.4673079101956 -138.889057770296 217.811503363971
v -169.042213619452 -175.49213360046 202.994373570405
v -155.784285944072 -161.000662702659 104.94222099346
v -86.2093802348158 -124.397586872495 119.759350787026
v -99.4673079101956 -138.889057770296 217.811503363971
cstype bspline
deg 1
curv 0 5 966 967 968 969 970
parm u 0 0 1 2 3 4
end
v 100.283040679318 -139.190333441558 217.818987373754
v 169.455493560598 -176.497964395775 202.875345415682
v 156.191667527452 -161.826619372901 104.850743635403
v 87.0192146461717 -124.518988418684 119.794385593476
v 100.283040679318 -139.190333441558 217.818987373754
cstype bspline
deg 1
curv 0 5 971 972 973 974 975
parm u 0 0 1 2 3 4
end
v 109.004735917433 -123.488006407614 218.989012113886
v 178.177188798713 -160.795637361831 204.045370155813
v 164.913362765567 -146.124292338958 106.020768375535
v 95.740909884287 -108.816661384741 120.964410333607
v 109.004735917433 -123.488006407614 218.989012113886
cstype bspline
deg 1
curv 0 5 976 977 978 979 980
parm u 0 0 1 2 3 4
end
v 267.923186866544 -33.05938751459 195.783452772975
v 266.63509068879 -112.849585284736 190.138530449516
v 239.900518143516 -105.62001610178 94.0500505976088
v 241.18861432127 -25.8298183316339 99.6949729210678
v 267.923186866544 -33.05938751459 195.783452772975
cstype bspline
deg 1
curv 0 5 981 982 983 984 985
parm u 0 0 1 2 3 4
end
v 285.265577492938 -32.9983149056626 190.962897047957
v 283.977481315184 -112.788512675808 185.317974724498
v 257.24290876991 -105.558943492852 89.2294948725907
v 258.531004947664 -25.7687457227065 94.8744171960498
v 285.265577492938 -32.9983149056626 190.962897047957
cstype bspline
deg 1
curv 0 5 986 987 988 989 990
parm u 0 0 1 2 3 4
end
v 431.525737807944 -111.900849656763 131.889946088389
v 365.7819455556 -151.94144640986 153.673067809956
v 326.917398420453 -137.647656102413 62.6498041098085
v 392.661190672796 -97.6070593493161 40.8666823882417
v 431.525737807944 -111.900849656763 131.889946088389
cstype bspline
deg 1
curv 0 5 991 992 993 994 995
parm u 0 0 1 2 3 4
end
v 439.025578259331 -127.270162481159 126.274198897711
v 373.281786006987 -167.310759234256 148.057320619278
v 334.41723887184 -153.016968926808 57.0340569191302
v 400.161031124183 -112.976372173711 35.2509351975633
v 439.025578259331 -127.270162481159 126.274198897711
cstype bspline
deg 1
curv 0 5 996 997 998 999 1000
parm u 0 0 1 2 3 4
end
v 593.052688811578 -120.297663846666 34.9191769492527
v 646.084974427903 -159.438281081539 -10.4194243170155
v 587.154313567943 -146.844159925006 -90.2227157460222
v 534.122027951618 -107.703542690133 -44.8841144797541
v 593.052688811578 -120.297663846666 34.9191769492527
cstype bspline
deg 1
curv 0 5 1001 1002 1003 1004 1005
parm u 0 0 1 2 3 4
end
v 601.36542613455 -104.763698318301 31.2321302770722
v 654.397711750875 -143.904315553174 -14.1064709891959
v 595.467050890915 -131.310194396641 -93.9097624182027
v 542.43476527459 -92.1695771617679 -48.5711611519346
v 601.36542613455 -104.763698318301 31.2321302770722
cstype bspline
deg 1
curv 0 5 1006 1007 1008 1009 1010
parm u 0 0 1 2 3 4
end
v 689.956211400833 -21.0199911049015 -28.9655764844581
v 686.957325239918 -100.868574097386 -32.8656374950422
v 619.60744304179 -94.741064888314 -106.530059021252
v 622.606329202706 -14.8924818958301 -102.629998010668
v 689.956211400833 -21.0199911049015 -28.9655764844581
cstype bspline
deg 1
curv 0 5 1011 1012 1013 1014 1015
parm u 0 0 1 2 3 4
end
v 703.244480405905 -20.926036875338 -41.1069552962567
v 700.24559424499 -100.774619867822 -45.0070163068408
v 632.895712046862 -94.6471106587505 -118.671437833051
v 635.894598207777 -14.7985276662666 -114.771376822466
v 703.244480405905 -20.926036875338 -41.1069552962567
cstype bspline
deg 1
curv 0 5 1016 1017 1018 1019 1020
parm u 0 0 1 2 3 4
end
v -660.7868747527 17.2724180528719 -5.58147409412811
v -605.759038676911 -24.2977980908803 34.9630000864289
v -546.364935410729 -24.1415029757916 -45.4877057466664
v -601.392771486518 17.4287131679606 -86.0321799272232
v -660.7868747527 17.2724180528719 -5.58147409412811
cstype bspline
deg 1
curv 0 5 1021 1022 1023 1024 1025
parm u 0 0 1 2 3 4
end
v -653.276338016633 32.6514626658876 -0.00681493620106721
v -598.248501940844 -8.91875347786461 40.537659244356
v -538.854398674662 -8.7624583627759 -39.9130465887393
v -593.882234750451 32.8077577809763 -80.4575207692961
v -653.276338016633 32.6514626658876 -0.00681493620106721
cstype bspline
deg 1
curv 0 5 1026 1027 1028 1029 1030
parm u 0 0 1 2 3 4
end
v -525.385025257472 109.895493650482 80.6554401563787
v -527.825281657121 30.0615707979527 85.1930508360601
v -477.187958936307 23.6261915229056 -0.797922185847256
v -474.747702536657 103.460114375435 -5.33553286552865
v -525.385025257472 109.895493650482 80.6554401563787
cstype bspline
deg 1
curv 0 5 1031 1032 1033 1034 1035
parm u 0 0 1 2 3 4
end
v -509.873079865537 109.940341627296 89.7865703611562
v -512.313336265186 30.1064187747669 94.3241810408376
v -461.676013544372 23.6710394997198 8.33320801893024
v -459.235757144722 103.504962352249 3.79559733924884
v -509.873079865537 109.940341627296 89.7865703611562
cstype bspline
deg 1
curv 0 5 1036 1037 1038 1039 1040
parm u 0 0 1 2 3 4
end
v -375.972245021017 26.2699005277603 161.314186935398
v -441.261137325431 -10.8436974912065 133.747152569164
v -402.196665132469 -11.1895014098985 41.6936494748489
v -336.907772828054 25.9240966090683 69.2606838410825
v -375.972245021017 26.2699005277603 161.314186935398
cstype bspline
deg 1
curv 0 5 1041 1042 1043 1044 1045
parm u 0 0 1 2 3 4
end
v -368.306711197485 10.3242340090355 164.627087548745
v -433.5956035019 -26.7893640099313 137.060053182511
v -394.531131308937 -27.1351679286233 45.0065500881959
v -329.242239004523 9.97843009034354 72.5735844544295
v -368.306711197485 10.3242340090355 164.627087548745
cstype bspline
deg 1
curv 0 5 1046 1047 1048 1049 1050
parm u 0 0 1 2 3 4
end
v -178.863329775144 15.0036173631344 217.076160417511
v -109.149655101048 -23.0868333734503 226.51655903823
v -95.6527844156455 -22.9420290815266 127.431678691031
v -165.366459089742 15.1484216550581 117.991280070313
v -178.863329775144 15.0036173631344 217.076160417511
cstype bspline
deg 1
curv 0 5 1051 1052 1053 1054 1055
parm u 0 0 1 2 3 4
end
v -170.374483102567 30.8323380074943 218.255603053799
v -100.660808428471 -7.25811272909049 227.696001674517
v -87.1639377430684 -7.11330843716676 128.611121327319
v -156.877612417165 30.977142299418 119.170722706601
v -170.374483102567 30.8323380074943 218.255603053799
cstype bspline
deg 1
curv 0 5 1056 1057 1058 1059 1060
parm u 0 0 1 2 3 4
end
v -8.96485025192987 119.88470781047 225.14116864896
v -8.96485025193055 40.1035871532354 231.054948039147
v -8.96485025192828 32.7113629155013 131.328547217604
v -8.9648502519276 112.492483572736 125.414767827417
v -8.96485025192987 119.88470781047 225.14116864896
cstype bspline
deg 1
curv 0 5 1061 1062 1063 1064 1065
parm u 0 0 1 2 3 4
end
v 9.03514974807013 119.88470781047 225.141168648961
v 9.03514974806945 40.1035871532353 231.054948039148
v 9.03514974807172 32.7113629155012 131.328547217605
v 9.0351497480724 112.492483572736 125.414767827418
v 9.03514974807013 119.88470781047 225.141168648961
cstype bspline
deg 1
curv 0 5 1066 1067 1068 1069 1070
parm u 0 0 1 2 3 4
end
v 170.996418460622 30.3558793058046 218.203667489312
v 101.410505659219 -7.9649215483939 227.654432616459
v 87.9074370903883 -7.88134379974631 128.570326151369
v 157.493349891791 30.4394570544522 119.119561024222
v 170.996418460622 30.3558793058046 218.203667489312
cstype bspline
deg 1
curv 0 5 1071 1072 1073 1074 1075
parm u 0 0 1 2 3 4
end
v 179.537851446105 14.5553165812497 217.02632295949
v 109.951938644703 -23.7654842729489 226.477088086637
v 96.4488700758717 -23.6819065243013 127.392981621547
v 166.034782877274 14.6388943298973 117.9422164944
v 179.537851446105 14.5553165812497 217.02632295949
cstype bspline
deg 1
curv 0 5 1076 1077 1078 1079 1080
parm u 0 0 1 2 3 4
end
v 369.318036451783 11.3920835647383 164.369103667619
v 434.238308567807 -26.4430081384077 136.912517860277
v 395.144193151464 -26.7301919886449 44.8713984339581
v 330.22392103544 11.1048997145011 72.3279842412998
v 369.318036451783 11.3920835647383 164.369103667619
cstype bspline
deg 1
curv 0 5 1081 1082 1083 1084 1085
parm u 0 0 1 2 3 4
end
v 377.135659440122 27.2517158351381 160.999113302664
v 442.055931556146 -10.583375868008 133.542527495322
v 402.961816139803 -10.8705597182452 41.5014080690034
v 338.041544023779 26.9645319849009 68.9579938763451
v 377.135659440122 27.2517158351381 160.999113302664
cstype bspline
deg 1
curv 0 5 1086 1087 1088 1089 1090
parm u 0 0 1 2 3 4
end
v 510.237339947233 112.399475515134 89.999452458273
v 512.62167259498 32.5784979915252 94.7876154672458
v 461.921087738187 25.9090498811732 8.85177220564447
v 459.53675509044 105.730027404782 4.06360919667168
v 510.237339947233 112.399475515134 89.999452458273
cstype bspline
deg 1
curv 0 5 1091 1092 1093 1094 1095
parm u 0 0 1 2 3 4
end
v 525.743029138158 112.314283701584 80.8579894971635
v 528.127361785905 32.4933061779756 85.6461525061363
v 477.426776929112 25.8238580676236 -0.289690755465017
v 475.042444281365 105.644835591232 -5.0778537644378
v 525.743029138158 112.314283701584 80.8579894971635
cstype bspline
deg 1
curv 0 5 1096 1097 1098 1099 1100
parm u 0 0 1 2 3 4
end
v 652.216276862475 33.9417731151771 0.871688308236685
v 597.486921782575 -8.27208326580163 41.1542902845778
v 538.071630272937 -7.99635506928202 -39.2804479122132
v 592.800985352837 34.2175013116968 -79.5630498885542
v 652.216276862475 33.9417731151771 0.871688308236685
cstype bspline
deg 1
curv 0 5 1101 1102 1103 1104 1105
parm u 0 0 1 2 3 4
end
v 659.831072095921 18.6517993700526 -4.8055994620014
v 605.101717016021 -23.5620570109262 35.4770025143397
v 545.686425506382 -23.2863288144066 -44.9577356824512
v 600.415780586282 18.9275275665722 -85.2403376587923
v 659.831072095921 18.6517993700526 -4.8055994620014
cstype bspline
deg 1
curv 0 5 1106 1107 1108 1109 1110
parm u 0 0 1 2 3 4
end
v -687.001901309732 231.163414173736 -60.5562617980626
v -695.938331112754 152.516181701712 -48.9479437946983
v -629.502218499328 134.269298171568 -121.42755597808
v -620.565788696306 212.916530643591 -133.035873981445
v -687.001901309732 231.163414173736 -60.5562617980626
cstype bspline
deg 1
curv 0 5 1111 1112 1113 1114 1115
parm u 0 0 1 2 3 4
end
v -673.699594104954 231.441294924054 -48.4330854272299
v -682.636023907976 152.794062452031 -36.8247674238656
v -616.19991129455 134.547178921886 -109.304379607248
v -607.263481491528 213.194411393909 -120.912697610612
v -673.699594104954 231.441294924054 -48.4330854272299
cstype bspline
deg 1
curv 0 5 1116 1117 1118 1119 1120
parm u 0 0 1 2 3 4
end
v -599.53116037359 160.383291535358 25.2080444920002
v -656.906176488905 117.465008235092 -10.3746547356511
v -597.903828241767 104.682678253049 -90.095009360763
v -540.528812126451 147.600961553314 -54.5123101331117
v -599.53116037359 160.383291535358 25.2080444920002
cstype bspline
deg 1
curv 0 5 1121 1122 1123 1124 1125
parm u 0 0 1 2 3 4
end
v -592.856240710398 145.368097789198 32.5557927358661
v -650.231256825713 102.449814488933 -3.02690649178521
v -591.228908578575 89.6674845068894 -82.7472611168971
v -533.85389246326 132.585767807155 -47.1645618892458
v -592.856240710398 145.368097789198 32.5557927358661
cstype bspline
deg 1
curv 0 5 1126 1127 1128 1129 1130
parm u 0 0 1 2 3 4
end
v -437.748075367609 155.092377326025 122.576475821429
v -372.900798566741 121.252401693215 154.975345256679
v -334.255120983504 107.931624621764 63.7116147700002
v -399.102397784372 141.771600254574 31.31274533475
v -437.748075367609 155.092377326025 122.576475821429
cstype bspline
deg 1
curv 0 5 1131 1132 1133 1134 1135
parm u 0 0 1 2 3 4
end
v -429.828209168489 171.225508799788 123.575369328423
v -364.98093236762 137.385533166978 155.974238763673
v -326.335254784383 124.064756095527 64.7105082769943
v -391.182531585252 157.904731728337 32.3116388417442
v -429.828209168489 171.225508799788 123.575369328423
cstype bspline
deg 1
curv 0 5 1136 1137 1138 1139 1140
parm u 0 0 1 2 3 4
end
v -277.761658315755 262.528411661454 159.088629583729
v -281.619575513524 184.336594383967 175.555450337572
v -255.361380560459 163.213393775929 81.4049453262904
v -251.50346336269 241.405211053416 64.9381245724469
v -277.761658315755 262.528411661454 159.088629583729
cstype bspline
deg 1
curv 0 5 1141 1142 1143 1144 1145
parm u 0 0 1 2 3 4
end
v -260.414988469938 262.684030970041 163.891631550314
v -264.272905667707 184.492213692554 180.358452304157
v -238.014710714642 163.369013084517 86.2079472928752
v -234.156793516873 241.560830362004 69.7411265390317
v -260.414988469938 262.684030970041 163.891631550314
cstype bspline
deg 1
curv 0 5 1146 1147 1148 1149 1150
parm u 0 0 1 2 3 4
end
v -107.891445399053 179.645251781588 211.80040406576
v -177.649553154323 140.659568927759 208.069059157443
v -164.152888630989 125.887132086188 110.091433362028
v -94.3947808757192 164.872814940017 113.822778270345
v -107.891445399053 179.645251781588 211.80040406576
cstype bspline
deg 1
curv 0 5 1151 1152 1153 1154 1155
parm u 0 0 1 2 3 4
end
v -99.4210873237153 164.153789182935 215.30292039407
v -169.179195078985 125.168106329106 211.571575485753
v -155.682530555652 110.395669487535 113.593949690338
v -85.9244228003816 149.381352341364 117.325294598655
v -99.4210873237153 164.153789182935 215.30292039407
cstype bspline
deg 1
curv 0 5 1156 1157 1158 1159 1160
parm u 0 0 1 2 3 4
end
v 100.076208086722 165.806980301863 214.921075691383
v 169.974042257221 127.076011328685 211.152147372581
v 156.472422381158 112.242910541813 113.184370110009
v 86.57458821066 150.973879514991 116.953298428811
v 100.076208086722 165.806980301863 214.921075691383
cstype bspline
deg 1
curv 0 5 1161 1162 1163 1164 1165
parm u 0 0 1 2 3 4
end
v 108.487792694534 181.32887999683 211.411677702412
v 178.385626865033 142.597911023652 207.64274938361
v 164.884006988971 127.764810236781 109.674972121039
v 94.9861728184722 166.495779209958 113.443900439841
v 108.487792694534 181.32887999683 211.411677702412
cstype bspline
deg 1
curv 0 5 1166 1167 1168 1169 1170
parm u 0 0 1 2 3 4
end
v 260.652330243802 266.23939149925 163.208201165319
v 264.467308708775 188.109042264856 179.97407328172
v 238.192878119799 166.640247332635 85.906304405323
v 234.377899654826 244.770596567029 69.1404322889219
v 260.652330243802 266.23939149925 163.208201165319
cstype bspline
deg 1
curv 0 5 1171 1172 1173 1174 1175
parm u 0 0 1 2 3 4
end
v 277.998684328567 266.055685230232 158.405050951899
v 281.81366279354 187.925335995839 175.1709230683
v 255.539232204564 166.456541063618 81.1031541919024
v 251.724253739591 244.586890298011 64.3372820755013
v 277.998684328567 266.055685230232 158.405050951899
cstype bspline
deg 1
curv 0 5 1176 1177 1178 1179 1180
parm u 0 0 1 2 3 4
end
v 430.214884424672 174.853835157911 122.969013519047
v 366.055072493245 139.810652269999 155.457378605771
v 327.38137053902 126.075341692263 64.2669952285258
v 391.541182470446 161.118524580176 31.7786301418017
v 430.214884424672 174.853835157911 122.969013519047
cstype bspline
deg 1
curv 0 5 1181 1182 1183 1184 1185
parm u 0 0 1 2 3 4
end
v 438.409022325279 158.8626279674 121.90252551819
v 374.249210393853 123.819445079488 154.390890604914
v 335.575508439627 110.084134501752 63.2005072276694
v 399.735320371054 145.127317389664 30.7121421409453
v 438.409022325279 158.8626279674 121.90252551819
cstype bspline
deg 1
curv 0 5 1186 1187 1188 1189 1190
parm u 0 0 1 2 3 4
end
v 592.273187374281 147.625274628654 32.8110675546822
v 648.903039777884 102.951323263507 -1.79092496266742
v 589.876999783175 89.8175418362672 -81.4365801358443
v 533.247147379573 134.491493201414 -46.8345876184948
v 592.273187374281 147.625274628654 32.8110675546822
cstype bspline
deg 1
curv 0 5 1191 1192 1193 1194 1195
parm u 0 0 1 2 3 4
end
v 599.25635739199 162.368940284014 25.2045138312973
v 655.886209795593 117.694988918867 -9.3974786860523
v 596.860169800884 104.561207491627 -89.0431338592292
v 540.230317397282 149.235158856774 -54.4411413418796
v 599.25635739199 162.368940284014 25.2045138312973
cstype bspline
deg 1
curv 0 5 1196 1197 1198 1199 1200
parm u 0 0 1 2 3 4
end
v 673.925891200213 231.436570947891 -48.6393017045376
v 682.862314187987 152.78933755172 -37.030984715764
v 616.426215870796 134.542450180102 -109.510609036231
v 607.489792883022 213.189683576273 -121.118926025005
v 673.925891200213 231.436570947891 -48.6393017045376
cstype bspline
deg 1
curv 0 5 1201 1202 1203 1204 1205
parm u 0 0 1 2 3 4
end
v 687.228200762113 231.158689855249 -60.7624754811415
v 696.164623749887 152.511456459078 -49.1541584923679
v 629.728525432696 134.26456908746 -121.633782812835
v 620.792102444922 212.911802483631 -133.242099801609
v 687.228200762113 231.158689855249 -60.7624754811415
cstype bspline
deg 1
curv 0 5 1206 1207 1208 1209 1210
parm u 0 0 1 2 3 4
end
v -640.518169460349 272.137791436083 -35.5905437156829
v -589.801668377669 234.860769427808 13.7881981488592
v -532.206525812803 210.043716728428 -64.1021956635291
v -582.923026895483 247.320738736703 -113.480937528071
v -640.518169460349 272.137791436083 -35.5905437156829
cstype bspline
deg 1
curv 0 5 1211 1212 1213 1214 1215
parm u 0 0 1 2 3 4
end
v -631.228016742566 287.42497525491 -33.5917757527405
v -580.511515659886 250.147953246634 15.7869661118016
v -522.91637309502 225.330900547254 -62.1034277005867
v -573.6328741777 262.607922555529 -111.482169565129
v -631.228016742566 287.42497525491 -33.5917757527405
cstype bspline
deg 1
curv 0 5 1216 1217 1218 1219 1220
parm u 0 0 1 2 3 4
end
v -496.510453600011 368.537071422033 26.8445950223121
v -508.443075852335 292.592680389912 48.9819389674101
v -460.111558219941 261.1793665094 -32.7326136801698
v -448.178935967617 337.123757541522 -54.8699576252678
v -496.510453600011 368.537071422033 26.8445950223121
cstype bspline
deg 1
curv 0 5 1221 1222 1223 1224 1225
parm u 0 0 1 2 3 4
end
v -480.982822735511 368.750512136933 35.9466345078926
v -492.915444987835 292.806121104812 58.0839784529906
v -444.583927355441 261.392807224301 -23.6305741945894
v -432.651305103118 337.337198256422 -45.7679181396874
v -480.982822735511 368.750512136933 35.9466345078926
cstype bspline
deg 1
curv 0 5 1226 1227 1228 1229 1230
parm u 0 0 1 2 3 4
end
v -362.216399452541 305.872333037064 119.017068874113
v -428.580600664363 264.015818206324 103.402173301589
v -390.593512512615 236.764509876467 15.0033762053486
v -324.229311300793 278.621024707207 30.6182717778723
v -362.216399452541 305.872333037064 119.017068874113
cstype bspline
deg 1
curv 0 5 1231 1232 1233 1234 1235
parm u 0 0 1 2 3 4
end
v -354.848686189782 291.338053100128 126.663735336862
v -421.212887401604 249.481538269387 111.048839764338
v -383.225799249855 222.23022993953 22.6500426680973
v -316.861598038033 264.086744770271 38.2649382406211
v -354.848686189782 291.338053100128 126.663735336862
cstype bspline
deg 1
curv 0 5 1236 1237 1238 1239 1240
parm u 0 0 1 2 3 4
end
v -173.944248796743 310.167990563874 170.083785496829
v -104.582112821359 275.570680798681 189.880761274547
v -91.7864719368846 246.896740857375 94.9382695092794
v -161.148607912269 281.494050622568 75.1412937315615
v -173.944248796743 310.167990563874 170.083785496829
cstype bspline
deg 1
curv 0 5 1241 1242 1243 1244 1245
parm u 0 0 1 2 3 4
end
v -165.276321589851 325.555130850582 166.604855814702
v -95.9141856144664 290.957821085389 186.401831592419
v -83.1185447299925 262.283881144083 91.4593398271517
v -152.480680705377 296.881190909276 71.6623640494338
v -165.276321589851 325.555130850582 166.604855814702
cstype bspline
deg 1
curv 0 5 1246 1247 1248 1249 1250
parm u 0 0 1 2 3 4
end
v -9.00985939091669 413.961225238818 146.743945278306
v -9.00985939091538 339.266486383456 175.39173729321
v -9.00985939091787 303.456746364822 82.0233137240086
v -9.00985939091918 378.151485220184 53.3755217091046
v -9.00985939091669 413.961225238818 146.743945278306
cstype bspline
deg 1
curv 0 5 1251 1252 1253 1254 1255
parm u 0 0 1 2 3 4
end
v 8.99014060908331 413.961225238818 146.743945278306
v 8.99014060908462 339.266486383456 175.39173729321
v 8.99014060908213 303.456746364822 82.0233137240082
v 8.99014060908082 378.151485220184 53.3755217091042
v 8.99014060908331 413.961225238818 146.743945278306
cstype bspline
deg 1
curv 0 5 1256 1257 1258 1259 1260
parm u 0 0 1 2 3 4
end
v 165.444686020479 327.957340409308 165.989232507629
v 96.7731116280597 292.22069260579 186.166122115139
v 83.9725982982873 263.262755848213 91.3105226112696
v 152.644172690707 298.999403651732 71.1336330037598
v 165.444686020479 327.957340409308 165.989232507629
cstype bspline
deg 1
curv 0 5 1261 1262 1263 1264 1265
parm u 0 0 1 2 3 4
end
v 174.38641607146 312.719985129264 169.434296769019
v 105.71484167904 276.983337325746 189.611186376528
v 92.9143283492679 248.025400568169 94.7555868726588
v 161.585902741688 283.762048371688 74.578697265149
v 174.38641607146 312.719985129264 169.434296769019
cstype bspline
deg 1
curv 0 5 1266 1267 1268 1269 1270
parm u 0 0 1 2 3 4
end
v 355.644741547564 298.959194060423 123.87093087914
v 422.213374643068 257.402858167293 108.324611863583
v 384.212757368222 229.524921627644 20.1272550946754
v 317.644124272717 271.081257520775 35.6735741102322
v 355.644741547564 298.959194060423 123.87093087914
cstype bspline
deg 1
curv 0 5 1271 1272 1273 1274 1275
parm u 0 0 1 2 3 4
end
v 362.916200845191 313.498575264215 116.142265153818
v 429.484833940695 271.942239371085 100.595946138261
v 391.484216665848 244.064302831437 12.3985893693538
v 324.915583570344 285.620638724567 27.9449083849105
v 362.916200845191 313.498575264215 116.142265153818
cstype bspline
deg 1
curv 0 5 1276 1277 1278 1279 1280
parm u 0 0 1 2 3 4
end
v 481.311326869997 379.997233596987 31.4512689772242
v 492.896799960344 304.362671346965 54.8005688922204
v 444.519889159462 271.865681496303 -26.4620925951409
v 432.934416069115 347.500243746324 -49.8113925101371
v 481.311326869997 379.997233596987 31.4512689772242
cstype bspline
deg 1
curv 0 5 1281 1282 1283 1284 1285
parm u 0 0 1 2 3 4
end
v 496.847684400255 379.574007198974 22.3714851632777
v 508.433157490602 303.939444948953 45.7207850782739
v 460.056246689721 271.44245509829 -35.5418764090874
v 448.470773599373 347.077017348312 -58.8911763240836
v 496.847684400255 379.574007198974 22.3714851632777
cstype bspline
deg 1
curv 0 5 1286 1287 1288 1289 1290
parm u 0 0 1 2 3 4
end
v 630.82847794793 291.760400665427 -35.18954667685
v 579.223851775141 256.19016070748 14.5268549115675
v 521.630284166267 231.030692424535 -63.2547761191687
v 573.234910339057 266.600932382481 -112.971177707586
v 630.82847794793 291.760400665427 -35.18954667685
cstype bspline
deg 1
curv 0 5 1291 1292 1293 1294 1295
parm u 0 0 1 2 3 4
end
v 639.867964343157 276.286617576069 -36.8776588218271
v 588.263338170368 240.716377618123 12.8387427665904
v 530.669770561494 215.556909335177 -64.9428882641458
v 582.274396734283 251.127149293124 -114.659289852563
v 639.867964343157 276.286617576069 -36.8776588218271
cstype bspline
deg 1
curv 0 5 1296 1297 1298 1299 1300
parm u 0 0 1 2 3 4
end
v -632.987637267692 464.245023547581 -124.322782984871
v -653.179236620097 391.348127860513 -98.277785100811
v -591.130687450318 350.289557560736 -165.092239755951
v -570.939088097913 423.186453247804 -191.137237640012
v -632.987637267692 464.245023547581 -124.322782984871
cstype bspline
deg 1
curv 0 5 1301 1302 1303 1304 1305
parm u 0 0 1 2 3 4
end
v -619.622779674773 464.845691720683 -112.280367144734
v -639.814379027177 391.948796033615 -86.2353692606733
v -577.765829857398 350.890225733839 -153.049823915814
v -557.574230504993 423.787121420907 -179.094821799874
v -619.622779674773 464.845691720683 -112.280367144734
cstype bspline
deg 1
curv 0 5 1306 1307 1308 1309 1310
parm u 0 0 1 2 3 4
end
v -559.911348930705 408.441062177232 -33.2643776468958
v -622.083233872619 364.676039585339 -58.149705056846
v -566.359044994413 327.825649754581 -132.559808827686
v -504.187160052499 371.590672346475 -107.674481417736
v -559.911348930705 408.441062177232 -33.2643776468958
cstype bspline
deg 1
curv 0 5 1311 1312 1313 1314 1315
parm u 0 0 1 2 3 4
end
v -554.64741575364 394.911967213382 -22.6222633378634
v -616.819300695554 351.146944621488 -47.5075907478135
v -561.095111817348 314.296554790731 -121.917694518654
v -498.923226875434 358.061577382624 -97.0323671087037
v -554.64741575364 394.911967213382 -22.6222633378634
cstype bspline
deg 1
curv 0 5 1316 1317 1318 1319 1320
parm u 0 0 1 2 3 4
end
v -412.052896853231 416.609403520975 50.4213132992695
v -347.602292140801 390.453091554209 89.9430401909322
v -311.608055127971 351.234224577902 5.28906583084085
v -376.058659840401 377.390536544669 -34.2326610608218
v -412.052896853231 416.609403520975 50.4213132992695
cstype bspline
deg 1
curv 0 5 1321 1322 1323 1324 1325
parm u 0 0 1 2 3 4
end
v -403.58337235072 432.08615056933 46.852356098266
v -339.132767638289 405.929838602564 86.3740829899286
v -303.138530625459 366.710971626257 1.72010862983734
v -367.58913533789 392.867283593024 -37.8016182618253
v -403.58337235072 432.08615056933 46.852356098266
cstype bspline
deg 1
curv 0 5 1326 1327 1328 1329 1330
parm u 0 0 1 2 3 4
end
v -253.493851466385 527.659929980992 51.9299321303475
v -261.97146846236 457.057416559308 88.5825597116083
v -237.86086852379 410.076664929099 3.66207957364156
v -229.383251527815 480.679178350782 -32.9905480076192
v -253.493851466385 527.659929980992 51.9299321303475
cstype bspline
deg 1
curv 0 5 1331 1332 1333 1334 1335
parm u 0 0 1 2 3 4
end
v -236.129324970045 528.028465433808 56.6561781224588
v -244.60694196602 457.425952012125 93.3088057037195
v -220.496342027451 410.445200381915 8.38832556575278
v -212.018725031476 481.047713803598 -28.264302015508
v -236.129324970045 528.028465433808 56.6561781224588
cstype bspline
deg 1
curv 0 5 1336 1337 1338 1339 1340
parm u 0 0 1 2 3 4
end
v -98.7481191818011 462.120581490478 119.88979531477
v -168.204279248949 423.311375054567 128.237688734164
v -155.409015349162 381.106638255506 38.4878062080186
v -85.9528552820145 419.915844691418 30.1399127886252
v -98.7481191818011 462.120581490478 119.88979531477
cstype bspline
deg 1
curv 0 5 1341 1342 1343 1344 1345
parm u 0 0 1 2 3 4
end
v -90.1183738647178 448.335126898749 127.602689548562
v -159.574533931865 409.525920462837 135.950582967955
v -146.779270032079 367.321183663777 46.2007004418099
v -77.3231099649312 406.130390099689 37.8528070224165
v -90.1183738647178 448.335126898749 127.602689548562
cstype bspline
deg 1
curv 0 5 1346 1347 1348 1349 1350
parm u 0 0 1 2 3 4
end
v 90.508834982781 451.326423660989 125.876548293805
v 160.65094453534 413.661139252952 133.713053763622
v 147.856332231515 371.18772446586 44.089915387874
v 77.7142226789557 408.853008873897 36.2534099180575
v 90.508834982781 451.326423660989 125.876548293805
cstype bspline
deg 1
curv 0 5 1351 1352 1353 1354 1355
parm u 0 0 1 2 3 4
end
v 98.8530143062505 465.245128278447 118.089101138947
v 168.99512385881 427.57984387041 125.925606608763
v 156.200511554984 385.106429083319 36.3024682330154
v 86.0584020024252 422.771713491356 28.4659627631988
v 98.8530143062505 465.245128278447 118.089101138947
cstype bspline
deg 1
curv 0 5 1356 1357 1358 1359 1360
parm u 0 0 1 2 3 4
end
v 236.252128055903 534.972871213758 52.6247272988504
v 244.600049898357 464.673127056721 89.8840640128525
v 220.477353613575 417.005390624753 5.350742609961
v 212.12943177112 487.30513478179 -31.9085941040411
v 236.252128055903 534.972871213758 52.6247272988504
cstype bspline
deg 1
curv 0 5 1361 1362 1363 1364 1365
parm u 0 0 1 2 3 4
end
v 253.619291052235 534.538355481626 47.9137989893378
v 261.967212894689 464.238611324588 85.1731357033399
v 237.844516609906 416.57087489262 0.639814300448393
v 229.496594767452 486.870619049657 -36.6195224135537
v 253.619291052235 534.538355481626 47.9137989893378
cstype bspline
deg 1
curv 0 5 1366 1367 1368 1369 1370
parm u 0 0 1 2 3 4
end
v 403.349154598886 442.531781559975 42.0519228581977
v 340.347802802769 414.32557490472 82.4900184857495
v 304.332614349363 374.09766576729 -1.68017533068564
v 367.333966145479 402.303872422545 -42.1182709582374
v 403.349154598886 442.531781559975 42.0519228581977
cstype bspline
deg 1
curv 0 5 1371 1372 1373 1374 1375
parm u 0 0 1 2 3 4
end
v 412.351093913474 427.323532901251 45.4686846747234
v 349.349742117358 399.117326245996 85.9067803022751
v 313.334553663951 358.889417108566 1.73658648584001
v 376.335905460068 387.09562376382 -38.7015091417118
v 412.351093913474 427.323532901251 45.4686846747234
cstype bspline
deg 1
curv 0 5 1376 1377 1378 1379 1380
parm u 0 0 1 2 3 4
end
v 554.317791137605 402.356494946361 -25.6951972066694
v 615.014370129538 354.948858921684 -47.338703050865
v 559.266226004933 317.370104968463 -121.365601391843
v 498.569647013 364.77774099314 -99.7220955476477
v 554.317791137605 402.356494946361 -25.6951972066694
cstype bspline
deg 1
curv 0 5 1381 1382 1383 1384 1385
parm u 0 0 1 2 3 4
end
v 560.384025749112 415.180965669512 -36.7737236569334
v 621.080604741045 367.773329644835 -58.417229501129
v 565.33246061644 330.194575691614 -132.444127842107
v 504.635881624507 377.602211716291 -110.800621997912
v 560.384025749112 415.180965669512 -36.7737236569334
cstype bspline
deg 1
curv 0 5 1386 1387 1388 1389 1390
parm u 0 0 1 2 3 4
end
v 620.168824190824 464.821144830648 -112.772386813259
v 640.360407813759 391.924247933636 -86.7273801212967
v 578.311860552033 350.865672672865 -153.541833499776
v 558.120276929098 423.762569569877 -179.586840191738
v 620.168824190824 464.821144830648 -112.772386813259
cstype bspline
deg 1
curv 0 5 1391 1392 1393 1394 1395
parm u 0 0 1 2 3 4
end
v 633.533682860653 464.220473117045 -124.814801281628
v 653.725266483588 391.323576220033 -98.7697945896656
v 591.676719221862 350.265000959261 -165.584247968144
v 571.485135598927 423.161897856274 -191.629254660107
v 633.533682860653 464.220473117045 -124.814801281628
cstype bspline
deg 1
curv 0 5 1396 1397 1398 1399 1400
parm u 0 0 1 2 3 4
end
v -587.660351915801 501.222595941814 -112.837291930166
v -540.475348107809 469.826386895833 -56.3762126526605
v -487.811602741182 422.265079015972 -126.835079495068
v -534.996606549174 453.661288061953 -183.296158772573
v -587.660351915801 501.222595941814 -112.837291930166
cstype bspline
deg 1
curv 0 5 1401 1402 1403 1404 1405
parm u 0 0 1 2 3 4
end
v -576.640967719435 515.393216997352 -114.166453633352
v -529.455963911442 483.997007951371 -57.7053743558466
v -476.792218544815 436.43570007151 -128.164241198254
v -523.977222352808 467.831909117491 -184.625320475759
v -576.640967719435 515.393216997352 -114.166453633352
cstype bspline
deg 1
curv 0 5 1406 1407 1408 1409 1410
parm u 0 0 1 2 3 4
end
v -448.35423305908 595.730430564734 -83.5377960632734
v -461.950896366204 528.82570726108 -41.8378110923633
v -417.624300524144 475.096436272614 -113.589593928072
v -404.02763721702 542.001159576268 -155.289578898982
v -448.35423305908 595.730430564734 -83.5377960632734
cstype bspline
deg 1
curv 0 5 1411 1412 1413 1414 1415
parm u 0 0 1 2 3 4
end
v -432.511886376841 597.69430604666 -75.2213518296335
v -446.108549683965 530.789582743006 -33.5213668587234
v -401.781953841905 477.06031175454 -105.273149694432
v -388.185290534781 543.965035058194 -146.973134665342
v -432.511886376841 597.69430604666 -75.2213518296335
cstype bspline
deg 1
curv 0 5 1416 1417 1418 1419 1420
parm u 0 0 1 2 3 4
end
v -327.936318635769 559.019151087695 7.25273022938916
v -395.032122740369 515.466148655341 6.117366549964
v -360.418923184779 464.190726166287 -72.4495314739107
v -293.32311908018 507.743728598641 -71.3141677944856
v -327.936318635769 559.019151087695 7.25273022938916
cstype bspline
deg 1
curv 0 5 1421 1422 1423 1424 1425
parm u 0 0 1 2 3 4
end
v -320.36820052688 547.069833608525 18.3854477804595
v -387.46400463148 503.516831176171 17.2500841010343
v -352.85080507589 452.241408687117 -61.3168139228404
v -285.755000971291 495.794411119471 -60.1814502434153
v -320.36820052688 547.069833608525 18.3854477804595
cstype bspline
deg 1
curv 0 5 1426 1427 1428 1429 1430
parm u 0 0 1 2 3 4
end
v -160.674774822256 568.960535245089 47.5618276781681
v -91.9081307623317 539.575862679833 75.9817095035439
v -80.5780930430141 485.485313253903 -7.36001298933388
v -149.344737102938 514.869985819159 -35.7798948147097
v -160.674774822256 568.960535245089 47.5618276781681
cstype bspline
deg 1
curv 0 5 1431 1432 1433 1434 1435
parm u 0 0 1 2 3 4
end
v -151.705788261933 582.580075267994 39.9417614287679
v -82.9391442020091 553.195402702738 68.3616432541437
v -71.6091064826914 499.104853276807 -14.9800792387341
v -140.375750542616 528.489525842064 -43.3999610641099
v -151.705788261933 582.580075267994 39.9417614287679
cstype bspline
deg 1
curv 0 5 1436 1437 1438 1439 1440
parm u 0 0 1 2 3 4
end
v -9.06984391974411 659.308476955427 -3.03189498817403
v -9.06984391974644 595.236362727743 44.8718019296495
v -9.0698436355644 535.356741352849 -35.2183406847779
v -9.06984363556207 599.428855580533 -83.1220376026014
v -9.06984391974411 659.308476955427 -3.03189498817403
cstype bspline
deg 1
curv 0 5 1441 1442 1443 1444 1445
parm u 0 0 1 2 3 4
end
v 8.93015608025589 659.308476986057 -3.03189494720539
v 8.93015608025356 595.236362758373 44.8718019706181
v 8.9301563644356 535.356741383479 -35.2183406438093
v 8.93015636443793 599.428855611162 -83.1220375616327
v 8.93015608025589 659.308476986057 -3.03189494720539
cstype bspline
deg 1
curv 0 5 1446 1447 1448 1449 1450
parm u 0 0 1 2 3 4
end
v 151.331674375346 587.04881243729 37.3021662494882
v 83.8881792715923 555.876444636264 66.961202880294
v 72.5505236940157 501.369825800316 -16.1079614893865
v 139.994018797769 532.542193601343 -45.7669981201923
v 151.331674375346 587.04881243729 37.3021662494882
cstype bspline
deg 1
curv 0 5 1451 1452 1453 1454 1455
parm u 0 0 1 2 3 4
end
v 160.795346161344 573.686650311615 44.7782306990555
v 93.3518510575901 542.514282510589 74.4372673298612
v 82.0141954800135 488.007663674641 -8.63189703981925
v 149.457690583767 519.180031475668 -38.290933670625
v 160.795346161344 573.686650311615 44.7782306990555
cstype bspline
deg 1
curv 0 5 1456 1457 1458 1459 1460
parm u 0 0 1 2 3 4
end
v 318.779457251733 555.189832257558 13.3001730907094
v 386.687071997948 512.935315142249 11.5361881611916
v 352.073818735918 460.557453207569 -66.3000648175471
v 284.166203989702 502.811970322879 -64.5360798880292
v 318.779457251733 555.189832257558 13.3001730907094
cstype bspline
deg 1
curv 0 5 1461 1462 1463 1464 1465
parm u 0 0 1 2 3 4
end
v 325.971671182057 567.219978217349 2.0064736540071
v 393.879285928273 524.96546110204 0.242488724489249
v 359.266032666242 472.587599167361 -77.5937642542494
v 291.358417920026 514.84211628267 -75.8297793247316
v 325.971671182057 567.219978217349 2.0064736540071
cstype bspline
deg 1
curv 0 5 1466 1467 1468 1469 1470
parm u 0 0 1 2 3 4
end
v 431.437215586952 608.124712885423 -83.9955898834376
v 445.931708694468 541.883521519288 -41.5454516510209
v 401.733634734282 486.8281185139 -112.365172478798
v 387.239141626766 553.069309880035 -154.815310711215
v 431.437215586952 608.124712885423 -83.9955898834376
cstype bspline
deg 1
curv 0 5 1471 1472 1473 1474 1475
parm u 0 0 1 2 3 4
end
v 447.250872919658 606.212846499368 -92.3784896612974
v 461.745366027173 539.971655133233 -49.9283514288808
v 417.547292066987 484.916252127846 -120.748072256658
v 403.052798959472 551.157443493981 -163.198210489074
v 447.250872919658 606.212846499368 -92.3784896612974
cstype bspline
deg 1
curv 0 5 1476 1477 1478 1479 1480
parm u 0 0 1 2 3 4
end
v 578.908198172151 519.017667167256 -119.583385019238
v 529.190488670723 491.528687493458 -63.258387385637
v 476.552577269815 443.280980076494 -133.268451036209
v 526.270286771243 470.769959750291 -189.59344866981
v 578.908198172151 519.017667167256 -119.583385019238
cstype bspline
deg 1
curv 0 5 1481 1482 1483 1484 1485
parm u 0 0 1 2 3 4
end
v 589.352826923314 504.515134123095 -117.441828213222
v 539.635117421886 477.026154449297 -61.1168305796214
v 486.997206020978 428.778447032332 -131.126894230193
v 536.714915522406 456.26742670613 -187.451891863794
v 589.352826923314 504.515134123095 -117.441828213222
cstype bspline
deg 1
curv 0 5 1486 1487 1488 1489 1490
parm u 0 0 1 2 3 4
end
v -497.736810302163 616.745563860339 -137.03049629389
v -562.216315432114 570.238021632109 -145.943516774401
v -511.657257919033 512.41277402224 -209.97493439299
v -447.177752789081 558.920316250469 -201.06191391248
v -497.736810302163 616.745563860339 -137.03049629389
cstype bspline
deg 1
curv 0 5 1491 1492 1493 1494 1495
parm u 0 0 1 2 3 4
end
v -492.196081256329 606.442030779551 -123.350674376417
v -556.675586386281 559.934488551322 -132.263694856927
v -506.1165288732 502.109240941453 -196.295112475517
v -441.637023743248 548.616783169682 -187.382091995006
v -492.196081256329 606.442030779551 -123.350674376417
cstype bspline
deg 1
curv 0 5 1496 1497 1498 1499 1500
parm u 0 0 1 2 3 4
end
v -378.338245237531 637.279217335517 -79.106555833663
v -313.575167931156 620.223686980064 -35.3475258843745
v -281.149097981192 558.790895690518 -107.281955346038
v -345.912175287566 575.846426045972 -151.040985295327
v -378.338245237531 637.279217335517 -79.106555833663
cstype bspline
deg 1
curv 0 5 1501 1502 1503 1504 1505
parm u 0 0 1 2 3 4
end
v -369.529227039346 650.953881195679 -86.814004613619
v -304.766149732971 633.898350840225 -43.0549746643304
v -272.340079783007 572.46555955068 -114.989404125994
v -337.103157089381 589.521089906133 -158.748434075283
v -369.529227039346 650.953881195679 -86.814004613619
cstype bspline
deg 1
curv 0 5 1506 1507 1508 1509 1510
parm u 0 0 1 2 3 4
end
v -86.1382748516018 698.501988670665 -41.395329688051
v -155.163253282969 663.274264695813 -21.531799888417
v -143.833950563217 598.564056855872 -96.9256716632231
v -74.8089721318502 633.791780830724 -116.789201462857
v -86.1382748516018 698.501988670665 -41.395329688051
cstype bspline
deg 1
curv 0 5 1511 1512 1513 1514 1515
parm u 0 0 1 2 3 4
end
v -77.2702876479951 687.299192701072 -30.4474456267207
v -146.295266079362 652.07146872622 -10.5839158270867
v -134.965963359611 587.361260886279 -85.9777876018927
v -65.9409849282435 622.588984861131 -105.841317401527
v -77.2702876479951 687.299192701072 -30.4474456267207
cstype bspline
deg 1
curv 0 5 1516 1517 1518 1519 1520
parm u 0 0 1 2 3 4
end
v 74.0139986927353 686.564475333113 -29.8405475913437
v 144.342678984442 653.146359714911 -11.4800934315086
v 133.013254426806 588.059447464519 -86.5489817468591
v 62.6845741350993 621.47756308272 -104.909435906694
v 74.0139986927353 686.564475333113 -29.8405475913437
cstype bspline
deg 1
curv 0 5 1521 1522 1523 1524 1525
parm u 0 0 1 2 3 4
end
v 82.3472923228545 697.975310881469 -40.9917380821644
v 152.675972614561 664.557195263268 -22.6312839223293
v 141.346548056925 599.470283012876 -97.7001722376798
v 71.0178677652185 632.888398631077 -116.060626397515
v 82.3472923228545 697.975310881469 -40.9917380821644
cstype bspline
deg 1
curv 0 5 1526 1527 1528 1529 1530
parm u 0 0 1 2 3 4
end
v 368.075219538718 656.490959595366 -91.8011771479906
v 304.533894853236 638.112099871327 -46.8043153412126
v 272.234751226083 575.667670403318 -117.920126166707
v 335.776075911565 594.046530127357 -162.916987973485
v 368.075219538718 656.490959595366 -91.8011771479906
cstype bspline
deg 1
curv 0 5 1531 1532 1533 1534 1535
parm u 0 0 1 2 3 4
end
v 377.338089006788 643.053615506911 -84.2092713881738
v 313.796764321306 624.674755782872 -39.2124095813957
v 281.497620694154 562.230326314863 -110.32822040689
v 345.038945379636 580.609186038902 -155.325082213668
v 377.338089006788 643.053615506911 -84.2092713881738
cstype bspline
deg 1
curv 0 5 1536 1537 1538 1539 1540
parm u 0 0 1 2 3 4
end
v 493.432790898184 613.226998797844 -130.403709066678
v 556.360780858686 564.056254568926 -135.126630991227
v 505.911520488453 505.595005255952 -198.665237026163
v 442.983530527952 554.76574948487 -193.942315101614
v 493.432790898184 613.226998797844 -130.403709066678
cstype bspline
deg 1
curv 0 5 1541 1542 1543 1544 1545
parm u 0 0 1 2 3 4
end
v 499.841089315434 622.759404329082 -144.262531389786
v 562.769079275936 573.588660100165 -148.985453314335
v 512.319818905704 515.12741078719 -212.524059349271
v 449.391828945202 564.298155016108 -207.801137424722
v 499.841089315434 622.759404329082 -144.262531389786
cstype bspline
deg 1
curv 0 5 1546 1547 1548 1549 1550
parm u 0 0 1 2 3 4
end
