# type_plates_name_cross_vda_shell.xml
v 795.28814 -598.842645 2959.034323
v 713.727572 -433.309454 3017.534522
v 869.35845 -357.602414 2930.115623
v 933.854523 -492.325077 2883.618752
v 795.28814 -598.842645 2959.034323
cstype bspline
deg 1
curv 0 5 1 2 3 4 5
parm u 0 0 1 2 3 4
end
v 793.656301 -598.044943 2956.089175
v 712.30667 -433.298561 3014.401304
v 867.683643 -357.79104 2927.093327
v 932.080109 -491.863014 2880.7077
v 793.656301 -598.044943 2956.089175
cstype bspline
deg 1
curv 0 5 6 7 8 9 10
parm u 0 0 1 2 3 4
end
v 876.006482 -744.059312 2850.924734
v 791.356884 -597.411145 2952.827462
v 937.785777 -493.756583 2889.825612
v 1009.421334 -608.098646 2806.683421
v 876.006482 -744.059312 2850.924734
cstype bspline
deg 1
curv 0 5 11 12 13 14 15
parm u 0 0 1 2 3 4
end
v 874.308474 -742.574068 2848.293657
v 789.738479 -596.619048 2949.904099
v 935.997933 -493.288906 2886.892776
v 1007.674026 -606.98819 2803.94365
v 874.308474 -742.574068 2848.293657
cstype bspline
deg 1
curv 0 5 16 17 18 19 20
parm u 0 0 1 2 3 4
end
v 714.861348 -433.474771 3019.421727
v 637.601622 -255.194907 3029.414212
v 812.884784 -211.373205 2932.337743
v 868.224673 -357.437092 2928.228418
v 714.861348 -433.474771 3019.421727
cstype bspline
deg 1
curv 0 5 21 22 23 24 25
parm u 0 0 1 2 3 4
end
v 713.435033 -433.463232 3016.278897
v 636.463486 -255.919332 3026.239902
v 811.433079 -212.152685 2929.305508
v 866.555283 -357.626363 2925.215732
v 713.435033 -433.463232 3016.278897
cstype bspline
deg 1
curv 0 5 26 27 28 29 30
parm u 0 0 1 2 3 4
end
v 960.207235 -861.760427 2707.310555
v 869.978394 -739.944402 2842.03808
v 1015.449422 -612.213553 2815.570076
v 1095.589724 -698.5694 2708.759027
v 960.207235 -861.760427 2707.310555
cstype bspline
deg 1
curv 0 5 31 32 33 34 35
parm u 0 0 1 2 3 4
end
v 958.552864 -859.771011 2705.006378
v 868.296823 -738.470929 2839.431126
v 1013.685678 -611.091321 2812.806183
v 1093.937452 -696.904532 2706.25021
v 958.552864 -859.771011 2705.006378
cstype bspline
deg 1
curv 0 5 36 37 38 39 40
parm u 0 0 1 2 3 4
end
v 335.638668 -620.033176 3080.704289
v 184.63485 -705.460724 3051.268122
v 94.152342 -527.728489 3074.213567
v 238.218833 -420.685335 3106.82525
v 335.638668 -620.033176 3080.704289
cstype bspline
deg 1
curv 0 5 41 42 43 44 45
parm u 0 0 1 2 3 4
end
v 335.479077 -619.184687 3077.381589
v 185.042489 -704.207648 3048.062259
v 94.848217 -527.260857 3070.884518
v 238.407724 -420.734992 3103.364016
v 335.479077 -619.184687 3077.381589
cstype bspline
deg 1
curv 0 5 46 47 48 49 50
parm u 0 0 1 2 3 4
end
v 647.89683 -694.880223 2995.823469
v 552.675517 -508.539452 3072.786884
v 715.539407 -433.720072 3021.018536
v 793.476299 -598.432029 2955.550311
v 647.89683 -694.880223 2995.823469
cstype bspline
deg 1
curv 0 5 51 52 53 54 55
parm u 0 0 1 2 3 4
end
v 646.770401 -693.580621 2992.815766
v 551.866404 -508.141792 3069.471585
v 714.108289 -433.705626 3017.863373
v 791.854683 -597.637884 2952.627104
v 646.770401 -693.580621 2992.815766
cstype bspline
deg 1
curv 0 5 56 57 58 59 60
parm u 0 0 1 2 3 4
end
v 424.863367 -807.479237 2994.898913
v 259.726555 -874.096691 2965.01637
v 184.896574 -704.309317 3047.015367
v 335.376946 -621.18458 3084.957044
v 424.863367 -807.479237 2994.898913
cstype bspline
deg 1
curv 0 5 61 62 63 64 65
parm u 0 0 1 2 3 4
end
v 424.36352 -805.779186 2991.946875
v 259.816245 -872.156117 2962.156396
v 185.302973 -703.062388 3043.833106
v 335.21859 -620.329944 3081.610742
v 424.36352 -805.779186 2991.946875
cstype bspline
deg 1
curv 0 5 66 67 68 69 70
parm u 0 0 1 2 3 4
end
v 733.772949 -859.707629 2856.138696
v 645.815021 -693.122205 2991.641822
v 795.558105 -600.190057 2959.731955
v 871.805255 -741.280404 2844.020242
v 733.772949 -859.707629 2856.138696
cstype bspline
deg 1
curv 0 5 71 72 73 74 75
parm u 0 0 1 2 3 4
end
v 732.461278 -857.728238 2853.607007
v 644.702869 -691.834017 2988.664476
v 793.922218 -599.384483 2956.778395
v 870.124748 -739.808625 2841.419358
v 732.461278 -857.728238 2853.607007
cstype bspline
deg 1
curv 0 5 76 77 78 79 80
parm u 0 0 1 2 3 4
end
v 636.802854 -255.804145 3027.619926
v 563.591769 -71.670221 2992.709171
v 773.15246 -63.126409 2898.217095
v 813.683561 -210.763972 2934.132026
v 636.802854 -255.804145 3027.619926
cstype bspline
deg 1
curv 0 5 81 82 83 84 85
parm u 0 0 1 2 3 4
end
v 635.665388 -256.527717 3024.447754
v 562.703843 -72.936883 2989.621334
v 771.92515 -64.390999 2895.255373
v 812.231182 -211.544305 2931.097655
v 635.665388 -256.527717 3024.447754
cstype bspline
deg 1
curv 0 5 86 87 88 89 90
parm u 0 0 1 2 3 4
end
v 837.848646 -619.637798 3035.865797
v 750.782296 -433.557264 3099.264818
v 913.020519 -352.676857 3008.959792
v 980.126049 -504.363907 2959.557541
v 837.848646 -619.637798 3035.865797
cstype bspline
deg 1
curv 0 5 91 92 93 94 95
parm u 0 0 1 2 3 4
end
v 836.216787 -618.84009 3032.920539
v 749.361425 -433.546381 3096.131705
v 911.34569 -352.865477 3005.937387
v 978.351655 -503.901851 2956.646599
v 836.216787 -618.84009 3032.920539
cstype bspline
deg 1
curv 0 5 96 97 98 99 100
parm u 0 0 1 2 3 4
end
v 920.293256 -782.839403 2919.560939
v 833.566195 -618.060741 3029.087503
v 984.408494 -505.940965 2966.335839
v 1055.001745 -637.043163 2878.15293
v 920.293256 -782.839403 2919.560939
cstype bspline
deg 1
curv 0 5 101 102 103 104 105
parm u 0 0 1 2 3 4
end
v 918.595196 -781.354137 2916.929697
v 831.947858 -617.268667 3026.164295
v 982.620584 -505.47327 2963.402846
v 1053.254498 -635.932727 2875.413319
v 918.595196 -781.354137 2916.929697
cstype bspline
deg 1
curv 0 5 106 107 108 109 110
parm u 0 0 1 2 3 4
end
v 1003.387993 -913.666373 2767.42252
v 913.832788 -778.415409 2910.038911
v 1061.46221 -641.467155 2887.674962
v 1138.688263 -742.013063 2774.200286
v 1003.387993 -913.666373 2767.42252
cstype bspline
deg 1
curv 0 5 111 112 113 114 115
parm u 0 0 1 2 3 4
end
v 1001.733558 -911.676922 2765.118237
v 912.151285 -776.941971 2907.432061
v 1059.698403 -640.344888 2884.910962
v 1137.036052 -740.348225 2771.691579
v 1001.733558 -911.676922 2765.118237
cstype bspline
deg 1
curv 0 5 116 117 118 119 120
parm u 0 0 1 2 3 4
end
v 752.056221 -433.740423 3101.401218
v 667.27589 -236.310113 3112.230375
v 850.74958 -191.023626 3011.434666
v 911.746589 -352.493708 3006.823394
v 752.056221 -433.740423 3101.401218
cstype bspline
deg 1
curv 0 5 121 122 123 124 125
parm u 0 0 1 2 3 4
end
v 750.629913 -433.728881 3098.258386
v 666.13775 -237.034549 3109.056066
v 849.297882 -191.803099 3008.402429
v 910.077202 -352.682986 3003.810705
v 750.629913 -433.728881 3098.258386
cstype bspline
deg 1
curv 0 5 126 127 128 129 130
parm u 0 0 1 2 3 4
end
v 1754.369913 -671.134244 2190.573695
v 1769.120398 -815.908476 2040.120283
v 1600.879682 -888.376437 2143.327593
v 1611.637977 -731.289337 2279.3726
v 1754.369913 -671.134244 2190.573695
cstype bspline
deg 1
curv 0 5 131 132 133 134 135
parm u 0 0 1 2 3 4
end
v 1752.171867 -669.381619 2188.567302
v 1767.017665 -813.957982 2038.209798
v 1599.003903 -886.213646 2141.393717
v 1609.642663 -729.313451 2277.376304
v 1752.171867 -669.381619 2188.567302
cstype bspline
deg 1
curv 0 5 136 137 138 139 140
parm u 0 0 1 2 3 4
end
v 553.063998 -508.870012 3073.551651
v 448.535694 -306.512558 3087.701767
v 637.312046 -255.280163 3028.582168
v 715.150925 -433.389509 3020.25377
v 553.063998 -508.870012 3073.551651
cstype bspline
deg 1
curv 0 5 141 142 143 144 145
parm u 0 0 1 2 3 4
end
v 552.248583 -508.469949 3070.219842
v 448.073761 -307.000511 3084.32093
v 636.172417 -256.005106 3025.403679
v 713.726103 -433.377463 3017.11512
v 552.248583 -508.469949 3070.219842
cstype bspline
deg 1
curv 0 5 146 147 148 149 150
parm u 0 0 1 2 3 4
end
v 954.957445 -856.464285 2699.673915
v 810.232091 -990.439771 2679.979646
v 730.350024 -855.747482 2850.484222
v 875.228182 -745.240555 2849.674714
v 954.957445 -856.464285 2699.673915
cstype bspline
deg 1
curv 0 5 151 152 153 154 155
parm u 0 0 1 2 3 4
end
v 953.319363 -854.492553 2697.393609
v 808.846737 -988.05408 2677.877138
v 729.055687 -853.78747 2847.982483
v 873.530331 -743.749394 2847.043885
v 953.319363 -854.492553 2697.393609
cstype bspline
deg 1
curv 0 5 156 157 158 159 160
parm u 0 0 1 2 3 4
end
v 1888.511467 -589.784994 2098.428043
v 1933.533537 -725.546792 1936.331602
v 1771.870841 -818.191245 2042.701114
v 1751.61948 -668.851478 2187.992851
v 1888.511467 -589.784994 2098.428043
cstype bspline
deg 1
curv 0 5 161 162 163 164 165
parm u 0 0 1 2 3 4
end
v 1886.110618 -588.296804 2096.439566
v 1931.18634 -723.851386 1934.463511
v 1769.762964 -816.236257 2040.785755
v 1749.426573 -667.103339 2185.991344
v 1886.110618 -588.296804 2096.439566
cstype bspline
deg 1
curv 0 5 166 167 168 169 170
parm u 0 0 1 2 3 4
end
v 503.578108 -972.534375 2850.172328
v 317.527439 -1026.682176 2831.395057
v 259.781239 -873.883983 2964.206507
v 424.808691 -807.691944 2995.708775
v 503.578108 -972.534375 2850.172328
cstype bspline
deg 1
curv 0 5 171 172 173 174 175
parm u 0 0 1 2 3 4
end
v 502.806273 -970.239438 2847.709854
v 317.309038 -1024.277895 2828.934434
v 259.870732 -871.94452 2961.35072
v 424.309041 -805.990783 2992.75255
v 502.806273 -970.239438 2847.709854
cstype bspline
deg 1
curv 0 5 176 177 178 179 180
parm u 0 0 1 2 3 4
end
v 1196.013193 -761.161531 2600.039639
v 1063.129468 -947.972988 2540.665929
v 954.093271 -855.778721 2698.769373
v 1101.703687 -704.551112 2717.300206
v 1196.013193 -761.161531 2600.039639
cstype bspline
deg 1
curv 0 5 181 182 183 184 185
parm u 0 0 1 2 3 4
end
v 1194.414398 -759.127934 2597.772165
v 1061.552477 -945.690183 2538.598686
v 952.451504 -853.80176 2696.482374
v 1100.038807 -702.873772 2714.774226
v 1194.414398 -759.127934 2597.772165
cstype bspline
deg 1
curv 0 5 186 187 188 189 190
parm u 0 0 1 2 3 4
end
v 2104.383479 -381.141472 1931.382814
v 2211.126366 -488.768439 1726.256962
v 2087.160817 -614.508662 1831.071418
v 2009.138089 -489.547737 2005.63696
v 2104.383479 -381.141472 1931.382814
cstype bspline
deg 1
curv 0 5 191 192 193 194 195
parm u 0 0 1 2 3 4
end
v 2101.614322 -380.341224 1929.476956
v 2208.338883 -487.748381 1724.507541
v 2084.571353 -613.116613 1829.257108
v 2006.547868 -488.375334 2003.691379
v 2101.614322 -380.341224 1929.476956
cstype bspline
deg 1
curv 0 5 196 197 198 199 200
parm u 0 0 1 2 3 4
end
v 93.158659 -527.969539 3081.114947
v -14.85193 -360.024351 3049.85893
v 132.525841 -208.106268 3065.794879
v 239.212519 -420.444275 3099.923871
v 93.158659 -527.969539 3081.114947
cstype bspline
deg 1
curv 0 5 201 202 203 204 205
parm u 0 0 1 2 3 4
end
v 93.858991 -527.499654 3077.75115
v -13.927275 -360.191507 3046.557687
v 132.966412 -208.843408 3062.435232
v 239.396952 -420.496194 3096.497386
v 93.858991 -527.499654 3077.75115
cstype bspline
deg 1
curv 0 5 206 207 208 209 210
parm u 0 0 1 2 3 4
end
v 1811.732059 -716.857757 2242.909031
v 1823.965285 -866.774818 2089.965233
v 1649.821904 -944.767913 2193.773533
v 1663.703571 -782.829504 2331.454974
v 1811.732059 -716.857757 2242.909031
cstype bspline
deg 1
curv 0 5 211 212 213 214 215
parm u 0 0 1 2 3 4
end
v 1809.534014 -715.105113 2240.902644
v 1821.86255 -864.824327 2088.054881
v 1647.94612 -942.605119 2191.839653
v 1661.708254 -780.853625 2329.458687
v 1809.534014 -715.105113 2240.902644
cstype bspline
deg 1
curv 0 5 216 217 218 219 220
parm u 0 0 1 2 3 4
end
v 2011.150496 -490.499205 2007.171237
v 2085.148418 -613.557189 1829.537133
v 1935.894636 -727.073427 1938.329561
v 1886.150368 -588.258361 2096.430082
v 2011.150496 -490.499205 2007.171237
cstype bspline
deg 1
curv 0 5 221 222 223 224 225
parm u 0 0 1 2 3 4
end
v 2008.553275 -489.323383 2005.220356
v 2082.565947 -612.168554 1827.728135
v 1933.541552 -725.374172 1936.456561
v 1883.755403 -586.774022 2094.446515
v 2008.553275 -489.323383 2005.220356
cstype bspline
deg 1
curv 0 5 226 227 228 229 230
parm u 0 0 1 2 3 4
end
v 1412.020476 -942.267449 2253.725922
v 1465.629993 -774.079966 2378.228422
v 1614.393528 -734.083851 2282.211274
v 1598.124134 -885.581919 2140.488921
v 1412.020476 -942.267449 2253.725922
cstype bspline
deg 1
curv 0 5 231 232 233 234 235
parm u 0 0 1 2 3 4
end
v 1410.323448 -939.954878 2251.801417
v 1463.815312 -771.939405 2376.226657
v 1612.393755 -732.103317 2280.210356
v 1596.25281 -883.423781 2138.559666
v 1410.323448 -939.954878 2251.801417
cstype bspline
deg 1
curv 0 5 236 237 238 239 240
parm u 0 0 1 2 3 4
end
v 1336.733132 1351.84228 743.553665
v 1390.530618 1410.282968 533.68406
v 1561.113997 1315.691888 662.634963
v 1537.059913 1263.345465 830.88036
v 1336.733132 1351.84228 743.553665
cstype bspline
deg 1
curv 0 5 241 242 243 244 245
parm u 0 0 1 2 3 4
end
v 1335.873587 1348.714779 742.375555
v 1389.622585 1407.15461 532.550099
v 1560.068902 1312.58392 661.561161
v 1536.08743 1260.240546 829.737541
v 1335.873587 1348.714779 742.375555
cstype bspline
deg 1
curv 0 5 246 247 248 249 250
parm u 0 0 1 2 3 4
end
v 666.457422 -236.942149 3110.376234
v 586.755548 -38.643536 3073.262192
v 805.178125 -30.129646 2975.478772
v 851.568051 -190.39159 3013.288804
v 666.457422 -236.942149 3110.376234
cstype bspline
deg 1
curv 0 5 251 252 253 254 255
parm u 0 0 1 2 3 4
end
v 665.319968 -237.665712 3107.204088
v 585.867619 -39.910209 3070.174326
v 803.950824 -31.394229 2972.517078
v 850.115664 -191.171932 3010.254406
v 665.319968 -237.665712 3107.204088
cstype bspline
deg 1
curv 0 5 256 257 258 259 260
parm u 0 0 1 2 3 4
end
v 2191.06852 -126.101894 1835.870639
v 2338.386642 -166.175206 1610.405969
v 2305.611487 -337.808926 1649.52677
v 2161.712809 -259.388095 1872.159883
v 2191.06852 -126.101894 1835.870639
cstype bspline
deg 1
curv 0 5 261 262 263 264 265
parm u 0 0 1 2 3 4
end
v 2188.200042 -126.326079 1833.951941
v 2335.411366 -166.18735 1608.676967
v 2302.664888 -337.257724 1647.802036
v 2158.848868 -259.070162 1870.277428
v 2188.200042 -126.326079 1833.951941
cstype bspline
deg 1
curv 0 5 266 267 268 269 270
parm u 0 0 1 2 3 4
end
v 2165.573883 -259.820353 1874.729628
v 2301.750418 -337.376671 1646.957017
v 2213.593414 -489.466837 1727.963393
v 2101.916435 -380.443075 1929.676376
v 2165.573883 -259.820353 1874.729628
cstype bspline
deg 1
curv 0 5 271 272 273 274 275
parm u 0 0 1 2 3 4
end
v 2162.697201 -259.500673 1872.838818
v 2298.81656 -336.827206 1645.240641
v 2210.796811 -488.44404 1726.207711
v 2099.156397 -379.645567 1927.776783
v 2162.697201 -259.500673 1872.838818
cstype bspline
deg 1
curv 0 5 276 277 278 279 280
parm u 0 0 1 2 3 4
end
v 2274.586976 196.114252 1598.667062
v 2335.583026 20.784429 1594.720394
v 2172.202214 15.666983 1810.531072
v 2128.73537 158.618414 1805.558283
v 2274.586976 196.114252 1598.667062
cstype bspline
deg 1
curv 0 5 281 282 283 284 285
parm u 0 0 1 2 3 4
end
v 2271.897706 195.096508 1596.77378
v 2332.682458 20.229914 1592.921646
v 2169.475829 14.942204 1808.558943
v 2126.219564 157.483815 1803.473655
v 2271.897706 195.096508 1596.77378
cstype bspline
deg 1
curv 0 5 286 287 288 289 290
parm u 0 0 1 2 3 4
end
v 1237.732193 -814.214043 2659.192176
v 1104.26203 -1007.514223 2594.60104
v 996.937275 -907.352719 2758.422395
v 1145.138984 -748.32672 2783.200408
v 1237.732193 -814.214043 2659.192176
cstype bspline
deg 1
curv 0 5 291 292 293 294 295
parm u 0 0 1 2 3 4
end
v 1236.13344 -812.180484 2656.924754
v 1102.685 -1005.231382 2592.533742
v 995.295546 -905.375794 2756.135451
v 1143.474063 -746.649345 2780.674371
v 1236.13344 -812.180484 2656.924754
cstype bspline
deg 1
curv 0 5 296 297 298 299 300
parm u 0 0 1 2 3 4
end
v 1951.141456 -628.598386 2150.310434
v 1994.772682 -769.764652 1985.052121
v 1826.8563 -869.178469 2092.678106
v 1808.841045 -714.454106 2240.196158
v 1951.141456 -628.598386 2150.310434
cstype bspline
deg 1
curv 0 5 301 302 303 304 305
parm u 0 0 1 2 3 4
end
v 1948.740576 -627.110181 2148.321932
v 1992.425522 -768.069268 1983.184043
v 1824.748392 -867.22346 2090.762848
v 1806.648172 -712.705987 2238.19467
v 1948.740576 -627.110181 2148.321932
cstype bspline
deg 1
curv 0 5 306 307 308 309 310
parm u 0 0 1 2 3 4
end
v 1359.141449 1433.434354 774.288079
v 1414.241446 1491.884252 563.263553
v 1588.360201 1396.787869 690.649101
v 1562.40942 1344.368624 860.690619
v 1359.141449 1433.434354 774.288079
cstype bspline
deg 1
curv 0 5 311 312 313 314 315
parm u 0 0 1 2 3 4
end
v 1358.281905 1430.306859 773.109971
v 1413.333414 1488.755886 562.129589
v 1587.315106 1393.679906 689.575304
v 1561.436928 1341.263701 859.547797
v 1358.281905 1430.306859 773.109971
cstype bspline
deg 1
curv 0 5 316 317 318 319 320
parm u 0 0 1 2 3 4
end
v 2177.263372 16.908238 1814.217602
v 2330.521862 19.543182 1591.033869
v 2343.13642 -165.902309 1613.611033
v 2186.318739 -126.374791 1832.665581
v 2177.263372 16.908238 1814.217602
cstype bspline
deg 1
curv 0 5 321 322 323 324 325
parm u 0 0 1 2 3 4
end
v 2174.52382 16.180803 1812.236251
v 2327.634461 18.991319 1589.244345
v 2340.146871 -165.914904 1611.872598
v 2183.464544 -126.598524 1830.756301
v 2174.52382 16.180803 1812.236251
cstype bspline
deg 1
curv 0 5 326 327 328 329 330
parm u 0 0 1 2 3 4
end
v 1456.297117 -1002.558038 2303.927953
v 1512.958824 -829.914376 2430.444848
v 1666.570549 -785.741637 2334.409643
v 1646.954921 -941.855779 2190.818871
v 1456.297117 -1002.558038 2303.927953
cstype bspline
deg 1
curv 0 5 331 332 333 334 335
parm u 0 0 1 2 3 4
end
v 1454.600068 -1000.245458 2302.003437
v 1511.144154 -827.773825 2428.443099
v 1664.570773 -783.761087 2332.408705
v 1645.083612 -939.697653 2188.889628
v 1454.600068 -1000.245458 2302.003437
cstype bspline
deg 1
curv 0 5 336 337 338 339 340
parm u 0 0 1 2 3 4
end
v 2183.592457 375.371439 1605.906101
v 2279.249417 198.042872 1602.480134
v 2124.072928 156.6898 1801.745209
v 2049.87833 296.703023 1802.947414
v 2183.592457 375.371439 1605.906101
cstype bspline
deg 1
curv 0 5 341 342 343 344 345
parm u 0 0 1 2 3 4
end
v 2181.188832 373.926467 1603.909478
v 2276.549532 197.021045 1600.578558
v 2121.567737 155.55928 1799.668877
v 2047.641328 295.233936 1800.760199
v 2181.188832 373.926467 1603.909478
cstype bspline
deg 1
curv 0 5 346 347 348 349 350
parm u 0 0 1 2 3 4
end
v 1059.32346 -943.468496 2535.574584
v 1199.819202 -765.666025 2605.130981
v 1318.544156 -788.618891 2490.00525
v 1211.864122 -975.882821 2384.722535
v 1059.32346 -943.468496 2535.574584
cstype bspline
deg 1
curv 0 5 351 352 353 354 355
parm u 0 0 1 2 3 4
end
v 1057.752576 -941.19298 2533.515298
v 1198.214305 -763.625131 2602.855553
v 1316.87563 -786.442978 2487.918126
v 1210.2729 -973.51185 2382.77938
v 1057.752576 -941.19298 2533.515298
cstype bspline
deg 1
curv 0 5 356 357 358 359 360
parm u 0 0 1 2 3 4
end
v -1617.957326 -1571.45861 1547.627475
v -1481.937128 -1695.961063 1563.207486
v -1577.508112 -1736.27306 1349.885162
v -1735.099232 -1590.547006 1334.176967
v -1617.957326 -1571.45861 1547.627475
cstype bspline
deg 1
curv 0 5 361 362 363 364 365
parm u 0 0 1 2 3 4
end
v -1615.665119 -1569.506186 1545.954355
v -1480.061364 -1693.585364 1561.544055
v -1575.440507 -1733.826504 1348.61585
v -1732.582845 -1588.5756 1332.868156
v -1615.665119 -1569.506186 1545.954355
cstype bspline
deg 1
curv 0 5 366 367 368 369 370
parm u 0 0 1 2 3 4
end
v 339.785714 -642.164306 3167.384997
v 173.966323 -738.188969 3134.900159
v 76.025951 -539.939695 3161.061755
v 233.28468 -419.353024 3197.119886
v 339.785714 -642.164306 3167.384997
cstype bspline
deg 1
curv 0 5 371 372 373 374 375
parm u 0 0 1 2 3 4
end
v 339.626137 -641.315828 3164.062332
v 174.373941 -736.935879 3131.69426
v 76.721839 -539.472082 3157.732741
v 233.473552 -419.402676 3193.658615
v 339.626137 -641.315828 3164.062332
cstype bspline
deg 1
curv 0 5 376 377 378 379 380
parm u 0 0 1 2 3 4
end
v 774.165858 -62.130668 2900.611711
v 562.578359 -72.665957 2990.314558
v 504.140479 115.465033 2916.044081
v 756.60961 84.046926 2831.815538
v 774.165858 -62.130668 2900.611711
cstype bspline
deg 1
curv 0 5 381 382 383 384 385
parm u 0 0 1 2 3 4
end
v 772.937204 -63.39653 2897.646323
v 561.691786 -73.931355 2987.230388
v 503.337584 113.876911 2913.087975
v 755.473038 82.428019 2828.989665
v 772.937204 -63.39653 2897.646323
cstype bspline
deg 1
curv 0 5 386 387 388 389 390
parm u 0 0 1 2 3 4
end
v 767.993941 -911.332596 2922.188031
v 674.810825 -726.710127 3069.308553
v 838.224409 -621.191972 3036.784222
v 915.635044 -779.708173 2911.864218
v 767.993941 -911.332596 2922.188031
cstype bspline
deg 1
curv 0 5 391 392 393 394 395
parm u 0 0 1 2 3 4
end
v 766.682284 -909.353204 2919.656277
v 673.698663 -725.421941 3066.331269
v 836.588534 -620.38641 3033.830592
v 913.95452 -778.236396 2909.263398
v 766.682284 -909.353204 2919.656277
cstype bspline
deg 1
curv 0 5 396 397 398 399 400
parm u 0 0 1 2 3 4
end
v 2176.604965 -401.996238 1981.107535
v 2283.828715 -515.390233 1771.886966
v 2154.706528 -650.84194 1878.409172
v 2076.697852 -520.161718 2056.384651
v 2176.604965 -401.996238 1981.107535
cstype bspline
deg 1
curv 0 5 401 402 403 404 405
parm u 0 0 1 2 3 4
end
v 2173.835792 -401.195972 1979.201667
v 2281.041246 -514.370186 1770.137564
v 2152.117039 -649.449882 1876.594858
v 2074.10765 -518.989328 2054.439203
v 2173.835792 -401.195972 1979.201667
cstype bspline
deg 1
curv 0 5 406 407 408 409 410
parm u 0 0 1 2 3 4
end
v 437.91382 -851.812256 3071.902881
v 257.410482 -924.72461 3039.622753
v 174.259527 -736.876707 3130.0313
v 339.492514 -643.476565 3172.253855
v 437.91382 -851.812256 3071.902881
cstype bspline
deg 1
curv 0 5 411 412 413 414 415
parm u 0 0 1 2 3 4
end
v 437.413977 -850.112155 3068.950755
v 257.500166 -922.784094 3036.762863
v 174.665924 -735.629729 3126.84895
v 339.334154 -642.62198 3168.907641
v 437.413977 -850.112155 3068.950755
cstype bspline
deg 1
curv 0 5 416 417 418 419 420
parm u 0 0 1 2 3 4
end
v 2078.893432 -521.201173 2058.056875
v 2152.51094 -649.802489 1876.736957
v 1997.291865 -771.396489 1987.182854
v 1948.622277 -626.966551 2148.179696
v 2078.893432 -521.201173 2058.056875
cstype bspline
deg 1
curv 0 5 421 422 423 424 425
parm u 0 0 1 2 3 4
end
v 2076.296171 -520.025332 2056.10609
v 2149.92852 -648.413876 1874.927967
v 1994.93875 -769.697206 1985.309825
v 1946.227349 -625.482235 2146.196155
v 2076.296171 -520.025332 2056.10609
cstype bspline
deg 1
curv 0 5 426 427 428 429 430
parm u 0 0 1 2 3 4
end
v 997.711546 -907.908465 2759.159265
v 846.364704 -1052.673324 2734.823401
v 764.11975 -906.867448 2915.750086
v 919.509239 -784.173322 2918.30216
v 997.711546 -907.908465 2759.159265
cstype bspline
deg 1
curv 0 5 431 432 433 434 435
parm u 0 0 1 2 3 4
end
v 996.073401 -905.936671 2756.878931
v 844.979411 -1050.287683 2732.720934
v 762.825353 -904.907379 2913.248312
v 917.811444 -782.682221 2915.671367
v 996.073401 -905.936671 2756.878931
cstype bspline
deg 1
curv 0 5 436 437 438 439 440
parm u 0 0 1 2 3 4
end
v 677.267005 -728.768366 3074.2893
v 573.764321 -518.911074 3159.271982
v 752.862707 -434.061342 3103.327141
v 835.768233 -619.133731 3031.803473
v 677.267005 -728.768366 3074.2893
cstype bspline
deg 1
curv 0 5 441 442 443 444 445
parm u 0 0 1 2 3 4
end
v 676.140578 -727.468745 3071.281521
v 572.955198 -518.513437 3155.956763
v 751.431596 -434.046873 3100.171901
v 834.14661 -618.339605 3028.880345
v 676.140578 -727.468745 3071.281521
cstype bspline
deg 1
curv 0 5 446 447 448 449 450
parm u 0 0 1 2 3 4
end
v -1480.359054 -1694.464448 1562.301163
v -1353.408445 -1600.724756 1791.81322
v -1225.13445 -1686.161708 1788.103901
v -1313.513907 -1797.191559 1568.462632
v -1480.359054 -1694.464448 1562.301163
cstype bspline
deg 1
curv 0 5 451 452 453 454 455
parm u 0 0 1 2 3 4
end
v -1478.485777 -1692.09105 1560.639292
v -1351.656719 -1598.426284 1789.928578
v -1223.743595 -1683.60472 1786.250862
v -1312.064927 -1794.529797 1566.816273
v -1478.485777 -1692.09105 1560.639292
cstype bspline
deg 1
curv 0 5 456 457 458 459 460
parm u 0 0 1 2 3 4
end
v 637.88758 -254.601256 3031.208856
v 447.960155 -307.191465 3085.07508
v 338.498908 -97.505553 3040.93786
v 562.50703 -72.87311 2989.120247
v 637.88758 -254.601256 3031.208856
cstype bspline
deg 1
curv 0 5 461 462 463 464 465
parm u 0 0 1 2 3 4
end
v 636.748266 -255.32664 3028.030319
v 447.497911 -307.67897 3081.694289
v 338.30491 -98.617659 3037.674363
v 561.620957 -74.137952 2986.03877
v 636.748266 -255.32664 3028.030319
cstype bspline
deg 1
curv 0 5 466 467 468 469 470
parm u 0 0 1 2 3 4
end
v 259.934128 -872.653243 2962.335499
v 17.667513 -950.864083 2875.797073
v -39.026807 -832.967697 2936.925587
v 184.689 -705.752761 3049.696239
v 259.934128 -872.653243 2962.335499
cstype bspline
deg 1
curv 0 5 471 472 473 474 475
parm u 0 0 1 2 3 4
end
v 260.023457 -870.717815 2959.485945
v 18.029357 -948.858116 2873.008437
v -38.425758 -831.471721 2933.880477
v 185.095764 -704.500691 3046.503556
v 260.023457 -870.717815 2959.485945
cstype bspline
deg 1
curv 0 5 476 477 478 479 480
parm u 0 0 1 2 3 4
end
v 1019.744644 1053.760586 1769.821843
v 1168.866771 872.571686 1971.861389
v 1257.885265 891.561365 1892.727854
v 1175.49763 1070.893952 1656.643736
v 1019.744644 1053.760586 1769.821843
cstype bspline
deg 1
curv 0 5 481 482 483 484 485
parm u 0 0 1 2 3 4
end
v 1020.905045 1056.532668 1771.516338
v 1169.856759 875.319137 1973.697897
v 1258.789807 894.374467 1894.509745
v 1176.446603 1073.760546 1658.309465
v 1020.905045 1056.532668 1771.516338
cstype bspline
deg 1
curv 0 5 486 487 488 489 490
parm u 0 0 1 2 3 4
end
v 317.989451 -1028.703051 2833.286713
v 503.116098 -970.5135 2848.280671
v 571.97188 -1111.220631 2665.264981
v 354.315318 -1162.837718 2667.148835
v 317.989451 -1028.703051 2833.286713
cstype bspline
deg 1
curv 0 5 491 492 493 494 495
parm u 0 0 1 2 3 4
end
v 317.769355 -1026.291273 2830.818605
v 502.345965 -968.226063 2845.825678
v 571.011545 -1108.605723 2663.217046
v 353.828383 -1160.183095 2665.01391
v 317.769355 -1026.291273 2830.818605
cstype bspline
deg 1
curv 0 5 496 497 498 499 500
parm u 0 0 1 2 3 4
end
v -1457.999459 -1499.236683 1800.823217
v -1354.353979 -1601.839244 1792.771018
v -1479.413528 -1693.349965 1561.34335
v -1620.480924 -1574.069712 1549.491608
v -1457.999459 -1499.236683 1800.823217
cstype bspline
deg 1
curv 0 5 501 502 503 504 505
parm u 0 0 1 2 3 4
end
v -1455.871819 -1497.308305 1798.914794
v -1352.600754 -1599.539106 1790.885013
v -1477.541742 -1690.978228 1559.682857
v -1618.184737 -1572.113325 1547.815556
v -1455.871819 -1497.308305 1798.914794
cstype bspline
deg 1
curv 0 5 506 507 508 509 510
parm u 0 0 1 2 3 4
end
v 1100.28996 -1002.810473 2589.293039
v 1241.704266 -818.9178 2664.500168
v 1362.116141 -845.388595 2544.446844
v 1253.368321 -1037.702955 2435.423027
v 1100.28996 -1002.810473 2589.293039
cstype bspline
deg 1
curv 0 5 511 512 513 514 515
parm u 0 0 1 2 3 4
end
v 1098.719093 -1000.534982 2587.233778
v 1240.099341 -816.876882 2662.224724
v 1360.447599 -843.212717 2542.359762
v 1251.777084 -1035.331961 2433.479843
v 1098.719093 -1000.534982 2587.233778
cstype bspline
deg 1
curv 0 5 516 517 518 519 520
parm u 0 0 1 2 3 4
end
v 989.435345 981.439545 1725.623119
v 1143.021766 800.920073 1923.948785
v 1234.28496 818.179775 1846.244217
v 1150.76786 996.076325 1613.187795
v 989.435345 981.439545 1725.623119
cstype bspline
deg 1
curv 0 5 521 522 523 524 525
parm u 0 0 1 2 3 4
end
v 990.595741 984.211623 1727.317613
v 1144.011756 803.66753 1925.785293
v 1235.189494 820.992874 1848.026106
v 1151.716834 998.94292 1614.853532
v 990.595741 984.211623 1727.317613
cstype bspline
deg 1
curv 0 5 526 527 528 529 530
parm u 0 0 1 2 3 4
end
v -1731.432636 -1587.536971 1332.016256
v -1851.608293 -1414.703024 1315.378397
v -1720.959983 -1421.673684 1547.801658
v -1621.623921 -1574.468642 1549.788191
v -1731.432636 -1587.536971 1332.016256
cstype bspline
deg 1
curv 0 5 531 532 533 534 535
parm u 0 0 1 2 3 4
end
v -1728.921969 -1585.570174 1330.711038
v -1848.755679 -1413.331931 1313.991476
v -1718.31064 -1420.296738 1546.081766
v -1619.325993 -1572.511612 1548.111476
v -1728.921969 -1585.570174 1330.711038
cstype bspline
deg 1
curv 0 5 536 537 538 539 540
parm u 0 0 1 2 3 4
end
v 100.890238 2698.680552 1370.87882
v 193.533672 2531.989614 1367.554407
v 117.806259 2410.10828 1622.594028
v 48.115701 2523.122427 1637.194303
v 100.890238 2698.680552 1370.87882
cstype bspline
deg 1
curv 0 5 541 542 543 544 545
parm u 0 0 1 2 3 4
end
v 98.40768 2696.711235 1369.500067
v 190.637324 2530.650333 1366.258726
v 114.925255 2408.910462 1621.108219
v 45.600217 2521.376896 1635.617853
v 98.40768 2696.711235 1369.500067
cstype bspline
deg 1
curv 0 5 546 547 548 549 550
parm u 0 0 1 2 3 4
end
v 2344.7245 222.658905 1648.051338
v 2411.250198 35.269078 1641.648238
v 2243.326058 34.578828 1861.972974
v 2194.341993 188.20267 1859.944627
v 2344.7245 222.658905 1648.051338
cstype bspline
deg 1
curv 0 5 551 552 553 554 555
parm u 0 0 1 2 3 4
end
v 2342.035264 221.641185 1646.158105
v 2408.349578 34.714529 1639.84947
v 2240.59972 33.854077 1860.000875
v 2191.826145 187.068046 1857.859961
v 2342.035264 221.641185 1646.158105
cstype bspline
deg 1
curv 0 5 556 557 558 559 560
parm u 0 0 1 2 3 4
end
v 400.006044 2549.754451 579.142591
v 384.790908 2513.710646 755.793509
v 272.750182 2747.791564 723.686969
v 287.917868 2790.093447 530.587205
v 400.006044 2549.754451 579.142591
cstype bspline
deg 1
curv 0 5 561 562 563 564 565
parm u 0 0 1 2 3 4
end
v 396.916665 2548.352368 578.522592
v 381.677171 2512.388104 755.10979
v 269.850256 2746.043779 723.031934
v 284.999436 2788.350997 529.994618
v 396.916665 2548.352368 578.522592
cstype bspline
deg 1
curv 0 5 566 567 568 569 570
parm u 0 0 1 2 3 4
end
v 1211.165264 -974.968065 2383.784856
v 1319.243016 -789.533645 2490.942928
v 1467.255109 -775.948531 2380.02021
v 1410.395357 -940.398883 2251.934138
v 1211.165264 -974.968065 2383.784856
cstype bspline
deg 1
curv 0 5 571 572 573 574 575
parm u 0 0 1 2 3 4
end
v 1209.575088 -972.598466 2381.843034
v 1317.573436 -787.356365 2488.854475
v 1465.438366 -773.805498 2378.016131
v 1408.700389 -938.088787 2250.011946
v 1209.575088 -972.598466 2381.843034
cstype bspline
deg 1
curv 0 5 576 577 578 579 580
parm u 0 0 1 2 3 4
end
v 751.71514 2042.943609 344.930522
v 675.568145 2144.074212 481.015618
v 635.834279 2068.916266 716.705583
v 710.919707 1920.943353 644.63189
v 751.71514 2042.943609 344.930522
cstype bspline
deg 1
curv 0 5 581 582 583 584 585
parm u 0 0 1 2 3 4
end
v 754.750014 2044.287236 345.86656
v 678.720773 2145.171991 481.888626
v 638.990246 2069.959113 717.628466
v 713.910222 1922.34387 645.63131
v 754.750014 2044.287236 345.86656
cstype bspline
deg 1
curv 0 5 586 587 588 589 590
parm u 0 0 1 2 3 4
end
v -920.701725 -1937.881439 1566.279682
v -910.292333 -1811.262846 1790.202131
v -741.369699 -1835.61972 1800.385272
v -721.74936 -1968.208161 1575.41502
v -920.701725 -1937.881439 1566.279682
cstype bspline
deg 1
curv 0 5 591 592 593 594 595
parm u 0 0 1 2 3 4
end
v -920.041969 -1934.883831 1564.70827
v -909.561466 -1808.365927 1788.470923
v -740.96384 -1832.627974 1798.722183
v -721.446238 -1965.129595 1573.878522
v -920.041969 -1934.883831 1564.70827
cstype bspline
deg 1
curv 0 5 596 597 598 599 600
parm u 0 0 1 2 3 4
end
v 1537.65739 1265.181626 831.515169
v 1560.516518 1313.855731 662.000145
v 1800.889816 1190.740217 761.518227
v 1788.192298 1139.199479 928.310271
v 1537.65739 1265.181626 831.515169
cstype bspline
deg 1
curv 0 5 601 602 603 604 605
parm u 0 0 1 2 3 4
end
v 1536.684112 1262.074517 830.371603
v 1559.472217 1310.749947 660.927104
v 1799.500523 1187.744437 760.512534
v 1786.856981 1136.218698 927.204816
v 1536.684112 1262.074517 830.371603
cstype bspline
deg 1
curv 0 5 606 607 608 609 610
parm u 0 0 1 2 3 4
end
v 2240.600583 -268.164858 1924.053049
v 2378.292081 -351.698175 1691.731004
v 2286.540037 -516.162908 1773.761541
v 2173.89364 -401.223567 1979.232963
v 2240.600583 -268.164858 1924.053049
cstype bspline
deg 1
curv 0 5 611 612 613 614 615
parm u 0 0 1 2 3 4
end
v 2237.723845 -267.845175 1922.162207
v 2375.358273 -351.148723 1690.014664
v 2283.743374 -515.140102 1772.005837
v 2171.133657 -400.426068 1977.3334
v 2237.723845 -267.845175 1922.162207
cstype bspline
deg 1
curv 0 5 616 617 618 619 620
parm u 0 0 1 2 3 4
end
v -1122.624606 -1881.911031 1565.313427
v -1068.793281 -1760.483257 1787.623337
v -909.573824 -1808.155173 1788.358836
v -921.420237 -1940.989113 1568.122974
v -1122.624606 -1881.911031 1565.313427
cstype bspline
deg 1
curv 0 5 621 622 623 624 625
parm u 0 0 1 2 3 4
end
v -1121.582175 -1879.047595 1563.70109
v -1067.738057 -1757.731458 1785.824543
v -908.843885 -1805.262438 1786.630049
v -920.759536 -1937.987318 1566.549154
v -1121.582175 -1879.047595 1563.70109
cstype bspline
deg 1
curv 0 5 626 627 628 629 630
parm u 0 0 1 2 3 4
end
v -1479.272975 -1692.832807 1561.348253
v -1314.599985 -1798.8232 1569.415542
v -1386.3472 -1864.367959 1360.849352
v -1580.172254 -1739.401322 1351.744402
v -1479.272975 -1692.832807 1561.348253
cstype bspline
deg 1
curv 0 5 631 632 633 634 635
parm u 0 0 1 2 3 4
end
v -1477.401468 -1690.461997 1559.687894
v -1313.149224 -1796.158855 1567.767673
v -1384.758896 -1861.581135 1359.587428
v -1578.100395 -1736.949874 1350.472013
v -1477.401468 -1690.461997 1559.687894
cstype bspline
deg 1
curv 0 5 636 637 638 639 640
parm u 0 0 1 2 3 4
end
v 271.504298 1946.367616 1717.556185
v 268.816097 1808.888486 1792.99545
v 412.756251 1758.86762 1545.346222
v 405.050465 1939.324034 1467.650005
v 271.504298 1946.367616 1717.556185
cstype bspline
deg 1
curv 0 5 641 642 643 644 645
parm u 0 0 1 2 3 4
end
v 274.545144 1947.003028 1719.063591
v 271.714703 1809.694479 1794.679089
v 415.654518 1759.975684 1546.858148
v 408.111185 1940.087058 1469.03981
v 274.545144 1947.003028 1719.063591
cstype bspline
deg 1
curv 0 5 646 647 648 649 650
parm u 0 0 1 2 3 4
end
v 1151.183531 997.467377 1613.912273
v 1322.754053 978.142247 1559.202343
v 1368.247983 810.754482 1801.620289
v 1235.722803 822.468414 1848.967366
v 1151.183531 997.467377 1613.912273
cstype bspline
deg 1
curv 0 5 651 652 653 654 655
parm u 0 0 1 2 3 4
end
v 1150.234233 994.599928 1612.245981
v 1321.90257 975.259691 1557.510367
v 1367.288918 807.961255 1799.835463
v 1234.818584 819.656172 1847.186032
v 1150.234233 994.599928 1612.245981
cstype bspline
deg 1
curv 0 5 656 657 658 659 660
parm u 0 0 1 2 3 4
end
v 2265.902471 -120.282933 1885.923969
v 2416.013619 -165.867211 1655.513298
v 2382.4806 -352.175513 1694.516004
v 2236.412063 -267.687526 1921.268049
v 2265.902471 -120.282933 1885.923969
cstype bspline
deg 1
curv 0 5 661 662 663 664 665
parm u 0 0 1 2 3 4
end
v 2263.033925 -120.50712 1884.005226
v 2413.038422 -165.879354 1653.784325
v 2379.533922 -351.624313 1692.791241
v 2233.548187 -267.369588 1919.385646
v 2263.033925 -120.50712 1884.005226
cstype bspline
deg 1
curv 0 5 666 667 668 669 670
parm u 0 0 1 2 3 4
end
v 2047.041946 295.024739 1800.29523
v 1939.368285 435.032143 1801.08576
v 2053.512648 546.88998 1611.700012
v 2186.428838 377.049722 1608.558288
v 2047.041946 295.024739 1800.29523
cstype bspline
deg 1
curv 0 5 671 672 673 674 675
parm u 0 0 1 2 3 4
end
v 2044.811656 293.559532 1798.114023
v 1937.432562 433.251253 1798.848389
v 2051.471811 545.026336 1609.640509
v 2184.018505 375.600863 1606.555657
v 2044.811656 293.559532 1798.114023
cstype bspline
deg 1
curv 0 5 676 677 678 679 680
parm u 0 0 1 2 3 4
end
v 231.995547 2617.79109 1148.704648
v 198.401021 2534.898608 1369.815243
v 96.022894 2695.771559 1368.617971
v 115.719381 2807.275555 1136.288275
v 231.995547 2617.79109 1148.704648
cstype bspline
deg 1
curv 0 5 681 682 683 684 685
parm u 0 0 1 2 3 4
end
v 229.084954 2616.237473 1147.728602
v 195.493251 2533.551838 1368.514195
v 93.551753 2693.809738 1367.244589
v 113.270596 2805.059648 1135.257604
v 229.084954 2616.237473 1147.728602
cstype bspline
deg 1
curv 0 5 686 687 688 689 690
parm u 0 0 1 2 3 4
end
v 523.725847 -1032.389581 2914.407609
v 323.252748 -1089.381661 2895.59068
v 257.469984 -924.48138 3038.700821
v 437.854313 -852.055485 3072.824813
v 523.725847 -1032.389581 2914.407609
cstype bspline
deg 1
curv 0 5 691 692 693 694 695
parm u 0 0 1 2 3 4
end
v 522.953993 -1030.094556 2911.945013
v 323.034365 -1086.977465 2893.130183
v 257.559464 -922.541824 3035.844913
v 437.35468 -850.354416 3069.86871
v 522.953993 -1030.094556 2911.945013
cstype bspline
deg 1
curv 0 5 696 697 698 699 700
parm u 0 0 1 2 3 4
end
v 769.897211 218.398058 2741.339928
v 756.286467 83.510391 2831.090735
v 504.463621 116.001571 2916.768883
v 511.266935 283.252579 2809.721106
v 769.897211 218.398058 2741.339928
cstype bspline
deg 1
curv 0 5 701 702 703 704 705
parm u 0 0 1 2 3 4
end
v 768.674848 216.557638 2738.683111
v 755.151403 81.893776 2828.268552
v 503.659224 114.411157 2913.809085
v 510.303748 281.477761 2806.930416
v 768.674848 216.557638 2738.683111
cstype bspline
deg 1
curv 0 5 706 707 708 709 710
parm u 0 0 1 2 3 4
end
v 856.231143 457.564154 2494.054083
v 804.761121 339.89117 2623.178831
v 577.211613 437.118838 2681.534065
v 649.610733 572.705627 2524.750603
v 856.231143 457.564154 2494.054083
cstype bspline
deg 1
curv 0 5 711 712 713 714 715
parm u 0 0 1 2 3 4
end
v 854.694811 455.486312 2491.764684
v 803.367777 337.929947 2620.709923
v 575.978015 435.199203 2678.941441
v 648.152931 570.617446 2522.428919
v 854.694811 455.486312 2491.764684
cstype bspline
deg 1
curv 0 5 716 717 718 719 720
parm u 0 0 1 2 3 4
end
v 912.196103 562.851618 2348.129806
v 855.813741 457.008001 2493.263996
v 650.028139 573.261774 2525.540692
v 723.292259 698.724795 2348.89974
v 912.196103 562.851618 2348.129806
cstype bspline
deg 1
curv 0 5 721 722 723 724 725
parm u 0 0 1 2 3 4
end
v 910.649537 560.617698 2346.003309
v 854.27828 454.931376 2490.976182
v 648.569465 571.172382 2523.217419
v 721.719685 696.437232 2346.851187
v 910.649537 560.617698 2346.003309
cstype bspline
deg 1
curv 0 5 726 727 728 729 730
parm u 0 0 1 2 3 4
end
v 1175.920767 1072.304699 1657.381031
v 1344.962127 1053.351795 1603.340162
v 1393.311396 883.595718 1848.183393
v 1259.315641 895.830307 1895.43819
v 1175.920767 1072.304699 1657.381031
cstype bspline
deg 1
curv 0 5 731 732 733 734 735
parm u 0 0 1 2 3 4
end
v 1174.971467 1069.437251 1655.714727
v 1344.110643 1050.469244 1601.64819
v 1392.352329 880.802488 1846.39856
v 1258.411426 893.01807 1893.656859
v 1174.971467 1069.437251 1655.714727
cstype bspline
deg 1
curv 0 5 736 737 738 739 740
parm u 0 0 1 2 3 4
end
v 2246.318247 413.087245 1657.991723
v 2349.670122 224.6962 1652.085909
v 2189.396367 186.165379 1855.910058
v 2108.230672 335.037992 1860.004854
v 2246.318247 413.087245 1657.991723
cstype bspline
deg 1
curv 0 5 741 742 743 744 745
parm u 0 0 1 2 3 4
end
v 2243.914646 411.642291 1655.995122
v 2346.970206 223.674356 1650.184319
v 2186.891207 185.034877 1853.833743
v 2105.993645 333.568884 1857.817619
v 2243.914646 411.642291 1655.995122
cstype bspline
deg 1
curv 0 5 746 747 748 749 750
parm u 0 0 1 2 3 4
end
v -1313.435016 -1796.8921 1568.281971
v -1225.213341 -1686.461169 1788.284558
v -1068.12838 -1758.573735 1786.403192
v -1123.289518 -1883.820543 1566.533579
v -1313.435016 -1796.8921 1568.281971
cstype bspline
deg 1
curv 0 5 751 752 753 754 755
parm u 0 0 1 2 3 4
end
v -1311.986292 -1794.23108 1566.636076
v -1223.822219 -1683.903441 1786.431061
v -1067.074178 -1755.824834 1784.606166
v -1122.246045 -1880.954223 1564.919466
v -1311.986292 -1794.23108 1566.636076
cstype bspline
deg 1
curv 0 5 756 757 758 759 760
parm u 0 0 1 2 3 4
end
v 225.623306 1682.704363 1883.616241
v 187.085765 1583.147437 2010.717987
v 352.666272 1445.157494 1901.904813
v 413.034974 1590.612283 1710.917218
v 225.623306 1682.704363 1883.616241
cstype bspline
deg 1
curv 0 5 761 762 763 764 765
parm u 0 0 1 2 3 4
end
v 228.272178 1683.824572 1885.534102
v 189.331416 1584.663954 2012.842489
v 354.924522 1447.045279 1903.717938
v 415.628302 1592.124889 1712.601632
v 228.272178 1683.824572 1885.534102
cstype bspline
deg 1
curv 0 5 766 767 768 769 770
parm u 0 0 1 2 3 4
end
v 1367.156431 807.53454 1799.481527
v 1323.845606 981.362186 1561.341109
v 1515.138859 922.995478 1550.855058
v 1508.132707 767.258671 1787.653125
v 1367.156431 807.53454 1799.481527
cstype bspline
deg 1
curv 0 5 771 772 773 774 775
parm u 0 0 1 2 3 4
end
v 1366.198452 804.744451 1797.698777
v 1322.993037 978.476497 1559.647048
v 1514.163293 920.209296 1549.077073
v 1506.979361 764.607357 1785.764115
v 1366.198452 804.744451 1797.698777
cstype bspline
deg 1
curv 0 5 776 777 778 779 780
parm u 0 0 1 2 3 4
end
v 2248.735436 35.891935 1865.903673
v 2405.840819 33.955964 1637.717541
v 2421.131921 -165.582673 1658.961654
v 2260.784177 -120.567474 1882.475601
v 2248.735436 35.891935 1865.903673
cstype bspline
deg 1
curv 0 5 781 782 783 784 785
parm u 0 0 1 2 3 4
end
v 2245.995801 35.164484 1863.92227
v 2402.953498 33.404122 1635.928074
v 2418.142282 -165.595284 1657.223179
v 2257.930064 -120.791193 1880.566375
v 2245.995801 35.164484 1863.92227
cstype bspline
deg 1
curv 0 5 786 787 788 789 790
parm u 0 0 1 2 3 4
end
v 574.316932 -519.305396 3160.468438
v 460.571821 -293.809595 3175.898018
v 667.022007 -236.383521 3111.500909
v 752.310103 -433.667013 3102.130683
v 574.316932 -519.305396 3160.468438
cstype bspline
deg 1
curv 0 5 791 792 793 794 795
parm u 0 0 1 2 3 4
end
v 573.501549 -518.905303 3157.136695
v 460.109861 -294.297578 3172.517114
v 665.882411 -237.108421 3108.322485
v 750.885251 -433.655002 3098.991968
v 573.501549 -518.905303 3157.136695
cstype bspline
deg 1
curv 0 5 796 797 798 799 800
parm u 0 0 1 2 3 4
end
v 806.905047 342.897138 2627.164699
v 767.970037 215.607011 2737.2291
v 513.194112 286.043622 2813.831934
v 575.067689 434.112874 2677.548192
v 806.905047 342.897138 2627.164699
cstype bspline
deg 1
curv 0 5 801 802 803 804 805
parm u 0 0 1 2 3 4
end
v 805.508329 340.931038 2624.689032
v 766.751511 213.772331 2734.581236
v 512.227083 284.263072 2811.03229
v 573.837454 432.198111 2674.962338
v 805.508329 340.931038 2624.689032
cstype bspline
deg 1
curv 0 5 806 807 808 809 810
parm u 0 0 1 2 3 4
end
v 594.955705 2116.061658 458.730118
v 558.181096 2043.249136 693.93681
v 476.928363 2255.061653 743.687088
v 511.560004 2298.028425 554.469711
v 594.955705 2116.061658 458.730118
cstype bspline
deg 1
curv 0 5 811 812 813 814 815
parm u 0 0 1 2 3 4
end
v 591.804531 2114.964388 457.857485
v 555.023675 2042.205779 693.013549
v 473.745938 2254.011268 742.872371
v 508.400629 2296.871794 553.704467
v 591.804531 2114.964388 457.857485
cstype bspline
deg 1
curv 0 5 816 817 818 819 820
parm u 0 0 1 2 3 4
end
v -1527.409979 -1388.735451 1817.755745
v -1459.789145 -1500.799461 1802.410896
v -1618.691234 -1572.506936 1547.903932
v -1723.89267 -1423.635398 1549.68591
v -1527.409979 -1388.735451 1817.755745
cstype bspline
deg 1
curv 0 5 821 822 823 824 825
parm u 0 0 1 2 3 4
end
v -1524.939328 -1387.330576 1815.805521
v -1457.65824 -1498.868396 1800.499786
v -1616.398314 -1570.553229 1546.230571
v -1721.238325 -1422.255115 1547.962667
v -1524.939328 -1387.330576 1815.805521
cstype bspline
deg 1
curv 0 5 826 827 828 829 830
parm u 0 0 1 2 3 4
end
v 167.718839 1133.776352 2291.126824
v 79.970698 996.292247 2452.060924
v -100.736243 1165.202139 2374.107777
v -25.351569 1271.827399 2246.252336
v 167.718839 1133.776352 2291.126824
cstype bspline
deg 1
curv 0 5 831 832 833 834 835
parm u 0 0 1 2 3 4
end
v 166.339355 1131.529133 2288.891929
v 79.018147 994.141039 2449.548009
v -101.51221 1163.038894 2371.524991
v -26.524823 1269.693768 2243.819011
v 166.339355 1131.529133 2288.891929
cstype bspline
deg 1
curv 0 5 836 837 838 839 840
parm u 0 0 1 2 3 4
end
v 81.461539 999.645882 2455.80754
v -19.125517 862.522331 2589.48665
v -190.018935 1055.58143 2476.3217
v -102.227079 1161.848506 2370.361159
v 81.461539 999.645882 2455.80754
cstype bspline
deg 1
curv 0 5 841 842 843 844 845
parm u 0 0 1 2 3 4
end
v 80.506011 997.488221 2453.287459
v -19.687571 860.594059 2586.684219
v -190.519377 1053.550719 2473.575789
v -103.00007 1159.691707 2367.785544
v 80.506011 997.488221 2453.287459
cstype bspline
deg 1
curv 0 5 846 847 848 849 850
parm u 0 0 1 2 3 4
end
v -741.808397 -1839.192489 1802.378383
v -574.775504 -1833.201797 1833.985875
v -520.298636 -1964.614366 1598.194664
v -721.310657 -1964.635392 1573.421909
v -741.808397 -1839.192489 1802.378383
cstype bspline
deg 1
curv 0 5 851 852 853 854 855
parm u 0 0 1 2 3 4
end
v -741.401968 -1836.195253 1800.712297
v -574.689744 -1830.159972 1832.366558
v -520.331655 -1961.511661 1596.67958
v -721.008105 -1961.562314 1571.888412
v -741.401968 -1836.195253 1800.712297
cstype bspline
deg 1
curv 0 5 856 857 858 859 860
parm u 0 0 1 2 3 4
end
v 316.515878 2398.740138 1161.601048
v 264.468577 2334.150734 1374.60086
v 192.916268 2532.124903 1367.760962
v 237.480299 2620.564794 1150.758936
v 316.515878 2398.740138 1161.601048
cstype bspline
deg 1
curv 0 5 861 862 863 864 865
parm u 0 0 1 2 3 4
end
v 313.392478 2397.711156 1160.576962
v 261.386901 2333.273462 1373.302798
v 190.021384 2530.785373 1366.465028
v 234.556824 2619.003933 1149.77777
v 313.392478 2397.711156 1160.576962
cstype bspline
deg 1
curv 0 5 866 867 868 869 870
parm u 0 0 1 2 3 4
end
v 806.225286 -29.102612 2977.965185
v 585.708398 -39.67058 3070.775779
v 525.082705 156.901292 2993.15879
v 786.270898 126.274733 2905.536521
v 806.225286 -29.102612 2977.965185
cstype bspline
deg 1
curv 0 5 871 872 873 874 875
parm u 0 0 1 2 3 4
end
v 804.99661 -30.368471 2974.999804
v 584.821828 -40.935974 3067.691605
v 524.27982 155.313167 2990.202683
v 785.134329 124.655824 2902.710648
v 804.99661 -30.368471 2974.999804
cstype bspline
deg 1
curv 0 5 876 877 878 879 880
parm u 0 0 1 2 3 4
end
v 192.195236 1929.780627 1678.227055
v 193.213049 1787.82704 1749.079097
v 337.13664 1729.925156 1505.89979
v 325.199377 1919.375872 1431.397576
v 192.195236 1929.780627 1678.227055
cstype bspline
deg 1
curv 0 5 881 882 883 884 885
parm u 0 0 1 2 3 4
end
v 195.236073 1930.416024 1679.734458
v 196.111665 1788.633052 1750.762734
v 340.034899 1731.033206 1507.41171
v 328.260106 1920.138914 1432.787383
v 195.236073 1930.416024 1679.734458
cstype bspline
deg 1
curv 0 5 886 887 888 889 890
parm u 0 0 1 2 3 4
end
v 1252.644416 -1036.754375 2434.452266
v 1362.84004 -846.337176 2545.417608
v 1514.644414 -831.855935 2432.304566
v 1454.611529 -1000.616472 2302.068241
v 1252.644416 -1036.754375 2434.452266
cstype bspline
deg 1
curv 0 5 891 892 893 894 895
parm u 0 0 1 2 3 4
end
v 1251.054225 -1034.384773 2432.51044
v 1361.170464 -844.159907 2543.329158
v 1512.827666 -829.712892 2430.300483
v 1452.916563 -998.306387 2300.146052
v 1251.054225 -1034.384773 2432.51044
cstype bspline
deg 1
curv 0 5 896 897 898 899 900
parm u 0 0 1 2 3 4
end
v 96.996822 2695.84917 1368.352681
v 52.009119 2525.953811 1639.720437
v -44.538336 2600.226123 1673.82534
v -37.172517 2808.322945 1404.17979
v 96.996822 2695.84917 1368.352681
cstype bspline
deg 1
curv 0 5 901 902 903 904 905
parm u 0 0 1 2 3 4
end
v 94.524323 2693.888343 1366.980843
v 49.483566 2524.199791 1638.137085
v -46.407312 2597.93327 1672.067377
v -38.948065 2805.795491 1402.622307
v 94.524323 2693.888343 1366.980843
cstype bspline
deg 1
curv 0 5 906 907 908 909 910
parm u 0 0 1 2 3 4
end
v 677.165619 2144.679966 481.497245
v 640.5454 2070.451138 718.019847
v 559.946868 2282.484654 764.944333
v 594.012198 2328.148401 574.429512
v 677.165619 2144.679966 481.497245
cstype bspline
deg 1
curv 0 5 911 912 913 914 915
parm u 0 0 1 2 3 4
end
v 674.014442 2143.582694 480.624612
v 637.387982 2069.407786 717.096585
v 556.764444 2281.434254 764.129612
v 590.852826 2326.99177 573.664269
v 674.014442 2143.582694 480.624612
cstype bspline
deg 1
curv 0 5 916 917 918 919 920
parm u 0 0 1 2 3 4
end
v 74.916904 -540.239777 3168.865862
v -38.934393 -355.670131 3135.980575
v 120.996981 -188.876495 3153.435686
v 234.393729 -419.052943 3189.315779
v 74.916904 -540.239777 3168.865862
cstype bspline
deg 1
curv 0 5 921 922 923 924 925
parm u 0 0 1 2 3 4
end
v 75.617195 -539.769862 3165.502179
v -38.009688 -355.837308 3132.679217
v 121.437508 -189.613623 3150.076155
v 234.578201 -419.104887 3185.889178
v 75.617195 -539.769862 3165.502179
cstype bspline
deg 1
curv 0 5 926 927 928 929 930
parm u 0 0 1 2 3 4
end
v 1653.612958 680.32702 1784.531612
v 1706.851967 836.200563 1579.827648
v 1883.458661 705.131712 1599.865713
v 1800.320717 575.526738 1796.777595
v 1653.612958 680.32702 1784.531612
cstype bspline
deg 1
curv 0 5 931 932 933 934 935
parm u 0 0 1 2 3 4
end
v 1652.21907 677.930862 1782.487729
v 1705.581794 833.620157 1577.912304
v 1881.818682 702.880079 1597.840878
v 1798.663824 573.426805 1794.587833
v 1652.21907 677.930862 1782.487729
cstype bspline
deg 1
curv 0 5 936 937 938 939 940
parm u 0 0 1 2 3 4
end
v 1505.499326 760.759632 1782.957711
v 1517.772239 929.494521 1555.550465
v 1703.567692 830.025254 1574.679514
v 1656.89724 686.502338 1789.679732
v 1505.499326 760.759632 1782.957711
cstype bspline
deg 1
curv 0 5 941 942 943 944 945
parm u 0 0 1 2 3 4
end
v 1504.349061 758.115909 1781.07416
v 1516.793596 926.700744 1553.767027
v 1702.302188 827.453798 1572.771426
v 1655.498676 684.097225 1787.628602
v 1504.349061 758.115909 1781.07416
cstype bspline
deg 1
curv 0 5 946 947 948 949 950
parm u 0 0 1 2 3 4
end
v 672.534548 2007.851822 320.514106
v 593.322954 2115.443344 458.239197
v 553.505253 2041.726821 692.631837
v 632.895218 1884.400383 618.558104
v 672.534548 2007.851822 320.514106
cstype bspline
deg 1
curv 0 5 951 952 953 954 955
parm u 0 0 1 2 3 4
end
v 675.56947 2009.195469 321.450151
v 596.475534 2116.54111 459.112191
v 556.661267 2042.769686 693.554735
v 635.885692 1885.800869 619.557505
v 675.56947 2009.195469 321.450151
cstype bspline
deg 1
curv 0 5 956 957 958 959 960
parm u 0 0 1 2 3 4
end
v -19.34748 861.135491 2587.316082
v -139.26767 728.964365 2689.490313
v -289.050603 954.125721 2558.72087
v -189.796962 1056.968259 2478.492274
v -19.34748 861.135491 2587.316082
cstype bspline
deg 1
curv 0 5 961 962 963 964 965
parm u 0 0 1 2 3 4
end
v -19.909524 859.208161 2584.515626
v -139.457578 727.356536 2686.438964
v -289.345078 952.348786 2555.783937
v -190.297424 1054.936627 2475.744376
v -19.909524 859.208161 2584.515626
cstype bspline
deg 1
curv 0 5 966 967 968 969 970
parm u 0 0 1 2 3 4
end
v 480.612173 2586.308723 595.315014
v 465.99337 2548.244272 773.63158
v 348.393424 2793.41419 740.773571
v 364.061736 2835.566524 546.049001
v 480.612173 2586.308723 595.315014
cstype bspline
deg 1
curv 0 5 971 972 973 974 975
parm u 0 0 1 2 3 4
end
v 477.522816 2584.90664 594.695019
v 462.879609 2546.921729 772.947871
v 345.493516 2791.666413 740.118537
v 361.143285 2833.824066 545.456411
v 477.522816 2584.90664 594.695019
cstype bspline
deg 1
curv 0 5 976 977 978 979 980
parm u 0 0 1 2 3 4
end
v 188.39159 2085.421149 1642.975862
v 300.66123 2125.381826 1391.250817
v 323.24901 1918.848883 1430.189978
v 200.247164 1931.706051 1682.331875
v 188.39159 2085.421149 1642.975862
cstype bspline
deg 1
curv 0 5 981 982 983 984 985
parm u 0 0 1 2 3 4
end
v 185.323021 2084.792198 1641.529331
v 297.550103 2124.717823 1389.918794
v 320.186304 1918.085161 1428.798984
v 197.208311 1931.071331 1680.825648
v 185.323021 2084.792198 1641.529331
cstype bspline
deg 1
curv 0 5 986 987 988 989 990
parm u 0 0 1 2 3 4
end
v 721.11248 695.428526 2346.008286
v 790.715727 817.610785 2148.476817
v 973.21209 656.883604 2198.866928
v 914.375883 566.147889 2351.021257
v 721.11248 695.428526 2346.008286
cstype bspline
deg 1
curv 0 5 991 992 993 994 995
parm u 0 0 1 2 3 4
end
v 719.540683 693.142153 2343.960788
v 789.164478 815.137389 2146.636379
v 971.800445 654.45856 2196.861425
v 912.828544 563.912779 2348.893701
v 719.540683 693.142153 2343.960788
cstype bspline
deg 1
curv 0 5 996 997 998 999 1000
parm u 0 0 1 2 3 4
end
v 268.437903 2101.820038 1680.708464
v 381.853197 2142.701692 1426.00088
v 403.156653 1938.81613 1466.475189
v 279.499679 1948.273956 1721.628206
v 268.437903 2101.820038 1680.708464
cstype bspline
deg 1
curv 0 5 1001 1002 1003 1004 1005
parm u 0 0 1 2 3 4
end
v 265.369331 2101.191088 1679.261933
v 378.74208 2142.037682 1424.668848
v 400.093939 1938.052412 1465.084204
v 276.460829 1947.639237 1720.121978
v 265.369331 2101.191088 1679.261933
cstype bspline
deg 1
curv 0 5 1006 1007 1008 1009 1010
parm u 0 0 1 2 3 4
end
v 196.730818 2533.502194 1369.264036
v 260.654032 2332.773439 1373.097778
v 162.672221 2258.824458 1622.993292
v 114.609112 2408.595704 1620.884396
v 196.730818 2533.502194 1369.264036
cstype bspline
deg 1
curv 0 5 1011 1012 1013 1014 1015
parm u 0 0 1 2 3 4
end
v 193.827957 2532.159508 1367.964869
v 257.580328 2331.899326 1371.802956
v 159.646319 2258.011067 1621.542137
v 111.734628 2407.401281 1619.40207
v 193.827957 2532.159508 1367.964869
cstype bspline
deg 1
curv 0 5 1016 1017 1018 1019 1020
parm u 0 0 1 2 3 4
end
v 1788.429005 1139.89214 928.543606
v 1800.653107 1190.047561 761.284879
v 2054.911428 1027.315966 825.927462
v 2038.317169 981.061231 988.832065
v 1788.429005 1139.89214 928.543606
cstype bspline
deg 1
curv 0 5 1021 1022 1023 1024 1025
parm u 0 0 1 2 3 4
end
v 1787.092556 1136.908775 927.437273
v 1799.264945 1187.054362 760.280076
v 2052.990992 1024.615809 824.959728
v 2036.430967 978.386391 987.744917
v 1787.092556 1136.908775 927.437273
cstype bspline
deg 1
curv 0 5 1026 1027 1028 1029 1030
parm u 0 0 1 2 3 4
end
v 1563.027695 1346.263449 861.345662
v 1587.741921 1394.893045 689.994059
v 1837.11754 1268.890401 787.752098
v 1823.056369 1216.947734 957.149211
v 1563.027695 1346.263449 861.345662
cstype bspline
deg 1
curv 0 5 1031 1032 1033 1034 1035
parm u 0 0 1 2 3 4
end
v 1562.054421 1343.156335 860.202095
v 1586.697619 1391.787267 688.921016
v 1835.728247 1265.894617 786.746406
v 1821.721056 1213.966955 956.043757
v 1562.054421 1343.156335 860.202095
cstype bspline
deg 1
curv 0 5 1036 1037 1038 1039 1040
parm u 0 0 1 2 3 4
end
v 952.543139 621.09871 2403.604887
v 895.884676 511.176928 2552.946381
v 688.103695 627.80183 2586.152494
v 764.29874 758.428871 2402.338967
v 952.543139 621.09871 2403.604887
cstype bspline
deg 1
curv 0 5 1041 1042 1043 1044 1045
parm u 0 0 1 2 3 4
end
v 950.996586 618.864796 2401.478408
v 894.349202 509.100291 2550.658555
v 686.645023 625.712453 2583.829238
v 762.726159 756.141311 2400.290384
v 950.996586 618.864796 2401.478408
cstype bspline
deg 1
curv 0 5 1046 1047 1048 1049 1050
parm u 0 0 1 2 3 4
end
v 1975.935059 -845.235403 1752.319863
v 1784.869716 -958.494816 1860.496297
v 1770.007324 -816.725639 2041.096596
v 1935.397055 -727.012402 1937.936114
v 1975.935059 -845.235403 1752.319863
cstype bspline
deg 1
curv 0 5 1051 1052 1053 1054 1055
parm u 0 0 1 2 3 4
end
v 1973.628179 -843.21531 1750.754189
v 1782.844555 -956.231718 1858.847249
v 1767.905525 -814.775852 2039.186321
v 1933.043774 -725.311792 1936.06295
v 1973.628179 -843.21531 1750.754189
cstype bspline
deg 1
curv 0 5 1056 1057 1058 1059 1060
parm u 0 0 1 2 3 4
end
v 258.635988 1805.358342 1787.032793
v 238.733236 1689.286435 1892.807292
v 399.925046 1584.030221 1701.726157
v 422.936363 1762.397764 1551.308876
v 258.635988 1805.358342 1787.032793
cstype bspline
deg 1
curv 0 5 1061 1062 1063 1064 1065
parm u 0 0 1 2 3 4
end
v 261.541674 1806.167549 1788.720965
v 241.372468 1690.401056 1894.718491
v 402.528005 1585.548408 1703.417251
v 425.827546 1763.502618 1552.81627
v 261.541674 1806.167549 1788.720965
cstype bspline
deg 1
curv 0 5 1066 1067 1068 1069 1070
parm u 0 0 1 2 3 4
end
v 64.14572 -1090.901119 2768.561621
v 317.46374 -1024.06348 2829.115136
v 354.841039 -1167.477287 2671.320414
v 81.912953 -1199.48926 2649.589991
v 64.14572 -1090.901119 2768.561621
cstype bspline
deg 1
curv 0 5 1071 1072 1073 1074 1075
parm u 0 0 1 2 3 4
end
v 64.219495 -1088.543111 2766.032613
v 317.245426 -1021.663675 2826.657817
v 354.3523 -1164.810686 2669.174706
v 81.684885 -1196.929306 2647.300878
v 64.219495 -1088.543111 2766.032613
cstype bspline
deg 1
curv 0 5 1076 1077 1078 1079 1080
parm u 0 0 1 2 3 4
end
v 2154.941214 -716.656691 1625.274568
v 1976.724887 -845.915325 1752.929288
v 1934.607223 -726.332477 1937.326699
v 2086.435825 -614.298137 1830.540005
v 2154.941214 -716.656691 1625.274568
cstype bspline
deg 1
curv 0 5 1081 1082 1083 1084 1085
parm u 0 0 1 2 3 4
end
v 2152.356037 -714.943181 1623.777034
v 1974.40967 -843.888607 1751.357487
v 1932.262287 -724.638494 1935.459651
v 2083.845217 -612.904229 1828.725041
v 2152.356037 -714.943181 1623.777034
cstype bspline
deg 1
curv 0 5 1086 1087 1088 1089 1090
parm u 0 0 1 2 3 4
end
v -1529.237237 -1756.380375 1605.654528
v -1399.108382 -1660.660395 1840.981218
v -1261.448182 -1752.843259 1836.443592
v -1351.344709 -1866.635007 1611.4131
v -1529.237237 -1756.380375 1605.654528
cstype bspline
deg 1
curv 0 5 1091 1092 1093 1094 1095
parm u 0 0 1 2 3 4
end
v -1527.363961 -1754.006977 1603.992658
v -1397.356662 -1658.36192 1839.096572
v -1260.057326 -1750.286271 1834.590558
v -1349.895728 -1863.973244 1609.766739
v -1527.363961 -1754.006977 1603.992658
cstype bspline
deg 1
curv 0 5 1096 1097 1098 1099 1100
parm u 0 0 1 2 3 4
end
v 896.331341 511.773672 2553.788073
v 841.153121 391.013682 2687.577647
v 609.35672 487.181879 2749.174308
v 687.657028 627.205088 2585.310801
v 896.331341 511.773672 2553.788073
cstype bspline
deg 1
curv 0 5 1101 1102 1103 1104 1105
parm u 0 0 1 2 3 4
end
v 894.795011 509.695846 2551.498695
v 839.759763 389.052446 2685.108723
v 608.123133 485.262252 2746.581705
v 686.199216 625.1169 2582.989094
v 894.795011 509.695846 2551.498695
cstype bspline
deg 1
curv 0 5 1106 1107 1108 1109 1110
parm u 0 0 1 2 3 4
end
v -937.912849 -2016.04376 1607.270744
v -929.362457 -1886.83099 1835.367693
v -751.979253 -1913.666803 1843.7666
v -729.630032 -2048.489199 1615.501596
v -937.912849 -2016.04376 1607.270744
cstype bspline
deg 1
curv 0 5 1111 1112 1113 1114 1115
parm u 0 0 1 2 3 4
end
v -937.253097 -2013.046164 1605.699337
v -928.631584 -1883.934057 1833.636485
v -751.573416 -1910.675067 1842.103515
v -729.3269 -2045.410622 1613.965092
v -937.253097 -2013.046164 1605.699337
cstype bspline
deg 1
curv 0 5 1116 1117 1118 1119 1120
parm u 0 0 1 2 3 4
end
v 1392.191874 880.294675 1845.99066
v 1346.081646 1056.652836 1605.532899
v 1540.59031 995.689207 1597.238828
v 1538.189067 836.428223 1836.931465
v 1392.191874 880.294675 1845.99066
cstype bspline
deg 1
curv 0 5 1121 1122 1123 1124 1125
parm u 0 0 1 2 3 4
end
v 1391.233892 877.504573 1844.207914
v 1345.229079 1053.767154 1603.838844
v 1539.614754 992.903013 1595.460837
v 1537.035719 833.776927 1835.042447
v 1391.233892 877.504573 1844.207914
cstype bspline
deg 1
curv 0 5 1126 1127 1128 1129 1130
parm u 0 0 1 2 3 4
end
v -128.679533 -697.639017 2980.927825
v -215.531332 -593.309956 2967.378812
v -17.099458 -360.379243 3058.76889
v 95.406178 -527.614647 3072.204987
v -128.679533 -697.639017 2980.927825
cstype bspline
deg 1
curv 0 5 1131 1132 1133 1134 1135
parm u 0 0 1 2 3 4
end
v -127.858703 -696.781892 2977.672176
v -214.475191 -593.069427 2964.119574
v -16.167301 -360.54556 3055.435115
v 96.099021 -527.145598 3068.873723
v -127.858703 -696.781892 2977.672176
cstype bspline
deg 1
curv 0 5 1136 1137 1138 1139 1140
parm u 0 0 1 2 3 4
end
v 2212.016923 -489.104311 1726.905984
v 2306.028079 -578.762632 1490.668482
v 2155.106766 -716.78205 1625.392187
v 2086.270269 -614.172788 1830.422383
v 2212.016923 -489.104311 1726.905984
cstype bspline
deg 1
curv 0 5 1141 1142 1143 1144 1145
parm u 0 0 1 2 3 4
end
v 2209.220406 -488.079993 1725.15077
v 2303.195688 -577.435385 1489.228144
v 2152.511421 -715.062416 1623.888197
v 2083.689833 -612.784996 1828.613878
v 2209.220406 -488.079993 1725.15077
cstype bspline
deg 1
curv 0 5 1146 1147 1148 1149 1150
parm u 0 0 1 2 3 4
end
v 762.09654 755.09844 2399.417972
v 831.167215 882.149855 2196.494133
v 1010.032091 720.137503 2251.173584
v 954.745336 624.429148 2406.525878
v 762.09654 755.09844 2399.417972
cstype bspline
deg 1
curv 0 5 1151 1152 1153 1154 1155
parm u 0 0 1 2 3 4
end
v 760.524738 752.812066 2397.370475
v 829.615967 879.676457 2194.6537
v 1008.620447 717.712454 2249.168082
v 953.197994 622.194043 2404.398323
v 760.524738 752.812066 2397.370475
cstype bspline
deg 1
curv 0 5 1156 1157 1158 1159 1160
parm u 0 0 1 2 3 4
end
v 354.017726 2457.063278 961.758188
v 321.871026 2400.890095 1163.313835
v 232.125149 2618.414841 1149.046147
v 259.937434 2693.259234 934.216299
v 354.017726 2457.063278 961.758188
cstype bspline
deg 1
curv 0 5 1161 1162 1163 1164 1165
parm u 0 0 1 2 3 4
end
v 350.891976 2455.876146 960.929723
v 318.737013 2399.856516 1162.286225
v 229.212286 2616.85857 1148.068521
v 257.033889 2691.555737 933.426294
v 350.891976 2455.876146 960.929723
cstype bspline
deg 1
curv 0 5 1166 1167 1168 1169 1170
parm u 0 0 1 2 3 4
end
v -1387.453417 -1866.169606 1361.808345
v -1313.493768 -1797.021554 1568.456548
v -1123.230764 -1883.69109 1566.359002
v -1166.425413 -1968.025459 1357.007085
v -1387.453417 -1866.169606 1361.808345
cstype bspline
deg 1
curv 0 5 1171 1172 1173 1174 1175
parm u 0 0 1 2 3 4
end
v -1385.863305 -1863.379976 1360.54487
v -1312.044819 -1794.360012 1566.810233
v -1122.18752 -1880.825288 1564.745314
v -1165.3124 -1965.016261 1355.740408
v -1385.863305 -1863.379976 1360.54487
cstype bspline
deg 1
curv 0 5 1176 1177 1178 1179 1180
parm u 0 0 1 2 3 4
end
v 259.717274 2332.648415 1372.876872
v 321.267185 2400.242452 1163.325027
v 375.168445 2163.322238 1169.018479
v 301.737886 2125.670187 1391.550619
v 259.717274 2332.648415 1372.876872
cstype bspline
deg 1
curv 0 5 1181 1182 1183 1184 1185
parm u 0 0 1 2 3 4
end
v 256.644652 2331.774324 1371.582167
v 318.13473 2399.210296 1162.297586
v 371.998168 2162.561428 1167.8976
v 298.623008 2125.005225 1390.217146
v 256.644652 2331.774324 1371.582167
cstype bspline
deg 1
curv 0 5 1186 1187 1188 1189 1190
parm u 0 0 1 2 3 4
end
v 156.524528 1653.483525 1833.574001
v 128.532197 1543.547967 1955.305759
v 293.778435 1395.895633 1854.594754
v 345.364229 1551.14172 1666.98703
v 156.524528 1653.483525 1833.574001
cstype bspline
deg 1
curv 0 5 1191 1192 1193 1194 1195
parm u 0 0 1 2 3 4
end
v 159.173467 1654.603716 1835.491883
v 130.777785 1545.064503 1957.430234
v 296.036752 1397.783397 1856.407899
v 347.957473 1552.654347 1668.671444
v 159.173467 1654.603716 1835.491883
cstype bspline
deg 1
curv 0 5 1196 1197 1198 1199 1200
parm u 0 0 1 2 3 4
end
v -1677.765705 -1622.420541 1591.270496
v -1530.886561 -1757.944446 1606.60609
v -1631.466874 -1800.076793 1382.996938
v -1800.747889 -1641.981557 1368.325202
v -1677.765705 -1622.420541 1591.270496
cstype bspline
deg 1
curv 0 5 1201 1202 1203 1204 1205
parm u 0 0 1 2 3 4
end
v -1675.473488 -1620.468123 1589.597381
v -1529.010804 -1755.568741 1604.942658
v -1629.39927 -1797.630231 1381.727632
v -1798.231511 -1640.010147 1367.016384
v -1675.473488 -1620.468123 1589.597381
cstype bspline
deg 1
curv 0 5 1206 1207 1208 1209 1210
parm u 0 0 1 2 3 4
end
v -1149.823068 -1956.607951 1607.36933
v -1096.313569 -1832.260949 1834.553271
v -928.616033 -1883.600136 1833.453564
v -938.65927 -2019.274624 1609.184858
v -1149.823068 -1956.607951 1607.36933
cstype bspline
deg 1
curv 0 5 1211 1212 1213 1214 1215
parm u 0 0 1 2 3 4
end
v -1148.780642 -1953.744529 1605.757
v -1095.258338 -1829.509137 1832.754467
v -927.886109 -1880.707418 1831.724778
v -937.998573 -2016.272808 1607.611034
v -1148.780642 -1953.744529 1605.757
cstype bspline
deg 1
curv 0 5 1216 1217 1218 1219 1220
parm u 0 0 1 2 3 4
end
v 507.226989 2296.47353 553.46253
v 481.261373 2256.616558 744.694276
v 381.03363 2512.123923 755.015013
v 403.763327 2551.341168 579.921077
v 507.226989 2296.47353 553.46253
cstype bspline
deg 1
curv 0 5 1221 1222 1223 1224 1225
parm u 0 0 1 2 3 4
end
v 504.071046 2295.318147 552.698048
v 478.075521 2255.564911 743.878793
v 377.922606 2510.802528 754.331897
v 400.671228 2549.937948 579.300486
v 504.071046 2295.318147 552.698048
cstype bspline
deg 1
curv 0 5 1226 1227 1228 1229 1230
parm u 0 0 1 2 3 4
end
v -412.480605 -1801.189578 1896.498142
v -278.308374 -1737.02111 1986.381992
v -138.154429 -1829.57434 1785.724222
v -321.788842 -1912.454709 1671.829614
v -412.480605 -1801.189578 1896.498142
cstype bspline
deg 1
curv 0 5 1231 1232 1233 1234 1235
parm u 0 0 1 2 3 4
end
v -412.6839 -1798.149094 1894.879225
v -278.733988 -1734.026437 1984.725644
v -138.68194 -1826.549486 1784.149973
v -322.107034 -1909.379954 1670.303032
v -412.6839 -1798.149094 1894.879225
cstype bspline
deg 1
curv 0 5 1236 1237 1238 1239 1240
parm u 0 0 1 2 3 4
end
v 317.480283 -1028.396785 2833.427209
v 64.129166 -1086.567809 2764.249552
v 17.773254 -951.347957 2875.958215
v 259.828393 -872.169376 2962.174353
v 317.480283 -1028.396785 2833.427209
cstype bspline
deg 1
curv 0 5 1241 1242 1243 1244 1245
parm u 0 0 1 2 3 4
end
v 317.261703 -1025.987307 2830.960247
v 64.203225 -1084.219482 2761.730181
v 18.134749 -949.340821 2873.169476
v 259.91807 -870.235105 2959.324909
v 317.261703 -1025.987307 2830.960247
cstype bspline
deg 1
curv 0 5 1246 1247 1248 1249 1250
parm u 0 0 1 2 3 4
end
v 801.802155 266.384483 2810.650766
v 785.906919 125.676311 2904.711534
v 525.446679 157.499718 2993.983777
v 536.379579 329.572791 2882.516955
v 801.802155 266.384483 2810.650766
cstype bspline
deg 1
curv 0 5 1251 1252 1253 1254 1255
parm u 0 0 1 2 3 4
end
v 800.579793 264.54406 2807.993937
v 784.771851 124.059703 2901.889362
v 524.642296 155.909296 2991.023965
v 535.416379 327.797984 2879.726277
v 800.579793 264.54406 2807.993937
cstype bspline
deg 1
curv 0 5 1256 1257 1258 1259 1260
parm u 0 0 1 2 3 4
end
v 186.039166 -703.30461 3043.65652
v -40.376977 -835.415847 2942.965306
v -126.021383 -695.369064 2971.307642
v 92.748023 -529.884594 3081.82517
v 186.039166 -703.30461 3043.65652
cstype bspline
deg 1
curv 0 5 1261 1262 1263 1264 1265
parm u 0 0 1 2 3 4
end
v 186.442452 -702.058712 3040.480739
v -39.772445 -833.913697 2939.903296
v -125.207935 -694.517695 2968.079861
v 93.448257 -529.409793 3078.466039
v 186.442452 -702.058712 3040.480739
cstype bspline
deg 1
curv 0 5 1266 1267 1268 1269 1270
parm u 0 0 1 2 3 4
end
v 843.385209 394.147281 2691.739773
v 799.776986 263.446709 2806.310766
v 538.404741 332.510561 2886.856961
v 607.12464 484.048278 2745.012179
v 843.385209 394.147281 2691.739773
cstype bspline
deg 1
curv 0 5 1271 1272 1273 1274 1275
parm u 0 0 1 2 3 4
end
v 841.988498 392.181181 2689.264109
v 798.558461 261.612031 2803.662893
v 537.437711 330.730014 2884.057322
v 605.894403 482.133514 2742.426319
v 841.988498 392.181181 2689.264109
cstype bspline
deg 1
curv 0 5 1276 1277 1278 1279 1280
parm u 0 0 1 2 3 4
end
v -40.164354 2805.231193 1402.149078
v -50.425409 2939.981942 1144.951634
v 111.753614 2804.106193 1134.522858
v 99.988654 2698.940928 1370.383392
v -40.164354 2805.231193 1402.149078
cstype bspline
deg 1
curv 0 5 1281 1282 1283 1284 1285
parm u 0 0 1 2 3 4
end
v -41.928371 2802.716046 1400.599422
v -52.120376 2937.209983 1143.768495
v 109.317727 2801.901589 1133.498469
v 97.50462 2696.967797 1369.003729
v -41.928371 2802.716046 1400.599422
cstype bspline
deg 1
curv 0 5 1286 1287 1288 1289 1290
parm u 0 0 1 2 3 4
end
v 161.441037 2258.439935 1622.394513
v 261.885214 2333.157961 1373.696561
v 299.569948 2125.160639 1390.730927
v 189.482869 2085.642337 1643.495758
v 161.441037 2258.439935 1622.394513
cstype bspline
deg 1
curv 0 5 1291 1292 1293 1294 1295
parm u 0 0 1 2 3 4
end
v 158.418024 2257.627534 1620.944759
v 258.808619 2332.282863 1372.400338
v 296.459044 2124.496671 1389.398976
v 186.414085 2085.013335 1642.049145
v 158.418024 2257.627534 1620.944759
cstype bspline
deg 1
curv 0 5 1296 1297 1298 1299 1300
parm u 0 0 1 2 3 4
end
v -574.852504 -1836.268553 1835.634411
v -412.606401 -1799.180422 1895.422837
v -321.663042 -1914.463866 1672.904917
v -520.221633 -1961.547607 1596.546133
v -574.852504 -1836.268553 1835.634411
cstype bspline
deg 1
curv 0 5 1301 1302 1303 1304 1305
parm u 0 0 1 2 3 4
end
v -574.76664 -1833.221994 1834.012583
v -412.809452 -1796.142995 1893.805534
v -321.981476 -1911.386059 1671.376714
v -520.254763 -1958.449633 1595.033564
v -574.76664 -1833.221994 1834.012583
cstype bspline
deg 1
curv 0 5 1306 1307 1308 1309 1310
parm u 0 0 1 2 3 4
end
v 711.211967 1921.050319 644.717234
v 635.542021 2068.809302 716.620231
v 578.663138 2002.667513 965.577091
v 640.60452 1833.604222 959.63696
v 711.211967 1921.050319 644.717234
cstype bspline
deg 1
curv 0 5 1311 1312 1313 1314 1315
parm u 0 0 1 2 3 4
end
v 714.201503 1922.450457 645.716338
v 638.698972 2069.852516 717.543431
v 581.803065 2003.622331 966.636017
v 643.534906 1835.02635 960.775917
v 714.201503 1922.450457 645.716338
cstype bspline
deg 1
curv 0 5 1316 1317 1318 1319 1320
parm u 0 0 1 2 3 4
end
v -752.433365 -1917.374334 1845.833176
v -577.006007 -1912.551201 1876.237872
v -519.460709 -2045.554025 1637.710123
v -729.17593 -2044.781672 1613.43501
v -752.433365 -1917.374334 1845.833176
cstype bspline
deg 1
curv 0 5 1321 1322 1323 1324 1325
parm u 0 0 1 2 3 4
end
v -752.026933 -1914.377088 1844.167082
v -576.920252 -1909.509386 1874.618561
v -519.493728 -2042.451306 1636.195037
v -728.873374 -2041.708605 1611.90152
v -752.026933 -1914.377088 1844.167082
cstype bspline
deg 1
curv 0 5 1326 1327 1328 1329 1330
parm u 0 0 1 2 3 4
end
v -1513.517686 -1549.530856 1850.606866
v -1400.091608 -1661.816553 1841.973702
v -1528.254014 -1755.224215 1604.662042
v -1680.398246 -1625.140775 1593.214546
v -1513.517686 -1549.530856 1850.606866
cstype bspline
deg 1
curv 0 5 1331 1332 1333 1334 1335
parm u 0 0 1 2 3 4
end
v -1511.390052 -1547.602491 1848.698468
v -1398.33838 -1659.516403 1840.087667
v -1526.382248 -1752.852493 1603.001559
v -1678.102048 -1623.184372 1591.538478
v -1511.390052 -1547.602491 1848.698468
cstype bspline
deg 1
curv 0 5 1336 1337 1338 1339 1340
parm u 0 0 1 2 3 4
end
v 2105.223566 333.262092 1857.20039
v 1989.903469 481.45495 1859.444385
v 2106.762623 595.502333 1665.429516
v 2249.325343 414.863152 1660.796194
v 2105.223566 333.262092 1857.20039
cstype bspline
deg 1
curv 0 5 1341 1342 1343 1344 1345
parm u 0 0 1 2 3 4
end
v 2102.993278 331.796893 1855.019181
v 1987.96774 479.674055 1857.207017
v 2104.721785 593.638696 1663.370014
v 2246.915012 413.414288 1658.79356
v 2102.993278 331.796893 1855.019181
cstype bspline
deg 1
curv 0 5 1346 1347 1348 1349 1350
parm u 0 0 1 2 3 4
end
v 203.724146 1192.427518 2349.420983
v 104.809137 1052.418435 2517.623446
v -80.533671 1221.659941 2441.477869
v 5.24274 1327.49851 2309.737704
v 203.724146 1192.427518 2349.420983
cstype bspline
deg 1
curv 0 5 1351 1352 1353 1354 1355
parm u 0 0 1 2 3 4
end
v 202.344679 1190.180297 2347.186094
v 103.856572 1050.267216 2515.110536
v -81.309622 1219.496704 2438.895079
v 4.069472 1325.364871 2307.304381
v 202.344679 1190.180297 2347.186094
cstype bspline
deg 1
curv 0 5 1356 1357 1358 1359 1360
parm u 0 0 1 2 3 4
end
v 2053.598346 546.707125 1611.645088
v 1939.282599 435.214998 1801.140674
v 1797.945992 572.140724 1793.470165
v 1885.833381 708.517733 1603.173143
v 2053.598346 546.707125 1611.645088
cstype bspline
deg 1
curv 0 5 1361 1362 1363 1364 1365
parm u 0 0 1 2 3 4
end
v 2051.556651 544.843301 1609.584957
v 1937.347729 433.434282 1798.90394
v 1796.292981 570.046427 1791.285637
v 1884.189527 706.260459 1601.14307
v 2051.556651 544.843301 1609.584957
cstype bspline
deg 1
curv 0 5 1366 1367 1368 1369 1370
parm u 0 0 1 2 3 4
end
v -1166.571533 -1968.266936 1357.133794
v -1123.084636 -1883.449616 1566.232295
v -920.96021 -1939.45053 1567.204101
v -932.121741 -2037.939851 1348.091304
v -1166.571533 -1968.266936 1357.133794
cstype bspline
deg 1
curv 0 5 1371 1372 1373 1374 1375
parm u 0 0 1 2 3 4
end
v -1165.458543 -1965.258191 1355.867302
v -1122.041376 -1880.583359 1564.61842
v -920.300342 -1936.451547 1565.631834
v -931.463246 -2034.802112 1346.813118
v -1165.458543 -1965.258191 1355.867302
cstype bspline
deg 1
curv 0 5 1376 1377 1378 1379 1380
parm u 0 0 1 2 3 4
end
v 381.566537 2512.143267 755.098139
v 358.634718 2459.142133 962.951782
v 255.320443 2691.180375 933.022702
v 275.974557 2749.358937 724.382333
v 381.566537 2512.143267 755.098139
cstype bspline
deg 1
curv 0 5 1381 1382 1383 1384 1385
parm u 0 0 1 2 3 4
end
v 378.456759 2510.822741 754.415399
v 355.500353 2457.950939 962.120984
v 252.425506 2689.48095 932.235044
v 273.070662 2747.609154 723.726323
v 378.456759 2510.822741 754.415399
cstype bspline
deg 1
curv 0 5 1386 1387 1388 1389 1390
parm u 0 0 1 2 3 4
end
v 182.848075 1784.21592 1743.000042
v 169.894191 1660.21597 1842.944541
v 331.994558 1544.409276 1657.616502
v 347.501612 1733.536279 1511.978847
v 182.848075 1784.21592 1743.000042
cstype bspline
deg 1
curv 0 5 1391 1392 1393 1394 1395
parm u 0 0 1 2 3 4
end
v 185.753824 1785.025105 1744.688255
v 172.533368 1661.330612 1844.855688
v 334.597574 1545.927445 1659.307642
v 350.392742 1734.64116 1513.486182
v 185.753824 1785.025105 1744.688255
cstype bspline
deg 1
curv 0 5 1396 1397 1398 1399 1400
parm u 0 0 1 2 3 4
end
v -931.962901 -2037.030488 1347.681484
v -921.11905 -1940.359889 1567.613933
v -721.332047 -1965.729708 1574.080771
v -703.995998 -2071.939971 1341.709996
v -931.962901 -2037.030488 1347.681484
cstype bspline
deg 1
curv 0 5 1401 1402 1403 1404 1405
parm u 0 0 1 2 3 4
end
v -931.304972 -2033.895599 1346.404592
v -920.458617 -1937.358062 1566.040356
v -721.029581 -1962.655365 1572.546437
v -703.751587 -2068.746734 1340.421581
v -931.304972 -2033.895599 1346.404592
cstype bspline
deg 1
curv 0 5 1406 1407 1408 1409 1410
parm u 0 0 1 2 3 4
end
v 1535.474857 829.730903 1832.092718
v 1543.304522 1002.386531 1602.077568
v 1736.595951 897.119575 1624.453558
v 1693.368974 749.243951 1843.1889
v 1535.474857 829.730903 1832.092718
cstype bspline
deg 1
curv 0 5 1411 1412 1413 1414 1415
parm u 0 0 1 2 3 4
end
v 1534.324605 827.087197 1830.209171
v 1542.325868 999.592739 1600.294121
v 1735.330461 894.548132 1622.54548
v 1691.970403 746.838835 1841.137743
v 1534.324605 827.087197 1830.209171
cstype bspline
deg 1
curv 0 5 1416 1417 1418 1419 1420
parm u 0 0 1 2 3 4
end
v -16.219547 -359.143173 3056.437663
v -147.028414 -217.932756 2991.118735
v 12.106624 2.606829 2979.878336
v 133.893462 -208.987442 3059.216147
v -16.219547 -359.143173 3056.437663
cstype bspline
deg 1
curv 0 5 1421 1422 1423 1424 1425
parm u 0 0 1 2 3 4
end
v -15.290034 -359.31251 3053.111578
v -145.889569 -218.423575 2987.907466
v 12.692384 1.582009 2976.629402
v 134.329177 -209.722404 3055.881343
v -15.290034 -359.31251 3053.111578
cstype bspline
deg 1
curv 0 5 1426 1427 1428 1429 1430
parm u 0 0 1 2 3 4
end
v 257.626247 -923.14871 3036.672696
v 8.242978 -1003.192838 2948.542883
v -54.717503 -872.008084 3016.364591
v 174.043756 -738.452605 3132.981358
v 257.626247 -923.14871 3036.672696
cstype bspline
deg 1
curv 0 5 1431 1432 1433 1434 1435
parm u 0 0 1 2 3 4
end
v 257.715589 -921.213293 3033.823163
v 8.604809 -1001.186848 2945.754233
v -54.11645 -870.512121 3013.3195
v 174.450511 -737.200527 3129.788653
v 257.715589 -921.213293 3033.823163
cstype bspline
deg 1
curv 0 5 1436 1437 1438 1439 1440
parm u 0 0 1 2 3 4
end
v 323.760367 -1091.602482 2897.681721
v 523.218231 -1030.168762 2912.316565
v 597.01036 -1179.448185 2718.695883
v 366.997527 -1232.129694 2722.836346
v 323.760367 -1091.602482 2897.681721
cstype bspline
deg 1
curv 0 5 1441 1442 1443 1444 1445
parm u 0 0 1 2 3 4
end
v 323.540261 -1089.190678 2895.213595
v 522.448093 -1027.881338 2909.861608
v 596.050029 -1176.83326 2716.647917
v 366.510601 -1229.475088 2720.70145
v 323.540261 -1089.190678 2895.213595
cstype bspline
deg 1
curv 0 5 1446 1447 1448 1449 1450
parm u 0 0 1 2 3 4
end
v -1351.258529 -1866.31581 1611.21995
v -1261.534357 -1753.162468 1836.636729
v -1095.619855 -1830.268939 1833.282323
v -1150.516785 -1958.599959 1608.640279
v -1351.258529 -1866.31581 1611.21995
cstype bspline
deg 1
curv 0 5 1451 1452 1453 1454 1455
parm u 0 0 1 2 3 4
end
v -1349.809811 -1863.654804 1609.574063
v -1260.143234 -1750.604717 1834.783236
v -1094.565675 -1827.520035 1831.485319
v -1149.473306 -1955.733626 1607.026156
v -1349.809811 -1863.654804 1609.574063
cstype bspline
deg 1
curv 0 5 1456 1457 1458 1459 1460
parm u 0 0 1 2 3 4
end
v 589.603695 2326.565642 573.405315
v 564.35537 2284.067415 765.968531
v 462.158384 2546.624237 772.83591
v 484.447168 2587.928743 596.110676
v 589.603695 2326.565642 573.405315
cstype bspline
deg 1
curv 0 5 1461 1462 1463 1464 1465
parm u 0 0 1 2 3 4
end
v 586.447752 2325.410258 572.640831
v 561.169518 2283.015768 765.153047
v 459.047362 2545.302838 772.152791
v 481.355065 2586.525532 595.490087
v 586.447752 2325.410258 572.640831
cstype bspline
deg 1
curv 0 5 1466 1467 1468 1469 1470
parm u 0 0 1 2 3 4
end
v 243.07971 1270.237063 2091.236304
v 162.428185 1125.149902 2281.866478
v -20.060918 1280.453861 2255.512671
v 49.289507 1396.419429 2099.914826
v 243.07971 1270.237063 2091.236304
cstype bspline
deg 1
curv 0 5 1471 1472 1473 1474 1475
parm u 0 0 1 2 3 4
end
v 241.25072 1268.082602 2089.245613
v 161.054051 1122.911781 2279.640862
v -21.239517 1278.311119 2253.070077
v 47.587255 1394.501621 2097.616451
v 241.25072 1268.082602 2089.245613
cstype bspline
deg 1
curv 0 5 1476 1477 1478 1479 1480
parm u 0 0 1 2 3 4
end
v 106.373385 1055.931904 2521.547843
v -4.445567 912.818336 2662.590345
v -176.968418 1108.588154 2547.950432
v -82.097909 1218.146465 2437.553475
v 106.373385 1055.931904 2521.547843
cstype bspline
deg 1
curv 0 5 1481 1482 1483 1484 1485
parm u 0 0 1 2 3 4
end
v 105.41786 1053.774259 2519.02778
v -5.007623 910.890053 2659.787891
v -177.468861 1106.557463 2545.204537
v -82.870908 1215.989663 2434.977833
v 105.41786 1053.774259 2519.02778
cstype bspline
deg 1
curv 0 5 1486 1487 1488 1489 1490
parm u 0 0 1 2 3 4
end
v 825.712977 872.981282 2189.428778
v 1012.523431 724.407637 2254.392998
v 1073.871187 802.28792 2103.542302
v 897.244135 992.696699 1974.243705
v 825.712977 872.981282 2189.428778
cstype bspline
deg 1
curv 0 5 1491 1492 1493 1494 1495
parm u 0 0 1 2 3 4
end
v 827.263935 875.454288 2191.268872
v 1013.935363 726.833066 2256.398854
v 1075.064714 804.893741 2105.46321
v 898.648254 995.327209 1975.977586
v 827.263935 875.454288 2191.268872
cstype bspline
deg 1
curv 0 5 1496 1497 1498 1499 1500
parm u 0 0 1 2 3 4
end
v 359.246434 2458.920228 963.271717
v 431.36107 2208.371029 957.098039
v 379.793309 2164.531561 1170.543196
v 316.642319 2399.03314 1161.80031
v 359.246434 2458.920228 963.271717
cstype bspline
deg 1
curv 0 5 1501 1502 1503 1504 1505
parm u 0 0 1 2 3 4
end
v 356.111919 2457.72968 962.440694
v 428.173316 2207.469791 956.15062
v 376.615828 2163.768734 1169.41994
v 313.517068 2398.002988 1160.775252
v 356.111919 2457.72968 962.440694
cstype bspline
deg 1
curv 0 5 1506 1507 1508 1509 1510
parm u 0 0 1 2 3 4
end
v -139.720582 724.594993 2681.674351
v -300.310584 604.479487 2747.20235
v -407.160037 871.97194 2613.816688
v -288.597692 958.495105 2566.536826
v -139.720582 724.594993 2681.674351
cstype bspline
deg 1
curv 0 5 1511 1512 1513 1514 1515
parm u 0 0 1 2 3 4
end
v -139.910024 722.993862 2678.635895
v -300.087943 603.264195 2743.970307
v -407.230338 870.56418 2610.679594
v -288.892632 956.711456 2563.587008
v -139.910024 722.993862 2678.635895
cstype bspline
deg 1
curv 0 5 1516 1517 1518 1519 1520
parm u 0 0 1 2 3 4
end
v 1689.961296 742.832485 1837.848549
v 1740.00363 903.53104 1629.793909
v 1926.217154 763.891081 1652.686804
v 1843.527065 630.290807 1853.900843
v 1689.961296 742.832485 1837.848549
cstype bspline
deg 1
curv 0 5 1521 1522 1523 1524 1525
parm u 0 0 1 2 3 4
end
v 1688.567426 740.436343 1835.804679
v 1738.733434 900.950614 1627.878559
v 1924.577195 761.639467 1650.661976
v 1841.870155 628.190858 1851.711066
v 1688.567426 740.436343 1835.804679
cstype bspline
deg 1
curv 0 5 1526 1527 1528 1529 1530
parm u 0 0 1 2 3 4
end
v -4.667802 911.40824 2660.370729
v -134.324302 770.910369 2769.091181
v -281.34554 1000.501989 2635.33533
v -176.746177 1109.998267 2550.170034
v -4.667802 911.40824 2660.370729
cstype bspline
deg 1
curv 0 5 1531 1532 1533 1534 1535
parm u 0 0 1 2 3 4
end
v -5.229842 909.480904 2657.57028
v -134.514217 769.302541 2766.03983
v -281.640005 998.725046 2632.398405
v -177.246643 1107.966598 2547.422158
v -5.229842 909.480904 2657.57028
cstype bspline
deg 1
curv 0 5 1536 1537 1538 1539 1540
parm u 0 0 1 2 3 4
end
v -1528.10741 -1754.684991 1604.664611
v -1352.474541 -1868.330388 1612.403016
v -1427.820298 -1937.050225 1393.770205
v -1634.246024 -1803.33625 1384.938413
v -1528.10741 -1754.684991 1604.664611
cstype bspline
deg 1
curv 0 5 1541 1542 1543 1544 1545
parm u 0 0 1 2 3 4
end
v -1526.235901 -1752.314188 1603.004252
v -1351.023782 -1865.666037 1610.755147
v -1426.231997 -1934.263406 1392.508278
v -1632.174164 -1800.884789 1383.666041
v -1526.235901 -1752.314188 1603.004252
cstype bspline
deg 1
curv 0 5 1546 1547 1548 1549 1550
parm u 0 0 1 2 3 4
end
v -407.149183 -1880.525703 1938.72487
v -267.186666 -1815.145927 2029.59483
v -124.424583 -1908.512034 1826.784439
v -313.489404 -1992.698659 1711.66002
v -407.149183 -1880.525703 1938.72487
cstype bspline
deg 1
curv 0 5 1551 1552 1553 1554 1555
parm u 0 0 1 2 3 4
end
v -407.352481 -1877.48522 1937.105943
v -267.612282 -1812.151249 2027.938501
v -124.952083 -1905.487173 1825.21019
v -313.807594 -1989.62391 1710.133438
v -407.352481 -1877.48522 1937.105943
cstype bspline
deg 1
curv 0 5 1556 1557 1558 1559 1560
parm u 0 0 1 2 3 4
end
v 335.527693 -620.634491 3085.63958
v 238.329822 -420.084015 3101.88996
v 448.521831 -306.644256 3089.088555
v 553.07786 -508.73831 3072.164863
v 335.527693 -620.634491 3085.63958
cstype bspline
deg 1
curv 0 5 1561 1562 1563 1564 1565
parm u 0 0 1 2 3 4
end
v 335.368413 -619.782311 3082.287729
v 238.518388 -420.137362 3098.457877
v 448.057867 -307.13192 3085.69227
v 552.264483 -508.338535 3068.848502
v 335.368413 -619.782311 3082.287729
cstype bspline
deg 1
curv 0 5 1566 1567 1568 1569 1570
parm u 0 0 1 2 3 4
end
v 785.274405 808.459945 2141.427462
v 975.690521 661.136001 2202.070344
v 1042.750971 734.297835 2053.429414
v 860.590912 924.079365 1929.011622
v 785.274405 808.459945 2141.427462
cstype bspline
deg 1
curv 0 5 1571 1572 1573 1574 1575
parm u 0 0 1 2 3 4
end
v 786.825359 810.932952 2143.267553
v 977.102455 663.56144 2204.07619
v 1043.944508 736.90365 2055.350317
v 861.995033 926.709876 1930.745505
v 786.825359 810.932952 2143.267553
cstype bspline
deg 1
curv 0 5 1576 1577 1578 1579 1580
parm u 0 0 1 2 3 4
end
v 1823.323631 1217.707786 957.405501
v 1836.850272 1268.130352 787.49581
v 2104.999406 1097.742946 851.173689
v 2087.508488 1050.84519 1017.191484
v 1823.323631 1217.707786 957.405501
cstype bspline
deg 1
curv 0 5 1581 1582 1583 1584 1585
parm u 0 0 1 2 3 4
end
v 1821.987169 1214.724411 956.29916
v 1835.462133 1265.137163 786.490997
v 2103.078959 1095.042774 850.205961
v 2085.622293 1048.170362 1016.104342
v 1821.987169 1214.724411 956.29916
cstype bspline
deg 1
curv 0 5 1586 1587 1588 1589 1590
parm u 0 0 1 2 3 4
end
v 165.65812 2750.053201 1406.854263
v 269.086101 2566.941191 1401.345929
v 192.96476 2441.353982 1661.363053
v 113.732587 2568.683378 1678.310037
v 165.65812 2750.053201 1406.854263
cstype bspline
deg 1
curv 0 5 1591 1592 1593 1594 1595
parm u 0 0 1 2 3 4
end
v 163.175424 2748.083829 1405.475455
v 266.189895 2565.601957 1400.050303
v 190.083625 2440.156095 1659.877191
v 111.217238 2566.937895 1676.733655
v 163.175424 2748.083829 1405.475455
cstype bspline
deg 1
curv 0 5 1596 1597 1598 1599 1600
parm u 0 0 1 2 3 4
end
v 339.873057 2355.421331 1406.657309
v 402.953197 2427.157038 1190.119667
v 457.847667 2183.165472 1198.264973
v 383.007886 2143.010548 1426.329995
v 339.873057 2355.421331 1406.657309
cstype bspline
deg 1
curv 0 5 1601 1602 1603 1604 1605
parm u 0 0 1 2 3 4
end
v 336.800422 2354.547238 1405.362599
v 399.820756 2426.124881 1189.092229
v 454.677372 2182.404665 1197.1441
v 379.893022 2142.345582 1424.996527
v 336.800422 2354.547238 1405.362599
cstype bspline
deg 1
curv 0 5 1606 1607 1608 1609 1610
parm u 0 0 1 2 3 4
end
v -1796.924586 -1638.844572 1366.066641
v -1925.979627 -1450.46378 1351.559703
v -1790.086698 -1457.586756 1592.666371
v -1681.588996 -1625.557533 1593.529069
v -1796.924586 -1638.844572 1366.066641
cstype bspline
deg 1
curv 0 5 1611 1612 1613 1614 1615
parm u 0 0 1 2 3 4
end
v -1794.413889 -1636.877755 1364.761402
v -1923.127044 -1449.092705 1350.172802
v -1787.437325 -1456.209785 1590.946465
v -1679.29111 -1623.600514 1591.852364
v -1794.413889 -1636.877755 1364.761402
cstype bspline
deg 1
curv 0 5 1616 1617 1618 1619 1620
parm u 0 0 1 2 3 4
end
v -1782.865545 -1239.729792 1559.785478
v -1723.638281 -1423.170353 1549.235881
v -1848.929999 -1413.206351 1313.944171
v -1920.636324 -1213.926216 1311.174607
v -1782.865545 -1239.729792 1559.785478
cstype bspline
deg 1
curv 0 5 1621 1622 1623 1624 1625
parm u 0 0 1 2 3 4
end
v -1780.026339 -1238.970292 1557.982401
v -1720.985298 -1421.791178 1547.513818
v -1846.081027 -1411.837484 1312.559424
v -1917.627879 -1213.144694 1309.675555
v -1780.026339 -1238.970292 1557.982401
cstype bspline
deg 1
curv 0 5 1626 1627 1628 1629 1630
parm u 0 0 1 2 3 4
end
v 399.038311 1937.605386 1464.654007
v 418.768408 1760.586262 1548.34222
v 539.772685 1764.175698 1270.655353
v 502.586772 1957.359701 1214.911665
v 399.038311 1937.605386 1464.654007
cstype bspline
deg 1
curv 0 5 1631 1632 1633 1634 1635
parm u 0 0 1 2 3 4
end
v 402.104641 1938.370466 1466.046637
v 421.661066 1761.692286 1549.851308
v 542.663235 1765.550155 1271.952519
v 505.694269 1958.219622 1216.125729
v 402.104641 1938.370466 1466.046637
cstype bspline
deg 1
curv 0 5 1636 1637 1638 1639 1640
parm u 0 0 1 2 3 4
end
v 240.296274 2279.607336 1660.21023
v 342.137401 2355.955411 1407.514503
v 380.74354 2142.476474 1425.472803
v 269.547557 2102.045256 1681.236549
v 240.296274 2279.607336 1660.21023
cstype bspline
deg 1
curv 0 5 1641 1642 1643 1644 1645
parm u 0 0 1 2 3 4
end
v 237.273262 2278.794932 1658.76047
v 339.060805 2355.080316 1406.218286
v 377.632639 2141.812507 1424.140838
v 266.478775 2101.416252 1679.789942
v 237.273262 2278.794932 1658.76047
cstype bspline
deg 1
curv 0 5 1646 1647 1648 1649 1650
parm u 0 0 1 2 3 4
end
v 272.459646 2568.547566 1403.150276
v 340.831451 2355.546435 1406.879995
v 241.602223 2280.016317 1660.844735
v 189.591215 2439.747604 1659.558711
v 272.459646 2568.547566 1403.150276
cstype bspline
deg 1
curv 0 5 1651 1652 1653 1654 1655
parm u 0 0 1 2 3 4
end
v 269.556766 2567.204869 1401.851104
v 337.757767 2354.672327 1405.58518
v 238.576302 2279.202914 1659.393577
v 186.71675 2438.553186 1658.076394
v 269.556766 2567.204869 1401.851104
cstype bspline
deg 1
curv 0 5 1656 1657 1658 1659 1660
parm u 0 0 1 2 3 4
end
v -1554.796054 -1273.303998 1848.532375
v -1529.684335 -1389.975051 1819.545871
v -1721.618312 -1422.395796 1547.895787
v -1784.88551 -1240.504349 1561.125579
v -1554.796054 -1273.303998 1848.532375
cstype bspline
deg 1
curv 0 5 1661 1662 1663 1664 1665
parm u 0 0 1 2 3 4
end
v -1552.121115 -1272.488784 1846.517457
v -1527.208884 -1388.567613 1817.592036
v -1718.96877 -1421.018078 1546.176152
v -1782.042869 -1239.743397 1559.320061
v -1552.121115 -1272.488784 1846.517457
cstype bspline
deg 1
curv 0 5 1666 1667 1668 1669 1670
parm u 0 0 1 2 3 4
end
v 397.974343 2425.573284 1188.311827
v 344.851912 2357.005084 1408.46515
v 268.439189 2567.088905 1401.565119
v 313.744488 2661.298058 1176.357118
v 397.974343 2425.573284 1188.311827
cstype bspline
deg 1
curv 0 5 1671 1672 1673 1674 1675
parm u 0 0 1 2 3 4
end
v 394.850942 2424.544297 1187.287747
v 341.770234 2356.127819 1407.167091
v 265.544299 2565.749378 1400.269196
v 310.821015 2659.737198 1175.375947
v 394.850942 2424.544297 1187.287747
cstype bspline
deg 1
curv 0 5 1676 1677 1678 1679 1680
parm u 0 0 1 2 3 4
end
v 667.589641 -235.692813 3114.1284
v 460.004198 -294.500304 3173.270525
v 343.532991 -68.483831 3126.071762
v 585.623335 -39.892884 3069.510028
v 667.589641 -235.692813 3114.1284
cstype bspline
deg 1
curv 0 5 1681 1682 1683 1684 1685
parm u 0 0 1 2 3 4
end
v 666.450319 -236.418216 3110.949863
v 459.541954 -294.987792 3169.889737
v 343.338982 -69.595947 3122.808262
v 584.737266 -41.157716 3066.428556
v 666.450319 -236.418216 3110.949863
cstype bspline
deg 1
curv 0 5 1686 1687 1688 1689 1690
parm u 0 0 1 2 3 4
end
v 2404.783503 219.880204 1368.069262
v 2472.146267 13.590737 1337.561599
v 2330.019835 19.196609 1591.077313
v 2280.150177 197.702072 1602.310125
v 2404.783503 219.880204 1368.069262
cstype bspline
deg 1
curv 0 5 1691 1692 1693 1694 1695
parm u 0 0 1 2 3 4
end
v 2401.847126 218.950792 1366.534983
v 2469.031864 13.199838 1336.103566
v 2327.134236 18.646111 1589.288032
v 2277.445924 196.680311 1600.407401
v 2401.847126 218.950792 1366.534983
cstype bspline
deg 1
curv 0 5 1696 1697 1698 1699 1700
parm u 0 0 1 2 3 4
end
v 298.532775 2124.944699 1390.328311
v 378.373557 2164.047734 1170.24078
v 421.345275 1934.858769 1183.056702
v 325.377463 1919.286009 1431.112487
v 298.532775 2124.944699 1390.328311
cstype bspline
deg 1
curv 0 5 1701 1702 1703 1704 1705
parm u 0 0 1 2 3 4
end
v 295.421653 2124.280653 1388.996226
v 375.199526 2163.285998 1169.118514
v 418.234151 1933.997453 1181.840956
v 322.31476 1918.522318 1429.721545
v 295.421653 2124.280653 1388.996226
cstype bspline
deg 1
curv 0 5 1706 1707 1708 1709 1710
parm u 0 0 1 2 3 4
end
v 579.461546 2002.938983 965.887875
v 499.770962 1956.442119 1213.719048
v 542.588495 1765.093281 1271.84797
v 639.806117 1833.332743 959.326169
v 579.461546 2002.938983 965.887875
cstype bspline
deg 1
curv 0 5 1711 1712 1713 1714 1715
parm u 0 0 1 2 3 4
end
v 582.60168 2003.8938 966.946819
v 502.882778 1957.30371 1214.935076
v 545.474724 1766.466069 1273.143172
v 642.736299 1834.75488 960.465093
v 582.60168 2003.8938 966.946819
cstype bspline
deg 1
curv 0 5 1716 1717 1718 1719 1720
parm u 0 0 1 2 3 4
end
v 646.978497 -694.001748 2992.720937
v 425.228616 -808.708949 2997.940927
v 335.011699 -619.954872 3081.915029
v 553.593853 -509.417929 3075.889414
v 646.978497 -694.001748 2992.720937
cstype bspline
deg 1
curv 0 5 1721 1722 1723 1724 1725
parm u 0 0 1 2 3 4
end
v 645.859829 -692.708918 2989.738494
v 424.726193 -807.001784 2994.970243
v 334.855918 -619.10735 3078.587373
v 552.776975 -509.0135 3072.548857
v 645.859829 -692.708918 2989.738494
cstype bspline
deg 1
curv 0 5 1726 1727 1728 1729 1730
parm u 0 0 1 2 3 4
end
v 62.234801 -1152.403996 2834.531532
v 323.187149 -1086.654352 2893.231652
v 367.570737 -1237.07782 2727.286419
v 87.864888 -1266.267632 2709.311732
v 62.234801 -1152.403996 2834.531532
cstype bspline
deg 1
curv 0 5 1731 1732 1733 1734 1735
parm u 0 0 1 2 3 4
end
v 62.308568 -1150.045948 2832.002474
v 322.96886 -1084.254589 2890.774379
v 367.082004 -1234.411179 2725.140663
v 87.636823 -1263.707714 2707.022671
v 62.308568 -1150.045948 2832.002474
cstype bspline
deg 1
curv 0 5 1736 1737 1738 1739 1740
parm u 0 0 1 2 3 4
end
v 435.027757 702.011475 2542.937074
v 333.038733 537.268069 2704.294858
v 156.91643 670.997804 2676.586731
v 257.849279 834.553218 2516.52045
v 435.027757 702.011475 2542.937074
cstype bspline
deg 1
curv 0 5 1741 1742 1743 1744 1745
parm u 0 0 1 2 3 4
end
v 433.709077 699.927165 2540.514818
v 332.097642 535.44808 2701.527664
v 156.189553 669.188882 2673.730637
v 256.679677 832.463705 2514.047194
v 433.709077 699.927165 2540.514818
cstype bspline
deg 1
curv 0 5 1746 1747 1748 1749 1750
parm u 0 0 1 2 3 4
end
v 1598.535197 -885.99908 2141.050657
v 1771.464886 -818.285834 2042.397213
v 1783.412144 -956.934623 1859.195688
v 1575.996127 -1058.684279 1952.25427
v 1598.535197 -885.99908 2141.050657
cstype bspline
deg 1
curv 0 5 1751 1752 1753 1754 1755
parm u 0 0 1 2 3 4
end
v 1596.665052 -883.842268 2139.122233
v 1769.356515 -816.329366 2040.481277
v 1781.393567 -954.678201 1857.552293
v 1574.251041 -1056.249294 1950.532422
v 1596.665052 -883.842268 2139.122233
cstype bspline
deg 1
curv 0 5 1756 1757 1758 1759 1760
parm u 0 0 1 2 3 4
end
v 379.709538 2142.262093 1425.073166
v 461.146016 2183.913932 1199.521797
v 502.498598 1957.334362 1214.769461
v 405.300314 1939.255733 1467.402896
v 379.709538 2142.262093 1425.073166
cstype bspline
deg 1
curv 0 5 1761 1762 1763 1764 1765
parm u 0 0 1 2 3 4
end
v 376.59841 2141.598046 1423.741095
v 457.971983 2183.152199 1198.399531
v 499.387474 1956.473039 1213.553718
v 402.237607 1938.492044 1466.011961
v 376.59841 2141.598046 1423.741095
cstype bspline
deg 1
curv 0 5 1766 1767 1768 1769 1770
parm u 0 0 1 2 3 4
end
v 290.777692 1326.443701 2143.1725
v 198.292703 1183.562409 2339.919047
v 10.67418 1336.363622 2319.239638
v 93.693093 1446.453029 2159.860458
v 290.777692 1326.443701 2143.1725
cstype bspline
deg 1
curv 0 5 1771 1772 1773 1774 1775
parm u 0 0 1 2 3 4
end
v 288.948745 1324.289258 2141.181839
v 196.918524 1181.324271 2337.693403
v 9.495615 1334.220903 2316.797073
v 91.990792 1444.535202 2157.562059
v 288.948745 1324.289258 2141.181839
cstype bspline
deg 1
curv 0 5 1776 1777 1778 1779 1780
parm u 0 0 1 2 3 4
end
v -577.084908 -1915.734912 1877.948366
v -407.280246 -1878.43867 1937.608277
v -313.358343 -1994.785692 1712.776615
v -519.381807 -2042.370312 1635.999631
v -577.084908 -1915.734912 1877.948366
cstype bspline
deg 1
curv 0 5 1781 1782 1783 1784 1785
parm u 0 0 1 2 3 4
end
v -576.999041 -1912.688344 1876.326533
v -407.483297 -1875.401252 1935.990976
v -313.676774 -1991.707875 1711.248408
v -519.414937 -2039.272348 1634.487066
v -576.999041 -1912.688344 1876.326533
cstype bspline
deg 1
curv 0 5 1786 1787 1788 1789 1790
parm u 0 0 1 2 3 4
end
v -212.243166 2844.416294 1482.326477
v -39.489169 2805.667931 1402.108096
v -42.221679 2602.881138 1675.897031
v -160.971597 2622.68356 1740.193544
v -212.243166 2844.416294 1482.326477
cstype bspline
deg 1
curv 0 5 1791 1792 1793 1794 1795
parm u 0 0 1 2 3 4
end
v -213.277556 2841.6277 1480.562128
v -41.255564 2803.151834 1400.55922
v -44.099816 2600.576919 1674.130483
v -162.124705 2620.104967 1738.225225
v -213.277556 2841.6277 1480.562128
cstype bspline
deg 1
curv 0 5 1796 1797 1798 1799 1800
parm u 0 0 1 2 3 4
end
v 633.22384 1884.521074 618.654712
v 553.176633 2041.606123 692.535227
v 496.747276 1977.716389 937.954396
v 564.149291 1796.510421 929.923954
v 633.22384 1884.521074 618.654712
cstype bspline
deg 1
curv 0 5 1801 1802 1803 1804 1805
parm u 0 0 1 2 3 4
end
v 636.213485 1885.921247 619.653856
v 556.333473 2042.649304 693.45839
v 499.887311 1978.671253 939.013352
v 567.079566 1797.932515 931.062879
v 636.213485 1885.921247 619.653856
cstype bspline
deg 1
curv 0 5 1806 1807 1808 1809 1810
parm u 0 0 1 2 3 4
end
v 2036.142618 -897.961092 1793.163092
v 1837.68168 -1017.548435 1903.513052
v 1824.822309 -867.56851 2090.930426
v 1996.806683 -771.374605 1986.799793
v 2036.142618 -897.961092 1793.163092
cstype bspline
deg 1
curv 0 5 1811 1812 1813 1814 1815
parm u 0 0 1 2 3 4
end
v 2033.835732 -895.940968 1791.597407
v 1835.656544 -1015.285343 1901.864018
v 1822.720494 -865.618708 2089.020257
v 1994.453414 -769.674019 1984.926642
v 2033.835732 -895.940968 1791.597407
cstype bspline
deg 1
curv 0 5 1816 1817 1818 1819 1820
parm u 0 0 1 2 3 4
end
v 307.921765 2658.336503 1174.168877
v 274.26191 2570.05046 1403.753368
v 160.482312 2746.943922 1404.446835
v 179.597845 2865.062184 1163.173287
v 307.921765 2658.336503 1174.168877
cstype bspline
deg 1
curv 0 5 1821 1822 1823 1824 1825
parm u 0 0 1 2 3 4
end
v 305.011223 2656.782896 1173.192854
v 271.354088 2568.703684 1402.452293
v 158.011224 2744.982111 1403.073471
v 177.149015 2862.846257 1162.142596
v 305.011223 2656.782896 1173.192854
cstype bspline
deg 1
curv 0 5 1826 1827 1828 1829 1830
parm u 0 0 1 2 3 4
end
v 435.534539 2488.02273 983.368151
v 403.625704 2427.850552 1190.122203
v 308.093131 2659.020782 1174.54674
v 335.645233 2737.67868 954.82759
v 435.534539 2488.02273 983.368151
cstype bspline
deg 1
curv 0 5 1831 1832 1833 1834 1835
parm u 0 0 1 2 3 4
end
v 432.408803 2486.83561 982.539694
v 400.491671 2426.816979 1189.094578
v 305.180285 2657.464517 1173.56912
v 332.74167 2735.975181 954.037576
v 432.408803 2486.83561 982.539694
cstype bspline
deg 1
curv 0 5 1836 1837 1838 1839 1840
parm u 0 0 1 2 3 4
end
v 255.229996 2690.629683 932.828848
v 236.832584 2621.044396 1150.433598
v 110.88234 2804.022259 1134.559319
v 118.766178 2905.374472 877.968758
v 255.229996 2690.629683 932.828848
cstype bspline
deg 1
curv 0 5 1841 1842 1843 1844 1845
parm u 0 0 1 2 3 4
end
v 252.336986 2688.932542 932.042132
v 233.909188 2619.481767 1149.452682
v 108.446361 2801.815356 1133.533523
v 116.36427 2903.04817 877.09245
v 252.336986 2688.932542 932.042132
cstype bspline
deg 1
curv 0 5 1846 1847 1848 1849 1850
parm u 0 0 1 2 3 4
end
v -218.074092 -593.903137 2974.890429
v -321.119184 -520.33295 2933.229933
v -148.69128 -217.28985 2996.29912
v -14.556688 -359.786074 3051.257275
v -218.074092 -593.903137 2974.890429
cstype bspline
deg 1
curv 0 5 1851 1852 1853 1854 1855
parm u 0 0 1 2 3 4
end
v -217.011155 -593.661101 2971.610122
v -319.773921 -520.473413 2930.063705
v -147.548266 -217.7822 2993.074477
v -13.631347 -359.953884 3047.944563
v -217.011155 -593.661101 2971.610122
cstype bspline
deg 1
curv 0 5 1856 1857 1858 1859 1860
parm u 0 0 1 2 3 4
end
v 73.324659 -1308.472895 2525.981062
v 82.511367 -1205.97803 2655.089252
v 354.242618 -1160.988523 2665.821148
v 358.792613 -1306.413576 2479.618062
v 73.324659 -1308.472895 2525.981062
cstype bspline
deg 1
curv 0 5 1861 1862 1863 1864 1865
parm u 0 0 1 2 3 4
end
v 72.864433 -1305.780188 2523.882226
v 82.282136 -1203.407071 2652.790864
v 353.755055 -1158.332917 2663.684723
v 358.120028 -1303.625817 2477.689307
v 72.864433 -1305.780188 2523.882226
cstype bspline
deg 1
curv 0 5 1866 1867 1868 1869 1870
parm u 0 0 1 2 3 4
end
v 2222.375536 -761.342582 1664.345035
v 2037.144082 -898.809512 1793.928401
v 1995.805219 -770.526175 1986.034495
v 2153.997593 -650.672797 1877.885312
v 2222.375536 -761.342582 1664.345035
cstype bspline
deg 1
curv 0 5 1871 1872 1873 1874 1875
parm u 0 0 1 2 3 4
end
v 2219.790359 -759.629061 1662.847502
v 2034.828859 -896.782809 1792.356601
v 1993.460288 -768.83219 1984.167433
v 2151.406986 -649.278897 1876.070349
v 2219.790359 -759.629061 1662.847502
cstype bspline
deg 1
curv 0 5 1876 1877 1878 1879 1880
parm u 0 0 1 2 3 4
end
v -1591.857091 -1425.395532 1868.626807
v -1515.396729 -1551.166724 1852.268339
v -1678.519205 -1623.504904 1591.553074
v -1793.156494 -1459.639382 1594.642361
v -1591.857091 -1425.395532 1868.626807
cstype bspline
deg 1
curv 0 5 1881 1882 1883 1884 1885
parm u 0 0 1 2 3 4
end
v -1589.386483 -1423.990688 1866.676616
v -1513.265785 -1549.235625 1850.357193
v -1676.226325 -1621.551238 1589.879742
v -1790.502109 -1458.259064 1592.919086
v -1589.386483 -1423.990688 1866.676616
cstype bspline
deg 1
curv 0 5 1886 1887 1888 1889 1890
parm u 0 0 1 2 3 4
end
v 448.380847 -306.894008 3085.478226
v 238.470805 -419.834263 3105.50029
v 133.267571 -208.716271 3060.21846
v 338.07822 -97.803007 3040.534713
v 448.380847 -306.894008 3085.478226
cstype bspline
deg 1
curv 0 5 1891 1892 1893 1894 1895
parm u 0 0 1 2 3 4
end
v 447.917897 -307.380788 3082.102245
v 238.65836 -419.888499 3102.047902
v 133.705 -209.451099 3056.884715
v 337.884921 -98.915836 3037.266406
v 447.917897 -307.380788 3082.102245
cstype bspline
deg 1
curv 0 5 1896 1897 1898 1899 1900
parm u 0 0 1 2 3 4
end
v 441.01458 2489.977313 984.955093
v 514.51675 2231.905749 981.809314
v 462.655208 2184.426527 1199.849373
v 398.145656 2425.895977 1188.535271
v 441.01458 2489.977313 984.955093
cstype bspline
deg 1
curv 0 5 1901 1902 1903 1904 1905
parm u 0 0 1 2 3 4
end
v 437.880072 2488.786762 984.124065
v 511.328994 2231.004497 980.861896
v 459.477727 2183.663721 1198.726115
v 395.0204 2424.865825 1187.510214
v 437.880072 2488.786762 984.124065
cstype bspline
deg 1
curv 0 5 1906 1907 1908 1909 1910
parm u 0 0 1 2 3 4
end
v 334.26299 540.201675 2709.093092
v 230.887485 350.068104 2834.250412
v 38.436821 490.008314 2792.857741
v 155.692172 668.064193 2671.788501
v 334.26299 540.201675 2709.093092
cstype bspline
deg 1
curv 0 5 1911 1912 1913 1914 1915
parm u 0 0 1 2 3 4
end
v 333.317655 538.371573 2706.309697
v 230.426568 348.482186 2831.235225
v 38.231713 488.562978 2789.719367
v 154.969538 666.265388 2668.948604
v 333.317655 538.371573 2706.309697
cstype bspline
deg 1
curv 0 5 1916 1917 1918 1919 1920
parm u 0 0 1 2 3 4
end
v 344.658891 983.895695 2323.621873
v 257.620488 834.260794 2516.571981
v 82.205769 1000.753121 2456.901652
v 165.483767 1129.315482 2286.286094
v 344.658891 983.895695 2323.621873
cstype bspline
deg 1
curv 0 5 1921 1922 1923 1924 1925
parm u 0 0 1 2 3 4
end
v 343.113286 981.609917 2321.536501
v 256.451252 832.171574 2514.09778
v 81.248043 998.592346 2454.378539
v 164.109453 1127.077812 2284.061415
v 343.113286 981.609917 2321.536501
cstype bspline
deg 1
curv 0 5 1926 1927 1928 1929 1930
parm u 0 0 1 2 3 4
end
v 278.118514 1312.335244 2128.152898
v 366.504615 1455.575155 1914.304501
v 173.247418 1572.729776 1998.318304
v 102.821017 1456.489218 2170.591004
v 278.118514 1312.335244 2128.152898
cstype bspline
deg 1
curv 0 5 1931 1932 1933 1934 1935
parm u 0 0 1 2 3 4
end
v 279.945347 1314.485882 2130.140116
v 368.757866 1457.459672 1916.114032
v 175.498076 1574.249557 2000.446394
v 104.525443 1458.410845 2172.89284
v 279.945347 1314.485882 2130.140116
cstype bspline
deg 1
curv 0 5 1936 1937 1938 1939 1940
parm u 0 0 1 2 3 4
end
v -721.44861 -1967.297372 1574.774453
v -520.160675 -1961.952381 1596.84213
v -477.331426 -2072.244637 1347.898232
v -703.879432 -2070.372305 1341.016319
v -721.44861 -1967.297372 1574.774453
cstype bspline
deg 1
curv 0 5 1941 1942 1943 1944 1945
parm u 0 0 1 2 3 4
end
v -721.145831 -1964.219758 1573.238657
v -520.193931 -1958.854215 1595.329338
v -477.460279 -2069.05179 1346.591074
v -703.635337 -2067.182341 1339.72936
v -721.145831 -1964.219758 1573.238657
cstype bspline
deg 1
curv 0 5 1946 1947 1948 1949 1950
parm u 0 0 1 2 3 4
end
v 563.073624 -71.696268 2992.301783
v 337.932316 -98.682392 3037.756322
v 234.294342 122.809587 2949.4844
v 503.645207 114.495339 2914.05686
v 563.073624 -71.696268 2992.301783
cstype bspline
deg 1
curv 0 5 1951 1952 1953 1954 1955
parm u 0 0 1 2 3 4
end
v 562.186954 -72.961595 2989.217584
v 337.738911 -99.79402 3034.495551
v 234.184989 121.397787 2946.338432
v 502.842424 112.907145 2911.100779
v 562.186954 -72.961595 2989.217584
cstype bspline
deg 1
curv 0 5 1956 1957 1958 1959 1960
parm u 0 0 1 2 3 4
end
v 435.887801 2209.561038 958.530099
v 497.92478 1978.195065 938.346855
v 424.452255 1935.564948 1184.186344
v 375.26658 2163.341547 1169.11113
v 435.887801 2209.561038 958.530099
cstype bspline
deg 1
curv 0 5 1961 1962 1963 1964 1965
parm u 0 0 1 2 3 4
end
v 432.69483 2208.658354 957.581126
v 494.785721 1977.240325 937.288197
v 421.339363 1934.703278 1182.970036
v 372.094315 2162.580172 1167.989429
v 432.69483 2208.658354 957.581126
cstype bspline
deg 1
curv 0 5 1966 1967 1968 1969 1970
parm u 0 0 1 2 3 4
end
v 480.34639 2256.093466 744.614753
v 554.763066 2042.217334 693.009145
v 501.45772 1979.103222 939.462594
v 432.354862 2208.652876 957.414367
v 480.34639 2256.093466 744.614753
cstype bspline
deg 1
curv 0 5 1971 1972 1973 1974 1975
parm u 0 0 1 2 3 4
end
v 477.161488 2255.042324 743.799388
v 551.608124 2041.174724 692.086537
v 498.315784 1978.147798 938.403084
v 429.164768 2207.75089 956.466231
v 477.161488 2255.042324 743.799388
cstype bspline
deg 1
curv 0 5 1976 1977 1978 1979 1980
parm u 0 0 1 2 3 4
end
v 2304.39733 435.461216 1387.634621
v 2409.997284 221.613248 1371.163595
v 2274.936396 195.96903 1599.215792
v 2187.905488 377.445282 1609.170427
v 2304.39733 435.461216 1387.634621
cstype bspline
deg 1
curv 0 5 1981 1982 1983 1984 1985
parm u 0 0 1 2 3 4
end
v 2301.73865 434.001673 1386.009262
v 2407.044634 220.678264 1369.619519
v 2272.248417 194.95285 1597.322855
v 2185.489943 375.994668 1607.165181
v 2301.73865 434.001673 1386.009262
cstype bspline
deg 1
curv 0 5 1986 1987 1988 1989 1990
parm u 0 0 1 2 3 4
end
v -1428.972732 -1938.924048 1394.768931
v -1351.322107 -1866.456569 1611.404281
v -1150.453207 -1958.459205 1608.455937
v -1195.425622 -2046.534692 1390.04955
v -1428.972732 -1938.924048 1394.768931
cstype bspline
deg 1
curv 0 5 1991 1992 1993 1994 1995
parm u 0 0 1 2 3 4
end
v -1427.382617 -1936.134413 1393.505453
v -1349.873159 -1863.795031 1609.757972
v -1149.409965 -1955.593397 1606.842243
v -1194.312612 -2043.5255 1388.782874
v -1427.382617 -1936.134413 1393.505453
cstype bspline
deg 1
curv 0 5 1996 1997 1998 1999 2000
parm u 0 0 1 2 3 4
end
v 2284.962271 -515.839726 1772.692759
v 2379.895232 -613.390495 1528.241815
v 2222.800164 -761.622935 1664.626955
v 2153.57296 -650.392449 1877.603397
v 2284.962271 -515.839726 1772.692759
cstype bspline
deg 1
curv 0 5 2001 2002 2003 2004 2005
parm u 0 0 1 2 3 4
end
v 2282.165753 -514.815419 1770.937538
v 2377.06284 -612.063241 1526.801484
v 2220.204816 -759.903316 1663.122956
v 2150.992529 -649.004648 1875.794889
v 2282.165753 -514.815419 1770.937538
cstype bspline
deg 1
curv 0 5 2006 2007 2008 2009 2010
parm u 0 0 1 2 3 4
end
v 462.672089 2546.627538 772.912319
v 440.370962 2490.204738 984.622468
v 330.808804 2735.496683 953.573278
v 351.714711 2795.030912 741.492832
v 462.672089 2546.627538 772.912319
cstype bspline
deg 1
curv 0 5 2011 2012 2013 2014 2015
parm u 0 0 1 2 3 4
end
v 459.562339 2545.307023 772.229591
v 437.236571 2489.013536 983.791645
v 327.913902 2733.79726 952.785614
v 348.810784 2793.281124 740.836819
v 459.562339 2545.307023 772.229591
cstype bspline
deg 1
curv 0 5 2016 2017 2018 2019 2020
parm u 0 0 1 2 3 4
end
v 230.486664 1256.238673 2076.31883
v 307.75951 1406.4061 1867.096215
v 114.551114 1533.037505 1942.804302
v 58.351307 1406.345553 2110.543237
v 230.486664 1256.238673 2076.31883
cstype bspline
deg 1
curv 0 5 2021 2022 2023 2024 2025
parm u 0 0 1 2 3 4
end
v 232.313456 1258.389294 2078.305971
v 310.012802 1408.290641 1868.905815
v 116.801738 1534.557259 1944.932316
v 60.055772 1408.267205 2112.845144
v 232.313456 1258.389294 2078.305971
cstype bspline
deg 1
curv 0 5 2026 2027 2028 2029 2030
parm u 0 0 1 2 3 4
end
v 319.039991 1917.604515 1428.327448
v 343.29602 1731.69651 1508.969935
v 464.340775 1728.338889 1236.819752
v 421.508917 1934.91526 1183.235058
v 319.039991 1917.604515 1428.327448
cstype bspline
deg 1
curv 0 5 2031 2032 2033 2034 2035
parm u 0 0 1 2 3 4
end
v 322.106241 1918.36956 1429.720032
v 346.188767 1732.80256 1510.479057
v 467.231242 1729.713306 1238.116883
v 424.616498 1935.775214 1184.449158
v 322.106241 1918.36956 1429.720032
cstype bspline
deg 1
curv 0 5 2036 2037 2038 2039 2040
parm u 0 0 1 2 3 4
end
v 457.992553 2183.198299 1198.376636
v 519.179403 2233.133979 983.282059
v 579.832396 2003.147522 965.96727
v 505.65206 1958.050001 1215.914621
v 457.992553 2183.198299 1198.376636
cstype bspline
deg 1
curv 0 5 2041 2042 2043 2044 2045
parm u 0 0 1 2 3 4
end
v 454.820292 2182.436921 1197.254931
v 515.986432 2232.231292 982.333078
v 576.693338 2002.192783 964.908617
v 502.539164 1957.188331 1214.698316
v 454.820292 2182.436921 1197.254931
cstype bspline
deg 1
curv 0 5 2046 2047 2048 2049 2050
parm u 0 0 1 2 3 4
end
v 563.42115 2283.532956 765.886751
v 637.071119 2069.402838 717.077422
v 583.430913 2004.072022 967.102028
v 515.580885 2232.209477 982.147307
v 563.42115 2283.532956 765.886751
cstype bspline
deg 1
curv 0 5 2051 2052 2053 2054 2055
parm u 0 0 1 2 3 4
end
v 560.236245 2282.481818 765.071387
v 633.91618 2068.360226 716.154811
v 580.28898 2003.116576 966.042523
v 512.390791 2231.307489 981.19918
v 560.236245 2282.481818 765.071387
cstype bspline
deg 1
curv 0 5 2056 2057 2058 2059 2060
parm u 0 0 1 2 3 4
end
v 2106.86882 595.323938 1665.389718
v 1989.797278 481.633331 1859.484189
v 1841.054372 626.761439 1850.460515
v 1928.689856 767.420444 1656.12713
v 2106.86882 595.323938 1665.389718
cstype bspline
deg 1
curv 0 5 2061 2062 2063 2064 2065
parm u 0 0 1 2 3 4
end
v 2104.827141 593.460127 1663.329595
v 1987.862397 479.852613 1857.247434
v 1839.401361 624.667158 1848.276005
v 1927.045989 765.163159 1654.097046
v 2104.827141 593.460127 1663.329595
cstype bspline
deg 1
curv 0 5 2066 2067 2068 2069 2070
parm u 0 0 1 2 3 4
end
v 258.470796 835.701711 2518.087627
v 156.294908 669.849314 2675.019552
v -19.019439 862.856012 2589.908181
v 81.355452 999.31221 2455.386005
v 258.470796 835.701711 2518.087627
cstype bspline
deg 1
curv 0 5 2071 2072 2073 2074 2075
parm u 0 0 1 2 3 4
end
v 257.297857 833.605577 2515.6054
v 155.571365 668.047015 2672.172429
v -19.583004 860.923937 2587.100761
v 80.401445 997.158344 2452.870915
v 257.297857 833.605577 2515.6054
cstype bspline
deg 1
curv 0 5 2076 2077 2078 2079 2080
parm u 0 0 1 2 3 4
end
v 521.571171 843.947752 2342.20427
v 433.889849 700.085695 2540.594802
v 258.987187 836.479001 2518.862718
v 343.292195 981.677491 2321.33113
v 521.571171 843.947752 2342.20427
cstype bspline
deg 1
curv 0 5 2081 2082 2083 2084 2085
parm u 0 0 1 2 3 4
end
v 519.993227 841.644222 2340.170924
v 432.575216 698.008362 2538.18113
v 257.813536 834.382503 2516.380887
v 341.751 979.398995 2319.253387
v 519.993227 841.644222 2340.170924
cstype bspline
deg 1
curv 0 5 2086 2087 2088 2089 2090
parm u 0 0 1 2 3 4
end
v -949.106491 -2118.809402 1380.991322
v -938.348507 -2018.635664 1608.663345
v -729.194388 -2045.897292 1614.108997
v -710.34851 -2155.239181 1375.321666
v -949.106491 -2118.809402 1380.991322
cstype bspline
deg 1
curv 0 5 2091 2092 2093 2094 2095
parm u 0 0 1 2 3 4
end
v -948.448561 -2115.67451 1379.71443
v -937.688075 -2015.63384 1607.089767
v -728.891926 -2042.82295 1612.574653
v -710.104094 -2152.045947 1374.033252
v -948.448561 -2115.67451 1379.71443
cstype bspline
deg 1
curv 0 5 2096 2097 2098 2099 2100
parm u 0 0 1 2 3 4
end
v 323.210354 -1091.232438 2897.789375
v 62.211597 -1147.825913 2829.973806
v 8.356829 -1003.710951 2948.713449
v 257.512384 -922.630603 3036.502125
v 323.210354 -1091.232438 2897.789375
cstype bspline
deg 1
curv 0 5 2101 2102 2103 2104 2105
parm u 0 0 1 2 3 4
end
v 322.991767 -1088.822939 2895.322376
v 62.285655 -1145.477595 2827.454481
v 8.718337 -1001.703799 2945.924671
v 257.602065 -920.696346 3033.652723
v 322.991767 -1088.822939 2895.322376
cstype bspline
deg 1
curv 0 5 2106 2107 2108 2109 2110
parm u 0 0 1 2 3 4
end
v -150.107661 -719.998717 3065.857949
v -243.081702 -599.594793 3052.401086
v -41.377189 -356.047546 3145.739542
v 77.359691 -539.862372 3159.106893
v -150.107661 -719.998717 3065.857949
cstype bspline
deg 1
curv 0 5 2111 2112 2113 2114 2115
parm u 0 0 1 2 3 4
end
v -149.286819 -719.141572 3062.602202
v -242.02558 -599.354276 3049.141945
v -40.445029 -356.213847 3142.405666
v 78.052534 -539.393335 3155.775731
v -149.286819 -719.141572 3062.602202
cstype bspline
deg 1
curv 0 5 2116 2117 2118 2119 2120
parm u 0 0 1 2 3 4
end
v -134.789983 766.365458 2760.936953
v -306.114236 636.181665 2831.521786
v -405.344672 908.736553 2695.649111
v -280.87986 1005.046902 2643.489558
v -134.789983 766.365458 2760.936953
cstype bspline
deg 1
curv 0 5 2121 2122 2123 2124 2125
parm u 0 0 1 2 3 4
end
v -134.979397 764.764361 2757.898513
v -305.891615 634.966354 2828.289719
v -405.414952 907.328814 2692.512038
v -281.174815 1003.263228 2640.53972
v -134.979397 764.764361 2757.898513
cstype bspline
deg 1
curv 0 5 2126 2127 2128 2129 2130
parm u 0 0 1 2 3 4
end
v -1195.573517 -2046.77205 1390.174984
v -1150.305306 -1958.221849 1608.330504
v -938.177038 -2017.660722 1608.223687
v -949.277968 -2119.784345 1381.430973
v -1195.573517 -2046.77205 1390.174984
cstype bspline
deg 1
curv 0 5 2131 2132 2133 2134 2135
parm u 0 0 1 2 3 4
end
v -1194.460531 -2043.763299 1388.908489
v -1149.262045 -1955.355594 1606.716638
v -937.517167 -2014.661734 1606.651415
v -948.619474 -2116.64661 1380.15279
v -1194.460531 -2043.763299 1388.908489
cstype bspline
deg 1
curv 0 5 2136 2137 2138 2139 2140
parm u 0 0 1 2 3 4
end
v 475.887277 2254.698923 743.436515
v 436.813978 2210.047418 958.592592
v 353.793527 2457.243845 961.777149
v 386.407727 2514.041556 756.272775
v 475.887277 2254.698923 743.436515
cstype bspline
deg 1
curv 0 5 2141 2142 2143 2144 2145
parm u 0 0 1 2 3 4
end
v 472.70751 2253.649456 742.62247
v 433.618744 2209.143756 957.643159
v 350.666493 2456.055707 960.948155
v 383.29062 2512.717975 755.588224
v 472.70751 2253.649456 742.62247
cstype bspline
deg 1
curv 0 5 2146 2147 2148 2149 2150
parm u 0 0 1 2 3 4
end
v 273.781265 2748.271331 723.867108
v 257.513729 2692.267986 933.537933
v 116.48244 2903.736169 877.25969
v 128.91022 2979.713294 627.832783
v 273.781265 2748.271331 723.867108
cstype bspline
deg 1
curv 0 5 2151 2152 2153 2154 2155
parm u 0 0 1 2 3 4
end
v 270.880096 2746.522708 723.211744
v 254.616083 2690.56738 932.749613
v 114.08517 2901.413337 876.384965
v 126.487177 2977.403315 627.009383
v 270.880096 2746.522708 723.211744
cstype bspline
deg 1
curv 0 5 2156 2157 2158 2159 2160
parm u 0 0 1 2 3 4
end
v 497.544584 1977.989438 938.266613
v 418.580497 1933.954163 1181.991632
v 467.269194 1729.29999 1238.063178
v 563.351983 1796.237368 929.611743
v 497.544584 1977.989438 938.266613
cstype bspline
deg 1
curv 0 5 2161 2162 2163 2164 2165
parm u 0 0 1 2 3 4
end
v 500.684687 1978.944255 939.325534
v 421.692346 1934.81576 1183.207671
v 470.155391 1730.672771 1239.358369
v 566.282187 1797.659512 930.750704
v 500.684687 1978.944255 939.325534
cstype bspline
deg 1
curv 0 5 2166 2167 2168 2169 2170
parm u 0 0 1 2 3 4
end
v 1303.633634 1254.365911 1010.931466
v 1336.366446 1350.538632 743.083793
v 1537.426607 1264.649114 831.350226
v 1513.975822 1181.110897 1060.744681
v 1303.633634 1254.365911 1010.931466
cstype bspline
deg 1
curv 0 5 2171 2172 2173 2174 2175
parm u 0 0 1 2 3 4
end
v 1302.828602 1251.276686 1009.622657
v 1335.507417 1347.413011 741.906399
v 1536.453598 1261.542311 830.206705
v 1513.08945 1178.047778 1059.430259
v 1302.828602 1251.276686 1009.622657
cstype bspline
deg 1
curv 0 5 2176 2177 2178 2179 2180
parm u 0 0 1 2 3 4
end
v 731.858803 -857.425112 2852.195188
v 503.908852 -972.920349 2850.804568
v 424.477944 -807.305965 2995.07654
v 647.72917 -695.404728 2995.585325
v 731.858803 -857.425112 2852.195188
cstype bspline
deg 1
curv 0 5 2181 2182 2183 2184 2185
parm u 0 0 1 2 3 4
end
v 730.558596 -855.45938 2849.687924
v 503.134852 -970.622408 2848.337218
v 423.980475 -805.607819 2992.125178
v 646.605552 -694.102872 2992.583561
v 730.558596 -855.45938 2849.687924
cstype bspline
deg 1
curv 0 5 2186 2187 2188 2189 2190
parm u 0 0 1 2 3 4
end
v 893.326303 984.630947 1968.573251
v 1077.789017 810.353679 2109.212749
v 1166.47278 866.71298 1967.991222
v 1022.138624 1059.6193 1773.692004
v 893.326303 984.630947 1968.573251
cstype bspline
deg 1
curv 0 5 2191 2192 2193 2194 2195
parm u 0 0 1 2 3 4
end
v 894.731244 987.263078 1970.308219
v 1078.981722 812.957881 2111.132565
v 1167.463676 869.46229 1969.828974
v 1023.29813 1062.389518 1775.385255
v 894.731244 987.263078 1970.308219
cstype bspline
deg 1
curv 0 5 2196 2197 2198 2199 2200
parm u 0 0 1 2 3 4
end
v 288.253497 2790.575099 530.730414
v 272.414553 2747.309911 723.543757
v 130.276939 2980.674704 628.156133
v 141.227053 3048.99741 382.042843
v 288.253497 2790.575099 530.730414
cstype bspline
deg 1
curv 0 5 2201 2202 2203 2204 2205
parm u 0 0 1 2 3 4
end
v 285.332037 2788.830213 530.136977
v 269.517655 2745.564564 722.889572
v 127.849619 2978.361458 627.331555
v 138.728596 3046.763778 381.236983
v 285.332037 2788.830213 530.136977
cstype bspline
deg 1
curv 0 5 2206 2207 2208 2209 2210
parm u 0 0 1 2 3 4
end
v 161.49541 2747.00084 1404.146444
v 117.895297 2571.735733 1681.017864
v 4.220019 2660.030136 1719.689291
v 9.143345 2874.253311 1444.802653
v 161.49541 2747.00084 1404.146444
cstype bspline
deg 1
curv 0 5 2211 2212 2213 2214 2215
parm u 0 0 1 2 3 4
end
v 159.023038 2745.040114 1402.774668
v 115.369622 2569.981612 1679.434443
v 2.351165 2657.737381 1717.931402
v 7.367666 2871.72576 1443.245106
v 159.023038 2745.040114 1402.774668
cstype bspline
deg 1
curv 0 5 2216 2217 2218 2219 2220
parm u 0 0 1 2 3 4
end
v 806.169193 -984.546801 2674.302918
v 959.02034 -862.357251 2705.350647
v 1058.202401 -941.394454 2534.084657
v 898.192218 -1141.78107 2413.961984
v 806.169193 -984.546801 2674.302918
cstype bspline
deg 1
curv 0 5 2221 2222 2223 2224 2225
parm u 0 0 1 2 3 4
end
v 804.798221 -982.180896 2672.221319
v 957.367875 -860.365735 2703.049434
v 1056.636117 -939.126206 2532.031621
v 896.817096 -1139.195811 2412.112422
v 804.798221 -982.180896 2672.221319
cstype bspline
deg 1
curv 0 5 2226 2227 2228 2229 2230
parm u 0 0 1 2 3 4
end
v 85.329264 -1378.690534 2580.728039
v 88.493086 -1273.039689 2715.04906
v 366.942542 -1230.305764 2721.549091
v 376.30754 -1379.145157 2529.934315
v 85.329264 -1378.690534 2580.728039
cstype bspline
deg 1
curv 0 5 2231 2232 2233 2234 2235
parm u 0 0 1 2 3 4
end
v 84.86904 -1375.997864 2578.629249
v 88.263848 -1270.468685 2712.750639
v 366.454978 -1227.650211 2719.412693
v 375.634944 -1376.35736 2528.005516
v 84.86904 -1375.997864 2578.629249
cstype bspline
deg 1
curv 0 5 2236 2237 2238 2239 2240
parm u 0 0 1 2 3 4
end
v 2278.887127 755.223127 1015.171402
v 2038.21843 980.906019 988.777815
v 2055.010178 1027.471168 825.981711
v 2313.521158 789.997821 841.27745
v 2278.887127 755.223127 1015.171402
cstype bspline
deg 1
curv 0 5 2241 2242 2243 2244 2245
parm u 0 0 1 2 3 4
end
v 2276.417083 753.063706 1014.110216
v 2036.331057 978.229499 987.690075
v 2053.090912 1024.772689 825.014574
v 2311.016593 787.815445 840.345595
v 2276.417083 753.063706 1014.110216
cstype bspline
deg 1
curv 0 5 2246 2247 2248 2249 2250
parm u 0 0 1 2 3 4
end
v 175.484778 -735.844291 3126.500358
v -56.158533 -874.616397 3022.845589
v -147.255456 -717.57671 3055.503289
v 74.507487 -542.284368 3169.461556
v 175.484778 -735.844291 3126.500358
cstype bspline
deg 1
curv 0 5 2251 2252 2253 2254 2255
parm u 0 0 1 2 3 4
end
v 175.888092 -734.598421 3123.324623
v -55.55403 -873.114224 3019.78353
v -146.441985 -716.725377 3052.27555
v 75.207686 -541.809533 3166.102378
v 175.888092 -734.598421 3123.324623
cstype bspline
deg 1
curv 0 5 2256 2257 2258 2259 2260
parm u 0 0 1 2 3 4
end
v 2154.955865 640.277063 1400.630719
v 2307.964137 437.389196 1390.093772
v 2184.338673 375.517303 1606.711286
v 2055.602814 548.422398 1613.547014
v 2154.955865 640.277063 1400.630719
cstype bspline
deg 1
curv 0 5 2261 2262 2263 2264 2265
parm u 0 0 1 2 3 4
end
v 2152.719239 638.279671 1398.935388
v 2305.294515 435.923703 1388.46085
v 2181.934077 374.072648 1604.713586
v 2053.556231 546.554556 1611.482586
v 2152.719239 638.279671 1398.935388
cstype bspline
deg 1
curv 0 5 2266 2267 2268 2269 2270
parm u 0 0 1 2 3 4
end
v -789.472532 2120.88301 2338.889454
v -875.216834 1992.056684 2436.376904
v -1123.161992 2135.379109 2455.575
v -1003.2559 2299.787156 2327.265331
v -789.472532 2120.88301 2338.889454
cstype bspline
deg 1
curv 0 5 2271 2272 2273 2274 2275
parm u 0 0 1 2 3 4
end
v -790.483648 2119.291309 2336.010348
v -876.268217 1990.802682 2433.330228
v -1123.977793 2133.85186 2452.600436
v -1004.145174 2297.859327 2324.535305
v -790.483648 2119.291309 2336.010348
cstype bspline
deg 1
curv 0 5 2276 2277 2278 2279 2280
parm u 0 0 1 2 3 4
end
v -691.911318 2245.650862 2232.519721
v -786.162822 2126.193134 2347.725397
v -1006.565605 2294.477033 2318.429385
v -869.967511 2440.197045 2169.752494
v -691.911318 2245.650862 2232.519721
cstype bspline
deg 1
curv 0 5 2281 2282 2283 2284 2285
parm u 0 0 1 2 3 4
end
v -692.791561 2243.730003 2229.804567
v -787.179063 2124.592511 2344.832639
v -1007.44976 2292.558123 2315.713015
v -870.819688 2437.965562 2167.251582
v -692.791561 2243.730003 2229.804567
cstype bspline
deg 1
curv 0 5 2286 2287 2288 2289 2290
parm u 0 0 1 2 3 4
end
v 1647.333215 -942.236531 2191.357414
v 1826.453975 -869.306192 2092.381357
v 1836.05001 -1015.810748 1902.062131
v 1621.508662 -1122.214398 1997.175666
v 1647.333215 -942.236531 2191.357414
cstype bspline
deg 1
curv 0 5 2291 2292 2293 2294 2295
parm u 0 0 1 2 3 4
end
v 1645.463076 -940.079718 2189.428987
v 1824.3456 -867.349726 2090.465543
v 1834.031438 -1013.554327 1900.41873
v 1619.763564 -1119.779417 1995.453825
v 1645.463076 -940.079718 2189.428987
cstype bspline
deg 1
curv 0 5 2296 2297 2298 2299 2300
parm u 0 0 1 2 3 4
end
v -246.188439 2988.938132 1216.014743
v -51.549768 2938.819929 1144.383695
v -39.040002 2806.393211 1402.717013
v -212.692342 2843.691028 1481.717544
v -246.188439 2988.938132 1216.014743
cstype bspline
deg 1
curv 0 5 2301 2302 2303 2304 2305
parm u 0 0 1 2 3 4
end
v -247.108278 2985.906402 1214.63821
v -53.237346 2936.058687 1143.205908
v -40.811404 2803.867337 1401.162019
v -213.721718 2840.912207 1479.959315
v -247.108278 2985.906402 1214.63821
cstype bspline
deg 1
curv 0 5 2306 2307 2308 2309 2310
parm u 0 0 1 2 3 4
end
v 2507.813327 529.964689 783.591631
v 2461.501208 506.601963 973.734964
v 2279.328962 755.507647 1015.312573
v 2313.079332 789.71329 841.136274
v 2507.813327 529.964689 783.591631
cstype bspline
deg 1
curv 0 5 2311 2312 2313 2314 2315
parm u 0 0 1 2 3 4
end
v 2504.881174 528.38034 782.701923
v 2458.595472 505.04764 972.71598
v 2276.857731 753.347148 1014.250929
v 2310.575944 787.532007 840.204876
v 2504.881174 528.38034 782.701923
cstype bspline
deg 1
curv 0 5 2316 2317 2318 2319 2320
parm u 0 0 1 2 3 4
end
v 469.42534 756.402669 2606.123914
v 357.607949 584.70695 2776.486436
v 175.909717 718.148763 2751.086804
v 288.393107 889.050708 2581.040629
v 469.42534 756.402669 2606.123914
cstype bspline
deg 1
curv 0 5 2321 2322 2323 2324 2325
parm u 0 0 1 2 3 4
end
v 468.106665 754.318361 2603.701668
v 356.666854 582.886963 2773.71923
v 175.18284 716.339845 2748.230719
v 287.223494 886.96117 2578.567384
v 468.106665 754.318361 2603.701668
cstype bspline
deg 1
curv 0 5 2326 2327 2328 2329 2330
parm u 0 0 1 2 3 4
end
v 856.648425 915.963668 1923.30791
v 1046.693454 742.413534 2059.133123
v 1140.603508 795.010543 1920.044968
v 991.853611 987.349076 1729.526929
v 856.648425 915.963668 1923.30791
cstype bspline
deg 1
curv 0 5 2331 2332 2333 2334 2335
parm u 0 0 1 2 3 4
end
v 858.053368 918.595803 1925.042882
v 1047.886168 745.017724 2061.052942
v 1141.59438 797.759865 1921.88273
v 993.01312 990.119284 1731.220182
v 858.053368 918.595803 1925.042882
cstype bspline
deg 1
curv 0 5 2336 2337 2338 2339 2340
parm u 0 0 1 2 3 4
end
v -382.695391 2798.596245 1610.454701
v -212.562338 2844.175485 1482.180184
v -160.652426 2622.924373 1740.339831
v -294.857258 2583.454779 1845.970349
v -382.695391 2798.596245 1610.454701
cstype bspline
deg 1
curv 0 5 2341 2342 2343 2344 2345
parm u 0 0 1 2 3 4
end
v -383.304875 2795.822422 1608.494522
v -213.593479 2841.392665 1480.420153
v -161.808779 2620.339997 1738.367206
v -295.548561 2580.861417 1843.804917
v -383.304875 2795.822422 1608.494522
cstype bspline
deg 1
curv 0 5 2346 2347 2348 2349 2350
parm u 0 0 1 2 3 4
end
v 1297.106351 1133.027513 1279.53749
v 1303.678888 1254.568436 1011.043319
v 1513.930562 1180.908374 1060.632827
v 1509.68084 1073.769605 1296.496084
v 1297.106351 1133.027513 1279.53749
cstype bspline
deg 1
curv 0 5 2351 2352 2353 2354 2355
parm u 0 0 1 2 3 4
end
v 1296.315562 1130.018666 1278.049998
v 1302.873972 1251.479627 1009.734607
v 1513.044077 1177.844838 1059.318308
v 1508.805619 1070.805793 1294.960873
v 1296.315562 1130.018666 1278.049998
cstype bspline
deg 1
curv 0 5 2356 2357 2358 2359 2360
parm u 0 0 1 2 3 4
end
v 651.87916 576.164459 2529.093041
v 574.943187 433.66001 2677.191623
v 335.047142 540.662504 2708.737567
v 433.019353 698.617038 2538.494363
v 651.87916 576.164459 2529.093041
cstype bspline
deg 1
curv 0 5 2361 2362 2363 2364 2365
parm u 0 0 1 2 3 4
end
v 650.417234 574.069682 2526.763055
v 573.71371 431.74697 2674.607305
v 334.100827 538.83336 2705.958363
v 431.705897 696.541892 2536.084112
v 650.417234 574.069682 2526.763055
cstype bspline
deg 1
curv 0 5 2366 2367 2368 2369 2370
parm u 0 0 1 2 3 4
end
v -40.42819 -354.732494 3143.206053
v -176.774851 -205.148114 3074.888184
v -3.172329 29.384688 3064.635986
v 122.490772 -189.814129 3146.210205
v -40.42819 -354.732494 3143.206053
cstype bspline
deg 1
curv 0 5 2371 2372 2373 2374 2375
parm u 0 0 1 2 3 4
end
v -39.49874 -354.901789 3139.880174
v -175.635934 -205.638983 3071.676714
v -2.586627 28.359924 3061.387256
v 122.926554 -190.54914 3142.875197
v -39.49874 -354.901789 3139.880174
cstype bspline
deg 1
curv 0 5 2376 2377 2378 2379 2380
parm u 0 0 1 2 3 4
end
v 1324.661813 1334.964003 1045.067522
v 1358.764052 1432.092879 773.804252
v 1562.78681 1345.7101 861.17445
v 1537.111713 1261.016707 1095.041127
v 1324.661813 1334.964003 1045.067522
cstype bspline
deg 1
curv 0 5 2381 2382 2383 2384 2385
parm u 0 0 1 2 3 4
end
v 1323.85678 1331.874784 1043.758774
v 1357.905022 1428.967255 772.626853
v 1561.813808 1342.603302 860.030926
v 1536.225332 1257.953583 1093.726707
v 1323.85678 1331.874784 1043.758774
cstype bspline
deg 1
curv 0 5 2386 2387 2388 2389 2390
parm u 0 0 1 2 3 4
end
v 558.828324 2282.094592 764.674448
v 520.173712 2233.647832 983.359615
v 435.357624 2488.235213 983.40479
v 467.685428 2548.597066 774.129994
v 558.828324 2282.094592 764.674448
cstype bspline
deg 1
curv 0 5 2391 2392 2393 2394 2395
parm u 0 0 1 2 3 4
end
v 555.648562 2281.045122 763.860404
v 516.978473 2232.744178 982.410173
v 432.230592 2487.047076 982.575802
v 464.568317 2547.273482 773.445443
v 555.648562 2281.045122 763.860404
cstype bspline
deg 1
curv 0 5 2396 2397 2398 2399 2400
parm u 0 0 1 2 3 4
end
v -729.319333 -2047.563145 1614.846412
v -519.317309 -2042.772548 1636.298727
v -474.000975 -2155.527991 1382.005466
v -710.223553 -2153.573327 1374.584254
v -729.319333 -2047.563145 1614.846412
cstype bspline
deg 1
curv 0 5 2401 2402 2403 2404 2405
parm u 0 0 1 2 3 4
end
v -729.016554 -2044.485538 1613.310616
v -519.350548 -2039.674373 1634.785943
v -474.129827 -2152.335147 1380.698312
v -709.979461 -2150.383358 1373.297294
v -729.016554 -2044.485538 1613.310616
cstype bspline
deg 1
curv 0 5 2406 2407 2408 2409 2410
parm u 0 0 1 2 3 4
end
v 2651.059666 271.186136 658.86798
v 2595.694322 255.653954 877.366332
v 2462.362402 507.086522 973.999635
v 2506.952133 529.480129 783.326965
v 2651.059666 271.186136 658.86798
cstype bspline
deg 1
curv 0 5 2411 2412 2413 2414 2415
parm u 0 0 1 2 3 4
end
v 2647.89331 270.136036 657.994039
v 2592.540357 254.668916 876.372357
v 2459.457767 505.532516 972.980913
v 2504.018878 527.895464 782.436992
v 2647.89331 270.136036 657.994039
cstype bspline
deg 1
curv 0 5 2416 2417 2418 2419 2420
parm u 0 0 1 2 3 4
end
v 434.816599 701.48793 2542.001077
v 520.644422 842.545516 2340.797996
v 723.23847 698.693011 2348.854105
v 650.081923 573.293573 2525.586316
v 434.816599 701.48793 2542.001077
cstype bspline
deg 1
curv 0 5 2421 2422 2423 2424 2425
parm u 0 0 1 2 3 4
end
v 433.499404 699.406642 2539.58337
v 519.06904 840.245943 2338.768683
v 721.665422 696.404692 2346.804801
v 648.623726 571.20492 2523.263808
v 433.499404 699.406642 2539.58337
cstype bspline
deg 1
curv 0 5 2426 2427 2428 2429 2430
parm u 0 0 1 2 3 4
end
v 2481.350462 244.109539 1408.094365
v 2553.372276 23.798907 1375.595455
v 2405.293824 33.574381 1637.755859
v 2350.680873 224.3536 1651.943715
v 2481.350462 244.109539 1408.094365
cstype bspline
deg 1
curv 0 5 2431 2432 2433 2434 2435
parm u 0 0 1 2 3 4
end
v 2478.414066 243.180127 1406.560079
v 2550.257891 23.408004 1374.137431
v 2402.40821 33.023873 1635.966569
v 2347.976642 223.331838 1650.040993
v 2478.414066 243.180127 1406.560079
cstype bspline
deg 1
curv 0 5 2436 2437 2438 2439 2440
parm u 0 0 1 2 3 4
end
v -876.867572 1989.875598 2431.843222
v -952.833512 1844.257454 2508.486368
v -1234.656637 1961.152942 2559.915245
v -1121.511246 2137.560199 2460.108678
v -876.867572 1989.875598 2431.843222
cstype bspline
deg 1
curv 0 5 2441 2442 2443 2444 2445
parm u 0 0 1 2 3 4
end
v -877.915452 1988.626741 2428.806738
v -953.789549 1843.342255 2505.296534
v -1235.294363 1960.105258 2556.694435
v -1122.330563 2136.027799 2457.123927
v -877.915452 1988.626741 2428.806738
cstype bspline
deg 1
curv 0 5 2446 2447 2448 2449 2450
parm u 0 0 1 2 3 4
end
v 2462.590342 507.337773 974.154087
v 2395.858968 477.826521 1175.723537
v 2229.21338 708.449109 1201.643292
v 2278.239826 754.771838 1014.893456
v 2462.590342 507.337773 974.154087
cstype bspline
deg 1
curv 0 5 2451 2452 2453 2454 2455
parm u 0 0 1 2 3 4
end
v 2459.683467 505.782656 973.134642
v 2393.035368 476.330868 1174.42462
v 2226.827999 706.352965 1200.290469
v 2275.769739 752.612124 1013.832272
v 2459.683467 505.782656 973.134642
cstype bspline
deg 1
curv 0 5 2456 2457 2458 2459 2460
parm u 0 0 1 2 3 4
end
v 1166.827989 1520.924906 671.99952
v 1357.92405 1429.065572 772.669915
v 1413.691276 1489.99717 562.56965
v 1255.369356 1605.805806 370.795377
v 1166.827989 1520.924906 671.99952
cstype bspline
deg 1
curv 0 5 2461 2462 2463 2464 2465
parm u 0 0 1 2 3 4
end
v 1167.884668 1523.987549 673.188292
v 1358.783387 1432.192383 773.847778
v 1414.599505 1493.126222 563.703856
v 1256.382994 1608.893554 371.951023
v 1167.884668 1523.987549 673.188292
cstype bspline
deg 1
curv 0 5 2466 2467 2468 2469 2470
parm u 0 0 1 2 3 4
end
v 384.954219 1043.495021 2378.036358
v 288.145472 888.735693 2581.100361
v 107.182733 1057.133693 2522.735333
v 201.350548 1187.712257 2344.309101
v 384.954219 1043.495021 2378.036358
cstype bspline
deg 1
curv 0 5 2471 2472 2473 2474 2475
parm u 0 0 1 2 3 4
end
v 383.408613 1041.209243 2375.95098
v 286.976236 886.646468 2578.626171
v 106.225024 1054.972913 2520.212208
v 199.976236 1185.474591 2342.084426
v 383.408613 1041.209243 2375.95098
cstype bspline
deg 1
curv 0 5 2476 2477 2478 2479 2480
parm u 0 0 1 2 3 4
end
v 562.705128 904.060386 2395.242761
v 468.187528 754.303137 2603.567302
v 289.630915 891.150228 2583.597252
v 383.468775 1041.080483 2375.539471
v 562.705128 904.060386 2395.242761
cstype bspline
deg 1
curv 0 5 2481 2482 2483 2484 2485
parm u 0 0 1 2 3 4
end
v 561.127202 901.75688 2393.209437
v 466.872878 752.225786 2601.153602
v 288.457288 889.053755 2581.115438
v 381.927563 1038.801957 2373.46171
v 561.127202 901.75688 2393.209437
cstype bspline
deg 1
curv 0 5 2486 2487 2488 2489 2490
parm u 0 0 1 2 3 4
end
v -1856.975184 -1259.538974 1606.825133
v -1792.856765 -1459.140468 1594.15497
v -1923.209554 -1448.910074 1350.07111
v -1999.100903 -1234.34164 1350.276435
v -1856.975184 -1259.538974 1606.825133
cstype bspline
deg 1
curv 0 5 2491 2492 2493 2494 2495
parm u 0 0 1 2 3 4
end
v -1854.13591 -1258.779454 1605.022019
v -1790.203849 -1457.761317 1592.432942
v -1920.360521 -1447.541174 1348.686321
v -1996.092524 -1233.560149 1348.777416
v -1854.13591 -1258.779454 1605.022019
cstype bspline
deg 1
curv 0 5 2496 2497 2498 2499 2500
parm u 0 0 1 2 3 4
end
v 1703.92062 831.305497 1575.806872
v 1737.784539 971.575604 1349.677996
v 1953.319064 824.895338 1387.713122
v 1886.390001 710.026779 1603.886494
v 1703.92062 831.305497 1575.806872
cstype bspline
deg 1
curv 0 5 2501 2502 2503 2504 2505
parm u 0 0 1 2 3 4
end
v 1702.655796 828.733996 1573.898568
v 1736.564991 968.77601 1348.056883
v 1951.606963 822.431263 1386.0254
v 1884.744682 707.766245 1601.854607
v 1702.655796 828.733996 1573.898568
cstype bspline
deg 1
curv 0 5 2506 2507 2508 2509 2510
parm u 0 0 1 2 3 4
end
v 2397.460702 478.914948 1176.55213
v 2305.703442 435.805999 1388.543087
v 2157.216568 641.860256 1402.181397
v 2227.611646 707.360685 1200.814694
v 2397.460702 478.914948 1176.55213
cstype bspline
deg 1
curv 0 5 2511 2512 2513 2514 2515
parm u 0 0 1 2 3 4
end
v 2394.633463 477.41675 1175.251186
v 2303.040445 434.345213 1386.914711
v 2154.973307 639.858154 1400.481534
v 2225.229897 705.267093 1199.463902
v 2394.633463 477.41675 1175.251186
cstype bspline
deg 1
curv 0 5 2516 2517 2518 2519 2520
parm u 0 0 1 2 3 4
end
v 358.94112 587.900221 2781.700049
v 242.908578 391.44182 2912.912255
v 43.784861 527.747874 2874.729349
v 174.576547 714.955484 2745.873197
v 358.94112 587.900221 2781.700049
cstype bspline
deg 1
curv 0 5 2521 2522 2523 2524 2525
parm u 0 0 1 2 3 4
end
v 357.995782 586.070094 2778.916635
v 242.447661 389.85593 2909.897087
v 43.579756 526.30252 2871.590951
v 173.853912 713.156704 2743.033321
v 357.995782 586.070094 2778.916635
cstype bspline
deg 1
curv 0 5 2526 2527 2528 2529 2530
parm u 0 0 1 2 3 4
end
v 5.860972 2870.851249 1442.575873
v -6.210513 3012.328698 1175.812794
v 175.302384 2861.603198 1161.246891
v 164.777778 2750.402907 1406.373222
v 5.860972 2870.851249 1442.575873
cstype bspline
deg 1
curv 0 5 2531 2532 2533 2534 2535
parm u 0 0 1 2 3 4
end
v 4.096952 2868.336083 1441.026225
v -7.905462 3009.556739 1174.629659
v 172.866488 2859.398581 1160.22251
v 162.29375 2748.42979 1404.993554
v 4.096952 2868.336083 1441.026225
cstype bspline
deg 1
curv 0 5 2536 2537 2538 2539 2540
parm u 0 0 1 2 3 4
end
v 1761.822112 1068.868309 1131.747796
v 1788.654533 1140.307719 928.709658
v 2038.09164 980.645653 988.666013
v 2003.648677 916.16123 1184.949227
v 1761.822112 1068.868309 1131.747796
cstype bspline
deg 1
curv 0 5 2541 2542 2543 2544 2545
parm u 0 0 1 2 3 4
end
v 1760.569366 1065.944952 1130.407941
v 1787.319383 1137.32678 927.604268
v 2036.204137 977.968387 987.577923
v 2001.844774 913.557248 1183.586812
v 1760.569366 1065.944952 1130.407941
cstype bspline
deg 1
curv 0 5 2546 2547 2548 2549 2550
parm u 0 0 1 2 3 4
end
v -299.803001 598.781629 2733.313914
v -523.275039 528.462753 2741.018851
v -559.806907 815.596081 2637.913524
v -407.667618 877.669791 2627.705128
v -299.803001 598.781629 2733.313914
cstype bspline
deg 1
curv 0 5 2551 2552 2553 2554 2555
parm u 0 0 1 2 3 4
end
v -299.582319 597.575666 2730.106695
v -522.546501 527.725373 2737.710928
v -559.5706 814.726049 2634.601083
v -407.735956 876.252711 2624.543205
v -299.582319 597.575666 2730.106695
cstype bspline
deg 1
curv 0 5 2556 2557 2558 2559 2560
parm u 0 0 1 2 3 4
end
v 503.232716 -971.532627 2849.119869
v 732.534946 -858.812829 2853.879888
v 808.04717 -987.374424 2676.583979
v 571.855254 -1110.201505 2664.425784
v 503.232716 -971.532627 2849.119869
cstype bspline
deg 1
curv 0 5 2561 2562 2563 2564 2565
parm u 0 0 1 2 3 4
end
v 502.462836 -969.24303 2846.663137
v 731.230599 -856.838757 2851.362013
v 806.671828 -985.002794 2674.497607
v 570.894664 -1107.588761 2662.379584
v 502.462836 -969.24303 2846.663137
cstype bspline
deg 1
curv 0 5 2566 2567 2568 2569 2570
parm u 0 0 1 2 3 4
end
v -245.800444 -600.227099 3060.460305
v -356.219008 -516.657423 3015.833151
v -178.544587 -204.465384 3080.413917
v -38.658462 -355.415236 3137.680318
v -245.800444 -600.227099 3060.460305
cstype bspline
deg 1
curv 0 5 2571 2572 2573 2574 2575
parm u 0 0 1 2 3 4
end
v -244.737522 -599.985076 3057.180009
v -354.873728 -516.79788 3012.666913
v -177.401577 -204.957737 3077.18929
v -37.733101 -355.583038 3134.367597
v -244.737522 -599.985076 3057.180009
cstype bspline
deg 1
curv 0 5 2576 2577 2578 2579 2580
parm u 0 0 1 2 3 4
end
v -135.80678 -1633.838838 2124.945751
v -35.370867 -1535.756614 2251.926326
v 193.486179 -1587.102512 2088.280468
v 41.05296 -1716.998807 1926.817431
v -135.80678 -1633.838838 2124.945751
cstype bspline
deg 1
curv 0 5 2581 2582 2583 2584 2585
parm u 0 0 1 2 3 4
end
v -136.375131 -1630.907216 2123.220176
v -35.995875 -1532.891369 2250.110629
v 192.759621 -1584.192373 2086.575405
v 40.394752 -1714.033944 1925.179238
v -136.375131 -1630.907216 2123.220176
cstype bspline
deg 1
curv 0 5 2586 2587 2588 2589 2590
parm u 0 0 1 2 3 4
end
v 1139.24173 1441.057284 640.986609
v 1335.523985 1347.501553 741.945455
v 1389.972197 1408.367832 532.9802
v 1228.920464 1525.245699 340.650129
v 1139.24173 1441.057284 640.986609
cstype bspline
deg 1
curv 0 5 2591 2592 2593 2594 2595
parm u 0 0 1 2 3 4
end
v 1140.298402 1444.119911 642.175376
v 1336.383317 1350.628382 743.123329
v 1390.880426 1411.496866 534.114404
v 1229.934101 1528.33346 341.805792
v 1140.298402 1444.119911 642.175376
cstype bspline
deg 1
curv 0 5 2596 2597 2598 2599 2600
parm u 0 0 1 2 3 4
end
v -1624.575353 -1294.564785 1901.099599
v -1594.254646 -1426.702549 1870.510137
v -1790.758946 -1458.332364 1592.759023
v -1859.073002 -1260.347081 1608.221079
v -1624.575353 -1294.564785 1901.099599
cstype bspline
deg 1
curv 0 5 2601 2602 2603 2604 2605
parm u 0 0 1 2 3 4
end
v -1621.900351 -1293.749531 1899.084618
v -1591.779254 -1425.295149 1868.556373
v -1788.10933 -1456.954609 1591.039337
v -1856.230432 -1259.586161 1606.415619
v -1621.900351 -1293.749531 1899.084618
cstype bspline
deg 1
curv 0 5 2606 2607 2608 2609 2610
parm u 0 0 1 2 3 4
end
v 156.091772 669.05954 2673.580084
v 38.037224 489.012975 2791.066152
v -139.79886 726.45407 2685.458748
v -18.816294 863.645783 2591.34765
v 156.091772 669.05954 2673.580084
cstype bspline
deg 1
curv 0 5 2611 2612 2613 2614 2615
parm u 0 0 1 2 3 4
end
v 155.36749 667.255941 2670.731701
v 37.833772 487.57244 2787.936261
v -139.987979 724.849691 2682.413097
v -19.379119 861.715007 2588.541492
v 155.36749 667.255941 2670.731701
cstype bspline
deg 1
curv 0 5 2616 2617 2618 2619 2620
parm u 0 0 1 2 3 4
end
v 1317.748893 1211.541473 1318.346675
v 1324.706266 1335.163851 1045.179446
v 1537.067252 1260.816863 1094.929195
v 1532.508996 1151.08768 1336.541386
v 1317.748893 1211.541473 1318.346675
cstype bspline
deg 1
curv 0 5 2621 2622 2623 2624 2625
parm u 0 0 1 2 3 4
end
v 1316.958107 1208.532625 1316.859186
v 1323.901349 1332.075042 1043.870793
v 1536.180762 1257.75333 1093.614676
v 1531.633765 1148.123872 1335.006169
v 1316.958107 1208.532625 1316.859186
cstype bspline
deg 1
curv 0 5 2626 2627 2628 2629 2630
parm u 0 0 1 2 3 4
end
v 330.663915 2734.887771 953.355655
v 313.074442 2661.811704 1176.01867
v 174.445163 2861.586991 1161.323493
v 181.424059 2966.046066 900.825313
v 330.663915 2734.887771 953.355655
cstype bspline
deg 1
curv 0 5 2631 2632 2633 2634 2635
parm u 0 0 1 2 3 4
end
v 327.770928 2733.19065 952.56895
v 310.151025 2660.249055 1175.037738
v 172.00921 2859.3801 1160.297713
v 179.022121 2963.719754 899.948994
v 327.770928 2733.19065 952.56895
cstype bspline
deg 1
curv 0 5 2636 2637 2638 2639 2640
parm u 0 0 1 2 3 4
end
v 1515.02618 922.842688 1550.957529
v 1510.669217 1076.34505 1298.111938
v 1735.39141 966.204021 1346.212406
v 1706.313747 836.677085 1579.272456
v 1515.02618 922.842688 1550.957529
cstype bspline
deg 1
curv 0 5 2641 2642 2643 2644 2645
parm u 0 0 1 2 3 4
end
v 1514.05194 920.059638 1549.181317
v 1509.791892 1073.376156 1296.573439
v 1734.176935 963.415108 1344.598312
v 1705.043839 834.094901 1577.357144
v 1514.05194 920.059638 1549.181317
cstype bspline
deg 1
curv 0 5 2646 2647 2648 2649 2650
parm u 0 0 1 2 3 4
end
v 578.015462 439.395257 2685.615912
v 510.246338 280.761242 2805.764213
v 233.175633 355.342516 2843.030218
v 331.974853 534.927257 2700.313286
v 578.015462 439.395257 2685.615912
cstype bspline
deg 1
curv 0 5 2651 2652 2653 2654 2655
parm u 0 0 1 2 3 4
end
v 576.779324 437.469554 2683.012946
v 509.285214 278.99163 2802.98168
v 232.709011 353.742991 2839.992196
v 331.035209 533.110767 2697.552729
v 576.779324 437.469554 2683.012946
cstype bspline
deg 1
curv 0 5 2656 2657 2658 2659 2660
parm u 0 0 1 2 3 4
end
v 2394.881512 477.597187 1175.224071
v 2514.878337 239.23314 1125.922895
v 2406.11198 219.9507 1368.927076
v 2308.282629 437.123762 1389.871152
v 2394.881512 477.597187 1175.224071
cstype bspline
deg 1
curv 0 5 2661 2662 2663 2664 2665
parm u 0 0 1 2 3 4
end
v 2392.061664 476.102924 1173.92699
v 2511.78998 238.317251 1124.677618
v 2403.171043 219.020887 1367.389877
v 2305.612247 435.659041 1388.238902
v 2392.061664 476.102924 1173.92699
cstype bspline
deg 1
curv 0 5 2666 2667 2668 2669 2670
parm u 0 0 1 2 3 4
end
v 338.165087 -98.428991 3038.126975
v 133.180693 -208.090297 3062.626199
v 12.819389 1.709678 2976.468285
v 234.061556 122.556195 2949.113745
v 338.165087 -98.428991 3038.126975
cstype bspline
deg 1
curv 0 5 2671 2672 2673 2674 2675
parm u 0 0 1 2 3 4
end
v 337.971506 -99.539232 3034.869766
v 133.618413 -208.827709 3059.281356
v 13.403154 0.687336 2973.229384
v 233.952403 121.143006 2945.964213
v 337.971506 -99.539232 3034.869766
cstype bspline
deg 1
curv 0 5 2676 2677 2678 2679 2680
parm u 0 0 1 2 3 4
end
v -1934.676497 -998.110244 1348.490155
v -1789.721863 -1031.293807 1604.616771
v -1782.123756 -1239.768446 1559.358575
v -1921.378108 -1213.887563 1311.60152
v -1934.676497 -998.110244 1348.490155
cstype bspline
deg 1
curv 0 5 2681 2682 2683 2684 2685
parm u 0 0 1 2 3 4
end
v -1931.667478 -997.694755 1346.858513
v -1786.867602 -1030.947579 1602.705807
v -1779.286616 -1239.009207 1557.556638
v -1918.367597 -1213.105779 1310.101326
v -1931.667478 -997.694755 1346.858513
cstype bspline
deg 1
curv 0 5 2686 2687 2688 2689 2690
parm u 0 0 1 2 3 4
end
v 1735.864195 968.070777 1347.403897
v 1762.614403 1070.355252 1132.51846
v 2002.856388 914.674287 1184.17856
v 1955.239403 828.40017 1389.987217
v 1735.864195 968.070777 1347.403897
cstype bspline
deg 1
curv 0 5 2691 2692 2693 2694 2695
parm u 0 0 1 2 3 4
end
v 1734.648601 965.277961 1345.787274
v 1761.361247 1067.431266 1131.178063
v 2001.052899 912.070932 1182.816688
v 1953.523353 825.929311 1388.295011
v 1734.648601 965.277961 1345.787274
cstype bspline
deg 1
curv 0 5 2696 2697 2698 2699 2700
parm u 0 0 1 2 3 4
end
v -668.945747 2295.798788 2303.342511
v -759.64987 2167.941697 2423.196058
v -983.510208 2344.544894 2389.279273
v -847.739712 2498.416294 2235.007101
v -668.945747 2295.798788 2303.342511
cstype bspline
deg 1
curv 0 5 2701 2702 2703 2704 2705
parm u 0 0 1 2 3 4
end
v -669.825981 2293.877945 2300.627416
v -760.666127 2166.341038 2420.303257
v -984.394338 2342.625992 2386.562962
v -848.591908 2496.184796 2232.506133
v -669.825981 2293.877945 2300.627416
cstype bspline
deg 1
curv 0 5 2706 2707 2708 2709 2710
parm u 0 0 1 2 3 4
end
v -1014.860995 1691.433885 2559.568748
v -1329.12916 1764.290967 2625.04014
v -1235.058258 1960.881146 2558.135399
v -952.43188 1844.529248 2510.26621
v -1014.860995 1691.433885 2559.568748
cstype bspline
deg 1
curv 0 5 2711 2712 2713 2714 2715
parm u 0 0 1 2 3 4
end
v -1015.592383 1690.856826 2556.252171
v -1329.495427 1763.799668 2621.640163
v -1235.695897 1959.833394 2554.916476
v -953.387995 1843.614121 2507.074487
v -1015.592383 1690.856826 2556.252171
cstype bspline
deg 1
curv 0 5 2716 2717 2718 2719 2720
parm u 0 0 1 2 3 4
end
v 289.099442 890.36771 2582.83628
v 175.203377 716.831749 2749.291164
v -4.300954 913.248568 2663.138772
v 106.228766 1055.501684 2520.999408
v 289.099442 890.36771 2582.83628
cstype bspline
deg 1
curv 0 5 2721 2722 2723 2724 2725
parm u 0 0 1 2 3 4
end
v 287.9265 888.271577 2580.354046
v 174.479838 715.029452 2746.444046
v -4.864521 911.316494 2660.331347
v 105.274757 1053.347814 2518.484327
v 287.9265 888.271577 2580.354046
cstype bspline
deg 1
curv 0 5 2726 2727 2728 2729 2730
parm u 0 0 1 2 3 4
end
v -35.813653 -1533.663767 2250.590843
v 34.704355 -1431.310602 2385.483371
v 305.205887 -1448.167674 2270.855
v 193.928962 -1589.19536 2089.615951
v -35.813653 -1533.663767 2250.590843
cstype bspline
deg 1
curv 0 5 2731 2732 2733 2734 2735
parm u 0 0 1 2 3 4
end
v -36.438585 -1530.798729 2248.775275
v 34.112498 -1428.519384 2383.541376
v 304.461803 -1445.314356 2269.065556
v 193.202339 -1586.285009 2087.910762
v -36.438585 -1530.798729 2248.775275
cstype bspline
deg 1
curv 0 5 2736 2737 2738 2739 2740
parm u 0 0 1 2 3 4
end
v 2303.479258 -337.781091 1648.091304
v 2444.51496 -414.122961 1331.597671
v 2306.18043 -578.804523 1490.745358
v 2211.864575 -489.062414 1726.829106
v 2303.479258 -337.781091 1648.091304
cstype bspline
deg 1
curv 0 5 2741 2742 2743 2744 2745
parm u 0 0 1 2 3 4
end
v 2300.532681 -337.227951 1646.367463
v 2441.48108 -413.295239 1330.198809
v 2303.335414 -577.472088 1489.298011
v 2209.080684 -488.043287 1725.080899
v 2300.532681 -337.227951 1646.367463
cstype bspline
deg 1
curv 0 5 2746 2747 2748 2749 2750
parm u 0 0 1 2 3 4
end
v -446.203139 2956.434624 1358.228256
v -245.456935 2992.14765 1217.77309
v -213.423842 2840.481499 1479.959214
v -381.833888 2802.29023 1612.675674
v -446.203139 2956.434624 1358.228256
cstype bspline
deg 1
curv 0 5 2751 2752 2753 2754 2755
parm u 0 0 1 2 3 4
end
v -446.669326 2953.40271 1356.652512
v -246.375517 2989.119023 1216.397899
v -214.454474 2837.699585 1478.199629
v -382.443877 2799.515503 1610.715045
v -446.669326 2953.40271 1356.652512
cstype bspline
deg 1
curv 0 5 2756 2757 2758 2759 2760
parm u 0 0 1 2 3 4
end
v 512.724781 286.613313 2815.741603
v 503.005772 112.640842 2910.748385
v 234.93376 124.664092 2952.792875
v 230.697175 349.49045 2833.052829
v 512.724781 286.613313 2815.741603
cstype bspline
deg 1
curv 0 5 2761 2762 2763 2764 2765
parm u 0 0 1 2 3 4
end
v 511.757527 284.82919 2812.933829
v 502.205439 111.05973 2907.805672
v 234.821981 123.245202 2949.633539
v 230.236686 347.905428 2830.04005
v 511.757527 284.82919 2812.933829
cstype bspline
deg 1
curv 0 5 2766 2767 2768 2769 2770
parm u 0 0 1 2 3 4
end
v 1509.069443 1071.791828 1295.55322
v 1514.541966 1182.886152 1061.575685
v 1761.487413 1067.66878 1131.151243
v 1736.991194 970.757245 1348.771117
v 1509.069443 1071.791828 1295.55322
cstype bspline
deg 1
curv 0 5 2771 2772 2773 2774 2775
parm u 0 0 1 2 3 4
end
v 1508.194876 1068.830019 1294.018967
v 1513.654818 1179.820617 1060.260206
v 1760.235886 1064.747988 1129.812548
v 1735.773961 967.96124 1347.152785
v 1508.194876 1068.830019 1294.018967
cstype bspline
deg 1
curv 0 5 2776 2777 2778 2779 2780
parm u 0 0 1 2 3 4
end
v 2373.726869 473.569079 1430.039988
v 2486.982196 245.985855 1411.439626
v 2345.049136 222.477291 1648.598451
v 2250.939226 415.306162 1661.479183
v 2373.726869 473.569079 1430.039988
cstype bspline
deg 1
curv 0 5 2781 2782 2783 2784 2785
parm u 0 0 1 2 3 4
end
v 2371.068182 472.109538 1428.414625
v 2484.029555 245.050867 1409.895555
v 2342.361152 221.461106 1646.705513
v 2248.523694 413.855548 1659.473931
v 2371.068182 472.109538 1428.414625
cstype bspline
deg 1
curv 0 5 2786 2787 2788 2789 2790
parm u 0 0 1 2 3 4
end
v 1514.091205 1181.518698 1060.904406
v 1537.31122 1264.241311 831.19051
v 1788.538467 1140.139792 928.63494
v 1761.938172 1069.036236 1131.822522
v 1514.091205 1181.518698 1060.904406
cstype bspline
deg 1
curv 0 5 2791 2792 2793 2794 2795
parm u 0 0 1 2 3 4
end
v 1513.204141 1178.453253 1059.589073
v 1536.338908 1261.136835 830.047894
v 1787.202191 1137.156376 927.528526
v 1760.686566 1066.11535 1130.483687
v 1513.204141 1178.453253 1059.589073
cstype bspline
deg 1
curv 0 5 2796 2797 2798 2799 2800
parm u 0 0 1 2 3 4
end
v -278.192882 -1737.929677 1986.879522
v -135.734773 -1634.152107 2125.142335
v 40.980942 -1716.685534 1926.620859
v -138.269929 -1828.665783 1785.226678
v -278.192882 -1737.929677 1986.879522
cstype bspline
deg 1
curv 0 5 2801 2802 2803 2804 2805
parm u 0 0 1 2 3 4
end
v -278.618608 -1734.93391 1985.222602
v -136.303188 -1631.220142 2123.416559
v 40.322795 -1713.721016 1924.982861
v -138.797328 -1825.642022 1783.653001
v -278.618608 -1734.93391 1985.222602
cstype bspline
deg 1
curv 0 5 2806 2807 2808 2809 2810
parm u 0 0 1 2 3 4
end
v 841.933888 -1046.274181 2728.609977
v 1002.142363 -914.307609 2765.372686
v 1099.056941 -1000.559333 2587.650748
v 934.068145 -1209.207995 2462.207653
v 841.933888 -1046.274181 2728.609977
cstype bspline
deg 1
curv 0 5 2811 2812 2813 2814 2815
parm u 0 0 1 2 3 4
end
v 840.562799 -1043.908088 2726.52823
v 1000.49002 -912.316275 2763.071623
v 1097.490536 -998.290897 2585.597568
v 932.693144 -1206.62292 2460.358241
v 840.562799 -1043.908088 2726.52823
cstype bspline
deg 1
curv 0 5 2816 2817 2818 2819 2820
parm u 0 0 1 2 3 4
end
v 1322.367673 976.623164 1558.396022
v 1297.708583 1135.343879 1280.764253
v 1509.07861 1071.453237 1295.269321
v 1516.61678 927.734504 1553.800146
v 1322.367673 976.623164 1558.396022
cstype bspline
deg 1
curv 0 5 2821 2822 2823 2824 2825
parm u 0 0 1 2 3 4
end
v 1321.516853 973.742965 1556.705352
v 1296.916823 1132.3315 1279.27487
v 1508.204353 1068.492958 1293.736005
v 1515.63948 924.942827 1552.018768
v 1321.516853 973.742965 1556.705352
cstype bspline
deg 1
curv 0 5 2826 2827 2828 2829 2830
parm u 0 0 1 2 3 4
end
v -120.969849 -1710.340535 2169.962849
v -19.041787 -1610.524456 2299.298135
v 212.473508 -1662.996784 2132.761435
v 58.219932 -1794.327187 1969.554976
v -120.969849 -1710.340535 2169.962849
cstype bspline
deg 1
curv 0 5 2831 2832 2833 2834 2835
parm u 0 0 1 2 3 4
end
v -121.538199 -1707.408914 2168.237273
v -19.666793 -1607.6592 2297.482451
v 211.746951 -1660.086648 2131.056368
v 57.561724 -1791.362332 1967.916766
v -121.538199 -1707.408914 2168.237273
cstype bspline
deg 1
curv 0 5 2836 2837 2838 2839 2840
parm u 0 0 1 2 3 4
end
v 364.45468 2836.098411 546.209225
v 348.000479 2792.882301 740.61335
v 193.612878 3041.043731 649.663814
v 206.387191 3107.2495 403.067997
v 364.45468 2836.098411 546.209225
cstype bspline
deg 1
curv 0 5 2841 2842 2843 2844 2845
parm u 0 0 1 2 3 4
end
v 361.5333 2834.353592 545.615805
v 345.103502 2791.136888 739.95914
v 191.185644 3038.730544 648.839254
v 203.888665 3105.015782 402.26213
v 361.5333 2834.353592 545.615805
cstype bspline
deg 1
curv 0 5 2846 2847 2848 2849 2850
parm u 0 0 1 2 3 4
end
v 2054.716567 547.952302 1612.937974
v 1884.715156 707.272551 1601.880265
v 1954.993906 827.649572 1389.719345
v 2155.842113 640.747162 1401.239756
v 2054.716567 547.952302 1612.937974
cstype bspline
deg 1
curv 0 5 2851 2852 2853 2854 2855
parm u 0 0 1 2 3 4
end
v 2052.672667 546.086026 1610.875446
v 1883.073508 705.017733 1599.852584
v 1953.278141 825.179773 1388.027421
v 2153.602804 638.748201 1399.542527
v 2052.672667 546.086026 1610.875446
cstype bspline
deg 1
curv 0 5 2856 2857 2858 2859 2860
parm u 0 0 1 2 3 4
end
v 586.20582 -38.701619 3072.765778
v 342.950509 -69.6751 3122.816014
v 237.14918 159.614793 3031.554105
v 524.585274 155.932327 2991.168795
v 586.20582 -38.701619 3072.765778
cstype bspline
deg 1
curv 0 5 2861 2862 2863 2864 2865
parm u 0 0 1 2 3 4
end
v 585.319165 -39.966922 3069.681628
v 342.757094 -70.786735 3119.555186
v 237.039867 158.202999 3028.408191
v 523.78248 154.34412 2988.212659
v 585.319165 -39.966922 3069.681628
cstype bspline
deg 1
curv 0 5 2866 2867 2868 2869 2870
parm u 0 0 1 2 3 4
end
v 349.456789 2793.912814 740.961343
v 333.066725 2736.614782 954.10476
v 179.021242 2964.319064 900.076209
v 192.156575 3040.013211 649.315821
v 349.456789 2793.912814 740.961343
cstype bspline
deg 1
curv 0 5 2871 2872 2873 2874 2875
parm u 0 0 1 2 3 4
end
v 346.555642 2792.164214 740.305985
v 330.169051 2734.914154 953.316449
v 176.624 2961.996249 899.201487
v 189.733505 3037.703216 648.492415
v 346.555642 2792.164214 740.305985
cstype bspline
deg 1
curv 0 5 2876 2877 2878 2879 2880
parm u 0 0 1 2 3 4
end
v 469.177031 755.802756 2605.072637
v 561.715629 902.560773 2393.737419
v 764.261011 758.421895 2402.318002
v 688.141411 627.808822 2586.173452
v 469.177031 755.802756 2605.072637
cstype bspline
deg 1
curv 0 5 2881 2882 2883 2884 2885
parm u 0 0 1 2 3 4
end
v 467.859858 753.721501 2602.654958
v 560.140224 900.261169 2391.708076
v 762.687977 756.133611 2400.268731
v 686.683193 625.720161 2583.85089
v 467.859858 753.721501 2602.654958
cstype bspline
deg 1
curv 0 5 2886 2887 2888 2889 2890
parm u 0 0 1 2 3 4
end
v -763.094212 2162.395992 2413.999376
v -847.798284 2024.791751 2515.849502
v -1101.8696 2175.194822 2533.177353
v -980.065861 2350.090576 2398.475968
v -763.094212 2162.395992 2413.999376
cstype bspline
deg 1
curv 0 5 2891 2892 2893 2894 2895
parm u 0 0 1 2 3 4
end
v -764.105324 2160.804309 2411.120329
v -848.849678 2023.537731 2512.802769
v -1102.68539 2173.667589 2530.202845
v -980.955146 2348.162735 2395.745883
v -764.105324 2160.804309 2411.120329
cstype bspline
deg 1
curv 0 5 2896 2897 2898 2899 2900
parm u 0 0 1 2 3 4
end
v -185.251998 2917.138357 1528.356624
v 6.593882 2871.305252 1442.510065
v 6.769489 2662.978202 1721.981865
v -130.896357 2689.941963 1791.536934
v -185.251998 2917.138357 1528.356624
cstype bspline
deg 1
curv 0 5 2901 2902 2903 2904 2905
parm u 0 0 1 2 3 4
end
v -186.286329 2914.349875 1526.592367
v 4.827422 2868.789037 1440.96111
v 4.891403 2660.674095 1720.215414
v -132.049529 2687.363262 1789.568521
v -186.286329 2914.349875 1526.592367
cstype bspline
deg 1
curv 0 5 2906 2907 2908 2909 2910
parm u 0 0 1 2 3 4
end
v 2343.35563 811.555246 1042.854869
v 2087.439366 1050.734069 1017.15276
v 2105.06853 1097.854067 851.21241
v 2378.882733 846.925469 865.585496
v 2343.35563 811.555246 1042.854869
cstype bspline
deg 1
curv 0 5 2911 2912 2913 2914 2915
parm u 0 0 1 2 3 4
end
v 2340.885585 809.395824 1041.793746
v 2085.551991 1048.05755 1016.065019
v 2103.149256 1095.15559 850.245287
v 2376.378169 844.743093 864.653639
v 2340.885585 809.395824 1041.793746
cstype bspline
deg 1
curv 0 5 2916 2917 2918 2919 2920
parm u 0 0 1 2 3 4
end
v -520.155507 -1963.11426 1597.354595
v -321.729175 -1912.897214 1672.096454
v -248.507074 -2022.614258 1412.429674
v -477.336598 -2071.082756 1347.385772
v -520.155507 -1963.11426 1597.354595
cstype bspline
deg 1
curv 0 5 2921 2922 2923 2924 2925
parm u 0 0 1 2 3 4
end
v -520.188845 -1960.013007 1595.84043
v -322.047402 -1909.822684 1670.569852
v -248.944705 -2019.464176 1411.085432
v -477.465369 -2067.892998 1346.079981
v -520.188845 -1960.013007 1595.84043
cstype bspline
deg 1
curv 0 5 2926 2927 2928 2929 2930
parm u 0 0 1 2 3 4
end
v 690.0337 630.83624 2589.87092
v 606.980056 483.550723 2744.614187
v 359.74854 588.334286 2781.23518
v 467.284747 752.775331 2601.375173
v 690.0337 630.83624 2589.87092
cstype bspline
deg 1
curv 0 5 2931 2932 2933 2934 2935
parm u 0 0 1 2 3 4
end
v 688.571775 628.741467 2587.540948
v 605.75057 481.63768 2742.029857
v 358.802259 586.505136 2778.455982
v 465.971268 750.700183 2598.964916
v 688.571775 628.741467 2587.540948
cstype bspline
deg 1
curv 0 5 2936 2937 2938 2939 2940
parm u 0 0 1 2 3 4
end
v -145.676927 -218.843322 2987.307551
v -329.463613 -156.142769 2915.178536
v -199.469893 109.543399 2893.095881
v 10.755135 3.517389 2983.689521
v -145.676927 -218.843322 2987.307551
cstype bspline
deg 1
curv 0 5 2941 2942 2943 2944 2945
parm u 0 0 1 2 3 4
end
v -144.540541 -219.332497 2984.103031
v -328.060929 -156.573516 2912.039797
v -198.595227 108.778843 2889.86255
v 11.343359 2.490939 2980.433836
v -144.540541 -219.332497 2984.103031
cstype bspline
deg 1
curv 0 5 2946 2947 2948 2949 2950
parm u 0 0 1 2 3 4
end
v -1678.606014 -1769.123962 1084.259349
v -1852.345081 -1606.408992 1044.518603
v -1732.522029 -1587.987243 1332.661327
v -1580.08531 -1738.832824 1351.400807
v -1678.606014 -1769.123962 1084.259349
cstype bspline
deg 1
curv 0 5 2951 2952 2953 2954 2955
parm u 0 0 1 2 3 4
end
v -1676.430632 -1766.639973 1083.259074
v -1849.768503 -1604.392987 1043.42098
v -1730.008752 -1586.018884 1331.354533
v -1578.0146 -1736.38322 1350.129472
v -1676.430632 -1766.639973 1083.259074
cstype bspline
deg 1
curv 0 5 2956 2957 2958 2959 2960
parm u 0 0 1 2 3 4
end
v 2228.665688 708.10983 1201.416091
v 2003.42228 915.788858 1184.786667
v 2038.31803 981.018031 988.828573
v 2278.787523 755.111117 1015.12065
v 2228.665688 708.10983 1201.416091
cstype bspline
deg 1
curv 0 5 2961 2962 2963 2964 2965
parm u 0 0 1 2 3 4
end
v 2226.281953 706.015293 1200.064124
v 2001.616567 913.182217 1183.423059
v 2036.432337 978.34342 987.741682
v 2276.315783 752.949797 1014.05862
v 2226.281953 706.015293 1200.064124
cstype bspline
deg 1
curv 0 5 2966 2967 2968 2969 2970
parm u 0 0 1 2 3 4
end
v -52.772893 2937.168411 1143.735628
v -62.629364 3058.618944 839.618975
v 115.547415 2902.477009 876.789217
v 114.101105 2806.919721 1135.738856
v -52.772893 2937.168411 1143.735628
cstype bspline
deg 1
curv 0 5 2971 2972 2973 2974 2975
parm u 0 0 1 2 3 4
end
v -54.459903 2934.405861 1142.556883
v -64.280253 3055.760404 838.5968
v 113.153383 2900.15781 875.915889
v 111.657246 2804.705716 1134.710085
v -54.459903 2934.405861 1142.556883
cstype bspline
deg 1
curv 0 5 2976 2977 2978 2979 2980
parm u 0 0 1 2 3 4
end
v 2584.327546 571.304747 806.799462
v 2537.305352 547.162292 1000.317782
v 2343.819737 811.86138 1043.005034
v 2378.418626 846.619334 865.435336
v 2584.327546 571.304747 806.799462
cstype bspline
deg 1
curv 0 5 2981 2982 2983 2984 2985
parm u 0 0 1 2 3 4
end
v 2581.395399 569.720408 805.909758
v 2534.399594 545.607979 999.298795
v 2341.348531 809.700867 1041.943449
v 2375.915223 844.43805 864.503937
v 2581.395399 569.720408 805.909758
cstype bspline
deg 1
curv 0 5 2986 2987 2988 2989 2990
parm u 0 0 1 2 3 4
end
v -440.30137 2488.240696 1971.821748
v -563.061831 2385.490023 2109.559473
v -732.928328 2564.824681 1981.268892
v -571.399722 2694.468534 1805.543487
v -440.30137 2488.240696 1971.821748
cstype bspline
deg 1
curv 0 5 2991 2992 2993 2994 2995
parm u 0 0 1 2 3 4
end
v -440.876397 2485.789371 1969.471233
v -563.756335 2383.257757 2107.015698
v -733.640062 2562.365548 1978.962681
v -571.969225 2691.822201 1803.395346
v -440.876397 2485.789371 1969.471233
cstype bspline
deg 1
curv 0 5 2996 2997 2998 2999 3000
parm u 0 0 1 2 3 4
end
v -566.280667 2376.470188 2099.541889
v -688.006366 2253.862085 2243.399766
v -873.872456 2431.985813 2158.872453
v -729.709492 2573.844508 1991.286484
v -566.280667 2376.470188 2099.541889
cstype bspline
deg 1
curv 0 5 3001 3002 3003 3004 3005
parm u 0 0 1 2 3 4
end
v -566.972098 2374.246312 2097.006646
v -688.891102 2251.931653 2240.673054
v -874.72014 2429.763895 2156.383105
v -730.424305 2571.376977 1988.97175
v -566.972098 2374.246312 2097.006646
cstype bspline
deg 1
curv 0 5 3006 3007 3008 3009 3010
parm u 0 0 1 2 3 4
end
v 2596.886978 256.139363 877.774627
v 2512.480292 238.267134 1124.860685
v 2397.279556 478.563189 1176.286286
v 2461.169747 506.601113 973.591337
v 2596.886978 256.139363 877.774627
cstype bspline
deg 1
curv 0 5 3011 3012 3013 3014 3015
parm u 0 0 1 2 3 4
end
v 2593.734904 255.155075 876.781185
v 2509.396036 237.352983 1123.61744
v 2394.455608 477.067178 1174.987181
v 2458.263225 505.046343 972.572087
v 2593.734904 255.155075 876.781185
cstype bspline
deg 1
curv 0 5 3016 3017 3018 3019 3020
parm u 0 0 1 2 3 4
end
v -19.490597 -1608.405748 2297.946553
v 50.113736 -1504.111585 2436.152321
v 324.597293 -1522.604966 2317.52541
v 212.922327 -1665.115487 2134.113022
v -19.490597 -1608.405748 2297.946553
cstype bspline
deg 1
curv 0 5 3021 3022 3023 3024 3025
parm u 0 0 1 2 3 4
end
v -20.115538 -1605.540723 2296.130994
v 49.521877 -1501.32036 2434.210313
v 323.853201 -1519.75166 2315.735978
v 212.195703 -1662.205122 2132.407829
v -20.115538 -1605.540723 2296.130994
cstype bspline
deg 1
curv 0 5 3026 3027 3028 3029 3030
parm u 0 0 1 2 3 4
end
v 33.856338 -1427.024117 2382.545743
v 74.298036 -1314.612358 2530.59
v 357.819238 -1300.274113 2475.009125
v 306.053892 -1452.454152 2273.792641
v 33.856338 -1427.024117 2382.545743
cstype bspline
deg 1
curv 0 5 3031 3032 3033 3034 3035
parm u 0 0 1 2 3 4
end
v 33.265091 -1424.235721 2380.605634
v 73.83655 -1311.912474 2528.485917
v 357.147917 -1297.49353 2473.085615
v 305.309206 -1449.598016 2272.001305
v 33.265091 -1424.235721 2380.605634
cstype bspline
deg 1
curv 0 5 3036 3037 3038 3039 3040
parm u 0 0 1 2 3 4
end
v 168.729069 1133.92643 2290.506923
v 236.778825 1261.460538 2082.595855
v 428.012267 1137.078774 2060.057465
v 341.413586 979.28476 2319.401031
v 168.729069 1133.92643 2290.506923
cstype bspline
deg 1
curv 0 5 3041 3042 3043 3044 3045
parm u 0 0 1 2 3 4
end
v 167.348609 1131.679223 2288.272992
v 234.95616 1259.315159 2080.613487
v 426.182594 1134.739773 2058.287148
v 339.874132 977.008525 2317.324901
v 167.348609 1131.679223 2288.272992
cstype bspline
deg 1
curv 0 5 3046 3047 3048 3049 3050
parm u 0 0 1 2 3 4
end
v 2156.391269 641.370743 1401.736423
v 1954.44475 827.025988 1389.222682
v 2003.651032 916.048475 1184.943094
v 2228.436934 707.85021 1201.25967
v 2156.391269 641.370743 1401.736423
cstype bspline
deg 1
curv 0 5 3051 3052 3053 3054 3055
parm u 0 0 1 2 3 4
end
v 2154.151416 639.37118 1400.038585
v 1952.729522 824.556803 1387.531361
v 2001.846725 913.443446 1183.580337
v 2226.051792 705.754065 1199.906849
v 2154.151416 639.37118 1400.038585
cstype bspline
deg 1
curv 0 5 3056 3057 3058 3059 3060
parm u 0 0 1 2 3 4
end
v -267.066542 -1816.089559 2030.111458
v -120.898223 -1710.650438 2170.157571
v 58.148299 -1794.017292 1969.360241
v -124.544707 -1907.5684 1826.267813
v -267.066542 -1816.089559 2030.111458
cstype bspline
deg 1
curv 0 5 3061 3062 3063 3064 3065
parm u 0 0 1 2 3 4
end
v -267.492261 -1813.09379 2028.454537
v -121.466639 -1707.718469 2168.431807
v 57.490161 -1791.052771 1967.722244
v -125.072106 -1904.544639 1824.694139
v -267.492261 -1813.09379 2028.454537
cstype bspline
deg 1
curv 0 5 3066 3067 3068 3069 3070
parm u 0 0 1 2 3 4
end
v 2733.666739 298.585461 681.671229
v 2677.98568 281.36792 903.292585
v 2538.149168 547.64209 1000.578509
v 2583.483727 570.824953 806.538738
v 2733.666739 298.585461 681.671229
cstype bspline
deg 1
curv 0 5 3071 3072 3073 3074 3075
parm u 0 0 1 2 3 4
end
v 2730.500395 297.535357 680.797281
v 2674.831712 280.382873 902.298603
v 2535.244537 546.088084 999.559797
v 2580.550466 569.240286 805.648762
v 2730.500395 297.535357 680.797281
cstype bspline
deg 1
curv 0 5 3076 3077 3078 3079 3080
parm u 0 0 1 2 3 4
end
v 339.667164 -642.861664 3173.079679
v 233.403232 -418.655665 3191.425204
v 460.610527 -293.949561 3177.686856
v 574.278236 -519.165434 3158.679598
v 339.667164 -642.861664 3173.079679
cstype bspline
deg 1
curv 0 5 3081 3082 3083 3084 3085
parm u 0 0 1 2 3 4
end
v 339.507885 -642.009481 3169.727853
v 233.591805 -418.709029 3187.993095
v 460.146558 -294.437209 3174.290597
v 573.46485 -518.765668 3155.363212
v 339.507885 -642.009481 3169.727853
cstype bspline
deg 1
curv 0 5 3086 3087 3088 3089 3090
parm u 0 0 1 2 3 4
end
v -305.556902 630.237273 2816.97878
v -542.271136 547.712184 2827.310041
v -565.97488 838.340788 2724.324727
v -405.901992 914.680945 2710.192117
v -305.556902 630.237273 2816.97878
cstype bspline
deg 1
curv 0 5 3091 3092 3093 3094 3095
parm u 0 0 1 2 3 4
end
v -305.336193 629.031378 2813.771628
v -541.542636 546.974728 2824.002053
v -565.738533 837.470839 2721.012348
v -405.970369 913.263787 2707.030131
v -305.336193 629.031378 2813.771628
cstype bspline
deg 1
curv 0 5 3096 3097 3098 3099 3100
parm u 0 0 1 2 3 4
end
v 1344.559256 1051.774164 1602.501467
v 1318.374418 1213.940932 1319.618638
v 1531.883476 1148.688219 1335.269424
v 1542.112705 1000.567877 1600.270261
v 1344.559256 1051.774164 1602.501467
cstype bspline
deg 1
curv 0 5 3101 3102 3103 3104 3105
parm u 0 0 1 2 3 4
end
v 1343.708429 1048.893937 1600.810783
v 1317.582668 1210.928566 1318.129294
v 1531.009205 1145.727925 1333.736073
v 1541.135396 997.776231 1598.4889
v 1343.708429 1048.893937 1600.810783
cstype bspline
deg 1
curv 0 5 3106 3107 3108 3109 3110
parm u 0 0 1 2 3 4
end
v -425.277397 2552.193285 2033.14184
v -544.968621 2443.744456 2175.915172
v -714.373093 2628.949151 2041.432603
v -556.536979 2763.484693 1861.579964
v -425.277397 2552.193285 2033.14184
cstype bspline
deg 1
curv 0 5 3111 3112 3113 3114 3115
parm u 0 0 1 2 3 4
end
v -425.852399 2549.741993 2030.791354
v -545.663137 2441.512155 2173.371367
v -715.084823 2626.490038 2039.12644
v -557.106497 2760.838318 1859.4318
v -425.852399 2549.741993 2030.791354
cstype bspline
deg 1
curv 0 5 3116 3117 3118 3119 3120
parm u 0 0 1 2 3 4
end
v -1945.771393 -1630.420379 760.069054
v -1751.398443 -1794.305939 827.581283
v -1805.800691 -1819.172331 575.65249
v -2003.404306 -1657.358673 491.218633
v -1945.771393 -1630.420379 760.069054
cstype bspline
deg 1
curv 0 5 3121 3122 3123 3124 3125
parm u 0 0 1 2 3 4
end
v -1943.242617 -1628.254819 759.146614
v -1749.220191 -1791.754703 826.794428
v -1803.644965 -1816.561454 574.968946
v -2000.970192 -1655.065249 490.397209
v -1943.242617 -1628.254819 759.146614
cstype bspline
deg 1
curv 0 5 3126 3127 3128 3129 3130
parm u 0 0 1 2 3 4
end
v -366.785548 2870.948661 1661.591492
v -185.659682 2916.739086 1528.091977
v -130.488672 2690.341239 1791.801575
v -276.841322 2651.141425 1902.457949
v -366.785548 2870.948661 1661.591492
cstype bspline
deg 1
curv 0 5 3131 3132 3133 3134 3135
parm u 0 0 1 2 3 4
end
v -367.395023 2868.17488 1659.631344
v -186.690836 2913.956224 1526.331914
v -131.64502 2687.756908 1789.82898
v -277.532633 2648.548021 1900.292486
v -367.395023 2868.17488 1659.631344
cstype bspline
deg 1
curv 0 5 3136 3137 3138 3139 3140
parm u 0 0 1 2 3 4
end
v 460.442713 -294.220914 3173.551747
v 233.571037 -418.38433 3195.560318
v 121.819662 -189.545127 3147.19115
v 343.094476 -68.763223 3125.79054
v 460.442713 -294.220914 3173.551747
cstype bspline
deg 1
curv 0 5 3141 3142 3143 3144 3145
parm u 0 0 1 2 3 4
end
v 459.979772 -294.707705 3170.175716
v 233.75859 -418.438541 3192.107977
v 122.25711 -190.279979 3143.857358
v 342.901168 -69.876028 3122.522281
v 459.979772 -294.707705 3170.175716
cstype bspline
deg 1
curv 0 5 3146 3147 3148 3149 3150
parm u 0 0 1 2 3 4
end
v 2213.310612 692.36467 1444.85101
v 2377.582051 475.655111 1432.698299
v 2247.084049 413.220134 1658.820863
v 2109.00392 597.145343 1667.404852
v 2213.310612 692.36467 1444.85101
cstype bspline
deg 1
curv 0 5 3151 3152 3153 3154 3155
parm u 0 0 1 2 3 4
end
v 2211.073992 690.367281 1443.155682
v 2374.91242 474.189601 1431.065389
v 2244.679463 411.775481 1656.823163
v 2106.957341 595.277497 1665.340409
v 2211.073992 690.367281 1443.155682
cstype bspline
deg 1
curv 0 5 3156 3157 3158 3159 3160
parm u 0 0 1 2 3 4
end
v 2511.221851 238.171428 1124.279759
v 2593.770419 0.412802 1043.616969
v 2467.161302 12.458536 1335.060648
v 2409.76846 221.012412 1370.57023
v 2511.221851 238.171428 1124.279759
cstype bspline
deg 1
curv 0 5 3161 3162 3163 3164 3165
parm u 0 0 1 2 3 4
end
v 2508.141027 237.258053 1123.037954
v 2590.55046 0.074225 1042.412732
v 2464.058997 12.070558 1333.608994
v 2406.819998 220.080078 1369.029539
v 2508.141027 237.258053 1123.037954
cstype bspline
deg 1
curv 0 5 3166 3167 3168 3169 3170
parm u 0 0 1 2 3 4
end
v -849.540163 2022.477108 2511.049803
v -927.922638 1868.155945 2591.702882
v -1217.977672 1988.459529 2643.935548
v -1100.127718 2177.50946 2537.977052
v -849.540163 2022.477108 2511.049803
cstype bspline
deg 1
curv 0 5 3171 3172 3173 3174 3175
parm u 0 0 1 2 3 4
end
v -850.588061 2021.228251 2508.013306
v -928.878667 1867.240746 2588.513065
v -1218.615398 1987.411843 2640.71472
v -1100.947019 2175.977068 2534.992313
v -850.588061 2021.228251 2508.013306
cstype bspline
deg 1
curv 0 5 3176 3177 3178 3179 3180
parm u 0 0 1 2 3 4
end
v 1540.445322 995.461234 1597.299035
v 1533.550851 1153.79487 1338.24064
v 1767.07033 1038.937797 1388.326373
v 1739.455143 904.044875 1629.23209
v 1540.445322 995.461234 1597.299035
cstype bspline
deg 1
curv 0 5 3181 3182 3183 3184 3185
parm u 0 0 1 2 3 4
end
v 1539.471076 992.678148 1595.522815
v 1532.673537 1150.826001 1336.702166
v 1765.855839 1036.148855 1386.712263
v 1738.185253 901.462719 1627.316792
v 1539.471076 992.678148 1595.522815
cstype bspline
deg 1
curv 0 5 3186 3187 3188 3189 3190
parm u 0 0 1 2 3 4
end
v -548.266547 2434.50653 2165.677413
v -664.920879 2304.265205 2314.532546
v -851.764587 2489.949878 2223.817068
v -711.075175 2638.187072 2051.67037
v -548.266547 2434.50653 2165.677413
cstype bspline
deg 1
curv 0 5 3191 3192 3193 3194 3195
parm u 0 0 1 2 3 4
end
v -548.95796 2432.282667 2163.142202
v -665.805633 2302.334771 2311.805793
v -852.612248 2487.727971 2221.327752
v -711.790008 2635.719539 2049.355596
v -548.95796 2432.282667 2163.142202
cstype bspline
deg 1
curv 0 5 3196 3197 3198 3199 3200
parm u 0 0 1 2 3 4
end
v 676.145834 -727.713152 3070.526174
v 438.346432 -853.22801 3075.432567
v 339.059901 -642.060813 3168.724169
v 574.885498 -519.966284 3163.035108
v 676.145834 -727.713152 3070.526174
cstype bspline
deg 1
curv 0 5 3201 3202 3203 3204 3205
parm u 0 0 1 2 3 4
end
v 675.027159 -726.420296 3067.543708
v 437.844014 -851.520867 3072.461907
v 338.904116 -641.213274 3165.396488
v 574.068623 -519.561873 3159.694576
v 675.027159 -726.420296 3067.543708
cstype bspline
deg 1
curv 0 5 3206 3207 3208 3209 3210
parm u 0 0 1 2 3 4
end
v -1753.497683 -1796.457503 828.307076
v -1943.67216 -1628.268812 759.343252
v -1852.251588 -1606.332507 1044.415528
v -1678.6995 -1769.200457 1084.362418
v -1753.497683 -1796.457503 828.307076
cstype bspline
deg 1
curv 0 5 3211 3212 3213 3214 3215
parm u 0 0 1 2 3 4
end
v -1751.312342 -1793.899246 827.517637
v -1941.150463 -1626.110278 758.423404
v -1849.671719 -1604.313305 1043.316652
v -1676.52742 -1766.719648 1083.363409
v -1751.312342 -1793.899246 827.517637
cstype bspline
deg 1
curv 0 5 3216 3217 3218 3219 3220
parm u 0 0 1 2 3 4
end
v -1234.261257 1962.094302 2563.225175
v -1329.926153 1763.077822 2619.950361
v -1604.575724 1806.303281 2622.309161
v -1487.740604 2046.234068 2553.847579
v -1234.261257 1962.094302 2563.225175
cstype bspline
deg 1
curv 0 5 3221 3222 3223 3224 3225
parm u 0 0 1 2 3 4
end
v -1234.900107 1961.043675 2559.99461
v -1330.291213 1762.589379 2616.562031
v -1604.18332 1805.738992 2618.921123
v -1487.681838 2044.901875 2550.67336
v -1234.900107 1961.043675 2559.99461
cstype bspline
deg 1
curv 0 5 3226 3227 3228 3229 3230
parm u 0 0 1 2 3 4
end
v 610.224444 489.614073 2753.522303
v 535.304931 326.94477 2878.346836
v 245.345555 397.071105 2922.285237
v 356.504146 582.270934 2772.327067
v 610.224444 489.614073 2753.522303
cstype bspline
deg 1
curv 0 5 3231 3232 3233 3234 3235
parm u 0 0 1 2 3 4
end
v 608.98831 487.688379 2750.919342
v 534.343806 325.175146 2875.5643
v 244.878927 395.471585 2919.247223
v 355.564512 580.454441 2769.566498
v 608.98831 487.688379 2750.919342
cstype bspline
deg 1
curv 0 5 3236 3237 3238 3239 3240
parm u 0 0 1 2 3 4
end
v -1578.26476 -1736.64314 1350.439996
v -1388.254696 -1867.126141 1362.153755
v -1464.13194 -1917.625565 1104.040466
v -1680.426576 -1771.313639 1085.220158
v -1578.26476 -1736.64314 1350.439996
cstype bspline
deg 1
curv 0 5 3241 3242 3243 3244 3245
parm u 0 0 1 2 3 4
end
v -1576.195649 -1734.195605 1349.169597
v -1386.66365 -1864.335395 1360.889852
v -1462.420255 -1914.79522 1103.071078
v -1678.249591 -1768.82758 1084.218954
v -1576.195649 -1734.195605 1349.169597
cstype bspline
deg 1
curv 0 5 3246 3247 3248 3249 3250
parm u 0 0 1 2 3 4
end
v 204.751104 1192.56658 2348.769121
v 284.319291 1317.439524 2134.322432
v 475.737433 1198.084158 2106.220292
v 381.553668 1038.640686 2373.576348
v 204.751104 1192.56658 2348.769121
cstype bspline
deg 1
curv 0 5 3251 3252 3253 3254 3255
parm u 0 0 1 2 3 4
end
v 203.370722 1190.319469 2346.535278
v 282.49655 1315.294053 2132.339969
v 473.907832 1195.745252 2104.45007
v 380.014129 1036.36436 2371.500131
v 203.370722 1190.319469 2346.535278
cstype bspline
deg 1
curv 0 5 3256 3257 3258 3259 3260
parm u 0 0 1 2 3 4
end
v 49.247601 -1499.740655 2433.158251
v 86.334513 -1385.016913 2585.473828
v 375.302282 -1372.81878 2525.188527
v 325.463421 -1526.9759 2320.519477
v 49.247601 -1499.740655 2433.158251
cstype bspline
deg 1
curv 0 5 3261 3262 3263 3264 3265
parm u 0 0 1 2 3 4
end
v 48.656358 -1496.952289 2431.218162
v 85.873014 -1382.317001 2583.369726
v 374.630973 -1370.038223 2523.26504
v 324.718721 -1524.119729 2318.728132
v 48.656358 -1496.952289 2431.218162
cstype bspline
deg 1
curv 0 5 3266 3267 3268 3269 3270
parm u 0 0 1 2 3 4
end
v 1736.926251 898.391975 1625.580989
v 1769.599224 1044.590686 1391.977491
v 1997.96727 889.206429 1431.733938
v 1929.294538 769.030148 1656.899718
v 1736.926251 898.391975 1625.580989
cstype bspline
deg 1
curv 0 5 3271 3272 3273 3274 3275
parm u 0 0 1 2 3 4
end
v 1735.661424 895.820492 1623.672685
v 1768.379672 1041.791082 1390.356367
v 1996.255177 886.742364 1430.046223
v 1927.649204 766.769595 1654.867845
v 1735.661424 895.820492 1623.672685
cstype bspline
deg 1
curv 0 5 3276 3277 3278 3279 3280
parm u 0 0 1 2 3 4
end
v 2050.71685 984.088559 1220.491045
v 1794.521508 1145.136297 1166.697311
v 1823.515682 1218.061212 957.54781
v 2087.316434 1050.491764 1017.049181
v 2050.71685 984.088559 1220.491045
cstype bspline
deg 1
curv 0 5 3281 3282 3283 3284 3285
parm u 0 0 1 2 3 4
end
v 2048.912952 981.484592 1219.128638
v 1793.268759 1142.212925 1165.357447
v 1822.180542 1215.080289 956.442417
v 2085.428925 1047.81448 1015.961088
v 2048.912952 981.484592 1219.128638
cstype bspline
deg 1
curv 0 5 3286 3287 3288 3289 3290
parm u 0 0 1 2 3 4
end
v 1537.245076 1261.480852 1095.223023
v 1562.653445 1345.245955 860.992555
v 1823.430627 1217.965228 957.502313
v 1794.606564 1145.232284 1166.742801
v 1537.245076 1261.480852 1095.223023
cstype bspline
deg 1
curv 0 5 3291 3292 3293 3294 3295
parm u 0 0 1 2 3 4
end
v 1536.358007 1258.415404 1093.907688
v 1561.681135 1342.141481 859.849946
v 1822.09434 1214.981811 956.395901
v 1793.354969 1142.311405 1165.403952
v 1536.358007 1258.415404 1093.907688
cstype bspline
deg 1
curv 0 5 3296 3297 3298 3299 3300
parm u 0 0 1 2 3 4
end
v 2538.428138 547.921905 1000.751347
v 2469.50163 516.855683 1209.602478
v 2291.420333 763.132835 1236.938048
v 2342.696937 811.101788 1042.571467
v 2538.428138 547.921905 1000.751347
cstype bspline
deg 1
curv 0 5 3301 3302 3303 3304 3305
parm u 0 0 1 2 3 4
end
v 2535.521293 546.366791 999.731915
v 2466.678007 515.360015 1208.303552
v 2289.034955 761.036724 1235.585252
v 2340.226833 808.942052 1041.510335
v 2535.521293 546.366791 999.731915
cstype bspline
deg 1
curv 0 5 3306 3307 3308 3309 3310
parm u 0 0 1 2 3 4
end
v 1531.877821 1149.052479 1335.570603
v 1537.698433 1262.852063 1095.899977
v 1794.153207 1143.861073 1166.065845
v 1768.743359 1043.680188 1390.99641
v 1531.877821 1149.052479 1335.570603
cstype bspline
deg 1
curv 0 5 3311 3312 3313 3314 3315
parm u 0 0 1 2 3 4
end
v 1531.003246 1146.090656 1334.036351
v 1536.81129 1259.786539 1094.584503
v 1792.901679 1140.940268 1164.727146
v 1767.526139 1040.88419 1389.378089
v 1531.003246 1146.090656 1334.036351
cstype bspline
deg 1
curv 0 5 3316 3317 3318 3319 3320
parm u 0 0 1 2 3 4
end
v 2335.898488 20.069127 1594.179171
v 2466.267608 12.718226 1334.459748
v 2501.523492 -219.477745 1288.9183
v 2337.759797 -166.428262 1610.465726
v 2335.898488 20.069127 1594.179171
cstype bspline
deg 1
curv 0 5 3321 3322 3323 3324 3325
parm u 0 0 1 2 3 4
end
v 2332.994015 19.515797 1592.379812
v 2463.172085 12.33015 1333.011784
v 2498.369014 -219.267401 1287.512138
v 2334.787316 -166.439378 1608.737133
v 2332.994015 19.515797 1592.379812
cstype bspline
deg 1
curv 0 5 3326 3327 3328 3329 3330
parm u 0 0 1 2 3 4
end
v 1174.901589 1069.228005 1655.570836
v 1344.180531 1050.67849 1601.792075
v 1317.110573 1209.144022 1317.147983
v 1116.715683 1258.785912 1328.607385
v 1174.901589 1069.228005 1655.570836
cstype bspline
deg 1
curv 0 5 3331 3332 3333 3334 3335
parm u 0 0 1 2 3 4
end
v 1175.850504 1072.094111 1657.236406
v 1345.032395 1053.562381 1603.484788
v 1317.901292 1212.152708 1318.635323
v 1117.762861 1261.740113 1330.051323
v 1175.850504 1072.094111 1657.236406
cstype bspline
deg 1
curv 0 5 3336 3337 3338 3339 3340
parm u 0 0 1 2 3 4
end
v -2013.143632 -1008.911592 1391.056731
v -1864.20394 -1040.324493 1654.46903
v -1856.176833 -1259.569792 1606.366916
v -1999.899255 -1234.310825 1350.73465
v -2013.143632 -1008.911592 1391.056731
cstype bspline
deg 1
curv 0 5 3341 3342 3343 3344 3345
parm u 0 0 1 2 3 4
end
v -2010.134657 -1008.496107 1389.425118
v -1861.349632 -1039.978258 1652.558044
v -1853.33973 -1258.810559 1604.565019
v -1996.888699 -1233.529033 1349.234429
v -2010.134657 -1008.496107 1389.425118
cstype bspline
deg 1
curv 0 5 3346 3347 3348 3349 3350
parm u 0 0 1 2 3 4
end
v 175.019424 716.076914 2747.887413
v 43.341986 526.626452 2872.715128
v -134.875114 768.315193 2764.919398
v -4.116999 914.003408 2664.542519
v 175.019424 716.076914 2747.887413
cstype bspline
deg 1
curv 0 5 3351 3352 3353 3354 3355
parm u 0 0 1 2 3 4
end
v 174.29515 714.273329 2745.039053
v 43.138531 525.185901 2869.585214
v -135.064227 766.710826 2761.873771
v -4.67983 912.072622 2661.736336
v 174.29515 714.273329 2745.039053
cstype bspline
deg 1
curv 0 5 3356 3357 3358 3359 3360
parm u 0 0 1 2 3 4
end
v -519.310045 -2044.032244 1636.854681
v -313.4301 -1993.123759 1711.921567
v -237.116683 -2104.768573 1447.498354
v -474.008229 -2154.268291 1381.44952
v -519.310045 -2044.032244 1636.854681
cstype bspline
deg 1
curv 0 5 3361 3362 3363 3364 3365
parm u 0 0 1 2 3 4
end
v -519.343383 -2040.930998 1635.340518
v -313.748334 -1990.049221 1710.394967
v -237.554317 -2101.618499 1446.154114
v -474.137003 -2151.078522 1380.143735
v -519.343383 -2040.930998 1635.340518
cstype bspline
deg 1
curv 0 5 3366 3367 3368 3369 3370
parm u 0 0 1 2 3 4
end
v 1150.175905 994.430716 1612.124186
v 1321.960896 975.428903 1557.632165
v 1296.472783 1130.645559 1278.348062
v 1089.355429 1181.719916 1290.939663
v 1150.175905 994.430716 1612.124186
cstype bspline
deg 1
curv 0 5 3371 3372 3373 3374 3375
parm u 0 0 1 2 3 4
end
v 1151.124829 997.296865 1613.789768
v 1322.812755 978.312756 1559.324852
v 1297.2635 1133.654287 1279.835423
v 1090.402596 1184.674079 1292.383578
v 1151.124829 997.296865 1613.789768
cstype bspline
deg 1
curv 0 5 3376 3377 3378 3379 3380
parm u 0 0 1 2 3 4
end
v -1121.837486 2137.083039 2458.906682
v -1234.330396 1961.630091 2561.117246
v -1487.671475 2046.698281 2555.955507
v -1364.939772 2261.907434 2432.783995
v -1121.837486 2137.083039 2458.906682
cstype bspline
deg 1
curv 0 5 3381 3382 3383 3384 3385
parm u 0 0 1 2 3 4
end
v -1122.655224 2135.553981 2455.929442
v -1234.969687 1960.579081 2557.888914
v -1487.612261 2045.366476 2552.779055
v -1365.161091 2259.954077 2429.942626
v -1122.655224 2135.553981 2455.929442
cstype bspline
deg 1
curv 0 5 3386 3387 3388 3389 3390
parm u 0 0 1 2 3 4
end
v 1575.130238 -1057.674164 1951.42967
v 1784.278044 -957.944734 1860.020281
v 1791.317742 -1093.967134 1632.863747
v 1563.166712 -1202.481847 1733.022598
v 1575.130238 -1057.674164 1951.42967
cstype bspline
deg 1
curv 0 5 3391 3392 3393 3394 3395
parm u 0 0 1 2 3 4
end
v 1573.388721 -1055.24341 1949.711111
v 1782.255893 -955.684076 1858.373609
v 1789.33208 -1091.493413 1631.508348
v 1561.44143 -1199.875491 1731.558788
v 1573.388721 -1055.24341 1949.711111
cstype bspline
deg 1
curv 0 5 3396 3397 3398 3399 3400
parm u 0 0 1 2 3 4
end
v -321.288004 -520.412925 2934.026653
v -484.52246 -480.065343 2853.849324
v -326.618085 -157.776207 2906.983683
v -148.522454 -217.209871 2995.502402
v -321.288004 -520.412925 2934.026653
cstype bspline
deg 1
curv 0 5 3401 3402 3403 3404 3405
parm u 0 0 1 2 3 4
end
v -319.942601 -520.553188 2930.859058
v -482.887399 -480.29813 2850.813792
v -325.221896 -158.203582 2903.863697
v -147.379596 -217.70243 2992.27912
v -319.942601 -520.553188 2930.859058
cstype bspline
deg 1
curv 0 5 3406 3407 3408 3409 3410
parm u 0 0 1 2 3 4
end
v 2471.200574 518.012105 1210.484
v 2375.149118 473.949078 1431.02857
v 2215.743539 694.070701 1446.520748
v 2289.721379 761.976427 1236.056527
v 2471.200574 518.012105 1210.484
cstype bspline
deg 1
curv 0 5 3411 3412 3413 3414 3415
parm u 0 0 1 2 3 4
end
v 2468.373344 516.513912 1209.183059
v 2372.486112 472.488286 1429.400195
v 2213.500302 692.068594 1444.820874
v 2287.339635 759.88281 1234.705733
v 2468.373344 516.513912 1209.183059
cstype bspline
deg 1
curv 0 5 3416 3417 3418 3419 3420
parm u 0 0 1 2 3 4
end
v 520.2262 841.916327 2340.43812
v 608.166461 987.396421 2075.979844
v 788.171513 813.717107 2145.27113
v 723.656697 699.322197 2349.213979
v 520.2262 841.916327 2340.43812
cstype bspline
deg 1
curv 0 5 3421 3422 3423 3424 3425
parm u 0 0 1 2 3 4
end
v 518.650833 839.616783 2338.408581
v 606.452762 984.953777 2074.246203
v 786.62154 811.245684 2143.432267
v 722.083624 697.033862 2347.164892
v 518.650833 839.616783 2338.408581
cstype bspline
deg 1
curv 0 5 3426 3427 3428 3429 3430
parm u 0 0 1 2 3 4
end
v 537.944362 333.17871 2888.988289
v 523.88189 153.893795 2987.512447
v 237.852565 161.653327 3035.210453
v 242.706114 390.837155 2911.643793
v 537.944362 333.17871 2888.988289
cstype bspline
deg 1
curv 0 5 3431 3432 3433 3434 3435
parm u 0 0 1 2 3 4
end
v 536.9771 331.394583 2886.180464
v 523.081576 152.312693 2984.569781
v 237.740767 160.234427 3032.05107
v 242.245638 389.25214 2908.631063
v 536.9771 331.394583 2886.180464
cstype bspline
deg 1
curv 0 5 3436 3437 3438 3439 3440
parm u 0 0 1 2 3 4
end
v 1116.688256 1258.682774 1328.569707
v 1317.138002 1209.247154 1317.185671
v 1323.721458 1331.360507 1043.54432
v 1118.153623 1404.083099 1006.578419
v 1116.688256 1258.682774 1328.569707
cstype bspline
deg 1
curv 0 5 3441 3442 3443 3444 3445
parm u 0 0 1 2 3 4
end
v 1117.735156 1261.635958 1330.013087
v 1317.928991 1212.256871 1318.673544
v 1324.526164 1334.448456 1044.852574
v 1119.221958 1407.102571 1007.863677
v 1117.735156 1261.635958 1330.013087
cstype bspline
deg 1
curv 0 5 3446 3447 3448 3449 3450
parm u 0 0 1 2 3 4
end
v 765.77946 -908.692272 2917.603024
v 524.113197 -1032.854361 2915.167238
v 437.466976 -851.590711 3072.065176
v 677.025307 -729.350448 3073.893561
v 765.77946 -908.692272 2917.603024
cstype bspline
deg 1
curv 0 5 3451 3452 3453 3454 3455
parm u 0 0 1 2 3 4
end
v 764.479226 -906.726488 2915.095713
v 523.339217 -1030.556468 2912.699942
v 436.969477 -849.892507 3069.113771
v 675.901711 -728.048655 3070.891839
v 764.479226 -906.726488 2915.095713
cstype bspline
deg 1
curv 0 5 3456 3457 3458 3459 3460
parm u 0 0 1 2 3 4
end
v -1788.696074 -1031.151088 1604.162059
v -1539.99525 -1140.432646 1904.645438
v -1556.532004 -1273.897189 1849.844684
v -1783.14955 -1239.911158 1559.813281
v -1788.696074 -1031.151088 1604.162059
cstype bspline
deg 1
curv 0 5 3461 3462 3463 3464 3465
parm u 0 0 1 2 3 4
end
v -1785.843826 -1030.805236 1602.252147
v -1537.286955 -1140.051947 1902.543746
v -1553.853591 -1273.080622 1847.827222
v -1780.310385 -1239.151559 1558.010307
v -1785.843826 -1030.805236 1602.252147
cstype bspline
deg 1
curv 0 5 3466 3467 3468 3469 3470
parm u 0 0 1 2 3 4
end
v -1679.04069 -1769.382031 1084.483306
v -1465.517825 -1919.557174 1104.777315
v -1527.175452 -1952.99141 856.67227
v -1753.156492 -1796.275926 828.186197
v -1679.04069 -1769.382031 1084.483306
cstype bspline
deg 1
curv 0 5 3471 3472 3473 3474 3475
parm u 0 0 1 2 3 4
end
v -1676.864854 -1766.897586 1083.482809
v -1463.804985 -1916.725215 1103.807234
v -1525.378529 -1950.143677 855.925254
v -1750.974908 -1793.72131 827.39823
v -1676.864854 -1766.897586 1083.482809
cstype bspline
deg 1
curv 0 5 3476 3477 3478 3479 3480
parm u 0 0 1 2 3 4
end
v -222.184596 3068.042493 1251.9231
v -7.524304 3010.895251 1175.109249
v 7.174771 2872.284681 1443.279431
v -185.832897 2916.158925 1527.587271
v -222.184596 3068.042493 1251.9231
cstype bspline
deg 1
curv 0 5 3481 3482 3483 3484 3485
parm u 0 0 1 2 3 4
end
v -223.104438 3065.010865 1250.546605
v -9.211888 3008.133911 1173.931424
v 5.403374 2869.758917 1441.724452
v -186.862275 2913.380008 1525.828998
v -223.104438 3065.010865 1250.546605
cstype bspline
deg 1
curv 0 5 3486 3487 3488 3489 3490
parm u 0 0 1 2 3 4
end
v 2342.513295 -166.521884 1612.835812
v 2496.769996 -219.384121 1286.548209
v 2446.509383 -414.4418 1332.59205
v 2301.484833 -337.462242 1647.096929
v 2342.513295 -166.521884 1612.835812
cstype bspline
deg 1
curv 0 5 3491 3492 3493 3494 3495
parm u 0 0 1 2 3 4
end
v 2339.52179 -166.532395 1611.097649
v 2493.634538 -219.174391 1285.151628
v 2443.459295 -413.610526 1331.184916
v 2298.554465 -336.912671 1645.381354
v 2339.52179 -166.532395 1611.097649
cstype bspline
deg 1
curv 0 5 3496 3497 3498 3499 3500
parm u 0 0 1 2 3 4
end
v -995.807697 1706.519499 2646.086743
v -1319.534029 1777.148717 2713.733815
v -1218.379956 1988.191371 2642.111401
v -927.520343 1868.424108 2593.527025
v -995.807697 1706.519499 2646.086743
cstype bspline
deg 1
curv 0 5 3501 3502 3503 3504 3505
parm u 0 0 1 2 3 4
end
v -996.539082 1705.94245 2642.7702
v -1319.900286 1776.657402 2710.333804
v -1219.017598 1987.143631 2638.892512
v -928.476462 1867.508966 2590.33527
v -996.539082 1705.94245 2642.7702
cstype bspline
deg 1
curv 0 5 3506 3507 3508 3509 3510
parm u 0 0 1 2 3 4
end
v 523.329981 -1031.250502 2913.206747
v 766.562682 -910.296124 2919.563519
v 843.921776 -1049.244642 2731.009972
v 596.898616 -1178.366441 2717.805703
v 523.329981 -1031.250502 2913.206747
cstype bspline
deg 1
curv 0 5 3511 3512 3513 3514 3515
parm u 0 0 1 2 3 4
end
v 522.56007 -1028.960836 2910.749969
v 765.258362 -908.322129 2917.045683
v 842.546403 -1046.872944 2728.923552
v 595.938057 -1175.753765 2715.759551
v 522.56007 -1028.960836 2910.749969
cstype bspline
deg 1
curv 0 5 3516 3517 3518 3519 3520
parm u 0 0 1 2 3 4
end
v 2468.44792 516.601371 1209.064799
v 2595.474039 263.131291 1158.400901
v 2482.807297 244.195117 1409.031839
v 2377.901769 475.35981 1432.447781
v 2468.44792 516.601371 1209.064799
cstype bspline
deg 1
curv 0 5 3521 3522 3523 3524 3525
parm u 0 0 1 2 3 4
end
v 2465.628055 515.107102 1207.767711
v 2592.385698 262.215409 1157.155629
v 2479.866335 243.265301 1407.494647
v 2375.231401 473.895098 1430.815542
v 2465.628055 515.107102 1207.767711
cstype bspline
deg 1
curv 0 5 3526 3527 3528 3529 3530
parm u 0 0 1 2 3 4
end
v 1767.577967 1040.912708 1389.586814
v 1795.318599 1146.628553 1167.475442
v 2049.919761 982.596303 1219.712912
v 1999.98852 892.884414 1434.124609
v 1767.577967 1040.912708 1389.586814
cstype bspline
deg 1
curv 0 5 3531 3532 3533 3534 3535
parm u 0 0 1 2 3 4
end
v 1766.362366 1038.119895 1387.970173
v 1794.065452 1143.704569 1166.135049
v 2048.116271 979.992941 1218.351036
v 1998.272478 890.413552 1432.432419
v 1766.362366 1038.119895 1387.970173
cstype bspline
deg 1
curv 0 5 3536 3537 3538 3539 3540
parm u 0 0 1 2 3 4
end
v -1752.696469 -1795.648562 827.996245
v -1527.635469 -1953.618778 856.862218
v -1577.807798 -1975.627077 609.86081
v -1804.502668 -1817.829709 575.23752
v -1752.696469 -1795.648562 827.996245
cstype bspline
deg 1
curv 0 5 3541 3542 3543 3544 3545
parm u 0 0 1 2 3 4
end
v -1750.514746 -1793.093761 827.208255
v -1525.838678 -1950.771236 856.115227
v -1575.967865 -1972.781265 609.215462
v -1802.350407 -1815.222401 574.555103
v -1750.514746 -1793.093761 827.208255
cstype bspline
deg 1
curv 0 5 3546 3547 3548 3549 3550
parm u 0 0 1 2 3 4
end
v -1851.636328 -1605.700367 1044.177639
v -1987.971012 -1421.682199 993.587501
v -1849.810155 -1413.54412 1314.392358
v -1733.230784 -1588.695869 1333.002284
v -1851.636328 -1605.700367 1044.177639
cstype bspline
deg 1
curv 0 5 3551 3552 3553 3554 3555
parm u 0 0 1 2 3 4
end
v -1849.058287 -1603.683587 1043.079392
v -1985.103741 -1420.218513 992.355907
v -1846.958681 -1412.173823 1313.006384
v -1730.718976 -1586.728284 1331.696108
v -1849.058287 -1603.683587 1043.079392
cstype bspline
deg 1
curv 0 5 3556 3557 3558 3559 3560
parm u 0 0 1 2 3 4
end
v -175.359475 -206.101295 3070.903237
v -366.031068 -144.906273 2997.060875
v -222.246191 129.513947 2977.439613
v -4.587698 30.337869 3068.620936
v -175.359475 -206.101295 3070.903237
cstype bspline
deg 1
curv 0 5 3561 3562 3563 3564 3565
parm u 0 0 1 2 3 4
end
v -174.223109 -206.590467 3067.698803
v -364.628376 -145.337026 2993.922046
v -221.371541 128.74938 2974.206373
v -3.999465 29.311408 3065.365163
v -174.223109 -206.590467 3067.698803
cstype bspline
deg 1
curv 0 5 3566 3567 3568 3569 3570
parm u 0 0 1 2 3 4
end
v -814.369708 469.495545 2636.119854
v -1051.327473 484.362121 2559.03542
v -898.875572 814.962339 2607.062724
v -744.307934 793.217583 2657.400413
v -814.369708 469.495545 2636.119854
cstype bspline
deg 1
curv 0 5 3571 3572 3573 3574 3575
parm u 0 0 1 2 3 4
end
v -813.188457 469.329733 2632.897107
v -1049.942326 484.699812 2555.879014
v -897.913058 815.192998 2603.77211
v -743.690369 793.027936 2653.997912
v -813.188457 469.329733 2632.897107
cstype bspline
deg 1
curv 0 5 3576 3577 3578 3579 3580
parm u 0 0 1 2 3 4
end
v -434.023641 3035.528756 1399.339214
v -221.486046 3071.168762 1253.644538
v -186.531456 2913.032661 1525.865829
v -365.913778 2874.655086 1663.81764
v -434.023641 3035.528756 1399.339214
cstype bspline
deg 1
curv 0 5 3581 3582 3583 3584 3585
parm u 0 0 1 2 3 4
end
v -434.489843 3032.496888 1397.763501
v -222.404606 3068.140068 1252.269349
v -187.562118 2910.250796 1524.106274
v -366.523744 2871.880306 1661.856989
v -434.489843 3032.496888 1397.763501
cstype bspline
deg 1
curv 0 5 3586 3587 3588 3589 3590
parm u 0 0 1 2 3 4
end
v 1089.339296 1181.657996 1290.923044
v 1296.488911 1130.707487 1278.364668
v 1302.700629 1250.790808 1009.419929
v 1090.258442 1325.346153 973.044673
v 1089.339296 1181.657996 1290.923044
cstype bspline
deg 1
curv 0 5 3591 3592 3593 3594 3595
parm u 0 0 1 2 3 4
end
v 1090.386192 1184.611177 1292.366412
v 1297.279913 1133.7172 1279.852563
v 1303.505333 1253.87875 1010.72824
v 1091.32678 1328.365637 974.329925
v 1090.386192 1184.611177 1292.366412
cstype bspline
deg 1
curv 0 5 3596 3597 3598 3599 3600
parm u 0 0 1 2 3 4
end
v -520.464047 69.586486 2810.624623
v -490.496807 273.427437 2779.232554
v -187.823411 336.156791 2849.585077
v -199.029997 109.318056 2890.556045
v -520.464047 69.586486 2810.624623
cstype bspline
deg 1
curv 0 5 3601 3602 3603 3604 3605
parm u 0 0 1 2 3 4
end
v -519.148043 69.301182 2807.425223
v -489.469064 272.951014 2775.995676
v -187.394124 335.178133 2846.283137
v -198.156569 108.554531 2887.328926
v -519.148043 69.301182 2807.425223
cstype bspline
deg 1
curv 0 5 3606 3607 3608 3609 3610
parm u 0 0 1 2 3 4
end
v 561.301534 901.938041 2393.388955
v 652.864564 1051.140327 2121.204309
v 828.588648 878.203661 2193.245646
v 764.675112 759.044626 2402.666464
v 561.301534 901.938041 2393.388955
cstype bspline
deg 1
curv 0 5 3611 3612 3613 3614 3615
parm u 0 0 1 2 3 4
end
v 559.726178 899.638506 2391.35943
v 651.150856 1048.697674 2119.470652
v 827.038677 875.732258 2191.406792
v 763.102035 756.756271 2400.617371
v 559.726178 899.638506 2391.35943
cstype bspline
deg 1
curv 0 5 3616 3617 3618 3619 3620
parm u 0 0 1 2 3 4
end
v 1117.993957 1403.502002 1006.337215
v 1323.881125 1331.9416 1043.785532
v 1357.880677 1428.90044 772.600091
v 1166.871359 1521.090038 672.069345
v 1117.993957 1403.502002 1006.337215
cstype bspline
deg 1
curv 0 5 3621 3622 3623 3624 3625
parm u 0 0 1 2 3 4
end
v 1119.062224 1406.521152 1007.622331
v 1324.685902 1335.029874 1045.093921
v 1358.73996 1432.027008 773.777855
v 1167.928096 1524.152923 673.258217
v 1119.062224 1406.521152 1007.622331
cstype bspline
deg 1
curv 0 5 3626 3627 3628 3629 3630
parm u 0 0 1 2 3 4
end
v 2380.353307 -352.198795 1693.060526
v 2523.652629 -435.703302 1368.088778
v 2380.378696 -613.567932 1528.502546
v 2284.478807 -515.662292 1772.432025
v 2380.353307 -352.198795 1693.060526
cstype bspline
deg 1
curv 0 5 3631 3632 3633 3634 3635
parm u 0 0 1 2 3 4
end
v 2377.406721 -351.645666 1691.336676
v 2520.618747 -434.875574 1366.689944
v 2377.533674 -612.235512 1527.055181
v 2281.694921 -514.643159 1770.683832
v 2377.406721 -351.645666 1691.336676
cstype bspline
deg 1
curv 0 5 3636 3637 3638 3639 3640
parm u 0 0 1 2 3 4
end
v 343.188929 -69.458168 3123.091193
v 121.725218 -188.850199 3149.890504
v -2.406771 28.420744 3060.955693
v 236.910763 159.397864 3031.278925
v 343.188929 -69.458168 3123.091193
cstype bspline
deg 1
curv 0 5 3641 3642 3643 3644 3645
parm u 0 0 1 2 3 4
end
v 342.995349 -70.568408 3119.833974
v 122.162936 -189.5876 3146.545666
v -1.823011 27.398384 3057.716788
v 236.801605 157.984674 3028.129403
v 342.995349 -70.568408 3119.833974
cstype bspline
deg 1
curv 0 5 3646 3647 3648 3649 3650
parm u 0 0 1 2 3 4
end
v -2011.718366 -1686.939327 784.132232
v -1808.209293 -1860.855344 848.107266
v -1862.073828 -1887.273318 593.482271
v -2066.904608 -1717.24011 512.647418
v -2011.718366 -1686.939327 784.132232
cstype bspline
deg 1
curv 0 5 3651 3652 3653 3654 3655
parm u 0 0 1 2 3 4
end
v -2009.189609 -1684.773804 783.209801
v -1806.03101 -1858.304077 847.320413
v -1859.918126 -1884.662474 592.798733
v -2064.47047 -1714.946648 511.826031
v -2009.189609 -1684.773804 783.209801
cstype bspline
deg 1
curv 0 5 3656 3657 3658 3659 3660
parm u 0 0 1 2 3 4
end
v -573.38725 2687.240611 1798.643124
v -381.706414 2802.343616 1613.682927
v -295.846235 2579.707408 1842.742123
v -438.313835 2495.468617 1978.72211
v -573.38725 2687.240611 1798.643124
cstype bspline
deg 1
curv 0 5 3661 3662 3663 3664 3665
parm u 0 0 1 2 3 4
end
v -573.954883 2684.600861 1796.500795
v -382.316512 2799.56735 1611.720765
v -296.536924 2577.116485 1840.578679
v -438.890731 2493.010706 1976.365788
v -573.954883 2684.600861 1796.500795
cstype bspline
deg 1
curv 0 5 3666 3667 3668 3669 3670
parm u 0 0 1 2 3 4
end
v 2108.038864 596.62672 1666.738724
v 1927.519814 766.117664 1654.778121
v 1999.741993 892.118907 1433.855542
v 2214.27567 692.88329 1445.517138
v 2108.038864 596.62672 1666.738724
cstype bspline
deg 1
curv 0 5 3671 3672 3673 3674 3675
parm u 0 0 1 2 3 4
end
v 2105.994956 594.760435 1664.676186
v 1925.878169 763.862864 1652.750446
v 1998.026202 889.64911 1432.163614
v 2212.036379 690.884343 1443.819903
v 2105.994956 594.760435 1664.676186
cstype bspline
deg 1
curv 0 5 3676 3677 3678 3679 3680
parm u 0 0 1 2 3 4
end
v 2679.146932 281.840859 903.692029
v 2592.980103 262.124233 1157.290938
v 2470.941856 517.608422 1210.174766
v 2536.987912 547.169166 1000.179058
v 2679.146932 281.840859 903.692029
cstype bspline
deg 1
curv 0 5 3681 3682 3683 3684 3685
parm u 0 0 1 2 3 4
end
v 2675.994883 280.856567 902.698595
v 2589.895825 261.210083 1156.04768
v 2468.11793 516.112428 1208.875657
v 2534.081373 545.614381 999.1598
v 2675.994883 280.856567 902.698595
cstype bspline
deg 1
curv 0 5 3686 3687 3688 3689 3690
parm u 0 0 1 2 3 4
end
v -1957.515808 1533.446673 2527.025711
v -2150.521219 1544.071154 2418.325851
v -2062.34979 1854.819718 2442.926836
v -1858.732166 1833.116074 2558.436686
v -1957.515808 1533.446673 2527.025711
cstype bspline
deg 1
curv 0 5 3691 3692 3693 3694 3695
parm u 0 0 1 2 3 4
end
v -1956.061153 1533.689565 2523.917085
v -2148.483689 1544.263802 2415.536772
v -2060.565057 1854.066524 2440.082613
v -1857.565708 1832.439579 2555.251379
v -1956.061153 1533.689565 2523.917085
cstype bspline
deg 1
curv 0 5 3696 3697 3698 3699 3700
parm u 0 0 1 2 3 4
end
v -845.184915 473.800751 2720.191245
v -1087.461488 475.560822 2641.377358
v -924.003273 808.937463 2692.904136
v -760.42047 798.16628 2746.165689
v -845.184915 473.800751 2720.191245
cstype bspline
deg 1
curv 0 5 3701 3702 3703 3704 3705
parm u 0 0 1 2 3 4
end
v -844.003671 473.634957 2716.968513
v -1086.076324 475.898493 2638.22094
v -923.040783 809.168157 2689.613532
v -759.802874 797.976621 2742.76318
v -844.003671 473.634957 2716.968513
cstype bspline
deg 1
curv 0 5 3706 3707 3708 3709 3710
parm u 0 0 1 2 3 4
end
v -1735.326804 -1833.934696 1110.354884
v -1919.552024 -1658.992789 1073.150854
v -1798.088519 -1639.340952 1366.755514
v -1634.126249 -1802.717394 1384.566623
v -1735.326804 -1833.934696 1110.354884
cstype bspline
deg 1
curv 0 5 3711 3712 3713 3714 3715
parm u 0 0 1 2 3 4
end
v -1733.1514 -1831.450698 1109.354604
v -1916.97547 -1656.976792 1072.053233
v -1795.57523 -1637.372573 1365.448716
v -1632.055546 -1800.267813 1383.295291
v -1733.1514 -1831.450698 1109.354604
cstype bspline
deg 1
curv 0 5 3716 3717 3718 3719 3720
parm u 0 0 1 2 3 4
end
v 1090.100906 1324.774903 972.807978
v 1302.858153 1251.36206 1009.656628
v 1335.477867 1347.327641 741.872416
v 1139.287848 1441.231195 641.059652
v 1090.100906 1324.774903 972.807978
cstype bspline
deg 1
curv 0 5 3721 3722 3723 3724 3725
parm u 0 0 1 2 3 4
end
v 1091.169167 1327.794035 974.09309
v 1303.662942 1254.450347 1010.965088
v 1336.337135 1350.454193 743.050178
v 1140.344589 1444.294099 642.248526
v 1091.169167 1327.794035 974.09309
cstype bspline
deg 1
curv 0 5 3726 3727 3728 3729 3730
parm u 0 0 1 2 3 4
end
v -1386.550562 -1864.249751 1361.043717
v -1167.328265 -1969.945315 1357.771712
v -1217.882595 -2042.59155 1094.533943
v -1465.836073 -1920.501959 1105.150493
v -1386.550562 -1864.249751 1361.043717
cstype bspline
deg 1
curv 0 5 3731 3732 3733 3734 3735
parm u 0 0 1 2 3 4
end
v -1384.962344 -1861.464039 1359.78179
v -1166.213356 -1966.9322 1356.50349
v -1216.655697 -2039.528497 1093.536666
v -1464.121556 -1917.666574 1104.179154
v -1384.962344 -1861.464039 1359.78179
cstype bspline
deg 1
curv 0 5 3736 3737 3738 3739 3740
parm u 0 0 1 2 3 4
end
v 2290.825979 762.751706 1236.687727
v 2050.529567 983.773934 1220.354385
v 2087.503703 1050.806402 1017.185838
v 2343.291294 811.482911 1042.821793
v 2290.825979 762.751706 1236.687727
cstype bspline
deg 1
curv 0 5 3741 3742 3743 3744 3745
parm u 0 0 1 2 3 4
end
v 2288.442253 760.657181 1235.335767
v 2048.723852 981.167276 1218.990771
v 2085.618023 1048.131797 1016.098958
v 2340.819548 809.321578 1041.759815
v 2288.442253 760.657181 1235.335767
cstype bspline
deg 1
curv 0 5 3746 3747 3748 3749 3750
parm u 0 0 1 2 3 4
end
v 344.350587 983.223407 2322.729499
v 425.075279 1133.140114 2056.729001
v 607.879882 986.910908 2075.612067
v 520.512779 842.401835 2340.805902
v 344.350587 983.223407 2322.729499
cstype bspline
deg 1
curv 0 5 3751 3752 3753 3754 3755
parm u 0 0 1 2 3 4
end
v 342.807258 980.941649 2320.648519
v 423.249463 1130.806639 2054.963549
v 606.166639 984.468987 2073.87899
v 518.936959 840.101566 2338.775801
v 342.807258 980.941649 2320.648519
cstype bspline
deg 1
curv 0 5 3756 3757 3758 3759 3760
parm u 0 0 1 2 3 4
end
v -321.723135 -1913.074605 1672.173289
v -138.220136 -1828.954452 1785.380532
v -17.973137 -1926.551168 1533.672676
v -248.513108 -2022.436869 1412.352834
v -321.723135 -1913.074605 1672.173289
cstype bspline
deg 1
curv 0 5 3761 3762 3763 3764 3765
parm u 0 0 1 2 3 4
end
v -322.041643 -1909.997611 1670.645555
v -138.74734 -1825.931829 1783.807452
v -18.631479 -1923.464407 1532.273118
v -248.950467 -2019.289256 1411.009714
v -322.041643 -1909.997611 1670.645555
cstype bspline
deg 1
curv 0 5 3766 3767 3768 3769 3770
parm u 0 0 1 2 3 4
end
v -63.42991 3057.623205 839.236712
v -59.980165 3171.888756 502.033349
v 129.044699 2979.976723 627.920973
v 116.347964 2903.472738 877.171499
v -63.42991 3057.623205 839.236712
cstype bspline
deg 1
curv 0 5 3771 3772 3773 3774 3775
parm u 0 0 1 2 3 4
end
v -65.078272 3054.767828 838.215762
v -61.587665 3169.013664 501.009471
v 126.620949 2977.666266 627.097411
v 113.951401 2901.150387 876.296928
v -65.078272 3054.767828 838.215762
cstype bspline
deg 1
curv 0 5 3776 3777 3778 3779 3780
parm u 0 0 1 2 3 4
end
v -1903.900383 -759.355212 1441.302121
v -1742.025315 -820.654311 1698.996343
v -1784.699211 -1030.780988 1601.652707
v -1939.699144 -998.623055 1351.454228
v -1903.900383 -759.355212 1441.302121
cstype bspline
deg 1
curv 0 5 3781 3782 3783 3784 3785
parm u 0 0 1 2 3 4
end
v -1900.975316 -759.001925 1439.51268
v -1739.24335 -820.419701 1696.965107
v -1781.850319 -1030.435516 1599.744976
v -1936.684758 -998.206818 1349.81935
v -1900.975316 -759.001925 1439.51268
cstype bspline
deg 1
curv 0 5 3786 3787 3788 3789 3790
parm u 0 0 1 2 3 4
end
v -2132.786634 575.89063 1979.592091
v -2306.150786 608.256098 1830.788522
v -2333.745618 877.656252 1996.548633
v -2170.394924 858.566642 2144.934885
v -2132.786634 575.89063 1979.592091
cstype bspline
deg 1
curv 0 5 3791 3792 3793 3794 3795
parm u 0 0 1 2 3 4
end
v -2130.765808 577.554221 1977.344708
v -2303.99974 609.906964 1828.653457
v -2331.539242 879.050311 1994.292829
v -2168.361064 860.000708 2142.544326
v -2130.765808 577.554221 1977.344708
cstype bspline
deg 1
curv 0 5 3796 3797 3798 3799 3800
parm u 0 0 1 2 3 4
end
v -1005.181063 2296.172551 2321.174534
v -1121.236821 2138.993715 2461.665794
v -1365.540435 2259.996764 2430.024879
v -1221.602057 2448.567928 2260.395535
v -1005.181063 2296.172551 2321.174534
cstype bspline
deg 1
curv 0 5 3801 3802 3803 3804 3805
parm u 0 0 1 2 3 4
end
v -1006.065643 2294.255767 2318.461462
v -1122.057316 2137.455418 2458.674278
v -1365.759014 2258.052642 2427.197792
v -1222.022161 2446.185892 2257.919147
v -1006.065643 2294.255767 2318.461462
cstype bspline
deg 1
curv 0 5 3806 3807 3808 3809 3810
parm u 0 0 1 2 3 4
end
v -2147.159381 1543.619484 2413.148393
v -2318.088579 1560.382713 2271.380909
v -2246.62423 1870.680037 2298.294628
v -2065.711629 1855.271386 2448.104295
v -2147.159381 1543.619484 2413.148393
cstype bspline
deg 1
curv 0 5 3811 3812 3813 3814 3815
parm u 0 0 1 2 3 4
end
v -2145.12916 1543.813299 2410.371253
v -2315.829749 1560.561946 2268.773761
v -2244.574468 1869.926566 2295.629559
v -2063.919596 1854.517028 2445.248123
v -2145.12916 1543.813299 2410.371253
cstype bspline
deg 1
curv 0 5 3816 3817 3818 3819 3820
parm u 0 0 1 2 3 4
end
v 2214.837808 693.52105 1446.027809
v 1999.179855 891.481144 1433.344875
v 2050.728438 983.999566 1220.492645
v 2290.62712 762.526067 1236.549464
v 2214.837808 693.52105 1446.027809
cstype bspline
deg 1
curv 0 5 3821 3822 3823 3824 3825
parm u 0 0 1 2 3 4
end
v 2212.597958 691.52149 1444.329967
v 1997.464631 889.011954 1431.653551
v 2048.924126 981.394542 1219.129891
v 2288.241971 760.429925 1235.196644
v 2212.597958 691.52149 1444.329967
cstype bspline
deg 1
curv 0 5 3826 3827 3828 3829 3830
parm u 0 0 1 2 3 4
end
v -1810.491779 -1863.188812 848.900569
v -2009.435879 -1684.605861 783.338929
v -1919.550373 -1659.005216 1073.083495
v -1735.328455 -1833.922267 1110.422246
v -1810.491779 -1863.188812 848.900569
cstype bspline
deg 1
curv 0 5 3831 3832 3833 3834 3835
parm u 0 0 1 2 3 4
end
v -1808.306436 -1860.630548 848.111123
v -2006.914184 -1682.447335 782.419084
v -1916.9705 -1656.986012 1071.984605
v -1733.156368 -1831.441478 1109.423239
v -1808.306436 -1860.630548 848.111123
cstype bspline
deg 1
curv 0 5 3836 3837 3838 3839 3840
parm u 0 0 1 2 3 4
end
v -356.39032 -516.742634 3016.662975
v -527.166251 -473.979782 2933.032821
v -363.017271 -146.627404 2988.380017
v -178.373271 -204.380167 3079.584095
v -356.39032 -516.742634 3016.662975
cstype bspline
deg 1
curv 0 5 3841 3842 3843 3844 3845
parm u 0 0 1 2 3 4
end
v -355.044912 -516.882897 3013.495408
v -525.531171 -474.212563 2929.997271
v -361.621084 -147.054771 2985.260057
v -177.230395 -204.872719 3076.360794
v -355.044912 -516.882897 3013.495408
cstype bspline
deg 1
curv 0 5 3846 3847 3848 3849 3850
parm u 0 0 1 2 3 4
end
v 2591.612877 262.004909 1156.663667
v 2677.770016 9.202372 1075.040193
v 2548.054281 22.586941 1372.920753
v 2486.668453 245.321508 1410.769077
v 2591.612877 262.004909 1156.663667
cstype bspline
deg 1
curv 0 5 3851 3852 3853 3854 3855
parm u 0 0 1 2 3 4
end
v 2588.532032 261.091538 1155.421853
v 2674.550082 8.863785 1073.835957
v 2544.951955 22.198964 1371.469091
v 2483.720007 244.389179 1409.228405
v 2588.532032 261.091538 1155.421853
cstype bspline
deg 1
curv 0 5 3856 3857 3858 3859 3860
parm u 0 0 1 2 3 4
end
v 1784.353451 -958.029392 1860.073209
v 1976.451322 -845.700827 1752.742955
v 2020.331964 -968.621189 1490.920015
v 1791.242332 -1093.882473 1632.810826
v 1784.353451 -958.029392 1860.073209
cstype bspline
deg 1
curv 0 5 3861 3862 3863 3864 3865
parm u 0 0 1 2 3 4
end
v 1782.333836 -955.771632 1858.428342
v 1974.138904 -843.675385 1751.173099
v 2018.068205 -966.351712 1489.653082
v 1789.254139 -1091.405855 1631.453614
v 1782.333836 -955.771632 1858.428342
cstype bspline
deg 1
curv 0 5 3866 3867 3868 3869 3870
parm u 0 0 1 2 3 4
end
v -1068.057782 1509.335877 2593.971078
v -1417.319103 1538.379208 2647.682
v -1331.012858 1763.093692 2614.90809
v -1012.977291 1692.631165 2569.700796
v -1068.057782 1509.335877 2593.971078
cstype bspline
deg 1
curv 0 5 3871 3872 3873 3874 3875
parm u 0 0 1 2 3 4
end
v -1068.423284 1509.113956 2590.562213
v -1417.334444 1538.468323 2644.218548
v -1331.376404 1762.604196 2611.527544
v -1013.711397 1692.052303 2566.364788
v -1068.423284 1509.113956 2590.562213
cstype bspline
deg 1
curv 0 5 3876 3877 3878 3879 3880
parm u 0 0 1 2 3 4
end
v 814.888076 1791.932003 574.627932
v 709.926461 1920.27722 644.229619
v 641.890029 1834.377314 960.124577
v 742.555365 1651.992066 988.321661
v 814.888076 1791.932003 574.627932
cstype bspline
deg 1
curv 0 5 3881 3882 3883 3884 3885
parm u 0 0 1 2 3 4
end
v 817.372118 1794.051446 575.733564
v 712.918978 1921.679266 645.229884
v 644.817431 1835.79754 961.262373
v 744.979522 1654.126532 989.540009
v 817.372118 1794.051446 575.733564
cstype bspline
deg 1
curv 0 5 3886 3887 3888 3889 3890
parm u 0 0 1 2 3 4
end
v 1620.549279 -1121.094164 1996.264859
v 1837.009403 -1016.930979 1902.972932
v 1843.113728 -1158.480887 1668.223476
v 1608.167617 -1270.466127 1771.207428
v 1620.549279 -1121.094164 1996.264859
cstype bspline
deg 1
curv 0 5 3891 3892 3893 3894 3895
parm u 0 0 1 2 3 4
end
v 1618.807744 -1118.663401 1994.546296
v 1834.98726 -1014.670336 1901.326266
v 1841.128057 -1156.007156 1666.868065
v 1606.442332 -1267.859793 1769.743626
v 1618.807744 -1118.663401 1994.546296
cstype bspline
deg 1
curv 0 5 3896 3897 3898 3899 3900
parm u 0 0 1 2 3 4
end
v -1809.6019 -1862.297535 848.553532
v -1574.513258 -2027.915107 876.3471
v -1625.812848 -2049.88737 626.697582
v -1860.681223 -1885.831126 593.036
v -1809.6019 -1862.297535 848.553532
cstype bspline
deg 1
curv 0 5 3901 3902 3903 3904 3905
parm u 0 0 1 2 3 4
end
v -1807.420181 -1859.74274 847.765547
v -1572.716448 -2025.067566 875.600119
v -1623.972904 -2047.041577 626.052228
v -1858.528956 -1883.223812 592.353592
v -1807.420181 -1859.74274 847.765547
cstype bspline
deg 1
curv 0 5 3906 3907 3908 3909 3910
parm u 0 0 1 2 3 4
end
v 288.964379 1322.88061 2138.548306
v 467.439999 1188.158698 2098.241733
v 560.667503 1348.079837 1784.032673
v 355.658752 1445.029789 1903.909092
v 288.964379 1322.88061 2138.548306
cstype bspline
deg 1
curv 0 5 3911 3912 3913 3914 3915
parm u 0 0 1 2 3 4
end
v 290.788976 1325.029776 2140.534058
v 469.267744 1190.493909 2100.008667
v 562.708894 1350.359852 1785.618903
v 357.91423 1446.915781 1905.720095
v 290.788976 1325.029776 2140.534058
cstype bspline
deg 1
curv 0 5 3916 3917 3918 3919 3920
parm u 0 0 1 2 3 4
end
v -8.776129 3009.257586 1174.478027
v -19.565584 3133.162579 866.290039
v 178.001214 2962.958757 899.567142
v 177.868007 2864.674298 1162.58167
v -8.776129 3009.257586 1174.478027
cstype bspline
deg 1
curv 0 5 3921 3922 3923 3924 3925
parm u 0 0 1 2 3 4
end
v -10.463131 3006.495022 1173.299281
v -21.216473 3130.304048 865.267865
v 175.607181 2960.639552 898.693817
v 175.424148 2862.460302 1161.552894
v -10.463131 3006.495022 1173.299281
cstype bspline
deg 1
curv 0 5 3926 3927 3928 3929 3930
parm u 0 0 1 2 3 4
end
v 2651.44643 271.210426 658.970684
v 2778.032165 -5.348849 441.461389
v 2704.356587 -9.861846 713.900496
v 2595.30756 255.62967 877.263617
v 2651.44643 271.210426 658.970684
cstype bspline
deg 1
curv 0 5 3931 3932 3933 3934 3935
parm u 0 0 1 2 3 4
end
v 2648.275618 270.158994 658.095498
v 2774.751807 -5.856007 440.530443
v 2701.080308 -10.264838 712.885289
v 2592.158059 254.645938 876.270892
v 2648.275618 270.158994 658.095498
cstype bspline
deg 1
curv 0 5 3936 3937 3938 3939 3940
parm u 0 0 1 2 3 4
end
v -1632.263026 -1800.470658 1383.580647
v -1429.803295 -1939.91582 1395.127966
v -1508.81966 -1991.460896 1129.326621
v -1737.190017 -1836.181443 1111.340855
v -1632.263026 -1800.470658 1383.580647
cstype bspline
deg 1
curv 0 5 3941 3942 3943 3944 3945
parm u 0 0 1 2 3 4
end
v -1630.193914 -1798.023119 1382.310249
v -1428.212259 -1937.125071 1393.864066
v -1507.107977 -1988.63054 1128.357246
v -1735.013036 -1833.695385 1110.339657
v -1630.193914 -1798.023119 1382.310249
cstype bspline
deg 1
curv 0 5 3946 3947 3948 3949 3950
parm u 0 0 1 2 3 4
end
v -558.572501 2756.08337 1854.527309
v -365.780928 2874.760624 1664.872228
v -277.845942 2647.329464 1899.177212
v -423.241865 2559.594604 2040.194497
v -558.572501 2756.08337 1854.527309
cstype bspline
deg 1
curv 0 5 3951 3952 3953 3954 3955
parm u 0 0 1 2 3 4
end
v -559.140131 2753.443648 1852.385006
v -366.391032 2871.984336 1662.910032
v -278.53662 2644.738569 1897.013792
v -423.818766 2557.13667 2037.838143
v -559.140131 2753.443648 1852.385006
cstype bspline
deg 1
curv 0 5 3956 3957 3958 3959 3960
parm u 0 0 1 2 3 4
end
v -1066.364107 1509.435005 2611.827983
v -1095.325266 1350.061331 2604.94692
v -1486.451988 1302.929149 2620.818461
v -1419.012763 1538.280079 2629.825093
v -1066.364107 1509.435005 2611.827983
cstype bspline
deg 1
curv 0 5 3961 3962 3963 3964 3965
parm u 0 0 1 2 3 4
end
v -1066.731735 1509.214161 2608.38609
v -1095.279904 1350.215768 2601.519428
v -1486.122352 1303.550103 2617.421734
v -1419.025997 1538.368107 2626.394672
v -1066.731735 1509.214161 2608.38609
cstype bspline
deg 1
curv 0 5 3966 3967 3968 3969 3970
parm u 0 0 1 2 3 4
end
v -245.910416 2989.60272 1216.295345
v -277.808252 3119.100648 906.503856
v -63.574482 3057.632016 839.251526
v -51.82778 2938.155337 1144.103092
v -245.910416 2989.60272 1216.295345
cstype bspline
deg 1
curv 0 5 3971 3972 3973 3974 3975
parm u 0 0 1 2 3 4
end
v -246.827414 2986.577865 1214.921883
v -278.676413 3115.965352 905.347764
v -65.221944 3054.779035 838.231456
v -53.518209 2935.387225 1142.922232
v -246.827414 2986.577865 1214.921883
cstype bspline
deg 1
curv 0 5 3976 3977 3978 3979 3980
parm u 0 0 1 2 3 4
end
v 384.58262 1042.711316 2377.020906
v 472.708481 1194.013541 2102.77572
v 652.574806 1050.648812 2120.831947
v 561.59129 902.429567 2393.761305
v 384.58262 1042.711316 2377.020906
cstype bspline
deg 1
curv 0 5 3981 3982 3983 3984 3985
parm u 0 0 1 2 3 4
end
v 383.039305 1040.42958 2374.939941
v 470.882649 1191.680045 2101.010251
v 650.861574 1048.206918 2119.09888
v 560.015464 900.129261 2391.7312
v 383.039305 1040.42958 2374.939941
cstype bspline
deg 1
curv 0 5 3986 3987 3988 3989 3990
parm u 0 0 1 2 3 4
end
v 866.425041 1967.039038 114.717002
v 748.873873 2041.42214 343.99361
v 713.760977 1922.464823 645.56879
v 811.053559 1789.744407 573.288749
v 866.425041 1967.039038 114.717002
cstype bspline
deg 1
curv 0 5 3991 3992 3993 3994 3995
parm u 0 0 1 2 3 4
end
v 868.969894 1969.102292 115.781933
v 751.913002 2042.769041 344.931398
v 716.747235 1923.862057 646.566478
v 813.543859 1791.868658 574.396968
v 868.969894 1969.102292 115.781933
cstype bspline
deg 1
curv 0 5 3996 3997 3998 3999 4000
parm u 0 0 1 2 3 4
end
v -1364.972828 2261.581406 2432.184325
v -1487.638414 2047.024303 2556.555181
v -1727.609545 2109.847035 2493.815182
v -1581.050523 2350.700079 2355.046883
v -1364.972828 2261.581406 2432.184325
cstype bspline
deg 1
curv 0 5 4001 4002 4003 4004 4005
parm u 0 0 1 2 3 4
end
v -1365.193794 2259.631872 2429.350016
v -1487.57957 2045.688678 2553.371667
v -1726.820736 2108.284222 2490.846107
v -1580.63426 2348.440627 2352.468838
v -1365.193794 2259.631872 2429.350016
cstype bspline
deg 1
curv 0 5 4006 4007 4008 4009 4010
parm u 0 0 1 2 3 4
end
v -1464.227641 -1917.270936 1104.103672
v -1219.491026 -2045.822571 1095.58077
v -1270.90538 -2092.358823 842.151527
v -1528.465633 -1955.277649 857.345913
v -1464.227641 -1917.270936 1104.103672
cstype bspline
deg 1
curv 0 5 4011 4012 4013 4014 4015
parm u 0 0 1 2 3 4
end
v -1462.516499 -1914.442271 1103.134584
v -1218.260755 -2042.7528 1094.581237
v -1269.537982 -2089.295789 841.360103
v -1526.667011 -1952.426626 856.597899
v -1462.516499 -1914.442271 1103.134584
cstype bspline
deg 1
curv 0 5 4016 4017 4018 4019 4020
parm u 0 0 1 2 3 4
end
v -1418.207698 1537.482737 2633.738475
v -1713.407449 1524.271415 2619.4876
v -1604.377625 1805.39094 2613.407908
v -1330.124244 1763.990164 2628.851613
v -1418.207698 1537.482737 2633.738475
cstype bspline
deg 1
curv 0 5 4021 4022 4023 4024 4025
parm u 0 0 1 2 3 4
end
v -1418.22269 1537.573715 2630.310007
v -1712.689347 1524.518325 2616.101858
v -1603.986355 1804.829576 2610.047068
v -1330.488176 1763.498803 2625.436086
v -1418.22269 1537.573715 2630.310007
cstype bspline
deg 1
curv 0 5 4026 4027 4028 4029 4030
parm u 0 0 1 2 3 4
end
v -221.775009 129.261748 2974.739653
v -554.760071 77.035374 2894.08432
v -517.294528 285.814481 2863.675936
v -198.986628 361.717015 2935.72104
v -221.775009 129.261748 2974.739653
cstype bspline
deg 1
curv 0 5 4031 4032 4033 4034 4035
parm u 0 0 1 2 3 4
end
v -220.901574 128.498238 2971.51253
v -553.44405 76.750058 2890.884929
v -516.266794 285.338084 2860.439047
v -198.557328 360.738338 2932.41911
v -220.901574 128.498238 2971.51253
cstype bspline
deg 1
curv 0 5 4036 4037 4038 4039 4040
parm u 0 0 1 2 3 4
end
v -2374.158777 -220.904379 1152.528744
v -2435.263017 -433.99967 898.656192
v -2264.842369 -468.023521 1129.40753
v -2208.276686 -260.585605 1372.149119
v -2374.158777 -220.904379 1152.528744
cstype bspline
deg 1
curv 0 5 4041 4042 4043 4044 4045
parm u 0 0 1 2 3 4
end
v -2376.68428 -222.420977 1154.328917
v -2438.001181 -435.262376 900.325992
v -2267.61397 -469.11238 1131.155332
v -2210.821484 -261.940116 1374.039626
v -2376.68428 -222.420977 1154.328917
cstype bspline
deg 1
curv 0 5 4046 4047 4048 4049 4050
parm u 0 0 1 2 3 4
end
v 357.562749 -1300.44368 2475.179707
v 355.472488 -1166.95842 2670.259501
v 570.814701 -1107.099927 2662.154321
v 657.152171 -1273.989668 2381.254379
v 357.562749 -1300.44368 2475.179707
cstype bspline
deg 1
curv 0 5 4051 4052 4053 4054 4055
parm u 0 0 1 2 3 4
end
v 356.892674 -1297.666621 2473.258788
v 354.982407 -1164.292122 2668.115231
v 569.857519 -1104.496696 2660.115726
v 656.091777 -1271.231577 2379.458493
v 356.892674 -1297.666621 2473.258788
cstype bspline
deg 1
curv 0 5 4056 4057 4058 4059 4060
parm u 0 0 1 2 3 4
end
v -1855.945509 1832.032202 2553.078585
v -2065.136441 1855.903587 2448.284941
v -1933.14668 2148.920867 2387.42771
v -1728.529022 2110.803978 2496.016872
v -1855.945509 1832.032202 2553.078585
cstype bspline
deg 1
curv 0 5 4061 4062 4063 4064 4065
parm u 0 0 1 2 3 4
end
v -1854.785468 1831.358289 2549.905983
v -2063.345313 1855.147814 2445.428
v -1931.760077 2147.22157 2384.771705
v -1727.737884 2109.237658 2493.040553
v -1854.785468 1831.358289 2549.905983
cstype bspline
deg 1
curv 0 5 4066 4067 4068 4069 4070
parm u 0 0 1 2 3 4
end
v 1118.406249 1404.591181 1006.774361
v 1166.459075 1520.000854 671.632206
v 1020.017572 1618.516963 583.817881
v 940.59384 1486.071171 994.109367
v 1118.406249 1404.591181 1006.774361
cstype bspline
deg 1
curv 0 5 4071 4072 4073 4074 4075
parm u 0 0 1 2 3 4
end
v 1119.474363 1407.610446 1008.059511
v 1167.515945 1523.063628 672.82105
v 1021.697021 1621.290131 584.995916
v 942.273764 1488.803862 995.379331
v 1119.474363 1407.610446 1008.059511
cstype bspline
deg 1
curv 0 5 4076 4077 4078 4079 4080
parm u 0 0 1 2 3 4
end
v -1735.769522 -1834.201594 1110.582818
v -1510.240173 -1993.440731 1130.084662
v -1574.064447 -2027.303155 876.160636
v -1810.050709 -1862.909491 848.739992
v -1735.769522 -1834.201594 1110.582818
cstype bspline
deg 1
curv 0 5 4081 4082 4083 4084 4085
parm u 0 0 1 2 3 4
end
v -1733.593683 -1831.717145 1109.582319
v -1508.527329 -1990.608784 1129.114575
v -1572.267511 -2024.455427 875.413617
v -1807.869124 -1860.354877 847.952045
v -1733.593683 -1831.717145 1109.582319
cstype bspline
deg 1
curv 0 5 4086 4087 4088 4089 4090
parm u 0 0 1 2 3 4
end
v 37.845005 486.956527 2786.444735
v -185.409376 335.645283 2843.75546
v -300.424525 600.563948 2738.796541
v -139.606648 728.510518 2690.080167
v 37.845005 486.956527 2786.444735
cstype bspline
deg 1
curv 0 5 4091 4092 4093 4094 4095
parm u 0 0 1 2 3 4
end
v 37.641855 485.521062 2783.327143
v -184.985518 334.666686 2840.463139
v -300.20189 599.357 2735.583979
v -139.796065 726.901059 2687.022222
v 37.641855 485.521062 2783.327143
cstype bspline
deg 1
curv 0 5 4096 4097 4098 4099 4100
parm u 0 0 1 2 3 4
end
v -1488.133813 2047.758591 2558.955823
v -1604.182514 1804.778756 2617.200917
v -1857.360368 1833.723441 2557.68092
v -1727.114155 2109.112746 2491.414538
v -1488.133813 2047.758591 2558.955823
cstype bspline
deg 1
curv 0 5 4101 4102 4103 4104 4105
parm u 0 0 1 2 3 4
end
v -1488.074092 2046.422771 2555.769312
v -1603.791062 1804.218099 2613.82517
v -1856.197151 1833.045811 2554.498072
v -1726.326226 2107.550132 2488.448459
v -1488.074092 2046.422771 2555.769312
cstype bspline
deg 1
curv 0 5 4106 4107 4108 4109 4110
parm u 0 0 1 2 3 4
end
v -2008.162648 -1661.478198 492.867441
v -2209.737658 -1477.173903 335.557274
v -2124.949761 -1447.718431 637.840548
v -1941.013056 -1626.300848 758.420247
v -2008.162648 -1661.478198 492.867441
cstype bspline
deg 1
curv 0 5 4111 4112 4113 4114 4115
parm u 0 0 1 2 3 4
end
v -2005.718502 -1659.176402 492.042492
v -2207.031413 -1475.325309 334.509849
v -2122.138427 -1446.041632 636.723949
v -1938.494297 -1624.143673 757.501342
v -2005.718502 -1659.176402 492.042492
cstype bspline
deg 1
curv 0 5 4116 4117 4118 4119 4120
parm u 0 0 1 2 3 4
end
v 648.609512 1044.749451 2116.743911
v 829.580019 879.680485 2194.13353
v 893.377086 985.9975 1969.538955
v 735.837839 1195.235169 1801.820296
v 648.609512 1044.749451 2116.743911
cstype bspline
deg 1
curv 0 5 4121 4122 4123 4124 4125
parm u 0 0 1 2 3 4
end
v 650.322785 1047.191551 2118.477029
v 831.130428 882.152442 2195.97292
v 894.781773 988.629049 1971.273538
v 737.585501 1197.759858 1803.391391
v 650.322785 1047.191551 2118.477029
cstype bspline
deg 1
curv 0 5 4126 4127 4128 4129 4130
parm u 0 0 1 2 3 4
end
v -1863.130134 -1040.173296 1653.990352
v -1610.641274 -1150.375284 1959.47058
v -1626.397706 -1295.190876 1902.4751
v -1857.250645 -1259.720989 1606.845584
v -1863.130134 -1040.173296 1653.990352
cstype bspline
deg 1
curv 0 5 4131 4132 4133 4134 4135
parm u 0 0 1 2 3 4
end
v -1860.277985 -1039.827449 1652.080513
v -1607.932873 -1149.994563 1957.368826
v -1623.719387 -1294.374332 1900.457714
v -1854.411383 -1258.961361 1605.04254
v -1860.277985 -1039.827449 1652.080513
cstype bspline
deg 1
curv 0 5 4136 4137 4138 4139 4140
parm u 0 0 1 2 3 4
end
v -1526.569244 -1951.73795 856.441294
v -1272.801778 -2095.898518 843.056145
v -1323.22939 -2123.407878 593.778145
v -1578.874044 -1977.507892 610.281731
v -1526.569244 -1951.73795 856.441294
cstype bspline
deg 1
curv 0 5 4141 4142 4143 4144 4145
parm u 0 0 1 2 3 4
end
v -1524.773374 -1948.892204 855.694734
v -1271.431611 -2092.830214 842.263274
v -1321.761667 -2120.368762 593.077904
v -1577.033174 -1974.66029 609.635961
v -1524.773374 -1948.892204 855.694734
cstype bspline
deg 1
curv 0 5 4146 4147 4148 4149 4150
parm u 0 0 1 2 3 4
end
v 241.386996 1266.820635 2086.748555
v 419.751752 1127.234301 2052.152083
v 507.369418 1288.611662 1742.652716
v 296.85918 1395.824135 1856.666492
v 241.386996 1266.820635 2086.748555
cstype bspline
deg 1
curv 0 5 4151 4152 4153 4154 4155
parm u 0 0 1 2 3 4
end
v 243.211746 1268.969938 2088.734446
v 421.579355 1129.569365 2053.918875
v 509.410962 1290.891815 1744.239087
v 299.114505 1397.709993 1858.47735
v 243.211746 1268.969938 2088.734446
cstype bspline
deg 1
curv 0 5 4156 4157 4158 4159 4160
parm u 0 0 1 2 3 4
end
v 2411.65654 34.520332 1641.116007
v 2547.009558 22.85296 1372.235311
v 2583.836228 -224.973809 1325.597696
v 2415.3162 -166.147044 1655.563189
v 2411.65654 34.520332 1641.116007
cstype bspline
deg 1
curv 0 5 4161 4162 4163 4164 4165
parm u 0 0 1 2 3 4
end
v 2408.752114 33.967001 1639.316668
v 2543.91398 22.464884 1370.787343
v 2580.681807 -224.763463 1324.191534
v 2412.343671 -166.158169 1653.834579
v 2408.752114 33.967001 1639.316668
cstype bspline
deg 1
curv 0 5 4166 4167 4168 4169 4170
parm u 0 0 1 2 3 4
end
v -1980.189475 -768.577223 1487.979364
v -1814.626851 -826.746755 1751.987917
v -1859.037129 -1039.792066 1651.418943
v -2018.31045 -1009.444025 1394.106805
v -1980.189475 -768.577223 1487.979364
cstype bspline
deg 1
curv 0 5 4171 4172 4173 4174 4175
parm u 0 0 1 2 3 4
end
v -1977.264414 -768.223937 1486.189931
v -1811.844877 -826.512143 1749.956679
v -1856.188244 -1039.446601 1649.511217
v -2015.296055 -1009.027768 1392.471927
v -1977.264414 -768.223937 1486.189931
cstype bspline
deg 1
curv 0 5 4176 4177 4178 4179 4180
parm u 0 0 1 2 3 4
end
v -2199.415167 -256.569123 1366.077304
v -2273.70389 -472.040004 1135.479341
v -2089.692509 -499.436307 1381.095863
v -2023.651163 -285.903286 1598.848471
v -2199.415167 -256.569123 1366.077304
cstype bspline
deg 1
curv 0 5 4181 4182 4183 4184 4185
parm u 0 0 1 2 3 4
end
v -2201.965393 -257.925927 1367.971478
v -2276.470074 -473.126571 1137.223461
v -2092.496646 -500.240385 1382.946934
v -2026.22593 -286.970314 1600.873006
v -2201.965393 -257.925927 1367.971478
cstype bspline
deg 1
curv 0 5 4186 4187 4188 4189 4190
parm u 0 0 1 2 3 4
end
v -323.504577 -158.996599 2898.897621
v -576.477765 -169.053938 2798.783774
v -514.065122 66.507308 2791.803872
v -205.428936 112.397232 2909.376793
v -323.504577 -158.996599 2898.897621
cstype bspline
deg 1
curv 0 5 4191 4192 4193 4194 4195
parm u 0 0 1 2 3 4
end
v -322.112129 -159.422154 2895.787818
v -574.866298 -169.173306 2795.717556
v -512.760571 66.228237 2788.639623
v -204.544046 111.627476 2906.114523
v -322.112129 -159.422154 2895.787818
cstype bspline
deg 1
curv 0 5 4196 4197 4198 4199 4200
parm u 0 0 1 2 3 4
end
v -1581.065326 2350.639732 2354.926255
v -1727.594751 2109.907384 2493.935808
v -1934.080938 2149.817471 2389.508776
v -1766.321308 2408.243324 2243.970964
v -1581.065326 2350.639732 2354.926255
cstype bspline
deg 1
curv 0 5 4201 4202 4203 4204 4205
parm u 0 0 1 2 3 4
end
v -1580.649417 2348.382167 2352.351117
v -1726.805583 2108.342682 2490.963827
v -1932.692391 2148.116545 2386.848427
v -1765.387609 2405.813391 2241.706013
v -1580.649417 2348.382167 2352.351117
cstype bspline
deg 1
curv 0 5 4206 4207 4208 4209 4210
parm u 0 0 1 2 3 4
end
v -821.275497 471.916562 2662.92778
v -737.402151 790.796577 2630.592484
v -563.593856 820.973204 2661.736862
v -519.488093 523.085637 2717.195511
v -821.275497 471.916562 2662.92778
cstype bspline
deg 1
curv 0 5 4211 4212 4213 4214 4215
parm u 0 0 1 2 3 4
end
v -820.085635 471.747621 2659.674167
v -736.793182 790.610043 2627.220855
v -563.351265 820.095291 2658.390716
v -518.76584 522.356133 2713.921295
v -820.085635 471.747621 2659.674167
cstype bspline
deg 1
curv 0 5 4216 4217 4218 4219 4220
parm u 0 0 1 2 3 4
end
v -1218.934186 -2045.263504 1095.503952
v -1166.276669 -1967.273361 1356.801711
v -932.416616 -2038.933422 1348.42339
v -953.643857 -2132.581954 1069.146316
v -1218.934186 -2045.263504 1095.503952
cstype bspline
deg 1
curv 0 5 4221 4222 4223 4224 4225
parm u 0 0 1 2 3 4
end
v -1217.704882 -2042.19446 1094.504466
v -1165.16418 -1964.266232 1355.535695
v -931.757609 -2035.794069 1347.144733
v -952.908323 -2129.385373 1068.086349
v -1217.704882 -2042.19446 1094.504466
cstype bspline
deg 1
curv 0 5 4226 4227 4228 4229 4230
parm u 0 0 1 2 3 4
end
v 1064.639081 -1433.303376 1809.873129
v 1307.841474 -1312.694426 1807.737339
v 1343.365641 -1425.768221 1554.098471
v 1130.429358 -1543.055755 1533.31254
v 1064.639081 -1433.303376 1809.873129
cstype bspline
deg 1
curv 0 5 4231 4232 4233 4234 4235
parm u 0 0 1 2 3 4
end
v 1063.340067 -1430.494407 1808.349744
v 1306.345556 -1309.995582 1806.195427
v 1341.81663 -1422.982689 1552.776988
v 1129.089701 -1540.177222 1531.964833
v 1063.340067 -1430.494407 1808.349744
cstype bspline
deg 1
curv 0 5 4236 4237 4238 4239 4240
parm u 0 0 1 2 3 4
end
v -313.416002 -1993.371917 1712.030595
v -124.497973 -1907.838775 1826.41386
v -0.826155 -2007.03793 1570.184042
v -237.130789 -2104.520418 1447.389321
v -313.416002 -1993.371917 1712.030595
cstype bspline
deg 1
curv 0 5 4241 4242 4243 4244 4245
parm u 0 0 1 2 3 4
end
v -313.7345 -1990.294924 1710.502875
v -125.025178 -1904.816153 1824.840762
v -1.484508 -2003.951177 1568.784488
v -237.568149 -2101.372796 1446.046203
v -313.7345 -1990.294924 1710.502875
cstype bspline
deg 1
curv 0 5 4246 4247 4248 4249 4250
parm u 0 0 1 2 3 4
end
v -1939.543406 571.022992 2126.586937
v -2133.825649 574.985071 1980.948592
v -2169.355907 859.472211 2143.578392
v -1995.602991 861.526077 2277.560769
v -1939.543406 571.022992 2126.586937
cstype bspline
deg 1
curv 0 5 4251 4252 4253 4254 4255
parm u 0 0 1 2 3 4
end
v -1937.844235 572.626747 2124.052245
v -2131.802165 576.650843 1978.697879
v -2167.324706 860.904097 2141.191163
v -1993.989673 862.984829 2274.877197
v -1937.844235 572.626747 2124.052245
cstype bspline
deg 1
curv 0 5 4256 4257 4258 4259 4260
parm u 0 0 1 2 3 4
end
v -1222.164534 2445.549475 2256.667949
v -1364.977959 2263.015222 2433.752462
v -1581.045403 2349.266272 2353.47874
v -1409.999441 2554.17343 2154.560563
v -1222.164534 2445.549475 2256.667949
cstype bspline
deg 1
curv 0 5 4261 4262 4263 4264 4265
parm u 0 0 1 2 3 4
end
v -1222.582463 2443.179564 2254.206829
v -1365.198708 2261.058958 2430.910119
v -1580.629339 2347.013552 2350.908729
v -1409.890114 2551.476924 2152.399623
v -1222.582463 2443.179564 2254.206829
cstype bspline
deg 1
curv 0 5 4266 4267 4268 4269 4270
parm u 0 0 1 2 3 4
end
v 1307.269526 -1169.025314 2040.874199
v 1409.302823 -938.743967 2250.742139
v 1600.841792 -889.105395 2143.472705
v 1573.689544 -1055.577943 1949.832237
v 1307.269526 -1169.025314 2040.874199
cstype bspline
deg 1
curv 0 5 4271 4272 4273 4274 4275
parm u 0 0 1 2 3 4
end
v 1305.741626 -1166.471031 2039.117929
v 1407.610017 -936.436932 2248.822252
v 1598.966233 -886.941732 2141.538833
v 1571.949861 -1053.149817 1948.115838
v 1305.741626 -1166.471031 2039.117929
cstype bspline
deg 1
curv 0 5 4276 4277 4278 4279 4280
parm u 0 0 1 2 3 4
end
v -2185.470126 532.487608 2038.226151
v -2362.264169 565.211855 1886.477338
v -2391.286533 841.292305 2055.404013
v -2223.457524 821.168888 2207.292284
v -2185.470126 532.487608 2038.226151
cstype bspline
deg 1
curv 0 5 4281 4282 4283 4284 4285
parm u 0 0 1 2 3 4
end
v -2183.449304 534.151192 2035.978775
v -2360.113114 566.862725 1884.342269
v -2389.080165 842.686354 2053.14809
v -2221.423662 822.602963 2204.901719
v -2183.449304 534.151192 2035.978775
cstype bspline
deg 1
curv 0 5 4286 4287 4288 4289 4290
parm u 0 0 1 2 3 4
end
v 1564.093882 -1203.787347 1733.661791
v 1790.390566 -1092.661629 1632.224569
v 1809.105608 -1210.103751 1364.102337
v 1581.792911 -1315.054205 1479.684289
v 1564.093882 -1203.787347 1733.661791
cstype bspline
deg 1
curv 0 5 4291 4292 4293 4294 4295
parm u 0 0 1 2 3 4
end
v 1562.368635 -1201.180992 1732.19809
v 1788.404878 -1090.187905 1630.869054
v 1807.126455 -1207.505209 1362.988978
v 1580.029881 -1312.355871 1478.46012
v 1562.368635 -1201.180992 1732.19809
cstype bspline
deg 1
curv 0 5 4296 4297 4298 4299 4300
parm u 0 0 1 2 3 4
end
v -872.831368 2433.746846 2161.45236
v -1003.701747 2300.927225 2326.729525
v -1223.081378 2443.813258 2254.840541
v -1059.070891 2608.087392 2049.790795
v -872.831368 2433.746846 2161.45236
cstype bspline
deg 1
curv 0 5 4301 4302 4303 4304 4305
parm u 0 0 1 2 3 4
end
v -873.678232 2431.529463 2158.967743
v -1004.591216 2298.994214 2323.996861
v -1223.496586 2441.447435 2252.383754
v -1059.579498 2605.443442 2047.61343
v -873.678232 2431.529463 2158.967743
cstype bspline
deg 1
curv 0 5 4306 4307 4308 4309 4310
parm u 0 0 1 2 3 4
end
v -1061.04058 2601.24991 2043.290902
v -876.814806 2737.955406 1829.399413
v -732.720263 2565.24601 1982.206665
v -870.861678 2440.584318 2167.952262
v -1061.04058 2601.24991 2043.290902
cstype bspline
deg 1
curv 0 5 4311 4312 4313 4314 4315
parm u 0 0 1 2 3 4
end
v -1061.54419 2598.623773 2041.130887
v -877.299483 2735.151861 1827.427955
v -733.430906 2562.791743 1979.904566
v -871.713548 2438.349124 2165.450298
v -1061.54419 2598.623773 2041.130887
cstype bspline
deg 1
curv 0 5 4316 4317 4318 4319 4320
parm u 0 0 1 2 3 4
end
v 603.922561 981.019774 2071.532477
v 789.151745 815.179684 2146.145993
v 856.713577 917.359618 1924.293097
v 690.239629 1129.369138 1760.832522
v 603.922561 981.019774 2071.532477
cstype bspline
deg 1
curv 0 5 4321 4322 4323 4324 4325
parm u 0 0 1 2 3 4
end
v 605.635819 983.461844 2073.265575
v 790.702152 817.651683 2147.985402
v 858.118239 919.99114 1926.027662
v 691.987307 1131.893878 1762.403606
v 605.635819 983.461844 2073.265575
cstype bspline
deg 1
curv 0 5 4326 4327 4328 4329 4330
parm u 0 0 1 2 3 4
end
v -1766.160668 2407.324037 2243.253237
v -1570.653697 2623.326593 2026.657172
v -1409.818872 2551.880679 2152.395324
v -1581.225969 2351.55902 2355.64398
v -1766.160668 2407.324037 2243.253237
cstype bspline
deg 1
curv 0 5 4331 4332 4333 4334 4335
parm u 0 0 1 2 3 4
end
v -1765.227511 2404.896555 2240.990501
v -1570.112249 2620.465012 2024.802232
v -1409.709936 2549.191476 2150.241722
v -1580.809513 2349.299003 2353.066629
v -1765.227511 2404.896555 2240.990501
cstype bspline
deg 1
curv 0 5 4336 4337 4338 4339 4340
parm u 0 0 1 2 3 4
end
v -1994.005108 862.817782 2275.421887
v -2170.953797 858.180508 2145.71727
v -2188.233616 1187.034567 2297.06715
v -2015.658872 1188.075036 2421.831285
v -1994.005108 862.817782 2275.421887
cstype bspline
deg 1
curv 0 5 4341 4342 4343 4344 4345
parm u 0 0 1 2 3 4
end
v -1992.395478 864.273664 2272.743411
v -2168.918891 859.615255 2143.32495
v -2186.14353 1187.980702 2294.493656
v -2014.059511 1189.070322 2418.937986
v -1992.395478 864.273664 2272.743411
cstype bspline
deg 1
curv 0 5 4346 4347 4348 4349 4350
parm u 0 0 1 2 3 4
end
v -2062.850318 1854.145299 2444.369351
v -2249.485537 1871.806117 2302.029575
v -2119.776102 2170.299591 2249.692106
v -1935.432805 2150.67917 2391.343292
v -2062.850318 1854.145299 2444.369351
cstype bspline
deg 1
curv 0 5 4351 4352 4353 4354 4355
parm u 0 0 1 2 3 4
end
v -2061.063685 1853.393123 2441.520705
v -2247.430371 1871.050481 2299.356982
v -2118.128141 2168.584532 2247.199901
v -1934.041695 2148.976266 2388.679004
v -2061.063685 1853.393123 2441.520705
cstype bspline
deg 1
curv 0 5 4356 4357 4358 4359 4360
parm u 0 0 1 2 3 4
end
v -1485.598235 1304.939756 2601.480666
v -1780.626301 1230.705017 2545.512008
v -1711.748631 1525.484674 2604.063184
v -1419.866528 1536.269476 2649.162889
v -1485.598235 1304.939756 2601.480666
cstype bspline
deg 1
curv 0 5 4361 4362 4363 4364 4365
parm u 0 0 1 2 3 4
end
v -1485.272069 1305.555243 2598.128098
v -1779.65949 1231.632494 2542.304762
v -1711.035734 1525.729077 2600.723559
v -1419.876287 1536.362963 2645.688307
v -1485.272069 1305.555243 2598.128098
cstype bspline
deg 1
curv 0 5 4366 4367 4368 4369 4370
parm u 0 0 1 2 3 4
end
v -2170.136265 858.710262 2144.666606
v -2334.004274 877.512643 1996.81692
v -2344.581574 1196.292279 2153.570899
v -2189.051155 1186.504835 2298.11782
v -2170.136265 858.710262 2144.666606
cstype bspline
deg 1
curv 0 5 4371 4372 4373 4374 4375
parm u 0 0 1 2 3 4
end
v -2168.102573 860.144122 2142.276225
v -2331.797731 878.906905 1994.560937
v -2342.303741 1197.206609 2151.146828
v -2186.959844 1187.451832 2295.542383
v -2168.102573 860.144122 2142.276225
cstype bspline
deg 1
curv 0 5 4376 4377 4378 4379 4380
parm u 0 0 1 2 3 4
end
v -1918.899418 -1658.316885 1072.834267
v -2062.774332 -1459.874272 1025.71041
v -1924.16309 -1449.291502 1350.554225
v -1798.74113 -1640.01685 1367.072102
v -1918.899418 -1658.316885 1072.834267
cstype bspline
deg 1
curv 0 5 4381 4382 4383 4384 4385
parm u 0 0 1 2 3 4
end
v -1916.321351 -1656.300091 1071.736006
v -2059.907083 -1458.410603 1024.478836
v -1921.311587 -1447.921184 1349.168255
v -1796.229345 -1638.049279 1365.765947
v -1916.321351 -1656.300091 1071.736006
cstype bspline
deg 1
curv 0 5 4386 4387 4388 4389 4390
parm u 0 0 1 2 3 4
end
v -2308.281607 -181.311529 1105.565114
v -2363.82182 -401.051511 855.097246
v -2192.531611 -439.643555 1083.811204
v -2141.899952 -225.244866 1322.830761
v -2308.281607 -181.311529 1105.565114
cstype bspline
deg 1
curv 0 5 4391 4392 4393 4394 4395
parm u 0 0 1 2 3 4
end
v -2310.807116 -182.828119 1107.365274
v -2366.559991 -402.314214 856.767048
v -2195.303208 -440.732415 1085.559003
v -2144.444762 -226.599369 1324.721264
v -2310.807116 -182.828119 1107.365274
cstype bspline
deg 1
curv 0 5 4396 4397 4398 4399 4400
parm u 0 0 1 2 3 4
end
v -1081.504961 475.993659 2624.306052
v -927.612149 809.07299 2703.528419
v -1030.573321 894.757338 2674.297263
v -1298.338702 579.772208 2556.838481
v -1081.504961 475.993659 2624.306052
cstype bspline
deg 1
curv 0 5 4401 4402 4403 4404 4405
parm u 0 0 1 2 3 4
end
v -1082.884752 475.655962 2627.44706
v -928.580013 808.84233 2706.834433
v -1031.542955 894.345416 2677.57914
v -1299.593678 579.053266 2559.973596
v -1082.884752 475.655962 2627.44706
cstype bspline
deg 1
curv 0 5 4406 4407 4408 4409 4410
parm u 0 0 1 2 3 4
end
v 2420.565034 -166.257188 1658.182535
v 2578.587397 -224.863659 1322.978344
v 2526.076755 -436.116564 1369.302526
v 2377.929188 -351.785531 1691.846763
v 2420.565034 -166.257188 1658.182535
cstype bspline
deg 1
curv 0 5 4411 4412 4413 4414 4415
parm u 0 0 1 2 3 4
end
v 2417.573538 -166.267709 1656.444372
v 2575.451933 -224.653922 1321.581755
v 2523.026657 -435.285286 1367.895435
v 2374.99881 -351.235953 1690.13119
v 2417.573538 -166.267709 1656.444372
cstype bspline
deg 1
curv 0 5 4416 4417 4418 4419 4420
parm u 0 0 1 2 3 4
end
v -1045.510983 484.795142 2542.366957
v -902.344411 815.097687 2617.284164
v -1005.235591 905.496309 2588.682142
v -1265.623695 598.554718 2475.04784
v -1045.510983 484.795142 2542.366957
cstype bspline
deg 1
curv 0 5 4421 4422 4423 4424 4425
parm u 0 0 1 2 3 4
end
v -1046.890831 484.457434 2545.508101
v -903.312211 814.867029 2620.590044
v -1006.205281 905.084385 2591.964156
v -1266.878613 597.835776 2478.182819
v -1046.890831 484.457434 2545.508101
cstype bspline
deg 1
curv 0 5 4426 4427 4428 4429 4430
parm u 0 0 1 2 3 4
end
v -878.771933 2729.66349 1822.681333
v -683.151814 2865.602376 1589.851753
v -573.564906 2685.755288 1797.887631
v -730.763141 2573.537919 1988.924756
v -878.771933 2729.66349 1822.681333
cstype bspline
deg 1
curv 0 5 4431 4432 4433 4434 4435
parm u 0 0 1 2 3 4
end
v -879.252848 2726.876071 1820.723134
v -683.549809 2862.669095 1588.062269
v -574.131747 2683.120209 1795.748648
v -731.477539 2571.067528 1986.609393
v -879.252848 2726.876071 1820.723134
cstype bspline
deg 1
curv 0 5 4436 4437 4438 4439 4440
parm u 0 0 1 2 3 4
end
v -184.42121 333.099207 2835.3081
v -493.899015 276.485024 2793.509528
v -521.665343 524.134364 2727.088862
v -301.412694 603.110021 2747.243903
v -184.42121 333.099207 2835.3081
cstype bspline
deg 1
curv 0 5 4441 4442 4443 4444 4445
parm u 0 0 1 2 3 4
end
v -184.000646 332.129105 2832.044501
v -492.862551 276.000035 2790.234311
v -520.942061 523.406455 2723.815006
v -301.186771 601.894571 2744.00262
v -184.000646 332.129105 2832.044501
cstype bspline
deg 1
curv 0 5 4446 4447 4448 4449 4450
parm u 0 0 1 2 3 4
end
v 2409.336687 -671.179987 1161.270554
v 2230.559879 -823.642035 1333.094191
v 2154.869893 -716.629207 1625.281777
v 2306.264957 -578.915473 1490.778884
v 2409.336687 -671.179987 1161.270554
cstype bspline
deg 1
curv 0 5 4451 4452 4453 4454 4455
parm u 0 0 1 2 3 4
end
v 2406.522226 -669.609418 1160.058815
v 2228.0091 -821.659874 1331.86404
v 2152.285899 -714.916051 1623.78392
v 2303.421216 -577.581743 1489.332419
v 2406.522226 -669.609418 1160.058815
cstype bspline
deg 1
curv 0 5 4456 4457 4458 4459 4460
parm u 0 0 1 2 3 4
end
v 2230.179465 -823.38458 1332.901823
v 2020.36749 -968.636658 1490.933266
v 1976.415797 -845.685364 1752.729692
v 2155.250304 -716.886662 1625.474152
v 2230.179465 -823.38458 1332.901823
cstype bspline
deg 1
curv 0 5 4461 4462 4463 4464 4465
parm u 0 0 1 2 3 4
end
v 2227.637843 -821.408814 1331.676368
v 2018.09857 -966.362423 1489.66323
v 1974.108541 -843.664672 1751.16295
v 2152.657167 -715.167106 1623.971581
v 2227.637843 -821.408814 1331.676368
cstype bspline
deg 1
curv 0 5 4466 4467 4468 4469 4470
parm u 0 0 1 2 3 4
end
v -506.364513 3088.69474 1081.148172
v -277.319001 3121.37972 907.439605
v -246.399672 2987.32365 1215.359592
v -445.260404 2961.258627 1360.641752
v -506.364513 3088.69474 1081.148172
cstype bspline
deg 1
curv 0 5 4471 4472 4473 4474 4475
parm u 0 0 1 2 3 4
end
v -506.708115 3085.511273 1079.862354
v -278.186337 3118.246788 906.284369
v -247.317483 2984.296425 1213.985286
v -445.727351 2958.225299 1359.06514
v -506.708115 3085.511273 1079.862354
cstype bspline
deg 1
curv 0 5 4476 4477 4478 4479 4480
parm u 0 0 1 2 3 4
end
v 1308.604582 -1313.966109 1808.390023
v 1562.405264 -1201.20357 1732.368641
v 1583.481542 -1317.637976 1480.977433
v 1342.602531 -1424.49654 1553.445785
v 1308.604582 -1313.966109 1808.390023
cstype bspline
deg 1
curv 0 5 4481 4482 4483 4484 4485
parm u 0 0 1 2 3 4
end
v 1307.107591 -1311.265405 1806.847157
v 1560.681551 -1198.599587 1730.906137
v 1581.716968 -1314.93728 1479.752062
v 1341.054597 -1421.712869 1552.125254
v 1307.107591 -1311.265405 1806.847157
cstype bspline
deg 1
curv 0 5 4486 4487 4488 4489 4490
parm u 0 0 1 2 3 4
end
v -1428.024065 -1936.90895 1393.966376
v -1196.374286 -2048.549791 1390.852108
v -1249.893209 -2122.477308 1120.554266
v -1510.598899 -1994.46776 1130.488212
v -1428.024065 -1936.90895 1393.966376
cstype bspline
deg 1
curv 0 5 4491 4492 4493 4494 4495
parm u 0 0 1 2 3 4
end
v -1426.435853 -1934.123249 1392.70445
v -1195.259376 -2045.536664 1389.583878
v -1248.666323 -2119.414261 1119.556996
v -1508.884379 -1991.632367 1129.516858
v -1426.435853 -1934.123249 1392.70445
cstype bspline
deg 1
curv 0 5 4496 4497 4498 4499 4500
parm u 0 0 1 2 3 4
end
v -1946.193495 -1630.161432 760.350356
v -2119.769315 -1443.857853 635.910447
v -1989.87709 -1422.942684 994.356697
v -1849.730251 -1604.43989 1043.408427
v -1946.193495 -1630.161432 760.350356
cstype bspline
deg 1
curv 0 5 4501 4502 4503 4504 4505
parm u 0 0 1 2 3 4
end
v -1943.660446 -1627.994181 759.425949
v -2116.972286 -1442.191119 634.799333
v -1987.000285 -1421.472696 993.121212
v -1847.161736 -1602.429402 1042.314108
v -1943.660446 -1627.994181 759.425949
cstype bspline
deg 1
curv 0 5 4506 4507 4508 4509 4510
parm u 0 0 1 2 3 4
end
v -1217.551438 1989.480019 2647.508057
v -1320.362536 1775.86007 2708.337158
v -1614.768232 1821.007362 2710.698731
v -1489.296134 2080.996775 2636.649174
v -1217.551438 1989.480019 2647.508057
cstype bspline
deg 1
curv 0 5 4511 4512 4513 4514 4515
parm u 0 0 1 2 3 4
end
v -1218.190296 1988.429397 2644.277472
v -1320.727595 1775.371629 2704.948846
v -1614.375841 1820.443068 2707.310676
v -1489.237352 2079.664604 2633.474967
v -1218.190296 1988.429397 2644.277472
cstype bspline
deg 1
curv 0 5 4516 4517 4518 4519 4520
parm u 0 0 1 2 3 4
end
v -1711.710114 1523.763072 2608.358323
v -1960.780041 1533.959824 2535.117751
v -1855.46793 1832.602924 2550.344649
v -1606.074954 1805.899286 2624.537187
v -1711.710114 1523.763072 2608.358323
cstype bspline
deg 1
curv 0 5 4521 4522 4523 4524 4525
parm u 0 0 1 2 3 4
end
v -1710.997275 1524.011954 2605.006507
v -1959.317104 1534.201182 2531.987632
v -1854.309776 1831.927964 2547.180823
v -1605.678421 1805.335945 2621.14242
v -1710.997275 1524.011954 2605.006507
cstype bspline
deg 1
curv 0 5 4526 4527 4528 4529 4530
parm u 0 0 1 2 3 4
end
v -480.48875 -480.446683 2846.302451
v -673.126395 -485.553074 2740.012495
v -569.33055 -170.655673 2783.150838
v -330.6518 -157.394867 2914.530553
v -480.48875 -480.446683 2846.302451
cstype bspline
deg 1
curv 0 5 4531 4532 4533 4534 4535
parm u 0 0 1 2 3 4
end
v -478.85893 -480.678764 2843.27782
v -671.29138 -485.608103 2737.08424
v -567.728073 -170.772509 2780.105699
v -329.250367 -157.822941 2911.399668
v -478.85893 -480.678764 2843.27782
cstype bspline
deg 1
curv 0 5 4536 4537 4538 4539 4540
parm u 0 0 1 2 3 4
end
v -359.806413 -147.895457 2980.029162
v -618.535306 -165.95 2878.770153
v -548.064223 73.79399 2874.35265
v -228.470841 132.503131 2994.471329
v -359.806413 -147.895457 2980.029162
cstype bspline
deg 1
curv 0 5 4541 4542 4543 4544 4545
parm u 0 0 1 2 3 4
end
v -358.413963 -148.321014 2976.919333
v -616.923845 -166.069365 2875.703958
v -546.759668 73.514926 2871.188375
v -227.585956 131.733363 2991.209085
v -358.413963 -148.321014 2976.919333
cstype bspline
deg 1
curv 0 5 4546 4547 4548 4549 4550
parm u 0 0 1 2 3 4
end
v -2132.8862 -221.164351 1316.655937
v -2201.545368 -443.724071 1089.986021
v -2016.546352 -478.482709 1332.80011
v -1956.469192 -258.044387 1546.040589
v -2132.8862 -221.164351 1316.655937
cstype bspline
deg 1
curv 0 5 4551 4552 4553 4554 4555
parm u 0 0 1 2 3 4
end
v -2135.436426 -222.521153 1318.550111
v -2204.311532 -444.810631 1091.730173
v -2019.350492 -479.286776 1334.651182
v -1959.043961 -259.111411 1548.065125
v -2135.436426 -222.521153 1318.550111
cstype bspline
deg 1
curv 0 5 4556 4557 4558 4559 4560
parm u 0 0 1 2 3 4
end
v -852.315404 476.303118 2747.804202
v -753.289993 795.663918 2718.552731
v -569.924768 843.924222 2749.026615
v -538.321245 542.128764 2802.60815
v -852.315404 476.303118 2747.804202
cstype bspline
deg 1
curv 0 5 4561 4562 4563 4564 4565
parm u 0 0 1 2 3 4
end
v -851.125526 476.134137 2744.550593
v -752.681038 795.477445 2715.181094
v -569.682166 843.046252 2745.680475
v -537.599001 541.399316 2799.333928
v -851.125526 476.134137 2744.550593
cstype bspline
deg 1
curv 0 5 4566 4567 4568 4569 4570
parm u 0 0 1 2 3 4
end
v -1840.192321 -528.672623 1585.181336
v -1658.217756 -623.559557 1832.688655
v -1733.97357 -819.895283 1693.702211
v -1911.952122 -760.114241 1446.596261
v -1840.192321 -528.672623 1585.181336
cstype bspline
deg 1
curv 0 5 4571 4572 4573 4574 4575
parm u 0 0 1 2 3 4
end
v -1837.404933 -528.168802 1583.215502
v -1655.5442 -623.264548 1830.526813
v -1731.195951 -819.660993 1691.673872
v -1909.022713 -759.760638 1444.803917
v -1837.404933 -528.168802 1583.215502
cstype bspline
deg 1
curv 0 5 4576 4577 4578 4579 4580
parm u 0 0 1 2 3 4
end
v -2013.395223 1189.063833 2418.484577
v -2190.497275 1186.045791 2300.41386
v -2146.944047 1544.393904 2412.398397
v -1961.092967 1533.1239 2532.95317
v -2013.395223 1189.063833 2418.484577
cstype bspline
deg 1
curv 0 5 4581 4582 4583 4584 4585
parm u 0 0 1 2 3 4
end
v -2011.800931 1190.056848 2415.599173
v -2188.40211 1186.994174 2297.832469
v -2144.914214 1544.586143 2409.622853
v -1959.630613 1533.367214 2529.831011
v -2011.800931 1190.056848 2415.599173
cstype bspline
deg 1
curv 0 5 4586 4587 4588 4589 4590
parm u 0 0 1 2 3 4
end
v 2734.165006 298.640418 681.804922
v 2863.581168 7.885222 465.743816
v 2789.817347 0.677535 740.386591
v 2677.48742 281.312946 903.158888
v 2734.165006 298.640418 681.804922
cstype bspline
deg 1
curv 0 5 4591 4592 4593 4594 4595
parm u 0 0 1 2 3 4
end
v 2730.994204 297.588991 680.929736
v 2860.300801 7.37805 464.812875
v 2786.541079 0.274541 739.371385
v 2674.337911 280.329229 902.166138
v 2730.994204 297.588991 680.929736
cstype bspline
deg 1
curv 0 5 4596 4597 4598 4599 4600
parm u 0 0 1 2 3 4
end
v -1100.496057 2176.944274 2536.575064
v -1217.60933 1989.024725 2645.337533
v -1489.238243 2081.452081 2638.819695
v -1359.14449 2312.852855 2506.90589
v -1100.496057 2176.944274 2536.575064
cstype bspline
deg 1
curv 0 5 4601 4602 4603 4604 4605
parm u 0 0 1 2 3 4
end
v -1101.313799 2175.415227 2533.59789
v -1218.248619 1987.973689 2642.109142
v -1489.179036 2080.120303 2635.643302
v -1359.36581 2310.899466 2504.064467
v -1101.313799 2175.415227 2533.59789
cstype bspline
deg 1
curv 0 5 4606 4607 4608 4609 4610
parm u 0 0 1 2 3 4
end
v -1912.911404 -541.807305 1636.465745
v -1727.99867 -631.290105 1889.08174
v -1806.456327 -825.979175 1746.616502
v -1988.359998 -769.344796 1493.350783
v -1912.911404 -541.807305 1636.465745
cstype bspline
deg 1
curv 0 5 4611 4612 4613 4614 4615
parm u 0 0 1 2 3 4
end
v -1910.124015 -541.30348 1634.499892
v -1725.325124 -630.995102 1886.919904
v -1803.678698 -825.744883 1744.588156
v -1985.430599 -768.991193 1491.558446
v -1910.124015 -541.30348 1634.499892
cstype bspline
deg 1
curv 0 5 4616 4617 4618 4619 4620
parm u 0 0 1 2 3 4
end
v 1837.023701 -1016.946362 1902.982583
v 2036.800602 -898.563152 1793.693571
v 2079.379168 -1027.846758 1523.971713
v 1843.099428 -1158.4655 1668.213832
v 1837.023701 -1016.946362 1902.982583
cstype bspline
deg 1
curv 0 5 4621 4622 4623 4624 4625
parm u 0 0 1 2 3 4
end
v 1835.004073 -1014.688594 1901.337704
v 2034.488196 -896.537726 1792.123719
v 2077.115401 -1025.57726 1522.704779
v 1841.111245 -1155.988896 1666.856629
v 1835.004073 -1014.688594 1901.337704
cstype bspline
deg 1
curv 0 5 4626 4627 4628 4629 4630
parm u 0 0 1 2 3 4
end
v -1573.423342 -2025.98643 875.914861
v -1308.543385 -2175.943006 863.741507
v -1361.536632 -2202.693457 612.043154
v -1626.902749 -2051.816059 627.129813
v -1573.423342 -2025.98643 875.914861
cstype bspline
deg 1
curv 0 5 4631 4632 4633 4634 4635
parm u 0 0 1 2 3 4
end
v -1571.62749 -2023.140663 875.168301
v -1307.173219 -2172.874712 862.94864
v -1360.068893 -2199.654337 611.342925
v -1625.061881 -2048.968467 626.484041
v -1571.62749 -2023.140663 875.168301
cstype bspline
deg 1
curv 0 5 4636 4637 4638 4639 4640
parm u 0 0 1 2 3 4
end
v 1098.49971 -1506.622294 1849.612037
v 1346.885142 -1383.094255 1847.963648
v 1383.765334 -1498.438699 1588.571757
v 1165.410526 -1618.146993 1568.474267
v 1098.49971 -1506.622294 1849.612037
cstype bspline
deg 1
curv 0 5 4641 4642 4643 4644 4645
parm u 0 0 1 2 3 4
end
v 1097.200695 -1503.813332 1848.088651
v 1345.389226 -1380.39541 1846.421724
v 1382.216328 -1495.653171 1587.250273
v 1164.070868 -1615.268457 1567.126556
v 1097.200695 -1503.813332 1848.088651
cstype bspline
deg 1
curv 0 5 4646 4647 4648 4649 4650
parm u 0 0 1 2 3 4
end
v 1342.829024 -1424.742108 1553.653833
v 1401.594886 -1531.30257 1238.409154
v 1199.291911 -1639.915937 1231.677761
v 1130.965975 -1544.081869 1533.757178
v 1342.829024 -1424.742108 1553.653833
cstype bspline
deg 1
curv 0 5 4651 4652 4653 4654 4655
parm u 0 0 1 2 3 4
end
v 1341.280794 -1421.958101 1552.333047
v 1399.9771 -1528.506497 1237.195886
v 1197.897978 -1637.02255 1230.420585
v 1129.625539 -1541.201812 1532.408771
v 1341.280794 -1421.958101 1552.333047
cstype bspline
deg 1
curv 0 5 4656 4657 4658 4659 4660
parm u 0 0 1 2 3 4
end
v -1056.79356 1515.220585 2701.616065
v -1096.534482 1345.986689 2694.357324
v -1495.031854 1286.763559 2709.432472
v -1418.694634 1536.006223 2719.307275
v -1056.79356 1515.220585 2701.616065
cstype bspline
deg 1
curv 0 5 4661 4662 4663 4664 4665
parm u 0 0 1 2 3 4
end
v -1057.161219 1514.999705 2698.174021
v -1096.489089 1346.141173 2690.929983
v -1494.702229 1287.384473 2706.035593
v -1418.707841 1536.09429 2715.877004
v -1057.161219 1514.999705 2698.174021
cstype bspline
deg 1
curv 0 5 4666 4667 4668 4669 4670
parm u 0 0 1 2 3 4
end
v 2595.192306 255.636675 877.173733
v 2704.471837 -9.868844 713.990392
v 2590.817307 -0.185593 1042.435145
v 2514.174963 238.769821 1125.461585
v 2595.192306 255.636675 877.173733
cstype bspline
deg 1
curv 0 5 4671 4672 4673 4674 4675
parm u 0 0 1 2 3 4
end
v 2592.038486 254.652018 876.1797
v 2701.199883 -10.270917 712.976476
v 2587.599029 -0.523757 1041.231768
v 2511.092459 237.856036 1124.218915
v 2592.038486 254.652018 876.1797
cstype bspline
deg 1
curv 0 5 4676 4677 4678 4679 4680
parm u 0 0 1 2 3 4
end
v 375.01458 -1372.900011 2525.294201
v 368.235504 -1236.550912 2726.189201
v 595.772388 -1175.026969 2715.343025
v 684.84487 -1345.912244 2428.097891
v 375.01458 -1372.900011 2525.294201
cstype bspline
deg 1
curv 0 5 4681 4682 4683 4684 4685
parm u 0 0 1 2 3 4
end
v 374.344476 -1370.122867 2523.373224
v 367.745448 -1233.884704 2724.044984
v 594.815186 -1172.423644 2713.304381
v 683.784524 -1343.15423 2426.302066
v 374.344476 -1370.122867 2523.373224
cstype bspline
deg 1
curv 0 5 4686 4687 4688 4689 4690
parm u 0 0 1 2 3 4
end
v -1508.905143 -1991.066288 1129.384543
v -1251.586962 -2125.878779 1121.657937
v -1306.567257 -2172.251831 862.79562
v -1575.399461 -2029.677606 876.860762
v -1508.905143 -1991.066288 1129.384543
cstype bspline
deg 1
curv 0 5 4691 4692 4693 4694 4695
parm u 0 0 1 2 3 4
end
v -1507.194005 -1988.237629 1128.415454
v -1250.356702 -2122.808998 1120.658394
v -1305.19986 -2169.188804 862.004195
v -1573.600834 -2026.826579 876.112743
v -1507.194005 -1988.237629 1128.415454
cstype bspline
deg 1
curv 0 5 4696 4697 4698 4699 4700
parm u 0 0 1 2 3 4
end
v -1766.842261 2409.075373 2244.869806
v -1933.560004 2148.985418 2388.609929
v -2121.648897 2171.993342 2252.425472
v -1937.3393 2442.585023 2109.492258
v -1766.842261 2409.075373 2244.869806
cstype bspline
deg 1
curv 0 5 4701 4702 4703 4704 4705
parm u 0 0 1 2 3 4
end
v -1765.90792 2406.644552 2242.603859
v -1932.172071 2147.285381 2385.950586
v -2119.997764 2170.275414 2249.928319
v -1936.183791 2440.119356 2107.378817
v -1765.90792 2406.644552 2242.603859
cstype bspline
deg 1
curv 0 5 4706 4707 4708 4709 4710
parm u 0 0 1 2 3 4
end
v -1410.228429 2550.469451 2151.336046
v -1218.384776 2726.360876 1903.901132
v -1060.216719 2602.647181 2044.738885
v -1221.935553 2449.253451 2259.892468
v -1410.228429 2550.469451 2151.336046
cstype bspline
deg 1
curv 0 5 4711 4712 4713 4714 4715
parm u 0 0 1 2 3 4
end
v -1410.118499 2547.784326 2149.185581
v -1218.463447 2723.43271 1902.063206
v -1060.722009 2600.018704 2042.576324
v -1222.354072 2446.87217 2257.420863
v -1410.118499 2547.784326 2149.185581
cstype bspline
deg 1
curv 0 5 4716 4717 4718 4719 4720
parm u 0 0 1 2 3 4
end
v -1058.543864 1515.148206 2682.890669
v -1416.944346 1536.078601 2738.032672
v -1321.489168 1775.904065 2703.092328
v -993.852544 1707.764153 2656.728228
v -1058.543864 1515.148206 2682.890669
cstype bspline
deg 1
curv 0 5 4721 4722 4723 4724 4725
parm u 0 0 1 2 3 4
end
v -1058.909348 1514.926327 2679.481832
v -1416.959705 1536.167667 2734.569192
v -1321.852712 1775.414616 2699.711813
v -994.586663 1707.185246 2653.392191
v -1058.909348 1514.926327 2679.481832
cstype bspline
deg 1
curv 0 5 4726 4727 4728 4729 4730
parm u 0 0 1 2 3 4
end
v 1307.734388 -1312.515167 1807.627105
v 1305.937571 -1167.101776 2039.385709
v 1575.021495 -1057.501494 1951.320713
v 1563.275466 -1202.654505 1733.131562
v 1307.734388 -1312.515167 1807.627105
cstype bspline
deg 1
curv 0 5 4731 4732 4733 4734 4735
parm u 0 0 1 2 3 4
end
v 1306.237934 -1309.815359 1806.084625
v 1304.412537 -1164.551583 2037.632542
v 1573.278947 -1055.069267 1949.601226
v 1561.551209 -1200.049633 1731.66867
v 1306.237934 -1309.815359 1806.084625
cstype bspline
deg 1
curv 0 5 4736 4737 4738 4739 4740
parm u 0 0 1 2 3 4
end
v 1347.097731 -1235.646927 2086.689868
v 1453.468758 -998.889934 2300.823076
v 1649.783284 -945.523881 2193.923748
v 1619.0586 -1118.92705 1994.609323
v 1347.097731 -1235.646927 2086.689868
cstype bspline
deg 1
curv 0 5 4741 4742 4743 4744 4745
parm u 0 0 1 2 3 4
end
v 1345.569846 -1233.092672 2084.933521
v 1451.775931 -996.582861 2298.90316
v 1647.907748 -943.360252 2191.989905
v 1617.318905 -1116.498868 1992.892914
v 1345.569846 -1233.092672 2084.933521
cstype bspline
deg 1
curv 0 5 4746 4747 4748 4749 4750
parm u 0 0 1 2 3 4
end
v -522.997362 -474.379193 2925.203371
v -721.020135 -484.095173 2816.3999
v -611.155566 -167.617473 2862.589845
v -367.186147 -146.227981 2996.209472
v -522.997362 -474.379193 2925.203371
cstype bspline
deg 1
curv 0 5 4751 4752 4753 4754 4755
parm u 0 0 1 2 3 4
end
v -521.367552 -474.611274 2922.178752
v -719.185107 -484.150203 2813.471635
v -609.553096 -167.734317 2859.54472
v -365.78472 -146.65607 2993.078567
v -521.367552 -474.611274 2922.178752
cstype bspline
deg 1
curv 0 5 4756 4757 4758 4759 4760
parm u 0 0 1 2 3 4
end
v -1298.076014 579.628082 2556.618269
v -1030.836015 894.901456 2674.517472
v -1092.398272 1026.751135 2681.675401
v -1429.263749 766.34677 2556.053605
v -1298.076014 579.628082 2556.618269
cstype bspline
deg 1
curv 0 5 4761 4762 4763 4764 4765
parm u 0 0 1 2 3 4
end
v -1299.330091 578.909133 2559.751313
v -1031.806549 894.489551 2677.801421
v -1093.109395 1026.178658 2685.002531
v -1430.206941 765.38994 2559.230864
v -1299.330091 578.909133 2559.751313
cstype bspline
deg 1
curv 0 5 4766 4767 4768 4769 4770
parm u 0 0 1 2 3 4
end
v -1570.339993 2620.773677 2024.895311
v -1353.804459 2804.289062 1749.271569
v -1218.480628 2722.396719 1901.080011
v -1410.13258 2554.433598 2154.157181
v -1570.339993 2620.773677 2024.895311
cstype bspline
deg 1
curv 0 5 4771 4772 4773 4774 4775
parm u 0 0 1 2 3 4
end
v -1569.799156 2617.916891 2023.043952
v -1353.530845 2801.216167 1747.719352
v -1218.558932 2719.477439 1899.248783
v -1410.023031 2551.739605 2151.999991
v -1569.799156 2617.916891 2023.043952
cstype bspline
deg 1
curv 0 5 4776 4777 4778 4779 4780
parm u 0 0 1 2 3 4
end
v 1609.097934 -1271.776542 1771.846858
v 1842.183396 -1157.17048 1667.58405
v 1860.750281 -1277.889821 1393.146541
v 1627.816203 -1385.455638 1511.618478
v 1609.097934 -1271.776542 1771.846858
cstype bspline
deg 1
curv 0 5 4781 4782 4783 4784 4785
parm u 0 0 1 2 3 4
end
v 1607.372688 -1269.170181 1770.383161
v 1840.197707 -1154.696759 1666.228536
v 1858.771126 -1275.291275 1392.033183
v 1626.053175 -1382.75731 1510.394302
v 1607.372688 -1269.170181 1770.383161
cstype bspline
deg 1
curv 0 5 4786 4787 4788 4789 4790
parm u 0 0 1 2 3 4
end
v 1583.713545 -1317.776753 1480.876556
v 1807.184974 -1207.381208 1362.91006
v 1817.406904 -1310.085345 1083.705785
v 1599.397862 -1422.777695 1186.095606
v 1583.713545 -1317.776753 1480.876556
cstype bspline
deg 1
curv 0 5 4791 4792 4793 4794 4795
parm u 0 0 1 2 3 4
end
v 1581.949062 -1315.076381 1479.651484
v 1805.207267 -1204.784702 1361.797618
v 1815.419767 -1307.449429 1082.700308
v 1597.58227 -1420.063995 1184.985001
v 1581.949062 -1315.076381 1479.651484
cstype bspline
deg 1
curv 0 5 4796 4797 4798 4799 4800
parm u 0 0 1 2 3 4
end
v -1921.607713 -1214.292819 1311.568861
v -1847.958613 -1412.839745 1313.549912
v -1989.822556 -1422.386568 994.429947
v -2082.8922 -1212.503812 958.932186
v -1921.607713 -1214.292819 1311.568861
cstype bspline
deg 1
curv 0 5 4801 4802 4803 4804 4805
parm u 0 0 1 2 3 4
end
v -1918.594691 -1213.509584 1310.067833
v -1845.114209 -1411.472594 1312.167156
v -1986.948207 -1420.91974 993.195153
v -2079.877878 -1211.570248 957.556018
v -1918.594691 -1213.509584 1310.067833
cstype bspline
deg 1
curv 0 5 4806 4807 4808 4809 4810
parm u 0 0 1 2 3 4
end
v -2071.921509 -1721.574742 514.387689
v -2280.340121 -1525.426973 362.881267
v -2198.314092 -1491.41653 666.968444
v -2006.701444 -1682.604717 782.391972
v -2071.921509 -1721.574742 514.387689
cstype bspline
deg 1
curv 0 5 4811 4812 4813 4814 4815
parm u 0 0 1 2 3 4
end
v -2069.477404 -1719.272932 513.562782
v -2277.633851 -1523.578375 361.833825
v -2195.502787 -1489.73974 665.851841
v -2004.182682 -1680.447514 781.473039
v -2069.477404 -1719.272932 513.562782
cstype bspline
deg 1
curv 0 5 4816 4817 4818 4819 4820
parm u 0 0 1 2 3 4
end
v -2305.477133 608.793774 1830.13597
v -2133.460281 575.352955 1980.244649
v -2085.793543 299.01839 1801.06102
v -2281.270832 346.104905 1637.990126
v -2305.477133 608.793774 1830.13597
cstype bspline
deg 1
curv 0 5 4821 4822 4823 4824 4825
parm u 0 0 1 2 3 4
end
v -2303.327442 610.443612 1828.002264
v -2131.43811 577.017577 1977.995902
v -2083.692679 300.732674 1798.929751
v -2279.096307 347.853514 1635.958432
v -2303.327442 610.443612 1828.002264
cstype bspline
deg 1
curv 0 5 4826 4827 4828 4829 4830
parm u 0 0 1 2 3 4
end
v -20.441699 3132.072594 865.871397
v -18.017205 3246.892494 528.741888
v 192.300493 3040.283531 649.406241
v 178.877317 2964.048753 899.98578
v -20.441699 3132.072594 865.871397
cstype bspline
deg 1
curv 0 5 4831 4832 4833 4834 4835
parm u 0 0 1 2 3 4
end
v -22.090052 3129.21723 864.850446
v -19.624711 3244.017389 527.718042
v 189.87674 3037.973094 648.582681
v 176.480754 2961.72638 899.111219
v -22.090052 3129.21723 864.850446
cstype bspline
deg 1
curv 0 5 4836 4837 4838 4839 4840
parm u 0 0 1 2 3 4
end
v -954.047342 -2134.133243 1069.701542
v -932.013125 -2037.382138 1347.868156
v -703.945779 -2071.588319 1341.523325
v -688.300229 -2191.100884 1014.635503
v -954.047342 -2134.133243 1069.701542
cstype bspline
deg 1
curv 0 5 4841 4842 4843 4844 4845
parm u 0 0 1 2 3 4
end
v -953.310764 -2130.932301 1068.640019
v -931.35517 -2034.24714 1346.591064
v -703.701394 -2068.395192 1340.235109
v -688.023133 -2187.850661 1013.518357
v -953.310764 -2130.932301 1068.640019
cstype bspline
deg 1
curv 0 5 4846 4847 4848 4849 4850
parm u 0 0 1 2 3 4
end
v -866.231948 2802.385994 1873.761489
v -672.808989 2942.143548 1636.537094
v -558.771008 2754.477791 1853.68544
v -712.139064 2637.956054 2049.327126
v -866.231948 2802.385994 1873.761489
cstype bspline
deg 1
curv 0 5 4851 4852 4853 4854 4855
parm u 0 0 1 2 3 4
end
v -866.712861 2799.598575 1871.803296
v -673.206977 2939.210266 1634.747604
v -559.33786 2751.842713 1851.546464
v -712.853463 2635.485651 2047.011771
v -866.712861 2799.598575 1871.803296
cstype bspline
deg 1
curv 0 5 4856 4857 4858 4859 4860
parm u 0 0 1 2 3 4
end
v -1217.732641 -2041.518606 1094.328659
v -954.845406 -2136.32685 1070.321611
v -986.713105 -2205.622126 797.371439
v -1272.663756 -2096.66279 843.403642
v -1217.732641 -2041.518606 1094.328659
cstype bspline
deg 1
curv 0 5 4861 4862 4863 4864 4865
parm u 0 0 1 2 3 4
end
v -1216.506128 -2038.458178 1093.331882
v -954.107075 -2133.121655 1069.258936
v -985.816672 -2202.419115 796.47782
v -1271.292634 -2093.5904 842.609464
v -1216.506128 -2038.458178 1093.331882
cstype bspline
deg 1
curv 0 5 4866 4867 4868 4869 4870
parm u 0 0 1 2 3 4
end
v 43.142754 524.440658 2867.778657
v -196.431744 361.204111 2929.643465
v -306.228343 632.046129 2822.602875
v -134.675879 770.500994 2769.855864
v 43.142754 524.440658 2867.778657
cstype bspline
deg 1
curv 0 5 4871 4872 4873 4874 4875
parm u 0 0 1 2 3 4
end
v 42.939609 523.005196 2864.661098
v -196.007885 360.225524 2926.351107
v -306.005698 630.839181 2819.390345
v -134.86531 768.891536 2766.797886
v 42.939609 523.005196 2864.661098
cstype bspline
deg 1
curv 0 5 4876 4877 4878 4879 4880
parm u 0 0 1 2 3 4
end
v -1047.921535 2669.79565 2099.641181
v -864.176038 2811.097173 1880.824763
v -714.194974 2629.244869 2042.26386
v -848.644789 2498.892086 2233.223576
v -1047.921535 2669.79565 2099.641181
cstype bspline
deg 1
curv 0 5 4881 4882 4883 4884 4885
parm u 0 0 1 2 3 4
end
v -1048.425135 2667.169532 2097.481072
v -864.660721 2808.293602 1878.853281
v -714.905598 2626.790626 2039.961783
v -849.496658 2496.656889 2230.721559
v -1048.425135 2667.169532 2097.481072
cstype bspline
deg 1
curv 0 5 4886 4887 4888 4889 4890
parm u 0 0 1 2 3 4
end
v -1937.810093 2443.293376 2110.259637
v -1721.756231 2668.533039 1885.119149
v -1570.442904 2622.283609 2025.80798
v -1766.371468 2408.367024 2244.102424
v -1937.810093 2443.293376 2110.259637
cstype bspline
deg 1
curv 0 5 4891 4892 4893 4894 4895
parm u 0 0 1 2 3 4
end
v -1936.653733 2440.826247 2108.144664
v -1721.039548 2665.629084 1883.400856
v -1569.90179 2619.423899 2023.954724
v -1765.437983 2405.93767 2241.838001
v -1936.653733 2440.826247 2108.144664
cstype bspline
deg 1
curv 0 5 4896 4897 4898 4899 4900
parm u 0 0 1 2 3 4
end
v 1344.51115 -1427.644582 1554.89619
v 1581.572919 -1314.489938 1479.527026
v 1601.538493 -1426.064508 1187.445132
v 1399.912763 -1528.400095 1237.166794
v 1344.51115 -1427.644582 1554.89619
cstype bspline
deg 1
curv 0 5 4901 4902 4903 4904 4905
parm u 0 0 1 2 3 4
end
v 1342.961797 -1424.858557 1553.574507
v 1579.80977 -1311.79159 1478.302808
v 1599.721561 -1423.348787 1186.333676
v 1398.296097 -1525.606045 1235.954415
v 1342.961797 -1424.858557 1553.574507
cstype bspline
deg 1
curv 0 5 4906 4907 4908 4909 4910
parm u 0 0 1 2 3 4
end
v -1251.006026 -2125.304893 1121.581563
v -1195.261469 -2045.722205 1389.824811
v -949.590012 -2120.834191 1381.781141
v -972.864986 -2215.954629 1096.793679
v -1251.006026 -2125.304893 1121.581563
cstype bspline
deg 1
curv 0 5 4911 4912 4913 4914 4915
parm u 0 0 1 2 3 4
end
v -1249.776721 -2122.235843 1120.582072
v -1194.148982 -2042.715082 1388.558799
v -948.931018 -2117.694828 1380.50248
v -972.129446 -2212.758053 1095.733724
v -1249.776721 -2122.235843 1120.582072
cstype bspline
deg 1
curv 0 5 4916 4917 4918 4919 4920
parm u 0 0 1 2 3 4
end
v 1090.519599 1325.8719 973.248673
v 1138.869153 1440.134203 640.618946
v 976.191482 1546.176586 553.087049
v 896.724627 1414.800217 960.979967
v 1090.519599 1325.8719 973.248673
cstype bspline
deg 1
curv 0 5 4921 4922 4923 4924 4925
parm u 0 0 1 2 3 4
end
v 1091.587687 1328.891043 974.533775
v 1139.926067 1443.197091 641.807843
v 977.870892 1548.949641 554.265025
v 898.404582 1417.53303 962.249978
v 1091.587687 1328.891043 974.533775
cstype bspline
deg 1
curv 0 5 4926 4927 4928 4929 4930
parm u 0 0 1 2 3 4
end
v -1983.826747 529.202675 2192.705712
v -2186.57356 531.528036 2039.665504
v -2222.354094 822.128459 2205.852928
v -2037.671219 823.483121 2347.569925
v -1983.826747 529.202675 2192.705712
cstype bspline
deg 1
curv 0 5 4931 4932 4933 4934 4935
parm u 0 0 1 2 3 4
end
v -1982.127579 530.806437 2190.171032
v -2184.550075 533.193809 2037.414781
v -2220.322897 823.560345 2203.465708
v -2036.057888 824.941862 2344.886343
v -1982.127579 530.806437 2190.171032
cstype bspline
deg 1
curv 0 5 4936 4937 4938 4939 4940
parm u 0 0 1 2 3 4
end
v 1347.67154 -1384.405457 1848.636683
v 1607.371504 -1269.135315 1770.524332
v 1629.542636 -1388.096868 1512.940993
v 1382.978935 -1497.127497 1587.898722
v 1347.67154 -1384.405457 1848.636683
cstype bspline
deg 1
curv 0 5 4941 4942 4943 4944 4945
parm u 0 0 1 2 3 4
end
v 1346.174549 -1381.70476 1847.093804
v 1605.647801 -1266.531323 1769.061835
v 1627.778056 -1385.396167 1511.715638
v 1381.431005 -1494.343823 1586.578192
v 1346.174549 -1381.70476 1847.093804
cstype bspline
deg 1
curv 0 5 4946 4947 4948 4949 4950
parm u 0 0 1 2 3 4
end
v -2200.111678 1538.59448 2485.600499
v -2377.038627 1555.722171 2339.385831
v -2300.080429 1890.348385 2367.822178
v -2112.437068 1874.958495 2522.607753
v -2200.111678 1538.59448 2485.600499
cstype bspline
deg 1
curv 0 5 4951 4952 4953 4954 4955
parm u 0 0 1 2 3 4
end
v -2198.081431 1538.788287 2482.823359
v -2374.779812 1555.901407 2336.778695
v -2298.030646 1889.59494 2365.157101
v -2110.645046 1874.204149 2519.751595
v -2198.081431 1538.788287 2482.823359
cstype bspline
deg 1
curv 0 5 4956 4957 4958 4959 4960
parm u 0 0 1 2 3 4
end
v -2187.84587 1186.886296 2296.810317
v -2345.786859 1195.910825 2154.878405
v -2315.652504 1560.448783 2268.527361
v -2149.595454 1543.553394 2416.001937
v -2187.84587 1186.886296 2296.810317
cstype bspline
deg 1
curv 0 5 4961 4962 4963 4964 4965
parm u 0 0 1 2 3 4
end
v -2185.755545 1187.833199 2294.236118
v -2343.50804 1196.825245 2152.453094
v -2313.398128 1560.628128 2265.925813
v -2147.560779 1543.747113 2413.219201
v -2185.755545 1187.833199 2294.236118
cstype bspline
deg 1
curv 0 5 4966 4967 4968 4969 4970
parm u 0 0 1 2 3 4
end
v 750.097775 1736.640002 545.782727
v 631.86129 1883.700089 618.137381
v 565.511839 1797.331406 930.441296
v 679.292932 1596.307505 956.540645
v 750.097775 1736.640002 545.782727
cstype bspline
deg 1
curv 0 5 4971 4972 4973 4974 4975
parm u 0 0 1 2 3 4
end
v 752.581611 1738.759342 546.888281
v 634.854021 1885.102229 619.137717
v 568.439029 1798.751531 931.579023
v 681.717297 1598.442078 957.759059
v 752.581611 1738.759342 546.888281
cstype bspline
deg 1
curv 0 5 4976 4977 4978 4979 4980
parm u 0 0 1 2 3 4
end
v -982.112035 2346.188689 2391.944629
v -1099.823426 2179.09671 2539.708692
v -1359.817124 2310.700411 2503.772266
v -1210.635925 2510.729519 2324.995559
v -982.112035 2346.188689 2391.944629
cstype bspline
deg 1
curv 0 5 4981 4982 4983 4984 4985
parm u 0 0 1 2 3 4
end
v -982.996629 2344.271936 2389.231596
v -1100.643916 2177.558388 2536.717134
v -1360.03569 2308.75631 2500.945219
v -1211.056027 2508.347457 2322.519132
v -982.996629 2344.271936 2389.231596
cstype bspline
deg 1
curv 0 5 4986 4987 4988 4989 4990
parm u 0 0 1 2 3 4
end
v -1265.384295 598.410401 2474.882897
v -1005.474999 905.640627 2588.847084
v -1073.808122 1041.722904 2594.886072
v -1404.664445 791.287116 2473.164713
v -1265.384295 598.410401 2474.882897
cstype bspline
deg 1
curv 0 5 4991 4992 4993 4994 4995
parm u 0 0 1 2 3 4
end
v -1266.638381 597.691441 2478.015948
v -1006.445527 905.228726 2592.131024
v -1074.519246 1041.150425 2598.213212
v -1405.607622 790.330288 2476.341965
v -1266.638381 597.691441 2478.015948
cstype bspline
deg 1
curv 0 5 4996 4997 4998 4999 5000
parm u 0 0 1 2 3 4
end
v 1167.711432 1523.134768 672.836098
v 1254.485915 1603.595945 369.958796
v 1117.346197 1753.10156 115.875662
v 1018.765211 1615.383056 582.613976
v 1167.711432 1523.134768 672.836098
cstype bspline
deg 1
curv 0 5 5001 5002 5003 5004 5005
parm u 0 0 1 2 3 4
end
v 1168.766294 1526.194235 674.023541
v 1255.501365 1606.68687 371.115771
v 1119.000675 1755.899311 117.022512
v 1020.446673 1618.159529 583.79341
v 1168.766294 1526.194235 674.023541
cstype bspline
deg 1
curv 0 5 5006 5007 5008 5009 5010
parm u 0 0 1 2 3 4
end
v 1383.213565 -1497.383067 1588.113636
v 1443.806048 -1604.253407 1270.054454
v 1235.690126 -1715.377205 1264.477047
v 1165.962302 -1619.202623 1568.932385
v 1383.213565 -1497.383067 1588.113636
cstype bspline
deg 1
curv 0 5 5011 5012 5013 5014 5015
parm u 0 0 1 2 3 4
end
v 1381.665335 -1494.59906 1586.792854
v 1442.188263 -1601.457336 1268.841176
v 1234.296201 -1712.483823 1263.219856
v 1164.621853 -1616.322571 1567.583978
v 1381.665335 -1494.59906 1586.792854
cstype bspline
deg 1
curv 0 5 5016 5017 5018 5019 5020
parm u 0 0 1 2 3 4
end
v -2013.52294 -282.43857 1591.561639
v -2099.820719 -502.90103 1388.38271
v -1909.304196 -540.249117 1633.721665
v -1806.310962 -330.574856 1855.486091
v -2013.52294 -282.43857 1591.561639
cstype bspline
deg 1
curv 0 5 5021 5022 5023 5024 5025
parm u 0 0 1 2 3 4
end
v -2016.104696 -283.508099 1593.591177
v -2102.617882 -503.702599 1390.228763
v -1912.096883 -540.75419 1635.691399
v -1808.910846 -331.278767 1857.635753
v -2016.104696 -283.508099 1593.591177
cstype bspline
deg 1
curv 0 5 5026 5027 5028 5029 5030
parm u 0 0 1 2 3 4
end
v -1218.886823 2721.417818 1900.384453
v -1006.206847 2867.574622 1636.852109
v -878.140726 2731.615082 1824.434747
v -1059.714661 2607.590239 2048.255563
v -1218.886823 2721.417818 1900.384453
cstype bspline
deg 1
curv 0 5 5031 5032 5033 5034 5035
parm u 0 0 1 2 3 4
end
v -1218.964291 2718.501726 1898.555394
v -1006.367657 2864.527826 1635.223399
v -878.622494 2728.825941 1822.474711
v -1060.221172 2604.949695 2046.084126
v -1218.964291 2718.501726 1898.555394
cstype bspline
deg 1
curv 0 5 5036 5037 5038 5039 5040
parm u 0 0 1 2 3 4
end
v -2223.189286 821.319454 2207.013793
v -2391.554778 841.141733 2055.682492
v -2404.027181 1172.428837 2216.791137
v -2243.584065 1161.799924 2365.317505
v -2223.189286 821.319454 2207.013793
cstype bspline
deg 1
curv 0 5 5041 5042 5043 5044 5045
parm u 0 0 1 2 3 4
end
v -2221.155573 822.753321 2204.623387
v -2389.348245 842.535981 2053.426421
v -2401.749324 1173.343165 2214.367039
v -2241.492783 1162.746924 2362.742092
v -2221.155573 822.753321 2204.623387
cstype bspline
deg 1
curv 0 5 5046 5047 5048 5049 5050
parm u 0 0 1 2 3 4
end
v -2361.557144 565.775482 1885.791526
v -2186.177156 531.92399 2038.911965
v -2140.594252 254.302817 1856.65529
v -2337.983791 300.486488 1690.99632
v -2361.557144 565.775482 1885.791526
cstype bspline
deg 1
curv 0 5 5051 5052 5053 5054 5055
parm u 0 0 1 2 3 4
end
v -2359.407441 567.425307 1883.657811
v -2184.154984 533.588603 2036.663221
v -2138.493375 256.017108 1854.524028
v -2335.80927 302.235088 1688.964625
v -2359.407441 567.425307 1883.657811
cstype bspline
deg 1
curv 0 5 5056 5057 5058 5059 5060
parm u 0 0 1 2 3 4
end
v -666.590868 -485.655406 2728.842865
v -833.733267 -516.041615 2624.406648
v -866.598682 -215.559701 2612.891936
v -575.866079 -170.553328 2794.320467
v -666.590868 -485.655406 2728.842865
cstype bspline
deg 1
curv 0 5 5061 5062 5063 5064 5065
parm u 0 0 1 2 3 4
end
v -664.760965 -485.710162 2725.924089
v -831.748716 -515.830611 2621.588363
v -864.727762 -215.391805 2610.003435
v -574.258478 -170.670445 2791.265856
v -664.760965 -485.710162 2725.924089
cstype bspline
deg 1
curv 0 5 5066 5067 5068 5069 5070
parm u 0 0 1 2 3 4
end
v -138.305174 -1828.554067 1785.183471
v 41.016195 -1716.797249 1926.664065
v 210.839366 -1799.987659 1683.213988
v -17.888101 -1926.951549 1533.869746
v -138.305174 -1828.554067 1785.183471
cstype bspline
deg 1
curv 0 5 5071 5072 5073 5074 5075
parm u 0 0 1 2 3 4
end
v -138.832776 -1825.529511 1783.609425
v 40.358251 -1713.833525 1925.02644
v 210.036359 -1796.970919 1681.743334
v -18.546049 -1923.866735 1532.47113
v -138.832776 -1825.529511 1783.609425
cstype bspline
deg 1
curv 0 5 5076 5077 5078 5079 5080
parm u 0 0 1 2 3 4
end
v -1353.658469 2801.009742 1747.467551
v -1120.144176 2953.654568 1449.603246
v -1006.467072 2863.316379 1634.352566
v -1218.626599 2725.676055 1902.884003
v -1353.658469 2801.009742 1747.467551
cstype bspline
deg 1
curv 0 5 5081 5082 5083 5084 5085
parm u 0 0 1 2 3 4
end
v -1353.385071 2797.942485 1745.918589
v -1120.023046 2950.48159 1448.247056
v -1006.627257 2860.278419 1632.729265
v -1218.704685 2722.75112 1901.049549
v -1353.385071 2797.942485 1745.918589
cstype bspline
deg 1
curv 0 5 5086 5087 5088 5089 5090
parm u 0 0 1 2 3 4
end
v -1795.410661 -328.044773 1847.139287
v -1920.204495 -542.779202 1642.068471
v -1715.244642 -629.519389 1879.351326
v -1605.237696 -467.64053 2053.914788
v -1795.410661 -328.044773 1847.139287
cstype bspline
deg 1
curv 0 5 5091 5092 5093 5094 5095
parm u 0 0 1 2 3 4
end
v -1798.014166 -328.749869 1849.291602
v -1922.993562 -543.283094 1644.035548
v -1717.916509 -629.814325 1881.511939
v -1607.770903 -468.062385 2056.219024
v -1798.014166 -328.749869 1849.291602
cstype bspline
deg 1
curv 0 5 5096 5097 5098 5099 5100
parm u 0 0 1 2 3 4
end
v -221.973424 3068.547444 1252.131482
v -255.131955 3200.874675 936.657698
v -20.606245 3132.029865 865.867209
v -7.735473 3010.390299 1174.900868
v -221.973424 3068.547444 1252.131482
cstype bspline
deg 1
curv 0 5 5101 5102 5103 5104 5105
parm u 0 0 1 2 3 4
end
v -222.890436 3065.522543 1250.758002
v -256.00011 3197.739424 935.501637
v -22.253714 3129.176838 864.847114
v -9.42589 3007.622235 1173.720024
v -222.890436 3065.522543 1250.758002
cstype bspline
deg 1
curv 0 5 5106 5107 5108 5109 5110
parm u 0 0 1 2 3 4
end
v 1629.769189 -1388.223382 1512.831755
v 1858.797304 -1275.122075 1391.933253
v 1869.278949 -1378.834711 1109.930398
v 1646.777784 -1493.561519 1215.072537
v 1629.769189 -1388.223382 1512.831755
cstype bspline
deg 1
curv 0 5 5111 5112 5113 5114 5115
parm u 0 0 1 2 3 4
end
v 1628.004705 -1385.523012 1511.60668
v 1856.819597 -1272.525568 1390.820814
v 1867.291814 -1376.198794 1108.924917
v 1644.96218 -1490.84783 1213.961927
v 1628.004705 -1385.523012 1511.60668
cstype bspline
deg 1
curv 0 5 5116 5117 5118 5119 5120
parm u 0 0 1 2 3 4
end
v -684.785475 2856.412827 1583.386064
v -444.874609 2964.085466 1362.931197
v -383.162425 2794.639387 1607.972736
v -571.931243 2694.944837 1804.353322
v -684.785475 2856.412827 1583.386064
cstype bspline
deg 1
curv 0 5 5121 5122 5123 5124 5125
parm u 0 0 1 2 3 4
end
v -685.18102 2853.492731 1581.606034
v -445.342335 2961.046575 1361.350877
v -383.770869 2791.87164 1606.016675
v -572.50054 2692.296569 1802.204891
v -685.18102 2853.492731 1581.606034
cstype bspline
deg 1
curv 0 5 5126 5127 5128 5129 5130
parm u 0 0 1 2 3 4
end
v 2499.757268 -219.875506 1287.915692
v 2630.809218 -265.737533 938.112266
v 2574.224066 -481.99465 971.211709
v 2443.522105 -413.950423 1331.224579
v 2499.757268 -219.875506 1287.915692
cstype bspline
deg 1
curv 0 5 5131 5132 5133 5134 5135
parm u 0 0 1 2 3 4
end
v 2496.606904 -219.663438 1286.512238
v 2627.592394 -265.420299 936.925757
v 2571.145969 -480.981796 970.007107
v 2440.486921 -413.12147 1329.824329
v 2496.606904 -219.663438 1286.512238
cstype bspline
deg 1
curv 0 5 5136 5137 5138 5139 5140
parm u 0 0 1 2 3 4
end
v -1270.561663 -2090.917335 841.895122
v -988.815222 -2211.36757 798.879966
v -1035.493291 -2254.817733 540.360629
v -1325.469509 -2128.389057 594.939172
v -1270.561663 -2090.917335 841.895122
cstype bspline
deg 1
curv 0 5 5141 5142 5143 5144 5145
parm u 0 0 1 2 3 4
end
v -1269.194331 -2087.855757 841.103882
v -987.914963 -2208.153762 797.983403
v -1034.458003 -2251.635056 539.541314
v -1323.998951 -2125.343214 594.237307
v -1269.194331 -2087.855757 841.103882
cstype bspline
deg 1
curv 0 5 5146 5147 5148 5149 5150
parm u 0 0 1 2 3 4
end
v -1737.437522 -820.268705 1695.996418
v -1486.400285 -1004.1705 1987.613325
v -1539.404313 -1140.417141 1904.154874
v -1789.287004 -1031.166595 1604.652631
v -1737.437522 -820.268705 1695.996418
cstype bspline
deg 1
curv 0 5 5151 5152 5153 5154 5155
parm u 0 0 1 2 3 4
end
v -1734.659402 -820.03448 1693.967771
v -1483.746763 -1003.963328 1985.413946
v -1536.696508 -1140.036435 1902.053591
v -1786.434271 -1030.820751 1602.742304
v -1734.659402 -820.03448 1693.967771
cstype bspline
deg 1
curv 0 5 5156 5157 5158 5159 5160
parm u 0 0 1 2 3 4
end
v -850.744475 2491.594678 2226.274686
v -980.505436 2351.366498 2398.011694
v -1212.242526 2505.551709 2318.928496
v -1045.821841 2677.09307 2106.590054
v -850.744475 2491.594678 2226.274686
cstype bspline
deg 1
curv 0 5 5161 5162 5163 5164 5165
parm u 0 0 1 2 3 4
end
v -851.591356 2489.377291 2223.790077
v -981.394893 2349.433504 2395.279013
v -1212.657757 2503.185876 2316.471724
v -1046.330441 2674.44913 2104.412558
v -851.591356 2489.377291 2223.790077
cstype bspline
deg 1
curv 0 5 5166 5167 5168 5169 5170
parm u 0 0 1 2 3 4
end
v -2340.313122 15.619183 1412.607078
v -2381.993439 -225.380644 1158.144883
v -2200.442022 -256.109344 1366.53298
v -2160.126257 -13.339625 1620.710796
v -2340.313122 15.619183 1412.607078
cstype bspline
deg 1
curv 0 5 5171 5172 5173 5174 5175
parm u 0 0 1 2 3 4
end
v -2342.622793 13.923221 1414.52924
v -2384.515798 -226.895638 1159.942922
v -2202.989986 -257.465445 1368.4256
v -2162.422048 -14.934706 1622.730149
v -2342.622793 13.923221 1414.52924
cstype bspline
deg 1
curv 0 5 5176 5177 5178 5179 5180
parm u 0 0 1 2 3 4
end
v -1995.478015 1527.111539 2608.11789
v -2203.660569 1539.076207 2491.085971
v -2108.888173 1874.476768 2517.122283
v -1889.148849 1850.787144 2641.534947
v -1995.478015 1527.111539 2608.11789
cstype bspline
deg 1
curv 0 5 5181 5182 5183 5184 5185
parm u 0 0 1 2 3 4
end
v -1994.023361 1527.354432 2605.009257
v -2201.623045 1539.268866 2488.296892
v -2107.103443 1873.72358 2514.278054
v -1887.982415 1850.110659 2638.34963
v -1994.023361 1527.354432 2605.009257
cstype bspline
deg 1
curv 0 5 5186 5187 5188 5189 5190
parm u 0 0 1 2 3 4
end
v -1727.523702 -309.655465 1790.996283
v -1847.437149 -529.643114 1590.749328
v -1645.511984 -621.790219 1822.992989
v -1539.16371 -456.602102 1993.799989
v -1727.523702 -309.655465 1790.996283
cstype bspline
deg 1
curv 0 5 5191 5192 5193 5194 5195
parm u 0 0 1 2 3 4
end
v -1730.127209 -310.360556 1793.148596
v -1850.226229 -530.147014 1592.716388
v -1648.183849 -622.085177 1825.153599
v -1541.696931 -457.023968 1996.104207
v -1730.127209 -310.360556 1793.148596
cstype bspline
deg 1
curv 0 5 5196 5197 5198 5199 5200
parm u 0 0 1 2 3 4
end
v -195.356826 358.43592 2920.444047
v -520.924337 289.095556 2878.952931
v -540.524801 543.135143 2812.486525
v -307.303245 634.814317 2831.802294
v -195.356826 358.43592 2920.444047
cstype bspline
deg 1
curv 0 5 5201 5202 5203 5204 5205
parm u 0 0 1 2 3 4
end
v -194.936265 357.465816 2917.18046
v -519.887878 288.61058 2875.677699
v -539.801491 542.40723 2809.212686
v -307.077328 633.598874 2828.560997
v -194.936265 357.465816 2917.18046
cstype bspline
deg 1
curv 0 5 5206 5207 5208 5209 5210
parm u 0 0 1 2 3 4
end
v 800.041034 1913.210721 86.934109
v 669.58014 2006.246555 319.531939
v 635.849628 1886.005642 619.540272
v 746.109433 1734.334448 544.379845
v 800.041034 1913.210721 86.934109
cstype bspline
deg 1
curv 0 5 5211 5212 5213 5214 5215
parm u 0 0 1 2 3 4
end
v 802.585793 1915.274063 87.999035
v 672.619371 2007.593365 320.46971
v 638.835792 1887.402972 620.537943
v 748.599837 1736.458601 545.488056
v 802.585793 1915.274063 87.999035
cstype bspline
deg 1
curv 0 5 5216 5217 5218 5219 5220
parm u 0 0 1 2 3 4
end
v -1777.198785 1233.32349 2531.222195
v -2017.174182 1187.331051 2426.314669
v -1957.314016 1534.85668 2525.123073
v -1715.176142 1522.866217 2618.352998
v -1777.198785 1233.32349 2531.222195
cstype bspline
deg 1
curv 0 5 5221 5222 5223 5224 5225
parm u 0 0 1 2 3 4
end
v -1776.241712 1234.244425 2528.055753
v -2015.570698 1188.328084 2423.408606
v -1955.86086 1535.095982 2522.021569
v -1714.453516 1523.117159 2614.972571
v -1776.241712 1234.244425 2528.055753
cstype bspline
deg 1
curv 0 5 5226 5227 5228 5229 5230
parm u 0 0 1 2 3 4
end
v 646.586032 1507.18438 1427.492935
v 400.345685 1581.731883 1701.713978
v 365.35556 1454.037891 1911.108059
v 550.970688 1339.07172 1776.833734
v 646.586032 1507.18438 1427.492935
cstype bspline
deg 1
curv 0 5 5231 5232 5233 5234 5235
parm u 0 0 1 2 3 4
end
v 648.927879 1509.254777 1428.920945
v 402.953063 1583.255236 1703.408031
v 367.599759 1455.914933 1912.911538
v 553.02338 1341.360707 1778.427431
v 648.927879 1509.254777 1428.920945
cstype bspline
deg 1
curv 0 5 5236 5237 5238 5239 5240
parm u 0 0 1 2 3 4
end
v 1384.927479 -1500.341477 1589.380401
v 1627.594085 -1384.882891 1511.459318
v 1648.952872 -1496.902022 1216.444976
v 1442.092126 -1601.295003 1268.787689
v 1384.927479 -1500.341477 1589.380401
cstype bspline
deg 1
curv 0 5 5241 5242 5243 5244 5245
parm u 0 0 1 2 3 4
end
v 1383.378131 -1497.555441 1588.058728
v 1625.830939 -1382.184546 1510.235096
v 1647.135941 -1494.186302 1215.333508
v 1440.475461 -1598.500957 1267.575308
v 1383.378131 -1497.555441 1588.058728
cstype bspline
deg 1
curv 0 5 5246 5247 5248 5249 5250
parm u 0 0 1 2 3 4
end
v 1346.787796 -1382.932159 1847.863523
v 1345.694707 -1233.622283 2085.124393
v 1620.461624 -1120.951687 1996.174809
v 1608.255257 -1270.608611 1771.297487
v 1346.787796 -1382.932159 1847.863523
cstype bspline
deg 1
curv 0 5 5251 5252 5253 5254 5255
parm u 0 0 1 2 3 4
end
v 1345.291329 -1380.232341 1846.321029
v 1344.169689 -1231.072096 2083.371119
v 1618.719062 -1118.519455 1994.455302
v 1606.531012 -1268.003745 1769.834612
v 1345.291329 -1380.232341 1846.321029
cstype bspline
deg 1
curv 0 5 5256 5257 5258 5259 5260
parm u 0 0 1 2 3 4
end
v 2296.493264 -874.921778 1364.861341
v 2079.559548 -1027.993996 1524.071279
v 2036.620215 -898.415918 1793.59401
v 2222.899395 -761.736177 1664.679437
v 2296.493264 -874.921778 1364.861341
cstype bspline
deg 1
curv 0 5 5261 5262 5263 5264 5265
parm u 0 0 1 2 3 4
end
v 2293.951638 -872.946007 1363.635889
v 2077.290631 -1025.719766 1522.801242
v 2034.31296 -896.395222 1792.027262
v 2220.306258 -760.016642 1663.176849
v 2293.951638 -872.946007 1363.635889
cstype bspline
deg 1
curv 0 5 5266 5267 5268 5269 5270
parm u 0 0 1 2 3 4
end
v 471.966935 1193.144154 2102.072201
v 649.777293 1046.742806 2118.036929
v 734.670054 1193.241814 1800.527281
v 556.140579 1343.094367 1780.202209
v 471.966935 1193.144154 2102.072201
cstype bspline
deg 1
curv 0 5 5271 5272 5273 5274 5275
parm u 0 0 1 2 3 4
end
v 473.792193 1195.476963 2103.837284
v 651.491096 1049.185386 2119.770386
v 736.417186 1195.766026 1802.098034
v 558.184452 1345.37679 1781.790291
v 473.792193 1195.476963 2103.837284
cstype bspline
deg 1
curv 0 5 5276 5277 5278 5279 5280
parm u 0 0 1 2 3 4
end
v -515.113258 67.551943 2795.363218
v -885.035103 8.04205 2627.476623
v -854.544899 222.667176 2631.471128
v -495.847597 275.461974 2794.49396
v -515.113258 67.551943 2795.363218
cstype bspline
deg 1
curv 0 5 5281 5282 5283 5284 5285
parm u 0 0 1 2 3 4
end
v -513.808563 67.271586 2792.196752
v -883.277298 8.105612 2624.492454
v -852.970664 222.627053 2628.417459
v -494.808542 274.980616 2791.224146
v -513.808563 67.271586 2792.196752
cstype bspline
deg 1
curv 0 5 5286 5287 5288 5289 5290
parm u 0 0 1 2 3 4
end
v -1006.857235 2861.361427 1633.122447
v -769.152453 2990.931785 1364.091546
v -684.433399 2857.437605 1584.368652
v -877.490344 2737.828264 1828.164432
v -1006.857235 2861.361427 1633.122447
cstype bspline
deg 1
curv 0 5 5291 5292 5293 5294 5295
parm u 0 0 1 2 3 4
end
v -1007.016753 2858.32662 1631.501164
v -769.336686 2987.802533 1362.634332
v -684.829251 2854.518024 1582.588448
v -877.973403 2735.027148 1826.196944
v -1007.016753 2858.32662 1631.501164
cstype bspline
deg 1
curv 0 5 5296 5297 5298 5299 5300
parm u 0 0 1 2 3 4
end
v -1481.203413 2856.825063 1591.716625
v -1225.265256 3013.573616 1273.532407
v -1120.021779 2950.950064 1448.33454
v -1353.780883 2803.714244 1748.736259
v -1481.203413 2856.825063 1591.716625
cstype bspline
deg 1
curv 0 5 5301 5302 5303 5304 5305
parm u 0 0 1 2 3 4
end
v -1480.793264 2853.713963 1590.286066
v -1225.038678 3010.364414 1272.288016
v -1119.900675 2947.780368 1446.980041
v -1353.507432 2800.643705 1747.185612
v -1480.793264 2853.713963 1590.286066
cstype bspline
deg 1
curv 0 5 5306 5307 5308 5309 5310
parm u 0 0 1 2 3 4
end
v -497.360685 3171.716093 1114.6899
v -254.658767 3203.10837 937.577194
v -222.446624 3066.31375 1251.211991
v -433.06306 3040.38376 1401.771773
v -497.360685 3171.716093 1114.6899
cstype bspline
deg 1
curv 0 5 5311 5312 5313 5314 5315
parm u 0 0 1 2 3 4
end
v -497.704303 3168.532617 1113.404069
v -255.526086 3199.975446 936.421969
v -223.364454 3063.28652 1249.837668
v -433.529993 3037.350441 1400.195173
v -497.704303 3168.532617 1113.404069
cstype bspline
deg 1
curv 0 5 5316 5317 5318 5319 5320
parm u 0 0 1 2 3 4
end
v -714.353445 -484.204555 2804.985856
v -885.53905 -521.543247 2697.924546
v -915.425708 -219.894007 2688.245867
v -617.822254 -167.508102 2874.00389
v -714.353445 -484.204555 2804.985856
cstype bspline
deg 1
curv 0 5 5321 5322 5323 5324 5325
parm u 0 0 1 2 3 4
end
v -712.523548 -484.259314 2802.067088
v -883.554493 -521.332246 2695.106252
v -913.5548 -219.726106 2685.357371
v -616.214656 -167.625219 2870.949266
v -712.523548 -484.259314 2802.067088
cstype bspline
deg 1
curv 0 5 5326 5327 5328 5329 5330
parm u 0 0 1 2 3 4
end
v 2589.171585 -0.05171 1041.731455
v 2634.535529 -265.930466 939.596057
v 2496.03096 -219.682573 1286.431895
v 2471.760138 12.923049 1336.946156
v 2589.171585 -0.05171 1041.731455
cstype bspline
deg 1
curv 0 5 5331 5332 5333 5334 5335
parm u 0 0 1 2 3 4
end
v 2585.958923 -0.38955 1040.530233
v 2631.308741 -265.612152 938.405547
v 2492.890565 -219.471581 1285.032428
v 2468.650533 12.534326 1335.491499
v 2585.958923 -0.38955 1040.530233
cstype bspline
deg 1
curv 0 5 5336 5337 5338 5339 5340
parm u 0 0 1 2 3 4
end
v -1721.635648 2667.886911 1884.784226
v -1481.403334 2858.406304 1592.428907
v -1353.580958 2802.133006 1748.023971
v -1570.563494 2622.929736 2026.142905
v -1721.635648 2667.886911 1884.784226
cstype bspline
deg 1
curv 0 5 5341 5342 5343 5344 5345
parm u 0 0 1 2 3 4
end
v -1720.918972 2664.983325 1883.066123
v -1480.993054 2855.294257 1590.997856
v -1353.307648 2799.063409 1746.473825
v -1570.022349 2620.069653 2024.289472
v -1720.918972 2664.983325 1883.066123
cstype bspline
deg 1
curv 0 5 5346 5347 5348 5349 5350
parm u 0 0 1 2 3 4
end
v 2482.745843 -712.148139 1192.885593
v 2297.117516 -875.351617 1365.179843
v 2222.275139 -761.306341 1664.36094
v 2380.42025 -613.707092 1528.507839
v 2482.745843 -712.148139 1192.885593
cstype bspline
deg 1
curv 0 5 5351 5352 5353 5354 5355
parm u 0 0 1 2 3 4
end
v 2479.931396 -710.577557 1191.673849
v 2294.566737 -873.369457 1363.949687
v 2219.691157 -759.593187 1662.86306
v 2377.576497 -612.373368 1527.061387
v 2479.931396 -710.577557 1191.673849
cstype bspline
deg 1
curv 0 5 5356 5357 5358 5359 5360
parm u 0 0 1 2 3 4
end
v -2012.248811 -1686.723608 784.463075
v -2192.76673 -1487.297632 664.897343
v -2064.936314 -1461.303684 1026.585325
v -1916.737436 -1656.887478 1071.959343
v -2012.248811 -1686.723608 784.463075
cstype bspline
deg 1
curv 0 5 5361 5362 5363 5364 5365
parm u 0 0 1 2 3 4
end
v -2009.715754 -1684.556351 783.53866
v -2189.969707 -1485.63091 663.786228
v -2062.059505 -1459.833687 1025.349827
v -1914.16893 -1654.877001 1070.86502
v -2009.715754 -1684.556351 783.53866
cstype bspline
deg 1
curv 0 5 5366 5367 5368 5369 5370
parm u 0 0 1 2 3 4
end
v -1073.113882 1043.099651 2589.248936
v -1407.012982 788.381053 2485.306238
v -1488.352167 1037.556676 2531.576571
v -1102.327438 1182.875207 2617.433682
v -1073.113882 1043.099651 2589.248936
cstype bspline
deg 1
curv 0 5 5371 5372 5373 5374 5375
parm u 0 0 1 2 3 4
end
v -1072.40346 1043.670209 2585.926789
v -1406.069114 789.339812 2482.123995
v -1487.727681 1038.508102 2528.325226
v -1101.905046 1183.359331 2614.039276
v -1072.40346 1043.670209 2585.926789
cstype bspline
deg 1
curv 0 5 5376 5377 5378 5379 5380
parm u 0 0 1 2 3 4
end
v -2035.982902 824.845721 2345.30692
v -2224.0424 820.76585 2208.115935
v -2242.730952 1162.353526 2364.215361
v -2057.393964 1162.099826 2497.298792
v -2035.982902 824.845721 2345.30692
cstype bspline
deg 1
curv 0 5 5381 5382 5383 5384 5385
parm u 0 0 1 2 3 4
end
v -2034.373275 826.301607 2342.628419
v -2222.007503 822.200584 2205.723628
v -2240.640852 1163.29966 2361.641851
v -2055.794616 1163.095124 2494.405514
v -2034.373275 826.301607 2342.628419
cstype bspline
deg 1
curv 0 5 5386 5387 5388 5389 5390
parm u 0 0 1 2 3 4
end
v -1417.843226 1535.132581 2723.171877
v -1732.182084 1517.795397 2707.8103
v -1614.540493 1820.017352 2701.082766
v -1320.590274 1776.850084 2717.953123
v -1417.843226 1535.132581 2723.171877
cstype bspline
deg 1
curv 0 5 5391 5392 5393 5394 5395
parm u 0 0 1 2 3 4
end
v -1417.858232 1535.223577 2719.743499
v -1731.463954 1518.042294 2704.424469
v -1614.149242 1819.456006 2697.722015
v -1320.954197 1776.358706 2714.537506
v -1417.858232 1535.223577 2719.743499
cstype bspline
deg 1
curv 0 5 5396 5397 5398 5399 5400
parm u 0 0 1 2 3 4
end
v -2280.026904 59.86317 1362.468318
v -2316.197628 -185.827769 1111.235046
v -2133.983933 -220.728627 1317.160825
v -2100.244502 28.289416 1568.029112
v -2280.026904 59.86317 1362.468318
cstype bspline
deg 1
curv 0 5 5401 5402 5403 5404 5405
parm u 0 0 1 2 3 4
end
v -2282.336561 58.167223 1364.390489
v -2318.719994 -187.342764 1113.033095
v -2136.531883 -222.084724 1319.053446
v -2102.540308 26.69435 1570.048478
v -2282.336561 58.167223 1364.390489
cstype bspline
deg 1
curv 0 5 5406 5407 5408 5409 5410
parm u 0 0 1 2 3 4
end
v -1946.162173 -254.515503 1538.625982
v -2026.853367 -482.011593 1340.214721
v -1836.459053 -527.085811 1582.34607
v -1738.501807 -312.212766 1799.399531
v -1946.162173 -254.515503 1538.625982
cstype bspline
deg 1
curv 0 5 5411 5412 5413 5414 5415
parm u 0 0 1 2 3 4
end
v -1948.743929 -255.585025 1540.655512
v -2029.650521 -482.813165 1342.060798
v -1839.251737 -527.590884 1584.315796
v -1741.101694 -312.916686 1801.549197
v -1948.743929 -255.585025 1540.655512
cstype bspline
deg 1
curv 0 5 5416 5417 5418 5419 5420
parm u 0 0 1 2 3 4
end
v 424.339504 1132.276064 2056.026436
v 605.076595 982.999568 2072.816097
v 689.085595 1127.38935 1759.548893
v 502.781675 1283.569873 1738.778386
v 424.339504 1132.276064 2056.026436
cstype bspline
deg 1
curv 0 5 5421 5422 5423 5424 5425
parm u 0 0 1 2 3 4
end
v 426.164778 1134.608897 2057.791528
v 606.790386 985.442129 2074.549534
v 690.832748 1129.91359 1761.119644
v 504.825537 1285.852287 1740.366431
v 426.164778 1134.608897 2057.791528
cstype bspline
deg 1
curv 0 5 5426 5427 5428 5429 5430
parm u 0 0 1 2 3 4
end
v -1091.686118 1028.178765 2675.90461
v -1431.630204 763.389836 2568.328788
v -1504.631432 1012.704155 2616.392403
v -1113.333331 1170.221873 2705.988701
v -1091.686118 1028.178765 2675.90461
cstype bspline
deg 1
curv 0 5 5431 5432 5433 5434 5435
parm u 0 0 1 2 3 4
end
v -1090.975676 1028.749297 2672.582531
v -1430.686349 764.348604 2565.146473
v -1504.006933 1013.655548 2613.141124
v -1112.910965 1170.706027 2702.594226
v -1090.975676 1028.749297 2672.582531
cstype bspline
deg 1
curv 0 5 5436 5437 5438 5439 5440
parm u 0 0 1 2 3 4
end
v -124.576838 -1907.471798 1826.23266
v 58.180431 -1794.113896 1969.39539
v 231.804034 -1878.671014 1721.56872
v -0.7473 -2007.404914 1570.365232
v -124.576838 -1907.471798 1826.23266
cstype bspline
deg 1
curv 0 5 5441 5442 5443 5444 5445
parm u 0 0 1 2 3 4
end
v -125.104437 -1904.447242 1824.658617
v 57.522485 -1791.150172 1967.757762
v 231.001035 -1875.654272 1720.098071
v -1.405247 -2004.320086 1568.966639
v -125.104437 -1904.447242 1824.658617
cstype bspline
deg 1
curv 0 5 5446 5447 5448 5449 5450
parm u 0 0 1 2 3 4
end
v -851.871685 223.55159 2627.731164
v -1201.30791 208.104902 2432.626752
v -1041.97716 484.897302 2537.396445
v -823.72003 468.960374 2657.758826
v -851.871685 223.55159 2627.731164
cstype bspline
deg 1
curv 0 5 5451 5452 5453 5454 5455
parm u 0 0 1 2 3 4
end
v -850.297811 223.510818 2624.676987
v -1199.452119 208.479662 2429.726815
v -1040.602504 485.235435 2534.265363
v -822.52828 468.794108 2654.510756
v -850.297811 223.510818 2624.676987
cstype bspline
deg 1
curv 0 5 5456 5457 5458 5459 5460
parm u 0 0 1 2 3 4
end
v -1494.087744 1288.916139 2688.937161
v -1805.867247 1206.525532 2629.176856
v -1730.386569 1519.074337 2691.179593
v -1419.638736 1533.853642 2739.802586
v -1494.087744 1288.916139 2688.937161
cstype bspline
deg 1
curv 0 5 5461 5462 5463 5464 5465
parm u 0 0 1 2 3 4
end
v -1493.761598 1289.531641 2685.584627
v -1804.900422 1207.452986 2625.969575
v -1729.673711 1519.318754 2687.839998
v -1419.648472 1533.947114 2736.32797
v -1493.761598 1289.531641 2685.584627
cstype bspline
deg 1
curv 0 5 5466 5467 5468 5469 5470
parm u 0 0 1 2 3 4
end
v -688.351544 -2191.732199 1014.865123
v -703.894467 -2070.957011 1341.293686
v -477.31639 -2071.65993 1347.620869
v -438.734317 -2199.857403 1001.933697
v -688.351544 -2191.732199 1014.865123
cstype bspline
deg 1
curv 0 5 5471 5472 5473 5474 5475
parm u 0 0 1 2 3 4
end
v -688.074188 -2188.479658 1013.747175
v -703.650338 -2067.766192 1340.0063
v -477.445278 -2068.467938 1346.314132
v -438.867143 -2196.613843 1000.766754
v -688.074188 -2188.479658 1013.747175
cstype bspline
deg 1
curv 0 5 5476 5477 5478 5479 5480
parm u 0 0 1 2 3 4
end
v -973.298012 -2217.627796 1097.39275
v -949.156985 -2119.161022 1381.182079
v -710.298015 -2154.887561 1375.130909
v -695.520271 -2275.893445 1043.777289
v -973.298012 -2217.627796 1097.39275
cstype bspline
deg 1
curv 0 5 5481 5482 5483 5484 5485
parm u 0 0 1 2 3 4
end
v -972.561436 -2214.426851 1096.331212
v -948.499029 -2116.02603 1379.90499
v -710.053624 -2151.694427 1373.842691
v -695.24317 -2272.643215 1042.660126
v -972.561436 -2214.426851 1096.331212
cstype bspline
deg 1
curv 0 5 5486 5487 5488 5489 5490
parm u 0 0 1 2 3 4
end
v -2109.438773 1873.775736 2518.680889
v -2303.078728 1891.53115 2371.749039
v -2162.768847 2215.053075 2314.705309
v -1971.721306 2195.113175 2460.847431
v -2109.438773 1873.775736 2518.680889
cstype bspline
deg 1
curv 0 5 5491 5492 5493 5494 5495
parm u 0 0 1 2 3 4
end
v -2107.652132 1873.023559 2515.832257
v -2301.02356 1890.775513 2369.07644
v -2161.120888 2213.338013 2312.213112
v -1970.330203 2193.410267 2458.183134
v -2107.652132 1873.023559 2515.832257
cstype bspline
deg 1
curv 0 5 5496 5497 5498 5499 5500
parm u 0 0 1 2 3 4
end
v 2677.502981 281.348663 903.108098
v 2789.801794 0.641818 740.437358
v 2674.758838 8.590853 1073.828987
v 2594.624056 262.616426 1157.874869
v 2677.502981 281.348663 903.108098
cstype bspline
deg 1
curv 0 5 5501 5502 5503 5504 5505
parm u 0 0 1 2 3 4
end
v 2674.349141 280.364002 902.114073
v 2786.52985 0.239754 739.423459
v 2671.540549 8.252671 1072.625605
v 2591.541564 261.70265 1156.632209
v 2674.349141 280.364002 902.114073
cstype bspline
deg 1
curv 0 5 5506 5507 5508 5509 5510
parm u 0 0 1 2 3 4
end
v -569.878471 -170.468859 2783.964299
v -872.58629 -215.644175 2623.248104
v -879.483939 7.671766 2616.216497
v -520.66442 67.922228 2806.623345
v -569.878471 -170.468859 2783.964299
cstype bspline
deg 1
curv 0 5 5511 5512 5513 5514 5515
parm u 0 0 1 2 3 4
end
v -568.277399 -170.585813 2780.921476
v -870.708859 -215.476444 2620.347804
v -877.736372 7.736458 2613.253514
v -519.349474 67.640753 2803.4357
v -568.277399 -170.585813 2780.921476
cstype bspline
deg 1
curv 0 5 5516 5517 5518 5519 5520
parm u 0 0 1 2 3 4
end
v -1359.186929 2312.4273 2506.122148
v -1489.195796 2081.877638 2639.603435
v -1748.149828 2150.638231 2571.274495
v -1591.898919 2409.637402 2422.298749
v -1359.186929 2312.4273 2506.122148
cstype bspline
deg 1
curv 0 5 5521 5522 5523 5524 5525
parm u 0 0 1 2 3 4
end
v -1359.407895 2310.477764 2503.287851
v -1489.136947 2080.542012 2636.419912
v -1747.361025 2149.07542 2568.305429
v -1591.482651 2407.377952 2419.720692
v -1359.407895 2310.477764 2503.287851
cstype bspline
deg 1
curv 0 5 5526 5527 5528 5529 5530
parm u 0 0 1 2 3 4
end
v -1211.25552 2507.390334 2320.864729
v -1359.197526 2314.039598 2507.903095
v -1591.888333 2408.025101 2420.517804
v -1412.877214 2624.523968 2210.932152
v -1211.25552 2507.390334 2320.864729
cstype bspline
deg 1
curv 0 5 5531 5532 5533 5534 5535
parm u 0 0 1 2 3 4
end
v -1211.673446 2505.020422 2318.403602
v -1359.418273 2312.083339 2505.060754
v -1591.472271 2405.772373 2417.947794
v -1412.767882 2621.827488 2208.771195
v -1211.673446 2505.020422 2318.403602
cstype bspline
deg 1
curv 0 5 5536 5537 5538 5539 5540
parm u 0 0 1 2 3 4
end
v -1809.926307 -826.350425 1748.912385
v -1555.585324 -1009.580964 2044.993508
v -1610.033735 -1150.360199 1958.966453
v -1863.737674 -1040.188388 1654.494475
v -1809.926307 -826.350425 1748.912385
cstype bspline
deg 1
curv 0 5 5541 5542 5543 5544 5545
parm u 0 0 1 2 3 4
end
v -1807.148207 -826.116206 1746.883751
v -1552.93179 -1009.37379 2042.794103
v -1607.325945 -1149.979487 1956.865192
v -1860.88491 -1039.842539 1652.584148
v -1807.148207 -826.116206 1746.883751
cstype bspline
deg 1
curv 0 5 5546 5547 5548 5549 5550
parm u 0 0 1 2 3 4
end
v -1249.731536 -2121.335015 1120.334918
v -974.139479 -2219.924504 1098.040325
v -1010.088954 -2289.174861 820.685073
v -1308.422674 -2176.795599 864.118639
v -1249.731536 -2121.335015 1120.334918
cstype bspline
deg 1
curv 0 5 5551 5552 5553 5554 5555
parm u 0 0 1 2 3 4
end
v -1248.505027 -2118.274588 1119.338149
v -973.401144 -2216.719306 1096.977651
v -1009.192523 -2285.971854 819.79146
v -1307.051533 -2173.723214 863.324448
v -1248.505027 -2118.274588 1119.338149
cstype bspline
deg 1
curv 0 5 5556 5557 5558 5559 5560
parm u 0 0 1 2 3 4
end
v -1100.715558 1186.612161 2598.433932
v -1489.964046 1033.819723 2550.576322
v -1486.301491 1305.5438 2598.688571
v -1095.475772 1347.446682 2627.076811
v -1100.715558 1186.612161 2598.433932
cstype bspline
deg 1
curv 0 5 5561 5562 5563 5564 5565
parm u 0 0 1 2 3 4
end
v -1100.294475 1187.09123 2595.059037
v -1489.338251 1034.776203 2547.305465
v -1485.972207 1306.159588 2595.325395
v -1095.430051 1347.606286 2623.615768
v -1100.294475 1187.09123 2595.059037
cstype bspline
deg 1
curv 0 5 5566 5567 5568 5569 5570
parm u 0 0 1 2 3 4
end
v -1790.504597 2470.644778 2302.277542
v -1584.780481 2697.978522 2075.047398
v -1412.686251 2622.037352 2208.571733
v -1592.079314 2410.511714 2422.878222
v -1790.504597 2470.644778 2302.277542
cstype bspline
deg 1
curv 0 5 5571 5572 5573 5574 5575
parm u 0 0 1 2 3 4
end
v -1789.571432 2468.21727 2300.014781
v -1584.239029 2695.116963 2073.192491
v -1412.577282 2619.348133 2206.418099
v -1591.662862 2408.251725 2420.300892
v -1789.571432 2468.21727 2300.014781
cstype bspline
deg 1
curv 0 5 5576 5577 5578 5579 5580
parm u 0 0 1 2 3 4
end
v -892.930039 224.589195 2707.413051
v -1249.73785 198.327067 2508.27103
v -1077.840193 476.083338 2619.083463
v -854.806206 473.278241 2742.485143
v -892.930039 224.589195 2707.413051
cstype bspline
deg 1
curv 0 5 5581 5582 5583 5584 5585
parm u 0 0 1 2 3 4
end
v -891.356045 224.548469 2704.358537
v -1247.882159 198.701779 2505.371441
v -1076.465418 476.421511 2615.952044
v -853.614575 473.111929 2739.23741
v -891.356045 224.548469 2704.358537
cstype bspline
deg 1
curv 0 5 5586 5587 5588 5589 5590
parm u 0 0 1 2 3 4
end
v -1306.227424 -2170.786098 862.537884
v -1012.284213 -2295.18436 822.265826
v -1062.479375 -2337.83493 561.73703
v -1363.852573 -2207.850375 613.246782
v -1306.227424 -2170.786098 862.537884
cstype bspline
deg 1
curv 0 5 5591 5592 5593 5594 5595
parm u 0 0 1 2 3 4
end
v -1304.860104 -2167.724505 861.746645
v -1011.383966 -2291.970558 821.369261
v -1061.444094 -2334.652236 560.91773
v -1362.382005 -2204.804544 612.544926
v -1304.860104 -2167.724505 861.746645
cstype bspline
deg 1
curv 0 5 5596 5597 5598 5599 5600
parm u 0 0 1 2 3 4
end
v -1591.904682 2409.528673 2422.103309
v -1748.144061 2150.746961 2571.469935
v -1970.303109 2194.200544 2458.910201
v -1790.679219 2471.627825 2303.05245
v -1591.904682 2409.528673 2422.103309
cstype bspline
deg 1
curv 0 5 5601 5602 5603 5604 5605
parm u 0 0 1 2 3 4
end
v -1591.48877 2407.271098 2419.52816
v -1747.354897 2149.18227 2568.497965
v -1968.914556 2192.499616 2456.249836
v -1789.745521 2469.197895 2300.787516
v -1591.48877 2407.271098 2419.52816
cstype bspline
deg 1
curv 0 5 5606 5607 5608 5609 5610
parm u 0 0 1 2 3 4
end
v -2000.18963 -1234.752386 1350.722401
v -1922.120832 -1448.499319 1349.625143
v -2064.816583 -1460.666447 1026.639516
v -2161.568093 -1236.87823 994.834805
v -2000.18963 -1234.752386 1350.722401
cstype bspline
deg 1
curv 0 5 5611 5612 5613 5614 5615
parm u 0 0 1 2 3 4
end
v -1997.17658 -1233.969141 1349.221357
v -1919.276464 -1447.132179 1348.242384
v -2061.942204 -1459.199609 1025.404711
v -2158.553809 -1235.944675 993.458633
v -1997.17658 -1233.969141 1349.221357
cstype bspline
deg 1
curv 0 5 5616 5617 5618 5619 5620
parm u 0 0 1 2 3 4
end
v 1808.527121 -1209.236857 1363.632216
v 2047.543275 -1081.483599 1195.81603
v 2047.165791 -1184.490764 921.302809
v 1816.064758 -1308.229693 1082.983635
v 1808.527121 -1209.236857 1363.632216
cstype bspline
deg 1
curv 0 5 5621 5622 5623 5624 5625
parm u 0 0 1 2 3 4
end
v 1806.548505 -1206.639091 1362.519247
v 2045.344153 -1079.034494 1194.778972
v 2045.009444 -1181.969168 920.361468
v 1814.078531 -1305.595038 1081.978678
v 1806.548505 -1206.639091 1362.519247
cstype bspline
deg 1
curv 0 5 5626 5627 5628 5629 5630
parm u 0 0 1 2 3 4
end
v -57.023945 3175.47243 503.390244
v -19.509178 3304.195785 85.486946
v 145.415506 3053.279074 383.634901
v 126.088471 2976.393056 626.564073
v -57.023945 3175.47243 503.390244
cstype bspline
deg 1
curv 0 5 5631 5632 5633 5634 5635
parm u 0 0 1 2 3 4
end
v -58.632733 3172.595283 502.365737
v -21.08203 3301.317068 84.426333
v 142.912189 3051.040595 382.82741
v 123.666008 2974.084655 625.741142
v -58.632733 3172.595283 502.365737
cstype bspline
deg 1
curv 0 5 5636 5637 5638 5639 5640
parm u 0 0 1 2 3 4
end
v -1886.192842 1849.634562 2635.840685
v -2111.844182 1875.629353 2522.816544
v -1969.315889 2193.259577 2456.711773
v -1749.13129 2151.687944 2573.668352
v -1886.192842 1849.634562 2635.840685
cstype bspline
deg 1
curv 0 5 5641 5642 5643 5644 5645
parm u 0 0 1 2 3 4
end
v -1885.032806 1848.960651 2632.668082
v -2110.053049 1874.873576 2519.959605
v -1967.929292 2191.560258 2454.055778
v -1748.340156 2150.121629 2570.692025
v -1885.032806 1848.960651 2632.668082
cstype bspline
deg 1
curv 0 5 5646 5647 5648 5649 5650
parm u 0 0 1 2 3 4
end
v -2089.19878 -500.408295 1381.175061
v -2169.746452 -748.173501 1178.657208
v -1975.62847 -767.552827 1485.129037
v -1919.926133 -542.741854 1640.929316
v -2089.19878 -500.408295 1381.175061
cstype bspline
deg 1
curv 0 5 5651 5652 5653 5654 5655
parm u 0 0 1 2 3 4
end
v -2092.001001 -501.211453 1383.024737
v -2172.707906 -748.759003 1180.325109
v -1978.557645 -767.906761 1486.921096
v -1922.713758 -543.245336 1642.895433
v -2092.001001 -501.211453 1383.024737
cstype bspline
deg 1
curv 0 5 5656 5657 5658 5659 5660
parm u 0 0 1 2 3 4
end
v 549.672204 1769.571236 1275.959028
v 408.868893 1755.19073 1543.03853
v 413.992521 1591.237253 1709.996494
v 632.939207 1497.679003 1419.21041
v 549.672204 1769.571236 1275.959028
cstype bspline
deg 1
curv 0 5 5661 5662 5663 5664 5665
parm u 0 0 1 2 3 4
end
v 552.547334 1770.937328 1277.247657
v 411.776965 1756.305104 1544.556179
v 416.578589 1592.745923 1711.677334
v 635.302361 1499.764085 1420.651633
v 552.547334 1770.937328 1277.247657
cstype bspline
deg 1
curv 0 5 5666 5667 5668 5669 5670
parm u 0 0 1 2 3 4
end
v -674.508083 2932.604425 1629.820322
v -432.655901 3043.35676 1404.159533
v -367.281522 2866.827083 1658.997322
v -557.071916 2764.016918 1860.402206
v -674.508083 2932.604425 1629.820322
cstype bspline
deg 1
curv 0 5 5671 5672 5673 5674 5675
parm u 0 0 1 2 3 4
end
v -674.903631 2929.684331 1628.040286
v -433.123636 3040.317871 1402.579215
v -367.889961 2864.05933 1657.041265
v -557.641211 2761.36865 1858.25378
v -674.903631 2929.684331 1628.040286
cstype bspline
deg 1
curv 0 5 5676 5677 5678 5679 5680
parm u 0 0 1 2 3 4
end
v -1491.936767 2938.000975 1629.032494
v -1231.215491 3097.31958 1305.997419
v -1123.176986 3033.649413 1483.664944
v -1360.914715 2883.809818 1789.19016
v -1491.936767 2938.000975 1629.032494
cstype bspline
deg 1
curv 0 5 5681 5682 5683 5684 5685
parm u 0 0 1 2 3 4
end
v -1491.526624 2934.889866 1627.60194
v -1230.988929 3094.110383 1304.753029
v -1123.055922 3030.479709 1482.310438
v -1360.641265 2880.739286 1787.639512
v -1491.526624 2934.889866 1627.60194
cstype bspline
deg 1
curv 0 5 5686 5687 5688 5689 5690
parm u 0 0 1 2 3 4
end
v -1489.712905 2082.615252 2642.077154
v -1614.35146 1819.388899 2705.270748
v -1887.691422 1851.421893 2640.708257
v -1747.632707 2149.900606 2568.800782
v -1489.712905 2082.615252 2642.077154
cstype bspline
deg 1
curv 0 5 5691 5692 5693 5694 5695
parm u 0 0 1 2 3 4
end
v -1489.653198 2081.279424 2638.890644
v -1613.960006 1818.828236 2701.895002
v -1886.528192 1850.744274 2637.525408
v -1746.844772 2148.338004 2565.834698
v -1489.653198 2081.279424 2638.890644
cstype bspline
deg 1
curv 0 5 5696 5697 5698 5699 5700
parm u 0 0 1 2 3 4
end
v -1584.450454 2695.298556 2073.190953
v -1360.942044 2884.439972 1789.763512
v -1216.428971 2798.550508 1948.849402
v -1413.016262 2624.717309 2210.428196
v -1584.450454 2695.298556 2073.190953
cstype bspline
deg 1
curv 0 5 5701 5702 5703 5704 5705
parm u 0 0 1 2 3 4
end
v -1583.90962 2692.441742 2071.339568
v -1360.668429 2881.367099 1788.21133
v -1216.507263 2795.631191 1947.018165
v -1412.906712 2622.023348 2208.271024
v -1583.90962 2692.441742 2071.339568
cstype bspline
deg 1
curv 0 5 5706 5707 5708 5709 5710
parm u 0 0 1 2 3 4
end
v -1413.121624 2620.518269 2207.429426
v -1216.32361 2802.749552 1951.848165
v -1047.053271 2671.248738 2101.151106
v -1211.011105 2511.396038 2324.36745
v -1413.121624 2620.518269 2207.429426
cstype bspline
deg 1
curv 0 5 5711 5712 5713 5714 5715
parm u 0 0 1 2 3 4
end
v -1413.011702 2617.833141 2205.278965
v -1216.402277 2799.821403 1950.010216
v -1047.558591 2668.620255 2098.988434
v -1211.429618 2509.014758 2321.895841
v -1413.011702 2617.833141 2205.278965
cstype bspline
deg 1
curv 0 5 5716 5717 5718 5719 5720
parm u 0 0 1 2 3 4
end
v -1967.966887 2507.695435 2165.426216
v -1740.47248 2744.29505 1929.948655
v -1584.558675 2696.879029 2074.148876
v -1790.726393 2471.744264 2303.176077
v -1967.966887 2507.695435 2165.426216
cstype bspline
deg 1
curv 0 5 5721 5722 5723 5724 5725
parm u 0 0 1 2 3 4
end
v -1966.810521 2505.228284 2163.311232
v -1739.755801 2741.391095 1928.230405
v -1584.017538 2694.019306 2072.295604
v -1789.792913 2469.31493 2300.911668
v -1966.810521 2505.228284 2163.311232
cstype bspline
deg 1
curv 0 5 5726 5727 5728 5729 5730
parm u 0 0 1 2 3 4
end
v -549.116733 74.872379 2877.971051
v -930.898808 6.411071 2705.320698
v -895.610887 223.688783 2711.136084
v -522.937872 287.977473 2879.789203
v -549.116733 74.872379 2877.971051
cstype bspline
deg 1
curv 0 5 5731 5732 5733 5734 5735
parm u 0 0 1 2 3 4
end
v -547.812011 74.592031 2874.804508
v -929.141042 6.47462 2702.336601
v -894.036618 223.648675 2708.082341
v -521.898845 287.496098 2876.519467
v -547.812011 74.592031 2874.804508
cstype bspline
deg 1
curv 0 5 5736 5737 5738 5739 5740
parm u 0 0 1 2 3 4
end
v -1791.219955 2472.488505 2303.983464
v -1969.762387 2193.339861 2457.979185
v -2164.727772 2216.8264 2317.573545
v -1967.473325 2506.95119 2164.618832
v -1791.219955 2472.488505 2303.983464
cstype bspline
deg 1
curv 0 5 5741 5742 5743 5744 5745
parm u 0 0 1 2 3 4
end
v -1790.285612 2470.057667 2301.717507
v -1968.374461 2191.639836 2455.319854
v -2163.076629 2215.108455 2315.076387
v -1966.317822 2504.485541 2162.505398
v -1790.285612 2470.057667 2301.717507
cstype bspline
deg 1
curv 0 5 5746 5747 5748 5749 5750
parm u 0 0 1 2 3 4
end
v 1791.789796 -1094.520326 1633.121535
v 2019.784505 -967.983337 1490.609297
v 2048.364013 -1082.4754 1196.242885
v 1807.706372 -1208.245061 1363.205367
v 1791.789796 -1094.520326 1633.121535
cstype bspline
deg 1
curv 0 5 5751 5752 5753 5754 5755
parm u 0 0 1 2 3 4
end
v 1789.804582 -1092.047034 1631.766188
v 2017.517772 -965.710528 1489.340501
v 2046.165905 -1080.027506 1195.206378
v 1805.726764 -1205.646071 1362.091838
v 1789.804582 -1092.047034 1631.766188
cstype bspline
deg 1
curv 0 5 5756 5757 5758 5759 5760
parm u 0 0 1 2 3 4
end
v -1216.857116 2797.486507 1948.096433
v -1002.013899 2947.011778 1679.341811
v -865.577819 2804.381038 1875.563108
v -1046.519758 2676.511781 2104.902841
v -1216.857116 2797.486507 1948.096433
cstype bspline
deg 1
curv 0 5 5761 5762 5763 5764 5765
parm u 0 0 1 2 3 4
end
v -1216.934587 2794.570388 1946.267363
v -1002.1747 2943.965011 1677.713108
v -866.059598 2801.591877 1873.603051
v -1047.026265 2673.871264 2102.731293
v -1216.934587 2794.570388 1946.267363
cstype bspline
deg 1
curv 0 5 5766 5767 5768 5769 5770
parm u 0 0 1 2 3 4
end
v -860.668012 223.821575 2646.404719
v -814.923724 468.690383 2639.085264
v -525.839875 526.311813 2741.038024
v -489.724497 274.307576 2779.560364
v -860.668012 223.821575 2646.404719
cstype bspline
deg 1
curv 0 5 5771 5772 5773 5774 5775
parm u 0 0 1 2 3 4
end
v -859.080852 223.778254 2643.318224
v -813.745254 468.526677 2635.869514
v -525.10623 525.577076 2737.725945
v -488.698376 273.829412 2776.323372
v -859.080852 223.778254 2643.318224
cstype bspline
deg 1
curv 0 5 5776 5777 5778 5779 5780
parm u 0 0 1 2 3 4
end
v -1360.790772 2881.028322 1787.88218
v -1123.300941 3036.430913 1484.97291
v -1002.290769 2942.536135 1676.707498
v -1216.580242 2801.962158 1950.730733
v -1360.790772 2881.028322 1787.88218
cstype bspline
deg 1
curv 0 5 5781 5782 5783 5784 5785
parm u 0 0 1 2 3 4
end
v -1360.517369 2877.961045 1786.333216
v -1123.179815 3033.257952 1483.616731
v -1002.450965 2939.498152 1675.084197
v -1216.658328 2799.037247 1948.896277
v -1360.517369 2877.961045 1786.333216
cstype bspline
deg 1
curv 0 5 5786 5787 5788 5789 5790
parm u 0 0 1 2 3 4
end
v -2242.344694 1162.189714 2363.968678
v -2405.266546 1172.03905 2218.139971
v -2374.495091 1555.785422 2336.395188
v -2202.655221 1538.531233 2488.591139
v -2242.344694 1162.189714 2363.968678
cstype bspline
deg 1
curv 0 5 5791 5792 5793 5794 5795
parm u 0 0 1 2 3 4
end
v -2240.254347 1163.136623 2361.394455
v -2402.987755 1172.953471 2215.714681
v -2372.240676 1555.96474 2333.793622
v -2200.620571 1538.724964 2485.808429
v -2240.254347 1163.136623 2361.394455
cstype bspline
deg 1
curv 0 5 5796 5797 5798 5799 5800
parm u 0 0 1 2 3 4
end
v -996.932964 -571.338038 2487.466926
v -1134.33258 -261.757424 2417.439323
v -870.597021 -215.810688 2619.166638
v -829.734928 -515.790629 2618.131946
v -996.932964 -571.338038 2487.466926
cstype bspline
deg 1
curv 0 5 5801 5802 5803 5804 5805
parm u 0 0 1 2 3 4
end
v -994.781838 -571.000057 2484.789409
v -1132.167302 -261.382508 2414.780657
v -868.72324 -215.64264 2616.273543
v -827.753237 -515.57978 2615.318256
v -994.781838 -571.000057 2484.789409
cstype bspline
deg 1
curv 0 5 5806 5807 5808 5809 5810
parm u 0 0 1 2 3 4
end
v 2444.761927 -414.209283 1331.723186
v 2572.984255 -481.735784 970.71308
v 2409.668177 -671.377246 1161.429613
v 2305.933467 -578.718207 1490.619831
v 2444.761927 -414.209283 1331.723186
cstype bspline
deg 1
curv 0 5 5811 5812 5813 5814 5815
parm u 0 0 1 2 3 4
end
v 2441.714309 -413.376408 1330.31774
v 2569.918588 -480.726861 969.513676
v 2406.84126 -669.800239 1160.212152
v 2303.102181 -577.390925 1489.179082
v 2441.714309 -413.376408 1330.31774
cstype bspline
deg 1
curv 0 5 5816 5817 5818 5819 5820
parm u 0 0 1 2 3 4
end
v 561.290693 -1733.796566 1596.550671
v 791.734783 -1578.457095 1753.565659
v 863.802417 -1685.357111 1465.532848
v 638.475013 -1834.517643 1317.923449
v 561.290693 -1733.796566 1596.550671
cstype bspline
deg 1
curv 0 5 5821 5822 5823 5824 5825
parm u 0 0 1 2 3 4
end
v 560.296505 -1730.806199 1595.147535
v 790.609822 -1575.545121 1752.093673
v 862.638302 -1682.394091 1464.20332
v 637.432092 -1831.486524 1316.647876
v 560.296505 -1730.806199 1595.147535
cstype bspline
deg 1
curv 0 5 5826 5827 5828 5829 5830
parm u 0 0 1 2 3 4
end
v -1002.696603 2940.490579 1675.421078
v -764.359964 3072.568255 1402.100415
v -674.145824 2933.627299 1630.814754
v -864.895113 2810.902243 1879.48383
v -1002.696603 2940.490579 1675.421078
cstype bspline
deg 1
curv 0 5 5831 5832 5833 5834 5835
parm u 0 0 1 2 3 4
end
v -1002.856118 2937.455759 1673.799797
v -764.544186 3069.439018 1400.643193
v -674.541664 2930.707715 1629.034533
v -865.378172 2808.101126 1877.516366
v -1002.856118 2937.455759 1673.799797
cstype bspline
deg 1
curv 0 5 5836 5837 5838 5839 5840
parm u 0 0 1 2 3 4
end
v -1769.870305 914.857166 2406.105911
v -1996.258517 860.783709 2279.933399
v -2013.405468 1190.109124 2417.319777
v -1780.9675 1230.54543 2540.217093
v -1769.870305 914.857166 2406.105911
cstype bspline
deg 1
curv 0 5 5841 5842 5843 5844 5845
parm u 0 0 1 2 3 4
end
v -1768.755144 916.189503 2403.137407
v -1994.643207 862.244337 2277.243699
v -2011.811784 1191.099653 2414.437697
v -1780.000636 1231.472854 2537.026656
v -1768.755144 916.189503 2403.137407
cstype bspline
deg 1
curv 0 5 5846 5847 5848 5849 5850
parm u 0 0 1 2 3 4
end
v 585.49295 1453.160469 1390.230185
v 332.309864 1541.986264 1657.533608
v 306.832792 1405.051093 1864.048181
v 497.395802 1279.384697 1735.271039
v 585.49295 1453.160469 1390.230185
cstype bspline
deg 1
curv 0 5 5851 5852 5853 5854 5855
parm u 0 0 1 2 3 4
end
v 587.834859 1455.230893 1391.65824
v 334.917175 1543.509582 1659.227631
v 309.077049 1406.928158 1865.851719
v 499.448422 1281.673646 1736.864718
v 587.834859 1455.230893 1391.65824
cstype bspline
deg 1
curv 0 5 5856 5857 5858 5859 5860
parm u 0 0 1 2 3 4
end
v 1140.167753 1443.341498 641.854348
v 1227.994441 1522.96148 339.782403
v 1074.21854 1680.097353 85.952215
v 974.892871 1542.969297 551.851644
v 1140.167753 1443.341498 641.854348
cstype bspline
deg 1
curv 0 5 5861 5862 5863 5864 5865
parm u 0 0 1 2 3 4
end
v 1141.222733 1446.401087 643.041853
v 1229.009772 1526.052283 340.939317
v 1075.873123 1682.895239 87.099106
v 976.574221 1545.745644 553.031023
v 1141.222733 1446.401087 643.041853
cstype bspline
deg 1
curv 0 5 5866 5867 5868 5869 5870
parm u 0 0 1 2 3 4
end
v -2016.108817 -479.481008 1332.920272
v -2092.51415 -732.891797 1135.147106
v -1899.224049 -758.313035 1438.378894
v -1847.203609 -529.616403 1589.640508
v -2016.108817 -479.481008 1332.920272
cstype bspline
deg 1
curv 0 5 5871 5872 5873 5874 5875
parm u 0 0 1 2 3 4
end
v -2018.91102 -480.284153 1334.769938
v -2095.47562 -733.477325 1136.815016
v -1902.153204 -758.666962 1440.170946
v -1849.991238 -530.119898 1591.606655
v -2018.91102 -480.284153 1334.769938
cstype bspline
deg 1
curv 0 5 5876 5877 5878 5879 5880
parm u 0 0 1 2 3 4
end
v -1740.350813 2743.640546 1929.60911
v -1492.139342 2939.605794 1629.756609
v -1360.712145 2882.205001 1788.466038
v -1584.680358 2697.533527 2074.488423
v -1740.350813 2743.640546 1929.60911
cstype bspline
deg 1
curv 0 5 5881 5882 5883 5884 5885
parm u 0 0 1 2 3 4
end
v -1739.634138 2740.736957 1927.890983
v -1491.729071 2936.493754 1628.325572
v -1360.438824 2879.135397 1786.91588
v -1584.139222 2694.673444 2072.635018
v -1739.634138 2740.736957 1927.890983
cstype bspline
deg 1
curv 0 5 5886 5887 5888 5889 5890
parm u 0 0 1 2 3 4
end
v -611.664147 -167.428605 2863.338322
v -921.583811 -219.97349 2698.911437
v -925.080164 6.010844 2693.507267
v -554.935382 75.2726 2889.78448
v -611.664147 -167.428605 2863.338322
cstype bspline
deg 1
curv 0 5 5891 5892 5893 5894 5895
parm u 0 0 1 2 3 4
end
v -610.063067 -167.545553 2860.295504
v -919.706386 -219.805767 2696.011134
v -923.332593 6.075541 2690.544286
v -553.620444 74.991107 2886.596831
v -610.063067 -167.545553 2860.295504
cstype bspline
deg 1
curv 0 5 5896 5897 5898 5899 5900
parm u 0 0 1 2 3 4
end
v 571.374056 -1109.178285 2663.571564
v 808.528374 -988.397649 2677.43819
v 895.833035 -1137.93024 2410.826691
v 656.592822 -1271.911314 2379.837129
v 571.374056 -1109.178285 2663.571564
cstype bspline
deg 1
curv 0 5 5901 5902 5903 5904 5905
parm u 0 0 1 2 3 4
end
v 570.415858 -1106.570599 2661.529815
v 807.150623 -986.020964 2675.347371
v 894.464692 -1135.35575 2408.986362
v 655.533441 -1269.157674 2378.044401
v 570.415858 -1106.570599 2661.529815
cstype bspline
deg 1
curv 0 5 5906 5907 5908 5909 5910
parm u 0 0 1 2 3 4
end
v -2055.004267 1163.14245 2493.755791
v -2245.120651 1161.31092 2367.758369
v -2199.879269 1539.410035 2484.801445
v -1999.259328 1526.77771 2614.402407
v -2055.004267 1163.14245 2493.755791
cstype bspline
deg 1
curv 0 5 5911 5912 5913 5914 5915
parm u 0 0 1 2 3 4
end
v -2053.409956 1164.135477 2490.870338
v -2243.025513 1162.259302 2365.177023
v -2197.849413 1539.602281 2482.025855
v -1997.796986 1527.021006 2611.280299
v -2053.409956 1164.135477 2490.870338
cstype bspline
deg 1
curv 0 5 5916 5917 5918 5919 5920
parm u 0 0 1 2 3 4
end
v -2114.48638 -981.307818 999.627871
v -1939.038933 -998.906779 1350.712147
v -1917.015673 -1213.091019 1309.379529
v -2087.484249 -1213.705616 961.1215
v -2114.48638 -981.307818 999.627871
cstype bspline
deg 1
curv 0 5 5921 5922 5923 5924 5925
parm u 0 0 1 2 3 4
end
v -2111.452116 -980.703426 998.111398
v -1936.022412 -998.489693 1349.07665
v -1914.012663 -1212.310838 1307.883189
v -2084.459912 -1212.768983 959.740654
v -2111.452116 -980.703426 998.111398
cstype bspline
deg 1
curv 0 5 5926 5927 5928 5929 5930
parm u 0 0 1 2 3 4
end
v -1225.108908 3011.416661 1272.698812
v -938.353897 3153.739835 921.96171
v -859.612831 3082.82486 1129.378509
v -1120.178116 2953.107023 1449.168128
v -1225.108908 3011.416661 1272.698812
cstype bspline
deg 1
curv 0 5 5931 5932 5933 5934 5935
parm u 0 0 1 2 3 4
end
v -1224.882361 3008.208219 1271.45476
v -938.248415 3150.479525 920.840469
v -859.595251 3079.596891 1128.164841
v -1120.057008 2949.93656 1447.8133
v -1224.882361 3008.208219 1271.45476
cstype bspline
deg 1
curv 0 5 5936 5937 5938 5939 5940
parm u 0 0 1 2 3 4
end
v 1860.149146 -1276.992127 1392.661832
v 2104.907581 -1145.349424 1222.870755
v 2103.449924 -1250.275331 945.854891
v 1867.927112 -1376.964657 1109.201812
v 1860.149146 -1276.992127 1392.661832
cstype bspline
deg 1
curv 0 5 5941 5942 5943 5944 5945
parm u 0 0 1 2 3 4
end
v 1858.170529 -1274.394351 1391.548872
v 2102.708463 -1142.900324 1221.833694
v 2101.293574 -1247.753727 944.913558
v 1865.940875 -1374.330019 1108.196854
v 1858.170529 -1274.394351 1391.548872
cstype bspline
deg 1
curv 0 5 5946 5947 5948 5949 5950
parm u 0 0 1 2 3 4
end
v -1111.687332 1174.091268 2686.478031
v -1506.277437 1008.834754 2635.903071
v -1494.872876 1289.511188 2686.427494
v -1096.693454 1343.239057 2717.362301
v -1111.687332 1174.091268 2686.478031
cstype bspline
deg 1
curv 0 5 5951 5952 5953 5954 5955
parm u 0 0 1 2 3 4
end
v -1111.266228 1174.570327 2683.103234
v -1505.651663 1009.791244 2632.632117
v -1494.543561 1290.126967 2683.064416
v -1096.647757 1343.398665 2713.90116
v -1111.266228 1174.570327 2683.103234
cstype bspline
deg 1
curv 0 5 5956 5957 5958 5959 5960
parm u 0 0 1 2 3 4
end
v 998.946379 -1297.479746 2092.923026
v 1306.686513 -1168.559072 2040.272653
v 1306.985451 -1311.057867 1806.740163
v 1065.495106 -1434.939933 1810.870307
v 998.946379 -1297.479746 2092.923026
cstype bspline
deg 1
curv 0 5 5961 5962 5963 5964 5965
parm u 0 0 1 2 3 4
end
v 997.59368 -1294.813328 2091.20693
v 1305.160309 -1166.006735 2038.518175
v 1305.490168 -1308.360203 1805.198991
v 1064.195466 -1432.129784 1809.346174
v 997.59368 -1294.813328 2091.20693
cstype bspline
deg 1
curv 0 5 5966 5967 5968 5969 5970
parm u 0 0 1 2 3 4
end
v -1120.129583 2949.853896 1447.838404
v -859.661357 3086.077985 1130.708237
v -769.528018 2985.176166 1361.096573
v -1006.481665 2867.117049 1636.117412
v -1120.129583 2949.853896 1447.838404
cstype bspline
deg 1
curv 0 5 5971 5972 5973 5974 5975
parm u 0 0 1 2 3 4
end
v -1120.008456 2946.686088 1446.484743
v -859.643807 3082.847356 1129.493415
v -769.711592 2982.055227 1359.643926
v -1006.641854 2864.073921 1634.49158
v -1120.008456 2946.686088 1446.484743
cstype bspline
deg 1
curv 0 5 5976 5977 5978 5979 5980
parm u 0 0 1 2 3 4
end
v -695.578443 -2276.588234 1044.0299
v -710.239835 -2154.192773 1374.878299
v -473.984686 -2154.908543 1381.711428
v -435.253514 -2284.462301 1032.375133
v -695.578443 -2276.588234 1044.0299
cstype bspline
deg 1
curv 0 5 5981 5982 5983 5984 5985
parm u 0 0 1 2 3 4
end
v -695.301088 -2273.335691 1042.9119
v -709.995706 -2151.001951 1373.590918
v -474.11358 -2151.716554 1380.404689
v -435.386331 -2281.218747 1031.208108
v -695.301088 -2273.335691 1042.9119
cstype bspline
deg 1
curv 0 5 5986 5987 5988 5989 5990
parm u 0 0 1 2 3 4
end
v -1730.346083 1517.235149 2695.790967
v -1998.960471 1527.665486 2616.775929
v -1885.6664 1850.233193 2632.876903
v -1616.376496 1820.57759 2713.102099
v -1730.346083 1517.235149 2695.790967
cstype bspline
deg 1
curv 0 5 5991 5992 5993 5994 5995
parm u 0 0 1 2 3 4
end
v -1729.633248 1517.484033 2692.439169
v -1997.497524 1527.906842 2613.645793
v -1884.508249 1849.558251 2629.713095
v -1615.97994 1820.014256 2709.707318
v -1729.633248 1517.484033 2692.439169
cstype bspline
deg 1
curv 0 5 5996 5997 5998 5999 6000
parm u 0 0 1 2 3 4
end
v 2581.967164 -225.416587 1324.526511
v 2714.736042 -274.026529 969.065044
v 2654.498416 -508.414631 1002.635028
v 2522.696975 -435.563635 1367.754388
v 2581.967164 -225.416587 1324.526511
cstype bspline
deg 1
curv 0 5 6001 6002 6003 6004 6005
parm u 0 0 1 2 3 4
end
v 2578.816798 -225.204527 1323.123043
v 2711.519222 -273.709293 967.878539
v 2651.420311 -507.401796 1001.430422
v 2519.661802 -434.734689 1366.354119
v 2578.816798 -225.204527 1323.123043
cstype bspline
deg 1
curv 0 5 6006 6007 6008 6009 6010
parm u 0 0 1 2 3 4
end
v 587.203213 -1811.81637 1633.149051
v 821.046862 -1654.402136 1791.973267
v 894.205176 -1762.630816 1500.209482
v 665.693351 -1913.597449 1351.204464
v 587.203213 -1811.81637 1633.149051
cstype bspline
deg 1
curv 0 5 6011 6012 6013 6014 6015
parm u 0 0 1 2 3 4
end
v 586.209026 -1808.826003 1631.745914
v 819.921917 -1651.490164 1790.501265
v 893.041062 -1759.667799 1498.879946
v 664.650429 -1910.566331 1349.92889
v 586.209026 -1808.826003 1631.745914
cstype bspline
deg 1
curv 0 5 6016 6017 6018 6019 6020
parm u 0 0 1 2 3 4
end
v -1136.546966 -262.027407 2420.49673
v -1227.525229 -18.058282 2375.313809
v -883.687582 7.568289 2623.355379
v -868.382648 -215.540708 2616.109221
v -1136.546966 -262.027407 2420.49673
cstype bspline
deg 1
curv 0 5 6021 6022 6023 6024 6025
parm u 0 0 1 2 3 4
end
v -1134.378282 -261.652152 2417.833323
v -1225.439994 -17.714796 2372.59197
v -881.932977 7.633004 2620.380436
v -866.512251 -215.372998 2613.220883
v -1134.378282 -261.652152 2417.833323
cstype bspline
deg 1
curv 0 5 6026 6027 6028 6029 6030
parm u 0 0 1 2 3 4
end
v -879.583121 7.944759 2617.357501
v -1231.629681 -18.43475 2381.311692
v -1193.182741 208.892025 2418.76765
v -859.996875 222.764469 2641.590253
v -879.583121 7.944759 2617.357501
cstype bspline
deg 1
curv 0 5 6031 6032 6033 6034 6035
parm u 0 0 1 2 3 4
end
v -877.834594 8.009103 2614.39156
v -1229.538379 -18.090891 2378.580848
v -1191.336552 209.266906 2415.885452
v -858.413372 222.723562 2638.518352
v -877.834594 8.009103 2614.39156
cstype bspline
deg 1
curv 0 5 6036 6037 6038 6039 6040
parm u 0 0 1 2 3 4
end
v -1053.057199 -580.135391 2557.316029
v -1190.798189 -271.544041 2486.790172
v -919.498601 -220.149075 2694.639518
v -881.466158 -521.288181 2691.530894
v -1053.057199 -580.135391 2557.316029
cstype bspline
deg 1
curv 0 5 6041 6042 6043 6044 6045
parm u 0 0 1 2 3 4
end
v -1050.906076 -579.797417 2554.638519
v -1188.632901 -271.169131 2484.131504
v -917.624821 -219.981011 2691.746433
v -879.484472 -521.077334 2688.717191
v -1050.906076 -579.797417 2554.638519
cstype bspline
deg 1
curv 0 5 6046 6047 6048 6049 6050
parm u 0 0 1 2 3 4
end
v 2672.956785 8.714084 1073.065691
v 2718.724939 -274.247054 970.653787
v 2577.978267 -225.196069 1322.937767
v 2552.867518 23.075225 1374.89524
v 2672.956785 8.714084 1073.065691
cstype bspline
deg 1
curv 0 5 6051 6052 6053 6054 6055
parm u 0 0 1 2 3 4
end
v 2669.744122 8.376245 1071.864465
v 2715.498155 -273.928729 969.463273
v 2574.83787 -224.985083 1321.5383
v 2549.757915 22.6865 1373.440583
v 2669.744122 8.376245 1071.864465
cstype bspline
deg 1
curv 0 5 6056 6057 6058 6059 6060
parm u 0 0 1 2 3 4
end
v -278.010326 3118.559962 906.335403
v -308.897792 3250.506684 552.442744
v -60.037674 3171.339265 501.850071
v -63.372399 3058.172702 839.419969
v -278.010326 3118.559962 906.335403
cstype bspline
deg 1
curv 0 5 6061 6062 6063 6064 6065
parm u 0 0 1 2 3 4
end
v -278.876058 3115.430793 905.181475
v -309.655109 3247.30578 551.386031
v -61.643643 3168.467904 500.827474
v -65.022292 3055.31359 838.39775
v -278.876058 3115.430793 905.181475
cstype bspline
deg 1
curv 0 5 6066 6067 6068 6069 6070
parm u 0 0 1 2 3 4
end
v -769.848993 2983.492959 1360.172203
v -505.701711 3094.331505 1083.76066
v -445.923211 2955.621865 1358.029257
v -683.736865 2864.876422 1588.288013
v -769.848993 2983.492959 1360.172203
cstype bspline
deg 1
curv 0 5 6071 6072 6073 6074 6075
parm u 0 0 1 2 3 4
end
v -770.032166 2980.373984 1358.720667
v -506.045874 3091.143838 1082.472694
v -446.389583 2952.592732 1356.4548
v -684.133769 2861.946568 1586.502124
v -770.032166 2980.373984 1358.720667
cstype bspline
deg 1
curv 0 5 6076 6077 6078 6079 6080
parm u 0 0 1 2 3 4
end
v 637.824341 -1832.729033 1317.126885
v 864.453091 -1687.145719 1466.329415
v 948.341911 -1780.910679 1161.191944
v 724.05856 -1921.438693 1022.194391
v 637.824341 -1832.729033 1317.126885
cstype bspline
deg 1
curv 0 5 6081 6082 6083 6084 6085
parm u 0 0 1 2 3 4
end
v 636.781396 -1829.697839 1315.851273
v 863.289003 -1684.182775 1464.999919
v 947.144667 -1777.928312 1159.937698
v 722.992132 -1918.389809 1020.98111
v 636.781396 -1829.697839 1315.851273
cstype bspline
deg 1
curv 0 5 6086 6087 6088 6089 6090
parm u 0 0 1 2 3 4
end
v -1487.303628 1038.795596 2530.272198
v -1773.575187 910.325724 2418.323012
v -1777.262614 1235.076853 2527.999983
v -1488.961914 1300.567924 2618.992692
v -1487.303628 1038.795596 2530.272198
cstype bspline
deg 1
curv 0 5 6091 6092 6093 6094 6095
parm u 0 0 1 2 3 4
end
v -1486.683121 1039.74248 2527.036189
v -1772.451554 911.667935 2415.325878
v -1776.304218 1235.99443 2524.83819
v -1488.627341 1301.193315 2615.594672
v -1486.683121 1039.74248 2527.036189
cstype bspline
deg 1
curv 0 5 6096 6097 6098 6099 6100
parm u 0 0 1 2 3 4
end
v -2151.259767 -7.988645 1613.457429
v -2209.308507 -261.460337 1373.786344
v -2013.757822 -281.012075 1591.139431
v -1924.947181 -38.200568 1859.878507
v -2151.259767 -7.988645 1613.457429
cstype bspline
deg 1
curv 0 5 6101 6102 6103 6104 6105
parm u 0 0 1 2 3 4
end
v -2153.559694 -9.585792 1615.480023
v -2211.852327 -262.81436 1375.675742
v -2016.338988 -282.081886 1593.168747
v -1927.217566 -39.568259 1862.081259
v -2153.559694 -9.585792 1615.480023
cstype bspline
deg 1
curv 0 5 6106 6107 6108 6109 6110
parm u 0 0 1 2 3 4
end
v -1231.057848 3095.136678 1305.152765
v -941.096361 3238.8245 951.210225
v -860.071512 3167.056601 1161.041801
v -1123.334649 3035.832316 1484.50959
v -1231.057848 3095.136678 1305.152765
cstype bspline
deg 1
curv 0 5 6111 6112 6113 6114 6115
parm u 0 0 1 2 3 4
end
v -1230.831299 3091.928231 1303.90871
v -940.990882 3235.5642 950.088975
v -860.053946 3163.82862 1159.828149
v -1123.213542 3032.661856 1483.154769
v -1230.831299 3091.928231 1303.90871
cstype bspline
deg 1
curv 0 5 6116 6117 6118 6119 6120
parm u 0 0 1 2 3 4
end
v -1037.630558 -2261.816669 542.156706
v -986.677949 -2204.368632 797.083901
v -693.886418 -2307.439716 668.476529
v -716.363498 -2377.008283 393.330138
v -1037.630558 -2261.816669 542.156706
cstype bspline
deg 1
curv 0 5 6121 6122 6123 6124 6125
parm u 0 0 1 2 3 4
end
v -1036.592305 -2258.623785 541.334731
v -985.780664 -2201.165029 796.189994
v -693.482925 -2304.160896 667.464919
v -715.831445 -2373.745111 392.364329
v -1036.592305 -2258.623785 541.334731
cstype bspline
deg 1
curv 0 5 6126 6127 6128 6129 6130
parm u 0 0 1 2 3 4
end
v 474.641574 1733.955015 1242.347742
v 332.995228 1726.080381 1503.441935
v 346.500951 1551.865171 1666.153403
v 571.301871 1443.281554 1381.610386
v 474.641574 1733.955015 1242.347742
cstype bspline
deg 1
curv 0 5 6131 6132 6133 6134 6135
parm u 0 0 1 2 3 4
end
v 477.51671 1735.321114 1243.636349
v 335.903294 1727.194757 1504.959597
v 349.087027 1553.373852 1667.834214
v 573.665013 1445.366628 1383.051642
v 477.51671 1735.321114 1243.636349
cstype bspline
deg 1
curv 0 5 6136 6137 6138 6139 6140
parm u 0 0 1 2 3 4
end
v -902.069087 224.926423 2726.921102
v -845.667158 472.941006 2722.977092
v -544.969483 545.490877 2827.43526
v -516.479671 286.739838 2864.004186
v -902.069087 224.926423 2726.921102
cstype bspline
deg 1
curv 0 5 6141 6142 6143 6144 6145
parm u 0 0 1 2 3 4
end
v -900.481952 224.883108 2723.834703
v -844.488668 472.777296 2719.761245
v -544.235849 544.756146 2824.123281
v -515.453513 286.261669 2860.767104
v -900.481952 224.883108 2723.834703
cstype bspline
deg 1
curv 0 5 6146 6147 6148 6149 6150
parm u 0 0 1 2 3 4
end
v 1843.581358 -1159.030759 1668.482989
v 2078.897238 -1027.281498 1523.702557
v 2105.704407 -1146.312006 1223.284995
v 1859.352306 -1276.029551 1392.247605
v 1843.581358 -1159.030759 1668.482989
cstype bspline
deg 1
curv 0 5 6151 6152 6153 6154 6155
parm u 0 0 1 2 3 4
end
v 1841.596138 -1156.557462 1667.127635
v 2076.630508 -1025.008701 1522.433761
v 2103.506292 -1143.864101 1222.248492
v 1857.372701 -1273.430572 1391.134076
v 1841.596138 -1156.557462 1667.127635
cstype bspline
deg 1
curv 0 5 6156 6157 6158 6159 6160
parm u 0 0 1 2 3 4
end
v -925.202802 6.293762 2694.724202
v -1286.174075 -27.395078 2452.550942
v -1241.361014 199.110169 2493.951491
v -901.306882 223.806099 2721.732585
v -925.202802 6.293762 2694.724202
cstype bspline
deg 1
curv 0 5 6161 6162 6163 6164 6165
parm u 0 0 1 2 3 4
end
v -923.454246 6.358118 2691.758209
v -1284.082779 -27.05123 2449.820162
v -1239.51479 199.485062 2491.069245
v -899.723406 223.765178 2718.660737
v -923.454246 6.358118 2691.758209
cstype bspline
deg 1
curv 0 5 6166 6167 6168 6169 6170
parm u 0 0 1 2 3 4
end
v 743.790431 1652.746508 988.792636
v 640.654969 1833.622874 959.653587
v 541.73965 1764.803144 1271.520545
v 640.871765 1502.447099 1423.64888
v 743.790431 1652.746508 988.792636
cstype bspline
deg 1
curv 0 5 6171 6172 6173 6174 6175
parm u 0 0 1 2 3 4
end
v 746.21251 1654.879452 990.010141
v 643.584446 1835.044625 960.792225
v 544.626575 1766.17632 1272.816054
v 643.223116 1504.525086 1425.083256
v 746.21251 1654.879452 990.010141
cstype bspline
deg 1
curv 0 5 6176 6177 6178 6179 6180
parm u 0 0 1 2 3 4
end
v -2193.624749 -997.03937 1039.189764
v -2017.693522 -1009.747496 1393.375069
v -1995.349364 -1233.474919 1348.416313
v -2166.408359 -1238.155702 997.140889
v -2193.624749 -997.03937 1039.189764
cstype bspline
deg 1
curv 0 5 6181 6182 6183 6184 6185
parm u 0 0 1 2 3 4
end
v -2190.59051 -996.434972 1037.673393
v -2014.676989 -1009.330406 1391.739566
v -1992.346366 -1232.694742 1346.919979
v -2163.384019 -1237.219081 995.760014
v -2190.59051 -996.434972 1037.673393
cstype bspline
deg 1
curv 0 5 6186 6187 6188 6189 6190
parm u 0 0 1 2 3 4
end
v 1034.250254 -1367.050776 2137.687559
v 1346.472477 -1235.132583 2086.043875
v 1346.010019 -1381.421868 1846.944032
v 1099.374827 -1508.294682 1850.631655
v 1034.250254 -1367.050776 2137.687559
cstype bspline
deg 1
curv 0 5 6191 6192 6193 6194 6195
parm u 0 0 1 2 3 4
end
v 1032.897548 -1364.384352 2135.971454
v 1344.946281 -1232.580251 2084.289285
v 1344.514728 -1378.724197 1845.402855
v 1098.075192 -1505.484546 1849.10752
v 1032.897548 -1364.384352 2135.971454
cstype bspline
deg 1
curv 0 5 6196 6197 6198 6199 6200
parm u 0 0 1 2 3 4
end
v 665.038339 -1911.797132 1350.40255
v 894.860179 -1764.431139 1501.011392
v 979.608649 -1858.699476 1193.912071
v 751.887524 -2000.962384 1053.845388
v 665.038339 -1911.797132 1350.40255
cstype bspline
deg 1
curv 0 5 6201 6202 6203 6204 6205
parm u 0 0 1 2 3 4
end
v 663.995393 -1908.765936 1349.126941
v 893.696093 -1761.468192 1499.681902
v 978.411406 -1855.717109 1192.657825
v 750.821098 -1997.913506 1052.632089
v 663.995393 -1908.765936 1349.126941
cstype bspline
deg 1
curv 0 5 6206 6207 6208 6209 6210
parm u 0 0 1 2 3 4
end
v -2276.127349 350.157033 1633.267061
v -2286.056161 55.68501 1367.406404
v -2094.215239 32.467578 1563.091036
v -2086.661642 298.429161 1801.62112
v -2276.127349 350.157033 1633.267061
cstype bspline
deg 1
curv 0 5 6211 6212 6213 6214 6215
parm u 0 0 1 2 3 4
end
v -2278.300407 348.409615 1635.297337
v -2288.365528 53.989069 1369.328516
v -2096.511343 30.872504 1565.110448
v -2088.763966 296.71367 1803.753803
v -2278.300407 348.409615 1635.297337
cstype bspline
deg 1
curv 0 5 6216 6217 6218 6219 6220
parm u 0 0 1 2 3 4
end
v -2332.803081 304.568867 1686.236417
v -2346.3316 11.4431 1417.541544
v -2154.107768 -9.163559 1615.776331
v -2141.49957 253.683331 1857.252234
v -2332.803081 304.568867 1686.236417
cstype bspline
deg 1
curv 0 5 6221 6222 6223 6224 6225
parm u 0 0 1 2 3 4
end
v -2334.976143 302.821428 1688.266693
v -2348.640959 9.747164 1419.463647
v -2156.40388 -10.758638 1617.795752
v -2143.601897 251.967869 1859.384913
v -2334.976143 302.821428 1688.266693
cstype bspline
deg 1
curv 0 5 6226 6227 6228 6229 6230
parm u 0 0 1 2 3 4
end
v -1193.10348 -271.823303 2489.974846
v -1281.906204 -27.008488 2446.311286
v -929.47068 5.907174 2700.963852
v -917.1933 -219.869813 2691.454851
v -1193.10348 -271.823303 2489.974846
cstype bspline
deg 1
curv 0 5 6231 6232 6233 6234 6235
parm u 0 0 1 2 3 4
end
v -1190.93483 -271.448043 2487.311417
v -1279.820952 -26.664994 2443.589458
v -927.716077 5.971874 2697.988909
v -915.322902 -219.7021 2688.566512
v -1190.93483 -271.448043 2487.311417
cstype bspline
deg 1
curv 0 5 6236 6237 6238 6239 6240
parm u 0 0 1 2 3 4
end
v -987.908702 -2210.213176 798.755437
v -953.64981 -2131.735796 1068.937621
v -688.697773 -2193.498332 1015.399416
v -692.655664 -2301.59517 666.804998
v -987.908702 -2210.213176 798.755437
cstype bspline
deg 1
curv 0 5 6241 6242 6243 6244 6245
parm u 0 0 1 2 3 4
end
v -987.009339 -2206.99897 797.858439
v -952.914404 -2128.541799 1067.878322
v -688.4195 -2190.241158 1014.280066
v -692.254248 -2298.32696 665.796458
v -987.009339 -2206.99897 797.858439
cstype bspline
deg 1
curv 0 5 6246 6247 6248 6249 6250
parm u 0 0 1 2 3 4
end
v -1840.695078 264.994324 1991.733691
v -2088.539214 296.669983 1804.148512
v -2130.714617 577.701366 1977.157154
v -1942.654448 568.306707 2130.378374
v -1840.695078 264.994324 1991.733691
cstype bspline
deg 1
curv 0 5 6251 6252 6253 6254 6255
parm u 0 0 1 2 3 4
end
v -1838.750901 266.559948 1989.361132
v -2086.434557 298.387559 1802.012772
v -2128.696215 579.362681 1974.912888
v -1940.950184 569.914913 2127.837241
v -1838.750901 266.559948 1989.361132
cstype bspline
deg 1
curv 0 5 6256 6257 6258 6259 6260
parm u 0 0 1 2 3 4
end
v -1650.934308 -622.826142 1827.210544
v -1401.075367 -869.921655 2095.117104
v -1482.580791 -1003.810519 1984.429418
v -1741.257015 -820.628686 1699.180328
v -1650.934308 -622.826142 1827.210544
cstype bspline
deg 1
curv 0 5 6261 6262 6263 6264 6265
parm u 0 0 1 2 3 4
end
v -1648.264417 -622.531395 1825.051514
v -1398.516758 -869.728117 2092.807855
v -1479.930431 -1003.603666 1982.232545
v -1738.475739 -820.394134 1697.149167
v -1648.264417 -622.531395 1825.051514
cstype bspline
deg 1
curv 0 5 6266 6267 6268 6269 6270
parm u 0 0 1 2 3 4
end
v -1802.188448 1209.313313 2613.828025
v -2059.022413 1161.306075 2502.119727
v -1995.241178 1528.614098 2606.038477
v -1734.065373 1516.286552 2706.528423
v -1802.188448 1209.313313 2613.828025
cstype bspline
deg 1
curv 0 5 6271 6272 6273 6274 6275
parm u 0 0 1 2 3 4
end
v -1801.231363 1210.23427 2610.661522
v -2057.418951 1162.303081 2499.213719
v -1993.787997 1528.853399 2602.936913
v -1733.342786 1516.53747 2703.148045
v -1801.231363 1210.23427 2610.661522
cstype bspline
deg 1
curv 0 5 6276 6277 6278 6279 6280
parm u 0 0 1 2 3 4
end
v 210.598118 -1799.262583 1682.877876
v 451.655877 -1649.914903 1843.987239
v 561.428209 -1734.016485 1596.638742
v 322.28673 -1896.500848 1406.609297
v 210.598118 -1799.262583 1682.877876
cstype bspline
deg 1
curv 0 5 6281 6282 6283 6284 6285
parm u 0 0 1 2 3 4
end
v 209.795534 -1796.247463 1681.408028
v 450.741657 -1646.97104 1842.439022
v 560.434194 -1731.026765 1595.235907
v 321.407675 -1893.439791 1405.282645
v 209.795534 -1796.247463 1681.408028
cstype bspline
deg 1
curv 0 5 6286 6287 6288 6289 6290
parm u 0 0 1 2 3 4
end
v 596.355177 -1177.211749 2716.835397
v 844.465217 -1050.399344 2731.980262
v 931.536817 -1205.082841 2458.837354
v 684.262095 -1343.727461 2426.605516
v 596.355177 -1177.211749 2716.835397
cstype bspline
deg 1
curv 0 5 6291 6292 6293 6294 6295
parm u 0 0 1 2 3 4
end
v 595.396973 -1174.60405 2714.793664
v 843.08749 -1048.02265 2729.889449
v 930.168451 -1202.508351 2456.997031
v 683.202719 -1340.973829 2424.812782
v 595.396973 -1174.60405 2714.793664
cstype bspline
deg 1
curv 0 5 6296 6297 6298 6299 6300
parm u 0 0 1 2 3 4
end
v -1123.286897 3032.49956 1483.144426
v -860.119272 3170.389354 1162.406973
v -764.751746 3066.591355 1398.985494
v -1002.304817 2946.467483 1678.535992
v -1123.286897 3032.49956 1483.144426
cstype bspline
deg 1
curv 0 5 6301 6302 6303 6304 6305
parm u 0 0 1 2 3 4
end
v -1123.165774 3029.331725 1481.790765
v -860.101718 3167.158756 1161.192141
v -764.935317 3063.470402 1397.53282
v -1002.465007 2943.424376 1676.91017
v -1123.165774 3029.331725 1481.790765
cstype bspline
deg 1
curv 0 5 6306 6307 6308 6309 6310
parm u 0 0 1 2 3 4
end
v -2091.281636 33.688349 1560.700945
v -2142.946803 -226.127554 1324.488992
v -1946.408586 -253.081183 1538.207541
v -1865.726096 -2.529902 1802.408428
v -2091.281636 33.688349 1560.700945
cstype bspline
deg 1
curv 0 5 6311 6312 6313 6314 6315
parm u 0 0 1 2 3 4
end
v -2093.581512 32.0912 1562.723511
v -2145.49067 -227.481588 1326.378414
v -1948.989717 -254.150985 1540.236815
v -1867.996524 -3.897598 1804.611214
v -2093.581512 32.0912 1562.723511
cstype bspline
deg 1
curv 0 5 6316 6317 6318 6319 6320
parm u 0 0 1 2 3 4
end
v -2263.435423 -468.535898 1128.863694
v -2352.263718 -729.87206 854.155342
v -2158.984248 -745.641369 1172.120779
v -2099.960978 -502.940422 1387.711501
v -2263.435423 -468.535898 1128.863694
cstype bspline
deg 1
curv 0 5 6321 6322 6323 6324 6325
parm u 0 0 1 2 3 4
end
v -2266.208043 -469.624746 1130.612021
v -2355.213756 -730.701175 855.733491
v -2161.950232 -746.228258 1173.791464
v -2102.75867 -503.742192 1389.558395
v -2266.208043 -469.624746 1130.612021
cstype bspline
deg 1
curv 0 5 6326 6327 6328 6329 6330
parm u 0 0 1 2 3 4
end
v -1680.66338 605.987749 2284.045944
v -1941.889271 568.63163 2130.54292
v -1993.25713 863.917442 2273.604785
v -1772.871694 911.723443 2412.43453
v -1680.66338 605.987749 2284.045944
cstype bspline
deg 1
curv 0 5 6331 6332 6333 6334 6335
parm u 0 0 1 2 3 4
end
v -1679.312781 607.35751 2281.190932
v -1940.18519 570.240396 2127.999742
v -1991.648722 865.371183 2270.9297
v -1771.749636 913.062663 2409.451406
v -1679.312781 607.35751 2281.190932
cstype bspline
deg 1
curv 0 5 6336 6337 6338 6339 6340
parm u 0 0 1 2 3 4
end
v -2086.211608 -731.957762 1131.366481
v -1911.417209 -760.186523 1445.619493
v -1932.182311 -997.79175 1347.136866
v -2121.342999 -982.422851 1003.203158
v -2086.211608 -731.957762 1131.366481
cstype bspline
deg 1
curv 0 5 6341 6342 6343 6344 6345
parm u 0 0 1 2 3 4
end
v -2083.250504 -731.372017 1129.698585
v -1908.487701 -759.832814 1443.827407
v -1929.172381 -997.375922 1345.504612
v -2118.302147 -981.817194 1001.683436
v -2083.250504 -731.372017 1129.698585
cstype bspline
deg 1
curv 0 5 6346 6347 6348 6349 6350
parm u 0 0 1 2 3 4
end
v 411.83055 -1993.247525 1102.114821
v 638.269144 -1833.996372 1317.630291
v 723.613751 -1920.171354 1021.690991
v 493.150003 -2078.2659 812.631582
v 411.83055 -1993.247525 1102.114821
cstype bspline
deg 1
curv 0 5 6351 6352 6353 6354 6355
parm u 0 0 1 2 3 4
end
v 410.893025 -1990.159565 1100.897146
v 637.226202 -1830.965188 1316.354688
v 722.547314 -1917.122457 1020.477714
v 492.179326 -2075.16831 811.463827
v 410.893025 -1990.159565 1100.897146
cstype bspline
deg 1
curv 0 5 6356 6357 6358 6359 6360
parm u 0 0 1 2 3 4
end
v -572.929908 3198.77678 796.528236
v -309.357115 3248.860182 551.876551
v -277.551009 3120.206466 906.901596
v -506.132504 3089.867994 1081.686183
v -572.929908 3198.77678 796.528236
cstype bspline
deg 1
curv 0 5 6361 6362 6363 6364 6365
parm u 0 0 1 2 3 4
end
v -573.122022 3195.512156 795.415327
v -310.112268 3245.667775 550.822776
v -278.418896 3117.068796 905.744733
v -506.475548 3086.689263 1080.401989
v -573.122022 3195.512156 795.415327
cstype bspline
deg 1
curv 0 5 6366 6367 6368 6369 6370
parm u 0 0 1 2 3 4
end
v -1720.6289 -630.550173 1883.538509
v -1467.835855 -874.967159 2155.347729
v -1551.68554 -1009.212286 2041.746151
v -1813.826094 -826.719113 1752.159735
v -1720.6289 -630.550173 1883.538509
cstype bspline
deg 1
curv 0 5 6371 6372 6373 6374 6375
parm u 0 0 1 2 3 4
end
v -1717.959009 -630.255429 1881.379485
v -1465.277247 -874.773624 2153.038473
v -1549.035179 -1009.005422 2039.549287
v -1811.044823 -826.484562 1750.128564
v -1717.959009 -630.255429 1881.379485
cstype bspline
deg 1
curv 0 5 6376 6377 6378 6379 6380
parm u 0 0 1 2 3 4
end
v 791.113587 -1576.80035 1752.788674
v 1064.827903 -1433.748229 1810.09268
v 1130.240535 -1542.610901 1533.092991
v 864.423601 -1687.013858 1466.309839
v 791.113587 -1576.80035 1752.788674
cstype bspline
deg 1
curv 0 5 6381 6382 6383 6384 6385
parm u 0 0 1 2 3 4
end
v 789.988904 -1573.88897 1751.316988
v 1063.528765 -1430.938906 1808.569122
v 1128.901011 -1539.73272 1531.745457
v 863.259228 -1684.050233 1464.980018
v 789.988904 -1573.88897 1751.316988
cstype bspline
deg 1
curv 0 5 6386 6387 6388 6389 6390
parm u 0 0 1 2 3 4
end
v -2163.440256 -747.245979 1174.879932
v -1987.825285 -769.419791 1492.366288
v -2010.674629 -1008.601452 1389.7199
v -2200.643645 -998.185415 1042.844925
v -2163.440256 -747.245979 1174.879932
cstype bspline
deg 1
curv 0 5 6391 6392 6393 6394 6395
parm u 0 0 1 2 3 4
end
v -2160.47916 -746.660236 1173.212039
v -1984.895751 -769.066083 1490.574229
v -2007.664705 -1008.185619 1388.087654
v -2197.602791 -997.579753 1041.325312
v -2160.47916 -746.660236 1173.212039
cstype bspline
deg 1
curv 0 5 6396 6397 6398 6399 6400
parm u 0 0 1 2 3 4
end
v 2284.501722 -931.28681 1002.297724
v 2048.580393 -1082.574272 1196.30396
v 2019.568124 -967.88447 1490.548214
v 2230.978834 -824.136768 1333.286869
v 2284.501722 -931.28681 1002.297724
cstype bspline
deg 1
curv 0 5 6401 6402 6403 6404 6405
parm u 0 0 1 2 3 4
end
v 2282.057904 -929.085005 1001.273301
v 2046.377722 -1080.121783 1195.265215
v 2017.305955 -965.616254 1489.281655
v 2228.430452 -822.154991 1332.05794
v 2282.057904 -929.085005 1001.273301
cstype bspline
deg 1
curv 0 5 6406 6407 6408 6409 6410
parm u 0 0 1 2 3 4
end
v -765.082783 3064.868972 1398.037451
v -496.682762 3177.465259 1117.359519
v -433.740987 3034.634596 1399.102151
v -673.42299 2941.326581 1634.877718
v -765.082783 3064.868972 1398.037451
cstype bspline
deg 1
curv 0 5 6411 6412 6413 6414 6415
parm u 0 0 1 2 3 4
end
v -765.265968 3061.749959 1396.585901
v -497.026917 3174.277632 1116.071565
v -434.207367 3031.605425 1397.527678
v -673.81989 2938.396777 1633.09182
v -765.265968 3061.749959 1396.585901
cstype bspline
deg 1
curv 0 5 6416 6417 6418 6419 6420
parm u 0 0 1 2 3 4
end
v 2524.257488 -435.923456 1368.387134
v 2652.937903 -508.054817 1002.002276
v 2483.392258 -712.507443 1193.189246
v 2379.773846 -613.347782 1528.20417
v 2524.257488 -435.923456 1368.387134
cstype bspline
deg 1
curv 0 5 6421 6422 6423 6424 6425
parm u 0 0 1 2 3 4
end
v 2521.209879 -435.090591 1366.981664
v 2649.87224 -507.045881 1000.80287
v 2480.565345 -710.930433 1191.971784
v 2376.942548 -612.020493 1526.763449
v 2521.209879 -435.090591 1366.981664
cstype bspline
deg 1
curv 0 5 6426 6427 6428 6429 6430
parm u 0 0 1 2 3 4
end
v -15.011247 3250.547387 530.121329
v 21.523049 3379.263404 113.150085
v 210.705551 3111.664574 404.705008
v 189.294532 3036.62864 648.026799
v -15.011247 3250.547387 530.121329
cstype bspline
deg 1
curv 0 5 6431 6432 6433 6434 6435
parm u 0 0 1 2 3 4
end
v -16.62015 3247.670174 529.096825
v 19.950313 3376.384761 112.089479
v 208.202122 3109.426029 403.897482
v 186.872176 3034.320312 647.203897
v -16.62015 3247.670174 529.096825
cstype bspline
deg 1
curv 0 5 6436 6437 6438 6439 6440
parm u 0 0 1 2 3 4
end
v 40.925001 -1716.415012 1926.469468
v 193.61414 -1587.686305 2088.628435
v 451.323444 -1648.807592 1843.456523
v 210.930549 -1800.369896 1683.408589
v 40.925001 -1716.415012 1926.469468
cstype bspline
deg 1
curv 0 5 6441 6442 6443 6444 6445
parm u 0 0 1 2 3 4
end
v 40.266808 -1713.450183 1924.83128
v 192.887577 -1584.776131 2086.923362
v 450.409375 -1645.864246 1841.908555
v 210.127812 -1797.354262 1681.938488
v 40.266808 -1713.450183 1924.83128
cstype bspline
deg 1
curv 0 5 6446 6447 6448 6449 6450
parm u 0 0 1 2 3 4
end
v 321.630729 -1894.384697 1405.656982
v 562.084189 -1736.132638 1597.591065
v 637.68152 -1832.18157 1316.883055
v 412.418179 -1995.062324 1102.862061
v 321.630729 -1894.384697 1405.656982
cstype bspline
deg 1
curv 0 5 6451 6452 6453 6454 6455
parm u 0 0 1 2 3 4
end
v 320.751985 -1891.324672 1404.330787
v 561.089885 -1733.141884 1596.187764
v 636.638707 -1829.150839 1315.607651
v 411.480516 -1991.973914 1101.644184
v 320.751985 -1891.324672 1404.330787
cstype bspline
deg 1
curv 0 5 6456 6457 6458 6459 6460
parm u 0 0 1 2 3 4
end
v 894.926446 -1136.465342 2409.769465
v 1061.468167 -946.710191 2538.27717
v 1209.71941 -972.64113 2382.019948
v 1000.901764 -1300.995348 2095.278388
v 894.926446 -1136.465342 2409.769465
cstype bspline
deg 1
curv 0 5 6461 6462 6463 6464 6465
parm u 0 0 1 2 3 4
end
v 893.55959 -1133.893013 2407.93073
v 1059.893618 -944.429011 2536.213306
v 1208.131854 -970.27583 2380.08136
v 999.545963 -1298.323544 2093.558518
v 893.55959 -1133.893013 2407.93073
cstype bspline
deg 1
curv 0 5 6466 6467 6468 6469 6470
parm u 0 0 1 2 3 4
end
v -1064.689371 -2345.086244 563.598953
v -1010.074214 -2287.933044 820.403915
v -704.431561 -2392.987609 694.865378
v -730.257812 -2462.132263 418.526317
v -1064.689371 -2345.086244 563.598953
cstype bspline
deg 1
curv 0 5 6471 6472 6473 6474 6475
parm u 0 0 1 2 3 4
end
v -1063.651159 -2341.893593 562.777049
v -1009.176883 -2284.729206 819.50995
v -704.02811 -2389.708048 693.853827
v -729.725716 -2458.868856 417.560446
v -1063.651159 -2341.893593 562.777049
cstype bspline
deg 1
curv 0 5 6476 6477 6478 6479 6480
parm u 0 0 1 2 3 4
end
v 2047.054187 -1081.014944 1195.634439
v 2286.027926 -932.84614 1002.967245
v 2305.448716 -1025.88604 711.638894
v 2047.654881 -1184.95942 921.484394
v 2047.054187 -1081.014944 1195.634439
cstype bspline
deg 1
curv 0 5 6481 6482 6483 6484 6485
parm u 0 0 1 2 3 4
end
v 2044.857199 -1078.568081 1194.598248
v 2283.578431 -930.638702 1001.940269
v 2303.087666 -1023.560275 710.694611
v 2045.4964 -1182.435577 920.542198
v 2044.857199 -1078.568081 1194.598248
cstype bspline
deg 1
curv 0 5 6486 6487 6488 6489 6490
parm u 0 0 1 2 3 4
end
v 436.283344 -2073.826481 1133.87741
v 665.484316 -1913.067804 1350.907382
v 751.44155 -1999.691713 1053.340548
v 518.484312 -2159.075622 843.095849
v 436.283344 -2073.826481 1133.87741
cstype bspline
deg 1
curv 0 5 6491 6492 6493 6494 6495
parm u 0 0 1 2 3 4
end
v 435.345824 -2070.738519 1132.659737
v 664.441373 -1910.036624 1349.631769
v 750.375117 -1996.642819 1052.12726
v 517.51364 -2155.978035 841.928082
v 435.345824 -2070.738519 1132.659737
cstype bspline
deg 1
curv 0 5 6496 6497 6498 6499 6500
parm u 0 0 1 2 3 4
end
v 451.045413 -1648.027894 1843.056596
v 720.026936 -1453.397645 2039.061561
v 790.986832 -1576.350155 1752.546953
v 562.038651 -1735.903504 1597.569377
v 451.045413 -1648.027894 1843.056596
cstype bspline
deg 1
curv 0 5 6501 6502 6503 6504 6505
parm u 0 0 1 2 3 4
end
v 450.131569 -1645.085178 1841.508957
v 718.972024 -1450.54544 2037.430981
v 789.862046 -1573.43869 1751.075241
v 561.044292 -1732.912626 1596.165967
v 450.131569 -1645.085178 1841.508957
cstype bspline
deg 1
curv 0 5 6506 6507 6508 6509 6510
parm u 0 0 1 2 3 4
end
v -1798.933126 880.079295 2483.54022
v -2038.379283 822.690474 2350.106509
v -2054.997575 1164.255073 2492.499205
v -1806.213277 1206.364318 2623.448553
v -1798.933126 880.079295 2483.54022
cstype bspline
deg 1
curv 0 5 6511 6512 6513 6514 6515
parm u 0 0 1 2 3 4
end
v -1797.817983 881.411635 2480.571753
v -2036.763963 824.15111 2347.416774
v -2053.403915 1165.245623 2489.617167
v -1805.246388 1207.291748 2620.258087
v -1797.817983 881.411635 2480.571753
cstype bspline
deg 1
curv 0 5 6516 6517 6518 6519 6520
parm u 0 0 1 2 3 4
end
v -1891.438536 224.151075 2053.622403
v -2143.446148 251.862845 1859.867345
v -2183.325252 534.363951 2035.699909
v -1987.075049 526.366746 2196.671301
v -1891.438536 224.151075 2053.622403
cstype bspline
deg 1
curv 0 5 6521 6522 6523 6524 6525
parm u 0 0 1 2 3 4
end
v -1889.494304 225.716741 2051.249909
v -2141.341544 253.58038 1857.731665
v -2181.306807 536.025326 2033.455588
v -1985.370845 527.974915 2194.130224
v -1889.494304 225.716741 2051.249909
cstype bspline
deg 1
curv 0 5 6526 6527 6528 6529 6530
parm u 0 0 1 2 3 4
end
v 231.55797 -1877.928162 1721.223923
v 475.498755 -1726.743465 1884.371173
v 587.341167 -1812.035582 1633.236627
v 345.211642 -1976.368469 1441.216016
v 231.55797 -1877.928162 1721.223923
cstype bspline
deg 1
curv 0 5 6531 6532 6533 6534 6535
parm u 0 0 1 2 3 4
end
v 230.755389 -1874.91304 1719.754075
v 474.584544 -1723.799601 1882.822954
v 586.347192 -1809.045848 1631.833794
v 344.332586 -1973.307417 1439.889356
v 230.755389 -1874.91304 1719.754075
cstype bspline
deg 1
curv 0 5 6536 6537 6538 6539 6540
parm u 0 0 1 2 3 4
end
v -938.287642 3152.266267 921.437423
v -638.913457 3278.513275 549.495438
v -573.022019 3197.776032 796.183581
v -859.679075 3084.298432 1129.902783
v -938.287642 3152.266267 921.437423
cstype bspline
deg 1
curv 0 5 6541 6542 6543 6544 6545
parm u 0 0 1 2 3 4
end
v -938.182153 3149.005405 920.316031
v -639.016977 3275.229217 548.444524
v -573.213406 3194.515169 795.072016
v -859.661516 3081.071012 1128.689279
v -938.182153 3149.005405 920.316031
cstype bspline
deg 1
curv 0 5 6546 6547 6548 6549 6550
parm u 0 0 1 2 3 4
end
v -1532.757537 -455.652829 1988.565714
v -1295.181828 -758.333258 2211.780728
v -1394.886443 -869.291493 2089.635539
v -1657.123242 -623.456302 1832.692097
v -1532.757537 -455.652829 1988.565714
cstype bspline
deg 1
curv 0 5 6551 6552 6553 6554 6555
parm u 0 0 1 2 3 4
end
v -1530.225293 -455.231069 1986.262324
v -1292.735561 -758.092916 2209.357304
v -1392.330763 -869.098253 2087.328731
v -1654.450402 -623.161271 1830.530648
v -1530.225293 -455.231069 1986.262324
cstype bspline
deg 1
curv 0 5 6556 6557 6558 6559 6560
parm u 0 0 1 2 3 4
end
v -2191.103776 -440.158379 1083.2572
v -2275.325835 -708.222241 812.984792
v -2081.635027 -730.324398 1128.538448
v -2026.987939 -482.048407 1339.528933
v -2191.103776 -440.158379 1083.2572
cstype bspline
deg 1
curv 0 5 6561 6562 6563 6564 6565
parm u 0 0 1 2 3 4
end
v -2193.876391 -441.247224 1085.005523
v -2278.275876 -709.05136 814.562949
v -2084.600998 -730.911289 1130.209138
v -2029.785635 -482.850186 1341.375828
v -2193.876391 -441.247224 1085.005523
cstype bspline
deg 1
curv 0 5 6566 6567 6568 6569 6570
parm u 0 0 1 2 3 4
end
v -1598.801007 -466.689487 2048.653856
v -1358.980169 -764.595413 2274.99848
v -1461.578355 -874.330111 2149.809124
v -1726.886412 -631.187216 1889.077101
v -1598.801007 -466.689487 2048.653856
cstype bspline
deg 1
curv 0 5 6571 6572 6573 6574 6575
parm u 0 0 1 2 3 4
end
v -1596.268764 -466.267724 2046.350468
v -1356.533883 -764.35507 2272.575076
v -1459.022667 -874.136868 2147.502327
v -1724.213574 -630.892186 1886.915648
v -1596.268764 -466.267724 2046.350468
cstype bspline
deg 1
curv 0 5 6576 6577 6578 6579 6580
parm u 0 0 1 2 3 4
end
v 1130.267098 -1542.686515 1533.151985
v 1199.990805 -1641.311282 1232.282952
v 948.397956 -1781.118162 1161.270502
v 864.39705 -1686.938238 1466.250847
v 1130.267098 -1542.686515 1533.151985
cstype bspline
deg 1
curv 0 5 6581 6582 6583 6584 6585
parm u 0 0 1 2 3 4
end
v 1128.92733 -1539.807789 1531.804159
v 1198.59619 -1638.416577 1231.025184
v 947.200763 -1778.135912 1160.016327
v 863.232913 -1683.975169 1464.921302
v 1128.92733 -1539.807789 1531.804159
cstype bspline
deg 1
curv 0 5 6586 6587 6588 6589 6590
parm u 0 0 1 2 3 4
end
v 344.550319 -1974.234855 1440.255643
v 588.002503 -1814.169201 1634.196979
v 664.894061 -1911.244621 1350.156526
v 436.873594 -2075.649666 1134.628265
v 344.550319 -1974.234855 1440.255643
cstype bspline
deg 1
curv 0 5 6591 6592 6593 6594 6595
parm u 0 0 1 2 3 4
end
v 343.671571 -1971.174826 1438.929458
v 587.008195 -1811.178444 1632.79369
v 663.851259 -1908.213888 1348.881118
v 435.935931 -2072.561255 1133.410392
v 343.671571 -1971.174826 1438.929458
cstype bspline
deg 1
curv 0 5 6596 6597 6598 6599 6600
parm u 0 0 1 2 3 4
end
v -2124.568895 -1446.35251 637.907778
v -2263.309929 -1228.98904 533.027649
v -2087.637258 -1214.442355 961.00274
v -1985.077507 -1420.448021 992.359378
v -2124.568895 -1446.35251 637.907778
cstype bspline
deg 1
curv 0 5 6601 6602 6603 6604 6605
parm u 0 0 1 2 3 4
end
v -2121.755615 -1444.676811 636.789932
v -2260.336101 -1227.832708 531.741562
v -2084.609132 -1213.502985 959.620553
v -1982.216958 -1418.987009 991.130602
v -2121.755615 -1444.676811 636.789932
cstype bspline
deg 1
curv 0 5 6606 6607 6608 6609 6610
parm u 0 0 1 2 3 4
end
v -1503.478026 1014.060851 2614.689117
v -1802.863705 875.287059 2496.516204
v -1802.282718 1211.156553 2610.472564
v -1497.672286 1284.285102 2707.64145
v -1503.478026 1014.060851 2614.689117
cstype bspline
deg 1
curv 0 5 6611 6612 6613 6614 6615
parm u 0 0 1 2 3 4
end
v -1502.857523 1015.007748 2611.453077
v -1801.740037 876.629217 2493.519095
v -1801.324308 1212.074158 2607.310747
v -1497.337706 1284.910461 2704.243455
v -1502.857523 1015.007748 2611.453077
cstype bspline
deg 1
curv 0 5 6616 6617 6618 6619 6620
parm u 0 0 1 2 3 4
end
v 820.419822 -1652.730414 1791.18917
v 1098.687678 -1507.066212 1849.830982
v 1165.222552 -1617.703072 1568.255333
v 894.832216 -1764.302544 1500.993567
v 820.419822 -1652.730414 1791.18917
cstype bspline
deg 1
curv 0 5 6621 6622 6623 6624 6625
parm u 0 0 1 2 3 4
end
v 819.29513 -1649.81904 1789.717481
v 1097.388545 -1504.256894 1848.307409
v 1163.883019 -1614.824897 1566.907793
v 893.667841 -1761.338922 1499.663738
v 819.29513 -1649.81904 1789.717481
cstype bspline
deg 1
curv 0 5 6626 6627 6628 6629 6630
parm u 0 0 1 2 3 4
end
v 842.85656 1330.933194 1433.500472
v 1116.723604 1258.846349 1328.643811
v 1118.118281 1403.919513 1006.504334
v 940.881803 1486.742834 994.379409
v 842.85656 1330.933194 1433.500472
cstype bspline
deg 1
curv 0 5 6631 6632 6633 6634 6635
parm u 0 0 1 2 3 4
end
v 844.464681 1333.61197 1434.954868
v 1117.771724 1261.80234 1330.088468
v 1119.185378 1406.936197 1007.788291
v 942.562745 1489.478113 995.650553
v 844.464681 1333.61197 1434.954868
cstype bspline
deg 1
curv 0 5 6636 6637 6638 6639 6640
parm u 0 0 1 2 3 4
end
v 58.09122 -1793.739924 1969.204943
v 212.602222 -1663.584045 2133.111471
v 475.163478 -1725.62665 1883.835916
v 231.893238 -1879.044982 1721.759176
v 58.09122 -1793.739924 1969.204943
cstype bspline
deg 1
curv 0 5 6641 6642 6643 6644 6645
parm u 0 0 1 2 3 4
end
v 57.433015 -1790.7751 1967.566754
v 211.875657 -1660.673878 2131.406385
v 474.249427 -1722.683297 1882.287953
v 231.090502 -1876.029341 1720.289087
v 57.433015 -1790.7751 1967.566754
cstype bspline
deg 1
curv 0 5 6646 6647 6648 6649 6650
parm u 0 0 1 2 3 4
end
v -2426.268442 -430.110362 893.156731
v -2521.385776 -701.188229 547.729122
v -2341.862194 -726.495119 848.112055
v -2273.836941 -471.91284 1134.906991
v -2426.268442 -430.110362 893.156731
cstype bspline
deg 1
curv 0 5 6651 6652 6653 6654 6655
parm u 0 0 1 2 3 4
end
v -2429.011206 -431.37498 894.829298
v -2524.310971 -702.19705 549.24932
v -2344.817846 -727.326142 849.693503
v -2276.603948 -472.999778 1136.652019
v -2429.011206 -431.37498 894.829298
cstype bspline
deg 1
curv 0 5 6656 6657 6658 6659 6660
parm u 0 0 1 2 3 4
end
v -1011.359653 -2294.056015 822.156697
v -972.86878 -2215.043349 1096.56871
v -695.949495 -2278.477892 1044.601333
v -703.146129 -2386.864634 693.112603
v -1011.359653 -2294.056015 822.156697
cstype bspline
deg 1
curv 0 5 6661 6662 6663 6664 6665
parm u 0 0 1 2 3 4
end
v -1010.460261 -2290.841642 821.259637
v -972.133405 -2211.849518 1095.509469
v -695.6712 -2275.220549 1043.481866
v -702.744737 -2383.595612 692.104134
v -1010.460261 -2290.841642 821.259637
cstype bspline
deg 1
curv 0 5 6666 6667 6668 6669 6670
parm u 0 0 1 2 3 4
end
v -477.334227 -2071.155658 1347.431164
v -248.509438 -2022.541363 1412.384264
v -169.7561 -2157.770894 1040.74378
v -438.716473 -2200.361673 1002.123407
v -477.334227 -2071.155658 1347.431164
cstype bspline
deg 1
curv 0 5 6671 6672 6673 6674 6675
parm u 0 0 1 2 3 4
end
v -477.463136 -2067.964263 1346.124645
v -248.94694 -2019.392912 1411.040764
v -170.236572 -2154.577546 1039.528573
v -438.849283 -2197.117521 1000.956232
v -477.463136 -2067.964263 1346.124645
cstype bspline
deg 1
curv 0 5 6676 6677 6678 6679 6680
parm u 0 0 1 2 3 4
end
v 731.280545 1187.240924 1796.964682
v 897.934374 993.991744 1974.394574
v 1017.530558 1050.258498 1767.870684
v 845.674609 1336.161673 1436.560945
v 731.280545 1187.240924 1796.964682
cstype bspline
deg 1
curv 0 5 6681 6682 6683 6684 6685
parm u 0 0 1 2 3 4
end
v 733.030973 1189.770661 1798.538767
v 899.336301 996.618253 1976.12615
v 1018.693078 1053.034338 1769.567326
v 847.281615 1338.838945 1438.014108
v 733.030973 1189.770661 1798.538767
cstype bspline
deg 1
curv 0 5 6686 6687 6688 6689 6690
parm u 0 0 1 2 3 4
end
v -255.398911 3200.170097 936.432204
v -289.097097 3333.996164 580.01408
v -18.119612 3246.230645 528.520578
v -20.339291 3132.734446 866.092698
v -255.398911 3200.170097 936.432204
cstype bspline
deg 1
curv 0 5 6691 6692 6693 6694 6695
parm u 0 0 1 2 3 4
end
v -256.264653 3197.040885 935.278262
v -289.854409 3330.795294 578.95741
v -19.725592 3243.359246 527.497982
v -21.989172 3129.875376 865.070495
v -256.264653 3197.040885 935.278262
cstype bspline
deg 1
curv 0 5 6696 6697 6698 6699 6700
parm u 0 0 1 2 3 4
end
v 474.882032 -1724.837003 1883.430809
v 747.580934 -1527.785801 2081.596656
v 820.292198 -1652.276452 1790.945337
v 587.957892 -1813.942048 1634.176981
v 474.882032 -1724.837003 1883.430809
cstype bspline
deg 1
curv 0 5 6701 6702 6703 6704 6705
parm u 0 0 1 2 3 4
end
v 473.968184 -1721.894276 1881.883167
v 746.526037 -1524.933607 2079.96595
v 819.167409 -1649.364978 1789.473619
v 586.963537 -1810.951185 1632.773566
v 473.968184 -1721.894276 1881.883167
cstype bspline
deg 1
curv 0 5 6706 6707 6708 6709 6710
parm u 0 0 1 2 3 4
end
v -1145.956074 -650.928036 2347.73383
v -1370.832904 -319.657664 2195.182675
v -1132.321303 -261.422166 2415.314403
v -998.944239 -571.673287 2489.59185
v -1145.956074 -650.928036 2347.73383
cstype bspline
deg 1
curv 0 5 6711 6712 6713 6714 6715
parm u 0 0 1 2 3 4
end
v -1143.646467 -650.623474 2345.191454
v -1368.466736 -319.159481 2192.719677
v -1130.156237 -261.047309 2412.655804
v -996.792901 -571.335263 2486.914263
v -1143.646467 -650.623474 2345.191454
cstype bspline
deg 1
curv 0 5 6716 6717 6718 6719 6720
parm u 0 0 1 2 3 4
end
v 557.333743 1344.615501 1781.181537
v 733.476885 1191.720681 1799.547958
v 843.478278 1331.681913 1433.977664
v 640.222982 1501.640594 1423.145137
v 557.333743 1344.615501 1781.181537
cstype bspline
deg 1
curv 0 5 6721 6722 6723 6724 6725
parm u 0 0 1 2 3 4
end
v 559.374427 1346.893939 1782.766968
v 735.227218 1194.24888 1801.121343
v 845.085362 1334.360741 1435.431514
v 642.576829 1503.72153 1424.581433
v 559.374427 1346.893939 1782.766968
cstype bspline
deg 1
curv 0 5 6726 6727 6728 6729 6730
parm u 0 0 1 2 3 4
end
v -1715.920587 570.271216 2358.523025
v -1986.303934 526.678256 2196.887383
v -2035.194022 826.007543 2343.38826
v -1802.118394 876.762232 2490.258469
v -1715.920587 570.271216 2358.523025
cstype bspline
deg 1
curv 0 5 6731 6732 6733 6734 6735
parm u 0 0 1 2 3 4
end
v -1714.569993 571.640976 2355.668013
v -1984.599846 528.287004 2194.344195
v -2033.585612 827.461289 2340.713182
v -1800.996334 878.101454 2487.275344
v -1714.569993 571.640976 2355.668013
cstype bspline
deg 1
curv 0 5 6736 6737 6738 6739 6740
parm u 0 0 1 2 3 4
end
v 930.593627 -1203.566652 2457.741846
v 1102.531451 -1006.200683 2592.116554
v 1251.126823 -1034.312733 2432.599535
v 1036.285359 -1370.704595 2140.139494
v 930.593627 -1203.566652 2457.741846
cstype bspline
deg 1
curv 0 5 6741 6742 6743 6744 6745
parm u 0 0 1 2 3 4
end
v 929.226749 -1200.994268 2455.903098
v 1100.956928 -1003.91955 2590.052711
v 1249.539257 -1031.947391 2430.660907
v 1034.929582 -1368.032832 2138.419655
v 929.226749 -1200.994268 2455.903098
cstype bspline
deg 1
curv 0 5 6746 6747 6748 6749 6750
parm u 0 0 1 2 3 4
end
v -941.030188 3237.355263 950.686495
v -636.168961 3364.172323 576.913915
v -568.034083 3282.849406 825.177579
v -860.137707 3168.525832 1161.565547
v -941.030188 3237.355263 950.686495
cstype bspline
deg 1
curv 0 5 6751 6752 6753 6754 6755
parm u 0 0 1 2 3 4
end
v -940.924696 3234.094397 949.565104
v -636.272494 3360.888266 575.86301
v -568.225474 3279.588541 824.066007
v -860.120154 3165.298426 1160.35201
v -940.924696 3234.094397 949.565104
cstype bspline
deg 1
curv 0 5 6756 6757 6758 6759 6760
parm u 0 0 1 2 3 4
end
v 2104.362515 -1144.820823 1222.665829
v 2349.936393 -990.393782 1029.755059
v 2367.085171 -1086.551285 736.274917
v 2103.994989 -1250.803937 946.059804
v 2104.362515 -1144.820823 1222.665829
cstype bspline
deg 1
curv 0 5 6761 6762 6763 6764 6765
parm u 0 0 1 2 3 4
end
v 2102.165509 -1142.37394 1221.629638
v 2347.486912 -988.186368 1028.728146
v 2364.724109 -1084.225496 735.330628
v 2101.836521 -1248.280118 945.117611
v 2102.165509 -1142.37394 1221.629638
cstype bspline
deg 1
curv 0 5 6766 6767 6768 6769 6770
parm u 0 0 1 2 3 4
end
v 1165.24788 -1617.775935 1568.31347
v 1236.404559 -1716.803895 1265.095949
v 979.661941 -1858.900932 1193.988038
v 894.806886 -1764.22968 1500.935433
v 1165.24788 -1617.775935 1568.31347
cstype bspline
deg 1
curv 0 5 6771 6772 6773 6774 6775
parm u 0 0 1 2 3 4
end
v 1163.908116 -1614.897208 1566.965644
v 1235.009944 -1713.909182 1263.838194
v 978.464755 -1855.918691 1192.733835
v 893.642752 -1761.266609 1499.605886
v 1163.908116 -1614.897208 1566.965644
cstype bspline
deg 1
curv 0 5 6776 6777 6778 6779 6780
parm u 0 0 1 2 3 4
end
v 680.589305 1597.105778 957.037048
v 564.215469 1796.533132 929.944885
v 466.405708 1729.004221 1237.730042
v 579.537735 1448.232355 1386.22808
v 680.589305 1597.105778 957.037048
cstype bspline
deg 1
curv 0 5 6781 6782 6783 6784 6785
parm u 0 0 1 2 3 4
end
v 683.011298 1599.238679 958.254511
v 567.145032 1797.954928 931.083563
v 469.292549 1730.377347 1239.025509
v 581.88917 1450.310395 1387.662491
v 683.011298 1599.238679 958.254511
cstype bspline
deg 1
curv 0 5 6786 6787 6788 6789 6790
parm u 0 0 1 2 3 4
end
v 719.183473 -1451.254317 2037.904908
v 1000.330287 -1300.364584 2094.615586
v 1064.111214 -1432.055092 1809.177741
v 791.830278 -1578.493488 1753.703609
v 719.183473 -1451.254317 2037.904908
cstype bspline
deg 1
curv 0 5 6791 6792 6793 6794 6795
parm u 0 0 1 2 3 4
end
v 718.129302 -1448.403916 2036.275344
v 998.976252 -1297.695448 2092.897872
v 1062.81289 -1429.247668 1807.655228
v 790.70477 -1575.580211 1752.230883
v 718.129302 -1448.403916 2036.275344
cstype bspline
deg 1
curv 0 5 6796 6797 6798 6799 6800
parm u 0 0 1 2 3 4
end
v 2507.095764 -760.571913 780.017217
v 2286.541038 -932.93956 1003.191828
v 2228.939513 -822.484024 1332.392766
v 2410.957052 -672.337999 1161.971981
v 2507.095764 -760.571913 780.017217
cstype bspline
deg 1
curv 0 5 6801 6802 6803 6804 6805
parm u 0 0 1 2 3 4
end
v 2504.356092 -758.785559 778.942225
v 2284.087354 -930.729818 1002.163055
v 2226.40101 -820.51017 1331.168184
v 2408.130319 -670.759118 1160.754671
v 2504.356092 -758.785559 778.942225
cstype bspline
deg 1
curv 0 5 6806 6807 6808 6809 6810
parm u 0 0 1 2 3 4
end
v -1206.215191 -658.881834 2414.058099
v -1432.558159 -332.651135 2259.429697
v -1188.783555 -271.207996 2484.666006
v -1055.071836 -580.471449 2559.440191
v -1206.215191 -658.881834 2414.058099
cstype bspline
deg 1
curv 0 5 6811 6812 6813 6814 6815
parm u 0 0 1 2 3 4
end
v -1203.905601 -658.577275 2411.515719
v -1430.191972 -332.152953 2256.966704
v -1186.618489 -270.833134 2482.00742
v -1052.920487 -580.133417 2556.762604
v -1203.905601 -658.577275 2411.515719
cstype bspline
deg 1
curv 0 5 6816 6817 6818 6819 6820
parm u 0 0 1 2 3 4
end
v 2348.267586 -988.694273 1029.021118
v 2106.031326 -1146.520326 1223.399775
v 2078.570326 -1027.073178 1523.587761
v 2297.482496 -875.842595 1365.344842
v 2348.267586 -988.694273 1029.021118
cstype bspline
deg 1
curv 0 5 6821 6822 6823 6824 6825
parm u 0 0 1 2 3 4
end
v 2345.823763 -986.492445 1027.996751
v 2103.82866 -1144.067861 1222.361031
v 2076.308141 -1024.804939 1522.321222
v 2294.934131 -873.860831 1364.11591
v 2345.823763 -986.492445 1027.996751
cstype bspline
deg 1
curv 0 5 6826 6827 6828 6829 6830
parm u 0 0 1 2 3 4
end
v -567.924976 3283.946326 825.556381
v -289.617916 3332.124231 579.37044
v -254.8781 3202.042026 937.075859
v -497.141347 3172.782438 1115.191229
v -567.924976 3283.946326 825.556381
cstype bspline
deg 1
curv 0 5 6831 6832 6833 6834 6835
parm u 0 0 1 2 3 4
end
v -568.117099 3280.681725 824.443478
v -290.373052 3328.931803 578.316648
v -255.745998 3198.904377 935.919012
v -497.484385 3169.603678 1113.907042
v -568.117099 3280.681725 824.443478
cstype bspline
deg 1
curv 0 5 6836 6837 6838 6839 6840
parm u 0 0 1 2 3 4
end
v -1915.452285 -31.97966 1851.1122
v -1895.983189 220.567798 2058.176733
v -2134.852681 258.729334 1850.804829
v -2160.754665 -14.209549 1622.223736
v -1915.452285 -31.97966 1851.1122
cstype bspline
deg 1
curv 0 5 6841 6842 6843 6844 6845
parm u 0 0 1 2 3 4
end
v -1917.724856 -33.347924 1853.316306
v -1897.93132 218.998561 2060.554049
v -2136.953368 257.015355 1852.935693
v -2163.052411 -15.806124 1624.244971
v -1917.724856 -33.347924 1853.316306
cstype bspline
deg 1
curv 0 5 6846 6847 6848 6849 6850
parm u 0 0 1 2 3 4
end
v -2354.708459 -397.11315 849.526525
v -2445.074663 -674.911981 508.070926
v -2264.784634 -704.79871 806.860068
v -2201.644971 -443.581907 1089.381936
v -2354.708459 -397.11315 849.526525
cstype bspline
deg 1
curv 0 5 6851 6852 6853 6854 6855
parm u 0 0 1 2 3 4
end
v -2357.451227 -398.37777 851.19907
v -2447.99987 -675.920804 509.591056
v -2267.74028 -705.629731 808.441512
v -2204.411988 -444.668851 1091.126959
v -2357.451227 -398.37777 851.19907
cstype bspline
deg 1
curv 0 5 6856 6857 6858 6859 6860
parm u 0 0 1 2 3 4
end
v -859.741424 3082.039825 1129.050743
v -572.959669 3200.034642 797.035616
v -506.102752 3088.610134 1081.178803
v -769.447946 2989.214327 1362.754067
v -859.741424 3082.039825 1129.050743
cstype bspline
deg 1
curv 0 5 6861 6862 6863 6864 6865
parm u 0 0 1 2 3 4
end
v -859.723788 3078.811957 1127.837166
v -573.151124 3196.774221 795.924136
v -506.446454 3085.427195 1079.89319
v -769.631594 2986.090627 1361.300174
v -859.723788 3078.811957 1127.837166
cstype bspline
deg 1
curv 0 5 6866 6867 6868 6869 6870
parm u 0 0 1 2 3 4
end
v 840.736896 1325.885459 1430.723468
v 1022.468263 1060.534704 1773.70818
v 1172.774006 1064.119838 1652.757397
v 1118.843264 1263.894078 1331.420828
v 840.736896 1325.885459 1430.723468
cstype bspline
deg 1
curv 0 5 6871 6872 6873 6874 6875
parm u 0 0 1 2 3 4
end
v 842.34856 1328.571852 1432.18187
v 1023.626134 1063.301442 1775.399545
v 1173.72551 1066.991771 1654.426262
v 1119.887855 1266.842452 1332.861468
v 842.34856 1328.571852 1432.18187
cstype bspline
deg 1
curv 0 5 6876 6877 6878 6879 6880
parm u 0 0 1 2 3 4
end
v -1856.177508 3.705925 1793.608255
v -1845.138812 261.503302 1996.162866
v -2080.046652 303.4442 1795.21103
v -2100.830221 27.452522 1569.501121
v -1856.177508 3.705925 1793.608255
cstype bspline
deg 1
curv 0 5 6881 6882 6883 6884 6885
parm u 0 0 1 2 3 4
end
v -1858.450042 2.337673 1795.81233
v -1847.086981 259.934059 1998.540337
v -2082.147312 301.730255 1797.34187
v -2103.127998 25.855934 1571.522392
v -1858.450042 2.337673 1795.81233
cstype bspline
deg 1
curv 0 5 6886 6887 6888 6889 6890
parm u 0 0 1 2 3 4
end
v -18.185833 -1925.756688 1533.328158
v 211.137089 -1801.182514 1683.755595
v 321.747761 -1894.58091 1405.731594
v 77.810913 -2049.420796 1194.719951
v -18.185833 -1925.756688 1533.328158
cstype bspline
deg 1
curv 0 5 6891 6892 6893 6894 6895
parm u 0 0 1 2 3 4
end
v -18.843898 -1922.671275 1531.929218
v 210.334216 -1798.166365 1682.285271
v 320.868987 -1891.520891 1404.405403
v 77.084216 -2046.293321 1193.456407
v -18.843898 -1922.671275 1531.929218
cstype bspline
deg 1
curv 0 5 6896 6897 6898 6899 6900
parm u 0 0 1 2 3 4
end
v -1403.650145 793.150463 2470.956702
v -1684.371248 601.377136 2293.811372
v -1769.163817 916.334051 2402.669102
v -1491.715004 1032.787285 2545.926113
v -1403.650145 793.150463 2470.956702
cstype bspline
deg 1
curv 0 5 6901 6902 6903 6904 6905
parm u 0 0 1 2 3 4
end
v -1402.709848 794.103053 2467.789756
v -1683.014684 602.75462 2290.939738
v -1768.047743 917.665561 2399.7026
v -1491.086948 1033.744846 2542.659461
v -1402.709848 794.103053 2467.789756
cstype bspline
deg 1
curv 0 5 6906 6907 6908 6909 6910
parm u 0 0 1 2 3 4
end
v 685.615666 1121.252281 1755.904333
v 861.337549 925.476475 1929.221279
v 987.16449 977.836268 1723.61356
v 803.743796 1266.314357 1398.649519
v 685.615666 1121.252281 1755.904333
cstype bspline
deg 1
curv 0 5 6911 6912 6913 6914 6915
parm u 0 0 1 2 3 4
end
v 687.36608 1123.782027 1757.478423
v 862.739474 928.10298 1930.952855
v 988.32701 980.612107 1725.310213
v 805.350804 1268.991662 1400.102616
v 687.36608 1123.782027 1757.478423
cstype bspline
deg 1
curv 0 5 6916 6917 6918 6919 6920
parm u 0 0 1 2 3 4
end
v -474.002048 -2154.386914 1381.515338
v -237.122866 -2104.649951 1447.432537
v -157.240329 -2241.07051 1072.44514
v -435.236154 -2284.983931 1032.571221
v -474.002048 -2154.386914 1381.515338
cstype bspline
deg 1
curv 0 5 6921 6922 6923 6924 6925
parm u 0 0 1 2 3 4
end
v -474.130956 -2151.19552 1380.208803
v -237.560373 -2101.501499 1446.089052
v -157.720792 -2237.877157 1071.229931
v -435.368964 -2281.739785 1031.403982
v -474.130956 -2151.19552 1380.208803
cstype bspline
deg 1
curv 0 5 6926 6927 6928 6929 6930
parm u 0 0 1 2 3 4
end
v -2217.178815 -1482.012094 338.416834
v -2435.551576 -1268.059928 82.953599
v -2270.370223 -1232.461307 535.954435
v -2117.508604 -1442.880237 634.980994
v -2217.178815 -1482.012094 338.416834
cstype bspline
deg 1
curv 0 5 6931 6932 6933 6934 6935
parm u 0 0 1 2 3 4
end
v -2214.458741 -1480.154805 337.364097
v -2432.627111 -1266.737536 81.710373
v -2267.380618 -1231.297383 534.66179
v -2114.711097 -1441.212134 633.869708
v -2214.458741 -1480.154805 337.364097
cstype bspline
deg 1
curv 0 5 6936 6937 6938 6939 6940
parm u 0 0 1 2 3 4
end
v 800.891392 1261.035426 1395.551274
v 1089.345025 1181.749972 1290.964719
v 1090.252717 1325.254183 973.002981
v 896.991505 1415.417941 961.225648
v 800.891392 1261.035426 1395.551274
cstype bspline
deg 1
curv 0 5 6941 6942 6943 6944 6945
parm u 0 0 1 2 3 4
end
v 802.499605 1263.714447 1397.005777
v 1090.393058 1184.705718 1292.409264
v 1091.319915 1328.271095 974.287072
v 898.672352 1418.152985 962.496666
v 802.499605 1263.714447 1397.005777
cstype bspline
deg 1
curv 0 5 6946 6947 6948 6949 6950
parm u 0 0 1 2 3 4
end
v 746.716084 -1525.590965 2080.411013
v 1035.674617 -1370.020119 2139.430054
v 1097.95045 -1505.32534 1848.88917
v 821.157042 -1654.471293 1792.130975
v 746.716084 -1525.590965 2080.411013
cstype bspline
deg 1
curv 0 5 6951 6952 6953 6954 6955
parm u 0 0 1 2 3 4
end
v 745.661906 -1522.740564 2078.781318
v 1034.320593 -1367.350989 2137.712335
v 1096.652133 -1502.517912 1847.366643
v 820.031534 -1651.558021 1790.658254
v 745.661906 -1522.740564 2078.781318
cstype bspline
deg 1
curv 0 5 6956 6957 6958 6959 6960
parm u 0 0 1 2 3 4
end
v 2571.911505 -842.82111 449.241782
v 2308.899125 -1029.03997 712.99699
v 2282.577518 -929.692209 1001.609146
v 2511.059284 -763.819263 781.5999
v 2571.911505 -842.82111 449.241782
cstype bspline
deg 1
curv 0 5 6961 6962 6963 6964 6965
parm u 0 0 1 2 3 4
end
v 2569.266089 -840.875905 448.206806
v 2306.530863 -1026.707837 712.049884
v 2280.135231 -927.491136 1000.585014
v 2508.308204 -762.024245 780.520286
v 2569.266089 -840.875905 448.206806
cstype bspline
deg 1
curv 0 5 6966 6967 6968 6969 6970
parm u 0 0 1 2 3 4
end
v -1.043966 -2006.214468 1569.825948
v 232.100694 -1879.861461 1722.108005
v 344.668917 -1974.435171 1440.331933
v 96.753037 -2131.004041 1227.679046
v -1.043966 -2006.214468 1569.825948
cstype bspline
deg 1
curv 0 5 6971 6972 6973 6974 6975
parm u 0 0 1 2 3 4
end
v -1.70204 -2003.129048 1568.427025
v 231.297826 -1876.845316 1720.637672
v 343.790149 -1971.375141 1439.005761
v 96.026338 -2127.876563 1226.415513
v -1.70204 -2003.129048 1568.427025
cstype bspline
deg 1
curv 0 5 6976 6977 6978 6979 6980
parm u 0 0 1 2 3 4
end
v -2197.980453 -1490.020921 667.065885
v -2340.872987 -1259.187811 566.579007
v -2166.662088 -1238.964283 997.057533
v -2059.722592 -1458.580392 1024.416782
v -2197.980453 -1490.020921 667.065885
cstype bspline
deg 1
curv 0 5 6981 6982 6983 6984 6985
parm u 0 0 1 2 3 4
end
v -2195.16717 -1488.34522 665.948045
v -2337.899154 -1258.031486 565.292924
v -2163.633965 -1238.024913 995.675339
v -2056.862042 -1457.11938 1023.188008
v -2195.16717 -1488.34522 665.948045
cstype bspline
deg 1
curv 0 5 6986 6987 6988 6989 6990
parm u 0 0 1 2 3 4
end
v 798.684819 1255.801831 1392.674684
v 992.223467 988.348802 1729.588381
v 1147.979743 989.167062 1609.222541
v 1091.551595 1186.983568 1293.841308
v 798.684819 1255.801831 1392.674684
cstype bspline
deg 1
curv 0 5 6991 6992 6993 6994 6995
parm u 0 0 1 2 3 4
end
v 800.296443 1258.488155 1394.133071
v 993.38137 991.115606 1731.279771
v 1148.931197 992.038944 1610.891367
v 1092.596223 1189.932011 1295.281965
v 800.296443 1258.488155 1394.133071
cstype bspline
deg 1
curv 0 5 6996 6997 6998 6999 7000
parm u 0 0 1 2 3 4
end
v 504.058222 1285.194553 1739.82633
v 687.809051 1125.764669 1758.500947
v 801.550403 1261.801978 1396.052897
v 578.830531 1447.350608 1385.6749
v 504.058222 1285.194553 1739.82633
cstype bspline
deg 1
curv 0 5 7001 7002 7003 7004 7005
parm u 0 0 1 2 3 4
end
v 506.098956 1287.473069 1741.411784
v 689.559327 1128.292799 1760.074306
v 803.157548 1264.480877 1397.506765
v 581.18432 1449.431472 1387.111179
v 506.098956 1287.473069 1741.411784
cstype bspline
deg 1
curv 0 5 7006 7007 7008 7009 7010
parm u 0 0 1 2 3 4
end
v -248.635278 -2021.792282 1412.082429
v -17.850967 -1927.195757 1533.943075
v 77.476047 -2047.981731 1194.105024
v -169.630267 -2158.519978 1041.04561
v -248.635278 -2021.792282 1412.082429
cstype bspline
deg 1
curv 0 5 7011 7012 7013 7014 7015
parm u 0 0 1 2 3 4
end
v -249.072871 -2018.643364 1410.738746
v -18.509074 -1924.110295 1532.544095
v 76.749389 -2044.854305 1192.841522
v -170.11064 -2155.327091 1039.830597
v -249.072871 -2018.643364 1410.738746
cstype bspline
deg 1
curv 0 5 7016 7017 7018 7019 7020
parm u 0 0 1 2 3 4
end
v -1428.176151 768.318684 2553.580669
v -1719.782746 565.460846 2368.716691
v -1798.256232 881.572597 2480.064802
v -1508.085481 1007.775303 2631.140521
v -1428.176151 768.318684 2553.580669
cstype bspline
deg 1
curv 0 5 7021 7022 7023 7024 7025
parm u 0 0 1 2 3 4
end
v -1427.235812 769.271327 2550.413604
v -1718.426219 566.838291 2365.845183
v -1797.140108 882.904133 2477.098172
v -1507.457468 1008.732829 2627.873995
v -1427.235812 769.271327 2550.413604
cstype bspline
deg 1
curv 0 5 7026 7027 7028 7029 7030
parm u 0 0 1 2 3 4
end
v -860.201838 3166.273705 1160.714139
v -567.969956 3285.101537 826.028971
v -497.096369 3171.627224 1114.718649
v -764.669177 3070.707012 1400.678308
v -860.201838 3166.273705 1160.714139
cstype bspline
deg 1
curv 0 5 7031 7032 7033 7034 7035
parm u 0 0 1 2 3 4
end
v -860.1842 3163.045819 1159.500534
v -568.161413 3281.841148 824.917485
v -497.440067 3168.444258 1113.433027
v -764.852822 3067.583338 1399.224426
v -860.1842 3163.045819 1159.500534
cstype bspline
deg 1
curv 0 5 7036 7037 7038 7039 7040
parm u 0 0 1 2 3 4
end
v 1209.264306 -971.903572 2381.481058
v 1412.296323 -943.463372 2254.237933
v 1304.276016 -1164.305925 2037.378391
v 1001.356875 -1301.732894 2095.817288
v 1209.264306 -971.903572 2381.481058
cstype bspline
deg 1
curv 0 5 7041 7042 7043 7044 7045
parm u 0 0 1 2 3 4
end
v 1207.676278 -969.537466 2379.541907
v 1410.5992 -941.14979 2252.313068
v 1302.752448 -1161.758175 2035.627105
v 1000.001544 -1299.061891 2094.097992
v 1207.676278 -969.537466 2379.541907
cstype bspline
deg 1
curv 0 5 7046 7047 7048 7049 7050
parm u 0 0 1 2 3 4
end
v -1273.018075 -24.140778 2434.820381
v -1250.579501 196.574626 2506.069024
v -1580.316905 218.202965 2259.700505
v -1637.630285 -42.851164 2151.942067
v -1273.018075 -24.140778 2434.820381
cstype bspline
deg 1
curv 0 5 7051 7052 7053 7054 7055
parm u 0 0 1 2 3 4
end
v -1275.105945 -24.485367 2437.54643
v -1252.42913 196.200454 2508.95601
v -1582.107894 217.131815 2262.448776
v -1639.927168 -43.684311 2154.377648
v -1275.105945 -24.485367 2437.54643
cstype bspline
deg 1
curv 0 5 7056 7057 7058 7059 7060
parm u 0 0 1 2 3 4
end
v 2702.761819 -10.060085 713.413824
v 2772.86522 -305.429909 515.778608
v 2631.179785 -265.987811 938.315811
v 2592.52733 0.005642 1043.0117
v 2702.761819 -10.060085 713.413824
cstype bspline
deg 1
curv 0 5 7061 7062 7063 7064 7065
parm u 0 0 1 2 3 4
end
v 2699.486531 -10.462466 712.398805
v 2769.601441 -305.111509 514.712768
v 2627.955279 -265.669497 937.12635
v 2589.31238 -0.332213 1041.809444
v 2699.486531 -10.462466 712.398805
cstype bspline
deg 1
curv 0 5 7066 7067 7068 7069 7070
parm u 0 0 1 2 3 4
end
v 2578.553615 -807.125663 808.059304
v 2350.569512 -990.55769 1030.030659
v 2295.180567 -873.979175 1364.335316
v 2484.682798 -713.520577 1193.730117
v 2578.553615 -807.125663 808.059304
cstype bspline
deg 1
curv 0 5 7071 7072 7073 7074 7075
parm u 0 0 1 2 3 4
end
v 2575.813938 -805.339307 806.984315
v 2348.115828 -988.347956 1029.001945
v 2292.642063 -872.005314 1363.110735
v 2481.856061 -711.941706 1192.512811
v 2575.813938 -805.339307 806.984315
cstype bspline
deg 1
curv 0 5 7076 7077 7078 7079 7080
parm u 0 0 1 2 3 4
end
v -1620.954454 -35.114903 2131.287778
v -1596.992732 210.466717 2280.354802
v -1883.417348 228.8519 2044.19061
v -1928.018125 -40.263758 1865.098327
v -1620.954454 -35.114903 2131.287778
cstype bspline
deg 1
curv 0 5 7081 7082 7083 7084 7085
parm u 0 0 1 2 3 4
end
v -1623.252335 -35.948934 2133.724002
v -1598.782739 209.39644 2283.102412
v -1885.365613 227.283485 2046.56702
v -1930.290542 -41.632849 1867.303352
v -1623.252335 -35.948934 2133.724002
cstype bspline
deg 1
curv 0 5 7086 7087 7088 7089 7090
parm u 0 0 1 2 3 4
end
v -1218.564089 -15.162626 2363.70769
v -1202.310828 206.338656 2430.75862
v -1533.605093 246.157682 2188.006038
v -1577.73856 -21.089082 2088.410721
v -1218.564089 -15.162626 2363.70769
cstype bspline
deg 1
curv 0 5 7091 7092 7093 7094 7095
parm u 0 0 1 2 3 4
end
v -1220.651878 -15.507114 2366.433562
v -1204.160541 205.964392 2433.645783
v -1535.396026 245.08664 2190.754114
v -1580.035543 -21.922331 2090.846465
v -1220.651878 -15.507114 2366.433562
cstype bspline
deg 1
curv 0 5 7096 7097 7098 7099 7100
parm u 0 0 1 2 3 4
end
v -2311.34846 -997.721258 583.895234
v -2121.434655 -982.975765 1002.920087
v -2080.535966 -1212.037665 957.829302
v -2270.411213 -1231.393726 536.201107
v -2311.34846 -997.721258 583.895234
cstype bspline
deg 1
curv 0 5 7101 7102 7103 7104 7105
parm u 0 0 1 2 3 4
end
v -2308.320104 -996.904338 582.473721
v -2118.390748 -982.368853 1001.39909
v -2077.52128 -1211.103556 956.452961
v -2267.423948 -1230.232131 534.90917
v -2308.320104 -996.904338 582.473721
cstype bspline
deg 1
curv 0 5 7106 7107 7108 7109 7110
parm u 0 0 1 2 3 4
end
v 2781.452265 -5.027173 442.46422
v 2902.661094 -296.999935 86.453061
v 2774.690546 -305.306459 516.294786
v 2700.936491 -10.183529 712.897651
v 2781.452265 -5.027173 442.46422
cstype bspline
deg 1
curv 0 5 7111 7112 7113 7114 7115
parm u 0 0 1 2 3 4
end
v 2778.163993 -5.535075 441.53096
v 2899.379057 -296.781094 85.43195
v 2771.419852 -304.98819 515.226788
v 2697.668118 -10.585789 711.884794
v 2778.163993 -5.535075 441.53096
cstype bspline
deg 1
curv 0 5 7116 7117 7118 7119 7120
parm u 0 0 1 2 3 4
end
v 2632.37858 -266.061271 938.72223
v 2771.666427 -305.356453 515.372183
v 2707.427405 -555.715573 537.785102
v 2572.654705 -481.670908 970.601743
v 2632.37858 -266.061271 938.72223
cstype bspline
deg 1
curv 0 5 7121 7122 7123 7124 7125
parm u 0 0 1 2 3 4
end
v 2629.153513 -265.742377 937.532549
v 2768.403213 -305.038629 514.306551
v 2704.356641 -554.611514 536.660168
v 2569.584851 -480.65972 969.400311
v 2629.153513 -265.742377 937.532549
cstype bspline
deg 1
curv 0 5 7126 7127 7128 7129 7130
parm u 0 0 1 2 3 4
end
v -1288.083428 -757.457159 2204.953749
v -1539.855938 -456.528926 1995.392691
v -1364.522883 -318.732549 2188.517712
v -1152.266094 -651.853148 2354.398794
v -1288.083428 -757.457159 2204.953749
cstype bspline
deg 1
curv 0 5 7131 7132 7133 7134 7135
parm u 0 0 1 2 3 4
end
v -1285.63885 -757.216984 2202.531875
v -1537.322003 -456.106998 1993.087756
v -1362.158379 -318.23456 2186.056536
v -1149.954827 -651.548403 2351.85459
v -1285.63885 -757.216984 2202.531875
cstype bspline
deg 1
curv 0 5 7136 7137 7138 7139 7140
parm u 0 0 1 2 3 4
end
v -237.247511 -2103.906449 1447.132978
v -0.709438 -2007.651898 1570.440389
v 96.418504 -2129.566608 1227.064612
v -157.115684 -2241.814009 1072.744707
v -237.247511 -2103.906449 1447.132978
cstype bspline
deg 1
curv 0 5 7141 7142 7143 7144 7145
parm u 0 0 1 2 3 4
end
v -237.685107 -2100.757537 1445.789278
v -1.367548 -2004.566436 1569.041412
v 95.691844 -2126.439178 1225.80112
v -157.596058 -2238.621119 1071.529703
v -237.685107 -2100.757537 1445.789278
cstype bspline
deg 1
curv 0 5 7146 7147 7148 7149 7150
parm u 0 0 1 2 3 4
end
v -1351.841384 -763.715852 2268.134363
v -1605.939782 -467.56906 2055.517984
v -1426.208573 -331.721707 2252.722008
v -1212.564787 -659.811243 2420.765782
v -1351.841384 -763.715852 2268.134363
cstype bspline
deg 1
curv 0 5 7151 7152 7153 7154 7155
parm u 0 0 1 2 3 4
end
v -1349.396803 -763.475672 2265.712492
v -1603.405849 -467.147126 2053.213046
v -1423.844067 -331.223713 2250.260835
v -1210.253516 -659.506508 2418.221579
v -1349.396803 -763.475672 2265.712492
cstype bspline
deg 1
curv 0 5 7156 7157 7158 7159 7160
parm u 0 0 1 2 3 4
end
v 2640.936198 -893.561857 476.240135
v 2370.720126 -1089.86564 737.705701
v 2346.301425 -987.079448 1028.324262
v 2582.821696 -810.603914 809.765696
v 2640.936198 -893.561857 476.240135
cstype bspline
deg 1
curv 0 5 7161 7162 7163 7164 7165
parm u 0 0 1 2 3 4
end
v 2638.290735 -891.616598 475.205135
v 2368.351919 -1087.533554 736.758611
v 2343.8591 -984.878305 1027.300179
v 2580.070676 -808.808939 808.686097
v 2638.290735 -891.616598 475.205135
cstype bspline
deg 1
curv 0 5 7166 7167 7168 7169 7170
parm u 0 0 1 2 3 4
end
v -1561.03958 -13.334262 2067.742925
v -1550.304086 238.402866 2208.673824
v -1832.570836 269.765347 1982.203003
v -1868.7455 -4.55612 1807.568103
v -1561.03958 -13.334262 2067.742925
cstype bspline
deg 1
curv 0 5 7171 7172 7173 7174 7175
parm u 0 0 1 2 3 4
end
v -1563.337328 -14.168272 2070.17898
v -1552.094232 237.332583 2211.421607
v -1834.518968 268.19696 1984.57937
v -1871.018063 -5.925232 1809.773287
v -1563.337328 -14.168272 2070.17898
cstype bspline
deg 1
curv 0 5 7176 7177 7178 7179 7180
parm u 0 0 1 2 3 4
end
v 1250.684218 -1033.596613 2432.075739
v 1456.571719 -1003.774244 2304.44476
v 1343.994754 -1230.762635 2083.068171
v 1036.727974 -1371.420718 2140.663277
v 1250.684218 -1033.596613 2432.075739
cstype bspline
deg 1
curv 0 5 7181 7182 7183 7184 7185
parm u 0 0 1 2 3 4
end
v 1249.096188 -1031.230514 2430.136597
v 1454.874597 -1001.460639 2302.519908
v 1342.471186 -1228.214893 2081.31677
v 1035.372645 -1368.749707 2138.943972
v 1249.096188 -1031.230514 2430.136597
cstype bspline
deg 1
curv 0 5 7186 7187 7188 7189 7190
parm u 0 0 1 2 3 4
end
v -2288.13644 -1530.488267 365.877656
v -2511.832231 -1302.556403 115.387857
v -2348.335658 -1262.853511 569.672842
v -2190.517781 -1486.355235 663.972036
v -2288.13644 -1530.488267 365.877656
cstype bspline
deg 1
curv 0 5 7191 7192 7193 7194 7195
parm u 0 0 1 2 3 4
end
v -2285.416356 -1528.630987 364.824901
v -2508.907778 -1301.234007 114.144635
v -2345.346042 -1261.689572 568.380214
v -2187.720275 -1484.687136 662.86077
v -2285.416356 -1528.630987 364.824901
cstype bspline
deg 1
curv 0 5 7196 7197 7198 7199 7200
parm u 0 0 1 2 3 4
end
v -1369.876197 -319.623811 2194.103315
v -1569.893239 -18.79977 2077.863249
v -1230.794167 -18.629677 2379.41679
v -1133.278018 -261.456018 2416.393755
v -1369.876197 -319.623811 2194.103315
cstype bspline
deg 1
curv 0 5 7201 7202 7203 7204 7205
parm u 0 0 1 2 3 4
end
v -1367.511521 -319.125995 2191.642041
v -1567.595806 -17.965559 2075.426574
v -1228.706838 -18.286149 2376.691842
v -1131.111438 -261.080793 2413.733452
v -1367.511521 -319.125995 2191.642041
cstype bspline
deg 1
curv 0 5 7206 7207 7208 7209 7210
parm u 0 0 1 2 3 4
end
v -693.045347 -2304.980688 667.887833
v -688.30809 -2190.112814 1014.316584
v -438.777771 -2201.47678 1002.482256
v -411.263166 -2354.870627 542.90075
v -693.045347 -2304.980688 667.887833
cstype bspline
deg 1
curv 0 5 7211 7212 7213 7214 7215
parm u 0 0 1 2 3 4
end
v -692.64288 -2301.703852 666.876583
v -688.030867 -2186.864265 1013.199947
v -438.910458 -2198.229243 1001.31396
v -411.335559 -2351.600592 541.815856
v -692.64288 -2301.703852 666.876583
cstype bspline
deg 1
curv 0 5 7216 7217 7218 7219 7220
parm u 0 0 1 2 3 4
end
v -1911.868275 -31.941568 1848.368147
v -2026.836717 -287.271074 1602.649804
v -1792.997184 -325.742347 1844.39793
v -1637.104292 -43.437095 2148.017969
v -1911.868275 -31.941568 1848.368147
cstype bspline
deg 1
curv 0 5 7221 7222 7223 7224 7225
parm u 0 0 1 2 3 4
end
v -1914.144545 -33.312039 1850.575815
v -2029.412009 -288.338112 1604.674187
v -1795.603528 -326.448759 1846.552745
v -1639.39835 -44.269746 2150.45152
v -1914.144545 -33.312039 1850.575815
cstype bspline
deg 1
curv 0 5 7226 7227 7228 7229 7230
parm u 0 0 1 2 3 4
end
v 655.506014 -1269.493936 2378.272376
v 896.919853 -1140.347615 2412.391441
v 998.908347 -1297.113077 2092.656417
v 720.605398 -1454.505821 2039.864094
v 655.506014 -1269.493936 2378.272376
cstype bspline
deg 1
curv 0 5 7231 7232 7233 7234 7235
parm u 0 0 1 2 3 4
end
v 654.448145 -1266.743595 2376.4819
v 895.549991 -1137.769829 2410.548861
v 997.55555 -1294.44673 2090.940392
v 719.549988 -1451.65265 2038.23281
v 654.448145 -1266.743595 2376.4819
cstype bspline
deg 1
curv 0 5 7236 7237 7238 7239 7240
parm u 0 0 1 2 3 4
end
v -1431.560414 -332.607569 2258.303795
v -1629.80474 -40.589457 2141.429845
v -1285.22838 -27.580221 2450.494228
v -1189.781298 -271.251565 2485.79191
v -1431.560414 -332.607569 2258.303795
cstype bspline
deg 1
curv 0 5 7241 7242 7243 7244 7245
parm u 0 0 1 2 3 4
end
v -1429.195824 -332.109761 2255.842615
v -1627.507222 -39.755227 2138.993077
v -1283.141136 -27.236716 2447.769372
v -1187.614641 -270.87632 2483.131507
v -1429.195824 -332.109761 2255.842615
cstype bspline
deg 1
curv 0 5 7246 7247 7248 7249 7250
parm u 0 0 1 2 3 4
end
v -2390.355525 -1019.0163 620.967863
v -2200.839704 -998.776425 1042.606785
v -2159.193416 -1236.418647 993.723842
v -2348.341662 -1261.733456 569.912683
v -2390.355525 -1019.0163 620.967863
cstype bspline
deg 1
curv 0 5 7251 7252 7253 7254 7255
parm u 0 0 1 2 3 4
end
v -2387.327182 -1018.199384 619.546349
v -2197.795787 -998.169513 1041.085905
v -2156.178741 -1235.484538 992.347506
v -2345.354386 -1260.571856 568.620745
v -2387.327182 -1018.199384 619.546349
cstype bspline
deg 1
curv 0 5 7256 7257 7258 7259 7260
parm u 0 0 1 2 3 4
end
v -717.44783 -2383.64505 395.248322
v -692.802101 -2300.802951 666.558334
v -411.506425 -2359.048367 544.230236
v -429.210291 -2500.723848 85.840728
v -717.44783 -2383.64505 395.248322
cstype bspline
deg 1
curv 0 5 7261 7262 7263 7264 7265
parm u 0 0 1 2 3 4
end
v -716.914378 -2380.37269 394.279858
v -692.399994 -2297.533313 665.549401
v -411.578433 -2355.771129 543.143044
v -429.206641 -2497.443472 84.784141
v -716.914378 -2380.37269 394.279858
cstype bspline
deg 1
curv 0 5 7266 7267 7268 7269 7270
parm u 0 0 1 2 3 4
end
v -2342.272019 -727.360047 848.580302
v -2396.01696 -1020.282288 623.790733
v -2189.105998 -996.086606 1036.841544
v -2168.975944 -748.153377 1177.695826
v -2342.272019 -727.360047 848.580302
cstype bspline
deg 1
curv 0 5 7271 7272 7273 7274 7275
parm u 0 0 1 2 3 4
end
v -2345.224167 -728.189982 850.159901
v -2399.051142 -1021.100789 625.214854
v -2192.144096 -996.691937 1038.359777
v -2171.939809 -748.739461 1179.365069
v -2345.224167 -728.189982 850.159901
cstype bspline
deg 1
curv 0 5 7276 7277 7278 7279 7280
parm u 0 0 1 2 3 4
end
v -2265.272947 -705.6881 807.369637
v -2316.84611 -998.942515 586.644405
v -2109.864746 -980.330679 997.228397
v -2091.687907 -732.858531 1134.153621
v -2265.272947 -705.6881 807.369637
cstype bspline
deg 1
curv 0 5 7281 7282 7283 7284 7285
parm u 0 0 1 2 3 4
end
v -2268.225082 -706.518029 808.949225
v -2319.880305 -999.761021 588.068537
v -2112.902822 -980.935995 998.746761
v -2094.651785 -733.444621 1135.822876
v -2268.225082 -706.518029 808.949225
cstype bspline
deg 1
curv 0 5 7286 7287 7288 7289 7290
parm u 0 0 1 2 3 4
end
v 743.607639 1652.523225 988.687029
v 941.091657 1487.023899 994.511578
v 1019.51975 1617.564234 583.41568
v 813.835799 1791.400855 574.262547
v 743.607639 1652.523225 988.687029
cstype bspline
deg 1
curv 0 5 7291 7292 7293 7294 7295
parm u 0 0 1 2 3 4
end
v 746.028668 1654.654988 989.903944
v 942.772191 1489.757372 995.781906
v 1021.198593 1620.336622 584.593344
v 816.322968 1793.522999 575.369614
v 746.028668 1654.654988 989.903944
cstype bspline
deg 1
curv 0 5 7296 7297 7298 7299 7300
parm u 0 0 1 2 3 4
end
v 2788.182545 0.460254 739.891355
v 2858.0109 -313.702205 543.583001
v 2715.30364 -274.305373 969.344475
v 2676.378082 8.772412 1074.375007
v 2788.182545 0.460254 739.891355
cstype bspline
deg 1
curv 0 5 7301 7302 7303 7304 7305
parm u 0 0 1 2 3 4
end
v 2784.907261 0.057877 738.876333
v 2854.74712 -313.383806 542.517156
v 2712.079137 -273.987044 968.155015
v 2673.163132 8.434555 1073.172745
v 2784.907261 0.057877 738.876333
cstype bspline
deg 1
curv 0 5 7306 7307 7308 7309 7310
parm u 0 0 1 2 3 4
end
v 2705.787991 -555.008399 537.166625
v 2509.694512 -762.174945 781.066719
v 2408.358302 -670.734967 1160.922481
v 2574.294122 -482.378065 971.220228
v 2705.787991 -555.008399 537.166625
cstype bspline
deg 1
curv 0 5 7311 7312 7313 7314 7315
parm u 0 0 1 2 3 4
end
v 2702.725663 -553.9078 536.044831
v 2506.942387 -760.381019 779.986724
v 2405.544023 -669.163658 1159.710176
v 2571.215821 -481.363444 970.015659
v 2702.725663 -553.9078 536.044831
cstype bspline
deg 1
curv 0 5 7316 7317 7318 7319 7320
parm u 0 0 1 2 3 4
end
v 152.612587 -2184.578695 793.562313
v 412.092578 -1994.040195 1102.42073
v 492.887981 -2077.473226 812.325677
v 220.713667 -2282.630046 474.025969
v 152.612587 -2184.578695 793.562313
cstype bspline
deg 1
curv 0 5 7321 7322 7323 7324 7325
parm u 0 0 1 2 3 4
end
v 151.833257 -2181.430146 792.386002
v 411.155103 -1990.952421 1101.203112
v 491.917255 -2074.375455 811.157851
v 219.893387 -2279.479768 472.883245
v 151.833257 -2181.430146 792.386002
cstype bspline
deg 1
curv 0 5 7326 7327 7328 7329 7330
parm u 0 0 1 2 3 4
end
v 304.954109 -1447.930778 2270.776858
v 358.919023 -1304.797485 2478.024911
v 655.795888 -1269.635863 2378.40918
v 720.315493 -1454.363903 2039.727291
v 304.954109 -1447.930778 2270.776858
cstype bspline
deg 1
curv 0 5 7331 7332 7333 7334 7335
parm u 0 0 1 2 3 4
end
v 304.210744 -1445.079729 2268.988843
v 358.24637 -1302.011827 2476.098065
v 654.738093 -1266.886365 2376.619218
v 719.260051 -1451.509871 2038.095501
v 304.210744 -1445.079729 2268.988843
cstype bspline
deg 1
curv 0 5 7336 7337 7338 7339 7340
parm u 0 0 1 2 3 4
end
v -1852.492501 3.801574 1790.768949
v -1959.642185 -259.412653 1549.847017
v -1725.021792 -307.315616 1788.1785
v -1577.292566 -21.691958 2084.542093
v -1852.492501 3.801574 1790.768949
cstype bspline
deg 1
curv 0 5 7341 7342 7343 7344 7345
parm u 0 0 1 2 3 4
end
v -1854.768756 2.43112 1792.976593
v -1962.21749 -260.479703 1551.871429
v -1727.62813 -308.022003 1790.333285
v -1579.586634 -22.524627 2086.975672
v -1854.768756 2.43112 1792.976593
cstype bspline
deg 1
curv 0 5 7346 7347 7348 7349 7350
parm u 0 0 1 2 3 4
end
v 683.134939 -1341.221702 2424.980318
v 932.663969 -1207.588597 2460.462559
v 1034.215014 -1366.682649 2137.418782
v 748.175689 -1528.928433 2082.422286
v 683.134939 -1341.221702 2424.980318
cstype bspline
deg 1
curv 0 5 7351 7352 7353 7354 7355
parm u 0 0 1 2 3 4
end
v 682.077067 -1338.471356 2423.189824
v 931.294117 -1205.010817 2458.61999
v 1032.862208 -1364.016286 2135.702763
v 747.120284 -1526.07527 2080.790892
v 682.077067 -1338.471356 2423.189824
cstype bspline
deg 1
curv 0 5 7356 7357 7358 7359 7360
parm u 0 0 1 2 3 4
end
v 2867.221343 8.229435 466.811077
v 2988.294364 -302.682315 113.089834
v 2860.016263 -313.575252 544.155045
v 2786.177177 0.333319 739.319322
v 2867.221343 8.229435 466.811077
cstype bspline
deg 1
curv 0 5 7361 7362 7363 7364 7365
parm u 0 0 1 2 3 4
end
v 2863.933031 7.721523 465.877806
v 2985.012364 -302.463468 112.06874
v 2856.745529 -313.256992 543.087041
v 2782.908849 -0.068935 738.306454
v 2863.933031 7.721523 465.877806
cstype bspline
deg 1
curv 0 5 7366 7367 7368 7369 7370
parm u 0 0 1 2 3 4
end
v -703.564116 -2390.480418 694.268428
v -695.531508 -2274.862112 1043.445495
v -435.300441 -2286.188423 1032.959539
v -409.371345 -2440.18633 571.201479
v -703.564116 -2390.480418 694.268428
cstype bspline
deg 1
curv 0 5 7371 7372 7373 7374 7375
parm u 0 0 1 2 3 4
end
v -703.161657 -2387.20285 693.257262
v -695.254277 -2271.613312 1042.328733
v -435.433138 -2282.94113 1031.791264
v -409.443734 -2436.916043 570.116525
v -703.161657 -2387.20285 693.257262
cstype bspline
deg 1
curv 0 5 7376 7377 7378 7379 7380
parm u 0 0 1 2 3 4
end
v 172.952638 -2266.710985 824.250068
v 436.543538 -2074.61299 1134.181082
v 518.224125 -2158.289109 842.792182
v 242.078693 -2364.809279 503.83425
v 172.952638 -2266.710985 824.250068
cstype bspline
deg 1
curv 0 5 7381 7382 7383 7384 7385
parm u 0 0 1 2 3 4
end
v 172.173309 -2263.562436 823.073758
v 435.606066 -2071.525211 1132.963472
v 517.253374 -2155.191347 841.624354
v 241.258413 -2361.658997 502.691534
v 172.173309 -2263.562436 823.073758
cstype bspline
deg 1
curv 0 5 7386 7387 7388 7389 7390
parm u 0 0 1 2 3 4
end
v 2716.504836 -274.390262 969.752231
v 2856.809698 -313.617303 543.175263
v 2787.54781 -584.509391 567.126918
v 2652.729621 -508.050904 1001.94784
v 2716.504836 -274.390262 969.752231
cstype bspline
deg 1
curv 0 5 7391 7392 7393 7394 7395
parm u 0 0 1 2 3 4
end
v 2713.279763 -274.071369 968.56255
v 2853.546495 -313.29948 542.109618
v 2784.477028 -583.405355 566.002005
v 2649.659772 -507.039718 1000.746408
v 2713.279763 -274.071369 968.56255
cstype bspline
deg 1
curv 0 5 7396 7397 7398 7399 7400
parm u 0 0 1 2 3 4
end
v -1624.268013 -38.823678 2136.329007
v -1805.833468 -330.355754 1856.086889
v -1594.814887 -465.32954 2044.967192
v -1432.435039 -333.041314 2258.506676
v -1624.268013 -38.823678 2136.329007
cstype bspline
deg 1
curv 0 5 7401 7402 7403 7404 7405
parm u 0 0 1 2 3 4
end
v -1626.56568 -39.657904 2138.765693
v -1808.436185 -331.060602 1858.238586
v -1597.348882 -465.751661 2047.27204
v -1434.799478 -333.539106 2260.967947
v -1626.56568 -39.657904 2138.765693
cstype bspline
deg 1
curv 0 5 7406 7407 7408 7409 7410
parm u 0 0 1 2 3 4
end
v -731.378638 -2469.008453 420.513568
v -703.310735 -2386.111418 692.878126
v -409.624731 -2444.555329 572.591783
v -429.300975 -2586.286223 113.403021
v -731.378638 -2469.008453 420.513568
cstype bspline
deg 1
curv 0 5 7411 7412 7413 7414 7415
parm u 0 0 1 2 3 4
end
v -730.845158 -2465.735807 419.545023
v -702.908666 -2382.841094 691.869261
v -409.696714 -2441.277802 571.504518
v -429.297341 -2583.006137 112.346505
v -730.845158 -2465.735807 419.545023
cstype bspline
deg 1
curv 0 5 7416 7417 7418 7419 7420
parm u 0 0 1 2 3 4
end
v -1564.354143 -17.034389 2072.765761
v -1737.960235 -311.973179 1799.954813
v -1528.727189 -454.284386 1984.841446
v -1370.7532 -320.057154 2194.302842
v -1564.354143 -17.034389 2072.765761
cstype bspline
deg 1
curv 0 5 7421 7422 7423 7424 7425
parm u 0 0 1 2 3 4
end
v -1566.651822 -17.868611 2075.202454
v -1740.562932 -312.678006 1802.106518
v -1531.261196 -454.706514 1987.146299
v -1373.117628 -320.554968 2196.764099
v -1566.651822 -17.868611 2075.202454
cstype bspline
deg 1
curv 0 5 7426 7427 7428 7429 7430
parm u 0 0 1 2 3 4
end
v 324.329467 -1522.323056 2317.419304
v 376.436242 -1377.471626 2528.288693
v 683.423219 -1341.340637 2425.103381
v 747.887405 -1528.80951 2082.299208
v 324.329467 -1522.323056 2317.419304
cstype bspline
deg 1
curv 0 5 7431 7432 7433 7434 7435
parm u 0 0 1 2 3 4
end
v 323.586087 -1519.471972 2315.631266
v 375.763601 -1374.685981 2526.361909
v 682.365388 -1338.591108 2423.3134
v 746.831958 -1525.955521 2080.667315
v 323.586087 -1519.471972 2315.631266
cstype bspline
deg 1
curv 0 5 7436 7437 7438 7439 7440
parm u 0 0 1 2 3 4
end
v -1236.356307 201.703091 2484.999032
v -1087.991287 473.420204 2636.324444
v -1291.852388 582.345654 2544.82008
v -1594.540102 213.074501 2280.770497
v -1236.356307 201.703091 2484.999032
cstype bspline
deg 1
curv 0 5 7441 7442 7443 7444 7445
parm u 0 0 1 2 3 4
end
v -1238.203931 201.328526 2487.882844
v -1089.374123 473.081879 2639.471643
v -1293.104332 581.627362 2547.949002
v -1596.333099 212.003752 2283.52194
v -1238.203931 201.328526 2487.882844
cstype bspline
deg 1
curv 0 5 7446 7447 7448 7449 7450
parm u 0 0 1 2 3 4
end
v 77.307475 -2047.517645 1193.927774
v 322.251204 -1896.484062 1406.523764
v 411.797704 -1992.962959 1101.99528
v 152.907456 -2185.655934 793.987759
v 77.307475 -2047.517645 1193.927774
cstype bspline
deg 1
curv 0 5 7451 7452 7453 7454 7455
parm u 0 0 1 2 3 4
end
v 76.580851 -2044.390494 1192.664392
v 321.372353 -1893.423717 1405.19742
v 410.860151 -1989.874868 1100.777551
v 152.128213 -2182.507703 792.81155
v 76.580851 -2044.390494 1192.664392
cstype bspline
deg 1
curv 0 5 7456 7457 7458 7459 7460
parm u 0 0 1 2 3 4
end
v -1847.782121 258.871995 2001.951206
v -1935.567405 574.429038 2120.16086
v -1686.985248 600.190344 2294.428005
v -1538.831079 246.657547 2194.04977
v -1847.782121 258.871995 2001.951206
cstype bspline
deg 1
curv 0 5 7461 7462 7463 7464 7465
parm u 0 0 1 2 3 4
end
v -1845.832591 260.442799 1999.570613
v -1933.8685 576.03206 2117.627754
v -1685.629467 601.565848 2291.562922
v -1537.042324 247.725425 2191.306226
v -1845.832591 260.442799 1999.570613
cstype bspline
deg 1
curv 0 5 7466 7467 7468 7469 7470
parm u 0 0 1 2 3 4
end
v 640.938025 1502.528906 1423.692787
v 842.763223 1330.793609 1433.430016
v 940.975139 1486.882417 994.449869
v 743.724159 1652.664706 988.748739
v 640.938025 1502.528906 1423.692787
cstype bspline
deg 1
curv 0 5 7471 7472 7473 7474 7475
parm u 0 0 1 2 3 4
end
v 643.288217 1504.605355 1425.126333
v 844.373979 1333.476919 1434.886603
v 942.653445 1489.613171 995.718804
v 746.147414 1654.799183 989.967055
v 643.288217 1504.605355 1425.126333
cstype bspline
deg 1
curv 0 5 7476 7477 7478 7479 7480
parm u 0 0 1 2 3 4
end
v -638.793754 3279.598912 549.832219
v -346.29015 3400.471644 87.087045
v -309.145324 3250.946566 552.557997
v -573.141711 3196.690397 795.846792
v -638.793754 3279.598912 549.832219
cstype bspline
deg 1
curv 0 5 7481 7482 7483 7484 7485
parm u 0 0 1 2 3 4
end
v -638.89775 3276.309623 548.779645
v -346.916615 3397.241402 86.063759
v -309.901667 3247.74517 551.501202
v -573.332637 3193.434763 794.736897
v -638.89775 3276.309623 548.779645
cstype bspline
deg 1
curv 0 5 7486 7487 7488 7489 7490
parm u 0 0 1 2 3 4
end
v -1188.138398 211.476112 2409.77161
v -1051.916212 482.238973 2554.220574
v -1259.218477 601.110889 2463.194219
v -1547.777542 241.020227 2208.993035
v -1188.138398 211.476112 2409.77161
cstype bspline
deg 1
curv 0 5 7491 7492 7493 7494 7495
parm u 0 0 1 2 3 4
end
v -1189.98608 211.101553 2412.655435
v -1053.298991 481.900649 2557.367761
v -1260.470455 600.392575 2466.323162
v -1549.570468 239.949472 2211.744473
v -1189.98608 211.101553 2412.655435
cstype bspline
deg 1
curv 0 5 7496 7497 7498 7499 7500
parm u 0 0 1 2 3 4
end
v 96.249377 -2129.099324 1226.886022
v 345.172581 -1976.339893 1441.124943
v 436.251325 -2073.54464 1133.758941
v 173.244842 -2267.779336 824.672212
v 96.249377 -2129.099324 1226.886022
cstype bspline
deg 1
curv 0 5 7501 7502 7503 7504 7505
parm u 0 0 1 2 3 4
end
v 95.522766 -2125.972174 1225.622625
v 344.29372 -1973.279532 1439.798648
v 435.313792 -2070.456541 1132.541216
v 172.465601 -2264.631097 823.496023
v 95.522766 -2125.972174 1225.622625
cstype bspline
deg 1
curv 0 5 7506 7507 7508 7509 7510
parm u 0 0 1 2 3 4
end
v 2785.69298 -583.71081 566.427957
v 2581.490695 -808.933479 809.24471
v 2481.745719 -711.712762 1192.544707
v 2654.584445 -508.849496 1002.646807
v 2785.69298 -583.71081 566.427957
cstype bspline
deg 1
curv 0 5 7511 7512 7513 7514 7515
parm u 0 0 1 2 3 4
end
v 2782.630677 -582.610204 565.306176
v 2578.738546 -807.13955 808.164711
v 2478.931456 -710.141456 1191.332424
v 2651.506126 -507.834856 1001.442242
v 2782.630677 -582.610204 565.306176
cstype bspline
deg 1
curv 0 5 7516 7517 7518 7519 7520
parm u 0 0 1 2 3 4
end
v -1898.660383 217.898369 2064.040844
v -1979.853209 532.619454 2186.252856
v -1722.371318 564.33001 2369.157545
v -1585.487973 218.781566 2265.628591
v -1898.660383 217.898369 2064.040844
cstype bspline
deg 1
curv 0 5 7521 7522 7523 7524 7525
parm u 0 0 1 2 3 4
end
v -1896.710907 219.46915 2061.660471
v -1978.15424 534.222498 2183.719657
v -1721.015601 565.705485 2366.292551
v -1583.699163 219.849452 2262.88494
v -1896.710907 219.46915 2061.660471
cstype bspline
deg 1
curv 0 5 7526 7527 7528 7529 7530
parm u 0 0 1 2 3 4
end
v 680.425733 1596.909654 956.943264
v 897.203248 1415.729267 961.371008
v 975.712833 1545.24755 552.696016
v 748.964969 1736.037852 545.380116
v 680.425733 1596.909654 956.943264
cstype bspline
deg 1
curv 0 5 7531 7532 7533 7534 7535
parm u 0 0 1 2 3 4
end
v 682.84677 1599.041435 958.160185
v 898.88379 1418.462707 962.641331
v 977.391686 1548.019963 553.873671
v 751.452137 1738.15998 546.487162
v 682.84677 1599.041435 958.160185
cstype bspline
deg 1
curv 0 5 7536 7537 7538 7539 7540
parm u 0 0 1 2 3 4
end
v 2839.966308 -641.820203 84.349825
v 2579.201737 -847.767455 452.067324
v 2503.769046 -758.872924 778.774356
v 2711.713452 -558.31043 539.458988
v 2839.966308 -641.820203 84.349825
cstype bspline
deg 1
curv 0 5 7541 7542 7543 7544 7545
parm u 0 0 1 2 3 4
end
v 2836.913628 -640.692104 83.228414
v 2576.545435 -845.81546 451.028366
v 2501.028863 -757.084684 777.698724
v 2708.639183 -557.204137 538.33284
v 2836.913628 -640.692104 83.228414
cstype bspline
deg 1
curv 0 5 7546 7547 7548 7549 7550
parm u 0 0 1 2 3 4
end
v -2318.636904 -999.926388 587.178042
v -2263.12278 -1229.188602 532.918272
v -2442.799014 -1271.332633 85.989773
v -2529.84739 -1023.58704 82.356707
v -2318.636904 -999.926388 587.178042
cstype bspline
deg 1
curv 0 5 7551 7552 7553 7554 7555
parm u 0 0 1 2 3 4
end
v -2315.599241 -999.106451 585.752403
v -2260.144815 -1228.030025 531.630473
v -2439.862916 -1270.004891 84.741691
v -2526.834269 -1022.617914 80.994364
v -2315.599241 -999.106451 585.752403
cstype bspline
deg 1
curv 0 5 7556 7557 7558 7559 7560
parm u 0 0 1 2 3 4
end
v -91.391871 -2317.257619 573.392792
v 152.534529 -2184.20503 793.429771
v 220.791713 -2283.003714 474.158512
v -17.680313 -2474.808537 86.223889
v -91.391871 -2317.257619 573.392792
cstype bspline
deg 1
curv 0 5 7561 7562 7563 7564 7565
parm u 0 0 1 2 3 4
end
v -91.876224 -2314.036978 572.251025
v 151.75521 -2181.056526 792.253495
v 219.971432 -2279.853382 473.015772
v -18.156901 -2471.578995 85.108043
v -91.876224 -2314.036978 572.251025
cstype bspline
deg 1
curv 0 5 7566 7567 7568 7569 7570
parm u 0 0 1 2 3 4
end
v 193.762978 -1588.154263 2088.898508
v 305.371871 -1449.208775 2271.572435
v 719.89775 -1453.085903 2038.931709
v 451.174605 -1648.339635 1843.186447
v 193.762978 -1588.154263 2088.898508
cstype bspline
deg 1
curv 0 5 7571 7572 7573 7574 7575
parm u 0 0 1 2 3 4
end
v 193.036519 -1585.244446 2087.19363
v 304.627619 -1446.354924 2269.782682
v 718.843174 -1450.234678 2037.301659
v 450.260433 -1645.395931 1841.638286
v 193.036519 -1585.244446 2087.19363
cstype bspline
deg 1
curv 0 5 7576 7577 7578 7579 7580
parm u 0 0 1 2 3 4
end
v -636.035798 3365.396051 577.294613
v -329.946551 3484.717475 113.777092
v -289.375633 3334.444878 580.129943
v -568.167256 3281.625679 824.796878
v -636.035798 3365.396051 577.294613
cstype bspline
deg 1
curv 0 5 7581 7582 7583 7584 7585
parm u 0 0 1 2 3 4
end
v -636.139789 3362.106861 576.242067
v -330.573025 3481.487137 112.753767
v -290.131971 3331.243581 579.073175
v -568.358178 3278.369945 823.686955
v -636.139789 3362.106861 576.242067
cstype bspline
deg 1
curv 0 5 7586 7587 7588 7589 7590
parm u 0 0 1 2 3 4
end
v -2358.269045 -1010.613554 605.771217
v -2301.959388 -1244.317839 549.717189
v -2481.083499 -1288.646756 102.267158
v -2569.135164 -1036.237765 100.12827
v -2358.269045 -1010.613554 605.771217
cstype bspline
deg 1
curv 0 5 7591 7592 7593 7594 7595
parm u 0 0 1 2 3 4
end
v -2355.229806 -1009.795669 604.345744
v -2298.983002 -1243.159169 548.429279
v -2478.149721 -1287.321062 101.019265
v -2566.123623 -1035.266585 98.765765
v -2355.229806 -1009.795669 604.345744
cstype bspline
deg 1
curv 0 5 7596 7597 7598 7599 7600
parm u 0 0 1 2 3 4
end
v -169.812116 -2157.604014 1040.683099
v 77.657901 -2048.897684 1194.467562
v 152.55702 -2184.275892 793.447986
v -91.414365 -2317.186753 573.374591
v -169.812116 -2157.604014 1040.683099
cstype bspline
deg 1
curv 0 5 7601 7602 7603 7604 7605
parm u 0 0 1 2 3 4
end
v -170.29263 -2154.410448 1039.467812
v 76.931379 -2045.770949 1193.204306
v 151.777679 -2181.127251 792.27163
v -91.898694 -2313.966255 572.232886
v -170.29263 -2154.410448 1039.467812
cstype bspline
deg 1
curv 0 5 7606 7607 7608 7609 7610
parm u 0 0 1 2 3 4
end
v -78.781496 -2401.249545 603.18067
v 172.871424 -2266.32443 824.112904
v 242.159919 -2365.195831 503.971415
v -5.247716 -2559.053921 115.329748
v -78.781496 -2401.249545 603.18067
cstype bspline
deg 1
curv 0 5 7611 7612 7613 7614 7615
parm u 0 0 1 2 3 4
end
v -79.265891 -2398.029695 602.038842
v 172.092141 -2263.17612 822.936671
v 241.33959 -2362.045315 502.828613
v -5.724259 -2555.824553 114.213994
v -79.265891 -2398.029695 602.038842
cstype bspline
deg 1
curv 0 5 7616 7617 7618 7619 7620
parm u 0 0 1 2 3 4
end
v 579.642099 1448.356823 1386.295697
v 800.738841 1260.795764 1395.432092
v 897.144049 1415.657606 961.344832
v 680.484936 1596.981317 956.969431
v 579.642099 1448.356823 1386.295697
cstype bspline
deg 1
curv 0 5 7621 7622 7623 7624 7625
parm u 0 0 1 2 3 4
end
v 581.992289 1450.433285 1387.729246
v 802.349595 1263.479065 1396.888676
v 898.822363 1418.388365 962.613768
v 682.908191 1599.115782 958.187748
v 581.992289 1450.433285 1387.729246
cstype bspline
deg 1
curv 0 5 7626 7627 7628 7629 7630
parm u 0 0 1 2 3 4
end
v -1545.201054 241.205646 2204.78331
v -1680.615283 605.642263 2283.69447
v -1407.40613 788.885328 2481.073593
v -1264.839883 599.136403 2473.284317
v -1545.201054 241.205646 2204.78331
cstype bspline
deg 1
curv 0 5 7631 7632 7633 7634 7635
parm u 0 0 1 2 3 4
end
v -1543.407373 242.278394 2202.029294
v -1679.264424 607.012877 2280.839849
v -1406.460103 789.844788 2477.889643
v -1263.588646 599.852719 2470.157961
v -1543.407373 242.278394 2202.029294
cstype bspline
deg 1
curv 0 5 7636 7637 7638 7639 7640
parm u 0 0 1 2 3 4
end
v -1590.187413 214.279734 2273.87349
v -1296.205074 581.140429 2551.717089
v -1431.134677 764.834431 2560.954794
v -1714.527354 571.275202 2355.303999
v -1590.187413 214.279734 2273.87349
cstype bspline
deg 1
curv 0 5 7641 7642 7643 7644 7645
parm u 0 0 1 2 3 4
end
v -1591.981044 213.206995 2276.627429
v -1297.456369 580.424106 2554.843519
v -1432.080655 763.874982 2564.138666
v -1715.878248 569.904578 2358.158704
v -1591.981044 213.206995 2276.627429
cstype bspline
deg 1
curv 0 5 7646 7647 7648 7649 7650
parm u 0 0 1 2 3 4
end
v 212.751259 -1664.052729 2133.382116
v 324.768351 -1523.667723 2318.256324
v 747.448528 -1527.464842 2081.462186
v 475.014449 -1725.157959 1883.565279
v 212.751259 -1664.052729 2133.382116
cstype bspline
deg 1
curv 0 5 7651 7652 7653 7654 7655
parm u 0 0 1 2 3 4
end
v 212.024812 -1661.14293 2131.677221
v 324.024107 -1520.813856 2316.466572
v 746.393935 -1524.613632 2079.832019
v 474.100274 -1722.214248 1882.017109
v 212.024812 -1661.14293 2131.677221
cstype bspline
deg 1
curv 0 5 7656 7657 7658 7659 7660
parm u 0 0 1 2 3 4
end
v -2397.899612 -1021.302771 624.364556
v -2340.797573 -1259.446985 566.515993
v -2519.370311 -1305.962935 118.544714
v -2608.424523 -1048.886438 117.899653
v -2397.899612 -1021.302771 624.364556
cstype bspline
deg 1
curv 0 5 7661 7662 7663 7664 7665
parm u 0 0 1 2 3 4
end
v -2394.86195 -1020.482834 622.938918
v -2337.819609 -1258.288406 565.228196
v -2516.434212 -1304.635177 117.296647
v -2605.411405 -1047.91731 116.537302
v -2394.86195 -1020.482834 622.938918
cstype bspline
deg 1
curv 0 5 7666 7667 7668 7669 7670
parm u 0 0 1 2 3 4
end
v -157.295809 -2240.905753 1072.385274
v 96.598623 -2130.474863 1227.424049
v 172.895595 -2266.403806 824.134161
v -78.80567 -2401.17017 603.159412
v -157.295809 -2240.905753 1072.385274
cstype bspline
deg 1
curv 0 5 7671 7672 7673 7674 7675
parm u 0 0 1 2 3 4
end
v -157.776284 -2237.712374 1071.170052
v 95.872074 -2127.347922 1226.160771
v 172.116286 -2263.25535 822.957881
v -79.290039 -2397.950463 602.01764
v -157.776284 -2237.712374 1071.170052
cstype bspline
deg 1
curv 0 5 7676 7677 7678 7679 7680
parm u 0 0 1 2 3 4
end
v 2919.629592 -671.277313 113.607423
v 2648.505254 -898.683386 479.168078
v 2575.252628 -805.482392 806.837775
v 2791.931033 -587.1619 568.834924
v 2919.629592 -671.277313 113.607423
cstype bspline
deg 1
curv 0 5 7681 7682 7683 7684 7685
parm u 0 0 1 2 3 4
end
v 2916.57695 -670.149307 112.486011
v 2645.848915 -896.731309 478.1291
v 2572.512502 -803.694226 805.762119
v 2788.856721 -586.055534 567.70876
v 2916.57695 -670.149307 112.486011
cstype bspline
deg 1
curv 0 5 7686 7687 7688 7689 7690
parm u 0 0 1 2 3 4
end
v -344.502601 3406.985707 89.208847
v -18.530526 3302.254774 85.020555
v -58.002596 3177.413439 503.856636
v -310.932863 3244.432511 550.43617
v -344.502601 3406.985707 89.208847
cstype bspline
deg 1
curv 0 5 7691 7692 7693 7694 7695
parm u 0 0 1 2 3 4
end
v -345.132498 3403.744695 88.182113
v -20.101807 3299.380554 83.961406
v -59.612972 3174.53181 502.830645
v -311.685779 3241.241881 549.382835
v -345.132498 3403.744695 88.182113
cstype bspline
deg 1
curv 0 5 7696 7697 7698 7699 7700
parm u 0 0 1 2 3 4
end
v 2768.529562 -304.743055 514.358594
v 2908.82208 -297.563342 88.389245
v 2841.115505 -643.801636 85.010114
v 2710.564267 -556.32897 538.798701
v 2768.529562 -304.743055 514.358594
cstype bspline
deg 1
curv 0 5 7701 7702 7703 7704 7705
parm u 0 0 1 2 3 4
end
v 2765.267044 -304.42553 513.293089
v 2905.531864 -297.343756 87.365655
v 2838.060016 -642.671613 83.887591
v 2707.492799 -555.22461 537.673665
v 2765.267044 -304.42553 513.293089
cstype bspline
deg 1
curv 0 5 7706 7707 7708 7709 7710
parm u 0 0 1 2 3 4
end
v -336.286566 3449.250769 102.599293
v 1.974141 3339.741666 98.8373
v -36.983834 3214.996868 517.236973
v -301.090306 3286.038542 564.176698
v -336.286566 3449.250769 102.599293
cstype bspline
deg 1
curv 0 5 7711 7712 7713 7714 7715
parm u 0 0 1 2 3 4
end
v -336.918046 3446.010795 101.572902
v 0.402509 3336.868354 97.777798
v -38.595779 3212.116264 516.211388
v -301.845545 3282.848823 563.12309
v -336.918046 3446.010795 101.572902
cstype bspline
deg 1
curv 0 5 7716 7717 7718 7719 7720
parm u 0 0 1 2 3 4
end
v 2811.08855 -308.867881 528.257101
v 2951.743567 -300.413126 101.739208
v 2880.983083 -658.555374 99.652977
v 2750.638094 -570.729532 553.472634
v 2811.08855 -308.867881 528.257101
cstype bspline
deg 1
curv 0 5 7721 7722 7723 7724 7725
parm u 0 0 1 2 3 4
end
v 2807.825189 -308.552129 527.191386
v 2948.452239 -300.193714 100.7159
v 2877.926749 -657.423221 98.530185
v 2747.565517 -569.627317 552.347799
v 2807.825189 -308.552129 527.191386
cstype bspline
deg 1
curv 0 5 7726 7727 7728 7729 7730
parm u 0 0 1 2 3 4
end
v -438.837605 -2199.131835 1001.68434
v -169.634964 -2159.000732 1041.182849
v -91.591499 -2315.790038 572.874828
v -411.20333 -2357.215578 543.69865
v -438.837605 -2199.131835 1001.68434
cstype bspline
deg 1
curv 0 5 7731 7732 7733 7734 7735
parm u 0 0 1 2 3 4
end
v -438.970288 -2195.889138 1000.517667
v -170.115564 -2155.80593 1039.967134
v -92.075769 -2312.570778 571.733552
v -411.275726 -2353.9407 542.612142
v -438.970288 -2195.889138 1000.517667
cstype bspline
deg 1
curv 0 5 7736 7737 7738 7739 7740
parm u 0 0 1 2 3 4
end
v 814.354919 1792.018532 574.545962
v 1019.000638 1616.946554 583.132256
v 1117.110774 1751.538062 115.357374
v 863.123683 1964.764919 113.459778
v 814.354919 1792.018532 574.545962
cstype bspline
deg 1
curv 0 5 7741 7742 7743 7744 7745
parm u 0 0 1 2 3 4
end
v 816.839993 1794.138207 575.651845
v 1020.681568 1619.721416 584.31111
v 1118.765768 1754.337427 116.504828
v 865.673759 1966.832744 114.527056
v 816.839993 1794.138207 575.651845
cstype bspline
deg 1
curv 0 5 7746 7747 7748 7749 7750
parm u 0 0 1 2 3 4
end
v -2510.584047 -697.74576 542.135007
v -2614.648292 -1050.695396 120.81137
v -2385.625061 -1017.704749 618.664854
v -2352.663915 -729.937585 853.706188
v -2510.584047 -697.74576 542.135007
cstype bspline
deg 1
curv 0 5 7751 7752 7753 7754 7755
parm u 0 0 1 2 3 4
end
v -2513.512118 -698.755736 543.656821
v -2617.665527 -1051.665906 122.175448
v -2388.658608 -1018.5233 620.088763
v -2355.616704 -730.767471 855.285985
v -2513.512118 -698.755736 543.656821
cstype bspline
deg 1
curv 0 5 7756 7757 7758 7759 7760
parm u 0 0 1 2 3 4
end
v -2434.212229 -671.44416 502.441308
v -2535.961514 -1025.360295 85.222418
v -2306.471994 -996.364071 581.524354
v -2275.647061 -708.266549 812.489688
v -2434.212229 -671.44416 502.441308
cstype bspline
deg 1
curv 0 5 7761 7762 7763 7764 7765
parm u 0 0 1 2 3 4
end
v -2437.140305 -672.454102 503.963062
v -2538.978759 -1026.330808 86.586482
v -2309.505542 -997.182618 582.948255
v -2278.599843 -709.096441 814.069506
v -2437.140305 -672.454102 503.963062
cstype bspline
deg 1
curv 0 5 7766 7767 7768 7769 7770
parm u 0 0 1 2 3 4
end
v -291.249124 3327.646913 577.917492
v -328.073062 3491.515443 115.989536
v 22.479388 3377.230895 112.65425
v -15.967595 3252.579897 530.617174
v -291.249124 3327.646913 577.917492
cstype bspline
deg 1
curv 0 5 7771 7772 7773 7774 7775
parm u 0 0 1 2 3 4
end
v -292.002172 3324.456082 576.864071
v -328.702826 3488.274634 114.962883
v 20.907981 3374.356474 111.595003
v -17.577825 3249.698461 529.591311
v -292.002172 3324.456082 576.864071
cstype bspline
deg 1
curv 0 5 7776 7777 7778 7779 7780
parm u 0 0 1 2 3 4
end
v 2853.647252 -312.994729 542.155621
v 2994.663375 -303.262835 115.089261
v 2920.850381 -673.307218 114.295774
v 2790.710253 -585.131973 568.146566
v 2853.647252 -312.994729 542.155621
cstype bspline
deg 1
curv 0 5 7781 7782 7783 7784 7785
parm u 0 0 1 2 3 4
end
v 2850.384651 -312.677167 541.090086
v 2991.373241 -303.043292 114.065697
v 2917.794807 -672.177168 113.173225
v 2787.638868 -584.027668 567.021548
v 2850.384651 -312.677167 541.090086
cstype bspline
deg 1
curv 0 5 7786 7787 7788 7789 7790
parm u 0 0 1 2 3 4
end
v -435.359772 -2283.725611 1032.122314
v -157.116711 -2242.328832 1072.894042
v -78.984768 -2399.747095 602.650636
v -409.312023 -2442.649147 572.038686
v -435.359772 -2283.725611 1032.122314
cstype bspline
deg 1
curv 0 5 7791 7792 7793 7794 7795
parm u 0 0 1 2 3 4
end
v -435.492468 -2280.482725 1030.955513
v -157.597285 -2239.134217 1071.678399
v -79.469042 -2396.528622 601.509292
v -409.384398 -2439.374454 570.952258
v -435.492468 -2280.482725 1030.955513
cstype bspline
deg 1
curv 0 5 7796 7797 7798 7799 7800
parm u 0 0 1 2 3 4
end
v 781.947268 1764.368509 560.119889
v 997.070387 1580.756739 567.75731
v 1095.541024 1715.018898 100.389453
v 829.869216 1937.7958 99.539958
v 781.947268 1764.368509 560.119889
cstype bspline
deg 1
curv 0 5 7801 7802 7803 7804 7805
parm u 0 0 1 2 3 4
end
v 784.430415 1766.4882 561.225771
v 998.751312 1583.531572 568.936096
v 1097.196033 1717.81828 101.536928
v 832.417336 1939.863598 100.607228
v 784.430415 1766.4882 561.225771
cstype bspline
deg 1
curv 0 5 7806 7807 7808 7809 7810
parm u 0 0 1 2 3 4
end
v 749.53788 1736.718798 545.693959
v 975.13993 1544.566609 552.38215
v 1073.971481 1678.500044 85.421699
v 796.612596 1910.82637 85.619975
v 749.53788 1736.718798 545.693959
cstype bspline
deg 1
curv 0 5 7811 7812 7813 7814 7815
parm u 0 0 1 2 3 4
end
v 752.022929 1738.838432 546.799812
v 976.8209 1547.341504 553.561025
v 1075.626452 1681.299368 86.569121
v 799.162698 1912.894232 86.687288
v 752.022929 1738.838432 546.799812
cstype bspline
deg 1
curv 0 5 7816 7817 7818 7819 7820
parm u 0 0 1 2 3 4
end
v 230.88197 355.977348 2848.169788
v 234.643956 118.862547 2939.460367
v 13.063966 0.00631 2972.069577
v -202.356062 116.822357 2914.526154
v -184.937291 331.523645 2833.090485
v 37.997574 487.001586 2786.495634
v 230.88197 355.977348 2848.169788
cstype bspline
deg 1
curv 0 7 7821 7822 7823 7824 7825 7826 7827
parm u 0 0 1 2 3 4 5 6
end
v 230.421065 354.371244 2845.107299
v 234.533357 117.459566 2936.337342
v 13.647598 -1.014199 2968.835088
v -201.473867 116.031466 2911.218911
v -184.514436 330.556312 2829.827174
v 37.793735 485.567197 2783.380769
v 230.421065 354.371244 2845.107299
cstype bspline
deg 1
curv 0 7 7828 7829 7830 7831 7832 7833 7834
parm u 0 0 1 2 3 4 5 6
end
v 242.904264 397.871363 2928.049291
v 237.530223 155.437462 3020.933672
v -2.159785 26.672108 3056.450102
v -225.328557 137.491908 3000.827649
v -195.935038 356.794433 2918.236951
v 43.313611 524.451915 2867.743622
v 242.904264 397.871363 2928.049291
cstype bspline
deg 1
curv 0 7 7835 7836 7837 7838 7839 7840 7841
parm u 0 0 1 2 3 4 5 6
end
v 242.443275 396.265479 2924.987434
v 237.419647 154.034536 3017.81072
v -1.576089 25.651254 3053.214713
v -224.44637 136.700436 2997.519105
v -195.512132 355.826836 2914.972934
v 43.109764 523.017642 2864.629046
v 242.443275 396.265479 2924.987434
cstype bspline
deg 1
curv 0 7 7842 7843 7844 7845 7846 7847 7848
parm u 0 0 1 2 3 4 5 6
end
v -411.452441 -2354.307837 542.71984
v -91.342399 -2318.697778 573.853645
v -17.729795 -2473.368384 85.763024
v -429.264276 -2505.464383 87.351111
v -411.452441 -2354.307837 542.71984
cstype bspline
deg 1
curv 0 5 7849 7850 7851 7852 7853
parm u 0 0 1 2 3 4
end
v -411.524631 -2351.035367 541.63415
v -91.826851 -2315.476106 572.711554
v -18.206262 -2470.139857 84.647536
v -429.260443 -2502.179231 86.293043
v -411.524631 -2351.035367 541.63415
cstype bspline
deg 1
curv 0 5 7854 7855 7856 7857 7858
parm u 0 0 1 2 3 4
end
v -410.508715 -2396.990192 556.878358
v -85.036129 -2360.709758 588.753052
v -11.514563 -2515.474563 100.310535
v -429.31151 -2548.316206 101.154485
v -410.508715 -2396.990192 556.878358
cstype bspline
deg 1
curv 0 5 7859 7860 7861 7862 7863
parm u 0 0 1 2 3 4
end
v -410.582793 -2393.718612 555.793025
v -85.520644 -2357.48915 587.610602
v -11.991007 -2512.245955 99.195335
v -429.307756 -2545.031143 100.09612
v -410.582793 -2393.718612 555.793025
cstype bspline
deg 1
curv 0 5 7864 7865 7866 7867 7868
parm u 0 0 1 2 3 4
end
v -409.566875 -2439.673435 571.037234
v -78.72991 -2402.722804 603.652098
v -5.299305 -2557.580666 114.858312
v -429.358826 -2591.168121 114.957558
v -409.566875 -2439.673435 571.037234
cstype bspline
deg 1
curv 0 5 7869 7870 7871 7872 7873
parm u 0 0 1 2 3 4
end
v -409.639048 -2436.401202 569.951623
v -79.214389 -2399.501873 602.509926
v -5.77577 -2554.352371 113.742924
v -429.355014 -2587.882734 113.899408
v -409.639048 -2436.401202 569.951623
cstype bspline
deg 1
curv 0 5 7874 7875 7876 7877 7878
parm u 0 0 1 2 3 4
end
v 430.926309 -532.307401 3198.510641
v 407.792977 -501.698416 3030.939734
v 460.82994 -606.054658 3004.555916
v 483.963271 -636.663643 3172.126823
v 430.926309 -532.307401 3198.510641
cstype bspline
deg 1
curv 0 5 7879 7880 7881 7882 7883
parm u 0 0 1 2 3 4
end
v 433.98585 -530.719014 3198.378399
v 410.852158 -500.110216 3030.807508
v 463.889205 -604.466414 3004.423686
v 487.022897 -635.075212 3171.994578
v 433.98585 -530.719014 3198.378399
cstype bspline
deg 1
curv 0 5 7884 7885 7886 7887 7888
parm u 0 0 1 2 3 4
end
v 540.127225 -753.247904 3120.06749
v 499.644753 -676.984159 2972.104735
v 546.843761 -769.260281 2911.629684
v 587.326232 -845.524027 3059.592439
v 540.127225 -753.247904 3120.06749
cstype bspline
deg 1
curv 0 5 7889 7890 7891 7892 7893
parm u 0 0 1 2 3 4
end
v 537.062087 -754.830651 3120.090321
v 496.579615 -678.566906 2972.127566
v 543.777997 -770.843352 2911.65252
v 584.26047 -847.107096 3059.615274
v 537.062087 -754.830651 3120.090321
cstype bspline
deg 1
curv 0 5 7894 7895 7896 7897 7898
parm u 0 0 1 2 3 4
end
v 374.498704 -407.276196 3208.48252
v 368.962535 -421.638766 3038.393342
v 311.173732 -316.70234 3031.413308
v 316.709901 -302.339771 3201.502487
v 374.498704 -407.276196 3208.48252
cstype bspline
deg 1
curv 0 5 7899 7900 7901 7902 7903
parm u 0 0 1 2 3 4
end
v 377.520245 -405.628025 3208.244996
v 371.983948 -419.990665 3038.155828
v 314.195181 -315.054219 3031.175792
v 319.731478 -300.69158 3201.26496
v 377.520245 -405.628025 3208.244996
cstype bspline
deg 1
curv 0 5 7904 7905 7906 7907 7908
parm u 0 0 1 2 3 4
end
v 781.266854 -797.807655 3008.644648
v 719.694914 -715.482318 2873.197318
v 616.215698 -776.480157 2883.162434
v 677.787638 -858.805494 3018.609764
v 781.266854 -797.807655 3008.644648
cstype bspline
deg 1
curv 0 5 7909 7910 7911 7912 7913
parm u 0 0 1 2 3 4
end
v 782.519506 -800.27025 3006.578448
v 720.947669 -717.945113 2871.13095
v 617.468504 -778.943053 2881.095982
v 679.040341 -861.26819 3016.54348
v 782.519506 -800.27025 3006.578448
cstype bspline
deg 1
curv 0 5 7914 7915 7916 7917 7918
parm u 0 0 1 2 3 4
end
v 258.489094 -173.965329 3173.50615
v 265.823761 -220.029384 3011.394148
v 207.972402 -119.340016 2980.165855
v 200.637735 -73.275961 3142.277857
v 258.489094 -173.965329 3173.50615
cstype bspline
deg 1
curv 0 5 7919 7920 7921 7922 7923
parm u 0 0 1 2 3 4
end
v 261.509403 -172.331617 3173.178587
v 268.844215 -218.395593 3011.066569
v 210.993432 -117.705914 2979.838214
v 203.65862 -71.641937 3141.950232
v 261.509403 -172.331617 3173.178587
cstype bspline
deg 1
curv 0 5 7924 7925 7926 7927 7928
parm u 0 0 1 2 3 4
end
v -857.22635 308.692895 2570.151211
v -927.520775 312.340376 2724.860512
v -841.122176 388.159113 2762.329445
v -770.827752 384.511632 2607.620144
v -857.22635 308.692895 2570.151211
cstype bspline
deg 1
curv 0 5 7929 7930 7931 7932 7933
parm u 0 0 1 2 3 4
end
v -855.280038 306.006658 2571.098878
v -925.574443 309.654112 2725.808188
v -839.175774 385.472751 2763.277155
v -768.881369 381.825297 2608.567845
v -855.280038 306.006658 2571.098878
cstype bspline
deg 1
curv 0 5 7934 7935 7936 7937 7938
parm u 0 0 1 2 3 4
end
v -527.21294 122.897998 2729.394424
v -585.491078 141.786515 2888.171734
v -504.054945 227.698661 2907.842008
v -445.776807 208.810143 2749.064698
v -527.21294 122.897998 2729.394424
cstype bspline
deg 1
curv 0 5 7939 7940 7941 7942 7943
parm u 0 0 1 2 3 4
end
v -524.97112 120.519801 2730.500185
v -583.249248 139.408308 2889.277499
v -501.813079 225.320416 2908.94779
v -443.534951 206.431909 2750.170476
v -524.97112 120.519801 2730.500185
cstype bspline
deg 1
curv 0 5 7944 7945 7946 7947 7948
parm u 0 0 1 2 3 4
end
v 408.80277 -1034.960674 2963.089247
v 384.761272 -918.884748 2840.660367
v 416.340354 -1000.430924 2757.144483
v 440.381852 -1116.506849 2879.573363
v 408.80277 -1034.960674 2963.089247
cstype bspline
deg 1
curv 0 5 7949 7950 7951 7952 7953
parm u 0 0 1 2 3 4
end
v 412.096476 -1033.977463 2963.374668
v 388.055588 -917.901356 2840.94584
v 419.635223 -999.447366 2757.430004
v 443.67611 -1115.523474 2879.858831
v 412.096476 -1033.977463 2963.374668
cstype bspline
deg 1
curv 0 5 7954 7955 7956 7957 7958
parm u 0 0 1 2 3 4
end
v -572.455336 372.783355 2865.304881
v -529.243931 342.67075 2702.276398
v -457.958024 440.270592 2703.1436
v -501.169429 470.383196 2866.172083
v -572.455336 372.783355 2865.304881
cstype bspline
deg 1
curv 0 5 7959 7960 7961 7962 7963
parm u 0 0 1 2 3 4
end
v -569.808509 370.840719 2866.365249
v -526.597251 340.728222 2703.336707
v -455.31136 438.328075 2704.203904
v -498.522618 468.440572 2867.232445
v -569.808509 370.840719 2866.365249
cstype bspline
deg 1
curv 0 5 7964 7965 7966 7967 7968
parm u 0 0 1 2 3 4
end
v 108.762841 -700.520576 3152.134589
v 135.303901 -658.343436 2990.41593
v 158.038403 -545.039828 3023.697309
v 131.497342 -587.216968 3185.415968
v 108.762841 -700.520576 3152.134589
cstype bspline
deg 1
curv 0 5 7969 7970 7971 7972 7973
parm u 0 0 1 2 3 4
end
v 112.107012 -701.293586 3152.481828
v 138.648221 -659.11648 2990.763184
v 161.382754 -545.812879 3024.044566
v 134.841546 -587.989985 3185.763211
v 112.107012 -701.293586 3152.481828
cstype bspline
deg 1
curv 0 5 7974 7975 7976 7977 7978
parm u 0 0 1 2 3 4
end
v 875.917132 -764.945646 2974.845482
v 794.490763 -707.486441 2838.276978
v 820.263312 -594.490091 2870.452152
v 901.68968 -651.949296 3007.020656
v 875.917132 -764.945646 2974.845482
cstype bspline
deg 1
curv 0 5 7979 7980 7981 7982 7983
parm u 0 0 1 2 3 4
end
v 872.985232 -764.792981 2976.657802
v 791.558884 -707.333777 2840.089286
v 817.331373 -594.337424 2872.264497
v 898.757722 -651.796628 3008.833013
v 872.985232 -764.792981 2976.657802
cstype bspline
deg 1
curv 0 5 7984 7985 7986 7987 7988
parm u 0 0 1 2 3 4
end
v 650.863004 -573.888806 3146.580669
v 603.051064 -530.497984 2989.908845
v 567.660836 -643.409248 2969.437793
v 615.472777 -686.800071 3126.109616
v 650.863004 -573.888806 3146.580669
cstype bspline
deg 1
curv 0 5 7989 7990 7991 7992 7993
parm u 0 0 1 2 3 4
end
v 647.71337 -573.114714 3147.756237
v 599.90151 -529.723911 2991.084383
v 564.510603 -642.635009 2970.613584
v 612.322463 -686.025812 3127.285437
v 647.71337 -573.114714 3147.756237
cstype bspline
deg 1
curv 0 5 7994 7995 7996 7997 7998
parm u 0 0 1 2 3 4
end
v 271.082734 -590.306517 3197.946166
v 271.794902 -572.079941 3029.673097
v 299.247176 -455.808396 3042.383287
v 298.535008 -474.034971 3210.656356
v 271.082734 -590.306517 3197.946166
cstype bspline
deg 1
curv 0 5 7999 8000 8001 8002 8003
parm u 0 0 1 2 3 4
end
v 274.441446 -591.091788 3197.875309
v 275.152935 -572.865053 3029.602255
v 302.605477 -456.59357 3042.31244
v 301.893988 -474.820305 3210.585494
v 274.441446 -591.091788 3197.875309
cstype bspline
deg 1
curv 0 5 8004 8005 8006 8007 8008
parm u 0 0 1 2 3 4
end
v 923.452271 -599.975025 2801.339168
v 1012.343429 -661.399991 2933.409249
v 984.704839 -774.341684 2899.48322
v 895.813681 -712.916718 2767.413139
v 923.452271 -599.975025 2801.339168
cstype bspline
deg 1
curv 0 5 8009 8010 8011 8012 8013
parm u 0 0 1 2 3 4
end
v 926.28988 -600.080937 2799.380019
v 1015.181283 -661.505912 2931.44993
v 987.542583 -774.447601 2897.523978
v 898.65118 -713.022626 2765.454066
v 926.28988 -600.080937 2799.380019
cstype bspline
deg 1
curv 0 5 8014 8015 8016 8017 8018
parm u 0 0 1 2 3 4
end
v -1608.398063 -1328.418967 1657.490163
v -1730.660798 -1397.172747 1753.949139
v -1684.77605 -1506.608961 1734.104861
v -1562.513315 -1437.85518 1637.645884
v -1608.398063 -1328.418967 1657.490163
cstype bspline
deg 1
curv 0 5 8019 8020 8021 8022 8023
parm u 0 0 1 2 3 4
end
v -1606.390144 -1328.08212 1660.275311
v -1728.652792 -1396.835886 1756.734409
v -1682.768097 -1506.272109 1736.890057
v -1560.50545 -1437.518342 1640.430959
v -1606.390144 -1328.08212 1660.275311
cstype bspline
deg 1
curv 0 5 8024 8025 8026 8027 8028
parm u 0 0 1 2 3 4
end
v 407.324206 -701.930163 3162.963743
v 390.250459 -638.210426 3007.343527
v 354.749959 -745.632669 2967.25368
v 371.823706 -809.352407 3122.873896
v 407.324206 -701.930163 3162.963743
cstype bspline
deg 1
curv 0 5 8029 8030 8031 8032 8033
parm u 0 0 1 2 3 4
end
v 410.601191 -702.753177 3162.26722
v 393.527351 -639.033416 3006.647024
v 358.02718 -746.455742 2966.557107
v 375.10102 -810.175503 3122.177303
v 410.601191 -702.753177 3162.26722
cstype bspline
deg 1
curv 0 5 8034 8035 8036 8037 8038
parm u 0 0 1 2 3 4
end
v 135.240734 -538.214502 3194.646735
v 158.327107 -528.808297 3026.244451
v 187.521505 -412.350386 3036.751552
v 164.435132 -421.756591 3205.153836
v 135.240734 -538.214502 3194.646735
cstype bspline
deg 1
curv 0 5 8039 8040 8041 8042 8043
parm u 0 0 1 2 3 4
end
v 138.555215 -539.082036 3195.052645
v 161.64076 -529.675614 3026.65026
v 190.835726 -413.217852 3037.15743
v 167.750181 -422.624274 3205.559815
v 138.555215 -539.082036 3195.052645
cstype bspline
deg 1
curv 0 5 8044 8045 8046 8047 8048
parm u 0 0 1 2 3 4
end
v -308.652563 481.932398 2898.521284
v -294.36991 430.042393 2737.02079
v -182.829946 474.795379 2732.505968
v -197.1126 526.685384 2894.006462
v -308.652563 481.932398 2898.521284
cstype bspline
deg 1
curv 0 5 8049 8050 8051 8052 8053
parm u 0 0 1 2 3 4
end
v -307.395395 478.908308 2899.604111
v -293.11259 427.01794 2738.103748
v -181.572492 471.770603 2733.589041
v -195.855297 523.660972 2895.089405
v -307.395395 478.908308 2899.604111
cstype bspline
deg 1
curv 0 5 8054 8055 8056 8057 8058
parm u 0 0 1 2 3 4
end
v 747.689635 -736.93922 3059.089574
v 678.902405 -684.669804 2912.552723
v 716.72276 -572.94768 2934.650187
v 785.50999 -625.217097 3081.187038
v 747.689635 -736.93922 3059.089574
cstype bspline
deg 1
curv 0 5 8059 8060 8061 8062 8063
parm u 0 0 1 2 3 4
end
v 744.727184 -736.259377 3060.722697
v 675.940244 -683.990027 2914.185686
v 713.760726 -572.267932 2936.28308
v 782.547666 -624.537282 3082.820091
v 744.727184 -736.259377 3060.722697
cstype bspline
deg 1
curv 0 5 8064 8065 8066 8067 8068
parm u 0 0 1 2 3 4
end
v 503.756449 -463.555679 3193.977638
v 473.022443 -466.207879 3027.37181
v 510.978136 -352.710668 3018.563308
v 541.712142 -350.058469 3185.169136
v 503.756449 -463.555679 3193.977638
cstype bspline
deg 1
curv 0 5 8069 8070 8071 8072 8073
parm u 0 0 1 2 3 4
end
v 500.543675 -462.436652 3194.552482
v 469.809986 -465.088962 3027.946597
v 507.765659 -351.591744 3019.138098
v 538.499349 -348.939435 3185.743984
v 500.543675 -462.436652 3194.552482
cstype bspline
deg 1
curv 0 5 8074 8075 8076 8077 8078
parm u 0 0 1 2 3 4
end
v 47.909468 -502.566978 3003.237374
v 7.354237 -510.847797 3169.504445
v 14.624289 -389.740319 3177.309405
v 55.17952 -381.4595 3011.042334
v 47.909468 -502.566978 3003.237374
cstype bspline
deg 1
curv 0 5 8079 8080 8081 8082 8083
parm u 0 0 1 2 3 4
end
v 51.255081 -502.8196 3004.040844
v 10.699768 -511.100413 3170.307895
v 17.969995 -389.992948 3178.112896
v 58.525308 -381.712135 3011.845845
v 51.255081 -502.8196 3004.040844
cstype bspline
deg 1
curv 0 5 8084 8085 8086 8087 8088
parm u 0 0 1 2 3 4
end
v 790.556796 -588.114308 3086.100836
v 715.88432 -567.836792 2935.917379
v 745.599038 -451.34738 2936.871175
v 820.271514 -471.624897 3087.054631
v 790.556796 -588.114308 3086.100836
cstype bspline
deg 1
curv 0 5 8089 8090 8091 8092 8093
parm u 0 0 1 2 3 4
end
v 787.581707 -587.368338 3087.680793
v 712.909294 -567.090838 2937.497303
v 742.624166 -450.601465 2938.451017
v 817.296579 -470.878965 3088.634507
v 787.581707 -587.368338 3087.680793
cstype bspline
deg 1
curv 0 5 8094 8095 8096 8097 8098
parm u 0 0 1 2 3 4
end
v 847.759486 -478.460287 2875.042114
v 936.081682 -507.230108 3018.285944
v 903.601582 -623.719763 3014.916356
v 815.279386 -594.949942 2871.672525
v 847.759486 -478.460287 2875.042114
cstype bspline
deg 1
curv 0 5 8099 8100 8101 8102 8103
parm u 0 0 1 2 3 4
end
v 850.563186 -479.187793 2873.167289
v 938.884907 -507.957491 3016.411436
v 906.404843 -624.447155 3013.041824
v 818.083121 -595.677457 2869.797677
v 850.563186 -479.187793 2873.167289
cstype bspline
deg 1
curv 0 5 8104 8105 8106 8107 8108
parm u 0 0 1 2 3 4
end
v -1538.401488 -1457.094714 1651.724265
v -1643.879993 -1550.212385 1745.60952
v -1574.060595 -1646.336343 1728.71237
v -1468.58209 -1553.218672 1634.827115
v -1538.401488 -1457.094714 1651.724265
cstype bspline
deg 1
curv 0 5 8109 8110 8111 8112 8113
parm u 0 0 1 2 3 4
end
v -1540.202898 -1457.905953 1648.895817
v -1645.681218 -1551.02354 1742.781363
v -1575.861996 -1647.147578 1725.883936
v -1470.383676 -1554.029991 1631.99839
v -1540.202898 -1457.905953 1648.895817
cstype bspline
deg 1
curv 0 5 8114 8115 8116 8117 8118
parm u 0 0 1 2 3 4
end
v 79.866037 -231.16339 2996.028251
v 43.55131 -211.377712 3162.241914
v 23.518537 -331.730645 3172.191636
v 59.833264 -351.516323 3005.977972
v 79.866037 -231.16339 2996.028251
cstype bspline
deg 1
curv 0 5 8119 8120 8121 8122 8123
parm u 0 0 1 2 3 4
end
v 83.189636 -231.651775 2996.812526
v 46.875281 -211.866151 3163.026277
v 26.842252 -332.219046 3172.975939
v 63.156607 -352.00467 3006.762187
v 83.189636 -231.651775 2996.812526
cstype bspline
deg 1
curv 0 5 8124 8125 8126 8127 8128
parm u 0 0 1 2 3 4
end
v 239.864493 624.054811 2815.532308
v 199.972226 535.438547 2676.677814
v 265.953324 610.443368 2609.854031
v 305.84559 699.059632 2748.708526
v 239.864493 624.054811 2815.532308
cstype bspline
deg 1
curv 0 5 8129 8130 8131 8132 8133
parm u 0 0 1 2 3 4
end
v 237.096973 626.058502 2815.048648
v 197.205032 537.442002 2676.194211
v 263.186709 612.446404 2609.370529
v 303.078649 701.062904 2748.224967
v 237.096973 626.058502 2815.048648
cstype bspline
deg 1
curv 0 5 8134 8135 8136 8137 8138
parm u 0 0 1 2 3 4
end
v -1619.549521 -1301.58601 1655.327805
v -1751.10653 -1341.567287 1754.7104
v -1766.801673 -1225.063719 1780.80305
v -1635.244663 -1185.082443 1681.420455
v -1619.549521 -1301.58601 1655.327805
cstype bspline
deg 1
curv 0 5 8139 8140 8141 8142 8143
parm u 0 0 1 2 3 4
end
v -1617.418158 -1301.902268 1658.021951
v -1748.975144 -1341.883548 1757.404575
v -1764.670319 -1225.379976 1783.497184
v -1633.113333 -1185.398696 1684.11456
v -1617.418158 -1301.902268 1658.021951
cstype bspline
deg 1
curv 0 5 8144 8145 8146 8147 8148
parm u 0 0 1 2 3 4
end
v -881.555199 75.829848 2557.158312
v -964.110113 75.926961 2704.904023
v -886.37684 156.93585 2748.285294
v -803.821925 156.838737 2600.539583
v -881.555199 75.829848 2557.158312
cstype bspline
deg 1
curv 0 5 8149 8150 8151 8152 8153
parm u 0 0 1 2 3 4
end
v -879.528921 73.278328 2558.292184
v -962.08345 73.374955 2706.03811
v -884.350539 154.384301 2749.419179
v -801.79601 154.287673 2601.673252
v -879.528921 73.278328 2558.292184
cstype bspline
deg 1
curv 0 5 8154 8155 8156 8157 8158
parm u 0 0 1 2 3 4
end
v -563.596446 -94.947943 2727.124344
v -635.041169 -83.331765 2879.898214
v -552.590896 -2.376224 2912.300633
v -481.146172 -13.992402 2759.526764
v -563.596446 -94.947943 2727.124344
cstype bspline
deg 1
curv 0 5 8159 8160 8161 8162 8163
parm u 0 0 1 2 3 4
end
v -561.557319 -97.483567 2728.270738
v -633.002022 -85.867413 2881.044619
v -550.5517 -4.911933 2913.447066
v -479.106996 -16.528087 2760.673185
v -561.557319 -97.483567 2728.270738
cstype bspline
deg 1
curv 0 5 8164 8165 8166 8167 8168
parm u 0 0 1 2 3 4
end
v -30.226523 -580.70965 3149.167844
v 13.445345 -542.380734 2989.961424
v -10.390802 -655.067157 2956.293702
v -54.062669 -693.396073 3115.500122
v -30.226523 -580.70965 3149.167844
cstype bspline
deg 1
curv 0 5 8169 8170 8171 8172 8173
parm u 0 0 1 2 3 4
end
v -33.489025 -579.816405 3148.487942
v 10.183461 -541.487659 2989.281651
v -13.652789 -654.174053 2955.613908
v -57.325274 -692.502799 3114.820199
v -33.489025 -579.816405 3148.487942
cstype bspline
deg 1
curv 0 5 8174 8175 8176 8177 8178
parm u 0 0 1 2 3 4
end
v -322.379352 372.482026 2921.48119
v -286.361565 337.287474 2761.413214
v -365.743578 247.119044 2763.376587
v -401.761365 282.313596 2923.444563
v -322.379352 372.482026 2921.48119
cstype bspline
deg 1
curv 0 5 8179 8180 8181 8182 8183
parm u 0 0 1 2 3 4
end
v -324.860772 374.644114 2920.447449
v -288.842985 339.449562 2760.379472
v -368.225324 249.281416 2762.342709
v -404.243111 284.475968 2922.410685
v -324.860772 374.644114 2920.447449
cstype bspline
deg 1
curv 0 5 8184 8185 8186 8187 8188
parm u 0 0 1 2 3 4
end
v 275.65965 -644.12245 3189.51348
v 283.065094 -590.550427 3027.498456
v 245.880789 -698.862958 2989.98411
v 238.475344 -752.434981 3151.999133
v 275.65965 -644.12245 3189.51348
cstype bspline
deg 1
curv 0 5 8189 8190 8191 8192 8193
parm u 0 0 1 2 3 4
end
v 272.38135 -643.06608 3189.71294
v 279.786566 -589.493983 3027.69793
v 242.602419 -697.806565 2990.183574
v 235.197204 -751.378662 3152.198583
v 272.38135 -643.06608 3189.71294
cstype bspline
deg 1
curv 0 5 8194 8195 8196 8197 8198
parm u 0 0 1 2 3 4
end
v 186.536244 -242.362143 3187.410066
v 203.214914 -263.533036 3019.472595
v 183.647244 -382.031661 3032.467664
v 166.968574 -360.860768 3200.405135
v 186.536244 -242.362143 3187.410066
cstype bspline
deg 1
curv 0 5 8199 8200 8201 8202 8203
parm u 0 0 1 2 3 4
end
v 183.148617 -241.846759 3187.008655
v 199.827183 -263.017636 3019.071172
v 180.259308 -381.516229 3032.066216
v 163.580742 -360.345352 3200.0037
v 183.148617 -241.846759 3187.008655
cstype bspline
deg 1
curv 0 5 8204 8205 8206 8207 8208
parm u 0 0 1 2 3 4
end
v -734.251901 461.310743 2794.344689
v -689.372665 440.37543 2632.91894
v -619.785505 539.116369 2639.459695
v -664.664741 560.051682 2800.885443
v -734.251901 461.310743 2794.344689
cstype bspline
deg 1
curv 0 5 8209 8210 8211 8212 8213
parm u 0 0 1 2 3 4
end
v -736.920504 463.257285 2793.350335
v -692.041709 442.322294 2631.924422
v -622.454757 541.063385 2638.465098
v -667.333552 561.998376 2799.891011
v -736.920504 463.257285 2793.350335
cstype bspline
deg 1
curv 0 5 8214 8215 8216 8217 8218
parm u 0 0 1 2 3 4
end
v 2216.490319 -208.734265 1698.089414
v 2356.528786 -200.903889 1792.414653
v 2362.471058 -82.267799 1773.74402
v 2222.432591 -90.098174 1679.418782
v 2216.490319 -208.734265 1698.089414
cstype bspline
deg 1
curv 0 5 8219 8220 8221 8222 8223
parm u 0 0 1 2 3 4
end
v 2214.565895 -208.195265 1700.901731
v 2354.604306 -200.364874 1795.227051
v 2360.54684 -81.728857 1776.556036
v 2220.508429 -89.559248 1682.230715
v 2214.565895 -208.195265 1700.901731
cstype bspline
deg 1
curv 0 5 8224 8225 8226 8227 8228
parm u 0 0 1 2 3 4
end
v -1431.643759 -1569.894847 1654.166805
v -1518.15573 -1681.677892 1746.284187
v -1430.56661 -1762.345417 1730.654627
v -1344.05464 -1650.562372 1638.537244
v -1431.643759 -1569.894847 1654.166805
cstype bspline
deg 1
curv 0 5 8229 8230 8231 8232 8233
parm u 0 0 1 2 3 4
end
v -1433.206354 -1571.038324 1651.311703
v -1519.71832 -1682.821365 1743.429095
v -1432.129315 -1763.488974 1727.799326
v -1345.617349 -1651.705933 1635.681934
v -1433.206354 -1571.038324 1651.311703
cstype bspline
deg 1
curv 0 5 8234 8235 8236 8237 8238
parm u 0 0 1 2 3 4
end
v 196.832277 -891.853413 3076.442422
v 207.634909 -812.343656 2928.387932
v 240.250716 -711.147719 2985.112999
v 229.448083 -790.657476 3133.167489
v 196.832277 -891.853413 3076.442422
cstype bspline
deg 1
curv 0 5 8239 8240 8241 8242 8243
parm u 0 0 1 2 3 4
end
v 200.145809 -892.77845 3076.187421
v 210.948595 -813.268736 2928.132919
v 243.564777 -712.072903 2984.857958
v 232.76199 -791.582617 3132.91246
v 200.145809 -892.77845 3076.187421
cstype bspline
deg 1
curv 0 5 8244 8245 8246 8247 8248
parm u 0 0 1 2 3 4
end
v 411.89673 311.257844 2753.174976
v 445.47367 393.990801 2896.12195
v 341.464682 355.388506 2942.894437
v 307.887743 272.65555 2799.947463
v 411.89673 311.257844 2753.174976
cstype bspline
deg 1
curv 0 5 8249 8250 8251 8252 8253
parm u 0 0 1 2 3 4
end
v 413.492899 308.462922 2754.417673
v 447.069571 391.196348 2897.364438
v 343.060786 352.593697 2944.137083
v 309.484115 269.860271 2801.190318
v 413.492899 308.462922 2754.417673
cstype bspline
deg 1
curv 0 5 8254 8255 8256 8257 8258
parm u 0 0 1 2 3 4
end
v 2203.508471 -236.436123 1715.883922
v 2343.092602 -254.600716 1808.910838
v 2313.236424 -369.107777 1831.350306
v 2173.652294 -350.943184 1738.323389
v 2203.508471 -236.436123 1715.883922
cstype bspline
deg 1
curv 0 5 8259 8260 8261 8262 8263
parm u 0 0 1 2 3 4
end
v 2201.769162 -235.432805 1718.689615
v 2341.353327 -253.597417 1811.716477
v 2311.497196 -368.104505 1834.15587
v 2171.913031 -349.939892 1741.129008
v 2201.769162 -235.432805 1718.689615
cstype bspline
deg 1
curv 0 5 8264 8265 8266 8267 8268
parm u 0 0 1 2 3 4
end
v -613.004748 287.665531 2674.618599
v -675.972969 300.893595 2830.926544
v -756.352486 213.501022 2805.941758
v -693.384264 200.272958 2649.633812
v -613.004748 287.665531 2674.618599
cstype bspline
deg 1
curv 0 5 8269 8270 8271 8272 8273
parm u 0 0 1 2 3 4
end
v -615.246569 290.043194 2673.514252
v -678.215322 303.271822 2829.821935
v -758.595173 215.879605 2804.836984
v -695.62642 202.650977 2648.5293
v -615.246569 290.043194 2673.514252
cstype bspline
deg 1
curv 0 5 8274 8275 8276 8277 8278
parm u 0 0 1 2 3 4
end
v 428.460029 -902.368669 2849.713103
v 460.448383 -1002.86151 2981.335807
v 506.773712 -909.508519 3041.351564
v 474.785359 -809.015678 2909.728861
v 428.460029 -902.368669 2849.713103
cstype bspline
deg 1
curv 0 5 8279 8280 8281 8282 8283
parm u 0 0 1 2 3 4
end
v 431.575485 -903.079169 2848.413475
v 463.564383 -1003.572135 2980.035951
v 509.889964 -910.219201 3040.051604
v 477.901066 -809.726236 2908.429128
v 431.575485 -903.079169 2848.413475
cstype bspline
deg 1
curv 0 5 8284 8285 8286 8287 8288
parm u 0 0 1 2 3 4
end
v 1924.955004 506.743991 1668.741756
v 2019.876673 594.230346 1777.404129
v 2102.187253 506.921944 1775.79581
v 2007.265583 419.435589 1667.133438
v 1924.955004 506.743991 1668.741756
cstype bspline
deg 1
curv 0 5 8289 8290 8291 8292 8293
parm u 0 0 1 2 3 4
end
v 1923.362477 505.193991 1671.38084
v 2018.284128 592.680329 1780.043242
v 2100.594934 505.372148 1778.434547
v 2005.673283 417.88581 1669.772145
v 1923.362477 505.193991 1671.38084
cstype bspline
deg 1
curv 0 5 8294 8295 8296 8297 8298
parm u 0 0 1 2 3 4
end
v 691.920566 -422.569937 3147.631866
v 636.397423 -411.751684 2986.831858
v 595.598879 -525.00749 2993.299727
v 651.122023 -535.825744 3154.099735
v 691.920566 -422.569937 3147.631866
cstype bspline
deg 1
curv 0 5 8299 8300 8301 8302 8303
parm u 0 0 1 2 3 4
end
v 688.874511 -421.408119 3148.761806
v 633.351675 -410.589983 2987.961683
v 592.553198 -523.845815 2994.429527
v 648.076034 -534.663951 3155.22965
v 688.874511 -421.408119 3148.761806
cstype bspline
deg 1
curv 0 5 8304 8305 8306 8307 8308
parm u 0 0 1 2 3 4
end
v 427.041976 -122.77315 3155.381062
v 412.658624 -164.568394 2991.801276
v 367.9459 -271.454174 3023.042521
v 382.329251 -229.65893 3186.622307
v 427.041976 -122.77315 3155.381062
cstype bspline
deg 1
curv 0 5 8309 8310 8311 8312 8313
parm u 0 0 1 2 3 4
end
v 423.853503 -121.4558 3155.324839
v 409.469874 -163.250929 2991.745048
v 364.757915 -270.137026 3022.986306
v 379.141544 -228.341896 3186.566097
v 423.853503 -121.4558 3155.324839
cstype bspline
deg 1
curv 0 5 8314 8315 8316 8317 8318
parm u 0 0 1 2 3 4
end
v 541.444813 561.028365 2751.519647
v 489.662867 468.350331 2619.927466
v 385.659671 446.45146 2676.276042
v 437.441617 539.129494 2807.868224
v 541.444813 561.028365 2751.519647
cstype bspline
deg 1
curv 0 5 8319 8320 8321 8322 8323
parm u 0 0 1 2 3 4
end
v 542.819591 558.211598 2752.962458
v 491.037526 465.533808 2621.370152
v 387.033981 443.635654 2677.718361
v 438.816045 536.313444 2809.310668
v 542.819591 558.211598 2752.962458
cstype bspline
deg 1
curv 0 5 8324 8325 8326 8327 8328
parm u 0 0 1 2 3 4
end
v 574.797766 347.934037 2669.387874
v 628.602148 437.685425 2802.427109
v 533.728311 399.92863 2866.268072
v 479.92393 310.177243 2733.228837
v 574.797766 347.934037 2669.387874
cstype bspline
deg 1
curv 0 5 8329 8330 8331 8332 8333
parm u 0 0 1 2 3 4
end
v 572.978005 350.651422 2668.290624
v 626.782481 440.402669 2801.329915
v 531.908399 402.646242 2865.170729
v 478.103923 312.894995 2732.131438
v 572.978005 350.651422 2668.290624
cstype bspline
deg 1
curv 0 5 8334 8335 8336 8337 8338
parm u 0 0 1 2 3 4
end
v 220.222679 397.308747 2749.841783
v 255.035528 481.053859 2891.294329
v 358.436916 518.873849 2843.455415
v 323.624067 435.128737 2702.002869
v 220.222679 397.308747 2749.841783
cstype bspline
deg 1
curv 0 5 8339 8340 8341 8342 8343
parm u 0 0 1 2 3 4
end
v 218.622346 400.095459 2748.585807
v 253.435228 483.840513 2890.038378
v 356.836788 521.660204 2842.199599
v 322.023906 437.915149 2700.747027
v 218.622346 400.095459 2748.585807
cstype bspline
deg 1
curv 0 5 8344 8345 8346 8347 8348
parm u 0 0 1 2 3 4
end
v -146.257352 -422.15643 3125.435386
v -90.720876 -411.97258 2966.24499
v -98.15062 -531.615585 2955.999093
v -153.687096 -541.799436 3115.18949
v -146.257352 -422.15643 3125.435386
cstype bspline
deg 1
curv 0 5 8349 8350 8351 8352 8353
parm u 0 0 1 2 3 4
end
v -149.508485 -421.859025 3124.320191
v -93.97185 -411.675189 2965.129849
v -101.401914 -531.318166 2954.883843
v -156.938549 -541.502002 3114.074185
v -149.508485 -421.859025 3124.320191
cstype bspline
deg 1
curv 0 5 8354 8355 8356 8357 8358
parm u 0 0 1 2 3 4
end
v 535.589976 201.315934 2783.134532
v 579.875461 285.715993 2924.904123
v 497.606623 222.72078 2988.106077
v 453.321138 138.320721 2846.336486
v 535.589976 201.315934 2783.134532
cstype bspline
deg 1
curv 0 5 8359 8360 8361 8362 8363
parm u 0 0 1 2 3 4
end
v 533.21609 203.722606 2782.443316
v 577.501794 288.122443 2924.212971
v 495.233311 225.126869 2987.415028
v 450.947608 140.727032 2845.645373
v 533.21609 203.722606 2782.443316
cstype bspline
deg 1
curv 0 5 8364 8365 8366 8367 8368
parm u 0 0 1 2 3 4
end
v 2201.757509 66.442355 1661.09564
v 2335.866928 98.611158 1758.298352
v 2354.720834 -19.368184 1771.330578
v 2220.611415 -51.536987 1674.127866
v 2201.757509 66.442355 1661.09564
cstype bspline
deg 1
curv 0 5 8369 8370 8371 8372 8373
parm u 0 0 1 2 3 4
end
v 2199.735115 66.427916 1663.890697
v 2333.844633 98.596719 1761.093272
v 2352.69843 -19.382624 1774.12565
v 2218.588912 -51.551427 1676.923075
v 2199.735115 66.427916 1663.890697
cstype bspline
deg 1
curv 0 5 8374 8375 8376 8377 8378
parm u 0 0 1 2 3 4
end
v 2221.49807 331.544781 1777.101701
v 2111.216605 261.314442 1670.741907
v 2048.597774 363.76132 1668.022998
v 2158.879239 433.991659 1774.382793
v 2221.49807 331.544781 1777.101701
cstype bspline
deg 1
curv 0 5 8379 8380 8381 8382 8383
parm u 0 0 1 2 3 4
end
v 2223.387665 332.628774 1774.426683
v 2113.106528 262.398623 1668.066424
v 2050.487601 364.845446 1665.347651
v 2160.768738 435.075597 1771.707909
v 2223.387665 332.628774 1774.426683
cstype bspline
deg 1
curv 0 5 8384 8385 8386 8387 8388
parm u 0 0 1 2 3 4
end
v 438.608066 -1207.460627 2771.537826
v 405.011097 -1076.763924 2667.73205
v 496.16017 -1111.303326 2594.744603
v 529.757138 -1242.000029 2698.550379
v 438.608066 -1207.460627 2771.537826
cstype bspline
deg 1
curv 0 5 8389 8390 8391 8392 8393
parm u 0 0 1 2 3 4
end
v 440.791902 -1205.478225 2773.326973
v 407.195053 -1074.781413 2669.521295
v 498.344431 -1109.320538 2596.534099
v 531.94128 -1240.017349 2700.339777
v 440.791902 -1205.478225 2773.326973
cstype bspline
deg 1
curv 0 5 8394 8395 8396 8397 8398
parm u 0 0 1 2 3 4
end
v -1264.839825 -1857.78978 1731.240722
v -1196.7616 -1732.818139 1641.039379
v -1298.84967 -1670.390541 1650.481642
v -1366.927895 -1795.362182 1740.682984
v -1264.839825 -1857.78978 1731.240722
cstype bspline
deg 1
curv 0 5 8399 8400 8401 8402 8403
parm u 0 0 1 2 3 4
end
v -1263.677944 -1856.328584 1734.142082
v -1195.599746 -1731.356977 1643.940672
v -1297.687828 -1668.929394 1653.382904
v -1365.766026 -1793.901001 1743.584314
v -1263.677944 -1856.328584 1734.142082
cstype bspline
deg 1
curv 0 5 8404 8405 8406 8407 8408
parm u 0 0 1 2 3 4
end
v -880.737075 -146.240928 2548.912725
v -969.902372 -150.806545 2692.226626
v -902.99308 -61.667371 2736.695182
v -813.827783 -57.101754 2593.381281
v -880.737075 -146.240928 2548.912725
cstype bspline
deg 1
curv 0 5 8409 8410 8411 8412 8413
parm u 0 0 1 2 3 4
end
v -878.527461 -148.548673 2550.213965
v -967.692978 -153.11406 2693.527737
v -900.783225 -63.975368 2737.996564
v -811.617708 -59.40998 2594.682792
v -878.527461 -148.548673 2550.213965
cstype bspline
deg 1
curv 0 5 8414 8415 8416 8417 8418
parm u 0 0 1 2 3 4
end
v 425.036975 205.952947 3007.398293
v 401.149612 131.970015 2859.04945
v 318.183681 59.655331 2908.472752
v 342.071044 133.638263 3056.821595
v 425.036975 205.952947 3007.398293
cstype bspline
deg 1
curv 0 5 8419 8420 8421 8422 8423
parm u 0 0 1 2 3 4
end
v 427.492799 203.650064 3008.151323
v 403.605474 129.667097 2859.802491
v 320.639609 57.352351 2909.225813
v 344.526934 131.335318 3057.574645
v 427.492799 203.650064 3008.151323
cstype bspline
deg 1
curv 0 5 8424 8425 8426 8427 8428
parm u 0 0 1 2 3 4
end
v 2221.51298 -517.936314 1903.814051
v 2087.438462 -475.211596 1809.129524
v 2140.973226 -370.174717 1780.719639
v 2275.047744 -412.899435 1875.404165
v 2221.51298 -517.936314 1903.814051
cstype bspline
deg 1
curv 0 5 8429 8430 8431 8432 8433
parm u 0 0 1 2 3 4
end
v 2220.048367 -516.447146 1906.559927
v 2085.973803 -473.722381 1811.875488
v 2139.50855 -368.685484 1783.465633
v 2273.583114 -411.410249 1878.150072
v 2220.048367 -516.447146 1906.559927
cstype bspline
deg 1
curv 0 5 8434 8435 8436 8437 8438
parm u 0 0 1 2 3 4
end
v 1749.49363 774.156872 1521.960592
v 1820.698943 892.51254 1618.744901
v 1862.302472 807.056773 1692.638924
v 1791.097159 688.701105 1595.854615
v 1749.49363 774.156872 1521.960592
cstype bspline
deg 1
curv 0 5 8439 8440 8441 8442 8443
parm u 0 0 1 2 3 4
end
v 1752.384896 773.947028 1520.090077
v 1823.590001 892.302711 1616.874521
v 1865.193683 806.846934 1690.768445
v 1793.988578 688.49125 1593.984002
v 1752.384896 773.947028 1520.090077
cstype bspline
deg 1
curv 0 5 8444 8445 8446 8447 8448
parm u 0 0 1 2 3 4
end
v 1767.418634 641.806892 1663.225506
v 1846.266412 746.281547 1769.693818
v 1944.508483 677.110532 1764.813951
v 1865.660705 572.635877 1658.34564
v 1767.418634 641.806892 1663.225506
cstype bspline
deg 1
curv 0 5 8449 8450 8451 8452 8453
parm u 0 0 1 2 3 4
end
v 1766.253114 639.963012 1665.898017
v 1845.100934 744.437733 1772.366234
v 1943.34285 675.266474 1767.486721
v 1864.495031 570.791754 1661.018505
v 1766.253114 639.963012 1665.898017
cstype bspline
deg 1
curv 0 5 8454 8455 8456 8457 8458
parm u 0 0 1 2 3 4
end
v 933.722756 -733.249965 2730.999165
v 1015.456524 -819.581729 2850.841029
v 921.942939 -894.41774 2860.708137
v 840.209172 -808.085976 2740.866273
v 933.722756 -733.249965 2730.999165
cstype bspline
deg 1
curv 0 5 8459 8460 8461 8462 8463
parm u 0 0 1 2 3 4
end
v 935.103014 -735.292896 2728.58611
v 1016.836943 -821.6249 2848.427691
v 923.32311 -896.460544 2858.295234
v 841.589181 -810.12854 2738.453653
v 935.103014 -735.292896 2728.58611
cstype bspline
deg 1
curv 0 5 8464 8465 8466 8467 8468
parm u 0 0 1 2 3 4
end
v 2304.253509 155.909128 1774.99535
v 2180.613407 103.511862 1673.293221
v 2140.476113 216.333991 1663.962128
v 2264.116215 268.731257 1765.664257
v 2304.253509 155.909128 1774.99535
cstype bspline
deg 1
curv 0 5 8469 8470 8471 8472 8473
parm u 0 0 1 2 3 4
end
v 2306.293259 156.408421 1772.258389
v 2182.653442 104.011225 1670.555877
v 2142.516128 216.833349 1661.224811
v 2266.155945 269.230545 1762.927323
v 2306.293259 156.408421 1772.258389
cstype bspline
deg 1
curv 0 5 8474 8475 8476 8477 8478
parm u 0 0 1 2 3 4
end
v 606.869616 742.039386 2568.071373
v 540.602126 639.186673 2451.479403
v 503.791447 564.586225 2538.211018
v 570.058936 667.438938 2654.802988
v 606.869616 742.039386 2568.071373
cstype bspline
deg 1
curv 0 5 8479 8480 8481 8482 8483
parm u 0 0 1 2 3 4
end
v 603.876602 743.744851 2568.268024
v 537.609084 640.892154 2451.676056
v 500.798984 566.291375 2538.407633
v 567.066503 669.144072 2654.999601
v 603.876602 743.744851 2568.268024
cstype bspline
deg 1
curv 0 5 8484 8485 8486 8487 8488
parm u 0 0 1 2 3 4
end
v 155.292626 2598.841464 1205.921359
v 299.233266 2671.950549 1259.127189
v 322.585406 2575.861381 1327.985605
v 178.644766 2502.752296 1274.779774
v 155.292626 2598.841464 1205.921359
cstype bspline
deg 1
curv 0 5 8489 8490 8491 8492 8493
parm u 0 0 1 2 3 4
end
v 153.583619 2600.301581 1208.538492
v 297.524125 2673.410781 1261.744528
v 320.876439 2577.321464 1330.602677
v 176.935933 2504.212265 1277.396641
v 153.583619 2600.301581 1208.538492
cstype bspline
deg 1
curv 0 5 8494 8495 8496 8497 8498
parm u 0 0 1 2 3 4
end
v 2168.113216 929.282247 1196.576954
v 2065.161676 814.089457 1129.714243
v 2102.58111 733.307232 1211.271533
v 2205.53265 848.500022 1278.134244
v 2168.113216 929.282247 1196.576954
cstype bspline
deg 1
curv 0 5 8499 8500 8501 8502 8503
parm u 0 0 1 2 3 4
end
v 2165.601792 930.282752 1198.720202
v 2062.650372 815.089914 1131.85739
v 2100.069486 734.307817 1213.414952
v 2203.020907 849.500654 1280.277765
v 2165.601792 930.282752 1198.720202
cstype bspline
deg 1
curv 0 5 8504 8505 8506 8507 8508
parm u 0 0 1 2 3 4
end
v 780.269218 -342.341619 2911.834234
v 861.648477 -335.850538 3060.968636
v 823.212339 -447.207448 3086.789178
v 741.83308 -453.698529 2937.654776
v 780.269218 -342.341619 2911.834234
cstype bspline
deg 1
curv 0 5 8509 8510 8511 8512 8513
parm u 0 0 1 2 3 4
end
v 783.091726 -343.659651 2910.351424
v 864.470945 -337.168551 3059.485847
v 826.035113 -448.525604 3085.306228
v 744.655894 -455.016704 2936.171805
v 783.091726 -343.659651 2910.351424
cstype bspline
deg 1
curv 0 5 8514 8515 8516 8517 8518
parm u 0 0 1 2 3 4
end
v 2006.477376 742.184902 1330.709417
v 2103.753693 851.37052 1414.044177
v 2135.25509 764.286414 1491.370758
v 2037.978772 655.100796 1408.035998
v 2006.477376 742.184902 1330.709417
cstype bspline
deg 1
curv 0 5 8519 8520 8521 8522 8523
parm u 0 0 1 2 3 4
end
v 2009.145279 741.352772 1328.685453
v 2106.421467 850.53843 1412.020311
v 2137.922471 763.454447 1489.34719
v 2040.646283 654.268788 1406.012332
v 2009.145279 741.352772 1328.685453
cstype bspline
deg 1
curv 0 5 8524 8525 8526 8527 8528
parm u 0 0 1 2 3 4
end
v 38.551239 -867.326167 3065.709808
v 69.459796 -795.651913 2915.109683
v 103.307574 -694.198006 2970.34084
v 72.399018 -765.872259 3120.940964
v 38.551239 -867.326167 3065.709808
cstype bspline
deg 1
curv 0 5 8529 8530 8531 8532 8533
parm u 0 0 1 2 3 4
end
v 35.300861 -866.176483 3065.589878
v 66.209345 -794.502204 2914.98975
v 100.056553 -693.048095 2970.220886
v 69.148069 -764.722374 3120.821013
v 35.300861 -866.176483 3065.589878
cstype bspline
deg 1
curv 0 5 8534 8535 8536 8537 8538
parm u 0 0 1 2 3 4
end
v 1871.804406 1022.893471 1382.07191
v 1800.755175 893.590026 1300.969549
v 1847.271412 817.368128 1381.741688
v 1918.320643 946.671574 1462.844049
v 1871.804406 1022.893471 1382.07191
cstype bspline
deg 1
curv 0 5 8539 8540 8541 8542 8543
parm u 0 0 1 2 3 4
end
v 1868.974912 1023.2281 1384.017165
v 1797.925682 893.924654 1302.914803
v 1844.441673 817.702786 1383.687112
v 1915.490903 947.006231 1464.789473
v 1868.974912 1023.2281 1384.017165
cstype bspline
deg 1
curv 0 5 8544 8545 8546 8547 8548
parm u 0 0 1 2 3 4
end
v 495.08959 3.412597 3096.050349
v 468.646472 -56.144334 2940.827995
v 412.067945 -152.187483 2987.317097
v 438.511062 -92.630553 3142.539451
v 495.08959 3.412597 3096.050349
cstype bspline
deg 1
curv 0 5 8549 8550 8551 8552 8553
parm u 0 0 1 2 3 4
end
v 498.088803 1.713954 3096.191161
v 471.645625 -57.842943 2940.968804
v 415.067553 -153.88635 2987.457927
v 441.510731 -94.329454 3142.680284
v 498.088803 1.713954 3096.191161
cstype bspline
deg 1
curv 0 5 8554 8555 8556 8557 8558
parm u 0 0 1 2 3 4
end
v 1619.431487 1005.303102 1588.264026
v 1564.802201 873.636419 1497.554043
v 1623.803197 798.514569 1571.061525
v 1678.432483 930.181252 1661.771508
v 1619.431487 1005.303102 1588.264026
cstype bspline
deg 1
curv 0 5 8559 8560 8561 8562 8563
parm u 0 0 1 2 3 4
end
v 1616.637356 1005.076694 1590.275389
v 1562.008299 873.41003 1499.565241
v 1621.009727 798.288215 1573.072413
v 1675.638784 929.954879 1663.782561
v 1616.637356 1005.076694 1590.275389
cstype bspline
deg 1
curv 0 5 8564 8565 8566 8567 8568
parm u 0 0 1 2 3 4
end
v 701.05309 -388.586531 3141.223243
v 639.262019 -407.394956 2985.34643
v 675.333774 -296.003681 2957.606532
v 737.124846 -277.195256 3113.483346
v 701.05309 -388.586531 3141.223243
cstype bspline
deg 1
curv 0 5 8569 8570 8571 8572 8573
parm u 0 0 1 2 3 4
end
v 698.014458 -387.340048 3142.277386
v 636.223288 -406.148432 2986.400606
v 672.294218 -294.756818 2958.660995
v 734.085388 -275.948434 3114.537775
v 698.014458 -387.340048 3142.277386
cstype bspline
deg 1
curv 0 5 8574 8575 8576 8577 8578
parm u 0 0 1 2 3 4
end
v 149.467241 990.212507 2589.488461
v 95.336869 887.101204 2466.974627
v 206.690989 881.930968 2422.126384
v 260.82136 985.042272 2544.640218
v 149.467241 990.212507 2589.488461
cstype bspline
deg 1
curv 0 5 8579 8580 8581 8582 8583
parm u 0 0 1 2 3 4
end
v 150.145211 987.482647 2591.486452
v 96.014886 884.371157 2468.972754
v 207.36887 879.201465 2424.124114
v 261.499195 982.312955 2546.637811
v 150.145211 987.482647 2591.486452
cstype bspline
deg 1
curv 0 5 8584 8585 8586 8587 8588
parm u 0 0 1 2 3 4
end
v 51.478783 1029.064049 2361.049316
v 108.98912 1136.929622 2476.690523
v 217.321197 1135.523092 2424.127096
v 159.81086 1027.65752 2308.485889
v 51.478783 1029.064049 2361.049316
cstype bspline
deg 1
curv 0 5 8589 8590 8591 8592 8593
parm u 0 0 1 2 3 4
end
v 50.540984 1031.712172 2359.045658
v 108.051528 1139.577159 2474.687307
v 216.383663 1138.170465 2422.124005
v 158.873119 1030.305477 2306.482356
v 50.540984 1031.712172 2359.045658
cstype bspline
deg 1
curv 0 5 8594 8595 8596 8597 8598
parm u 0 0 1 2 3 4
end
v 470.72663 -993.252992 2749.91636
v 514.178602 -1114.911087 2858.474257
v 617.281669 -1131.163716 2798.991755
v 573.829697 -1009.50562 2690.433857
v 470.72663 -993.252992 2749.91636
cstype bspline
deg 1
curv 0 5 8599 8600 8601 8602 8603
parm u 0 0 1 2 3 4
end
v 472.258332 -990.908456 2751.93071
v 515.710634 -1112.566047 2860.489042
v 618.813742 -1128.818613 2801.006593
v 575.36144 -1007.161022 2692.448262
v 472.258332 -990.908456 2751.93071
cstype bspline
deg 1
curv 0 5 8604 8605 8606 8607 8608
parm u 0 0 1 2 3 4
end
v 2097.046143 -640.450904 1998.319305
v 1971.773931 -579.960653 1901.71807
v 2042.985998 -488.379964 1866.71692
v 2168.258211 -548.870216 1963.318155
v 2097.046143 -640.450904 1998.319305
cstype bspline
deg 1
curv 0 5 8609 8610 8611 8612 8613
parm u 0 0 1 2 3 4
end
v 2095.914826 -638.55733 2000.972124
v 1970.642603 -578.06706 1904.370914
v 2041.85464 -486.486321 1869.369836
v 2167.126862 -546.976591 1965.971046
v 2095.914826 -638.55733 2000.972124
cstype bspline
deg 1
curv 0 5 8614 8615 8616 8617 8618
parm u 0 0 1 2 3 4
end
v -1186.15347 -1891.073554 1733.988199
v -1135.549864 -1756.46317 1646.499152
v -1023.806557 -1800.232201 1643.788506
v -1074.410163 -1934.842585 1731.277554
v -1186.15347 -1891.073554 1733.988199
cstype bspline
deg 1
curv 0 5 8619 8620 8621 8622 8623
parm u 0 0 1 2 3 4
end
v -1185.437385 -1889.427839 1736.934481
v -1134.83374 -1754.817366 1649.445595
v -1023.090439 -1798.586413 1646.734921
v -1073.694084 -1933.196887 1734.223808
v -1185.437385 -1889.427839 1736.934481
cstype bspline
deg 1
curv 0 5 8624 8625 8626 8627 8628
parm u 0 0 1 2 3 4
end
v -1866.48072 -1440.200768 1093.89541
v -2007.477035 -1508.914291 1157.536062
v -2014.975656 -1419.443898 1237.524998
v -1873.979341 -1350.730374 1173.884346
v -1866.48072 -1440.200768 1093.89541
cstype bspline
deg 1
curv 0 5 8629 8630 8631 8632 8633
parm u 0 0 1 2 3 4
end
v -1868.377329 -1438.370121 1091.669989
v -2009.374024 -1507.083278 1155.310197
v -2016.872381 -1417.61314 1235.299442
v -1875.875687 -1348.899982 1171.659235
v -1868.377329 -1438.370121 1091.669989
cstype bspline
deg 1
curv 0 5 8634 8635 8636 8637 8638
parm u 0 0 1 2 3 4
end
v 2408.97644 608.046049 1271.915819
v 2280.945995 521.280476 1207.847255
v 2258.791538 610.944173 1130.691208
v 2386.821983 697.709746 1194.759772
v 2408.97644 608.046049 1271.915819
cstype bspline
deg 1
curv 0 5 8639 8640 8641 8642 8643
parm u 0 0 1 2 3 4
end
v 2411.106172 606.597761 1269.62126
v 2283.0757 519.832206 1205.552726
v 2260.921758 609.495553 1128.396123
v 2388.95223 696.261108 1192.464658
v 2411.106172 606.597761 1269.62126
cstype bspline
deg 1
curv 0 5 8644 8645 8646 8647 8648
parm u 0 0 1 2 3 4
end
v 319.431331 102.160969 3076.406081
v 314.363603 37.261702 2919.885791
v 258.533091 -60.437592 2962.203285
v 263.60082 4.461676 3118.723575
v 319.431331 102.160969 3076.406081
cstype bspline
deg 1
curv 0 5 8649 8650 8651 8652 8653
parm u 0 0 1 2 3 4
end
v 316.377582 103.676644 3075.876503
v 311.309602 38.777502 2919.35617
v 255.479512 -58.922001 2961.673737
v 260.547492 5.977141 3118.194071
v 316.377582 103.676644 3075.876503
cstype bspline
deg 1
curv 0 5 8654 8655 8656 8657 8658
parm u 0 0 1 2 3 4
end
v 1670.013157 895.260032 1398.195721
v 1731.342767 1026.98584 1485.511914
v 1789.877243 951.032266 1558.982242
v 1728.547634 819.306458 1471.666049
v 1670.013157 895.260032 1398.195721
cstype bspline
deg 1
curv 0 5 8659 8660 8661 8662 8663
parm u 0 0 1 2 3 4
end
v 1672.761171 895.361982 1396.111762
v 1734.090636 1027.087785 1483.428064
v 1792.624903 951.134202 1556.898551
v 1731.295438 819.4084 1469.582249
v 1672.761171 895.361982 1396.111762
cstype bspline
deg 1
curv 0 5 8664 8665 8666 8667 8668
parm u 0 0 1 2 3 4
end
v 590.636854 -206.519943 3149.14536
v 551.162073 -237.747204 2987.278832
v 504.81215 -344.3059 3019.139583
v 544.286931 -313.078639 3181.006111
v 590.636854 -206.519943 3149.14536
cstype bspline
deg 1
curv 0 5 8669 8670 8671 8672 8673
parm u 0 0 1 2 3 4
end
v 593.71854 -207.999753 3148.67931
v 554.243908 -239.227086 2986.812759
v 507.893452 -345.785526 3018.673591
v 547.368085 -314.558194 3180.540142
v 593.71854 -207.999753 3148.67931
cstype bspline
deg 1
curv 0 5 8674 8675 8676 8677 8678
parm u 0 0 1 2 3 4
end
v -634.711917 75.755579 2681.580564
v -708.624021 81.385945 2832.378283
v -789.516242 -0.336946 2795.781016
v -715.604138 -5.967311 2644.983296
v -634.711917 75.755579 2681.580564
cstype bspline
deg 1
curv 0 5 8679 8680 8681 8682 8683
parm u 0 0 1 2 3 4
end
v -636.773866 78.291556 2680.475242
v -710.685732 83.921629 2831.273089
v -791.57796 2.198748 2794.675817
v -717.666094 -3.431325 2643.87797
v -636.773866 78.291556 2680.475242
cstype bspline
deg 1
curv 0 5 8684 8685 8686 8687 8688
parm u 0 0 1 2 3 4
end
v 1950.746928 548.143414 1611.334129
v 2041.146046 648.550522 1711.63101
v 2016.845315 742.057261 1639.924128
v 1926.446197 641.650152 1539.627247
v 1950.746928 548.143414 1611.334129
cstype bspline
deg 1
curv 0 5 8689 8690 8691 8692 8693
parm u 0 0 1 2 3 4
end
v 1953.572048 547.454105 1609.477881
v 2043.970947 647.861267 1709.774905
v 2019.670628 741.367905 1638.067753
v 1929.271728 640.960743 1537.770729
v 1953.572048 547.454105 1609.477881
cstype bspline
deg 1
curv 0 5 8694 8695 8696 8697 8698
parm u 0 0 1 2 3 4
end
v 177.534938 2466.851808 1315.651199
v 326.056752 2516.951214 1379.863529
v 327.955243 2419.186568 1451.749777
v 179.433428 2369.087162 1387.537447
v 177.534938 2466.851808 1315.651199
cstype bspline
deg 1
curv 0 5 8699 8700 8701 8702 8703
parm u 0 0 1 2 3 4
end
v 179.192774 2465.080595 1313.198571
v 327.714706 2515.179876 1377.410727
v 329.613309 2417.415109 1449.296809
v 181.091377 2367.315828 1385.084652
v 179.192774 2465.080595 1313.198571
cstype bspline
deg 1
curv 0 5 8704 8705 8706 8707 8708
parm u 0 0 1 2 3 4
end
v -1978.392492 -1303.529916 1400.782448
v -1834.958677 -1252.556539 1330.263485
v -1844.262923 -1340.178257 1248.003083
v -1987.696738 -1391.151633 1318.522046
v -1978.392492 -1303.529916 1400.782448
cstype bspline
deg 1
curv 0 5 8709 8710 8711 8712 8713
parm u 0 0 1 2 3 4
end
v -1976.622924 -1305.654849 1402.84572
v -1833.189279 -1254.681268 1332.326558
v -1842.493561 -1342.302943 1250.066114
v -1985.927205 -1393.276523 1320.585275
v -1976.622924 -1305.654849 1402.84572
cstype bspline
deg 1
curv 0 5 8714 8715 8716 8717 8718
parm u 0 0 1 2 3 4
end
v 326.816971 -948.115645 3045.078168
v 316.877102 -857.403501 2902.009981
v 364.043735 -762.693891 2958.783481
v 373.983603 -853.406035 3101.851667
v 326.816971 -948.115645 3045.078168
cstype bspline
deg 1
curv 0 5 8719 8720 8721 8722 8723
parm u 0 0 1 2 3 4
end
v 323.65135 -947.068842 3045.961852
v 313.710541 -856.356387 2902.893928
v 360.877312 -761.646823 2959.66739
v 370.818121 -852.359278 3102.735313
v 323.65135 -947.068842 3045.961852
cstype bspline
deg 1
curv 0 5 8724 8725 8726 8727 8728
parm u 0 0 1 2 3 4
end
v -1791.648114 -1171.804222 1451.792851
v -1937.949606 -1209.670449 1528.684616
v -1960.827041 -1292.666642 1444.283436
v -1814.525549 -1254.800414 1367.391671
v -1791.648114 -1171.804222 1451.792851
cstype bspline
deg 1
curv 0 5 8729 8730 8731 8732 8733
parm u 0 0 1 2 3 4
end
v -1790.031856 -1174.184807 1453.69573
v -1936.333141 -1212.051339 1530.587737
v -1959.210375 -1295.047828 1446.186795
v -1812.90909 -1257.181297 1369.294787
v -1790.031856 -1174.184807 1453.69573
cstype bspline
deg 1
curv 0 5 8734 8735 8736 8737 8738
parm u 0 0 1 2 3 4
end
v 1908.980803 1118.047119 1159.329487
v 1835.969107 982.159619 1093.581479
v 1886.023458 913.989309 1178.891136
v 1959.035154 1049.876808 1244.639144
v 1908.980803 1118.047119 1159.329487
cstype bspline
deg 1
curv 0 5 8739 8740 8741 8742 8743
parm u 0 0 1 2 3 4
end
v 1906.227477 1118.550283 1161.347041
v 1833.216041 982.662736 1095.598843
v 1883.270404 914.492423 1180.908491
v 1956.28184 1050.37997 1246.656689
v 1906.227477 1118.550283 1161.347041
cstype bspline
deg 1
curv 0 5 8744 8745 8746 8747 8748
parm u 0 0 1 2 3 4
end
v 2031.008483 -672.422219 2060.759493
v 1915.942925 -597.358772 1962.40447
v 1831.184855 -673.167646 2003.706472
v 1946.250413 -748.231093 2102.061494
v 2031.008483 -672.422219 2060.759493
cstype bspline
deg 1
curv 0 5 8749 8750 8751 8752 8753
parm u 0 0 1 2 3 4
end
v 2030.273302 -670.213114 2063.305534
v 1915.207807 -595.149856 1964.950294
v 1830.449701 -670.958622 2006.25242
v 1945.515197 -746.021881 2104.60766
v 2030.273302 -670.213114 2063.305534
cstype bspline
deg 1
curv 0 5 8754 8755 8756 8757 8758
parm u 0 0 1 2 3 4
end
v -1875.502514 -1599.125295 1326.598509
v -1744.122101 -1517.639197 1260.553797
v -1756.950541 -1430.089954 1343.053064
v -1888.330954 -1511.576052 1409.097777
v -1875.502514 -1599.125295 1326.598509
cstype bspline
deg 1
curv 0 5 8759 8760 8761 8762 8763
parm u 0 0 1 2 3 4
end
v -1873.381216 -1600.82025 1328.727095
v -1742.000774 -1519.334175 1262.682413
v -1754.829547 -1431.784666 1345.181346
v -1886.20999 -1513.270741 1411.226029
v -1873.381216 -1600.82025 1328.727095
cstype bspline
deg 1
curv 0 5 8764 8765 8766 8767 8768
parm u 0 0 1 2 3 4
end
v -963.077205 -1816.407049 1647.073868
v -997.133151 -1957.811087 1731.327692
v -879.692364 -1981.136161 1739.651318
v -845.636419 -1839.732124 1655.397494
v -963.077205 -1816.407049 1647.073868
cstype bspline
deg 1
curv 0 5 8769 8770 8771 8772 8773
parm u 0 0 1 2 3 4
end
v -963.212003 -1818.147683 1644.098057
v -997.267949 -1959.551735 1728.351858
v -879.827161 -1982.876786 1736.675523
v -845.771215 -1841.472735 1652.421722
v -963.212003 -1818.147683 1644.098057
cstype bspline
deg 1
curv 0 5 8774 8775 8776 8777 8778
parm u 0 0 1 2 3 4
end
v 182.222629 819.46484 2703.79511
v 135.245997 724.249101 2574.594587
v 248.54289 723.062212 2534.275123
v 295.519522 818.277951 2663.475645
v 182.222629 819.46484 2703.79511
cstype bspline
deg 1
curv 0 5 8779 8780 8781 8782 8783
parm u 0 0 1 2 3 4
end
v 182.855015 816.628372 2705.655534
v 135.878309 721.41296 2576.454796
v 249.175063 720.226696 2536.134921
v 296.151768 815.442107 2665.335659
v 182.855015 816.628372 2705.655534
cstype bspline
deg 1
curv 0 5 8784 8785 8786 8787 8788
parm u 0 0 1 2 3 4
end
v 315.760423 577.864936 2613.886344
v 371.149319 673.235876 2739.844678
v 473.478961 692.670915 2680.130775
v 418.090065 597.299975 2554.17244
v 315.760423 577.864936 2613.886344
cstype bspline
deg 1
curv 0 5 8789 8790 8791 8792 8793
parm u 0 0 1 2 3 4
end
v 314.362831 580.644783 2612.396146
v 369.752036 676.015108 2738.35481
v 472.081317 695.450866 2678.640521
v 416.692112 600.080541 2552.681856
v 314.362831 580.644783 2612.396146
cstype bspline
deg 1
curv 0 5 8794 8795 8796 8797 8798
parm u 0 0 1 2 3 4
end
v 53.732423 634.418931 2840.570257
v 29.576091 554.131237 2696.062632
v 148.162776 555.255932 2675.614448
v 172.319107 635.543626 2820.122073
v 53.732423 634.418931 2840.570257
cstype bspline
deg 1
curv 0 5 8799 8800 8801 8802 8803
parm u 0 0 1 2 3 4
end
v 54.042045 631.39348 2842.199431
v 29.885736 551.10556 2697.691928
v 148.472403 552.230428 2677.243651
v 172.628712 632.518347 2821.751154
v 54.042045 631.39348 2842.199431
cstype bspline
deg 1
curv 0 5 8804 8805 8806 8807 8808
parm u 0 0 1 2 3 4
end
v 1870.464963 771.565213 1429.774625
v 1953.422413 887.892394 1520.987723
v 1993.799554 801.515475 1594.424534
v 1910.842104 685.188293 1503.211436
v 1870.464963 771.565213 1429.774625
cstype bspline
deg 1
curv 0 5 8809 8810 8811 8812 8813
parm u 0 0 1 2 3 4
end
v 1873.242192 771.157782 1427.768398
v 1956.199097 887.485043 1518.98189
v 1996.57664 801.108065 1592.41841
v 1913.619734 684.780803 1501.204918
v 1873.242192 771.157782 1427.768398
cstype bspline
deg 1
curv 0 5 8814 8815 8816 8817 8818
parm u 0 0 1 2 3 4
end
v -1737.009679 -1604.78212 1126.626381
v -1863.15528 -1703.569111 1183.841974
v -1890.326548 -1620.619107 1267.155722
v -1764.180946 -1521.832115 1209.940129
v -1737.009679 -1604.78212 1126.626381
cstype bspline
deg 1
curv 0 5 8819 8820 8821 8822 8823
parm u 0 0 1 2 3 4
end
v -1734.82922 -1606.286858 1128.835659
v -1860.974551 -1705.074037 1186.051527
v -1888.145699 -1622.124115 1269.365395
v -1762.000368 -1523.336936 1212.149528
v -1734.82922 -1606.286858 1128.835659
cstype bspline
deg 1
curv 0 5 8824 8825 8826 8827 8828
parm u 0 0 1 2 3 4
end
v -1835.116195 -1044.116495 1405.481432
v -1981.32321 -1062.43989 1487.996683
v -1940.731316 -989.868629 1576.035821
v -1794.524301 -971.545234 1493.52057
v -1835.116195 -1044.116495 1405.481432
cstype bspline
deg 1
curv 0 5 8829 8830 8831 8832 8833
parm u 0 0 1 2 3 4
end
v -1833.833761 -1046.853209 1407.146045
v -1980.040884 -1065.176374 1489.661157
v -1939.449074 -992.604932 1577.700184
v -1793.241952 -974.281766 1495.185073
v -1833.833761 -1046.853209 1407.146045
cstype bspline
deg 1
curv 0 5 8834 8835 8836 8837 8838
parm u 0 0 1 2 3 4
end
v -59.792511 -355.807421 2974.425397
v -111.405296 -340.023071 3137.588481
v -122.288732 -219.380115 3122.474798
v -70.675946 -235.164465 2959.311714
v -59.792511 -355.807421 2974.425397
cstype bspline
deg 1
curv 0 5 8839 8840 8841 8842 8843
parm u 0 0 1 2 3 4
end
v -56.517206 -355.387277 2975.420796
v -108.129025 -339.602803 3138.584174
v -119.011546 -218.95973 3123.470769
v -67.399728 -234.744204 2960.307391
v -56.517206 -355.387277 2975.420796
cstype bspline
deg 1
curv 0 5 8844 8845 8846 8847 8848
parm u 0 0 1 2 3 4
end
v -1825.460553 -1801.797247 1058.110177
v -1709.28343 -1691.777731 1006.63997
v -1749.684667 -1611.371447 1087.318895
v -1865.86179 -1721.390962 1138.789102
v -1825.460553 -1801.797247 1058.110177
cstype bspline
deg 1
curv 0 5 8849 8850 8851 8852 8853
parm u 0 0 1 2 3 4
end
v -1823.250101 -1803.035997 1060.451641
v -1707.07328 -1693.016312 1008.981114
v -1747.474243 -1612.610181 1089.660329
v -1863.651065 -1722.629866 1141.130856
v -1823.250101 -1803.035997 1060.451641
cstype bspline
deg 1
curv 0 5 8854 8855 8856 8857 8858
parm u 0 0 1 2 3 4
end
v -1121.010107 168.237324 2603.288795
v -1033.649517 176.756383 2460.388428
v -959.820561 257.662698 2510.346221
v -1047.18115 249.143639 2653.246588
v -1121.010107 168.237324 2603.288795
cstype bspline
deg 1
curv 0 5 8859 8860 8861 8862 8863
parm u 0 0 1 2 3 4
end
v -1123.058888 170.786473 2602.188261
v -1035.69824 179.305461 2459.287925
v -961.868819 260.211197 2509.245968
v -1049.229466 251.692209 2652.146304
v -1123.058888 170.786473 2602.188261
cstype bspline
deg 1
curv 0 5 8864 8865 8866 8867 8868
parm u 0 0 1 2 3 4
end
v 641.122019 482.803286 2530.14147
v 706.536486 579.694828 2650.453842
v 610.492654 558.807643 2719.494519
v 545.078188 461.9161 2599.182148
v 641.122019 482.803286 2530.14147
cstype bspline
deg 1
curv 0 5 8869 8870 8871 8872 8873
parm u 0 0 1 2 3 4
end
v 639.546638 485.554592 2528.782276
v 704.960786 582.446689 2649.094373
v 608.916809 561.559758 2718.134925
v 543.50266 464.667661 2597.822827
v 639.546638 485.554592 2528.782276
cstype bspline
deg 1
curv 0 5 8874 8875 8876 8877 8878
parm u 0 0 1 2 3 4
end
v 1628.989641 1148.975849 1331.944386
v 1579.793306 1007.798875 1255.30298
v 1638.256619 942.717064 1337.658884
v 1687.452955 1083.894038 1414.30029
v 1628.989641 1148.975849 1331.944386
cstype bspline
deg 1
curv 0 5 8879 8880 8881 8882 8883
parm u 0 0 1 2 3 4
end
v 1626.14988 1148.902507 1333.902334
v 1576.953563 1007.725534 1257.260915
v 1635.416846 942.643723 1339.616839
v 1684.613163 1083.820696 1416.258258
v 1626.14988 1148.902507 1333.902334
cstype bspline
deg 1
curv 0 5 8884 8885 8886 8887 8888
parm u 0 0 1 2 3 4
end
v 2321.143538 547.895702 1487.148465
v 2199.945382 464.2477 1405.385956
v 2186.056661 557.689241 1330.377118
v 2307.254817 641.337243 1412.139626
v 2321.143538 547.895702 1487.148465
cstype bspline
deg 1
curv 0 5 8889 8890 8891 8892 8893
parm u 0 0 1 2 3 4
end
v 2318.781104 549.246394 1489.268525
v 2197.582664 465.598554 1407.506272
v 2183.693673 559.040249 1332.497674
v 2304.892113 642.688089 1414.259928
v 2318.781104 549.246394 1489.268525
cstype bspline
deg 1
curv 0 5 8894 8895 8896 8897 8898
parm u 0 0 1 2 3 4
end
v -50.527424 -58.715261 2923.428652
v -95.204738 -24.858277 3082.033045
v -103.074548 -144.08494 3105.26729
v -58.397234 -177.941924 2946.662897
v -50.527424 -58.715261 2923.428652
cstype bspline
deg 1
curv 0 5 8899 8900 8901 8902 8903
parm u 0 0 1 2 3 4
end
v -47.208469 -58.750672 2924.371134
v -91.886049 -24.893685 3082.975452
v -99.755915 -144.120347 3106.209681
v -55.078336 -177.977334 2947.605363
v -47.208469 -58.750672 2924.371134
cstype bspline
deg 1
curv 0 5 8904 8905 8906 8907 8908
parm u 0 0 1 2 3 4
end
v 1777.558427 813.382322 1744.730203
v 1713.520205 694.015286 1644.399779
v 1604.391709 743.575315 1655.090068
v 1668.429931 862.942351 1755.420492
v 1777.558427 813.382322 1744.730203
cstype bspline
deg 1
curv 0 5 8909 8910 8911 8912 8913
parm u 0 0 1 2 3 4
end
v 1778.1871 815.360934 1741.974906
v 1714.148874 695.993886 1641.644498
v 1605.020426 745.554067 1652.334575
v 1669.058652 864.921114 1752.664983
v 1778.1871 815.360934 1741.974906
cstype bspline
deg 1
curv 0 5 8914 8915 8916 8917 8918
parm u 0 0 1 2 3 4
end
v -1657.122803 -1776.606541 898.309793
v -1764.112686 -1900.833725 941.69
v -1812.600559 -1829.596 1026.10523
v -1705.610676 -1705.368816 982.725023
v -1657.122803 -1776.606541 898.309793
cstype bspline
deg 1
curv 0 5 8919 8920 8921 8922 8923
parm u 0 0 1 2 3 4
end
v -1654.833353 -1777.774817 900.610745
v -1761.823104 -1902.002068 943.991084
v -1810.310886 -1830.764389 1028.406405
v -1703.321136 -1706.537138 985.026066
v -1654.833353 -1777.774817 900.610745
cstype bspline
deg 1
curv 0 5 8924 8925 8926 8927 8928
parm u 0 0 1 2 3 4
end
v -944.022864 -417.590244 2689.589974
v -849.56821 -409.879213 2549.673762
v -790.591999 -314.450078 2594.746699
v -885.046653 -322.161108 2734.662911
v -944.022864 -417.590244 2689.589974
cstype bspline
deg 1
curv 0 5 8929 8930 8931 8932 8933
parm u 0 0 1 2 3 4
end
v -941.709673 -419.702421 2691.035173
v -847.254586 -411.991786 2551.119232
v -788.278251 -316.562764 2596.192247
v -882.733337 -324.273399 2736.108188
v -941.709673 -419.702421 2691.035173
cstype bspline
deg 1
curv 0 5 8934 8935 8936 8937 8938
parm u 0 0 1 2 3 4
end
v -1626.656822 -1137.194574 1704.646788
v -1758.126069 -1156.16324 1806.955902
v -1748.510008 -1041.251503 1840.617993
v -1617.040761 -1022.282837 1738.308879
v -1626.656822 -1137.194574 1704.646788
cstype bspline
deg 1
curv 0 5 8939 8940 8941 8942 8943
parm u 0 0 1 2 3 4
end
v -1628.779993 -1136.268002 1702.090251
v -1760.249473 -1155.236566 1804.399082
v -1750.633576 -1040.324758 1838.060976
v -1619.164096 -1021.356193 1735.752145
v -1628.779993 -1136.268002 1702.090251
cstype bspline
deg 1
curv 0 5 8944 8945 8946 8947 8948
parm u 0 0 1 2 3 4
end
v 2403.988882 388.62615 1095.498733
v 2548.768578 446.237316 1157.451791
v 2555.485066 350.74564 1230.555134
v 2410.70537 293.134474 1168.602076
v 2403.988882 388.62615 1095.498733
cstype bspline
deg 1
curv 0 5 8949 8950 8951 8952 8953
parm u 0 0 1 2 3 4
end
v 2405.71893 386.889233 1093.070934
v 2550.498575 444.50045 1155.024063
v 2557.214956 349.008882 1228.127557
v 2412.435311 291.397665 1166.174427
v 2405.71893 386.889233 1093.070934
cstype bspline
deg 1
curv 0 5 8954 8955 8956 8957 8958
parm u 0 0 1 2 3 4
end
v -1.379777 736.567571 2599.504788
v 32.391015 826.588247 2739.187029
v 149.759838 823.70249 2712.670699
v 115.989046 733.681813 2572.988459
v -1.379777 736.567571 2599.504788
cstype bspline
deg 1
curv 0 5 8959 8960 8961 8962 8963
parm u 0 0 1 2 3 4
end
v -1.715171 739.490659 2597.702051
v 32.055666 829.510949 2737.384531
v 149.424543 826.624724 2710.868489
v 115.653706 736.604434 2571.18601
v -1.715171 739.490659 2597.702051
cstype bspline
deg 1
curv 0 5 8964 8965 8966 8967 8968
parm u 0 0 1 2 3 4
end
v -666.267543 -1857.255701 1669.456362
v -684.232429 -2003.144533 1750.76871
v -803.211943 -1996.75878 1735.93894
v -785.247057 -1850.869948 1654.626592
v -666.267543 -1857.255701 1669.456362
cstype bspline
deg 1
curv 0 5 8969 8970 8971 8972 8973
parm u 0 0 1 2 3 4
end
v -665.986289 -1858.956107 1666.467671
v -683.951177 -2004.844926 1747.780043
v -802.930685 -1998.459213 1732.950203
v -784.965796 -1852.570394 1651.637831
v -665.986289 -1858.956107 1666.467671
cstype bspline
deg 1
curv 0 5 8974 8975 8976 8977 8978
parm u 0 0 1 2 3 4
end
v 114.095705 999.1026 2593.442138
v 76.742326 899.308617 2463.898395
v -39.018067 901.13503 2495.870429
v -1.664688 1000.929013 2625.414171
v 114.095705 999.1026 2593.442138
cstype bspline
deg 1
curv 0 5 8979 8980 8981 8982 8983
parm u 0 0 1 2 3 4
end
v 114.601538 996.330242 2595.431981
v 77.24823 896.53587 2465.888517
v -38.512184 898.362393 2497.860472
v -1.158875 998.156765 2627.403935
v 114.601538 996.330242 2595.431981
cstype bspline
deg 1
curv 0 5 8984 8985 8986 8987 8988
parm u 0 0 1 2 3 4
end
v -1082.391189 -1976.881772 1658.903917
v -1040.660092 -1833.591672 1581.623187
v -973.218541 -1895.342924 1503.545079
v -1014.949637 -2038.633024 1580.825809
v -1082.391189 -1976.881772 1658.903917
cstype bspline
deg 1
curv 0 5 8989 8990 8991 8992 8993
parm u 0 0 1 2 3 4
end
v -1085.115794 -1977.215288 1656.814271
v -1043.38491 -1833.925213 1579.533378
v -975.943588 -1895.676493 1501.455094
v -1017.674472 -2038.966568 1578.735987
v -1085.115794 -1977.215288 1656.814271
cstype bspline
deg 1
curv 0 5 8994 8995 8996 8997 8998
parm u 0 0 1 2 3 4
end
v -1819.183148 -750.056344 1785.756033
v -1686.016837 -737.007116 1683.863923
v -1618.544295 -701.237559 1776.627089
v -1751.710606 -714.286786 1878.519199
v -1819.183148 -750.056344 1785.756033
cstype bspline
deg 1
curv 0 5 8999 9000 9001 9002 9003
parm u 0 0 1 2 3 4
end
v -1820.012146 -746.773177 1785.093053
v -1686.845788 -733.724138 1683.200981
v -1619.373062 -697.955306 1775.964293
v -1752.53942 -711.004345 1877.856365
v -1820.012146 -746.773177 1785.093053
cstype bspline
deg 1
curv 0 5 9004 9005 9006 9007 9008
parm u 0 0 1 2 3 4
end
v 648.988729 -1149.960014 2460.268817
v 698.408533 -1281.815787 2553.562106
v 596.841917 -1274.087382 2618.287416
v 547.422113 -1142.231609 2524.994127
v 648.988729 -1149.960014 2460.268817
cstype bspline
deg 1
curv 0 5 9009 9010 9011 9012 9013
parm u 0 0 1 2 3 4
end
v 647.42215 -1152.105266 2458.066699
v 696.842109 -1283.960828 2551.360206
v 595.275484 -1276.232435 2616.085503
v 545.855526 -1144.376874 2522.791997
v 647.42215 -1152.105266 2458.066699
cstype bspline
deg 1
curv 0 5 9014 9015 9016 9017 9018
parm u 0 0 1 2 3 4
end
v 1411.17144 1077.965311 1579.741744
v 1368.137633 938.873407 1494.572088
v 1446.472814 874.664069 1559.852826
v 1489.506621 1013.755973 1645.022482
v 1411.17144 1077.965311 1579.741744
cstype bspline
deg 1
curv 0 5 9019 9020 9021 9022 9023
parm u 0 0 1 2 3 4
end
v 1408.702071 1077.309725 1582.060091
v 1365.668329 938.217838 1496.890373
v 1444.003449 874.008484 1562.171169
v 1487.037191 1013.100371 1647.340886
v 1408.702071 1077.309725 1582.060091
cstype bspline
deg 1
curv 0 5 9024 9025 9026 9027 9028
parm u 0 0 1 2 3 4
end
v -876.158262 -2027.471347 1659.668422
v -852.413813 -1879.273254 1584.303165
v -771.815556 -1929.61762 1510.699251
v -795.560005 -2077.815713 1586.064508
v -876.158262 -2027.471347 1659.668422
cstype bspline
deg 1
curv 0 5 9029 9030 9031 9032 9033
parm u 0 0 1 2 3 4
end
v -878.670741 -2028.21073 1657.42292
v -854.926244 -1880.012622 1582.057707
v -774.327983 -1930.356987 1508.453796
v -798.072481 -2078.555095 1583.81901
v -878.670741 -2028.21073 1657.42292
cstype bspline
deg 1
curv 0 5 9034 9035 9036 9037 9038
parm u 0 0 1 2 3 4
end
v -1284.014066 -1895.72532 1662.405833
v -1223.02955 -1760.421738 1583.155316
v -1170.750994 -1831.682586 1501.721581
v -1231.73551 -1966.986168 1580.972098
v -1284.014066 -1895.72532 1662.405833
cstype bspline
deg 1
curv 0 5 9039 9040 9041 9042 9043
parm u 0 0 1 2 3 4
end
v -1286.857775 -1895.584868 1660.45734
v -1225.873113 -1760.281293 1581.206923
v -1173.59472 -1831.542133 1499.773076
v -1234.579383 -1966.845708 1579.023492
v -1286.857775 -1895.584868 1660.45734
cstype bspline
deg 1
curv 0 5 9044 9045 9046 9047 9048
parm u 0 0 1 2 3 4
end
v 1457.781735 985.639294 1366.046706
v 1503.400113 1125.931578 1448.379296
v 1582.10566 1061.664933 1514.279021
v 1536.487282 921.372649 1431.946431
v 1457.781735 985.639294 1366.046706
cstype bspline
deg 1
curv 0 5 9049 9050 9051 9052 9053
parm u 0 0 1 2 3 4
end
v 1460.232706 986.224988 1363.690655
v 1505.851518 1126.517376 1446.022828
v 1584.556803 1062.250668 1511.922805
v 1538.937991 921.95828 1429.590632
v 1460.232706 986.224988 1363.690655
cstype bspline
deg 1
curv 0 5 9054 9055 9056 9057 9058
parm u 0 0 1 2 3 4
end
v 548.049591 -872.503529 2838.966108
v 599.078494 -978.274436 2960.707196
v 703.314236 -994.867067 2902.599836
v 652.285333 -889.096161 2780.858748
v 548.049591 -872.503529 2838.966108
cstype bspline
deg 1
curv 0 5 9059 9060 9061 9062 9063
parm u 0 0 1 2 3 4
end
v 549.432043 -869.85327 2840.689248
v 600.460748 -975.624557 2962.430089
v 704.696602 -992.216974 2904.322868
v 653.667897 -886.445687 2782.582028
v 549.432043 -869.85327 2840.689248
cstype bspline
deg 1
curv 0 5 9064 9065 9066 9067 9068
parm u 0 0 1 2 3 4
end
v 571.804491 206.225699 2766.093291
v 630.552948 293.090634 2897.817402
v 724.942894 329.43051 2831.755658
v 666.194438 242.565575 2700.031546
v 571.804491 206.225699 2766.093291
cstype bspline
deg 1
curv 0 5 9069 9070 9071 9072 9073
parm u 0 0 1 2 3 4
end
v 573.589422 203.458985 2767.121691
v 632.338395 290.323118 2898.846101
v 726.728419 326.662873 2832.784401
v 667.979446 239.798739 2701.059992
v 573.589422 203.458985 2767.121691
cstype bspline
deg 1
curv 0 5 9074 9075 9076 9077 9078
parm u 0 0 1 2 3 4
end
v -1739.470641 -1351.34811 1448.804848
v -1876.991254 -1419.280983 1521.367183
v -1878.693645 -1505.333528 1437.578392
v -1741.173031 -1437.400655 1365.016057
v -1739.470641 -1351.34811 1448.804848
cstype bspline
deg 1
curv 0 5 9079 9080 9081 9082 9083
parm u 0 0 1 2 3 4
end
v -1737.450349 -1353.319319 1450.788286
v -1874.971124 -1421.252034 1523.350462
v -1876.673246 -1507.304841 1439.561934
v -1739.15247 -1439.372126 1366.999758
v -1737.450349 -1353.319319 1450.788286
cstype bspline
deg 1
curv 0 5 9084 9085 9086 9087 9088
parm u 0 0 1 2 3 4
end
v -1637.472282 -1587.600105 1363.585327
v -1748.779222 -1696.422531 1425.694302
v -1717.750848 -1776.48952 1341.013937
v -1606.443908 -1667.667095 1278.904961
v -1637.472282 -1587.600105 1363.585327
cstype bspline
deg 1
curv 0 5 9089 9090 9091 9092 9093
parm u 0 0 1 2 3 4
end
v -1635.050518 -1588.880011 1365.68287
v -1746.35738 -1697.702478 1427.791913
v -1715.329189 -1777.769371 1343.111389
v -1604.022326 -1668.946905 1281.002347
v -1635.050518 -1588.880011 1365.68287
cstype bspline
deg 1
curv 0 5 9094 9095 9096 9097 9098
parm u 0 0 1 2 3 4
end
v 1681.050149 -746.886313 2105.820247
v 1786.1831 -833.255702 2204.077682
v 1879.605562 -774.847601 2155.459405
v 1774.47261 -688.478213 2057.20197
v 1681.050149 -746.886313 2105.820247
cstype bspline
deg 1
curv 0 5 9099 9100 9101 9102 9103
parm u 0 0 1 2 3 4
end
v 1680.787322 -744.447224 2108.245433
v 1785.920232 -830.816232 2206.503247
v 1879.342699 -772.408182 2157.884919
v 1774.209788 -686.039174 2059.627106
v 1680.787322 -744.447224 2108.245433
cstype bspline
deg 1
curv 0 5 9104 9105 9106 9107 9108
parm u 0 0 1 2 3 4
end
v 2530.500112 -192.289152 1057.523823
v 2687.124934 -206.361887 1120.028847
v 2650.357141 -295.293842 1192.138782
v 2493.732319 -281.221107 1129.633758
v 2530.500112 -192.289152 1057.523823
cstype bspline
deg 1
curv 0 5 9109 9110 9111 9112 9113
parm u 0 0 1 2 3 4
end
v 2531.270547 -194.5938 1055.074391
v 2687.895353 -208.666487 1117.579468
v 2651.127472 -297.598177 1189.689685
v 2494.502665 -283.52549 1127.184608
v 2531.270547 -194.5938 1055.074391
cstype bspline
deg 1
curv 0 5 9114 9115 9116 9117 9118
parm u 0 0 1 2 3 4
end
v 619.132829 348.677661 2646.214714
v 685.364805 442.667356 2769.747764
v 782.602537 464.281104 2701.16922
v 716.37056 370.291409 2577.63617
v 619.132829 348.677661 2646.214714
cstype bspline
deg 1
curv 0 5 9119 9120 9121 9122 9123
parm u 0 0 1 2 3 4
end
v 620.673794 345.879263 2647.517686
v 686.905691 439.869102 2771.050668
v 784.143398 461.482895 2702.472103
v 717.911501 367.493056 2578.93912
v 620.673794 345.879263 2647.517686
cstype bspline
deg 1
curv 0 5 9124 9125 9126 9127 9128
parm u 0 0 1 2 3 4
end
v -207.597799 -428.205585 2919.671234
v -274.054682 -422.808018 3073.921323
v -286.120653 -303.301085 3064.541013
v -219.66377 -308.698653 2910.290925
v -207.597799 -428.205585 2919.671234
cstype bspline
deg 1
curv 0 5 9129 9130 9131 9132 9133
parm u 0 0 1 2 3 4
end
v -204.448091 -427.782229 2921.013442
v -270.905254 -422.384699 3075.263412
v -282.97108 -302.877747 3065.883164
v -216.513918 -308.275276 2911.633194
v -204.448091 -427.782229 2921.013442
cstype bspline
deg 1
curv 0 5 9134 9135 9136 9137 9138
parm u 0 0 1 2 3 4
end
v -607.494573 -2005.10728 1756.295199
v -604.951316 -1857.175136 1676.931077
v -487.288974 -1847.232407 1699.234541
v -489.832232 -1995.164551 1778.598663
v -607.494573 -2005.10728 1756.295199
cstype bspline
deg 1
curv 0 5 9139 9140 9141 9142 9143
parm u 0 0 1 2 3 4
end
v -608.19369 -2003.500811 1759.267202
v -605.650433 -1855.568667 1679.903082
v -487.988153 -1845.625796 1702.206808
v -490.53141 -1993.55794 1781.570928
v -608.19369 -2003.500811 1759.267202
cstype bspline
deg 1
curv 0 5 9144 9145 9146 9147 9148
parm u 0 0 1 2 3 4
end
v -673.143421 -2047.884386 1668.938795
v -665.648878 -1897.014008 1594.313343
v -573.367388 -1935.039901 1526.704062
v -580.861931 -2085.910278 1601.329513
v -673.143421 -2047.884386 1668.938795
cstype bspline
deg 1
curv 0 5 9149 9150 9151 9152 9153
parm u 0 0 1 2 3 4
end
v -670.928766 -2046.800694 1671.352116
v -663.434154 -1895.930283 1596.726739
v -571.152751 -1933.956218 1529.117362
v -578.647363 -2084.82663 1603.742739
v -670.928766 -2046.800694 1671.352116
cstype bspline
deg 1
curv 0 5 9154 9155 9156 9157 9158
parm u 0 0 1 2 3 4
end
v 620.02805 -1006.895493 2669.696375
v 677.211253 -1129.30895 2769.917143
v 778.427958 -1135.499879 2704.603849
v 721.244755 -1013.086422 2604.383081
v 620.02805 -1006.895493 2669.696375
cstype bspline
deg 1
curv 0 5 9159 9160 9161 9162 9163
parm u 0 0 1 2 3 4
end
v 621.492874 -1004.535845 2671.742738
v 678.676224 -1126.949065 2771.963711
v 779.89274 -1133.140299 2706.650153
v 722.70939 -1010.727078 2606.429181
v 621.492874 -1004.535845 2671.742738
cstype bspline
deg 1
curv 0 5 9164 9165 9166 9167 9168
parm u 0 0 1 2 3 4
end
v -1747.433906 -950.860054 1573.471816
v -1884.806616 -962.203966 1671.63231
v -1824.777353 -908.427679 1761.856143
v -1687.404643 -897.083768 1663.695649
v -1747.433906 -950.860054 1573.471816
cstype bspline
deg 1
curv 0 5 9169 9170 9171 9172 9173
parm u 0 0 1 2 3 4
end
v -1748.495974 -947.778287 1572.341623
v -1885.868728 -959.122069 1670.50207
v -1825.839423 -905.345906 1760.725948
v -1688.466669 -894.002123 1662.565501
v -1748.495974 -947.778287 1572.341623
cstype bspline
deg 1
curv 0 5 9174 9175 9176 9177 9178
parm u 0 0 1 2 3 4
end
v -1151.297235 -58.337753 2568.277627
v -1055.15533 -48.076082 2430.924969
v -991.794271 41.304329 2481.95307
v -1087.936176 31.042658 2619.305728
v -1151.297235 -58.337753 2568.277627
cstype bspline
deg 1
curv 0 5 9179 9180 9181 9182 9183
parm u 0 0 1 2 3 4
end
v -1153.472684 -56.024901 2566.92767
v -1057.330389 -45.763644 2429.575254
v -993.969471 43.616918 2480.603267
v -1090.111765 33.355661 2617.955683
v -1153.472684 -56.024901 2566.92767
cstype bspline
deg 1
curv 0 5 9184 9185 9186 9187 9188
parm u 0 0 1 2 3 4
end
v -1720.119508 -1355.466447 1483.312318
v -1855.889902 -1406.604406 1569.074606
v -1833.99893 -1323.328515 1653.385616
v -1698.228535 -1272.190556 1567.623329
v -1720.119508 -1355.466447 1483.312318
cstype bspline
deg 1
curv 0 5 9189 9190 9191 9192 9193
parm u 0 0 1 2 3 4
end
v -1718.174153 -1357.72956 1485.042543
v -1853.944135 -1408.867999 1570.805197
v -1832.053152 -1325.59212 1655.116217
v -1696.28317 -1274.453681 1569.353563
v -1718.174153 -1357.72956 1485.042543
cstype bspline
deg 1
curv 0 5 9194 9195 9196 9197 9198
parm u 0 0 1 2 3 4
end
v 649.89832 106.408338 2796.764525
v 704.856686 183.919127 2935.997027
v 623.451241 123.098799 3001.988385
v 568.492875 45.58801 2862.755882
v 649.89832 106.408338 2796.764525
cstype bspline
deg 1
curv 0 5 9199 9200 9201 9202 9203
parm u 0 0 1 2 3 4
end
v 652.192514 103.881438 2797.265679
v 707.150857 181.392253 2936.498176
v 625.745646 120.571668 3002.489584
v 570.787303 43.060854 2863.257087
v 652.192514 103.881438 2797.265679
cstype bspline
deg 1
curv 0 5 9204 9205 9206 9207 9208
parm u 0 0 1 2 3 4
end
v -1469.404588 -1789.604725 1661.442231
v -1388.142235 -1666.05463 1581.011069
v -1349.47203 -1744.929188 1498.9219
v -1430.734382 -1868.479283 1579.353062
v -1469.404588 -1789.604725 1661.442231
cstype bspline
deg 1
curv 0 5 9209 9210 9211 9212 9213
parm u 0 0 1 2 3 4
end
v -1472.214576 -1788.997846 1659.53543
v -1390.95225 -1665.447746 1579.10425
v -1352.282616 -1744.32218 1497.014694
v -1433.544942 -1867.87228 1577.445874
v -1472.214576 -1788.997846 1659.53543
cstype bspline
deg 1
curv 0 5 9214 9215 9216 9217 9218
parm u 0 0 1 2 3 4
end
v -1212.257252 -1991.691301 1548.73223
v -1159.905866 -1847.484422 1479.517214
v -1092.864301 -1909.41517 1401.19431
v -1145.215688 -2053.622049 1470.409327
v -1212.257252 -1991.691301 1548.73223
cstype bspline
deg 1
curv 0 5 9219 9220 9221 9222 9223
parm u 0 0 1 2 3 4
end
v -1214.912869 -1991.783335 1546.531885
v -1162.561514 -1847.576456 1477.316843
v -1095.519856 -1909.507201 1398.994016
v -1147.871212 -2053.71408 1468.209058
v -1214.912869 -1991.783335 1546.531885
cstype bspline
deg 1
curv 0 5 9224 9225 9226 9227 9228
parm u 0 0 1 2 3 4
end
v 1699.125331 1006.429853 1176.209897
v 1759.959364 1146.572284 1249.056983
v 1817.438449 1079.11585 1330.828602
v 1756.604416 938.973418 1257.981516
v 1699.125331 1006.429853 1176.209897
cstype bspline
deg 1
curv 0 5 9229 9230 9231 9232 9233
parm u 0 0 1 2 3 4
end
v 1701.893241 1006.296766 1174.154491
v 1762.726853 1146.439218 1247.001891
v 1820.205793 1078.982791 1328.773617
v 1759.372181 938.840339 1255.926217
v 1701.893241 1006.296766 1174.154491
cstype bspline
deg 1
curv 0 5 9234 9235 9236 9237 9238
parm u 0 0 1 2 3 4
end
v -986.898482 -2064.313291 1542.142241
v -955.264767 -1914.005985 1473.617741
v -874.874403 -1964.592676 1399.768191
v -906.508118 -2114.899983 1468.292691
v -986.898482 -2064.313291 1542.142241
cstype bspline
deg 1
curv 0 5 9239 9240 9241 9242 9243
parm u 0 0 1 2 3 4
end
v -989.381584 -2064.854106 1539.809697
v -957.748229 -1914.546878 1471.284859
v -877.358317 -1965.133667 1397.434884
v -908.991673 -2115.440896 1465.959722
v -989.381584 -2064.854106 1539.809697
cstype bspline
deg 1
curv 0 5 9244 9245 9246 9247 9248
parm u 0 0 1 2 3 4
end
v -1564.39916 -1853.247982 1441.885818
v -1475.554326 -1724.998647 1380.784756
v -1431.234669 -1796.692285 1294.745519
v -1520.079502 -1924.941619 1355.846581
v -1564.39916 -1853.247982 1441.885818
cstype bspline
deg 1
curv 0 5 9249 9250 9251 9252 9253
parm u 0 0 1 2 3 4
end
v -1567.034417 -1852.404117 1439.825222
v -1478.189417 -1724.154835 1378.724289
v -1433.87006 -1795.848377 1292.684818
v -1522.715059 -1924.097658 1353.78575
v -1567.034417 -1852.404117 1439.825222
cstype bspline
deg 1
curv 0 5 9254 9255 9256 9257 9258
parm u 0 0 1 2 3 4
end
v 396.907283 949.670244 2496.397908
v 330.622789 842.661377 2386.408569
v 228.122873 905.454336 2387.088195
v 294.407367 1012.463203 2497.077533
v 396.907283 949.670244 2496.397908
cstype bspline
deg 1
curv 0 5 9259 9260 9261 9262 9263
parm u 0 0 1 2 3 4
end
v 398.080613 951.613638 2493.800076
v 331.796151 844.604823 2383.810668
v 229.296268 907.397837 2384.490221
v 295.58073 1014.406652 2494.479629
v 398.080613 951.613638 2493.800076
cstype bspline
deg 1
curv 0 5 9264 9265 9266 9267 9268
parm u 0 0 1 2 3 4
end
v -753.472947 -1948.882138 1470.801454
v -767.03368 -2102.340264 1539.712548
v -674.886675 -2140.893251 1471.992128
v -661.325942 -1987.435125 1403.081034
v -753.472947 -1948.882138 1470.801454
cstype bspline
deg 1
curv 0 5 9269 9270 9271 9272 9273
parm u 0 0 1 2 3 4
end
v -755.68349 -1949.802281 1468.317396
v -769.244079 -2103.260347 1537.228651
v -677.096926 -2141.813272 1469.508397
v -663.536337 -1988.355206 1400.597143
v -755.68349 -1949.802281 1468.317396
cstype bspline
deg 1
curv 0 5 9274 9275 9276 9277 9278
parm u 0 0 1 2 3 4
end
v -1660.92958 -1899.290011 1170.70341
v -1566.760809 -1769.393702 1123.461446
v -1515.556683 -1837.504699 1038.250393
v -1609.725454 -1967.401008 1085.492357
v -1660.92958 -1899.290011 1170.70341
cstype bspline
deg 1
curv 0 5 9279 9280 9281 9282 9283
parm u 0 0 1 2 3 4
end
v -1663.374946 -1898.33057 1168.467081
v -1569.206304 -1768.43421 1121.224999
v -1518.002458 -1836.545098 1036.01369
v -1612.171099 -1966.441457 1083.255772
v -1663.374946 -1898.33057 1168.467081
cstype bspline
deg 1
curv 0 5 9284 9285 9286 9287 9288
parm u 0 0 1 2 3 4
end
v -552.362152 -1955.573639 1478.415547
v -548.68126 -2109.476375 1547.261203
v -442.784891 -2130.966976 1493.557663
v -446.465783 -1977.064241 1424.712007
v -552.362152 -1955.573639 1478.415547
cstype bspline
deg 1
curv 0 5 9289 9290 9291 9292 9293
parm u 0 0 1 2 3 4
end
v -554.014401 -1956.843296 1475.665617
v -550.333356 -2110.745913 1544.511528
v -444.437058 -2132.23657 1490.807869
v -448.118104 -1978.333952 1421.961958
v -554.014401 -1956.843296 1475.665617
cstype bspline
deg 1
curv 0 5 9294 9295 9296 9297 9298
parm u 0 0 1 2 3 4
end
v -1347.626594 -1981.709511 1445.209368
v -1281.882565 -1840.156157 1384.077302
v -1226.858916 -1903.084359 1297.539711
v -1292.602946 -2044.637713 1358.671777
v -1347.626594 -1981.709511 1445.209368
cstype bspline
deg 1
curv 0 5 9299 9300 9301 9302 9303
parm u 0 0 1 2 3 4
end
v -1350.3806 -1981.311599 1443.168922
v -1284.63586 -1839.758348 1382.037383
v -1229.612239 -1902.686545 1295.499772
v -1295.35698 -2044.239797 1356.631311
v -1350.3806 -1981.311599 1443.168922
cstype bspline
deg 1
curv 0 5 9304 9305 9306 9307 9308
parm u 0 0 1 2 3 4
end
v -1760.848775 -1166.679501 1509.650205
v -1900.746333 -1189.622205 1602.053095
v -1856.385066 -1116.226046 1687.439377
v -1716.487508 -1093.283342 1595.036487
v -1760.848775 -1166.679501 1509.650205
cstype bspline
deg 1
curv 0 5 9309 9310 9311 9312 9313
parm u 0 0 1 2 3 4
end
v -1762.321358 -1163.976527 1508.09185
v -1902.218833 -1186.919381 1600.494827
v -1857.857553 -1113.523249 1685.881123
v -1717.960077 -1090.580394 1593.478146
v -1762.321358 -1163.976527 1508.09185
cstype bspline
deg 1
curv 0 5 9314 9315 9316 9317 9318
parm u 0 0 1 2 3 4
end
v -1751.114091 -1596.891787 1562.725404
v -1629.56004 -1514.647771 1480.371327
v -1630.290681 -1428.836029 1564.989966
v -1751.844731 -1511.080045 1647.344043
v -1751.114091 -1596.891787 1562.725404
cstype bspline
deg 1
curv 0 5 9319 9320 9321 9322 9323
parm u 0 0 1 2 3 4
end
v -1753.500054 -1595.152351 1560.940832
v -1631.945697 -1512.908558 1478.586984
v -1632.676481 -1427.096712 1563.205516
v -1754.230838 -1509.340504 1645.559364
v -1753.500054 -1595.152351 1560.940832
cstype bspline
deg 1
curv 0 5 9324 9325 9326 9327 9328
parm u 0 0 1 2 3 4
end
v -1765.073721 -1603.455561 1530.088771
v -1645.840552 -1506.508199 1460.110572
v -1624.387138 -1591.856444 1378.423294
v -1743.620308 -1688.803806 1448.401493
v -1765.073721 -1603.455561 1530.088771
cstype bspline
deg 1
curv 0 5 9329 9330 9331 9332 9333
parm u 0 0 1 2 3 4
end
v -1767.43742 -1602.053778 1528.003389
v -1648.204401 -1505.106327 1458.025057
v -1626.750983 -1590.454574 1376.337783
v -1745.984002 -1687.402024 1446.316114
v -1767.43742 -1602.053778 1528.003389
cstype bspline
deg 1
curv 0 5 9334 9335 9336 9337 9338
parm u 0 0 1 2 3 4
end
v -1574.396239 -1749.799234 1156.446413
v -1679.160601 -1871.484637 1210.325195
v -1721.127228 -1797.63488 1295.513287
v -1616.362865 -1675.949477 1241.634505
v -1574.396239 -1749.799234 1156.446413
cstype bspline
deg 1
curv 0 5 9339 9340 9341 9342 9343
parm u 0 0 1 2 3 4
end
v -1571.967474 -1750.927448 1158.620935
v -1676.731786 -1872.612875 1212.499762
v -1718.697987 -1798.763315 1297.688234
v -1613.933675 -1677.077888 1243.809407
v -1571.967474 -1750.927448 1158.620935
cstype bspline
deg 1
curv 0 5 9344 9345 9346 9347 9348
parm u 0 0 1 2 3 4
end
v -475.790363 -1877.99705 1639.063688
v -467.850322 -2028.803129 1713.267241
v -361.937605 -2049.654796 1659.55675
v -369.877645 -1898.848716 1585.353196
v -475.790363 -1877.99705 1639.063688
cstype bspline
deg 1
curv 0 5 9349 9350 9351 9352 9353
parm u 0 0 1 2 3 4
end
v -477.430762 -1879.405919 1636.375911
v -469.490919 -2030.212168 1710.579141
v -363.578199 -2051.063833 1656.868652
v -371.518042 -1900.257584 1582.665422
v -477.430762 -1879.405919 1636.375911
cstype bspline
deg 1
curv 0 5 9354 9355 9356 9357 9358
parm u 0 0 1 2 3 4
end
v -1605.329305 -1748.096654 1569.73968
v -1503.365264 -1641.400671 1488.682819
v -1526.736133 -1556.632754 1570.864734
v -1628.700174 -1663.328736 1651.921595
v -1605.329305 -1748.096654 1569.73968
cstype bspline
deg 1
curv 0 5 9359 9360 9361 9362 9363
parm u 0 0 1 2 3 4
end
v -1607.992239 -1746.992399 1567.843409
v -1506.027765 -1640.296596 1486.786856
v -1529.39835 -1555.528796 1568.968973
v -1631.362824 -1662.224599 1650.025526
v -1607.992239 -1746.992399 1567.843409
cstype bspline
deg 1
curv 0 5 9364 9365 9366 9367 9368
parm u 0 0 1 2 3 4
end
v -1043.966431 -2131.663257 1353.217719
v -1000.930478 -1981.926089 1291.712695
v -1067.365558 -1928.091685 1376.289759
v -1110.401511 -2077.828852 1437.794783
v -1043.966431 -2131.663257 1353.217719
cstype bspline
deg 1
curv 0 5 9369 9370 9371 9372 9373
parm u 0 0 1 2 3 4
end
v -1046.702454 -2131.739677 1351.117231
v -1003.666446 -1982.002508 1289.61225
v -1070.101344 -1928.168098 1374.189454
v -1113.137352 -2077.905267 1435.694435
v -1046.702454 -2131.739677 1351.117231
cstype bspline
deg 1
curv 0 5 9374 9375 9376 9377 9378
parm u 0 0 1 2 3 4
end
v 61.97221 -16.024663 3112.309245
v 88.645248 -61.390373 2949.980143
v 79.26756 -178.351961 2981.126216
v 52.594522 -132.986251 3143.455319
v 61.97221 -16.024663 3112.309245
cstype bspline
deg 1
curv 0 5 9379 9380 9381 9382 9383
parm u 0 0 1 2 3 4
end
v 58.574873 -15.909507 3111.71882
v 85.248423 -61.275235 2949.389807
v 75.870989 -178.236831 2980.535924
v 49.197439 -132.871103 3142.864937
v 58.574873 -15.909507 3111.71882
cstype bspline
deg 1
curv 0 5 9384 9385 9386 9387 9388
parm u 0 0 1 2 3 4
end
v -314.535739 -1795.941814 1775.980976
v -303.58458 -1943.388291 1855.115882
v -416.22879 -1969.502537 1822.047428
v -427.17995 -1822.056061 1742.912522
v -314.535739 -1795.941814 1775.980976
cstype bspline
deg 1
curv 0 5 9389 9390 9391 9392 9393
parm u 0 0 1 2 3 4
end
v -313.348302 -1797.404535 1773.091267
v -302.397135 -1944.85102 1852.226155
v -415.041153 -1970.965504 1819.157233
v -425.99232 -1823.519019 1740.022345
v -313.348302 -1797.404535 1773.091267
cstype bspline
deg 1
curv 0 5 9394 9395 9396 9397 9398
parm u 0 0 1 2 3 4
end
v -1373.156365 -1957.310843 1472.3768
v -1298.739318 -1823.307549 1402.755223
v -1350.538254 -1752.04324 1484.553546
v -1424.955301 -1886.046534 1554.175123
v -1373.156365 -1957.310843 1472.3768
cstype bspline
deg 1
curv 0 5 9399 9400 9401 9402 9403
parm u 0 0 1 2 3 4
end
v -1375.870271 -1956.888007 1470.289805
v -1301.453156 -1822.884724 1400.66828
v -1353.252592 -1751.620338 1482.466218
v -1427.669707 -1885.623621 1552.087743
v -1375.870271 -1956.888007 1470.289805
cstype bspline
deg 1
curv 0 5 9404 9405 9406 9407 9408
parm u 0 0 1 2 3 4
end
v 2373.203522 512.124952 1016.937863
v 2514.489579 587.761634 1072.739285
v 2533.210437 496.525507 1149.006191
v 2391.92438 420.888824 1093.204769
v 2373.203522 512.124952 1016.937863
cstype bspline
deg 1
curv 0 5 9409 9410 9411 9412 9413
parm u 0 0 1 2 3 4
end
v 2371.369663 513.768182 1019.353744
v 2512.655623 589.404952 1075.155293
v 2531.376217 498.169062 1151.422547
v 2390.090257 422.532292 1095.620997
v 2371.369663 513.768182 1019.353744
cstype bspline
deg 1
curv 0 5 9414 9415 9416 9417 9418
parm u 0 0 1 2 3 4
end
v -795.891931 -2181.50609 1345.742621
v -773.559572 -2027.310889 1283.040082
v -850.824101 -1983.116919 1364.201055
v -873.156459 -2137.312119 1426.903594
v -795.891931 -2181.50609 1345.742621
cstype bspline
deg 1
curv 0 5 9419 9420 9421 9422 9423
parm u 0 0 1 2 3 4
end
v -793.284882 -2180.988932 1347.942925
v -770.952562 -2026.793739 1285.240354
v -848.217456 -1982.599841 1366.401017
v -870.549777 -2136.795034 1429.103588
v -793.284882 -2180.988932 1347.942925
cstype bspline
deg 1
curv 0 5 9424 9425 9426 9427 9428
parm u 0 0 1 2 3 4
end
v 792.103968 -156.870519 3057.294234
v 721.923452 -195.853716 2909.053455
v 675.79413 -295.766448 2957.166379
v 745.974646 -256.783251 3105.407158
v 792.103968 -156.870519 3057.294234
cstype bspline
deg 1
curv 0 5 9429 9430 9431 9432 9433
parm u 0 0 1 2 3 4
end
v 794.947069 -158.610927 3056.405931
v 724.766783 -197.594265 2908.165081
v 678.637506 -297.507025 2956.277991
v 748.817793 -258.523687 3104.518841
v 794.947069 -158.610927 3056.405931
cstype bspline
deg 1
curv 0 5 9434 9435 9436 9437 9438
parm u 0 0 1 2 3 4
end
v 734.718488 18.379685 3012.914971
v 674.939538 -44.420963 2868.992369
v 616.108056 -129.533287 2930.567084
v 675.887006 -66.732639 3074.489686
v 734.718488 18.379685 3012.914971
cstype bspline
deg 1
curv 0 5 9439 9440 9441 9442 9443
parm u 0 0 1 2 3 4
end
v 737.467198 16.307784 3012.677351
v 677.688128 -46.492773 2868.754759
v 618.85614 -131.604715 2930.329518
v 678.63521 -68.804158 3074.25211
v 737.467198 16.307784 3012.677351
cstype bspline
deg 1
curv 0 5 9444 9445 9446 9447 9448
parm u 0 0 1 2 3 4
end
v 2447.753141 322.206454 1470.494862
v 2310.65603 264.170283 1393.806926
v 2313.431639 357.667316 1318.087876
v 2450.52875 415.703487 1394.775813
v 2447.753141 322.206454 1470.494862
cstype bspline
deg 1
curv 0 5 9449 9450 9451 9452 9453
parm u 0 0 1 2 3 4
end
v 2449.732511 320.393249 1468.328516
v 2312.635704 262.356801 1391.640247
v 2315.411569 355.853599 1315.920917
v 2452.508376 413.890048 1392.609185
v 2449.732511 320.393249 1468.328516
cstype bspline
deg 1
curv 0 5 9454 9455 9456 9457 9458
parm u 0 0 1 2 3 4
end
v -1479.859259 -1715.758296 1391.880211
v -1577.00394 -1834.722375 1461.479309
v -1614.851766 -1755.665095 1543.782983
v -1517.707084 -1636.701016 1474.183885
v -1479.859259 -1715.758296 1391.880211
cstype bspline
deg 1
curv 0 5 9459 9460 9461 9462 9463
parm u 0 0 1 2 3 4
end
v -1477.257033 -1716.670497 1393.953091
v -1574.401122 -1835.634783 1463.552662
v -1612.249168 -1756.577426 1545.85616
v -1515.105079 -1637.61314 1476.25659
v -1477.257033 -1716.670497 1393.953091
cstype bspline
deg 1
curv 0 5 9464 9465 9466 9467 9468
parm u 0 0 1 2 3 4
end
v 2599.717308 -302.26415 1311.637245
v 2449.111126 -276.440968 1243.899052
v 2398.011331 -337.741205 1334.143235
v 2548.617514 -363.564387 1401.881428
v 2599.717308 -302.26415 1311.637245
cstype bspline
deg 1
curv 0 5 9469 9470 9471 9472 9473
parm u 0 0 1 2 3 4
end
v 2600.02948 -305.185861 1309.829378
v 2449.423331 -279.362987 1242.090995
v 2398.323531 -340.663175 1332.335208
v 2548.92968 -366.486049 1400.073591
v 2600.02948 -305.185861 1309.829378
cstype bspline
deg 1
curv 0 5 9474 9475 9476 9477 9478
parm u 0 0 1 2 3 4
end
v 1595.997764 1106.526224 1030.401479
v 1644.981329 1253.869104 1094.057861
v 1701.86526 1196.361197 1183.396946
v 1652.881694 1049.018317 1119.740565
v 1595.997764 1106.526224 1030.401479
cstype bspline
deg 1
curv 0 5 9479 9480 9481 9482 9483
parm u 0 0 1 2 3 4
end
v 1593.12815 1106.655012 1032.311511
v 1642.111208 1253.997915 1095.968231
v 1698.994963 1196.490016 1185.307433
v 1650.011904 1049.147113 1121.650714
v 1593.12815 1106.655012 1032.311511
cstype bspline
deg 1
curv 0 5 9484 9485 9486 9487 9488
parm u 0 0 1 2 3 4
end
v 1926.229789 868.719236 1223.552294
v 2013.286694 993.76176 1298.135257
v 2057.639263 915.38359 1377.770157
v 1970.582358 790.341067 1303.187194
v 1926.229789 868.719236 1223.552294
cstype bspline
deg 1
curv 0 5 9489 9490 9491 9492 9493
parm u 0 0 1 2 3 4
end
v 1928.903659 868.105935 1221.459475
v 2015.960232 993.148535 1296.042698
v 2060.312588 914.770414 1375.677764
v 1973.256015 789.727815 1301.094541
v 1928.903659 868.105935 1221.459475
cstype bspline
deg 1
curv 0 5 9494 9495 9496 9497 9498
parm u 0 0 1 2 3 4
end
v 2057.18149 609.928124 1442.273408
v 2162.979506 704.956409 1533.853448
v 2185.763726 610.957468 1605.070199
v 2079.96571 515.929183 1513.490159
v 2057.18149 609.928124 1442.273408
cstype bspline
deg 1
curv 0 5 9499 9500 9501 9502 9503
parm u 0 0 1 2 3 4
end
v 2059.792548 609.002959 1440.216972
v 2165.590703 704.031195 1531.796902
v 2188.37432 610.032467 1603.014129
v 2082.576164 515.004231 1511.434198
v 2059.792548 609.002959 1440.216972
cstype bspline
deg 1
curv 0 5 9504 9505 9506 9507 9508
parm u 0 0 1 2 3 4
end
v 1460.134526 1108.885098 1118.947785
v 1503.322324 1255.710143 1189.378263
v 1576.758079 1197.50515 1265.686449
v 1533.570281 1050.680106 1195.25597
v 1460.134526 1108.885098 1118.947785
cstype bspline
deg 1
curv 0 5 9509 9510 9511 9512 9513
parm u 0 0 1 2 3 4
end
v 1462.727697 1109.203065 1116.694777
v 1505.915852 1256.028153 1187.124945
v 1579.351333 1197.823127 1263.433369
v 1536.163178 1050.998039 1193.0032
v 1462.727697 1109.203065 1116.694777
cstype bspline
deg 1
curv 0 5 9514 9515 9516 9517 9518
parm u 0 0 1 2 3 4
end
v 2450.254325 -58.830159 1253.664092
v 2602.992526 -54.727682 1323.514074
v 2571.380425 -144.854262 1397.932384
v 2418.642224 -148.95674 1328.082402
v 2450.254325 -58.830159 1253.664092
cstype bspline
deg 1
curv 0 5 9519 9520 9521 9522 9523
parm u 0 0 1 2 3 4
end
v 2451.373818 -61.132493 1251.351337
v 2604.112188 -57.030364 1321.200969
v 2572.500029 -147.156823 1395.619402
v 2419.761658 -151.258952 1325.769769
v 2451.373818 -61.132493 1251.351337
cstype bspline
deg 1
curv 0 5 9524 9525 9526 9527 9528
parm u 0 0 1 2 3 4
end
v 1621.46337 -895.399512 2306.505144
v 1526.248411 -798.486413 2208.162714
v 1624.96379 -758.270475 2152.218096
v 1720.178749 -855.183574 2250.560527
v 1621.46337 -895.399512 2306.505144
cstype bspline
deg 1
curv 0 5 9529 9530 9531 9532 9533
parm u 0 0 1 2 3 4
end
v 1621.212733 -897.968454 2304.216215
v 1525.997756 -801.055539 2205.873621
v 1624.713116 -760.839796 2149.928829
v 1719.928093 -857.752711 2248.271424
v 1621.212733 -897.968454 2304.216215
cstype bspline
deg 1
curv 0 5 9534 9535 9536 9537 9538
parm u 0 0 1 2 3 4
end
v 1603.616963 916.939035 1723.329763
v 1552.138972 786.973471 1630.376837
v 1437.767229 818.831027 1649.173905
v 1489.245221 948.796591 1742.12683
v 1603.616963 916.939035 1723.329763
cstype bspline
deg 1
curv 0 5 9539 9540 9541 9542 9543
parm u 0 0 1 2 3 4
end
v 1603.70558 918.921923 1720.508238
v 1552.227589 788.956359 1627.555312
v 1437.855858 820.814197 1646.351978
v 1489.33385 950.779761 1739.304904
v 1603.70558 918.921923 1720.508238
cstype bspline
deg 1
curv 0 5 9544 9545 9546 9547 9548
parm u 0 0 1 2 3 4
end
v 2079.469212 485.21179 1543.546872
v 2188.811835 565.20575 1642.938661
v 2195.784654 467.935047 1713.554579
v 2086.442031 387.941087 1614.16279
v 2079.469212 485.21179 1543.546872
cstype bspline
deg 1
curv 0 5 9549 9550 9551 9552 9553
parm u 0 0 1 2 3 4
end
v 2082.081064 484.013318 1541.638104
v 2191.423599 564.007318 1641.029957
v 2198.396682 466.736494 1711.645682
v 2089.054148 386.742494 1612.253829
v 2082.081064 484.013318 1541.638104
cstype bspline
deg 1
curv 0 5 9554 9555 9556 9557 9558
parm u 0 0 1 2 3 4
end
v 573.462617 2074.900961 1017.687223
v 417.937543 2034.221527 969.29943
v 414.176253 2131.957691 899.222315
v 569.701327 2172.637126 947.610108
v 573.462617 2074.900961 1017.687223
cstype bspline
deg 1
curv 0 5 9559 9560 9561 9562 9563
parm u 0 0 1 2 3 4
end
v 574.757157 2073.070698 1015.065096
v 419.232126 2032.391204 966.677217
v 415.47094 2130.12722 896.599891
v 570.995971 2170.806714 944.987769
v 574.757157 2073.070698 1015.065096
cstype bspline
deg 1
curv 0 5 9564 9565 9566 9567 9568
parm u 0 0 1 2 3 4
end
v 2488.577974 48.467259 1133.011729
v 2643.685623 65.469953 1196.820701
v 2623.570559 -27.439523 1270.473536
v 2468.46291 -44.442217 1206.664564
v 2488.577974 48.467259 1133.011729
cstype bspline
deg 1
curv 0 5 9569 9570 9571 9572 9573
parm u 0 0 1 2 3 4
end
v 2489.800031 46.304608 1130.617403
v 2644.907681 63.3073 1194.426374
v 2624.792595 -29.602138 1268.079251
v 2469.684945 -46.604831 1204.27028
v 2489.800031 46.304608 1130.617403
cstype bspline
deg 1
curv 0 5 9574 9575 9576 9577 9578
parm u 0 0 1 2 3 4
end
v 265.178947 -1064.295031 2950.775874
v 261.166818 -956.691533 2821.616468
v 310.020453 -871.611936 2890.979246
v 314.032583 -979.215435 3020.138651
v 265.178947 -1064.295031 2950.775874
cstype bspline
deg 1
curv 0 5 9579 9580 9581 9582 9583
parm u 0 0 1 2 3 4
end
v 268.329973 -1065.325007 2949.819923
v 264.318185 -957.72162 2820.660414
v 313.171364 -872.641875 2890.02333
v 317.183151 -980.245262 3019.182839
v 268.329973 -1065.325007 2949.819923
cstype bspline
deg 1
curv 0 5 9584 9585 9586 9587 9588
parm u 0 0 1 2 3 4
end
v -234.168469 -1920.830327 1500.581128
v -215.921803 -2072.761483 1570.474026
v -328.9571 -2067.221002 1612.027446
v -347.203766 -1915.289846 1542.134548
v -234.168469 -1920.830327 1500.581128
cstype bspline
deg 1
curv 0 5 9589 9590 9591 9592 9593
parm u 0 0 1 2 3 4
end
v -235.308271 -1922.303213 1497.676978
v -217.061586 -2074.234345 1567.569922
v -330.096891 -2068.693875 1609.123322
v -348.343576 -1916.762742 1539.230378
v -235.308271 -1922.303213 1497.676978
cstype bspline
deg 1
curv 0 5 9594 9595 9596 9597 9598
parm u 0 0 1 2 3 4
end
v 2443.472161 -430.323116 1582.846027
v 2296.698719 -395.992954 1507.827777
v 2354.807375 -336.057202 1421.566057
v 2501.580817 -370.387363 1496.584307
v 2443.472161 -430.323116 1582.846027
cstype bspline
deg 1
curv 0 5 9599 9600 9601 9602 9603
parm u 0 0 1 2 3 4
end
v 2443.210195 -427.418142 1584.687972
v 2296.436719 -393.087607 1509.669959
v 2354.545373 -333.151842 1423.408247
v 2501.318849 -367.482378 1498.42626
v 2443.210195 -427.418142 1584.687972
cstype bspline
deg 1
curv 0 5 9604 9605 9606 9607 9608
parm u 0 0 1 2 3 4
end
v 1357.003226 1084.716688 1225.186412
v 1393.693982 1231.224862 1298.29653
v 1467.294755 1174.608028 1374.816184
v 1430.603999 1028.099854 1301.706066
v 1357.003226 1084.716688 1225.186412
cstype bspline
deg 1
curv 0 5 9609 9610 9611 9612 9613
parm u 0 0 1 2 3 4
end
v 1354.380112 1084.276938 1227.384094
v 1391.071283 1230.785182 1300.493864
v 1464.672037 1174.168345 1377.013535
v 1427.980865 1027.660101 1303.903765
v 1354.380112 1084.276938 1227.384094
cstype bspline
deg 1
curv 0 5 9614 9615 9616 9617 9618
parm u 0 0 1 2 3 4
end
v -638.024236 -2161.195687 1424.194276
v -634.758174 -2005.882737 1360.937482
v -546.801732 -2038.464244 1285.482208
v -550.067794 -2193.777194 1348.739001
v -638.024236 -2161.195687 1424.194276
cstype bspline
deg 1
curv 0 5 9619 9620 9621 9622 9623
parm u 0 0 1 2 3 4
end
v -635.669334 -2160.286986 1426.546938
v -632.403771 -2004.974228 1363.289645
v -544.447565 -2037.555825 1287.834136
v -547.713127 -2192.868583 1351.091428
v -635.669334 -2160.286986 1426.546938
cstype bspline
deg 1
curv 0 5 9624 9625 9626 9627 9628
parm u 0 0 1 2 3 4
end
v -509.939974 -2074.083276 1188.039086
v -503.744275 -2231.475553 1247.997221
v -402.500718 -2251.205241 1185.744201
v -408.696417 -2093.812964 1125.786066
v -509.939974 -2074.083276 1188.039086
cstype bspline
deg 1
curv 0 5 9629 9630 9631 9632 9633
parm u 0 0 1 2 3 4
end
v -511.805722 -2075.180194 1185.352424
v -505.610091 -2232.572511 1245.310461
v -404.366578 -2252.302225 1183.057377
v -410.562209 -2094.909908 1123.09934
v -511.805722 -2075.180194 1185.352424
cstype bspline
deg 1
curv 0 5 9634 9635 9636 9637 9638
parm u 0 0 1 2 3 4
end
v -179.525857 -1825.015332 1685.318279
v -159.396803 -1973.927711 1760.895544
v -272.57446 -1968.258358 1802.209501
v -292.703513 -1819.34598 1726.632236
v -179.525857 -1825.015332 1685.318279
cstype bspline
deg 1
curv 0 5 9639 9640 9641 9642 9643
parm u 0 0 1 2 3 4
end
v -180.645016 -1826.611482 1682.471433
v -160.515767 -1975.523583 1758.049193
v -273.69341 -1969.854211 1799.363185
v -293.822658 -1820.94211 1723.785425
v -180.645016 -1826.611482 1682.471433
cstype bspline
deg 1
curv 0 5 9644 9645 9646 9647 9648
parm u 0 0 1 2 3 4
end
v 155.151156 -935.406036 3044.311956
v 172.366112 -836.448592 2908.363367
v 122.586954 -922.186185 2839.651223
v 105.371998 -1021.143629 2975.599811
v 155.151156 -935.406036 3044.311956
cstype bspline
deg 1
curv 0 5 9649 9650 9651 9652 9653
parm u 0 0 1 2 3 4
end
v 152.02858 -934.060892 3044.895684
v 169.243496 -835.103432 2908.947103
v 119.464484 -920.841087 2840.234932
v 102.249567 -1019.798548 2976.183513
v 152.02858 -934.060892 3044.895684
cstype bspline
deg 1
curv 0 5 9654 9655 9656 9657 9658
parm u 0 0 1 2 3 4
end
v -1364.075572 -2108.219677 1087.271342
v -1291.980483 -1964.49707 1039.110747
v -1348.660062 -1906.198219 1128.240537
v -1420.755151 -2049.920826 1176.401131
v -1364.075572 -2108.219677 1087.271342
cstype bspline
deg 1
curv 0 5 9659 9660 9661 9662 9663
parm u 0 0 1 2 3 4
end
v -1361.414693 -2108.849404 1089.37536
v -1289.319507 -1965.126821 1041.214842
v -1345.999247 -1906.827931 1130.344504
v -1418.094433 -2050.550515 1178.505021
v -1361.414693 -2108.849404 1089.37536
cstype bspline
deg 1
curv 0 5 9664 9665 9666 9667 9668
parm u 0 0 1 2 3 4
end
v 770.852329 566.844488 2363.451127
v 846.031283 676.893746 2465.312011
v 888.968161 735.922356 2369.848434
v 813.789207 625.873097 2267.987551
v 770.852329 566.844488 2363.451127
cstype bspline
deg 1
curv 0 5 9669 9670 9671 9672 9673
parm u 0 0 1 2 3 4
end
v 773.679411 564.867671 2363.500316
v 848.858306 674.916971 2465.361199
v 891.794819 733.945835 2369.897616
v 816.615924 623.896535 2268.036733
v 773.679411 564.867671 2363.500316
cstype bspline
deg 1
curv 0 5 9674 9675 9676 9677 9678
parm u 0 0 1 2 3 4
end
v 1682.707692 -1110.691712 1611.720607
v 1772.866414 -1234.388805 1680.156706
v 1702.087116 -1232.294516 1777.187786
v 1611.928394 -1108.597423 1708.751687
v 1682.707692 -1110.691712 1611.720607
cstype bspline
deg 1
curv 0 5 9679 9680 9681 9682 9683
parm u 0 0 1 2 3 4
end
v 1684.788044 -1108.363644 1613.187864
v 1774.946778 -1232.060723 1681.623972
v 1704.167597 -1229.966303 1778.655134
v 1614.008862 -1106.269225 1710.219026
v 1684.788044 -1108.363644 1613.187864
cstype bspline
deg 1
curv 0 5 9684 9685 9686 9687 9688
parm u 0 0 1 2 3 4
end
v 2384.768536 -558.267856 1613.167628
v 2247.288225 -500.438829 1536.020532
v 2180.612609 -532.775464 1630.600738
v 2318.09292 -590.604492 1707.747834
v 2384.768536 -558.267856 1613.167628
cstype bspline
deg 1
curv 0 5 9689 9690 9691 9692 9693
parm u 0 0 1 2 3 4
end
v 2385.277273 -555.164451 1614.587321
v 2247.796943 -497.33554 1537.440171
v 2181.121294 -529.672379 1632.020284
v 2318.601624 -587.50129 1709.167433
v 2385.277273 -555.164451 1614.587321
cstype bspline
deg 1
curv 0 5 9694 9695 9696 9697 9698
parm u 0 0 1 2 3 4
end
v 1736.075118 -1112.735646 1529.898948
v 1832.901158 -1236.761728 1588.898397
v 1895.892214 -1236.353573 1486.379601
v 1799.066174 -1112.327491 1427.380152
v 1736.075118 -1112.735646 1529.898948
cstype bspline
deg 1
curv 0 5 9699 9700 9701 9702 9703
parm u 0 0 1 2 3 4
end
v 1738.240091 -1110.408247 1531.23846
v 1835.06647 -1234.433965 1590.23812
v 1898.057764 -1234.025554 1487.719471
v 1801.231385 -1109.999836 1428.719811
v 1738.240091 -1110.408247 1531.23846
cstype bspline
deg 1
curv 0 5 9704 9705 9706 9707 9708
parm u 0 0 1 2 3 4
end
v 1722.355208 -985.991876 1773.140795
v 1820.389666 -1102.371059 1845.016604
v 1886.085548 -1109.249944 1744.273123
v 1788.05109 -992.870761 1672.397314
v 1722.355208 -985.991876 1773.140795
cstype bspline
deg 1
curv 0 5 9709 9710 9711 9712 9713
parm u 0 0 1 2 3 4
end
v 1724.434477 -983.507698 1774.327099
v 1822.468939 -1099.886876 1846.20291
v 1888.165055 -1106.765482 1745.459562
v 1790.130593 -990.386304 1673.583751
v 1724.434477 -983.507698 1774.327099
cstype bspline
deg 1
curv 0 5 9714 9715 9716 9717 9718
parm u 0 0 1 2 3 4
end
v -270.602286 -2037.600542 1233.095766
v -248.35849 -2192.323247 1294.900113
v -138.745757 -2196.345487 1245.380375
v -160.989553 -2041.622782 1183.576027
v -270.602286 -2037.600542 1233.095766
cstype bspline
deg 1
curv 0 5 9719 9720 9721 9722 9723
parm u 0 0 1 2 3 4
end
v -271.951473 -2038.943875 1230.218426
v -249.707575 -2193.666477 1292.022992
v -140.094815 -2197.688691 1242.503311
v -162.338713 -2042.966088 1180.698745
v -271.951473 -2038.943875 1230.218426
cstype bspline
deg 1
curv 0 5 9724 9725 9726 9727 9728
parm u 0 0 1 2 3 4
end
v 1507.018203 -1083.940682 1866.342504
v 1591.748144 -1207.649861 1942.862731
v 1659.544186 -1222.280545 1844.139757
v 1574.814246 -1098.571366 1767.619529
v 1507.018203 -1083.940682 1866.342504
cstype bspline
deg 1
curv 0 5 9729 9730 9731 9732 9733
parm u 0 0 1 2 3 4
end
v 1509.282629 -1081.638862 1867.556409
v 1594.013203 -1205.347397 1944.076976
v 1661.80894 -1219.978392 1845.353837
v 1577.078366 -1096.269856 1768.83327
v 1509.282629 -1081.638862 1867.556409
cstype bspline
deg 1
curv 0 5 9734 9735 9736 9737 9738
parm u 0 0 1 2 3 4
end
v -143.70629 -1860.190402 1967.299969
v -165.282037 -1714.94857 1886.112639
v -265.648399 -1758.09857 1835.591139
v -244.072652 -1903.340402 1916.778469
v -143.70629 -1860.190402 1967.299969
cstype bspline
deg 1
curv 0 5 9739 9740 9741 9742 9743
parm u 0 0 1 2 3 4
end
v -141.854227 -1861.396257 1964.650545
v -163.429894 -1716.154478 1883.4631
v -263.796368 -1759.304405 1832.941759
v -242.220701 -1904.546184 1914.129204
v -141.854227 -1861.396257 1964.650545
cstype bspline
deg 1
curv 0 5 9744 9745 9746 9747 9748
parm u 0 0 1 2 3 4
end
v -1096.674729 -296.620269 2585.911141
v -997.46791 -283.185475 2451.44158
v -942.261926 -188.392684 2501.641281
v -1041.468745 -201.827479 2636.110842
v -1096.674729 -296.620269 2585.911141
cstype bspline
deg 1
curv 0 5 9749 9750 9751 9752 9753
parm u 0 0 1 2 3 4
end
v -1098.964414 -294.504158 2584.433314
v -999.757603 -281.069356 2449.963748
v -944.551381 -186.276786 2500.163602
v -1043.758192 -199.711588 2634.633168
v -1098.964414 -294.504158 2584.433314
cstype bspline
deg 1
curv 0 5 9754 9755 9756 9757 9758
parm u 0 0 1 2 3 4
end
v 2443.230874 -543.184251 1510.323307
v 2300.535797 -488.964555 1440.894695
v 2359.684138 -465.16614 1337.913604
v 2502.379214 -519.385836 1407.342215
v 2443.230874 -543.184251 1510.323307
cstype bspline
deg 1
curv 0 5 9759 9760 9761 9762 9763
parm u 0 0 1 2 3 4
end
v 2442.562974 -546.378383 1509.201544
v 2299.868095 -492.157744 1439.773264
v 2359.01643 -468.359359 1336.792162
v 2501.711309 -522.579998 1406.220442
v 2442.562974 -546.378383 1509.201544
cstype bspline
deg 1
curv 0 5 9764 9765 9766 9767 9768
parm u 0 0 1 2 3 4
end
v -1805.204529 -811.161876 1494.148501
v -1946.788843 -824.860097 1584.094735
v -1892.178631 -771.564532 1678.173204
v -1750.594316 -757.866311 1588.22697
v -1805.204529 -811.161876 1494.148501
cstype bspline
deg 1
curv 0 5 9769 9770 9771 9772 9773
parm u 0 0 1 2 3 4
end
v -1804.175275 -814.246978 1495.298768
v -1945.75928 -827.946129 1585.245348
v -1891.149134 -774.650363 1679.323742
v -1749.56513 -760.951211 1589.377162
v -1804.175275 -814.246978 1495.298768
cstype bspline
deg 1
curv 0 5 9774 9775 9776 9777 9778
parm u 0 0 1 2 3 4
end
v -417.206808 -1988.427098 1392.247714
v -403.476974 -2142.555673 1456.850344
v -302.247415 -2159.939141 1393.862907
v -315.977248 -2005.810566 1329.260277
v -417.206808 -1988.427098 1392.247714
cstype bspline
deg 1
curv 0 5 9779 9780 9781 9782 9783
parm u 0 0 1 2 3 4
end
v -419.056253 -1989.691423 1389.624346
v -405.326494 -2143.820049 1454.22687
v -304.097091 -2161.203623 1391.239212
v -317.826849 -2007.074997 1326.636688
v -419.056253 -1989.691423 1389.624346
cstype bspline
deg 1
curv 0 5 9784 9785 9786 9787 9788
parm u 0 0 1 2 3 4
end
v 799.330083 -888.703882 2696.821897
v 866.333493 -996.991074 2807.937491
v 763.207754 -996.560384 2870.542696
v 696.204343 -888.273192 2759.427102
v 799.330083 -888.703882 2696.821897
cstype bspline
deg 1
curv 0 5 9789 9790 9791 9792 9793
parm u 0 0 1 2 3 4
end
v 800.485209 -886.055361 2698.706444
v 867.488713 -994.342338 2809.82219
v 764.362986 -993.911622 2872.427414
v 697.359481 -885.624644 2761.311668
v 800.485209 -886.055361 2698.706444
cstype bspline
deg 1
curv 0 5 9794 9795 9796 9797 9798
parm u 0 0 1 2 3 4
end
v 2301.069365 479.053491 1220.777707
v 2436.707248 552.553019 1291.146731
v 2448.801464 458.77873 1365.780878
v 2313.163581 385.279203 1295.411854
v 2301.069365 479.053491 1220.777707
cstype bspline
deg 1
curv 0 5 9799 9800 9801 9802 9803
parm u 0 0 1 2 3 4
end
v 2299.028232 480.61964 1223.076241
v 2434.666421 554.118933 1293.444921
v 2446.760425 460.344806 1368.079306
v 2311.122236 386.845514 1297.710627
v 2299.028232 480.61964 1223.076241
cstype bspline
deg 1
curv 0 5 9804 9805 9806 9807 9808
parm u 0 0 1 2 3 4
end
v 1840.025285 -995.272845 1592.023802
v 1943.240853 -1111.305821 1655.656111
v 2006.680295 -1111.018076 1553.278087
v 1903.464727 -994.9851 1489.645777
v 1840.025285 -995.272845 1592.023802
cstype bspline
deg 1
curv 0 5 9809 9810 9811 9812 9813
parm u 0 0 1 2 3 4
end
v 1842.049323 -992.780728 1593.285042
v 1945.264876 -1108.813722 1656.917342
v 2008.704708 -1108.525497 1554.53956
v 1905.489155 -992.492503 1490.90726
v 1842.049323 -992.780728 1593.285042
cstype bspline
deg 1
curv 0 5 9814 9815 9816 9817 9818
parm u 0 0 1 2 3 4
end
v 1276.622681 -951.110498 2546.051158
v 1194.191029 -846.031036 2445.123003
v 1284.11188 -852.012169 2365.454267
v 1366.543532 -957.09163 2466.382422
v 1276.622681 -951.110498 2546.051158
cstype bspline
deg 1
curv 0 5 9819 9820 9821 9822 9823
parm u 0 0 1 2 3 4
end
v 1275.084948 -953.790581 2544.51676
v 1192.653303 -848.711109 2443.588611
v 1282.574062 -854.692402 2363.919784
v 1365.005708 -959.771874 2464.847933
v 1275.084948 -953.790581 2544.51676
cstype bspline
deg 1
curv 0 5 9824 9825 9826 9827 9828
parm u 0 0 1 2 3 4
end
v 2398.873235 153.842503 1293.27087
v 2546.489009 185.867023 1366.409744
v 2529.543478 92.7436 1441.38575
v 2381.927704 60.71908 1368.246875
v 2398.873235 153.842503 1293.27087
cstype bspline
deg 1
curv 0 5 9829 9830 9831 9832 9833
parm u 0 0 1 2 3 4
end
v 2400.441529 151.7473 1291.022991
v 2548.057343 183.771767 1364.161808
v 2531.111826 90.648325 1439.137793
v 2383.496012 58.623858 1365.998975
v 2400.441529 151.7473 1291.022991
cstype bspline
deg 1
curv 0 5 9834 9835 9836 9837 9838
parm u 0 0 1 2 3 4
end
v 2414.298652 260.746821 1186.770978
v 2563.165711 306.52331 1253.265893
v 2558.409885 212.462571 1328.666488
v 2409.542827 166.686082 1262.171573
v 2414.298652 260.746821 1186.770978
cstype bspline
deg 1
curv 0 5 9839 9840 9841 9842 9843
parm u 0 0 1 2 3 4
end
v 2412.659709 262.695573 1189.098626
v 2561.526632 308.472223 1255.593732
v 2556.770734 214.411569 1330.994429
v 2407.903812 168.634919 1264.499322
v 2412.659709 262.695573 1189.098626
cstype bspline
deg 1
curv 0 5 9844 9845 9846 9847 9848
parm u 0 0 1 2 3 4
end
v 653.60995 890.960749 2377.232228
v 577.440975 778.378284 2277.394195
v 620.358462 688.797049 2345.667728
v 696.527437 801.379514 2445.505761
v 653.60995 890.960749 2377.232228
cstype bspline
deg 1
curv 0 5 9849 9850 9851 9852 9853
parm u 0 0 1 2 3 4
end
v 650.787287 891.116133 2379.210488
v 574.618383 778.533664 2279.372404
v 617.536263 688.952407 2347.645662
v 693.705167 801.534877 2447.483745
v 650.787287 891.116133 2379.210488
cstype bspline
deg 1
curv 0 5 9854 9855 9856 9857 9858
parm u 0 0 1 2 3 4
end
v 850.616056 588.948219 2549.238073
v 776.9703 487.801352 2437.53479
v 679.935754 480.428684 2508.185398
v 753.58151 581.57555 2619.888681
v 850.616056 588.948219 2549.238073
cstype bspline
deg 1
curv 0 5 9859 9860 9861 9862 9863
parm u 0 0 1 2 3 4
end
v 851.979363 586.203955 2550.824162
v 778.333538 485.057227 2439.120798
v 681.29867 477.685206 2509.771032
v 754.944496 578.831933 2621.474396
v 851.979363 586.203955 2550.824162
cstype bspline
deg 1
curv 0 5 9864 9865 9866 9867 9868
parm u 0 0 1 2 3 4
end
v -1505.923452 -1952.914729 1313.063331
v -1424.952432 -1815.073488 1260.040436
v -1371.409729 -1879.581236 1174.107353
v -1452.380749 -2017.422478 1227.130248
v -1505.923452 -1952.914729 1313.063331
cstype bspline
deg 1
curv 0 5 9869 9870 9871 9872 9873
parm u 0 0 1 2 3 4
end
v -1508.527616 -1952.21205 1310.91328
v -1427.556969 -1814.370708 1257.890077
v -1374.014633 -1878.878358 1171.956691
v -1454.985279 -2016.7197 1224.979894
v -1508.527616 -1952.21205 1310.91328
cstype bspline
deg 1
curv 0 5 9874 9875 9876 9877 9878
parm u 0 0 1 2 3 4
end
v 2171.025831 -724.210179 1830.711374
v 2044.843813 -648.029009 1750.408147
v 2113.888805 -636.600841 1652.757958
v 2240.070823 -712.782011 1733.061185
v 2171.025831 -724.210179 1830.711374
cstype bspline
deg 1
curv 0 5 9879 9880 9881 9882 9883
parm u 0 0 1 2 3 4
end
v 2172.141391 -721.153944 1831.857838
v 2045.959457 -644.972544 1751.554697
v 2115.004581 -633.544016 1653.904643
v 2241.186515 -709.725417 1734.207783
v 2172.141391 -721.153944 1831.857838
cstype bspline
deg 1
curv 0 5 9884 9885 9886 9887 9888
parm u 0 0 1 2 3 4
end
v 2138.111575 685.075362 1240.004563
v 2252.588365 785.987518 1313.993492
v 2281.26557 697.691208 1390.049419
v 2166.788781 596.779052 1316.06049
v 2138.111575 685.075362 1240.004563
cstype bspline
deg 1
curv 0 5 9889 9890 9891 9892 9893
parm u 0 0 1 2 3 4
end
v 2140.519832 683.959229 1237.80075
v 2254.996549 784.871418 1311.789745
v 2283.673852 696.575063 1387.845583
v 2169.197135 595.662874 1313.856588
v 2140.519832 683.959229 1237.80075
cstype bspline
deg 1
curv 0 5 9894 9895 9896 9897 9898
parm u 0 0 1 2 3 4
end
v -750.091234 -2220.466697 1253.940734
v -737.213753 -2063.024898 1195.833884
v -649.425246 -2097.859244 1120.904899
v -662.302727 -2255.301043 1179.011749
v -750.091234 -2220.466697 1253.940734
cstype bspline
deg 1
curv 0 5 9899 9900 9901 9902 9903
parm u 0 0 1 2 3 4
end
v -747.741151 -2219.763412 1256.367154
v -734.863286 -2062.321497 1198.2607
v -647.075303 -2097.156001 1123.331173
v -659.953168 -2254.597915 1181.437627
v -747.741151 -2219.763412 1256.367154
cstype bspline
deg 1
curv 0 5 9904 9905 9906 9907 9908
parm u 0 0 1 2 3 4
end
v 2542.554164 -156.682466 1458.603679
v 2390.426524 -151.566023 1384.578452
v 2347.061026 -227.348063 1468.460078
v 2499.188666 -232.464506 1542.485305
v 2542.554164 -156.682466 1458.603679
cstype bspline
deg 1
curv 0 5 9909 9910 9911 9912 9913
parm u 0 0 1 2 3 4
end
v 2543.426265 -159.370972 1456.625621
v 2391.298628 -154.254542 1382.600385
v 2347.933226 -230.036875 1466.481795
v 2500.060862 -235.153306 1540.507031
v 2543.426265 -159.370972 1456.625621
cstype bspline
deg 1
curv 0 5 9914 9915 9916 9917 9918
parm u 0 0 1 2 3 4
end
v 1449.388314 -937.771089 2417.103827
v 1362.362782 -834.147643 2318.756156
v 1460.148848 -816.114962 2251.227604
v 1547.174379 -919.738408 2349.575276
v 1449.388314 -937.771089 2417.103827
cstype bspline
deg 1
curv 0 5 9919 9920 9921 9922 9923
parm u 0 0 1 2 3 4
end
v 1448.492014 -940.429346 2415.096095
v 1361.466412 -836.806109 2316.748264
v 1459.252343 -818.773829 2249.21941
v 1546.277945 -922.397065 2347.567241
v 1448.492014 -940.429346 2415.096095
cstype bspline
deg 1
curv 0 5 9924 9925 9926 9927 9928
parm u 0 0 1 2 3 4
end
v 1220.494292 1084.091788 1299.845593
v 1260.65576 1229.898572 1371.41315
v 1181.726653 1286.363083 1300.668806
v 1141.565185 1140.556299 1229.101249
v 1220.494292 1084.091788 1299.845593
cstype bspline
deg 1
curv 0 5 9929 9930 9931 9932 9933
parm u 0 0 1 2 3 4
end
v 1222.959237 1084.573857 1297.480196
v 1263.12093 1230.380685 1369.047537
v 1184.191331 1286.845099 1298.303665
v 1144.029638 1141.038271 1226.736323
v 1222.959237 1084.573857 1297.480196
cstype bspline
deg 1
curv 0 5 9934 9935 9936 9937 9938
parm u 0 0 1 2 3 4
end
v -1149.048484 -2168.579964 1162.401585
v -1101.192856 -2016.480713 1112.784365
v -1038.337811 -2065.620557 1022.771951
v -1086.193439 -2217.719808 1072.389171
v -1149.048484 -2168.579964 1162.401585
cstype bspline
deg 1
curv 0 5 9939 9940 9941 9942 9943
parm u 0 0 1 2 3 4
end
v -1151.818726 -2168.375776 1160.355675
v -1103.963673 -2016.276483 1110.73803
v -1041.108658 -2065.416324 1020.725594
v -1088.96371 -2217.515618 1070.343239
v -1151.818726 -2168.375776 1160.355675
cstype bspline
deg 1
curv 0 5 9944 9945 9946 9947 9948
parm u 0 0 1 2 3 4
end
v 0.661153 -1721.344915 1818.009421
v 29.271198 -1867.110871 1896.225509
v -87.431482 -1874.619383 1924.920161
v -116.041527 -1728.853427 1846.704073
v 0.661153 -1721.344915 1818.009421
cstype bspline
deg 1
curv 0 5 9949 9950 9951 9952 9953
parm u 0 0 1 2 3 4
end
v 0.047481 -1723.043013 1815.069279
v 28.6576 -1868.808764 1893.285724
v -88.045027 -1876.317132 1921.980625
v -116.655146 -1730.551381 1843.76418
v 0.047481 -1723.043013 1815.069279
cstype bspline
deg 1
curv 0 5 9954 9955 9956 9957 9958
parm u 0 0 1 2 3 4
end
v 1311.528365 1054.080601 1668.527351
v 1269.710379 913.744381 1586.962132
v 1176.367455 970.848104 1536.569237
v 1218.18544 1111.184324 1618.134455
v 1311.528365 1054.080601 1668.527351
cstype bspline
deg 1
curv 0 5 9959 9960 9961 9962 9963
parm u 0 0 1 2 3 4
end
v 1313.532547 1055.021437 1665.881077
v 1271.71459 914.68523 1584.315819
v 1178.371249 971.788757 1533.923474
v 1220.189205 1112.124964 1615.488732
v 1313.532547 1055.021437 1665.881077
cstype bspline
deg 1
curv 0 5 9964 9965 9966 9967 9968
parm u 0 0 1 2 3 4
end
v 881.376978 -1019.40933 2482.299172
v 949.545902 -1141.849249 2575.946368
v 846.310407 -1152.006411 2637.814858
v 778.141483 -1029.566491 2544.167662
v 881.376978 -1019.40933 2482.299172
cstype bspline
deg 1
curv 0 5 9969 9970 9971 9972 9973
parm u 0 0 1 2 3 4
end
v 882.499544 -1017.056209 2484.558621
v 950.668533 -1139.495992 2578.205948
v 847.433135 -1149.652951 2640.074633
v 779.264146 -1027.213168 2546.427306
v 882.499544 -1017.056209 2484.558621
cstype bspline
deg 1
curv 0 5 9974 9975 9976 9977 9978
parm u 0 0 1 2 3 4
end
v 1061.886777 -812.119897 2578.12924
v 1143.449506 -911.234987 2685.471658
v 1222.980503 -938.881287 2599.513741
v 1141.417774 -839.766197 2492.171323
v 1061.886777 -812.119897 2578.12924
cstype bspline
deg 1
curv 0 5 9979 9980 9981 9982 9983
parm u 0 0 1 2 3 4
end
v 1063.855146 -809.45572 2579.093576
v 1145.417938 -908.570726 2686.436024
v 1224.949022 -936.216907 2600.47815
v 1143.386231 -837.101902 2493.135701
v 1063.855146 -809.45572 2579.093576
cstype bspline
deg 1
curv 0 5 9984 9985 9986 9987 9988
parm u 0 0 1 2 3 4
end
v 1812.054772 -865.432227 1830.617591
v 1917.613712 -970.354991 1908.702111
v 1984.196879 -977.767688 1808.730832
v 1878.637939 -872.844924 1730.646313
v 1812.054772 -865.432227 1830.617591
cstype bspline
deg 1
curv 0 5 9989 9990 9991 9992 9993
parm u 0 0 1 2 3 4
end
v 1813.942757 -862.745267 1831.675785
v 1919.501855 -967.667805 1909.760394
v 1986.084796 -975.080826 1809.788988
v 1880.525697 -870.158287 1731.704379
v 1813.942757 -862.745267 1831.675785
cstype bspline
deg 1
curv 0 5 9994 9995 9996 9997 9998
parm u 0 0 1 2 3 4
end
v -1528.097989 -2059.295219 963.904201
v -1442.21945 -1920.809532 921.882803
v -1496.810072 -1860.224642 1009.980234
v -1582.688611 -1998.710328 1052.001632
v -1528.097989 -2059.295219 963.904201
cstype bspline
deg 1
curv 0 5 9999 10000 10001 10002 10003
parm u 0 0 1 2 3 4
end
v -1525.579724 -2060.195493 966.083794
v -1439.701231 -1921.70979 924.062356
v -1494.29183 -1861.124908 1012.159807
v -1580.170324 -1999.610611 1054.181245
v -1525.579724 -2060.195493 966.083794
cstype bspline
deg 1
curv 0 5 10004 10005 10006 10007 10008
parm u 0 0 1 2 3 4
end
v 1928.807719 -876.408138 1650.099802
v 2040.888835 -981.912468 1717.868386
v 2106.007555 -977.686782 1616.74851
v 1993.92644 -872.182452 1548.979927
v 1928.807719 -876.408138 1650.099802
cstype bspline
deg 1
curv 0 5 10009 10010 10011 10012 10013
parm u 0 0 1 2 3 4
end
v 1930.577754 -873.723569 1651.351822
v 2042.658657 -979.228221 1719.120255
v 2107.777009 -975.003096 1618.000119
v 1995.696105 -869.498443 1550.231685
v 1930.577754 -873.723569 1651.351822
cstype bspline
deg 1
curv 0 5 10014 10015 10016 10017 10018
parm u 0 0 1 2 3 4
end
v -117.353743 -1983.999638 1721.949073
v -146.023111 -1835.40289 1649.770737
v -29.474887 -1827.125113 1620.519396
v -0.805519 -1975.72186 1692.697731
v -117.353743 -1983.999638 1721.949073
cstype bspline
deg 1
curv 0 5 10019 10020 10021 10022 10023
parm u 0 0 1 2 3 4
end
v -116.713262 -1982.419279 1724.948218
v -145.382663 -1833.822613 1652.769729
v -28.834425 -1825.544801 1623.518452
v -0.165024 -1974.141468 1695.696942
v -116.713262 -1982.419279 1724.948218
cstype bspline
deg 1
curv 0 5 10024 10025 10026 10027 10028
parm u 0 0 1 2 3 4
end
v -1002.792825 -2167.345539 1288.175584
v -969.191637 -2012.150721 1232.458393
v -892.547486 -2057.738985 1151.69826
v -926.148675 -2212.933803 1207.415451
v -1002.792825 -2167.345539 1288.175584
cstype bspline
deg 1
curv 0 5 10029 10030 10031 10032 10033
parm u 0 0 1 2 3 4
end
v -1005.361553 -2167.610821 1285.887531
v -971.760095 -2012.415975 1230.17058
v -895.116122 -2058.004257 1149.410289
v -928.71758 -2213.199103 1205.127241
v -1005.361553 -2167.610821 1285.887531
cstype bspline
deg 1
curv 0 5 10034 10035 10036 10037 10038
parm u 0 0 1 2 3 4
end
v -6.6927 852.21763 2728.480171
v -25.826958 765.990907 2586.633751
v -145.306597 772.368963 2598.873717
v -126.172339 858.595686 2740.720137
v -6.6927 852.21763 2728.480171
cstype bspline
deg 1
curv 0 5 10039 10040 10041 10042 10043
parm u 0 0 1 2 3 4
end
v -6.666828 849.268164 2730.269625
v -25.801087 763.04146 2588.423194
v -145.280725 769.419485 2600.663179
v -126.146467 855.646189 2742.509611
v -6.666828 849.268164 2730.269625
cstype bspline
deg 1
curv 0 5 10044 10045 10046 10047 10048
parm u 0 0 1 2 3 4
end
v -170.802774 -2077.209036 1542.275717
v -197.46979 -1925.627524 1475.348498
v -87.838779 -1928.396359 1425.395187
v -61.171762 -2079.977871 1492.322406
v -170.802774 -2077.209036 1542.275717
cstype bspline
deg 1
curv 0 5 10049 10050 10051 10052 10053
parm u 0 0 1 2 3 4
end
v -169.479481 -2075.730135 1545.097957
v -196.146618 -1924.148758 1478.17048
v -86.515485 -1926.917457 1428.217428
v -59.848347 -2078.498834 1495.144906
v -169.479481 -2075.730135 1545.097957
cstype bspline
deg 1
curv 0 5 10054 10055 10056 10057 10058
parm u 0 0 1 2 3 4
end
v 1883.416816 -756.552408 1866.951202
v 1997.654899 -847.938296 1950.213206
v 2067.124866 -850.835626 1851.718208
v 1952.886784 -759.449738 1768.456204
v 1883.416816 -756.552408 1866.951202
cstype bspline
deg 1
curv 0 5 10059 10060 10061 10062 10063
parm u 0 0 1 2 3 4
end
v 1884.987914 -753.656414 1867.97415
v 1999.22613 -845.042057 1951.236241
v 2068.696333 -847.938953 1852.741396
v 1954.458117 -756.553311 1769.479305
v 1884.987914 -753.656414 1867.97415
cstype bspline
deg 1
curv 0 5 10064 10065 10066 10067 10068
parm u 0 0 1 2 3 4
end
v -399.415369 165.777308 2946.577447
v -346.673657 140.19645 2789.446957
v -336.125958 22.696405 2812.116368
v -388.867669 48.277263 2969.246858
v -399.415369 165.777308 2946.577447
cstype bspline
deg 1
curv 0 5 10069 10070 10071 10072 10073
parm u 0 0 1 2 3 4
end
v -402.676461 165.288717 2945.562399
v -349.93532 139.707774 2788.431731
v -339.387117 22.207804 2811.101299
v -392.128258 47.788748 2968.231967
v -402.676461 165.288717 2945.562399
cstype bspline
deg 1
curv 0 5 10074 10075 10076 10077 10078
parm u 0 0 1 2 3 4
end
v 1683.380512 -979.76474 1830.045099
v 1774.935206 -1094.253337 1911.731175
v 1706.663686 -1079.089718 2009.503524
v 1615.108993 -964.601121 1927.817448
v 1683.380512 -979.76474 1830.045099
cstype bspline
deg 1
curv 0 5 10079 10080 10081 10082 10083
parm u 0 0 1 2 3 4
end
v 1685.50666 -977.28016 1831.144388
v 1777.06148 -1091.768608 1912.830529
v 1708.789972 -1076.604976 2010.602884
v 1617.235151 -962.116528 1928.916742
v 1685.50666 -977.28016 1831.144388
cstype bspline
deg 1
curv 0 5 10084 10085 10086 10087 10088
parm u 0 0 1 2 3 4
end
v 2202.728257 430.577154 1433.209354
v 2327.862266 502.646277 1520.930166
v 2334.146879 405.565101 1591.724498
v 2209.012871 333.495978 1504.003685
v 2202.728257 430.577154 1433.209354
cstype bspline
deg 1
curv 0 5 10089 10090 10091 10092 10093
parm u 0 0 1 2 3 4
end
v 2200.417093 431.987028 1435.34792
v 2325.551068 504.056171 1523.068763
v 2331.835942 406.974836 1593.862853
v 2206.701967 334.905693 1506.14201
v 2200.417093 431.987028 1435.34792
cstype bspline
deg 1
curv 0 5 10094 10095 10096 10097 10098
parm u 0 0 1 2 3 4
end
v 47.277023 -1615.364855 1989.884665
v 80.994143 -1758.163051 2071.497612
v 198.942586 -1738.372389 2057.396775
v 165.225466 -1595.574192 1975.783828
v 47.277023 -1615.364855 1989.884665
cstype bspline
deg 1
curv 0 5 10099 10100 10101 10102 10103
parm u 0 0 1 2 3 4
end
v 47.209038 -1617.088621 1986.896702
v 80.926169 -1759.886543 2068.510124
v 198.874609 -1740.09594 2054.409184
v 165.157479 -1597.298017 1972.795762
v 47.209038 -1617.088621 1986.896702
cstype bspline
deg 1
curv 0 5 10104 10105 10106 10107 10108
parm u 0 0 1 2 3 4
end
v -1262.383834 -2078.735628 1305.956817
v -1205.409012 -1929.848184 1251.951299
v -1139.934219 -1985.413525 1167.838285
v -1196.909041 -2134.300969 1221.843803
v -1262.383834 -2078.735628 1305.956817
cstype bspline
deg 1
curv 0 5 10109 10110 10111 10112 10113
parm u 0 0 1 2 3 4
end
v -1265.030708 -2078.521423 1303.754962
v -1208.055989 -1929.633971 1249.749359
v -1142.581484 -1985.199288 1165.636106
v -1199.556204 -2134.08674 1219.641709
v -1265.030708 -2078.521423 1303.754962
cstype bspline
deg 1
curv 0 5 10114 10115 10116 10117 10118
parm u 0 0 1 2 3 4
end
v 2286.944076 -707.419057 1657.978791
v 2155.135343 -631.696918 1584.616734
v 2219.697253 -617.553382 1483.217659
v 2351.505985 -693.27552 1556.579716
v 2286.944076 -707.419057 1657.978791
cstype bspline
deg 1
curv 0 5 10119 10120 10121 10122 10123
parm u 0 0 1 2 3 4
end
v 2288.065525 -704.362044 1659.119227
v 2156.256604 -628.640418 1585.756979
v 2220.818451 -614.497053 1484.357841
v 2352.627371 -690.21868 1557.720088
v 2288.065525 -704.362044 1659.119227
cstype bspline
deg 1
curv 0 5 10124 10125 10126 10127 10128
parm u 0 0 1 2 3 4
end
v -9.072607 -1604.736603 2026.923494
v 18.722192 -1746.923248 2111.075159
v -72.005565 -1799.56056 2052.103504
v -99.800365 -1657.373914 1967.95184
v -9.072607 -1604.736603 2026.923494
cstype bspline
deg 1
curv 0 5 10129 10130 10131 10132 10133
parm u 0 0 1 2 3 4
end
v -11.265625 -1603.710514 2029.381567
v 16.529216 -1745.897178 2113.533185
v -74.198472 -1798.534522 2054.561452
v -101.993313 -1656.347857 1970.409834
v -11.265625 -1603.710514 2029.381567
cstype bspline
deg 1
curv 0 5 10134 10135 10136 10137 10138
parm u 0 0 1 2 3 4
end
v 616.310093 598.541449 2440.987533
v 690.001838 704.535149 2546.962802
v 785.786023 710.331554 2474.560192
v 712.094278 604.337855 2368.584922
v 616.310093 598.541449 2440.987533
cstype bspline
deg 1
curv 0 5 10139 10140 10141 10142 10143
parm u 0 0 1 2 3 4
end
v 614.885628 601.20295 2439.316106
v 688.577502 707.196408 2545.291527
v 784.361871 712.992469 2472.889133
v 710.669997 606.999011 2366.913712
v 614.885628 601.20295 2439.316106
cstype bspline
deg 1
curv 0 5 10144 10145 10146 10147 10148
parm u 0 0 1 2 3 4
end
v 439.169257 784.479985 2373.270995
v 509.775736 891.546874 2480.003189
v 545.621 799.567578 2548.558222
v 475.01452 692.50069 2441.826028
v 439.169257 784.479985 2373.270995
cstype bspline
deg 1
curv 0 5 10149 10150 10151 10152 10153
parm u 0 0 1 2 3 4
end
v 436.217715 784.654527 2375.048427
v 506.823965 891.721429 2481.78076
v 542.668959 799.74215 2550.335956
v 472.062709 692.675248 2443.603623
v 436.217715 784.654527 2375.048427
cstype bspline
deg 1
curv 0 5 10154 10155 10156 10157 10158
parm u 0 0 1 2 3 4
end
v -3.790699 -2094.509383 1428.203535
v -37.387097 -1943.560136 1364.148237
v 74.431128 -1937.134311 1320.643385
v 108.027526 -2088.083558 1384.698684
v -3.790699 -2094.509383 1428.203535
cstype bspline
deg 1
curv 0 5 10159 10160 10161 10162 10163
parm u 0 0 1 2 3 4
end
v -2.734743 -2093.02992 1431.136104
v -36.331221 -1942.080785 1367.080583
v 75.48692 -1935.655078 1323.575499
v 109.083398 -2086.604213 1387.631019
v -2.734743 -2093.02992 1431.136104
cstype bspline
deg 1
curv 0 5 10164 10165 10166 10167 10168
parm u 0 0 1 2 3 4
end
v 1994.595951 -751.625613 1715.554204
v 2113.501506 -843.667675 1791.393467
v 2180.372064 -840.158028 1690.809082
v 2061.466509 -748.115965 1614.969819
v 1994.595951 -751.625613 1715.554204
cstype bspline
deg 1
curv 0 5 10169 10170 10171 10172 10173
parm u 0 0 1 2 3 4
end
v 1993.071642 -754.512786 1714.440085
v 2111.977035 -846.555158 1790.27923
v 2178.847418 -843.04584 1689.694717
v 2059.942026 -751.003469 1613.855573
v 1993.071642 -754.512786 1714.440085
cstype bspline
deg 1
curv 0 5 10174 10175 10176 10177 10178
parm u 0 0 1 2 3 4
end
v -769.814856 -253.249358 2807.200035
v -686.083654 -252.076384 2662.387749
v -700.891539 -133.038405 2654.789957
v -784.622742 -134.211379 2799.602243
v -769.814856 -253.249358 2807.200035
cstype bspline
deg 1
curv 0 5 10179 10180 10181 10182 10183
parm u 0 0 1 2 3 4
end
v -772.770955 -253.726417 2805.486949
v -689.040102 -252.5535 2660.67446
v -703.847728 -133.515479 2653.076819
v -787.578581 -134.688396 2797.889307
v -772.770955 -253.726417 2805.486949
cstype bspline
deg 1
curv 0 5 10184 10185 10186 10187 10188
parm u 0 0 1 2 3 4
end
v 611.432597 -181.237016 3136.388814
v 563.58088 -232.804225 2983.021927
v 608.866711 -132.151954 2935.049632
v 656.718429 -80.584745 3088.416519
v 611.432597 -181.237016 3136.388814
cstype bspline
deg 1
curv 0 5 10189 10190 10191 10192 10193
parm u 0 0 1 2 3 4
end
v 608.390368 -179.667409 3136.810275
v 560.538012 -231.234289 2983.443477
v 605.822864 -130.581513 2935.471317
v 653.675221 -79.014633 3088.838116
v 608.390368 -179.667409 3136.810275
cstype bspline
deg 1
curv 0 5 10194 10195 10196 10197 10198
parm u 0 0 1 2 3 4
end
v 141.672883 -1812.415613 1566.176479
v 176.977403 -1960.638642 1635.919118
v 64.90504 -1966.917893 1679.306223
v 29.60052 -1818.694864 1609.563584
v 141.672883 -1812.415613 1566.176479
cstype bspline
deg 1
curv 0 5 10199 10200 10201 10202 10203
parm u 0 0 1 2 3 4
end
v 140.647596 -1814.01489 1563.296598
v 175.952286 -1962.237654 1633.039716
v 63.879832 -1968.517048 1676.426564
v 28.575142 -1820.294284 1606.683447
v 140.647596 -1814.01489 1563.296598
cstype bspline
deg 1
curv 0 5 10204 10205 10206 10207 10208
parm u 0 0 1 2 3 4
end
v 2314.493156 843.222682 1107.633979
v 2194.969487 737.939599 1049.968981
v 2229.030664 655.290313 1130.268209
v 2348.554333 760.573396 1187.933207
v 2314.493156 843.222682 1107.633979
cstype bspline
deg 1
curv 0 5 10209 10210 10211 10212 10213
parm u 0 0 1 2 3 4
end
v 2316.733663 841.92897 1105.352032
v 2197.209847 736.645971 1047.687184
v 2231.271006 653.996696 1127.98643
v 2350.794822 759.279695 1185.651278
v 2316.733663 841.92897 1105.352032
cstype bspline
deg 1
curv 0 5 10214 10215 10216 10217 10218
parm u 0 0 1 2 3 4
end
v 208.728317 -1848.076415 1847.554806
v 173.252172 -1702.660492 1772.124024
v 55.522581 -1723.64783 1787.03437
v 90.998727 -1869.063752 1862.465152
v 208.728317 -1848.076415 1847.554806
cstype bspline
deg 1
curv 0 5 10219 10220 10221 10222 10223
parm u 0 0 1 2 3 4
end
v 208.828257 -1846.469185 1850.606209
v 173.352098 -1701.05348 1775.175015
v 55.622506 -1722.040837 1790.085323
v 91.098665 -1867.456542 1865.516518
v 208.828257 -1846.469185 1850.606209
cstype bspline
deg 1
curv 0 5 10224 10225 10226 10227 10228
parm u 0 0 1 2 3 4
end
v 2057.194022 -867.075524 1444.045852
v 2173.718818 -971.467225 1504.737403
v 2233.971934 -964.845568 1400.443872
v 2117.447139 -860.453868 1339.752322
v 2057.194022 -867.075524 1444.045852
cstype bspline
deg 1
curv 0 5 10229 10230 10231 10232 10233
parm u 0 0 1 2 3 4
end
v 2058.981389 -864.380612 1445.249551
v 2175.506127 -968.772398 1505.941063
v 2235.759058 -962.151023 1401.647407
v 2119.234319 -857.759237 1340.955894
v 2058.981389 -864.380612 1445.249551
cstype bspline
deg 1
curv 0 5 10234 10235 10236 10237 10238
parm u 0 0 1 2 3 4
end
v 1780.677788 1026.954731 1055.906442
v 1844.287203 1171.465681 1115.62019
v 1789.067148 1232.149 1027.585377
v 1725.457733 1087.63805 967.871629
v 1780.677788 1026.954731 1055.906442
cstype bspline
deg 1
curv 0 5 10239 10240 10241 10242 10243
parm u 0 0 1 2 3 4
end
v 1783.453645 1026.563719 1053.895726
v 1847.063569 1171.074598 1113.609105
v 1791.842993 1231.757991 1025.574669
v 1728.233068 1087.247112 965.86129
v 1783.453645 1026.563719 1053.895726
cstype bspline
deg 1
curv 0 5 10244 10245 10246 10247 10248
parm u 0 0 1 2 3 4
end
v 2487.343026 -11.927155 1555.302831
v 2338.712682 -35.274034 1478.235143
v 2363.701427 55.695271 1402.484395
v 2512.331771 79.042149 1479.552084
v 2487.343026 -11.927155 1555.302831
cstype bspline
deg 1
curv 0 5 10249 10250 10251 10252 10253
parm u 0 0 1 2 3 4
end
v 2488.823915 -14.151147 1553.120571
v 2340.193578 -37.498036 1476.052873
v 2365.182523 53.470967 1400.30183
v 2513.81286 76.817856 1477.369528
v 2488.823915 -14.151147 1553.120571
cstype bspline
deg 1
curv 0 5 10254 10255 10256 10257 10258
parm u 0 0 1 2 3 4
end
v 1478.672068 1201.851136 884.378009
v 1524.036982 1352.059197 944.091649
v 1586.615465 1298.270019 1031.855526
v 1541.25055 1148.061958 972.141886
v 1478.672068 1201.851136 884.378009
cstype bspline
deg 1
curv 0 5 10259 10260 10261 10262 10263
parm u 0 0 1 2 3 4
end
v 1481.468884 1201.809407 882.35822
v 1526.83371 1352.017469 942.071925
v 1589.412042 1298.228294 1029.835911
v 1544.047216 1148.020231 970.122207
v 1481.468884 1201.809407 882.35822
cstype bspline
deg 1
curv 0 5 10264 10265 10266 10267 10268
parm u 0 0 1 2 3 4
end
v 2581.397234 -509.927669 1236.726866
v 2431.336854 -463.8177 1174.284811
v 2486.607888 -403.98154 1085.643448
v 2636.668267 -450.091508 1148.085503
v 2581.397234 -509.927669 1236.726866
cstype bspline
deg 1
curv 0 5 10269 10270 10271 10272 10273
parm u 0 0 1 2 3 4
end
v 2581.456761 -507.086295 1238.682023
v 2431.396387 -460.976075 1176.240142
v 2486.667424 -401.139734 1087.598903
v 2636.727798 -447.249954 1150.040784
v 2581.456761 -507.086295 1238.682023
cstype bspline
deg 1
curv 0 5 10274 10275 10276 10277 10278
parm u 0 0 1 2 3 4
end
v 531.957344 24.471555 3080.924327
v 492.392161 -48.109741 2933.478734
v 551.562396 38.924045 2874.758049
v 591.127579 111.505341 3022.203642
v 531.957344 24.471555 3080.924327
cstype bspline
deg 1
curv 0 5 10279 10280 10281 10282 10283
parm u 0 0 1 2 3 4
end
v 529.062281 26.342515 3080.78018
v 489.497265 -46.238889 2933.334596
v 548.667399 40.794962 2874.613906
v 588.232415 113.376366 3022.059491
v 529.062281 26.342515 3080.78018
cstype bspline
deg 1
curv 0 5 10284 10285 10286 10287 10288
parm u 0 0 1 2 3 4
end
v 2440.11954 289.677643 1505.185439
v 2301.333466 241.585781 1422.906794
v 2290.615605 146.741721 1496.421826
v 2429.40168 194.833582 1578.700471
v 2440.11954 289.677643 1505.185439
cstype bspline
deg 1
curv 0 5 10289 10290 10291 10292 10293
parm u 0 0 1 2 3 4
end
v 2442.048358 287.792088 1503.03405
v 2303.262248 239.700261 1420.755444
v 2292.544152 144.85643 1494.270738
v 2431.330262 192.948257 1576.549344
v 2442.048358 287.792088 1503.03405
cstype bspline
deg 1
curv 0 5 10294 10295 10296 10297 10298
parm u 0 0 1 2 3 4
end
v 1968.401028 -992.829786 1377.208505
v 2077.179873 -1107.929158 1432.519004
v 2136.917407 -1101.439925 1328.537423
v 2028.138562 -986.340553 1273.226923
v 1968.401028 -992.829786 1377.208505
cstype bspline
deg 1
curv 0 5 10299 10300 10301 10302 10303
parm u 0 0 1 2 3 4
end
v 1970.388758 -990.327375 1378.506624
v 2079.168172 -1105.426031 1433.817495
v 2138.90566 -1098.936855 1329.835884
v 2030.126246 -983.838199 1274.525013
v 1970.388758 -990.327375 1378.506624
cstype bspline
deg 1
curv 0 5 10304 10305 10306 10307 10308
parm u 0 0 1 2 3 4
end
v -1586.376663 -961.328519 1783.958475
v -1715.257004 -974.099311 1889.652125
v -1688.96619 -865.648262 1934.814488
v -1560.085848 -852.87747 1829.120837
v -1586.376663 -961.328519 1783.958475
cstype bspline
deg 1
curv 0 5 10309 10310 10311 10312 10313
parm u 0 0 1 2 3 4
end
v -1584.312946 -962.802587 1786.296811
v -1713.193266 -975.573394 1891.990487
v -1686.901999 -867.122669 1937.153362
v -1558.021679 -854.351861 1831.459687
v -1584.312946 -962.802587 1786.296811
cstype bspline
deg 1
curv 0 5 10314 10315 10316 10317 10318
parm u 0 0 1 2 3 4
end
v 1367.737345 1195.426322 970.437805
v 1404.460327 1346.996091 1033.182392
v 1467.88347 1294.868784 1121.984266
v 1431.160488 1143.299015 1059.23968
v 1367.737345 1195.426322 970.437805
cstype bspline
deg 1
curv 0 5 10319 10320 10321 10322 10323
parm u 0 0 1 2 3 4
end
v 1364.897807 1195.304389 972.39428
v 1401.620906 1346.874162 1035.138785
v 1465.044571 1294.746878 1123.9403
v 1428.321473 1143.177104 1061.195794
v 1364.897807 1195.304389 972.39428
cstype bspline
deg 1
curv 0 5 10324 10325 10326 10327 10328
parm u 0 0 1 2 3 4
end
v 1710.60845 -847.142961 1972.233145
v 1811.749193 -951.020258 2058.15396
v 1878.928127 -967.644453 1958.976551
v 1777.787384 -863.767156 1873.055736
v 1710.60845 -847.142961 1972.233145
cstype bspline
deg 1
curv 0 5 10329 10330 10331 10332 10333
parm u 0 0 1 2 3 4
end
v 1712.594041 -844.468075 1973.129743
v 1813.734667 -948.34553 2059.050506
v 1880.913648 -964.969662 1959.873118
v 1779.773022 -861.092206 1873.952356
v 1712.594041 -844.468075 1973.129743
cstype bspline
deg 1
curv 0 5 10334 10335 10336 10337 10338
parm u 0 0 1 2 3 4
end
v 1965.347511 940.851965 1026.260274
v 2056.493376 1070.802228 1085.72942
v 2103.758166 999.199981 1169.751824
v 2012.612301 869.249719 1110.282678
v 1965.347511 940.851965 1026.260274
cstype bspline
deg 1
curv 0 5 10339 10340 10341 10342 10343
parm u 0 0 1 2 3 4
end
v 1967.920276 940.03023 1024.112775
v 2059.06567 1069.980643 1083.582315
v 2106.330187 998.378483 1167.604946
v 2015.184794 868.42807 1108.135406
v 1967.920276 940.03023 1024.112775
cstype bspline
deg 1
curv 0 5 10344 10345 10346 10347 10348
parm u 0 0 1 2 3 4
end
v 1454.229382 -1080.603522 1922.908656
v 1532.804768 -1201.749206 2007.497894
v 1457.805686 -1185.769744 2100.050147
v 1379.2303 -1064.624061 2015.460908
v 1454.229382 -1080.603522 1922.908656
cstype bspline
deg 1
curv 0 5 10349 10350 10351 10352 10353
parm u 0 0 1 2 3 4
end
v 1452.074232 -1082.939178 1921.565512
v 1530.649157 -1204.085363 2006.154463
v 1455.650216 -1188.105748 2098.706804
v 1377.075291 -1066.959564 2014.117853
v 1452.074232 -1082.939178 1921.565512
cstype bspline
deg 1
curv 0 5 10354 10355 10356 10357 10358
parm u 0 0 1 2 3 4
end
v 708.257849 763.352128 2183.699704
v 784.193026 878.999346 2277.359328
v 828.806199 792.617285 2347.850064
v 752.871023 676.970067 2254.190441
v 708.257849 763.352128 2183.699704
cstype bspline
deg 1
curv 0 5 10359 10360 10361 10362 10363
parm u 0 0 1 2 3 4
end
v 711.05087 763.150203 2181.684576
v 786.985969 878.797426 2275.344256
v 831.599043 792.415372 2345.835064
v 755.663944 676.768149 2252.175384
v 711.05087 763.150203 2181.684576
cstype bspline
deg 1
curv 0 5 10364 10365 10366 10367 10368
parm u 0 0 1 2 3 4
end
v 67.142988 -1688.642057 2190.435049
v 37.654915 -1549.353165 2102.962814
v 106.383785 -1486.952598 2179.158696
v 135.871857 -1626.24149 2266.63093
v 67.142988 -1688.642057 2190.435049
cstype bspline
deg 1
curv 0 5 10369 10370 10371 10372 10373
parm u 0 0 1 2 3 4
end
v 64.379729 -1687.994703 2192.397393
v 34.89207 -1548.705907 2104.924865
v 103.621457 -1486.305461 2181.120379
v 133.109117 -1625.594257 2268.592907
v 64.379729 -1687.994703 2192.397393
cstype bspline
deg 1
curv 0 5 10374 10375 10376 10377 10378
parm u 0 0 1 2 3 4
end
v 2119.970352 -749.384357 1508.622738
v 2245.82501 -840.091311 1573.614456
v 2308.682307 -825.657204 1472.038288
v 2182.827649 -734.950249 1407.04657
v 2119.970352 -749.384357 1508.622738
cstype bspline
deg 1
curv 0 5 10379 10380 10381 10382 10383
parm u 0 0 1 2 3 4
end
v 2121.381209 -746.508461 1509.904475
v 2247.235685 -837.215789 1574.896027
v 2310.093015 -822.781614 1473.319889
v 2184.23854 -732.074286 1408.328337
v 2121.381209 -746.508461 1509.904475
cstype bspline
deg 1
curv 0 5 10384 10385 10386 10387 10388
parm u 0 0 1 2 3 4
end
v 1383.287188 1126.837626 1500.143519
v 1344.142125 984.20443 1422.930932
v 1249.948875 1038.269444 1370.811645
v 1289.093938 1180.90264 1448.024231
v 1383.287188 1126.837626 1500.143519
cstype bspline
deg 1
curv 0 5 10389 10390 10391 10392 10393
parm u 0 0 1 2 3 4
end
v 1385.279754 1127.735813 1497.474133
v 1346.134732 985.102636 1420.261492
v 1251.941362 1039.167596 1368.142365
v 1291.086384 1181.800773 1445.355005
v 1385.279754 1127.735813 1497.474133
cstype bspline
deg 1
curv 0 5 10394 10395 10396 10397 10398
parm u 0 0 1 2 3 4
end
v -362.604752 -375.747534 2847.255102
v -438.853742 -366.863117 2995.38479
v -478.549181 -256.42013 2968.327697
v -402.300192 -265.304547 2820.19801
v -362.604752 -375.747534 2847.255102
cstype bspline
deg 1
curv 0 5 10399 10400 10401 10402 10403
parm u 0 0 1 2 3 4
end
v -359.75513 -374.384026 2848.640148
v -436.004022 -365.499563 2996.769883
v -475.69888 -255.056297 2969.713073
v -399.449987 -263.94076 2821.583339
v -359.75513 -374.384026 2848.640148
cstype bspline
deg 1
curv 0 5 10404 10405 10406 10407 10408
parm u 0 0 1 2 3 4
end
v 1388.805795 843.744047 1636.88449
v 1433.393714 978.743699 1724.5016
v 1319.132851 994.93518 1757.700707
v 1274.544932 859.935529 1670.083597
v 1388.805795 843.744047 1636.88449
cstype bspline
deg 1
curv 0 5 10409 10410 10411 10412 10413
parm u 0 0 1 2 3 4
end
v 1388.278779 845.721117 1634.106448
v 1432.866751 980.720571 1721.723836
v 1318.60591 996.911969 1754.923059
v 1274.017938 861.912516 1667.305671
v 1388.278779 845.721117 1634.106448
cstype bspline
deg 1
curv 0 5 10414 10415 10416 10417 10418
parm u 0 0 1 2 3 4
end
v 530.121786 -1745.722668 1461.48649
v 579.412521 -1891.642886 1526.317052
v 688.933883 -1875.21436 1480.025086
v 639.643148 -1729.294141 1415.194524
v 530.121786 -1745.722668 1461.48649
cstype bspline
deg 1
curv 0 5 10419 10420 10421 10422 10423
parm u 0 0 1 2 3 4
end
v 529.143094 -1747.336455 1458.598307
v 578.433928 -1893.256511 1523.42916
v 687.955276 -1876.828005 1477.137156
v 638.664443 -1730.907949 1412.306304
v 529.143094 -1747.336455 1458.598307
cstype bspline
deg 1
curv 0 5 10424 10425 10426 10427 10428
parm u 0 0 1 2 3 4
end
v -1507.235845 -791.19594 1897.318522
v -1632.724371 -804.516433 2007.18191
v -1594.58132 -704.453891 2062.881973
v -1469.092794 -691.133398 1953.018585
v -1507.235845 -791.19594 1897.318522
cstype bspline
deg 1
curv 0 5 10429 10430 10431 10432 10433
parm u 0 0 1 2 3 4
end
v -1505.231588 -793.105424 1899.376294
v -1630.719726 -806.426286 2009.240079
v -1592.576455 -706.363954 2064.940369
v -1467.088316 -693.043092 1955.076583
v -1505.231588 -793.105424 1899.376294
cstype bspline
deg 1
curv 0 5 10434 10435 10436 10437 10438
parm u 0 0 1 2 3 4
end
v 2319.161971 -454.599935 1792.604733
v 2179.263026 -415.628693 1708.490849
v 2245.686686 -382.414612 1613.403029
v 2385.585631 -421.385854 1697.516913
v 2319.161971 -454.599935 1792.604733
cstype bspline
deg 1
curv 0 5 10439 10440 10441 10442 10443
parm u 0 0 1 2 3 4
end
v 2319.006623 -457.818254 1791.372044
v 2179.107644 -418.847738 1707.257882
v 2245.531323 -385.633264 1612.170212
v 2385.430302 -424.60378 1696.284374
v 2319.006623 -457.818254 1791.372044
cstype bspline
deg 1
curv 0 5 10444 10445 10446 10447 10448
parm u 0 0 1 2 3 4
end
v 2203.560588 -595.835463 1886.488881
v 2072.349563 -536.734597 1800.031269
v 2141.923613 -524.974344 1702.482413
v 2273.134638 -584.07521 1788.940026
v 2203.560588 -595.835463 1886.488881
cstype bspline
deg 1
curv 0 5 10449 10450 10451 10452 10453
parm u 0 0 1 2 3 4
end
v 2202.750034 -599.047121 1885.523575
v 2071.539003 -539.94628 1799.065955
v 2141.113125 -528.18574 1701.517186
v 2272.324156 -587.286581 1787.974806
v 2202.750034 -599.047121 1885.523575
cstype bspline
deg 1
curv 0 5 10454 10455 10456 10457 10458
parm u 0 0 1 2 3 4
end
v 2195.041533 315.941545 1537.916442
v 2319.980976 375.362871 1633.229465
v 2309.454442 280.101039 1706.417403
v 2184.514999 220.679713 1611.10438
v 2195.041533 315.941545 1537.916442
cstype bspline
deg 1
curv 0 5 10459 10460 10461 10462 10463
parm u 0 0 1 2 3 4
end
v 2197.327914 314.213821 1535.996481
v 2322.267693 373.634893 1631.309222
v 2311.741064 278.373133 1704.49724
v 2186.801285 218.952061 1609.184499
v 2197.327914 314.213821 1535.996481
cstype bspline
deg 1
curv 0 5 10464 10465 10466 10467 10468
parm u 0 0 1 2 3 4
end
v 1936.782752 -642.547281 1904.029548
v 2056.825017 -718.09218 1994.262662
v 2127.817467 -721.589738 1896.889128
v 2007.775202 -646.044839 1806.656014
v 1936.782752 -642.547281 1904.029548
cstype bspline
deg 1
curv 0 5 10469 10470 10471 10472 10473
parm u 0 0 1 2 3 4
end
v 1935.476682 -645.627873 1903.187972
v 2055.519098 -721.172416 1993.421183
v 2126.511625 -724.669792 1896.047699
v 2006.469209 -649.12525 1805.814488
v 1935.476682 -645.627873 1903.187972
cstype bspline
deg 1
curv 0 5 10474 10475 10476 10477 10478
parm u 0 0 1 2 3 4
end
v 1527.512106 -922.402909 2068.473213
v 1615.826422 -1036.269966 2155.947928
v 1677.407087 -1065.505727 2055.719601
v 1589.092771 -951.638669 1968.244886
v 1527.512106 -922.402909 2068.473213
cstype bspline
deg 1
curv 0 5 10479 10480 10481 10482 10483
parm u 0 0 1 2 3 4
end
v 1529.871154 -919.998574 2069.221293
v 1618.185225 -1033.865881 2156.69593
v 1679.765811 -1063.101722 2056.467578
v 1591.45174 -949.234415 1968.992941
v 1529.871154 -919.998574 2069.221293
cstype bspline
deg 1
curv 0 5 10484 10485 10486 10487 10488
parm u 0 0 1 2 3 4
end
v -101.847436 669.21233 2838.969808
v -114.162993 597.502944 2685.960636
v 4.73311 574.84606 2687.009196
v 17.048668 646.555447 2840.018369
v -101.847436 669.21233 2838.969808
cstype bspline
deg 1
curv 0 5 10489 10490 10491 10492 10493
parm u 0 0 1 2 3 4
end
v -102.443238 666.154356 2840.450915
v -114.758788 594.445005 2687.441726
v 4.137248 571.787776 2688.490454
v 16.452798 643.497127 2841.499643
v -102.443238 666.154356 2840.450915
cstype bspline
deg 1
curv 0 5 10494 10495 10496 10497 10498
parm u 0 0 1 2 3 4
end
v 517.634819 921.517492 2144.658989
v 597.745967 1037.194965 2234.581004
v 638.145303 951.728259 2308.535478
v 558.034155 836.050786 2218.613463
v 517.634819 921.517492 2144.658989
cstype bspline
deg 1
curv 0 5 10499 10500 10501 10502 10503
parm u 0 0 1 2 3 4
end
v 520.4304 921.122985 2142.675926
v 600.541419 1036.800476 2232.598033
v 640.94065 951.333785 2306.552581
v 560.829631 835.656294 2216.630474
v 520.4304 921.122985 2142.675926
cstype bspline
deg 1
curv 0 5 10504 10505 10506 10507 10508
parm u 0 0 1 2 3 4
end
v 341.745632 1066.496149 2123.507934
v 424.215664 1179.678303 2215.500935
v 461.484109 1092.309138 2289.583751
v 379.014076 979.126983 2197.590749
v 341.745632 1066.496149 2123.507934
cstype bspline
deg 1
curv 0 5 10509 10510 10511 10512 10513
parm u 0 0 1 2 3 4
end
v 338.938482 1066.954457 2125.460618
v 421.408478 1180.136617 2217.453645
v 458.676981 1092.767442 2291.53642
v 376.206986 979.585282 2199.543393
v 338.938482 1066.954457 2125.460618
cstype bspline
deg 1
curv 0 5 10514 10515 10516 10517 10518
parm u 0 0 1 2 3 4
end
v 2480.280832 -663.311014 1317.515941
v 2342.00617 -591.656167 1254.18224
v 2283.096087 -614.824898 1356.586172
v 2421.370749 -686.479745 1419.919873
v 2480.280832 -663.311014 1317.515941
cstype bspline
deg 1
curv 0 5 10519 10520 10521 10522 10523
parm u 0 0 1 2 3 4
end
v 2481.281536 -660.261204 1318.781641
v 2343.00685 -588.606429 1255.44791
v 2284.096693 -611.775385 1357.851749
v 2422.371378 -683.43016 1421.185479
v 2481.281536 -660.261204 1318.781641
cstype bspline
deg 1
curv 0 5 10524 10525 10526 10527 10528
parm u 0 0 1 2 3 4
end
v 128.990493 1198.277529 2155.180959
v 206.701928 1305.300508 2257.704701
v 306.057131 1237.978099 2252.671812
v 228.345696 1130.95512 2150.14807
v 128.990493 1198.277529 2155.180959
cstype bspline
deg 1
curv 0 5 10529 10530 10531 10532 10533
parm u 0 0 1 2 3 4
end
v 127.898372 1196.462241 2157.903714
v 205.609737 1303.485105 2260.42763
v 304.964784 1236.162436 2255.395131
v 227.253418 1129.139573 2152.871214
v 127.898372 1196.462241 2157.903714
cstype bspline
deg 1
curv 0 5 10534 10535 10536 10537 10538
parm u 0 0 1 2 3 4
end
v 1288.581939 1323.005403 1155.051755
v 1249.877144 1175.307626 1087.049453
v 1329.723759 1121.156036 1159.21793
v 1368.428554 1268.853813 1227.220232
v 1288.581939 1323.005403 1155.051755
cstype bspline
deg 1
curv 0 5 10539 10540 10541 10542 10543
parm u 0 0 1 2 3 4
end
v 1286.125315 1322.553791 1157.430886
v 1247.420251 1174.855965 1089.428844
v 1327.266993 1120.704398 1161.597198
v 1365.972057 1268.402225 1229.59924
v 1286.125315 1322.553791 1157.430886
cstype bspline
deg 1
curv 0 5 10544 10545 10546 10547 10548
parm u 0 0 1 2 3 4
end
v -1317.282114 -2144.546119 1043.920226
v -1254.176326 -1994.896096 1000.450697
v -1192.687805 -2046.74019 911.234447
v -1255.793593 -2196.390213 954.703977
v -1317.282114 -2144.546119 1043.920226
cstype bspline
deg 1
curv 0 5 10549 10550 10551 10552 10553
parm u 0 0 1 2 3 4
end
v -1319.948019 -2144.040915 1041.789293
v -1256.842132 -1994.39091 998.319842
v -1195.353732 -2046.234982 909.103497
v -1258.459619 -2195.884986 952.572947
v -1319.948019 -2144.040915 1041.789293
cstype bspline
deg 1
curv 0 5 10554 10555 10556 10557 10558
parm u 0 0 1 2 3 4
end
v 1784.390053 -732.795625 2008.885221
v 1892.535304 -821.863843 2101.456154
v 1961.223666 -839.653642 2004.094859
v 1853.078416 -750.585425 1911.523926
v 1784.390053 -732.795625 2008.885221
cstype bspline
deg 1
curv 0 5 10559 10560 10561 10562 10563
parm u 0 0 1 2 3 4
end
v 1782.630183 -735.675868 2008.169917
v 1890.775437 -824.744079 2100.740851
v 1959.463688 -842.534061 2003.379511
v 1851.318434 -753.465849 1910.808577
v 1782.630183 -735.675868 2008.169917
cstype bspline
deg 1
curv 0 5 10564 10565 10566 10567 10568
parm u 0 0 1 2 3 4
end
v 467.117176 1032.804069 2363.788284
v 389.757717 921.69463 2262.908218
v 427.396128 831.399266 2333.496793
v 504.755587 942.508705 2434.376859
v 467.117176 1032.804069 2363.788284
cstype bspline
deg 1
curv 0 5 10569 10570 10571 10572 10573
parm u 0 0 1 2 3 4
end
v 464.245584 1033.085905 2365.679934
v 386.8862 921.976459 2264.799819
v 424.524182 831.681137 2335.388677
v 501.883565 942.790584 2436.268793
v 464.245584 1033.085905 2365.679934
cstype bspline
deg 1
curv 0 5 10574 10575 10576 10577 10578
parm u 0 0 1 2 3 4
end
v -278.91379 723.079121 2814.518332
v -279.931027 654.422941 2662.19718
v -161.080266 634.790892 2670.25228
v -160.06303 703.447071 2822.573433
v -278.91379 723.079121 2814.518332
cstype bspline
deg 1
curv 0 5 10579 10580 10581 10582 10583
parm u 0 0 1 2 3 4
end
v -279.519802 719.984331 2815.917322
v -280.537179 651.327437 2663.596492
v -161.686362 631.695672 2671.651463
v -160.668986 700.352567 2823.972293
v -279.519802 719.984331 2815.917322
cstype bspline
deg 1
curv 0 5 10584 10585 10586 10587 10588
parm u 0 0 1 2 3 4
end
v 2447.829404 -229.012842 1643.844823
v 2303.065599 -215.607281 1560.2325
v 2246.892525 -276.58735 1647.711901
v 2391.656329 -289.992911 1731.324224
v 2447.829404 -229.012842 1643.844823
cstype bspline
deg 1
curv 0 5 10589 10590 10591 10592 10593
parm u 0 0 1 2 3 4
end
v 2448.499467 -231.975858 1642.209634
v 2303.73565 -218.570245 1558.597339
v 2247.562572 -279.550298 1646.076749
v 2392.326389 -292.955911 1729.689044
v 2448.499467 -231.975858 1642.209634
cstype bspline
deg 1
curv 0 5 10594 10595 10596 10597 10598
parm u 0 0 1 2 3 4
end
v 1623.758692 -803.124348 2110.844433
v 1719.97309 -903.339457 2204.851939
v 1783.101596 -934.396386 2107.133733
v 1686.887198 -834.181277 2013.126227
v 1623.758692 -803.124348 2110.844433
cstype bspline
deg 1
curv 0 5 10599 10600 10601 10602 10603
parm u 0 0 1 2 3 4
end
v 1621.587434 -805.743765 2110.274259
v 1717.801505 -905.959268 2204.281679
v 1780.929866 -937.016374 2106.563435
v 1684.715794 -836.800871 2012.556015
v 1621.587434 -805.743765 2110.274259
cstype bspline
deg 1
curv 0 5 10604 10605 10606 10607 10608
parm u 0 0 1 2 3 4
end
v 225.00078 -983.224227 2796.323968
v 222.572666 -1099.743911 2916.91567
v 161.881436 -1174.186582 2843.764686
v 164.309551 -1057.666897 2723.172984
v 225.00078 -983.224227 2796.323968
cstype bspline
deg 1
curv 0 5 10609 10610 10611 10612 10613
parm u 0 0 1 2 3 4
end
v 222.0188 -981.946897 2797.498111
v 219.590306 -1098.466419 2918.089963
v 158.899704 -1172.909358 2844.938731
v 161.328198 -1056.389836 2724.34688
v 222.0188 -981.946897 2797.498111
cstype bspline
deg 1
curv 0 5 10614 10615 10616 10617 10618
parm u 0 0 1 2 3 4
end
v 2408.630789 181.096361 1620.696404
v 2272.189406 142.225798 1531.214295
v 2248.385068 51.636547 1606.862401
v 2384.826451 90.50711 1696.34451
v 2408.630789 181.096361 1620.696404
cstype bspline
deg 1
curv 0 5 10619 10620 10621 10622 10623
parm u 0 0 1 2 3 4
end
v 2410.517686 178.969491 1618.743214
v 2274.076716 140.098463 1529.260677
v 2250.272369 49.509221 1604.908792
v 2386.713339 88.38025 1694.391328
v 2410.517686 178.969491 1618.743214
cstype bspline
deg 1
curv 0 5 10624 10625 10626 10627 10628
parm u 0 0 1 2 3 4
end
v 1235.248032 863.129858 1682.586898
v 1281.051658 999.108741 1768.65181
v 1169.972651 1007.590391 1814.367259
v 1124.169024 871.611508 1728.302347
v 1235.248032 863.129858 1682.586898
cstype bspline
deg 1
curv 0 5 10629 10630 10631 10632 10633
parm u 0 0 1 2 3 4
end
v 1234.308561 865.125431 1679.933965
v 1280.112187 1001.104315 1765.998875
v 1169.033275 1009.585762 1811.714593
v 1123.229649 873.606878 1725.649683
v 1234.308561 865.125431 1679.933965
cstype bspline
deg 1
curv 0 5 10634 10635 10636 10637 10638
parm u 0 0 1 2 3 4
end
v 1536.620928 -966.146542 2311.05567
v 1451.014122 -856.742164 2215.989783
v 1502.140581 -902.779481 2116.969438
v 1587.747387 -1012.183859 2212.035324
v 1536.620928 -966.146542 2311.05567
cstype bspline
deg 1
curv 0 5 10639 10640 10641 10642 10643
parm u 0 0 1 2 3 4
end
v 1539.206544 -963.87926 2311.336554
v 1453.599348 -854.475223 2216.270625
v 1504.725692 -900.512641 2117.250267
v 1590.332888 -1009.916678 2212.316196
v 1539.206544 -963.87926 2311.336554
cstype bspline
deg 1
curv 0 5 10644 10645 10646 10647 10648
parm u 0 0 1 2 3 4
end
v 2454.608938 -24.349848 1619.245259
v 2310.864858 -38.689369 1534.020388
v 2268.730424 -114.462593 1617.835442
v 2412.474505 -100.123073 1703.060313
v 2454.608938 -24.349848 1619.245259
cstype bspline
deg 1
curv 0 5 10649 10650 10651 10652 10653
parm u 0 0 1 2 3 4
end
v 2455.915267 -27.016959 1617.49071
v 2312.171268 -41.356645 1532.26573
v 2270.037217 -117.130651 1616.08027
v 2413.781216 -102.790965 1701.30525
v 2455.915267 -27.016959 1617.49071
cstype bspline
deg 1
curv 0 5 10654 10655 10656 10657 10658
parm u 0 0 1 2 3 4
end
v -649.635396 -375.647526 2879.113524
v -564.838354 -376.882513 2734.901121
v -626.679722 -280.618998 2697.713964
v -711.476764 -279.384011 2841.926366
v -649.635396 -375.647526 2879.113524
cstype bspline
deg 1
curv 0 5 10659 10660 10661 10662 10663
parm u 0 0 1 2 3 4
end
v -647.247955 -373.57833 2880.499633
v -562.450571 -374.81302 2736.287429
v -624.291949 -278.549513 2699.100267
v -709.089333 -277.314823 2843.31247
v -647.247955 -373.57833 2880.499633
cstype bspline
deg 1
curv 0 5 10664 10665 10666 10667 10668
parm u 0 0 1 2 3 4
end
v 379.539237 -1144.287873 2861.871262
v 361.948023 -1018.886159 2751.054268
v 301.588748 -1092.588575 2677.233312
v 319.179962 -1217.990289 2788.050305
v 379.539237 -1144.287873 2861.871262
cstype bspline
deg 1
curv 0 5 10669 10670 10671 10672 10673
parm u 0 0 1 2 3 4
end
v 376.57486 -1143.370879 2863.379512
v 358.983639 -1017.969162 2752.562522
v 298.624982 -1091.671769 2678.741251
v 316.216203 -1217.073486 2789.558241
v 376.57486 -1143.370879 2863.379512
cstype bspline
deg 1
curv 0 5 10674 10675 10676 10677 10678
parm u 0 0 1 2 3 4
end
v 1099.694167 857.082927 1763.790666
v 1151.896276 990.290434 1850.817971
v 1053.170594 984.037446 1919.608263
v 1000.968485 850.829939 1832.580959
v 1099.694167 857.082927 1763.790666
cstype bspline
deg 1
curv 0 5 10679 10680 10681 10682 10683
parm u 0 0 1 2 3 4
end
v 1101.353945 854.999943 1765.983374
v 1153.556012 988.207503 1853.010624
v 1054.830442 981.954374 1921.801065
v 1002.628375 848.746814 1834.773815
v 1101.353945 854.999943 1765.983374
cstype bspline
deg 1
curv 0 5 10684 10685 10686 10687 10688
parm u 0 0 1 2 3 4
end
v -287.185321 -58.95056 3027.450758
v -231.490627 -88.026643 2871.671915
v -265.856675 22.204192 2838.810666
v -321.551368 51.280274 2994.589509
v -287.185321 -58.95056 3027.450758
cstype bspline
deg 1
curv 0 5 10689 10690 10691 10692 10693
parm u 0 0 1 2 3 4
end
v -284.083447 -57.721285 3028.330299
v -228.38914 -86.797521 2872.551346
v -262.755734 23.433097 2839.689942
v -318.45004 52.509334 2995.468895
v -284.083447 -57.721285 3028.330299
cstype bspline
deg 1
curv 0 5 10694 10695 10696 10697 10698
parm u 0 0 1 2 3 4
end
v 311.104612 782.999385 2457.636036
v 372.052238 884.880483 2576.953458
v 405.752518 789.172775 2641.460838
v 344.804893 687.291677 2522.143416
v 311.104612 782.999385 2457.636036
cstype bspline
deg 1
curv 0 5 10699 10700 10701 10702 10703
parm u 0 0 1 2 3 4
end
v 308.037569 782.984126 2459.215707
v 368.984845 884.865223 2578.533309
v 402.685279 789.157516 2643.04061
v 341.738003 687.276419 2523.723008
v 308.037569 782.984126 2459.215707
cstype bspline
deg 1
curv 0 5 10704 10705 10706 10707 10708
parm u 0 0 1 2 3 4
end
v 910.217716 -884.96893 2624.410859
v 984.30442 -992.626206 2730.220343
v 880.810163 -1002.953964 2792.177833
v 806.723459 -895.296688 2686.368349
v 910.217716 -884.96893 2624.410859
cstype bspline
deg 1
curv 0 5 10709 10710 10711 10712 10713
parm u 0 0 1 2 3 4
end
v 911.16306 -882.334781 2626.429095
v 985.249713 -989.9922 2732.238471
v 881.755268 -1000.32048 2794.19556
v 807.668615 -892.663062 2688.386185
v 911.16306 -882.334781 2626.429095
cstype bspline
deg 1
curv 0 5 10714 10715 10716 10717 10718
parm u 0 0 1 2 3 4
end
v 829.721681 -774.115529 2777.569029
v 903.986638 -859.337238 2902.865414
v 800.24511 -858.987068 2964.592671
v 725.980153 -773.765359 2839.296285
v 829.721681 -774.115529 2777.569029
cstype bspline
deg 1
curv 0 5 10719 10720 10721 10722 10723
parm u 0 0 1 2 3 4
end
v 830.619925 -771.13805 2779.061775
v 904.885036 -856.359245 2904.358419
v 801.143464 -856.009225 2966.0856
v 726.878352 -770.78803 2840.788957
v 830.619925 -771.13805 2779.061775
cstype bspline
deg 1
curv 0 5 10724 10725 10726 10727 10728
parm u 0 0 1 2 3 4
end
v -351.219408 526.510684 2701.316899
v -372.547873 574.6869 2860.631881
v -480.07168 621.854362 2831.973763
v -458.743215 573.678145 2672.658781
v -351.219408 526.510684 2701.316899
cstype bspline
deg 1
curv 0 5 10729 10730 10731 10732 10733
parm u 0 0 1 2 3 4
end
v -352.732352 523.493089 2702.026839
v -374.061259 571.668423 2861.342028
v -481.58511 618.835797 2832.683931
v -460.256203 570.660462 2673.368741
v -352.732352 523.493089 2702.026839
cstype bspline
deg 1
curv 0 5 10734 10735 10736 10737 10738
parm u 0 0 1 2 3 4
end
v 415.051886 1988.870532 1005.194105
v 567.154461 2032.972401 1060.173601
v 563.846477 1943.897519 1140.776773
v 411.743902 1899.79565 1085.797278
v 415.051886 1988.870532 1005.194105
cstype bspline
deg 1
curv 0 5 10739 10740 10741 10742 10743
parm u 0 0 1 2 3 4
end
v 416.499203 1986.740028 1002.899054
v 568.601707 2030.842 1057.878661
v 565.293927 1941.766817 1138.481509
v 413.191423 1897.664845 1083.501903
v 416.499203 1986.740028 1002.899054
cstype bspline
deg 1
curv 0 5 10744 10745 10746 10747 10748
parm u 0 0 1 2 3 4
end
v 320.38145 1450.082412 2008.789453
v 220.153754 1351.019144 1914.944883
v 262.776592 1254.129703 1971.700386
v 363.004288 1353.192971 2065.544956
v 320.38145 1450.082412 2008.789453
cstype bspline
deg 1
curv 0 5 10749 10750 10751 10752 10753
parm u 0 0 1 2 3 4
end
v 317.884839 1450.368894 2011.153457
v 217.657291 1351.30561 1917.308747
v 260.280234 1254.416157 1974.064151
v 360.507782 1353.479441 2067.908861
v 317.884839 1450.368894 2011.153457
cstype bspline
deg 1
curv 0 5 10754 10755 10756 10757 10758
parm u 0 0 1 2 3 4
end
v 373.207637 1319.671442 2102.48817
v 280.792991 1212.560068 2011.462567
v 327.904489 1119.427419 2073.222922
v 420.319135 1226.538793 2164.248526
v 373.207637 1319.671442 2102.48817
cstype bspline
deg 1
curv 0 5 10759 10760 10761 10762 10763
parm u 0 0 1 2 3 4
end
v 370.655491 1319.911446 2104.796863
v 278.240488 1212.800105 2013.771583
v 325.351582 1119.667494 2075.532304
v 417.766585 1226.778835 2166.557585
v 370.655491 1319.911446 2104.796863
cstype bspline
deg 1
curv 0 5 10764 10765 10766 10767 10768
parm u 0 0 1 2 3 4
end
v 289.792207 1176.538807 2341.489286
v 214.727022 1068.347357 2234.877601
v 248.843021 975.316588 2305.265853
v 323.908205 1083.508038 2411.877538
v 289.792207 1176.538807 2341.489286
cstype bspline
deg 1
curv 0 5 10769 10770 10771 10772 10773
parm u 0 0 1 2 3 4
end
v 286.854706 1176.81466 2343.277626
v 211.789799 1068.623184 2236.665772
v 245.905685 975.592425 2307.054093
v 320.970592 1083.783902 2413.665946
v 286.854706 1176.81466 2343.277626
cstype bspline
deg 1
curv 0 5 10774 10775 10776 10777 10778
parm u 0 0 1 2 3 4
end
v 1034.340294 -849.959565 2818.428918
v 948.755045 -766.596508 2700.723202
v 1052.001232 -741.678736 2643.299237
v 1137.58648 -825.041792 2761.004954
v 1034.340294 -849.959565 2818.428918
cstype bspline
deg 1
curv 0 5 10779 10780 10781 10782 10783
parm u 0 0 1 2 3 4
end
v 1034.024422 -852.867255 2816.599264
v 948.439194 -769.504008 2698.893667
v 1051.68539 -744.586149 2641.469757
v 1137.270618 -827.949396 2759.175354
v 1034.024422 -852.867255 2816.599264
cstype bspline
deg 1
curv 0 5 10784 10785 10786 10787 10788
parm u 0 0 1 2 3 4
end
v -531.487291 -107.595795 2932.741312
v -459.943089 -121.308628 2782.19546
v -398.6469 -217.596828 2820.096013
v -470.191101 -203.883995 2970.641865
v -531.487291 -107.595795 2932.741312
cstype bspline
deg 1
curv 0 5 10789 10790 10791 10792 10793
parm u 0 0 1 2 3 4
end
v -528.911763 -105.547884 2933.778736
v -457.367889 -119.260978 2783.232753
v -396.071555 -215.549062 2821.133364
v -467.615429 -201.835969 2971.679347
v -528.911763 -105.547884 2933.778736
cstype bspline
deg 1
curv 0 5 10794 10795 10796 10797 10798
parm u 0 0 1 2 3 4
end
v -299.395241 -117.46994 3039.391254
v -238.582036 -140.910399 2883.915824
v -200.443807 -251.097748 2915.445886
v -261.257012 -227.657289 3070.921316
v -299.395241 -117.46994 3039.391254
cstype bspline
deg 1
curv 0 5 10799 10800 10801 10802 10803
parm u 0 0 1 2 3 4
end
v -296.367357 -116.140397 3040.375146
v -235.553924 -139.580756 2884.89979
v -197.416085 -249.768277 2916.429726
v -258.229518 -226.327917 3071.905082
v -296.367357 -116.140397 3040.375146
cstype bspline
deg 1
curv 0 5 10804 10805 10806 10807 10808
parm u 0 0 1 2 3 4
end
v 1011.424658 -983.921695 2720.142213
v 931.101681 -878.562885 2616.224398
v 1035.709874 -854.471228 2559.793523
v 1116.032851 -959.830038 2663.711337
v 1011.424658 -983.921695 2720.142213
cstype bspline
deg 1
curv 0 5 10809 10810 10811 10812 10813
parm u 0 0 1 2 3 4
end
v 1010.843093 -986.524277 2717.953045
v 930.520192 -881.165126 2614.035517
v 1035.12837 -857.073537 2557.604584
v 1115.451271 -962.432689 2661.522112
v 1010.843093 -986.524277 2717.953045
cstype bspline
deg 1
curv 0 5 10814 10815 10816 10817 10818
parm u 0 0 1 2 3 4
end
v -142.547317 2697.697114 1528.172346
v -52.685061 2813.256932 1617.152633
v 83.465048 2745.730499 1567.350438
v -6.397208 2630.170681 1478.370151
v -142.547317 2697.697114 1528.172346
cstype bspline
deg 1
curv 0 5 10819 10820 10821 10822 10823
parm u 0 0 1 2 3 4
end
v -142.579225 2695.60791 1530.917853
v -52.716968 2811.167834 1619.898001
v 83.43314 2743.641374 1570.095841
v -6.429117 2628.08145 1481.115694
v -142.579225 2695.60791 1530.917853
cstype bspline
deg 1
curv 0 5 10824 10825 10826 10827 10828
parm u 0 0 1 2 3 4
end
v -24.487032 2631.834309 1500.065671
v 99.453226 2720.015849 1579.125876
v 207.513526 2613.115376 1528.956855
v 83.573268 2524.933836 1449.89665
v -24.487032 2631.834309 1500.065671
cstype bspline
deg 1
curv 0 5 10829 10830 10831 10832 10833
parm u 0 0 1 2 3 4
end
v -23.98062 2633.690318 1497.201666
v 99.959563 2721.871583 1576.262296
v 208.019901 2614.97125 1526.093058
v 84.079718 2526.789985 1447.032428
v -23.98062 2633.690318 1497.201666
cstype bspline
deg 1
curv 0 5 10834 10835 10836 10837 10838
parm u 0 0 1 2 3 4
end
v -1388.059486 1477.315263 2572.78882
v -1396.828001 1459.915874 2741.610395
v -1521.768939 1361.508696 2724.978804
v -1513.000423 1378.908085 2556.15723
v -1388.059486 1477.315263 2572.78882
cstype bspline
deg 1
curv 0 5 10839 10840 10841 10842 10843
parm u 0 0 1 2 3 4
end
v -1385.913441 1474.618685 2572.622377
v -1394.68231 1457.219739 2741.443979
v -1519.623608 1358.813016 2724.812416
v -1510.85474 1376.211961 2555.990814
v -1385.913441 1474.618685 2572.622377
cstype bspline
deg 1
curv 0 5 10844 10845 10846 10847 10848
parm u 0 0 1 2 3 4
end
v -1552.112275 1085.519968 2658.480714
v -1528.791147 1125.771689 2493.581375
v -1432.822986 1246.309846 2536.577023
v -1456.144114 1206.058126 2701.476362
v -1552.112275 1085.519968 2658.480714
cstype bspline
deg 1
curv 0 5 10849 10850 10851 10852 10853
parm u 0 0 1 2 3 4
end
v -1549.39248 1083.401785 2658.348314
v -1526.071553 1123.653662 2493.448985
v -1430.103214 1244.191681 2536.444624
v -1453.424141 1203.939804 2701.343953
v -1549.39248 1083.401785 2658.348314
cstype bspline
deg 1
curv 0 5 10854 10855 10856 10857 10858
parm u 0 0 1 2 3 4
end
v 184.983906 230.838782 3019.109339
v 175.236668 158.730832 2864.930186
v 287.809548 261.883034 2809.570118
v 297.556787 333.990983 2963.74927
v 184.983906 230.838782 3019.109339
cstype bspline
deg 1
curv 0 5 10859 10860 10861 10862 10863
parm u 0 0 1 2 3 4
end
v 182.50479 233.068716 3018.223152
v 172.757582 160.960739 2864.04401
v 285.330642 264.11278 2808.684005
v 295.07785 336.220757 2962.863147
v 182.50479 233.068716 3018.223152
cstype bspline
deg 1
curv 0 5 10864 10865 10866 10867 10868
parm u 0 0 1 2 3 4
end
v -1307.489768 1684.683967 2563.219257
v -1296.869207 1696.469708 2733.272558
v -1435.486351 1616.946102 2747.441272
v -1446.106912 1605.160361 2577.387971
v -1307.489768 1684.683967 2563.219257
cstype bspline
deg 1
curv 0 5 10869 10870 10871 10872 10873
parm u 0 0 1 2 3 4
end
v -1309.213929 1687.671619 2563.119896
v -1298.592882 1699.456518 2733.173224
v -1437.209799 1619.93252 2747.341951
v -1447.830847 1608.147621 2577.288622
v -1309.213929 1687.671619 2563.119896
cstype bspline
deg 1
curv 0 5 10874 10875 10876 10877 10878
parm u 0 0 1 2 3 4
end
v -1501.982818 813.555225 2581.181584
v -1465.113207 864.597764 2422.014895
v -1407.47043 1002.064008 2479.450864
v -1444.34004 951.021469 2638.617553
v -1501.982818 813.555225 2581.181584
cstype bspline
deg 1
curv 0 5 10879 10880 10881 10882 10883
parm u 0 0 1 2 3 4
end
v -1498.852099 812.130354 2581.449841
v -1461.982988 863.17312 2422.283109
v -1404.340015 1000.639276 2479.719094
v -1441.209127 949.59651 2638.885826
v -1498.852099 812.130354 2581.449841
cstype bspline
deg 1
curv 0 5 10884 10885 10886 10887 10888
parm u 0 0 1 2 3 4
end
v -1754.078673 1578.104076 2537.053505
v -1808.552595 1566.283782 2698.850406
v -1930.314505 1474.037354 2651.116311
v -1875.840583 1485.857648 2489.31941
v -1754.078673 1578.104076 2537.053505
cstype bspline
deg 1
curv 0 5 10889 10890 10891 10892 10893
parm u 0 0 1 2 3 4
end
v -1756.030041 1580.913559 2536.601778
v -1810.503688 1569.092868 2698.398742
v -1932.265532 1476.846346 2650.664663
v -1877.791886 1488.667037 2488.867698
v -1756.030041 1580.913559 2536.601778
cstype bspline
deg 1
curv 0 5 10894 10895 10896 10897 10898
parm u 0 0 1 2 3 4
end
v -1791.524218 1343.4087 2492.101495
v -1834.784671 1313.478937 2653.611236
v -1714.577642 1407.342126 2703.202756
v -1671.317189 1437.271889 2541.693016
v -1791.524218 1343.4087 2492.101495
cstype bspline
deg 1
curv 0 5 10899 10900 10901 10902 10903
parm u 0 0 1 2 3 4
end
v -1789.416069 1340.677907 2492.160116
v -1832.67658 1310.74822 2653.669855
v -1712.469646 1404.611531 2703.261372
v -1669.209134 1434.541218 2541.751634
v -1789.416069 1340.677907 2492.160116
cstype bspline
deg 1
curv 0 5 10904 10905 10906 10907 10908
parm u 0 0 1 2 3 4
end
v -1495.87067 1582.064076 2572.448815
v -1510.550733 1574.142624 2743.826474
v -1637.391864 1475.897163 2728.420251
v -1622.711801 1483.818615 2557.042592
v -1495.87067 1582.064076 2572.448815
cstype bspline
deg 1
curv 0 5 10909 10910 10911 10912 10913
parm u 0 0 1 2 3 4
end
v -1497.978682 1584.794212 2572.394439
v -1512.658698 1576.8727 2743.772099
v -1639.500383 1478.627956 2728.365862
v -1624.820367 1486.549468 2556.988201
v -1497.978682 1584.794212 2572.394439
cstype bspline
deg 1
curv 0 5 10914 10915 10916 10917 10918
parm u 0 0 1 2 3 4
end
v -1579.986351 1702.131175 2564.714122
v -1606.694028 1711.260215 2733.129644
v -1742.664996 1627.339746 2716.116037
v -1715.957318 1618.210706 2547.700515
v -1579.986351 1702.131175 2564.714122
cstype bspline
deg 1
curv 0 5 10919 10920 10921 10922 10923
parm u 0 0 1 2 3 4
end
v -1581.743717 1705.067292 2564.276273
v -1608.451604 1714.19668 2732.691743
v -1744.422577 1630.276221 2715.678135
v -1717.714691 1621.146833 2547.262665
v -1581.743717 1705.067292 2564.276273
cstype bspline
deg 1
curv 0 5 10924 10925 10926 10927 10928
parm u 0 0 1 2 3 4
end
v -268.658025 193.584347 2982.035007
v -239.785036 147.490288 2817.177035
v -130.156761 266.523721 2803.095592
v -159.02975 312.617781 2967.953564
v -268.658025 193.584347 2982.035007
cstype bspline
deg 1
curv 0 5 10929 10930 10931 10932 10933
parm u 0 0 1 2 3 4
end
v -266.177775 191.422958 2983.073732
v -237.304254 145.328435 2818.215982
v -127.676241 264.362097 2804.134429
v -156.549762 310.45662 2968.992179
v -266.177775 191.422958 2983.073732
cstype bspline
deg 1
curv 0 5 10934 10935 10936 10937 10938
parm u 0 0 1 2 3 4
end
v 63.794212 2907.129562 1345.010161
v -20.633442 2774.191487 1279.909888
v -132.939084 2872.979892 1223.826582
v -48.51143 3005.917967 1288.926855
v 63.794212 2907.129562 1345.010161
cstype bspline
deg 1
curv 0 5 10939 10940 10941 10942 10943
parm u 0 0 1 2 3 4
end
v 65.554239 2907.456078 1342.060872
v -18.873144 2774.518053 1276.960145
v -131.178909 2873.306435 1220.877047
v -46.751527 3006.24446 1285.977774
v 65.554239 2907.456078 1342.060872
cstype bspline
deg 1
curv 0 5 10944 10945 10946 10947 10948
parm u 0 0 1 2 3 4
end
v -1603.990638 1301.314842 2702.13027
v -1573.009047 1340.752903 2540.094921
v -1669.293149 1221.079117 2492.557535
v -1700.274741 1181.641055 2654.592884
v -1603.990638 1301.314842 2702.13027
cstype bspline
deg 1
curv 0 5 10949 10950 10951 10952 10953
parm u 0 0 1 2 3 4
end
v -1606.680383 1303.47436 2702.141623
v -1575.699922 1342.91333 2540.106279
v -1671.983535 1223.23915 2492.568891
v -1702.963996 1183.800181 2654.604235
v -1606.680383 1303.47436 2702.141623
cstype bspline
deg 1
curv 0 5 10954 10955 10956 10957 10958
parm u 0 0 1 2 3 4
end
v -1824.017343 1796.271108 2682.12951
v -1783.216368 1765.669872 2519.545353
v -1646.857866 1847.297749 2538.401101
v -1687.65884 1877.898985 2700.985258
v -1824.017343 1796.271108 2682.12951
cstype bspline
deg 1
curv 0 5 10959 10960 10961 10962 10963
parm u 0 0 1 2 3 4
end
v -1825.623594 1799.173671 2681.180098
v -1784.822531 1768.572275 2518.595994
v -1648.463741 1850.199633 2537.451912
v -1689.264805 1880.801028 2700.036016
v -1825.623594 1799.173671 2681.180098
cstype bspline
deg 1
curv 0 5 10964 10965 10966 10967 10968
parm u 0 0 1 2 3 4
end
v -1948.654756 1638.092404 2463.33645
v -2014.199884 1648.113048 2618.933801
v -1888.308929 1734.405829 2666.407807
v -1822.763801 1724.385186 2510.810456
v -1948.654756 1638.092404 2463.33645
cstype bspline
deg 1
curv 0 5 10969 10970 10971 10972 10973
parm u 0 0 1 2 3 4
end
v -1947.002203 1635.195935 2464.219104
v -2012.546968 1645.215942 2619.816649
v -1886.656047 1731.508784 2667.290637
v -1821.111282 1721.488776 2511.693092
v -1947.002203 1635.195935 2464.219104
cstype bspline
deg 1
curv 0 5 10974 10975 10976 10977 10978
parm u 0 0 1 2 3 4
end
v -2164.264434 1484.094662 2528.739037
v -2074.692672 1495.193637 2383.795082
v -1966.216197 1586.976251 2457.859033
v -2055.787959 1575.877275 2602.802988
v -2164.264434 1484.094662 2528.739037
cstype bspline
deg 1
curv 0 5 10979 10980 10981 10982 10983
parm u 0 0 1 2 3 4
end
v -2166.045995 1486.914476 2527.853983
v -2076.473849 1498.012842 2382.91022
v -1967.997094 1589.795013 2456.97431
v -2057.56924 1578.696647 2601.918073
v -2166.045995 1486.914476 2527.853983
cstype bspline
deg 1
curv 0 5 10984 10985 10986 10987 10988
parm u 0 0 1 2 3 4
end
v -1996.152122 1787.306388 2425.098816
v -2071.293823 1823.921513 2574.205015
v -1942.554879 1907.454221 2618.570056
v -1867.413178 1870.839096 2469.463857
v -1996.152122 1787.306388 2425.098816
cstype bspline
deg 1
curv 0 5 10989 10990 10991 10992 10993
parm u 0 0 1 2 3 4
end
v -1997.520464 1790.152698 2423.710284
v -2072.662299 1826.768101 2572.816348
v -1943.923487 1910.301085 2617.181254
v -1868.781653 1873.685682 2468.075191
v -1997.520464 1790.152698 2423.710284
cstype bspline
deg 1
curv 0 5 10994 10995 10996 10997 10998
parm u 0 0 1 2 3 4
end
v -1397.245056 1842.461583 2722.511182
v -1398.555781 1816.08592 2553.795902
v -1538.26205 1738.023049 2567.085015
v -1536.951325 1764.398713 2735.800295
v -1397.245056 1842.461583 2722.511182
cstype bspline
deg 1
curv 0 5 10999 11000 11001 11002 11003
parm u 0 0 1 2 3 4
end
v -1395.544173 1839.494296 2722.961857
v -1396.854767 1813.118404 2554.246611
v -1536.561034 1735.055532 2567.535724
v -1535.250441 1761.431424 2736.25097
v -1395.544173 1839.494296 2722.961857
cstype bspline
deg 1
curv 0 5 11004 11005 11006 11007 11008
parm u 0 0 1 2 3 4
end
v -132.086495 2678.531553 1547.728252
v -77.133097 2806.781435 1646.805748
v -227.584778 2831.209701 1698.632946
v -282.538177 2702.959819 1599.55545
v -132.086495 2678.531553 1547.728252
cstype bspline
deg 1
curv 0 5 11009 11010 11011 11012 11013
parm u 0 0 1 2 3 4
end
v -131.557215 2676.308115 1550.312775
v -76.603735 2804.557651 1649.390673
v -227.055541 2828.98644 1701.217263
v -282.009021 2700.736904 1602.139365
v -131.557215 2676.308115 1550.312775
cstype bspline
deg 1
curv 0 5 11014 11015 11016 11017 11018
parm u 0 0 1 2 3 4
end
v -1703.634187 1986.275722 2479.437133
v -1750.988005 2043.682943 2632.238466
v -1892.81228 1970.209646 2615.89029
v -1845.458462 1912.802426 2463.088957
v -1703.634187 1986.275722 2479.437133
cstype bspline
deg 1
curv 0 5 11019 11020 11021 11022 11023
parm u 0 0 1 2 3 4
end
v -1704.934999 1989.113601 2477.967842
v -1752.288441 2046.520002 2630.769599
v -1894.112865 1973.047031 2614.421254
v -1846.759423 1915.64063 2461.619497
v -1704.934999 1989.113601 2477.967842
cstype bspline
deg 1
curv 0 5 11024 11025 11026 11027 11028
parm u 0 0 1 2 3 4
end
v -1468.077559 1938.961662 2524.871209
v -1477.785502 1988.423767 2688.110114
v -1624.840057 1924.227559 2698.816401
v -1615.132115 1874.765454 2535.577495
v -1468.077559 1938.961662 2524.871209
cstype bspline
deg 1
curv 0 5 11029 11030 11031 11032 11033
parm u 0 0 1 2 3 4
end
v -1469.460049 1941.963137 2523.879537
v -1479.167881 1991.425002 2687.118521
v -1626.222324 1927.228552 2697.824888
v -1616.514493 1877.766687 2534.585903
v -1469.460049 1941.963137 2523.879537
cstype bspline
deg 1
curv 0 5 11034 11035 11036 11037 11038
parm u 0 0 1 2 3 4
end
v 27.581185 2773.748563 1193.254389
v 149.339848 2879.231931 1249.926686
v 219.611916 2757.39766 1325.717795
v 97.853252 2651.914292 1269.045498
v 27.581185 2773.748563 1193.254389
cstype bspline
deg 1
curv 0 5 11039 11040 11041 11042 11043
parm u 0 0 1 2 3 4
end
v 25.697358 2774.411813 1196.067213
v 147.455825 2879.89525 1252.739801
v 217.727886 2758.060981 1328.53092
v 95.969418 2652.577545 1271.858332
v 25.697358 2774.411813 1196.067213
cstype bspline
deg 1
curv 0 5 11044 11045 11046 11047 11048
parm u 0 0 1 2 3 4
end
v 49.125606 3041.744035 1061.854716
v -32.615403 2901.634887 1009.602138
v -143.809705 2992.580003 939.689638
v -62.068697 3132.689152 991.942215
v 49.125606 3041.744035 1061.854716
cstype bspline
deg 1
curv 0 5 11049 11050 11051 11052 11053
parm u 0 0 1 2 3 4
end
v 50.969134 3041.756135 1058.938346
v -30.771985 2901.646986 1006.685942
v -141.966486 2992.592101 936.773755
v -60.225367 3132.70125 989.026159
v 50.969134 3041.756135 1058.938346
cstype bspline
deg 1
curv 0 5 11054 11055 11056 11057 11058
parm u 0 0 1 2 3 4
end
v -1360.094202 742.052238 2601.250775
v -1305.840289 784.738507 2445.225445
v -1324.157574 633.381808 2397.447067
v -1378.411486 590.695539 2553.472397
v -1360.094202 742.052238 2601.250775
cstype bspline
deg 1
curv 0 5 11059 11060 11061 11062 11063
parm u 0 0 1 2 3 4
end
v -1363.341032 742.741988 2600.310484
v -1309.087462 785.428329 2444.285055
v -1327.404611 634.071601 2396.506717
v -1381.658181 591.385259 2552.532146
v -1363.341032 742.741988 2600.310484
cstype bspline
deg 1
curv 0 5 11064 11065 11066 11067 11068
parm u 0 0 1 2 3 4
end
v 96.40039 409.01077 2945.387265
v 86.380853 334.555623 2788.7133
v 181.478419 451.066622 2727.262904
v 191.497956 525.521769 2883.936869
v 96.40039 409.01077 2945.387265
cstype bspline
deg 1
curv 0 5 11069 11070 11071 11072 11073
parm u 0 0 1 2 3 4
end
v 93.610399 410.906858 2944.664627
v 83.590724 336.451805 2787.990626
v 178.688332 452.962776 2726.540241
v 188.708008 527.417829 2883.214242
v 93.610399 410.906858 2944.664627
cstype bspline
deg 1
curv 0 5 11074 11075 11076 11077 11078
parm u 0 0 1 2 3 4
end
v -2093.63129 -1495.838729 427.656009
v -2231.267986 -1583.055751 481.565869
v -2280.107346 -1454.161754 565.403265
v -2142.47065 -1366.944732 511.493405
v -2093.63129 -1495.838729 427.656009
cstype bspline
deg 1
curv 0 5 11079 11080 11081 11082 11083
parm u 0 0 1 2 3 4
end
v -2095.408421 -1494.728875 424.914435
v -2233.044742 -1581.946131 478.824875
v -2281.883937 -1453.052237 562.662526
v -2144.247616 -1365.834982 508.752086
v -2095.408421 -1494.728875 424.914435
cstype bspline
deg 1
curv 0 5 11084 11085 11086 11087 11088
parm u 0 0 1 2 3 4
end
v -1892.235612 1233.316399 2612.828252
v -1829.080073 1281.438837 2463.479266
v -1918.698333 1170.839087 2389.945328
v -1981.853872 1122.716649 2539.294313
v -1892.235612 1233.316399 2612.828252
cstype bspline
deg 1
curv 0 5 11089 11090 11091 11092 11093
parm u 0 0 1 2 3 4
end
v -1894.789224 1235.611777 2612.487992
v -1831.633276 1283.733848 2463.139061
v -1921.25098 1173.133597 2389.605197
v -1984.406927 1125.011527 2538.954128
v -1894.789224 1235.611777 2612.487992
cstype bspline
deg 1
curv 0 5 11094 11095 11096 11097 11098
parm u 0 0 1 2 3 4
end
v 135.085669 2764.36976 1472.173744
v 28.657363 2653.683234 1401.563314
v -45.921094 2774.054217 1325.282981
v 60.507212 2884.740743 1395.893411
v 135.085669 2764.36976 1472.173744
cstype bspline
deg 1
curv 0 5 11099 11100 11101 11102 11103
parm u 0 0 1 2 3 4
end
v 137.236128 2764.007717 1469.499957
v 30.807668 2653.321217 1398.889719
v -43.770761 2773.692195 1322.609351
v 62.657699 2884.378695 1393.21959
v 137.236128 2764.007717 1469.499957
cstype bspline
deg 1
curv 0 5 11104 11105 11106 11107 11108
parm u 0 0 1 2 3 4
end
v -1985.025368 2085.522521 2525.055484
v -1906.789151 2024.170496 2388.371904
v -2038.117122 1940.744165 2350.648066
v -2116.353339 2002.09619 2487.331645
v -1985.025368 2085.522521 2525.055484
cstype bspline
deg 1
curv 0 5 11109 11110 11111 11112 11113
parm u 0 0 1 2 3 4
end
v -1983.866733 2082.857919 2526.914726
v -1905.630323 2021.50545 2390.231457
v -2036.958198 1938.078898 2352.507772
v -2115.194608 1999.431368 2489.191041
v -1983.866733 2082.857919 2526.914726
cstype bspline
deg 1
curv 0 5 11114 11115 11116 11117 11118
parm u 0 0 1 2 3 4
end
v -1738.99564 2136.804665 2399.221433
v -1796.504044 2218.483571 2538.337305
v -1938.907116 2147.481115 2521.157594
v -1881.398713 2065.80221 2382.041722
v -1738.99564 2136.804665 2399.221433
cstype bspline
deg 1
curv 0 5 11119 11120 11121 11122 11123
parm u 0 0 1 2 3 4
end
v -1737.92887 2134.18648 2401.199634
v -1795.437298 2215.865446 2540.315459
v -1937.840493 2144.863289 2523.135522
v -1880.332064 2063.184323 2384.019697
v -1737.92887 2134.18648 2401.199634
cstype bspline
deg 1
curv 0 5 11124 11125 11126 11127 11128
parm u 0 0 1 2 3 4
end
v 147.384383 2384.813826 1446.682578
v 287.262457 2445.385988 1519.650354
v 208.417274 2578.343922 1560.424008
v 68.5392 2517.77176 1487.456231
v 147.384383 2384.813826 1446.682578
cstype bspline
deg 1
curv 0 5 11129 11130 11131 11132 11133
parm u 0 0 1 2 3 4
end
v 146.460891 2383.350862 1449.667339
v 286.338976 2443.923042 1522.635079
v 207.493783 2576.880959 1563.408766
v 67.615697 2516.308779 1490.441026
v 146.460891 2383.350862 1449.667339
cstype bspline
deg 1
curv 0 5 11134 11135 11136 11137 11138
parm u 0 0 1 2 3 4
end
v -1765.318732 1092.812593 2608.190126
v -1714.275253 1150.549331 2456.790596
v -1803.280735 1038.943086 2384.22148
v -1854.324214 981.206347 2535.62101
v -1765.318732 1092.812593 2608.190126
cstype bspline
deg 1
curv 0 5 11139 11140 11141 11142 11143
parm u 0 0 1 2 3 4
end
v -1762.644833 1090.634164 2608.260884
v -1711.60066 1148.370337 2456.861373
v -1800.606066 1036.76403 2384.292259
v -1851.650239 979.027857 2535.69177
v -1762.644833 1090.634164 2608.260884
cstype bspline
deg 1
curv 0 5 11144 11145 11146 11147 11148
parm u 0 0 1 2 3 4
end
v 2685.2135 55.645514 524.865194
v 2847.591716 77.672855 572.238337
v 2844.491262 -63.674257 648.588502
v 2682.113047 -85.701599 601.215359
v 2685.2135 55.645514 524.865194
cstype bspline
deg 1
curv 0 5 11149 11150 11151 11152 11153
parm u 0 0 1 2 3 4
end
v 2686.268043 54.066495 521.984787
v 2848.646327 76.093734 569.357743
v 2845.545818 -65.253296 645.708059
v 2683.167534 -87.280535 598.335103
v 2686.268043 54.066495 521.984787
cstype bspline
deg 1
curv 0 5 11154 11155 11156 11157 11158
parm u 0 0 1 2 3 4
end
v -1695.483287 2095.37163 2626.315832
v -1673.353567 2022.922381 2474.593201
v -1526.273337 2085.024779 2466.391209
v -1548.403057 2157.474028 2618.11384
v -1695.483287 2095.37163 2626.315832
cstype bspline
deg 1
curv 0 5 11159 11160 11161 11162 11163
parm u 0 0 1 2 3 4
end
v -1694.208673 2092.555076 2627.846685
v -1672.078853 2020.105605 2476.124175
v -1524.998586 2082.207922 2467.922227
v -1547.128406 2154.657393 2619.644737
v -1694.208673 2092.555076 2627.846685
cstype bspline
deg 1
curv 0 5 11164 11165 11166 11167 11168
parm u 0 0 1 2 3 4
end
v -2014.332144 1327.799359 2386.286027
v -2091.023739 1295.206995 2533.458425
v -1984.827942 1388.220002 2609.395482
v -1908.136347 1420.812367 2462.223085
v -2014.332144 1327.799359 2386.286027
cstype bspline
deg 1
curv 0 5 11169 11170 11171 11172 11173
parm u 0 0 1 2 3 4
end
v -2012.275008 1325.069098 2386.753382
v -2088.967031 1292.477302 2533.925683
v -1982.771065 1385.490084 2609.862779
v -1906.079042 1418.08188 2462.690479
v -2012.275008 1325.069098 2386.753382
cstype bspline
deg 1
curv 0 5 11174 11175 11176 11177 11178
parm u 0 0 1 2 3 4
end
v -1634.755801 443.852882 2377.830813
v -1559.760496 507.801458 2240.619951
v -1618.045253 387.348024 2152.624667
v -1693.040559 323.399448 2289.835528
v -1634.755801 443.852882 2377.830813
cstype bspline
deg 1
curv 0 5 11179 11180 11181 11182 11183
parm u 0 0 1 2 3 4
end
v -1631.93067 441.991553 2378.507448
v -1556.935485 505.940209 2241.296558
v -1615.220391 385.486872 2153.301238
v -1690.215575 321.538217 2290.512128
v -1631.93067 441.991553 2378.507448
cstype bspline
deg 1
curv 0 5 11184 11185 11186 11187 11188
parm u 0 0 1 2 3 4
end
v -2130.175896 1650.783661 2347.823318
v -2225.245251 1663.011181 2486.603872
v -2113.607093 1755.226864 2554.954937
v -2018.537737 1742.999344 2416.174383
v -2130.175896 1650.783661 2347.823318
cstype bspline
deg 1
curv 0 5 11189 11190 11191 11192 11193
parm u 0 0 1 2 3 4
end
v -2128.647713 1647.974187 2349.117718
v -2223.717232 1660.202008 2487.898134
v -2112.079013 1752.417579 2556.24925
v -2017.009494 1740.189758 2417.468835
v -2128.647713 1647.974187 2349.117718
cstype bspline
deg 1
curv 0 5 11194 11195 11196 11197 11198
parm u 0 0 1 2 3 4
end
v -1217.685679 1875.1779 2516.107399
v -1191.524587 1914.922039 2679.288677
v -1336.970872 1858.291088 2716.399442
v -1363.131964 1818.546949 2553.218164
v -1217.685679 1875.1779 2516.107399
cstype bspline
deg 1
curv 0 5 11199 11200 11201 11202 11203
parm u 0 0 1 2 3 4
end
v -1219.041544 1878.303713 2515.563463
v -1192.880277 1918.047449 2678.744811
v -1338.326352 1861.416014 2715.85566
v -1364.487618 1821.672277 2552.674312
v -1219.041544 1878.303713 2515.563463
cstype bspline
deg 1
curv 0 5 11204 11205 11206 11207 11208
parm u 0 0 1 2 3 4
end
v -1596.817411 2319.984177 2510.103156
v -1568.67592 2222.489595 2373.207647
v -1720.925515 2171.540244 2378.195064
v -1749.067006 2269.034826 2515.090574
v -1596.817411 2319.984177 2510.103156
cstype bspline
deg 1
curv 0 5 11209 11210 11211 11212 11213
parm u 0 0 1 2 3 4
end
v -1595.877009 2317.374847 2512.154795
v -1567.735493 2219.880194 2375.259341
v -1719.985114 2168.930916 2380.246701
v -1748.126631 2266.425569 2517.142156
v -1595.877009 2317.374847 2512.154795
cstype bspline
deg 1
curv 0 5 11214 11215 11216 11217 11218
parm u 0 0 1 2 3 4
end
v -164.167818 3123.52433 1126.67724
v -207.428837 2970.994221 1066.329897
v -348.141083 3029.989249 1018.089779
v -304.880064 3182.519359 1078.437122
v -164.167818 3123.52433 1126.67724
cstype bspline
deg 1
curv 0 5 11219 11220 11221 11222 11223
parm u 0 0 1 2 3 4
end
v -162.780205 3124.338309 1123.625141
v -206.041264 2971.808175 1063.277886
v -346.753533 3030.803191 1015.037818
v -303.492474 3183.333324 1075.385073
v -162.780205 3124.338309 1123.625141
cstype bspline
deg 1
curv 0 5 11224 11225 11226 11227 11228
parm u 0 0 1 2 3 4
end
v -24.181024 2863.601685 1525.391711
v -91.112092 2731.487627 1444.369585
v -207.960154 2825.865375 1387.004246
v -141.029086 2957.979433 1468.026371
v -24.181024 2863.601685 1525.391711
cstype bspline
deg 1
curv 0 5 11229 11230 11231 11232 11233
parm u 0 0 1 2 3 4
end
v -22.246013 2864.316909 1522.626997
v -89.176992 2732.202884 1441.604744
v -206.024682 2826.580769 1384.238874
v -139.093703 2958.694795 1465.261127
v -22.246013 2864.316909 1522.626997
cstype bspline
deg 1
curv 0 5 11234 11235 11236 11237 11238
parm u 0 0 1 2 3 4
end
v -270.494111 3041.756784 1381.83041
v -317.037915 2897.728352 1306.488718
v -175.06956 2832.966024 1342.589174
v -128.525756 2976.994455 1417.930865
v -270.494111 3041.756784 1381.83041
cstype bspline
deg 1
curv 0 5 11239 11240 11241 11242 11243
parm u 0 0 1 2 3 4
end
v -269.21017 3042.905329 1378.841608
v -315.753835 2898.877022 1303.499594
v -173.785414 2834.114752 1339.599896
v -127.241749 2978.14306 1414.94191
v -269.21017 3042.905329 1378.841608
cstype bspline
deg 1
curv 0 5 11244 11245 11246 11247 11248
parm u 0 0 1 2 3 4
end
v -1993.095272 -1467.056646 743.684884
v -2133.589875 -1545.087744 800.755863
v -2160.816561 -1422.638585 901.150844
v -2020.321958 -1344.607487 844.079864
v -1993.095272 -1467.056646 743.684884
cstype bspline
deg 1
curv 0 5 11249 11250 11251 11252 11253
parm u 0 0 1 2 3 4
end
v -1991.22885 -1468.637068 746.118679
v -2131.723291 -1546.668303 803.18987
v -2158.950449 -1424.218744 903.584235
v -2018.456008 -1346.18751 846.513045
v -1991.22885 -1468.637068 746.118679
cstype bspline
deg 1
curv 0 5 11254 11255 11256 11257 11258
parm u 0 0 1 2 3 4
end
v -1167.402682 1668.067573 2715.365818
v -1201.632018 1642.78791 2551.433964
v -1172.794521 1797.378212 2521.573512
v -1138.565185 1822.657876 2685.505366
v -1167.402682 1668.067573 2715.365818
cstype bspline
deg 1
curv 0 5 11259 11260 11261 11262 11263
parm u 0 0 1 2 3 4
end
v -1164.081131 1667.335817 2714.785112
v -1198.310537 1642.056168 2550.85327
v -1169.473843 1796.646648 2520.992959
v -1135.244437 1821.926296 2684.924801
v -1164.081131 1667.335817 2714.785112
cstype bspline
deg 1
curv 0 5 11264 11265 11266 11267 11268
parm u 0 0 1 2 3 4
end
v 121.136725 1161.41409 2191.838903
v 185.885048 1269.210231 2307.402851
v 43.020997 1274.925912 2382.115419
v -21.727326 1167.129772 2266.551471
v 121.136725 1161.41409 2191.838903
cstype bspline
deg 1
curv 0 5 11269 11270 11271 11272 11273
parm u 0 0 1 2 3 4
end
v 120.210994 1164.087047 2189.864265
v 184.959157 1271.883649 2305.427872
v 42.095199 1277.599062 2380.140638
v -22.652964 1169.802461 2264.577032
v 120.210994 1164.087047 2189.864265
cstype bspline
deg 1
curv 0 5 11274 11275 11276 11277 11278
parm u 0 0 1 2 3 4
end
v -1503.920791 2102.771574 2457.523943
v -1498.272689 2186.30666 2605.712451
v -1345.572421 2226.965596 2576.972608
v -1351.220523 2143.43051 2428.7841
v -1503.920791 2102.771574 2457.523943
cstype bspline
deg 1
curv 0 5 11279 11280 11281 11282 11283
parm u 0 0 1 2 3 4
end
v -1504.984175 2105.647854 2455.943091
v -1499.336063 2189.182916 2604.131612
v -1346.63571 2229.84162 2575.391897
v -1352.283822 2146.306559 2427.203375
v -1504.984175 2105.647854 2455.943091
cstype bspline
deg 1
curv 0 5 11284 11285 11286 11287 11288
parm u 0 0 1 2 3 4
end
v 37.516377 2869.256999 944.272369
v 156.633972 2982.511942 989.51216
v 228.28166 2871.32735 1079.205421
v 109.164065 2758.072407 1033.965631
v 37.516377 2869.256999 944.272369
cstype bspline
deg 1
curv 0 5 11289 11290 11291 11292 11293
parm u 0 0 1 2 3 4
end
v 35.593362 2870.199331 946.976602
v 154.710587 2983.454455 992.216913
v 226.358139 2872.269929 1081.910366
v 107.240913 2759.014805 1036.670055
v 35.593362 2870.199331 946.976602
cstype bspline
deg 1
curv 0 5 11294 11295 11296 11297 11298
parm u 0 0 1 2 3 4
end
v 218.161933 2733.043758 1367.390321
v 83.261456 2653.958806 1303.09937
v 115.296197 2525.091199 1394.402839
v 250.196673 2604.176151 1458.69379
v 218.161933 2733.043758 1367.390321
cstype bspline
deg 1
curv 0 5 11299 11300 11301 11302 11303
parm u 0 0 1 2 3 4
end
v 220.12532 2731.744942 1364.868273
v 85.224877 2652.659967 1300.57728
v 117.259563 2523.792397 1391.88082
v 252.160005 2602.877371 1456.171813
v 220.12532 2731.744942 1364.868273
cstype bspline
deg 1
curv 0 5 11304 11305 11306 11307 11308
parm u 0 0 1 2 3 4
end
v -1799.70915 655.258672 2398.546485
v -1740.924107 725.996416 2256.925992
v -1676.06045 844.41439 2342.998515
v -1734.845493 773.676646 2484.619009
v -1799.70915 655.258672 2398.546485
cstype bspline
deg 1
curv 0 5 11309 11310 11311 11312 11313
parm u 0 0 1 2 3 4
end
v -1796.792731 653.441144 2398.849227
v -1738.007567 724.178812 2257.228747
v -1673.14375 842.596687 2343.301286
v -1731.928914 771.859018 2484.921767
v -1796.792731 653.441144 2398.849227
cstype bspline
deg 1
curv 0 5 11314 11315 11316 11317 11318
parm u 0 0 1 2 3 4
end
v -1829.367373 -1638.589143 833.174752
v -1955.015079 -1740.037046 883.148348
v -2002.915328 -1628.921357 988.281813
v -1877.267622 -1527.473454 938.308217
v -1829.367373 -1638.589143 833.174752
cstype bspline
deg 1
curv 0 5 11319 11320 11321 11322 11323
parm u 0 0 1 2 3 4
end
v -1831.43224 -1637.212077 830.778554
v -1957.080179 -1738.659825 880.75188
v -2004.980316 -1627.54421 985.885474
v -1879.332377 -1526.096463 935.912149
v -1831.43224 -1637.212077 830.778554
cstype bspline
deg 1
curv 0 5 11324 11325 11326 11327 11328
parm u 0 0 1 2 3 4
end
v -1278.792194 2071.709232 2643.494888
v -1294.045839 2012.974162 2485.766053
v -1440.030594 1957.615617 2520.498369
v -1424.776948 2016.350686 2678.227204
v -1278.792194 2071.709232 2643.494888
cstype bspline
deg 1
curv 0 5 11329 11330 11331 11332 11333
parm u 0 0 1 2 3 4
end
v -1277.417286 2068.702494 2644.481581
v -1292.670777 2009.967089 2486.752856
v -1438.655889 1954.609325 2521.484915
v -1423.402397 2013.34473 2679.21364
v -1277.417286 2068.702494 2644.481581
cstype bspline
deg 1
curv 0 5 11334 11335 11336 11337 11338
parm u 0 0 1 2 3 4
end
v -1091.010272 1863.540207 2665.698244
v -1137.331616 1817.596964 2509.141571
v -1088.312106 1959.77341 2452.914669
v -1041.990761 2005.716653 2609.471342
v -1091.010272 1863.540207 2665.698244
cstype bspline
deg 1
curv 0 5 11339 11340 11341 11342 11343
parm u 0 0 1 2 3 4
end
v -1087.863218 1862.238049 2665.149248
v -1134.184176 1816.294646 2508.592508
v -1085.164431 1958.470994 2452.365565
v -1038.843472 2004.414397 2608.922305
v -1087.863218 1862.238049 2665.149248
cstype bspline
deg 1
curv 0 5 11344 11345 11346 11347 11348
parm u 0 0 1 2 3 4
end
v -2203.058497 1105.798424 2400.075383
v -2110.90684 1153.841208 2266.914111
v -2026.380958 1251.912525 2360.7914
v -2118.532614 1203.869741 2493.952672
v -2203.058497 1105.798424 2400.075383
cstype bspline
deg 1
curv 0 5 11349 11350 11351 11352 11353
parm u 0 0 1 2 3 4
end
v -2205.302374 1108.340789 2399.439796
v -2113.150549 1156.383383 2266.278572
v -2028.624608 1254.454634 2360.155877
v -2120.776433 1206.41204 2493.317102
v -2205.302374 1108.340789 2399.439796
cstype bspline
deg 1
curv 0 5 11354 11355 11356 11357 11358
parm u 0 0 1 2 3 4
end
v -1758.21576 2275.917306 2282.104337
v -1814.894882 2379.407199 2402.241626
v -1961.329441 2316.264564 2387.548788
v -1904.650319 2212.774671 2267.411499
v -1758.21576 2275.917306 2282.104337
cstype bspline
deg 1
curv 0 5 11359 11360 11361 11362 11363
parm u 0 0 1 2 3 4
end
v -1757.439885 2273.560358 2284.500716
v -1814.118889 2377.049896 2404.638366
v -1960.553401 2313.907118 2389.945673
v -1903.874397 2210.417581 2269.808023
v -1757.439885 2273.560358 2284.500716
cstype bspline
deg 1
curv 0 5 11364 11365 11366 11367 11368
parm u 0 0 1 2 3 4
end
v -1982.308208 317.020964 2085.683175
v -1893.285416 394.42225 1964.883851
v -1831.833469 494.02289 2073.989109
v -1920.856261 416.621605 2194.788434
v -1982.308208 317.020964 2085.683175
cstype bspline
deg 1
curv 0 5 11369 11370 11371 11372 11373
parm u 0 0 1 2 3 4
end
v -1979.692921 314.832329 2086.208134
v -1890.670618 392.234023 1965.408712
v -1829.218847 491.83481 2074.513935
v -1918.24115 414.433116 2195.313357
v -1979.692921 314.832329 2086.208134
cstype bspline
deg 1
curv 0 5 11374 11375 11376 11377 11378
parm u 0 0 1 2 3 4
end
v -1899.104396 -1661.215656 563.789116
v -2022.088693 -1771.194204 606.595399
v -2086.655222 -1660.91342 704.428032
v -1963.670926 -1550.934872 661.62175
v -1899.104396 -1661.215656 563.789116
cstype bspline
deg 1
curv 0 5 11379 11380 11381 11382 11383
parm u 0 0 1 2 3 4
end
v -1901.051315 -1660.050028 561.190278
v -2024.035666 -1770.028543 603.996487
v -2088.602051 -1659.747845 701.829312
v -1965.6177 -1549.76933 659.023103
v -1901.051315 -1660.050028 561.190278
cstype bspline
deg 1
curv 0 5 11384 11385 11386 11387 11388
parm u 0 0 1 2 3 4
end
v -1226.275687 1605.117143 2729.537686
v -1243.441085 1602.807136 2561.390359
v -1254.367971 1442.895582 2564.702699
v -1237.202573 1445.205589 2732.850026
v -1226.275687 1605.117143 2729.537686
cstype bspline
deg 1
curv 0 5 11389 11390 11391 11392 11393
parm u 0 0 1 2 3 4
end
v -1229.699583 1605.358282 2729.883895
v -1246.864597 1603.048248 2561.736529
v -1257.791959 1443.136727 2565.048917
v -1240.626944 1445.446761 2733.196283
v -1229.699583 1605.358282 2729.883895
cstype bspline
deg 1
curv 0 5 11394 11395 11396 11397 11398
parm u 0 0 1 2 3 4
end
v 316.988436 -1298.024402 2687.107061
v 287.620727 -1164.078933 2588.170442
v 407.131531 -1209.31955 2491.446556
v 436.499241 -1343.265019 2590.383175
v 316.988436 -1298.024402 2687.107061
cstype bspline
deg 1
curv 0 5 11399 11400 11401 11402 11403
parm u 0 0 1 2 3 4
end
v 314.769325 -1299.891237 2685.238352
v 285.401594 -1165.945785 2586.301715
v 404.911975 -1211.186759 2489.577472
v 434.279706 -1345.13221 2588.51411
v 314.769325 -1299.891237 2685.238352
cstype bspline
deg 1
curv 0 5 11404 11405 11406 11407 11408
parm u 0 0 1 2 3 4
end
v -1585.016774 2364.419898 2255.608726
v -1621.107533 2480.861879 2374.015826
v -1773.001829 2431.001947 2376.750535
v -1736.911071 2314.559967 2258.343435
v -1585.016774 2364.419898 2255.608726
cstype bspline
deg 1
curv 0 5 11409 11410 11411 11412 11413
parm u 0 0 1 2 3 4
end
v -1584.226752 2362.148875 2258.082866
v -1620.317563 2478.591007 2376.489802
v -1772.211809 2428.730932 2379.224666
v -1736.120999 2312.2888 2260.81773
v -1584.226752 2362.148875 2258.082866
cstype bspline
deg 1
curv 0 5 11414 11415 11416 11417 11418
parm u 0 0 1 2 3 4
end
v 216.449155 2567.009988 1075.366495
v 359.336978 2647.997959 1117.522184
v 320.753891 2767.543031 1018.634955
v 177.866067 2686.55506 976.479265
v 216.449155 2567.009988 1075.366495
cstype bspline
deg 1
curv 0 5 11419 11420 11421 11422 11423
parm u 0 0 1 2 3 4
end
v 214.78855 2568.60124 1077.938078
v 357.676205 2649.589372 1120.094028
v 319.093226 2769.134339 1021.20663
v 176.205571 2688.146206 979.05068
v 214.78855 2568.60124 1077.938078
cstype bspline
deg 1
curv 0 5 11424 11425 11426 11427 11428
parm u 0 0 1 2 3 4
end
v -1130.330029 150.474719 2395.207768
v -1227.544718 130.877371 2531.619978
v -1326.798256 37.439043 2447.462957
v -1229.583567 57.036391 2311.050746
v -1130.330029 150.474719 2395.207768
cstype bspline
deg 1
curv 0 5 11429 11430 11431 11432 11433
parm u 0 0 1 2 3 4
end
v -1128.491653 147.700836 2396.119392
v -1225.706379 128.103543 2532.531584
v -1324.960249 34.665717 2448.374397
v -1227.745523 54.263009 2311.962205
v -1128.491653 147.700836 2396.119392
cstype bspline
deg 1
curv 0 5 11434 11435 11436 11437 11438
parm u 0 0 1 2 3 4
end
v -1553.152926 2355.404005 2492.107934
v -1547.572735 2251.122754 2359.365284
v -1394.706373 2291.385493 2334.161438
v -1400.286564 2395.666745 2466.904088
v -1553.152926 2355.404005 2492.107934
cstype bspline
deg 1
curv 0 5 11439 11440 11441 11442 11443
parm u 0 0 1 2 3 4
end
v -1552.135519 2352.832532 2494.170828
v -1546.55531 2248.551237 2361.428213
v -1393.688939 2288.813951 2336.224387
v -1399.269147 2393.095246 2468.967002
v -1552.135519 2352.832532 2494.170828
cstype bspline
deg 1
curv 0 5 11444 11445 11446 11447 11448
parm u 0 0 1 2 3 4
end
v -1568.627046 87.871904 2045.02088
v -1670.401398 40.792335 2171.732918
v -1579.603597 123.57769 2275.419879
v -1477.829246 170.657259 2148.707841
v -1568.627046 87.871904 2045.02088
cstype bspline
deg 1
curv 0 5 11449 11450 11451 11452 11453
parm u 0 0 1 2 3 4
end
v -1566.677682 85.074598 2045.547257
v -1668.451869 37.994793 2172.259339
v -1577.654138 120.780248 2275.946281
v -1475.879951 167.860053 2149.234199
v -1566.677682 85.074598 2045.547257
cstype bspline
deg 1
curv 0 5 11454 11455 11456 11457 11458
parm u 0 0 1 2 3 4
end
v -1000.915454 2047.155381 2582.565935
v -1053.359429 1982.100226 2435.119114
v -986.380301 2105.585821 2356.812738
v -933.936326 2170.640976 2504.25956
v -1000.915454 2047.155381 2582.565935
cstype bspline
deg 1
curv 0 5 11459 11460 11461 11462 11463
parm u 0 0 1 2 3 4
end
v -997.966269 2045.38567 2582.297777
v -1050.410452 1980.33064 2434.850975
v -983.430947 2103.816009 2356.544565
v -930.986764 2168.871038 2503.991368
v -997.966269 2045.38567 2582.297777
cstype bspline
deg 1
curv 0 5 11464 11465 11466 11467 11468
parm u 0 0 1 2 3 4
end
v 2600.609387 55.85369 816.165963
v 2759.869664 72.972743 869.829005
v 2743.510125 -58.274592 960.249801
v 2584.249847 -75.393646 906.586759
v 2600.609387 55.85369 816.165963
cstype bspline
deg 1
curv 0 5 11469 11470 11471 11472 11473
parm u 0 0 1 2 3 4
end
v 2601.704598 53.905954 813.536962
v 2760.964871 71.025016 867.200015
v 2744.605183 -60.222057 957.621166
v 2585.344911 -77.341118 903.958114
v 2601.704598 53.905954 813.536962
cstype bspline
deg 1
curv 0 5 11474 11475 11476 11477 11478
parm u 0 0 1 2 3 4
end
v -1570.728778 2396.895556 2219.54571
v -1582.841229 2520.477887 2334.019722
v -1425.298879 2546.423787 2322.678889
v -1413.186428 2422.841456 2208.204876
v -1570.728778 2396.895556 2219.54571
cstype bspline
deg 1
curv 0 5 11479 11480 11481 11482 11483
parm u 0 0 1 2 3 4
end
v -1570.170884 2394.611617 2222.070387
v -1582.283246 2518.193581 2336.544806
v -1424.740948 2544.139696 2325.203735
v -1412.628586 2420.557732 2210.729316
v -1570.170884 2394.611617 2222.070387
cstype bspline
deg 1
curv 0 5 11484 11485 11486 11487 11488
parm u 0 0 1 2 3 4
end
v -2099.238011 936.534718 2390.938939
v -2020.909787 999.738087 2255.158245
v -1937.57023 1098.617384 2349.261051
v -2015.898454 1035.414015 2485.041745
v -2099.238011 936.534718 2390.938939
cstype bspline
deg 1
curv 0 5 11489 11490 11491 11492 11493
parm u 0 0 1 2 3 4
end
v -2096.765277 934.149632 2391.255189
v -2018.436805 997.352763 2255.474527
v -1935.09746 1096.232265 2349.577305
v -2013.425932 1033.029134 2485.357968
v -2096.765277 934.149632 2391.255189
cstype bspline
deg 1
curv 0 5 11494 11495 11496 11497 11498
parm u 0 0 1 2 3 4
end
v -1685.449168 868.226885 2542.20608
v -1642.343907 926.017677 2389.979007
v -1586.371226 1061.114065 2457.115844
v -1629.476487 1003.323274 2609.342917
v -1685.449168 868.226885 2542.20608
cstype bspline
deg 1
curv 0 5 11499 11500 11501 11502 11503
parm u 0 0 1 2 3 4
end
v -1688.561103 869.67999 2541.87654
v -1645.455768 927.470747 2389.649474
v -1589.482654 1062.566934 2456.786358
v -1632.587989 1004.776177 2609.013423
v -1688.561103 869.67999 2541.87654
cstype bspline
deg 1
curv 0 5 11504 11505 11506 11507 11508
parm u 0 0 1 2 3 4
end
v 2560.731245 313.075646 710.367929
v 2717.099437 363.010073 754.925057
v 2734.046034 230.341721 844.132095
v 2577.677842 180.407294 799.574967
v 2560.731245 313.075646 710.367929
cstype bspline
deg 1
curv 0 5 11509 11510 11511 11512 11513
parm u 0 0 1 2 3 4
end
v 2562.039069 311.410989 707.64382
v 2718.40727 361.345405 752.20093
v 2735.353784 228.677158 841.40814
v 2578.985584 178.742742 796.85103
v 2562.039069 311.410989 707.64382
cstype bspline
deg 1
curv 0 5 11514 11515 11516 11517 11518
parm u 0 0 1 2 3 4
end
v 36.950211 2778.439307 1167.082568
v 139.302769 2900.448178 1220.166219
v 60.63126 3006.438536 1128.244625
v -41.721297 2884.429664 1075.160974
v 36.950211 2778.439307 1167.082568
cstype bspline
deg 1
curv 0 5 11519 11520 11521 11522 11523
parm u 0 0 1 2 3 4
end
v 34.798394 2779.107822 1169.69505
v 137.151118 2901.116642 1222.778499
v 58.479502 3007.107033 1130.857034
v -43.873221 2885.098213 1077.773585
v 34.798394 2779.107822 1169.69505
cstype bspline
deg 1
curv 0 5 11524 11525 11526 11527 11528
parm u 0 0 1 2 3 4
end
v -1960.659484 -1256.853079 1056.682237
v -2109.320982 -1299.430567 1126.160205
v -2092.664286 -1181.766803 1233.907123
v -1944.002788 -1139.189315 1164.429155
v -1960.659484 -1256.853079 1056.682237
cstype bspline
deg 1
curv 0 5 11529 11530 11531 11532 11533
parm u 0 0 1 2 3 4
end
v -1959.040264 -1259.032129 1058.811524
v -2107.701958 -1301.609355 1128.289235
v -2091.045216 -1183.945652 1236.036213
v -1942.383523 -1141.368427 1166.558502
v -1959.040264 -1259.032129 1058.811524
cstype bspline
deg 1
curv 0 5 11534 11535 11536 11537 11538
parm u 0 0 1 2 3 4
end
v 52.934977 1039.989963 2348.134986
v 95.41487 1146.610228 2473.240904
v -58.316979 1152.834125 2520.136518
v -100.796871 1046.21386 2395.030601
v 52.934977 1039.989963 2348.134986
cstype bspline
deg 1
curv 0 5 11539 11540 11541 11542 11543
parm u 0 0 1 2 3 4
end
v 52.401688 1042.671307 2346.030914
v 94.881565 1149.291651 2471.13677
v -58.850275 1155.5155 2518.032422
v -101.330151 1048.895156 2392.926566
v 52.401688 1042.671307 2346.030914
cstype bspline
deg 1
curv 0 5 11544 11545 11546 11547 11548
parm u 0 0 1 2 3 4
end
v 477.732155 1509.991399 1349.842677
v 612.645128 1588.908901 1423.223734
v 613.375823 1699.418945 1303.032539
v 478.46285 1620.501443 1229.651482
v 477.732155 1509.991399 1349.842677
cstype bspline
deg 1
curv 0 5 11549 11550 11551 11552 11553
parm u 0 0 1 2 3 4
end
v 479.885486 1508.000298 1348.025045
v 614.79848 1586.91778 1421.406085
v 615.52916 1697.427839 1301.214903
v 480.616166 1618.510357 1227.833864
v 479.885486 1508.000298 1348.025045
cstype bspline
deg 1
curv 0 5 11554 11555 11556 11557 11558
parm u 0 0 1 2 3 4
end
v -1957.891604 782.249013 2390.915611
v -1892.051318 851.512852 2252.368367
v -1827.824814 968.817068 2341.533848
v -1893.665101 899.55323 2480.081092
v -1957.891604 782.249013 2390.915611
cstype bspline
deg 1
curv 0 5 11559 11560 11561 11562 11563
parm u 0 0 1 2 3 4
end
v -1960.752178 784.132732 2390.497905
v -1894.910774 853.395834 2251.950824
v -1830.684628 970.700287 2341.116252
v -1896.526033 901.437185 2479.663334
v -1960.752178 784.132732 2390.497905
cstype bspline
deg 1
curv 0 5 11564 11565 11566 11567 11568
parm u 0 0 1 2 3 4
end
v -1220.970747 2321.784715 2285.527356
v -1203.473815 2430.191399 2414.878356
v -1360.054987 2416.713142 2447.354512
v -1377.551919 2308.306458 2318.003512
v -1220.970747 2321.784715 2285.527356
cstype bspline
deg 1
curv 0 5 11569 11570 11571 11572 11573
parm u 0 0 1 2 3 4
end
v -1221.637719 2324.42296 2283.406515
v -1204.140754 2432.829516 2412.757618
v -1360.72195 2419.351353 2445.233698
v -1378.218915 2310.944797 2315.882595
v -1221.637719 2324.42296 2283.406515
cstype bspline
deg 1
curv 0 5 11574 11575 11576 11577 11578
parm u 0 0 1 2 3 4
end
v 107.859105 2741.880887 1075.322296
v 241.969516 2831.790892 1123.288084
v 285.407684 2713.352899 1223.844128
v 151.297273 2623.442894 1175.878339
v 107.859105 2741.880887 1075.322296
cstype bspline
deg 1
curv 0 5 11579 11580 11581 11582 11583
parm u 0 0 1 2 3 4
end
v 105.989972 2743.328512 1077.834788
v 240.100292 2833.238587 1125.800699
v 283.538591 2714.800493 1226.356567
v 149.428271 2624.890418 1178.390656
v 105.989972 2743.328512 1077.834788
cstype bspline
deg 1
curv 0 5 11584 11585 11586 11587 11588
parm u 0 0 1 2 3 4
end
v -454.784104 666.282814 2641.25256
v -476.911601 707.145378 2805.033004
v -635.260194 686.502591 2788.789668
v -613.132697 645.640027 2625.009223
v -454.784104 666.282814 2641.25256
cstype bspline
deg 1
curv 0 5 11589 11590 11591 11592 11593
parm u 0 0 1 2 3 4
end
v -455.127136 669.602416 2640.377998
v -477.254581 710.464473 2804.158576
v -635.603215 689.822079 2787.915137
v -613.47577 648.960021 2624.134558
v -455.127136 669.602416 2640.377998
cstype bspline
deg 1
curv 0 5 11594 11595 11596 11597 11598
parm u 0 0 1 2 3 4
end
v 2453.312438 430.857647 913.604648
v 2596.898981 508.811966 957.26166
v 2562.675992 628.331472 856.404985
v 2419.089449 550.377153 812.747973
v 2453.312438 430.857647 913.604648
cstype bspline
deg 1
curv 0 5 11599 11600 11601 11602 11603
parm u 0 0 1 2 3 4
end
v 2451.645854 432.512427 916.131136
v 2595.232002 510.467139 959.788747
v 2561.009134 629.986525 858.931888
v 2417.422986 552.031813 815.274278
v 2451.645854 432.512427 916.131136
cstype bspline
deg 1
curv 0 5 11604 11605 11606 11607 11608
parm u 0 0 1 2 3 4
end
v -2057.315314 617.625245 2233.103289
v -1977.856377 695.968527 2106.630325
v -1906.632882 793.902712 2212.042804
v -1986.091819 715.559431 2338.515768
v -2057.315314 617.625245 2233.103289
cstype bspline
deg 1
curv 0 5 11609 11610 11611 11612 11613
parm u 0 0 1 2 3 4
end
v -2054.684698 615.410135 2233.383848
v -1975.22662 693.75414 2106.910792
v -1904.003365 791.688528 2212.323246
v -1983.461443 713.344523 2338.796301
v -2054.684698 615.410135 2233.383848
cstype bspline
deg 1
curv 0 5 11614 11615 11616 11617 11618
parm u 0 0 1 2 3 4
end
v 278.835584 2471.431585 996.370022
v 432.49069 2526.558184 1040.363249
v 448.172464 2402.664898 1140.838507
v 294.517358 2347.5383 1096.84528
v 278.835584 2471.431585 996.370022
cstype bspline
deg 1
curv 0 5 11619 11620 11621 11622 11623
parm u 0 0 1 2 3 4
end
v 277.436643 2473.309074 998.903445
v 431.091577 2528.435903 1042.896983
v 446.773383 2404.542573 1143.372182
v 293.11845 2349.415744 1099.378644
v 277.436643 2473.309074 998.903445
cstype bspline
deg 1
curv 0 5 11624 11625 11626 11627 11628
parm u 0 0 1 2 3 4
end
v -1579.719072 2491.153993 2102.33933
v -1614.565739 2622.678471 2201.179744
v -1769.817467 2583.690837 2198.32487
v -1734.9708 2452.166358 2099.484456
v -1579.719072 2491.153993 2102.33933
cstype bspline
deg 1
curv 0 5 11629 11630 11631 11632 11633
parm u 0 0 1 2 3 4
end
v -1579.27338 2489.174874 2105.130029
v -1614.120063 2620.699425 2203.970341
v -1769.371775 2581.711721 2201.115564
v -1734.525092 2450.187171 2102.275252
v -1579.27338 2489.174874 2105.130029
cstype bspline
deg 1
curv 0 5 11634 11635 11636 11637 11638
parm u 0 0 1 2 3 4
end
v -239.046 2739.973881 1533.007479
v -198.695502 2877.728143 1626.394158
v -342.546419 2943.431583 1591.630392
v -382.896918 2805.67732 1498.243713
v -239.046 2739.973881 1533.007479
cstype bspline
deg 1
curv 0 5 11639 11640 11641 11642 11643
parm u 0 0 1 2 3 4
end
v -237.686741 2741.470777 1530.212117
v -197.336373 2879.224897 1623.599064
v -341.187047 2944.928604 1588.834798
v -381.537416 2807.174485 1495.447852
v -237.686741 2741.470777 1530.212117
cstype bspline
deg 1
curv 0 5 11644 11645 11646 11647 11648
parm u 0 0 1 2 3 4
end
v -1394.664017 2589.328199 1998.029001
v -1394.457258 2728.08692 2093.826074
v -1234.810842 2733.234141 2086.025939
v -1235.017601 2594.47542 1990.228867
v -1394.664017 2589.328199 1998.029001
cstype bspline
deg 1
curv 0 5 11649 11650 11651 11652 11653
parm u 0 0 1 2 3 4
end
v -1394.462483 2587.371491 2000.862784
v -1394.255716 2726.130131 2096.659974
v -1234.609277 2731.277124 2088.86017
v -1234.816044 2592.518484 1993.06298
v -1394.462483 2587.371491 2000.862784
cstype bspline
deg 1
curv 0 5 11654 11655 11656 11657 11658
parm u 0 0 1 2 3 4
end
v -1860.937287 121.950494 1799.76868
v -1964.288748 51.57784 1912.313193
v -1880.764544 119.065602 2031.214071
v -1777.413083 189.438256 1918.669558
v -1860.937287 121.950494 1799.76868
cstype bspline
deg 1
curv 0 5 11659 11660 11661 11662 11663
parm u 0 0 1 2 3 4
end
v -1858.894013 119.174272 1799.909112
v -1962.245414 48.801536 1912.453629
v -1878.721101 116.289151 2031.354515
v -1775.3697 186.661886 1918.809998
v -1858.894013 119.174272 1799.909112
cstype bspline
deg 1
curv 0 5 11664 11665 11666 11667 11668
parm u 0 0 1 2 3 4
end
v 396.343828 -1498.196126 2374.155637
v 361.625386 -1360.177968 2281.759147
v 275.323314 -1300.420721 2403.450551
v 310.041756 -1438.438879 2495.847041
v 396.343828 -1498.196126 2374.155637
cstype bspline
deg 1
curv 0 5 11669 11670 11671 11672 11673
parm u 0 0 1 2 3 4
end
v 399.166892 -1496.652989 2375.399948
v 364.448797 -1358.634642 2283.00361
v 278.146906 -1298.877296 2404.695095
v 312.865002 -1436.895643 2497.091432
v 399.166892 -1496.652989 2375.399948
cstype bspline
deg 1
curv 0 5 11674 11675 11676 11677 11678
parm u 0 0 1 2 3 4
end
v 2499.956415 294.527915 933.316366
v 2654.106902 341.813941 987.161511
v 2659.618921 213.683466 1083.903762
v 2505.468435 166.39744 1030.058616
v 2499.956415 294.527915 933.316366
cstype bspline
deg 1
curv 0 5 11679 11680 11681 11682 11683
parm u 0 0 1 2 3 4
end
v 2498.506761 296.374546 935.844766
v 2652.656888 343.66103 989.690539
v 2658.16926 215.530107 1086.432175
v 2504.019133 168.243623 1032.586402
v 2498.506761 296.374546 935.844766
cstype bspline
deg 1
curv 0 5 11684 11685 11686 11687 11688
parm u 0 0 1 2 3 4
end
v -1115.216408 2040.054797 2434.091188
v -1078.268916 2104.523475 2586.115431
v -1228.211683 2075.396587 2634.908841
v -1265.159176 2010.927909 2482.884598
v -1115.216408 2040.054797 2434.091188
cstype bspline
deg 1
curv 0 5 11689 11690 11691 11692 11693
parm u 0 0 1 2 3 4
end
v -1116.179457 2043.18264 2432.99884
v -1079.231776 2107.650706 2585.023297
v -1229.174662 2078.524204 2633.816573
v -1266.122343 2014.056138 2481.792116
v -1116.179457 2043.18264 2432.99884
cstype bspline
deg 1
curv 0 5 11694 11695 11696 11697 11698
parm u 0 0 1 2 3 4
end
v -1302.027572 1393.230645 2732.462153
v -1301.170266 1411.513388 2564.826879
v -1280.831829 1253.533346 2547.701175
v -1281.689135 1235.250604 2715.336449
v -1302.027572 1393.230645 2732.462153
cstype bspline
deg 1
curv 0 5 11699 11700 11701 11702 11703
parm u 0 0 1 2 3 4
end
v -1305.449412 1392.79714 2732.397378
v -1304.592259 1411.079863 2564.762101
v -1284.253945 1253.099806 2547.636394
v -1285.111097 1234.817083 2715.271671
v -1305.449412 1392.79714 2732.397378
cstype bspline
deg 1
curv 0 5 11704 11705 11706 11707 11708
parm u 0 0 1 2 3 4
end
v 2350.001121 895.414414 904.098248
v 2227.196447 787.704906 859.012862
v 2277.395297 683.989963 970.056206
v 2400.199971 791.699471 1015.141592
v 2350.001121 895.414414 904.098248
cstype bspline
deg 1
curv 0 5 11709 11710 11711 11712 11713
parm u 0 0 1 2 3 4
end
v 2352.11801 893.96721 901.789589
v 2229.313219 786.257781 856.70433
v 2279.51192 682.54294 967.747836
v 2402.316712 790.252368 1012.833095
v 2352.11801 893.96721 901.789589
cstype bspline
deg 1
curv 0 5 11714 11715 11716 11717 11718
parm u 0 0 1 2 3 4
end
v 236.939334 2413.700592 1200.311009
v 389.970064 2461.488264 1255.074046
v 395.349467 2333.325698 1351.879791
v 242.318737 2285.538026 1297.116754
v 236.939334 2413.700592 1200.311009
cstype bspline
deg 1
curv 0 5 11719 11720 11721 11722 11723
parm u 0 0 1 2 3 4
end
v 235.463604 2415.540667 1202.829126
v 388.494399 2463.328257 1257.592052
v 393.873924 2335.165539 1354.397589
v 240.843129 2287.377949 1299.634663
v 235.463604 2415.540667 1202.829126
cstype bspline
deg 1
curv 0 5 11724 11725 11726 11727 11728
parm u 0 0 1 2 3 4
end
v -2093.452982 -1660.609537 687.354381
v -1962.620989 -1566.871875 637.280079
v -2018.27837 -1443.275479 723.229778
v -2149.110363 -1537.013141 773.30408
v -2093.452982 -1660.609537 687.354381
cstype bspline
deg 1
curv 0 5 11729 11730 11731 11732 11733
parm u 0 0 1 2 3 4
end
v -2091.636435 -1661.688064 690.081619
v -1960.804338 -1567.950465 640.007474
v -2016.461551 -1444.354168 725.957425
v -2147.293648 -1538.091768 776.031569
v -2091.636435 -1661.688064 690.081619
cstype bspline
deg 1
curv 0 5 11734 11735 11736 11737 11738
parm u 0 0 1 2 3 4
end
v -843.097585 623.688804 2570.794703
v -886.687214 636.305456 2733.59101
v -731.235486 644.47187 2774.581193
v -687.645857 631.855219 2611.784885
v -843.097585 623.688804 2570.794703
cstype bspline
deg 1
curv 0 5 11739 11740 11741 11742 11743
parm u 0 0 1 2 3 4
end
v -842.994594 620.253204 2571.088544
v -886.584232 632.870145 2733.884826
v -731.132488 641.036039 2774.875053
v -687.542851 628.419097 2612.07877
v -842.994594 620.253204 2571.088544
cstype bspline
deg 1
curv 0 5 11744 11745 11746 11747 11748
parm u 0 0 1 2 3 4
end
v -1777.990186 -1718.709668 746.539419
v -1884.798696 -1845.263314 781.654104
v -1812.232011 -1937.017369 671.698096
v -1705.423501 -1810.463724 636.58341
v -1777.990186 -1718.709668 746.539419
cstype bspline
deg 1
curv 0 5 11749 11750 11751 11752 11753
parm u 0 0 1 2 3 4
end
v -1780.165624 -1717.542299 744.129588
v -1886.974136 -1844.095943 779.244271
v -1814.407414 -1935.850018 669.288303
v -1707.598902 -1809.296374 634.17362
v -1780.165624 -1717.542299 744.129588
cstype bspline
deg 1
curv 0 5 11754 11755 11756 11757 11758
parm u 0 0 1 2 3 4
end
v 308.420572 2523.152594 792.773469
v 461.00903 2584.901753 829.332815
v 483.563708 2466.67531 934.881744
v 330.97525 2404.926151 898.322398
v 308.420572 2523.152594 792.773469
cstype bspline
deg 1
curv 0 5 11759 11760 11761 11762 11763
parm u 0 0 1 2 3 4
end
v 307.035248 2525.105473 795.256941
v 459.623516 2586.8549 831.816628
v 482.178217 2468.628425 937.365515
v 329.58995 2406.878998 900.805828
v 307.035248 2525.105473 795.256941
cstype bspline
deg 1
curv 0 5 11764 11765 11766 11767 11768
parm u 0 0 1 2 3 4
end
v -163.318067 3101.565881 1185.373769
v -226.439692 2958.012699 1121.505704
v -109.268555 2874.164217 1194.166176
v -46.14693 3017.717399 1258.034241
v -163.318067 3101.565881 1185.373769
cstype bspline
deg 1
curv 0 5 11769 11770 11771 11772 11773
parm u 0 0 1 2 3 4
end
v -165.311105 3101.200127 1188.165606
v -228.432785 2957.646936 1124.297616
v -111.262073 2873.798376 1196.958684
v -48.140394 3017.351568 1260.826673
v -165.311105 3101.200127 1188.165606
cstype bspline
deg 1
curv 0 5 11774 11775 11776 11777 11778
parm u 0 0 1 2 3 4
end
v -1194.792515 2750.407283 1737.276535
v -1188.541431 2896.77037 1820.819356
v -1028.72185 2887.723848 1824.709949
v -1034.972935 2741.360762 1741.167128
v -1194.792515 2750.407283 1737.276535
cstype bspline
deg 1
curv 0 5 11779 11780 11781 11782 11783
parm u 0 0 1 2 3 4
end
v -1194.961828 2748.704467 1740.272469
v -1188.710731 2895.067685 1823.815057
v -1028.891136 2886.021307 1827.705398
v -1035.142234 2739.658088 1744.162811
v -1194.961828 2748.704467 1740.272469
cstype bspline
deg 1
curv 0 5 11784 11785 11786 11787 11788
parm u 0 0 1 2 3 4
end
v -1151.238564 2272.344665 2517.099814
v -1177.37795 2186.760241 2374.470139
v -1328.183042 2157.465706 2419.685893
v -1302.043657 2243.05013 2562.315569
v -1151.238564 2272.344665 2517.099814
cstype bspline
deg 1
curv 0 5 11789 11790 11791 11792 11793
parm u 0 0 1 2 3 4
end
v -1150.208796 2269.441273 2518.653255
v -1176.348257 2183.857063 2376.023465
v -1327.153285 2154.562345 2421.239317
v -1301.013824 2240.146556 2563.869107
v -1150.208796 2269.441273 2518.653255
cstype bspline
deg 1
curv 0 5 11794 11795 11796 11797 11798
parm u 0 0 1 2 3 4
end
v -1228.400566 2486.609316 2127.776984
v -1204.161535 2610.723267 2239.967395
v -1046.003223 2601.769152 2215.702633
v -1070.242254 2477.655202 2103.512222
v -1228.400566 2486.609316 2127.776984
cstype bspline
deg 1
curv 0 5 11799 11800 11801 11802 11803
parm u 0 0 1 2 3 4
end
v -1228.656148 2488.943799 2125.249619
v -1204.417104 2613.057622 2237.440168
v -1046.258788 2604.103472 2213.175444
v -1070.497832 2479.989649 2100.984895
v -1228.656148 2488.943799 2125.249619
cstype bspline
deg 1
curv 0 5 11804 11805 11806 11807 11808
parm u 0 0 1 2 3 4
end
v -1562.605182 2528.836704 2060.227025
v -1580.856316 2665.583628 2157.101023
v -1423.366306 2692.721572 2148.464453
v -1405.115172 2555.974647 2051.590455
v -1562.605182 2528.836704 2060.227025
cstype bspline
deg 1
curv 0 5 11809 11810 11811 11812 11813
parm u 0 0 1 2 3 4
end
v -1562.118041 2526.906145 2063.043958
v -1580.369123 2663.652864 2159.918256
v -1422.879106 2690.790779 2151.281728
v -1404.628024 2554.04406 2054.40743
v -1562.118041 2526.906145 2063.043958
cstype bspline
deg 1
curv 0 5 11814 11815 11816 11817 11818
parm u 0 0 1 2 3 4
end
v 219.242127 2552.009926 1088.70486
v 369.029122 2611.762655 1136.882843
v 386.060039 2487.65057 1237.863115
v 236.273044 2427.897842 1189.685132
v 219.242127 2552.009926 1088.70486
cstype bspline
deg 1
curv 0 5 11819 11820 11821 11822 11823
parm u 0 0 1 2 3 4
end
v 217.711878 2553.832108 1091.202504
v 367.498933 2613.584766 1139.380389
v 384.529392 2489.473228 1240.36141
v 234.742337 2429.72057 1192.183525
v 217.711878 2553.832108 1091.202504
cstype bspline
deg 1
curv 0 5 11824 11825 11826 11827 11828
parm u 0 0 1 2 3 4
end
v -2015.467326 931.091854 2223.748645
v -2106.029929 860.461578 2347.105183
v -2176.552074 764.059183 2240.133984
v -2085.989471 834.689459 2116.777446
v -2015.467326 931.091854 2223.748645
cstype bspline
deg 1
curv 0 5 11829 11830 11831 11832 11833
parm u 0 0 1 2 3 4
end
v -2017.950173 933.439324 2223.269952
v -2108.512635 862.808916 2346.626517
v -2179.034726 766.40647 2239.655328
v -2088.472265 837.036878 2116.298764
v -2017.950173 933.439324 2223.269952
cstype bspline
deg 1
curv 0 5 11834 11835 11836 11837 11838
parm u 0 0 1 2 3 4
end
v 199.931465 2745.112015 759.508082
v 341.425534 2829.959799 795.322459
v 378.70492 2720.805075 906.638774
v 237.210851 2635.957292 870.824397
v 199.931465 2745.112015 759.508082
cstype bspline
deg 1
curv 0 5 11839 11840 11841 11842 11843
parm u 0 0 1 2 3 4
end
v 198.229004 2746.949753 761.880291
v 339.722925 2831.797696 797.694873
v 377.00246 2722.642812 909.01098
v 235.508538 2637.794869 873.196398
v 198.229004 2746.949753 761.880291
cstype bspline
deg 1
curv 0 5 11844 11845 11846 11847 11848
parm u 0 0 1 2 3 4
end
v 190.189521 2208.568502 1460.373346
v 337.212859 2248.829917 1530.827996
v 284.897868 2398.13919 1554.674853
v 137.87453 2357.877775 1484.220203
v 190.189521 2208.568502 1460.373346
cstype bspline
deg 1
curv 0 5 11849 11850 11851 11852 11853
parm u 0 0 1 2 3 4
end
v 188.961966 2207.644971 1463.462743
v 335.985354 2247.906424 1533.917268
v 283.670384 2397.215713 1557.76407
v 136.646996 2356.95426 1487.309545
v 188.961966 2207.644971 1463.462743
cstype bspline
deg 1
curv 0 5 11854 11855 11856 11857 11858
parm u 0 0 1 2 3 4
end
v 302.775367 1859.69737 1382.90174
v 450.149509 1901.537057 1456.650283
v 412.68911 1809.376033 1583.794256
v 265.314967 1767.536346 1510.045714
v 302.775367 1859.69737 1382.90174
cstype bspline
deg 1
curv 0 5 11859 11860 11861 11862 11863
parm u 0 0 1 2 3 4
end
v 304.298246 1856.995085 1381.391641
v 451.67205 1898.835373 1455.140519
v 414.211951 1806.673816 1582.284194
v 266.838147 1764.833528 1508.535317
v 304.298246 1856.995085 1381.391641
cstype bspline
deg 1
curv 0 5 11864 11865 11866 11867 11868
parm u 0 0 1 2 3 4
end
v 328.933659 2565.322518 601.753761
v 480.034642 2632.269269 632.38482
v 508.270925 2518.589483 741.553826
v 357.169942 2451.642731 710.922767
v 328.933659 2565.322518 601.753761
cstype bspline
deg 1
curv 0 5 11869 11870 11871 11872 11873
parm u 0 0 1 2 3 4
end
v 327.550424 2567.326184 604.197987
v 478.651402 2634.272943 634.829056
v 506.88768 2520.593163 743.99807
v 355.786702 2453.646404 713.367001
v 327.550424 2567.326184 604.197987
cstype bspline
deg 1
curv 0 5 11874 11875 11876 11877 11878
parm u 0 0 1 2 3 4
end
v -1376.933779 2674.391811 1860.330105
v -1395.618682 2820.169062 1941.452019
v -1554.476716 2801.040139 1939.237018
v -1535.791813 2655.262888 1858.115104
v -1376.933779 2674.391811 1860.330105
cstype bspline
deg 1
curv 0 5 11879 11880 11881 11882 11883
parm u 0 0 1 2 3 4
end
v -1376.775955 2672.731467 1863.350137
v -1395.460879 2818.508935 1944.471659
v -1554.318909 2799.379964 1942.256743
v -1535.633985 2653.602497 1861.135222
v -1376.775955 2672.731467 1863.350137
cstype bspline
deg 1
curv 0 5 11884 11885 11886 11887 11888
parm u 0 0 1 2 3 4
end
v -2184.264112 999.76897 2126.650948
v -2285.333619 937.697774 2246.537344
v -2211.311464 1028.735031 2356.075829
v -2110.241957 1090.806227 2236.189434
v -2184.264112 999.76897 2126.650948
cstype bspline
deg 1
curv 0 5 11889 11890 11891 11892 11893
parm u 0 0 1 2 3 4
end
v -2182.007104 997.227559 2127.237882
v -2283.076437 935.156167 2247.124322
v -2209.053754 1026.192829 2356.662945
v -2107.98442 1088.264221 2236.776504
v -2182.007104 997.227559 2127.237882
cstype bspline
deg 1
curv 0 5 11894 11895 11896 11897 11898
parm u 0 0 1 2 3 4
end
v 2047.143775 914.531672 950.190638
v 2141.312957 1046.8545 997.574078
v 2073.091071 1136.254602 883.498881
v 1978.921889 1003.931773 836.115441
v 2047.143775 914.531672 950.190638
cstype bspline
deg 1
curv 0 5 11899 11900 11901 11902 11903
parm u 0 0 1 2 3 4
end
v 2049.604771 913.575607 947.969564
v 2143.774226 1045.89833 995.352757
v 2075.551628 1135.298708 881.278203
v 1981.382173 1002.975986 833.89501
v 2049.604771 913.575607 947.969564
cstype bspline
deg 1
curv 0 5 11904 11905 11906 11907 11908
parm u 0 0 1 2 3 4
end
v 216.050193 -1218.026946 2794.08517
v 204.44695 -1090.460226 2685.533062
v 224.220199 -1192.554638 2563.441623
v 235.823442 -1320.121358 2671.993731
v 216.050193 -1218.026946 2794.08517
cstype bspline
deg 1
curv 0 5 11909 11910 11911 11912 11913
parm u 0 0 1 2 3 4
end
v 219.465084 -1217.570523 2794.256553
v 207.862845 -1090.003669 2685.704495
v 227.635826 -1192.098117 2563.613043
v 239.238065 -1319.664972 2672.165101
v 219.465084 -1217.570523 2794.256553
cstype bspline
deg 1
curv 0 5 11914 11915 11916 11917 11918
parm u 0 0 1 2 3 4
end
v -393.384538 2774.227334 1826.58921
v -427.171929 2646.653949 1719.115306
v -274.55018 2650.86988 1666.130061
v -240.762789 2778.443264 1773.603965
v -393.384538 2774.227334 1826.58921
cstype bspline
deg 1
curv 0 5 11919 11920 11921 11922 11923
parm u 0 0 1 2 3 4
end
v -394.28914 2776.50908 1824.165124
v -428.076526 2648.935683 1716.691233
v -275.454891 2653.1519 1663.705683
v -241.667505 2780.725297 1771.179574
v -394.28914 2776.50908 1824.165124
cstype bspline
deg 1
curv 0 5 11924 11925 11926 11927 11928
parm u 0 0 1 2 3 4
end
v -898.184707 2613.532534 1897.980592
v -873.865678 2746.97835 1998.513065
v -1032.11664 2770.952666 2004.971055
v -1056.43567 2637.506849 1904.438582
v -898.184707 2613.532534 1897.980592
cstype bspline
deg 1
curv 0 5 11929 11930 11931 11932 11933
parm u 0 0 1 2 3 4
end
v -898.382214 2611.483141 1900.748706
v -874.063197 2744.928825 2001.281358
v -1032.314171 2768.90302 2007.73951
v -1056.633188 2635.457336 1907.206858
v -898.382214 2611.483141 1900.748706
cstype bspline
deg 1
curv 0 5 11934 11935 11936 11937 11938
parm u 0 0 1 2 3 4
end
v -1239.81187 2467.557977 2153.436412
v -1233.609257 2592.44731 2266.28932
v -1390.52295 2575.834394 2293.29838
v -1396.725564 2450.945061 2180.445473
v -1239.81187 2467.557977 2153.436412
cstype bspline
deg 1
curv 0 5 11939 11940 11941 11942 11943
parm u 0 0 1 2 3 4
end
v -1239.140412 2465.270796 2155.930618
v -1232.937722 2590.159867 2268.783811
v -1389.851527 2573.547329 2295.792459
v -1396.054217 2448.658259 2182.939265
v -1239.140412 2465.270796 2155.930618
cstype bspline
deg 1
curv 0 5 11944 11945 11946 11947 11948
parm u 0 0 1 2 3 4
end
v 51.827678 2952.018557 683.622549
v 170.010632 3066.8411 724.694479
v 231.813937 2964.941755 831.732173
v 113.630984 2850.119212 790.660243
v 51.827678 2952.018557 683.622549
cstype bspline
deg 1
curv 0 5 11949 11950 11951 11952 11953
parm u 0 0 1 2 3 4
end
v 49.738091 2953.301017 686.049969
v 167.921137 3068.123503 727.121791
v 229.724485 2966.224132 834.159437
v 111.541438 2851.401646 793.087615
v 49.738091 2953.301017 686.049969
cstype bspline
deg 1
curv 0 5 11954 11955 11956 11957 11958
parm u 0 0 1 2 3 4
end
v -1084.951346 -444.844984 2361.207479
v -1190.929795 -460.936823 2490.731771
v -1083.596729 -391.440325 2587.187178
v -977.61828 -375.348485 2457.662886
v -1084.951346 -444.844984 2361.207479
cstype bspline
deg 1
curv 0 5 11959 11960 11961 11962 11963
parm u 0 0 1 2 3 4
end
v -1083.599131 -447.935983 2361.929857
v -1189.577567 -464.027854 2491.454157
v -1082.244618 -394.53109 2587.909502
v -976.266182 -378.439219 2458.385203
v -1083.599131 -447.935983 2361.929857
cstype bspline
deg 1
curv 0 5 11964 11965 11966 11967 11968
parm u 0 0 1 2 3 4
end
v -906.584013 2215.845495 2470.704195
v -957.951019 2135.073278 2332.882477
v -868.629121 2232.722988 2242.362766
v -817.262116 2313.495206 2380.184484
v -906.584013 2215.845495 2470.704195
cstype bspline
deg 1
curv 0 5 11969 11970 11971 11972 11973
parm u 0 0 1 2 3 4
end
v -909.247449 2218.020399 2470.422228
v -960.613992 2137.247804 2332.600559
v -871.292286 2234.89767 2242.080828
v -819.925742 2315.670265 2379.902497
v -909.247449 2218.020399 2470.422228
cstype bspline
deg 1
curv 0 5 11974 11975 11976 11977 11978
parm u 0 0 1 2 3 4
end
v 789.757798 1418.307097 993.982596
v 888.54819 1538.031991 1054.715039
v 825.753661 1642.482193 950.951829
v 726.963269 1522.757298 890.219386
v 789.757798 1418.307097 993.982596
cstype bspline
deg 1
curv 0 5 11979 11980 11981 11982 11983
parm u 0 0 1 2 3 4
end
v 792.18461 1417.474678 991.676037
v 890.974684 1537.199682 1052.408782
v 828.180322 1641.649826 948.645414
v 729.390248 1521.924823 887.912669
v 792.18461 1417.474678 991.676037
cstype bspline
deg 1
curv 0 5 11984 11985 11986 11987 11988
parm u 0 0 1 2 3 4
end
v -1892.618149 -1841.936816 771.415319
v -1777.078904 -1726.622656 729.411378
v -1846.517156 -1620.940881 828.539262
v -1962.056401 -1736.25504 870.543204
v -1892.618149 -1841.936816 771.415319
cstype bspline
deg 1
curv 0 5 11989 11990 11991 11992 11993
parm u 0 0 1 2 3 4
end
v -1890.59675 -1843.024144 773.990502
v -1775.057303 -1727.710093 731.986818
v -1844.49542 -1622.02839 831.114873
v -1960.034867 -1737.342441 873.118557
v -1890.59675 -1843.024144 773.990502
cstype bspline
deg 1
curv 0 5 11994 11995 11996 11997 11998
parm u 0 0 1 2 3 4
end
v 2204.297349 997.351149 980.427409
v 2097.229951 878.661501 927.496653
v 2152.67822 778.36673 1040.233549
v 2259.745619 897.056378 1093.164305
v 2204.297349 997.351149 980.427409
cstype bspline
deg 1
curv 0 5 11999 12000 12001 12002 12003
parm u 0 0 1 2 3 4
end
v 2201.915007 998.515647 982.635122
v 2094.847891 879.825861 929.704103
v 2150.296326 779.531009 1042.440846
v 2257.363441 898.220795 1095.371865
v 2201.915007 998.515647 982.635122
cstype bspline
deg 1
curv 0 5 12004 12005 12006 12007 12008
parm u 0 0 1 2 3 4
end
v -811.160973 2868.186544 1481.862741
v -803.541134 3018.445695 1556.997725
v -961.511474 3036.19527 1537.521745
v -969.131313 2885.936118 1462.386761
v -811.160973 2868.186544 1481.862741
cstype bspline
deg 1
curv 0 5 12009 12010 12011 12012 12013
parm u 0 0 1 2 3 4
end
v -811.706629 2866.685271 1484.920401
v -804.086814 3016.944353 1560.055527
v -962.057178 3034.693864 1540.579676
v -969.676992 2884.434782 1465.444551
v -811.706629 2866.685271 1484.920401
cstype bspline
deg 1
curv 0 5 12014 12015 12016 12017 12018
parm u 0 0 1 2 3 4
end
v 461.563579 1709.156776 1565.630798
v 325.501479 1642.278011 1488.581982
v 267.061648 1595.950568 1631.994548
v 403.123749 1662.829333 1709.043363
v 461.563579 1709.156776 1565.630798
cstype bspline
deg 1
curv 0 5 12019 12020 12021 12022 12023
parm u 0 0 1 2 3 4
end
v 463.215186 1706.142955 1565.330248
v 327.153562 1639.263321 1488.281346
v 268.713673 1592.935984 1631.693922
v 404.775298 1659.815617 1708.742824
v 463.215186 1706.142955 1565.330248
cstype bspline
deg 1
curv 0 5 12024 12025 12026 12027 12028
parm u 0 0 1 2 3 4
end
v -1728.729418 -20.860178 1841.245315
v -1838.711977 -76.092955 1962.135176
v -1739.564626 -18.818978 2078.504573
v -1629.582067 36.413799 1957.614712
v -1728.729418 -20.860178 1841.245315
cstype bspline
deg 1
curv 0 5 12029 12030 12031 12032 12033
parm u 0 0 1 2 3 4
end
v -1730.364924 -17.824113 1841.144504
v -1840.347513 -73.056834 1962.034363
v -1741.200144 -15.782891 2078.403761
v -1631.217555 39.449831 1957.513902
v -1730.364924 -17.824113 1841.144504
cstype bspline
deg 1
curv 0 5 12034 12035 12036 12037 12038
parm u 0 0 1 2 3 4
end
v -2136.118119 -1294.034122 1069.903764
v -1992.05773 -1236.658065 1006.274673
v -1988.50636 -1359.473708 903.569049
v -2132.566749 -1416.849765 967.198139
v -2136.118119 -1294.034122 1069.903764
cstype bspline
deg 1
curv 0 5 12039 12040 12041 12042 12043
parm u 0 0 1 2 3 4
end
v -2134.356244 -1295.906824 1072.204077
v -1990.29605 -1238.53056 1008.574732
v -1986.744546 -1361.346345 905.869281
v -2130.80474 -1418.722609 969.498627
v -2134.356244 -1295.906824 1072.204077
cstype bspline
deg 1
curv 0 5 12044 12045 12046 12047 12048
parm u 0 0 1 2 3 4
end
v 2478.533827 634.143139 1080.857025
v 2346.289835 544.844316 1030.766707
v 2306.224784 661.538516 928.505581
v 2438.468776 750.837339 978.595898
v 2478.533827 634.143139 1080.857025
cstype bspline
deg 1
curv 0 5 12049 12050 12051 12052 12053
parm u 0 0 1 2 3 4
end
v 2480.461509 632.660859 1078.410298
v 2348.217693 543.361901 1028.319757
v 2308.152832 660.055953 926.058389
v 2440.396649 749.354911 976.148929
v 2480.461509 632.660859 1078.410298
cstype bspline
deg 1
curv 0 5 12054 12055 12056 12057 12058
parm u 0 0 1 2 3 4
end
v -191.634206 930.763729 2499.871093
v -166.505551 1028.97868 2634.798211
v -7.939009 1017.049058 2613.950684
v -33.067663 918.834107 2479.023566
v -191.634206 930.763729 2499.871093
cstype bspline
deg 1
curv 0 5 12059 12060 12061 12062 12063
parm u 0 0 1 2 3 4
end
v -191.690023 933.557668 2497.847748
v -166.561369 1031.772651 2632.774843
v -7.994825 1019.842945 2611.927377
v -33.123479 921.627963 2477.000282
v -191.690023 933.557668 2497.847748
cstype bspline
deg 1
curv 0 5 12064 12065 12066 12067 12068
parm u 0 0 1 2 3 4
end
v 451.243195 2245.664597 1251.798655
v 295.600352 2206.676623 1198.769909
v 299.230439 2330.957121 1096.741437
v 454.873282 2369.945096 1149.770183
v 451.243195 2245.664597 1251.798655
cstype bspline
deg 1
curv 0 5 12069 12070 12071 12072 12073
parm u 0 0 1 2 3 4
end
v 449.901636 2247.704849 1254.23615
v 294.258962 2208.716618 1201.207097
v 297.889013 2332.997171 1099.178691
v 453.531687 2371.985403 1152.207744
v 449.901636 2247.704849 1254.23615
cstype bspline
deg 1
curv 0 5 12074 12075 12076 12077 12078
parm u 0 0 1 2 3 4
end
v 2596.124595 180.601813 739.232152
v 2752.94002 215.135621 787.577686
v 2759.454184 75.417139 866.250723
v 2602.638758 40.883331 817.905188
v 2596.124595 180.601813 739.232152
cstype bspline
deg 1
curv 0 5 12079 12080 12081 12082 12083
parm u 0 0 1 2 3 4
end
v 2594.910291 182.143119 742.069959
v 2751.725807 216.676813 790.415282
v 2758.239938 76.958371 869.088392
v 2601.424422 42.424678 820.743069
v 2594.910291 182.143119 742.069959
cstype bspline
deg 1
curv 0 5 12084 12085 12086 12087 12088
parm u 0 0 1 2 3 4
end
v -2154.487092 703.469691 1965.459802
v -2253.66043 624.598109 2077.329459
v -2185.142543 707.768335 2196.708702
v -2085.969205 786.639918 2084.839045
v -2154.487092 703.469691 1965.459802
cstype bspline
deg 1
curv 0 5 12089 12090 12091 12092 12093
parm u 0 0 1 2 3 4
end
v -2152.111139 700.994169 1965.820795
v -2251.28473 622.12285 2077.690414
v -2182.766963 705.293202 2197.069638
v -2083.593372 784.164521 2085.200019
v -2152.111139 700.994169 1965.820795
cstype bspline
deg 1
curv 0 5 12094 12095 12096 12097 12098
parm u 0 0 1 2 3 4
end
v -709.42948 2735.237548 1681.502893
v -687.971547 2874.759453 1773.455179
v -845.260757 2904.864712 1764.480507
v -866.718691 2765.342807 1672.528221
v -709.42948 2735.237548 1681.502893
cstype bspline
deg 1
curv 0 5 12099 12100 12101 12102 12103
parm u 0 0 1 2 3 4
end
v -708.916203 2737.059422 1678.618721
v -687.458226 2876.581482 1770.570763
v -844.747415 2906.686815 1761.595972
v -866.205393 2767.164756 1669.64393
v -708.916203 2737.059422 1678.618721
cstype bspline
deg 1
curv 0 5 12104 12105 12106 12107 12108
parm u 0 0 1 2 3 4
end
v -1868.426337 -668.2966 1421.937517
v -2007.475555 -688.285897 1513.565527
v -1933.001895 -624.760743 1640.440783
v -1793.952678 -604.771447 1548.812773
v -1868.426337 -668.2966 1421.937517
cstype bspline
deg 1
curv 0 5 12109 12110 12111 12112 12113
parm u 0 0 1 2 3 4
end
v -1867.353572 -671.437274 1422.880327
v -2006.402833 -691.426445 1514.508299
v -1931.929185 -627.901256 1641.383544
v -1792.879925 -607.912085 1549.755572
v -1867.353572 -671.437274 1422.880327
cstype bspline
deg 1
curv 0 5 12114 12115 12116 12117 12118
parm u 0 0 1 2 3 4
end
v 2468.106256 427.758726 866.134879
v 2616.583303 488.39582 914.913122
v 2640.060371 358.212634 1005.283832
v 2491.583323 297.575539 956.505589
v 2468.106256 427.758726 866.134879
cstype bspline
deg 1
curv 0 5 12119 12120 12121 12122 12123
parm u 0 0 1 2 3 4
end
v 2469.625779 426.182316 863.469222
v 2618.102902 486.819332 912.247333
v 2641.580135 356.635974 1002.617753
v 2493.103012 295.998958 953.839643
v 2469.625779 426.182316 863.469222
cstype bspline
deg 1
curv 0 5 12124 12125 12126 12127 12128
parm u 0 0 1 2 3 4
end
v 246.077474 2612.461316 880.988336
v 395.302717 2679.382164 919.750997
v 420.540709 2561.310505 1026.433817
v 271.315466 2494.389657 987.671156
v 246.077474 2612.461316 880.988336
cstype bspline
deg 1
curv 0 5 12129 12130 12131 12132 12133
parm u 0 0 1 2 3 4
end
v 244.584889 2614.364817 883.44813
v 393.810218 2681.285554 922.210648
v 419.048017 2563.214143 1028.893788
v 269.822687 2496.293406 990.131271
v 244.584889 2614.364817 883.44813
cstype bspline
deg 1
curv 0 5 12134 12135 12136 12137 12138
parm u 0 0 1 2 3 4
end
v -1904.991596 -918.943301 1308.186649
v -2050.308132 -933.537846 1394.247748
v -1986.975761 -848.360641 1515.630853
v -1841.659225 -833.766095 1429.569754
v -1904.991596 -918.943301 1308.186649
cstype bspline
deg 1
curv 0 5 12139 12140 12141 12142 12143
parm u 0 0 1 2 3 4
end
v -1906.140283 -916.029355 1306.741198
v -2051.456968 -930.623523 1392.80211
v -1988.124655 -845.446172 1514.185143
v -1842.807969 -830.852004 1428.124231
v -1906.140283 -916.029355 1306.741198
cstype bspline
deg 1
curv 0 5 12144 12145 12146 12147 12148
parm u 0 0 1 2 3 4
end
v -2111.83764 428.464104 1793.547826
v -2212.452263 344.242106 1899.415124
v -2144.782753 419.905329 2023.920522
v -2044.16813 504.127327 1918.053223
v -2111.83764 428.464104 1793.547826
cstype bspline
deg 1
curv 0 5 12149 12150 12151 12152 12153
parm u 0 0 1 2 3 4
end
v -2109.481472 425.955748 1793.791593
v -2210.096249 341.733913 1899.658875
v -2142.426882 417.39729 2024.164258
v -2041.812105 501.619124 1918.296976
v -2109.481472 425.955748 1793.791593
cstype bspline
deg 1
curv 0 5 12154 12155 12156 12157 12158
parm u 0 0 1 2 3 4
end
v -1994.792655 -1629.874266 1005.360182
v -1861.461435 -1545.166123 948.343761
v -1893.764948 -1425.606967 1050.429564
v -2027.096169 -1510.31511 1107.445986
v -1994.792655 -1629.874266 1005.360182
cstype bspline
deg 1
curv 0 5 12159 12160 12161 12162 12163
parm u 0 0 1 2 3 4
end
v -1992.813155 -1631.380792 1007.750969
v -1859.481947 -1546.67264 950.734533
v -1891.785724 -1427.113283 1052.820018
v -2025.116932 -1511.821436 1109.836454
v -1992.813155 -1631.380792 1007.750969
cstype bspline
deg 1
curv 0 5 12164 12165 12166 12167 12168
parm u 0 0 1 2 3 4
end
v 58.463403 3114.419766 835.924513
v -41.459743 2988.752604 790.177735
v 27.843849 2893.777711 899.697846
v 127.766995 3019.444873 945.444625
v 58.463403 3114.419766 835.924513
cstype bspline
deg 1
curv 0 5 12169 12170 12171 12172 12173
parm u 0 0 1 2 3 4
end
v 60.792431 3113.419983 833.583718
v -39.130694 2987.752812 787.836918
v 30.172886 2892.777925 897.357041
v 130.096011 3018.445096 943.103841
v 60.792431 3113.419983 833.583718
cstype bspline
deg 1
curv 0 5 12174 12175 12176 12177 12178
parm u 0 0 1 2 3 4
end
v -2105.472837 -954.126161 1283.513786
v -1958.128352 -929.520537 1207.23132
v -2000.688442 -1032.065133 1091.947052
v -2148.032927 -1056.670756 1168.229518
v -2105.472837 -954.126161 1283.513786
cstype bspline
deg 1
curv 0 5 12179 12180 12181 12182 12183
parm u 0 0 1 2 3 4
end
v -2104.103109 -956.726207 1285.320834
v -1956.758625 -932.120581 1209.038367
v -1999.318796 -1034.665023 1093.753992
v -2146.66328 -1059.270649 1170.036459
v -2104.103109 -956.726207 1285.320834
cstype bspline
deg 1
curv 0 5 12184 12185 12186 12187 12188
parm u 0 0 1 2 3 4
end
v -1314.030414 2825.435903 1569.435654
v -1323.097738 2977.972143 1639.164249
v -1163.316247 2982.952511 1649.046908
v -1154.248923 2830.416271 1579.318312
v -1314.030414 2825.435903 1569.435654
cstype bspline
deg 1
curv 0 5 12189 12190 12191 12192 12193
parm u 0 0 1 2 3 4
end
v -1314.179189 2823.99568 1572.566869
v -1323.246537 2976.531686 1642.295974
v -1163.465039 2981.512111 1652.178508
v -1154.397691 2828.976106 1582.449403
v -1314.179189 2823.99568 1572.566869
cstype bspline
deg 1
curv 0 5 12194 12195 12196 12197 12198
parm u 0 0 1 2 3 4
end
v -2006.454826 -1070.962388 1439.26168
v -1858.973854 -1045.710469 1361.742107
v -1902.057436 -1148.773179 1246.203032
v -2049.538408 -1174.025098 1323.722605
v -2006.454826 -1070.962388 1439.26168
cstype bspline
deg 1
curv 0 5 12199 12200 12201 12202 12203
parm u 0 0 1 2 3 4
end
v -2005.065251 -1073.558788 1441.05955
v -1857.584484 -1048.306486 1363.539712
v -1900.668061 -1151.369205 1248.000643
v -2048.148828 -1176.621507 1325.520481
v -2005.065251 -1073.558788 1441.05955
cstype bspline
deg 1
curv 0 5 12204 12205 12206 12207 12208
parm u 0 0 1 2 3 4
end
v -185.170285 3226.720939 866.805445
v -245.449104 3079.238723 812.743371
v -131.030995 3002.038879 895.770442
v -70.752176 3149.521095 949.832516
v -185.170285 3226.720939 866.805445
cstype bspline
deg 1
curv 0 5 12209 12210 12211 12212 12213
parm u 0 0 1 2 3 4
end
v -187.26045 3226.570605 869.546079
v -247.539298 3079.088387 815.484045
v -133.121198 3001.888542 898.511127
v -72.842349 3149.370761 952.573162
v -187.26045 3226.570605 869.546079
cstype bspline
deg 1
curv 0 5 12214 12215 12216 12217 12218
parm u 0 0 1 2 3 4
end
v -253.698346 3047.056912 1363.371952
v -283.28357 2898.273692 1290.865842
v -427.07627 2951.477026 1240.364938
v -397.491047 3100.260246 1312.871048
v -253.698346 3047.056912 1363.371952
cstype bspline
deg 1
curv 0 5 12219 12220 12221 12222 12223
parm u 0 0 1 2 3 4
end
v -252.252839 3048.192319 1360.452269
v -281.838037 2899.409119 1287.946107
v -425.630821 2952.612387 1237.445371
v -396.045623 3101.395587 1309.951533
v -252.252839 3048.192319 1360.452269
cstype bspline
deg 1
curv 0 5 12224 12225 12226 12227 12228
parm u 0 0 1 2 3 4
end
v 338.685984 2382.671905 897.213441
v 494.633577 2429.44331 940.822278
v 504.048511 2304.399353 1041.266258
v 348.100918 2257.627949 997.657422
v 338.685984 2382.671905 897.213441
cstype bspline
deg 1
curv 0 5 12229 12230 12231 12232 12233
parm u 0 0 1 2 3 4
end
v 339.979273 2380.728519 894.672869
v 495.926966 2427.499773 938.281509
v 505.341918 2302.455791 1038.725456
v 349.394225 2255.684536 995.116816
v 339.979273 2380.728519 894.672869
cstype bspline
deg 1
curv 0 5 12234 12235 12236 12237 12238
parm u 0 0 1 2 3 4
end
v 123.168433 2820.851213 834.931293
v 255.588264 2916.18886 874.844499
v 298.50573 2809.156819 988.116768
v 166.085899 2713.819171 948.203562
v 123.168433 2820.851213 834.931293
cstype bspline
deg 1
curv 0 5 12239 12240 12241 12242 12243
parm u 0 0 1 2 3 4
end
v 121.253656 2822.539253 837.251822
v 253.673348 2917.877023 877.165196
v 296.590794 2810.844999 990.43749
v 164.171102 2715.507229 950.524116
v 121.253656 2822.539253 837.251822
cstype bspline
deg 1
curv 0 5 12244 12245 12246 12247 12248
parm u 0 0 1 2 3 4
end
v -1616.742045 316.047508 2108.848614
v -1708.158467 250.535658 2237.555389
v -1797.420502 166.349213 2131.304374
v -1706.00408 231.861063 2002.597599
v -1616.742045 316.047508 2108.848614
cstype bspline
deg 1
curv 0 5 12249 12250 12251 12252 12253
parm u 0 0 1 2 3 4
end
v -1618.954985 318.683943 2108.618774
v -1710.371529 253.172239 2237.325537
v -1799.633545 168.985771 2131.074523
v -1708.217001 234.497476 2002.367761
v -1618.954985 318.683943 2108.618774
cstype bspline
deg 1
curv 0 5 12254 12255 12256 12257 12258
parm u 0 0 1 2 3 4
end
v -301.675504 3186.766758 1063.356953
v -326.912305 3031.751806 1003.319387
v -472.3589 3076.437392 949.081225
v -447.122098 3231.452344 1009.118791
v -301.675504 3186.766758 1063.356953
cstype bspline
deg 1
curv 0 5 12259 12260 12261 12262 12263
parm u 0 0 1 2 3 4
end
v -300.266789 3187.702064 1060.349882
v -325.503518 3032.687159 1000.312163
v -470.950108 3077.372749 946.073989
v -445.713379 3232.387654 1006.111708
v -300.266789 3187.702064 1060.349882
cstype bspline
deg 1
curv 0 5 12264 12265 12266 12267 12268
parm u 0 0 1 2 3 4
end
v -2097.648917 164.123343 1587.040237
v -2205.375346 82.211818 1687.620015
v -2127.385452 137.99633 1816.581994
v -2019.659023 219.907855 1716.002216
v -2097.648917 164.123343 1587.040237
cstype bspline
deg 1
curv 0 5 12269 12270 12271 12272 12273
parm u 0 0 1 2 3 4
end
v -2095.589294 161.355404 1586.992015
v -2203.315741 79.443903 1687.571793
v -2125.326334 135.22907 1816.533784
v -2017.599887 217.140571 1715.954006
v -2095.589294 161.355404 1586.992015
cstype bspline
deg 1
curv 0 5 12274 12275 12276 12277 12278
parm u 0 0 1 2 3 4
end
v 576.751627 -1408.631749 2428.588146
v 535.593996 -1271.474877 2335.740007
v 448.844863 -1213.488199 2459.852996
v 490.002493 -1350.645071 2552.701135
v 576.751627 -1408.631749 2428.588146
cstype bspline
deg 1
curv 0 5 12279 12280 12281 12282 12283
parm u 0 0 1 2 3 4
end
v 579.545123 -1406.990736 2429.77397
v 538.387253 -1269.834005 2336.925728
v 451.638213 -1211.847272 2461.038757
v 492.796083 -1349.004003 2553.886998
v 579.545123 -1406.990736 2429.77397
cstype bspline
deg 1
curv 0 5 12284 12285 12286 12287 12288
parm u 0 0 1 2 3 4
end
v 732.40468 1034.978604 2112.900198
v 653.439462 914.32014 2025.777475
v 694.815755 806.632598 2137.414543
v 773.780972 927.291061 2224.537266
v 732.40468 1034.978604 2112.900198
cstype bspline
deg 1
curv 0 5 12289 12290 12291 12292 12293
parm u 0 0 1 2 3 4
end
v 729.489035 1035.64339 2114.622125
v 650.524676 914.98473 2027.498894
v 691.901751 807.297009 2139.135501
v 770.86611 927.955669 2226.258732
v 729.489035 1035.64339 2114.622125
cstype bspline
deg 1
curv 0 5 12294 12295 12296 12297 12298
parm u 0 0 1 2 3 4
end
v 687.946816 1263.128431 1421.914165
v 786.513505 1380.548575 1493.666797
v 728.823154 1491.612221 1391.165157
v 630.256466 1374.192078 1319.412525
v 687.946816 1263.128431 1421.914165
cstype bspline
deg 1
curv 0 5 12299 12300 12301 12302 12303
parm u 0 0 1 2 3 4
end
v 690.467292 1262.377031 1419.68141
v 789.034109 1379.797137 1491.433928
v 731.343593 1490.860833 1388.932435
v 632.776776 1373.440727 1317.179916
v 690.467292 1262.377031 1419.68141
cstype bspline
deg 1
curv 0 5 12304 12305 12306 12307 12308
parm u 0 0 1 2 3 4
end
v 374.586338 2191.005544 1477.308562
v 222.191136 2157.37504 1412.360289
v 240.225254 2278.032282 1307.568021
v 392.620456 2311.662785 1372.516295
v 374.586338 2191.005544 1477.308562
cstype bspline
deg 1
curv 0 5 12309 12310 12311 12312 12313
parm u 0 0 1 2 3 4
end
v 373.144651 2193.18079 1479.565011
v 220.74934 2159.55045 1414.616908
v 238.783603 2280.207473 1309.824413
v 391.178914 2313.837813 1374.772517
v 373.144651 2193.18079 1479.565011
cstype bspline
deg 1
curv 0 5 12314 12315 12316 12317 12318
parm u 0 0 1 2 3 4
end
v 605.4548 -1313.472883 2227.063634
v 656.722796 -1449.744856 2312.156688
v 789.640085 -1455.828298 2222.332604
v 738.37209 -1319.556324 2137.23955
v 605.4548 -1313.472883 2227.063634
cstype bspline
deg 1
curv 0 5 12319 12320 12321 12322 12323
parm u 0 0 1 2 3 4
end
v 603.829086 -1315.500914 2224.795338
v 655.097147 -1451.772805 2309.888484
v 788.014362 -1457.85634 2220.064296
v 736.746301 -1321.584449 2134.97115
v 603.829086 -1315.500914 2224.795338
cstype bspline
deg 1
curv 0 5 12324 12325 12326 12327 12328
parm u 0 0 1 2 3 4
end
v -409.778001 2676.157377 1681.892544
v -381.045073 2809.076661 1783.741324
v -534.826696 2855.332909 1766.757801
v -563.559624 2722.413626 1664.909021
v -409.778001 2676.157377 1681.892544
cstype bspline
deg 1
curv 0 5 12329 12330 12331 12332 12333
parm u 0 0 1 2 3 4
end
v -408.901621 2678.065769 1679.154747
v -380.168815 2810.984788 1781.003906
v -533.950546 2857.240802 1764.020719
v -562.683352 2724.321784 1662.171559
v -408.901621 2678.065769 1679.154747
cstype bspline
deg 1
curv 0 5 12334 12335 12336 12337 12338
parm u 0 0 1 2 3 4
end
v 434.603646 2319.721123 586.625436
v 588.905455 2374.164124 623.074205
v 609.118991 2250.221796 722.63332
v 454.817182 2195.778795 686.184552
v 434.603646 2319.721123 586.625436
cstype bspline
deg 1
curv 0 5 12339 12340 12341 12342 12343
parm u 0 0 1 2 3 4
end
v 433.327474 2321.599242 589.222637
v 587.629229 2376.042322 625.671515
v 607.842829 2252.099898 725.230498
v 453.541075 2197.656819 688.781621
v 433.327474 2321.599242 589.222637
cstype bspline
deg 1
curv 0 5 12344 12345 12346 12347 12348
parm u 0 0 1 2 3 4
end
v -2067.070423 -1142.29958 900.593305
v -2215.635448 -1176.299832 972.230724
v -2184.90458 -1068.446472 1087.150744
v -2036.339554 -1034.44622 1015.513325
v -2067.070423 -1142.29958 900.593305
cstype bspline
deg 1
curv 0 5 12349 12350 12351 12352 12353
parm u 0 0 1 2 3 4
end
v -2068.554752 -1139.840387 898.68224
v -2217.119463 -1173.841159 970.320064
v -2186.388845 -1065.987384 1085.239762
v -2037.824134 -1031.986612 1013.601938
v -2068.554752 -1139.840387 898.68224
cstype bspline
deg 1
curv 0 5 12354 12355 12356 12357 12358
parm u 0 0 1 2 3 4
end
v -1645.694136 -385.112686 1798.120656
v -1771.005604 -412.510177 1906.922711
v -1668.642447 -395.179976 2029.182181
v -1543.330979 -367.782485 1920.380126
v -1645.694136 -385.112686 1798.120656
cstype bspline
deg 1
curv 0 5 12359 12360 12361 12362 12363
parm u 0 0 1 2 3 4
end
v -1646.363661 -381.72903 1798.201589
v -1771.675063 -409.126857 1907.003635
v -1669.311936 -391.796506 2029.263109
v -1544.000534 -364.398678 1920.461062
v -1646.363661 -381.72903 1798.201589
cstype bspline
deg 1
curv 0 5 12364 12365 12366 12367 12368
parm u 0 0 1 2 3 4
end
v 1678.698863 -1346.995982 1585.891883
v 1593.328284 -1217.0739 1521.564596
v 1499.243898 -1214.552865 1651.518416
v 1584.614477 -1344.474947 1715.845704
v 1678.698863 -1346.995982 1585.891883
cstype bspline
deg 1
curv 0 5 12369 12370 12371 12372 12373
parm u 0 0 1 2 3 4
end
v 1676.520511 -1349.187161 1584.357297
v 1591.15001 -1219.265001 1520.030065
v 1497.065544 -1216.744045 1649.983829
v 1582.436046 -1346.666206 1714.311062
v 1676.520511 -1349.187161 1584.357297
cstype bspline
deg 1
curv 0 5 12374 12375 12376 12377 12378
parm u 0 0 1 2 3 4
end
v -1651.207396 -2019.295674 814.046655
v -1562.182099 -1880.664913 781.904879
v -1487.150889 -1956.513725 662.580338
v -1576.176186 -2095.144486 694.722114
v -1651.207396 -2019.295674 814.046655
cstype bspline
deg 1
curv 0 5 12379 12380 12381 12382 12383
parm u 0 0 1 2 3 4
end
v -1648.770332 -2020.35002 816.249275
v -1559.744908 -1881.719314 784.107614
v -1484.713712 -1957.56812 664.78306
v -1573.739137 -2096.198825 696.924721
v -1648.770332 -2020.35002 816.249275
cstype bspline
deg 1
curv 0 5 12384 12385 12386 12387 12388
parm u 0 0 1 2 3 4
end
v 539.273284 1812.155275 1311.668052
v 390.98471 1763.740339 1249.718337
v 402.490497 1875.83517 1134.572677
v 550.779071 1924.250106 1196.522391
v 539.273284 1812.155275 1311.668052
cstype bspline
deg 1
curv 0 5 12389 12390 12391 12392 12393
parm u 0 0 1 2 3 4
end
v 540.870491 1809.88589 1309.618394
v 392.581879 1761.471008 1247.668728
v 404.08767 1873.565833 1132.523062
v 552.376282 1921.980715 1194.472728
v 540.870491 1809.88589 1309.618394
cstype bspline
deg 1
curv 0 5 12394 12395 12396 12397 12398
parm u 0 0 1 2 3 4
end
v -1975.458336 647.088563 2073.425482
v -2067.59325 567.089835 2190.186571
v -2126.645635 469.350387 2076.622899
v -2034.510721 549.349115 1959.861811
v -1975.458336 647.088563 2073.425482
cstype bspline
deg 1
curv 0 5 12399 12400 12401 12402 12403
parm u 0 0 1 2 3 4
end
v -1978.058522 649.290554 2072.882406
v -2070.193151 569.291584 2189.643554
v -2129.245634 471.55222 2076.079862
v -2037.111006 551.55119 1959.318714
v -1978.058522 649.290554 2072.882406
cstype bspline
deg 1
curv 0 5 12404 12405 12406 12407 12408
parm u 0 0 1 2 3 4
end
v -1001.215352 2190.664429 2320.291577
v -958.600403 2275.993555 2459.273911
v -1110.490675 2269.201349 2510.01683
v -1153.105624 2183.872223 2371.034496
v -1001.215352 2190.664429 2320.291577
cstype bspline
deg 1
curv 0 5 12409 12410 12411 12412 12413
parm u 0 0 1 2 3 4
end
v -1001.888746 2193.635976 2318.673646
v -959.273857 2278.965365 2457.655836
v -1111.164119 2272.173116 2508.398778
v -1153.779009 2186.843727 2369.416588
v -1001.888746 2193.635976 2318.673646
cstype bspline
deg 1
curv 0 5 12414 12415 12416 12417 12418
parm u 0 0 1 2 3 4
end
v -494.060323 2841.111261 1461.993706
v -473.569373 2987.580732 1546.066947
v -627.413226 3026.794257 1515.246468
v -647.904176 2880.324787 1431.173226
v -494.060323 2841.111261 1461.993706
cstype bspline
deg 1
curv 0 5 12419 12420 12421 12422 12423
parm u 0 0 1 2 3 4
end
v -493.080956 2842.65376 1459.067714
v -472.589967 2989.123292 1543.140838
v -626.433637 3028.337107 1512.319811
v -646.924626 2881.867575 1428.246686
v -493.080956 2842.65376 1459.067714
cstype bspline
deg 1
curv 0 5 12424 12425 12426 12427 12428
parm u 0 0 1 2 3 4
end
v -562.206522 2976.770945 1214.948051
v -552.010913 3130.87084 1282.144225
v -707.648626 3155.628035 1248.983708
v -717.844235 3001.52814 1181.787534
v -562.206522 2976.770945 1214.948051
cstype bspline
deg 1
curv 0 5 12429 12430 12431 12432 12433
parm u 0 0 1 2 3 4
end
v -563.06806 2975.483756 1218.030661
v -552.872453 3129.583647 1285.226845
v -708.510199 3154.340792 1252.066448
v -718.705806 3000.240901 1184.870264
v -563.06806 2975.483756 1218.030661
cstype bspline
deg 1
curv 0 5 12434 12435 12436 12437 12438
parm u 0 0 1 2 3 4
end
v 400.608573 2277.894226 786.140587
v 556.227641 2326.024078 827.529494
v 567.793144 2201.894919 928.389978
v 412.174076 2153.765068 887.001072
v 400.608573 2277.894226 786.140587
cstype bspline
deg 1
curv 0 5 12439 12440 12441 12442 12443
parm u 0 0 1 2 3 4
end
v 399.329451 2279.842254 788.684701
v 554.948593 2327.971994 830.073463
v 566.514072 2203.842872 930.933993
v 410.894931 2155.713131 889.545232
v 399.329451 2279.842254 788.684701
cstype bspline
deg 1
curv 0 5 12444 12445 12446 12447 12448
parm u 0 0 1 2 3 4
end
v -2118.537104 -100.772981 1347.69136
v -2236.523895 -172.531347 1442.975326
v -2163.978304 -117.107078 1574.546007
v -2045.991513 -45.348713 1479.262041
v -2118.537104 -100.772981 1347.69136
cstype bspline
deg 1
curv 0 5 12449 12450 12451 12452 12453
parm u 0 0 1 2 3 4
end
v -2116.646461 -103.654208 1347.862632
v -2234.633355 -175.412416 1443.146589
v -2162.088134 -119.987583 1574.717237
v -2044.10124 -48.229375 1479.43328
v -2116.646461 -103.654208 1347.862632
cstype bspline
deg 1
curv 0 5 12454 12455 12456 12457 12458
parm u 0 0 1 2 3 4
end
v 729.339824 1697.245935 1036.976411
v 595.55944 1614.166011 980.079397
v 565.813749 1733.536101 875.717715
v 699.594134 1816.616024 932.614729
v 729.339824 1697.245935 1036.976411
cstype bspline
deg 1
curv 0 5 12459 12460 12461 12462 12463
parm u 0 0 1 2 3 4
end
v 731.314752 1695.678831 1034.62105
v 597.534166 1612.599068 977.724277
v 567.788709 1731.968972 873.362316
v 701.569295 1815.048736 930.259089
v 731.314752 1695.678831 1034.62105
cstype bspline
deg 1
curv 0 5 12464 12465 12466 12467 12468
parm u 0 0 1 2 3 4
end
v -1759.445491 -248.127424 1700.46024
v -1885.048548 -291.550541 1803.622388
v -1972.506846 -338.287566 1677.466651
v -1846.903788 -294.864449 1574.304503
v -1759.445491 -248.127424 1700.46024
cstype bspline
deg 1
curv 0 5 12469 12470 12471 12472 12473
parm u 0 0 1 2 3 4
end
v -1760.761893 -244.949047 1700.195321
v -1886.365004 -288.372033 1803.357459
v -1973.822928 -335.10996 1677.201796
v -1848.219817 -291.686974 1574.039659
v -1760.761893 -244.949047 1700.195321
cstype bspline
deg 1
curv 0 5 12474 12475 12476 12477 12478
parm u 0 0 1 2 3 4
end
v -386.84382 3109.722857 1285.714508
v -406.180385 2957.471096 1217.139523
v -559.205989 2991.987477 1183.655152
v -539.869424 3144.239238 1252.230137
v -386.84382 3109.722857 1285.714508
cstype bspline
deg 1
curv 0 5 12479 12480 12481 12482 12483
parm u 0 0 1 2 3 4
end
v -385.888669 3110.982692 1282.648069
v -405.225201 2958.730975 1214.072977
v -558.250818 2993.247339 1180.588649
v -538.914286 3145.499055 1249.163741
v -385.888669 3110.982692 1282.648069
cstype bspline
deg 1
curv 0 5 12484 12485 12486 12487 12488
parm u 0 0 1 2 3 4
end
v -909.273708 2965.143836 1279.207395
v -912.87131 3120.917645 1341.292194
v -1071.255629 3126.511055 1318.08022
v -1067.658027 2970.737246 1255.995421
v -909.273708 2965.143836 1279.207395
cstype bspline
deg 1
curv 0 5 12489 12490 12491 12492 12493
parm u 0 0 1 2 3 4
end
v -909.78259 2963.870454 1282.372876
v -913.380214 3119.64421 1344.457807
v -1071.76456 3125.237552 1321.246004
v -1068.166936 2969.463796 1259.161072
v -909.78259 2963.870454 1282.372876
cstype bspline
deg 1
curv 0 5 12494 12495 12496 12497 12498
parm u 0 0 1 2 3 4
end
v 1854.452563 1056.45584 882.673849
v 1930.383105 1196.190081 935.439873
v 2003.155145 1112.835144 1051.459952
v 1927.224603 973.100904 998.693927
v 1854.452563 1056.45584 882.673849
cstype bspline
deg 1
curv 0 5 12499 12500 12501 12502 12503
parm u 0 0 1 2 3 4
end
v 1851.805735 1057.094055 884.79255
v 1927.736453 1196.828253 937.558435
v 2000.508159 1113.473397 1053.57878
v 1924.577442 973.739198 1000.812895
v 1851.805735 1057.094055 884.79255
cstype bspline
deg 1
curv 0 5 12504 12505 12506 12507 12508
parm u 0 0 1 2 3 4
end
v 1466.430423 -1464.607897 1620.078374
v 1384.757787 -1330.921154 1558.256347
v 1490.252033 -1322.293693 1437.545067
v 1571.924669 -1455.980436 1499.367094
v 1466.430423 -1464.607897 1620.078374
cstype bspline
deg 1
curv 0 5 12509 12510 12511 12512 12513
parm u 0 0 1 2 3 4
end
v 1464.439613 -1466.697794 1618.189164
v 1382.766628 -1333.011417 1556.366806
v 1488.260779 -1324.384056 1435.655437
v 1569.933764 -1458.070433 1497.477794
v 1464.439613 -1466.697794 1618.189164
cstype bspline
deg 1
curv 0 5 12514 12515 12516 12517 12518
parm u 0 0 1 2 3 4
end
v -1913.169081 -134.964618 1575.346793
v -2031.366817 -193.1699 1679.115491
v -1946.566396 -140.912207 1805.019466
v -1828.36866 -82.706924 1701.250767
v -1913.169081 -134.964618 1575.346793
cstype bspline
deg 1
curv 0 5 12519 12520 12521 12522 12523
parm u 0 0 1 2 3 4
end
v -1911.535067 -137.999302 1575.505822
v -2029.732826 -196.204543 1679.274518
v -1944.932662 -143.946371 1805.178468
v -1826.734904 -85.741131 1701.409772
v -1911.535067 -137.999302 1575.505822
cstype bspline
deg 1
curv 0 5 12524 12525 12526 12527 12528
parm u 0 0 1 2 3 4
end
v -1921.914325 -465.394596 1695.802865
v -1789.063826 -434.46994 1596.355259
v -1703.563474 -388.708947 1724.803874
v -1836.413973 -419.633603 1824.251481
v -1921.914325 -465.394596 1695.802865
cstype bspline
deg 1
curv 0 5 12529 12530 12531 12532 12533
parm u 0 0 1 2 3 4
end
v -1922.996629 -462.14792 1695.366641
v -1790.14621 -431.223023 1595.919002
v -1704.645733 -385.462405 1724.367668
v -1837.496152 -416.387302 1823.815307
v -1922.996629 -462.14792 1695.366641
cstype bspline
deg 1
curv 0 5 12534 12535 12536 12537 12538
parm u 0 0 1 2 3 4
end
v 369.978679 2430.271283 689.630778
v 524.690476 2484.917182 726.199074
v 544.957527 2360.824615 825.89193
v 390.245731 2306.178716 789.323634
v 369.978679 2430.271283 689.630778
cstype bspline
deg 1
curv 0 5 12539 12540 12541 12542 12543
parm u 0 0 1 2 3 4
end
v 371.255723 2428.393561 687.03386
v 525.96762 2483.039312 723.601952
v 546.234762 2358.946612 823.294625
v 391.522865 2304.300861 786.726533
v 371.255723 2428.393561 687.03386
cstype bspline
deg 1
curv 0 5 12544 12545 12546 12547 12548
parm u 0 0 1 2 3 4
end
v 355.855646 2233.77844 995.416449
v 511.336148 2274.810508 1044.442048
v 511.322363 2151.767934 1147.466482
v 355.84186 2110.735866 1098.440883
v 355.855646 2233.77844 995.416449
cstype bspline
deg 1
curv 0 5 12549 12550 12551 12552 12553
parm u 0 0 1 2 3 4
end
v 354.543715 2235.82685 997.862699
v 510.024187 2276.858964 1046.888354
v 510.010412 2153.816375 1149.91277
v 354.52994 2112.78426 1100.887115
v 354.543715 2235.82685 997.862699
cstype bspline
deg 1
curv 0 5 12554 12555 12556 12557 12558
parm u 0 0 1 2 3 4
end
v 2652.511919 72.975571 1169.663508
v 2498.043293 42.757017 1109.70528
v 2508.250146 173.908044 1017.310408
v 2662.718772 204.126597 1077.268636
v 2652.511919 72.975571 1169.663508
cstype bspline
deg 1
curv 0 5 12559 12560 12561 12562 12563
parm u 0 0 1 2 3 4
end
v 2651.153973 74.87238 1172.205935
v 2496.685548 44.653548 1112.247333
v 2506.892515 175.804414 1019.852245
v 2661.360941 206.023246 1079.810847
v 2651.153973 74.87238 1172.205935
cstype bspline
deg 1
curv 0 5 12564 12565 12566 12567 12568
parm u 0 0 1 2 3 4
end
v 1082.162559 1427.334528 1064.144521
v 1019.268113 1284.592691 1001.802521
v 935.705652 1368.753874 893.405173
v 998.600098 1511.495712 955.747173
v 1082.162559 1427.334528 1064.144521
cstype bspline
deg 1
curv 0 5 12569 12570 12571 12572 12573
parm u 0 0 1 2 3 4
end
v 1079.514298 1427.540069 1066.345628
v 1016.619902 1284.798227 1004.003588
v 933.057317 1368.95942 895.606343
v 995.951713 1511.701262 957.948384
v 1079.514298 1427.540069 1066.345628
cstype bspline
deg 1
curv 0 5 12574 12575 12576 12577 12578
parm u 0 0 1 2 3 4
end
v -649.081062 -2378.199043 820.978487
v -632.248942 -2218.701111 768.686778
v -740.979683 -2171.655302 877.184673
v -757.811803 -2331.153234 929.476382
v -649.081062 -2378.199043 820.978487
cstype bspline
deg 1
curv 0 5 12579 12580 12581 12582 12583
parm u 0 0 1 2 3 4
end
v -646.564873 -2377.707724 823.287035
v -629.732604 -2218.209762 770.995463
v -738.463349 -2171.163955 879.493354
v -755.295618 -2330.661916 931.784926
v -646.564873 -2377.707724 823.287035
cstype bspline
deg 1
curv 0 5 12584 12585 12586 12587 12588
parm u 0 0 1 2 3 4
end
v 480.021006 1936.382274 869.425127
v 629.690859 1988.619257 922.450222
v 640.961424 1860.090178 1017.256416
v 491.291571 1807.853196 964.231322
v 480.021006 1936.382274 869.425127
cstype bspline
deg 1
curv 0 5 12589 12590 12591 12592 12593
parm u 0 0 1 2 3 4
end
v 478.504326 1938.134084 871.98034
v 628.173978 1990.371298 925.005774
v 639.444267 1861.842539 1019.812434
v 489.774615 1809.605324 966.787001
v 478.504326 1938.134084 871.98034
cstype bspline
deg 1
curv 0 5 12594 12595 12596 12597 12598
parm u 0 0 1 2 3 4
end
v 342.825444 1980.366834 1211.586541
v 496.944703 2014.310226 1269.032591
v 509.334765 2135.187184 1164.368806
v 355.215505 2101.243791 1106.922756
v 342.825444 1980.366834 1211.586541
cstype bspline
deg 1
curv 0 5 12599 12600 12601 12602 12603
parm u 0 0 1 2 3 4
end
v 344.170025 1978.20936 1209.254029
v 498.289253 2012.152803 1266.700135
v 510.679302 2133.029779 1162.03637
v 356.560074 2099.086336 1104.590264
v 344.170025 1978.20936 1209.254029
cstype bspline
deg 1
curv 0 5 12604 12605 12606 12607 12608
parm u 0 0 1 2 3 4
end
v -1015.390041 2449.006118 2351.95033
v -1047.897215 2343.758605 2225.277593
v -1201.063563 2335.048798 2271.820288
v -1168.556389 2440.296311 2398.493025
v -1015.390041 2449.006118 2351.95033
cstype bspline
deg 1
curv 0 5 12609 12610 12611 12612 12613
parm u 0 0 1 2 3 4
end
v -1014.620611 2446.324837 2353.980647
v -1047.127809 2341.077407 2227.307846
v -1200.294103 2332.367409 2273.850687
v -1167.786905 2437.614839 2400.523487
v -1014.620611 2446.324837 2353.980647
cstype bspline
deg 1
curv 0 5 12614 12615 12616 12617 12618
parm u 0 0 1 2 3 4
end
v 1461.935578 -1218.316827 1685.354741
v 1541.009473 -1347.623218 1758.428649
v 1434.932257 -1344.405995 1878.908671
v 1355.858363 -1215.099604 1805.834762
v 1461.935578 -1218.316827 1685.354741
cstype bspline
deg 1
curv 0 5 12619 12620 12621 12622 12623
parm u 0 0 1 2 3 4
end
v 1463.955264 -1216.110149 1687.074048
v 1543.028618 -1345.417129 1760.147496
v 1436.951588 -1342.199703 1880.627676
v 1357.878234 -1212.892723 1807.554227
v 1463.955264 -1216.110149 1687.074048
cstype bspline
deg 1
curv 0 5 12624 12625 12626 12627 12628
parm u 0 0 1 2 3 4
end
v 1621.144881 -1223.560088 1469.745261
v 1712.036362 -1352.345671 1526.418875
v 1799.796419 -1349.307104 1392.576733
v 1708.904938 -1220.521521 1335.903119
v 1621.144881 -1223.560088 1469.745261
cstype bspline
deg 1
curv 0 5 12629 12630 12631 12632 12633
parm u 0 0 1 2 3 4
end
v 1623.340407 -1221.355034 1471.234933
v 1714.231798 -1350.140708 1527.908485
v 1801.99208 -1347.101914 1394.066496
v 1711.100689 -1218.31624 1337.392944
v 1623.340407 -1221.355034 1471.234933
cstype bspline
deg 1
curv 0 5 12634 12635 12636 12637 12638
parm u 0 0 1 2 3 4
end
v -1363.645666 2711.880369 1799.984518
v -1370.18862 2858.406536 1880.895264
v -1210.30269 2867.874058 1876.679341
v -1203.759737 2721.347891 1795.768595
v -1363.645666 2711.880369 1799.984518
cstype bspline
deg 1
curv 0 5 12639 12640 12641 12642 12643
parm u 0 0 1 2 3 4
end
v -1363.46778 2710.220903 1803.004138
v -1370.010742 2856.747147 1883.914742
v -1210.124812 2866.214666 1879.698825
v -1203.58185 2719.688421 1798.788221
v -1363.46778 2710.220903 1803.004138
cstype bspline
deg 1
curv 0 5 12644 12645 12646 12647 12648
parm u 0 0 1 2 3 4
end
v 398.65193 -1844.846504 1747.127659
v 357.057237 -1699.957663 1673.637113
v 275.445064 -1656.99063 1804.539351
v 317.039757 -1801.879471 1878.029897
v 398.65193 -1844.846504 1747.127659
cstype bspline
deg 1
curv 0 5 12649 12650 12651 12652 12653
parm u 0 0 1 2 3 4
end
v 401.494416 -1843.376363 1748.417281
v 359.899797 -1698.487484 1674.926768
v 278.287504 -1655.520512 1805.828952
v 319.882123 -1800.409391 1879.319464
v 401.494416 -1843.376363 1748.417281
cstype bspline
deg 1
curv 0 5 12654 12655 12656 12657 12658
parm u 0 0 1 2 3 4
end
v 1608.390512 -1324.695334 1250.480853
v 1695.391907 -1457.210938 1304.671335
v 1607.671721 -1460.050322 1438.560453
v 1520.670326 -1327.534718 1384.36997
v 1608.390512 -1324.695334 1250.480853
cstype bspline
deg 1
curv 0 5 12659 12660 12661 12662 12663
parm u 0 0 1 2 3 4
end
v 1606.128234 -1326.805007 1248.95393
v 1693.129367 -1459.320855 1303.144236
v 1605.409049 -1462.160362 1437.033264
v 1518.407916 -1329.644514 1382.842959
v 1606.128234 -1326.805007 1248.95393
cstype bspline
deg 1
curv 0 5 12664 12665 12666 12667 12668
parm u 0 0 1 2 3 4
end
v 563.342496 -1632.91172 2050.732533
v 516.751398 -1491.55142 1974.040571
v 622.446744 -1520.113169 1857.184001
v 669.037843 -1661.473469 1933.875963
v 563.342496 -1632.91172 2050.732533
cstype bspline
deg 1
curv 0 5 12669 12670 12671 12672 12673
parm u 0 0 1 2 3 4
end
v 565.749884 -1631.168133 2052.483829
v 519.15862 -1489.807953 1975.791746
v 624.854073 -1518.369626 1858.935252
v 671.445337 -1659.729806 1935.627335
v 565.749884 -1631.168133 2052.483829
cstype bspline
deg 1
curv 0 5 12674 12675 12676 12677 12678
parm u 0 0 1 2 3 4
end
v 265.698987 2663.956313 673.32099
v 414.026395 2735.953125 705.157997
v 445.278669 2622.795989 815.450536
v 296.951261 2550.799176 783.613529
v 265.698987 2663.956313 673.32099
cstype bspline
deg 1
curv 0 5 12679 12680 12681 12682 12683
parm u 0 0 1 2 3 4
end
v 264.226702 2665.915957 675.748706
v 412.553993 2737.912925 707.585906
v 443.80614 2624.755957 817.878653
v 295.478849 2552.758989 786.041453
v 264.226702 2665.915957 675.748706
cstype bspline
deg 1
curv 0 5 12684 12685 12686 12687 12688
parm u 0 0 1 2 3 4
end
v 427.597368 2099.218851 1399.063062
v 276.663509 2068.673161 1332.635731
v 247.920505 1960.496647 1447.688053
v 398.854364 1991.042337 1514.115384
v 427.597368 2099.218851 1399.063062
cstype bspline
deg 1
curv 0 5 12689 12690 12691 12692 12693
parm u 0 0 1 2 3 4
end
v 428.968501 2096.74901 1397.083362
v 278.034792 2066.203052 1330.655815
v 249.291877 1958.026377 1445.708009
v 400.225586 1988.572336 1512.135556
v 428.968501 2096.74901 1397.083362
cstype bspline
deg 1
curv 0 5 12694 12695 12696 12697 12698
parm u 0 0 1 2 3 4
end
v 1476.0976 -1567.234461 1375.515808
v 1398.818295 -1430.782163 1316.798437
v 1293.436928 -1438.750489 1436.975861
v 1370.716233 -1575.202787 1495.693232
v 1476.0976 -1567.234461 1375.515808
cstype bspline
deg 1
curv 0 5 12699 12700 12701 12702 12703
parm u 0 0 1 2 3 4
end
v 1478.148374 -1565.242356 1377.446175
v 1400.869258 -1428.789874 1318.728982
v 1295.487971 -1436.758122 1438.906482
v 1372.767087 -1573.210604 1497.623675
v 1478.148374 -1565.242356 1377.446175
cstype bspline
deg 1
curv 0 5 12704 12705 12706 12707 12708
parm u 0 0 1 2 3 4
end
v -1669.549379 -2007.279423 811.521424
v -1571.885598 -1875.526805 773.909957
v -1647.898829 -1787.528166 884.788683
v -1745.56261 -1919.280784 922.400149
v -1669.549379 -2007.279423 811.521424
cstype bspline
deg 1
curv 0 5 12709 12710 12711 12712 12713
parm u 0 0 1 2 3 4
end
v -1667.262711 -2008.296499 813.896257
v -1569.599179 -1876.54377 776.284531
v -1645.612438 -1788.545119 887.163228
v -1743.275969 -1920.297848 924.774953
v -1667.262711 -2008.296499 813.896257
cstype bspline
deg 1
curv 0 5 12714 12715 12716 12717 12718
parm u 0 0 1 2 3 4
end
v 217.621374 2789.858651 555.864915
v 359.304091 2875.156659 586.204129
v 393.606785 2775.352578 706.609039
v 251.924068 2690.05457 676.269825
v 217.621374 2789.858651 555.864915
cstype bspline
deg 1
curv 0 5 12719 12720 12721 12722 12723
parm u 0 0 1 2 3 4
end
v 215.917026 2791.911647 558.052205
v 357.5998 2877.209585 588.391344
v 391.902409 2777.405607 708.796365
v 250.219634 2692.107669 678.457225
v 215.917026 2791.911647 558.052205
cstype bspline
deg 1
curv 0 5 12724 12725 12726 12727 12728
parm u 0 0 1 2 3 4
end
v 1151.695021 -1448.650882 1572.123039
v 1222.091955 -1586.033534 1637.355689
v 1348.481335 -1567.158446 1540.712135
v 1278.0844 -1429.775794 1475.479484
v 1151.695021 -1448.650882 1572.123039
cstype bspline
deg 1
curv 0 5 12729 12730 12731 12732 12733
parm u 0 0 1 2 3 4
end
v 1150.146989 -1450.584759 1569.720833
v 1220.544209 -1587.967054 1634.953926
v 1346.933693 -1569.091835 1538.310534
v 1276.536473 -1431.709539 1473.077441
v 1150.146989 -1450.584759 1569.720833
cstype bspline
deg 1
curv 0 5 12734 12735 12736 12737 12738
parm u 0 0 1 2 3 4
end
v 1080.678544 -1554.316412 1413.018873
v 1147.680535 -1695.629197 1474.414963
v 1274.386083 -1677.495633 1377.877555
v 1207.384092 -1536.182848 1316.481465
v 1080.678544 -1554.316412 1413.018873
cstype bspline
deg 1
curv 0 5 12739 12740 12741 12742 12743
parm u 0 0 1 2 3 4
end
v 1079.074065 -1556.140989 1410.57028
v 1146.075867 -1697.453988 1471.966082
v 1272.781189 -1679.320681 1375.428329
v 1205.779386 -1538.007682 1314.032526
v 1079.074065 -1556.140989 1410.57028
cstype bspline
deg 1
curv 0 5 12744 12745 12746 12747 12748
parm u 0 0 1 2 3 4
end
v 2577.039631 -67.969529 928.385678
v 2734.877936 -67.136915 987.366355
v 2702.002949 -196.858548 1077.174418
v 2544.164644 -197.691162 1018.193741
v 2577.039631 -67.969529 928.385678
cstype bspline
deg 1
curv 0 5 12749 12750 12751 12752 12753
parm u 0 0 1 2 3 4
end
v 2578.021213 -70.016846 925.787784
v 2735.859434 -69.184058 984.768682
v 2702.984442 -198.905681 1074.576758
v 2545.14622 -199.738469 1015.59586
v 2578.021213 -70.016846 925.787784
cstype bspline
deg 1
curv 0 5 12754 12755 12756 12757 12758
parm u 0 0 1 2 3 4
end
v 1427.52743 -1462.634573 1666.670164
v 1353.802127 -1328.59057 1597.904585
v 1247.853507 -1325.107791 1718.283701
v 1321.57881 -1459.151794 1787.04928
v 1427.52743 -1462.634573 1666.670164
cstype bspline
deg 1
curv 0 5 12759 12760 12761 12762 12763
parm u 0 0 1 2 3 4
end
v 1429.62755 -1460.562022 1668.458566
v 1355.902162 -1326.518103 1599.692915
v 1249.953605 -1323.035264 1720.072083
v 1323.678992 -1457.079183 1788.837735
v 1429.62755 -1460.562022 1668.458566
cstype bspline
deg 1
curv 0 5 12764 12765 12766 12767 12768
parm u 0 0 1 2 3 4
end
v -2025.45855 -812.077905 1105.699722
v -2173.062414 -836.117623 1187.552288
v -2231.586189 -915.2174 1058.78575
v -2083.982325 -891.177682 976.933183
v -2025.45855 -812.077905 1105.699722
cstype bspline
deg 1
curv 0 5 12769 12770 12771 12772 12773
parm u 0 0 1 2 3 4
end
v -2026.653632 -809.106235 1104.41741
v -2174.257495 -833.145953 1186.269976
v -2232.781154 -912.246019 1057.503562
v -2085.177291 -888.2063 975.650996
v -2026.653632 -809.106235 1104.41741
cstype bspline
deg 1
curv 0 5 12774 12775 12776 12777 12778
parm u 0 0 1 2 3 4
end
v 632.416765 2115.38324 789.511492
v 476.322028 2067.045046 747.833761
v 455.93376 2203.751109 665.64064
v 612.028497 2252.089303 707.31837
v 632.416765 2115.38324 789.511492
cstype bspline
deg 1
curv 0 5 12779 12780 12781 12782 12783
parm u 0 0 1 2 3 4
end
v 633.647042 2113.859159 786.671419
v 477.552383 2065.52087 744.99351
v 457.164097 2202.226954 662.800429
v 613.258757 2250.565244 704.478338
v 633.647042 2113.859159 786.671419
cstype bspline
deg 1
curv 0 5 12784 12785 12786 12787 12788
parm u 0 0 1 2 3 4
end
v 1807.461448 1080.148412 891.462504
v 1874.440075 1225.988178 940.64473
v 1801.748239 1300.530634 818.599521
v 1734.769612 1154.690868 769.417295
v 1807.461448 1080.148412 891.462504
cstype bspline
deg 1
curv 0 5 12789 12790 12791 12792 12793
parm u 0 0 1 2 3 4
end
v 1810.211761 1079.559123 889.464452
v 1877.189996 1225.398973 938.646962
v 1804.498078 1299.941447 816.601813
v 1737.519843 1154.101596 767.419303
v 1810.211761 1079.559123 889.464452
cstype bspline
deg 1
curv 0 5 12794 12795 12796 12797 12798
parm u 0 0 1 2 3 4
end
v 2739.317766 -354.344351 934.520567
v 2585.70134 -320.998833 875.87517
v 2521.481261 -408.243422 994.487085
v 2675.097687 -441.588941 1053.132482
v 2739.317766 -354.344351 934.520567
cstype bspline
deg 1
curv 0 5 12799 12800 12801 12802 12803
parm u 0 0 1 2 3 4
end
v 2739.169096 -351.529698 936.510381
v 2585.55268 -318.184364 877.864853
v 2521.332601 -405.428959 996.476765
v 2674.949018 -438.774293 1055.122293
v 2739.169096 -351.529698 936.510381
cstype bspline
deg 1
curv 0 5 12804 12805 12806 12807 12808
parm u 0 0 1 2 3 4
end
v 1389.373667 -1072.48569 2316.294762
v 1310.626257 -957.532672 2220.044668
v 1256.883747 -883.575382 2352.342692
v 1335.631157 -998.528401 2448.592785
v 1389.373667 -1072.48569 2316.294762
cstype bspline
deg 1
curv 0 5 12809 12810 12811 12812 12813
parm u 0 0 1 2 3 4
end
v 1392.201798 -1070.51077 2316.339598
v 1313.45449 -955.55768 2220.089506
v 1259.711849 -881.600482 2352.387527
v 1338.459157 -996.553572 2448.637619
v 1392.201798 -1070.51077 2316.339598
cstype bspline
deg 1
curv 0 5 12814 12815 12816 12817 12818
parm u 0 0 1 2 3 4
end
v 78.470462 167.995994 3041.86227
v 90.045506 106.822357 2879.53232
v 167.583277 -22.691001 2933.867989
v 156.008232 38.482636 3096.197938
v 78.470462 167.995994 3041.86227
cstype bspline
deg 1
curv 0 5 12819 12820 12821 12822 12823
parm u 0 0 1 2 3 4
end
v 75.459243 166.361555 3042.263488
v 87.034271 105.187909 2879.93354
v 164.571774 -24.325594 2934.269244
v 152.996747 36.848052 3096.599192
v 75.459243 166.361555 3042.263488
cstype bspline
deg 1
curv 0 5 12824 12825 12826 12827 12828
parm u 0 0 1 2 3 4
end
v 1005.601733 -1020.080668 2383.543368
v 1077.229266 -1140.180965 2479.301775
v 977.744542 -1102.514524 2600.957892
v 906.11701 -982.414227 2505.199485
v 1005.601733 -1020.080668 2383.543368
cstype bspline
deg 1
curv 0 5 12829 12830 12831 12832 12833
parm u 0 0 1 2 3 4
end
v 1003.307145 -1022.378082 2382.378286
v 1074.934312 -1142.478745 2478.136508
v 975.449926 -1104.811967 2599.792796
v 903.822759 -984.711303 2504.034575
v 1003.307145 -1022.378082 2382.378286
cstype bspline
deg 1
curv 0 5 12834 12835 12836 12837 12838
parm u 0 0 1 2 3 4
end
v -1972.156686 272.260209 1801.831517
v -2071.190884 192.000054 1912.306085
v -1989.497419 258.679506 2033.982505
v -1890.46322 338.93966 1923.507938
v -1972.156686 272.260209 1801.831517
cstype bspline
deg 1
curv 0 5 12839 12840 12841 12842 12843
parm u 0 0 1 2 3 4
end
v -1974.332581 274.936905 1801.825562
v -2073.367131 194.677183 1912.300128
v -1991.673748 261.356737 2033.976549
v -1892.639198 341.616458 1923.501982
v -1974.332581 274.936905 1801.825562
cstype bspline
deg 1
curv 0 5 12844 12845 12846 12847 12848
parm u 0 0 1 2 3 4
end
v -2165.018735 -336.466991 1108.704182
v -2294.229113 -395.380357 1197.271319
v -2222.424758 -349.070182 1332.831265
v -2093.214379 -290.156816 1244.264127
v -2165.018735 -336.466991 1108.704182
cstype bspline
deg 1
curv 0 5 12849 12850 12851 12852 12853
parm u 0 0 1 2 3 4
end
v -2163.463602 -339.538605 1108.929783
v -2292.674064 -398.451806 1197.496908
v -2220.869815 -352.141421 1333.056838
v -2091.659353 -293.228219 1244.489713
v -2163.463602 -339.538605 1108.929783
cstype bspline
deg 1
curv 0 5 12854 12855 12856 12857 12858
parm u 0 0 1 2 3 4
end
v 1744.114119 -1218.169159 1279.163263
v 1840.173285 -1346.308115 1328.179735
v 1917.212123 -1342.328732 1187.60714
v 1821.152958 -1214.189776 1138.590668
v 1744.114119 -1218.169159 1279.163263
cstype bspline
deg 1
curv 0 5 12859 12860 12861 12862 12863
parm u 0 0 1 2 3 4
end
v 1741.82534 -1220.388778 1277.846116
v 1837.884438 -1348.5278 1326.862549
v 1914.922729 -1344.548948 1186.289639
v 1818.863631 -1216.409926 1137.273207
v 1741.82534 -1220.388778 1277.846116
cstype bspline
deg 1
curv 0 5 12864 12865 12866 12867 12868
parm u 0 0 1 2 3 4
end
v -1985.54759 -379.922952 1345.340488
v -2116.404768 -425.070897 1439.549543
v -2040.712627 -371.590829 1570.315901
v -1909.85545 -326.442884 1476.106846
v -1985.54759 -379.922952 1345.340488
cstype bspline
deg 1
curv 0 5 12869 12870 12871 12872 12873
parm u 0 0 1 2 3 4
end
v -1984.141084 -383.039068 1345.800764
v -2114.997903 -428.187806 1440.009936
v -2039.305762 -374.70774 1570.776294
v -1908.448943 -329.559001 1476.567123
v -1984.141084 -383.039068 1345.800764
cstype bspline
deg 1
curv 0 5 12874 12875 12876 12877 12878
parm u 0 0 1 2 3 4
end
v -1978.43713 -566.265347 1274.394329
v -2118.684408 -598.944035 1360.228588
v -2186.950842 -656.53393 1226.760392
v -2046.703564 -623.855242 1140.926133
v -1978.43713 -566.265347 1274.394329
cstype bspline
deg 1
curv 0 5 12879 12880 12881 12882 12883
parm u 0 0 1 2 3 4
end
v -1977.244567 -569.415524 1275.143604
v -2117.492184 -602.093316 1360.97765
v -2185.758807 -659.682711 1227.509335
v -2045.51119 -627.004919 1141.675289
v -1977.244567 -569.415524 1275.143604
cstype bspline
deg 1
curv 0 5 12884 12885 12886 12887 12888
parm u 0 0 1 2 3 4
end
v -1659.167691 -175.529919 1841.8684
v -1782.539648 -217.797517 1950.64122
v -1692.088098 -165.006895 2073.746584
v -1568.716142 -122.739296 1964.973764
v -1659.167691 -175.529919 1841.8684
cstype bspline
deg 1
curv 0 5 12889 12890 12891 12892 12893
parm u 0 0 1 2 3 4
end
v -1657.792046 -178.675233 1842.206434
v -1781.163735 -220.943444 1950.979319
v -1690.712169 -168.152858 2074.084687
v -1567.34048 -125.884647 1965.311802
v -1657.792046 -178.675233 1842.206434
cstype bspline
deg 1
curv 0 5 12894 12895 12896 12897 12898
parm u 0 0 1 2 3 4
end
v 1855.988718 -1108.94553 1332.595516
v 1957.137483 -1231.985305 1384.7418
v 2034.389298 -1228.01299 1244.268261
v 1933.240533 -1104.973215 1192.121978
v 1855.988718 -1108.94553 1332.595516
cstype bspline
deg 1
curv 0 5 12899 12900 12901 12902 12903
parm u 0 0 1 2 3 4
end
v 1858.181023 -1106.604269 1333.867371
v 1959.329175 -1229.644699 1386.013299
v 2036.581398 -1225.671949 1245.539997
v 1935.433246 -1102.631519 1193.394069
v 1858.181023 -1106.604269 1333.867371
cstype bspline
deg 1
curv 0 5 12904 12905 12906 12907 12908
parm u 0 0 1 2 3 4
end
v -1223.191177 2623.155649 1951.160006
v -1209.821361 2759.252915 2048.06683
v -1050.675113 2756.543489 2029.915265
v -1064.044928 2620.446222 1933.008442
v -1223.191177 2623.155649 1951.160006
cstype bspline
deg 1
curv 0 5 12909 12910 12911 12912 12913
parm u 0 0 1 2 3 4
end
v -1222.907501 2621.142885 1953.947627
v -1209.537699 2757.240252 2050.854313
v -1050.391445 2754.530788 2032.702799
v -1063.761247 2618.433422 1935.796113
v -1222.907501 2621.142885 1953.947627
cstype bspline
deg 1
curv 0 5 12914 12915 12916 12917 12918
parm u 0 0 1 2 3 4
end
v 296.462589 2192.009783 1207.305643
v 450.143245 2227.12534 1265.579119
v 436.952889 2107.76527 1372.291442
v 283.272233 2072.649713 1314.017966
v 296.462589 2192.009783 1207.305643
cstype bspline
deg 1
curv 0 5 12919 12920 12921 12922 12923
parm u 0 0 1 2 3 4
end
v 295.09508 2194.203412 1209.590221
v 448.775853 2229.31878 1267.8635
v 435.585368 2109.958918 1374.57604
v 281.904594 2074.84355 1316.302761
v 295.09508 2194.203412 1209.590221
cstype bspline
deg 1
curv 0 5 12924 12925 12926 12927 12928
parm u 0 0 1 2 3 4
end
v -345.802564 2812.49757 1470.174932
v -319.594005 2954.211341 1555.724504
v -473.2193 2995.275979 1534.764411
v -499.427859 2853.562208 1449.214838
v -345.802564 2812.49757 1470.174932
cstype bspline
deg 1
curv 0 5 12929 12930 12931 12932 12933
parm u 0 0 1 2 3 4
end
v -344.97052 2814.113698 1467.242894
v -318.761938 2955.827513 1552.792387
v -472.387126 2996.892358 1531.831918
v -498.595708 2855.178543 1446.282425
v -344.97052 2814.113698 1467.242894
cstype bspline
deg 1
curv 0 5 12934 12935 12936 12937 12938
parm u 0 0 1 2 3 4
end
v -1796.516836 -567.086025 1839.840564
v -1661.974891 -548.08103 1740.798416
v -1748.44778 -595.607226 1614.21124
v -1882.989725 -614.612221 1713.253388
v -1796.516836 -567.086025 1839.840564
cstype bspline
deg 1
curv 0 5 12939 12940 12941 12942 12943
parm u 0 0 1 2 3 4
end
v -1797.426044 -563.814237 1839.233294
v -1662.884171 -544.80898 1740.191097
v -1749.357154 -592.334841 1613.603859
v -1883.899026 -611.340097 1712.646056
v -1797.426044 -563.814237 1839.233294
cstype bspline
deg 1
curv 0 5 12944 12945 12946 12947 12948
parm u 0 0 1 2 3 4
end
v -955.463071 -2305.899157 905.217059
v -915.361352 -2149.407928 856.753725
v -1003.059005 -2089.574661 977.39245
v -1043.160724 -2246.06589 1025.855785
v -955.463071 -2305.899157 905.217059
cstype bspline
deg 1
curv 0 5 12949 12950 12951 12952 12953
parm u 0 0 1 2 3 4
end
v -952.690966 -2305.973958 907.26931
v -912.58961 -2149.482719 858.805707
v -1000.286871 -2089.649462 979.444723
v -1040.388227 -2246.140701 1027.908326
v -952.690966 -2305.973958 907.26931
cstype bspline
deg 1
curv 0 5 12954 12955 12956 12957 12958
parm u 0 0 1 2 3 4
end
v 2552.262537 -635.789317 1176.938505
v 2409.872115 -570.121789 1117.300543
v 2483.76638 -536.728684 977.641293
v 2626.156803 -602.396211 1037.279254
v 2552.262537 -635.789317 1176.938505
cstype bspline
deg 1
curv 0 5 12959 12960 12961 12962 12963
parm u 0 0 1 2 3 4
end
v 2551.348045 -638.883569 1175.714778
v 2408.957905 -573.215086 1116.077195
v 2482.85235 -539.82137 976.418185
v 2625.24249 -605.489854 1036.055769
v 2551.348045 -638.883569 1175.714778
cstype bspline
deg 1
curv 0 5 12964 12965 12966 12967 12968
parm u 0 0 1 2 3 4
end
v 1230.002636 1206.979328 1029.459757
v 1270.433663 1358.109622 1091.761063
v 1184.351114 1428.965934 975.742157
v 1143.920087 1277.835639 913.440851
v 1230.002636 1206.979328 1029.459757
cstype bspline
deg 1
curv 0 5 12969 12970 12971 12972 12973
parm u 0 0 1 2 3 4
end
v 1227.208317 1206.893728 1031.480784
v 1267.639032 1358.024013 1093.782315
v 1181.556366 1428.880321 977.763493
v 1141.125652 1277.750036 915.461962
v 1227.208317 1206.893728 1031.480784
cstype bspline
deg 1
curv 0 5 12974 12975 12976 12977 12978
parm u 0 0 1 2 3 4
end
v 1045.275333 1275.053786 1430.346767
v 984.82368 1135.698548 1359.666363
v 869.663708 1222.32416 1287.367369
v 930.11536 1361.679398 1358.047774
v 1045.275333 1275.053786 1430.346767
cstype bspline
deg 1
curv 0 5 12979 12980 12981 12982 12983
parm u 0 0 1 2 3 4
end
v 1047.344489 1275.535234 1427.627792
v 986.892488 1136.179916 1356.947846
v 871.732345 1222.805488 1284.649077
v 932.184346 1362.160806 1355.329022
v 1047.344489 1275.535234 1427.627792
cstype bspline
deg 1
curv 0 5 12984 12985 12986 12987 12988
parm u 0 0 1 2 3 4
end
v -2159.196196 -535.869741 992.758927
v -2298.384758 -581.435502 1074.125968
v -2364.230399 -628.188204 935.307077
v -2225.041837 -582.622443 853.940035
v -2159.196196 -535.869741 992.758927
cstype bspline
deg 1
curv 0 5 12989 12990 12991 12992 12993
parm u 0 0 1 2 3 4
end
v -2157.89762 -539.033569 993.208536
v -2297.086037 -584.599682 1074.575628
v -2362.931429 -631.352992 935.756822
v -2223.743011 -585.786879 854.389731
v -2157.89762 -539.033569 993.208536
cstype bspline
deg 1
curv 0 5 12994 12995 12996 12997 12998
parm u 0 0 1 2 3 4
end
v 186.538797 -2056.28039 1410.783583
v 147.176567 -1905.965932 1347.300875
v 223.902581 -1943.256237 1211.431135
v 263.264811 -2093.570694 1274.913842
v 186.538797 -2056.28039 1410.783583
cstype bspline
deg 1
curv 0 5 12999 13000 13001 13002 13003
parm u 0 0 1 2 3 4
end
v 189.458299 -2054.971342 1412.072959
v 150.096673 -1904.656614 1348.590518
v 226.822739 -1941.946895 1212.7208
v 266.184365 -2092.261624 1276.203241
v 189.458299 -2054.971342 1412.072959
cstype bspline
deg 1
curv 0 5 13004 13005 13006 13007 13008
parm u 0 0 1 2 3 4
end
v 418.083571 -1906.022161 1604.595553
v 372.726683 -1759.182829 1538.253868
v 479.615169 -1779.23749 1420.787118
v 524.972057 -1926.076822 1487.128803
v 418.083571 -1906.022161 1604.595553
cstype bspline
deg 1
curv 0 5 13009 13010 13011 13012 13013
parm u 0 0 1 2 3 4
end
v 420.475802 -1904.423106 1606.499337
v 375.118984 -1757.583728 1540.157706
v 482.00702 -1777.63869 1422.690599
v 527.363839 -1924.478068 1489.032229
v 420.475802 -1904.423106 1606.499337
cstype bspline
deg 1
curv 0 5 13014 13015 13016 13017 13018
parm u 0 0 1 2 3 4
end
v 140.196288 2883.58069 602.314678
v 273.819128 2979.033855 638.072282
v 311.942555 2879.791328 760.531627
v 178.319714 2784.338163 724.774023
v 140.196288 2883.58069 602.314678
cstype bspline
deg 1
curv 0 5 13019 13020 13021 13022 13023
parm u 0 0 1 2 3 4
end
v 138.267423 2885.479486 604.453969
v 271.89052 2980.932399 640.211288
v 310.013931 2881.689887 762.67065
v 176.390834 2786.236974 726.913331
v 138.267423 2885.479486 604.453969
cstype bspline
deg 1
curv 0 5 13024 13025 13026 13027 13028
parm u 0 0 1 2 3 4
end
v 909.727372 -1580.108319 1519.696467
v 970.859426 -1721.995246 1584.709596
v 1105.798404 -1702.488487 1500.398276
v 1044.66635 -1560.60156 1435.385146
v 909.727372 -1580.108319 1519.696467
cstype bspline
deg 1
curv 0 5 13029 13030 13031 13032 13033
parm u 0 0 1 2 3 4
end
v 911.100425 -1578.32025 1522.307721
v 972.232499 -1720.207152 1587.320888
v 1107.171528 -1700.700327 1503.009664
v 1046.039455 -1558.813424 1437.996497
v 911.100425 -1578.32025 1522.307721
cstype bspline
deg 1
curv 0 5 13034 13035 13036 13037 13038
parm u 0 0 1 2 3 4
end
v 1013.823935 -1448.362769 1698.640829
v 1078.385802 -1587.204601 1768.005186
v 1203.01733 -1579.650938 1667.122251
v 1138.455464 -1440.809107 1597.757895
v 1013.823935 -1448.362769 1698.640829
cstype bspline
deg 1
curv 0 5 13039 13040 13041 13042 13043
parm u 0 0 1 2 3 4
end
v 1015.548015 -1446.424467 1700.915877
v 1080.109944 -1585.266228 1770.280316
v 1204.741115 -1577.712968 1669.39691
v 1140.179185 -1438.871207 1600.032471
v 1015.548015 -1446.424467 1700.915877
cstype bspline
deg 1
curv 0 5 13044 13045 13046 13047 13048
parm u 0 0 1 2 3 4
end
v -127.52254 885.020927 2723.765015
v -138.364226 800.699866 2579.269263
v -295.779232 829.64477 2574.189383
v -284.937547 913.965831 2718.685136
v -127.52254 885.020927 2723.765015
cstype bspline
deg 1
curv 0 5 13049 13050 13051 13052 13053
parm u 0 0 1 2 3 4
end
v -128.115025 882.105148 2725.510991
v -138.956755 797.783865 2581.015371
v -296.371781 826.728672 2575.93555
v -285.530051 911.049954 2720.43117
v -128.115025 882.105148 2725.510991
cstype bspline
deg 1
curv 0 5 13054 13055 13056 13057 13058
parm u 0 0 1 2 3 4
end
v -1307.794312 -2242.26549 678.884442
v -1237.780308 -2093.387365 644.619298
v -1315.059048 -2028.400363 769.076649
v -1385.073052 -2177.278488 803.341792
v -1307.794312 -2242.26549 678.884442
cstype bspline
deg 1
curv 0 5 13059 13060 13061 13062 13063
parm u 0 0 1 2 3 4
end
v -1305.135288 -2243.042573 680.941272
v -1235.121441 -2094.164402 646.676007
v -1312.400493 -2029.177309 771.133117
v -1382.414339 -2178.05548 805.398382
v -1305.135288 -2243.042573 680.941272
cstype bspline
deg 1
curv 0 5 13064 13065 13066 13067 13068
parm u 0 0 1 2 3 4
end
v -1263.737996 -529.421272 2184.957866
v -1379.151884 -547.28457 2306.090191
v -1296.107611 -446.435552 2400.086228
v -1180.693723 -428.572254 2278.953903
v -1263.737996 -529.421272 2184.957866
cstype bspline
deg 1
curv 0 5 13069 13070 13071 13072 13073
parm u 0 0 1 2 3 4
end
v -1261.967976 -532.084591 2186.251558
v -1377.381664 -549.948189 2307.384028
v -1294.337219 -449.099431 2401.380191
v -1178.92353 -431.235833 2280.247721
v -1261.967976 -532.084591 2186.251558
cstype bspline
deg 1
curv 0 5 13074 13075 13076 13077 13078
parm u 0 0 1 2 3 4
end
v -1987.991078 13.023276 1587.093206
v -2098.826152 -59.635896 1690.107725
v -2015.157281 -7.57411 1816.849196
v -1904.322208 65.085062 1713.834678
v -1987.991078 13.023276 1587.093206
cstype bspline
deg 1
curv 0 5 13079 13080 13081 13082 13083
parm u 0 0 1 2 3 4
end
v -1986.125737 10.121761 1587.053628
v -2096.960702 -62.53758 1690.068145
v -2013.291331 -10.476573 1816.809606
v -1902.456365 62.182768 1713.795089
v -1986.125737 10.121761 1587.053628
cstype bspline
deg 1
curv 0 5 13084 13085 13086 13087 13088
parm u 0 0 1 2 3 4
end
v -832.37446 2428.933625 2308.388811
v -875.475412 2327.002242 2181.239962
v -1029.844459 2342.764317 2220.932047
v -986.743507 2444.6957 2348.080895
v -832.37446 2428.933625 2308.388811
cstype bspline
deg 1
curv 0 5 13089 13090 13091 13092 13093
parm u 0 0 1 2 3 4
end
v -832.113553 2426.206754 2310.486405
v -875.214541 2324.275752 2183.337264
v -1029.583605 2340.038001 2223.029215
v -986.482616 2441.969002 2350.178356
v -832.113553 2426.206754 2310.486405
cstype bspline
deg 1
curv 0 5 13094 13095 13096 13097 13098
parm u 0 0 1 2 3 4
end
v 2239.701408 -724.976913 1298.03975
v 2369.517769 -814.141631 1360.223082
v 2447.965396 -797.805092 1219.877715
v 2318.149035 -708.640375 1157.694382
v 2239.701408 -724.976913 1298.03975
cstype bspline
deg 1
curv 0 5 13099 13100 13101 13102 13103
parm u 0 0 1 2 3 4
end
v 2238.251881 -727.888702 1296.890582
v 2368.067917 -817.054071 1359.073657
v 2446.515534 -800.717554 1218.728281
v 2316.699497 -711.552185 1156.545206
v 2238.251881 -727.888702 1296.890582
cstype bspline
deg 1
curv 0 5 13104 13105 13106 13107 13108
parm u 0 0 1 2 3 4
end
v 530.452832 2018.827388 609.073766
v 682.372553 2075.86328 654.674726
v 717.475894 1931.870223 717.828722
v 565.556173 1874.83433 672.227762
v 530.452832 2018.827388 609.073766
cstype bspline
deg 1
curv 0 5 13109 13110 13111 13112 13113
parm u 0 0 1 2 3 4
end
v 529.16096 2019.842977 612.107408
v 681.080814 2076.878766 657.708057
v 716.184131 1932.885727 720.862109
v 564.264277 1875.849938 675.261459
v 529.16096 2019.842977 612.107408
cstype bspline
deg 1
curv 0 5 13114 13115 13116 13117 13118
parm u 0 0 1 2 3 4
end
v 820.64942 -1695.96033 1338.108073
v 878.533348 -1841.16103 1399.31707
v 1013.904207 -1822.624504 1315.272556
v 956.020279 -1677.423804 1254.063559
v 820.64942 -1695.96033 1338.108073
cstype bspline
deg 1
curv 0 5 13119 13120 13121 13122 13123
parm u 0 0 1 2 3 4
end
v 819.231383 -1697.645098 1335.452449
v 877.115269 -1842.845846 1396.661369
v 1012.486123 -1824.309327 1312.616844
v 954.602236 -1679.108578 1251.407924
v 819.231383 -1697.645098 1335.452449
cstype bspline
deg 1
curv 0 5 13124 13125 13126 13127 13128
parm u 0 0 1 2 3 4
end
v 514.221565 965.745172 2089.557635
v 601.5497 1081.595289 2175.197442
v 547.12095 1195.971061 2075.976231
v 459.792815 1080.120943 1990.336424
v 514.221565 965.745172 2089.557635
cstype bspline
deg 1
curv 0 5 13129 13130 13131 13132 13133
parm u 0 0 1 2 3 4
end
v 516.930615 965.235716 2087.484302
v 604.259656 1081.085664 2173.123416
v 549.831122 1195.461395 2073.90204
v 462.502081 1079.611447 1988.262926
v 516.930615 965.235716 2087.484302
cstype bspline
deg 1
curv 0 5 13134 13135 13136 13137 13138
parm u 0 0 1 2 3 4
end
v 671.032538 -1471.43147 1915.716118
v 724.054157 -1612.016796 1991.712925
v 859.966379 -1607.085306 1906.012074
v 806.944761 -1466.499981 1830.015267
v 671.032538 -1471.43147 1915.716118
cstype bspline
deg 1
curv 0 5 13139 13140 13141 13142 13143
parm u 0 0 1 2 3 4
end
v 669.544253 -1473.327687 1913.246726
v 722.566246 -1613.912535 1989.244154
v 858.478683 -1608.980773 1903.543659
v 805.456691 -1468.395924 1827.546231
v 669.544253 -1473.327687 1913.246726
cstype bspline
deg 1
curv 0 5 13144 13145 13146 13147 13148
parm u 0 0 1 2 3 4
end
v 2179.569819 -854.584709 1219.758273
v 2301.237824 -956.521044 1273.84925
v 2377.434972 -939.7232 1134.113478
v 2255.766966 -837.786865 1080.022501
v 2179.569819 -854.584709 1219.758273
cstype bspline
deg 1
curv 0 5 13149 13150 13151 13152 13153
parm u 0 0 1 2 3 4
end
v 2181.284163 -851.869269 1221.019535
v 2302.951922 -953.805995 1275.11033
v 2379.149312 -937.007767 1135.374736
v 2257.481553 -835.071041 1081.283941
v 2181.284163 -851.869269 1221.019535
cstype bspline
deg 1
curv 0 5 13154 13155 13156 13157 13158
parm u 0 0 1 2 3 4
end
v -1276.399975 1015.276548 2675.243897
v -1260.090448 1047.042032 2511.020255
v -1321.81426 1193.163839 2533.154363
v -1338.123787 1161.398354 2697.378005
v -1276.399975 1015.276548 2675.243897
cstype bspline
deg 1
curv 0 5 13159 13160 13161 13162 13163
parm u 0 0 1 2 3 4
end
v -1279.566338 1014.023389 2674.687029
v -1263.256307 1045.789073 2510.463475
v -1324.980012 1191.910922 2532.597602
v -1341.290043 1160.145238 2696.821156
v -1279.566338 1014.023389 2674.687029
cstype bspline
deg 1
curv 0 5 13164 13165 13166 13167 13168
parm u 0 0 1 2 3 4
end
v 1977.565781 -1097.927119 1116.614668
v 2084.275692 -1220.871976 1161.421979
v 2153.527528 -1213.68088 1016.228063
v 2046.817617 -1090.736024 971.420752
v 1977.565781 -1097.927119 1116.614668
cstype bspline
deg 1
curv 0 5 13169 13170 13171 13172 13173
parm u 0 0 1 2 3 4
end
v 1979.7898 -1095.567576 1117.792288
v 2086.500236 -1218.511875 1162.599878
v 2155.751749 -1211.321122 1017.405791
v 2049.041313 -1088.376823 972.598201
v 1979.7898 -1095.567576 1117.792288
cstype bspline
deg 1
curv 0 5 13174 13175 13176 13177 13178
parm u 0 0 1 2 3 4
end
v 207.555724 -2037.803378 981.402122
v 249.63933 -2189.43215 1040.237833
v 373.785341 -2194.472318 938.450225
v 331.701736 -2042.843546 879.614514
v 207.555724 -2037.803378 981.402122
cstype bspline
deg 1
curv 0 5 13179 13180 13181 13182 13183
parm u 0 0 1 2 3 4
end
v 205.544918 -2039.284615 979.022996
v 247.62827 -2190.913573 1037.858407
v 371.773893 -2195.954027 936.070338
v 329.690541 -2044.325069 877.234928
v 205.544918 -2039.284615 979.022996
cstype bspline
deg 1
curv 0 5 13184 13185 13186 13187 13188
parm u 0 0 1 2 3 4
end
v -584.075179 2570.390072 1857.227493
v -552.841423 2694.505932 1965.902255
v -709.234985 2730.141159 1970.152198
v -740.468741 2606.025299 1861.477436
v -584.075179 2570.390072 1857.227493
cstype bspline
deg 1
curv 0 5 13189 13190 13191 13192 13193
parm u 0 0 1 2 3 4
end
v -583.646755 2572.583797 1854.59896
v -552.413078 2696.69925 1963.274209
v -708.806637 2732.33449 1967.524138
v -740.040314 2608.219037 1858.848888
v -583.646755 2572.583797 1854.59896
cstype bspline
deg 1
curv 0 5 13194 13195 13196 13197 13198
parm u 0 0 1 2 3 4
end
v -1492.644794 -2084.870492 934.62366
v -1414.844833 -1940.947525 896.959336
v -1337.559631 -2014.174199 776.786876
v -1415.359592 -2158.097166 814.4512
v -1492.644794 -2084.870492 934.62366
cstype bspline
deg 1
curv 0 5 13199 13200 13201 13202 13203
parm u 0 0 1 2 3 4
end
v -1490.078649 -2085.694398 936.776066
v -1412.278269 -1941.771565 899.112093
v -1334.992404 -2014.998452 778.94019
v -1412.792783 -2158.921285 816.604163
v -1490.078649 -2085.694398 936.776066
cstype bspline
deg 1
curv 0 5 13204 13205 13206 13207 13208
parm u 0 0 1 2 3 4
end
v -1833.603394 595.089781 2344.941845
v -1759.234565 668.209895 2214.262435
v -1813.168343 551.380986 2118.19883
v -1887.537173 478.260872 2248.87824
v -1833.603394 595.089781 2344.941845
cstype bspline
deg 1
curv 0 5 13209 13210 13211 13212 13213
parm u 0 0 1 2 3 4
end
v -1836.468395 596.91382 2344.332008
v -1762.099487 670.033885 2213.652614
v -1816.03257 553.204532 2117.589158
v -1890.401477 480.084467 2248.268552
v -1836.468395 596.91382 2344.332008
cstype bspline
deg 1
curv 0 5 13214 13215 13216 13217 13218
parm u 0 0 1 2 3 4
end
v 2587.319345 -757.437666 938.585756
v 2451.412812 -675.035774 883.903528
v 2376.618598 -706.884012 1021.803306
v 2512.525131 -789.285904 1076.485534
v 2587.319345 -757.437666 938.585756
cstype bspline
deg 1
curv 0 5 13219 13220 13221 13222 13223
parm u 0 0 1 2 3 4
end
v 2588.553234 -754.50973 939.931208
v 2452.646536 -672.108231 885.248799
v 2377.852311 -703.956493 1023.148566
v 2513.759009 -786.357993 1077.830975
v 2588.553234 -754.50973 939.931208
cstype bspline
deg 1
curv 0 5 13224 13225 13226 13227 13228
parm u 0 0 1 2 3 4
end
v 1610.710854 1188.811264 799.931555
v 1663.429169 1339.538107 853.40841
v 1738.515981 1269.310333 977.3267
v 1685.797667 1118.58349 923.849845
v 1610.710854 1188.811264 799.931555
cstype bspline
deg 1
curv 0 5 13229 13230 13231 13232 13233
parm u 0 0 1 2 3 4
end
v 1607.856867 1189.131516 801.842383
v 1660.574752 1339.858407 855.319525
v 1735.66136 1269.630656 979.237952
v 1682.943475 1118.903765 925.76081
v 1607.856867 1189.131516 801.842383
cstype bspline
deg 1
curv 0 5 13234 13235 13236 13237 13238
parm u 0 0 1 2 3 4
end
v -740.010423 2346.53704 2113.725759
v -693.35088 2443.217191 2242.549558
v -804.864186 2374.161116 2334.764752
v -851.523729 2277.480965 2205.940953
v -740.010423 2346.53704 2113.725759
cstype bspline
deg 1
curv 0 5 13239 13240 13241 13242 13243
parm u 0 0 1 2 3 4
end
v -742.295921 2348.932515 2112.755816
v -695.635836 2445.612097 2241.579846
v -807.149538 2376.556437 2333.794872
v -853.809623 2279.876854 2204.970842
v -742.295921 2348.932515 2112.755816
cstype bspline
deg 1
curv 0 5 13244 13245 13246 13247 13248
parm u 0 0 1 2 3 4
end
v 1405.223102 -1338.341507 1915.007329
v 1332.322063 -1210.239096 1835.639594
v 1232.972903 -1189.808834 1959.869205
v 1305.873943 -1317.911244 2039.23694
v 1405.223102 -1338.341507 1915.007329
cstype bspline
deg 1
curv 0 5 13249 13250 13251 13252 13253
parm u 0 0 1 2 3 4
end
v 1407.476582 -1336.164363 1916.451446
v 1334.575546 -1208.06195 1837.083713
v 1235.226331 -1187.631741 1961.313289
v 1308.127368 -1315.734154 2040.681022
v 1407.476582 -1336.164363 1916.451446
cstype bspline
deg 1
curv 0 5 13254 13255 13256 13257 13258
parm u 0 0 1 2 3 4
end
v 2165.201916 -968.589267 1010.548168
v 2277.427768 -1082.747483 1060.756291
v 2206.896027 -1088.621045 1205.055038
v 2094.670175 -974.462829 1154.846915
v 2165.201916 -968.589267 1010.548168
cstype bspline
deg 1
curv 0 5 13259 13260 13261 13262 13263
parm u 0 0 1 2 3 4
end
v 2167.272176 -966.063786 1011.662898
v 2279.497874 -1080.22219 1061.870939
v 2208.965857 -1086.09609 1206.169537
v 2096.740158 -971.937687 1155.961496
v 2167.272176 -966.063786 1011.662898
cstype bspline
deg 1
curv 0 5 13264 13265 13266 13267 13268
parm u 0 0 1 2 3 4
end
v 1101.038947 -1335.584155 1834.31403
v 1170.217311 -1469.16477 1908.82823
v 1294.716145 -1461.085014 1807.729018
v 1225.53778 -1327.504399 1733.214818
v 1101.038947 -1335.584155 1834.31403
cstype bspline
deg 1
curv 0 5 13269 13270 13271 13272 13273
parm u 0 0 1 2 3 4
end
v 1102.690055 -1333.502043 1836.5137
v 1171.86873 -1467.082266 1911.028314
v 1296.367696 -1459.002343 1809.929279
v 1227.189021 -1325.42212 1735.414665
v 1102.690055 -1333.502043 1836.5137
cstype bspline
deg 1
curv 0 5 13274 13275 13276 13277 13278
parm u 0 0 1 2 3 4
end
v 822.551125 -1165.985904 2320.683437
v 881.50623 -1295.832606 2408.287838
v 750.013752 -1293.46941 2500.281003
v 691.058647 -1163.622708 2412.676602
v 822.551125 -1165.985904 2320.683437
cstype bspline
deg 1
curv 0 5 13279 13280 13281 13282 13283
parm u 0 0 1 2 3 4
end
v 824.111885 -1163.809848 2322.858427
v 883.067026 -1293.656501 2410.462877
v 751.574761 -1291.293006 2502.45634
v 692.619621 -1161.446354 2414.85189
v 824.111885 -1163.809848 2322.858427
cstype bspline
deg 1
curv 0 5 13284 13285 13286 13287 13288
parm u 0 0 1 2 3 4
end
v -1923.311092 -698.106544 1324.230856
v -2066.44907 -720.837102 1407.949449
v -2125.006555 -805.137369 1284.942219
v -1981.868576 -782.406812 1201.223627
v -1923.311092 -698.106544 1324.230856
cstype bspline
deg 1
curv 0 5 13289 13290 13291 13292 13293
parm u 0 0 1 2 3 4
end
v -1924.57882 -695.210547 1322.849651
v -2067.716807 -717.941085 1406.568234
v -2126.2743 -802.241334 1283.560995
v -1983.136313 -779.510796 1199.842412
v -1924.57882 -695.210547 1322.849651
cstype bspline
deg 1
curv 0 5 13294 13295 13296 13297 13298
parm u 0 0 1 2 3 4
end
v -2062.386452 -559.996549 1462.07913
v -1925.869785 -528.324787 1370.125614
v -1854.103571 -464.999202 1498.483045
v -1990.620239 -496.670965 1590.436561
v -2062.386452 -559.996549 1462.07913
cstype bspline
deg 1
curv 0 5 13299 13300 13301 13302 13303
parm u 0 0 1 2 3 4
end
v -2063.657548 -556.895802 1461.260062
v -1927.141253 -525.223131 1369.306306
v -1855.374881 -461.897934 1497.66384
v -1991.891176 -493.570605 1589.617596
v -2063.657548 -556.895802 1461.260062
cstype bspline
deg 1
curv 0 5 13304 13305 13306 13307 13308
parm u 0 0 1 2 3 4
end
v -2045.104173 -250.053307 1336.146066
v -2168.983855 -309.827725 1434.904302
v -2091.425894 -254.90195 1565.435307
v -1967.546212 -195.127533 1466.677071
v -2045.104173 -250.053307 1336.146066
cstype bspline
deg 1
curv 0 5 13309 13310 13311 13312 13313
parm u 0 0 1 2 3 4
end
v -2046.773364 -247.046052 1335.872457
v -2170.652931 -306.820678 1434.630712
v -2093.094657 -251.895468 1565.161768
v -1969.21509 -192.120843 1466.403513
v -2046.773364 -247.046052 1335.872457
cstype bspline
deg 1
curv 0 5 13314 13315 13316 13317 13318
parm u 0 0 1 2 3 4
end
v 362.883158 -2000.741792 966.157065
v 409.402567 -2151.446415 1023.41501
v 559.324198 -2124.295231 973.073404
v 512.804789 -1973.590609 915.815459
v 362.883158 -2000.741792 966.157065
cstype bspline
deg 1
curv 0 5 13319 13320 13321 13322 13323
parm u 0 0 1 2 3 4
end
v 362.110242 -2002.141791 963.100179
v 408.629638 -2152.846437 1020.358075
v 558.551274 -2125.695247 970.016483
v 512.031877 -1974.990601 912.758588
v 362.110242 -2002.141791 963.100179
cstype bspline
deg 1
curv 0 5 13324 13325 13326 13327 13328
parm u 0 0 1 2 3 4
end
v 541.961768 1226.411557 1675.008788
v 634.683224 1343.148748 1752.041734
v 685.565779 1233.037541 1857.661069
v 592.844323 1116.300349 1780.628123
v 541.961768 1226.411557 1675.008788
cstype bspline
deg 1
curv 0 5 13329 13330 13331 13332 13333
parm u 0 0 1 2 3 4
end
v 544.622185 1225.660734 1672.944368
v 637.34354 1342.397954 1749.977393
v 688.226039 1232.286762 1855.596772
v 595.504684 1115.549542 1778.563747
v 544.622185 1225.660734 1672.944368
cstype bspline
deg 1
curv 0 5 13334 13335 13336 13337 13338
parm u 0 0 1 2 3 4
end
v -880.876998 -2242.351055 1140.019108
v -856.494522 -2085.84366 1087.4604
v -767.75914 -2140.512103 965.835889
v -792.141617 -2297.019498 1018.394597
v -880.876998 -2242.351055 1140.019108
cstype bspline
deg 1
curv 0 5 13339 13340 13341 13342 13343
parm u 0 0 1 2 3 4
end
v -883.704548 -2242.570244 1138.05469
v -859.322105 -2086.062852 1085.495959
v -770.586619 -2140.731287 963.87152
v -794.969063 -2297.238679 1016.430251
v -883.704548 -2242.570244 1138.05469
cstype bspline
deg 1
curv 0 5 13344 13345 13346 13347 13348
parm u 0 0 1 2 3 4
end
v 931.934261 -1724.615154 1611.338171
v 876.519704 -1582.252369 1543.503624
v 742.412108 -1593.170009 1630.144541
v 797.826665 -1735.532794 1697.979088
v 931.934261 -1724.615154 1611.338171
cstype bspline
deg 1
curv 0 5 13349 13350 13351 13352 13353
parm u 0 0 1 2 3 4
end
v 933.42955 -1722.822657 1613.878547
v 878.015146 -1580.459688 1546.044261
v 743.907416 -1591.377491 1632.684948
v 799.321819 -1733.740459 1700.519234
v 933.42955 -1722.822657 1613.878547
cstype bspline
deg 1
curv 0 5 13354 13355 13356 13357 13358
parm u 0 0 1 2 3 4
end
v 841.70199 -1468.061686 1800.657009
v 900.414301 -1606.714624 1873.184384
v 1034.472932 -1595.361118 1786.366198
v 975.760621 -1456.70818 1713.838823
v 841.70199 -1468.061686 1800.657009
cstype bspline
deg 1
curv 0 5 13359 13360 13361 13362 13363
parm u 0 0 1 2 3 4
end
v 843.1476 -1466.151209 1803.139065
v 901.860045 -1604.80397 1875.66667
v 1035.91874 -1593.45038 1788.848594
v 977.206295 -1454.797619 1716.320989
v 843.1476 -1466.151209 1803.139065
cstype bspline
deg 1
curv 0 5 13364 13365 13366 13367 13368
parm u 0 0 1 2 3 4
end
v -128.239884 -2055.03764 1133.110924
v -98.466756 -2208.500971 1193.767616
v 47.57718 -2206.482017 1127.190471
v 17.804053 -2053.018687 1066.533778
v -128.239884 -2055.03764 1133.110924
cstype bspline
deg 1
curv 0 5 13369 13370 13371 13372 13373
parm u 0 0 1 2 3 4
end
v -129.533864 -2056.427257 1130.230307
v -99.76066 -2209.890505 1190.887169
v 46.283253 -2207.871577 1124.309971
v 16.510049 -2054.408329 1063.653108
v -129.533864 -2056.427257 1130.230307
cstype bspline
deg 1
curv 0 5 13374 13375 13376 13377 13378
parm u 0 0 1 2 3 4
end
v 734.119452 -1598.980536 1623.503383
v 784.967053 -1742.194809 1693.344414
v 638.707814 -1764.043022 1755.026715
v 587.860213 -1620.828749 1685.185684
v 734.119452 -1598.980536 1623.503383
cstype bspline
deg 1
curv 0 5 13379 13380 13381 13382 13383
parm u 0 0 1 2 3 4
end
v 733.178654 -1600.699342 1620.663787
v 784.026244 -1743.913634 1690.504785
v 637.767034 -1765.761794 1752.187173
v 586.919444 -1622.547502 1682.346175
v 733.178654 -1600.699342 1620.663787
cstype bspline
deg 1
curv 0 5 13384 13385 13386 13387 13388
parm u 0 0 1 2 3 4
end
v 662.176819 -1726.243608 1404.22626
v 715.470406 -1871.552308 1467.455594
v 860.693135 -1845.334117 1405.305501
v 807.399548 -1700.025417 1342.076168
v 662.176819 -1726.243608 1404.22626
cstype bspline
deg 1
curv 0 5 13389 13390 13391 13392 13393
parm u 0 0 1 2 3 4
end
v 661.226653 -1727.853747 1401.326815
v 714.520203 -1873.16251 1464.556036
v 859.742938 -1846.944309 1402.405962
v 806.449388 -1701.635547 1339.17674
v 661.226653 -1727.853747 1401.326815
cstype bspline
deg 1
curv 0 5 13394 13395 13396 13397 13398
parm u 0 0 1 2 3 4
end
v 632.15396 -2001.97116 1224.551197
v 584.131605 -1853.532733 1163.981207
v 434.674416 -1881.302779 1214.421104
v 482.69677 -2029.741207 1274.991094
v 632.15396 -2001.97116 1224.551197
cstype bspline
deg 1
curv 0 5 13399 13400 13401 13402 13403
parm u 0 0 1 2 3 4
end
v 632.901161 -2000.494192 1227.578381
v 584.878808 -1852.055763 1167.008395
v 435.42157 -1879.825905 1217.448096
v 483.443923 -2028.264334 1278.018083
v 632.901161 -2000.494192 1227.578381
cstype bspline
deg 1
curv 0 5 13404 13405 13406 13407 13408
parm u 0 0 1 2 3 4
end
v -982.66009 2859.89287 1522.327665
v -983.174144 3011.105646 1592.991502
v -1143.247124 3014.091244 1585.438181
v -1142.73307 2862.878468 1514.774343
v -982.66009 2859.89287 1522.327665
cstype bspline
deg 1
curv 0 5 13409 13410 13411 13412 13413
parm u 0 0 1 2 3 4
end
v -982.834565 2858.433778 1525.448679
v -983.348631 3009.646451 1596.112736
v -1143.421634 3012.631854 1588.559832
v -1142.907568 2861.419181 1517.895775
v -982.834565 2858.433778 1525.448679
cstype bspline
deg 1
curv 0 5 13414 13415 13416 13417 13418
parm u 0 0 1 2 3 4
end
v 1018.933992 -1454.272386 2060.221371
v 953.400153 -1319.135709 1983.046112
v 1071.718361 -1324.294054 1873.54304
v 1137.2522 -1459.430731 1950.7183
v 1018.933992 -1454.272386 2060.221371
cstype bspline
deg 1
curv 0 5 13419 13420 13421 13422 13423
parm u 0 0 1 2 3 4
end
v 1017.008933 -1456.338237 2058.23865
v 951.475294 -1321.201346 1981.063596
v 1069.793652 -1326.359529 1871.560679
v 1135.327291 -1461.496421 1948.735733
v 1017.008933 -1456.338237 2058.23865
cstype bspline
deg 1
curv 0 5 13424 13425 13426 13427 13428
parm u 0 0 1 2 3 4
end
v -2102.995474 -474.298051 1117.705967
v -2238.178106 -520.76564 1205.606716
v -2170.936397 -463.187957 1339.455489
v -2035.753765 -416.720368 1251.55474
v -2102.995474 -474.298051 1117.705967
cstype bspline
deg 1
curv 0 5 13429 13430 13431 13432 13433
parm u 0 0 1 2 3 4
end
v -2101.55009 -477.373737 1118.302924
v -2236.732952 -523.840839 1206.203578
v -2169.491368 -466.262888 1340.052298
v -2034.308507 -419.795787 1252.151644
v -2101.55009 -477.373737 1118.302924
cstype bspline
deg 1
curv 0 5 13434 13435 13436 13437 13438
parm u 0 0 1 2 3 4
end
v -621.834343 -2283.585505 1100.339343
v -618.170236 -2125.983747 1044.852502
v -509.17728 -2167.214591 934.940105
v -512.841387 -2324.81635 990.426946
v -621.834343 -2283.585505 1100.339343
cstype bspline
deg 1
curv 0 5 13439 13440 13441 13442 13443
parm u 0 0 1 2 3 4
end
v -619.307133 -2282.85801 1102.572514
v -615.643646 -2125.25643 1047.085125
v -506.650626 -2166.487256 937.172784
v -510.314113 -2324.088836 992.660173
v -619.307133 -2282.85801 1102.572514
cstype bspline
deg 1
curv 0 5 13444 13445 13446 13447 13448
parm u 0 0 1 2 3 4
end
v -371.074416 -2117.509554 1052.813563
v -355.897911 -2273.721011 1110.74834
v -230.096259 -2297.322151 1014.156999
v -245.272763 -2141.110695 956.222222
v -371.074416 -2117.509554 1052.813563
cstype bspline
deg 1
curv 0 5 13449 13450 13451 13452 13453
parm u 0 0 1 2 3 4
end
v -373.190569 -2118.635292 1050.33255
v -358.014 -2274.846714 1108.267403
v -232.2128 -2298.448095 1011.675532
v -247.389369 -2142.236673 953.740679
v -373.190569 -2118.635292 1050.33255
cstype bspline
deg 1
curv 0 5 13454 13455 13456 13457 13458
parm u 0 0 1 2 3 4
end
v 591.99805 -1842.270532 1183.828161
v 643.54937 -1990.442493 1243.158619
v 789.219731 -1964.649735 1181.002754
v 737.668411 -1816.477774 1121.672297
v 591.99805 -1842.270532 1183.828161
cstype bspline
deg 1
curv 0 5 13459 13460 13461 13462 13463
parm u 0 0 1 2 3 4
end
v 591.01368 -1843.789087 1180.89102
v 642.564982 -1991.961076 1240.221423
v 788.235289 -1966.168402 1178.065397
v 736.683987 -1817.996413 1118.734994
v 591.01368 -1843.789087 1180.89102
cstype bspline
deg 1
curv 0 5 13464 13465 13466 13467 13468
parm u 0 0 1 2 3 4
end
v -736.111328 2981.300808 1235.86486
v -732.870046 3135.77166 1299.186421
v -890.967587 3148.213102 1276.928577
v -894.208868 2993.742249 1213.607016
v -736.111328 2981.300808 1235.86486
cstype bspline
deg 1
curv 0 5 13469 13470 13471 13472 13473
parm u 0 0 1 2 3 4
end
v -736.656555 2980.018519 1239.020865
v -733.415288 3134.489338 1302.34251
v -891.512842 3146.930746 1280.084746
v -894.754109 2992.459928 1216.763101
v -736.656555 2980.018519 1239.020865
cstype bspline
deg 1
curv 0 5 13474 13475 13476 13477 13478
parm u 0 0 1 2 3 4
end
v -736.367146 2451.285306 2025.6666
v -698.037567 2565.662922 2142.726115
v -853.855496 2592.087523 2167.927422
v -892.185075 2477.709907 2050.867907
v -736.367146 2451.285306 2025.6666
cstype bspline
deg 1
curv 0 5 13479 13480 13481 13482 13483
parm u 0 0 1 2 3 4
end
v -736.340102 2453.748414 2023.251078
v -698.010525 2568.125765 2140.310853
v -853.828451 2594.5507 2165.511833
v -892.158027 2480.173349 2048.452058
v -736.340102 2453.748414 2023.251078
cstype bspline
deg 1
curv 0 5 13484 13485 13486 13487 13488
parm u 0 0 1 2 3 4
end
v 217.218523 2018.191411 1488.43676
v 365.545382 2049.18414 1558.664375
v 328.978881 2204.80211 1567.218968
v 180.652023 2173.809382 1496.991353
v 217.218523 2018.191411 1488.43676
cstype bspline
deg 1
curv 0 5 13489 13490 13491 13492 13493
parm u 0 0 1 2 3 4
end
v 215.842541 2017.696321 1491.561439
v 364.169335 2048.689027 1561.789201
v 327.602876 2204.307012 1570.343699
v 179.276082 2173.314307 1500.115938
v 215.842541 2017.696321 1491.561439
cstype bspline
deg 1
curv 0 5 13494 13495 13496 13497 13498
parm u 0 0 1 2 3 4
end
v 774.174103 -1334.377682 2084.965912
v 831.535042 -1470.08835 2166.567872
v 967.556162 -1464.38014 2080.446973
v 910.195223 -1328.669472 1998.845013
v 774.174103 -1334.377682 2084.965912
cstype bspline
deg 1
curv 0 5 13499 13500 13501 13502 13503
parm u 0 0 1 2 3 4
end
v 772.747136 -1336.417303 2082.576943
v 830.10828 -1472.12768 2164.179245
v 966.129387 -1466.419487 2078.058326
v 908.768244 -1330.70911 1996.456025
v 772.747136 -1336.417303 2082.576943
cstype bspline
deg 1
curv 0 5 13504 13505 13506 13507 13508
parm u 0 0 1 2 3 4
end
v -1409.913721 -660.229482 2019.051348
v -1531.585315 -676.286518 2134.151592
v -1464.821663 -558.236805 2221.195442
v -1343.150069 -542.17977 2106.095198
v -1409.913721 -660.229482 2019.051348
cstype bspline
deg 1
curv 0 5 13509 13510 13511 13512 13513
parm u 0 0 1 2 3 4
end
v -1408.006714 -662.555192 2020.74281
v -1529.678814 -678.611611 2135.842605
v -1462.915279 -560.561756 2222.886352
v -1341.243179 -544.505338 2107.786557
v -1408.006714 -662.555192 2020.74281
cstype bspline
deg 1
curv 0 5 13514 13515 13516 13517 13518
parm u 0 0 1 2 3 4
end
v 197.218785 -2368.769104 598.194738
v 157.811389 -2214.395543 543.683811
v 193.333946 -2154.179894 688.532802
v 232.741342 -2308.553455 743.043728
v 197.218785 -2368.769104 598.194738
cstype bspline
deg 1
curv 0 5 13519 13520 13521 13522 13523
parm u 0 0 1 2 3 4
end
v 193.952042 -2369.249597 599.195625
v 154.544407 -2214.876071 544.684771
v 190.067297 -2154.660373 689.53366
v 229.474931 -2309.033899 744.044514
v 193.952042 -2369.249597 599.195625
cstype bspline
deg 1
curv 0 5 13524 13525 13526 13527 13528
parm u 0 0 1 2 3 4
end
v 1198.601655 1380.28106 605.990685
v 1240.713748 1534.619507 661.414747
v 1298.412334 1469.864511 797.896573
v 1256.300242 1315.526064 742.47251
v 1198.601655 1380.28106 605.990685
cstype bspline
deg 1
curv 0 5 13529 13530 13531 13532 13533
parm u 0 0 1 2 3 4
end
v 1195.495526 1380.602283 607.456234
v 1237.607152 1534.940778 662.880517
v 1295.305951 1470.18576 799.362242
v 1253.194326 1315.847266 743.937959
v 1195.495526 1380.602283 607.456234
cstype bspline
deg 1
curv 0 5 13534 13535 13536 13537 13538
parm u 0 0 1 2 3 4
end
v -2163.484723 -746.111027 881.296631
v -2306.727491 -781.229029 961.032842
v -2253.433024 -703.427076 1091.040226
v -2110.190256 -668.309073 1011.304014
v -2163.484723 -746.111027 881.296631
cstype bspline
deg 1
curv 0 5 13539 13540 13541 13542 13543
parm u 0 0 1 2 3 4
end
v -2162.105175 -749.040948 882.48449
v -2305.347726 -784.159414 962.220889
v -2252.053154 -706.357681 1092.228362
v -2108.810604 -671.239215 1012.491963
v -2162.105175 -749.040948 882.48449
cstype bspline
deg 1
curv 0 5 13544 13545 13546 13547 13548
parm u 0 0 1 2 3 4
end
v 1165.117335 -941.142463 2364.709564
v 1238.092803 -1058.038945 2474.84278
v 1131.477553 -1012.824753 2593.477996
v 1058.502084 -895.928271 2483.34478
v 1165.117335 -941.142463 2364.709564
cstype bspline
deg 1
curv 0 5 13549 13550 13551 13552 13553
parm u 0 0 1 2 3 4
end
v 1162.894131 -943.548689 2363.628678
v 1235.869339 -1060.445453 2473.761768
v 1129.254244 -1015.231092 2592.39706
v 1056.279036 -898.334328 2482.26397
v 1162.894131 -943.548689 2363.628678
cstype bspline
deg 1
curv 0 5 13554 13555 13556 13557 13558
parm u 0 0 1 2 3 4
end
v -1208.565168 -2224.028589 910.270516
v -1152.823309 -2071.477437 869.042633
v -1074.103635 -2134.030755 744.015599
v -1129.845493 -2286.581908 785.243482
v -1208.565168 -2224.028589 910.270516
cstype bspline
deg 1
curv 0 5 13559 13560 13561 13562 13563
parm u 0 0 1 2 3 4
end
v -1205.786971 -2224.506399 912.25879
v -1150.044897 -2071.955284 871.031061
v -1071.325079 -2134.508627 746.00413
v -1127.067153 -2287.059743 787.231858
v -1205.786971 -2224.506399 912.25879
cstype bspline
deg 1
curv 0 5 13564 13565 13566 13567 13568
parm u 0 0 1 2 3 4
end
v 2391.959669 -809.864968 801.878458
v 2516.827739 -909.712251 853.853102
v 2446.758918 -921.823917 998.924641
v 2321.890847 -821.976634 946.949997
v 2391.959669 -809.864968 801.878458
cstype bspline
deg 1
curv 0 5 13569 13570 13571 13572 13573
parm u 0 0 1 2 3 4
end
v 2393.719683 -807.1013 802.959274
v 2518.587765 -906.948567 854.933924
v 2448.518818 -919.06043 1000.005386
v 2323.650737 -819.213163 948.030736
v 2393.719683 -807.1013 802.959274
cstype bspline
deg 1
curv 0 5 13574 13575 13576 13577 13578
parm u 0 0 1 2 3 4
end
v 1566.443699 1208.482515 796.067197
v 1616.145927 1359.597793 847.770253
v 1546.709753 1426.365506 719.373801
v 1497.007525 1275.250228 667.670745
v 1566.443699 1208.482515 796.067197
cstype bspline
deg 1
curv 0 5 13579 13580 13581 13582 13583
parm u 0 0 1 2 3 4
end
v 1569.380399 1208.123827 794.292526
v 1619.082296 1359.239145 845.995782
v 1549.64625 1426.006842 717.599252
v 1499.944353 1274.891524 665.895996
v 1569.380399 1208.123827 794.292526
cstype bspline
deg 1
curv 0 5 13584 13585 13586 13587 13588
parm u 0 0 1 2 3 4
end
v -1054.588796 2488.482254 2088.677753
v -1020.971877 2606.524503 2201.804801
v -864.757495 2595.077922 2167.327934
v -898.374414 2477.035673 2054.200887
v -1054.588796 2488.482254 2088.677753
cstype bspline
deg 1
curv 0 5 13589 13590 13591 13592 13593
parm u 0 0 1 2 3 4
end
v -1054.946365 2490.908844 2086.251995
v -1021.329418 2608.950902 2199.379233
v -865.115067 2597.504532 2164.902157
v -898.732014 2479.462473 2051.774919
v -1054.946365 2490.908844 2086.251995
cstype bspline
deg 1
curv 0 5 13594 13595 13596 13597 13598
parm u 0 0 1 2 3 4
end
v 1188.578409 -1197.536686 1985.25562
v 1258.963692 -1323.694316 2069.17623
v 1141.013689 -1317.6407 2177.202782
v 1070.628406 -1191.48307 2093.282172
v 1188.578409 -1197.536686 1985.25562
cstype bspline
deg 1
curv 0 5 13599 13600 13601 13602 13603
parm u 0 0 1 2 3 4
end
v 1190.402354 -1195.278532 1987.120562
v 1260.787223 -1321.436675 2071.040749
v 1142.837377 -1315.382865 2179.067462
v 1072.452509 -1189.224721 2095.147276
v 1190.402354 -1195.278532 1987.120562
cstype bspline
deg 1
curv 0 5 13604 13605 13606 13607 13608
parm u 0 0 1 2 3 4
end
v -415.646656 2690.716168 1928.42906
v -447.292636 2571.081871 1815.501881
v -587.824708 2540.853057 1886.907882
v -556.178727 2660.487354 1999.83506
v -415.646656 2690.716168 1928.42906
cstype bspline
deg 1
curv 0 5 13609 13610 13611 13612 13613
parm u 0 0 1 2 3 4
end
v -414.11265 2688.390125 1930.463369
v -445.758721 2568.755965 1817.53607
v -586.290588 2538.526841 1888.942341
v -554.644517 2658.161002 2001.869639
v -414.11265 2688.390125 1930.463369
cstype bspline
deg 1
curv 0 5 13614 13615 13616 13617 13618
parm u 0 0 1 2 3 4
end
v 1388.358964 1292.448641 706.162253
v 1429.538459 1444.980562 762.077279
v 1499.422087 1378.86174 890.977487
v 1458.242593 1226.329818 835.062461
v 1388.358964 1292.448641 706.162253
cstype bspline
deg 1
curv 0 5 13619 13620 13621 13622 13623
parm u 0 0 1 2 3 4
end
v 1391.348672 1292.269385 704.449437
v 1432.528092 1444.801311 760.364506
v 1502.41136 1378.682511 889.26492
v 1461.23194 1226.150585 833.349851
v 1391.348672 1292.269385 704.449437
cstype bspline
deg 1
curv 0 5 13624 13625 13626 13627 13628
parm u 0 0 1 2 3 4
end
v 1178.451818 -1256.375507 2232.378711
v 1106.58781 -1134.326308 2142.974861
v 1055.880274 -1064.844188 2278.587409
v 1127.744282 -1186.893387 2367.991259
v 1178.451818 -1256.375507 2232.378711
cstype bspline
deg 1
curv 0 5 13629 13630 13631 13632 13633
parm u 0 0 1 2 3 4
end
v 1181.371831 -1254.543814 2232.532085
v 1109.507664 -1132.494715 2143.128227
v 1058.799464 -1063.013011 2278.74074
v 1130.663631 -1185.06211 2368.144598
v 1181.371831 -1254.543814 2232.532085
cstype bspline
deg 1
curv 0 5 13634 13635 13636 13637 13638
parm u 0 0 1 2 3 4
end
v 821.648769 777.651395 2067.691792
v 893.94233 901.706209 2153.725403
v 850.441451 1005.972294 2039.934104
v 778.14789 881.91748 1953.900493
v 821.648769 777.651395 2067.691792
cstype bspline
deg 1
curv 0 5 13639 13640 13641 13642 13643
parm u 0 0 1 2 3 4
end
v 824.616543 777.075007 2066.029114
v 896.909856 901.129869 2152.062864
v 853.409026 1005.395945 2038.271537
v 781.115713 881.341082 1952.237787
v 824.616543 777.075007 2066.029114
cstype bspline
deg 1
curv 0 5 13644 13645 13646 13647 13648
parm u 0 0 1 2 3 4
end
v -898.095298 -2337.049384 831.264526
v -866.110568 -2179.531723 784.750943
v -797.393434 -2233.217564 650.197362
v -829.378163 -2390.735225 696.710945
v -898.095298 -2337.049384 831.264526
cstype bspline
deg 1
curv 0 5 13649 13650 13651 13652 13653
parm u 0 0 1 2 3 4
end
v -895.048522 -2337.191799 832.877347
v -863.063612 -2179.674147 786.36386
v -794.346627 -2233.35998 651.810199
v -826.331538 -2390.877633 698.323686
v -895.048522 -2337.191799 832.877347
cstype bspline
deg 1
curv 0 5 13654 13655 13656 13657 13658
parm u 0 0 1 2 3 4
end
v 2223.041768 -951.027035 916.012899
v 2341.971418 -1064.048733 960.102489
v 2409.619008 -1049.904109 813.885325
v 2290.689359 -936.882411 769.795735
v 2223.041768 -951.027035 916.012899
cstype bspline
deg 1
curv 0 5 13659 13660 13661 13662 13663
parm u 0 0 1 2 3 4
end
v 2225.038502 -948.469026 917.184155
v 2343.96807 -1061.490829 961.273696
v 2411.615874 -1047.345931 815.056657
v 2292.686306 -934.324128 770.967116
v 2225.038502 -948.469026 917.184155
cstype bspline
deg 1
curv 0 5 13664 13665 13666 13667 13668
parm u 0 0 1 2 3 4
end
v 103.925999 -2203.658264 1103.215806
v 67.151952 -2050.960267 1045.032572
v 143.025657 -2084.990138 907.768347
v 179.799704 -2237.688136 965.95158
v 103.925999 -2203.658264 1103.215806
cstype bspline
deg 1
curv 0 5 13669 13670 13671 13672 13673
parm u 0 0 1 2 3 4
end
v 100.981874 -2204.872664 1101.889494
v 64.207818 -2052.174671 1043.706257
v 140.081363 -2086.204609 906.441959
v 176.855419 -2238.902602 964.625197
v 100.981874 -2204.872664 1101.889494
cstype bspline
deg 1
curv 0 5 13674 13675 13676 13677 13678
parm u 0 0 1 2 3 4
end
v 1442.733829 -1165.606007 2139.092628
v 1366.030947 -1045.95415 2050.763328
v 1300.641944 -988.252037 2185.709377
v 1377.344826 -1107.903895 2274.038676
v 1442.733829 -1165.606007 2139.092628
cstype bspline
deg 1
curv 0 5 13679 13680 13681 13682 13683
parm u 0 0 1 2 3 4
end
v 1445.459897 -1163.536548 2139.528686
v 1368.75687 -1043.8848 2051.199363
v 1303.3675 -986.182967 2186.145353
v 1380.070527 -1105.834715 2274.474675
v 1445.459897 -1163.536548 2139.528686
cstype bspline
deg 1
curv 0 5 13684 13685 13686 13687 13688
parm u 0 0 1 2 3 4
end
v -1012.025133 -2366.415405 629.014657
v -963.853306 -2210.334496 589.502957
v -1032.055123 -2155.244548 723.971555
v -1080.22695 -2311.325457 763.483256
v -1012.025133 -2366.415405 629.014657
cstype bspline
deg 1
curv 0 5 13689 13690 13691 13692 13693
parm u 0 0 1 2 3 4
end
v -1009.062777 -2366.899168 630.71534
v -960.890709 -2210.818298 591.203777
v -1029.092469 -2155.72836 725.672408
v -1077.264537 -2311.809229 765.183971
v -1009.062777 -2366.899168 630.71534
cstype bspline
deg 1
curv 0 5 13694 13695 13696 13697 13698
parm u 0 0 1 2 3 4
end
v -597.891659 2466.979689 1964.420611
v -559.935918 2576.328079 2084.746791
v -683.937791 2524.03758 2171.381843
v -721.893532 2414.68919 2051.055664
v -597.891659 2466.979689 1964.420611
cstype bspline
deg 1
curv 0 5 13699 13700 13701 13702 13703
parm u 0 0 1 2 3 4
end
v -599.926941 2469.330445 1962.926327
v -561.971318 2578.678973 2083.252419
v -685.973338 2526.388642 2169.887365
v -723.92896 2417.040115 2049.561272
v -599.926941 2469.330445 1962.926327
cstype bspline
deg 1
curv 0 5 13704 13705 13706 13707 13708
parm u 0 0 1 2 3 4
end
v -1358.498471 -399.769256 2110.109623
v -1477.837442 -423.396366 2224.813027
v -1589.891054 -386.884091 2115.751894
v -1470.552083 -363.256981 2001.04849
v -1358.498471 -399.769256 2110.109623
cstype bspline
deg 1
curv 0 5 13709 13710 13711 13712 13713
parm u 0 0 1 2 3 4
end
v -1358.291433 -396.445349 2111.009695
v -1477.630389 -420.072229 2225.713161
v -1589.684022 -383.560293 2116.651936
v -1470.345065 -359.933413 2001.94847
v -1358.291433 -396.445349 2111.009695
cstype bspline
deg 1
curv 0 5 13714 13715 13716 13717 13718
parm u 0 0 1 2 3 4
end
v -866.979453 2747.94802 1702.115071
v -851.993016 2890.264836 1788.506761
v -1011.219328 2906.548658 1789.302825
v -1026.205765 2764.231842 1702.911136
v -866.979453 2747.94802 1702.115071
cstype bspline
deg 1
curv 0 5 13719 13720 13721 13722 13723
parm u 0 0 1 2 3 4
end
v -867.146252 2746.172676 1705.0686
v -852.159824 2888.489394 1791.460453
v -1011.386128 2904.773297 1792.256382
v -1026.372556 2762.456579 1705.864529
v -867.146252 2746.172676 1705.0686
cstype bspline
deg 1
curv 0 5 13724 13725 13726 13727 13728
parm u 0 0 1 2 3 4
end
v 1040.227123 -1324.164086 2248.884216
v 974.290728 -1196.156358 2163.007864
v 877.79407 -1162.630838 2287.071907
v 943.730464 -1290.638566 2372.948259
v 1040.227123 -1324.164086 2248.884216
cstype bspline
deg 1
curv 0 5 13729 13730 13731 13732 13733
parm u 0 0 1 2 3 4
end
v 1042.628892 -1322.055899 2250.182608
v 976.692682 -1194.048009 2164.306356
v 880.196202 -1160.522333 2288.370495
v 946.132412 -1288.530222 2374.246747
v 1042.628892 -1322.055899 2250.182608
cstype bspline
deg 1
curv 0 5 13734 13735 13736 13737 13738
parm u 0 0 1 2 3 4
end
v 1392.435949 1372.153303 975.40777
v 1351.994783 1221.239213 916.023284
v 1265.820413 1290.065533 799.799839
v 1306.261579 1440.979623 859.184325
v 1392.435949 1372.153303 975.40777
cstype bspline
deg 1
curv 0 5 13739 13740 13741 13742 13743
parm u 0 0 1 2 3 4
end
v 1389.649159 1372.099538 977.442192
v 1349.208421 1221.185456 918.057393
v 1263.03452 1290.011785 801.833605
v 1303.475258 1440.925868 861.218404
v 1389.649159 1372.099538 977.442192
cstype bspline
deg 1
curv 0 5 13744 13745 13746 13747 13748
parm u 0 0 1 2 3 4
end
v -651.768513 2868.003707 1455.877254
v -638.09729 3015.480907 1533.553709
v -795.96418 3037.532908 1519.470497
v -809.635402 2890.055708 1441.794042
v -651.768513 2868.003707 1455.877254
cstype bspline
deg 1
curv 0 5 13749 13750 13751 13752 13753
parm u 0 0 1 2 3 4
end
v -652.257086 2866.447699 1458.9175
v -638.58584 3013.924971 1536.593815
v -796.452733 3035.976962 1522.510623
v -810.123978 2888.499691 1444.834308
v -652.257086 2866.447699 1458.9175
cstype bspline
deg 1
curv 0 5 13754 13755 13756 13757 13758
parm u 0 0 1 2 3 4
end
v 1380.139724 1301.580501 689.399734
v 1423.643822 1454.039184 743.15257
v 1366.293405 1518.198491 607.593859
v 1322.789306 1365.739807 553.841023
v 1380.139724 1301.580501 689.399734
cstype bspline
deg 1
curv 0 5 13759 13760 13761 13762 13763
parm u 0 0 1 2 3 4
end
v 1377.044095 1301.941822 690.880407
v 1420.549316 1454.400374 744.632706
v 1363.198785 1518.559694 609.074049
v 1319.693564 1366.101141 555.32175
v 1377.044095 1301.941822 690.880407
cstype bspline
deg 1
curv 0 5 13764 13765 13766 13767 13768
parm u 0 0 1 2 3 4
end
v -279.598516 685.617187 2646.958823
v -284.440288 752.475632 2801.494754
v -428.354221 816.84103 2769.138726
v -423.512449 749.982585 2614.602796
v -279.598516 685.617187 2646.958823
cstype bspline
deg 1
curv 0 5 13769 13770 13771 13772 13773
parm u 0 0 1 2 3 4
end
v -281.139558 682.767128 2648.143603
v -285.981081 749.626031 2802.679343
v -429.895357 813.990797 2770.323578
v -425.053833 747.131894 2615.787839
v -281.139558 682.767128 2648.143603
cstype bspline
deg 1
curv 0 5 13774 13775 13776 13777 13778
parm u 0 0 1 2 3 4
end
v 214.806027 -1781.810397 1591.014292
v 255.574299 -1929.259387 1659.038593
v 336.19597 -1968.384472 1525.913218
v 295.427697 -1820.935482 1457.888918
v 214.806027 -1781.810397 1591.014292
cstype bspline
deg 1
curv 0 5 13779 13780 13781 13782 13783
parm u 0 0 1 2 3 4
end
v 211.944011 -1783.211375 1589.692797
v 252.712184 -1930.660414 1657.717052
v 333.33324 -1969.7858 1524.591394
v 292.565067 -1822.336761 1456.567139
v 211.944011 -1783.211375 1589.692797
cstype bspline
deg 1
curv 0 5 13784 13785 13786 13787 13788
parm u 0 0 1 2 3 4
end
v 2462.274858 -787.185548 671.140196
v 2596.900491 -880.803752 719.30131
v 2666.80674 -854.227414 575.551647
v 2532.181107 -760.609209 527.390533
v 2462.274858 -787.185548 671.140196
cstype bspline
deg 1
curv 0 5 13789 13790 13791 13792 13793
parm u 0 0 1 2 3 4
end
v 2463.792016 -784.355073 672.401288
v 2598.417655 -877.973267 720.562406
v 2668.323788 -851.397143 576.812647
v 2533.698149 -757.778949 528.651529
v 2463.792016 -784.355073 672.401288
cstype bspline
deg 1
curv 0 5 13794 13795 13796 13797 13798
parm u 0 0 1 2 3 4
end
v -1520.998445 789.953773 2369.19551
v -1578.810494 730.747004 2515.191693
v -1591.313657 584.015727 2450.735773
v -1533.501608 643.222497 2304.73959
v -1520.998445 789.953773 2369.19551
cstype bspline
deg 1
curv 0 5 13799 13800 13801 13802 13803
parm u 0 0 1 2 3 4
end
v -1517.77078 789.243773 2370.185682
v -1575.582893 730.037017 2516.181846
v -1588.086274 583.305789 2451.725858
v -1530.27416 642.512544 2305.729695
v -1517.77078 789.243773 2370.185682
cstype bspline
deg 1
curv 0 5 13804 13805 13806 13807 13808
parm u 0 0 1 2 3 4
end
v 6.656543 376.097777 2768.363704
v 2.887048 438.351525 2929.836141
v -155.820991 463.07917 2916.597735
v -152.051497 400.825422 2755.125298
v 6.656543 376.097777 2768.363704
cstype bspline
deg 1
curv 0 5 13809 13810 13811 13812 13813
parm u 0 0 1 2 3 4
end
v 7.25222 379.273077 2767.153401
v 3.482806 441.527249 2928.625677
v -155.225301 466.254537 2915.387407
v -151.455886 404.000365 2753.915131
v 7.25222 379.273077 2767.153401
cstype bspline
deg 1
curv 0 5 13814 13815 13816 13817 13818
parm u 0 0 1 2 3 4
end
v 516.660086 2131.539226 523.916316
v 670.056253 2184.011914 565.791305
v 693.711815 2048.729914 648.65551
v 540.315648 1996.257226 606.780521
v 516.660086 2131.539226 523.916316
cstype bspline
deg 1
curv 0 5 13819 13820 13821 13822 13823
parm u 0 0 1 2 3 4
end
v 517.94629 2130.0337 521.09125
v 671.342449 2182.506397 562.966257
v 694.998042 2047.224359 645.830391
v 541.601884 1994.751662 603.955384
v 517.94629 2130.0337 521.09125
cstype bspline
deg 1
curv 0 5 13824 13825 13826 13827 13828
parm u 0 0 1 2 3 4
end
v -863.862179 2749.328454 1989.073982
v -893.107949 2620.915037 1884.585066
v -735.015298 2600.767791 1865.096256
v -705.769528 2729.181207 1969.585173
v -863.862179 2749.328454 1989.073982
cstype bspline
deg 1
curv 0 5 13829 13830 13831 13832 13833
parm u 0 0 1 2 3 4
end
v -863.912982 2751.512594 1986.403972
v -893.158755 2623.099289 1881.914919
v -735.066107 2602.952181 1862.42594
v -705.820334 2731.365486 1966.914994
v -863.912982 2751.512594 1986.403972
cstype bspline
deg 1
curv 0 5 13834 13835 13836 13837 13838
parm u 0 0 1 2 3 4
end
v -533.570507 2854.667542 1762.268865
v -556.997684 2718.466325 1666.519927
v -714.761811 2746.698811 1664.960317
v -691.334634 2882.900029 1760.709255
v -533.570507 2854.667542 1762.268865
cstype bspline
deg 1
curv 0 5 13839 13840 13841 13842 13843
parm u 0 0 1 2 3 4
end
v -533.19723 2856.596773 1759.433235
v -556.624411 2720.395531 1663.684333
v -714.388526 2748.628077 1662.124635
v -690.961345 2884.82932 1757.873536
v -533.19723 2856.596773 1759.433235
cstype bspline
deg 1
curv 0 5 13844 13845 13846 13847 13848
parm u 0 0 1 2 3 4
end
v 316.871263 -1880.530053 1304.491536
v 360.901402 -2029.816264 1365.743881
v 436.682157 -2063.736832 1228.597947
v 392.652018 -1914.45062 1167.345601
v 316.871263 -1880.530053 1304.491536
cstype bspline
deg 1
curv 0 5 13849 13850 13851 13852 13853
parm u 0 0 1 2 3 4
end
v 313.969703 -1881.904228 1303.228137
v 358.000634 -2031.190064 1364.480828
v 433.781496 -2065.110581 1227.334939
v 389.750565 -1915.824745 1166.082249
v 313.969703 -1881.904228 1303.228137
cstype bspline
deg 1
curv 0 5 13854 13855 13856 13857 13858
parm u 0 0 1 2 3 4
end
v 919.573754 1093.750376 1845.178621
v 856.280667 962.451206 1762.789174
v 957.320862 865.134995 1840.255307
v 1020.613949 996.434164 1922.644754
v 919.573754 1093.750376 1845.178621
cstype bspline
deg 1
curv 0 5 13859 13860 13861 13862 13863
parm u 0 0 1 2 3 4
end
v 917.234879 1093.310405 1847.676536
v 853.941903 962.011256 1765.286971
v 954.982054 864.695037 1842.75315
v 1018.27503 995.994185 1925.142716
v 917.234879 1093.310405 1847.676536
cstype bspline
deg 1
curv 0 5 13864 13865 13866 13867 13868
parm u 0 0 1 2 3 4
end
v 639.701162 1981.460935 897.868095
v 485.933661 1932.319471 851.289526
v 473.901656 2060.491318 755.785928
v 627.669157 2109.632782 802.364496
v 639.701162 1981.460935 897.868095
cstype bspline
deg 1
curv 0 5 13869 13870 13871 13872 13873
parm u 0 0 1 2 3 4
end
v 641.066987 1979.651694 895.267949
v 487.299451 1930.510277 848.689447
v 475.267915 2058.681503 753.184956
v 629.035451 2107.822921 799.763458
v 641.066987 1979.651694 895.267949
cstype bspline
deg 1
curv 0 5 13874 13875 13876 13877 13878
parm u 0 0 1 2 3 4
end
v 1176.944409 1050.449896 1743.053948
v 1124.70692 913.334258 1661.601039
v 986.214139 986.375345 1627.464011
v 1038.451628 1123.490983 1708.91692
v 1176.944409 1050.449896 1743.053948
cstype bspline
deg 1
curv 0 5 13879 13880 13881 13882 13883
parm u 0 0 1 2 3 4
end
v 1175.5808 1049.231593 1745.979327
v 1123.34323 912.115882 1664.526592
v 984.850456 985.156975 1630.389551
v 1037.088026 1122.272686 1711.842286
v 1175.5808 1049.231593 1745.979327
cstype bspline
deg 1
curv 0 5 13884 13885 13886 13887 13888
parm u 0 0 1 2 3 4
end
v 592.339736 1074.644603 1843.001139
v 676.686818 1195.74414 1923.046868
v 734.82854 1087.449471 2025.61761
v 650.481458 966.349933 1945.571881
v 592.339736 1074.644603 1843.001139
cstype bspline
deg 1
curv 0 5 13889 13890 13891 13892 13893
parm u 0 0 1 2 3 4
end
v 595.046745 1074.131504 1840.924942
v 679.393477 1195.231108 1920.97094
v 737.535432 1086.936394 2023.541503
v 653.188699 965.83679 1943.495506
v 595.046745 1074.131504 1840.924942
cstype bspline
deg 1
curv 0 5 13894 13895 13896 13897 13898
parm u 0 0 1 2 3 4
end
v 487.347028 2008.796937 1292.901795
v 336.867717 1969.155325 1229.758557
v 315.422392 1862.951704 1347.54093
v 465.901703 1902.593316 1410.684168
v 487.347028 2008.796937 1292.901795
cstype bspline
deg 1
curv 0 5 13899 13900 13901 13902 13903
parm u 0 0 1 2 3 4
end
v 488.807335 2006.347749 1290.959265
v 338.327843 1966.706439 1227.816266
v 316.882523 1860.50281 1345.598632
v 467.362015 1900.14412 1408.741631
v 488.807335 2006.347749 1290.959265
cstype bspline
deg 1
curv 0 5 13904 13905 13906 13907 13908
parm u 0 0 1 2 3 4
end
v 204.348005 1992.929941 1521.184617
v 351.652733 2027.241272 1595.089821
v 378.13108 1870.640536 1615.017972
v 230.826351 1836.329205 1541.112768
v 204.348005 1992.929941 1521.184617
cstype bspline
deg 1
curv 0 5 13909 13910 13911 13912 13913
parm u 0 0 1 2 3 4
end
v 202.778593 1993.055235 1524.25453
v 350.083294 2027.366569 1598.159787
v 376.561778 1870.765822 1618.08767
v 229.257077 1836.454489 1544.182412
v 202.778593 1993.055235 1524.25453
cstype bspline
deg 1
curv 0 5 13914 13915 13916 13917 13918
parm u 0 0 1 2 3 4
end
v 994.15462 1168.958066 1658.181331
v 927.491791 1034.392717 1579.188544
v 823.784604 1132.479578 1499.615733
v 890.447433 1267.044926 1578.60852
v 994.15462 1168.958066 1658.181331
cstype bspline
deg 1
curv 0 5 13919 13920 13921 13922 13923
parm u 0 0 1 2 3 4
end
v 996.450565 1169.317274 1655.631833
v 929.787572 1034.751899 1576.639228
v 826.080723 1132.838812 1497.066043
v 892.743715 1267.404187 1576.058648
v 996.450565 1169.317274 1655.631833
cstype bspline
deg 1
curv 0 5 13924 13925 13926 13927 13928
parm u 0 0 1 2 3 4
end
v 301.369418 1581.364702 1914.513768
v 191.23036 1500.016276 1817.477321
v 169.164614 1391.004489 1933.91025
v 279.303671 1472.352915 2030.946698
v 301.369418 1581.364702 1914.513768
cstype bspline
deg 1
curv 0 5 13929 13930 13931 13932 13933
parm u 0 0 1 2 3 4
end
v 298.809898 1583.275114 1915.817342
v 188.670837 1501.92669 1818.780896
v 166.604921 1392.91503 1935.213912
v 276.743982 1474.263453 2032.250358
v 298.809898 1583.275114 1915.817342
cstype bspline
deg 1
curv 0 5 13934 13935 13936 13937 13938
parm u 0 0 1 2 3 4
end
v 577.476386 -1813.190577 1704.520958
v 531.476312 -1667.929889 1629.992391
v 449.422238 -1625.847685 1762.658075
v 495.422312 -1771.108374 1837.186642
v 577.476386 -1813.190577 1704.520958
cstype bspline
deg 1
curv 0 5 13939 13940 13941 13942 13943
parm u 0 0 1 2 3 4
end
v 580.297182 -1811.652501 1705.777729
v 534.297119 -1666.391806 1631.249166
v 452.243497 -1624.309356 1763.915051
v 498.24356 -1769.570051 1838.443614
v 580.297182 -1811.652501 1705.777729
cstype bspline
deg 1
curv 0 5 13944 13945 13946 13947 13948
parm u 0 0 1 2 3 4
end
v 403.763127 1234.08295 1830.099804
v 499.151146 1347.943882 1911.685026
v 566.330793 1230.203439 1997.459176
v 470.942774 1116.342507 1915.873955
v 403.763127 1234.08295 1830.099804
cstype bspline
deg 1
curv 0 5 13949 13950 13951 13952 13953
parm u 0 0 1 2 3 4
end
v 401.304796 1234.425703 1832.495688
v 496.692699 1348.286651 1914.081022
v 563.872182 1230.546231 1999.855333
v 468.484279 1116.685282 1918.269998
v 401.304796 1234.425703 1832.495688
cstype bspline
deg 1
curv 0 5 13954 13955 13956 13957 13958
parm u 0 0 1 2 3 4
end
v 353.29365 1869.185531 1661.887945
v 212.268235 1821.618059 1581.138715
v 236.05792 1669.931103 1628.946166
v 377.083336 1717.498576 1709.695396
v 353.29365 1869.185531 1661.887945
cstype bspline
deg 1
curv 0 5 13959 13960 13961 13962 13963
parm u 0 0 1 2 3 4
end
v 355.133697 1868.574693 1659.034212
v 214.108381 1821.007188 1578.284829
v 237.897964 1669.320266 1626.092439
v 378.92328 1716.887772 1706.841822
v 355.133697 1868.574693 1659.034212
cstype bspline
deg 1
curv 0 5 13964 13965 13966 13967 13968
parm u 0 0 1 2 3 4
end
v 210.887466 1651.302929 1679.594865
v 339.920117 1715.938622 1767.986217
v 347.769951 1580.573323 1855.512258
v 218.7373 1515.93763 1767.120906
v 210.887466 1651.302929 1679.594865
cstype bspline
deg 1
curv 0 5 13969 13970 13971 13972 13973
parm u 0 0 1 2 3 4
end
v 208.661673 1652.641735 1681.865036
v 337.693978 1717.277636 1770.256741
v 345.543654 1581.912432 1857.782943
v 216.511349 1517.276531 1769.391238
v 208.661673 1652.641735 1681.865036
cstype bspline
deg 1
curv 0 5 13974 13975 13976 13977 13978
parm u 0 0 1 2 3 4
end
v -1213.901683 830.035337 2648.13477
v -1182.095719 861.694877 2483.894817
v -1280.526386 988.072839 2489.194294
v -1312.33235 956.413299 2653.434248
v -1213.901683 830.035337 2648.13477
cstype bspline
deg 1
curv 0 5 13979 13980 13981 13982 13983
parm u 0 0 1 2 3 4
end
v -1216.547462 828.012505 2647.232461
v -1184.741093 859.672354 2482.992645
v -1283.171182 986.050758 2488.29232
v -1314.977551 954.390909 2652.532135
v -1216.547462 828.012505 2647.232461
cstype bspline
deg 1
curv 0 5 13984 13985 13986 13987 13988
parm u 0 0 1 2 3 4
end
v 1057.487472 1377.403887 733.198854
v 1109.830413 1526.938373 792.513193
v 1196.705689 1452.13796 904.424309
v 1144.362748 1302.603474 845.109969
v 1057.487472 1377.403887 733.198854
cstype bspline
deg 1
curv 0 5 13989 13990 13991 13992 13993
parm u 0 0 1 2 3 4
end
v 1054.792747 1377.493581 735.350705
v 1107.135238 1527.028082 794.665403
v 1194.010938 1452.227654 906.57618
v 1141.668447 1302.693154 847.261481
v 1054.792747 1377.493581 735.350705
cstype bspline
deg 1
curv 0 5 13994 13995 13996 13997 13998
parm u 0 0 1 2 3 4
end
v 1225.671506 1156.84598 1523.379022
v 1176.319979 1013.885901 1446.024602
v 1036.269878 1082.008309 1409.47726
v 1085.621405 1224.968388 1486.83168
v 1225.671506 1156.84598 1523.379022
cstype bspline
deg 1
curv 0 5 13999 14000 14001 14002 14003
parm u 0 0 1 2 3 4
end
v 1224.33918 1155.699579 1526.347705
v 1174.987792 1012.73962 1448.992974
v 1034.937624 1080.86197 1412.445781
v 1084.289012 1223.821929 1489.800512
v 1224.33918 1155.699579 1526.347705
cstype bspline
deg 1
curv 0 5 14004 14005 14006 14007 14008
parm u 0 0 1 2 3 4
end
v -1114.395216 680.878141 2657.232301
v -1066.361716 700.487859 2494.889824
v -1183.236163 807.776204 2473.268898
v -1231.269663 788.166487 2635.611375
v -1114.395216 680.878141 2657.232301
cstype bspline
deg 1
curv 0 5 14009 14010 14011 14012 14013
parm u 0 0 1 2 3 4
end
v -1112.246541 683.408543 2658.173697
v -1064.213097 703.018194 2495.831195
v -1181.088182 810.305789 2474.20999
v -1229.121626 790.696138 2636.552492
v -1112.246541 683.408543 2658.173697
cstype bspline
deg 1
curv 0 5 14014 14015 14016 14017 14018
parm u 0 0 1 2 3 4
end
v 736.764741 2065.162448 471.677614
v 587.546751 1996.602645 425.527947
v 631.267726 1857.296919 491.114922
v 780.485716 1925.856722 537.264589
v 736.764741 2065.162448 471.677614
cstype bspline
deg 1
curv 0 5 14019 14020 14021 14022 14023
parm u 0 0 1 2 3 4
end
v 738.145353 2064.180706 468.67209
v 588.927395 1995.620881 422.522354
v 632.64828 1856.315219 488.109527
v 781.866238 1924.875044 534.259262
v 738.145353 2064.180706 468.67209
cstype bspline
deg 1
curv 0 5 14024 14025 14026 14027 14028
parm u 0 0 1 2 3 4
end
v 1187.146268 1320.718686 1216.631548
v 1134.971268 1173.384353 1149.872627
v 1016.920201 1249.787415 1073.516096
v 1069.095201 1397.121748 1140.275018
v 1187.146268 1320.718686 1216.631548
cstype bspline
deg 1
curv 0 5 14029 14030 14031 14032 14033
parm u 0 0 1 2 3 4
end
v 1185.071793 1320.22425 1219.344032
v 1132.896902 1172.889944 1152.584968
v 1014.846141 1249.293078 1076.228037
v 1067.021032 1396.627385 1142.987101
v 1185.071793 1320.22425 1219.344032
cstype bspline
deg 1
curv 0 5 14034 14035 14036 14037 14038
parm u 0 0 1 2 3 4
end
v 693.452388 1208.096966 1498.665725
v 776.359877 1336.645102 1573.186914
v 833.649836 1234.933424 1684.90118
v 750.742347 1106.385289 1610.379991
v 693.452388 1208.096966 1498.665725
cstype bspline
deg 1
curv 0 5 14039 14040 14041 14042 14043
parm u 0 0 1 2 3 4
end
v 690.699219 1208.723455 1500.648023
v 773.606429 1337.271654 1575.169413
v 830.896577 1235.559933 1686.883543
v 747.989367 1107.011734 1612.362153
v 690.699219 1208.723455 1500.648023
cstype bspline
deg 1
curv 0 5 14044 14045 14046 14047 14048
parm u 0 0 1 2 3 4
end
v 348.079736 1668.117099 1418.052703
v 488.590162 1729.112952 1490.936378
v 517.708581 1819.156395 1359.443035
v 377.198155 1758.160542 1286.55936
v 348.079736 1668.117099 1418.052703
cstype bspline
deg 1
curv 0 5 14049 14050 14051 14052 14053
parm u 0 0 1 2 3 4
end
v 349.91042 1665.531288 1416.687402
v 490.421086 1726.526803 1489.570899
v 519.539614 1816.570094 1358.077475
v 379.028948 1755.574579 1285.193978
v 349.91042 1665.531288 1416.687402
cstype bspline
deg 1
curv 0 5 14054 14055 14056 14057 14058
parm u 0 0 1 2 3 4
end
v 92.524315 1367.435937 2022.331201
v 178.825496 1469.323179 2128.839581
v 235.860814 1339.466325 2206.847915
v 149.559632 1237.579084 2100.339535
v 92.524315 1367.435937 2022.331201
cstype bspline
deg 1
curv 0 5 14059 14060 14061 14062 14063
parm u 0 0 1 2 3 4
end
v 89.806527 1367.517966 2024.454883
v 176.107541 1469.405212 2130.963394
v 233.143547 1339.548338 2208.97119
v 146.842533 1237.661092 2102.462678
v 89.806527 1367.517966 2024.454883
cstype bspline
deg 1
curv 0 5 14064 14065 14066 14067 14068
parm u 0 0 1 2 3 4
end
v 714.967177 1830.103323 862.495142
v 567.708142 1759.669343 810.853715
v 543.726205 1882.67062 711.477827
v 690.98524 1953.1046 763.119254
v 714.967177 1830.103323 862.495142
cstype bspline
deg 1
curv 0 5 14069 14070 14071 14072 14073
parm u 0 0 1 2 3 4
end
v 716.649402 1828.415529 860.000134
v 569.390248 1757.981669 808.358885
v 545.40835 1880.982907 708.982939
v 692.667504 1951.416767 760.624189
v 716.649402 1828.415529 860.000134
cstype bspline
deg 1
curv 0 5 14074 14075 14076 14077 14078
parm u 0 0 1 2 3 4
end
v 616.608179 1866.507333 1068.06374
v 472.77075 1797.069973 1007.392608
v 473.603052 1690.659806 1127.204526
v 617.440481 1760.097166 1187.875659
v 616.608179 1866.507333 1068.06374
cstype bspline
deg 1
curv 0 5 14079 14080 14081 14082 14083
parm u 0 0 1 2 3 4
end
v 618.470121 1864.34201 1066.127679
v 474.632653 1794.904696 1005.456588
v 475.465133 1688.494324 1125.268322
v 619.302601 1757.931637 1185.939414
v 618.470121 1864.34201 1066.127679
cstype bspline
deg 1
curv 0 5 14084 14085 14086 14087 14088
parm u 0 0 1 2 3 4
end
v -95.708349 13.354446 3075.522788
v -66.090963 -33.862897 2912.701973
v -111.114891 116.150019 2861.008935
v -140.732277 163.367363 3023.82975
v -95.708349 13.354446 3075.522788
cstype bspline
deg 1
curv 0 5 14089 14090 14091 14092 14093
parm u 0 0 1 2 3 4
end
v -92.442603 14.431665 3075.804437
v -62.825493 -32.785769 2912.983599
v -107.849606 117.227086 2861.290545
v -137.466716 164.444521 3024.111384
v -92.442603 14.431665 3075.804437
cstype bspline
deg 1
curv 0 5 14094 14095 14096 14097 14098
parm u 0 0 1 2 3 4
end
v 860.366667 1251.735839 1214.00849
v 943.153659 1387.903134 1279.906976
v 875.167294 1482.573251 1169.698267
v 792.380302 1346.405956 1103.799781
v 860.366667 1251.735839 1214.00849
cstype bspline
deg 1
curv 0 5 14099 14100 14101 14102 14103
parm u 0 0 1 2 3 4
end
v 857.716855 1252.31501 1216.140636
v 940.503697 1388.482337 1282.039243
v 872.517375 1483.152445 1171.830499
v 789.730532 1346.985118 1105.931893
v 857.716855 1252.31501 1216.140636
cstype bspline
deg 1
curv 0 5 14104 14105 14106 14107 14108
parm u 0 0 1 2 3 4
end
v 586.651376 1541.493146 1090.647811
v 705.336889 1646.294205 1155.688991
v 721.207251 1549.567677 1282.584914
v 602.521738 1444.766618 1217.543734
v 586.651376 1541.493146 1090.647811
cstype bspline
deg 1
curv 0 5 14109 14110 14111 14112 14113
parm u 0 0 1 2 3 4
end
v 589.114187 1539.729516 1088.995488
v 707.799577 1644.530663 1154.03675
v 723.669429 1547.804499 1280.933015
v 604.984039 1443.003352 1215.891753
v 589.114187 1539.729516 1088.995488
cstype bspline
deg 1
curv 0 5 14114 14115 14116 14117 14118
parm u 0 0 1 2 3 4
end
v 876.264741 1061.441381 1938.489678
v 798.510383 931.011786 1856.271263
v 699.985932 1036.41411 1782.238249
v 777.74029 1166.843705 1864.456665
v 876.264741 1061.441381 1938.489678
cstype bspline
deg 1
curv 0 5 14119 14120 14121 14122 14123
parm u 0 0 1 2 3 4
end
v 878.521832 1061.730161 1935.897041
v 800.767788 931.300606 1853.678264
v 702.243293 1036.702925 1779.645302
v 779.997336 1167.13248 1861.864078
v 878.521832 1061.730161 1935.897041
cstype bspline
deg 1
curv 0 5 14124 14125 14126 14127 14128
parm u 0 0 1 2 3 4
end
v -1261.59455 3073.370592 1427.225987
v -1250.957538 2916.389513 1366.130838
v -1085.644202 2923.206506 1377.39689
v -1096.281214 3080.187585 1438.492038
v -1261.59455 3073.370592 1427.225987
cstype bspline
deg 1
curv 0 5 14129 14130 14131 14132 14133
parm u 0 0 1 2 3 4
end
v -1261.427899 3074.63021 1424.018483
v -1250.79088 2917.649186 1362.923193
v -1085.477551 2924.46612 1374.189393
v -1096.114571 3081.447144 1435.284683
v -1261.427899 3074.63021 1424.018483
cstype bspline
deg 1
curv 0 5 14134 14135 14136 14137 14138
parm u 0 0 1 2 3 4
end
v -987.556692 3216.6557 1085.131078
v -983.416944 3057.224847 1029.769693
v -819.524249 3052.868152 1054.571566
v -823.663997 3212.299005 1109.932951
v -987.556692 3216.6557 1085.131078
cstype bspline
deg 1
curv 0 5 14139 14140 14141 14142 14143
parm u 0 0 1 2 3 4
end
v -987.039627 3217.786608 1081.912921
v -982.899903 3058.355702 1026.551686
v -819.007202 3053.999019 1051.353526
v -823.146926 3213.429924 1106.714761
v -987.039627 3217.786608 1081.912921
cstype bspline
deg 1
curv 0 5 14144 14145 14146 14147 14148
parm u 0 0 1 2 3 4
end
v -1337.781217 2930.381081 1746.949245
v -1318.5186 2777.373873 1676.53209
v -1488.201752 2757.316009 1673.698351
v -1507.464369 2910.323218 1744.115506
v -1337.781217 2930.381081 1746.949245
cstype bspline
deg 1
curv 0 5 14149 14150 14151 14152 14153
parm u 0 0 1 2 3 4
end
v -1337.897781 2931.81051 1743.811397
v -1318.635164 2778.803298 1673.39425
v -1488.318321 2758.745503 1670.560362
v -1507.580939 2911.752715 1740.977509
v -1337.897781 2931.81051 1743.811397
cstype bspline
deg 1
curv 0 5 14154 14155 14156 14157 14158
parm u 0 0 1 2 3 4
end
v -811.019513 3077.445386 987.256
v -815.832483 3235.739944 1042.109859
v -984.292945 3239.535242 1016.376569
v -979.479974 3081.240684 961.52271
v -811.019513 3077.445386 987.256
cstype bspline
deg 1
curv 0 5 14159 14160 14161 14162 14163
parm u 0 0 1 2 3 4
end
v -811.536582 3076.314472 990.474163
v -816.34956 3234.609011 1045.328075
v -984.810041 3238.404269 1019.594903
v -979.997062 3080.109729 964.74099
v -811.536582 3076.314472 990.474163
cstype bspline
deg 1
curv 0 5 14164 14165 14166 14167 14168
parm u 0 0 1 2 3 4
end
v -1786.560555 2526.234673 2271.371349
v -1730.313853 2404.032838 2167.596956
v -1894.189475 2339.975185 2154.207329
v -1950.436177 2462.177019 2257.981722
v -1786.560555 2526.234673 2271.371349
cstype bspline
deg 1
curv 0 5 14169 14170 14171 14172 14173
parm u 0 0 1 2 3 4
end
v -1785.983879 2524.191014 2274.090453
v -1729.737254 2401.989454 2170.315696
v -1893.612921 2337.93196 2156.925855
v -1949.859546 2460.13352 2260.700613
v -1785.983879 2524.191014 2274.090453
cstype bspline
deg 1
curv 0 5 14174 14175 14176 14177 14178
parm u 0 0 1 2 3 4
end
v -1567.640574 2747.419994 2037.948697
v -1533.587846 2603.324818 1952.947091
v -1705.033039 2564.072295 1950.805047
v -1739.085766 2708.167472 2035.806653
v -1567.640574 2747.419994 2037.948697
cstype bspline
deg 1
curv 0 5 14179 14180 14181 14182 14183
parm u 0 0 1 2 3 4
end
v -1567.98844 2749.102656 2034.956877
v -1533.935703 2605.007433 1949.955353
v -1705.380896 2565.754914 1947.813302
v -1739.433634 2709.850136 2032.814826
v -1567.98844 2749.102656 2034.956877
cstype bspline
deg 1
curv 0 5 14184 14185 14186 14187 14188
parm u 0 0 1 2 3 4
end
v -1332.130821 2802.154454 1621.91887
v -1352.445664 2953.874577 1691.789007
v -1526.851512 2932.10547 1688.350973
v -1506.536669 2780.385347 1618.480836
v -1332.130821 2802.154454 1621.91887
cstype bspline
deg 1
curv 0 5 14189 14190 14191 14192 14193
parm u 0 0 1 2 3 4
end
v -1332.014252 2800.724936 1625.056919
v -1352.329108 2952.445211 1694.926723
v -1526.734957 2930.676135 1691.488622
v -1506.420102 2778.95586 1621.618818
v -1332.014252 2800.724936 1625.056919
cstype bspline
deg 1
curv 0 5 14194 14195 14196 14197 14198
parm u 0 0 1 2 3 4
end
v -1261.005096 2939.424593 1305.781029
v -1272.244398 3095.417378 1366.457135
v -1097.362302 3103.28202 1378.632036
v -1086.122999 2947.289234 1317.95593
v -1261.005096 2939.424593 1305.781029
cstype bspline
deg 1
curv 0 5 14199 14200 14201 14202 14203
parm u 0 0 1 2 3 4
end
v -1261.171749 2938.164946 1308.988606
v -1272.411046 3094.157777 1369.664596
v -1097.528943 3102.022473 1381.839356
v -1086.289646 2946.029642 1321.163365
v -1261.171749 2938.164946 1308.988606
cstype bspline
deg 1
curv 0 5 14204 14205 14206 14207 14208
parm u 0 0 1 2 3 4
end
v -1745.936553 2583.384739 1900.256681
v -1781.614525 2725.739032 1984.468251
v -1596.797093 2770.034205 1987.891809
v -1561.119121 2627.679912 1903.680239
v -1745.936553 2583.384739 1900.256681
cstype bspline
deg 1
curv 0 5 14209 14210 14211 14212 14213
parm u 0 0 1 2 3 4
end
v -1745.588708 2581.702165 1903.24833
v -1781.266665 2724.056385 1987.460031
v -1596.449234 2768.351564 1990.883578
v -1560.771277 2625.997344 1906.671878
v -1745.588708 2581.702165 1903.24833
cstype bspline
deg 1
curv 0 5 14214 14215 14216 14217 14218
parm u 0 0 1 2 3 4
end
v -1253.609448 448.964678 2571.185707
v -1183.060322 473.638007 2417.506193
v -1073.196851 623.255649 2491.962032
v -1143.745977 598.58232 2645.641546
v -1253.609448 448.964678 2571.185707
cstype bspline
deg 1
curv 0 5 14219 14220 14221 14222 14223
parm u 0 0 1 2 3 4
end
v -1256.11597 451.19928 2570.393809
v -1185.566717 475.872495 2416.714336
v -1075.7034 625.490275 2491.170126
v -1146.252653 600.81706 2644.849599
v -1256.11597 451.19928 2570.393809
cstype bspline
deg 1
curv 0 5 14224 14225 14226 14227 14228
parm u 0 0 1 2 3 4
end
v -1941.303458 2178.559789 2273.346372
v -2023.315822 2266.152307 2398.110445
v -2192.356156 2167.963974 2355.928157
v -2110.343792 2080.371455 2231.164084
v -1941.303458 2178.559789 2273.346372
cstype bspline
deg 1
curv 0 5 14229 14230 14231 14232 14233
parm u 0 0 1 2 3 4
end
v -1942.156142 2181.006509 2271.068119
v -2024.168441 2268.598842 2395.832365
v -2193.208731 2170.410379 2353.650198
v -2111.196432 2082.818046 2228.885951
v -1942.156142 2181.006509 2271.068119
cstype bspline
deg 1
curv 0 5 14234 14235 14236 14237 14238
parm u 0 0 1 2 3 4
end
v -180.77544 3250.238489 796.896505
v -220.316957 3093.030317 743.198762
v -397.901917 3159.564392 679.17891
v -358.3604 3316.772563 732.876652
v -180.77544 3250.238489 796.896505
cstype bspline
deg 1
curv 0 5 14239 14240 14241 14242 14243
parm u 0 0 1 2 3 4
end
v -179.398887 3250.945526 793.812882
v -218.940453 3093.737329 740.115251
v -396.525404 3160.271409 676.095378
v -356.983837 3317.479606 729.793009
v -179.398887 3250.945526 793.812882
cstype bspline
deg 1
curv 0 5 14244 14245 14246 14247 14248
parm u 0 0 1 2 3 4
end
v 57.185201 3147.444367 749.886179
v -24.457313 3005.580434 700.809815
v -158.197175 3116.724728 602.014638
v -76.554661 3258.588661 651.091002
v 57.185201 3147.444367 749.886179
cstype bspline
deg 1
curv 0 5 14249 14250 14251 14252 14253
parm u 0 0 1 2 3 4
end
v 55.219502 3147.596047 752.717789
v -26.422727 3005.732091 703.641014
v -160.162385 3116.876369 604.845543
v -78.520156 3258.740325 653.922317
v 55.219502 3147.596047 752.717789
cstype bspline
deg 1
curv 0 5 14254 14255 14256 14257 14258
parm u 0 0 1 2 3 4
end
v -2157.164245 1790.453469 2306.96225
v -2261.538504 1828.935952 2440.88197
v -2116.827546 1941.000524 2521.464396
v -2012.453287 1902.518041 2387.544676
v -2157.164245 1790.453469 2306.96225
cstype bspline
deg 1
curv 0 5 14259 14260 14261 14262 14263
parm u 0 0 1 2 3 4
end
v -2155.984509 1787.69994 2308.672941
v -2260.35863 1826.182101 2442.592861
v -2115.647607 1938.24652 2523.175383
v -2011.273486 1899.764359 2389.255463
v -2155.984509 1787.69994 2308.672941
cstype bspline
deg 1
curv 0 5 14264 14265 14266 14267 14268
parm u 0 0 1 2 3 4
end
v -2219.576144 1793.388825 2260.689678
v -2321.725854 1832.995383 2394.885102
v -2175.397249 1944.4523 2473.375109
v -2073.247539 1904.845743 2339.179685
v -2219.576144 1793.388825 2260.689678
cstype bspline
deg 1
curv 0 5 14269 14270 14271 14272 14273
parm u 0 0 1 2 3 4
end
v -2220.756031 1796.142733 2258.978752
v -2322.905787 1835.749397 2393.17411
v -2176.577162 1947.206267 2471.664146
v -2074.427406 1907.599603 2337.468788
v -2220.756031 1796.142733 2258.978752
cstype bspline
deg 1
curv 0 5 14274 14275 14276 14277 14278
parm u 0 0 1 2 3 4
end
v -1879.361369 2174.500357 2318.717311
v -1963.508006 2261.175793 2443.29527
v -2131.275085 2161.662383 2399.213095
v -2047.128448 2074.986947 2274.635136
v -1879.361369 2174.500357 2318.717311
cstype bspline
deg 1
curv 0 5 14279 14280 14281 14282 14283
parm u 0 0 1 2 3 4
end
v -1878.50873 2172.053751 2320.995454
v -1962.655306 2258.729009 2445.573579
v -2130.422377 2159.215578 2401.491424
v -2046.275802 2072.54032 2276.913299
v -1878.50873 2172.053751 2320.995454
cstype bspline
deg 1
curv 0 5 14284 14285 14286 14287 14288
parm u 0 0 1 2 3 4
end
v -835.479727 540.347784 2572.527285
v -902.051954 536.575464 2729.754148
v -1043.90734 410.237483 2666.659229
v -977.335112 414.009802 2509.432366
v -835.479727 540.347784 2572.527285
cstype bspline
deg 1
curv 0 5 14289 14290 14291 14292 14293
parm u 0 0 1 2 3 4
end
v -837.508625 543.02284 2571.732392
v -904.081101 539.250848 2728.959157
v -1045.936041 412.91228 2665.864413
v -979.363566 416.684272 2508.637647
v -837.508625 543.02284 2571.732392
cstype bspline
deg 1
curv 0 5 14294 14295 14296 14297 14298
parm u 0 0 1 2 3 4
end
v 2668.932377 -200.359748 651.499959
v 2830.952117 -215.776331 705.781532
v 2779.275264 -376.148297 814.479237
v 2617.255525 -360.731714 760.197664
v 2668.932377 -200.359748 651.499959
cstype bspline
deg 1
curv 0 5 14299 14300 14301 14302 14303
parm u 0 0 1 2 3 4
end
v 2668.227416 -198.312286 654.185619
v 2830.24712 -213.728765 708.467328
v 2778.570252 -374.100686 817.165093
v 2616.550548 -358.684207 762.883383
v 2668.227416 -198.312286 654.185619
cstype bspline
deg 1
curv 0 5 14304 14305 14306 14307 14308
parm u 0 0 1 2 3 4
end
v -1823.756414 2544.41117 2230.86376
v -1765.958962 2422.877142 2127.262118
v -1951.027576 2348.840929 2110.866866
v -2008.825028 2470.374957 2214.468508
v -1823.756414 2544.41117 2230.86376
cstype bspline
deg 1
curv 0 5 14309 14310 14311 14312 14313
parm u 0 0 1 2 3 4
end
v -1824.333107 2546.454878 2228.144585
v -1766.535672 2424.92091 2124.542863
v -1951.604243 2350.884543 2108.147815
v -2009.401678 2472.418511 2211.749537
v -1824.333107 2546.454878 2228.144585
cstype bspline
deg 1
curv 0 5 14314 14315 14316 14317 14318
parm u 0 0 1 2 3 4
end
v -2101.642642 1610.016466 2375.885485
v -2215.752921 1600.916675 2505.810403
v -2335.98942 1487.797324 2392.286506
v -2221.879141 1496.897115 2262.361588
v -2101.642642 1610.016466 2375.885485
cstype bspline
deg 1
curv 0 5 14319 14320 14321 14322 14323
parm u 0 0 1 2 3 4
end
v -2100.07858 1607.175138 2377.060165
v -2214.188897 1598.075413 2506.985056
v -2334.425082 1484.955493 2393.461395
v -2220.314766 1494.055218 2263.536505
v -2100.07858 1607.175138 2377.060165
cstype bspline
deg 1
curv 0 5 14324 14325 14326 14327 14328
parm u 0 0 1 2 3 4
end
v -2390.643939 1490.435648 2343.214756
v -2278.419134 1499.475504 2215.658177
v -2158.029919 1612.85759 2329.612425
v -2270.254724 1603.817734 2457.169003
v -2390.643939 1490.435648 2343.214756
cstype bspline
deg 1
curv 0 5 14329 14330 14331 14332 14333
parm u 0 0 1 2 3 4
end
v -2392.208139 1493.277242 2342.039956
v -2279.983465 1502.317335 2214.48328
v -2159.59429 1615.699494 2328.437497
v -2271.818964 1606.6594 2455.994174
v -2392.208139 1493.277242 2342.039956
cstype bspline
deg 1
curv 0 5 14334 14335 14336 14337 14338
parm u 0 0 1 2 3 4
end
v -101.58755 3256.92581 129.076698
v -20.71026 3401.078104 180.926361
v 55.623569 3302.099279 337.038301
v -25.253722 3157.946985 285.188639
v -101.58755 3256.92581 129.076698
cstype bspline
deg 1
curv 0 5 14339 14340 14341 14342 14343
parm u 0 0 1 2 3 4
end
v -98.83555 3256.062627 127.18379
v -17.957759 3400.214764 179.033108
v 58.37562 3301.23608 335.145357
v -22.502171 3157.083943 283.296039
v -98.83555 3256.062627 127.18379
cstype bspline
deg 1
curv 0 5 14344 14345 14346 14347 14348
parm u 0 0 1 2 3 4
end
v 2851.196509 -687.000623 353.849332
v 2699.668139 -629.942562 299.884321
v 2785.331911 -560.09577 133.19911
v 2936.860281 -617.15383 187.16412
v 2851.196509 -687.000623 353.849332
cstype bspline
deg 1
curv 0 5 14349 14350 14351 14352 14353
parm u 0 0 1 2 3 4
end
v 2851.776784 -683.980672 355.413016
v 2700.248409 -626.922643 301.44799
v 2785.912212 -557.075688 134.762862
v 2937.440587 -614.133718 188.727888
v 2851.776784 -683.980672 355.413016
cstype bspline
deg 1
curv 0 5 14354 14355 14356 14357 14358
parm u 0 0 1 2 3 4
end
v -2273.324572 -1331.791297 725.987799
v -2126.132409 -1280.704729 660.227546
v -2124.034258 -1124.955195 785.919589
v -2271.226421 -1176.041763 851.679842
v -2273.324572 -1331.791297 725.987799
cstype bspline
deg 1
curv 0 5 14359 14360 14361 14362 14363
parm u 0 0 1 2 3 4
end
v -2271.626022 -1333.691205 728.313699
v -2124.434092 -1282.604376 662.553128
v -2122.336125 -1126.854637 788.24492
v -2269.528055 -1177.941465 854.005492
v -2271.626022 -1333.691205 728.313699
cstype bspline
deg 1
curv 0 5 14364 14365 14366 14367 14368
parm u 0 0 1 2 3 4
end
v 2904.895237 -239.892857 475.397553
v 2741.483719 -227.866991 424.61131
v 2773.324348 -371.702766 288.100419
v 2936.735866 -383.728632 338.886663
v 2904.895237 -239.892857 475.397553
cstype bspline
deg 1
curv 0 5 14369 14370 14371 14372 14373
parm u 0 0 1 2 3 4
end
v 2905.791045 -237.497343 473.082444
v 2742.37965 -225.47115 422.295884
v 2774.220267 -369.306957 285.785024
v 2937.631663 -381.33315 336.571584
v 2905.791045 -237.497343 473.082444
cstype bspline
deg 1
curv 0 5 14374 14375 14376 14377 14378
parm u 0 0 1 2 3 4
end
v -2247.543378 1150.088759 2140.420242
v -2361.978069 1103.44806 2260.025623
v -2266.911971 1217.508085 2395.460155
v -2152.47728 1264.148784 2275.854775
v -2247.543378 1150.088759 2140.420242
cstype bspline
deg 1
curv 0 5 14379 14380 14381 14382 14383
parm u 0 0 1 2 3 4
end
v -2245.551036 1147.406663 2141.280559
v -2359.985768 1100.76602 2260.885921
v -2264.919807 1214.82623 2396.320395
v -2150.485075 1261.466873 2276.715032
v -2245.551036 1147.406663 2141.280559
cstype bspline
deg 1
curv 0 5 14384 14385 14386 14387 14388
parm u 0 0 1 2 3 4
end
v 2692.421701 -606.792612 861.806924
v 2541.391479 -553.531626 806.45522
v 2631.500254 -448.37544 661.772662
v 2782.530476 -501.636426 717.124366
v 2692.421701 -606.792612 861.806924
cstype bspline
deg 1
curv 0 5 14389 14390 14391 14392 14393
parm u 0 0 1 2 3 4
end
v 2692.613367 -604.064033 863.909448
v 2541.583127 -550.803305 808.557545
v 2631.691915 -445.646927 663.875136
v 2782.722156 -498.907654 719.227038
v 2692.613367 -604.064033 863.909448
cstype bspline
deg 1
curv 0 5 14394 14395 14396 14397 14398
parm u 0 0 1 2 3 4
end
v 312.07863 1486.229618 1646.468773
v 432.453666 1571.320041 1731.48461
v 370.582736 1487.325072 1903.157128
v 250.207701 1402.234648 1818.141291
v 312.07863 1486.229618 1646.468773
cstype bspline
deg 1
curv 0 5 14399 14400 14401 14402 14403
parm u 0 0 1 2 3 4
end
v 309.883379 1488.846455 1646.957951
v 430.258829 1573.936384 1731.973696
v 368.38783 1489.941498 1903.64623
v 248.01238 1404.851568 1818.630485
v 309.883379 1488.846455 1646.957951
cstype bspline
deg 1
curv 0 5 14404 14405 14406 14407 14408
parm u 0 0 1 2 3 4
end
v 2952.104832 -235.559937 329.458878
v 2787.004822 -222.603417 278.981337
v 2817.490439 -365.919536 142.483922
v 2982.590449 -378.876056 192.961464
v 2952.104832 -235.559937 329.458878
cstype bspline
deg 1
curv 0 5 14409 14410 14411 14412 14413
parm u 0 0 1 2 3 4
end
v 2951.208945 -237.955651 331.774182
v 2786.108933 -224.999139 281.296648
v 2816.594539 -368.315286 144.79926
v 2981.694552 -381.271798 195.276794
v 2951.208945 -237.955651 331.774182
cstype bspline
deg 1
curv 0 5 14414 14415 14416 14417 14418
parm u 0 0 1 2 3 4
end
v -2412.239377 1104.540567 2212.43696
v -2299.720288 1150.152134 2094.054573
v -2204.217636 1264.319646 2228.814743
v -2316.736725 1218.708079 2347.19713
v -2412.239377 1104.540567 2212.43696
cstype bspline
deg 1
curv 0 5 14419 14420 14421 14422 14423
parm u 0 0 1 2 3 4
end
v -2414.231876 1107.222869 2211.576583
v -2301.712249 1152.833712 2093.194428
v -2206.209902 1267.001634 2227.954467
v -2318.729529 1221.390791 2346.336622
v -2414.231876 1107.222869 2211.576583
cstype bspline
deg 1
curv 0 5 14424 14425 14426 14427 14428
parm u 0 0 1 2 3 4
end
v -271.126444 3253.051515 300.754796
v -235.718599 3413.321529 348.402928
v -357.268715 3392.422824 509.023354
v -392.67656 3232.152811 461.375221
v -271.126444 3253.051515 300.754796
cstype bspline
deg 1
curv 0 5 14429 14430 14431 14432 14433
parm u 0 0 1 2 3 4
end
v -273.791548 3254.195647 298.886833
v -238.38382 3414.465711 346.534883
v -359.93397 3393.567021 507.155285
v -395.341698 3233.296957 459.507235
v -273.791548 3254.195647 298.886833
cstype bspline
deg 1
curv 0 5 14434 14435 14436 14437 14438
parm u 0 0 1 2 3 4
end
v -1490.595111 140.980174 2346.493305
v -1395.118448 177.062803 2208.673972
v -1276.098004 294.560673 2321.889633
v -1371.574667 258.478044 2459.708966
v -1490.595111 140.980174 2346.493305
cstype bspline
deg 1
curv 0 5 14439 14440 14441 14442 14443
parm u 0 0 1 2 3 4
end
v -1492.614736 143.690399 2345.803744
v -1397.138111 179.773079 2207.984399
v -1278.11766 297.270939 2321.200062
v -1373.594284 261.188259 2459.019408
v -1492.614736 143.690399 2345.803744
cstype bspline
deg 1
curv 0 5 14444 14445 14446 14447 14448
parm u 0 0 1 2 3 4
end
v 356.088297 -1623.974395 2182.488252
v 319.970729 -1483.104623 2096.025968
v 152.162492 -1460.319934 2203.24612
v 188.28006 -1601.189706 2289.708404
v 356.088297 -1623.974395 2182.488252
cstype bspline
deg 1
curv 0 5 14449 14450 14451 14452 14453
parm u 0 0 1 2 3 4
end
v 357.825516 -1622.104124 2184.809727
v 321.707881 -1481.234424 2098.347354
v 153.899246 -1458.450165 2205.566973
v 190.016881 -1599.319865 2292.029346
v 357.825516 -1622.104124 2184.809727
cstype bspline
deg 1
curv 0 5 14454 14455 14456 14457 14458
parm u 0 0 1 2 3 4
end
v -1165.004335 304.056751 2388.233736
v -1246.777931 282.394378 2533.470543
v -1105.064665 386.934786 2628.852679
v -1023.291069 408.59716 2483.615872
v -1165.004335 304.056751 2388.233736
cstype bspline
deg 1
curv 0 5 14459 14460 14461 14462 14463
parm u 0 0 1 2 3 4
end
v -1163.236639 301.148215 2388.795185
v -1245.009934 279.485345 2534.032088
v -1103.296454 384.025401 2629.414292
v -1021.523158 405.688271 2484.177389
v -1163.236639 301.148215 2388.795185
cstype bspline
deg 1
curv 0 5 14464 14465 14466 14467 14468
parm u 0 0 1 2 3 4
end
v -628.478086 3264.039761 958.349264
v -641.109184 3106.151938 900.553814
v -447.593758 3075.375224 942.33835
v -434.96266 3233.263046 1000.1338
v -628.478086 3264.039761 958.349264
cstype bspline
deg 1
curv 0 5 14469 14470 14471 14472 14473
parm u 0 0 1 2 3 4
end
v -627.622653 3265.128102 955.189123
v -640.253808 3107.240207 897.393885
v -446.738308 3076.463586 939.178148
v -434.107152 3234.351482 996.973386
v -627.622653 3265.128102 955.189123
cstype bspline
deg 1
curv 0 5 14474 14475 14476 14477 14478
parm u 0 0 1 2 3 4
end
v -285.743482 3308.88403 144.917475
v -252.905012 3469.421846 196.396573
v -374.158666 3443.78521 353.692141
v -406.997136 3283.247395 302.213042
v -285.743482 3308.88403 144.917475
cstype bspline
deg 1
curv 0 5 14479 14480 14481 14482 14483
parm u 0 0 1 2 3 4
end
v -283.077883 3307.739689 146.785786
v -250.240088 3468.277794 198.264411
v -371.493873 3442.641215 355.559887
v -404.331669 3282.103109 304.081261
v -283.077883 3307.739689 146.785786
cstype bspline
deg 1
curv 0 5 14484 14485 14486 14487 14488
parm u 0 0 1 2 3 4
end
v -1358.304089 -184.498668 2161.901716
v -1474.082511 -213.036683 2280.03337
v -1618.749105 -168.74732 2148.947933
v -1502.970683 -140.209306 2030.816279
v -1358.304089 -184.498668 2161.901716
cstype bspline
deg 1
curv 0 5 14489 14490 14491 14492 14493
parm u 0 0 1 2 3 4
end
v -1358.150998 -181.185493 2162.852169
v -1473.929454 -209.724234 2280.983615
v -1618.596057 -165.435079 2149.898118
v -1502.817602 -136.896339 2031.766672
v -1358.150998 -181.185493 2162.852169
cstype bspline
deg 1
curv 0 5 14494 14495 14496 14497 14498
parm u 0 0 1 2 3 4
end
v -2428.52798 -1366.632551 327.642935
v -2279.767379 -1302.962788 266.390744
v -2381.91256 -1168.460102 158.126462
v -2530.673161 -1232.129865 219.378652
v -2428.52798 -1366.632551 327.642935
cstype bspline
deg 1
curv 0 5 14499 14500 14501 14502 14503
parm u 0 0 1 2 3 4
end
v -2428.394277 -1364.410147 330.277808
v -2279.633652 -1300.739993 269.026082
v -2381.778826 -1166.237193 160.761935
v -2530.539451 -1229.907348 222.01366
v -2428.394277 -1364.410147 330.277808
cstype bspline
deg 1
curv 0 5 14504 14505 14506 14507 14508
parm u 0 0 1 2 3 4
end
v -229.243819 -2183.20128 830.29558
v -205.910206 -2339.806228 887.338167
v -23.108641 -2342.205684 805.974612
v -46.442254 -2185.600736 748.932025
v -229.243819 -2183.20128 830.29558
cstype bspline
deg 1
curv 0 5 14509 14510 14511 14512 14513
parm u 0 0 1 2 3 4
end
v -230.563169 -2184.463989 827.368585
v -207.229779 -2341.069151 884.410676
v -24.428058 -2343.468458 803.047467
v -47.761447 -2186.863296 746.005375
v -230.563169 -2184.463989 827.368585
cstype bspline
deg 1
curv 0 5 14514 14515 14516 14517 14518
parm u 0 0 1 2 3 4
end
v -347.038715 -2242.178841 696.494179
v -342.214029 -2401.687342 751.376743
v -499.569394 -2365.654589 869.933897
v -504.394081 -2206.146088 815.051332
v -347.038715 -2242.178841 696.494179
cstype bspline
deg 1
curv 0 5 14519 14520 14521 14522 14523
parm u 0 0 1 2 3 4
end
v -349.170697 -2243.118678 693.950124
v -344.345722 -2402.627051 748.833033
v -501.701453 -2366.59446 867.38975
v -506.526428 -2207.086087 812.506841
v -349.170697 -2243.118678 693.950124
cstype bspline
deg 1
curv 0 5 14524 14525 14526 14527 14528
parm u 0 0 1 2 3 4
end
v -2369.02198 -1351.091411 480.84495
v -2223.03698 -1288.205766 420.394771
v -2326.26559 -1153.085922 311.665064
v -2472.250591 -1215.971568 372.115243
v -2369.02198 -1351.091411 480.84495
cstype bspline
deg 1
curv 0 5 14529 14530 14531 14532 14533
parm u 0 0 1 2 3 4
end
v -2369.155714 -1353.314136 478.209706
v -2223.170709 -1290.428422 417.759609
v -2326.399317 -1155.308534 309.029955
v -2472.384322 -1218.194248 369.480052
v -2369.155714 -1353.314136 478.209706
cstype bspline
deg 1
curv 0 5 14534 14535 14536 14537 14538
parm u 0 0 1 2 3 4
end
v -2230.664857 837.525644 1984.510349
v -2339.901673 768.075762 2094.407858
v -2254.650988 871.138003 2244.276349
v -2145.414172 940.587884 2134.378841
v -2230.664857 837.525644 1984.510349
cstype bspline
deg 1
curv 0 5 14539 14540 14541 14542 14543
parm u 0 0 1 2 3 4
end
v -2228.466497 834.922174 1985.050213
v -2337.703049 765.471979 2094.947787
v -2252.452514 868.534397 2244.816242
v -2143.215962 937.984593 2134.918668
v -2228.466497 834.922174 1985.050213
cstype bspline
deg 1
curv 0 5 14544 14545 14546 14547 14548
parm u 0 0 1 2 3 4
end
v -533.360025 3191.192626 622.214277
v -526.032273 3352.779947 672.465663
v -650.274542 3310.957555 825.066125
v -657.602294 3149.370234 774.814738
v -533.360025 3191.192626 622.214277
cstype bspline
deg 1
curv 0 5 14549 14550 14551 14552 14553
parm u 0 0 1 2 3 4
end
v -536.069311 3191.937948 620.212725
v -528.741349 3353.525211 670.464268
v -652.983843 3311.702882 823.064563
v -660.311806 3150.115618 772.81302
v -536.069311 3191.937948 620.212725
cstype bspline
deg 1
curv 0 5 14554 14555 14556 14557 14558
parm u 0 0 1 2 3 4
end
v -2392.57858 772.346867 2045.405924
v -2284.433074 840.940278 1935.823726
v -2198.816929 944.151618 2084.922938
v -2306.962435 875.558207 2194.505135
v -2392.57858 772.346867 2045.405924
cstype bspline
deg 1
curv 0 5 14559 14560 14561 14562 14563
parm u 0 0 1 2 3 4
end
v -2394.776563 774.949895 2044.866151
v -2286.631437 843.543755 1935.28386
v -2201.015401 946.755225 2084.383045
v -2309.160528 878.161364 2193.965335
v -2394.776563 774.949895 2044.866151
cstype bspline
deg 1
curv 0 5 14564 14565 14566 14567 14568
parm u 0 0 1 2 3 4
end
v -2336.132828 -1079.614065 770.125163
v -2187.795705 -1044.974226 696.470714
v -2148.30759 -909.76274 839.588443
v -2296.644714 -944.402578 913.242891
v -2336.132828 -1079.614065 770.125163
cstype bspline
deg 1
curv 0 5 14569 14570 14571 14572 14573
parm u 0 0 1 2 3 4
end
v -2334.618464 -1082.064656 772.022525
v -2186.281247 -1047.424969 698.368193
v -2146.792797 -912.214025 841.486341
v -2295.130014 -946.853712 915.140673
v -2334.618464 -1082.064656 772.022525
cstype bspline
deg 1
curv 0 5 14574 14575 14576 14577 14578
parm u 0 0 1 2 3 4
end
v -2153.537728 -1371.586159 483.695647
v -2295.402026 -1440.610966 542.154684
v -2284.316726 -1325.141814 705.394529
v -2142.452428 -1256.117008 646.935493
v -2153.537728 -1371.586159 483.695647
cstype bspline
deg 1
curv 0 5 14579 14580 14581 14582 14583
parm u 0 0 1 2 3 4
end
v -2151.692669 -1374.023946 485.294748
v -2293.557213 -1443.048427 543.753571
v -2282.472044 -1327.579102 706.993303
v -2140.6075 -1258.554621 648.534479
v -2151.692669 -1374.023946 485.294748
cstype bspline
deg 1
curv 0 5 14584 14585 14586 14587 14588
parm u 0 0 1 2 3 4
end
v -558.279466 3221.280447 538.459488
v -552.324445 3381.296039 589.983065
v -676.043441 3337.25825 741.049482
v -681.998462 3177.242658 689.525905
v -558.279466 3221.280447 538.459488
cstype bspline
deg 1
curv 0 5 14589 14590 14591 14592 14593
parm u 0 0 1 2 3 4
end
v -555.570256 3220.535152 540.460988
v -549.615007 3380.550682 591.984733
v -673.333955 3336.512879 743.051186
v -679.289204 3176.49735 691.52744
v -555.570256 3220.535152 540.460988
cstype bspline
deg 1
curv 0 5 14594 14595 14596 14597 14598
parm u 0 0 1 2 3 4
end
v -1541.566685 -69.543462 2248.644847
v -1435.510343 -40.673361 2121.28495
v -1295.257578 18.848942 2251.570152
v -1401.31392 -10.021159 2378.93005
v -1541.566685 -69.543462 2248.644847
cstype bspline
deg 1
curv 0 5 14599 14600 14601 14602 14603
parm u 0 0 1 2 3 4
end
v -1542.72688 -66.302854 2248.413299
v -1436.670471 -37.432938 2121.053414
v -1296.417652 22.089213 2251.338628
v -1402.474061 -6.780703 2378.698512
v -1542.72688 -66.302854 2248.413299
cstype bspline
deg 1
curv 0 5 14604 14605 14606 14607 14608
parm u 0 0 1 2 3 4
end
v -2468.045226 -969.061796 542.362185
v -2320.300228 -926.426799 470.100574
v -2357.864938 -1055.209739 317.31325
v -2505.609936 -1097.844736 389.574861
v -2468.045226 -969.061796 542.362185
cstype bspline
deg 1
curv 0 5 14609 14610 14611 14612 14613
parm u 0 0 1 2 3 4
end
v -2466.46514 -971.587514 544.102599
v -2318.720237 -928.952367 471.840884
v -2356.28505 -1057.735141 319.053446
v -2504.029954 -1100.370289 391.31516
v -2466.46514 -971.587514 544.102599
cstype bspline
deg 1
curv 0 5 14614 14615 14616 14617 14618
parm u 0 0 1 2 3 4
end
v -2393.269788 -938.830273 305.249654
v -2544.208445 -984.855943 375.491406
v -2576.989144 -1110.742704 222.563881
v -2426.050487 -1064.717034 152.32213
v -2393.269788 -938.830273 305.249654
cstype bspline
deg 1
curv 0 5 14619 14620 14621 14622 14623
parm u 0 0 1 2 3 4
end
v -2394.84946 -936.305198 303.509674
v -2545.788638 -982.330035 373.750852
v -2578.569323 -1108.216818 220.823342
v -2427.630146 -1062.191981 150.582164
v -2394.84946 -936.305198 303.509674
cstype bspline
deg 1
curv 0 5 14624 14625 14626 14627 14628
parm u 0 0 1 2 3 4
end
v -2225.371543 -1039.07389 615.469655
v -2373.310379 -1083.924817 682.645879
v -2404.884682 -1209.364081 529.360503
v -2256.945845 -1164.513154 462.184279
v -2225.371543 -1039.07389 615.469655
cstype bspline
deg 1
curv 0 5 14629 14630 14631 14632 14633
parm u 0 0 1 2 3 4
end
v -2226.932988 -1036.543373 613.720477
v -2374.871939 -1081.394115 680.896573
v -2406.446388 -1206.833141 527.611032
v -2258.507437 -1161.982399 460.434936
v -2226.932988 -1036.543373 613.720477
cstype bspline
deg 1
curv 0 5 14634 14635 14636 14637 14638
parm u 0 0 1 2 3 4
end
v -681.886583 3054.56828 1031.852062
v -679.155924 3213.991213 1091.416978
v -751.740158 3280.835371 915.838977
v -754.470817 3121.412438 856.274061
v -681.886583 3054.56828 1031.852062
cstype bspline
deg 1
curv 0 5 14639 14640 14641 14642 14643
parm u 0 0 1 2 3 4
end
v -678.66902 3054.955113 1030.669186
v -675.937874 3214.378104 1090.233923
v -748.522172 3281.222255 914.655946
v -751.253318 3121.799264 855.091209
v -678.66902 3054.955113 1030.669186
cstype bspline
deg 1
curv 0 5 14644 14645 14646 14647 14648
parm u 0 0 1 2 3 4
end
v -386.245016 3294.919299 799.130742
v -406.042333 3134.226003 740.945991
v -483.139094 3206.356005 567.971134
v -463.341777 3367.049302 626.155884
v -386.245016 3294.919299 799.130742
cstype bspline
deg 1
curv 0 5 14649 14650 14651 14652 14653
parm u 0 0 1 2 3 4
end
v -389.41103 3294.814259 800.498065
v -409.208236 3134.120966 742.313267
v -486.30491 3206.250972 569.338372
v -466.507704 3366.944265 627.52317
v -389.41103 3294.814259 800.498065
cstype bspline
deg 1
curv 0 5 14654 14655 14656 14657 14658
parm u 0 0 1 2 3 4
end
v 2817.102282 -190.126028 740.594256
v 2656.406232 -194.639985 687.46063
v 2714.456332 -128.738325 506.296648
v 2875.152382 -124.224367 559.430274
v 2817.102282 -190.126028 740.594256
cstype bspline
deg 1
curv 0 5 14659 14660 14661 14662 14663
parm u 0 0 1 2 3 4
end
v 2816.665107 -186.867299 741.639593
v 2655.969054 -191.381233 688.505974
v 2714.019162 -125.479626 507.341976
v 2874.715215 -120.965692 560.475594
v 2816.665107 -186.867299 741.639593
cstype bspline
deg 1
curv 0 5 14664 14665 14666 14667 14668
parm u 0 0 1 2 3 4
end
v -184.831108 3354.954689 480.164056
v -239.887421 3204.273212 427.956472
v -159.675864 3118.404141 591.203363
v -104.619551 3269.085619 643.410947
v -184.831108 3354.954689 480.164056
cstype bspline
deg 1
curv 0 5 14669 14670 14671 14672 14673
parm u 0 0 1 2 3 4
end
v -187.787473 3355.442673 481.873347
v -242.844171 3204.761259 429.665986
v -162.632842 3118.892226 592.913009
v -107.576144 3269.57364 645.120371
v -187.787473 3355.442673 481.873347
cstype bspline
deg 1
curv 0 5 14674 14675 14676 14677 14678
parm u 0 0 1 2 3 4
end
v 1070.660661 1403.105022 666.116816
v 1130.381296 1550.16474 722.095475
v 1068.957153 1639.807025 552.129267
v 1009.236518 1492.747306 496.150608
v 1070.660661 1403.105022 666.116816
cstype bspline
deg 1
curv 0 5 14679 14680 14681 14682 14683
parm u 0 0 1 2 3 4
end
v 1073.710256 1402.423028 664.655035
v 1133.430521 1549.48283 720.633871
v 1072.006577 1639.12507 550.667567
v 1012.286313 1492.065268 494.688731
v 1073.710256 1402.423028 664.655035
cstype bspline
deg 1
curv 0 5 14684 14685 14686 14687 14688
parm u 0 0 1 2 3 4
end
v 2808.012942 -487.411976 649.344229
v 2652.950892 -454.29543 596.683331
v 2726.63623 -383.157413 424.450143
v 2881.698281 -416.273959 477.111041
v 2808.012942 -487.411976 649.344229
cstype bspline
deg 1
curv 0 5 14689 14690 14691 14692 14693
parm u 0 0 1 2 3 4
end
v 2807.811213 -490.56406 647.956006
v 2652.749154 -457.447651 595.295048
v 2726.434499 -386.309513 423.061914
v 2881.496559 -419.425922 475.722872
v 2807.811213 -490.56406 647.956006
cstype bspline
deg 1
curv 0 5 14694 14695 14696 14697 14698
parm u 0 0 1 2 3 4
end
v 212.068772 -1323.941245 2389.819795
v 233.760503 -1457.088388 2489.293125
v 234.074479 -1337.227208 2649.661364
v 212.382749 -1204.080066 2550.188034
v 212.068772 -1323.941245 2389.819795
cstype bspline
deg 1
curv 0 5 14699 14700 14701 14702 14703
parm u 0 0 1 2 3 4
end
v 208.64805 -1324.295639 2390.091367
v 230.339609 -1457.4428 2489.564711
v 230.653427 -1337.581637 2649.932963
v 208.961868 -1204.434476 2550.459619
v 208.64805 -1324.295639 2390.091367
cstype bspline
deg 1
curv 0 5 14704 14705 14706 14707 14708
parm u 0 0 1 2 3 4
end
v -2205.464063 -803.251947 757.344222
v -2355.740056 -837.601231 839.361169
v -2430.339972 -919.471696 668.387134
v -2280.06398 -885.122412 586.370187
v -2205.464063 -803.251947 757.344222
cstype bspline
deg 1
curv 0 5 14709 14710 14711 14712 14713
parm u 0 0 1 2 3 4
end
v -2206.685104 -800.166122 756.399339
v -2356.96102 -834.515598 838.416344
v -2431.560727 -916.386591 667.442471
v -2281.284811 -882.037115 585.425466
v -2206.685104 -800.166122 756.399339
cstype bspline
deg 1
curv 0 5 14714 14715 14716 14717 14718
parm u 0 0 1 2 3 4
end
v -4.875451 -2493.471091 376.641724
v -28.619019 -2335.753878 322.533519
v -74.936076 -2405.135652 140.620854
v -51.192508 -2562.852865 194.72906
v -4.875451 -2493.471091 376.641724
cstype bspline
deg 1
curv 0 5 14719 14720 14721 14722 14723
parm u 0 0 1 2 3 4
end
v -1.554253 -2493.285488 375.725313
v -25.298084 -2335.56829 321.61718
v -71.615514 -2404.950085 139.704618
v -47.871683 -2562.667283 193.812751
v -1.554253 -2493.285488 375.725313
cstype bspline
deg 1
curv 0 5 14724 14725 14726 14727 14728
parm u 0 0 1 2 3 4
end
v 853.616879 1549.769358 613.591754
v 953.6772 1670.478352 669.892978
v 910.219746 1781.592432 508.899994
v 810.159424 1660.883438 452.598771
v 853.616879 1549.769358 613.591754
cstype bspline
deg 1
curv 0 5 14729 14730 14731 14732 14733
parm u 0 0 1 2 3 4
end
v 856.271949 1548.357307 611.900492
v 956.332335 1669.066266 668.201674
v 912.874887 1780.180343 507.208687
v 812.814501 1659.471383 450.907505
v 856.271949 1548.357307 611.900492
cstype bspline
deg 1
curv 0 5 14734 14735 14736 14737 14738
parm u 0 0 1 2 3 4
end
v -2359.063873 495.435107 1872.464599
v -2254.249907 575.297664 1769.387286
v -2171.168871 668.387936 1925.992844
v -2275.982836 588.525379 2029.070157
v -2359.063873 495.435107 1872.464599
cstype bspline
deg 1
curv 0 5 14739 14740 14741 14742 14743
parm u 0 0 1 2 3 4
end
v -2361.340497 498.007965 1872.143013
v -2256.526273 577.870231 1769.065736
v -2173.444919 670.960144 1925.671339
v -2278.259143 591.097879 2028.748615
v -2361.340497 498.007965 1872.143013
cstype bspline
deg 1
curv 0 5 14744 14745 14746 14747 14748
parm u 0 0 1 2 3 4
end
v -2198.318496 566.924501 1819.269078
v -2303.412427 486.885093 1922.907513
v -2220.210459 580.047939 2079.227134
v -2115.116528 660.087348 1975.588699
v -2198.318496 566.924501 1819.269078
cstype bspline
deg 1
curv 0 5 14749 14750 14751 14752 14753
parm u 0 0 1 2 3 4
end
v -2196.042571 564.352449 1819.590579
v -2301.136386 484.312911 1923.22903
v -2217.934169 577.475475 2079.548686
v -2112.840353 657.515014 1975.910235
v -2196.042571 564.352449 1819.590579
cstype bspline
deg 1
curv 0 5 14754 14755 14756 14757 14758
parm u 0 0 1 2 3 4
end
v 886.383419 748.123876 2060.22976
v 956.77496 867.437823 2154.125655
v 900.257721 770.129371 2320.145599
v 829.866179 650.815424 2226.249704
v 886.383419 748.123876 2060.22976
cstype bspline
deg 1
curv 0 5 14759 14760 14761 14762 14763
parm u 0 0 1 2 3 4
end
v 889.358557 746.377252 2060.218823
v 959.749845 865.691348 2154.114718
v 903.232899 768.382724 2320.134661
v 832.841611 649.068628 2226.238765
v 889.358557 746.377252 2060.218823
cstype bspline
deg 1
curv 0 5 14764 14765 14766 14767 14768
parm u 0 0 1 2 3 4
end
v 201.888905 -1475.093944 2471.607513
v 174.336531 -1338.555304 2378.901853
v 147.011698 -1453.613162 2217.56349
v 174.564071 -1590.151802 2310.26915
v 201.888905 -1475.093944 2471.607513
cstype bspline
deg 1
curv 0 5 14769 14770 14771 14772 14773
parm u 0 0 1 2 3 4
end
v 205.259213 -1474.896839 2470.896135
v 177.70649 -1338.358219 2378.190549
v 150.381403 -1453.416092 2216.852239
v 177.934126 -1589.954712 2309.557826
v 205.259213 -1474.896839 2470.896135
cstype bspline
deg 1
curv 0 5 14774 14775 14776 14777 14778
parm u 0 0 1 2 3 4
end
v 2812.19404 -655.70833 506.440117
v 2657.3695 -599.460798 455.264546
v 2739.803489 -527.259104 285.229564
v 2894.628029 -583.506636 336.405136
v 2812.19404 -655.70833 506.440117
cstype bspline
deg 1
curv 0 5 14779 14780 14781 14782 14783
parm u 0 0 1 2 3 4
end
v 2811.613796 -658.728076 504.876551
v 2656.789216 -602.480749 453.700874
v 2739.223116 -530.279518 283.665653
v 2894.047696 -586.526845 334.841331
v 2811.613796 -658.728076 504.876551
cstype bspline
deg 1
curv 0 5 14784 14785 14786 14787 14788
parm u 0 0 1 2 3 4
end
v -31.462326 3357.625342 317.147112
v -111.282925 3215.237487 266.030918
v -34.498955 3115.848495 422.983974
v 45.321644 3258.23635 474.100169
v -31.462326 3357.625342 317.147112
cstype bspline
deg 1
curv 0 5 14789 14790 14791 14792 14793
parm u 0 0 1 2 3 4
end
v -34.214355 3358.488536 319.040052
v -114.034848 3216.100647 267.923784
v -37.251106 3116.711726 424.876998
v 42.569387 3259.099615 475.993265
v -34.214355 3358.488536 319.040052
cstype bspline
deg 1
curv 0 5 14794 14795 14796 14797 14798
parm u 0 0 1 2 3 4
end
v -2334.634865 237.979651 1677.712546
v -2227.611129 321.869055 1579.543574
v -2132.061497 390.150487 1742.060984
v -2239.085232 306.261083 1840.229956
v -2334.634865 237.979651 1677.712546
cstype bspline
deg 1
curv 0 5 14799 14800 14801 14802 14803
parm u 0 0 1 2 3 4
end
v -2336.721006 240.726058 1677.785145
v -2229.697125 324.615271 1579.616167
v -2134.147997 392.897366 1742.133595
v -2241.171878 309.008153 1840.302573
v -2336.721006 240.726058 1677.785145
cstype bspline
deg 1
curv 0 5 14804 14805 14806 14807 14808
parm u 0 0 1 2 3 4
end
v -2069.203413 376.947821 1796.771374
v -2176.092826 293.125051 1896.282207
v -2272.462131 224.195542 1734.704616
v -2165.572718 308.018312 1635.193782
v -2069.203413 376.947821 1796.771374
cstype bspline
deg 1
curv 0 5 14809 14810 14811 14812 14813
parm u 0 0 1 2 3 4
end
v -2067.116807 374.200783 1796.698756
v -2174.006586 290.378494 1896.209603
v -2270.375997 221.449125 1734.632015
v -2163.486219 305.271415 1635.121169
v -2067.116807 374.200783 1796.698756
cstype bspline
deg 1
curv 0 5 14814 14815 14816 14817 14818
parm u 0 0 1 2 3 4
end
v 793.587399 1809.437093 697.386166
v 655.561306 1728.436315 648.578249
v 640.77949 1849.48897 489.483506
v 778.805583 1930.489748 538.291422
v 793.587399 1809.437093 697.386166
cstype bspline
deg 1
curv 0 5 14819 14820 14821 14822 14823
parm u 0 0 1 2 3 4
end
v 795.520633 1807.25263 695.544415
v 657.494789 1726.251571 646.736262
v 642.712809 1847.304411 487.641675
v 780.738653 1928.30547 536.449828
v 795.520633 1807.25263 695.544415
cstype bspline
deg 1
curv 0 5 14824 14825 14826 14827 14828
parm u 0 0 1 2 3 4
end
v -26.076754 -2441.648942 538.183579
v -49.769611 -2283.538963 484.341191
v -96.162469 -2352.503402 302.239561
v -72.469612 -2510.61338 356.081949
v -26.076754 -2441.648942 538.183579
cstype bspline
deg 1
curv 0 5 14829 14830 14831 14832 14833
parm u 0 0 1 2 3 4
end
v -29.397929 -2441.834534 539.099983
v -53.090001 -2283.724511 485.257379
v -99.483036 -2352.68896 303.155797
v -75.790964 -2510.798982 356.998401
v -29.397929 -2441.834534 539.099983
cstype bspline
deg 1
curv 0 5 14834 14835 14836 14837 14838
parm u 0 0 1 2 3 4
end
v -2080.287188 99.865523 1553.148189
v -2194.414293 19.440101 1648.81501
v -2284.510178 -49.701921 1483.207345
v -2170.383074 30.7235 1387.540524
v -2080.287188 99.865523 1553.148189
cstype bspline
deg 1
curv 0 5 14839 14840 14841 14842 14843
parm u 0 0 1 2 3 4
end
v -2078.264214 97.072727 1553.21365
v -2192.39096 16.646812 1648.880482
v -2282.486354 -52.495889 1483.272833
v -2168.359607 27.930026 1387.606001
v -2078.264214 97.072727 1553.21365
cstype bspline
deg 1
curv 0 5 14844 14845 14846 14847 14848
parm u 0 0 1 2 3 4
end
v -2384.628272 -276.924161 1155.360812
v -2259.197422 -205.130404 1066.656728
v -2171.172487 -147.895416 1237.45109
v -2296.603336 -219.689173 1326.155173
v -2384.628272 -276.924161 1155.360812
cstype bspline
deg 1
curv 0 5 14849 14850 14851 14852 14853
parm u 0 0 1 2 3 4
end
v -2386.387656 -273.958086 1155.273604
v -2260.956759 -202.164407 1066.569523
v -2172.931957 -144.929195 1237.363879
v -2298.362854 -216.722873 1326.067959
v -2386.387656 -273.958086 1155.273604
cstype bspline
deg 1
curv 0 5 14854 14855 14856 14857 14858
parm u 0 0 1 2 3 4
end
v -2343.999104 -43.39914 1413.202512
v -2229.486739 37.373794 1320.414048
v -2141.459541 105.0635 1487.974735
v -2255.971906 24.290567 1580.763199
v -2343.999104 -43.39914 1413.202512
cstype bspline
deg 1
curv 0 5 14859 14860 14861 14862 14863
parm u 0 0 1 2 3 4
end
v -2346.022964 -40.605096 1413.137019
v -2231.510057 40.167089 1320.348572
v -2143.483007 107.857001 1487.909254
v -2257.995915 27.084816 1580.697701
v -2346.022964 -40.605096 1413.137019
cstype bspline
deg 1
curv 0 5 14864 14865 14866 14867 14868
parm u 0 0 1 2 3 4
end
v -1054.48627 653.848145 2500.830586
v -1107.305427 647.788934 2659.54415
v -917.360472 635.804344 2722.299437
v -864.541315 641.863555 2563.585873
v -1054.48627 653.848145 2500.830586
cstype bspline
deg 1
curv 0 5 14869 14870 14871 14872 14873
parm u 0 0 1 2 3 4
end
v -1054.329729 657.28995 2501.014079
v -1107.148884 651.230799 2659.727646
v -917.203937 639.246004 2722.482922
v -864.384783 645.305155 2563.769355
v -1054.329729 657.28995 2501.014079
cstype bspline
deg 1
curv 0 5 14874 14875 14876 14877 14878
parm u 0 0 1 2 3 4
end
v -2114.047077 -157.034625 1307.259754
v -2237.488649 -227.585528 1398.119691
v -2328.884276 -286.800481 1227.971121
v -2205.442704 -216.249577 1137.111184
v -2114.047077 -157.034625 1307.259754
cstype bspline
deg 1
curv 0 5 14879 14880 14881 14882 14883
parm u 0 0 1 2 3 4
end
v -2112.287687 -160.000698 1307.346939
v -2235.729107 -230.551858 1398.206884
v -2327.124866 -289.766588 1228.058308
v -2203.683446 -219.215428 1137.198363
v -2112.287687 -160.000698 1307.346939
cstype bspline
deg 1
curv 0 5 14884 14885 14886 14887 14888
parm u 0 0 1 2 3 4
end
v 455.1711 1498.031414 1411.063929
v 580.163834 1585.644148 1484.53638
v 512.702043 1529.761683 1665.941094
v 387.70931 1442.14895 1592.468643
v 455.1711 1498.031414 1411.063929
cstype bspline
deg 1
curv 0 5 14889 14890 14891 14892 14893
parm u 0 0 1 2 3 4
end
v 453.149214 1500.824843 1411.17255
v 578.141882 1588.437668 1484.645005
v 510.680228 1532.555015 1666.049712
v 385.68756 1444.94219 1592.577257
v 453.149214 1500.824843 1411.17255
cstype bspline
deg 1
curv 0 5 14894 14895 14896 14897 14898
parm u 0 0 1 2 3 4
end
v -243.606897 -2317.860423 446.811126
v -229.668454 -2475.740667 501.214875
v -250.923036 -2412.493079 690.205537
v -264.86148 -2254.612835 635.801788
v -243.606897 -2317.860423 446.811126
cstype bspline
deg 1
curv 0 5 14899 14900 14901 14902 14903
parm u 0 0 1 2 3 4
end
v -247.024673 -2318.249713 446.557019
v -233.08671 -2476.130012 500.960732
v -254.341923 -2412.882496 689.951347
v -268.279887 -2255.002196 635.547634
v -247.024673 -2318.249713 446.557019
cstype bspline
deg 1
curv 0 5 14904 14905 14906 14907 14908
parm u 0 0 1 2 3 4
end
v 188.454041 3145.97322 454.671232
v 67.772241 3034.877776 414.258571
v 124.359185 2918.054982 566.425389
v 245.040985 3029.150425 606.838049
v 188.454041 3145.97322 454.671232
cstype bspline
deg 1
curv 0 5 14909 14910 14911 14912 14913
parm u 0 0 1 2 3 4
end
v 186.245909 3147.614739 456.752611
v 65.564476 3036.519023 416.339605
v 122.151151 2919.696428 568.506675
v 242.832585 3030.792144 608.919681
v 186.245909 3147.614739 456.752611
cstype bspline
deg 1
curv 0 5 14914 14915 14916 14917 14918
parm u 0 0 1 2 3 4
end
v -2439.668898 -485.109539 901.281403
v -2303.361382 -425.700859 818.380535
v -2222.792013 -367.867422 992.299325
v -2359.099529 -427.276103 1075.200193
v -2439.668898 -485.109539 901.281403
cstype bspline
deg 1
curv 0 5 14919 14920 14921 14922 14923
parm u 0 0 1 2 3 4
end
v -2441.2 -482.033945 900.967966
v -2304.892428 -422.625377 818.06711
v -2224.323081 -364.791897 991.985896
v -2360.630653 -424.200464 1074.886752
v -2441.2 -482.033945 900.967966
cstype bspline
deg 1
curv 0 5 14924 14925 14926 14927 14928
parm u 0 0 1 2 3 4
end
v -2169.748106 -378.112958 1069.938578
v -2303.503679 -436.073727 1154.573607
v -2387.741933 -495.741124 980.582952
v -2253.986359 -437.780355 895.947923
v -2169.748106 -378.112958 1069.938578
cstype bspline
deg 1
curv 0 5 14929 14930 14931 14932 14933
parm u 0 0 1 2 3 4
end
v -2168.216991 -381.188582 1070.252023
v -2301.972413 -439.149655 1154.887083
v -2386.210607 -498.817171 980.89644
v -2252.455185 -440.856099 896.26138
v -2168.216991 -381.188582 1070.252023
cstype bspline
deg 1
curv 0 5 14934 14935 14936 14937 14938
parm u 0 0 1 2 3 4
end
v -2305.529025 -632.063492 670.014994
v -2451.707939 -679.215185 746.523703
v -2516.545234 -757.880966 574.163323
v -2370.36632 -710.729273 497.654614
v -2305.529025 -632.063492 670.014994
cstype bspline
deg 1
curv 0 5 14939 14940 14941 14942 14943
parm u 0 0 1 2 3 4
end
v -2306.949477 -629.035372 669.167273
v -2453.128262 -676.187341 745.676059
v -2517.96527 -754.853734 573.31585
v -2371.786485 -707.701765 496.807064
v -2306.949477 -629.035372 669.167273
cstype bspline
deg 1
curv 0 5 14944 14945 14946 14947 14948
parm u 0 0 1 2 3 4
end
v -2250.779166 -639.584054 771.170891
v -2394.141746 -685.261012 848.23026
v -2461.624612 -765.352913 675.20948
v -2318.262032 -719.675955 598.15011
v -2250.779166 -639.584054 771.170891
cstype bspline
deg 1
curv 0 5 14949 14950 14951 14952 14953
parm u 0 0 1 2 3 4
end
v -2249.358906 -642.611777 772.018502
v -2392.721656 -688.288374 849.07777
v -2460.204352 -768.380638 676.057091
v -2316.841601 -722.704041 598.997823
v -2249.358906 -642.611777 772.018502
cstype bspline
deg 1
curv 0 5 14954 14955 14956 14957 14958
parm u 0 0 1 2 3 4
end
v 462.741188 -1531.726102 2277.367842
v 421.145057 -1389.775805 2190.405329
v 574.961162 -1422.803494 2062.919994
v 616.557294 -1564.75379 2149.882507
v 462.741188 -1531.726102 2277.367842
cstype bspline
deg 1
curv 0 5 14959 14960 14961 14962 14963
parm u 0 0 1 2 3 4
end
v 464.823326 -1529.871325 2279.399497
v 423.227283 -1387.920948 2192.437071
v 577.04321 -1420.948796 2064.951562
v 618.639252 -1562.899172 2151.913988
v 464.823326 -1529.871325 2279.399497
cstype bspline
deg 1
curv 0 5 14964 14965 14966 14967 14968
parm u 0 0 1 2 3 4
end
v 437.803541 -1718.624555 1974.030178
v 398.402446 -1574.66284 1892.997066
v 219.080164 -1571.901464 1985.095548
v 258.481259 -1715.863179 2066.128661
v 437.803541 -1718.624555 1974.030178
cstype bspline
deg 1
curv 0 5 14969 14970 14971 14972 14973
parm u 0 0 1 2 3 4
end
v 439.162037 -1716.794761 1976.620407
v 399.76096 -1572.833023 1895.587327
v 220.438652 -1570.07168 1987.685762
v 259.83973 -1714.033418 2068.718842
v 439.162037 -1716.794761 1976.620407
cstype bspline
deg 1
curv 0 5 14974 14975 14976 14977 14978
parm u 0 0 1 2 3 4
end
v 73.476872 -2317.186373 814.83235
v 39.335858 -2162.010838 754.927164
v -4.416537 -2241.195925 574.745147
v 29.724477 -2396.37146 634.650333
v 73.476872 -2317.186373 814.83235
cstype bspline
deg 1
curv 0 5 14979 14980 14981 14982 14983
parm u 0 0 1 2 3 4
end
v 76.772486 -2316.830588 813.875739
v 42.631625 -2161.655036 753.970509
v -1.120823 -2240.840129 573.788507
v 33.020038 -2396.015681 633.693737
v 76.772486 -2316.830588 813.875739
cstype bspline
deg 1
curv 0 5 14984 14985 14986 14987 14988
parm u 0 0 1 2 3 4
end
v 901.012618 748.365988 2049.306328
v 962.513154 875.722746 2138.331382
v 1025.349083 963.642899 1969.146773
v 963.848547 836.286141 1880.121719
v 901.012618 748.365988 2049.306328
cstype bspline
deg 1
curv 0 5 14989 14990 14991 14992 14993
parm u 0 0 1 2 3 4
end
v 904.033093 746.720838 2049.573211
v 965.533862 874.07747 2138.598285
v 1028.369749 961.997646 1969.413672
v 966.86898 834.641014 1880.388598
v 904.033093 746.720838 2049.573211
cstype bspline
deg 1
curv 0 5 14994 14995 14996 14997 14998
parm u 0 0 1 2 3 4
end
v -31.019147 3094.090429 473.565069
v 71.802818 3218.947956 521.195162
v 135.354505 3107.412264 676.381953
v 32.53254 2982.554738 628.751859
v -31.019147 3094.090429 473.565069
cstype bspline
deg 1
curv 0 5 14999 15000 15001 15002 15003
parm u 0 0 1 2 3 4
end
v -28.510728 3092.77676 471.593679
v 74.3109 3217.634463 519.224038
v 137.862229 3106.098959 674.411109
v 35.040602 2981.241255 626.780751
v -28.510728 3092.77676 471.593679
cstype bspline
deg 1
curv 0 5 15004 15005 15006 15007 15008
parm u 0 0 1 2 3 4
end
v 351.025237 1263.282578 1861.287922
v 458.27041 1363.599175 1942.801936
v 492.802209 1464.590085 1773.083473
v 385.557036 1364.273489 1691.569459
v 351.025237 1263.282578 1861.287922
cstype bspline
deg 1
curv 0 5 15009 15010 15011 15012 15013
parm u 0 0 1 2 3 4
end
v 353.613326 1261.12911 1860.533079
v 460.858235 1361.445927 1942.04717
v 495.38974 1462.437082 1772.328793
v 388.144831 1362.120265 1690.814702
v 353.613326 1261.12911 1860.533079
cstype bspline
deg 1
curv 0 5 15014 15015 15016 15017 15018
parm u 0 0 1 2 3 4
end
v 2516.896905 -646.361042 729.233952
v 2658.32768 -724.168612 790.496427
v 2752.033477 -694.047899 612.422261
v 2610.602703 -616.24033 551.159787
v 2516.896905 -646.361042 729.233952
cstype bspline
deg 1
curv 0 5 15019 15020 15021 15022 15023
parm u 0 0 1 2 3 4
end
v 2515.717216 -649.398698 728.099358
v 2657.148022 -727.206188 789.361863
v 2750.854003 -697.085003 611.287873
v 2609.423197 -619.277514 550.025369
v 2515.717216 -649.398698 728.099358
cstype bspline
deg 1
curv 0 5 15024 15025 15026 15027 15028
parm u 0 0 1 2 3 4
end
v -394.424664 -2592.913932 182.104088
v -395.137905 -2430.845487 130.908829
v -455.094925 -2373.491996 313.307649
v -454.381685 -2535.560441 364.502908
v -394.424664 -2592.913932 182.104088
cstype bspline
deg 1
curv 0 5 15029 15030 15031 15032 15033
parm u 0 0 1 2 3 4
end
v -391.13272 -2592.589811 183.084282
v -391.846112 -2430.521381 131.888977
v -451.803267 -2373.167904 314.287757
v -451.089874 -2535.236333 365.483062
v -391.13272 -2592.589811 183.084282
cstype bspline
deg 1
curv 0 5 15034 15035 15036 15037 15038
parm u 0 0 1 2 3 4
end
v -599.407146 -2409.348662 726.33748
v -591.279602 -2250.835974 675.46402
v -511.05972 -2310.555896 502.203248
v -519.187263 -2469.068585 553.076708
v -599.407146 -2409.348662 726.33748
cstype bspline
deg 1
curv 0 5 15039 15040 15041 15042 15043
parm u 0 0 1 2 3 4
end
v -596.250787 -2409.07207 727.703532
v -588.123486 -2250.559403 676.829968
v -507.903985 -2310.279359 503.569031
v -516.031285 -2468.792026 554.442595
v -596.250787 -2409.07207 727.703532
cstype bspline
deg 1
curv 0 5 15044 15045 15046 15047 15048
parm u 0 0 1 2 3 4
end
v -678.510919 -2481.954553 474.741439
v -655.116408 -2319.395691 430.156834
v -736.052143 -2259.811146 604.937876
v -759.446654 -2422.370008 649.522481
v -678.510919 -2481.954553 474.741439
cstype bspline
deg 1
curv 0 5 15049 15050 15051 15052 15053
parm u 0 0 1 2 3 4
end
v -681.634606 -2481.906259 473.278483
v -658.240421 -2319.347392 428.693725
v -739.176548 -2259.762841 603.474583
v -762.570734 -2422.321708 648.059341
v -681.634606 -2481.906259 473.278483
cstype bspline
deg 1
curv 0 5 15054 15055 15056 15057 15058
parm u 0 0 1 2 3 4
end
v -1292.425888 -280.067458 2200.835574
v -1402.375657 -301.380899 2324.386646
v -1252.083354 -312.412267 2456.230809
v -1142.133585 -291.098827 2332.679737
v -1292.425888 -280.067458 2200.835574
cstype bspline
deg 1
curv 0 5 15059 15060 15061 15062 15063
parm u 0 0 1 2 3 4
end
v -1292.575373 -276.651687 2201.291764
v -1402.525182 -297.964206 2324.842959
v -1252.232894 -308.995237 2456.687167
v -1142.283085 -287.682718 2333.135972
v -1292.575373 -276.651687 2201.291764
cstype bspline
deg 1
curv 0 5 15064 15065 15066 15067 15068
parm u 0 0 1 2 3 4
end
v -444.12779 -2489.850526 517.019258
v -446.301248 -2325.441631 469.9532
v -385.542214 -2378.073058 283.297846
v -383.368756 -2542.481952 330.363904
v -444.12779 -2489.850526 517.019258
cstype bspline
deg 1
curv 0 5 15069 15070 15071 15072 15073
parm u 0 0 1 2 3 4
end
v -447.420313 -2490.174692 516.038886
v -449.593027 -2325.765724 468.973048
v -388.833288 -2378.397081 282.317905
v -386.660574 -2542.806049 329.383742
v -447.420313 -2490.174692 516.038886
cstype bspline
deg 1
curv 0 5 15074 15075 15076 15077 15078
parm u 0 0 1 2 3 4
end
v 1139.521714 1481.756461 389.26672
v 1190.44536 1632.079289 444.965885
v 1253.105716 1547.728618 615.326386
v 1202.182069 1397.40579 559.627221
v 1139.521714 1481.756461 389.26672
cstype bspline
deg 1
curv 0 5 15079 15080 15081 15082 15083
parm u 0 0 1 2 3 4
end
v 1136.416278 1482.287769 390.67199
v 1187.339918 1632.610598 446.371157
v 1249.999895 1548.259992 616.731829
v 1199.076255 1397.937163 561.032662
v 1136.416278 1482.287769 390.67199
cstype bspline
deg 1
curv 0 5 15084 15085 15086 15087 15088
parm u 0 0 1 2 3 4
end
v -1432.701458 479.376527 2480.610107
v -1357.301512 523.343575 2333.218279
v -1409.48358 346.014009 2253.626468
v -1484.883525 302.046961 2401.018297
v -1432.701458 479.376527 2480.610107
cstype bspline
deg 1
curv 0 5 15089 15090 15091 15092 15093
parm u 0 0 1 2 3 4
end
v -1429.735652 478.006268 2481.718562
v -1354.335263 521.973111 2334.326899
v -1406.517716 344.643724 2254.734944
v -1481.918105 300.676881 2402.126607
v -1429.735652 478.006268 2481.718562
cstype bspline
deg 1
curv 0 5 15094 15095 15096 15097 15098
parm u 0 0 1 2 3 4
end
v 605.257968 1382.652657 1712.916126
v 493.732601 1275.739291 1617.820639
v 526.944097 1391.611775 1448.598712
v 638.469464 1498.52514 1543.6942
v 605.257968 1382.652657 1712.916126
cstype bspline
deg 1
curv 0 5 15099 15100 15101 15102 15103
parm u 0 0 1 2 3 4
end
v 602.592978 1384.669493 1713.774084
v 491.067436 1277.75626 1618.678653
v 524.279427 1393.62837 1449.456568
v 635.804969 1500.541603 1544.551999
v 602.592978 1384.669493 1713.774084
cstype bspline
deg 1
curv 0 5 15104 15105 15106 15107 15108
parm u 0 0 1 2 3 4
end
v 989.27999 1644.973581 142.989892
v 1072.957129 1785.499137 202.169107
v 1126.28901 1684.572954 366.416785
v 1042.611871 1544.047399 307.23757
v 989.27999 1644.973581 142.989892
cstype bspline
deg 1
curv 0 5 15109 15110 15111 15112 15113
parm u 0 0 1 2 3 4
end
v 992.161132 1643.923645 141.409217
v 1075.838357 1784.449169 200.588385
v 1129.170096 1683.523038 364.836141
v 1045.492871 1542.997514 305.656973
v 992.161132 1643.923645 141.409217
cstype bspline
deg 1
curv 0 5 15114 15115 15116 15117 15118
parm u 0 0 1 2 3 4
end
v 958.343611 1383.541717 807.727881
v 1043.328115 1523.076782 868.479579
v 953.917622 1637.433719 730.8983
v 868.933119 1497.898653 670.146602
v 958.343611 1383.541717 807.727881
cstype bspline
deg 1
curv 0 5 15119 15120 15121 15122 15123
parm u 0 0 1 2 3 4
end
v 955.756043 1384.161323 809.924495
v 1040.740906 1523.696303 870.675888
v 951.330213 1638.053287 733.094779
v 866.34535 1498.518308 672.343386
v 955.756043 1384.161323 809.924495
cstype bspline
deg 1
curv 0 5 15124 15125 15126 15127 15128
parm u 0 0 1 2 3 4
end
v 1043.50707 1740.03793 356.815799
v 959.087187 1599.43945 296.329872
v 1011.982586 1496.901763 460.851106
v 1096.402469 1637.500244 521.337033
v 1043.50707 1740.03793 356.815799
cstype bspline
deg 1
curv 0 5 15129 15130 15131 15132 15133
parm u 0 0 1 2 3 4
end
v 1040.626156 1741.087775 358.396355
v 956.205884 1600.489437 297.91064
v 1009.101071 1497.951828 462.431991
v 1093.521342 1638.550167 522.917706
v 1040.626156 1741.087775 358.396355
cstype bspline
deg 1
curv 0 5 15134 15135 15136 15137 15138
parm u 0 0 1 2 3 4
end
v 651.593933 1704.088728 667.412506
v 776.561395 1812.146096 725.637932
v 829.592416 1676.79929 863.001762
v 704.624955 1568.741922 804.776336
v 651.593933 1704.088728 667.412506
cstype bspline
deg 1
curv 0 5 15139 15140 15141 15142 15143
parm u 0 0 1 2 3 4
end
v 653.831633 1702.702381 665.182625
v 778.799285 1810.759632 723.407861
v 831.830283 1675.41284 860.771715
v 706.862632 1567.355589 802.546478
v 653.831633 1702.702381 665.182625
cstype bspline
deg 1
curv 0 5 15144 15145 15146 15147 15148
parm u 0 0 1 2 3 4
end
v 806.940391 1778.627534 159.329331
v 939.721798 1886.632276 214.868256
v 815.070709 1972.73347 345.443517
v 682.289303 1864.728728 289.904592
v 806.940391 1778.627534 159.329331
cstype bspline
deg 1
curv 0 5 15149 15150 15151 15152 15153
parm u 0 0 1 2 3 4
end
v 806.046961 1780.953011 156.943016
v 938.82823 1888.958109 212.481575
v 814.177112 1975.059381 343.056756
v 681.395843 1867.054283 287.518197
v 806.046961 1780.953011 156.943016
cstype bspline
deg 1
curv 0 5 15154 15155 15156 15157 15158
parm u 0 0 1 2 3 4
end
v 790.613814 1722.959023 310.193358
v 921.650245 1832.691234 368.068722
v 794.142865 1916.631759 497.607995
v 663.106435 1806.899548 439.732631
v 790.613814 1722.959023 310.193358
cstype bspline
deg 1
curv 0 5 15159 15160 15161 15162 15163
parm u 0 0 1 2 3 4
end
v 791.507478 1720.632933 312.580311
v 922.543813 1830.36539 370.455422
v 795.036259 1914.30637 499.994228
v 663.999923 1804.573913 442.119117
v 791.507478 1720.632933 312.580311
cstype bspline
deg 1
curv 0 5 15164 15165 15166 15167 15168
parm u 0 0 1 2 3 4
end
